year,scale,entity,metric,index,factor,variance_share,ci_low,ci_high,ci_type,mean,sd,n_draws,design
2026,block_group,361090001001,annual_mwh_home,first_order,stock,0.0,0.0,0.0,bootstrap_95_bias_shifted,32.02064,16.82147,8192,M2×UP16×TH16×UB16
2026,block_group,361090001001,annual_mwh_home,total_effect,stock,0.0,0.0,0.0,bootstrap_95_bias_shifted,32.02064,16.82147,8192,M2×UP16×TH16×UB16
2026,block_group,361090001001,annual_mwh_home,first_order,placement,0.49559,0.3908,0.6011,bootstrap_95_bias_shifted,32.02064,16.82147,8192,M2×UP16×TH16×UB16
2026,block_group,361090001001,annual_mwh_home,total_effect,placement,0.73926,0.65972,0.82308,bootstrap_95_bias_shifted,32.02064,16.82147,8192,M2×UP16×TH16×UB16
2026,block_group,361090001001,annual_mwh_home,first_order,behaviour,0.26074,0.17692,0.34028,bootstrap_95_bias_shifted,32.02064,16.82147,8192,M2×UP16×TH16×UB16
2026,block_group,361090001001,annual_mwh_home,total_effect,behaviour,0.50441,0.3989,0.6092,bootstrap_95_bias_shifted,32.02064,16.82147,8192,M2×UP16×TH16×UB16
2026,block_group,361090001001,annual_mwh_home,first_order,interaction,0.24367,0.20284,0.28947,bootstrap_95_bias_shifted,32.02064,16.82147,8192,M2×UP16×TH16×UB16
2026,block_group,361090001001,annual_mwh_home,first_order,placement:weighting,0.24872,0.17325,0.35089,bootstrap_95_bias_shifted,32.02064,16.82147,8192,M2×UP16×TH16×UB16
2026,block_group,361090001001,annual_mwh_home,first_order,placement:sampling,0.2349,0.1154,0.38742,bootstrap_95_bias_shifted,32.02064,16.82147,8192,M2×UP16×TH16×UB16
2026,block_group,361090001001,annual_mwh_home,first_order,placement:weighting_x_sampling,0.01197,0.00352,0.02151,bootstrap_95_bias_shifted,32.02064,16.82147,8192,M2×UP16×TH16×UB16
2026,block_group,361090001001,annual_mwh_home,first_order,behaviour:parameters,0.2536,0.16775,0.33747,bootstrap_95_bias_shifted,32.02064,16.82147,8192,M2×UP16×TH16×UB16
2026,block_group,361090001001,annual_mwh_home,first_order,behaviour:stochastic,0.00635,-0.00628,0.02783,bootstrap_95_bias_shifted,32.02064,16.82147,8192,M2×UP16×TH16×UB16
2026,block_group,361090001001,annual_mwh_home,first_order,behaviour:parameters_x_stochastic,0.00079,-0.00221,0.00513,bootstrap_95_bias_shifted,32.02064,16.82147,8192,M2×UP16×TH16×UB16
2026,block_group,361090001002,annual_mwh_home,first_order,stock,0.0,0.0,0.0,bootstrap_95_bias_shifted,28.23198,14.21041,8192,M2×UP16×TH16×UB16
2026,block_group,361090001002,annual_mwh_home,total_effect,stock,0.0,0.0,0.0,bootstrap_95_bias_shifted,28.23198,14.21041,8192,M2×UP16×TH16×UB16
2026,block_group,361090001002,annual_mwh_home,first_order,placement,0.61827,0.55176,0.68867,bootstrap_95_bias_shifted,28.23198,14.21041,8192,M2×UP16×TH16×UB16
2026,block_group,361090001002,annual_mwh_home,total_effect,placement,0.86405,0.80883,0.91072,bootstrap_95_bias_shifted,28.23198,14.21041,8192,M2×UP16×TH16×UB16
2026,block_group,361090001002,annual_mwh_home,first_order,behaviour,0.13595,0.08928,0.19117,bootstrap_95_bias_shifted,28.23198,14.21041,8192,M2×UP16×TH16×UB16
2026,block_group,361090001002,annual_mwh_home,total_effect,behaviour,0.38173,0.31133,0.44824,bootstrap_95_bias_shifted,28.23198,14.21041,8192,M2×UP16×TH16×UB16
2026,block_group,361090001002,annual_mwh_home,first_order,interaction,0.24578,0.20147,0.29306,bootstrap_95_bias_shifted,28.23198,14.21041,8192,M2×UP16×TH16×UB16
2026,block_group,361090001002,annual_mwh_home,first_order,placement:weighting,0.42818,0.33327,0.50998,bootstrap_95_bias_shifted,28.23198,14.21041,8192,M2×UP16×TH16×UB16
2026,block_group,361090001002,annual_mwh_home,first_order,placement:sampling,0.14333,0.06982,0.21493,bootstrap_95_bias_shifted,28.23198,14.21041,8192,M2×UP16×TH16×UB16
2026,block_group,361090001002,annual_mwh_home,first_order,placement:weighting_x_sampling,0.04676,0.0226,0.0787,bootstrap_95_bias_shifted,28.23198,14.21041,8192,M2×UP16×TH16×UB16
2026,block_group,361090001002,annual_mwh_home,first_order,behaviour:parameters,0.13029,0.08588,0.18433,bootstrap_95_bias_shifted,28.23198,14.21041,8192,M2×UP16×TH16×UB16
2026,block_group,361090001002,annual_mwh_home,first_order,behaviour:stochastic,0.0048,-0.00652,0.02219,bootstrap_95_bias_shifted,28.23198,14.21041,8192,M2×UP16×TH16×UB16
2026,block_group,361090001002,annual_mwh_home,first_order,behaviour:parameters_x_stochastic,0.00085,-0.00225,0.00619,bootstrap_95_bias_shifted,28.23198,14.21041,8192,M2×UP16×TH16×UB16
2026,block_group,361090002011,annual_mwh_home,first_order,stock,0.0,0.0,0.0,bootstrap_95_bias_shifted,28.3533,10.99789,8192,M2×UP16×TH16×UB16
2026,block_group,361090002011,annual_mwh_home,total_effect,stock,0.0,0.0,0.0,bootstrap_95_bias_shifted,28.3533,10.99789,8192,M2×UP16×TH16×UB16
2026,block_group,361090002011,annual_mwh_home,first_order,placement,0.42785,0.2789,0.57823,bootstrap_95_bias_shifted,28.3533,10.99789,8192,M2×UP16×TH16×UB16
2026,block_group,361090002011,annual_mwh_home,total_effect,placement,0.82552,0.74479,0.89523,bootstrap_95_bias_shifted,28.3533,10.99789,8192,M2×UP16×TH16×UB16
2026,block_group,361090002011,annual_mwh_home,first_order,behaviour,0.17448,0.10477,0.25521,bootstrap_95_bias_shifted,28.3533,10.99789,8192,M2×UP16×TH16×UB16
2026,block_group,361090002011,annual_mwh_home,total_effect,behaviour,0.57215,0.42177,0.7211,bootstrap_95_bias_shifted,28.3533,10.99789,8192,M2×UP16×TH16×UB16
2026,block_group,361090002011,annual_mwh_home,first_order,interaction,0.39767,0.29123,0.5114,bootstrap_95_bias_shifted,28.3533,10.99789,8192,M2×UP16×TH16×UB16
2026,block_group,361090002011,annual_mwh_home,first_order,placement:weighting,0.08491,0.05235,0.13437,bootstrap_95_bias_shifted,28.3533,10.99789,8192,M2×UP16×TH16×UB16
2026,block_group,361090002011,annual_mwh_home,first_order,placement:sampling,0.32843,0.15599,0.49982,bootstrap_95_bias_shifted,28.3533,10.99789,8192,M2×UP16×TH16×UB16
2026,block_group,361090002011,annual_mwh_home,first_order,placement:weighting_x_sampling,0.01451,0.00533,0.02713,bootstrap_95_bias_shifted,28.3533,10.99789,8192,M2×UP16×TH16×UB16
2026,block_group,361090002011,annual_mwh_home,first_order,behaviour:parameters,0.18236,0.10811,0.25957,bootstrap_95_bias_shifted,28.3533,10.99789,8192,M2×UP16×TH16×UB16
2026,block_group,361090002011,annual_mwh_home,first_order,behaviour:stochastic,-0.00713,-0.02663,0.02815,bootstrap_95_bias_shifted,28.3533,10.99789,8192,M2×UP16×TH16×UB16
2026,block_group,361090002011,annual_mwh_home,first_order,behaviour:parameters_x_stochastic,-0.00074,-0.00537,0.01012,bootstrap_95_bias_shifted,28.3533,10.99789,8192,M2×UP16×TH16×UB16
2026,block_group,361090002012,annual_mwh_home,first_order,stock,0.0,0.0,0.0,bootstrap_95_bias_shifted,2.00943,2.78264,8192,M2×UP16×TH16×UB16
2026,block_group,361090002012,annual_mwh_home,total_effect,stock,0.0,0.0,0.0,bootstrap_95_bias_shifted,2.00943,2.78264,8192,M2×UP16×TH16×UB16
2026,block_group,361090002012,annual_mwh_home,first_order,placement,0.38382,0.20919,0.5236,bootstrap_95_bias_shifted,2.00943,2.78264,8192,M2×UP16×TH16×UB16
2026,block_group,361090002012,annual_mwh_home,total_effect,placement,0.9496,0.89727,0.9904,bootstrap_95_bias_shifted,2.00943,2.78264,8192,M2×UP16×TH16×UB16
2026,block_group,361090002012,annual_mwh_home,first_order,behaviour,0.0504,0.0096,0.10273,bootstrap_95_bias_shifted,2.00943,2.78264,8192,M2×UP16×TH16×UB16
2026,block_group,361090002012,annual_mwh_home,total_effect,behaviour,0.61618,0.4764,0.79081,bootstrap_95_bias_shifted,2.00943,2.78264,8192,M2×UP16×TH16×UB16
2026,block_group,361090002012,annual_mwh_home,first_order,interaction,0.56579,0.43849,0.72528,bootstrap_95_bias_shifted,2.00943,2.78264,8192,M2×UP16×TH16×UB16
2026,block_group,361090002012,annual_mwh_home,first_order,placement:weighting,0.01703,-0.00534,0.06017,bootstrap_95_bias_shifted,2.00943,2.78264,8192,M2×UP16×TH16×UB16
2026,block_group,361090002012,annual_mwh_home,first_order,placement:sampling,0.32942,0.11553,0.4947,bootstrap_95_bias_shifted,2.00943,2.78264,8192,M2×UP16×TH16×UB16
2026,block_group,361090002012,annual_mwh_home,first_order,placement:weighting_x_sampling,0.03737,0.00724,0.09261,bootstrap_95_bias_shifted,2.00943,2.78264,8192,M2×UP16×TH16×UB16
2026,block_group,361090002012,annual_mwh_home,first_order,behaviour:parameters,0.05257,0.0269,0.09272,bootstrap_95_bias_shifted,2.00943,2.78264,8192,M2×UP16×TH16×UB16
2026,block_group,361090002012,annual_mwh_home,first_order,behaviour:stochastic,-0.00567,-0.03054,0.03723,bootstrap_95_bias_shifted,2.00943,2.78264,8192,M2×UP16×TH16×UB16
2026,block_group,361090002012,annual_mwh_home,first_order,behaviour:parameters_x_stochastic,0.00349,-0.00515,0.01567,bootstrap_95_bias_shifted,2.00943,2.78264,8192,M2×UP16×TH16×UB16
2026,block_group,361090002021,annual_mwh_home,first_order,stock,0.0,0.0,0.0,bootstrap_95_bias_shifted,44.39209,13.93756,8192,M2×UP16×TH16×UB16
2026,block_group,361090002021,annual_mwh_home,total_effect,stock,0.0,0.0,0.0,bootstrap_95_bias_shifted,44.39209,13.93756,8192,M2×UP16×TH16×UB16
2026,block_group,361090002021,annual_mwh_home,first_order,placement,0.47812,0.34581,0.59135,bootstrap_95_bias_shifted,44.39209,13.93756,8192,M2×UP16×TH16×UB16
2026,block_group,361090002021,annual_mwh_home,total_effect,placement,0.80658,0.72114,0.89051,bootstrap_95_bias_shifted,44.39209,13.93756,8192,M2×UP16×TH16×UB16
2026,block_group,361090002021,annual_mwh_home,first_order,behaviour,0.19342,0.10949,0.27886,bootstrap_95_bias_shifted,44.39209,13.93756,8192,M2×UP16×TH16×UB16
2026,block_group,361090002021,annual_mwh_home,total_effect,behaviour,0.52188,0.40865,0.65419,bootstrap_95_bias_shifted,44.39209,13.93756,8192,M2×UP16×TH16×UB16
2026,block_group,361090002021,annual_mwh_home,first_order,interaction,0.32846,0.26103,0.42152,bootstrap_95_bias_shifted,44.39209,13.93756,8192,M2×UP16×TH16×UB16
2026,block_group,361090002021,annual_mwh_home,first_order,placement:weighting,0.11149,0.04037,0.19647,bootstrap_95_bias_shifted,44.39209,13.93756,8192,M2×UP16×TH16×UB16
2026,block_group,361090002021,annual_mwh_home,first_order,placement:sampling,0.30939,0.19616,0.42494,bootstrap_95_bias_shifted,44.39209,13.93756,8192,M2×UP16×TH16×UB16
2026,block_group,361090002021,annual_mwh_home,first_order,placement:weighting_x_sampling,0.05724,0.02548,0.10047,bootstrap_95_bias_shifted,44.39209,13.93756,8192,M2×UP16×TH16×UB16
2026,block_group,361090002021,annual_mwh_home,first_order,behaviour:parameters,0.19521,0.11341,0.27603,bootstrap_95_bias_shifted,44.39209,13.93756,8192,M2×UP16×TH16×UB16
2026,block_group,361090002021,annual_mwh_home,first_order,behaviour:stochastic,-0.00317,-0.01929,0.02351,bootstrap_95_bias_shifted,44.39209,13.93756,8192,M2×UP16×TH16×UB16
2026,block_group,361090002021,annual_mwh_home,first_order,behaviour:parameters_x_stochastic,0.00138,-0.00306,0.00919,bootstrap_95_bias_shifted,44.39209,13.93756,8192,M2×UP16×TH16×UB16
2026,block_group,361090002022,annual_mwh_home,first_order,stock,0.0,0.0,0.0,bootstrap_95_bias_shifted,28.16789,11.15675,8192,M2×UP16×TH16×UB16
2026,block_group,361090002022,annual_mwh_home,total_effect,stock,0.0,0.0,0.0,bootstrap_95_bias_shifted,28.16789,11.15675,8192,M2×UP16×TH16×UB16
2026,block_group,361090002022,annual_mwh_home,first_order,placement,0.39839,0.27743,0.52765,bootstrap_95_bias_shifted,28.16789,11.15675,8192,M2×UP16×TH16×UB16
2026,block_group,361090002022,annual_mwh_home,total_effect,placement,0.76102,0.65854,0.84753,bootstrap_95_bias_shifted,28.16789,11.15675,8192,M2×UP16×TH16×UB16
2026,block_group,361090002022,annual_mwh_home,first_order,behaviour,0.23898,0.15247,0.34146,bootstrap_95_bias_shifted,28.16789,11.15675,8192,M2×UP16×TH16×UB16
2026,block_group,361090002022,annual_mwh_home,total_effect,behaviour,0.60161,0.47235,0.72257,bootstrap_95_bias_shifted,28.16789,11.15675,8192,M2×UP16×TH16×UB16
2026,block_group,361090002022,annual_mwh_home,first_order,interaction,0.36263,0.28231,0.44624,bootstrap_95_bias_shifted,28.16789,11.15675,8192,M2×UP16×TH16×UB16
2026,block_group,361090002022,annual_mwh_home,first_order,placement:weighting,0.1527,0.06462,0.24311,bootstrap_95_bias_shifted,28.16789,11.15675,8192,M2×UP16×TH16×UB16
2026,block_group,361090002022,annual_mwh_home,first_order,placement:sampling,0.17709,0.08789,0.29305,bootstrap_95_bias_shifted,28.16789,11.15675,8192,M2×UP16×TH16×UB16
2026,block_group,361090002022,annual_mwh_home,first_order,placement:weighting_x_sampling,0.06859,0.02668,0.11004,bootstrap_95_bias_shifted,28.16789,11.15675,8192,M2×UP16×TH16×UB16
2026,block_group,361090002022,annual_mwh_home,first_order,behaviour:parameters,0.23541,0.15661,0.32591,bootstrap_95_bias_shifted,28.16789,11.15675,8192,M2×UP16×TH16×UB16
2026,block_group,361090002022,annual_mwh_home,first_order,behaviour:stochastic,-0.00157,-0.01612,0.02777,bootstrap_95_bias_shifted,28.16789,11.15675,8192,M2×UP16×TH16×UB16
2026,block_group,361090002022,annual_mwh_home,first_order,behaviour:parameters_x_stochastic,0.00514,-0.00097,0.01483,bootstrap_95_bias_shifted,28.16789,11.15675,8192,M2×UP16×TH16×UB16
2026,block_group,361090003001,annual_mwh_home,first_order,stock,0.0,0.0,0.0,bootstrap_95_bias_shifted,31.39178,8.63507,8192,M2×UP16×TH16×UB16
2026,block_group,361090003001,annual_mwh_home,total_effect,stock,0.0,0.0,0.0,bootstrap_95_bias_shifted,31.39178,8.63507,8192,M2×UP16×TH16×UB16
2026,block_group,361090003001,annual_mwh_home,first_order,placement,0.61911,0.45572,0.72652,bootstrap_95_bias_shifted,31.39178,8.63507,8192,M2×UP16×TH16×UB16
2026,block_group,361090003001,annual_mwh_home,total_effect,placement,0.92512,0.87129,0.971,bootstrap_95_bias_shifted,31.39178,8.63507,8192,M2×UP16×TH16×UB16
2026,block_group,361090003001,annual_mwh_home,first_order,behaviour,0.07488,0.029,0.12871,bootstrap_95_bias_shifted,31.39178,8.63507,8192,M2×UP16×TH16×UB16
2026,block_group,361090003001,annual_mwh_home,total_effect,behaviour,0.38089,0.27348,0.54428,bootstrap_95_bias_shifted,31.39178,8.63507,8192,M2×UP16×TH16×UB16
2026,block_group,361090003001,annual_mwh_home,first_order,interaction,0.30601,0.21736,0.42915,bootstrap_95_bias_shifted,31.39178,8.63507,8192,M2×UP16×TH16×UB16
2026,block_group,361090003001,annual_mwh_home,first_order,placement:weighting,-0.01093,-0.03413,0.05656,bootstrap_95_bias_shifted,31.39178,8.63507,8192,M2×UP16×TH16×UB16
2026,block_group,361090003001,annual_mwh_home,first_order,placement:sampling,0.41609,0.22897,0.60723,bootstrap_95_bias_shifted,31.39178,8.63507,8192,M2×UP16×TH16×UB16
2026,block_group,361090003001,annual_mwh_home,first_order,placement:weighting_x_sampling,0.21394,0.08648,0.38242,bootstrap_95_bias_shifted,31.39178,8.63507,8192,M2×UP16×TH16×UB16
2026,block_group,361090003001,annual_mwh_home,first_order,behaviour:parameters,0.05949,0.02884,0.09635,bootstrap_95_bias_shifted,31.39178,8.63507,8192,M2×UP16×TH16×UB16
2026,block_group,361090003001,annual_mwh_home,first_order,behaviour:stochastic,0.00913,-0.00733,0.03248,bootstrap_95_bias_shifted,31.39178,8.63507,8192,M2×UP16×TH16×UB16
2026,block_group,361090003001,annual_mwh_home,first_order,behaviour:parameters_x_stochastic,0.00625,-0.0011,0.01932,bootstrap_95_bias_shifted,31.39178,8.63507,8192,M2×UP16×TH16×UB16
2026,block_group,361090004001,annual_mwh_home,first_order,stock,0.0,0.0,0.0,bootstrap_95_bias_shifted,49.87865,21.42569,8192,M2×UP16×TH16×UB16
2026,block_group,361090004001,annual_mwh_home,total_effect,stock,0.0,0.0,0.0,bootstrap_95_bias_shifted,49.87865,21.42569,8192,M2×UP16×TH16×UB16
2026,block_group,361090004001,annual_mwh_home,first_order,placement,0.78649,0.73372,0.82934,bootstrap_95_bias_shifted,49.87865,21.42569,8192,M2×UP16×TH16×UB16
2026,block_group,361090004001,annual_mwh_home,total_effect,placement,0.92882,0.8956,0.95457,bootstrap_95_bias_shifted,49.87865,21.42569,8192,M2×UP16×TH16×UB16
2026,block_group,361090004001,annual_mwh_home,first_order,behaviour,0.07118,0.04543,0.1044,bootstrap_95_bias_shifted,49.87865,21.42569,8192,M2×UP16×TH16×UB16
2026,block_group,361090004001,annual_mwh_home,total_effect,behaviour,0.21351,0.17066,0.26628,bootstrap_95_bias_shifted,49.87865,21.42569,8192,M2×UP16×TH16×UB16
2026,block_group,361090004001,annual_mwh_home,first_order,interaction,0.14233,0.11569,0.17824,bootstrap_95_bias_shifted,49.87865,21.42569,8192,M2×UP16×TH16×UB16
2026,block_group,361090004001,annual_mwh_home,first_order,placement:weighting,0.63045,0.53694,0.71024,bootstrap_95_bias_shifted,49.87865,21.42569,8192,M2×UP16×TH16×UB16
2026,block_group,361090004001,annual_mwh_home,first_order,placement:sampling,0.12792,0.05172,0.21729,bootstrap_95_bias_shifted,49.87865,21.42569,8192,M2×UP16×TH16×UB16
2026,block_group,361090004001,annual_mwh_home,first_order,placement:weighting_x_sampling,0.02811,0.01218,0.04612,bootstrap_95_bias_shifted,49.87865,21.42569,8192,M2×UP16×TH16×UB16
2026,block_group,361090004001,annual_mwh_home,first_order,behaviour:parameters,0.06867,0.03943,0.10066,bootstrap_95_bias_shifted,49.87865,21.42569,8192,M2×UP16×TH16×UB16
2026,block_group,361090004001,annual_mwh_home,first_order,behaviour:stochastic,0.00128,-0.0049,0.01145,bootstrap_95_bias_shifted,49.87865,21.42569,8192,M2×UP16×TH16×UB16
2026,block_group,361090004001,annual_mwh_home,first_order,behaviour:parameters_x_stochastic,0.00124,-0.00074,0.00414,bootstrap_95_bias_shifted,49.87865,21.42569,8192,M2×UP16×TH16×UB16
2026,block_group,361090005001,annual_mwh_home,first_order,stock,0.0,0.0,0.0,bootstrap_95_bias_shifted,104.21823,19.10695,8192,M2×UP16×TH16×UB16
2026,block_group,361090005001,annual_mwh_home,total_effect,stock,0.0,0.0,0.0,bootstrap_95_bias_shifted,104.21823,19.10695,8192,M2×UP16×TH16×UB16
2026,block_group,361090005001,annual_mwh_home,first_order,placement,0.58019,0.42205,0.70934,bootstrap_95_bias_shifted,104.21823,19.10695,8192,M2×UP16×TH16×UB16
2026,block_group,361090005001,annual_mwh_home,total_effect,placement,0.80698,0.70258,0.89847,bootstrap_95_bias_shifted,104.21823,19.10695,8192,M2×UP16×TH16×UB16
2026,block_group,361090005001,annual_mwh_home,first_order,behaviour,0.19302,0.10153,0.29742,bootstrap_95_bias_shifted,104.21823,19.10695,8192,M2×UP16×TH16×UB16
2026,block_group,361090005001,annual_mwh_home,total_effect,behaviour,0.41981,0.29066,0.57795,bootstrap_95_bias_shifted,104.21823,19.10695,8192,M2×UP16×TH16×UB16
2026,block_group,361090005001,annual_mwh_home,first_order,interaction,0.22679,0.16275,0.30922,bootstrap_95_bias_shifted,104.21823,19.10695,8192,M2×UP16×TH16×UB16
2026,block_group,361090005001,annual_mwh_home,first_order,placement:weighting,0.13079,0.04899,0.23702,bootstrap_95_bias_shifted,104.21823,19.10695,8192,M2×UP16×TH16×UB16
2026,block_group,361090005001,annual_mwh_home,first_order,placement:sampling,0.39433,0.21182,0.5774,bootstrap_95_bias_shifted,104.21823,19.10695,8192,M2×UP16×TH16×UB16
2026,block_group,361090005001,annual_mwh_home,first_order,placement:weighting_x_sampling,0.05507,0.02797,0.09417,bootstrap_95_bias_shifted,104.21823,19.10695,8192,M2×UP16×TH16×UB16
2026,block_group,361090005001,annual_mwh_home,first_order,behaviour:parameters,0.18367,0.09893,0.27651,bootstrap_95_bias_shifted,104.21823,19.10695,8192,M2×UP16×TH16×UB16
2026,block_group,361090005001,annual_mwh_home,first_order,behaviour:stochastic,0.00624,-0.00653,0.03207,bootstrap_95_bias_shifted,104.21823,19.10695,8192,M2×UP16×TH16×UB16
2026,block_group,361090005001,annual_mwh_home,first_order,behaviour:parameters_x_stochastic,0.00311,-0.00195,0.01136,bootstrap_95_bias_shifted,104.21823,19.10695,8192,M2×UP16×TH16×UB16
2026,block_group,361090005002,annual_mwh_home,first_order,stock,0.0,0.0,0.0,bootstrap_95_bias_shifted,69.21814,19.67453,8192,M2×UP16×TH16×UB16
2026,block_group,361090005002,annual_mwh_home,total_effect,stock,0.0,0.0,0.0,bootstrap_95_bias_shifted,69.21814,19.67453,8192,M2×UP16×TH16×UB16
2026,block_group,361090005002,annual_mwh_home,first_order,placement,0.71016,0.62192,0.79506,bootstrap_95_bias_shifted,69.21814,19.67453,8192,M2×UP16×TH16×UB16
2026,block_group,361090005002,annual_mwh_home,total_effect,placement,0.88212,0.8149,0.93698,bootstrap_95_bias_shifted,69.21814,19.67453,8192,M2×UP16×TH16×UB16
2026,block_group,361090005002,annual_mwh_home,first_order,behaviour,0.11788,0.06302,0.1851,bootstrap_95_bias_shifted,69.21814,19.67453,8192,M2×UP16×TH16×UB16
2026,block_group,361090005002,annual_mwh_home,total_effect,behaviour,0.28984,0.20494,0.37808,bootstrap_95_bias_shifted,69.21814,19.67453,8192,M2×UP16×TH16×UB16
2026,block_group,361090005002,annual_mwh_home,first_order,interaction,0.17196,0.13483,0.22801,bootstrap_95_bias_shifted,69.21814,19.67453,8192,M2×UP16×TH16×UB16
2026,block_group,361090005002,annual_mwh_home,first_order,placement:weighting,0.2841,0.16534,0.42119,bootstrap_95_bias_shifted,69.21814,19.67453,8192,M2×UP16×TH16×UB16
2026,block_group,361090005002,annual_mwh_home,first_order,placement:sampling,0.30359,0.16679,0.43741,bootstrap_95_bias_shifted,69.21814,19.67453,8192,M2×UP16×TH16×UB16
2026,block_group,361090005002,annual_mwh_home,first_order,placement:weighting_x_sampling,0.12247,0.05574,0.1993,bootstrap_95_bias_shifted,69.21814,19.67453,8192,M2×UP16×TH16×UB16
2026,block_group,361090005002,annual_mwh_home,first_order,behaviour:parameters,0.11212,0.06051,0.17457,bootstrap_95_bias_shifted,69.21814,19.67453,8192,M2×UP16×TH16×UB16
2026,block_group,361090005002,annual_mwh_home,first_order,behaviour:stochastic,0.00277,-0.00668,0.0182,bootstrap_95_bias_shifted,69.21814,19.67453,8192,M2×UP16×TH16×UB16
2026,block_group,361090005002,annual_mwh_home,first_order,behaviour:parameters_x_stochastic,0.00299,-0.00082,0.0085,bootstrap_95_bias_shifted,69.21814,19.67453,8192,M2×UP16×TH16×UB16
2026,block_group,361090005003,annual_mwh_home,first_order,stock,0.0,0.0,0.0,bootstrap_95_bias_shifted,134.47616,22.16023,8192,M2×UP16×TH16×UB16
2026,block_group,361090005003,annual_mwh_home,total_effect,stock,0.0,0.0,0.0,bootstrap_95_bias_shifted,134.47616,22.16023,8192,M2×UP16×TH16×UB16
2026,block_group,361090005003,annual_mwh_home,first_order,placement,0.49466,0.35467,0.61743,bootstrap_95_bias_shifted,134.47616,22.16023,8192,M2×UP16×TH16×UB16
2026,block_group,361090005003,annual_mwh_home,total_effect,placement,0.7305,0.62136,0.84022,bootstrap_95_bias_shifted,134.47616,22.16023,8192,M2×UP16×TH16×UB16
2026,block_group,361090005003,annual_mwh_home,first_order,behaviour,0.2695,0.15978,0.37864,bootstrap_95_bias_shifted,134.47616,22.16023,8192,M2×UP16×TH16×UB16
2026,block_group,361090005003,annual_mwh_home,total_effect,behaviour,0.50534,0.38257,0.64533,bootstrap_95_bias_shifted,134.47616,22.16023,8192,M2×UP16×TH16×UB16
2026,block_group,361090005003,annual_mwh_home,first_order,interaction,0.23584,0.18358,0.29959,bootstrap_95_bias_shifted,134.47616,22.16023,8192,M2×UP16×TH16×UB16
2026,block_group,361090005003,annual_mwh_home,first_order,placement:weighting,0.06084,-0.00511,0.13794,bootstrap_95_bias_shifted,134.47616,22.16023,8192,M2×UP16×TH16×UB16
2026,block_group,361090005003,annual_mwh_home,first_order,placement:sampling,0.36327,0.18029,0.48898,bootstrap_95_bias_shifted,134.47616,22.16023,8192,M2×UP16×TH16×UB16
2026,block_group,361090005003,annual_mwh_home,first_order,placement:weighting_x_sampling,0.07056,0.02784,0.12045,bootstrap_95_bias_shifted,134.47616,22.16023,8192,M2×UP16×TH16×UB16
2026,block_group,361090005003,annual_mwh_home,first_order,behaviour:parameters,0.25841,0.15579,0.35777,bootstrap_95_bias_shifted,134.47616,22.16023,8192,M2×UP16×TH16×UB16
2026,block_group,361090005003,annual_mwh_home,first_order,behaviour:stochastic,0.00597,-0.00639,0.02852,bootstrap_95_bias_shifted,134.47616,22.16023,8192,M2×UP16×TH16×UB16
2026,block_group,361090005003,annual_mwh_home,first_order,behaviour:parameters_x_stochastic,0.00511,0.00076,0.0133,bootstrap_95_bias_shifted,134.47616,22.16023,8192,M2×UP16×TH16×UB16
2026,block_group,361090006001,annual_mwh_home,first_order,stock,0.0,0.0,0.0,bootstrap_95_bias_shifted,69.21349,15.33885,8192,M2×UP16×TH16×UB16
2026,block_group,361090006001,annual_mwh_home,total_effect,stock,0.0,0.0,0.0,bootstrap_95_bias_shifted,69.21349,15.33885,8192,M2×UP16×TH16×UB16
2026,block_group,361090006001,annual_mwh_home,first_order,placement,0.36408,0.20608,0.49059,bootstrap_95_bias_shifted,69.21349,15.33885,8192,M2×UP16×TH16×UB16
2026,block_group,361090006001,annual_mwh_home,total_effect,placement,0.69656,0.59001,0.79848,bootstrap_95_bias_shifted,69.21349,15.33885,8192,M2×UP16×TH16×UB16
2026,block_group,361090006001,annual_mwh_home,first_order,behaviour,0.30344,0.20152,0.40999,bootstrap_95_bias_shifted,69.21349,15.33885,8192,M2×UP16×TH16×UB16
2026,block_group,361090006001,annual_mwh_home,total_effect,behaviour,0.63592,0.50941,0.79392,bootstrap_95_bias_shifted,69.21349,15.33885,8192,M2×UP16×TH16×UB16
2026,block_group,361090006001,annual_mwh_home,first_order,interaction,0.33248,0.25042,0.4358,bootstrap_95_bias_shifted,69.21349,15.33885,8192,M2×UP16×TH16×UB16
2026,block_group,361090006001,annual_mwh_home,first_order,placement:weighting,0.00059,-0.01634,0.03615,bootstrap_95_bias_shifted,69.21349,15.33885,8192,M2×UP16×TH16×UB16
2026,block_group,361090006001,annual_mwh_home,first_order,placement:sampling,0.28315,0.11998,0.45707,bootstrap_95_bias_shifted,69.21349,15.33885,8192,M2×UP16×TH16×UB16
2026,block_group,361090006001,annual_mwh_home,first_order,placement:weighting_x_sampling,0.08034,0.0124,0.18552,bootstrap_95_bias_shifted,69.21349,15.33885,8192,M2×UP16×TH16×UB16
2026,block_group,361090006001,annual_mwh_home,first_order,behaviour:parameters,0.27699,0.17009,0.37394,bootstrap_95_bias_shifted,69.21349,15.33885,8192,M2×UP16×TH16×UB16
2026,block_group,361090006001,annual_mwh_home,first_order,behaviour:stochastic,0.0163,-0.0065,0.04434,bootstrap_95_bias_shifted,69.21349,15.33885,8192,M2×UP16×TH16×UB16
2026,block_group,361090006001,annual_mwh_home,first_order,behaviour:parameters_x_stochastic,0.01015,0.00148,0.02164,bootstrap_95_bias_shifted,69.21349,15.33885,8192,M2×UP16×TH16×UB16
2026,block_group,361090006002,annual_mwh_home,first_order,stock,0.0,0.0,0.0,bootstrap_95_bias_shifted,121.18798,27.11118,8192,M2×UP16×TH16×UB16
2026,block_group,361090006002,annual_mwh_home,total_effect,stock,0.0,0.0,0.0,bootstrap_95_bias_shifted,121.18798,27.11118,8192,M2×UP16×TH16×UB16
2026,block_group,361090006002,annual_mwh_home,first_order,placement,0.76647,0.66626,0.83074,bootstrap_95_bias_shifted,121.18798,27.11118,8192,M2×UP16×TH16×UB16
2026,block_group,361090006002,annual_mwh_home,total_effect,placement,0.89954,0.83666,0.95137,bootstrap_95_bias_shifted,121.18798,27.11118,8192,M2×UP16×TH16×UB16
2026,block_group,361090006002,annual_mwh_home,first_order,behaviour,0.10046,0.04863,0.16334,bootstrap_95_bias_shifted,121.18798,27.11118,8192,M2×UP16×TH16×UB16
2026,block_group,361090006002,annual_mwh_home,total_effect,behaviour,0.23353,0.16926,0.33374,bootstrap_95_bias_shifted,121.18798,27.11118,8192,M2×UP16×TH16×UB16
2026,block_group,361090006002,annual_mwh_home,first_order,interaction,0.13307,0.10075,0.17363,bootstrap_95_bias_shifted,121.18798,27.11118,8192,M2×UP16×TH16×UB16
2026,block_group,361090006002,annual_mwh_home,first_order,placement:weighting,0.29378,0.19224,0.42905,bootstrap_95_bias_shifted,121.18798,27.11118,8192,M2×UP16×TH16×UB16
2026,block_group,361090006002,annual_mwh_home,first_order,placement:sampling,0.42445,0.24188,0.57448,bootstrap_95_bias_shifted,121.18798,27.11118,8192,M2×UP16×TH16×UB16
2026,block_group,361090006002,annual_mwh_home,first_order,placement:weighting_x_sampling,0.04825,0.01737,0.08587,bootstrap_95_bias_shifted,121.18798,27.11118,8192,M2×UP16×TH16×UB16
2026,block_group,361090006002,annual_mwh_home,first_order,behaviour:parameters,0.09681,0.04986,0.16252,bootstrap_95_bias_shifted,121.18798,27.11118,8192,M2×UP16×TH16×UB16
2026,block_group,361090006002,annual_mwh_home,first_order,behaviour:stochastic,0.00077,-0.00537,0.01,bootstrap_95_bias_shifted,121.18798,27.11118,8192,M2×UP16×TH16×UB16
2026,block_group,361090006002,annual_mwh_home,first_order,behaviour:parameters_x_stochastic,0.00288,-0.00026,0.00827,bootstrap_95_bias_shifted,121.18798,27.11118,8192,M2×UP16×TH16×UB16
2026,block_group,361090006003,annual_mwh_home,first_order,stock,0.0,0.0,0.0,bootstrap_95_bias_shifted,6.45218,5.91884,8192,M2×UP16×TH16×UB16
2026,block_group,361090006003,annual_mwh_home,total_effect,stock,0.0,0.0,0.0,bootstrap_95_bias_shifted,6.45218,5.91884,8192,M2×UP16×TH16×UB16
2026,block_group,361090006003,annual_mwh_home,first_order,placement,0.68256,0.53795,0.76492,bootstrap_95_bias_shifted,6.45218,5.91884,8192,M2×UP16×TH16×UB16
2026,block_group,361090006003,annual_mwh_home,total_effect,placement,0.9635,0.9311,0.98663,bootstrap_95_bias_shifted,6.45218,5.91884,8192,M2×UP16×TH16×UB16
2026,block_group,361090006003,annual_mwh_home,first_order,behaviour,0.0365,0.01337,0.0689,bootstrap_95_bias_shifted,6.45218,5.91884,8192,M2×UP16×TH16×UB16
2026,block_group,361090006003,annual_mwh_home,total_effect,behaviour,0.31744,0.23508,0.46205,bootstrap_95_bias_shifted,6.45218,5.91884,8192,M2×UP16×TH16×UB16
2026,block_group,361090006003,annual_mwh_home,first_order,interaction,0.28095,0.20913,0.41933,bootstrap_95_bias_shifted,6.45218,5.91884,8192,M2×UP16×TH16×UB16
2026,block_group,361090006003,annual_mwh_home,first_order,placement:weighting,0.18046,0.1077,0.27434,bootstrap_95_bias_shifted,6.45218,5.91884,8192,M2×UP16×TH16×UB16
2026,block_group,361090006003,annual_mwh_home,first_order,placement:sampling,0.4298,0.2564,0.57281,bootstrap_95_bias_shifted,6.45218,5.91884,8192,M2×UP16×TH16×UB16
2026,block_group,361090006003,annual_mwh_home,first_order,placement:weighting_x_sampling,0.07229,0.03405,0.10963,bootstrap_95_bias_shifted,6.45218,5.91884,8192,M2×UP16×TH16×UB16
2026,block_group,361090006003,annual_mwh_home,first_order,behaviour:parameters,0.03107,0.01478,0.0523,bootstrap_95_bias_shifted,6.45218,5.91884,8192,M2×UP16×TH16×UB16
2026,block_group,361090006003,annual_mwh_home,first_order,behaviour:stochastic,0.00367,-0.01198,0.02483,bootstrap_95_bias_shifted,6.45218,5.91884,8192,M2×UP16×TH16×UB16
2026,block_group,361090006003,annual_mwh_home,first_order,behaviour:parameters_x_stochastic,0.00176,-0.00268,0.0081,bootstrap_95_bias_shifted,6.45218,5.91884,8192,M2×UP16×TH16×UB16
2026,block_group,361090006004,annual_mwh_home,first_order,stock,0.0,0.0,0.0,bootstrap_95_bias_shifted,167.11445,25.06039,8192,M2×UP16×TH16×UB16
2026,block_group,361090006004,annual_mwh_home,total_effect,stock,0.0,0.0,0.0,bootstrap_95_bias_shifted,167.11445,25.06039,8192,M2×UP16×TH16×UB16
2026,block_group,361090006004,annual_mwh_home,first_order,placement,0.62761,0.45305,0.75946,bootstrap_95_bias_shifted,167.11445,25.06039,8192,M2×UP16×TH16×UB16
2026,block_group,361090006004,annual_mwh_home,total_effect,placement,0.81325,0.6953,0.90125,bootstrap_95_bias_shifted,167.11445,25.06039,8192,M2×UP16×TH16×UB16
2026,block_group,361090006004,annual_mwh_home,first_order,behaviour,0.18675,0.09875,0.3047,bootstrap_95_bias_shifted,167.11445,25.06039,8192,M2×UP16×TH16×UB16
2026,block_group,361090006004,annual_mwh_home,total_effect,behaviour,0.37239,0.24054,0.54695,bootstrap_95_bias_shifted,167.11445,25.06039,8192,M2×UP16×TH16×UB16
2026,block_group,361090006004,annual_mwh_home,first_order,interaction,0.18564,0.12642,0.27512,bootstrap_95_bias_shifted,167.11445,25.06039,8192,M2×UP16×TH16×UB16
2026,block_group,361090006004,annual_mwh_home,first_order,placement:weighting,0.07176,0.00131,0.17098,bootstrap_95_bias_shifted,167.11445,25.06039,8192,M2×UP16×TH16×UB16
2026,block_group,361090006004,annual_mwh_home,first_order,placement:sampling,0.48544,0.26459,0.65515,bootstrap_95_bias_shifted,167.11445,25.06039,8192,M2×UP16×TH16×UB16
2026,block_group,361090006004,annual_mwh_home,first_order,placement:weighting_x_sampling,0.0704,0.02324,0.14949,bootstrap_95_bias_shifted,167.11445,25.06039,8192,M2×UP16×TH16×UB16
2026,block_group,361090006004,annual_mwh_home,first_order,behaviour:parameters,0.17343,0.09365,0.28924,bootstrap_95_bias_shifted,167.11445,25.06039,8192,M2×UP16×TH16×UB16
2026,block_group,361090006004,annual_mwh_home,first_order,behaviour:stochastic,0.00944,-0.00338,0.03078,bootstrap_95_bias_shifted,167.11445,25.06039,8192,M2×UP16×TH16×UB16
2026,block_group,361090006004,annual_mwh_home,first_order,behaviour:parameters_x_stochastic,0.00388,-0.00097,0.01213,bootstrap_95_bias_shifted,167.11445,25.06039,8192,M2×UP16×TH16×UB16
2026,block_group,361090007001,annual_mwh_home,first_order,stock,0.0,0.0,0.0,bootstrap_95_bias_shifted,45.10638,19.51928,8192,M2×UP16×TH16×UB16
2026,block_group,361090007001,annual_mwh_home,total_effect,stock,0.0,0.0,0.0,bootstrap_95_bias_shifted,45.10638,19.51928,8192,M2×UP16×TH16×UB16
2026,block_group,361090007001,annual_mwh_home,first_order,placement,0.58629,0.4976,0.66284,bootstrap_95_bias_shifted,45.10638,19.51928,8192,M2×UP16×TH16×UB16
2026,block_group,361090007001,annual_mwh_home,total_effect,placement,0.78394,0.71392,0.85319,bootstrap_95_bias_shifted,45.10638,19.51928,8192,M2×UP16×TH16×UB16
2026,block_group,361090007001,annual_mwh_home,first_order,behaviour,0.21606,0.14681,0.28608,bootstrap_95_bias_shifted,45.10638,19.51928,8192,M2×UP16×TH16×UB16
2026,block_group,361090007001,annual_mwh_home,total_effect,behaviour,0.41371,0.33716,0.5024,bootstrap_95_bias_shifted,45.10638,19.51928,8192,M2×UP16×TH16×UB16
2026,block_group,361090007001,annual_mwh_home,first_order,interaction,0.19764,0.15991,0.23472,bootstrap_95_bias_shifted,45.10638,19.51928,8192,M2×UP16×TH16×UB16
2026,block_group,361090007001,annual_mwh_home,first_order,placement:weighting,0.49147,0.40183,0.59391,bootstrap_95_bias_shifted,45.10638,19.51928,8192,M2×UP16×TH16×UB16
2026,block_group,361090007001,annual_mwh_home,first_order,placement:sampling,0.05328,0.01173,0.11686,bootstrap_95_bias_shifted,45.10638,19.51928,8192,M2×UP16×TH16×UB16
2026,block_group,361090007001,annual_mwh_home,first_order,placement:weighting_x_sampling,0.04154,0.02072,0.06674,bootstrap_95_bias_shifted,45.10638,19.51928,8192,M2×UP16×TH16×UB16
2026,block_group,361090007001,annual_mwh_home,first_order,behaviour:parameters,0.21082,0.14538,0.28039,bootstrap_95_bias_shifted,45.10638,19.51928,8192,M2×UP16×TH16×UB16
2026,block_group,361090007001,annual_mwh_home,first_order,behaviour:stochastic,0.00312,-0.00527,0.01612,bootstrap_95_bias_shifted,45.10638,19.51928,8192,M2×UP16×TH16×UB16
2026,block_group,361090007001,annual_mwh_home,first_order,behaviour:parameters_x_stochastic,0.00212,-0.00113,0.00667,bootstrap_95_bias_shifted,45.10638,19.51928,8192,M2×UP16×TH16×UB16
2026,block_group,361090007002,annual_mwh_home,first_order,stock,0.0,0.0,0.0,bootstrap_95_bias_shifted,152.28564,24.08642,8192,M2×UP16×TH16×UB16
2026,block_group,361090007002,annual_mwh_home,total_effect,stock,0.0,0.0,0.0,bootstrap_95_bias_shifted,152.28564,24.08642,8192,M2×UP16×TH16×UB16
2026,block_group,361090007002,annual_mwh_home,first_order,placement,0.53053,0.34355,0.66463,bootstrap_95_bias_shifted,152.28564,24.08642,8192,M2×UP16×TH16×UB16
2026,block_group,361090007002,annual_mwh_home,total_effect,placement,0.73328,0.59809,0.83772,bootstrap_95_bias_shifted,152.28564,24.08642,8192,M2×UP16×TH16×UB16
2026,block_group,361090007002,annual_mwh_home,first_order,behaviour,0.26672,0.16228,0.40191,bootstrap_95_bias_shifted,152.28564,24.08642,8192,M2×UP16×TH16×UB16
2026,block_group,361090007002,annual_mwh_home,total_effect,behaviour,0.46947,0.33537,0.65645,bootstrap_95_bias_shifted,152.28564,24.08642,8192,M2×UP16×TH16×UB16
2026,block_group,361090007002,annual_mwh_home,first_order,interaction,0.20276,0.14199,0.29935,bootstrap_95_bias_shifted,152.28564,24.08642,8192,M2×UP16×TH16×UB16
2026,block_group,361090007002,annual_mwh_home,first_order,placement:weighting,-0.00138,-0.00628,0.0103,bootstrap_95_bias_shifted,152.28564,24.08642,8192,M2×UP16×TH16×UB16
2026,block_group,361090007002,annual_mwh_home,first_order,placement:sampling,0.49528,0.30497,0.63054,bootstrap_95_bias_shifted,152.28564,24.08642,8192,M2×UP16×TH16×UB16
2026,block_group,361090007002,annual_mwh_home,first_order,placement:weighting_x_sampling,0.03663,0.01043,0.0654,bootstrap_95_bias_shifted,152.28564,24.08642,8192,M2×UP16×TH16×UB16
2026,block_group,361090007002,annual_mwh_home,first_order,behaviour:parameters,0.25987,0.16069,0.3898,bootstrap_95_bias_shifted,152.28564,24.08642,8192,M2×UP16×TH16×UB16
2026,block_group,361090007002,annual_mwh_home,first_order,behaviour:stochastic,0.00268,-0.00684,0.02012,bootstrap_95_bias_shifted,152.28564,24.08642,8192,M2×UP16×TH16×UB16
2026,block_group,361090007002,annual_mwh_home,first_order,behaviour:parameters_x_stochastic,0.00417,-0.00085,0.01313,bootstrap_95_bias_shifted,152.28564,24.08642,8192,M2×UP16×TH16×UB16
2026,block_group,361090007003,annual_mwh_home,first_order,stock,0.0,0.0,0.0,bootstrap_95_bias_shifted,97.86908,18.36084,8192,M2×UP16×TH16×UB16
2026,block_group,361090007003,annual_mwh_home,total_effect,stock,0.0,0.0,0.0,bootstrap_95_bias_shifted,97.86908,18.36084,8192,M2×UP16×TH16×UB16
2026,block_group,361090007003,annual_mwh_home,first_order,placement,0.3726,0.18696,0.53104,bootstrap_95_bias_shifted,97.86908,18.36084,8192,M2×UP16×TH16×UB16
2026,block_group,361090007003,annual_mwh_home,total_effect,placement,0.66214,0.53447,0.78778,bootstrap_95_bias_shifted,97.86908,18.36084,8192,M2×UP16×TH16×UB16
2026,block_group,361090007003,annual_mwh_home,first_order,behaviour,0.33786,0.21222,0.46553,bootstrap_95_bias_shifted,97.86908,18.36084,8192,M2×UP16×TH16×UB16
2026,block_group,361090007003,annual_mwh_home,total_effect,behaviour,0.6274,0.46896,0.81304,bootstrap_95_bias_shifted,97.86908,18.36084,8192,M2×UP16×TH16×UB16
2026,block_group,361090007003,annual_mwh_home,first_order,interaction,0.28954,0.19264,0.39135,bootstrap_95_bias_shifted,97.86908,18.36084,8192,M2×UP16×TH16×UB16
2026,block_group,361090007003,annual_mwh_home,first_order,placement:weighting,0.00396,-0.00672,0.03668,bootstrap_95_bias_shifted,97.86908,18.36084,8192,M2×UP16×TH16×UB16
2026,block_group,361090007003,annual_mwh_home,first_order,placement:sampling,0.32929,0.145,0.49307,bootstrap_95_bias_shifted,97.86908,18.36084,8192,M2×UP16×TH16×UB16
2026,block_group,361090007003,annual_mwh_home,first_order,placement:weighting_x_sampling,0.03934,0.02019,0.06197,bootstrap_95_bias_shifted,97.86908,18.36084,8192,M2×UP16×TH16×UB16
2026,block_group,361090007003,annual_mwh_home,first_order,behaviour:parameters,0.33448,0.20793,0.46244,bootstrap_95_bias_shifted,97.86908,18.36084,8192,M2×UP16×TH16×UB16
2026,block_group,361090007003,annual_mwh_home,first_order,behaviour:stochastic,0.00051,-0.01223,0.02139,bootstrap_95_bias_shifted,97.86908,18.36084,8192,M2×UP16×TH16×UB16
2026,block_group,361090007003,annual_mwh_home,first_order,behaviour:parameters_x_stochastic,0.00288,-0.00261,0.01296,bootstrap_95_bias_shifted,97.86908,18.36084,8192,M2×UP16×TH16×UB16
2026,block_group,361090008001,annual_mwh_home,first_order,stock,0.0,0.0,0.0,bootstrap_95_bias_shifted,48.61832,14.10397,8192,M2×UP16×TH16×UB16
2026,block_group,361090008001,annual_mwh_home,total_effect,stock,0.0,0.0,0.0,bootstrap_95_bias_shifted,48.61832,14.10397,8192,M2×UP16×TH16×UB16
2026,block_group,361090008001,annual_mwh_home,first_order,placement,0.57733,0.4327,0.67925,bootstrap_95_bias_shifted,48.61832,14.10397,8192,M2×UP16×TH16×UB16
2026,block_group,361090008001,annual_mwh_home,total_effect,placement,0.83994,0.7631,0.9004,bootstrap_95_bias_shifted,48.61832,14.10397,8192,M2×UP16×TH16×UB16
2026,block_group,361090008001,annual_mwh_home,first_order,behaviour,0.16006,0.0996,0.2369,bootstrap_95_bias_shifted,48.61832,14.10397,8192,M2×UP16×TH16×UB16
2026,block_group,361090008001,annual_mwh_home,total_effect,behaviour,0.42267,0.32075,0.5673,bootstrap_95_bias_shifted,48.61832,14.10397,8192,M2×UP16×TH16×UB16
2026,block_group,361090008001,annual_mwh_home,first_order,interaction,0.26261,0.2018,0.3564,bootstrap_95_bias_shifted,48.61832,14.10397,8192,M2×UP16×TH16×UB16
2026,block_group,361090008001,annual_mwh_home,first_order,placement:weighting,0.11132,0.04468,0.20597,bootstrap_95_bias_shifted,48.61832,14.10397,8192,M2×UP16×TH16×UB16
2026,block_group,361090008001,annual_mwh_home,first_order,placement:sampling,0.40686,0.24958,0.54876,bootstrap_95_bias_shifted,48.61832,14.10397,8192,M2×UP16×TH16×UB16
2026,block_group,361090008001,annual_mwh_home,first_order,placement:weighting_x_sampling,0.05915,0.01708,0.10556,bootstrap_95_bias_shifted,48.61832,14.10397,8192,M2×UP16×TH16×UB16
2026,block_group,361090008001,annual_mwh_home,first_order,behaviour:parameters,0.15299,0.09455,0.22115,bootstrap_95_bias_shifted,48.61832,14.10397,8192,M2×UP16×TH16×UB16
2026,block_group,361090008001,annual_mwh_home,first_order,behaviour:stochastic,0.00292,-0.01003,0.02261,bootstrap_95_bias_shifted,48.61832,14.10397,8192,M2×UP16×TH16×UB16
2026,block_group,361090008001,annual_mwh_home,first_order,behaviour:parameters_x_stochastic,0.00415,-0.00079,0.01338,bootstrap_95_bias_shifted,48.61832,14.10397,8192,M2×UP16×TH16×UB16
2026,block_group,361090008002,annual_mwh_home,first_order,stock,0.0,0.0,0.0,bootstrap_95_bias_shifted,64.01286,15.12981,8192,M2×UP16×TH16×UB16
2026,block_group,361090008002,annual_mwh_home,total_effect,stock,0.0,0.0,0.0,bootstrap_95_bias_shifted,64.01286,15.12981,8192,M2×UP16×TH16×UB16
2026,block_group,361090008002,annual_mwh_home,first_order,placement,0.43425,0.33988,0.52504,bootstrap_95_bias_shifted,64.01286,15.12981,8192,M2×UP16×TH16×UB16
2026,block_group,361090008002,annual_mwh_home,total_effect,placement,0.72846,0.64184,0.81997,bootstrap_95_bias_shifted,64.01286,15.12981,8192,M2×UP16×TH16×UB16
2026,block_group,361090008002,annual_mwh_home,first_order,behaviour,0.27154,0.18003,0.35816,bootstrap_95_bias_shifted,64.01286,15.12981,8192,M2×UP16×TH16×UB16
2026,block_group,361090008002,annual_mwh_home,total_effect,behaviour,0.56575,0.47496,0.66012,bootstrap_95_bias_shifted,64.01286,15.12981,8192,M2×UP16×TH16×UB16
2026,block_group,361090008002,annual_mwh_home,first_order,interaction,0.29422,0.23297,0.35213,bootstrap_95_bias_shifted,64.01286,15.12981,8192,M2×UP16×TH16×UB16
2026,block_group,361090008002,annual_mwh_home,first_order,placement:weighting,0.09711,0.01399,0.20407,bootstrap_95_bias_shifted,64.01286,15.12981,8192,M2×UP16×TH16×UB16
2026,block_group,361090008002,annual_mwh_home,first_order,placement:sampling,0.22012,0.10507,0.34739,bootstrap_95_bias_shifted,64.01286,15.12981,8192,M2×UP16×TH16×UB16
2026,block_group,361090008002,annual_mwh_home,first_order,placement:weighting_x_sampling,0.11702,0.06005,0.19255,bootstrap_95_bias_shifted,64.01286,15.12981,8192,M2×UP16×TH16×UB16
2026,block_group,361090008002,annual_mwh_home,first_order,behaviour:parameters,0.24497,0.15675,0.33653,bootstrap_95_bias_shifted,64.01286,15.12981,8192,M2×UP16×TH16×UB16
2026,block_group,361090008002,annual_mwh_home,first_order,behaviour:stochastic,0.02295,-0.00587,0.07148,bootstrap_95_bias_shifted,64.01286,15.12981,8192,M2×UP16×TH16×UB16
2026,block_group,361090008002,annual_mwh_home,first_order,behaviour:parameters_x_stochastic,0.00361,-0.00106,0.01204,bootstrap_95_bias_shifted,64.01286,15.12981,8192,M2×UP16×TH16×UB16
2026,block_group,361090009001,annual_mwh_home,first_order,stock,0.0,0.0,0.0,bootstrap_95_bias_shifted,68.14644,20.19108,8192,M2×UP16×TH16×UB16
2026,block_group,361090009001,annual_mwh_home,total_effect,stock,0.0,0.0,0.0,bootstrap_95_bias_shifted,68.14644,20.19108,8192,M2×UP16×TH16×UB16
2026,block_group,361090009001,annual_mwh_home,first_order,placement,0.75104,0.69797,0.80525,bootstrap_95_bias_shifted,68.14644,20.19108,8192,M2×UP16×TH16×UB16
2026,block_group,361090009001,annual_mwh_home,total_effect,placement,0.90319,0.85887,0.94472,bootstrap_95_bias_shifted,68.14644,20.19108,8192,M2×UP16×TH16×UB16
2026,block_group,361090009001,annual_mwh_home,first_order,behaviour,0.09681,0.05528,0.14113,bootstrap_95_bias_shifted,68.14644,20.19108,8192,M2×UP16×TH16×UB16
2026,block_group,361090009001,annual_mwh_home,total_effect,behaviour,0.24896,0.19475,0.30203,bootstrap_95_bias_shifted,68.14644,20.19108,8192,M2×UP16×TH16×UB16
2026,block_group,361090009001,annual_mwh_home,first_order,interaction,0.15215,0.12405,0.17895,bootstrap_95_bias_shifted,68.14644,20.19108,8192,M2×UP16×TH16×UB16
2026,block_group,361090009001,annual_mwh_home,first_order,placement:weighting,0.51507,0.42491,0.60991,bootstrap_95_bias_shifted,68.14644,20.19108,8192,M2×UP16×TH16×UB16
2026,block_group,361090009001,annual_mwh_home,first_order,placement:sampling,0.21339,0.12156,0.30778,bootstrap_95_bias_shifted,68.14644,20.19108,8192,M2×UP16×TH16×UB16
2026,block_group,361090009001,annual_mwh_home,first_order,placement:weighting_x_sampling,0.02258,0.00649,0.04406,bootstrap_95_bias_shifted,68.14644,20.19108,8192,M2×UP16×TH16×UB16
2026,block_group,361090009001,annual_mwh_home,first_order,behaviour:parameters,0.08933,0.05205,0.1257,bootstrap_95_bias_shifted,68.14644,20.19108,8192,M2×UP16×TH16×UB16
2026,block_group,361090009001,annual_mwh_home,first_order,behaviour:stochastic,0.00627,-0.00177,0.01916,bootstrap_95_bias_shifted,68.14644,20.19108,8192,M2×UP16×TH16×UB16
2026,block_group,361090009001,annual_mwh_home,first_order,behaviour:parameters_x_stochastic,0.0012,-0.00108,0.00456,bootstrap_95_bias_shifted,68.14644,20.19108,8192,M2×UP16×TH16×UB16
2026,block_group,361090009002,annual_mwh_home,first_order,stock,0.0,0.0,0.0,bootstrap_95_bias_shifted,238.17056,52.36149,8192,M2×UP16×TH16×UB16
2026,block_group,361090009002,annual_mwh_home,total_effect,stock,0.0,0.0,0.0,bootstrap_95_bias_shifted,238.17056,52.36149,8192,M2×UP16×TH16×UB16
2026,block_group,361090009002,annual_mwh_home,first_order,placement,0.85467,0.81728,0.89513,bootstrap_95_bias_shifted,238.17056,52.36149,8192,M2×UP16×TH16×UB16
2026,block_group,361090009002,annual_mwh_home,total_effect,placement,0.91833,0.8842,0.94898,bootstrap_95_bias_shifted,238.17056,52.36149,8192,M2×UP16×TH16×UB16
2026,block_group,361090009002,annual_mwh_home,first_order,behaviour,0.08167,0.05102,0.1158,bootstrap_95_bias_shifted,238.17056,52.36149,8192,M2×UP16×TH16×UB16
2026,block_group,361090009002,annual_mwh_home,total_effect,behaviour,0.14533,0.10487,0.18272,bootstrap_95_bias_shifted,238.17056,52.36149,8192,M2×UP16×TH16×UB16
2026,block_group,361090009002,annual_mwh_home,first_order,interaction,0.06366,0.05128,0.07866,bootstrap_95_bias_shifted,238.17056,52.36149,8192,M2×UP16×TH16×UB16
2026,block_group,361090009002,annual_mwh_home,first_order,placement:weighting,0.62996,0.54517,0.71716,bootstrap_95_bias_shifted,238.17056,52.36149,8192,M2×UP16×TH16×UB16
2026,block_group,361090009002,annual_mwh_home,first_order,placement:sampling,0.17719,0.08935,0.27154,bootstrap_95_bias_shifted,238.17056,52.36149,8192,M2×UP16×TH16×UB16
2026,block_group,361090009002,annual_mwh_home,first_order,placement:weighting_x_sampling,0.04753,0.02785,0.07159,bootstrap_95_bias_shifted,238.17056,52.36149,8192,M2×UP16×TH16×UB16
2026,block_group,361090009002,annual_mwh_home,first_order,behaviour:parameters,0.07998,0.04991,0.11069,bootstrap_95_bias_shifted,238.17056,52.36149,8192,M2×UP16×TH16×UB16
2026,block_group,361090009002,annual_mwh_home,first_order,behaviour:stochastic,0.00079,-0.00233,0.00532,bootstrap_95_bias_shifted,238.17056,52.36149,8192,M2×UP16×TH16×UB16
2026,block_group,361090009002,annual_mwh_home,first_order,behaviour:parameters_x_stochastic,0.0009,-0.00032,0.00301,bootstrap_95_bias_shifted,238.17056,52.36149,8192,M2×UP16×TH16×UB16
2026,block_group,361090009003,annual_mwh_home,first_order,stock,0.0,0.0,0.0,bootstrap_95_bias_shifted,65.11822,16.46904,8192,M2×UP16×TH16×UB16
2026,block_group,361090009003,annual_mwh_home,total_effect,stock,0.0,0.0,0.0,bootstrap_95_bias_shifted,65.11822,16.46904,8192,M2×UP16×TH16×UB16
2026,block_group,361090009003,annual_mwh_home,first_order,placement,0.7097,0.58866,0.80196,bootstrap_95_bias_shifted,65.11822,16.46904,8192,M2×UP16×TH16×UB16
2026,block_group,361090009003,annual_mwh_home,total_effect,placement,0.89431,0.82767,0.94418,bootstrap_95_bias_shifted,65.11822,16.46904,8192,M2×UP16×TH16×UB16
2026,block_group,361090009003,annual_mwh_home,first_order,behaviour,0.10569,0.05582,0.17233,bootstrap_95_bias_shifted,65.11822,16.46904,8192,M2×UP16×TH16×UB16
2026,block_group,361090009003,annual_mwh_home,total_effect,behaviour,0.2903,0.19804,0.41134,bootstrap_95_bias_shifted,65.11822,16.46904,8192,M2×UP16×TH16×UB16
2026,block_group,361090009003,annual_mwh_home,first_order,interaction,0.18461,0.12823,0.26341,bootstrap_95_bias_shifted,65.11822,16.46904,8192,M2×UP16×TH16×UB16
2026,block_group,361090009003,annual_mwh_home,first_order,placement:weighting,0.0344,-0.00729,0.10427,bootstrap_95_bias_shifted,65.11822,16.46904,8192,M2×UP16×TH16×UB16
2026,block_group,361090009003,annual_mwh_home,first_order,placement:sampling,0.60653,0.46439,0.74031,bootstrap_95_bias_shifted,65.11822,16.46904,8192,M2×UP16×TH16×UB16
2026,block_group,361090009003,annual_mwh_home,first_order,placement:weighting_x_sampling,0.06877,0.02963,0.1207,bootstrap_95_bias_shifted,65.11822,16.46904,8192,M2×UP16×TH16×UB16
2026,block_group,361090009003,annual_mwh_home,first_order,behaviour:parameters,0.10113,0.05622,0.15977,bootstrap_95_bias_shifted,65.11822,16.46904,8192,M2×UP16×TH16×UB16
2026,block_group,361090009003,annual_mwh_home,first_order,behaviour:stochastic,0.00183,-0.00766,0.0215,bootstrap_95_bias_shifted,65.11822,16.46904,8192,M2×UP16×TH16×UB16
2026,block_group,361090009003,annual_mwh_home,first_order,behaviour:parameters_x_stochastic,0.00274,-0.00157,0.01009,bootstrap_95_bias_shifted,65.11822,16.46904,8192,M2×UP16×TH16×UB16
2026,block_group,361090010001,annual_mwh_home,first_order,stock,0.0,0.0,0.0,bootstrap_95_bias_shifted,59.93387,26.57014,8192,M2×UP16×TH16×UB16
2026,block_group,361090010001,annual_mwh_home,total_effect,stock,0.0,0.0,0.0,bootstrap_95_bias_shifted,59.93387,26.57014,8192,M2×UP16×TH16×UB16
2026,block_group,361090010001,annual_mwh_home,first_order,placement,0.84619,0.80685,0.87781,bootstrap_95_bias_shifted,59.93387,26.57014,8192,M2×UP16×TH16×UB16
2026,block_group,361090010001,annual_mwh_home,total_effect,placement,0.94437,0.91948,0.96878,bootstrap_95_bias_shifted,59.93387,26.57014,8192,M2×UP16×TH16×UB16
2026,block_group,361090010001,annual_mwh_home,first_order,behaviour,0.05563,0.03122,0.08052,bootstrap_95_bias_shifted,59.93387,26.57014,8192,M2×UP16×TH16×UB16
2026,block_group,361090010001,annual_mwh_home,total_effect,behaviour,0.15381,0.12219,0.19315,bootstrap_95_bias_shifted,59.93387,26.57014,8192,M2×UP16×TH16×UB16
2026,block_group,361090010001,annual_mwh_home,first_order,interaction,0.09818,0.0801,0.1195,bootstrap_95_bias_shifted,59.93387,26.57014,8192,M2×UP16×TH16×UB16
2026,block_group,361090010001,annual_mwh_home,first_order,placement:weighting,0.73457,0.67416,0.80482,bootstrap_95_bias_shifted,59.93387,26.57014,8192,M2×UP16×TH16×UB16
2026,block_group,361090010001,annual_mwh_home,first_order,placement:sampling,0.08682,0.04268,0.14014,bootstrap_95_bias_shifted,59.93387,26.57014,8192,M2×UP16×TH16×UB16
2026,block_group,361090010001,annual_mwh_home,first_order,placement:weighting_x_sampling,0.0248,0.01058,0.04228,bootstrap_95_bias_shifted,59.93387,26.57014,8192,M2×UP16×TH16×UB16
2026,block_group,361090010001,annual_mwh_home,first_order,behaviour:parameters,0.0526,0.02967,0.07677,bootstrap_95_bias_shifted,59.93387,26.57014,8192,M2×UP16×TH16×UB16
2026,block_group,361090010001,annual_mwh_home,first_order,behaviour:stochastic,0.00244,-0.00252,0.01117,bootstrap_95_bias_shifted,59.93387,26.57014,8192,M2×UP16×TH16×UB16
2026,block_group,361090010001,annual_mwh_home,first_order,behaviour:parameters_x_stochastic,0.00058,-0.001,0.00256,bootstrap_95_bias_shifted,59.93387,26.57014,8192,M2×UP16×TH16×UB16
2026,block_group,361090010002,annual_mwh_home,first_order,stock,0.0,0.0,0.0,bootstrap_95_bias_shifted,148.26833,29.53859,8192,M2×UP16×TH16×UB16
2026,block_group,361090010002,annual_mwh_home,total_effect,stock,0.0,0.0,0.0,bootstrap_95_bias_shifted,148.26833,29.53859,8192,M2×UP16×TH16×UB16
2026,block_group,361090010002,annual_mwh_home,first_order,placement,0.78697,0.73587,0.83551,bootstrap_95_bias_shifted,148.26833,29.53859,8192,M2×UP16×TH16×UB16
2026,block_group,361090010002,annual_mwh_home,total_effect,placement,0.89859,0.86012,0.9342,bootstrap_95_bias_shifted,148.26833,29.53859,8192,M2×UP16×TH16×UB16
2026,block_group,361090010002,annual_mwh_home,first_order,behaviour,0.10141,0.0658,0.13988,bootstrap_95_bias_shifted,148.26833,29.53859,8192,M2×UP16×TH16×UB16
2026,block_group,361090010002,annual_mwh_home,total_effect,behaviour,0.21303,0.16449,0.26413,bootstrap_95_bias_shifted,148.26833,29.53859,8192,M2×UP16×TH16×UB16
2026,block_group,361090010002,annual_mwh_home,first_order,interaction,0.11162,0.0871,0.13917,bootstrap_95_bias_shifted,148.26833,29.53859,8192,M2×UP16×TH16×UB16
2026,block_group,361090010002,annual_mwh_home,first_order,placement:weighting,0.62958,0.53946,0.7108,bootstrap_95_bias_shifted,148.26833,29.53859,8192,M2×UP16×TH16×UB16
2026,block_group,361090010002,annual_mwh_home,first_order,placement:sampling,0.10869,0.04047,0.17828,bootstrap_95_bias_shifted,148.26833,29.53859,8192,M2×UP16×TH16×UB16
2026,block_group,361090010002,annual_mwh_home,first_order,placement:weighting_x_sampling,0.04869,0.01231,0.10278,bootstrap_95_bias_shifted,148.26833,29.53859,8192,M2×UP16×TH16×UB16
2026,block_group,361090010002,annual_mwh_home,first_order,behaviour:parameters,0.09028,0.05612,0.12751,bootstrap_95_bias_shifted,148.26833,29.53859,8192,M2×UP16×TH16×UB16
2026,block_group,361090010002,annual_mwh_home,first_order,behaviour:stochastic,0.00931,-0.0008,0.02634,bootstrap_95_bias_shifted,148.26833,29.53859,8192,M2×UP16×TH16×UB16
2026,block_group,361090010002,annual_mwh_home,first_order,behaviour:parameters_x_stochastic,0.00183,-0.001,0.00575,bootstrap_95_bias_shifted,148.26833,29.53859,8192,M2×UP16×TH16×UB16
2026,block_group,361090010003,annual_mwh_home,first_order,stock,0.0,0.0,0.0,bootstrap_95_bias_shifted,83.03514,40.17219,8192,M2×UP16×TH16×UB16
2026,block_group,361090010003,annual_mwh_home,total_effect,stock,0.0,0.0,0.0,bootstrap_95_bias_shifted,83.03514,40.17219,8192,M2×UP16×TH16×UB16
2026,block_group,361090010003,annual_mwh_home,first_order,placement,0.90055,0.87354,0.9272,bootstrap_95_bias_shifted,83.03514,40.17219,8192,M2×UP16×TH16×UB16
2026,block_group,361090010003,annual_mwh_home,total_effect,placement,0.9568,0.93659,0.97547,bootstrap_95_bias_shifted,83.03514,40.17219,8192,M2×UP16×TH16×UB16
2026,block_group,361090010003,annual_mwh_home,first_order,behaviour,0.0432,0.02453,0.06341,bootstrap_95_bias_shifted,83.03514,40.17219,8192,M2×UP16×TH16×UB16
2026,block_group,361090010003,annual_mwh_home,total_effect,behaviour,0.09945,0.0728,0.12646,bootstrap_95_bias_shifted,83.03514,40.17219,8192,M2×UP16×TH16×UB16
2026,block_group,361090010003,annual_mwh_home,first_order,interaction,0.05626,0.04659,0.06652,bootstrap_95_bias_shifted,83.03514,40.17219,8192,M2×UP16×TH16×UB16
2026,block_group,361090010003,annual_mwh_home,first_order,placement:weighting,0.78779,0.72291,0.84259,bootstrap_95_bias_shifted,83.03514,40.17219,8192,M2×UP16×TH16×UB16
2026,block_group,361090010003,annual_mwh_home,first_order,placement:sampling,0.0792,0.0304,0.13432,bootstrap_95_bias_shifted,83.03514,40.17219,8192,M2×UP16×TH16×UB16
2026,block_group,361090010003,annual_mwh_home,first_order,placement:weighting_x_sampling,0.03355,0.01403,0.05412,bootstrap_95_bias_shifted,83.03514,40.17219,8192,M2×UP16×TH16×UB16
2026,block_group,361090010003,annual_mwh_home,first_order,behaviour:parameters,0.0402,0.02282,0.05996,bootstrap_95_bias_shifted,83.03514,40.17219,8192,M2×UP16×TH16×UB16
2026,block_group,361090010003,annual_mwh_home,first_order,behaviour:stochastic,0.00232,-0.00145,0.00787,bootstrap_95_bias_shifted,83.03514,40.17219,8192,M2×UP16×TH16×UB16
2026,block_group,361090010003,annual_mwh_home,first_order,behaviour:parameters_x_stochastic,0.00068,-0.00018,0.00178,bootstrap_95_bias_shifted,83.03514,40.17219,8192,M2×UP16×TH16×UB16
2026,block_group,361090011001,annual_mwh_home,first_order,stock,0.0,0.0,0.0,bootstrap_95_bias_shifted,132.85205,22.17785,8192,M2×UP16×TH16×UB16
2026,block_group,361090011001,annual_mwh_home,total_effect,stock,0.0,0.0,0.0,bootstrap_95_bias_shifted,132.85205,22.17785,8192,M2×UP16×TH16×UB16
2026,block_group,361090011001,annual_mwh_home,first_order,placement,0.41991,0.24332,0.55821,bootstrap_95_bias_shifted,132.85205,22.17785,8192,M2×UP16×TH16×UB16
2026,block_group,361090011001,annual_mwh_home,total_effect,placement,0.70461,0.58612,0.80671,bootstrap_95_bias_shifted,132.85205,22.17785,8192,M2×UP16×TH16×UB16
2026,block_group,361090011001,annual_mwh_home,first_order,behaviour,0.29539,0.19329,0.41388,bootstrap_95_bias_shifted,132.85205,22.17785,8192,M2×UP16×TH16×UB16
2026,block_group,361090011001,annual_mwh_home,total_effect,behaviour,0.58009,0.44179,0.75668,bootstrap_95_bias_shifted,132.85205,22.17785,8192,M2×UP16×TH16×UB16
2026,block_group,361090011001,annual_mwh_home,first_order,interaction,0.2847,0.20386,0.37804,bootstrap_95_bias_shifted,132.85205,22.17785,8192,M2×UP16×TH16×UB16
2026,block_group,361090011001,annual_mwh_home,first_order,placement:weighting,0.03138,-0.00852,0.10255,bootstrap_95_bias_shifted,132.85205,22.17785,8192,M2×UP16×TH16×UB16
2026,block_group,361090011001,annual_mwh_home,first_order,placement:sampling,0.30139,0.13018,0.45189,bootstrap_95_bias_shifted,132.85205,22.17785,8192,M2×UP16×TH16×UB16
2026,block_group,361090011001,annual_mwh_home,first_order,placement:weighting_x_sampling,0.08713,0.03878,0.13762,bootstrap_95_bias_shifted,132.85205,22.17785,8192,M2×UP16×TH16×UB16
2026,block_group,361090011001,annual_mwh_home,first_order,behaviour:parameters,0.29054,0.18204,0.39462,bootstrap_95_bias_shifted,132.85205,22.17785,8192,M2×UP16×TH16×UB16
2026,block_group,361090011001,annual_mwh_home,first_order,behaviour:stochastic,0.00341,-0.01312,0.02945,bootstrap_95_bias_shifted,132.85205,22.17785,8192,M2×UP16×TH16×UB16
2026,block_group,361090011001,annual_mwh_home,first_order,behaviour:parameters_x_stochastic,0.00143,-0.00338,0.00742,bootstrap_95_bias_shifted,132.85205,22.17785,8192,M2×UP16×TH16×UB16
2026,block_group,361090011002,annual_mwh_home,first_order,stock,0.0,0.0,0.0,bootstrap_95_bias_shifted,266.77728,38.73003,8192,M2×UP16×TH16×UB16
2026,block_group,361090011002,annual_mwh_home,total_effect,stock,0.0,0.0,0.0,bootstrap_95_bias_shifted,266.77728,38.73003,8192,M2×UP16×TH16×UB16
2026,block_group,361090011002,annual_mwh_home,first_order,placement,0.63361,0.49781,0.75338,bootstrap_95_bias_shifted,266.77728,38.73003,8192,M2×UP16×TH16×UB16
2026,block_group,361090011002,annual_mwh_home,total_effect,placement,0.78018,0.68053,0.87051,bootstrap_95_bias_shifted,266.77728,38.73003,8192,M2×UP16×TH16×UB16
2026,block_group,361090011002,annual_mwh_home,first_order,behaviour,0.21982,0.12949,0.31947,bootstrap_95_bias_shifted,266.77728,38.73003,8192,M2×UP16×TH16×UB16
2026,block_group,361090011002,annual_mwh_home,total_effect,behaviour,0.36639,0.24662,0.50219,bootstrap_95_bias_shifted,266.77728,38.73003,8192,M2×UP16×TH16×UB16
2026,block_group,361090011002,annual_mwh_home,first_order,interaction,0.14657,0.10523,0.20044,bootstrap_95_bias_shifted,266.77728,38.73003,8192,M2×UP16×TH16×UB16
2026,block_group,361090011002,annual_mwh_home,first_order,placement:weighting,0.25369,0.14793,0.34629,bootstrap_95_bias_shifted,266.77728,38.73003,8192,M2×UP16×TH16×UB16
2026,block_group,361090011002,annual_mwh_home,first_order,placement:sampling,0.31259,0.17299,0.42459,bootstrap_95_bias_shifted,266.77728,38.73003,8192,M2×UP16×TH16×UB16
2026,block_group,361090011002,annual_mwh_home,first_order,placement:weighting_x_sampling,0.06733,0.02549,0.11662,bootstrap_95_bias_shifted,266.77728,38.73003,8192,M2×UP16×TH16×UB16
2026,block_group,361090011002,annual_mwh_home,first_order,behaviour:parameters,0.21837,0.12169,0.31691,bootstrap_95_bias_shifted,266.77728,38.73003,8192,M2×UP16×TH16×UB16
2026,block_group,361090011002,annual_mwh_home,first_order,behaviour:stochastic,-0.00039,-0.00751,0.01129,bootstrap_95_bias_shifted,266.77728,38.73003,8192,M2×UP16×TH16×UB16
2026,block_group,361090011002,annual_mwh_home,first_order,behaviour:parameters_x_stochastic,0.00184,-0.00102,0.00672,bootstrap_95_bias_shifted,266.77728,38.73003,8192,M2×UP16×TH16×UB16
2026,block_group,361090012001,annual_mwh_home,first_order,stock,0.0,0.0,0.0,bootstrap_95_bias_shifted,11.94811,7.33134,8192,M2×UP16×TH16×UB16
2026,block_group,361090012001,annual_mwh_home,total_effect,stock,0.0,0.0,0.0,bootstrap_95_bias_shifted,11.94811,7.33134,8192,M2×UP16×TH16×UB16
2026,block_group,361090012001,annual_mwh_home,first_order,placement,0.78333,0.69896,0.84362,bootstrap_95_bias_shifted,11.94811,7.33134,8192,M2×UP16×TH16×UB16
2026,block_group,361090012001,annual_mwh_home,total_effect,placement,0.99104,0.96684,1.00332,bootstrap_95_bias_shifted,11.94811,7.33134,8192,M2×UP16×TH16×UB16
2026,block_group,361090012001,annual_mwh_home,first_order,behaviour,0.00896,-0.00332,0.03316,bootstrap_95_bias_shifted,11.94811,7.33134,8192,M2×UP16×TH16×UB16
2026,block_group,361090012001,annual_mwh_home,total_effect,behaviour,0.21667,0.15638,0.30104,bootstrap_95_bias_shifted,11.94811,7.33134,8192,M2×UP16×TH16×UB16
2026,block_group,361090012001,annual_mwh_home,first_order,interaction,0.20771,0.15348,0.28443,bootstrap_95_bias_shifted,11.94811,7.33134,8192,M2×UP16×TH16×UB16
2026,block_group,361090012001,annual_mwh_home,first_order,placement:weighting,0.36272,0.23138,0.51831,bootstrap_95_bias_shifted,11.94811,7.33134,8192,M2×UP16×TH16×UB16
2026,block_group,361090012001,annual_mwh_home,first_order,placement:sampling,0.31474,0.16254,0.46355,bootstrap_95_bias_shifted,11.94811,7.33134,8192,M2×UP16×TH16×UB16
2026,block_group,361090012001,annual_mwh_home,first_order,placement:weighting_x_sampling,0.10587,0.04874,0.18376,bootstrap_95_bias_shifted,11.94811,7.33134,8192,M2×UP16×TH16×UB16
2026,block_group,361090012001,annual_mwh_home,first_order,behaviour:parameters,0.00823,0.00402,0.01495,bootstrap_95_bias_shifted,11.94811,7.33134,8192,M2×UP16×TH16×UB16
2026,block_group,361090012001,annual_mwh_home,first_order,behaviour:stochastic,-0.00094,-0.01002,0.01926,bootstrap_95_bias_shifted,11.94811,7.33134,8192,M2×UP16×TH16×UB16
2026,block_group,361090012001,annual_mwh_home,first_order,behaviour:parameters_x_stochastic,0.00167,-0.00173,0.00635,bootstrap_95_bias_shifted,11.94811,7.33134,8192,M2×UP16×TH16×UB16
2026,block_group,361090013011,annual_mwh_home,first_order,stock,0.0,0.0,0.0,bootstrap_95_bias_shifted,153.22224,56.18969,8192,M2×UP16×TH16×UB16
2026,block_group,361090013011,annual_mwh_home,total_effect,stock,0.0,0.0,0.0,bootstrap_95_bias_shifted,153.22224,56.18969,8192,M2×UP16×TH16×UB16
2026,block_group,361090013011,annual_mwh_home,first_order,placement,0.86609,0.83777,0.89275,bootstrap_95_bias_shifted,153.22224,56.18969,8192,M2×UP16×TH16×UB16
2026,block_group,361090013011,annual_mwh_home,total_effect,placement,0.92917,0.9058,0.9546,bootstrap_95_bias_shifted,153.22224,56.18969,8192,M2×UP16×TH16×UB16
2026,block_group,361090013011,annual_mwh_home,first_order,behaviour,0.07083,0.0454,0.0942,bootstrap_95_bias_shifted,153.22224,56.18969,8192,M2×UP16×TH16×UB16
2026,block_group,361090013011,annual_mwh_home,total_effect,behaviour,0.13391,0.10725,0.16223,bootstrap_95_bias_shifted,153.22224,56.18969,8192,M2×UP16×TH16×UB16
2026,block_group,361090013011,annual_mwh_home,first_order,interaction,0.06308,0.05264,0.07467,bootstrap_95_bias_shifted,153.22224,56.18969,8192,M2×UP16×TH16×UB16
2026,block_group,361090013011,annual_mwh_home,first_order,placement:weighting,0.76344,0.70345,0.8189,bootstrap_95_bias_shifted,153.22224,56.18969,8192,M2×UP16×TH16×UB16
2026,block_group,361090013011,annual_mwh_home,first_order,placement:sampling,0.08811,0.03912,0.14607,bootstrap_95_bias_shifted,153.22224,56.18969,8192,M2×UP16×TH16×UB16
2026,block_group,361090013011,annual_mwh_home,first_order,placement:weighting_x_sampling,0.01454,0.00752,0.02261,bootstrap_95_bias_shifted,153.22224,56.18969,8192,M2×UP16×TH16×UB16
2026,block_group,361090013011,annual_mwh_home,first_order,behaviour:parameters,0.06838,0.04424,0.09309,bootstrap_95_bias_shifted,153.22224,56.18969,8192,M2×UP16×TH16×UB16
2026,block_group,361090013011,annual_mwh_home,first_order,behaviour:stochastic,0.00184,-0.0018,0.00768,bootstrap_95_bias_shifted,153.22224,56.18969,8192,M2×UP16×TH16×UB16
2026,block_group,361090013011,annual_mwh_home,first_order,behaviour:parameters_x_stochastic,0.00061,-0.0003,0.0019,bootstrap_95_bias_shifted,153.22224,56.18969,8192,M2×UP16×TH16×UB16
2026,block_group,361090013012,annual_mwh_home,first_order,stock,0.0,0.0,0.0,bootstrap_95_bias_shifted,187.03366,44.40403,8192,M2×UP16×TH16×UB16
2026,block_group,361090013012,annual_mwh_home,total_effect,stock,0.0,0.0,0.0,bootstrap_95_bias_shifted,187.03366,44.40403,8192,M2×UP16×TH16×UB16
2026,block_group,361090013012,annual_mwh_home,first_order,placement,0.77275,0.70785,0.83485,bootstrap_95_bias_shifted,187.03366,44.40403,8192,M2×UP16×TH16×UB16
2026,block_group,361090013012,annual_mwh_home,total_effect,placement,0.86927,0.81659,0.92201,bootstrap_95_bias_shifted,187.03366,44.40403,8192,M2×UP16×TH16×UB16
2026,block_group,361090013012,annual_mwh_home,first_order,behaviour,0.13073,0.07799,0.18341,bootstrap_95_bias_shifted,187.03366,44.40403,8192,M2×UP16×TH16×UB16
2026,block_group,361090013012,annual_mwh_home,total_effect,behaviour,0.22725,0.16515,0.29215,bootstrap_95_bias_shifted,187.03366,44.40403,8192,M2×UP16×TH16×UB16
2026,block_group,361090013012,annual_mwh_home,first_order,interaction,0.09651,0.07462,0.11951,bootstrap_95_bias_shifted,187.03366,44.40403,8192,M2×UP16×TH16×UB16
2026,block_group,361090013012,annual_mwh_home,first_order,placement:weighting,0.5799,0.51572,0.63785,bootstrap_95_bias_shifted,187.03366,44.40403,8192,M2×UP16×TH16×UB16
2026,block_group,361090013012,annual_mwh_home,first_order,placement:sampling,0.17612,0.10571,0.26381,bootstrap_95_bias_shifted,187.03366,44.40403,8192,M2×UP16×TH16×UB16
2026,block_group,361090013012,annual_mwh_home,first_order,placement:weighting_x_sampling,0.01674,0.00684,0.02969,bootstrap_95_bias_shifted,187.03366,44.40403,8192,M2×UP16×TH16×UB16
2026,block_group,361090013012,annual_mwh_home,first_order,behaviour:parameters,0.12819,0.0765,0.18188,bootstrap_95_bias_shifted,187.03366,44.40403,8192,M2×UP16×TH16×UB16
2026,block_group,361090013012,annual_mwh_home,first_order,behaviour:stochastic,0.00061,-0.00367,0.00693,bootstrap_95_bias_shifted,187.03366,44.40403,8192,M2×UP16×TH16×UB16
2026,block_group,361090013012,annual_mwh_home,first_order,behaviour:parameters_x_stochastic,0.00193,0.00033,0.00448,bootstrap_95_bias_shifted,187.03366,44.40403,8192,M2×UP16×TH16×UB16
2026,block_group,361090013021,annual_mwh_home,first_order,stock,0.0,0.0,0.0,bootstrap_95_bias_shifted,139.06867,25.73558,8192,M2×UP16×TH16×UB16
2026,block_group,361090013021,annual_mwh_home,total_effect,stock,0.0,0.0,0.0,bootstrap_95_bias_shifted,139.06867,25.73558,8192,M2×UP16×TH16×UB16
2026,block_group,361090013021,annual_mwh_home,first_order,placement,0.69172,0.51844,0.8147,bootstrap_95_bias_shifted,139.06867,25.73558,8192,M2×UP16×TH16×UB16
2026,block_group,361090013021,annual_mwh_home,total_effect,placement,0.8502,0.72711,0.92851,bootstrap_95_bias_shifted,139.06867,25.73558,8192,M2×UP16×TH16×UB16
2026,block_group,361090013021,annual_mwh_home,first_order,behaviour,0.1498,0.07149,0.27289,bootstrap_95_bias_shifted,139.06867,25.73558,8192,M2×UP16×TH16×UB16
2026,block_group,361090013021,annual_mwh_home,total_effect,behaviour,0.30828,0.1853,0.48156,bootstrap_95_bias_shifted,139.06867,25.73558,8192,M2×UP16×TH16×UB16
2026,block_group,361090013021,annual_mwh_home,first_order,interaction,0.15849,0.10324,0.2475,bootstrap_95_bias_shifted,139.06867,25.73558,8192,M2×UP16×TH16×UB16
2026,block_group,361090013021,annual_mwh_home,first_order,placement:weighting,0.01587,-0.00971,0.06557,bootstrap_95_bias_shifted,139.06867,25.73558,8192,M2×UP16×TH16×UB16
2026,block_group,361090013021,annual_mwh_home,first_order,placement:sampling,0.60545,0.37517,0.76558,bootstrap_95_bias_shifted,139.06867,25.73558,8192,M2×UP16×TH16×UB16
2026,block_group,361090013021,annual_mwh_home,first_order,placement:weighting_x_sampling,0.0704,0.02443,0.12621,bootstrap_95_bias_shifted,139.06867,25.73558,8192,M2×UP16×TH16×UB16
2026,block_group,361090013021,annual_mwh_home,first_order,behaviour:parameters,0.13909,0.06802,0.25102,bootstrap_95_bias_shifted,139.06867,25.73558,8192,M2×UP16×TH16×UB16
2026,block_group,361090013021,annual_mwh_home,first_order,behaviour:stochastic,0.00717,-0.00544,0.03075,bootstrap_95_bias_shifted,139.06867,25.73558,8192,M2×UP16×TH16×UB16
2026,block_group,361090013021,annual_mwh_home,first_order,behaviour:parameters_x_stochastic,0.00353,-0.00072,0.01048,bootstrap_95_bias_shifted,139.06867,25.73558,8192,M2×UP16×TH16×UB16
2026,block_group,361090013022,annual_mwh_home,first_order,stock,0.0,0.0,0.0,bootstrap_95_bias_shifted,44.71267,13.87469,8192,M2×UP16×TH16×UB16
2026,block_group,361090013022,annual_mwh_home,total_effect,stock,0.0,0.0,0.0,bootstrap_95_bias_shifted,44.71267,13.87469,8192,M2×UP16×TH16×UB16
2026,block_group,361090013022,annual_mwh_home,first_order,placement,0.66296,0.51712,0.78036,bootstrap_95_bias_shifted,44.71267,13.87469,8192,M2×UP16×TH16×UB16
2026,block_group,361090013022,annual_mwh_home,total_effect,placement,0.90969,0.84673,0.95781,bootstrap_95_bias_shifted,44.71267,13.87469,8192,M2×UP16×TH16×UB16
2026,block_group,361090013022,annual_mwh_home,first_order,behaviour,0.09031,0.04219,0.15327,bootstrap_95_bias_shifted,44.71267,13.87469,8192,M2×UP16×TH16×UB16
2026,block_group,361090013022,annual_mwh_home,total_effect,behaviour,0.33704,0.21964,0.48288,bootstrap_95_bias_shifted,44.71267,13.87469,8192,M2×UP16×TH16×UB16
2026,block_group,361090013022,annual_mwh_home,first_order,interaction,0.24673,0.15869,0.34119,bootstrap_95_bias_shifted,44.71267,13.87469,8192,M2×UP16×TH16×UB16
2026,block_group,361090013022,annual_mwh_home,first_order,placement:weighting,0.24795,0.12421,0.38805,bootstrap_95_bias_shifted,44.71267,13.87469,8192,M2×UP16×TH16×UB16
2026,block_group,361090013022,annual_mwh_home,first_order,placement:sampling,0.34639,0.12067,0.52714,bootstrap_95_bias_shifted,44.71267,13.87469,8192,M2×UP16×TH16×UB16
2026,block_group,361090013022,annual_mwh_home,first_order,placement:weighting_x_sampling,0.06862,0.01916,0.14026,bootstrap_95_bias_shifted,44.71267,13.87469,8192,M2×UP16×TH16×UB16
2026,block_group,361090013022,annual_mwh_home,first_order,behaviour:parameters,0.08488,0.04537,0.13547,bootstrap_95_bias_shifted,44.71267,13.87469,8192,M2×UP16×TH16×UB16
2026,block_group,361090013022,annual_mwh_home,first_order,behaviour:stochastic,0.00415,-0.01065,0.02729,bootstrap_95_bias_shifted,44.71267,13.87469,8192,M2×UP16×TH16×UB16
2026,block_group,361090013022,annual_mwh_home,first_order,behaviour:parameters_x_stochastic,0.00128,-0.003,0.00935,bootstrap_95_bias_shifted,44.71267,13.87469,8192,M2×UP16×TH16×UB16
2026,block_group,361090013023,annual_mwh_home,first_order,stock,0.0,0.0,0.0,bootstrap_95_bias_shifted,116.71394,28.21031,8192,M2×UP16×TH16×UB16
2026,block_group,361090013023,annual_mwh_home,total_effect,stock,0.0,0.0,0.0,bootstrap_95_bias_shifted,116.71394,28.21031,8192,M2×UP16×TH16×UB16
2026,block_group,361090013023,annual_mwh_home,first_order,placement,0.82335,0.76992,0.87294,bootstrap_95_bias_shifted,116.71394,28.21031,8192,M2×UP16×TH16×UB16
2026,block_group,361090013023,annual_mwh_home,total_effect,placement,0.92535,0.89238,0.95473,bootstrap_95_bias_shifted,116.71394,28.21031,8192,M2×UP16×TH16×UB16
2026,block_group,361090013023,annual_mwh_home,first_order,behaviour,0.07465,0.04527,0.10762,bootstrap_95_bias_shifted,116.71394,28.21031,8192,M2×UP16×TH16×UB16
2026,block_group,361090013023,annual_mwh_home,total_effect,behaviour,0.17665,0.12706,0.23008,bootstrap_95_bias_shifted,116.71394,28.21031,8192,M2×UP16×TH16×UB16
2026,block_group,361090013023,annual_mwh_home,first_order,interaction,0.10201,0.07488,0.1336,bootstrap_95_bias_shifted,116.71394,28.21031,8192,M2×UP16×TH16×UB16
2026,block_group,361090013023,annual_mwh_home,first_order,placement:weighting,0.4874,0.36775,0.61035,bootstrap_95_bias_shifted,116.71394,28.21031,8192,M2×UP16×TH16×UB16
2026,block_group,361090013023,annual_mwh_home,first_order,placement:sampling,0.2476,0.13154,0.36216,bootstrap_95_bias_shifted,116.71394,28.21031,8192,M2×UP16×TH16×UB16
2026,block_group,361090013023,annual_mwh_home,first_order,placement:weighting_x_sampling,0.08835,0.04037,0.14763,bootstrap_95_bias_shifted,116.71394,28.21031,8192,M2×UP16×TH16×UB16
2026,block_group,361090013023,annual_mwh_home,first_order,behaviour:parameters,0.07041,0.04129,0.10305,bootstrap_95_bias_shifted,116.71394,28.21031,8192,M2×UP16×TH16×UB16
2026,block_group,361090013023,annual_mwh_home,first_order,behaviour:stochastic,0.00278,-0.00205,0.01122,bootstrap_95_bias_shifted,116.71394,28.21031,8192,M2×UP16×TH16×UB16
2026,block_group,361090013023,annual_mwh_home,first_order,behaviour:parameters_x_stochastic,0.00145,-0.00053,0.00511,bootstrap_95_bias_shifted,116.71394,28.21031,8192,M2×UP16×TH16×UB16
2026,block_group,361090014001,annual_mwh_home,first_order,stock,0.0,0.0,0.0,bootstrap_95_bias_shifted,45.45711,14.59813,8192,M2×UP16×TH16×UB16
2026,block_group,361090014001,annual_mwh_home,total_effect,stock,0.0,0.0,0.0,bootstrap_95_bias_shifted,45.45711,14.59813,8192,M2×UP16×TH16×UB16
2026,block_group,361090014001,annual_mwh_home,first_order,placement,0.67205,0.53541,0.78836,bootstrap_95_bias_shifted,45.45711,14.59813,8192,M2×UP16×TH16×UB16
2026,block_group,361090014001,annual_mwh_home,total_effect,placement,0.92173,0.85292,0.96201,bootstrap_95_bias_shifted,45.45711,14.59813,8192,M2×UP16×TH16×UB16
2026,block_group,361090014001,annual_mwh_home,first_order,behaviour,0.07827,0.03799,0.14708,bootstrap_95_bias_shifted,45.45711,14.59813,8192,M2×UP16×TH16×UB16
2026,block_group,361090014001,annual_mwh_home,total_effect,behaviour,0.32795,0.21164,0.46459,bootstrap_95_bias_shifted,45.45711,14.59813,8192,M2×UP16×TH16×UB16
2026,block_group,361090014001,annual_mwh_home,first_order,interaction,0.24968,0.16721,0.34773,bootstrap_95_bias_shifted,45.45711,14.59813,8192,M2×UP16×TH16×UB16
2026,block_group,361090014001,annual_mwh_home,first_order,placement:weighting,0.21505,0.07867,0.40249,bootstrap_95_bias_shifted,45.45711,14.59813,8192,M2×UP16×TH16×UB16
2026,block_group,361090014001,annual_mwh_home,first_order,placement:sampling,0.41197,0.15182,0.65365,bootstrap_95_bias_shifted,45.45711,14.59813,8192,M2×UP16×TH16×UB16
2026,block_group,361090014001,annual_mwh_home,first_order,placement:weighting_x_sampling,0.04503,0.02109,0.08071,bootstrap_95_bias_shifted,45.45711,14.59813,8192,M2×UP16×TH16×UB16
2026,block_group,361090014001,annual_mwh_home,first_order,behaviour:parameters,0.0678,0.03129,0.12223,bootstrap_95_bias_shifted,45.45711,14.59813,8192,M2×UP16×TH16×UB16
2026,block_group,361090014001,annual_mwh_home,first_order,behaviour:stochastic,0.00848,-0.0094,0.03556,bootstrap_95_bias_shifted,45.45711,14.59813,8192,M2×UP16×TH16×UB16
2026,block_group,361090014001,annual_mwh_home,first_order,behaviour:parameters_x_stochastic,0.00199,-0.00207,0.0094,bootstrap_95_bias_shifted,45.45711,14.59813,8192,M2×UP16×TH16×UB16
2026,block_group,361090014002,annual_mwh_home,first_order,stock,0.0,0.0,0.0,bootstrap_95_bias_shifted,68.79771,16.34195,8192,M2×UP16×TH16×UB16
2026,block_group,361090014002,annual_mwh_home,total_effect,stock,0.0,0.0,0.0,bootstrap_95_bias_shifted,68.79771,16.34195,8192,M2×UP16×TH16×UB16
2026,block_group,361090014002,annual_mwh_home,first_order,placement,0.55485,0.32761,0.73731,bootstrap_95_bias_shifted,68.79771,16.34195,8192,M2×UP16×TH16×UB16
2026,block_group,361090014002,annual_mwh_home,total_effect,placement,0.84334,0.7454,0.9297,bootstrap_95_bias_shifted,68.79771,16.34195,8192,M2×UP16×TH16×UB16
2026,block_group,361090014002,annual_mwh_home,first_order,behaviour,0.15666,0.0703,0.2546,bootstrap_95_bias_shifted,68.79771,16.34195,8192,M2×UP16×TH16×UB16
2026,block_group,361090014002,annual_mwh_home,total_effect,behaviour,0.44515,0.26269,0.67239,bootstrap_95_bias_shifted,68.79771,16.34195,8192,M2×UP16×TH16×UB16
2026,block_group,361090014002,annual_mwh_home,first_order,interaction,0.2885,0.17878,0.43123,bootstrap_95_bias_shifted,68.79771,16.34195,8192,M2×UP16×TH16×UB16
2026,block_group,361090014002,annual_mwh_home,first_order,placement:weighting,-0.00216,-0.01351,0.03082,bootstrap_95_bias_shifted,68.79771,16.34195,8192,M2×UP16×TH16×UB16
2026,block_group,361090014002,annual_mwh_home,first_order,placement:sampling,0.48471,0.24646,0.70248,bootstrap_95_bias_shifted,68.79771,16.34195,8192,M2×UP16×TH16×UB16
2026,block_group,361090014002,annual_mwh_home,first_order,placement:weighting_x_sampling,0.07231,0.01697,0.1402,bootstrap_95_bias_shifted,68.79771,16.34195,8192,M2×UP16×TH16×UB16
2026,block_group,361090014002,annual_mwh_home,first_order,behaviour:parameters,0.14958,0.0663,0.25306,bootstrap_95_bias_shifted,68.79771,16.34195,8192,M2×UP16×TH16×UB16
2026,block_group,361090014002,annual_mwh_home,first_order,behaviour:stochastic,0.00568,-0.01124,0.03297,bootstrap_95_bias_shifted,68.79771,16.34195,8192,M2×UP16×TH16×UB16
2026,block_group,361090014002,annual_mwh_home,first_order,behaviour:parameters_x_stochastic,0.00139,-0.00302,0.00813,bootstrap_95_bias_shifted,68.79771,16.34195,8192,M2×UP16×TH16×UB16
2026,block_group,361090014003,annual_mwh_home,first_order,stock,0.0,0.0,0.0,bootstrap_95_bias_shifted,204.30872,27.97989,8192,M2×UP16×TH16×UB16
2026,block_group,361090014003,annual_mwh_home,total_effect,stock,0.0,0.0,0.0,bootstrap_95_bias_shifted,204.30872,27.97989,8192,M2×UP16×TH16×UB16
2026,block_group,361090014003,annual_mwh_home,first_order,placement,0.58096,0.45402,0.69165,bootstrap_95_bias_shifted,204.30872,27.97989,8192,M2×UP16×TH16×UB16
2026,block_group,361090014003,annual_mwh_home,total_effect,placement,0.78088,0.68807,0.85904,bootstrap_95_bias_shifted,204.30872,27.97989,8192,M2×UP16×TH16×UB16
2026,block_group,361090014003,annual_mwh_home,first_order,behaviour,0.21912,0.14096,0.31193,bootstrap_95_bias_shifted,204.30872,27.97989,8192,M2×UP16×TH16×UB16
2026,block_group,361090014003,annual_mwh_home,total_effect,behaviour,0.41904,0.30835,0.54598,bootstrap_95_bias_shifted,204.30872,27.97989,8192,M2×UP16×TH16×UB16
2026,block_group,361090014003,annual_mwh_home,first_order,interaction,0.19992,0.15037,0.27158,bootstrap_95_bias_shifted,204.30872,27.97989,8192,M2×UP16×TH16×UB16
2026,block_group,361090014003,annual_mwh_home,first_order,placement:weighting,0.24368,0.14793,0.35228,bootstrap_95_bias_shifted,204.30872,27.97989,8192,M2×UP16×TH16×UB16
2026,block_group,361090014003,annual_mwh_home,first_order,placement:sampling,0.27561,0.08565,0.41612,bootstrap_95_bias_shifted,204.30872,27.97989,8192,M2×UP16×TH16×UB16
2026,block_group,361090014003,annual_mwh_home,first_order,placement:weighting_x_sampling,0.06168,0.02379,0.09642,bootstrap_95_bias_shifted,204.30872,27.97989,8192,M2×UP16×TH16×UB16
2026,block_group,361090014003,annual_mwh_home,first_order,behaviour:parameters,0.20631,0.13162,0.28721,bootstrap_95_bias_shifted,204.30872,27.97989,8192,M2×UP16×TH16×UB16
2026,block_group,361090014003,annual_mwh_home,first_order,behaviour:stochastic,0.00886,-0.00582,0.02997,bootstrap_95_bias_shifted,204.30872,27.97989,8192,M2×UP16×TH16×UB16
2026,block_group,361090014003,annual_mwh_home,first_order,behaviour:parameters_x_stochastic,0.00395,-0.00025,0.01115,bootstrap_95_bias_shifted,204.30872,27.97989,8192,M2×UP16×TH16×UB16
2026,block_group,361090015001,annual_mwh_home,first_order,stock,0.0,0.0,0.0,bootstrap_95_bias_shifted,142.37505,31.46016,8192,M2×UP16×TH16×UB16
2026,block_group,361090015001,annual_mwh_home,total_effect,stock,0.0,0.0,0.0,bootstrap_95_bias_shifted,142.37505,31.46016,8192,M2×UP16×TH16×UB16
2026,block_group,361090015001,annual_mwh_home,first_order,placement,0.42115,0.3008,0.55747,bootstrap_95_bias_shifted,142.37505,31.46016,8192,M2×UP16×TH16×UB16
2026,block_group,361090015001,annual_mwh_home,total_effect,placement,0.63498,0.5307,0.75311,bootstrap_95_bias_shifted,142.37505,31.46016,8192,M2×UP16×TH16×UB16
2026,block_group,361090015001,annual_mwh_home,first_order,behaviour,0.36502,0.24689,0.4693,bootstrap_95_bias_shifted,142.37505,31.46016,8192,M2×UP16×TH16×UB16
2026,block_group,361090015001,annual_mwh_home,total_effect,behaviour,0.57885,0.44253,0.6992,bootstrap_95_bias_shifted,142.37505,31.46016,8192,M2×UP16×TH16×UB16
2026,block_group,361090015001,annual_mwh_home,first_order,interaction,0.21383,0.17106,0.26528,bootstrap_95_bias_shifted,142.37505,31.46016,8192,M2×UP16×TH16×UB16
2026,block_group,361090015001,annual_mwh_home,first_order,placement:weighting,0.05597,0.00208,0.1302,bootstrap_95_bias_shifted,142.37505,31.46016,8192,M2×UP16×TH16×UB16
2026,block_group,361090015001,annual_mwh_home,first_order,placement:sampling,0.31037,0.16977,0.46172,bootstrap_95_bias_shifted,142.37505,31.46016,8192,M2×UP16×TH16×UB16
2026,block_group,361090015001,annual_mwh_home,first_order,placement:weighting_x_sampling,0.05481,0.02589,0.10021,bootstrap_95_bias_shifted,142.37505,31.46016,8192,M2×UP16×TH16×UB16
2026,block_group,361090015001,annual_mwh_home,first_order,behaviour:parameters,0.3652,0.24877,0.47259,bootstrap_95_bias_shifted,142.37505,31.46016,8192,M2×UP16×TH16×UB16
2026,block_group,361090015001,annual_mwh_home,first_order,behaviour:stochastic,-0.00214,-0.00865,0.01038,bootstrap_95_bias_shifted,142.37505,31.46016,8192,M2×UP16×TH16×UB16
2026,block_group,361090015001,annual_mwh_home,first_order,behaviour:parameters_x_stochastic,0.00196,-0.00086,0.00555,bootstrap_95_bias_shifted,142.37505,31.46016,8192,M2×UP16×TH16×UB16
2026,block_group,361090015002,annual_mwh_home,first_order,stock,0.0,0.0,0.0,bootstrap_95_bias_shifted,171.35771,30.42311,8192,M2×UP16×TH16×UB16
2026,block_group,361090015002,annual_mwh_home,total_effect,stock,0.0,0.0,0.0,bootstrap_95_bias_shifted,171.35771,30.42311,8192,M2×UP16×TH16×UB16
2026,block_group,361090015002,annual_mwh_home,first_order,placement,0.6336,0.51713,0.7467,bootstrap_95_bias_shifted,171.35771,30.42311,8192,M2×UP16×TH16×UB16
2026,block_group,361090015002,annual_mwh_home,total_effect,placement,0.79882,0.70382,0.89727,bootstrap_95_bias_shifted,171.35771,30.42311,8192,M2×UP16×TH16×UB16
2026,block_group,361090015002,annual_mwh_home,first_order,behaviour,0.20118,0.10273,0.29618,bootstrap_95_bias_shifted,171.35771,30.42311,8192,M2×UP16×TH16×UB16
2026,block_group,361090015002,annual_mwh_home,total_effect,behaviour,0.3664,0.2533,0.48287,bootstrap_95_bias_shifted,171.35771,30.42311,8192,M2×UP16×TH16×UB16
2026,block_group,361090015002,annual_mwh_home,first_order,interaction,0.16523,0.12752,0.2063,bootstrap_95_bias_shifted,171.35771,30.42311,8192,M2×UP16×TH16×UB16
2026,block_group,361090015002,annual_mwh_home,first_order,placement:weighting,0.33759,0.25309,0.4447,bootstrap_95_bias_shifted,171.35771,30.42311,8192,M2×UP16×TH16×UB16
2026,block_group,361090015002,annual_mwh_home,first_order,placement:sampling,0.2494,0.11022,0.38336,bootstrap_95_bias_shifted,171.35771,30.42311,8192,M2×UP16×TH16×UB16
2026,block_group,361090015002,annual_mwh_home,first_order,placement:weighting_x_sampling,0.04661,0.01864,0.07903,bootstrap_95_bias_shifted,171.35771,30.42311,8192,M2×UP16×TH16×UB16
2026,block_group,361090015002,annual_mwh_home,first_order,behaviour:parameters,0.19757,0.10338,0.29317,bootstrap_95_bias_shifted,171.35771,30.42311,8192,M2×UP16×TH16×UB16
2026,block_group,361090015002,annual_mwh_home,first_order,behaviour:stochastic,0.00187,-0.00592,0.01248,bootstrap_95_bias_shifted,171.35771,30.42311,8192,M2×UP16×TH16×UB16
2026,block_group,361090015002,annual_mwh_home,first_order,behaviour:parameters_x_stochastic,0.00174,-0.00137,0.00726,bootstrap_95_bias_shifted,171.35771,30.42311,8192,M2×UP16×TH16×UB16
2026,block_group,361090015003,annual_mwh_home,first_order,stock,0.0,0.0,0.0,bootstrap_95_bias_shifted,133.24014,34.15383,8192,M2×UP16×TH16×UB16
2026,block_group,361090015003,annual_mwh_home,total_effect,stock,0.0,0.0,0.0,bootstrap_95_bias_shifted,133.24014,34.15383,8192,M2×UP16×TH16×UB16
2026,block_group,361090015003,annual_mwh_home,first_order,placement,0.79435,0.73656,0.85002,bootstrap_95_bias_shifted,133.24014,34.15383,8192,M2×UP16×TH16×UB16
2026,block_group,361090015003,annual_mwh_home,total_effect,placement,0.88704,0.83965,0.93474,bootstrap_95_bias_shifted,133.24014,34.15383,8192,M2×UP16×TH16×UB16
2026,block_group,361090015003,annual_mwh_home,first_order,behaviour,0.11296,0.06526,0.16035,bootstrap_95_bias_shifted,133.24014,34.15383,8192,M2×UP16×TH16×UB16
2026,block_group,361090015003,annual_mwh_home,total_effect,behaviour,0.20565,0.14998,0.26344,bootstrap_95_bias_shifted,133.24014,34.15383,8192,M2×UP16×TH16×UB16
2026,block_group,361090015003,annual_mwh_home,first_order,interaction,0.09269,0.07241,0.12354,bootstrap_95_bias_shifted,133.24014,34.15383,8192,M2×UP16×TH16×UB16
2026,block_group,361090015003,annual_mwh_home,first_order,placement:weighting,0.57454,0.51416,0.65101,bootstrap_95_bias_shifted,133.24014,34.15383,8192,M2×UP16×TH16×UB16
2026,block_group,361090015003,annual_mwh_home,first_order,placement:sampling,0.20968,0.11049,0.30454,bootstrap_95_bias_shifted,133.24014,34.15383,8192,M2×UP16×TH16×UB16
2026,block_group,361090015003,annual_mwh_home,first_order,placement:weighting_x_sampling,0.01014,0.00539,0.0154,bootstrap_95_bias_shifted,133.24014,34.15383,8192,M2×UP16×TH16×UB16
2026,block_group,361090015003,annual_mwh_home,first_order,behaviour:parameters,0.10912,0.06386,0.15606,bootstrap_95_bias_shifted,133.24014,34.15383,8192,M2×UP16×TH16×UB16
2026,block_group,361090015003,annual_mwh_home,first_order,behaviour:stochastic,0.00283,-0.00241,0.01105,bootstrap_95_bias_shifted,133.24014,34.15383,8192,M2×UP16×TH16×UB16
2026,block_group,361090015003,annual_mwh_home,first_order,behaviour:parameters_x_stochastic,0.00101,-0.00084,0.00365,bootstrap_95_bias_shifted,133.24014,34.15383,8192,M2×UP16×TH16×UB16
2026,block_group,361090016001,annual_mwh_home,first_order,stock,0.0,0.0,0.0,bootstrap_95_bias_shifted,142.00674,29.2492,8192,M2×UP16×TH16×UB16
2026,block_group,361090016001,annual_mwh_home,total_effect,stock,0.0,0.0,0.0,bootstrap_95_bias_shifted,142.00674,29.2492,8192,M2×UP16×TH16×UB16
2026,block_group,361090016001,annual_mwh_home,first_order,placement,0.76082,0.68008,0.82392,bootstrap_95_bias_shifted,142.00674,29.2492,8192,M2×UP16×TH16×UB16
2026,block_group,361090016001,annual_mwh_home,total_effect,placement,0.90119,0.83042,0.94475,bootstrap_95_bias_shifted,142.00674,29.2492,8192,M2×UP16×TH16×UB16
2026,block_group,361090016001,annual_mwh_home,first_order,behaviour,0.09881,0.05525,0.16958,bootstrap_95_bias_shifted,142.00674,29.2492,8192,M2×UP16×TH16×UB16
2026,block_group,361090016001,annual_mwh_home,total_effect,behaviour,0.23918,0.17608,0.31992,bootstrap_95_bias_shifted,142.00674,29.2492,8192,M2×UP16×TH16×UB16
2026,block_group,361090016001,annual_mwh_home,first_order,interaction,0.14037,0.10371,0.17734,bootstrap_95_bias_shifted,142.00674,29.2492,8192,M2×UP16×TH16×UB16
2026,block_group,361090016001,annual_mwh_home,first_order,placement:weighting,0.3562,0.23249,0.49764,bootstrap_95_bias_shifted,142.00674,29.2492,8192,M2×UP16×TH16×UB16
2026,block_group,361090016001,annual_mwh_home,first_order,placement:sampling,0.36166,0.1845,0.5377,bootstrap_95_bias_shifted,142.00674,29.2492,8192,M2×UP16×TH16×UB16
2026,block_group,361090016001,annual_mwh_home,first_order,placement:weighting_x_sampling,0.04297,0.02383,0.0623,bootstrap_95_bias_shifted,142.00674,29.2492,8192,M2×UP16×TH16×UB16
2026,block_group,361090016001,annual_mwh_home,first_order,behaviour:parameters,0.09393,0.05477,0.1536,bootstrap_95_bias_shifted,142.00674,29.2492,8192,M2×UP16×TH16×UB16
2026,block_group,361090016001,annual_mwh_home,first_order,behaviour:stochastic,0.00299,-0.00647,0.02021,bootstrap_95_bias_shifted,142.00674,29.2492,8192,M2×UP16×TH16×UB16
2026,block_group,361090016001,annual_mwh_home,first_order,behaviour:parameters_x_stochastic,0.00189,-0.00065,0.00563,bootstrap_95_bias_shifted,142.00674,29.2492,8192,M2×UP16×TH16×UB16
2026,block_group,361090016002,annual_mwh_home,first_order,stock,0.0,0.0,0.0,bootstrap_95_bias_shifted,174.53803,23.99269,8192,M2×UP16×TH16×UB16
2026,block_group,361090016002,annual_mwh_home,total_effect,stock,0.0,0.0,0.0,bootstrap_95_bias_shifted,174.53803,23.99269,8192,M2×UP16×TH16×UB16
2026,block_group,361090016002,annual_mwh_home,first_order,placement,0.40561,0.23778,0.55815,bootstrap_95_bias_shifted,174.53803,23.99269,8192,M2×UP16×TH16×UB16
2026,block_group,361090016002,annual_mwh_home,total_effect,placement,0.67141,0.538,0.78131,bootstrap_95_bias_shifted,174.53803,23.99269,8192,M2×UP16×TH16×UB16
2026,block_group,361090016002,annual_mwh_home,first_order,behaviour,0.32859,0.21869,0.462,bootstrap_95_bias_shifted,174.53803,23.99269,8192,M2×UP16×TH16×UB16
2026,block_group,361090016002,annual_mwh_home,total_effect,behaviour,0.59439,0.44185,0.76222,bootstrap_95_bias_shifted,174.53803,23.99269,8192,M2×UP16×TH16×UB16
2026,block_group,361090016002,annual_mwh_home,first_order,interaction,0.2658,0.18545,0.36739,bootstrap_95_bias_shifted,174.53803,23.99269,8192,M2×UP16×TH16×UB16
2026,block_group,361090016002,annual_mwh_home,first_order,placement:weighting,0.00572,-0.00811,0.03371,bootstrap_95_bias_shifted,174.53803,23.99269,8192,M2×UP16×TH16×UB16
2026,block_group,361090016002,annual_mwh_home,first_order,placement:sampling,0.3467,0.17273,0.49209,bootstrap_95_bias_shifted,174.53803,23.99269,8192,M2×UP16×TH16×UB16
2026,block_group,361090016002,annual_mwh_home,first_order,placement:weighting_x_sampling,0.05319,0.02609,0.08888,bootstrap_95_bias_shifted,174.53803,23.99269,8192,M2×UP16×TH16×UB16
2026,block_group,361090016002,annual_mwh_home,first_order,behaviour:parameters,0.32393,0.20602,0.45147,bootstrap_95_bias_shifted,174.53803,23.99269,8192,M2×UP16×TH16×UB16
2026,block_group,361090016002,annual_mwh_home,first_order,behaviour:stochastic,0.00168,-0.01148,0.0224,bootstrap_95_bias_shifted,174.53803,23.99269,8192,M2×UP16×TH16×UB16
2026,block_group,361090016002,annual_mwh_home,first_order,behaviour:parameters_x_stochastic,0.00299,-0.00202,0.01127,bootstrap_95_bias_shifted,174.53803,23.99269,8192,M2×UP16×TH16×UB16
2026,block_group,361090016003,annual_mwh_home,first_order,stock,0.0,0.0,0.0,bootstrap_95_bias_shifted,101.34988,23.84419,8192,M2×UP16×TH16×UB16
2026,block_group,361090016003,annual_mwh_home,total_effect,stock,0.0,0.0,0.0,bootstrap_95_bias_shifted,101.34988,23.84419,8192,M2×UP16×TH16×UB16
2026,block_group,361090016003,annual_mwh_home,first_order,placement,0.79746,0.73146,0.85403,bootstrap_95_bias_shifted,101.34988,23.84419,8192,M2×UP16×TH16×UB16
2026,block_group,361090016003,annual_mwh_home,total_effect,placement,0.92923,0.89754,0.96051,bootstrap_95_bias_shifted,101.34988,23.84419,8192,M2×UP16×TH16×UB16
2026,block_group,361090016003,annual_mwh_home,first_order,behaviour,0.07077,0.03949,0.10246,bootstrap_95_bias_shifted,101.34988,23.84419,8192,M2×UP16×TH16×UB16
2026,block_group,361090016003,annual_mwh_home,total_effect,behaviour,0.20254,0.14597,0.26854,bootstrap_95_bias_shifted,101.34988,23.84419,8192,M2×UP16×TH16×UB16
2026,block_group,361090016003,annual_mwh_home,first_order,interaction,0.13177,0.09732,0.17844,bootstrap_95_bias_shifted,101.34988,23.84419,8192,M2×UP16×TH16×UB16
2026,block_group,361090016003,annual_mwh_home,first_order,placement:weighting,0.53042,0.45461,0.6103,bootstrap_95_bias_shifted,101.34988,23.84419,8192,M2×UP16×TH16×UB16
2026,block_group,361090016003,annual_mwh_home,first_order,placement:sampling,0.22156,0.13644,0.31006,bootstrap_95_bias_shifted,101.34988,23.84419,8192,M2×UP16×TH16×UB16
2026,block_group,361090016003,annual_mwh_home,first_order,placement:weighting_x_sampling,0.04547,0.02193,0.07458,bootstrap_95_bias_shifted,101.34988,23.84419,8192,M2×UP16×TH16×UB16
2026,block_group,361090016003,annual_mwh_home,first_order,behaviour:parameters,0.06928,0.04012,0.09845,bootstrap_95_bias_shifted,101.34988,23.84419,8192,M2×UP16×TH16×UB16
2026,block_group,361090016003,annual_mwh_home,first_order,behaviour:stochastic,8e-05,-0.00566,0.00866,bootstrap_95_bias_shifted,101.34988,23.84419,8192,M2×UP16×TH16×UB16
2026,block_group,361090016003,annual_mwh_home,first_order,behaviour:parameters_x_stochastic,0.0014,-0.00095,0.00503,bootstrap_95_bias_shifted,101.34988,23.84419,8192,M2×UP16×TH16×UB16
2026,block_group,361090017001,annual_mwh_home,first_order,stock,0.0,0.0,0.0,bootstrap_95_bias_shifted,121.88605,24.75748,8192,M2×UP16×TH16×UB16
2026,block_group,361090017001,annual_mwh_home,total_effect,stock,0.0,0.0,0.0,bootstrap_95_bias_shifted,121.88605,24.75748,8192,M2×UP16×TH16×UB16
2026,block_group,361090017001,annual_mwh_home,first_order,placement,0.71946,0.65209,0.77747,bootstrap_95_bias_shifted,121.88605,24.75748,8192,M2×UP16×TH16×UB16
2026,block_group,361090017001,annual_mwh_home,total_effect,placement,0.88624,0.84498,0.92725,bootstrap_95_bias_shifted,121.88605,24.75748,8192,M2×UP16×TH16×UB16
2026,block_group,361090017001,annual_mwh_home,first_order,behaviour,0.11376,0.07275,0.15502,bootstrap_95_bias_shifted,121.88605,24.75748,8192,M2×UP16×TH16×UB16
2026,block_group,361090017001,annual_mwh_home,total_effect,behaviour,0.28054,0.22253,0.34791,bootstrap_95_bias_shifted,121.88605,24.75748,8192,M2×UP16×TH16×UB16
2026,block_group,361090017001,annual_mwh_home,first_order,interaction,0.16678,0.13254,0.21108,bootstrap_95_bias_shifted,121.88605,24.75748,8192,M2×UP16×TH16×UB16
2026,block_group,361090017001,annual_mwh_home,first_order,placement:weighting,0.49006,0.35181,0.61987,bootstrap_95_bias_shifted,121.88605,24.75748,8192,M2×UP16×TH16×UB16
2026,block_group,361090017001,annual_mwh_home,first_order,placement:sampling,0.15138,0.08198,0.23697,bootstrap_95_bias_shifted,121.88605,24.75748,8192,M2×UP16×TH16×UB16
2026,block_group,361090017001,annual_mwh_home,first_order,placement:weighting_x_sampling,0.07802,0.0266,0.15139,bootstrap_95_bias_shifted,121.88605,24.75748,8192,M2×UP16×TH16×UB16
2026,block_group,361090017001,annual_mwh_home,first_order,behaviour:parameters,0.10504,0.06698,0.14474,bootstrap_95_bias_shifted,121.88605,24.75748,8192,M2×UP16×TH16×UB16
2026,block_group,361090017001,annual_mwh_home,first_order,behaviour:stochastic,0.00661,-0.00426,0.023,bootstrap_95_bias_shifted,121.88605,24.75748,8192,M2×UP16×TH16×UB16
2026,block_group,361090017001,annual_mwh_home,first_order,behaviour:parameters_x_stochastic,0.00211,-0.00086,0.00624,bootstrap_95_bias_shifted,121.88605,24.75748,8192,M2×UP16×TH16×UB16
2026,block_group,361090017002,annual_mwh_home,first_order,stock,0.0,0.0,0.0,bootstrap_95_bias_shifted,86.85046,34.4578,8192,M2×UP16×TH16×UB16
2026,block_group,361090017002,annual_mwh_home,total_effect,stock,0.0,0.0,0.0,bootstrap_95_bias_shifted,86.85046,34.4578,8192,M2×UP16×TH16×UB16
2026,block_group,361090017002,annual_mwh_home,first_order,placement,0.9181,0.89623,0.93761,bootstrap_95_bias_shifted,86.85046,34.4578,8192,M2×UP16×TH16×UB16
2026,block_group,361090017002,annual_mwh_home,total_effect,placement,0.97599,0.96442,0.98864,bootstrap_95_bias_shifted,86.85046,34.4578,8192,M2×UP16×TH16×UB16
2026,block_group,361090017002,annual_mwh_home,first_order,behaviour,0.02401,0.01136,0.03558,bootstrap_95_bias_shifted,86.85046,34.4578,8192,M2×UP16×TH16×UB16
2026,block_group,361090017002,annual_mwh_home,total_effect,behaviour,0.0819,0.06239,0.10377,bootstrap_95_bias_shifted,86.85046,34.4578,8192,M2×UP16×TH16×UB16
2026,block_group,361090017002,annual_mwh_home,first_order,interaction,0.05788,0.04546,0.07223,bootstrap_95_bias_shifted,86.85046,34.4578,8192,M2×UP16×TH16×UB16
2026,block_group,361090017002,annual_mwh_home,first_order,placement:weighting,0.68511,0.61715,0.76922,bootstrap_95_bias_shifted,86.85046,34.4578,8192,M2×UP16×TH16×UB16
2026,block_group,361090017002,annual_mwh_home,first_order,placement:sampling,0.19043,0.1123,0.26922,bootstrap_95_bias_shifted,86.85046,34.4578,8192,M2×UP16×TH16×UB16
2026,block_group,361090017002,annual_mwh_home,first_order,placement:weighting_x_sampling,0.04257,0.02022,0.0648,bootstrap_95_bias_shifted,86.85046,34.4578,8192,M2×UP16×TH16×UB16
2026,block_group,361090017002,annual_mwh_home,first_order,behaviour:parameters,0.02189,0.01111,0.03257,bootstrap_95_bias_shifted,86.85046,34.4578,8192,M2×UP16×TH16×UB16
2026,block_group,361090017002,annual_mwh_home,first_order,behaviour:stochastic,0.00175,-0.00118,0.00691,bootstrap_95_bias_shifted,86.85046,34.4578,8192,M2×UP16×TH16×UB16
2026,block_group,361090017002,annual_mwh_home,first_order,behaviour:parameters_x_stochastic,0.00037,-0.00049,0.00157,bootstrap_95_bias_shifted,86.85046,34.4578,8192,M2×UP16×TH16×UB16
2026,block_group,361090017003,annual_mwh_home,first_order,stock,0.0,0.0,0.0,bootstrap_95_bias_shifted,40.86839,13.2933,8192,M2×UP16×TH16×UB16
2026,block_group,361090017003,annual_mwh_home,total_effect,stock,0.0,0.0,0.0,bootstrap_95_bias_shifted,40.86839,13.2933,8192,M2×UP16×TH16×UB16
2026,block_group,361090017003,annual_mwh_home,first_order,placement,0.74956,0.66923,0.81312,bootstrap_95_bias_shifted,40.86839,13.2933,8192,M2×UP16×TH16×UB16
2026,block_group,361090017003,annual_mwh_home,total_effect,placement,0.95908,0.9274,0.98259,bootstrap_95_bias_shifted,40.86839,13.2933,8192,M2×UP16×TH16×UB16
2026,block_group,361090017003,annual_mwh_home,first_order,behaviour,0.04092,0.01741,0.0726,bootstrap_95_bias_shifted,40.86839,13.2933,8192,M2×UP16×TH16×UB16
2026,block_group,361090017003,annual_mwh_home,total_effect,behaviour,0.25044,0.18688,0.33077,bootstrap_95_bias_shifted,40.86839,13.2933,8192,M2×UP16×TH16×UB16
2026,block_group,361090017003,annual_mwh_home,first_order,interaction,0.20952,0.15899,0.2673,bootstrap_95_bias_shifted,40.86839,13.2933,8192,M2×UP16×TH16×UB16
2026,block_group,361090017003,annual_mwh_home,first_order,placement:weighting,0.44584,0.34803,0.54984,bootstrap_95_bias_shifted,40.86839,13.2933,8192,M2×UP16×TH16×UB16
2026,block_group,361090017003,annual_mwh_home,first_order,placement:sampling,0.25989,0.1241,0.38831,bootstrap_95_bias_shifted,40.86839,13.2933,8192,M2×UP16×TH16×UB16
2026,block_group,361090017003,annual_mwh_home,first_order,placement:weighting_x_sampling,0.04382,0.01694,0.07659,bootstrap_95_bias_shifted,40.86839,13.2933,8192,M2×UP16×TH16×UB16
2026,block_group,361090017003,annual_mwh_home,first_order,behaviour:parameters,0.03646,0.02074,0.0584,bootstrap_95_bias_shifted,40.86839,13.2933,8192,M2×UP16×TH16×UB16
2026,block_group,361090017003,annual_mwh_home,first_order,behaviour:stochastic,0.00292,-0.00985,0.02653,bootstrap_95_bias_shifted,40.86839,13.2933,8192,M2×UP16×TH16×UB16
2026,block_group,361090017003,annual_mwh_home,first_order,behaviour:parameters_x_stochastic,0.00154,-0.00166,0.00672,bootstrap_95_bias_shifted,40.86839,13.2933,8192,M2×UP16×TH16×UB16
2026,block_group,361090018001,annual_mwh_home,first_order,stock,0.0,0.0,0.0,bootstrap_95_bias_shifted,65.01182,13.08924,8192,M2×UP16×TH16×UB16
2026,block_group,361090018001,annual_mwh_home,total_effect,stock,0.0,0.0,0.0,bootstrap_95_bias_shifted,65.01182,13.08924,8192,M2×UP16×TH16×UB16
2026,block_group,361090018001,annual_mwh_home,first_order,placement,0.59342,0.46189,0.70277,bootstrap_95_bias_shifted,65.01182,13.08924,8192,M2×UP16×TH16×UB16
2026,block_group,361090018001,annual_mwh_home,total_effect,placement,0.90615,0.84264,0.95631,bootstrap_95_bias_shifted,65.01182,13.08924,8192,M2×UP16×TH16×UB16
2026,block_group,361090018001,annual_mwh_home,first_order,behaviour,0.09385,0.04369,0.15736,bootstrap_95_bias_shifted,65.01182,13.08924,8192,M2×UP16×TH16×UB16
2026,block_group,361090018001,annual_mwh_home,total_effect,behaviour,0.40658,0.29723,0.53811,bootstrap_95_bias_shifted,65.01182,13.08924,8192,M2×UP16×TH16×UB16
2026,block_group,361090018001,annual_mwh_home,first_order,interaction,0.31273,0.23344,0.38962,bootstrap_95_bias_shifted,65.01182,13.08924,8192,M2×UP16×TH16×UB16
2026,block_group,361090018001,annual_mwh_home,first_order,placement:weighting,0.26056,0.16582,0.36413,bootstrap_95_bias_shifted,65.01182,13.08924,8192,M2×UP16×TH16×UB16
2026,block_group,361090018001,annual_mwh_home,first_order,placement:sampling,0.26314,0.12556,0.42341,bootstrap_95_bias_shifted,65.01182,13.08924,8192,M2×UP16×TH16×UB16
2026,block_group,361090018001,annual_mwh_home,first_order,placement:weighting_x_sampling,0.06973,0.01941,0.12408,bootstrap_95_bias_shifted,65.01182,13.08924,8192,M2×UP16×TH16×UB16
2026,block_group,361090018001,annual_mwh_home,first_order,behaviour:parameters,0.09202,0.04935,0.13905,bootstrap_95_bias_shifted,65.01182,13.08924,8192,M2×UP16×TH16×UB16
2026,block_group,361090018001,annual_mwh_home,first_order,behaviour:stochastic,0.00142,-0.01339,0.03132,bootstrap_95_bias_shifted,65.01182,13.08924,8192,M2×UP16×TH16×UB16
2026,block_group,361090018001,annual_mwh_home,first_order,behaviour:parameters_x_stochastic,0.00041,-0.00452,0.0094,bootstrap_95_bias_shifted,65.01182,13.08924,8192,M2×UP16×TH16×UB16
2026,block_group,361090018002,annual_mwh_home,first_order,stock,0.0,0.0,0.0,bootstrap_95_bias_shifted,57.77462,14.41768,8192,M2×UP16×TH16×UB16
2026,block_group,361090018002,annual_mwh_home,total_effect,stock,0.0,0.0,0.0,bootstrap_95_bias_shifted,57.77462,14.41768,8192,M2×UP16×TH16×UB16
2026,block_group,361090018002,annual_mwh_home,first_order,placement,0.67707,0.58423,0.763,bootstrap_95_bias_shifted,57.77462,14.41768,8192,M2×UP16×TH16×UB16
2026,block_group,361090018002,annual_mwh_home,total_effect,placement,0.93029,0.88218,0.9653,bootstrap_95_bias_shifted,57.77462,14.41768,8192,M2×UP16×TH16×UB16
2026,block_group,361090018002,annual_mwh_home,first_order,behaviour,0.06971,0.0347,0.11782,bootstrap_95_bias_shifted,57.77462,14.41768,8192,M2×UP16×TH16×UB16
2026,block_group,361090018002,annual_mwh_home,total_effect,behaviour,0.32293,0.237,0.41577,bootstrap_95_bias_shifted,57.77462,14.41768,8192,M2×UP16×TH16×UB16
2026,block_group,361090018002,annual_mwh_home,first_order,interaction,0.25322,0.18536,0.32496,bootstrap_95_bias_shifted,57.77462,14.41768,8192,M2×UP16×TH16×UB16
2026,block_group,361090018002,annual_mwh_home,first_order,placement:weighting,0.27358,0.16588,0.39748,bootstrap_95_bias_shifted,57.77462,14.41768,8192,M2×UP16×TH16×UB16
2026,block_group,361090018002,annual_mwh_home,first_order,placement:sampling,0.36277,0.19608,0.51556,bootstrap_95_bias_shifted,57.77462,14.41768,8192,M2×UP16×TH16×UB16
2026,block_group,361090018002,annual_mwh_home,first_order,placement:weighting_x_sampling,0.04072,0.0192,0.06352,bootstrap_95_bias_shifted,57.77462,14.41768,8192,M2×UP16×TH16×UB16
2026,block_group,361090018002,annual_mwh_home,first_order,behaviour:parameters,0.06598,0.04059,0.10469,bootstrap_95_bias_shifted,57.77462,14.41768,8192,M2×UP16×TH16×UB16
2026,block_group,361090018002,annual_mwh_home,first_order,behaviour:stochastic,0.00356,-0.00969,0.02631,bootstrap_95_bias_shifted,57.77462,14.41768,8192,M2×UP16×TH16×UB16
2026,block_group,361090018002,annual_mwh_home,first_order,behaviour:parameters_x_stochastic,0.00017,-0.00383,0.00699,bootstrap_95_bias_shifted,57.77462,14.41768,8192,M2×UP16×TH16×UB16
2026,block_group,361090018003,annual_mwh_home,first_order,stock,0.0,0.0,0.0,bootstrap_95_bias_shifted,46.2981,11.27555,8192,M2×UP16×TH16×UB16
2026,block_group,361090018003,annual_mwh_home,total_effect,stock,0.0,0.0,0.0,bootstrap_95_bias_shifted,46.2981,11.27555,8192,M2×UP16×TH16×UB16
2026,block_group,361090018003,annual_mwh_home,first_order,placement,0.67534,0.54281,0.77313,bootstrap_95_bias_shifted,46.2981,11.27555,8192,M2×UP16×TH16×UB16
2026,block_group,361090018003,annual_mwh_home,total_effect,placement,0.9365,0.88604,0.97307,bootstrap_95_bias_shifted,46.2981,11.27555,8192,M2×UP16×TH16×UB16
2026,block_group,361090018003,annual_mwh_home,first_order,behaviour,0.0635,0.02693,0.11396,bootstrap_95_bias_shifted,46.2981,11.27555,8192,M2×UP16×TH16×UB16
2026,block_group,361090018003,annual_mwh_home,total_effect,behaviour,0.32466,0.22687,0.45719,bootstrap_95_bias_shifted,46.2981,11.27555,8192,M2×UP16×TH16×UB16
2026,block_group,361090018003,annual_mwh_home,first_order,interaction,0.26116,0.19355,0.36318,bootstrap_95_bias_shifted,46.2981,11.27555,8192,M2×UP16×TH16×UB16
2026,block_group,361090018003,annual_mwh_home,first_order,placement:weighting,0.22051,0.11064,0.36641,bootstrap_95_bias_shifted,46.2981,11.27555,8192,M2×UP16×TH16×UB16
2026,block_group,361090018003,annual_mwh_home,first_order,placement:sampling,0.38051,0.12856,0.56763,bootstrap_95_bias_shifted,46.2981,11.27555,8192,M2×UP16×TH16×UB16
2026,block_group,361090018003,annual_mwh_home,first_order,placement:weighting_x_sampling,0.07432,0.03001,0.13139,bootstrap_95_bias_shifted,46.2981,11.27555,8192,M2×UP16×TH16×UB16
2026,block_group,361090018003,annual_mwh_home,first_order,behaviour:parameters,0.06211,0.03079,0.10669,bootstrap_95_bias_shifted,46.2981,11.27555,8192,M2×UP16×TH16×UB16
2026,block_group,361090018003,annual_mwh_home,first_order,behaviour:stochastic,-0.0017,-0.01135,0.01846,bootstrap_95_bias_shifted,46.2981,11.27555,8192,M2×UP16×TH16×UB16
2026,block_group,361090018003,annual_mwh_home,first_order,behaviour:parameters_x_stochastic,0.00309,-0.00282,0.01285,bootstrap_95_bias_shifted,46.2981,11.27555,8192,M2×UP16×TH16×UB16
2026,block_group,361090019011,annual_mwh_home,first_order,stock,0.0,0.0,0.0,bootstrap_95_bias_shifted,112.87471,16.87713,8192,M2×UP16×TH16×UB16
2026,block_group,361090019011,annual_mwh_home,total_effect,stock,0.0,0.0,0.0,bootstrap_95_bias_shifted,112.87471,16.87713,8192,M2×UP16×TH16×UB16
2026,block_group,361090019011,annual_mwh_home,first_order,placement,0.51198,0.35918,0.65808,bootstrap_95_bias_shifted,112.87471,16.87713,8192,M2×UP16×TH16×UB16
2026,block_group,361090019011,annual_mwh_home,total_effect,placement,0.81902,0.72196,0.89409,bootstrap_95_bias_shifted,112.87471,16.87713,8192,M2×UP16×TH16×UB16
2026,block_group,361090019011,annual_mwh_home,first_order,behaviour,0.18098,0.10591,0.27804,bootstrap_95_bias_shifted,112.87471,16.87713,8192,M2×UP16×TH16×UB16
2026,block_group,361090019011,annual_mwh_home,total_effect,behaviour,0.48802,0.34192,0.64082,bootstrap_95_bias_shifted,112.87471,16.87713,8192,M2×UP16×TH16×UB16
2026,block_group,361090019011,annual_mwh_home,first_order,interaction,0.30704,0.20972,0.40471,bootstrap_95_bias_shifted,112.87471,16.87713,8192,M2×UP16×TH16×UB16
2026,block_group,361090019011,annual_mwh_home,first_order,placement:weighting,0.04713,0.00203,0.11736,bootstrap_95_bias_shifted,112.87471,16.87713,8192,M2×UP16×TH16×UB16
2026,block_group,361090019011,annual_mwh_home,first_order,placement:sampling,0.38762,0.24081,0.53263,bootstrap_95_bias_shifted,112.87471,16.87713,8192,M2×UP16×TH16×UB16
2026,block_group,361090019011,annual_mwh_home,first_order,placement:weighting_x_sampling,0.07723,0.04,0.11336,bootstrap_95_bias_shifted,112.87471,16.87713,8192,M2×UP16×TH16×UB16
2026,block_group,361090019011,annual_mwh_home,first_order,behaviour:parameters,0.16667,0.09934,0.24779,bootstrap_95_bias_shifted,112.87471,16.87713,8192,M2×UP16×TH16×UB16
2026,block_group,361090019011,annual_mwh_home,first_order,behaviour:stochastic,0.0105,-0.00843,0.0464,bootstrap_95_bias_shifted,112.87471,16.87713,8192,M2×UP16×TH16×UB16
2026,block_group,361090019011,annual_mwh_home,first_order,behaviour:parameters_x_stochastic,0.0038,-0.00311,0.01529,bootstrap_95_bias_shifted,112.87471,16.87713,8192,M2×UP16×TH16×UB16
2026,block_group,361090019012,annual_mwh_home,first_order,stock,0.0,0.0,0.0,bootstrap_95_bias_shifted,144.72166,21.30873,8192,M2×UP16×TH16×UB16
2026,block_group,361090019012,annual_mwh_home,total_effect,stock,0.0,0.0,0.0,bootstrap_95_bias_shifted,144.72166,21.30873,8192,M2×UP16×TH16×UB16
2026,block_group,361090019012,annual_mwh_home,first_order,placement,0.48131,0.34513,0.61599,bootstrap_95_bias_shifted,144.72166,21.30873,8192,M2×UP16×TH16×UB16
2026,block_group,361090019012,annual_mwh_home,total_effect,placement,0.76203,0.65199,0.85609,bootstrap_95_bias_shifted,144.72166,21.30873,8192,M2×UP16×TH16×UB16
2026,block_group,361090019012,annual_mwh_home,first_order,behaviour,0.23797,0.14391,0.34801,bootstrap_95_bias_shifted,144.72166,21.30873,8192,M2×UP16×TH16×UB16
2026,block_group,361090019012,annual_mwh_home,total_effect,behaviour,0.51869,0.38401,0.65487,bootstrap_95_bias_shifted,144.72166,21.30873,8192,M2×UP16×TH16×UB16
2026,block_group,361090019012,annual_mwh_home,first_order,interaction,0.28072,0.20266,0.35983,bootstrap_95_bias_shifted,144.72166,21.30873,8192,M2×UP16×TH16×UB16
2026,block_group,361090019012,annual_mwh_home,first_order,placement:weighting,0.09051,0.02411,0.18146,bootstrap_95_bias_shifted,144.72166,21.30873,8192,M2×UP16×TH16×UB16
2026,block_group,361090019012,annual_mwh_home,first_order,placement:sampling,0.30868,0.20505,0.42254,bootstrap_95_bias_shifted,144.72166,21.30873,8192,M2×UP16×TH16×UB16
2026,block_group,361090019012,annual_mwh_home,first_order,placement:weighting_x_sampling,0.08212,0.04024,0.13159,bootstrap_95_bias_shifted,144.72166,21.30873,8192,M2×UP16×TH16×UB16
2026,block_group,361090019012,annual_mwh_home,first_order,behaviour:parameters,0.22822,0.14169,0.32968,bootstrap_95_bias_shifted,144.72166,21.30873,8192,M2×UP16×TH16×UB16
2026,block_group,361090019012,annual_mwh_home,first_order,behaviour:stochastic,0.00495,-0.01233,0.03202,bootstrap_95_bias_shifted,144.72166,21.30873,8192,M2×UP16×TH16×UB16
2026,block_group,361090019012,annual_mwh_home,first_order,behaviour:parameters_x_stochastic,0.00481,-0.00055,0.01256,bootstrap_95_bias_shifted,144.72166,21.30873,8192,M2×UP16×TH16×UB16
2026,block_group,361090019021,annual_mwh_home,first_order,stock,0.0,0.0,0.0,bootstrap_95_bias_shifted,96.29339,19.64206,8192,M2×UP16×TH16×UB16
2026,block_group,361090019021,annual_mwh_home,total_effect,stock,0.0,0.0,0.0,bootstrap_95_bias_shifted,96.29339,19.64206,8192,M2×UP16×TH16×UB16
2026,block_group,361090019021,annual_mwh_home,first_order,placement,0.72468,0.62237,0.79928,bootstrap_95_bias_shifted,96.29339,19.64206,8192,M2×UP16×TH16×UB16
2026,block_group,361090019021,annual_mwh_home,total_effect,placement,0.89668,0.84629,0.93696,bootstrap_95_bias_shifted,96.29339,19.64206,8192,M2×UP16×TH16×UB16
2026,block_group,361090019021,annual_mwh_home,first_order,behaviour,0.10332,0.06304,0.15371,bootstrap_95_bias_shifted,96.29339,19.64206,8192,M2×UP16×TH16×UB16
2026,block_group,361090019021,annual_mwh_home,total_effect,behaviour,0.27532,0.20072,0.37763,bootstrap_95_bias_shifted,96.29339,19.64206,8192,M2×UP16×TH16×UB16
2026,block_group,361090019021,annual_mwh_home,first_order,interaction,0.172,0.12492,0.24106,bootstrap_95_bias_shifted,96.29339,19.64206,8192,M2×UP16×TH16×UB16
2026,block_group,361090019021,annual_mwh_home,first_order,placement:weighting,0.14407,0.03344,0.29428,bootstrap_95_bias_shifted,96.29339,19.64206,8192,M2×UP16×TH16×UB16
2026,block_group,361090019021,annual_mwh_home,first_order,placement:sampling,0.42607,0.2218,0.62659,bootstrap_95_bias_shifted,96.29339,19.64206,8192,M2×UP16×TH16×UB16
2026,block_group,361090019021,annual_mwh_home,first_order,placement:weighting_x_sampling,0.15454,0.06466,0.2678,bootstrap_95_bias_shifted,96.29339,19.64206,8192,M2×UP16×TH16×UB16
2026,block_group,361090019021,annual_mwh_home,first_order,behaviour:parameters,0.09548,0.05873,0.14142,bootstrap_95_bias_shifted,96.29339,19.64206,8192,M2×UP16×TH16×UB16
2026,block_group,361090019021,annual_mwh_home,first_order,behaviour:stochastic,0.00611,-0.00459,0.02188,bootstrap_95_bias_shifted,96.29339,19.64206,8192,M2×UP16×TH16×UB16
2026,block_group,361090019021,annual_mwh_home,first_order,behaviour:parameters_x_stochastic,0.00173,-0.0014,0.00872,bootstrap_95_bias_shifted,96.29339,19.64206,8192,M2×UP16×TH16×UB16
2026,block_group,361090019022,annual_mwh_home,first_order,stock,0.0,0.0,0.0,bootstrap_95_bias_shifted,134.6153,32.86685,8192,M2×UP16×TH16×UB16
2026,block_group,361090019022,annual_mwh_home,total_effect,stock,0.0,0.0,0.0,bootstrap_95_bias_shifted,134.6153,32.86685,8192,M2×UP16×TH16×UB16
2026,block_group,361090019022,annual_mwh_home,first_order,placement,0.81081,0.75452,0.86242,bootstrap_95_bias_shifted,134.6153,32.86685,8192,M2×UP16×TH16×UB16
2026,block_group,361090019022,annual_mwh_home,total_effect,placement,0.91086,0.86675,0.95045,bootstrap_95_bias_shifted,134.6153,32.86685,8192,M2×UP16×TH16×UB16
2026,block_group,361090019022,annual_mwh_home,first_order,behaviour,0.08914,0.04955,0.13325,bootstrap_95_bias_shifted,134.6153,32.86685,8192,M2×UP16×TH16×UB16
2026,block_group,361090019022,annual_mwh_home,total_effect,behaviour,0.18919,0.13758,0.24548,bootstrap_95_bias_shifted,134.6153,32.86685,8192,M2×UP16×TH16×UB16
2026,block_group,361090019022,annual_mwh_home,first_order,interaction,0.10006,0.0787,0.12568,bootstrap_95_bias_shifted,134.6153,32.86685,8192,M2×UP16×TH16×UB16
2026,block_group,361090019022,annual_mwh_home,first_order,placement:weighting,0.40711,0.30637,0.51169,bootstrap_95_bias_shifted,134.6153,32.86685,8192,M2×UP16×TH16×UB16
2026,block_group,361090019022,annual_mwh_home,first_order,placement:sampling,0.37691,0.23593,0.50535,bootstrap_95_bias_shifted,134.6153,32.86685,8192,M2×UP16×TH16×UB16
2026,block_group,361090019022,annual_mwh_home,first_order,placement:weighting_x_sampling,0.02678,0.00956,0.05018,bootstrap_95_bias_shifted,134.6153,32.86685,8192,M2×UP16×TH16×UB16
2026,block_group,361090019022,annual_mwh_home,first_order,behaviour:parameters,0.08456,0.04679,0.12567,bootstrap_95_bias_shifted,134.6153,32.86685,8192,M2×UP16×TH16×UB16
2026,block_group,361090019022,annual_mwh_home,first_order,behaviour:stochastic,0.00349,-0.00329,0.01367,bootstrap_95_bias_shifted,134.6153,32.86685,8192,M2×UP16×TH16×UB16
2026,block_group,361090019022,annual_mwh_home,first_order,behaviour:parameters_x_stochastic,0.00108,-0.00105,0.00432,bootstrap_95_bias_shifted,134.6153,32.86685,8192,M2×UP16×TH16×UB16
2026,block_group,361090020001,annual_mwh_home,first_order,stock,0.0,0.0,0.0,bootstrap_95_bias_shifted,37.2717,10.93326,8192,M2×UP16×TH16×UB16
2026,block_group,361090020001,annual_mwh_home,total_effect,stock,0.0,0.0,0.0,bootstrap_95_bias_shifted,37.2717,10.93326,8192,M2×UP16×TH16×UB16
2026,block_group,361090020001,annual_mwh_home,first_order,placement,0.62924,0.42564,0.78601,bootstrap_95_bias_shifted,37.2717,10.93326,8192,M2×UP16×TH16×UB16
2026,block_group,361090020001,annual_mwh_home,total_effect,placement,0.91542,0.82031,0.96469,bootstrap_95_bias_shifted,37.2717,10.93326,8192,M2×UP16×TH16×UB16
2026,block_group,361090020001,annual_mwh_home,first_order,behaviour,0.08458,0.03531,0.17969,bootstrap_95_bias_shifted,37.2717,10.93326,8192,M2×UP16×TH16×UB16
2026,block_group,361090020001,annual_mwh_home,total_effect,behaviour,0.37076,0.21399,0.57436,bootstrap_95_bias_shifted,37.2717,10.93326,8192,M2×UP16×TH16×UB16
2026,block_group,361090020001,annual_mwh_home,first_order,interaction,0.28618,0.16757,0.43908,bootstrap_95_bias_shifted,37.2717,10.93326,8192,M2×UP16×TH16×UB16
2026,block_group,361090020001,annual_mwh_home,first_order,placement:weighting,0.08764,0.01707,0.17951,bootstrap_95_bias_shifted,37.2717,10.93326,8192,M2×UP16×TH16×UB16
2026,block_group,361090020001,annual_mwh_home,first_order,placement:sampling,0.44543,0.17133,0.62805,bootstrap_95_bias_shifted,37.2717,10.93326,8192,M2×UP16×TH16×UB16
2026,block_group,361090020001,annual_mwh_home,first_order,placement:weighting_x_sampling,0.09617,0.04525,0.16579,bootstrap_95_bias_shifted,37.2717,10.93326,8192,M2×UP16×TH16×UB16
2026,block_group,361090020001,annual_mwh_home,first_order,behaviour:parameters,0.08076,0.03723,0.14853,bootstrap_95_bias_shifted,37.2717,10.93326,8192,M2×UP16×TH16×UB16
2026,block_group,361090020001,annual_mwh_home,first_order,behaviour:stochastic,0.0024,-0.01259,0.02854,bootstrap_95_bias_shifted,37.2717,10.93326,8192,M2×UP16×TH16×UB16
2026,block_group,361090020001,annual_mwh_home,first_order,behaviour:parameters_x_stochastic,0.00142,-0.00285,0.00953,bootstrap_95_bias_shifted,37.2717,10.93326,8192,M2×UP16×TH16×UB16
2026,block_group,361090020002,annual_mwh_home,first_order,stock,0.0,0.0,0.0,bootstrap_95_bias_shifted,57.39031,12.79854,8192,M2×UP16×TH16×UB16
2026,block_group,361090020002,annual_mwh_home,total_effect,stock,0.0,0.0,0.0,bootstrap_95_bias_shifted,57.39031,12.79854,8192,M2×UP16×TH16×UB16
2026,block_group,361090020002,annual_mwh_home,first_order,placement,0.64867,0.50239,0.75489,bootstrap_95_bias_shifted,57.39031,12.79854,8192,M2×UP16×TH16×UB16
2026,block_group,361090020002,annual_mwh_home,total_effect,placement,0.92636,0.88388,0.95927,bootstrap_95_bias_shifted,57.39031,12.79854,8192,M2×UP16×TH16×UB16
2026,block_group,361090020002,annual_mwh_home,first_order,behaviour,0.07364,0.04073,0.11612,bootstrap_95_bias_shifted,57.39031,12.79854,8192,M2×UP16×TH16×UB16
2026,block_group,361090020002,annual_mwh_home,total_effect,behaviour,0.35133,0.24511,0.49761,bootstrap_95_bias_shifted,57.39031,12.79854,8192,M2×UP16×TH16×UB16
2026,block_group,361090020002,annual_mwh_home,first_order,interaction,0.27769,0.19088,0.40064,bootstrap_95_bias_shifted,57.39031,12.79854,8192,M2×UP16×TH16×UB16
2026,block_group,361090020002,annual_mwh_home,first_order,placement:weighting,0.00846,-0.01862,0.07757,bootstrap_95_bias_shifted,57.39031,12.79854,8192,M2×UP16×TH16×UB16
2026,block_group,361090020002,annual_mwh_home,first_order,placement:sampling,0.51803,0.31085,0.64812,bootstrap_95_bias_shifted,57.39031,12.79854,8192,M2×UP16×TH16×UB16
2026,block_group,361090020002,annual_mwh_home,first_order,placement:weighting_x_sampling,0.12218,0.0558,0.21236,bootstrap_95_bias_shifted,57.39031,12.79854,8192,M2×UP16×TH16×UB16
2026,block_group,361090020002,annual_mwh_home,first_order,behaviour:parameters,0.07445,0.04382,0.11413,bootstrap_95_bias_shifted,57.39031,12.79854,8192,M2×UP16×TH16×UB16
2026,block_group,361090020002,annual_mwh_home,first_order,behaviour:stochastic,-0.00266,-0.01427,0.01647,bootstrap_95_bias_shifted,57.39031,12.79854,8192,M2×UP16×TH16×UB16
2026,block_group,361090020002,annual_mwh_home,first_order,behaviour:parameters_x_stochastic,0.00185,-0.00263,0.01067,bootstrap_95_bias_shifted,57.39031,12.79854,8192,M2×UP16×TH16×UB16
2026,block_group,361090020003,annual_mwh_home,first_order,stock,0.0,0.0,0.0,bootstrap_95_bias_shifted,62.88505,13.77158,8192,M2×UP16×TH16×UB16
2026,block_group,361090020003,annual_mwh_home,total_effect,stock,0.0,0.0,0.0,bootstrap_95_bias_shifted,62.88505,13.77158,8192,M2×UP16×TH16×UB16
2026,block_group,361090020003,annual_mwh_home,first_order,placement,0.57247,0.42209,0.67899,bootstrap_95_bias_shifted,62.88505,13.77158,8192,M2×UP16×TH16×UB16
2026,block_group,361090020003,annual_mwh_home,total_effect,placement,0.85981,0.78839,0.91454,bootstrap_95_bias_shifted,62.88505,13.77158,8192,M2×UP16×TH16×UB16
2026,block_group,361090020003,annual_mwh_home,first_order,behaviour,0.14019,0.08546,0.21161,bootstrap_95_bias_shifted,62.88505,13.77158,8192,M2×UP16×TH16×UB16
2026,block_group,361090020003,annual_mwh_home,total_effect,behaviour,0.42753,0.32101,0.57791,bootstrap_95_bias_shifted,62.88505,13.77158,8192,M2×UP16×TH16×UB16
2026,block_group,361090020003,annual_mwh_home,first_order,interaction,0.28733,0.20295,0.3983,bootstrap_95_bias_shifted,62.88505,13.77158,8192,M2×UP16×TH16×UB16
2026,block_group,361090020003,annual_mwh_home,first_order,placement:weighting,-0.0055,-0.0173,0.02275,bootstrap_95_bias_shifted,62.88505,13.77158,8192,M2×UP16×TH16×UB16
2026,block_group,361090020003,annual_mwh_home,first_order,placement:sampling,0.47366,0.29657,0.61953,bootstrap_95_bias_shifted,62.88505,13.77158,8192,M2×UP16×TH16×UB16
2026,block_group,361090020003,annual_mwh_home,first_order,placement:weighting_x_sampling,0.10432,0.04248,0.1741,bootstrap_95_bias_shifted,62.88505,13.77158,8192,M2×UP16×TH16×UB16
2026,block_group,361090020003,annual_mwh_home,first_order,behaviour:parameters,0.13577,0.08098,0.20012,bootstrap_95_bias_shifted,62.88505,13.77158,8192,M2×UP16×TH16×UB16
2026,block_group,361090020003,annual_mwh_home,first_order,behaviour:stochastic,0.00183,-0.01018,0.0228,bootstrap_95_bias_shifted,62.88505,13.77158,8192,M2×UP16×TH16×UB16
2026,block_group,361090020003,annual_mwh_home,first_order,behaviour:parameters_x_stochastic,0.00259,-0.00292,0.01147,bootstrap_95_bias_shifted,62.88505,13.77158,8192,M2×UP16×TH16×UB16
2026,block_group,361090021001,annual_mwh_home,first_order,stock,0.0,0.0,0.0,bootstrap_95_bias_shifted,55.74046,12.82627,8192,M2×UP16×TH16×UB16
2026,block_group,361090021001,annual_mwh_home,total_effect,stock,0.0,0.0,0.0,bootstrap_95_bias_shifted,55.74046,12.82627,8192,M2×UP16×TH16×UB16
2026,block_group,361090021001,annual_mwh_home,first_order,placement,0.55682,0.44514,0.6395,bootstrap_95_bias_shifted,55.74046,12.82627,8192,M2×UP16×TH16×UB16
2026,block_group,361090021001,annual_mwh_home,total_effect,placement,0.90328,0.8438,0.94921,bootstrap_95_bias_shifted,55.74046,12.82627,8192,M2×UP16×TH16×UB16
2026,block_group,361090021001,annual_mwh_home,first_order,behaviour,0.09672,0.05079,0.1562,bootstrap_95_bias_shifted,55.74046,12.82627,8192,M2×UP16×TH16×UB16
2026,block_group,361090021001,annual_mwh_home,total_effect,behaviour,0.44318,0.3605,0.55486,bootstrap_95_bias_shifted,55.74046,12.82627,8192,M2×UP16×TH16×UB16
2026,block_group,361090021001,annual_mwh_home,first_order,interaction,0.34647,0.26807,0.4405,bootstrap_95_bias_shifted,55.74046,12.82627,8192,M2×UP16×TH16×UB16
2026,block_group,361090021001,annual_mwh_home,first_order,placement:weighting,0.15351,0.06843,0.28018,bootstrap_95_bias_shifted,55.74046,12.82627,8192,M2×UP16×TH16×UB16
2026,block_group,361090021001,annual_mwh_home,first_order,placement:sampling,0.34143,0.16349,0.4975,bootstrap_95_bias_shifted,55.74046,12.82627,8192,M2×UP16×TH16×UB16
2026,block_group,361090021001,annual_mwh_home,first_order,placement:weighting_x_sampling,0.06187,0.03121,0.09572,bootstrap_95_bias_shifted,55.74046,12.82627,8192,M2×UP16×TH16×UB16
2026,block_group,361090021001,annual_mwh_home,first_order,behaviour:parameters,0.09588,0.0621,0.14107,bootstrap_95_bias_shifted,55.74046,12.82627,8192,M2×UP16×TH16×UB16
2026,block_group,361090021001,annual_mwh_home,first_order,behaviour:stochastic,-0.00094,-0.01867,0.03448,bootstrap_95_bias_shifted,55.74046,12.82627,8192,M2×UP16×TH16×UB16
2026,block_group,361090021001,annual_mwh_home,first_order,behaviour:parameters_x_stochastic,0.00178,-0.00287,0.00918,bootstrap_95_bias_shifted,55.74046,12.82627,8192,M2×UP16×TH16×UB16
2026,block_group,361090021002,annual_mwh_home,first_order,stock,0.0,0.0,0.0,bootstrap_95_bias_shifted,69.89832,13.51661,8192,M2×UP16×TH16×UB16
2026,block_group,361090021002,annual_mwh_home,total_effect,stock,0.0,0.0,0.0,bootstrap_95_bias_shifted,69.89832,13.51661,8192,M2×UP16×TH16×UB16
2026,block_group,361090021002,annual_mwh_home,first_order,placement,0.50489,0.34929,0.63921,bootstrap_95_bias_shifted,69.89832,13.51661,8192,M2×UP16×TH16×UB16
2026,block_group,361090021002,annual_mwh_home,total_effect,placement,0.84664,0.7486,0.9301,bootstrap_95_bias_shifted,69.89832,13.51661,8192,M2×UP16×TH16×UB16
2026,block_group,361090021002,annual_mwh_home,first_order,behaviour,0.15336,0.0699,0.2514,bootstrap_95_bias_shifted,69.89832,13.51661,8192,M2×UP16×TH16×UB16
2026,block_group,361090021002,annual_mwh_home,total_effect,behaviour,0.49511,0.36079,0.65071,bootstrap_95_bias_shifted,69.89832,13.51661,8192,M2×UP16×TH16×UB16
2026,block_group,361090021002,annual_mwh_home,first_order,interaction,0.34175,0.25143,0.42861,bootstrap_95_bias_shifted,69.89832,13.51661,8192,M2×UP16×TH16×UB16
2026,block_group,361090021002,annual_mwh_home,first_order,placement:weighting,0.00409,-0.01659,0.05681,bootstrap_95_bias_shifted,69.89832,13.51661,8192,M2×UP16×TH16×UB16
2026,block_group,361090021002,annual_mwh_home,first_order,placement:sampling,0.39173,0.20223,0.56764,bootstrap_95_bias_shifted,69.89832,13.51661,8192,M2×UP16×TH16×UB16
2026,block_group,361090021002,annual_mwh_home,first_order,placement:weighting_x_sampling,0.10907,0.05244,0.19327,bootstrap_95_bias_shifted,69.89832,13.51661,8192,M2×UP16×TH16×UB16
2026,block_group,361090021002,annual_mwh_home,first_order,behaviour:parameters,0.14947,0.07792,0.23832,bootstrap_95_bias_shifted,69.89832,13.51661,8192,M2×UP16×TH16×UB16
2026,block_group,361090021002,annual_mwh_home,first_order,behaviour:stochastic,-0.00042,-0.01699,0.02603,bootstrap_95_bias_shifted,69.89832,13.51661,8192,M2×UP16×TH16×UB16
2026,block_group,361090021002,annual_mwh_home,first_order,behaviour:parameters_x_stochastic,0.00431,-0.00151,0.01456,bootstrap_95_bias_shifted,69.89832,13.51661,8192,M2×UP16×TH16×UB16
2026,block_group,361090021003,annual_mwh_home,first_order,stock,0.0,0.0,0.0,bootstrap_95_bias_shifted,103.70121,26.70055,8192,M2×UP16×TH16×UB16
2026,block_group,361090021003,annual_mwh_home,total_effect,stock,0.0,0.0,0.0,bootstrap_95_bias_shifted,103.70121,26.70055,8192,M2×UP16×TH16×UB16
2026,block_group,361090021003,annual_mwh_home,first_order,placement,0.82771,0.76791,0.87115,bootstrap_95_bias_shifted,103.70121,26.70055,8192,M2×UP16×TH16×UB16
2026,block_group,361090021003,annual_mwh_home,total_effect,placement,0.94206,0.9098,0.96787,bootstrap_95_bias_shifted,103.70121,26.70055,8192,M2×UP16×TH16×UB16
2026,block_group,361090021003,annual_mwh_home,first_order,behaviour,0.05794,0.03213,0.0902,bootstrap_95_bias_shifted,103.70121,26.70055,8192,M2×UP16×TH16×UB16
2026,block_group,361090021003,annual_mwh_home,total_effect,behaviour,0.17229,0.12885,0.23209,bootstrap_95_bias_shifted,103.70121,26.70055,8192,M2×UP16×TH16×UB16
2026,block_group,361090021003,annual_mwh_home,first_order,interaction,0.11434,0.08554,0.16055,bootstrap_95_bias_shifted,103.70121,26.70055,8192,M2×UP16×TH16×UB16
2026,block_group,361090021003,annual_mwh_home,first_order,placement:weighting,0.52976,0.42649,0.64308,bootstrap_95_bias_shifted,103.70121,26.70055,8192,M2×UP16×TH16×UB16
2026,block_group,361090021003,annual_mwh_home,first_order,placement:sampling,0.27637,0.13467,0.40761,bootstrap_95_bias_shifted,103.70121,26.70055,8192,M2×UP16×TH16×UB16
2026,block_group,361090021003,annual_mwh_home,first_order,placement:weighting_x_sampling,0.02158,0.00839,0.04081,bootstrap_95_bias_shifted,103.70121,26.70055,8192,M2×UP16×TH16×UB16
2026,block_group,361090021003,annual_mwh_home,first_order,behaviour:parameters,0.05576,0.03172,0.08514,bootstrap_95_bias_shifted,103.70121,26.70055,8192,M2×UP16×TH16×UB16
2026,block_group,361090021003,annual_mwh_home,first_order,behaviour:stochastic,0.00125,-0.00453,0.01267,bootstrap_95_bias_shifted,103.70121,26.70055,8192,M2×UP16×TH16×UB16
2026,block_group,361090021003,annual_mwh_home,first_order,behaviour:parameters_x_stochastic,0.00092,-0.00131,0.00337,bootstrap_95_bias_shifted,103.70121,26.70055,8192,M2×UP16×TH16×UB16
2026,block_group,361090022001,annual_mwh_home,first_order,stock,0.0,0.0,0.0,bootstrap_95_bias_shifted,32.7086,8.62622,8192,M2×UP16×TH16×UB16
2026,block_group,361090022001,annual_mwh_home,total_effect,stock,0.0,0.0,0.0,bootstrap_95_bias_shifted,32.7086,8.62622,8192,M2×UP16×TH16×UB16
2026,block_group,361090022001,annual_mwh_home,first_order,placement,0.55442,0.4319,0.67005,bootstrap_95_bias_shifted,32.7086,8.62622,8192,M2×UP16×TH16×UB16
2026,block_group,361090022001,annual_mwh_home,total_effect,placement,0.94018,0.89502,0.97557,bootstrap_95_bias_shifted,32.7086,8.62622,8192,M2×UP16×TH16×UB16
2026,block_group,361090022001,annual_mwh_home,first_order,behaviour,0.05982,0.02443,0.10498,bootstrap_95_bias_shifted,32.7086,8.62622,8192,M2×UP16×TH16×UB16
2026,block_group,361090022001,annual_mwh_home,total_effect,behaviour,0.44558,0.32995,0.5681,bootstrap_95_bias_shifted,32.7086,8.62622,8192,M2×UP16×TH16×UB16
2026,block_group,361090022001,annual_mwh_home,first_order,interaction,0.38576,0.28951,0.49383,bootstrap_95_bias_shifted,32.7086,8.62622,8192,M2×UP16×TH16×UB16
2026,block_group,361090022001,annual_mwh_home,first_order,placement:weighting,0.02183,-0.02955,0.15148,bootstrap_95_bias_shifted,32.7086,8.62622,8192,M2×UP16×TH16×UB16
2026,block_group,361090022001,annual_mwh_home,first_order,placement:sampling,0.29879,0.19096,0.40418,bootstrap_95_bias_shifted,32.7086,8.62622,8192,M2×UP16×TH16×UB16
2026,block_group,361090022001,annual_mwh_home,first_order,placement:weighting_x_sampling,0.23381,0.12693,0.33413,bootstrap_95_bias_shifted,32.7086,8.62622,8192,M2×UP16×TH16×UB16
2026,block_group,361090022001,annual_mwh_home,first_order,behaviour:parameters,0.05741,0.03276,0.08512,bootstrap_95_bias_shifted,32.7086,8.62622,8192,M2×UP16×TH16×UB16
2026,block_group,361090022001,annual_mwh_home,first_order,behaviour:stochastic,0.00119,-0.01849,0.03383,bootstrap_95_bias_shifted,32.7086,8.62622,8192,M2×UP16×TH16×UB16
2026,block_group,361090022001,annual_mwh_home,first_order,behaviour:parameters_x_stochastic,0.00121,-0.00485,0.01177,bootstrap_95_bias_shifted,32.7086,8.62622,8192,M2×UP16×TH16×UB16
2026,block_group,361090022002,annual_mwh_home,first_order,stock,0.0,0.0,0.0,bootstrap_95_bias_shifted,27.99991,9.98576,8192,M2×UP16×TH16×UB16
2026,block_group,361090022002,annual_mwh_home,total_effect,stock,0.0,0.0,0.0,bootstrap_95_bias_shifted,27.99991,9.98576,8192,M2×UP16×TH16×UB16
2026,block_group,361090022002,annual_mwh_home,first_order,placement,0.7379,0.64991,0.80577,bootstrap_95_bias_shifted,27.99991,9.98576,8192,M2×UP16×TH16×UB16
2026,block_group,361090022002,annual_mwh_home,total_effect,placement,0.95456,0.92431,0.97774,bootstrap_95_bias_shifted,27.99991,9.98576,8192,M2×UP16×TH16×UB16
2026,block_group,361090022002,annual_mwh_home,first_order,behaviour,0.04544,0.02226,0.07569,bootstrap_95_bias_shifted,27.99991,9.98576,8192,M2×UP16×TH16×UB16
2026,block_group,361090022002,annual_mwh_home,total_effect,behaviour,0.2621,0.19423,0.35009,bootstrap_95_bias_shifted,27.99991,9.98576,8192,M2×UP16×TH16×UB16
2026,block_group,361090022002,annual_mwh_home,first_order,interaction,0.21666,0.15406,0.28696,bootstrap_95_bias_shifted,27.99991,9.98576,8192,M2×UP16×TH16×UB16
2026,block_group,361090022002,annual_mwh_home,first_order,placement:weighting,0.03814,-0.01679,0.16261,bootstrap_95_bias_shifted,27.99991,9.98576,8192,M2×UP16×TH16×UB16
2026,block_group,361090022002,annual_mwh_home,first_order,placement:sampling,0.55419,0.33167,0.69861,bootstrap_95_bias_shifted,27.99991,9.98576,8192,M2×UP16×TH16×UB16
2026,block_group,361090022002,annual_mwh_home,first_order,placement:weighting_x_sampling,0.14557,0.05825,0.23055,bootstrap_95_bias_shifted,27.99991,9.98576,8192,M2×UP16×TH16×UB16
2026,block_group,361090022002,annual_mwh_home,first_order,behaviour:parameters,0.03935,0.02075,0.05825,bootstrap_95_bias_shifted,27.99991,9.98576,8192,M2×UP16×TH16×UB16
2026,block_group,361090022002,annual_mwh_home,first_order,behaviour:stochastic,0.0045,-0.00636,0.02621,bootstrap_95_bias_shifted,27.99991,9.98576,8192,M2×UP16×TH16×UB16
2026,block_group,361090022002,annual_mwh_home,first_order,behaviour:parameters_x_stochastic,0.00158,-0.00316,0.00971,bootstrap_95_bias_shifted,27.99991,9.98576,8192,M2×UP16×TH16×UB16
2026,block_group,361090022003,annual_mwh_home,first_order,stock,0.0,0.0,0.0,bootstrap_95_bias_shifted,33.79702,10.75248,8192,M2×UP16×TH16×UB16
2026,block_group,361090022003,annual_mwh_home,total_effect,stock,0.0,0.0,0.0,bootstrap_95_bias_shifted,33.79702,10.75248,8192,M2×UP16×TH16×UB16
2026,block_group,361090022003,annual_mwh_home,first_order,placement,0.70512,0.60218,0.78615,bootstrap_95_bias_shifted,33.79702,10.75248,8192,M2×UP16×TH16×UB16
2026,block_group,361090022003,annual_mwh_home,total_effect,placement,0.95645,0.91984,0.98274,bootstrap_95_bias_shifted,33.79702,10.75248,8192,M2×UP16×TH16×UB16
2026,block_group,361090022003,annual_mwh_home,first_order,behaviour,0.04355,0.01726,0.08016,bootstrap_95_bias_shifted,33.79702,10.75248,8192,M2×UP16×TH16×UB16
2026,block_group,361090022003,annual_mwh_home,total_effect,behaviour,0.29488,0.21385,0.39782,bootstrap_95_bias_shifted,33.79702,10.75248,8192,M2×UP16×TH16×UB16
2026,block_group,361090022003,annual_mwh_home,first_order,interaction,0.25133,0.18406,0.34309,bootstrap_95_bias_shifted,33.79702,10.75248,8192,M2×UP16×TH16×UB16
2026,block_group,361090022003,annual_mwh_home,first_order,placement:weighting,0.14335,0.01997,0.28184,bootstrap_95_bias_shifted,33.79702,10.75248,8192,M2×UP16×TH16×UB16
2026,block_group,361090022003,annual_mwh_home,first_order,placement:sampling,0.46066,0.27219,0.60648,bootstrap_95_bias_shifted,33.79702,10.75248,8192,M2×UP16×TH16×UB16
2026,block_group,361090022003,annual_mwh_home,first_order,placement:weighting_x_sampling,0.1011,0.03229,0.1906,bootstrap_95_bias_shifted,33.79702,10.75248,8192,M2×UP16×TH16×UB16
2026,block_group,361090022003,annual_mwh_home,first_order,behaviour:parameters,0.04579,0.02432,0.07629,bootstrap_95_bias_shifted,33.79702,10.75248,8192,M2×UP16×TH16×UB16
2026,block_group,361090022003,annual_mwh_home,first_order,behaviour:stochastic,-0.00321,-0.01246,0.01634,bootstrap_95_bias_shifted,33.79702,10.75248,8192,M2×UP16×TH16×UB16
2026,block_group,361090022003,annual_mwh_home,first_order,behaviour:parameters_x_stochastic,0.00097,-0.00302,0.00721,bootstrap_95_bias_shifted,33.79702,10.75248,8192,M2×UP16×TH16×UB16
2026,block_group,361090023001,annual_mwh_home,first_order,stock,0.0,0.0,0.0,bootstrap_95_bias_shifted,80.96167,16.64271,8192,M2×UP16×TH16×UB16
2026,block_group,361090023001,annual_mwh_home,total_effect,stock,0.0,0.0,0.0,bootstrap_95_bias_shifted,80.96167,16.64271,8192,M2×UP16×TH16×UB16
2026,block_group,361090023001,annual_mwh_home,first_order,placement,0.63557,0.45279,0.77359,bootstrap_95_bias_shifted,80.96167,16.64271,8192,M2×UP16×TH16×UB16
2026,block_group,361090023001,annual_mwh_home,total_effect,placement,0.90032,0.8211,0.95173,bootstrap_95_bias_shifted,80.96167,16.64271,8192,M2×UP16×TH16×UB16
2026,block_group,361090023001,annual_mwh_home,first_order,behaviour,0.09968,0.04827,0.1789,bootstrap_95_bias_shifted,80.96167,16.64271,8192,M2×UP16×TH16×UB16
2026,block_group,361090023001,annual_mwh_home,total_effect,behaviour,0.36443,0.22641,0.54721,bootstrap_95_bias_shifted,80.96167,16.64271,8192,M2×UP16×TH16×UB16
2026,block_group,361090023001,annual_mwh_home,first_order,interaction,0.26475,0.16123,0.37508,bootstrap_95_bias_shifted,80.96167,16.64271,8192,M2×UP16×TH16×UB16
2026,block_group,361090023001,annual_mwh_home,first_order,placement:weighting,-0.00285,-0.01021,0.01196,bootstrap_95_bias_shifted,80.96167,16.64271,8192,M2×UP16×TH16×UB16
2026,block_group,361090023001,annual_mwh_home,first_order,placement:sampling,0.58017,0.3446,0.74729,bootstrap_95_bias_shifted,80.96167,16.64271,8192,M2×UP16×TH16×UB16
2026,block_group,361090023001,annual_mwh_home,first_order,placement:weighting_x_sampling,0.05825,0.01577,0.14615,bootstrap_95_bias_shifted,80.96167,16.64271,8192,M2×UP16×TH16×UB16
2026,block_group,361090023001,annual_mwh_home,first_order,behaviour:parameters,0.09677,0.04902,0.15672,bootstrap_95_bias_shifted,80.96167,16.64271,8192,M2×UP16×TH16×UB16
2026,block_group,361090023001,annual_mwh_home,first_order,behaviour:stochastic,0.00155,-0.01177,0.0265,bootstrap_95_bias_shifted,80.96167,16.64271,8192,M2×UP16×TH16×UB16
2026,block_group,361090023001,annual_mwh_home,first_order,behaviour:parameters_x_stochastic,0.00136,-0.00284,0.00749,bootstrap_95_bias_shifted,80.96167,16.64271,8192,M2×UP16×TH16×UB16
2026,block_group,361090023002,annual_mwh_home,first_order,stock,0.0,0.0,0.0,bootstrap_95_bias_shifted,90.19062,21.14132,8192,M2×UP16×TH16×UB16
2026,block_group,361090023002,annual_mwh_home,total_effect,stock,0.0,0.0,0.0,bootstrap_95_bias_shifted,90.19062,21.14132,8192,M2×UP16×TH16×UB16
2026,block_group,361090023002,annual_mwh_home,first_order,placement,0.74401,0.68019,0.80456,bootstrap_95_bias_shifted,90.19062,21.14132,8192,M2×UP16×TH16×UB16
2026,block_group,361090023002,annual_mwh_home,total_effect,placement,0.8948,0.85176,0.93826,bootstrap_95_bias_shifted,90.19062,21.14132,8192,M2×UP16×TH16×UB16
2026,block_group,361090023002,annual_mwh_home,first_order,behaviour,0.1052,0.06174,0.14824,bootstrap_95_bias_shifted,90.19062,21.14132,8192,M2×UP16×TH16×UB16
2026,block_group,361090023002,annual_mwh_home,total_effect,behaviour,0.25599,0.19544,0.31981,bootstrap_95_bias_shifted,90.19062,21.14132,8192,M2×UP16×TH16×UB16
2026,block_group,361090023002,annual_mwh_home,first_order,interaction,0.1508,0.11908,0.19699,bootstrap_95_bias_shifted,90.19062,21.14132,8192,M2×UP16×TH16×UB16
2026,block_group,361090023002,annual_mwh_home,first_order,placement:weighting,0.27042,0.16254,0.36571,bootstrap_95_bias_shifted,90.19062,21.14132,8192,M2×UP16×TH16×UB16
2026,block_group,361090023002,annual_mwh_home,first_order,placement:sampling,0.44094,0.29892,0.57838,bootstrap_95_bias_shifted,90.19062,21.14132,8192,M2×UP16×TH16×UB16
2026,block_group,361090023002,annual_mwh_home,first_order,placement:weighting_x_sampling,0.03264,0.01221,0.05837,bootstrap_95_bias_shifted,90.19062,21.14132,8192,M2×UP16×TH16×UB16
2026,block_group,361090023002,annual_mwh_home,first_order,behaviour:parameters,0.09753,0.05464,0.14099,bootstrap_95_bias_shifted,90.19062,21.14132,8192,M2×UP16×TH16×UB16
2026,block_group,361090023002,annual_mwh_home,first_order,behaviour:stochastic,0.00641,-0.00216,0.01791,bootstrap_95_bias_shifted,90.19062,21.14132,8192,M2×UP16×TH16×UB16
2026,block_group,361090023002,annual_mwh_home,first_order,behaviour:parameters_x_stochastic,0.00126,-0.00196,0.00532,bootstrap_95_bias_shifted,90.19062,21.14132,8192,M2×UP16×TH16×UB16
2026,block_group,361090023003,annual_mwh_home,first_order,stock,0.0,0.0,0.0,bootstrap_95_bias_shifted,83.4266,15.54572,8192,M2×UP16×TH16×UB16
2026,block_group,361090023003,annual_mwh_home,total_effect,stock,0.0,0.0,0.0,bootstrap_95_bias_shifted,83.4266,15.54572,8192,M2×UP16×TH16×UB16
2026,block_group,361090023003,annual_mwh_home,first_order,placement,0.60125,0.4729,0.69478,bootstrap_95_bias_shifted,83.4266,15.54572,8192,M2×UP16×TH16×UB16
2026,block_group,361090023003,annual_mwh_home,total_effect,placement,0.85939,0.77125,0.92532,bootstrap_95_bias_shifted,83.4266,15.54572,8192,M2×UP16×TH16×UB16
2026,block_group,361090023003,annual_mwh_home,first_order,behaviour,0.14061,0.07468,0.22875,bootstrap_95_bias_shifted,83.4266,15.54572,8192,M2×UP16×TH16×UB16
2026,block_group,361090023003,annual_mwh_home,total_effect,behaviour,0.39875,0.30522,0.5271,bootstrap_95_bias_shifted,83.4266,15.54572,8192,M2×UP16×TH16×UB16
2026,block_group,361090023003,annual_mwh_home,first_order,interaction,0.25814,0.20432,0.33928,bootstrap_95_bias_shifted,83.4266,15.54572,8192,M2×UP16×TH16×UB16
2026,block_group,361090023003,annual_mwh_home,first_order,placement:weighting,0.11138,0.03505,0.21936,bootstrap_95_bias_shifted,83.4266,15.54572,8192,M2×UP16×TH16×UB16
2026,block_group,361090023003,annual_mwh_home,first_order,placement:sampling,0.40264,0.18556,0.57057,bootstrap_95_bias_shifted,83.4266,15.54572,8192,M2×UP16×TH16×UB16
2026,block_group,361090023003,annual_mwh_home,first_order,placement:weighting_x_sampling,0.08723,0.03825,0.14608,bootstrap_95_bias_shifted,83.4266,15.54572,8192,M2×UP16×TH16×UB16
2026,block_group,361090023003,annual_mwh_home,first_order,behaviour:parameters,0.12435,0.06932,0.18889,bootstrap_95_bias_shifted,83.4266,15.54572,8192,M2×UP16×TH16×UB16
2026,block_group,361090023003,annual_mwh_home,first_order,behaviour:stochastic,0.01495,-0.00956,0.05999,bootstrap_95_bias_shifted,83.4266,15.54572,8192,M2×UP16×TH16×UB16
2026,block_group,361090023003,annual_mwh_home,first_order,behaviour:parameters_x_stochastic,0.00131,-0.00461,0.00919,bootstrap_95_bias_shifted,83.4266,15.54572,8192,M2×UP16×TH16×UB16
2026,block_group,mean over 65 BGs,annual_mwh_home,first_order,stock,0.0,0.0,0.0,bootstrap_95_bias_shifted,90.24334,20.84254,8192,M2×UP16×TH16×UB16
2026,block_group,mean over 65 BGs,annual_mwh_home,total_effect,stock,0.0,0.0,0.0,bootstrap_95_bias_shifted,90.24334,20.84254,8192,M2×UP16×TH16×UB16
2026,block_group,mean over 65 BGs,annual_mwh_home,first_order,placement,0.64058,0.60894,0.67495,bootstrap_95_bias_shifted,90.24334,20.84254,8192,M2×UP16×TH16×UB16
2026,block_group,mean over 65 BGs,annual_mwh_home,total_effect,placement,0.86255,0.82626,0.9055,bootstrap_95_bias_shifted,90.24334,20.84254,8192,M2×UP16×TH16×UB16
2026,block_group,mean over 65 BGs,annual_mwh_home,first_order,behaviour,0.13745,0.0945,0.17374,bootstrap_95_bias_shifted,90.24334,20.84254,8192,M2×UP16×TH16×UB16
2026,block_group,mean over 65 BGs,annual_mwh_home,total_effect,behaviour,0.35942,0.32505,0.39106,bootstrap_95_bias_shifted,90.24334,20.84254,8192,M2×UP16×TH16×UB16
2026,block_group,mean over 65 BGs,annual_mwh_home,first_order,interaction,0.22197,0.20662,0.23792,bootstrap_95_bias_shifted,90.24334,20.84254,8192,M2×UP16×TH16×UB16
2026,block_group,mean over 65 BGs,annual_mwh_home,first_order,placement:weighting,0.24927,0.23737,0.26149,bootstrap_95_bias_shifted,90.24334,20.84254,8192,M2×UP16×TH16×UB16
2026,block_group,mean over 65 BGs,annual_mwh_home,first_order,placement:sampling,0.32435,0.29559,0.35275,bootstrap_95_bias_shifted,90.24334,20.84254,8192,M2×UP16×TH16×UB16
2026,block_group,mean over 65 BGs,annual_mwh_home,first_order,placement:weighting_x_sampling,0.06696,0.06021,0.07381,bootstrap_95_bias_shifted,90.24334,20.84254,8192,M2×UP16×TH16×UB16
2026,block_group,mean over 65 BGs,annual_mwh_home,first_order,behaviour:parameters,0.13183,0.08976,0.16988,bootstrap_95_bias_shifted,90.24334,20.84254,8192,M2×UP16×TH16×UB16
2026,block_group,mean over 65 BGs,annual_mwh_home,first_order,behaviour:stochastic,0.00338,-0.00111,0.01063,bootstrap_95_bias_shifted,90.24334,20.84254,8192,M2×UP16×TH16×UB16
2026,block_group,mean over 65 BGs,annual_mwh_home,first_order,behaviour:parameters_x_stochastic,0.00223,-0.00013,0.00621,bootstrap_95_bias_shifted,90.24334,20.84254,8192,M2×UP16×TH16×UB16
2026,block_group,mean over 19 urban-core BGs,annual_mwh_home,first_order,stock,0.0,0.0,0.0,bootstrap_95_bias_shifted,65.94967,20.1755,8192,M2×UP16×TH16×UB16
2026,block_group,mean over 19 urban-core BGs,annual_mwh_home,total_effect,stock,0.0,0.0,0.0,bootstrap_95_bias_shifted,65.94967,20.1755,8192,M2×UP16×TH16×UB16
2026,block_group,mean over 19 urban-core BGs,annual_mwh_home,first_order,placement,0.60902,0.56449,0.64975,bootstrap_95_bias_shifted,65.94967,20.1755,8192,M2×UP16×TH16×UB16
2026,block_group,mean over 19 urban-core BGs,annual_mwh_home,total_effect,placement,0.84811,0.80659,0.89601,bootstrap_95_bias_shifted,65.94967,20.1755,8192,M2×UP16×TH16×UB16
2026,block_group,mean over 19 urban-core BGs,annual_mwh_home,first_order,behaviour,0.15189,0.10399,0.19341,bootstrap_95_bias_shifted,65.94967,20.1755,8192,M2×UP16×TH16×UB16
2026,block_group,mean over 19 urban-core BGs,annual_mwh_home,total_effect,behaviour,0.39098,0.35025,0.43551,bootstrap_95_bias_shifted,65.94967,20.1755,8192,M2×UP16×TH16×UB16
2026,block_group,mean over 19 urban-core BGs,annual_mwh_home,first_order,interaction,0.23909,0.21927,0.26213,bootstrap_95_bias_shifted,65.94967,20.1755,8192,M2×UP16×TH16×UB16
2026,block_group,mean over 19 urban-core BGs,annual_mwh_home,first_order,placement:weighting,0.29622,0.27453,0.32502,bootstrap_95_bias_shifted,65.94967,20.1755,8192,M2×UP16×TH16×UB16
2026,block_group,mean over 19 urban-core BGs,annual_mwh_home,first_order,placement:sampling,0.26165,0.21831,0.30192,bootstrap_95_bias_shifted,65.94967,20.1755,8192,M2×UP16×TH16×UB16
2026,block_group,mean over 19 urban-core BGs,annual_mwh_home,first_order,placement:weighting_x_sampling,0.05115,0.04102,0.05946,bootstrap_95_bias_shifted,65.94967,20.1755,8192,M2×UP16×TH16×UB16
2026,block_group,mean over 19 urban-core BGs,annual_mwh_home,first_order,behaviour:parameters,0.1477,0.10077,0.18756,bootstrap_95_bias_shifted,65.94967,20.1755,8192,M2×UP16×TH16×UB16
2026,block_group,mean over 19 urban-core BGs,annual_mwh_home,first_order,behaviour:stochastic,0.00201,-0.00322,0.00973,bootstrap_95_bias_shifted,65.94967,20.1755,8192,M2×UP16×TH16×UB16
2026,block_group,mean over 19 urban-core BGs,annual_mwh_home,first_order,behaviour:parameters_x_stochastic,0.00219,-0.00028,0.00616,bootstrap_95_bias_shifted,65.94967,20.1755,8192,M2×UP16×TH16×UB16
2026,block_group,median over BGs,annual_mwh_home,first_order,stock,0.0,,,none,69.89832,19.10695,8192,M2×UP16×TH16×UB16
2026,block_group,median over BGs,annual_mwh_home,total_effect,stock,0.0,,,none,69.89832,19.10695,8192,M2×UP16×TH16×UB16
2026,block_group,median over BGs,annual_mwh_home,first_order,placement,0.63557,,,none,69.89832,19.10695,8192,M2×UP16×TH16×UB16
2026,block_group,median over BGs,annual_mwh_home,total_effect,placement,0.8948,,,none,69.89832,19.10695,8192,M2×UP16×TH16×UB16
2026,block_group,median over BGs,annual_mwh_home,first_order,behaviour,0.1052,,,none,69.89832,19.10695,8192,M2×UP16×TH16×UB16
2026,block_group,median over BGs,annual_mwh_home,total_effect,behaviour,0.36443,,,none,69.89832,19.10695,8192,M2×UP16×TH16×UB16
2026,block_group,median over BGs,annual_mwh_home,first_order,interaction,0.22679,,,none,69.89832,19.10695,8192,M2×UP16×TH16×UB16
2026,block_group,median over BGs,annual_mwh_home,first_order,placement:weighting,0.18046,,,none,69.89832,19.10695,8192,M2×UP16×TH16×UB16
2026,block_group,median over BGs,annual_mwh_home,first_order,placement:sampling,0.32843,,,none,69.89832,19.10695,8192,M2×UP16×TH16×UB16
2026,block_group,median over BGs,annual_mwh_home,first_order,placement:weighting_x_sampling,0.05915,,,none,69.89832,19.10695,8192,M2×UP16×TH16×UB16
2026,block_group,median over BGs,annual_mwh_home,first_order,behaviour:parameters,0.09753,,,none,69.89832,19.10695,8192,M2×UP16×TH16×UB16
2026,block_group,median over BGs,annual_mwh_home,first_order,behaviour:stochastic,0.00277,,,none,69.89832,19.10695,8192,M2×UP16×TH16×UB16
2026,block_group,median over BGs,annual_mwh_home,first_order,behaviour:parameters_x_stochastic,0.00176,,,none,69.89832,19.10695,8192,M2×UP16×TH16×UB16
2026,block_group,p25 over BGs,annual_mwh_home,first_order,stock,0.0,,,none,45.45711,13.77158,8192,M2×UP16×TH16×UB16
2026,block_group,p25 over BGs,annual_mwh_home,total_effect,stock,0.0,,,none,45.45711,13.77158,8192,M2×UP16×TH16×UB16
2026,block_group,p25 over BGs,annual_mwh_home,first_order,placement,0.55442,,,none,45.45711,13.77158,8192,M2×UP16×TH16×UB16
2026,block_group,p25 over BGs,annual_mwh_home,total_effect,placement,0.80698,,,none,45.45711,13.77158,8192,M2×UP16×TH16×UB16
2026,block_group,p25 over BGs,annual_mwh_home,first_order,behaviour,0.07364,,,none,45.45711,13.77158,8192,M2×UP16×TH16×UB16
2026,block_group,p25 over BGs,annual_mwh_home,total_effect,behaviour,0.24896,,,none,45.45711,13.77158,8192,M2×UP16×TH16×UB16
2026,block_group,p25 over BGs,annual_mwh_home,first_order,interaction,0.1508,,,none,45.45711,13.77158,8192,M2×UP16×TH16×UB16
2026,block_group,p25 over BGs,annual_mwh_home,first_order,placement:weighting,0.04713,,,none,45.45711,13.77158,8192,M2×UP16×TH16×UB16
2026,block_group,p25 over BGs,annual_mwh_home,first_order,placement:sampling,0.2349,,,none,45.45711,13.77158,8192,M2×UP16×TH16×UB16
2026,block_group,p25 over BGs,annual_mwh_home,first_order,placement:weighting_x_sampling,0.04154,,,none,45.45711,13.77158,8192,M2×UP16×TH16×UB16
2026,block_group,p25 over BGs,annual_mwh_home,first_order,behaviour:parameters,0.06867,,,none,45.45711,13.77158,8192,M2×UP16×TH16×UB16
2026,block_group,p25 over BGs,annual_mwh_home,first_order,behaviour:stochastic,0.00079,,,none,45.45711,13.77158,8192,M2×UP16×TH16×UB16
2026,block_group,p25 over BGs,annual_mwh_home,first_order,behaviour:parameters_x_stochastic,0.00124,,,none,45.45711,13.77158,8192,M2×UP16×TH16×UB16
2026,block_group,p75 over BGs,annual_mwh_home,first_order,stock,0.0,,,none,133.24014,26.57014,8192,M2×UP16×TH16×UB16
2026,block_group,p75 over BGs,annual_mwh_home,total_effect,stock,0.0,,,none,133.24014,26.57014,8192,M2×UP16×TH16×UB16
2026,block_group,p75 over BGs,annual_mwh_home,first_order,placement,0.75104,,,none,133.24014,26.57014,8192,M2×UP16×TH16×UB16
2026,block_group,p75 over BGs,annual_mwh_home,total_effect,placement,0.92636,,,none,133.24014,26.57014,8192,M2×UP16×TH16×UB16
2026,block_group,p75 over BGs,annual_mwh_home,first_order,behaviour,0.19302,,,none,133.24014,26.57014,8192,M2×UP16×TH16×UB16
2026,block_group,p75 over BGs,annual_mwh_home,total_effect,behaviour,0.44558,,,none,133.24014,26.57014,8192,M2×UP16×TH16×UB16
2026,block_group,p75 over BGs,annual_mwh_home,first_order,interaction,0.2847,,,none,133.24014,26.57014,8192,M2×UP16×TH16×UB16
2026,block_group,p75 over BGs,annual_mwh_home,first_order,placement:weighting,0.42818,,,none,133.24014,26.57014,8192,M2×UP16×TH16×UB16
2026,block_group,p75 over BGs,annual_mwh_home,first_order,placement:sampling,0.41197,,,none,133.24014,26.57014,8192,M2×UP16×TH16×UB16
2026,block_group,p75 over BGs,annual_mwh_home,first_order,placement:weighting_x_sampling,0.08034,,,none,133.24014,26.57014,8192,M2×UP16×TH16×UB16
2026,block_group,p75 over BGs,annual_mwh_home,first_order,behaviour:parameters,0.18367,,,none,133.24014,26.57014,8192,M2×UP16×TH16×UB16
2026,block_group,p75 over BGs,annual_mwh_home,first_order,behaviour:stochastic,0.00597,,,none,133.24014,26.57014,8192,M2×UP16×TH16×UB16
2026,block_group,p75 over BGs,annual_mwh_home,first_order,behaviour:parameters_x_stochastic,0.00299,,,none,133.24014,26.57014,8192,M2×UP16×TH16×UB16
2026,block_group,361090001001,peak_kw_home,first_order,stock,0.0,0.0,0.0,bootstrap_95_bias_shifted,30.43314,10.72064,8192,M2×UP16×TH16×UB16
2026,block_group,361090001001,peak_kw_home,total_effect,stock,0.0,0.0,0.0,bootstrap_95_bias_shifted,30.43314,10.72064,8192,M2×UP16×TH16×UB16
2026,block_group,361090001001,peak_kw_home,first_order,placement,0.4051,0.31197,0.51574,bootstrap_95_bias_shifted,30.43314,10.72064,8192,M2×UP16×TH16×UB16
2026,block_group,361090001001,peak_kw_home,total_effect,placement,0.72067,0.63116,0.80063,bootstrap_95_bias_shifted,30.43314,10.72064,8192,M2×UP16×TH16×UB16
2026,block_group,361090001001,peak_kw_home,first_order,behaviour,0.27933,0.19937,0.36884,bootstrap_95_bias_shifted,30.43314,10.72064,8192,M2×UP16×TH16×UB16
2026,block_group,361090001001,peak_kw_home,total_effect,behaviour,0.5949,0.48426,0.68803,bootstrap_95_bias_shifted,30.43314,10.72064,8192,M2×UP16×TH16×UB16
2026,block_group,361090001001,peak_kw_home,first_order,interaction,0.31557,0.25439,0.38586,bootstrap_95_bias_shifted,30.43314,10.72064,8192,M2×UP16×TH16×UB16
2026,block_group,361090001001,peak_kw_home,first_order,placement:weighting,0.19114,0.12832,0.26465,bootstrap_95_bias_shifted,30.43314,10.72064,8192,M2×UP16×TH16×UB16
2026,block_group,361090001001,peak_kw_home,first_order,placement:sampling,0.20294,0.10036,0.32718,bootstrap_95_bias_shifted,30.43314,10.72064,8192,M2×UP16×TH16×UB16
2026,block_group,361090001001,peak_kw_home,first_order,placement:weighting_x_sampling,0.01101,0.00237,0.02158,bootstrap_95_bias_shifted,30.43314,10.72064,8192,M2×UP16×TH16×UB16
2026,block_group,361090001001,peak_kw_home,first_order,behaviour:parameters,0.27736,0.19243,0.36845,bootstrap_95_bias_shifted,30.43314,10.72064,8192,M2×UP16×TH16×UB16
2026,block_group,361090001001,peak_kw_home,first_order,behaviour:stochastic,0.00152,-0.00973,0.02035,bootstrap_95_bias_shifted,30.43314,10.72064,8192,M2×UP16×TH16×UB16
2026,block_group,361090001001,peak_kw_home,first_order,behaviour:parameters_x_stochastic,0.00045,-0.00468,0.00751,bootstrap_95_bias_shifted,30.43314,10.72064,8192,M2×UP16×TH16×UB16
2026,block_group,361090001002,peak_kw_home,first_order,stock,0.0,0.0,0.0,bootstrap_95_bias_shifted,28.2853,9.60308,8192,M2×UP16×TH16×UB16
2026,block_group,361090001002,peak_kw_home,total_effect,stock,0.0,0.0,0.0,bootstrap_95_bias_shifted,28.2853,9.60308,8192,M2×UP16×TH16×UB16
2026,block_group,361090001002,peak_kw_home,first_order,placement,0.48823,0.41274,0.56372,bootstrap_95_bias_shifted,28.2853,9.60308,8192,M2×UP16×TH16×UB16
2026,block_group,361090001002,peak_kw_home,total_effect,placement,0.81595,0.74206,0.88155,bootstrap_95_bias_shifted,28.2853,9.60308,8192,M2×UP16×TH16×UB16
2026,block_group,361090001002,peak_kw_home,first_order,behaviour,0.18405,0.11845,0.25794,bootstrap_95_bias_shifted,28.2853,9.60308,8192,M2×UP16×TH16×UB16
2026,block_group,361090001002,peak_kw_home,total_effect,behaviour,0.51177,0.43628,0.58726,bootstrap_95_bias_shifted,28.2853,9.60308,8192,M2×UP16×TH16×UB16
2026,block_group,361090001002,peak_kw_home,first_order,interaction,0.32771,0.27438,0.40084,bootstrap_95_bias_shifted,28.2853,9.60308,8192,M2×UP16×TH16×UB16
2026,block_group,361090001002,peak_kw_home,first_order,placement:weighting,0.32159,0.23162,0.41411,bootstrap_95_bias_shifted,28.2853,9.60308,8192,M2×UP16×TH16×UB16
2026,block_group,361090001002,peak_kw_home,first_order,placement:sampling,0.13289,0.06955,0.19931,bootstrap_95_bias_shifted,28.2853,9.60308,8192,M2×UP16×TH16×UB16
2026,block_group,361090001002,peak_kw_home,first_order,placement:weighting_x_sampling,0.03375,0.01586,0.06002,bootstrap_95_bias_shifted,28.2853,9.60308,8192,M2×UP16×TH16×UB16
2026,block_group,361090001002,peak_kw_home,first_order,behaviour:parameters,0.18433,0.11544,0.25761,bootstrap_95_bias_shifted,28.2853,9.60308,8192,M2×UP16×TH16×UB16
2026,block_group,361090001002,peak_kw_home,first_order,behaviour:stochastic,-0.00052,-0.01253,0.02189,bootstrap_95_bias_shifted,28.2853,9.60308,8192,M2×UP16×TH16×UB16
2026,block_group,361090001002,peak_kw_home,first_order,behaviour:parameters_x_stochastic,0.00024,-0.00519,0.00872,bootstrap_95_bias_shifted,28.2853,9.60308,8192,M2×UP16×TH16×UB16
2026,block_group,361090002011,peak_kw_home,first_order,stock,0.0,0.0,0.0,bootstrap_95_bias_shifted,28.48504,7.95236,8192,M2×UP16×TH16×UB16
2026,block_group,361090002011,peak_kw_home,total_effect,stock,0.0,0.0,0.0,bootstrap_95_bias_shifted,28.48504,7.95236,8192,M2×UP16×TH16×UB16
2026,block_group,361090002011,peak_kw_home,first_order,placement,0.30742,0.16993,0.43944,bootstrap_95_bias_shifted,28.48504,7.95236,8192,M2×UP16×TH16×UB16
2026,block_group,361090002011,peak_kw_home,total_effect,placement,0.7511,0.64204,0.84562,bootstrap_95_bias_shifted,28.48504,7.95236,8192,M2×UP16×TH16×UB16
2026,block_group,361090002011,peak_kw_home,first_order,behaviour,0.2489,0.15438,0.35796,bootstrap_95_bias_shifted,28.48504,7.95236,8192,M2×UP16×TH16×UB16
2026,block_group,361090002011,peak_kw_home,total_effect,behaviour,0.69258,0.56056,0.83007,bootstrap_95_bias_shifted,28.48504,7.95236,8192,M2×UP16×TH16×UB16
2026,block_group,361090002011,peak_kw_home,first_order,interaction,0.44368,0.33883,0.56916,bootstrap_95_bias_shifted,28.48504,7.95236,8192,M2×UP16×TH16×UB16
2026,block_group,361090002011,peak_kw_home,first_order,placement:weighting,0.05161,0.02891,0.0808,bootstrap_95_bias_shifted,28.48504,7.95236,8192,M2×UP16×TH16×UB16
2026,block_group,361090002011,peak_kw_home,first_order,placement:sampling,0.24762,0.10257,0.39183,bootstrap_95_bias_shifted,28.48504,7.95236,8192,M2×UP16×TH16×UB16
2026,block_group,361090002011,peak_kw_home,first_order,placement:weighting_x_sampling,0.00819,0.00204,0.01657,bootstrap_95_bias_shifted,28.48504,7.95236,8192,M2×UP16×TH16×UB16
2026,block_group,361090002011,peak_kw_home,first_order,behaviour:parameters,0.24464,0.15337,0.3551,bootstrap_95_bias_shifted,28.48504,7.95236,8192,M2×UP16×TH16×UB16
2026,block_group,361090002011,peak_kw_home,first_order,behaviour:stochastic,0.00212,-0.01629,0.03657,bootstrap_95_bias_shifted,28.48504,7.95236,8192,M2×UP16×TH16×UB16
2026,block_group,361090002011,peak_kw_home,first_order,behaviour:parameters_x_stochastic,0.00215,-0.00752,0.01871,bootstrap_95_bias_shifted,28.48504,7.95236,8192,M2×UP16×TH16×UB16
2026,block_group,361090002012,peak_kw_home,first_order,stock,0.0,0.0,0.0,bootstrap_95_bias_shifted,4.37592,5.59389,8192,M2×UP16×TH16×UB16
2026,block_group,361090002012,peak_kw_home,total_effect,stock,0.0,0.0,0.0,bootstrap_95_bias_shifted,4.37592,5.59389,8192,M2×UP16×TH16×UB16
2026,block_group,361090002012,peak_kw_home,first_order,placement,0.44969,0.23008,0.61771,bootstrap_95_bias_shifted,4.37592,5.59389,8192,M2×UP16×TH16×UB16
2026,block_group,361090002012,peak_kw_home,total_effect,placement,0.94622,0.88574,0.99137,bootstrap_95_bias_shifted,4.37592,5.59389,8192,M2×UP16×TH16×UB16
2026,block_group,361090002012,peak_kw_home,first_order,behaviour,0.05378,0.00863,0.11426,bootstrap_95_bias_shifted,4.37592,5.59389,8192,M2×UP16×TH16×UB16
2026,block_group,361090002012,peak_kw_home,total_effect,behaviour,0.55031,0.38229,0.76992,bootstrap_95_bias_shifted,4.37592,5.59389,8192,M2×UP16×TH16×UB16
2026,block_group,361090002012,peak_kw_home,first_order,interaction,0.49653,0.35267,0.71334,bootstrap_95_bias_shifted,4.37592,5.59389,8192,M2×UP16×TH16×UB16
2026,block_group,361090002012,peak_kw_home,first_order,placement:weighting,0.0199,-0.00526,0.07673,bootstrap_95_bias_shifted,4.37592,5.59389,8192,M2×UP16×TH16×UB16
2026,block_group,361090002012,peak_kw_home,first_order,placement:sampling,0.38538,0.10644,0.59015,bootstrap_95_bias_shifted,4.37592,5.59389,8192,M2×UP16×TH16×UB16
2026,block_group,361090002012,peak_kw_home,first_order,placement:weighting_x_sampling,0.04441,0.00884,0.10602,bootstrap_95_bias_shifted,4.37592,5.59389,8192,M2×UP16×TH16×UB16
2026,block_group,361090002012,peak_kw_home,first_order,behaviour:parameters,0.05433,0.02456,0.10182,bootstrap_95_bias_shifted,4.37592,5.59389,8192,M2×UP16×TH16×UB16
2026,block_group,361090002012,peak_kw_home,first_order,behaviour:stochastic,-0.00136,-0.02079,0.03629,bootstrap_95_bias_shifted,4.37592,5.59389,8192,M2×UP16×TH16×UB16
2026,block_group,361090002012,peak_kw_home,first_order,behaviour:parameters_x_stochastic,0.00082,-0.00995,0.02077,bootstrap_95_bias_shifted,4.37592,5.59389,8192,M2×UP16×TH16×UB16
2026,block_group,361090002021,peak_kw_home,first_order,stock,0.0,0.0,0.0,bootstrap_95_bias_shifted,36.66075,8.86347,8192,M2×UP16×TH16×UB16
2026,block_group,361090002021,peak_kw_home,total_effect,stock,0.0,0.0,0.0,bootstrap_95_bias_shifted,36.66075,8.86347,8192,M2×UP16×TH16×UB16
2026,block_group,361090002021,peak_kw_home,first_order,placement,0.31036,0.21706,0.40695,bootstrap_95_bias_shifted,36.66075,8.86347,8192,M2×UP16×TH16×UB16
2026,block_group,361090002021,peak_kw_home,total_effect,placement,0.74155,0.63442,0.8417,bootstrap_95_bias_shifted,36.66075,8.86347,8192,M2×UP16×TH16×UB16
2026,block_group,361090002021,peak_kw_home,first_order,behaviour,0.25845,0.1583,0.36558,bootstrap_95_bias_shifted,36.66075,8.86347,8192,M2×UP16×TH16×UB16
2026,block_group,361090002021,peak_kw_home,total_effect,behaviour,0.68964,0.59305,0.78294,bootstrap_95_bias_shifted,36.66075,8.86347,8192,M2×UP16×TH16×UB16
2026,block_group,361090002021,peak_kw_home,first_order,interaction,0.43119,0.35015,0.52475,bootstrap_95_bias_shifted,36.66075,8.86347,8192,M2×UP16×TH16×UB16
2026,block_group,361090002021,peak_kw_home,first_order,placement:weighting,0.0611,0.01744,0.1216,bootstrap_95_bias_shifted,36.66075,8.86347,8192,M2×UP16×TH16×UB16
2026,block_group,361090002021,peak_kw_home,first_order,placement:sampling,0.20784,0.12111,0.29373,bootstrap_95_bias_shifted,36.66075,8.86347,8192,M2×UP16×TH16×UB16
2026,block_group,361090002021,peak_kw_home,first_order,placement:weighting_x_sampling,0.04142,0.01532,0.07202,bootstrap_95_bias_shifted,36.66075,8.86347,8192,M2×UP16×TH16×UB16
2026,block_group,361090002021,peak_kw_home,first_order,behaviour:parameters,0.26169,0.15374,0.35954,bootstrap_95_bias_shifted,36.66075,8.86347,8192,M2×UP16×TH16×UB16
2026,block_group,361090002021,peak_kw_home,first_order,behaviour:stochastic,-0.00332,-0.0186,0.0293,bootstrap_95_bias_shifted,36.66075,8.86347,8192,M2×UP16×TH16×UB16
2026,block_group,361090002021,peak_kw_home,first_order,behaviour:parameters_x_stochastic,8e-05,-0.00803,0.01108,bootstrap_95_bias_shifted,36.66075,8.86347,8192,M2×UP16×TH16×UB16
2026,block_group,361090002022,peak_kw_home,first_order,stock,0.0,0.0,0.0,bootstrap_95_bias_shifted,28.23386,8.1343,8192,M2×UP16×TH16×UB16
2026,block_group,361090002022,peak_kw_home,total_effect,stock,0.0,0.0,0.0,bootstrap_95_bias_shifted,28.23386,8.1343,8192,M2×UP16×TH16×UB16
2026,block_group,361090002022,peak_kw_home,first_order,placement,0.29939,0.19983,0.42843,bootstrap_95_bias_shifted,28.23386,8.1343,8192,M2×UP16×TH16×UB16
2026,block_group,361090002022,peak_kw_home,total_effect,placement,0.72231,0.61543,0.83424,bootstrap_95_bias_shifted,28.23386,8.1343,8192,M2×UP16×TH16×UB16
2026,block_group,361090002022,peak_kw_home,first_order,behaviour,0.27769,0.16576,0.38457,bootstrap_95_bias_shifted,28.23386,8.1343,8192,M2×UP16×TH16×UB16
2026,block_group,361090002022,peak_kw_home,total_effect,behaviour,0.70061,0.57157,0.80017,bootstrap_95_bias_shifted,28.23386,8.1343,8192,M2×UP16×TH16×UB16
2026,block_group,361090002022,peak_kw_home,first_order,interaction,0.42292,0.33479,0.52264,bootstrap_95_bias_shifted,28.23386,8.1343,8192,M2×UP16×TH16×UB16
2026,block_group,361090002022,peak_kw_home,first_order,placement:weighting,0.07876,0.02947,0.14645,bootstrap_95_bias_shifted,28.23386,8.1343,8192,M2×UP16×TH16×UB16
2026,block_group,361090002022,peak_kw_home,first_order,placement:sampling,0.1818,0.09436,0.29206,bootstrap_95_bias_shifted,28.23386,8.1343,8192,M2×UP16×TH16×UB16
2026,block_group,361090002022,peak_kw_home,first_order,placement:weighting_x_sampling,0.03883,0.02008,0.06544,bootstrap_95_bias_shifted,28.23386,8.1343,8192,M2×UP16×TH16×UB16
2026,block_group,361090002022,peak_kw_home,first_order,behaviour:parameters,0.27502,0.16494,0.38255,bootstrap_95_bias_shifted,28.23386,8.1343,8192,M2×UP16×TH16×UB16
2026,block_group,361090002022,peak_kw_home,first_order,behaviour:stochastic,-0.00103,-0.01546,0.0304,bootstrap_95_bias_shifted,28.23386,8.1343,8192,M2×UP16×TH16×UB16
2026,block_group,361090002022,peak_kw_home,first_order,behaviour:parameters_x_stochastic,0.0037,-0.00463,0.01752,bootstrap_95_bias_shifted,28.23386,8.1343,8192,M2×UP16×TH16×UB16
2026,block_group,361090003001,peak_kw_home,first_order,stock,0.0,0.0,0.0,bootstrap_95_bias_shifted,30.47366,6.7907,8192,M2×UP16×TH16×UB16
2026,block_group,361090003001,peak_kw_home,total_effect,stock,0.0,0.0,0.0,bootstrap_95_bias_shifted,30.47366,6.7907,8192,M2×UP16×TH16×UB16
2026,block_group,361090003001,peak_kw_home,first_order,placement,0.3972,0.24791,0.5335,bootstrap_95_bias_shifted,30.47366,6.7907,8192,M2×UP16×TH16×UB16
2026,block_group,361090003001,peak_kw_home,total_effect,placement,0.81794,0.71967,0.9169,bootstrap_95_bias_shifted,30.47366,6.7907,8192,M2×UP16×TH16×UB16
2026,block_group,361090003001,peak_kw_home,first_order,behaviour,0.18206,0.0831,0.28033,bootstrap_95_bias_shifted,30.47366,6.7907,8192,M2×UP16×TH16×UB16
2026,block_group,361090003001,peak_kw_home,total_effect,behaviour,0.6028,0.4665,0.75209,bootstrap_95_bias_shifted,30.47366,6.7907,8192,M2×UP16×TH16×UB16
2026,block_group,361090003001,peak_kw_home,first_order,interaction,0.42074,0.32696,0.52249,bootstrap_95_bias_shifted,30.47366,6.7907,8192,M2×UP16×TH16×UB16
2026,block_group,361090003001,peak_kw_home,first_order,placement:weighting,-0.00718,-0.01961,0.03008,bootstrap_95_bias_shifted,30.47366,6.7907,8192,M2×UP16×TH16×UB16
2026,block_group,361090003001,peak_kw_home,first_order,placement:sampling,0.28921,0.12069,0.4803,bootstrap_95_bias_shifted,30.47366,6.7907,8192,M2×UP16×TH16×UB16
2026,block_group,361090003001,peak_kw_home,first_order,placement:weighting_x_sampling,0.11517,0.04237,0.22146,bootstrap_95_bias_shifted,30.47366,6.7907,8192,M2×UP16×TH16×UB16
2026,block_group,361090003001,peak_kw_home,first_order,behaviour:parameters,0.17383,0.07421,0.25985,bootstrap_95_bias_shifted,30.47366,6.7907,8192,M2×UP16×TH16×UB16
2026,block_group,361090003001,peak_kw_home,first_order,behaviour:stochastic,0.00436,-0.0122,0.03121,bootstrap_95_bias_shifted,30.47366,6.7907,8192,M2×UP16×TH16×UB16
2026,block_group,361090003001,peak_kw_home,first_order,behaviour:parameters_x_stochastic,0.00387,-0.00495,0.01821,bootstrap_95_bias_shifted,30.47366,6.7907,8192,M2×UP16×TH16×UB16
2026,block_group,361090004001,peak_kw_home,first_order,stock,0.0,0.0,0.0,bootstrap_95_bias_shifted,39.03383,11.91882,8192,M2×UP16×TH16×UB16
2026,block_group,361090004001,peak_kw_home,total_effect,stock,0.0,0.0,0.0,bootstrap_95_bias_shifted,39.03383,11.91882,8192,M2×UP16×TH16×UB16
2026,block_group,361090004001,peak_kw_home,first_order,placement,0.64098,0.56143,0.70903,bootstrap_95_bias_shifted,39.03383,11.91882,8192,M2×UP16×TH16×UB16
2026,block_group,361090004001,peak_kw_home,total_effect,placement,0.8684,0.79962,0.93015,bootstrap_95_bias_shifted,39.03383,11.91882,8192,M2×UP16×TH16×UB16
2026,block_group,361090004001,peak_kw_home,first_order,behaviour,0.1316,0.06985,0.20038,bootstrap_95_bias_shifted,39.03383,11.91882,8192,M2×UP16×TH16×UB16
2026,block_group,361090004001,peak_kw_home,total_effect,behaviour,0.35902,0.29097,0.43857,bootstrap_95_bias_shifted,39.03383,11.91882,8192,M2×UP16×TH16×UB16
2026,block_group,361090004001,peak_kw_home,first_order,interaction,0.22742,0.19141,0.26605,bootstrap_95_bias_shifted,39.03383,11.91882,8192,M2×UP16×TH16×UB16
2026,block_group,361090004001,peak_kw_home,first_order,placement:weighting,0.47603,0.37254,0.5644,bootstrap_95_bias_shifted,39.03383,11.91882,8192,M2×UP16×TH16×UB16
2026,block_group,361090004001,peak_kw_home,first_order,placement:sampling,0.1381,0.0615,0.22928,bootstrap_95_bias_shifted,39.03383,11.91882,8192,M2×UP16×TH16×UB16
2026,block_group,361090004001,peak_kw_home,first_order,placement:weighting_x_sampling,0.02685,0.00874,0.05182,bootstrap_95_bias_shifted,39.03383,11.91882,8192,M2×UP16×TH16×UB16
2026,block_group,361090004001,peak_kw_home,first_order,behaviour:parameters,0.12655,0.06304,0.18826,bootstrap_95_bias_shifted,39.03383,11.91882,8192,M2×UP16×TH16×UB16
2026,block_group,361090004001,peak_kw_home,first_order,behaviour:stochastic,0.00417,-0.00372,0.01719,bootstrap_95_bias_shifted,39.03383,11.91882,8192,M2×UP16×TH16×UB16
2026,block_group,361090004001,peak_kw_home,first_order,behaviour:parameters_x_stochastic,0.00088,-0.00289,0.00674,bootstrap_95_bias_shifted,39.03383,11.91882,8192,M2×UP16×TH16×UB16
2026,block_group,361090005001,peak_kw_home,first_order,stock,0.0,0.0,0.0,bootstrap_95_bias_shifted,61.39016,10.42523,8192,M2×UP16×TH16×UB16
2026,block_group,361090005001,peak_kw_home,total_effect,stock,0.0,0.0,0.0,bootstrap_95_bias_shifted,61.39016,10.42523,8192,M2×UP16×TH16×UB16
2026,block_group,361090005001,peak_kw_home,first_order,placement,0.28038,0.15693,0.41255,bootstrap_95_bias_shifted,61.39016,10.42523,8192,M2×UP16×TH16×UB16
2026,block_group,361090005001,peak_kw_home,total_effect,placement,0.70862,0.57841,0.84413,bootstrap_95_bias_shifted,61.39016,10.42523,8192,M2×UP16×TH16×UB16
2026,block_group,361090005001,peak_kw_home,first_order,behaviour,0.29138,0.15587,0.42159,bootstrap_95_bias_shifted,61.39016,10.42523,8192,M2×UP16×TH16×UB16
2026,block_group,361090005001,peak_kw_home,total_effect,behaviour,0.71962,0.58745,0.84307,bootstrap_95_bias_shifted,61.39016,10.42523,8192,M2×UP16×TH16×UB16
2026,block_group,361090005001,peak_kw_home,first_order,interaction,0.42824,0.35412,0.54274,bootstrap_95_bias_shifted,61.39016,10.42523,8192,M2×UP16×TH16×UB16
2026,block_group,361090005001,peak_kw_home,first_order,placement:weighting,0.0831,0.03667,0.14452,bootstrap_95_bias_shifted,61.39016,10.42523,8192,M2×UP16×TH16×UB16
2026,block_group,361090005001,peak_kw_home,first_order,placement:sampling,0.16332,0.0508,0.28287,bootstrap_95_bias_shifted,61.39016,10.42523,8192,M2×UP16×TH16×UB16
2026,block_group,361090005001,peak_kw_home,first_order,placement:weighting_x_sampling,0.03396,0.01674,0.05972,bootstrap_95_bias_shifted,61.39016,10.42523,8192,M2×UP16×TH16×UB16
2026,block_group,361090005001,peak_kw_home,first_order,behaviour:parameters,0.28541,0.1484,0.42394,bootstrap_95_bias_shifted,61.39016,10.42523,8192,M2×UP16×TH16×UB16
2026,block_group,361090005001,peak_kw_home,first_order,behaviour:stochastic,0.0043,-0.00802,0.02294,bootstrap_95_bias_shifted,61.39016,10.42523,8192,M2×UP16×TH16×UB16
2026,block_group,361090005001,peak_kw_home,first_order,behaviour:parameters_x_stochastic,0.00167,-0.00836,0.01754,bootstrap_95_bias_shifted,61.39016,10.42523,8192,M2×UP16×TH16×UB16
2026,block_group,361090005002,peak_kw_home,first_order,stock,0.0,0.0,0.0,bootstrap_95_bias_shifted,47.8179,10.9085,8192,M2×UP16×TH16×UB16
2026,block_group,361090005002,peak_kw_home,total_effect,stock,0.0,0.0,0.0,bootstrap_95_bias_shifted,47.8179,10.9085,8192,M2×UP16×TH16×UB16
2026,block_group,361090005002,peak_kw_home,first_order,placement,0.47238,0.37385,0.5963,bootstrap_95_bias_shifted,47.8179,10.9085,8192,M2×UP16×TH16×UB16
2026,block_group,361090005002,peak_kw_home,total_effect,placement,0.78947,0.70736,0.9004,bootstrap_95_bias_shifted,47.8179,10.9085,8192,M2×UP16×TH16×UB16
2026,block_group,361090005002,peak_kw_home,first_order,behaviour,0.21053,0.0996,0.29264,bootstrap_95_bias_shifted,47.8179,10.9085,8192,M2×UP16×TH16×UB16
2026,block_group,361090005002,peak_kw_home,total_effect,behaviour,0.52762,0.4037,0.62615,bootstrap_95_bias_shifted,47.8179,10.9085,8192,M2×UP16×TH16×UB16
2026,block_group,361090005002,peak_kw_home,first_order,interaction,0.31709,0.25507,0.39351,bootstrap_95_bias_shifted,47.8179,10.9085,8192,M2×UP16×TH16×UB16
2026,block_group,361090005002,peak_kw_home,first_order,placement:weighting,0.16794,0.07735,0.25945,bootstrap_95_bias_shifted,47.8179,10.9085,8192,M2×UP16×TH16×UB16
2026,block_group,361090005002,peak_kw_home,first_order,placement:sampling,0.22259,0.10283,0.33281,bootstrap_95_bias_shifted,47.8179,10.9085,8192,M2×UP16×TH16×UB16
2026,block_group,361090005002,peak_kw_home,first_order,placement:weighting_x_sampling,0.08185,0.03542,0.13596,bootstrap_95_bias_shifted,47.8179,10.9085,8192,M2×UP16×TH16×UB16
2026,block_group,361090005002,peak_kw_home,first_order,behaviour:parameters,0.20752,0.10207,0.29136,bootstrap_95_bias_shifted,47.8179,10.9085,8192,M2×UP16×TH16×UB16
2026,block_group,361090005002,peak_kw_home,first_order,behaviour:stochastic,0.00145,-0.00825,0.02067,bootstrap_95_bias_shifted,47.8179,10.9085,8192,M2×UP16×TH16×UB16
2026,block_group,361090005002,peak_kw_home,first_order,behaviour:parameters_x_stochastic,0.00156,-0.00468,0.01186,bootstrap_95_bias_shifted,47.8179,10.9085,8192,M2×UP16×TH16×UB16
2026,block_group,361090005003,peak_kw_home,first_order,stock,0.0,0.0,0.0,bootstrap_95_bias_shifted,73.94816,12.45195,8192,M2×UP16×TH16×UB16
2026,block_group,361090005003,peak_kw_home,total_effect,stock,0.0,0.0,0.0,bootstrap_95_bias_shifted,73.94816,12.45195,8192,M2×UP16×TH16×UB16
2026,block_group,361090005003,peak_kw_home,first_order,placement,0.28254,0.16304,0.38363,bootstrap_95_bias_shifted,73.94816,12.45195,8192,M2×UP16×TH16×UB16
2026,block_group,361090005003,peak_kw_home,total_effect,placement,0.67094,0.53909,0.81298,bootstrap_95_bias_shifted,73.94816,12.45195,8192,M2×UP16×TH16×UB16
2026,block_group,361090005003,peak_kw_home,first_order,behaviour,0.32906,0.18702,0.46091,bootstrap_95_bias_shifted,73.94816,12.45195,8192,M2×UP16×TH16×UB16
2026,block_group,361090005003,peak_kw_home,total_effect,behaviour,0.71746,0.61637,0.83696,bootstrap_95_bias_shifted,73.94816,12.45195,8192,M2×UP16×TH16×UB16
2026,block_group,361090005003,peak_kw_home,first_order,interaction,0.3884,0.29735,0.5084,bootstrap_95_bias_shifted,73.94816,12.45195,8192,M2×UP16×TH16×UB16
2026,block_group,361090005003,peak_kw_home,first_order,placement:weighting,0.02676,-0.00061,0.06782,bootstrap_95_bias_shifted,73.94816,12.45195,8192,M2×UP16×TH16×UB16
2026,block_group,361090005003,peak_kw_home,first_order,placement:sampling,0.22502,0.12413,0.33139,bootstrap_95_bias_shifted,73.94816,12.45195,8192,M2×UP16×TH16×UB16
2026,block_group,361090005003,peak_kw_home,first_order,placement:weighting_x_sampling,0.03076,0.01295,0.05217,bootstrap_95_bias_shifted,73.94816,12.45195,8192,M2×UP16×TH16×UB16
2026,block_group,361090005003,peak_kw_home,first_order,behaviour:parameters,0.31759,0.17292,0.46069,bootstrap_95_bias_shifted,73.94816,12.45195,8192,M2×UP16×TH16×UB16
2026,block_group,361090005003,peak_kw_home,first_order,behaviour:stochastic,0.00824,-0.0062,0.03076,bootstrap_95_bias_shifted,73.94816,12.45195,8192,M2×UP16×TH16×UB16
2026,block_group,361090005003,peak_kw_home,first_order,behaviour:parameters_x_stochastic,0.00323,-0.00658,0.01729,bootstrap_95_bias_shifted,73.94816,12.45195,8192,M2×UP16×TH16×UB16
2026,block_group,361090006001,peak_kw_home,first_order,stock,0.0,0.0,0.0,bootstrap_95_bias_shifted,48.08957,9.27188,8192,M2×UP16×TH16×UB16
2026,block_group,361090006001,peak_kw_home,total_effect,stock,0.0,0.0,0.0,bootstrap_95_bias_shifted,48.08957,9.27188,8192,M2×UP16×TH16×UB16
2026,block_group,361090006001,peak_kw_home,first_order,placement,0.18759,0.10259,0.28747,bootstrap_95_bias_shifted,48.08957,9.27188,8192,M2×UP16×TH16×UB16
2026,block_group,361090006001,peak_kw_home,total_effect,placement,0.64429,0.5214,0.78404,bootstrap_95_bias_shifted,48.08957,9.27188,8192,M2×UP16×TH16×UB16
2026,block_group,361090006001,peak_kw_home,first_order,behaviour,0.35571,0.21596,0.4786,bootstrap_95_bias_shifted,48.08957,9.27188,8192,M2×UP16×TH16×UB16
2026,block_group,361090006001,peak_kw_home,total_effect,behaviour,0.81241,0.71253,0.89741,bootstrap_95_bias_shifted,48.08957,9.27188,8192,M2×UP16×TH16×UB16
2026,block_group,361090006001,peak_kw_home,first_order,interaction,0.4567,0.35866,0.57484,bootstrap_95_bias_shifted,48.08957,9.27188,8192,M2×UP16×TH16×UB16
2026,block_group,361090006001,peak_kw_home,first_order,placement:weighting,-0.00072,-0.00912,0.01677,bootstrap_95_bias_shifted,48.08957,9.27188,8192,M2×UP16×TH16×UB16
2026,block_group,361090006001,peak_kw_home,first_order,placement:sampling,0.14749,0.0647,0.24032,bootstrap_95_bias_shifted,48.08957,9.27188,8192,M2×UP16×TH16×UB16
2026,block_group,361090006001,peak_kw_home,first_order,placement:weighting_x_sampling,0.04082,0.00365,0.10232,bootstrap_95_bias_shifted,48.08957,9.27188,8192,M2×UP16×TH16×UB16
2026,block_group,361090006001,peak_kw_home,first_order,behaviour:parameters,0.34581,0.19887,0.46848,bootstrap_95_bias_shifted,48.08957,9.27188,8192,M2×UP16×TH16×UB16
2026,block_group,361090006001,peak_kw_home,first_order,behaviour:stochastic,0.00398,-0.01237,0.02861,bootstrap_95_bias_shifted,48.08957,9.27188,8192,M2×UP16×TH16×UB16
2026,block_group,361090006001,peak_kw_home,first_order,behaviour:parameters_x_stochastic,0.00592,-0.00447,0.01961,bootstrap_95_bias_shifted,48.08957,9.27188,8192,M2×UP16×TH16×UB16
2026,block_group,361090006002,peak_kw_home,first_order,stock,0.0,0.0,0.0,bootstrap_95_bias_shifted,69.13371,13.8573,8192,M2×UP16×TH16×UB16
2026,block_group,361090006002,peak_kw_home,total_effect,stock,0.0,0.0,0.0,bootstrap_95_bias_shifted,69.13371,13.8573,8192,M2×UP16×TH16×UB16
2026,block_group,361090006002,peak_kw_home,first_order,placement,0.50366,0.37601,0.62836,bootstrap_95_bias_shifted,69.13371,13.8573,8192,M2×UP16×TH16×UB16
2026,block_group,361090006002,peak_kw_home,total_effect,placement,0.80372,0.69027,0.91351,bootstrap_95_bias_shifted,69.13371,13.8573,8192,M2×UP16×TH16×UB16
2026,block_group,361090006002,peak_kw_home,first_order,behaviour,0.19628,0.08649,0.30973,bootstrap_95_bias_shifted,69.13371,13.8573,8192,M2×UP16×TH16×UB16
2026,block_group,361090006002,peak_kw_home,total_effect,behaviour,0.49634,0.37164,0.62399,bootstrap_95_bias_shifted,69.13371,13.8573,8192,M2×UP16×TH16×UB16
2026,block_group,361090006002,peak_kw_home,first_order,interaction,0.30006,0.24003,0.37811,bootstrap_95_bias_shifted,69.13371,13.8573,8192,M2×UP16×TH16×UB16
2026,block_group,361090006002,peak_kw_home,first_order,placement:weighting,0.18243,0.10556,0.26593,bootstrap_95_bias_shifted,69.13371,13.8573,8192,M2×UP16×TH16×UB16
2026,block_group,361090006002,peak_kw_home,first_order,placement:sampling,0.28151,0.14155,0.41399,bootstrap_95_bias_shifted,69.13371,13.8573,8192,M2×UP16×TH16×UB16
2026,block_group,361090006002,peak_kw_home,first_order,placement:weighting_x_sampling,0.03972,0.01732,0.07085,bootstrap_95_bias_shifted,69.13371,13.8573,8192,M2×UP16×TH16×UB16
2026,block_group,361090006002,peak_kw_home,first_order,behaviour:parameters,0.19369,0.08472,0.30339,bootstrap_95_bias_shifted,69.13371,13.8573,8192,M2×UP16×TH16×UB16
2026,block_group,361090006002,peak_kw_home,first_order,behaviour:stochastic,0.00137,-0.00635,0.01408,bootstrap_95_bias_shifted,69.13371,13.8573,8192,M2×UP16×TH16×UB16
2026,block_group,361090006002,peak_kw_home,first_order,behaviour:parameters_x_stochastic,0.00122,-0.0061,0.01319,bootstrap_95_bias_shifted,69.13371,13.8573,8192,M2×UP16×TH16×UB16
2026,block_group,361090006003,peak_kw_home,first_order,stock,0.0,0.0,0.0,bootstrap_95_bias_shifted,10.94107,8.1849,8192,M2×UP16×TH16×UB16
2026,block_group,361090006003,peak_kw_home,total_effect,stock,0.0,0.0,0.0,bootstrap_95_bias_shifted,10.94107,8.1849,8192,M2×UP16×TH16×UB16
2026,block_group,361090006003,peak_kw_home,first_order,placement,0.5971,0.44804,0.7193,bootstrap_95_bias_shifted,10.94107,8.1849,8192,M2×UP16×TH16×UB16
2026,block_group,361090006003,peak_kw_home,total_effect,placement,0.95383,0.89258,0.98839,bootstrap_95_bias_shifted,10.94107,8.1849,8192,M2×UP16×TH16×UB16
2026,block_group,361090006003,peak_kw_home,first_order,behaviour,0.04617,0.01161,0.10742,bootstrap_95_bias_shifted,10.94107,8.1849,8192,M2×UP16×TH16×UB16
2026,block_group,361090006003,peak_kw_home,total_effect,behaviour,0.4029,0.2807,0.55196,bootstrap_95_bias_shifted,10.94107,8.1849,8192,M2×UP16×TH16×UB16
2026,block_group,361090006003,peak_kw_home,first_order,interaction,0.35673,0.25331,0.49324,bootstrap_95_bias_shifted,10.94107,8.1849,8192,M2×UP16×TH16×UB16
2026,block_group,361090006003,peak_kw_home,first_order,placement:weighting,0.14795,0.08378,0.2285,bootstrap_95_bias_shifted,10.94107,8.1849,8192,M2×UP16×TH16×UB16
2026,block_group,361090006003,peak_kw_home,first_order,placement:sampling,0.4296,0.23787,0.60548,bootstrap_95_bias_shifted,10.94107,8.1849,8192,M2×UP16×TH16×UB16
2026,block_group,361090006003,peak_kw_home,first_order,placement:weighting_x_sampling,0.01955,0.00645,0.03712,bootstrap_95_bias_shifted,10.94107,8.1849,8192,M2×UP16×TH16×UB16
2026,block_group,361090006003,peak_kw_home,first_order,behaviour:parameters,0.0479,0.02098,0.08854,bootstrap_95_bias_shifted,10.94107,8.1849,8192,M2×UP16×TH16×UB16
2026,block_group,361090006003,peak_kw_home,first_order,behaviour:stochastic,-0.00269,-0.02077,0.02977,bootstrap_95_bias_shifted,10.94107,8.1849,8192,M2×UP16×TH16×UB16
2026,block_group,361090006003,peak_kw_home,first_order,behaviour:parameters_x_stochastic,0.00095,-0.00288,0.00792,bootstrap_95_bias_shifted,10.94107,8.1849,8192,M2×UP16×TH16×UB16
2026,block_group,361090006004,peak_kw_home,first_order,stock,0.0,0.0,0.0,bootstrap_95_bias_shifted,85.86721,13.44995,8192,M2×UP16×TH16×UB16
2026,block_group,361090006004,peak_kw_home,total_effect,stock,0.0,0.0,0.0,bootstrap_95_bias_shifted,85.86721,13.44995,8192,M2×UP16×TH16×UB16
2026,block_group,361090006004,peak_kw_home,first_order,placement,0.3223,0.17173,0.48123,bootstrap_95_bias_shifted,85.86721,13.44995,8192,M2×UP16×TH16×UB16
2026,block_group,361090006004,peak_kw_home,total_effect,placement,0.70316,0.55581,0.8572,bootstrap_95_bias_shifted,85.86721,13.44995,8192,M2×UP16×TH16×UB16
2026,block_group,361090006004,peak_kw_home,first_order,behaviour,0.29684,0.1428,0.44419,bootstrap_95_bias_shifted,85.86721,13.44995,8192,M2×UP16×TH16×UB16
2026,block_group,361090006004,peak_kw_home,total_effect,behaviour,0.6777,0.51877,0.82827,bootstrap_95_bias_shifted,85.86721,13.44995,8192,M2×UP16×TH16×UB16
2026,block_group,361090006004,peak_kw_home,first_order,interaction,0.38086,0.28842,0.49076,bootstrap_95_bias_shifted,85.86721,13.44995,8192,M2×UP16×TH16×UB16
2026,block_group,361090006004,peak_kw_home,first_order,placement:weighting,0.02699,0.00122,0.06615,bootstrap_95_bias_shifted,85.86721,13.44995,8192,M2×UP16×TH16×UB16
2026,block_group,361090006004,peak_kw_home,first_order,placement:sampling,0.26643,0.11077,0.45175,bootstrap_95_bias_shifted,85.86721,13.44995,8192,M2×UP16×TH16×UB16
2026,block_group,361090006004,peak_kw_home,first_order,placement:weighting_x_sampling,0.02888,0.01096,0.05326,bootstrap_95_bias_shifted,85.86721,13.44995,8192,M2×UP16×TH16×UB16
2026,block_group,361090006004,peak_kw_home,first_order,behaviour:parameters,0.28641,0.13454,0.43116,bootstrap_95_bias_shifted,85.86721,13.44995,8192,M2×UP16×TH16×UB16
2026,block_group,361090006004,peak_kw_home,first_order,behaviour:stochastic,0.00977,-0.00561,0.03595,bootstrap_95_bias_shifted,85.86721,13.44995,8192,M2×UP16×TH16×UB16
2026,block_group,361090006004,peak_kw_home,first_order,behaviour:parameters_x_stochastic,0.00065,-0.00934,0.01873,bootstrap_95_bias_shifted,85.86721,13.44995,8192,M2×UP16×TH16×UB16
2026,block_group,361090007001,peak_kw_home,first_order,stock,0.0,0.0,0.0,bootstrap_95_bias_shifted,37.1738,11.18358,8192,M2×UP16×TH16×UB16
2026,block_group,361090007001,peak_kw_home,total_effect,stock,0.0,0.0,0.0,bootstrap_95_bias_shifted,37.1738,11.18358,8192,M2×UP16×TH16×UB16
2026,block_group,361090007001,peak_kw_home,first_order,placement,0.44892,0.36325,0.53501,bootstrap_95_bias_shifted,37.1738,11.18358,8192,M2×UP16×TH16×UB16
2026,block_group,361090007001,peak_kw_home,total_effect,placement,0.72903,0.64703,0.82888,bootstrap_95_bias_shifted,37.1738,11.18358,8192,M2×UP16×TH16×UB16
2026,block_group,361090007001,peak_kw_home,first_order,behaviour,0.27097,0.17112,0.35297,bootstrap_95_bias_shifted,37.1738,11.18358,8192,M2×UP16×TH16×UB16
2026,block_group,361090007001,peak_kw_home,total_effect,behaviour,0.55108,0.46499,0.63675,bootstrap_95_bias_shifted,37.1738,11.18358,8192,M2×UP16×TH16×UB16
2026,block_group,361090007001,peak_kw_home,first_order,interaction,0.28012,0.23275,0.33046,bootstrap_95_bias_shifted,37.1738,11.18358,8192,M2×UP16×TH16×UB16
2026,block_group,361090007001,peak_kw_home,first_order,placement:weighting,0.36396,0.28032,0.44905,bootstrap_95_bias_shifted,37.1738,11.18358,8192,M2×UP16×TH16×UB16
2026,block_group,361090007001,peak_kw_home,first_order,placement:sampling,0.05807,0.019,0.11435,bootstrap_95_bias_shifted,37.1738,11.18358,8192,M2×UP16×TH16×UB16
2026,block_group,361090007001,peak_kw_home,first_order,placement:weighting_x_sampling,0.02688,0.01338,0.04863,bootstrap_95_bias_shifted,37.1738,11.18358,8192,M2×UP16×TH16×UB16
2026,block_group,361090007001,peak_kw_home,first_order,behaviour:parameters,0.26672,0.17214,0.35282,bootstrap_95_bias_shifted,37.1738,11.18358,8192,M2×UP16×TH16×UB16
2026,block_group,361090007001,peak_kw_home,first_order,behaviour:stochastic,0.00341,-0.00544,0.01751,bootstrap_95_bias_shifted,37.1738,11.18358,8192,M2×UP16×TH16×UB16
2026,block_group,361090007001,peak_kw_home,first_order,behaviour:parameters_x_stochastic,0.00084,-0.00404,0.0092,bootstrap_95_bias_shifted,37.1738,11.18358,8192,M2×UP16×TH16×UB16
2026,block_group,361090007002,peak_kw_home,first_order,stock,0.0,0.0,0.0,bootstrap_95_bias_shifted,80.86708,12.95064,8192,M2×UP16×TH16×UB16
2026,block_group,361090007002,peak_kw_home,total_effect,stock,0.0,0.0,0.0,bootstrap_95_bias_shifted,80.86708,12.95064,8192,M2×UP16×TH16×UB16
2026,block_group,361090007002,peak_kw_home,first_order,placement,0.26896,0.12419,0.40625,bootstrap_95_bias_shifted,80.86708,12.95064,8192,M2×UP16×TH16×UB16
2026,block_group,361090007002,peak_kw_home,total_effect,placement,0.66142,0.51088,0.81962,bootstrap_95_bias_shifted,80.86708,12.95064,8192,M2×UP16×TH16×UB16
2026,block_group,361090007002,peak_kw_home,first_order,behaviour,0.33858,0.18038,0.48912,bootstrap_95_bias_shifted,80.86708,12.95064,8192,M2×UP16×TH16×UB16
2026,block_group,361090007002,peak_kw_home,total_effect,behaviour,0.73104,0.59375,0.87581,bootstrap_95_bias_shifted,80.86708,12.95064,8192,M2×UP16×TH16×UB16
2026,block_group,361090007002,peak_kw_home,first_order,interaction,0.39246,0.28767,0.54709,bootstrap_95_bias_shifted,80.86708,12.95064,8192,M2×UP16×TH16×UB16
2026,block_group,361090007002,peak_kw_home,first_order,placement:weighting,-0.0013,-0.00371,0.00434,bootstrap_95_bias_shifted,80.86708,12.95064,8192,M2×UP16×TH16×UB16
2026,block_group,361090007002,peak_kw_home,first_order,placement:sampling,0.25105,0.11536,0.38026,bootstrap_95_bias_shifted,80.86708,12.95064,8192,M2×UP16×TH16×UB16
2026,block_group,361090007002,peak_kw_home,first_order,placement:weighting_x_sampling,0.0192,0.004,0.03698,bootstrap_95_bias_shifted,80.86708,12.95064,8192,M2×UP16×TH16×UB16
2026,block_group,361090007002,peak_kw_home,first_order,behaviour:parameters,0.33459,0.16984,0.48392,bootstrap_95_bias_shifted,80.86708,12.95064,8192,M2×UP16×TH16×UB16
2026,block_group,361090007002,peak_kw_home,first_order,behaviour:stochastic,0.00355,-0.00735,0.02134,bootstrap_95_bias_shifted,80.86708,12.95064,8192,M2×UP16×TH16×UB16
2026,block_group,361090007002,peak_kw_home,first_order,behaviour:parameters_x_stochastic,0.00043,-0.00847,0.01527,bootstrap_95_bias_shifted,80.86708,12.95064,8192,M2×UP16×TH16×UB16
2026,block_group,361090007003,peak_kw_home,first_order,stock,0.0,0.0,0.0,bootstrap_95_bias_shifted,59.83217,10.57907,8192,M2×UP16×TH16×UB16
2026,block_group,361090007003,peak_kw_home,total_effect,stock,0.0,0.0,0.0,bootstrap_95_bias_shifted,59.83217,10.57907,8192,M2×UP16×TH16×UB16
2026,block_group,361090007003,peak_kw_home,first_order,placement,0.19612,0.06425,0.35984,bootstrap_95_bias_shifted,59.83217,10.57907,8192,M2×UP16×TH16×UB16
2026,block_group,361090007003,peak_kw_home,total_effect,placement,0.64151,0.50514,0.7918,bootstrap_95_bias_shifted,59.83217,10.57907,8192,M2×UP16×TH16×UB16
2026,block_group,361090007003,peak_kw_home,first_order,behaviour,0.35849,0.2082,0.49486,bootstrap_95_bias_shifted,59.83217,10.57907,8192,M2×UP16×TH16×UB16
2026,block_group,361090007003,peak_kw_home,total_effect,behaviour,0.80388,0.64016,0.93575,bootstrap_95_bias_shifted,59.83217,10.57907,8192,M2×UP16×TH16×UB16
2026,block_group,361090007003,peak_kw_home,first_order,interaction,0.4454,0.34153,0.59286,bootstrap_95_bias_shifted,59.83217,10.57907,8192,M2×UP16×TH16×UB16
2026,block_group,361090007003,peak_kw_home,first_order,placement:weighting,0.00245,-0.00399,0.01855,bootstrap_95_bias_shifted,59.83217,10.57907,8192,M2×UP16×TH16×UB16
2026,block_group,361090007003,peak_kw_home,first_order,placement:sampling,0.17421,0.04287,0.3449,bootstrap_95_bias_shifted,59.83217,10.57907,8192,M2×UP16×TH16×UB16
2026,block_group,361090007003,peak_kw_home,first_order,placement:weighting_x_sampling,0.01945,0.00707,0.03524,bootstrap_95_bias_shifted,59.83217,10.57907,8192,M2×UP16×TH16×UB16
2026,block_group,361090007003,peak_kw_home,first_order,behaviour:parameters,0.35389,0.20358,0.48273,bootstrap_95_bias_shifted,59.83217,10.57907,8192,M2×UP16×TH16×UB16
2026,block_group,361090007003,peak_kw_home,first_order,behaviour:stochastic,0.0034,-0.01156,0.02701,bootstrap_95_bias_shifted,59.83217,10.57907,8192,M2×UP16×TH16×UB16
2026,block_group,361090007003,peak_kw_home,first_order,behaviour:parameters_x_stochastic,0.0012,-0.00971,0.01543,bootstrap_95_bias_shifted,59.83217,10.57907,8192,M2×UP16×TH16×UB16
2026,block_group,361090008001,peak_kw_home,first_order,stock,0.0,0.0,0.0,bootstrap_95_bias_shifted,39.21934,9.18977,8192,M2×UP16×TH16×UB16
2026,block_group,361090008001,peak_kw_home,total_effect,stock,0.0,0.0,0.0,bootstrap_95_bias_shifted,39.21934,9.18977,8192,M2×UP16×TH16×UB16
2026,block_group,361090008001,peak_kw_home,first_order,placement,0.38488,0.22642,0.51441,bootstrap_95_bias_shifted,39.21934,9.18977,8192,M2×UP16×TH16×UB16
2026,block_group,361090008001,peak_kw_home,total_effect,placement,0.7578,0.64862,0.8647,bootstrap_95_bias_shifted,39.21934,9.18977,8192,M2×UP16×TH16×UB16
2026,block_group,361090008001,peak_kw_home,first_order,behaviour,0.2422,0.1353,0.35138,bootstrap_95_bias_shifted,39.21934,9.18977,8192,M2×UP16×TH16×UB16
2026,block_group,361090008001,peak_kw_home,total_effect,behaviour,0.61512,0.48559,0.77358,bootstrap_95_bias_shifted,39.21934,9.18977,8192,M2×UP16×TH16×UB16
2026,block_group,361090008001,peak_kw_home,first_order,interaction,0.37292,0.2897,0.48721,bootstrap_95_bias_shifted,39.21934,9.18977,8192,M2×UP16×TH16×UB16
2026,block_group,361090008001,peak_kw_home,first_order,placement:weighting,0.06162,0.021,0.12629,bootstrap_95_bias_shifted,39.21934,9.18977,8192,M2×UP16×TH16×UB16
2026,block_group,361090008001,peak_kw_home,first_order,placement:sampling,0.2808,0.14155,0.43196,bootstrap_95_bias_shifted,39.21934,9.18977,8192,M2×UP16×TH16×UB16
2026,block_group,361090008001,peak_kw_home,first_order,placement:weighting_x_sampling,0.04246,0.01282,0.07789,bootstrap_95_bias_shifted,39.21934,9.18977,8192,M2×UP16×TH16×UB16
2026,block_group,361090008001,peak_kw_home,first_order,behaviour:parameters,0.23415,0.12987,0.3449,bootstrap_95_bias_shifted,39.21934,9.18977,8192,M2×UP16×TH16×UB16
2026,block_group,361090008001,peak_kw_home,first_order,behaviour:stochastic,0.00562,-0.0095,0.03106,bootstrap_95_bias_shifted,39.21934,9.18977,8192,M2×UP16×TH16×UB16
2026,block_group,361090008001,peak_kw_home,first_order,behaviour:parameters_x_stochastic,0.00243,-0.00551,0.01361,bootstrap_95_bias_shifted,39.21934,9.18977,8192,M2×UP16×TH16×UB16
2026,block_group,361090008002,peak_kw_home,first_order,stock,0.0,0.0,0.0,bootstrap_95_bias_shifted,46.25583,9.22228,8192,M2×UP16×TH16×UB16
2026,block_group,361090008002,peak_kw_home,total_effect,stock,0.0,0.0,0.0,bootstrap_95_bias_shifted,46.25583,9.22228,8192,M2×UP16×TH16×UB16
2026,block_group,361090008002,peak_kw_home,first_order,placement,0.22295,0.13988,0.31672,bootstrap_95_bias_shifted,46.25583,9.22228,8192,M2×UP16×TH16×UB16
2026,block_group,361090008002,peak_kw_home,total_effect,placement,0.67501,0.54354,0.79638,bootstrap_95_bias_shifted,46.25583,9.22228,8192,M2×UP16×TH16×UB16
2026,block_group,361090008002,peak_kw_home,first_order,behaviour,0.32499,0.20362,0.45646,bootstrap_95_bias_shifted,46.25583,9.22228,8192,M2×UP16×TH16×UB16
2026,block_group,361090008002,peak_kw_home,total_effect,behaviour,0.77705,0.68328,0.86012,bootstrap_95_bias_shifted,46.25583,9.22228,8192,M2×UP16×TH16×UB16
2026,block_group,361090008002,peak_kw_home,first_order,interaction,0.45206,0.36337,0.54711,bootstrap_95_bias_shifted,46.25583,9.22228,8192,M2×UP16×TH16×UB16
2026,block_group,361090008002,peak_kw_home,first_order,placement:weighting,0.04181,0.00221,0.11241,bootstrap_95_bias_shifted,46.25583,9.22228,8192,M2×UP16×TH16×UB16
2026,block_group,361090008002,peak_kw_home,first_order,placement:sampling,0.10656,0.02729,0.2013,bootstrap_95_bias_shifted,46.25583,9.22228,8192,M2×UP16×TH16×UB16
2026,block_group,361090008002,peak_kw_home,first_order,placement:weighting_x_sampling,0.07458,0.04416,0.12498,bootstrap_95_bias_shifted,46.25583,9.22228,8192,M2×UP16×TH16×UB16
2026,block_group,361090008002,peak_kw_home,first_order,behaviour:parameters,0.31635,0.18802,0.43366,bootstrap_95_bias_shifted,46.25583,9.22228,8192,M2×UP16×TH16×UB16
2026,block_group,361090008002,peak_kw_home,first_order,behaviour:stochastic,0.00785,-0.01051,0.04034,bootstrap_95_bias_shifted,46.25583,9.22228,8192,M2×UP16×TH16×UB16
2026,block_group,361090008002,peak_kw_home,first_order,behaviour:parameters_x_stochastic,0.00078,-0.00791,0.01454,bootstrap_95_bias_shifted,46.25583,9.22228,8192,M2×UP16×TH16×UB16
2026,block_group,361090009001,peak_kw_home,first_order,stock,0.0,0.0,0.0,bootstrap_95_bias_shifted,47.13078,10.88229,8192,M2×UP16×TH16×UB16
2026,block_group,361090009001,peak_kw_home,total_effect,stock,0.0,0.0,0.0,bootstrap_95_bias_shifted,47.13078,10.88229,8192,M2×UP16×TH16×UB16
2026,block_group,361090009001,peak_kw_home,first_order,placement,0.52339,0.42646,0.62676,bootstrap_95_bias_shifted,47.13078,10.88229,8192,M2×UP16×TH16×UB16
2026,block_group,361090009001,peak_kw_home,total_effect,placement,0.80751,0.7148,0.90381,bootstrap_95_bias_shifted,47.13078,10.88229,8192,M2×UP16×TH16×UB16
2026,block_group,361090009001,peak_kw_home,first_order,behaviour,0.19249,0.09619,0.2852,bootstrap_95_bias_shifted,47.13078,10.88229,8192,M2×UP16×TH16×UB16
2026,block_group,361090009001,peak_kw_home,total_effect,behaviour,0.47661,0.37324,0.57354,bootstrap_95_bias_shifted,47.13078,10.88229,8192,M2×UP16×TH16×UB16
2026,block_group,361090009001,peak_kw_home,first_order,interaction,0.28411,0.24051,0.33797,bootstrap_95_bias_shifted,47.13078,10.88229,8192,M2×UP16×TH16×UB16
2026,block_group,361090009001,peak_kw_home,first_order,placement:weighting,0.33744,0.24616,0.4209,bootstrap_95_bias_shifted,47.13078,10.88229,8192,M2×UP16×TH16×UB16
2026,block_group,361090009001,peak_kw_home,first_order,placement:sampling,0.15902,0.08996,0.24312,bootstrap_95_bias_shifted,47.13078,10.88229,8192,M2×UP16×TH16×UB16
2026,block_group,361090009001,peak_kw_home,first_order,placement:weighting_x_sampling,0.02694,0.00931,0.0491,bootstrap_95_bias_shifted,47.13078,10.88229,8192,M2×UP16×TH16×UB16
2026,block_group,361090009001,peak_kw_home,first_order,behaviour:parameters,0.18866,0.09384,0.2834,bootstrap_95_bias_shifted,47.13078,10.88229,8192,M2×UP16×TH16×UB16
2026,block_group,361090009001,peak_kw_home,first_order,behaviour:stochastic,0.00313,-0.00474,0.01535,bootstrap_95_bias_shifted,47.13078,10.88229,8192,M2×UP16×TH16×UB16
2026,block_group,361090009001,peak_kw_home,first_order,behaviour:parameters_x_stochastic,0.00071,-0.00535,0.00983,bootstrap_95_bias_shifted,47.13078,10.88229,8192,M2×UP16×TH16×UB16
2026,block_group,361090009002,peak_kw_home,first_order,stock,0.0,0.0,0.0,bootstrap_95_bias_shifted,110.98599,21.42437,8192,M2×UP16×TH16×UB16
2026,block_group,361090009002,peak_kw_home,total_effect,stock,0.0,0.0,0.0,bootstrap_95_bias_shifted,110.98599,21.42437,8192,M2×UP16×TH16×UB16
2026,block_group,361090009002,peak_kw_home,first_order,placement,0.60902,0.50936,0.70361,bootstrap_95_bias_shifted,110.98599,21.42437,8192,M2×UP16×TH16×UB16
2026,block_group,361090009002,peak_kw_home,total_effect,placement,0.82273,0.72522,0.92027,bootstrap_95_bias_shifted,110.98599,21.42437,8192,M2×UP16×TH16×UB16
2026,block_group,361090009002,peak_kw_home,first_order,behaviour,0.17727,0.07973,0.27478,bootstrap_95_bias_shifted,110.98599,21.42437,8192,M2×UP16×TH16×UB16
2026,block_group,361090009002,peak_kw_home,total_effect,behaviour,0.39098,0.29639,0.49064,bootstrap_95_bias_shifted,110.98599,21.42437,8192,M2×UP16×TH16×UB16
2026,block_group,361090009002,peak_kw_home,first_order,interaction,0.21372,0.17943,0.25898,bootstrap_95_bias_shifted,110.98599,21.42437,8192,M2×UP16×TH16×UB16
2026,block_group,361090009002,peak_kw_home,first_order,placement:weighting,0.43822,0.35221,0.52435,bootstrap_95_bias_shifted,110.98599,21.42437,8192,M2×UP16×TH16×UB16
2026,block_group,361090009002,peak_kw_home,first_order,placement:sampling,0.12708,0.05886,0.20278,bootstrap_95_bias_shifted,110.98599,21.42437,8192,M2×UP16×TH16×UB16
2026,block_group,361090009002,peak_kw_home,first_order,placement:weighting_x_sampling,0.04371,0.02267,0.07501,bootstrap_95_bias_shifted,110.98599,21.42437,8192,M2×UP16×TH16×UB16
2026,block_group,361090009002,peak_kw_home,first_order,behaviour:parameters,0.17231,0.0728,0.26821,bootstrap_95_bias_shifted,110.98599,21.42437,8192,M2×UP16×TH16×UB16
2026,block_group,361090009002,peak_kw_home,first_order,behaviour:stochastic,0.00236,-0.00337,0.01241,bootstrap_95_bias_shifted,110.98599,21.42437,8192,M2×UP16×TH16×UB16
2026,block_group,361090009002,peak_kw_home,first_order,behaviour:parameters_x_stochastic,0.00259,-0.00275,0.00955,bootstrap_95_bias_shifted,110.98599,21.42437,8192,M2×UP16×TH16×UB16
2026,block_group,361090009003,peak_kw_home,first_order,stock,0.0,0.0,0.0,bootstrap_95_bias_shifted,46.30554,9.77087,8192,M2×UP16×TH16×UB16
2026,block_group,361090009003,peak_kw_home,total_effect,stock,0.0,0.0,0.0,bootstrap_95_bias_shifted,46.30554,9.77087,8192,M2×UP16×TH16×UB16
2026,block_group,361090009003,peak_kw_home,first_order,placement,0.45007,0.30761,0.57875,bootstrap_95_bias_shifted,46.30554,9.77087,8192,M2×UP16×TH16×UB16
2026,block_group,361090009003,peak_kw_home,total_effect,placement,0.7937,0.68496,0.90843,bootstrap_95_bias_shifted,46.30554,9.77087,8192,M2×UP16×TH16×UB16
2026,block_group,361090009003,peak_kw_home,first_order,behaviour,0.2063,0.09157,0.31504,bootstrap_95_bias_shifted,46.30554,9.77087,8192,M2×UP16×TH16×UB16
2026,block_group,361090009003,peak_kw_home,total_effect,behaviour,0.54993,0.42125,0.69239,bootstrap_95_bias_shifted,46.30554,9.77087,8192,M2×UP16×TH16×UB16
2026,block_group,361090009003,peak_kw_home,first_order,interaction,0.34363,0.26625,0.44935,bootstrap_95_bias_shifted,46.30554,9.77087,8192,M2×UP16×TH16×UB16
2026,block_group,361090009003,peak_kw_home,first_order,placement:weighting,0.00916,-0.00904,0.0542,bootstrap_95_bias_shifted,46.30554,9.77087,8192,M2×UP16×TH16×UB16
2026,block_group,361090009003,peak_kw_home,first_order,placement:sampling,0.38797,0.23043,0.52011,bootstrap_95_bias_shifted,46.30554,9.77087,8192,M2×UP16×TH16×UB16
2026,block_group,361090009003,peak_kw_home,first_order,placement:weighting_x_sampling,0.05293,0.02197,0.09013,bootstrap_95_bias_shifted,46.30554,9.77087,8192,M2×UP16×TH16×UB16
2026,block_group,361090009003,peak_kw_home,first_order,behaviour:parameters,0.20622,0.0928,0.31325,bootstrap_95_bias_shifted,46.30554,9.77087,8192,M2×UP16×TH16×UB16
2026,block_group,361090009003,peak_kw_home,first_order,behaviour:stochastic,-0.00044,-0.0092,0.01764,bootstrap_95_bias_shifted,46.30554,9.77087,8192,M2×UP16×TH16×UB16
2026,block_group,361090009003,peak_kw_home,first_order,behaviour:parameters_x_stochastic,0.00052,-0.00701,0.01324,bootstrap_95_bias_shifted,46.30554,9.77087,8192,M2×UP16×TH16×UB16
2026,block_group,361090010001,peak_kw_home,first_order,stock,0.0,0.0,0.0,bootstrap_95_bias_shifted,44.18459,13.65418,8192,M2×UP16×TH16×UB16
2026,block_group,361090010001,peak_kw_home,total_effect,stock,0.0,0.0,0.0,bootstrap_95_bias_shifted,44.18459,13.65418,8192,M2×UP16×TH16×UB16
2026,block_group,361090010001,peak_kw_home,first_order,placement,0.67962,0.60541,0.74158,bootstrap_95_bias_shifted,44.18459,13.65418,8192,M2×UP16×TH16×UB16
2026,block_group,361090010001,peak_kw_home,total_effect,placement,0.88287,0.81647,0.9407,bootstrap_95_bias_shifted,44.18459,13.65418,8192,M2×UP16×TH16×UB16
2026,block_group,361090010001,peak_kw_home,first_order,behaviour,0.11713,0.0593,0.18353,bootstrap_95_bias_shifted,44.18459,13.65418,8192,M2×UP16×TH16×UB16
2026,block_group,361090010001,peak_kw_home,total_effect,behaviour,0.32038,0.25842,0.39459,bootstrap_95_bias_shifted,44.18459,13.65418,8192,M2×UP16×TH16×UB16
2026,block_group,361090010001,peak_kw_home,first_order,interaction,0.20325,0.17267,0.24051,bootstrap_95_bias_shifted,44.18459,13.65418,8192,M2×UP16×TH16×UB16
2026,block_group,361090010001,peak_kw_home,first_order,placement:weighting,0.57046,0.49177,0.64977,bootstrap_95_bias_shifted,44.18459,13.65418,8192,M2×UP16×TH16×UB16
2026,block_group,361090010001,peak_kw_home,first_order,placement:sampling,0.08379,0.04048,0.13572,bootstrap_95_bias_shifted,44.18459,13.65418,8192,M2×UP16×TH16×UB16
2026,block_group,361090010001,peak_kw_home,first_order,placement:weighting_x_sampling,0.02537,0.00889,0.04446,bootstrap_95_bias_shifted,44.18459,13.65418,8192,M2×UP16×TH16×UB16
2026,block_group,361090010001,peak_kw_home,first_order,behaviour:parameters,0.11676,0.05963,0.1824,bootstrap_95_bias_shifted,44.18459,13.65418,8192,M2×UP16×TH16×UB16
2026,block_group,361090010001,peak_kw_home,first_order,behaviour:stochastic,-0.00032,-0.00578,0.01082,bootstrap_95_bias_shifted,44.18459,13.65418,8192,M2×UP16×TH16×UB16
2026,block_group,361090010001,peak_kw_home,first_order,behaviour:parameters_x_stochastic,0.00069,-0.0026,0.00549,bootstrap_95_bias_shifted,44.18459,13.65418,8192,M2×UP16×TH16×UB16
2026,block_group,361090010002,peak_kw_home,first_order,stock,0.0,0.0,0.0,bootstrap_95_bias_shifted,79.46321,14.08988,8192,M2×UP16×TH16×UB16
2026,block_group,361090010002,peak_kw_home,total_effect,stock,0.0,0.0,0.0,bootstrap_95_bias_shifted,79.46321,14.08988,8192,M2×UP16×TH16×UB16
2026,block_group,361090010002,peak_kw_home,first_order,placement,0.45337,0.36363,0.54892,bootstrap_95_bias_shifted,79.46321,14.08988,8192,M2×UP16×TH16×UB16
2026,block_group,361090010002,peak_kw_home,total_effect,placement,0.76304,0.65502,0.87556,bootstrap_95_bias_shifted,79.46321,14.08988,8192,M2×UP16×TH16×UB16
2026,block_group,361090010002,peak_kw_home,first_order,behaviour,0.23696,0.12444,0.34498,bootstrap_95_bias_shifted,79.46321,14.08988,8192,M2×UP16×TH16×UB16
2026,block_group,361090010002,peak_kw_home,total_effect,behaviour,0.54663,0.45108,0.63637,bootstrap_95_bias_shifted,79.46321,14.08988,8192,M2×UP16×TH16×UB16
2026,block_group,361090010002,peak_kw_home,first_order,interaction,0.30967,0.25136,0.39415,bootstrap_95_bias_shifted,79.46321,14.08988,8192,M2×UP16×TH16×UB16
2026,block_group,361090010002,peak_kw_home,first_order,placement:weighting,0.35876,0.27177,0.4627,bootstrap_95_bias_shifted,79.46321,14.08988,8192,M2×UP16×TH16×UB16
2026,block_group,361090010002,peak_kw_home,first_order,placement:sampling,0.06472,0.02424,0.10933,bootstrap_95_bias_shifted,79.46321,14.08988,8192,M2×UP16×TH16×UB16
2026,block_group,361090010002,peak_kw_home,first_order,placement:weighting_x_sampling,0.0299,0.00593,0.06671,bootstrap_95_bias_shifted,79.46321,14.08988,8192,M2×UP16×TH16×UB16
2026,block_group,361090010002,peak_kw_home,first_order,behaviour:parameters,0.21832,0.09886,0.32432,bootstrap_95_bias_shifted,79.46321,14.08988,8192,M2×UP16×TH16×UB16
2026,block_group,361090010002,peak_kw_home,first_order,behaviour:stochastic,0.01636,-0.00212,0.04175,bootstrap_95_bias_shifted,79.46321,14.08988,8192,M2×UP16×TH16×UB16
2026,block_group,361090010002,peak_kw_home,first_order,behaviour:parameters_x_stochastic,0.00228,-0.00531,0.01282,bootstrap_95_bias_shifted,79.46321,14.08988,8192,M2×UP16×TH16×UB16
2026,block_group,361090010003,peak_kw_home,first_order,stock,0.0,0.0,0.0,bootstrap_95_bias_shifted,53.65971,18.3459,8192,M2×UP16×TH16×UB16
2026,block_group,361090010003,peak_kw_home,total_effect,stock,0.0,0.0,0.0,bootstrap_95_bias_shifted,53.65971,18.3459,8192,M2×UP16×TH16×UB16
2026,block_group,361090010003,peak_kw_home,first_order,placement,0.7618,0.69002,0.82367,bootstrap_95_bias_shifted,53.65971,18.3459,8192,M2×UP16×TH16×UB16
2026,block_group,361090010003,peak_kw_home,total_effect,placement,0.90095,0.84486,0.95242,bootstrap_95_bias_shifted,53.65971,18.3459,8192,M2×UP16×TH16×UB16
2026,block_group,361090010003,peak_kw_home,first_order,behaviour,0.09905,0.04758,0.15514,bootstrap_95_bias_shifted,53.65971,18.3459,8192,M2×UP16×TH16×UB16
2026,block_group,361090010003,peak_kw_home,total_effect,behaviour,0.2382,0.17633,0.30998,bootstrap_95_bias_shifted,53.65971,18.3459,8192,M2×UP16×TH16×UB16
2026,block_group,361090010003,peak_kw_home,first_order,interaction,0.13915,0.11739,0.16427,bootstrap_95_bias_shifted,53.65971,18.3459,8192,M2×UP16×TH16×UB16
2026,block_group,361090010003,peak_kw_home,first_order,placement:weighting,0.65912,0.60058,0.71914,bootstrap_95_bias_shifted,53.65971,18.3459,8192,M2×UP16×TH16×UB16
2026,block_group,361090010003,peak_kw_home,first_order,placement:sampling,0.07361,0.02481,0.12911,bootstrap_95_bias_shifted,53.65971,18.3459,8192,M2×UP16×TH16×UB16
2026,block_group,361090010003,peak_kw_home,first_order,placement:weighting_x_sampling,0.02907,0.01341,0.05043,bootstrap_95_bias_shifted,53.65971,18.3459,8192,M2×UP16×TH16×UB16
2026,block_group,361090010003,peak_kw_home,first_order,behaviour:parameters,0.09565,0.0448,0.15363,bootstrap_95_bias_shifted,53.65971,18.3459,8192,M2×UP16×TH16×UB16
2026,block_group,361090010003,peak_kw_home,first_order,behaviour:stochastic,0.00284,-0.00213,0.01039,bootstrap_95_bias_shifted,53.65971,18.3459,8192,M2×UP16×TH16×UB16
2026,block_group,361090010003,peak_kw_home,first_order,behaviour:parameters_x_stochastic,0.00056,-0.00185,0.00355,bootstrap_95_bias_shifted,53.65971,18.3459,8192,M2×UP16×TH16×UB16
2026,block_group,361090011001,peak_kw_home,first_order,stock,0.0,0.0,0.0,bootstrap_95_bias_shifted,74.06073,12.56974,8192,M2×UP16×TH16×UB16
2026,block_group,361090011001,peak_kw_home,total_effect,stock,0.0,0.0,0.0,bootstrap_95_bias_shifted,74.06073,12.56974,8192,M2×UP16×TH16×UB16
2026,block_group,361090011001,peak_kw_home,first_order,placement,0.21637,0.1018,0.33501,bootstrap_95_bias_shifted,74.06073,12.56974,8192,M2×UP16×TH16×UB16
2026,block_group,361090011001,peak_kw_home,total_effect,placement,0.63588,0.47767,0.78452,bootstrap_95_bias_shifted,74.06073,12.56974,8192,M2×UP16×TH16×UB16
2026,block_group,361090011001,peak_kw_home,first_order,behaviour,0.36412,0.21548,0.52233,bootstrap_95_bias_shifted,74.06073,12.56974,8192,M2×UP16×TH16×UB16
2026,block_group,361090011001,peak_kw_home,total_effect,behaviour,0.78363,0.66499,0.8982,bootstrap_95_bias_shifted,74.06073,12.56974,8192,M2×UP16×TH16×UB16
2026,block_group,361090011001,peak_kw_home,first_order,interaction,0.41951,0.31918,0.54051,bootstrap_95_bias_shifted,74.06073,12.56974,8192,M2×UP16×TH16×UB16
2026,block_group,361090011001,peak_kw_home,first_order,placement:weighting,0.01229,-0.00698,0.05491,bootstrap_95_bias_shifted,74.06073,12.56974,8192,M2×UP16×TH16×UB16
2026,block_group,361090011001,peak_kw_home,first_order,placement:sampling,0.1556,0.06077,0.27137,bootstrap_95_bias_shifted,74.06073,12.56974,8192,M2×UP16×TH16×UB16
2026,block_group,361090011001,peak_kw_home,first_order,placement:weighting_x_sampling,0.04848,0.02012,0.08266,bootstrap_95_bias_shifted,74.06073,12.56974,8192,M2×UP16×TH16×UB16
2026,block_group,361090011001,peak_kw_home,first_order,behaviour:parameters,0.36099,0.20218,0.51758,bootstrap_95_bias_shifted,74.06073,12.56974,8192,M2×UP16×TH16×UB16
2026,block_group,361090011001,peak_kw_home,first_order,behaviour:stochastic,0.00198,-0.00999,0.02176,bootstrap_95_bias_shifted,74.06073,12.56974,8192,M2×UP16×TH16×UB16
2026,block_group,361090011001,peak_kw_home,first_order,behaviour:parameters_x_stochastic,0.00115,-0.00808,0.01586,bootstrap_95_bias_shifted,74.06073,12.56974,8192,M2×UP16×TH16×UB16
2026,block_group,361090011002,peak_kw_home,first_order,stock,0.0,0.0,0.0,bootstrap_95_bias_shifted,120.66878,18.61802,8192,M2×UP16×TH16×UB16
2026,block_group,361090011002,peak_kw_home,total_effect,stock,0.0,0.0,0.0,bootstrap_95_bias_shifted,120.66878,18.61802,8192,M2×UP16×TH16×UB16
2026,block_group,361090011002,peak_kw_home,first_order,placement,0.37336,0.22414,0.54361,bootstrap_95_bias_shifted,120.66878,18.61802,8192,M2×UP16×TH16×UB16
2026,block_group,361090011002,peak_kw_home,total_effect,placement,0.69458,0.55343,0.8592,bootstrap_95_bias_shifted,120.66878,18.61802,8192,M2×UP16×TH16×UB16
2026,block_group,361090011002,peak_kw_home,first_order,behaviour,0.30542,0.1408,0.44657,bootstrap_95_bias_shifted,120.66878,18.61802,8192,M2×UP16×TH16×UB16
2026,block_group,361090011002,peak_kw_home,total_effect,behaviour,0.62664,0.45639,0.77586,bootstrap_95_bias_shifted,120.66878,18.61802,8192,M2×UP16×TH16×UB16
2026,block_group,361090011002,peak_kw_home,first_order,interaction,0.32122,0.24725,0.40738,bootstrap_95_bias_shifted,120.66878,18.61802,8192,M2×UP16×TH16×UB16
2026,block_group,361090011002,peak_kw_home,first_order,placement:weighting,0.12379,0.05352,0.1982,bootstrap_95_bias_shifted,120.66878,18.61802,8192,M2×UP16×TH16×UB16
2026,block_group,361090011002,peak_kw_home,first_order,placement:sampling,0.20709,0.09587,0.32526,bootstrap_95_bias_shifted,120.66878,18.61802,8192,M2×UP16×TH16×UB16
2026,block_group,361090011002,peak_kw_home,first_order,placement:weighting_x_sampling,0.04247,0.01388,0.08607,bootstrap_95_bias_shifted,120.66878,18.61802,8192,M2×UP16×TH16×UB16
2026,block_group,361090011002,peak_kw_home,first_order,behaviour:parameters,0.30022,0.1292,0.4456,bootstrap_95_bias_shifted,120.66878,18.61802,8192,M2×UP16×TH16×UB16
2026,block_group,361090011002,peak_kw_home,first_order,behaviour:stochastic,0.00431,-0.00521,0.02085,bootstrap_95_bias_shifted,120.66878,18.61802,8192,M2×UP16×TH16×UB16
2026,block_group,361090011002,peak_kw_home,first_order,behaviour:parameters_x_stochastic,0.0009,-0.00662,0.01215,bootstrap_95_bias_shifted,120.66878,18.61802,8192,M2×UP16×TH16×UB16
2026,block_group,361090012001,peak_kw_home,first_order,stock,0.0,0.0,0.0,bootstrap_95_bias_shifted,16.38186,8.0582,8192,M2×UP16×TH16×UB16
2026,block_group,361090012001,peak_kw_home,total_effect,stock,0.0,0.0,0.0,bootstrap_95_bias_shifted,16.38186,8.0582,8192,M2×UP16×TH16×UB16
2026,block_group,361090012001,peak_kw_home,first_order,placement,0.68212,0.56049,0.77404,bootstrap_95_bias_shifted,16.38186,8.0582,8192,M2×UP16×TH16×UB16
2026,block_group,361090012001,peak_kw_home,total_effect,placement,0.96517,0.93266,0.99171,bootstrap_95_bias_shifted,16.38186,8.0582,8192,M2×UP16×TH16×UB16
2026,block_group,361090012001,peak_kw_home,first_order,behaviour,0.03483,0.00829,0.06734,bootstrap_95_bias_shifted,16.38186,8.0582,8192,M2×UP16×TH16×UB16
2026,block_group,361090012001,peak_kw_home,total_effect,behaviour,0.31788,0.22596,0.43951,bootstrap_95_bias_shifted,16.38186,8.0582,8192,M2×UP16×TH16×UB16
2026,block_group,361090012001,peak_kw_home,first_order,interaction,0.28305,0.20551,0.38434,bootstrap_95_bias_shifted,16.38186,8.0582,8192,M2×UP16×TH16×UB16
2026,block_group,361090012001,peak_kw_home,first_order,placement:weighting,0.24922,0.13762,0.39042,bootstrap_95_bias_shifted,16.38186,8.0582,8192,M2×UP16×TH16×UB16
2026,block_group,361090012001,peak_kw_home,first_order,placement:sampling,0.3506,0.21874,0.47773,bootstrap_95_bias_shifted,16.38186,8.0582,8192,M2×UP16×TH16×UB16
2026,block_group,361090012001,peak_kw_home,first_order,placement:weighting_x_sampling,0.08229,0.03575,0.14976,bootstrap_95_bias_shifted,16.38186,8.0582,8192,M2×UP16×TH16×UB16
2026,block_group,361090012001,peak_kw_home,first_order,behaviour:parameters,0.03541,0.01518,0.05821,bootstrap_95_bias_shifted,16.38186,8.0582,8192,M2×UP16×TH16×UB16
2026,block_group,361090012001,peak_kw_home,first_order,behaviour:stochastic,-0.00137,-0.01478,0.02284,bootstrap_95_bias_shifted,16.38186,8.0582,8192,M2×UP16×TH16×UB16
2026,block_group,361090012001,peak_kw_home,first_order,behaviour:parameters_x_stochastic,0.00079,-0.00154,0.00462,bootstrap_95_bias_shifted,16.38186,8.0582,8192,M2×UP16×TH16×UB16
2026,block_group,361090013011,peak_kw_home,first_order,stock,0.0,0.0,0.0,bootstrap_95_bias_shifted,80.70023,23.1067,8192,M2×UP16×TH16×UB16
2026,block_group,361090013011,peak_kw_home,total_effect,stock,0.0,0.0,0.0,bootstrap_95_bias_shifted,80.70023,23.1067,8192,M2×UP16×TH16×UB16
2026,block_group,361090013011,peak_kw_home,first_order,placement,0.72012,0.65642,0.78265,bootstrap_95_bias_shifted,80.70023,23.1067,8192,M2×UP16×TH16×UB16
2026,block_group,361090013011,peak_kw_home,total_effect,placement,0.87128,0.81311,0.94043,bootstrap_95_bias_shifted,80.70023,23.1067,8192,M2×UP16×TH16×UB16
2026,block_group,361090013011,peak_kw_home,first_order,behaviour,0.12872,0.05957,0.18689,bootstrap_95_bias_shifted,80.70023,23.1067,8192,M2×UP16×TH16×UB16
2026,block_group,361090013011,peak_kw_home,total_effect,behaviour,0.27988,0.21735,0.34358,bootstrap_95_bias_shifted,80.70023,23.1067,8192,M2×UP16×TH16×UB16
2026,block_group,361090013011,peak_kw_home,first_order,interaction,0.15116,0.13076,0.17818,bootstrap_95_bias_shifted,80.70023,23.1067,8192,M2×UP16×TH16×UB16
2026,block_group,361090013011,peak_kw_home,first_order,placement:weighting,0.63206,0.55497,0.71555,bootstrap_95_bias_shifted,80.70023,23.1067,8192,M2×UP16×TH16×UB16
2026,block_group,361090013011,peak_kw_home,first_order,placement:sampling,0.07643,0.03091,0.13256,bootstrap_95_bias_shifted,80.70023,23.1067,8192,M2×UP16×TH16×UB16
2026,block_group,361090013011,peak_kw_home,first_order,placement:weighting_x_sampling,0.01163,0.005,0.02106,bootstrap_95_bias_shifted,80.70023,23.1067,8192,M2×UP16×TH16×UB16
2026,block_group,361090013011,peak_kw_home,first_order,behaviour:parameters,0.12713,0.06063,0.18658,bootstrap_95_bias_shifted,80.70023,23.1067,8192,M2×UP16×TH16×UB16
2026,block_group,361090013011,peak_kw_home,first_order,behaviour:stochastic,0.00077,-0.00318,0.00651,bootstrap_95_bias_shifted,80.70023,23.1067,8192,M2×UP16×TH16×UB16
2026,block_group,361090013011,peak_kw_home,first_order,behaviour:parameters_x_stochastic,0.00082,-0.00178,0.00449,bootstrap_95_bias_shifted,80.70023,23.1067,8192,M2×UP16×TH16×UB16
2026,block_group,361090013012,peak_kw_home,first_order,stock,0.0,0.0,0.0,bootstrap_95_bias_shifted,93.38842,19.53872,8192,M2×UP16×TH16×UB16
2026,block_group,361090013012,peak_kw_home,total_effect,stock,0.0,0.0,0.0,bootstrap_95_bias_shifted,93.38842,19.53872,8192,M2×UP16×TH16×UB16
2026,block_group,361090013012,peak_kw_home,first_order,placement,0.5409,0.43855,0.63571,bootstrap_95_bias_shifted,93.38842,19.53872,8192,M2×UP16×TH16×UB16
2026,block_group,361090013012,peak_kw_home,total_effect,placement,0.77564,0.67483,0.88511,bootstrap_95_bias_shifted,93.38842,19.53872,8192,M2×UP16×TH16×UB16
2026,block_group,361090013012,peak_kw_home,first_order,behaviour,0.22436,0.11489,0.32517,bootstrap_95_bias_shifted,93.38842,19.53872,8192,M2×UP16×TH16×UB16
2026,block_group,361090013012,peak_kw_home,total_effect,behaviour,0.4591,0.36429,0.56145,bootstrap_95_bias_shifted,93.38842,19.53872,8192,M2×UP16×TH16×UB16
2026,block_group,361090013012,peak_kw_home,first_order,interaction,0.23474,0.1925,0.28365,bootstrap_95_bias_shifted,93.38842,19.53872,8192,M2×UP16×TH16×UB16
2026,block_group,361090013012,peak_kw_home,first_order,placement:weighting,0.39441,0.328,0.46657,bootstrap_95_bias_shifted,93.38842,19.53872,8192,M2×UP16×TH16×UB16
2026,block_group,361090013012,peak_kw_home,first_order,placement:sampling,0.13393,0.07542,0.20659,bootstrap_95_bias_shifted,93.38842,19.53872,8192,M2×UP16×TH16×UB16
2026,block_group,361090013012,peak_kw_home,first_order,placement:weighting_x_sampling,0.01256,0.00418,0.02472,bootstrap_95_bias_shifted,93.38842,19.53872,8192,M2×UP16×TH16×UB16
2026,block_group,361090013012,peak_kw_home,first_order,behaviour:parameters,0.2218,0.11286,0.32072,bootstrap_95_bias_shifted,93.38842,19.53872,8192,M2×UP16×TH16×UB16
2026,block_group,361090013012,peak_kw_home,first_order,behaviour:stochastic,0.00183,-0.00515,0.01373,bootstrap_95_bias_shifted,93.38842,19.53872,8192,M2×UP16×TH16×UB16
2026,block_group,361090013012,peak_kw_home,first_order,behaviour:parameters_x_stochastic,0.00073,-0.00472,0.00871,bootstrap_95_bias_shifted,93.38842,19.53872,8192,M2×UP16×TH16×UB16
2026,block_group,361090013021,peak_kw_home,first_order,stock,0.0,0.0,0.0,bootstrap_95_bias_shifted,76.15162,13.66262,8192,M2×UP16×TH16×UB16
2026,block_group,361090013021,peak_kw_home,total_effect,stock,0.0,0.0,0.0,bootstrap_95_bias_shifted,76.15162,13.66262,8192,M2×UP16×TH16×UB16
2026,block_group,361090013021,peak_kw_home,first_order,placement,0.44417,0.25856,0.62117,bootstrap_95_bias_shifted,76.15162,13.66262,8192,M2×UP16×TH16×UB16
2026,block_group,361090013021,peak_kw_home,total_effect,placement,0.76453,0.61741,0.9043,bootstrap_95_bias_shifted,76.15162,13.66262,8192,M2×UP16×TH16×UB16
2026,block_group,361090013021,peak_kw_home,first_order,behaviour,0.23547,0.0957,0.38259,bootstrap_95_bias_shifted,76.15162,13.66262,8192,M2×UP16×TH16×UB16
2026,block_group,361090013021,peak_kw_home,total_effect,behaviour,0.55583,0.37883,0.74144,bootstrap_95_bias_shifted,76.15162,13.66262,8192,M2×UP16×TH16×UB16
2026,block_group,361090013021,peak_kw_home,first_order,interaction,0.32036,0.22929,0.42475,bootstrap_95_bias_shifted,76.15162,13.66262,8192,M2×UP16×TH16×UB16
2026,block_group,361090013021,peak_kw_home,first_order,placement:weighting,0.00403,-0.00752,0.02925,bootstrap_95_bias_shifted,76.15162,13.66262,8192,M2×UP16×TH16×UB16
2026,block_group,361090013021,peak_kw_home,first_order,placement:sampling,0.39281,0.19761,0.56411,bootstrap_95_bias_shifted,76.15162,13.66262,8192,M2×UP16×TH16×UB16
2026,block_group,361090013021,peak_kw_home,first_order,placement:weighting_x_sampling,0.04734,0.01727,0.08471,bootstrap_95_bias_shifted,76.15162,13.66262,8192,M2×UP16×TH16×UB16
2026,block_group,361090013021,peak_kw_home,first_order,behaviour:parameters,0.23291,0.09731,0.37495,bootstrap_95_bias_shifted,76.15162,13.66262,8192,M2×UP16×TH16×UB16
2026,block_group,361090013021,peak_kw_home,first_order,behaviour:stochastic,-0.00022,-0.00832,0.01817,bootstrap_95_bias_shifted,76.15162,13.66262,8192,M2×UP16×TH16×UB16
2026,block_group,361090013021,peak_kw_home,first_order,behaviour:parameters_x_stochastic,0.00278,-0.00583,0.01721,bootstrap_95_bias_shifted,76.15162,13.66262,8192,M2×UP16×TH16×UB16
2026,block_group,361090013022,peak_kw_home,first_order,stock,0.0,0.0,0.0,bootstrap_95_bias_shifted,36.77005,9.0605,8192,M2×UP16×TH16×UB16
2026,block_group,361090013022,peak_kw_home,total_effect,stock,0.0,0.0,0.0,bootstrap_95_bias_shifted,36.77005,9.0605,8192,M2×UP16×TH16×UB16
2026,block_group,361090013022,peak_kw_home,first_order,placement,0.44926,0.28244,0.61475,bootstrap_95_bias_shifted,36.77005,9.0605,8192,M2×UP16×TH16×UB16
2026,block_group,361090013022,peak_kw_home,total_effect,placement,0.82697,0.71652,0.92252,bootstrap_95_bias_shifted,36.77005,9.0605,8192,M2×UP16×TH16×UB16
2026,block_group,361090013022,peak_kw_home,first_order,behaviour,0.17303,0.07748,0.28348,bootstrap_95_bias_shifted,36.77005,9.0605,8192,M2×UP16×TH16×UB16
2026,block_group,361090013022,peak_kw_home,total_effect,behaviour,0.55074,0.38525,0.71756,bootstrap_95_bias_shifted,36.77005,9.0605,8192,M2×UP16×TH16×UB16
2026,block_group,361090013022,peak_kw_home,first_order,interaction,0.37771,0.26809,0.49901,bootstrap_95_bias_shifted,36.77005,9.0605,8192,M2×UP16×TH16×UB16
2026,block_group,361090013022,peak_kw_home,first_order,placement:weighting,0.12875,0.05996,0.2074,bootstrap_95_bias_shifted,36.77005,9.0605,8192,M2×UP16×TH16×UB16
2026,block_group,361090013022,peak_kw_home,first_order,placement:sampling,0.27515,0.11575,0.43612,bootstrap_95_bias_shifted,36.77005,9.0605,8192,M2×UP16×TH16×UB16
2026,block_group,361090013022,peak_kw_home,first_order,placement:weighting_x_sampling,0.04536,0.01385,0.08225,bootstrap_95_bias_shifted,36.77005,9.0605,8192,M2×UP16×TH16×UB16
2026,block_group,361090013022,peak_kw_home,first_order,behaviour:parameters,0.17196,0.0784,0.28612,bootstrap_95_bias_shifted,36.77005,9.0605,8192,M2×UP16×TH16×UB16
2026,block_group,361090013022,peak_kw_home,first_order,behaviour:stochastic,-0.00022,-0.01282,0.02407,bootstrap_95_bias_shifted,36.77005,9.0605,8192,M2×UP16×TH16×UB16
2026,block_group,361090013022,peak_kw_home,first_order,behaviour:parameters_x_stochastic,0.0013,-0.00585,0.01215,bootstrap_95_bias_shifted,36.77005,9.0605,8192,M2×UP16×TH16×UB16
2026,block_group,361090013023,peak_kw_home,first_order,stock,0.0,0.0,0.0,bootstrap_95_bias_shifted,66.82512,13.37397,8192,M2×UP16×TH16×UB16
2026,block_group,361090013023,peak_kw_home,total_effect,stock,0.0,0.0,0.0,bootstrap_95_bias_shifted,66.82512,13.37397,8192,M2×UP16×TH16×UB16
2026,block_group,361090013023,peak_kw_home,first_order,placement,0.55002,0.45493,0.65732,bootstrap_95_bias_shifted,66.82512,13.37397,8192,M2×UP16×TH16×UB16
2026,block_group,361090013023,peak_kw_home,total_effect,placement,0.8261,0.73045,0.91915,bootstrap_95_bias_shifted,66.82512,13.37397,8192,M2×UP16×TH16×UB16
2026,block_group,361090013023,peak_kw_home,first_order,behaviour,0.1739,0.08085,0.26955,bootstrap_95_bias_shifted,66.82512,13.37397,8192,M2×UP16×TH16×UB16
2026,block_group,361090013023,peak_kw_home,total_effect,behaviour,0.44998,0.34268,0.54507,bootstrap_95_bias_shifted,66.82512,13.37397,8192,M2×UP16×TH16×UB16
2026,block_group,361090013023,peak_kw_home,first_order,interaction,0.27608,0.22408,0.33275,bootstrap_95_bias_shifted,66.82512,13.37397,8192,M2×UP16×TH16×UB16
2026,block_group,361090013023,peak_kw_home,first_order,placement:weighting,0.30748,0.20041,0.41681,bootstrap_95_bias_shifted,66.82512,13.37397,8192,M2×UP16×TH16×UB16
2026,block_group,361090013023,peak_kw_home,first_order,placement:sampling,0.18202,0.06701,0.29127,bootstrap_95_bias_shifted,66.82512,13.37397,8192,M2×UP16×TH16×UB16
2026,block_group,361090013023,peak_kw_home,first_order,placement:weighting_x_sampling,0.06052,0.02988,0.10185,bootstrap_95_bias_shifted,66.82512,13.37397,8192,M2×UP16×TH16×UB16
2026,block_group,361090013023,peak_kw_home,first_order,behaviour:parameters,0.17177,0.07492,0.26673,bootstrap_95_bias_shifted,66.82512,13.37397,8192,M2×UP16×TH16×UB16
2026,block_group,361090013023,peak_kw_home,first_order,behaviour:stochastic,0.0003,-0.00671,0.01092,bootstrap_95_bias_shifted,66.82512,13.37397,8192,M2×UP16×TH16×UB16
2026,block_group,361090013023,peak_kw_home,first_order,behaviour:parameters_x_stochastic,0.00183,-0.00505,0.0125,bootstrap_95_bias_shifted,66.82512,13.37397,8192,M2×UP16×TH16×UB16
2026,block_group,361090014001,peak_kw_home,first_order,stock,0.0,0.0,0.0,bootstrap_95_bias_shifted,38.38071,9.2445,8192,M2×UP16×TH16×UB16
2026,block_group,361090014001,peak_kw_home,total_effect,stock,0.0,0.0,0.0,bootstrap_95_bias_shifted,38.38071,9.2445,8192,M2×UP16×TH16×UB16
2026,block_group,361090014001,peak_kw_home,first_order,placement,0.45139,0.2878,0.59954,bootstrap_95_bias_shifted,38.38071,9.2445,8192,M2×UP16×TH16×UB16
2026,block_group,361090014001,peak_kw_home,total_effect,placement,0.82377,0.72772,0.90835,bootstrap_95_bias_shifted,38.38071,9.2445,8192,M2×UP16×TH16×UB16
2026,block_group,361090014001,peak_kw_home,first_order,behaviour,0.17623,0.09165,0.27228,bootstrap_95_bias_shifted,38.38071,9.2445,8192,M2×UP16×TH16×UB16
2026,block_group,361090014001,peak_kw_home,total_effect,behaviour,0.54861,0.40046,0.7122,bootstrap_95_bias_shifted,38.38071,9.2445,8192,M2×UP16×TH16×UB16
2026,block_group,361090014001,peak_kw_home,first_order,interaction,0.37237,0.27894,0.47363,bootstrap_95_bias_shifted,38.38071,9.2445,8192,M2×UP16×TH16×UB16
2026,block_group,361090014001,peak_kw_home,first_order,placement:weighting,0.11751,0.05075,0.22918,bootstrap_95_bias_shifted,38.38071,9.2445,8192,M2×UP16×TH16×UB16
2026,block_group,361090014001,peak_kw_home,first_order,placement:sampling,0.295,0.1158,0.45729,bootstrap_95_bias_shifted,38.38071,9.2445,8192,M2×UP16×TH16×UB16
2026,block_group,361090014001,peak_kw_home,first_order,placement:weighting_x_sampling,0.03888,0.01288,0.07293,bootstrap_95_bias_shifted,38.38071,9.2445,8192,M2×UP16×TH16×UB16
2026,block_group,361090014001,peak_kw_home,first_order,behaviour:parameters,0.16579,0.08102,0.25853,bootstrap_95_bias_shifted,38.38071,9.2445,8192,M2×UP16×TH16×UB16
2026,block_group,361090014001,peak_kw_home,first_order,behaviour:stochastic,0.00825,-0.01011,0.04067,bootstrap_95_bias_shifted,38.38071,9.2445,8192,M2×UP16×TH16×UB16
2026,block_group,361090014001,peak_kw_home,first_order,behaviour:parameters_x_stochastic,0.00219,-0.00479,0.01378,bootstrap_95_bias_shifted,38.38071,9.2445,8192,M2×UP16×TH16×UB16
2026,block_group,361090014002,peak_kw_home,first_order,stock,0.0,0.0,0.0,bootstrap_95_bias_shifted,47.78352,9.92917,8192,M2×UP16×TH16×UB16
2026,block_group,361090014002,peak_kw_home,total_effect,stock,0.0,0.0,0.0,bootstrap_95_bias_shifted,47.78352,9.92917,8192,M2×UP16×TH16×UB16
2026,block_group,361090014002,peak_kw_home,first_order,placement,0.37152,0.15813,0.57709,bootstrap_95_bias_shifted,47.78352,9.92917,8192,M2×UP16×TH16×UB16
2026,block_group,361090014002,peak_kw_home,total_effect,placement,0.75654,0.62126,0.88456,bootstrap_95_bias_shifted,47.78352,9.92917,8192,M2×UP16×TH16×UB16
2026,block_group,361090014002,peak_kw_home,first_order,behaviour,0.24346,0.11544,0.37874,bootstrap_95_bias_shifted,47.78352,9.92917,8192,M2×UP16×TH16×UB16
2026,block_group,361090014002,peak_kw_home,total_effect,behaviour,0.62848,0.42291,0.84187,bootstrap_95_bias_shifted,47.78352,9.92917,8192,M2×UP16×TH16×UB16
2026,block_group,361090014002,peak_kw_home,first_order,interaction,0.38502,0.271,0.52656,bootstrap_95_bias_shifted,47.78352,9.92917,8192,M2×UP16×TH16×UB16
2026,block_group,361090014002,peak_kw_home,first_order,placement:weighting,-0.00255,-0.0081,0.01662,bootstrap_95_bias_shifted,47.78352,9.92917,8192,M2×UP16×TH16×UB16
2026,block_group,361090014002,peak_kw_home,first_order,placement:sampling,0.3306,0.12755,0.53784,bootstrap_95_bias_shifted,47.78352,9.92917,8192,M2×UP16×TH16×UB16
2026,block_group,361090014002,peak_kw_home,first_order,placement:weighting_x_sampling,0.04347,0.00965,0.0837,bootstrap_95_bias_shifted,47.78352,9.92917,8192,M2×UP16×TH16×UB16
2026,block_group,361090014002,peak_kw_home,first_order,behaviour:parameters,0.23612,0.10924,0.37025,bootstrap_95_bias_shifted,47.78352,9.92917,8192,M2×UP16×TH16×UB16
2026,block_group,361090014002,peak_kw_home,first_order,behaviour:stochastic,0.00611,-0.00844,0.02624,bootstrap_95_bias_shifted,47.78352,9.92917,8192,M2×UP16×TH16×UB16
2026,block_group,361090014002,peak_kw_home,first_order,behaviour:parameters_x_stochastic,0.00124,-0.00676,0.01585,bootstrap_95_bias_shifted,47.78352,9.92917,8192,M2×UP16×TH16×UB16
2026,block_group,361090014003,peak_kw_home,first_order,stock,0.0,0.0,0.0,bootstrap_95_bias_shifted,99.09495,14.35953,8192,M2×UP16×TH16×UB16
2026,block_group,361090014003,peak_kw_home,total_effect,stock,0.0,0.0,0.0,bootstrap_95_bias_shifted,99.09495,14.35953,8192,M2×UP16×TH16×UB16
2026,block_group,361090014003,peak_kw_home,first_order,placement,0.28125,0.18458,0.38959,bootstrap_95_bias_shifted,99.09495,14.35953,8192,M2×UP16×TH16×UB16
2026,block_group,361090014003,peak_kw_home,total_effect,placement,0.68156,0.53057,0.82712,bootstrap_95_bias_shifted,99.09495,14.35953,8192,M2×UP16×TH16×UB16
2026,block_group,361090014003,peak_kw_home,first_order,behaviour,0.31844,0.17288,0.46943,bootstrap_95_bias_shifted,99.09495,14.35953,8192,M2×UP16×TH16×UB16
2026,block_group,361090014003,peak_kw_home,total_effect,behaviour,0.71875,0.61041,0.81542,bootstrap_95_bias_shifted,99.09495,14.35953,8192,M2×UP16×TH16×UB16
2026,block_group,361090014003,peak_kw_home,first_order,interaction,0.40031,0.32174,0.49802,bootstrap_95_bias_shifted,99.09495,14.35953,8192,M2×UP16×TH16×UB16
2026,block_group,361090014003,peak_kw_home,first_order,placement:weighting,0.11358,0.04663,0.1882,bootstrap_95_bias_shifted,99.09495,14.35953,8192,M2×UP16×TH16×UB16
2026,block_group,361090014003,peak_kw_home,first_order,placement:sampling,0.12643,0.05257,0.21548,bootstrap_95_bias_shifted,99.09495,14.35953,8192,M2×UP16×TH16×UB16
2026,block_group,361090014003,peak_kw_home,first_order,placement:weighting_x_sampling,0.04123,0.01596,0.07338,bootstrap_95_bias_shifted,99.09495,14.35953,8192,M2×UP16×TH16×UB16
2026,block_group,361090014003,peak_kw_home,first_order,behaviour:parameters,0.30458,0.15097,0.45169,bootstrap_95_bias_shifted,99.09495,14.35953,8192,M2×UP16×TH16×UB16
2026,block_group,361090014003,peak_kw_home,first_order,behaviour:stochastic,0.00849,-0.00579,0.03386,bootstrap_95_bias_shifted,99.09495,14.35953,8192,M2×UP16×TH16×UB16
2026,block_group,361090014003,peak_kw_home,first_order,behaviour:parameters_x_stochastic,0.00537,-0.00519,0.01985,bootstrap_95_bias_shifted,99.09495,14.35953,8192,M2×UP16×TH16×UB16
2026,block_group,361090015001,peak_kw_home,first_order,stock,0.0,0.0,0.0,bootstrap_95_bias_shifted,76.8548,15.39838,8192,M2×UP16×TH16×UB16
2026,block_group,361090015001,peak_kw_home,total_effect,stock,0.0,0.0,0.0,bootstrap_95_bias_shifted,76.8548,15.39838,8192,M2×UP16×TH16×UB16
2026,block_group,361090015001,peak_kw_home,first_order,placement,0.28364,0.18981,0.3911,bootstrap_95_bias_shifted,76.8548,15.39838,8192,M2×UP16×TH16×UB16
2026,block_group,361090015001,peak_kw_home,total_effect,placement,0.60389,0.50166,0.75414,bootstrap_95_bias_shifted,76.8548,15.39838,8192,M2×UP16×TH16×UB16
2026,block_group,361090015001,peak_kw_home,first_order,behaviour,0.39611,0.24586,0.49834,bootstrap_95_bias_shifted,76.8548,15.39838,8192,M2×UP16×TH16×UB16
2026,block_group,361090015001,peak_kw_home,total_effect,behaviour,0.71636,0.6089,0.81019,bootstrap_95_bias_shifted,76.8548,15.39838,8192,M2×UP16×TH16×UB16
2026,block_group,361090015001,peak_kw_home,first_order,interaction,0.32025,0.25351,0.41107,bootstrap_95_bias_shifted,76.8548,15.39838,8192,M2×UP16×TH16×UB16
2026,block_group,361090015001,peak_kw_home,first_order,placement:weighting,0.04234,-0.00052,0.09883,bootstrap_95_bias_shifted,76.8548,15.39838,8192,M2×UP16×TH16×UB16
2026,block_group,361090015001,peak_kw_home,first_order,placement:sampling,0.19732,0.12052,0.29893,bootstrap_95_bias_shifted,76.8548,15.39838,8192,M2×UP16×TH16×UB16
2026,block_group,361090015001,peak_kw_home,first_order,placement:weighting_x_sampling,0.04398,0.01674,0.08395,bootstrap_95_bias_shifted,76.8548,15.39838,8192,M2×UP16×TH16×UB16
2026,block_group,361090015001,peak_kw_home,first_order,behaviour:parameters,0.39251,0.25235,0.50217,bootstrap_95_bias_shifted,76.8548,15.39838,8192,M2×UP16×TH16×UB16
2026,block_group,361090015001,peak_kw_home,first_order,behaviour:stochastic,0.00254,-0.00785,0.02594,bootstrap_95_bias_shifted,76.8548,15.39838,8192,M2×UP16×TH16×UB16
2026,block_group,361090015001,peak_kw_home,first_order,behaviour:parameters_x_stochastic,0.00106,-0.00519,0.01068,bootstrap_95_bias_shifted,76.8548,15.39838,8192,M2×UP16×TH16×UB16
2026,block_group,361090015002,peak_kw_home,first_order,stock,0.0,0.0,0.0,bootstrap_95_bias_shifted,87.51465,15.31746,8192,M2×UP16×TH16×UB16
2026,block_group,361090015002,peak_kw_home,total_effect,stock,0.0,0.0,0.0,bootstrap_95_bias_shifted,87.51465,15.31746,8192,M2×UP16×TH16×UB16
2026,block_group,361090015002,peak_kw_home,first_order,placement,0.38195,0.24318,0.52065,bootstrap_95_bias_shifted,87.51465,15.31746,8192,M2×UP16×TH16×UB16
2026,block_group,361090015002,peak_kw_home,total_effect,placement,0.70457,0.55608,0.85107,bootstrap_95_bias_shifted,87.51465,15.31746,8192,M2×UP16×TH16×UB16
2026,block_group,361090015002,peak_kw_home,first_order,behaviour,0.29543,0.14893,0.44392,bootstrap_95_bias_shifted,87.51465,15.31746,8192,M2×UP16×TH16×UB16
2026,block_group,361090015002,peak_kw_home,total_effect,behaviour,0.61805,0.47935,0.75682,bootstrap_95_bias_shifted,87.51465,15.31746,8192,M2×UP16×TH16×UB16
2026,block_group,361090015002,peak_kw_home,first_order,interaction,0.32262,0.25315,0.39772,bootstrap_95_bias_shifted,87.51465,15.31746,8192,M2×UP16×TH16×UB16
2026,block_group,361090015002,peak_kw_home,first_order,placement:weighting,0.15594,0.09886,0.22934,bootstrap_95_bias_shifted,87.51465,15.31746,8192,M2×UP16×TH16×UB16
2026,block_group,361090015002,peak_kw_home,first_order,placement:sampling,0.20547,0.07659,0.36897,bootstrap_95_bias_shifted,87.51465,15.31746,8192,M2×UP16×TH16×UB16
2026,block_group,361090015002,peak_kw_home,first_order,placement:weighting_x_sampling,0.02054,0.00703,0.03695,bootstrap_95_bias_shifted,87.51465,15.31746,8192,M2×UP16×TH16×UB16
2026,block_group,361090015002,peak_kw_home,first_order,behaviour:parameters,0.29158,0.14774,0.425,bootstrap_95_bias_shifted,87.51465,15.31746,8192,M2×UP16×TH16×UB16
2026,block_group,361090015002,peak_kw_home,first_order,behaviour:stochastic,0.00253,-0.00717,0.01937,bootstrap_95_bias_shifted,87.51465,15.31746,8192,M2×UP16×TH16×UB16
2026,block_group,361090015002,peak_kw_home,first_order,behaviour:parameters_x_stochastic,0.00132,-0.00527,0.01359,bootstrap_95_bias_shifted,87.51465,15.31746,8192,M2×UP16×TH16×UB16
2026,block_group,361090015003,peak_kw_home,first_order,stock,0.0,0.0,0.0,bootstrap_95_bias_shifted,73.56896,15.70026,8192,M2×UP16×TH16×UB16
2026,block_group,361090015003,peak_kw_home,total_effect,stock,0.0,0.0,0.0,bootstrap_95_bias_shifted,73.56896,15.70026,8192,M2×UP16×TH16×UB16
2026,block_group,361090015003,peak_kw_home,first_order,placement,0.55926,0.44477,0.66059,bootstrap_95_bias_shifted,73.56896,15.70026,8192,M2×UP16×TH16×UB16
2026,block_group,361090015003,peak_kw_home,total_effect,placement,0.80052,0.68732,0.90537,bootstrap_95_bias_shifted,73.56896,15.70026,8192,M2×UP16×TH16×UB16
2026,block_group,361090015003,peak_kw_home,first_order,behaviour,0.19948,0.09463,0.31268,bootstrap_95_bias_shifted,73.56896,15.70026,8192,M2×UP16×TH16×UB16
2026,block_group,361090015003,peak_kw_home,total_effect,behaviour,0.44074,0.33941,0.55523,bootstrap_95_bias_shifted,73.56896,15.70026,8192,M2×UP16×TH16×UB16
2026,block_group,361090015003,peak_kw_home,first_order,interaction,0.24126,0.18998,0.3095,bootstrap_95_bias_shifted,73.56896,15.70026,8192,M2×UP16×TH16×UB16
2026,block_group,361090015003,peak_kw_home,first_order,placement:weighting,0.39143,0.33298,0.45556,bootstrap_95_bias_shifted,73.56896,15.70026,8192,M2×UP16×TH16×UB16
2026,block_group,361090015003,peak_kw_home,first_order,placement:sampling,0.15841,0.0638,0.26496,bootstrap_95_bias_shifted,73.56896,15.70026,8192,M2×UP16×TH16×UB16
2026,block_group,361090015003,peak_kw_home,first_order,placement:weighting_x_sampling,0.00942,0.00333,0.01741,bootstrap_95_bias_shifted,73.56896,15.70026,8192,M2×UP16×TH16×UB16
2026,block_group,361090015003,peak_kw_home,first_order,behaviour:parameters,0.19777,0.0909,0.30571,bootstrap_95_bias_shifted,73.56896,15.70026,8192,M2×UP16×TH16×UB16
2026,block_group,361090015003,peak_kw_home,first_order,behaviour:stochastic,0.00075,-0.00555,0.01035,bootstrap_95_bias_shifted,73.56896,15.70026,8192,M2×UP16×TH16×UB16
2026,block_group,361090015003,peak_kw_home,first_order,behaviour:parameters_x_stochastic,0.00096,-0.00377,0.00931,bootstrap_95_bias_shifted,73.56896,15.70026,8192,M2×UP16×TH16×UB16
2026,block_group,361090016001,peak_kw_home,first_order,stock,0.0,0.0,0.0,bootstrap_95_bias_shifted,76.32791,14.17859,8192,M2×UP16×TH16×UB16
2026,block_group,361090016001,peak_kw_home,total_effect,stock,0.0,0.0,0.0,bootstrap_95_bias_shifted,76.32791,14.17859,8192,M2×UP16×TH16×UB16
2026,block_group,361090016001,peak_kw_home,first_order,placement,0.49574,0.37841,0.60084,bootstrap_95_bias_shifted,76.32791,14.17859,8192,M2×UP16×TH16×UB16
2026,block_group,361090016001,peak_kw_home,total_effect,placement,0.79334,0.67735,0.91128,bootstrap_95_bias_shifted,76.32791,14.17859,8192,M2×UP16×TH16×UB16
2026,block_group,361090016001,peak_kw_home,first_order,behaviour,0.20666,0.08872,0.32265,bootstrap_95_bias_shifted,76.32791,14.17859,8192,M2×UP16×TH16×UB16
2026,block_group,361090016001,peak_kw_home,total_effect,behaviour,0.50426,0.39916,0.62159,bootstrap_95_bias_shifted,76.32791,14.17859,8192,M2×UP16×TH16×UB16
2026,block_group,361090016001,peak_kw_home,first_order,interaction,0.2976,0.2297,0.3769,bootstrap_95_bias_shifted,76.32791,14.17859,8192,M2×UP16×TH16×UB16
2026,block_group,361090016001,peak_kw_home,first_order,placement:weighting,0.20215,0.12304,0.29206,bootstrap_95_bias_shifted,76.32791,14.17859,8192,M2×UP16×TH16×UB16
2026,block_group,361090016001,peak_kw_home,first_order,placement:sampling,0.26172,0.1239,0.39684,bootstrap_95_bias_shifted,76.32791,14.17859,8192,M2×UP16×TH16×UB16
2026,block_group,361090016001,peak_kw_home,first_order,placement:weighting_x_sampling,0.03187,0.01639,0.0515,bootstrap_95_bias_shifted,76.32791,14.17859,8192,M2×UP16×TH16×UB16
2026,block_group,361090016001,peak_kw_home,first_order,behaviour:parameters,0.20043,0.08689,0.31223,bootstrap_95_bias_shifted,76.32791,14.17859,8192,M2×UP16×TH16×UB16
2026,block_group,361090016001,peak_kw_home,first_order,behaviour:stochastic,0.00328,-0.00798,0.02606,bootstrap_95_bias_shifted,76.32791,14.17859,8192,M2×UP16×TH16×UB16
2026,block_group,361090016001,peak_kw_home,first_order,behaviour:parameters_x_stochastic,0.00295,-0.00404,0.0124,bootstrap_95_bias_shifted,76.32791,14.17859,8192,M2×UP16×TH16×UB16
2026,block_group,361090016002,peak_kw_home,first_order,stock,0.0,0.0,0.0,bootstrap_95_bias_shifted,88.11061,13.48264,8192,M2×UP16×TH16×UB16
2026,block_group,361090016002,peak_kw_home,total_effect,stock,0.0,0.0,0.0,bootstrap_95_bias_shifted,88.11061,13.48264,8192,M2×UP16×TH16×UB16
2026,block_group,361090016002,peak_kw_home,first_order,placement,0.22931,0.10147,0.35938,bootstrap_95_bias_shifted,88.11061,13.48264,8192,M2×UP16×TH16×UB16
2026,block_group,361090016002,peak_kw_home,total_effect,placement,0.6472,0.51851,0.80764,bootstrap_95_bias_shifted,88.11061,13.48264,8192,M2×UP16×TH16×UB16
2026,block_group,361090016002,peak_kw_home,first_order,behaviour,0.3528,0.19236,0.48149,bootstrap_95_bias_shifted,88.11061,13.48264,8192,M2×UP16×TH16×UB16
2026,block_group,361090016002,peak_kw_home,total_effect,behaviour,0.77069,0.64062,0.89853,bootstrap_95_bias_shifted,88.11061,13.48264,8192,M2×UP16×TH16×UB16
2026,block_group,361090016002,peak_kw_home,first_order,interaction,0.41789,0.31963,0.56551,bootstrap_95_bias_shifted,88.11061,13.48264,8192,M2×UP16×TH16×UB16
2026,block_group,361090016002,peak_kw_home,first_order,placement:weighting,0.00397,-0.00494,0.02455,bootstrap_95_bias_shifted,88.11061,13.48264,8192,M2×UP16×TH16×UB16
2026,block_group,361090016002,peak_kw_home,first_order,placement:sampling,0.1961,0.08102,0.30705,bootstrap_95_bias_shifted,88.11061,13.48264,8192,M2×UP16×TH16×UB16
2026,block_group,361090016002,peak_kw_home,first_order,placement:weighting_x_sampling,0.02924,0.00816,0.05513,bootstrap_95_bias_shifted,88.11061,13.48264,8192,M2×UP16×TH16×UB16
2026,block_group,361090016002,peak_kw_home,first_order,behaviour:parameters,0.35005,0.19118,0.48739,bootstrap_95_bias_shifted,88.11061,13.48264,8192,M2×UP16×TH16×UB16
2026,block_group,361090016002,peak_kw_home,first_order,behaviour:stochastic,-0.00083,-0.01248,0.01914,bootstrap_95_bias_shifted,88.11061,13.48264,8192,M2×UP16×TH16×UB16
2026,block_group,361090016002,peak_kw_home,first_order,behaviour:parameters_x_stochastic,0.00358,-0.0052,0.01588,bootstrap_95_bias_shifted,88.11061,13.48264,8192,M2×UP16×TH16×UB16
2026,block_group,361090016003,peak_kw_home,first_order,stock,0.0,0.0,0.0,bootstrap_95_bias_shifted,60.09421,11.94721,8192,M2×UP16×TH16×UB16
2026,block_group,361090016003,peak_kw_home,total_effect,stock,0.0,0.0,0.0,bootstrap_95_bias_shifted,60.09421,11.94721,8192,M2×UP16×TH16×UB16
2026,block_group,361090016003,peak_kw_home,first_order,placement,0.52017,0.41484,0.62251,bootstrap_95_bias_shifted,60.09421,11.94721,8192,M2×UP16×TH16×UB16
2026,block_group,361090016003,peak_kw_home,total_effect,placement,0.83059,0.73319,0.92493,bootstrap_95_bias_shifted,60.09421,11.94721,8192,M2×UP16×TH16×UB16
2026,block_group,361090016003,peak_kw_home,first_order,behaviour,0.16941,0.07507,0.26681,bootstrap_95_bias_shifted,60.09421,11.94721,8192,M2×UP16×TH16×UB16
2026,block_group,361090016003,peak_kw_home,total_effect,behaviour,0.47983,0.37749,0.58516,bootstrap_95_bias_shifted,60.09421,11.94721,8192,M2×UP16×TH16×UB16
2026,block_group,361090016003,peak_kw_home,first_order,interaction,0.31042,0.24705,0.38249,bootstrap_95_bias_shifted,60.09421,11.94721,8192,M2×UP16×TH16×UB16
2026,block_group,361090016003,peak_kw_home,first_order,placement:weighting,0.33473,0.26892,0.41787,bootstrap_95_bias_shifted,60.09421,11.94721,8192,M2×UP16×TH16×UB16
2026,block_group,361090016003,peak_kw_home,first_order,placement:sampling,0.16007,0.08054,0.23357,bootstrap_95_bias_shifted,60.09421,11.94721,8192,M2×UP16×TH16×UB16
2026,block_group,361090016003,peak_kw_home,first_order,placement:weighting_x_sampling,0.02537,0.00885,0.04358,bootstrap_95_bias_shifted,60.09421,11.94721,8192,M2×UP16×TH16×UB16
2026,block_group,361090016003,peak_kw_home,first_order,behaviour:parameters,0.16707,0.07374,0.26244,bootstrap_95_bias_shifted,60.09421,11.94721,8192,M2×UP16×TH16×UB16
2026,block_group,361090016003,peak_kw_home,first_order,behaviour:stochastic,0.00184,-0.00722,0.01597,bootstrap_95_bias_shifted,60.09421,11.94721,8192,M2×UP16×TH16×UB16
2026,block_group,361090016003,peak_kw_home,first_order,behaviour:parameters_x_stochastic,0.0005,-0.00636,0.01197,bootstrap_95_bias_shifted,60.09421,11.94721,8192,M2×UP16×TH16×UB16
2026,block_group,361090017001,peak_kw_home,first_order,stock,0.0,0.0,0.0,bootstrap_95_bias_shifted,68.74434,12.96189,8192,M2×UP16×TH16×UB16
2026,block_group,361090017001,peak_kw_home,total_effect,stock,0.0,0.0,0.0,bootstrap_95_bias_shifted,68.74434,12.96189,8192,M2×UP16×TH16×UB16
2026,block_group,361090017001,peak_kw_home,first_order,placement,0.47428,0.37525,0.57303,bootstrap_95_bias_shifted,68.74434,12.96189,8192,M2×UP16×TH16×UB16
2026,block_group,361090017001,peak_kw_home,total_effect,placement,0.79687,0.69259,0.89882,bootstrap_95_bias_shifted,68.74434,12.96189,8192,M2×UP16×TH16×UB16
2026,block_group,361090017001,peak_kw_home,first_order,behaviour,0.20313,0.10118,0.30741,bootstrap_95_bias_shifted,68.74434,12.96189,8192,M2×UP16×TH16×UB16
2026,block_group,361090017001,peak_kw_home,total_effect,behaviour,0.52572,0.42697,0.62475,bootstrap_95_bias_shifted,68.74434,12.96189,8192,M2×UP16×TH16×UB16
2026,block_group,361090017001,peak_kw_home,first_order,interaction,0.32259,0.26861,0.39422,bootstrap_95_bias_shifted,68.74434,12.96189,8192,M2×UP16×TH16×UB16
2026,block_group,361090017001,peak_kw_home,first_order,placement:weighting,0.2889,0.16501,0.41093,bootstrap_95_bias_shifted,68.74434,12.96189,8192,M2×UP16×TH16×UB16
2026,block_group,361090017001,peak_kw_home,first_order,placement:sampling,0.12143,0.05855,0.20015,bootstrap_95_bias_shifted,68.74434,12.96189,8192,M2×UP16×TH16×UB16
2026,block_group,361090017001,peak_kw_home,first_order,placement:weighting_x_sampling,0.06395,0.02437,0.12215,bootstrap_95_bias_shifted,68.74434,12.96189,8192,M2×UP16×TH16×UB16
2026,block_group,361090017001,peak_kw_home,first_order,behaviour:parameters,0.19456,0.09124,0.29454,bootstrap_95_bias_shifted,68.74434,12.96189,8192,M2×UP16×TH16×UB16
2026,block_group,361090017001,peak_kw_home,first_order,behaviour:stochastic,0.00627,-0.0046,0.02387,bootstrap_95_bias_shifted,68.74434,12.96189,8192,M2×UP16×TH16×UB16
2026,block_group,361090017001,peak_kw_home,first_order,behaviour:parameters_x_stochastic,0.0023,-0.0051,0.01202,bootstrap_95_bias_shifted,68.74434,12.96189,8192,M2×UP16×TH16×UB16
2026,block_group,361090017002,peak_kw_home,first_order,stock,0.0,0.0,0.0,bootstrap_95_bias_shifted,54.77683,16.36979,8192,M2×UP16×TH16×UB16
2026,block_group,361090017002,peak_kw_home,total_effect,stock,0.0,0.0,0.0,bootstrap_95_bias_shifted,54.77683,16.36979,8192,M2×UP16×TH16×UB16
2026,block_group,361090017002,peak_kw_home,first_order,placement,0.76012,0.69213,0.82631,bootstrap_95_bias_shifted,54.77683,16.36979,8192,M2×UP16×TH16×UB16
2026,block_group,361090017002,peak_kw_home,total_effect,placement,0.92306,0.87135,0.96872,bootstrap_95_bias_shifted,54.77683,16.36979,8192,M2×UP16×TH16×UB16
2026,block_group,361090017002,peak_kw_home,first_order,behaviour,0.07694,0.03128,0.12865,bootstrap_95_bias_shifted,54.77683,16.36979,8192,M2×UP16×TH16×UB16
2026,block_group,361090017002,peak_kw_home,total_effect,behaviour,0.23988,0.17369,0.30787,bootstrap_95_bias_shifted,54.77683,16.36979,8192,M2×UP16×TH16×UB16
2026,block_group,361090017002,peak_kw_home,first_order,interaction,0.16294,0.1315,0.19877,bootstrap_95_bias_shifted,54.77683,16.36979,8192,M2×UP16×TH16×UB16
2026,block_group,361090017002,peak_kw_home,first_order,placement:weighting,0.52497,0.4448,0.60492,bootstrap_95_bias_shifted,54.77683,16.36979,8192,M2×UP16×TH16×UB16
2026,block_group,361090017002,peak_kw_home,first_order,placement:sampling,0.20101,0.11423,0.27871,bootstrap_95_bias_shifted,54.77683,16.36979,8192,M2×UP16×TH16×UB16
2026,block_group,361090017002,peak_kw_home,first_order,placement:weighting_x_sampling,0.03415,0.01213,0.05307,bootstrap_95_bias_shifted,54.77683,16.36979,8192,M2×UP16×TH16×UB16
2026,block_group,361090017002,peak_kw_home,first_order,behaviour:parameters,0.07576,0.03361,0.12382,bootstrap_95_bias_shifted,54.77683,16.36979,8192,M2×UP16×TH16×UB16
2026,block_group,361090017002,peak_kw_home,first_order,behaviour:stochastic,0.00084,-0.00417,0.01079,bootstrap_95_bias_shifted,54.77683,16.36979,8192,M2×UP16×TH16×UB16
2026,block_group,361090017002,peak_kw_home,first_order,behaviour:parameters_x_stochastic,0.00034,-0.00226,0.00522,bootstrap_95_bias_shifted,54.77683,16.36979,8192,M2×UP16×TH16×UB16
2026,block_group,361090017003,peak_kw_home,first_order,stock,0.0,0.0,0.0,bootstrap_95_bias_shifted,34.78464,8.77565,8192,M2×UP16×TH16×UB16
2026,block_group,361090017003,peak_kw_home,total_effect,stock,0.0,0.0,0.0,bootstrap_95_bias_shifted,34.78464,8.77565,8192,M2×UP16×TH16×UB16
2026,block_group,361090017003,peak_kw_home,first_order,placement,0.52608,0.412,0.6225,bootstrap_95_bias_shifted,34.78464,8.77565,8192,M2×UP16×TH16×UB16
2026,block_group,361090017003,peak_kw_home,total_effect,placement,0.86702,0.77462,0.9379,bootstrap_95_bias_shifted,34.78464,8.77565,8192,M2×UP16×TH16×UB16
2026,block_group,361090017003,peak_kw_home,first_order,behaviour,0.13298,0.0621,0.22538,bootstrap_95_bias_shifted,34.78464,8.77565,8192,M2×UP16×TH16×UB16
2026,block_group,361090017003,peak_kw_home,total_effect,behaviour,0.47392,0.3775,0.588,bootstrap_95_bias_shifted,34.78464,8.77565,8192,M2×UP16×TH16×UB16
2026,block_group,361090017003,peak_kw_home,first_order,interaction,0.34094,0.27772,0.40812,bootstrap_95_bias_shifted,34.78464,8.77565,8192,M2×UP16×TH16×UB16
2026,block_group,361090017003,peak_kw_home,first_order,placement:weighting,0.24917,0.17498,0.33788,bootstrap_95_bias_shifted,34.78464,8.77565,8192,M2×UP16×TH16×UB16
2026,block_group,361090017003,peak_kw_home,first_order,placement:sampling,0.24387,0.11212,0.37418,bootstrap_95_bias_shifted,34.78464,8.77565,8192,M2×UP16×TH16×UB16
2026,block_group,361090017003,peak_kw_home,first_order,placement:weighting_x_sampling,0.03304,0.0156,0.05421,bootstrap_95_bias_shifted,34.78464,8.77565,8192,M2×UP16×TH16×UB16
2026,block_group,361090017003,peak_kw_home,first_order,behaviour:parameters,0.12573,0.05919,0.22089,bootstrap_95_bias_shifted,34.78464,8.77565,8192,M2×UP16×TH16×UB16
2026,block_group,361090017003,peak_kw_home,first_order,behaviour:stochastic,0.00625,-0.01024,0.03029,bootstrap_95_bias_shifted,34.78464,8.77565,8192,M2×UP16×TH16×UB16
2026,block_group,361090017003,peak_kw_home,first_order,behaviour:parameters_x_stochastic,0.001,-0.005,0.01183,bootstrap_95_bias_shifted,34.78464,8.77565,8192,M2×UP16×TH16×UB16
2026,block_group,361090018001,peak_kw_home,first_order,stock,0.0,0.0,0.0,bootstrap_95_bias_shifted,45.71001,8.48427,8192,M2×UP16×TH16×UB16
2026,block_group,361090018001,peak_kw_home,total_effect,stock,0.0,0.0,0.0,bootstrap_95_bias_shifted,45.71001,8.48427,8192,M2×UP16×TH16×UB16
2026,block_group,361090018001,peak_kw_home,first_order,placement,0.33182,0.16347,0.48656,bootstrap_95_bias_shifted,45.71001,8.48427,8192,M2×UP16×TH16×UB16
2026,block_group,361090018001,peak_kw_home,total_effect,placement,0.79034,0.66335,0.89991,bootstrap_95_bias_shifted,45.71001,8.48427,8192,M2×UP16×TH16×UB16
2026,block_group,361090018001,peak_kw_home,first_order,behaviour,0.20966,0.10009,0.33665,bootstrap_95_bias_shifted,45.71001,8.48427,8192,M2×UP16×TH16×UB16
2026,block_group,361090018001,peak_kw_home,total_effect,behaviour,0.66818,0.51344,0.83653,bootstrap_95_bias_shifted,45.71001,8.48427,8192,M2×UP16×TH16×UB16
2026,block_group,361090018001,peak_kw_home,first_order,interaction,0.45852,0.34586,0.58469,bootstrap_95_bias_shifted,45.71001,8.48427,8192,M2×UP16×TH16×UB16
2026,block_group,361090018001,peak_kw_home,first_order,placement:weighting,0.09452,0.03761,0.16662,bootstrap_95_bias_shifted,45.71001,8.48427,8192,M2×UP16×TH16×UB16
2026,block_group,361090018001,peak_kw_home,first_order,placement:sampling,0.19136,0.05033,0.32275,bootstrap_95_bias_shifted,45.71001,8.48427,8192,M2×UP16×TH16×UB16
2026,block_group,361090018001,peak_kw_home,first_order,placement:weighting_x_sampling,0.04594,0.01123,0.09368,bootstrap_95_bias_shifted,45.71001,8.48427,8192,M2×UP16×TH16×UB16
2026,block_group,361090018001,peak_kw_home,first_order,behaviour:parameters,0.20806,0.09249,0.3386,bootstrap_95_bias_shifted,45.71001,8.48427,8192,M2×UP16×TH16×UB16
2026,block_group,361090018001,peak_kw_home,first_order,behaviour:stochastic,0.00036,-0.01183,0.0236,bootstrap_95_bias_shifted,45.71001,8.48427,8192,M2×UP16×TH16×UB16
2026,block_group,361090018001,peak_kw_home,first_order,behaviour:parameters_x_stochastic,0.00123,-0.00778,0.01487,bootstrap_95_bias_shifted,45.71001,8.48427,8192,M2×UP16×TH16×UB16
2026,block_group,361090018002,peak_kw_home,first_order,stock,0.0,0.0,0.0,bootstrap_95_bias_shifted,42.97751,9.08976,8192,M2×UP16×TH16×UB16
2026,block_group,361090018002,peak_kw_home,total_effect,stock,0.0,0.0,0.0,bootstrap_95_bias_shifted,42.97751,9.08976,8192,M2×UP16×TH16×UB16
2026,block_group,361090018002,peak_kw_home,first_order,placement,0.42741,0.30839,0.52111,bootstrap_95_bias_shifted,42.97751,9.08976,8192,M2×UP16×TH16×UB16
2026,block_group,361090018002,peak_kw_home,total_effect,placement,0.83261,0.73845,0.9223,bootstrap_95_bias_shifted,42.97751,9.08976,8192,M2×UP16×TH16×UB16
2026,block_group,361090018002,peak_kw_home,first_order,behaviour,0.16739,0.0777,0.26155,bootstrap_95_bias_shifted,42.97751,9.08976,8192,M2×UP16×TH16×UB16
2026,block_group,361090018002,peak_kw_home,total_effect,behaviour,0.57259,0.47889,0.69161,bootstrap_95_bias_shifted,42.97751,9.08976,8192,M2×UP16×TH16×UB16
2026,block_group,361090018002,peak_kw_home,first_order,interaction,0.4052,0.33047,0.49513,bootstrap_95_bias_shifted,42.97751,9.08976,8192,M2×UP16×TH16×UB16
2026,block_group,361090018002,peak_kw_home,first_order,placement:weighting,0.14954,0.08982,0.22288,bootstrap_95_bias_shifted,42.97751,9.08976,8192,M2×UP16×TH16×UB16
2026,block_group,361090018002,peak_kw_home,first_order,placement:sampling,0.25342,0.13148,0.37648,bootstrap_95_bias_shifted,42.97751,9.08976,8192,M2×UP16×TH16×UB16
2026,block_group,361090018002,peak_kw_home,first_order,placement:weighting_x_sampling,0.02445,0.00782,0.04452,bootstrap_95_bias_shifted,42.97751,9.08976,8192,M2×UP16×TH16×UB16
2026,block_group,361090018002,peak_kw_home,first_order,behaviour:parameters,0.16622,0.0798,0.25586,bootstrap_95_bias_shifted,42.97751,9.08976,8192,M2×UP16×TH16×UB16
2026,block_group,361090018002,peak_kw_home,first_order,behaviour:stochastic,0.00243,-0.01379,0.03307,bootstrap_95_bias_shifted,42.97751,9.08976,8192,M2×UP16×TH16×UB16
2026,block_group,361090018002,peak_kw_home,first_order,behaviour:parameters_x_stochastic,-0.00127,-0.00777,0.00956,bootstrap_95_bias_shifted,42.97751,9.08976,8192,M2×UP16×TH16×UB16
2026,block_group,361090018003,peak_kw_home,first_order,stock,0.0,0.0,0.0,bootstrap_95_bias_shifted,38.15792,8.12232,8192,M2×UP16×TH16×UB16
2026,block_group,361090018003,peak_kw_home,total_effect,stock,0.0,0.0,0.0,bootstrap_95_bias_shifted,38.15792,8.12232,8192,M2×UP16×TH16×UB16
2026,block_group,361090018003,peak_kw_home,first_order,placement,0.43033,0.28967,0.58059,bootstrap_95_bias_shifted,38.15792,8.12232,8192,M2×UP16×TH16×UB16
2026,block_group,361090018003,peak_kw_home,total_effect,placement,0.82984,0.73303,0.92359,bootstrap_95_bias_shifted,38.15792,8.12232,8192,M2×UP16×TH16×UB16
2026,block_group,361090018003,peak_kw_home,first_order,behaviour,0.17016,0.07641,0.26697,bootstrap_95_bias_shifted,38.15792,8.12232,8192,M2×UP16×TH16×UB16
2026,block_group,361090018003,peak_kw_home,total_effect,behaviour,0.56967,0.41941,0.71033,bootstrap_95_bias_shifted,38.15792,8.12232,8192,M2×UP16×TH16×UB16
2026,block_group,361090018003,peak_kw_home,first_order,interaction,0.39951,0.28962,0.5102,bootstrap_95_bias_shifted,38.15792,8.12232,8192,M2×UP16×TH16×UB16
2026,block_group,361090018003,peak_kw_home,first_order,placement:weighting,0.10553,0.03651,0.18648,bootstrap_95_bias_shifted,38.15792,8.12232,8192,M2×UP16×TH16×UB16
2026,block_group,361090018003,peak_kw_home,first_order,placement:sampling,0.27957,0.08253,0.46876,bootstrap_95_bias_shifted,38.15792,8.12232,8192,M2×UP16×TH16×UB16
2026,block_group,361090018003,peak_kw_home,first_order,placement:weighting_x_sampling,0.04523,0.01102,0.08485,bootstrap_95_bias_shifted,38.15792,8.12232,8192,M2×UP16×TH16×UB16
2026,block_group,361090018003,peak_kw_home,first_order,behaviour:parameters,0.16882,0.07449,0.26537,bootstrap_95_bias_shifted,38.15792,8.12232,8192,M2×UP16×TH16×UB16
2026,block_group,361090018003,peak_kw_home,first_order,behaviour:stochastic,0.00023,-0.01387,0.02365,bootstrap_95_bias_shifted,38.15792,8.12232,8192,M2×UP16×TH16×UB16
2026,block_group,361090018003,peak_kw_home,first_order,behaviour:parameters_x_stochastic,0.00111,-0.00755,0.01369,bootstrap_95_bias_shifted,38.15792,8.12232,8192,M2×UP16×TH16×UB16
2026,block_group,361090019011,peak_kw_home,first_order,stock,0.0,0.0,0.0,bootstrap_95_bias_shifted,65.98683,10.42288,8192,M2×UP16×TH16×UB16
2026,block_group,361090019011,peak_kw_home,total_effect,stock,0.0,0.0,0.0,bootstrap_95_bias_shifted,65.98683,10.42288,8192,M2×UP16×TH16×UB16
2026,block_group,361090019011,peak_kw_home,first_order,placement,0.26695,0.14043,0.43368,bootstrap_95_bias_shifted,65.98683,10.42288,8192,M2×UP16×TH16×UB16
2026,block_group,361090019011,peak_kw_home,total_effect,placement,0.72906,0.58199,0.87413,bootstrap_95_bias_shifted,65.98683,10.42288,8192,M2×UP16×TH16×UB16
2026,block_group,361090019011,peak_kw_home,first_order,behaviour,0.27094,0.12587,0.41801,bootstrap_95_bias_shifted,65.98683,10.42288,8192,M2×UP16×TH16×UB16
2026,block_group,361090019011,peak_kw_home,total_effect,behaviour,0.73305,0.56632,0.85957,bootstrap_95_bias_shifted,65.98683,10.42288,8192,M2×UP16×TH16×UB16
2026,block_group,361090019011,peak_kw_home,first_order,interaction,0.46211,0.34499,0.60351,bootstrap_95_bias_shifted,65.98683,10.42288,8192,M2×UP16×TH16×UB16
2026,block_group,361090019011,peak_kw_home,first_order,placement:weighting,0.02069,-0.00015,0.0563,bootstrap_95_bias_shifted,65.98683,10.42288,8192,M2×UP16×TH16×UB16
2026,block_group,361090019011,peak_kw_home,first_order,placement:sampling,0.21018,0.08701,0.36875,bootstrap_95_bias_shifted,65.98683,10.42288,8192,M2×UP16×TH16×UB16
2026,block_group,361090019011,peak_kw_home,first_order,placement:weighting_x_sampling,0.03608,0.01561,0.0569,bootstrap_95_bias_shifted,65.98683,10.42288,8192,M2×UP16×TH16×UB16
2026,block_group,361090019011,peak_kw_home,first_order,behaviour:parameters,0.26353,0.11944,0.41155,bootstrap_95_bias_shifted,65.98683,10.42288,8192,M2×UP16×TH16×UB16
2026,block_group,361090019011,peak_kw_home,first_order,behaviour:stochastic,0.00721,-0.00849,0.02971,bootstrap_95_bias_shifted,65.98683,10.42288,8192,M2×UP16×TH16×UB16
2026,block_group,361090019011,peak_kw_home,first_order,behaviour:parameters_x_stochastic,0.0002,-0.01075,0.01768,bootstrap_95_bias_shifted,65.98683,10.42288,8192,M2×UP16×TH16×UB16
2026,block_group,361090019012,peak_kw_home,first_order,stock,0.0,0.0,0.0,bootstrap_95_bias_shifted,78.22771,12.15506,8192,M2×UP16×TH16×UB16
2026,block_group,361090019012,peak_kw_home,total_effect,stock,0.0,0.0,0.0,bootstrap_95_bias_shifted,78.22771,12.15506,8192,M2×UP16×TH16×UB16
2026,block_group,361090019012,peak_kw_home,first_order,placement,0.26666,0.16559,0.37165,bootstrap_95_bias_shifted,78.22771,12.15506,8192,M2×UP16×TH16×UB16
2026,block_group,361090019012,peak_kw_home,total_effect,placement,0.68857,0.56548,0.84177,bootstrap_95_bias_shifted,78.22771,12.15506,8192,M2×UP16×TH16×UB16
2026,block_group,361090019012,peak_kw_home,first_order,behaviour,0.31143,0.15823,0.43452,bootstrap_95_bias_shifted,78.22771,12.15506,8192,M2×UP16×TH16×UB16
2026,block_group,361090019012,peak_kw_home,total_effect,behaviour,0.73334,0.62835,0.83441,bootstrap_95_bias_shifted,78.22771,12.15506,8192,M2×UP16×TH16×UB16
2026,block_group,361090019012,peak_kw_home,first_order,interaction,0.42191,0.33208,0.56472,bootstrap_95_bias_shifted,78.22771,12.15506,8192,M2×UP16×TH16×UB16
2026,block_group,361090019012,peak_kw_home,first_order,placement:weighting,0.04009,0.00873,0.08685,bootstrap_95_bias_shifted,78.22771,12.15506,8192,M2×UP16×TH16×UB16
2026,block_group,361090019012,peak_kw_home,first_order,placement:sampling,0.18499,0.10879,0.27762,bootstrap_95_bias_shifted,78.22771,12.15506,8192,M2×UP16×TH16×UB16
2026,block_group,361090019012,peak_kw_home,first_order,placement:weighting_x_sampling,0.04157,0.01507,0.07507,bootstrap_95_bias_shifted,78.22771,12.15506,8192,M2×UP16×TH16×UB16
2026,block_group,361090019012,peak_kw_home,first_order,behaviour:parameters,0.30925,0.15123,0.43349,bootstrap_95_bias_shifted,78.22771,12.15506,8192,M2×UP16×TH16×UB16
2026,block_group,361090019012,peak_kw_home,first_order,behaviour:stochastic,0.00149,-0.00983,0.02488,bootstrap_95_bias_shifted,78.22771,12.15506,8192,M2×UP16×TH16×UB16
2026,block_group,361090019012,peak_kw_home,first_order,behaviour:parameters_x_stochastic,0.00069,-0.0076,0.01356,bootstrap_95_bias_shifted,78.22771,12.15506,8192,M2×UP16×TH16×UB16
2026,block_group,361090019021,peak_kw_home,first_order,stock,0.0,0.0,0.0,bootstrap_95_bias_shifted,58.34239,10.80829,8192,M2×UP16×TH16×UB16
2026,block_group,361090019021,peak_kw_home,total_effect,stock,0.0,0.0,0.0,bootstrap_95_bias_shifted,58.34239,10.80829,8192,M2×UP16×TH16×UB16
2026,block_group,361090019021,peak_kw_home,first_order,placement,0.46067,0.3363,0.56933,bootstrap_95_bias_shifted,58.34239,10.80829,8192,M2×UP16×TH16×UB16
2026,block_group,361090019021,peak_kw_home,total_effect,placement,0.80438,0.70432,0.89347,bootstrap_95_bias_shifted,58.34239,10.80829,8192,M2×UP16×TH16×UB16
2026,block_group,361090019021,peak_kw_home,first_order,behaviour,0.19562,0.10653,0.29568,bootstrap_95_bias_shifted,58.34239,10.80829,8192,M2×UP16×TH16×UB16
2026,block_group,361090019021,peak_kw_home,total_effect,behaviour,0.53933,0.43067,0.6637,bootstrap_95_bias_shifted,58.34239,10.80829,8192,M2×UP16×TH16×UB16
2026,block_group,361090019021,peak_kw_home,first_order,interaction,0.34371,0.26869,0.44438,bootstrap_95_bias_shifted,58.34239,10.80829,8192,M2×UP16×TH16×UB16
2026,block_group,361090019021,peak_kw_home,first_order,placement:weighting,0.07937,0.00638,0.16964,bootstrap_95_bias_shifted,58.34239,10.80829,8192,M2×UP16×TH16×UB16
2026,block_group,361090019021,peak_kw_home,first_order,placement:sampling,0.291,0.13781,0.43117,bootstrap_95_bias_shifted,58.34239,10.80829,8192,M2×UP16×TH16×UB16
2026,block_group,361090019021,peak_kw_home,first_order,placement:weighting_x_sampling,0.0903,0.03784,0.14968,bootstrap_95_bias_shifted,58.34239,10.80829,8192,M2×UP16×TH16×UB16
2026,block_group,361090019021,peak_kw_home,first_order,behaviour:parameters,0.18668,0.09637,0.27765,bootstrap_95_bias_shifted,58.34239,10.80829,8192,M2×UP16×TH16×UB16
2026,block_group,361090019021,peak_kw_home,first_order,behaviour:stochastic,0.00696,-0.00617,0.02627,bootstrap_95_bias_shifted,58.34239,10.80829,8192,M2×UP16×TH16×UB16
2026,block_group,361090019021,peak_kw_home,first_order,behaviour:parameters_x_stochastic,0.00198,-0.00637,0.01562,bootstrap_95_bias_shifted,58.34239,10.80829,8192,M2×UP16×TH16×UB16
2026,block_group,361090019022,peak_kw_home,first_order,stock,0.0,0.0,0.0,bootstrap_95_bias_shifted,73.44803,15.19917,8192,M2×UP16×TH16×UB16
2026,block_group,361090019022,peak_kw_home,total_effect,stock,0.0,0.0,0.0,bootstrap_95_bias_shifted,73.44803,15.19917,8192,M2×UP16×TH16×UB16
2026,block_group,361090019022,peak_kw_home,first_order,placement,0.55442,0.45097,0.65949,bootstrap_95_bias_shifted,73.44803,15.19917,8192,M2×UP16×TH16×UB16
2026,block_group,361090019022,peak_kw_home,total_effect,placement,0.82265,0.73652,0.91878,bootstrap_95_bias_shifted,73.44803,15.19917,8192,M2×UP16×TH16×UB16
2026,block_group,361090019022,peak_kw_home,first_order,behaviour,0.17735,0.08122,0.26348,bootstrap_95_bias_shifted,73.44803,15.19917,8192,M2×UP16×TH16×UB16
2026,block_group,361090019022,peak_kw_home,total_effect,behaviour,0.44558,0.34051,0.54903,bootstrap_95_bias_shifted,73.44803,15.19917,8192,M2×UP16×TH16×UB16
2026,block_group,361090019022,peak_kw_home,first_order,interaction,0.26823,0.21573,0.32924,bootstrap_95_bias_shifted,73.44803,15.19917,8192,M2×UP16×TH16×UB16
2026,block_group,361090019022,peak_kw_home,first_order,placement:weighting,0.26523,0.19749,0.34049,bootstrap_95_bias_shifted,73.44803,15.19917,8192,M2×UP16×TH16×UB16
2026,block_group,361090019022,peak_kw_home,first_order,placement:sampling,0.2703,0.15689,0.37405,bootstrap_95_bias_shifted,73.44803,15.19917,8192,M2×UP16×TH16×UB16
2026,block_group,361090019022,peak_kw_home,first_order,placement:weighting_x_sampling,0.01889,0.00677,0.03925,bootstrap_95_bias_shifted,73.44803,15.19917,8192,M2×UP16×TH16×UB16
2026,block_group,361090019022,peak_kw_home,first_order,behaviour:parameters,0.1728,0.08061,0.26466,bootstrap_95_bias_shifted,73.44803,15.19917,8192,M2×UP16×TH16×UB16
2026,block_group,361090019022,peak_kw_home,first_order,behaviour:stochastic,0.00413,-0.00706,0.02337,bootstrap_95_bias_shifted,73.44803,15.19917,8192,M2×UP16×TH16×UB16
2026,block_group,361090019022,peak_kw_home,first_order,behaviour:parameters_x_stochastic,0.00041,-0.00481,0.0078,bootstrap_95_bias_shifted,73.44803,15.19917,8192,M2×UP16×TH16×UB16
2026,block_group,361090020001,peak_kw_home,first_order,stock,0.0,0.0,0.0,bootstrap_95_bias_shifted,32.48745,7.41371,8192,M2×UP16×TH16×UB16
2026,block_group,361090020001,peak_kw_home,total_effect,stock,0.0,0.0,0.0,bootstrap_95_bias_shifted,32.48745,7.41371,8192,M2×UP16×TH16×UB16
2026,block_group,361090020001,peak_kw_home,first_order,placement,0.39222,0.20674,0.57266,bootstrap_95_bias_shifted,32.48745,7.41371,8192,M2×UP16×TH16×UB16
2026,block_group,361090020001,peak_kw_home,total_effect,placement,0.81306,0.70812,0.9003,bootstrap_95_bias_shifted,32.48745,7.41371,8192,M2×UP16×TH16×UB16
2026,block_group,361090020001,peak_kw_home,first_order,behaviour,0.18694,0.0997,0.29188,bootstrap_95_bias_shifted,32.48745,7.41371,8192,M2×UP16×TH16×UB16
2026,block_group,361090020001,peak_kw_home,total_effect,behaviour,0.60778,0.42734,0.79326,bootstrap_95_bias_shifted,32.48745,7.41371,8192,M2×UP16×TH16×UB16
2026,block_group,361090020001,peak_kw_home,first_order,interaction,0.42084,0.29599,0.54253,bootstrap_95_bias_shifted,32.48745,7.41371,8192,M2×UP16×TH16×UB16
2026,block_group,361090020001,peak_kw_home,first_order,placement:weighting,0.03723,-0.00521,0.09601,bootstrap_95_bias_shifted,32.48745,7.41371,8192,M2×UP16×TH16×UB16
2026,block_group,361090020001,peak_kw_home,first_order,placement:sampling,0.28985,0.10908,0.47708,bootstrap_95_bias_shifted,32.48745,7.41371,8192,M2×UP16×TH16×UB16
2026,block_group,361090020001,peak_kw_home,first_order,placement:weighting_x_sampling,0.06514,0.03398,0.1046,bootstrap_95_bias_shifted,32.48745,7.41371,8192,M2×UP16×TH16×UB16
2026,block_group,361090020001,peak_kw_home,first_order,behaviour:parameters,0.1871,0.09866,0.29862,bootstrap_95_bias_shifted,32.48745,7.41371,8192,M2×UP16×TH16×UB16
2026,block_group,361090020001,peak_kw_home,first_order,behaviour:stochastic,-0.00134,-0.01354,0.02167,bootstrap_95_bias_shifted,32.48745,7.41371,8192,M2×UP16×TH16×UB16
2026,block_group,361090020001,peak_kw_home,first_order,behaviour:parameters_x_stochastic,0.00118,-0.00637,0.01423,bootstrap_95_bias_shifted,32.48745,7.41371,8192,M2×UP16×TH16×UB16
2026,block_group,361090020002,peak_kw_home,first_order,stock,0.0,0.0,0.0,bootstrap_95_bias_shifted,42.3878,8.30462,8192,M2×UP16×TH16×UB16
2026,block_group,361090020002,peak_kw_home,total_effect,stock,0.0,0.0,0.0,bootstrap_95_bias_shifted,42.3878,8.30462,8192,M2×UP16×TH16×UB16
2026,block_group,361090020002,peak_kw_home,first_order,placement,0.38415,0.25848,0.49663,bootstrap_95_bias_shifted,42.3878,8.30462,8192,M2×UP16×TH16×UB16
2026,block_group,361090020002,peak_kw_home,total_effect,placement,0.80916,0.70016,0.90057,bootstrap_95_bias_shifted,42.3878,8.30462,8192,M2×UP16×TH16×UB16
2026,block_group,361090020002,peak_kw_home,first_order,behaviour,0.19084,0.09943,0.29984,bootstrap_95_bias_shifted,42.3878,8.30462,8192,M2×UP16×TH16×UB16
2026,block_group,361090020002,peak_kw_home,total_effect,behaviour,0.61585,0.50337,0.74152,bootstrap_95_bias_shifted,42.3878,8.30462,8192,M2×UP16×TH16×UB16
2026,block_group,361090020002,peak_kw_home,first_order,interaction,0.42501,0.32947,0.53823,bootstrap_95_bias_shifted,42.3878,8.30462,8192,M2×UP16×TH16×UB16
2026,block_group,361090020002,peak_kw_home,first_order,placement:weighting,0.0023,-0.01134,0.03505,bootstrap_95_bias_shifted,42.3878,8.30462,8192,M2×UP16×TH16×UB16
2026,block_group,361090020002,peak_kw_home,first_order,placement:sampling,0.30981,0.16478,0.43852,bootstrap_95_bias_shifted,42.3878,8.30462,8192,M2×UP16×TH16×UB16
2026,block_group,361090020002,peak_kw_home,first_order,placement:weighting_x_sampling,0.07204,0.02819,0.13057,bootstrap_95_bias_shifted,42.3878,8.30462,8192,M2×UP16×TH16×UB16
2026,block_group,361090020002,peak_kw_home,first_order,behaviour:parameters,0.18856,0.09215,0.29813,bootstrap_95_bias_shifted,42.3878,8.30462,8192,M2×UP16×TH16×UB16
2026,block_group,361090020002,peak_kw_home,first_order,behaviour:stochastic,0.00078,-0.01299,0.02469,bootstrap_95_bias_shifted,42.3878,8.30462,8192,M2×UP16×TH16×UB16
2026,block_group,361090020002,peak_kw_home,first_order,behaviour:parameters_x_stochastic,0.00151,-0.00697,0.01689,bootstrap_95_bias_shifted,42.3878,8.30462,8192,M2×UP16×TH16×UB16
2026,block_group,361090020003,peak_kw_home,first_order,stock,0.0,0.0,0.0,bootstrap_95_bias_shifted,45.05542,8.94955,8192,M2×UP16×TH16×UB16
2026,block_group,361090020003,peak_kw_home,total_effect,stock,0.0,0.0,0.0,bootstrap_95_bias_shifted,45.05542,8.94955,8192,M2×UP16×TH16×UB16
2026,block_group,361090020003,peak_kw_home,first_order,placement,0.36103,0.2311,0.48244,bootstrap_95_bias_shifted,45.05542,8.94955,8192,M2×UP16×TH16×UB16
2026,block_group,361090020003,peak_kw_home,total_effect,placement,0.765,0.65949,0.87482,bootstrap_95_bias_shifted,45.05542,8.94955,8192,M2×UP16×TH16×UB16
2026,block_group,361090020003,peak_kw_home,first_order,behaviour,0.235,0.12518,0.34051,bootstrap_95_bias_shifted,45.05542,8.94955,8192,M2×UP16×TH16×UB16
2026,block_group,361090020003,peak_kw_home,total_effect,behaviour,0.63897,0.51756,0.7689,bootstrap_95_bias_shifted,45.05542,8.94955,8192,M2×UP16×TH16×UB16
2026,block_group,361090020003,peak_kw_home,first_order,interaction,0.40396,0.32075,0.49161,bootstrap_95_bias_shifted,45.05542,8.94955,8192,M2×UP16×TH16×UB16
2026,block_group,361090020003,peak_kw_home,first_order,placement:weighting,-0.00351,-0.00876,0.00956,bootstrap_95_bias_shifted,45.05542,8.94955,8192,M2×UP16×TH16×UB16
2026,block_group,361090020003,peak_kw_home,first_order,placement:sampling,0.3106,0.1838,0.44923,bootstrap_95_bias_shifted,45.05542,8.94955,8192,M2×UP16×TH16×UB16
2026,block_group,361090020003,peak_kw_home,first_order,placement:weighting_x_sampling,0.05395,0.02287,0.08706,bootstrap_95_bias_shifted,45.05542,8.94955,8192,M2×UP16×TH16×UB16
2026,block_group,361090020003,peak_kw_home,first_order,behaviour:parameters,0.22875,0.11569,0.34159,bootstrap_95_bias_shifted,45.05542,8.94955,8192,M2×UP16×TH16×UB16
2026,block_group,361090020003,peak_kw_home,first_order,behaviour:stochastic,0.00389,-0.00948,0.02606,bootstrap_95_bias_shifted,45.05542,8.94955,8192,M2×UP16×TH16×UB16
2026,block_group,361090020003,peak_kw_home,first_order,behaviour:parameters_x_stochastic,0.00235,-0.00535,0.01712,bootstrap_95_bias_shifted,45.05542,8.94955,8192,M2×UP16×TH16×UB16
2026,block_group,361090021001,peak_kw_home,first_order,stock,0.0,0.0,0.0,bootstrap_95_bias_shifted,41.93521,8.1602,8192,M2×UP16×TH16×UB16
2026,block_group,361090021001,peak_kw_home,total_effect,stock,0.0,0.0,0.0,bootstrap_95_bias_shifted,41.93521,8.1602,8192,M2×UP16×TH16×UB16
2026,block_group,361090021001,peak_kw_home,first_order,placement,0.292,0.19721,0.39641,bootstrap_95_bias_shifted,41.93521,8.1602,8192,M2×UP16×TH16×UB16
2026,block_group,361090021001,peak_kw_home,total_effect,placement,0.7856,0.6789,0.89088,bootstrap_95_bias_shifted,41.93521,8.1602,8192,M2×UP16×TH16×UB16
2026,block_group,361090021001,peak_kw_home,first_order,behaviour,0.2144,0.10912,0.3211,bootstrap_95_bias_shifted,41.93521,8.1602,8192,M2×UP16×TH16×UB16
2026,block_group,361090021001,peak_kw_home,total_effect,behaviour,0.708,0.60359,0.80279,bootstrap_95_bias_shifted,41.93521,8.1602,8192,M2×UP16×TH16×UB16
2026,block_group,361090021001,peak_kw_home,first_order,interaction,0.49359,0.41667,0.60031,bootstrap_95_bias_shifted,41.93521,8.1602,8192,M2×UP16×TH16×UB16
2026,block_group,361090021001,peak_kw_home,first_order,placement:weighting,0.08792,0.04266,0.15165,bootstrap_95_bias_shifted,41.93521,8.1602,8192,M2×UP16×TH16×UB16
2026,block_group,361090021001,peak_kw_home,first_order,placement:sampling,0.16987,0.08085,0.27988,bootstrap_95_bias_shifted,41.93521,8.1602,8192,M2×UP16×TH16×UB16
2026,block_group,361090021001,peak_kw_home,first_order,placement:weighting_x_sampling,0.03421,0.01342,0.06317,bootstrap_95_bias_shifted,41.93521,8.1602,8192,M2×UP16×TH16×UB16
2026,block_group,361090021001,peak_kw_home,first_order,behaviour:parameters,0.21711,0.11001,0.32303,bootstrap_95_bias_shifted,41.93521,8.1602,8192,M2×UP16×TH16×UB16
2026,block_group,361090021001,peak_kw_home,first_order,behaviour:stochastic,-0.00314,-0.01935,0.02937,bootstrap_95_bias_shifted,41.93521,8.1602,8192,M2×UP16×TH16×UB16
2026,block_group,361090021001,peak_kw_home,first_order,behaviour:parameters_x_stochastic,0.00043,-0.00742,0.01333,bootstrap_95_bias_shifted,41.93521,8.1602,8192,M2×UP16×TH16×UB16
2026,block_group,361090021002,peak_kw_home,first_order,stock,0.0,0.0,0.0,bootstrap_95_bias_shifted,48.72923,9.02996,8192,M2×UP16×TH16×UB16
2026,block_group,361090021002,peak_kw_home,total_effect,stock,0.0,0.0,0.0,bootstrap_95_bias_shifted,48.72923,9.02996,8192,M2×UP16×TH16×UB16
2026,block_group,361090021002,peak_kw_home,first_order,placement,0.25994,0.13615,0.40145,bootstrap_95_bias_shifted,48.72923,9.02996,8192,M2×UP16×TH16×UB16
2026,block_group,361090021002,peak_kw_home,total_effect,placement,0.73879,0.61823,0.85796,bootstrap_95_bias_shifted,48.72923,9.02996,8192,M2×UP16×TH16×UB16
2026,block_group,361090021002,peak_kw_home,first_order,behaviour,0.26121,0.14204,0.38177,bootstrap_95_bias_shifted,48.72923,9.02996,8192,M2×UP16×TH16×UB16
2026,block_group,361090021002,peak_kw_home,total_effect,behaviour,0.74006,0.59855,0.86385,bootstrap_95_bias_shifted,48.72923,9.02996,8192,M2×UP16×TH16×UB16
2026,block_group,361090021002,peak_kw_home,first_order,interaction,0.47885,0.37611,0.61737,bootstrap_95_bias_shifted,48.72923,9.02996,8192,M2×UP16×TH16×UB16
2026,block_group,361090021002,peak_kw_home,first_order,placement:weighting,0.001,-0.00858,0.02633,bootstrap_95_bias_shifted,48.72923,9.02996,8192,M2×UP16×TH16×UB16
2026,block_group,361090021002,peak_kw_home,first_order,placement:sampling,0.20105,0.07655,0.34885,bootstrap_95_bias_shifted,48.72923,9.02996,8192,M2×UP16×TH16×UB16
2026,block_group,361090021002,peak_kw_home,first_order,placement:weighting_x_sampling,0.05789,0.02565,0.09423,bootstrap_95_bias_shifted,48.72923,9.02996,8192,M2×UP16×TH16×UB16
2026,block_group,361090021002,peak_kw_home,first_order,behaviour:parameters,0.25848,0.13585,0.37681,bootstrap_95_bias_shifted,48.72923,9.02996,8192,M2×UP16×TH16×UB16
2026,block_group,361090021002,peak_kw_home,first_order,behaviour:stochastic,0.00047,-0.01497,0.02334,bootstrap_95_bias_shifted,48.72923,9.02996,8192,M2×UP16×TH16×UB16
2026,block_group,361090021002,peak_kw_home,first_order,behaviour:parameters_x_stochastic,0.00226,-0.00737,0.01557,bootstrap_95_bias_shifted,48.72923,9.02996,8192,M2×UP16×TH16×UB16
2026,block_group,361090021003,peak_kw_home,first_order,stock,0.0,0.0,0.0,bootstrap_95_bias_shifted,61.74238,13.13025,8192,M2×UP16×TH16×UB16
2026,block_group,361090021003,peak_kw_home,total_effect,stock,0.0,0.0,0.0,bootstrap_95_bias_shifted,61.74238,13.13025,8192,M2×UP16×TH16×UB16
2026,block_group,361090021003,peak_kw_home,first_order,placement,0.5807,0.48234,0.67806,bootstrap_95_bias_shifted,61.74238,13.13025,8192,M2×UP16×TH16×UB16
2026,block_group,361090021003,peak_kw_home,total_effect,placement,0.85459,0.77838,0.93199,bootstrap_95_bias_shifted,61.74238,13.13025,8192,M2×UP16×TH16×UB16
2026,block_group,361090021003,peak_kw_home,first_order,behaviour,0.14541,0.06801,0.22162,bootstrap_95_bias_shifted,61.74238,13.13025,8192,M2×UP16×TH16×UB16
2026,block_group,361090021003,peak_kw_home,total_effect,behaviour,0.4193,0.32194,0.51766,bootstrap_95_bias_shifted,61.74238,13.13025,8192,M2×UP16×TH16×UB16
2026,block_group,361090021003,peak_kw_home,first_order,interaction,0.27389,0.22604,0.33498,bootstrap_95_bias_shifted,61.74238,13.13025,8192,M2×UP16×TH16×UB16
2026,block_group,361090021003,peak_kw_home,first_order,placement:weighting,0.35029,0.26517,0.43429,bootstrap_95_bias_shifted,61.74238,13.13025,8192,M2×UP16×TH16×UB16
2026,block_group,361090021003,peak_kw_home,first_order,placement:sampling,0.20881,0.09996,0.34204,bootstrap_95_bias_shifted,61.74238,13.13025,8192,M2×UP16×TH16×UB16
2026,block_group,361090021003,peak_kw_home,first_order,placement:weighting_x_sampling,0.0216,0.00558,0.04339,bootstrap_95_bias_shifted,61.74238,13.13025,8192,M2×UP16×TH16×UB16
2026,block_group,361090021003,peak_kw_home,first_order,behaviour:parameters,0.14331,0.06543,0.21824,bootstrap_95_bias_shifted,61.74238,13.13025,8192,M2×UP16×TH16×UB16
2026,block_group,361090021003,peak_kw_home,first_order,behaviour:stochastic,0.00022,-0.00693,0.01244,bootstrap_95_bias_shifted,61.74238,13.13025,8192,M2×UP16×TH16×UB16
2026,block_group,361090021003,peak_kw_home,first_order,behaviour:parameters_x_stochastic,0.00187,-0.00446,0.01075,bootstrap_95_bias_shifted,61.74238,13.13025,8192,M2×UP16×TH16×UB16
2026,block_group,361090022001,peak_kw_home,first_order,stock,0.0,0.0,0.0,bootstrap_95_bias_shifted,31.5438,6.62694,8192,M2×UP16×TH16×UB16
2026,block_group,361090022001,peak_kw_home,total_effect,stock,0.0,0.0,0.0,bootstrap_95_bias_shifted,31.5438,6.62694,8192,M2×UP16×TH16×UB16
2026,block_group,361090022001,peak_kw_home,first_order,placement,0.29035,0.1696,0.42112,bootstrap_95_bias_shifted,31.5438,6.62694,8192,M2×UP16×TH16×UB16
2026,block_group,361090022001,peak_kw_home,total_effect,placement,0.81048,0.70755,0.89952,bootstrap_95_bias_shifted,31.5438,6.62694,8192,M2×UP16×TH16×UB16
2026,block_group,361090022001,peak_kw_home,first_order,behaviour,0.18952,0.10048,0.29245,bootstrap_95_bias_shifted,31.5438,6.62694,8192,M2×UP16×TH16×UB16
2026,block_group,361090022001,peak_kw_home,total_effect,behaviour,0.70965,0.57888,0.8304,bootstrap_95_bias_shifted,31.5438,6.62694,8192,M2×UP16×TH16×UB16
2026,block_group,361090022001,peak_kw_home,first_order,interaction,0.52013,0.40983,0.64602,bootstrap_95_bias_shifted,31.5438,6.62694,8192,M2×UP16×TH16×UB16
2026,block_group,361090022001,peak_kw_home,first_order,placement:weighting,0.00595,-0.01899,0.06958,bootstrap_95_bias_shifted,31.5438,6.62694,8192,M2×UP16×TH16×UB16
2026,block_group,361090022001,peak_kw_home,first_order,placement:sampling,0.1578,0.05627,0.25815,bootstrap_95_bias_shifted,31.5438,6.62694,8192,M2×UP16×TH16×UB16
2026,block_group,361090022001,peak_kw_home,first_order,placement:weighting_x_sampling,0.1266,0.0681,0.19584,bootstrap_95_bias_shifted,31.5438,6.62694,8192,M2×UP16×TH16×UB16
2026,block_group,361090022001,peak_kw_home,first_order,behaviour:parameters,0.18761,0.09492,0.28915,bootstrap_95_bias_shifted,31.5438,6.62694,8192,M2×UP16×TH16×UB16
2026,block_group,361090022001,peak_kw_home,first_order,behaviour:stochastic,0.00022,-0.02103,0.03811,bootstrap_95_bias_shifted,31.5438,6.62694,8192,M2×UP16×TH16×UB16
2026,block_group,361090022001,peak_kw_home,first_order,behaviour:parameters_x_stochastic,0.00169,-0.00698,0.01519,bootstrap_95_bias_shifted,31.5438,6.62694,8192,M2×UP16×TH16×UB16
2026,block_group,361090022002,peak_kw_home,first_order,stock,0.0,0.0,0.0,bootstrap_95_bias_shifted,29.09967,7.57216,8192,M2×UP16×TH16×UB16
2026,block_group,361090022002,peak_kw_home,total_effect,stock,0.0,0.0,0.0,bootstrap_95_bias_shifted,29.09967,7.57216,8192,M2×UP16×TH16×UB16
2026,block_group,361090022002,peak_kw_home,first_order,placement,0.47886,0.33543,0.59702,bootstrap_95_bias_shifted,29.09967,7.57216,8192,M2×UP16×TH16×UB16
2026,block_group,361090022002,peak_kw_home,total_effect,placement,0.85213,0.75474,0.9322,bootstrap_95_bias_shifted,29.09967,7.57216,8192,M2×UP16×TH16×UB16
2026,block_group,361090022002,peak_kw_home,first_order,behaviour,0.14787,0.0678,0.24526,bootstrap_95_bias_shifted,29.09967,7.57216,8192,M2×UP16×TH16×UB16
2026,block_group,361090022002,peak_kw_home,total_effect,behaviour,0.52114,0.40298,0.66457,bootstrap_95_bias_shifted,29.09967,7.57216,8192,M2×UP16×TH16×UB16
2026,block_group,361090022002,peak_kw_home,first_order,interaction,0.37327,0.29008,0.4779,bootstrap_95_bias_shifted,29.09967,7.57216,8192,M2×UP16×TH16×UB16
2026,block_group,361090022002,peak_kw_home,first_order,placement:weighting,0.0277,-0.00897,0.11828,bootstrap_95_bias_shifted,29.09967,7.57216,8192,M2×UP16×TH16×UB16
2026,block_group,361090022002,peak_kw_home,first_order,placement:sampling,0.3564,0.21626,0.50193,bootstrap_95_bias_shifted,29.09967,7.57216,8192,M2×UP16×TH16×UB16
2026,block_group,361090022002,peak_kw_home,first_order,placement:weighting_x_sampling,0.09475,0.04171,0.14859,bootstrap_95_bias_shifted,29.09967,7.57216,8192,M2×UP16×TH16×UB16
2026,block_group,361090022002,peak_kw_home,first_order,behaviour:parameters,0.14282,0.07362,0.22497,bootstrap_95_bias_shifted,29.09967,7.57216,8192,M2×UP16×TH16×UB16
2026,block_group,361090022002,peak_kw_home,first_order,behaviour:stochastic,0.00359,-0.01525,0.05088,bootstrap_95_bias_shifted,29.09967,7.57216,8192,M2×UP16×TH16×UB16
2026,block_group,361090022002,peak_kw_home,first_order,behaviour:parameters_x_stochastic,0.00146,-0.00596,0.01316,bootstrap_95_bias_shifted,29.09967,7.57216,8192,M2×UP16×TH16×UB16
2026,block_group,361090022003,peak_kw_home,first_order,stock,0.0,0.0,0.0,bootstrap_95_bias_shifted,31.49433,7.82354,8192,M2×UP16×TH16×UB16
2026,block_group,361090022003,peak_kw_home,total_effect,stock,0.0,0.0,0.0,bootstrap_95_bias_shifted,31.49433,7.82354,8192,M2×UP16×TH16×UB16
2026,block_group,361090022003,peak_kw_home,first_order,placement,0.464,0.3673,0.55758,bootstrap_95_bias_shifted,31.49433,7.82354,8192,M2×UP16×TH16×UB16
2026,block_group,361090022003,peak_kw_home,total_effect,placement,0.84783,0.75065,0.92724,bootstrap_95_bias_shifted,31.49433,7.82354,8192,M2×UP16×TH16×UB16
2026,block_group,361090022003,peak_kw_home,first_order,behaviour,0.15217,0.07276,0.24935,bootstrap_95_bias_shifted,31.49433,7.82354,8192,M2×UP16×TH16×UB16
2026,block_group,361090022003,peak_kw_home,total_effect,behaviour,0.536,0.44242,0.6327,bootstrap_95_bias_shifted,31.49433,7.82354,8192,M2×UP16×TH16×UB16
2026,block_group,361090022003,peak_kw_home,first_order,interaction,0.38383,0.30756,0.4704,bootstrap_95_bias_shifted,31.49433,7.82354,8192,M2×UP16×TH16×UB16
2026,block_group,361090022003,peak_kw_home,first_order,placement:weighting,0.08623,0.00829,0.16454,bootstrap_95_bias_shifted,31.49433,7.82354,8192,M2×UP16×TH16×UB16
2026,block_group,361090022003,peak_kw_home,first_order,placement:sampling,0.31258,0.19884,0.42937,bootstrap_95_bias_shifted,31.49433,7.82354,8192,M2×UP16×TH16×UB16
2026,block_group,361090022003,peak_kw_home,first_order,placement:weighting_x_sampling,0.06519,0.02246,0.12366,bootstrap_95_bias_shifted,31.49433,7.82354,8192,M2×UP16×TH16×UB16
2026,block_group,361090022003,peak_kw_home,first_order,behaviour:parameters,0.14653,0.07194,0.23108,bootstrap_95_bias_shifted,31.49433,7.82354,8192,M2×UP16×TH16×UB16
2026,block_group,361090022003,peak_kw_home,first_order,behaviour:stochastic,0.00476,-0.01126,0.02845,bootstrap_95_bias_shifted,31.49433,7.82354,8192,M2×UP16×TH16×UB16
2026,block_group,361090022003,peak_kw_home,first_order,behaviour:parameters_x_stochastic,0.00087,-0.00585,0.01109,bootstrap_95_bias_shifted,31.49433,7.82354,8192,M2×UP16×TH16×UB16
2026,block_group,361090023001,peak_kw_home,first_order,stock,0.0,0.0,0.0,bootstrap_95_bias_shifted,53.19881,9.85261,8192,M2×UP16×TH16×UB16
2026,block_group,361090023001,peak_kw_home,total_effect,stock,0.0,0.0,0.0,bootstrap_95_bias_shifted,53.19881,9.85261,8192,M2×UP16×TH16×UB16
2026,block_group,361090023001,peak_kw_home,first_order,placement,0.37319,0.21092,0.52442,bootstrap_95_bias_shifted,53.19881,9.85261,8192,M2×UP16×TH16×UB16
2026,block_group,361090023001,peak_kw_home,total_effect,placement,0.79319,0.67561,0.90061,bootstrap_95_bias_shifted,53.19881,9.85261,8192,M2×UP16×TH16×UB16
2026,block_group,361090023001,peak_kw_home,first_order,behaviour,0.20681,0.09939,0.32439,bootstrap_95_bias_shifted,53.19881,9.85261,8192,M2×UP16×TH16×UB16
2026,block_group,361090023001,peak_kw_home,total_effect,behaviour,0.62681,0.47558,0.78908,bootstrap_95_bias_shifted,53.19881,9.85261,8192,M2×UP16×TH16×UB16
2026,block_group,361090023001,peak_kw_home,first_order,interaction,0.42,0.30853,0.55423,bootstrap_95_bias_shifted,53.19881,9.85261,8192,M2×UP16×TH16×UB16
2026,block_group,361090023001,peak_kw_home,first_order,placement:weighting,-0.00207,-0.00634,0.00598,bootstrap_95_bias_shifted,53.19881,9.85261,8192,M2×UP16×TH16×UB16
2026,block_group,361090023001,peak_kw_home,first_order,placement:sampling,0.34134,0.17645,0.51704,bootstrap_95_bias_shifted,53.19881,9.85261,8192,M2×UP16×TH16×UB16
2026,block_group,361090023001,peak_kw_home,first_order,placement:weighting_x_sampling,0.03392,0.00648,0.07923,bootstrap_95_bias_shifted,53.19881,9.85261,8192,M2×UP16×TH16×UB16
2026,block_group,361090023001,peak_kw_home,first_order,behaviour:parameters,0.20128,0.09516,0.31004,bootstrap_95_bias_shifted,53.19881,9.85261,8192,M2×UP16×TH16×UB16
2026,block_group,361090023001,peak_kw_home,first_order,behaviour:stochastic,0.00545,-0.01106,0.02781,bootstrap_95_bias_shifted,53.19881,9.85261,8192,M2×UP16×TH16×UB16
2026,block_group,361090023001,peak_kw_home,first_order,behaviour:parameters_x_stochastic,8e-05,-0.0081,0.01336,bootstrap_95_bias_shifted,53.19881,9.85261,8192,M2×UP16×TH16×UB16
2026,block_group,361090023002,peak_kw_home,first_order,stock,0.0,0.0,0.0,bootstrap_95_bias_shifted,57.74513,11.38626,8192,M2×UP16×TH16×UB16
2026,block_group,361090023002,peak_kw_home,total_effect,stock,0.0,0.0,0.0,bootstrap_95_bias_shifted,57.74513,11.38626,8192,M2×UP16×TH16×UB16
2026,block_group,361090023002,peak_kw_home,first_order,placement,0.4267,0.32022,0.527,bootstrap_95_bias_shifted,57.74513,11.38626,8192,M2×UP16×TH16×UB16
2026,block_group,361090023002,peak_kw_home,total_effect,placement,0.78175,0.6845,0.88901,bootstrap_95_bias_shifted,57.74513,11.38626,8192,M2×UP16×TH16×UB16
2026,block_group,361090023002,peak_kw_home,first_order,behaviour,0.21825,0.11099,0.3155,bootstrap_95_bias_shifted,57.74513,11.38626,8192,M2×UP16×TH16×UB16
2026,block_group,361090023002,peak_kw_home,total_effect,behaviour,0.5733,0.473,0.67978,bootstrap_95_bias_shifted,57.74513,11.38626,8192,M2×UP16×TH16×UB16
2026,block_group,361090023002,peak_kw_home,first_order,interaction,0.35504,0.27838,0.44188,bootstrap_95_bias_shifted,57.74513,11.38626,8192,M2×UP16×TH16×UB16
2026,block_group,361090023002,peak_kw_home,first_order,placement:weighting,0.14359,0.07265,0.21417,bootstrap_95_bias_shifted,57.74513,11.38626,8192,M2×UP16×TH16×UB16
2026,block_group,361090023002,peak_kw_home,first_order,placement:sampling,0.2586,0.14836,0.37359,bootstrap_95_bias_shifted,57.74513,11.38626,8192,M2×UP16×TH16×UB16
2026,block_group,361090023002,peak_kw_home,first_order,placement:weighting_x_sampling,0.02451,0.00632,0.04907,bootstrap_95_bias_shifted,57.74513,11.38626,8192,M2×UP16×TH16×UB16
2026,block_group,361090023002,peak_kw_home,first_order,behaviour:parameters,0.21198,0.09497,0.31042,bootstrap_95_bias_shifted,57.74513,11.38626,8192,M2×UP16×TH16×UB16
2026,block_group,361090023002,peak_kw_home,first_order,behaviour:stochastic,0.00552,-0.0071,0.02931,bootstrap_95_bias_shifted,57.74513,11.38626,8192,M2×UP16×TH16×UB16
2026,block_group,361090023002,peak_kw_home,first_order,behaviour:parameters_x_stochastic,0.00076,-0.00613,0.01074,bootstrap_95_bias_shifted,57.74513,11.38626,8192,M2×UP16×TH16×UB16
2026,block_group,361090023003,peak_kw_home,first_order,stock,0.0,0.0,0.0,bootstrap_95_bias_shifted,54.42808,9.6814,8192,M2×UP16×TH16×UB16
2026,block_group,361090023003,peak_kw_home,total_effect,stock,0.0,0.0,0.0,bootstrap_95_bias_shifted,54.42808,9.6814,8192,M2×UP16×TH16×UB16
2026,block_group,361090023003,peak_kw_home,first_order,placement,0.33894,0.20162,0.4754,bootstrap_95_bias_shifted,54.42808,9.6814,8192,M2×UP16×TH16×UB16
2026,block_group,361090023003,peak_kw_home,total_effect,placement,0.75901,0.65175,0.87293,bootstrap_95_bias_shifted,54.42808,9.6814,8192,M2×UP16×TH16×UB16
2026,block_group,361090023003,peak_kw_home,first_order,behaviour,0.24099,0.12707,0.34825,bootstrap_95_bias_shifted,54.42808,9.6814,8192,M2×UP16×TH16×UB16
2026,block_group,361090023003,peak_kw_home,total_effect,behaviour,0.66106,0.5246,0.79838,bootstrap_95_bias_shifted,54.42808,9.6814,8192,M2×UP16×TH16×UB16
2026,block_group,361090023003,peak_kw_home,first_order,interaction,0.42007,0.33446,0.55485,bootstrap_95_bias_shifted,54.42808,9.6814,8192,M2×UP16×TH16×UB16
2026,block_group,361090023003,peak_kw_home,first_order,placement:weighting,0.05416,0.01755,0.10371,bootstrap_95_bias_shifted,54.42808,9.6814,8192,M2×UP16×TH16×UB16
2026,block_group,361090023003,peak_kw_home,first_order,placement:sampling,0.24768,0.10274,0.39649,bootstrap_95_bias_shifted,54.42808,9.6814,8192,M2×UP16×TH16×UB16
2026,block_group,361090023003,peak_kw_home,first_order,placement:weighting_x_sampling,0.0371,0.01189,0.06924,bootstrap_95_bias_shifted,54.42808,9.6814,8192,M2×UP16×TH16×UB16
2026,block_group,361090023003,peak_kw_home,first_order,behaviour:parameters,0.2302,0.11672,0.33938,bootstrap_95_bias_shifted,54.42808,9.6814,8192,M2×UP16×TH16×UB16
2026,block_group,361090023003,peak_kw_home,first_order,behaviour:stochastic,0.01085,-0.00805,0.04286,bootstrap_95_bias_shifted,54.42808,9.6814,8192,M2×UP16×TH16×UB16
2026,block_group,361090023003,peak_kw_home,first_order,behaviour:parameters_x_stochastic,-6e-05,-0.0081,0.0133,bootstrap_95_bias_shifted,54.42808,9.6814,8192,M2×UP16×TH16×UB16
2026,block_group,mean over 65 BGs,peak_kw_home,first_order,stock,0.0,0.0,0.0,bootstrap_95_bias_shifted,54.95274,11.49671,8192,M2×UP16×TH16×UB16
2026,block_group,mean over 65 BGs,peak_kw_home,total_effect,stock,0.0,0.0,0.0,bootstrap_95_bias_shifted,54.95274,11.49671,8192,M2×UP16×TH16×UB16
2026,block_group,mean over 65 BGs,peak_kw_home,first_order,placement,0.42515,0.37943,0.47528,bootstrap_95_bias_shifted,54.95274,11.49671,8192,M2×UP16×TH16×UB16
2026,block_group,mean over 65 BGs,peak_kw_home,total_effect,placement,0.7814,0.69923,0.87342,bootstrap_95_bias_shifted,54.95274,11.49671,8192,M2×UP16×TH16×UB16
2026,block_group,mean over 65 BGs,peak_kw_home,first_order,behaviour,0.2186,0.12658,0.30077,bootstrap_95_bias_shifted,54.95274,11.49671,8192,M2×UP16×TH16×UB16
2026,block_group,mean over 65 BGs,peak_kw_home,total_effect,behaviour,0.57485,0.52472,0.62057,bootstrap_95_bias_shifted,54.95274,11.49671,8192,M2×UP16×TH16×UB16
2026,block_group,mean over 65 BGs,peak_kw_home,first_order,interaction,0.35625,0.31744,0.40312,bootstrap_95_bias_shifted,54.95274,11.49671,8192,M2×UP16×TH16×UB16
2026,block_group,mean over 65 BGs,peak_kw_home,first_order,placement:weighting,0.16137,0.14526,0.18104,bootstrap_95_bias_shifted,54.95274,11.49671,8192,M2×UP16×TH16×UB16
2026,block_group,mean over 65 BGs,peak_kw_home,first_order,placement:sampling,0.22161,0.18989,0.25319,bootstrap_95_bias_shifted,54.95274,11.49671,8192,M2×UP16×TH16×UB16
2026,block_group,mean over 65 BGs,peak_kw_home,first_order,placement:weighting_x_sampling,0.04217,0.0356,0.04986,bootstrap_95_bias_shifted,54.95274,11.49671,8192,M2×UP16×TH16×UB16
2026,block_group,mean over 65 BGs,peak_kw_home,first_order,behaviour:parameters,0.21429,0.12077,0.29686,bootstrap_95_bias_shifted,54.95274,11.49671,8192,M2×UP16×TH16×UB16
2026,block_group,mean over 65 BGs,peak_kw_home,first_order,behaviour:stochastic,0.00289,-0.00198,0.01073,bootstrap_95_bias_shifted,54.95274,11.49671,8192,M2×UP16×TH16×UB16
2026,block_group,mean over 65 BGs,peak_kw_home,first_order,behaviour:parameters_x_stochastic,0.00142,-0.0035,0.00923,bootstrap_95_bias_shifted,54.95274,11.49671,8192,M2×UP16×TH16×UB16
2026,block_group,mean over 19 urban-core BGs,peak_kw_home,first_order,stock,0.0,0.0,0.0,bootstrap_95_bias_shifted,43.73047,11.46906,8192,M2×UP16×TH16×UB16
2026,block_group,mean over 19 urban-core BGs,peak_kw_home,total_effect,stock,0.0,0.0,0.0,bootstrap_95_bias_shifted,43.73047,11.46906,8192,M2×UP16×TH16×UB16
2026,block_group,mean over 19 urban-core BGs,peak_kw_home,first_order,placement,0.45795,0.41245,0.50679,bootstrap_95_bias_shifted,43.73047,11.46906,8192,M2×UP16×TH16×UB16
2026,block_group,mean over 19 urban-core BGs,peak_kw_home,total_effect,placement,0.79426,0.73015,0.87664,bootstrap_95_bias_shifted,43.73047,11.46906,8192,M2×UP16×TH16×UB16
2026,block_group,mean over 19 urban-core BGs,peak_kw_home,first_order,behaviour,0.20574,0.12336,0.26985,bootstrap_95_bias_shifted,43.73047,11.46906,8192,M2×UP16×TH16×UB16
2026,block_group,mean over 19 urban-core BGs,peak_kw_home,total_effect,behaviour,0.54205,0.49321,0.58755,bootstrap_95_bias_shifted,43.73047,11.46906,8192,M2×UP16×TH16×UB16
2026,block_group,mean over 19 urban-core BGs,peak_kw_home,first_order,interaction,0.33631,0.29882,0.38229,bootstrap_95_bias_shifted,43.73047,11.46906,8192,M2×UP16×TH16×UB16
2026,block_group,mean over 19 urban-core BGs,peak_kw_home,first_order,placement:weighting,0.21588,0.19224,0.24091,bootstrap_95_bias_shifted,43.73047,11.46906,8192,M2×UP16×TH16×UB16
2026,block_group,mean over 19 urban-core BGs,peak_kw_home,first_order,placement:sampling,0.20713,0.16223,0.24857,bootstrap_95_bias_shifted,43.73047,11.46906,8192,M2×UP16×TH16×UB16
2026,block_group,mean over 19 urban-core BGs,peak_kw_home,first_order,placement:weighting_x_sampling,0.03493,0.0279,0.04206,bootstrap_95_bias_shifted,43.73047,11.46906,8192,M2×UP16×TH16×UB16
2026,block_group,mean over 19 urban-core BGs,peak_kw_home,first_order,behaviour:parameters,0.20309,0.11827,0.26734,bootstrap_95_bias_shifted,43.73047,11.46906,8192,M2×UP16×TH16×UB16
2026,block_group,mean over 19 urban-core BGs,peak_kw_home,first_order,behaviour:stochastic,0.00156,-0.00398,0.01068,bootstrap_95_bias_shifted,43.73047,11.46906,8192,M2×UP16×TH16×UB16
2026,block_group,mean over 19 urban-core BGs,peak_kw_home,first_order,behaviour:parameters_x_stochastic,0.00109,-0.00345,0.00767,bootstrap_95_bias_shifted,43.73047,11.46906,8192,M2×UP16×TH16×UB16
2026,block_group,median over BGs,peak_kw_home,first_order,stock,0.0,,,none,48.72923,10.72064,8192,M2×UP16×TH16×UB16
2026,block_group,median over BGs,peak_kw_home,total_effect,stock,0.0,,,none,48.72923,10.72064,8192,M2×UP16×TH16×UB16
2026,block_group,median over BGs,peak_kw_home,first_order,placement,0.42741,,,none,48.72923,10.72064,8192,M2×UP16×TH16×UB16
2026,block_group,median over BGs,peak_kw_home,total_effect,placement,0.79319,,,none,48.72923,10.72064,8192,M2×UP16×TH16×UB16
2026,block_group,median over BGs,peak_kw_home,first_order,behaviour,0.20681,,,none,48.72923,10.72064,8192,M2×UP16×TH16×UB16
2026,block_group,median over BGs,peak_kw_home,total_effect,behaviour,0.57259,,,none,48.72923,10.72064,8192,M2×UP16×TH16×UB16
2026,block_group,median over BGs,peak_kw_home,first_order,interaction,0.37292,,,none,48.72923,10.72064,8192,M2×UP16×TH16×UB16
2026,block_group,median over BGs,peak_kw_home,first_order,placement:weighting,0.09452,,,none,48.72923,10.72064,8192,M2×UP16×TH16×UB16
2026,block_group,median over BGs,peak_kw_home,first_order,placement:sampling,0.20784,,,none,48.72923,10.72064,8192,M2×UP16×TH16×UB16
2026,block_group,median over BGs,peak_kw_home,first_order,placement:weighting_x_sampling,0.03883,,,none,48.72923,10.72064,8192,M2×UP16×TH16×UB16
2026,block_group,median over BGs,peak_kw_home,first_order,behaviour:parameters,0.20622,,,none,48.72923,10.72064,8192,M2×UP16×TH16×UB16
2026,block_group,median over BGs,peak_kw_home,first_order,behaviour:stochastic,0.00243,,,none,48.72923,10.72064,8192,M2×UP16×TH16×UB16
2026,block_group,median over BGs,peak_kw_home,first_order,behaviour:parameters_x_stochastic,0.00111,,,none,48.72923,10.72064,8192,M2×UP16×TH16×UB16
2026,block_group,p25 over BGs,peak_kw_home,first_order,stock,0.0,,,none,38.15792,8.94955,8192,M2×UP16×TH16×UB16
2026,block_group,p25 over BGs,peak_kw_home,total_effect,stock,0.0,,,none,38.15792,8.94955,8192,M2×UP16×TH16×UB16
2026,block_group,p25 over BGs,peak_kw_home,first_order,placement,0.30742,,,none,38.15792,8.94955,8192,M2×UP16×TH16×UB16
2026,block_group,p25 over BGs,peak_kw_home,total_effect,placement,0.72903,,,none,38.15792,8.94955,8192,M2×UP16×TH16×UB16
2026,block_group,p25 over BGs,peak_kw_home,first_order,behaviour,0.1739,,,none,38.15792,8.94955,8192,M2×UP16×TH16×UB16
2026,block_group,p25 over BGs,peak_kw_home,total_effect,behaviour,0.49634,,,none,38.15792,8.94955,8192,M2×UP16×TH16×UB16
2026,block_group,p25 over BGs,peak_kw_home,first_order,interaction,0.30967,,,none,38.15792,8.94955,8192,M2×UP16×TH16×UB16
2026,block_group,p25 over BGs,peak_kw_home,first_order,placement:weighting,0.02676,,,none,38.15792,8.94955,8192,M2×UP16×TH16×UB16
2026,block_group,p25 over BGs,peak_kw_home,first_order,placement:sampling,0.15902,,,none,38.15792,8.94955,8192,M2×UP16×TH16×UB16
2026,block_group,p25 over BGs,peak_kw_home,first_order,placement:weighting_x_sampling,0.02688,,,none,38.15792,8.94955,8192,M2×UP16×TH16×UB16
2026,block_group,p25 over BGs,peak_kw_home,first_order,behaviour:parameters,0.17177,,,none,38.15792,8.94955,8192,M2×UP16×TH16×UB16
2026,block_group,p25 over BGs,peak_kw_home,first_order,behaviour:stochastic,0.0003,,,none,38.15792,8.94955,8192,M2×UP16×TH16×UB16
2026,block_group,p25 over BGs,peak_kw_home,first_order,behaviour:parameters_x_stochastic,0.00069,,,none,38.15792,8.94955,8192,M2×UP16×TH16×UB16
2026,block_group,p75 over BGs,peak_kw_home,first_order,stock,0.0,,,none,73.56896,13.48264,8192,M2×UP16×TH16×UB16
2026,block_group,p75 over BGs,peak_kw_home,total_effect,stock,0.0,,,none,73.56896,13.48264,8192,M2×UP16×TH16×UB16
2026,block_group,p75 over BGs,peak_kw_home,first_order,placement,0.50366,,,none,73.56896,13.48264,8192,M2×UP16×TH16×UB16
2026,block_group,p75 over BGs,peak_kw_home,total_effect,placement,0.8261,,,none,73.56896,13.48264,8192,M2×UP16×TH16×UB16
2026,block_group,p75 over BGs,peak_kw_home,first_order,behaviour,0.27097,,,none,73.56896,13.48264,8192,M2×UP16×TH16×UB16
2026,block_group,p75 over BGs,peak_kw_home,total_effect,behaviour,0.69258,,,none,73.56896,13.48264,8192,M2×UP16×TH16×UB16
2026,block_group,p75 over BGs,peak_kw_home,first_order,interaction,0.42074,,,none,73.56896,13.48264,8192,M2×UP16×TH16×UB16
2026,block_group,p75 over BGs,peak_kw_home,first_order,placement:weighting,0.26523,,,none,73.56896,13.48264,8192,M2×UP16×TH16×UB16
2026,block_group,p75 over BGs,peak_kw_home,first_order,placement:sampling,0.2808,,,none,73.56896,13.48264,8192,M2×UP16×TH16×UB16
2026,block_group,p75 over BGs,peak_kw_home,first_order,placement:weighting_x_sampling,0.04734,,,none,73.56896,13.48264,8192,M2×UP16×TH16×UB16
2026,block_group,p75 over BGs,peak_kw_home,first_order,behaviour:parameters,0.26672,,,none,73.56896,13.48264,8192,M2×UP16×TH16×UB16
2026,block_group,p75 over BGs,peak_kw_home,first_order,behaviour:stochastic,0.00436,,,none,73.56896,13.48264,8192,M2×UP16×TH16×UB16
2026,block_group,p75 over BGs,peak_kw_home,first_order,behaviour:parameters_x_stochastic,0.00198,,,none,73.56896,13.48264,8192,M2×UP16×TH16×UB16
2035,block_group,361090001001,annual_mwh_home,first_order,stock,0.35449,0.27635,0.44452,bootstrap_95_bias_shifted,214.02778,92.90575,20000,S10×M2×UP10×TH10×UB10
2035,block_group,361090001001,annual_mwh_home,total_effect,stock,0.39629,0.32122,0.48045,bootstrap_95_bias_shifted,214.02778,92.90575,20000,S10×M2×UP10×TH10×UB10
2035,block_group,361090001001,annual_mwh_home,first_order,placement,0.25583,0.20154,0.31881,bootstrap_95_bias_shifted,214.02778,92.90575,20000,S10×M2×UP10×TH10×UB10
2035,block_group,361090001001,annual_mwh_home,total_effect,placement,0.32477,0.26904,0.38709,bootstrap_95_bias_shifted,214.02778,92.90575,20000,S10×M2×UP10×TH10×UB10
2035,block_group,361090001001,annual_mwh_home,first_order,behaviour,0.29974,0.17016,0.415,bootstrap_95_bias_shifted,214.02778,92.90575,20000,S10×M2×UP10×TH10×UB10
2035,block_group,361090001001,annual_mwh_home,total_effect,behaviour,0.37546,0.23285,0.5051,bootstrap_95_bias_shifted,214.02778,92.90575,20000,S10×M2×UP10×TH10×UB10
2035,block_group,361090001001,annual_mwh_home,first_order,interaction,0.08993,0.07037,0.10709,bootstrap_95_bias_shifted,214.02778,92.90575,20000,S10×M2×UP10×TH10×UB10
2035,block_group,361090001001,annual_mwh_home,first_order,placement:weighting,0.23164,0.17704,0.2916,bootstrap_95_bias_shifted,214.02778,92.90575,20000,S10×M2×UP10×TH10×UB10
2035,block_group,361090001001,annual_mwh_home,first_order,placement:sampling,0.02197,0.00583,0.04503,bootstrap_95_bias_shifted,214.02778,92.90575,20000,S10×M2×UP10×TH10×UB10
2035,block_group,361090001001,annual_mwh_home,first_order,placement:weighting_x_sampling,0.00223,0.00033,0.00462,bootstrap_95_bias_shifted,214.02778,92.90575,20000,S10×M2×UP10×TH10×UB10
2035,block_group,361090001001,annual_mwh_home,first_order,behaviour:parameters,0.2915,0.16223,0.40573,bootstrap_95_bias_shifted,214.02778,92.90575,20000,S10×M2×UP10×TH10×UB10
2035,block_group,361090001001,annual_mwh_home,first_order,behaviour:stochastic,0.00472,-0.00134,0.01773,bootstrap_95_bias_shifted,214.02778,92.90575,20000,S10×M2×UP10×TH10×UB10
2035,block_group,361090001001,annual_mwh_home,first_order,behaviour:parameters_x_stochastic,0.00352,0.00108,0.00628,bootstrap_95_bias_shifted,214.02778,92.90575,20000,S10×M2×UP10×TH10×UB10
2035,block_group,361090001002,annual_mwh_home,first_order,stock,0.34862,0.31392,0.37996,bootstrap_95_bias_shifted,195.04445,92.82747,20000,S10×M2×UP10×TH10×UB10
2035,block_group,361090001002,annual_mwh_home,total_effect,stock,0.39782,0.36342,0.42666,bootstrap_95_bias_shifted,195.04445,92.82747,20000,S10×M2×UP10×TH10×UB10
2035,block_group,361090001002,annual_mwh_home,first_order,placement,0.4296,0.38847,0.47593,bootstrap_95_bias_shifted,195.04445,92.82747,20000,S10×M2×UP10×TH10×UB10
2035,block_group,361090001002,annual_mwh_home,total_effect,placement,0.50624,0.46579,0.54891,bootstrap_95_bias_shifted,195.04445,92.82747,20000,S10×M2×UP10×TH10×UB10
2035,block_group,361090001002,annual_mwh_home,first_order,behaviour,0.13407,0.06589,0.1973,bootstrap_95_bias_shifted,195.04445,92.82747,20000,S10×M2×UP10×TH10×UB10
2035,block_group,361090001002,annual_mwh_home,total_effect,behaviour,0.1904,0.11106,0.26619,bootstrap_95_bias_shifted,195.04445,92.82747,20000,S10×M2×UP10×TH10×UB10
2035,block_group,361090001002,annual_mwh_home,first_order,interaction,0.08771,0.07689,0.09764,bootstrap_95_bias_shifted,195.04445,92.82747,20000,S10×M2×UP10×TH10×UB10
2035,block_group,361090001002,annual_mwh_home,first_order,placement:weighting,0.39556,0.33334,0.45452,bootstrap_95_bias_shifted,195.04445,92.82747,20000,S10×M2×UP10×TH10×UB10
2035,block_group,361090001002,annual_mwh_home,first_order,placement:sampling,0.03004,0.00447,0.07089,bootstrap_95_bias_shifted,195.04445,92.82747,20000,S10×M2×UP10×TH10×UB10
2035,block_group,361090001002,annual_mwh_home,first_order,placement:weighting_x_sampling,0.004,0.00144,0.00673,bootstrap_95_bias_shifted,195.04445,92.82747,20000,S10×M2×UP10×TH10×UB10
2035,block_group,361090001002,annual_mwh_home,first_order,behaviour:parameters,0.12592,0.05941,0.18998,bootstrap_95_bias_shifted,195.04445,92.82747,20000,S10×M2×UP10×TH10×UB10
2035,block_group,361090001002,annual_mwh_home,first_order,behaviour:stochastic,0.00585,0.00096,0.01281,bootstrap_95_bias_shifted,195.04445,92.82747,20000,S10×M2×UP10×TH10×UB10
2035,block_group,361090001002,annual_mwh_home,first_order,behaviour:parameters_x_stochastic,0.00229,0.00068,0.00448,bootstrap_95_bias_shifted,195.04445,92.82747,20000,S10×M2×UP10×TH10×UB10
2035,block_group,361090002011,annual_mwh_home,first_order,stock,0.5846,0.51627,0.67346,bootstrap_95_bias_shifted,200.16966,75.03199,20000,S10×M2×UP10×TH10×UB10
2035,block_group,361090002011,annual_mwh_home,total_effect,stock,0.63339,0.56467,0.71879,bootstrap_95_bias_shifted,200.16966,75.03199,20000,S10×M2×UP10×TH10×UB10
2035,block_group,361090002011,annual_mwh_home,first_order,placement,0.12235,0.0891,0.16756,bootstrap_95_bias_shifted,200.16966,75.03199,20000,S10×M2×UP10×TH10×UB10
2035,block_group,361090002011,annual_mwh_home,total_effect,placement,0.20398,0.16659,0.25489,bootstrap_95_bias_shifted,200.16966,75.03199,20000,S10×M2×UP10×TH10×UB10
2035,block_group,361090002011,annual_mwh_home,first_order,behaviour,0.19563,0.10741,0.27539,bootstrap_95_bias_shifted,200.16966,75.03199,20000,S10×M2×UP10×TH10×UB10
2035,block_group,361090002011,annual_mwh_home,total_effect,behaviour,0.26924,0.16968,0.35084,bootstrap_95_bias_shifted,200.16966,75.03199,20000,S10×M2×UP10×TH10×UB10
2035,block_group,361090002011,annual_mwh_home,first_order,interaction,0.09743,0.07996,0.11688,bootstrap_95_bias_shifted,200.16966,75.03199,20000,S10×M2×UP10×TH10×UB10
2035,block_group,361090002011,annual_mwh_home,first_order,placement:weighting,0.07603,0.06403,0.08873,bootstrap_95_bias_shifted,200.16966,75.03199,20000,S10×M2×UP10×TH10×UB10
2035,block_group,361090002011,annual_mwh_home,first_order,placement:sampling,0.04362,0.01033,0.08422,bootstrap_95_bias_shifted,200.16966,75.03199,20000,S10×M2×UP10×TH10×UB10
2035,block_group,361090002011,annual_mwh_home,first_order,placement:weighting_x_sampling,0.0027,0.00132,0.00415,bootstrap_95_bias_shifted,200.16966,75.03199,20000,S10×M2×UP10×TH10×UB10
2035,block_group,361090002011,annual_mwh_home,first_order,behaviour:parameters,0.18932,0.10504,0.27143,bootstrap_95_bias_shifted,200.16966,75.03199,20000,S10×M2×UP10×TH10×UB10
2035,block_group,361090002011,annual_mwh_home,first_order,behaviour:stochastic,0.00474,-0.00274,0.01665,bootstrap_95_bias_shifted,200.16966,75.03199,20000,S10×M2×UP10×TH10×UB10
2035,block_group,361090002011,annual_mwh_home,first_order,behaviour:parameters_x_stochastic,0.00157,-0.00047,0.00397,bootstrap_95_bias_shifted,200.16966,75.03199,20000,S10×M2×UP10×TH10×UB10
2035,block_group,361090002012,annual_mwh_home,first_order,stock,0.25238,0.17611,0.33413,bootstrap_95_bias_shifted,29.48355,16.83152,20000,S10×M2×UP10×TH10×UB10
2035,block_group,361090002012,annual_mwh_home,total_effect,stock,0.34198,0.24796,0.43243,bootstrap_95_bias_shifted,29.48355,16.83152,20000,S10×M2×UP10×TH10×UB10
2035,block_group,361090002012,annual_mwh_home,first_order,placement,0.35301,0.21112,0.53305,bootstrap_95_bias_shifted,29.48355,16.83152,20000,S10×M2×UP10×TH10×UB10
2035,block_group,361090002012,annual_mwh_home,total_effect,placement,0.57687,0.46198,0.71412,bootstrap_95_bias_shifted,29.48355,16.83152,20000,S10×M2×UP10×TH10×UB10
2035,block_group,361090002012,annual_mwh_home,first_order,behaviour,0.15547,0.05912,0.28627,bootstrap_95_bias_shifted,29.48355,16.83152,20000,S10×M2×UP10×TH10×UB10
2035,block_group,361090002012,annual_mwh_home,total_effect,behaviour,0.35456,0.22622,0.50077,bootstrap_95_bias_shifted,29.48355,16.83152,20000,S10×M2×UP10×TH10×UB10
2035,block_group,361090002012,annual_mwh_home,first_order,interaction,0.23914,0.18503,0.29186,bootstrap_95_bias_shifted,29.48355,16.83152,20000,S10×M2×UP10×TH10×UB10
2035,block_group,361090002012,annual_mwh_home,first_order,placement:weighting,0.05848,0.02654,0.09065,bootstrap_95_bias_shifted,29.48355,16.83152,20000,S10×M2×UP10×TH10×UB10
2035,block_group,361090002012,annual_mwh_home,first_order,placement:sampling,0.28842,0.13101,0.49183,bootstrap_95_bias_shifted,29.48355,16.83152,20000,S10×M2×UP10×TH10×UB10
2035,block_group,361090002012,annual_mwh_home,first_order,placement:weighting_x_sampling,0.00611,0.0022,0.01228,bootstrap_95_bias_shifted,29.48355,16.83152,20000,S10×M2×UP10×TH10×UB10
2035,block_group,361090002012,annual_mwh_home,first_order,behaviour:parameters,0.14783,0.05986,0.26338,bootstrap_95_bias_shifted,29.48355,16.83152,20000,S10×M2×UP10×TH10×UB10
2035,block_group,361090002012,annual_mwh_home,first_order,behaviour:stochastic,0.00232,-0.0106,0.0263,bootstrap_95_bias_shifted,29.48355,16.83152,20000,S10×M2×UP10×TH10×UB10
2035,block_group,361090002012,annual_mwh_home,first_order,behaviour:parameters_x_stochastic,0.00532,-0.0023,0.01838,bootstrap_95_bias_shifted,29.48355,16.83152,20000,S10×M2×UP10×TH10×UB10
2035,block_group,361090002021,annual_mwh_home,first_order,stock,0.67261,0.59186,0.75051,bootstrap_95_bias_shifted,301.42615,106.25438,20000,S10×M2×UP10×TH10×UB10
2035,block_group,361090002021,annual_mwh_home,total_effect,stock,0.70418,0.63069,0.7803,bootstrap_95_bias_shifted,301.42615,106.25438,20000,S10×M2×UP10×TH10×UB10
2035,block_group,361090002021,annual_mwh_home,first_order,placement,0.08192,0.05716,0.1042,bootstrap_95_bias_shifted,301.42615,106.25438,20000,S10×M2×UP10×TH10×UB10
2035,block_group,361090002021,annual_mwh_home,total_effect,placement,0.12626,0.09525,0.1518,bootstrap_95_bias_shifted,301.42615,106.25438,20000,S10×M2×UP10×TH10×UB10
2035,block_group,361090002021,annual_mwh_home,first_order,behaviour,0.18644,0.10572,0.26386,bootstrap_95_bias_shifted,301.42615,106.25438,20000,S10×M2×UP10×TH10×UB10
2035,block_group,361090002021,annual_mwh_home,total_effect,behaviour,0.23497,0.14869,0.31868,bootstrap_95_bias_shifted,301.42615,106.25438,20000,S10×M2×UP10×TH10×UB10
2035,block_group,361090002021,annual_mwh_home,first_order,interaction,0.05903,0.04816,0.07024,bootstrap_95_bias_shifted,301.42615,106.25438,20000,S10×M2×UP10×TH10×UB10
2035,block_group,361090002021,annual_mwh_home,first_order,placement:weighting,0.0547,0.0364,0.07577,bootstrap_95_bias_shifted,301.42615,106.25438,20000,S10×M2×UP10×TH10×UB10
2035,block_group,361090002021,annual_mwh_home,first_order,placement:sampling,0.02482,0.00912,0.04381,bootstrap_95_bias_shifted,301.42615,106.25438,20000,S10×M2×UP10×TH10×UB10
2035,block_group,361090002021,annual_mwh_home,first_order,placement:weighting_x_sampling,0.0024,0.00086,0.00431,bootstrap_95_bias_shifted,301.42615,106.25438,20000,S10×M2×UP10×TH10×UB10
2035,block_group,361090002021,annual_mwh_home,first_order,behaviour:parameters,0.18327,0.09954,0.25857,bootstrap_95_bias_shifted,301.42615,106.25438,20000,S10×M2×UP10×TH10×UB10
2035,block_group,361090002021,annual_mwh_home,first_order,behaviour:stochastic,0.00113,-0.00255,0.00631,bootstrap_95_bias_shifted,301.42615,106.25438,20000,S10×M2×UP10×TH10×UB10
2035,block_group,361090002021,annual_mwh_home,first_order,behaviour:parameters_x_stochastic,0.00204,0.0007,0.00413,bootstrap_95_bias_shifted,301.42615,106.25438,20000,S10×M2×UP10×TH10×UB10
2035,block_group,361090002022,annual_mwh_home,first_order,stock,0.56694,0.46564,0.67312,bootstrap_95_bias_shifted,172.09363,63.80342,20000,S10×M2×UP10×TH10×UB10
2035,block_group,361090002022,annual_mwh_home,total_effect,stock,0.61026,0.50926,0.71421,bootstrap_95_bias_shifted,172.09363,63.80342,20000,S10×M2×UP10×TH10×UB10
2035,block_group,361090002022,annual_mwh_home,first_order,placement,0.09625,0.05584,0.14228,bootstrap_95_bias_shifted,172.09363,63.80342,20000,S10×M2×UP10×TH10×UB10
2035,block_group,361090002022,annual_mwh_home,total_effect,placement,0.16358,0.11006,0.21559,bootstrap_95_bias_shifted,172.09363,63.80342,20000,S10×M2×UP10×TH10×UB10
2035,block_group,361090002022,annual_mwh_home,first_order,behaviour,0.25003,0.13385,0.36716,bootstrap_95_bias_shifted,172.09363,63.80342,20000,S10×M2×UP10×TH10×UB10
2035,block_group,361090002022,annual_mwh_home,total_effect,behaviour,0.32207,0.20496,0.43742,bootstrap_95_bias_shifted,172.09363,63.80342,20000,S10×M2×UP10×TH10×UB10
2035,block_group,361090002022,annual_mwh_home,first_order,interaction,0.08678,0.07536,0.0976,bootstrap_95_bias_shifted,172.09363,63.80342,20000,S10×M2×UP10×TH10×UB10
2035,block_group,361090002022,annual_mwh_home,first_order,placement:weighting,0.0372,0.02492,0.05574,bootstrap_95_bias_shifted,172.09363,63.80342,20000,S10×M2×UP10×TH10×UB10
2035,block_group,361090002022,annual_mwh_home,first_order,placement:sampling,0.05508,0.01738,0.10725,bootstrap_95_bias_shifted,172.09363,63.80342,20000,S10×M2×UP10×TH10×UB10
2035,block_group,361090002022,annual_mwh_home,first_order,placement:weighting_x_sampling,0.00398,0.00102,0.00749,bootstrap_95_bias_shifted,172.09363,63.80342,20000,S10×M2×UP10×TH10×UB10
2035,block_group,361090002022,annual_mwh_home,first_order,behaviour:parameters,0.24217,0.12244,0.35812,bootstrap_95_bias_shifted,172.09363,63.80342,20000,S10×M2×UP10×TH10×UB10
2035,block_group,361090002022,annual_mwh_home,first_order,behaviour:stochastic,0.00193,-0.00335,0.00957,bootstrap_95_bias_shifted,172.09363,63.80342,20000,S10×M2×UP10×TH10×UB10
2035,block_group,361090002022,annual_mwh_home,first_order,behaviour:parameters_x_stochastic,0.00593,0.00176,0.01178,bootstrap_95_bias_shifted,172.09363,63.80342,20000,S10×M2×UP10×TH10×UB10
2035,block_group,361090003001,annual_mwh_home,first_order,stock,0.71728,0.64155,0.78217,bootstrap_95_bias_shifted,140.88954,46.22695,20000,S10×M2×UP10×TH10×UB10
2035,block_group,361090003001,annual_mwh_home,total_effect,stock,0.7525,0.6769,0.81401,bootstrap_95_bias_shifted,140.88954,46.22695,20000,S10×M2×UP10×TH10×UB10
2035,block_group,361090003001,annual_mwh_home,first_order,placement,0.09589,0.04275,0.17723,bootstrap_95_bias_shifted,140.88954,46.22695,20000,S10×M2×UP10×TH10×UB10
2035,block_group,361090003001,annual_mwh_home,total_effect,placement,0.16962,0.11328,0.2496,bootstrap_95_bias_shifted,140.88954,46.22695,20000,S10×M2×UP10×TH10×UB10
2035,block_group,361090003001,annual_mwh_home,first_order,behaviour,0.10547,0.05793,0.15597,bootstrap_95_bias_shifted,140.88954,46.22695,20000,S10×M2×UP10×TH10×UB10
2035,block_group,361090003001,annual_mwh_home,total_effect,behaviour,0.16807,0.11914,0.22025,bootstrap_95_bias_shifted,140.88954,46.22695,20000,S10×M2×UP10×TH10×UB10
2035,block_group,361090003001,annual_mwh_home,first_order,interaction,0.08136,0.06931,0.09247,bootstrap_95_bias_shifted,140.88954,46.22695,20000,S10×M2×UP10×TH10×UB10
2035,block_group,361090003001,annual_mwh_home,first_order,placement:weighting,0.00939,-0.00032,0.02634,bootstrap_95_bias_shifted,140.88954,46.22695,20000,S10×M2×UP10×TH10×UB10
2035,block_group,361090003001,annual_mwh_home,first_order,placement:sampling,0.07815,0.0221,0.15864,bootstrap_95_bias_shifted,140.88954,46.22695,20000,S10×M2×UP10×TH10×UB10
2035,block_group,361090003001,annual_mwh_home,first_order,placement:weighting_x_sampling,0.00834,0.00355,0.01537,bootstrap_95_bias_shifted,140.88954,46.22695,20000,S10×M2×UP10×TH10×UB10
2035,block_group,361090003001,annual_mwh_home,first_order,behaviour:parameters,0.09483,0.04309,0.1449,bootstrap_95_bias_shifted,140.88954,46.22695,20000,S10×M2×UP10×TH10×UB10
2035,block_group,361090003001,annual_mwh_home,first_order,behaviour:stochastic,0.0043,-0.00285,0.01511,bootstrap_95_bias_shifted,140.88954,46.22695,20000,S10×M2×UP10×TH10×UB10
2035,block_group,361090003001,annual_mwh_home,first_order,behaviour:parameters_x_stochastic,0.00634,0.00217,0.01149,bootstrap_95_bias_shifted,140.88954,46.22695,20000,S10×M2×UP10×TH10×UB10
2035,block_group,361090004001,annual_mwh_home,first_order,stock,0.36948,0.33455,0.40242,bootstrap_95_bias_shifted,249.28033,102.06496,20000,S10×M2×UP10×TH10×UB10
2035,block_group,361090004001,annual_mwh_home,total_effect,stock,0.40472,0.37281,0.44197,bootstrap_95_bias_shifted,249.28033,102.06496,20000,S10×M2×UP10×TH10×UB10
2035,block_group,361090004001,annual_mwh_home,first_order,placement,0.44537,0.3919,0.49593,bootstrap_95_bias_shifted,249.28033,102.06496,20000,S10×M2×UP10×TH10×UB10
2035,block_group,361090004001,annual_mwh_home,total_effect,placement,0.50522,0.45868,0.55322,bootstrap_95_bias_shifted,249.28033,102.06496,20000,S10×M2×UP10×TH10×UB10
2035,block_group,361090004001,annual_mwh_home,first_order,behaviour,0.11832,0.06139,0.17562,bootstrap_95_bias_shifted,249.28033,102.06496,20000,S10×M2×UP10×TH10×UB10
2035,block_group,361090004001,annual_mwh_home,total_effect,behaviour,0.16114,0.09626,0.2278,bootstrap_95_bias_shifted,249.28033,102.06496,20000,S10×M2×UP10×TH10×UB10
2035,block_group,361090004001,annual_mwh_home,first_order,interaction,0.06683,0.0547,0.07852,bootstrap_95_bias_shifted,249.28033,102.06496,20000,S10×M2×UP10×TH10×UB10
2035,block_group,361090004001,annual_mwh_home,first_order,placement:weighting,0.42529,0.37215,0.47329,bootstrap_95_bias_shifted,249.28033,102.06496,20000,S10×M2×UP10×TH10×UB10
2035,block_group,361090004001,annual_mwh_home,first_order,placement:sampling,0.01877,0.00649,0.03531,bootstrap_95_bias_shifted,249.28033,102.06496,20000,S10×M2×UP10×TH10×UB10
2035,block_group,361090004001,annual_mwh_home,first_order,placement:weighting_x_sampling,0.00131,0.00025,0.00311,bootstrap_95_bias_shifted,249.28033,102.06496,20000,S10×M2×UP10×TH10×UB10
2035,block_group,361090004001,annual_mwh_home,first_order,behaviour:parameters,0.11076,0.05693,0.16649,bootstrap_95_bias_shifted,249.28033,102.06496,20000,S10×M2×UP10×TH10×UB10
2035,block_group,361090004001,annual_mwh_home,first_order,behaviour:stochastic,0.00482,0.00066,0.01013,bootstrap_95_bias_shifted,249.28033,102.06496,20000,S10×M2×UP10×TH10×UB10
2035,block_group,361090004001,annual_mwh_home,first_order,behaviour:parameters_x_stochastic,0.00275,0.00105,0.00466,bootstrap_95_bias_shifted,249.28033,102.06496,20000,S10×M2×UP10×TH10×UB10
2035,block_group,361090005001,annual_mwh_home,first_order,stock,0.80163,0.74806,0.86219,bootstrap_95_bias_shifted,535.51283,155.9988,20000,S10×M2×UP10×TH10×UB10
2035,block_group,361090005001,annual_mwh_home,total_effect,stock,0.8219,0.77116,0.87923,bootstrap_95_bias_shifted,535.51283,155.9988,20000,S10×M2×UP10×TH10×UB10
2035,block_group,361090005001,annual_mwh_home,first_order,placement,0.03974,0.02193,0.06191,bootstrap_95_bias_shifted,535.51283,155.9988,20000,S10×M2×UP10×TH10×UB10
2035,block_group,361090005001,annual_mwh_home,total_effect,placement,0.06512,0.04646,0.08819,bootstrap_95_bias_shifted,535.51283,155.9988,20000,S10×M2×UP10×TH10×UB10
2035,block_group,361090005001,annual_mwh_home,first_order,behaviour,0.12432,0.06475,0.1778,bootstrap_95_bias_shifted,535.51283,155.9988,20000,S10×M2×UP10×TH10×UB10
2035,block_group,361090005001,annual_mwh_home,total_effect,behaviour,0.15021,0.08999,0.20862,bootstrap_95_bias_shifted,535.51283,155.9988,20000,S10×M2×UP10×TH10×UB10
2035,block_group,361090005001,annual_mwh_home,first_order,interaction,0.03431,0.02918,0.04008,bootstrap_95_bias_shifted,535.51283,155.9988,20000,S10×M2×UP10×TH10×UB10
2035,block_group,361090005001,annual_mwh_home,first_order,placement:weighting,0.01106,0.00485,0.0203,bootstrap_95_bias_shifted,535.51283,155.9988,20000,S10×M2×UP10×TH10×UB10
2035,block_group,361090005001,annual_mwh_home,first_order,placement:sampling,0.02681,0.01091,0.04413,bootstrap_95_bias_shifted,535.51283,155.9988,20000,S10×M2×UP10×TH10×UB10
2035,block_group,361090005001,annual_mwh_home,first_order,placement:weighting_x_sampling,0.00187,0.00092,0.00337,bootstrap_95_bias_shifted,535.51283,155.9988,20000,S10×M2×UP10×TH10×UB10
2035,block_group,361090005001,annual_mwh_home,first_order,behaviour:parameters,0.1184,0.05984,0.17444,bootstrap_95_bias_shifted,535.51283,155.9988,20000,S10×M2×UP10×TH10×UB10
2035,block_group,361090005001,annual_mwh_home,first_order,behaviour:stochastic,0.00318,0.00013,0.00778,bootstrap_95_bias_shifted,535.51283,155.9988,20000,S10×M2×UP10×TH10×UB10
2035,block_group,361090005001,annual_mwh_home,first_order,behaviour:parameters_x_stochastic,0.00274,0.00095,0.00507,bootstrap_95_bias_shifted,535.51283,155.9988,20000,S10×M2×UP10×TH10×UB10
2035,block_group,361090005002,annual_mwh_home,first_order,stock,0.70248,0.64311,0.76232,bootstrap_95_bias_shifted,367.41235,108.66951,20000,S10×M2×UP10×TH10×UB10
2035,block_group,361090005002,annual_mwh_home,total_effect,stock,0.72687,0.67001,0.78368,bootstrap_95_bias_shifted,367.41235,108.66951,20000,S10×M2×UP10×TH10×UB10
2035,block_group,361090005002,annual_mwh_home,first_order,placement,0.09263,0.06496,0.12205,bootstrap_95_bias_shifted,367.41235,108.66951,20000,S10×M2×UP10×TH10×UB10
2035,block_group,361090005002,annual_mwh_home,total_effect,placement,0.13212,0.09993,0.1638,bootstrap_95_bias_shifted,367.41235,108.66951,20000,S10×M2×UP10×TH10×UB10
2035,block_group,361090005002,annual_mwh_home,first_order,behaviour,0.15522,0.08445,0.22889,bootstrap_95_bias_shifted,367.41235,108.66951,20000,S10×M2×UP10×TH10×UB10
2035,block_group,361090005002,annual_mwh_home,total_effect,behaviour,0.1952,0.12269,0.26972,bootstrap_95_bias_shifted,367.41235,108.66951,20000,S10×M2×UP10×TH10×UB10
2035,block_group,361090005002,annual_mwh_home,first_order,interaction,0.04968,0.04246,0.05642,bootstrap_95_bias_shifted,367.41235,108.66951,20000,S10×M2×UP10×TH10×UB10
2035,block_group,361090005002,annual_mwh_home,first_order,placement:weighting,0.05259,0.03431,0.07521,bootstrap_95_bias_shifted,367.41235,108.66951,20000,S10×M2×UP10×TH10×UB10
2035,block_group,361090005002,annual_mwh_home,first_order,placement:sampling,0.03878,0.01373,0.0656,bootstrap_95_bias_shifted,367.41235,108.66951,20000,S10×M2×UP10×TH10×UB10
2035,block_group,361090005002,annual_mwh_home,first_order,placement:weighting_x_sampling,0.00125,6e-05,0.00273,bootstrap_95_bias_shifted,367.41235,108.66951,20000,S10×M2×UP10×TH10×UB10
2035,block_group,361090005002,annual_mwh_home,first_order,behaviour:parameters,0.15011,0.07809,0.22547,bootstrap_95_bias_shifted,367.41235,108.66951,20000,S10×M2×UP10×TH10×UB10
2035,block_group,361090005002,annual_mwh_home,first_order,behaviour:stochastic,0.0003,-0.00235,0.00449,bootstrap_95_bias_shifted,367.41235,108.66951,20000,S10×M2×UP10×TH10×UB10
2035,block_group,361090005002,annual_mwh_home,first_order,behaviour:parameters_x_stochastic,0.00481,0.00223,0.00753,bootstrap_95_bias_shifted,367.41235,108.66951,20000,S10×M2×UP10×TH10×UB10
2035,block_group,361090005003,annual_mwh_home,first_order,stock,0.79445,0.73256,0.8585,bootstrap_95_bias_shifted,668.46485,196.26953,20000,S10×M2×UP10×TH10×UB10
2035,block_group,361090005003,annual_mwh_home,total_effect,stock,0.81406,0.75521,0.87327,bootstrap_95_bias_shifted,668.46485,196.26953,20000,S10×M2×UP10×TH10×UB10
2035,block_group,361090005003,annual_mwh_home,first_order,placement,0.04159,0.02786,0.05588,bootstrap_95_bias_shifted,668.46485,196.26953,20000,S10×M2×UP10×TH10×UB10
2035,block_group,361090005003,annual_mwh_home,total_effect,placement,0.06454,0.0503,0.07825,bootstrap_95_bias_shifted,668.46485,196.26953,20000,S10×M2×UP10×TH10×UB10
2035,block_group,361090005003,annual_mwh_home,first_order,behaviour,0.1319,0.0723,0.18909,bootstrap_95_bias_shifted,668.46485,196.26953,20000,S10×M2×UP10×TH10×UB10
2035,block_group,361090005003,annual_mwh_home,total_effect,behaviour,0.15591,0.09376,0.21736,bootstrap_95_bias_shifted,668.46485,196.26953,20000,S10×M2×UP10×TH10×UB10
2035,block_group,361090005003,annual_mwh_home,first_order,interaction,0.03206,0.02598,0.03728,bootstrap_95_bias_shifted,668.46485,196.26953,20000,S10×M2×UP10×TH10×UB10
2035,block_group,361090005003,annual_mwh_home,first_order,placement:weighting,0.02834,0.01805,0.04208,bootstrap_95_bias_shifted,668.46485,196.26953,20000,S10×M2×UP10×TH10×UB10
2035,block_group,361090005003,annual_mwh_home,first_order,placement:sampling,0.01151,0.0042,0.0193,bootstrap_95_bias_shifted,668.46485,196.26953,20000,S10×M2×UP10×TH10×UB10
2035,block_group,361090005003,annual_mwh_home,first_order,placement:weighting_x_sampling,0.00175,0.00073,0.00299,bootstrap_95_bias_shifted,668.46485,196.26953,20000,S10×M2×UP10×TH10×UB10
2035,block_group,361090005003,annual_mwh_home,first_order,behaviour:parameters,0.12662,0.06857,0.18498,bootstrap_95_bias_shifted,668.46485,196.26953,20000,S10×M2×UP10×TH10×UB10
2035,block_group,361090005003,annual_mwh_home,first_order,behaviour:stochastic,0.00233,-0.00016,0.00537,bootstrap_95_bias_shifted,668.46485,196.26953,20000,S10×M2×UP10×TH10×UB10
2035,block_group,361090005003,annual_mwh_home,first_order,behaviour:parameters_x_stochastic,0.00294,0.00148,0.00466,bootstrap_95_bias_shifted,668.46485,196.26953,20000,S10×M2×UP10×TH10×UB10
2035,block_group,361090006001,annual_mwh_home,first_order,stock,0.72092,0.6345,0.7968,bootstrap_95_bias_shifted,383.13499,117.93416,20000,S10×M2×UP10×TH10×UB10
2035,block_group,361090006001,annual_mwh_home,total_effect,stock,0.74892,0.66894,0.82196,bootstrap_95_bias_shifted,383.13499,117.93416,20000,S10×M2×UP10×TH10×UB10
2035,block_group,361090006001,annual_mwh_home,first_order,placement,0.03083,0.01407,0.05312,bootstrap_95_bias_shifted,383.13499,117.93416,20000,S10×M2×UP10×TH10×UB10
2035,block_group,361090006001,annual_mwh_home,total_effect,placement,0.06664,0.04581,0.09075,bootstrap_95_bias_shifted,383.13499,117.93416,20000,S10×M2×UP10×TH10×UB10
2035,block_group,361090006001,annual_mwh_home,first_order,behaviour,0.19835,0.12408,0.28209,bootstrap_95_bias_shifted,383.13499,117.93416,20000,S10×M2×UP10×TH10×UB10
2035,block_group,361090006001,annual_mwh_home,total_effect,behaviour,0.23889,0.16346,0.32629,bootstrap_95_bias_shifted,383.13499,117.93416,20000,S10×M2×UP10×TH10×UB10
2035,block_group,361090006001,annual_mwh_home,first_order,interaction,0.04991,0.04234,0.0577,bootstrap_95_bias_shifted,383.13499,117.93416,20000,S10×M2×UP10×TH10×UB10
2035,block_group,361090006001,annual_mwh_home,first_order,placement:weighting,0.00566,0.00147,0.0103,bootstrap_95_bias_shifted,383.13499,117.93416,20000,S10×M2×UP10×TH10×UB10
2035,block_group,361090006001,annual_mwh_home,first_order,placement:sampling,0.02372,0.00768,0.04621,bootstrap_95_bias_shifted,383.13499,117.93416,20000,S10×M2×UP10×TH10×UB10
2035,block_group,361090006001,annual_mwh_home,first_order,placement:weighting_x_sampling,0.00145,0.00053,0.00257,bootstrap_95_bias_shifted,383.13499,117.93416,20000,S10×M2×UP10×TH10×UB10
2035,block_group,361090006001,annual_mwh_home,first_order,behaviour:parameters,0.18092,0.10634,0.26465,bootstrap_95_bias_shifted,383.13499,117.93416,20000,S10×M2×UP10×TH10×UB10
2035,block_group,361090006001,annual_mwh_home,first_order,behaviour:stochastic,0.0145,0.00213,0.03096,bootstrap_95_bias_shifted,383.13499,117.93416,20000,S10×M2×UP10×TH10×UB10
2035,block_group,361090006001,annual_mwh_home,first_order,behaviour:parameters_x_stochastic,0.00294,0.00119,0.00552,bootstrap_95_bias_shifted,383.13499,117.93416,20000,S10×M2×UP10×TH10×UB10
2035,block_group,361090006002,annual_mwh_home,first_order,stock,0.74642,0.70279,0.79172,bootstrap_95_bias_shifted,526.09409,149.65339,20000,S10×M2×UP10×TH10×UB10
2035,block_group,361090006002,annual_mwh_home,total_effect,stock,0.76684,0.7241,0.80928,bootstrap_95_bias_shifted,526.09409,149.65339,20000,S10×M2×UP10×TH10×UB10
2035,block_group,361090006002,annual_mwh_home,first_order,placement,0.11478,0.08542,0.13872,bootstrap_95_bias_shifted,526.09409,149.65339,20000,S10×M2×UP10×TH10×UB10
2035,block_group,361090006002,annual_mwh_home,total_effect,placement,0.14189,0.11265,0.16605,bootstrap_95_bias_shifted,526.09409,149.65339,20000,S10×M2×UP10×TH10×UB10
2035,block_group,361090006002,annual_mwh_home,first_order,behaviour,0.10508,0.0612,0.15183,bootstrap_95_bias_shifted,526.09409,149.65339,20000,S10×M2×UP10×TH10×UB10
2035,block_group,361090006002,annual_mwh_home,total_effect,behaviour,0.1276,0.08148,0.17702,bootstrap_95_bias_shifted,526.09409,149.65339,20000,S10×M2×UP10×TH10×UB10
2035,block_group,361090006002,annual_mwh_home,first_order,interaction,0.03373,0.02947,0.03778,bootstrap_95_bias_shifted,526.09409,149.65339,20000,S10×M2×UP10×TH10×UB10
2035,block_group,361090006002,annual_mwh_home,first_order,placement:weighting,0.0844,0.06878,0.10004,bootstrap_95_bias_shifted,526.09409,149.65339,20000,S10×M2×UP10×TH10×UB10
2035,block_group,361090006002,annual_mwh_home,first_order,placement:sampling,0.02904,0.00574,0.05643,bootstrap_95_bias_shifted,526.09409,149.65339,20000,S10×M2×UP10×TH10×UB10
2035,block_group,361090006002,annual_mwh_home,first_order,placement:weighting_x_sampling,0.00133,0.00031,0.00291,bootstrap_95_bias_shifted,526.09409,149.65339,20000,S10×M2×UP10×TH10×UB10
2035,block_group,361090006002,annual_mwh_home,first_order,behaviour:parameters,0.09667,0.05252,0.1416,bootstrap_95_bias_shifted,526.09409,149.65339,20000,S10×M2×UP10×TH10×UB10
2035,block_group,361090006002,annual_mwh_home,first_order,behaviour:stochastic,0.00594,0.00162,0.01224,bootstrap_95_bias_shifted,526.09409,149.65339,20000,S10×M2×UP10×TH10×UB10
2035,block_group,361090006002,annual_mwh_home,first_order,behaviour:parameters_x_stochastic,0.00247,0.00122,0.00468,bootstrap_95_bias_shifted,526.09409,149.65339,20000,S10×M2×UP10×TH10×UB10
2035,block_group,361090006003,annual_mwh_home,first_order,stock,0.37807,0.33358,0.44611,bootstrap_95_bias_shifted,46.28551,22.62298,20000,S10×M2×UP10×TH10×UB10
2035,block_group,361090006003,annual_mwh_home,total_effect,stock,0.44482,0.39442,0.51507,bootstrap_95_bias_shifted,46.28551,22.62298,20000,S10×M2×UP10×TH10×UB10
2035,block_group,361090006003,annual_mwh_home,first_order,placement,0.34796,0.27281,0.42075,bootstrap_95_bias_shifted,46.28551,22.62298,20000,S10×M2×UP10×TH10×UB10
2035,block_group,361090006003,annual_mwh_home,total_effect,placement,0.50317,0.43455,0.56593,bootstrap_95_bias_shifted,46.28551,22.62298,20000,S10×M2×UP10×TH10×UB10
2035,block_group,361090006003,annual_mwh_home,first_order,behaviour,0.10878,0.06027,0.16868,bootstrap_95_bias_shifted,46.28551,22.62298,20000,S10×M2×UP10×TH10×UB10
2035,block_group,361090006003,annual_mwh_home,total_effect,behaviour,0.23908,0.17365,0.30647,bootstrap_95_bias_shifted,46.28551,22.62298,20000,S10×M2×UP10×TH10×UB10
2035,block_group,361090006003,annual_mwh_home,first_order,interaction,0.16519,0.13712,0.19883,bootstrap_95_bias_shifted,46.28551,22.62298,20000,S10×M2×UP10×TH10×UB10
2035,block_group,361090006003,annual_mwh_home,first_order,placement:weighting,0.20238,0.15502,0.24998,bootstrap_95_bias_shifted,46.28551,22.62298,20000,S10×M2×UP10×TH10×UB10
2035,block_group,361090006003,annual_mwh_home,first_order,placement:sampling,0.13984,0.05675,0.20948,bootstrap_95_bias_shifted,46.28551,22.62298,20000,S10×M2×UP10×TH10×UB10
2035,block_group,361090006003,annual_mwh_home,first_order,placement:weighting_x_sampling,0.00573,0.00224,0.01061,bootstrap_95_bias_shifted,46.28551,22.62298,20000,S10×M2×UP10×TH10×UB10
2035,block_group,361090006003,annual_mwh_home,first_order,behaviour:parameters,0.07469,0.03529,0.12016,bootstrap_95_bias_shifted,46.28551,22.62298,20000,S10×M2×UP10×TH10×UB10
2035,block_group,361090006003,annual_mwh_home,first_order,behaviour:stochastic,0.02988,0.00265,0.07082,bootstrap_95_bias_shifted,46.28551,22.62298,20000,S10×M2×UP10×TH10×UB10
2035,block_group,361090006003,annual_mwh_home,first_order,behaviour:parameters_x_stochastic,0.00421,-0.00048,0.0099,bootstrap_95_bias_shifted,46.28551,22.62298,20000,S10×M2×UP10×TH10×UB10
2035,block_group,361090006004,annual_mwh_home,first_order,stock,0.83642,0.78025,0.89532,bootstrap_95_bias_shifted,737.29516,205.11169,20000,S10×M2×UP10×TH10×UB10
2035,block_group,361090006004,annual_mwh_home,total_effect,stock,0.85175,0.79737,0.90844,bootstrap_95_bias_shifted,737.29516,205.11169,20000,S10×M2×UP10×TH10×UB10
2035,block_group,361090006004,annual_mwh_home,first_order,placement,0.04248,0.02191,0.06751,bootstrap_95_bias_shifted,737.29516,205.11169,20000,S10×M2×UP10×TH10×UB10
2035,block_group,361090006004,annual_mwh_home,total_effect,placement,0.05926,0.03795,0.08517,bootstrap_95_bias_shifted,737.29516,205.11169,20000,S10×M2×UP10×TH10×UB10
2035,block_group,361090006004,annual_mwh_home,first_order,behaviour,0.09769,0.05179,0.14155,bootstrap_95_bias_shifted,737.29516,205.11169,20000,S10×M2×UP10×TH10×UB10
2035,block_group,361090006004,annual_mwh_home,total_effect,behaviour,0.11435,0.06405,0.1603,bootstrap_95_bias_shifted,737.29516,205.11169,20000,S10×M2×UP10×TH10×UB10
2035,block_group,361090006004,annual_mwh_home,first_order,interaction,0.0234,0.01951,0.02696,bootstrap_95_bias_shifted,737.29516,205.11169,20000,S10×M2×UP10×TH10×UB10
2035,block_group,361090006004,annual_mwh_home,first_order,placement:weighting,0.01355,0.00855,0.02046,bootstrap_95_bias_shifted,737.29516,205.11169,20000,S10×M2×UP10×TH10×UB10
2035,block_group,361090006004,annual_mwh_home,first_order,placement:sampling,0.02793,0.00662,0.05131,bootstrap_95_bias_shifted,737.29516,205.11169,20000,S10×M2×UP10×TH10×UB10
2035,block_group,361090006004,annual_mwh_home,first_order,placement:weighting_x_sampling,0.00101,0.00039,0.00174,bootstrap_95_bias_shifted,737.29516,205.11169,20000,S10×M2×UP10×TH10×UB10
2035,block_group,361090006004,annual_mwh_home,first_order,behaviour:parameters,0.09551,0.05044,0.14013,bootstrap_95_bias_shifted,737.29516,205.11169,20000,S10×M2×UP10×TH10×UB10
2035,block_group,361090006004,annual_mwh_home,first_order,behaviour:stochastic,0.00104,-0.00017,0.00264,bootstrap_95_bias_shifted,737.29516,205.11169,20000,S10×M2×UP10×TH10×UB10
2035,block_group,361090006004,annual_mwh_home,first_order,behaviour:parameters_x_stochastic,0.00114,0.00026,0.00246,bootstrap_95_bias_shifted,737.29516,205.11169,20000,S10×M2×UP10×TH10×UB10
2035,block_group,361090007001,annual_mwh_home,first_order,stock,0.37147,0.32235,0.42413,bootstrap_95_bias_shifted,251.58331,110.72519,20000,S10×M2×UP10×TH10×UB10
2035,block_group,361090007001,annual_mwh_home,total_effect,stock,0.41961,0.37333,0.46979,bootstrap_95_bias_shifted,251.58331,110.72519,20000,S10×M2×UP10×TH10×UB10
2035,block_group,361090007001,annual_mwh_home,first_order,placement,0.33939,0.28771,0.39822,bootstrap_95_bias_shifted,251.58331,110.72519,20000,S10×M2×UP10×TH10×UB10
2035,block_group,361090007001,annual_mwh_home,total_effect,placement,0.41261,0.36642,0.46752,bootstrap_95_bias_shifted,251.58331,110.72519,20000,S10×M2×UP10×TH10×UB10
2035,block_group,361090007001,annual_mwh_home,first_order,behaviour,0.20145,0.11441,0.27727,bootstrap_95_bias_shifted,251.58331,110.72519,20000,S10×M2×UP10×TH10×UB10
2035,block_group,361090007001,annual_mwh_home,total_effect,behaviour,0.26131,0.15901,0.35316,bootstrap_95_bias_shifted,251.58331,110.72519,20000,S10×M2×UP10×TH10×UB10
2035,block_group,361090007001,annual_mwh_home,first_order,interaction,0.08768,0.0755,0.10114,bootstrap_95_bias_shifted,251.58331,110.72519,20000,S10×M2×UP10×TH10×UB10
2035,block_group,361090007001,annual_mwh_home,first_order,placement:weighting,0.31953,0.26867,0.37438,bootstrap_95_bias_shifted,251.58331,110.72519,20000,S10×M2×UP10×TH10×UB10
2035,block_group,361090007001,annual_mwh_home,first_order,placement:sampling,0.01746,0.00718,0.03083,bootstrap_95_bias_shifted,251.58331,110.72519,20000,S10×M2×UP10×TH10×UB10
2035,block_group,361090007001,annual_mwh_home,first_order,placement:weighting_x_sampling,0.0024,0.00016,0.0056,bootstrap_95_bias_shifted,251.58331,110.72519,20000,S10×M2×UP10×TH10×UB10
2035,block_group,361090007001,annual_mwh_home,first_order,behaviour:parameters,0.18921,0.10293,0.26456,bootstrap_95_bias_shifted,251.58331,110.72519,20000,S10×M2×UP10×TH10×UB10
2035,block_group,361090007001,annual_mwh_home,first_order,behaviour:stochastic,0.00961,0.00274,0.01896,bootstrap_95_bias_shifted,251.58331,110.72519,20000,S10×M2×UP10×TH10×UB10
2035,block_group,361090007001,annual_mwh_home,first_order,behaviour:parameters_x_stochastic,0.00263,0.00121,0.00446,bootstrap_95_bias_shifted,251.58331,110.72519,20000,S10×M2×UP10×TH10×UB10
2035,block_group,361090007002,annual_mwh_home,first_order,stock,0.83942,0.78967,0.90437,bootstrap_95_bias_shifted,814.24461,231.74108,20000,S10×M2×UP10×TH10×UB10
2035,block_group,361090007002,annual_mwh_home,total_effect,stock,0.85441,0.8086,0.91568,bootstrap_95_bias_shifted,814.24461,231.74108,20000,S10×M2×UP10×TH10×UB10
2035,block_group,361090007002,annual_mwh_home,first_order,placement,0.0202,0.00612,0.03912,bootstrap_95_bias_shifted,814.24461,231.74108,20000,S10×M2×UP10×TH10×UB10
2035,block_group,361090007002,annual_mwh_home,total_effect,placement,0.03733,0.01998,0.05833,bootstrap_95_bias_shifted,814.24461,231.74108,20000,S10×M2×UP10×TH10×UB10
2035,block_group,361090007002,annual_mwh_home,first_order,behaviour,0.11556,0.062,0.16372,bootstrap_95_bias_shifted,814.24461,231.74108,20000,S10×M2×UP10×TH10×UB10
2035,block_group,361090007002,annual_mwh_home,total_effect,behaviour,0.13499,0.07728,0.18607,bootstrap_95_bias_shifted,814.24461,231.74108,20000,S10×M2×UP10×TH10×UB10
2035,block_group,361090007002,annual_mwh_home,first_order,interaction,0.02482,0.02,0.02936,bootstrap_95_bias_shifted,814.24461,231.74108,20000,S10×M2×UP10×TH10×UB10
2035,block_group,361090007002,annual_mwh_home,first_order,placement:weighting,-5e-05,-0.00018,0.00024,bootstrap_95_bias_shifted,814.24461,231.74108,20000,S10×M2×UP10×TH10×UB10
2035,block_group,361090007002,annual_mwh_home,first_order,placement:sampling,0.01974,0.00583,0.0385,bootstrap_95_bias_shifted,814.24461,231.74108,20000,S10×M2×UP10×TH10×UB10
2035,block_group,361090007002,annual_mwh_home,first_order,placement:weighting_x_sampling,0.0005,6e-05,0.00105,bootstrap_95_bias_shifted,814.24461,231.74108,20000,S10×M2×UP10×TH10×UB10
2035,block_group,361090007002,annual_mwh_home,first_order,behaviour:parameters,0.11259,0.06074,0.16166,bootstrap_95_bias_shifted,814.24461,231.74108,20000,S10×M2×UP10×TH10×UB10
2035,block_group,361090007002,annual_mwh_home,first_order,behaviour:stochastic,0.00074,-0.00074,0.00279,bootstrap_95_bias_shifted,814.24461,231.74108,20000,S10×M2×UP10×TH10×UB10
2035,block_group,361090007002,annual_mwh_home,first_order,behaviour:parameters_x_stochastic,0.00223,0.00089,0.00418,bootstrap_95_bias_shifted,814.24461,231.74108,20000,S10×M2×UP10×TH10×UB10
2035,block_group,361090007003,annual_mwh_home,first_order,stock,0.75315,0.68493,0.82898,bootstrap_95_bias_shifted,557.45098,172.03957,20000,S10×M2×UP10×TH10×UB10
2035,block_group,361090007003,annual_mwh_home,total_effect,stock,0.7739,0.70869,0.8473,bootstrap_95_bias_shifted,557.45098,172.03957,20000,S10×M2×UP10×TH10×UB10
2035,block_group,361090007003,annual_mwh_home,first_order,placement,0.0459,0.02883,0.06524,bootstrap_95_bias_shifted,557.45098,172.03957,20000,S10×M2×UP10×TH10×UB10
2035,block_group,361090007003,annual_mwh_home,total_effect,placement,0.07124,0.04977,0.09152,bootstrap_95_bias_shifted,557.45098,172.03957,20000,S10×M2×UP10×TH10×UB10
2035,block_group,361090007003,annual_mwh_home,first_order,behaviour,0.16428,0.09213,0.23017,bootstrap_95_bias_shifted,557.45098,172.03957,20000,S10×M2×UP10×TH10×UB10
2035,block_group,361090007003,annual_mwh_home,total_effect,behaviour,0.19457,0.1187,0.2635,bootstrap_95_bias_shifted,557.45098,172.03957,20000,S10×M2×UP10×TH10×UB10
2035,block_group,361090007003,annual_mwh_home,first_order,interaction,0.03668,0.02983,0.04237,bootstrap_95_bias_shifted,557.45098,172.03957,20000,S10×M2×UP10×TH10×UB10
2035,block_group,361090007003,annual_mwh_home,first_order,placement:weighting,0.01464,0.00657,0.02614,bootstrap_95_bias_shifted,557.45098,172.03957,20000,S10×M2×UP10×TH10×UB10
2035,block_group,361090007003,annual_mwh_home,first_order,placement:sampling,0.02788,0.01175,0.04359,bootstrap_95_bias_shifted,557.45098,172.03957,20000,S10×M2×UP10×TH10×UB10
2035,block_group,361090007003,annual_mwh_home,first_order,placement:weighting_x_sampling,0.00337,0.0014,0.00574,bootstrap_95_bias_shifted,557.45098,172.03957,20000,S10×M2×UP10×TH10×UB10
2035,block_group,361090007003,annual_mwh_home,first_order,behaviour:parameters,0.15797,0.08748,0.22332,bootstrap_95_bias_shifted,557.45098,172.03957,20000,S10×M2×UP10×TH10×UB10
2035,block_group,361090007003,annual_mwh_home,first_order,behaviour:stochastic,0.00436,0.00069,0.00999,bootstrap_95_bias_shifted,557.45098,172.03957,20000,S10×M2×UP10×TH10×UB10
2035,block_group,361090007003,annual_mwh_home,first_order,behaviour:parameters_x_stochastic,0.00195,0.00066,0.00357,bootstrap_95_bias_shifted,557.45098,172.03957,20000,S10×M2×UP10×TH10×UB10
2035,block_group,361090008001,annual_mwh_home,first_order,stock,0.66743,0.59884,0.7454,bootstrap_95_bias_shifted,288.23741,95.93539,20000,S10×M2×UP10×TH10×UB10
2035,block_group,361090008001,annual_mwh_home,total_effect,stock,0.70539,0.63936,0.77953,bootstrap_95_bias_shifted,288.23741,95.93539,20000,S10×M2×UP10×TH10×UB10
2035,block_group,361090008001,annual_mwh_home,first_order,placement,0.11614,0.07249,0.16131,bootstrap_95_bias_shifted,288.23741,95.93539,20000,S10×M2×UP10×TH10×UB10
2035,block_group,361090008001,annual_mwh_home,total_effect,placement,0.1757,0.13018,0.22312,bootstrap_95_bias_shifted,288.23741,95.93539,20000,S10×M2×UP10×TH10×UB10
2035,block_group,361090008001,annual_mwh_home,first_order,behaviour,0.1456,0.0793,0.20802,bootstrap_95_bias_shifted,288.23741,95.93539,20000,S10×M2×UP10×TH10×UB10
2035,block_group,361090008001,annual_mwh_home,total_effect,behaviour,0.19561,0.12472,0.25975,bootstrap_95_bias_shifted,288.23741,95.93539,20000,S10×M2×UP10×TH10×UB10
2035,block_group,361090008001,annual_mwh_home,first_order,interaction,0.07083,0.05726,0.08487,bootstrap_95_bias_shifted,288.23741,95.93539,20000,S10×M2×UP10×TH10×UB10
2035,block_group,361090008001,annual_mwh_home,first_order,placement:weighting,0.07077,0.05454,0.0904,bootstrap_95_bias_shifted,288.23741,95.93539,20000,S10×M2×UP10×TH10×UB10
2035,block_group,361090008001,annual_mwh_home,first_order,placement:sampling,0.04313,0.0037,0.09318,bootstrap_95_bias_shifted,288.23741,95.93539,20000,S10×M2×UP10×TH10×UB10
2035,block_group,361090008001,annual_mwh_home,first_order,placement:weighting_x_sampling,0.00224,0.00071,0.00377,bootstrap_95_bias_shifted,288.23741,95.93539,20000,S10×M2×UP10×TH10×UB10
2035,block_group,361090008001,annual_mwh_home,first_order,behaviour:parameters,0.14359,0.07594,0.20753,bootstrap_95_bias_shifted,288.23741,95.93539,20000,S10×M2×UP10×TH10×UB10
2035,block_group,361090008001,annual_mwh_home,first_order,behaviour:stochastic,-0.00062,-0.00286,0.00261,bootstrap_95_bias_shifted,288.23741,95.93539,20000,S10×M2×UP10×TH10×UB10
2035,block_group,361090008001,annual_mwh_home,first_order,behaviour:parameters_x_stochastic,0.00263,0.00081,0.00504,bootstrap_95_bias_shifted,288.23741,95.93539,20000,S10×M2×UP10×TH10×UB10
2035,block_group,361090008002,annual_mwh_home,first_order,stock,0.70722,0.63655,0.7767,bootstrap_95_bias_shifted,384.26632,122.3909,20000,S10×M2×UP10×TH10×UB10
2035,block_group,361090008002,annual_mwh_home,total_effect,stock,0.73915,0.67011,0.80673,bootstrap_95_bias_shifted,384.26632,122.3909,20000,S10×M2×UP10×TH10×UB10
2035,block_group,361090008002,annual_mwh_home,first_order,placement,0.07665,0.0473,0.11105,bootstrap_95_bias_shifted,384.26632,122.3909,20000,S10×M2×UP10×TH10×UB10
2035,block_group,361090008002,annual_mwh_home,total_effect,placement,0.11675,0.08429,0.15284,bootstrap_95_bias_shifted,384.26632,122.3909,20000,S10×M2×UP10×TH10×UB10
2035,block_group,361090008002,annual_mwh_home,first_order,behaviour,0.16417,0.09024,0.23943,bootstrap_95_bias_shifted,384.26632,122.3909,20000,S10×M2×UP10×TH10×UB10
2035,block_group,361090008002,annual_mwh_home,total_effect,behaviour,0.20073,0.12808,0.27609,bootstrap_95_bias_shifted,384.26632,122.3909,20000,S10×M2×UP10×TH10×UB10
2035,block_group,361090008002,annual_mwh_home,first_order,interaction,0.05196,0.04427,0.0611,bootstrap_95_bias_shifted,384.26632,122.3909,20000,S10×M2×UP10×TH10×UB10
2035,block_group,361090008002,annual_mwh_home,first_order,placement:weighting,0.04056,0.02445,0.05814,bootstrap_95_bias_shifted,384.26632,122.3909,20000,S10×M2×UP10×TH10×UB10
2035,block_group,361090008002,annual_mwh_home,first_order,placement:sampling,0.03097,0.0075,0.05736,bootstrap_95_bias_shifted,384.26632,122.3909,20000,S10×M2×UP10×TH10×UB10
2035,block_group,361090008002,annual_mwh_home,first_order,placement:weighting_x_sampling,0.00512,0.00242,0.0085,bootstrap_95_bias_shifted,384.26632,122.3909,20000,S10×M2×UP10×TH10×UB10
2035,block_group,361090008002,annual_mwh_home,first_order,behaviour:parameters,0.16096,0.084,0.23409,bootstrap_95_bias_shifted,384.26632,122.3909,20000,S10×M2×UP10×TH10×UB10
2035,block_group,361090008002,annual_mwh_home,first_order,behaviour:stochastic,0.00102,-0.00117,0.00444,bootstrap_95_bias_shifted,384.26632,122.3909,20000,S10×M2×UP10×TH10×UB10
2035,block_group,361090008002,annual_mwh_home,first_order,behaviour:parameters_x_stochastic,0.0022,0.00069,0.00471,bootstrap_95_bias_shifted,384.26632,122.3909,20000,S10×M2×UP10×TH10×UB10
2035,block_group,361090009001,annual_mwh_home,first_order,stock,0.69413,0.63858,0.74565,bootstrap_95_bias_shifted,397.30219,131.35352,20000,S10×M2×UP10×TH10×UB10
2035,block_group,361090009001,annual_mwh_home,total_effect,stock,0.72006,0.66726,0.76766,bootstrap_95_bias_shifted,397.30219,131.35352,20000,S10×M2×UP10×TH10×UB10
2035,block_group,361090009001,annual_mwh_home,first_order,placement,0.14078,0.10871,0.17593,bootstrap_95_bias_shifted,397.30219,131.35352,20000,S10×M2×UP10×TH10×UB10
2035,block_group,361090009001,annual_mwh_home,total_effect,placement,0.17498,0.14644,0.20842,bootstrap_95_bias_shifted,397.30219,131.35352,20000,S10×M2×UP10×TH10×UB10
2035,block_group,361090009001,annual_mwh_home,first_order,behaviour,0.1218,0.06543,0.17261,bootstrap_95_bias_shifted,397.30219,131.35352,20000,S10×M2×UP10×TH10×UB10
2035,block_group,361090009001,annual_mwh_home,total_effect,behaviour,0.15197,0.094,0.20694,bootstrap_95_bias_shifted,397.30219,131.35352,20000,S10×M2×UP10×TH10×UB10
2035,block_group,361090009001,annual_mwh_home,first_order,interaction,0.04329,0.03699,0.04966,bootstrap_95_bias_shifted,397.30219,131.35352,20000,S10×M2×UP10×TH10×UB10
2035,block_group,361090009001,annual_mwh_home,first_order,placement:weighting,0.10997,0.08128,0.1423,bootstrap_95_bias_shifted,397.30219,131.35352,20000,S10×M2×UP10×TH10×UB10
2035,block_group,361090009001,annual_mwh_home,first_order,placement:sampling,0.0264,0.01112,0.04465,bootstrap_95_bias_shifted,397.30219,131.35352,20000,S10×M2×UP10×TH10×UB10
2035,block_group,361090009001,annual_mwh_home,first_order,placement:weighting_x_sampling,0.00441,0.00146,0.00787,bootstrap_95_bias_shifted,397.30219,131.35352,20000,S10×M2×UP10×TH10×UB10
2035,block_group,361090009001,annual_mwh_home,first_order,behaviour:parameters,0.11842,0.06182,0.17012,bootstrap_95_bias_shifted,397.30219,131.35352,20000,S10×M2×UP10×TH10×UB10
2035,block_group,361090009001,annual_mwh_home,first_order,behaviour:stochastic,0.0016,-0.00122,0.00708,bootstrap_95_bias_shifted,397.30219,131.35352,20000,S10×M2×UP10×TH10×UB10
2035,block_group,361090009001,annual_mwh_home,first_order,behaviour:parameters_x_stochastic,0.00178,0.00056,0.00351,bootstrap_95_bias_shifted,397.30219,131.35352,20000,S10×M2×UP10×TH10×UB10
2035,block_group,361090009002,annual_mwh_home,first_order,stock,0.71599,0.68169,0.75411,bootstrap_95_bias_shifted,1142.28702,356.91523,20000,S10×M2×UP10×TH10×UB10
2035,block_group,361090009002,annual_mwh_home,total_effect,stock,0.73615,0.70336,0.77159,bootstrap_95_bias_shifted,1142.28702,356.91523,20000,S10×M2×UP10×TH10×UB10
2035,block_group,361090009002,annual_mwh_home,first_order,placement,0.18143,0.16364,0.20192,bootstrap_95_bias_shifted,1142.28702,356.91523,20000,S10×M2×UP10×TH10×UB10
2035,block_group,361090009002,annual_mwh_home,total_effect,placement,0.20184,0.18358,0.22272,bootstrap_95_bias_shifted,1142.28702,356.91523,20000,S10×M2×UP10×TH10×UB10
2035,block_group,361090009002,annual_mwh_home,first_order,behaviour,0.0766,0.03921,0.11349,bootstrap_95_bias_shifted,1142.28702,356.91523,20000,S10×M2×UP10×TH10×UB10
2035,block_group,361090009002,annual_mwh_home,total_effect,behaviour,0.08903,0.0482,0.12856,bootstrap_95_bias_shifted,1142.28702,356.91523,20000,S10×M2×UP10×TH10×UB10
2035,block_group,361090009002,annual_mwh_home,first_order,interaction,0.02598,0.02127,0.02982,bootstrap_95_bias_shifted,1142.28702,356.91523,20000,S10×M2×UP10×TH10×UB10
2035,block_group,361090009002,annual_mwh_home,first_order,placement:weighting,0.17236,0.15796,0.18571,bootstrap_95_bias_shifted,1142.28702,356.91523,20000,S10×M2×UP10×TH10×UB10
2035,block_group,361090009002,annual_mwh_home,first_order,placement:sampling,0.00724,0.0015,0.01554,bootstrap_95_bias_shifted,1142.28702,356.91523,20000,S10×M2×UP10×TH10×UB10
2035,block_group,361090009002,annual_mwh_home,first_order,placement:weighting_x_sampling,0.00183,0.00068,0.0034,bootstrap_95_bias_shifted,1142.28702,356.91523,20000,S10×M2×UP10×TH10×UB10
2035,block_group,361090009002,annual_mwh_home,first_order,behaviour:parameters,0.07553,0.03802,0.11079,bootstrap_95_bias_shifted,1142.28702,356.91523,20000,S10×M2×UP10×TH10×UB10
2035,block_group,361090009002,annual_mwh_home,first_order,behaviour:stochastic,0.00021,-0.00043,0.00135,bootstrap_95_bias_shifted,1142.28702,356.91523,20000,S10×M2×UP10×TH10×UB10
2035,block_group,361090009002,annual_mwh_home,first_order,behaviour:parameters_x_stochastic,0.00086,0.00037,0.00138,bootstrap_95_bias_shifted,1142.28702,356.91523,20000,S10×M2×UP10×TH10×UB10
2035,block_group,361090009003,annual_mwh_home,first_order,stock,0.83525,0.79578,0.87813,bootstrap_95_bias_shifted,397.36263,124.55023,20000,S10×M2×UP10×TH10×UB10
2035,block_group,361090009003,annual_mwh_home,total_effect,stock,0.85746,0.82129,0.89452,bootstrap_95_bias_shifted,397.36263,124.55023,20000,S10×M2×UP10×TH10×UB10
2035,block_group,361090009003,annual_mwh_home,first_order,placement,0.03119,0.01957,0.0437,bootstrap_95_bias_shifted,397.36263,124.55023,20000,S10×M2×UP10×TH10×UB10
2035,block_group,361090009003,annual_mwh_home,total_effect,placement,0.06002,0.04698,0.07368,bootstrap_95_bias_shifted,397.36263,124.55023,20000,S10×M2×UP10×TH10×UB10
2035,block_group,361090009003,annual_mwh_home,first_order,behaviour,0.09631,0.05061,0.13808,bootstrap_95_bias_shifted,397.36263,124.55023,20000,S10×M2×UP10×TH10×UB10
2035,block_group,361090009003,annual_mwh_home,total_effect,behaviour,0.12329,0.07723,0.167,bootstrap_95_bias_shifted,397.36263,124.55023,20000,S10×M2×UP10×TH10×UB10
2035,block_group,361090009003,annual_mwh_home,first_order,interaction,0.03725,0.03156,0.04306,bootstrap_95_bias_shifted,397.36263,124.55023,20000,S10×M2×UP10×TH10×UB10
2035,block_group,361090009003,annual_mwh_home,first_order,placement:weighting,0.00468,0.0002,0.01133,bootstrap_95_bias_shifted,397.36263,124.55023,20000,S10×M2×UP10×TH10×UB10
2035,block_group,361090009003,annual_mwh_home,first_order,placement:sampling,0.02178,0.00823,0.03667,bootstrap_95_bias_shifted,397.36263,124.55023,20000,S10×M2×UP10×TH10×UB10
2035,block_group,361090009003,annual_mwh_home,first_order,placement:weighting_x_sampling,0.00473,0.00176,0.00922,bootstrap_95_bias_shifted,397.36263,124.55023,20000,S10×M2×UP10×TH10×UB10
2035,block_group,361090009003,annual_mwh_home,first_order,behaviour:parameters,0.09319,0.04644,0.13406,bootstrap_95_bias_shifted,397.36263,124.55023,20000,S10×M2×UP10×TH10×UB10
2035,block_group,361090009003,annual_mwh_home,first_order,behaviour:stochastic,0.00184,-0.00043,0.00467,bootstrap_95_bias_shifted,397.36263,124.55023,20000,S10×M2×UP10×TH10×UB10
2035,block_group,361090009003,annual_mwh_home,first_order,behaviour:parameters_x_stochastic,0.00128,0.00021,0.00278,bootstrap_95_bias_shifted,397.36263,124.55023,20000,S10×M2×UP10×TH10×UB10
2035,block_group,361090010001,annual_mwh_home,first_order,stock,0.45971,0.4205,0.4911,bootstrap_95_bias_shifted,387.32991,162.64757,20000,S10×M2×UP10×TH10×UB10
2035,block_group,361090010001,annual_mwh_home,total_effect,stock,0.49926,0.4598,0.53316,bootstrap_95_bias_shifted,387.32991,162.64757,20000,S10×M2×UP10×TH10×UB10
2035,block_group,361090010001,annual_mwh_home,first_order,placement,0.40461,0.36877,0.44338,bootstrap_95_bias_shifted,387.32991,162.64757,20000,S10×M2×UP10×TH10×UB10
2035,block_group,361090010001,annual_mwh_home,total_effect,placement,0.45435,0.42019,0.49217,bootstrap_95_bias_shifted,387.32991,162.64757,20000,S10×M2×UP10×TH10×UB10
2035,block_group,361090010001,annual_mwh_home,first_order,behaviour,0.0794,0.03973,0.11885,bootstrap_95_bias_shifted,387.32991,162.64757,20000,S10×M2×UP10×TH10×UB10
2035,block_group,361090010001,annual_mwh_home,total_effect,behaviour,0.10561,0.06298,0.14918,bootstrap_95_bias_shifted,387.32991,162.64757,20000,S10×M2×UP10×TH10×UB10
2035,block_group,361090010001,annual_mwh_home,first_order,interaction,0.05629,0.04855,0.06369,bootstrap_95_bias_shifted,387.32991,162.64757,20000,S10×M2×UP10×TH10×UB10
2035,block_group,361090010001,annual_mwh_home,first_order,placement:weighting,0.38415,0.34905,0.42223,bootstrap_95_bias_shifted,387.32991,162.64757,20000,S10×M2×UP10×TH10×UB10
2035,block_group,361090010001,annual_mwh_home,first_order,placement:sampling,0.01571,0.0033,0.03647,bootstrap_95_bias_shifted,387.32991,162.64757,20000,S10×M2×UP10×TH10×UB10
2035,block_group,361090010001,annual_mwh_home,first_order,placement:weighting_x_sampling,0.00475,0.00124,0.00955,bootstrap_95_bias_shifted,387.32991,162.64757,20000,S10×M2×UP10×TH10×UB10
2035,block_group,361090010001,annual_mwh_home,first_order,behaviour:parameters,0.07804,0.03939,0.11829,bootstrap_95_bias_shifted,387.32991,162.64757,20000,S10×M2×UP10×TH10×UB10
2035,block_group,361090010001,annual_mwh_home,first_order,behaviour:stochastic,0.00032,-0.00114,0.00305,bootstrap_95_bias_shifted,387.32991,162.64757,20000,S10×M2×UP10×TH10×UB10
2035,block_group,361090010001,annual_mwh_home,first_order,behaviour:parameters_x_stochastic,0.00104,0.0003,0.00202,bootstrap_95_bias_shifted,387.32991,162.64757,20000,S10×M2×UP10×TH10×UB10
2035,block_group,361090010002,annual_mwh_home,first_order,stock,0.73185,0.69955,0.76532,bootstrap_95_bias_shifted,669.41795,212.46457,20000,S10×M2×UP10×TH10×UB10
2035,block_group,361090010002,annual_mwh_home,total_effect,stock,0.75219,0.72126,0.78393,bootstrap_95_bias_shifted,669.41795,212.46457,20000,S10×M2×UP10×TH10×UB10
2035,block_group,361090010002,annual_mwh_home,first_order,placement,0.16674,0.15248,0.18223,bootstrap_95_bias_shifted,669.41795,212.46457,20000,S10×M2×UP10×TH10×UB10
2035,block_group,361090010002,annual_mwh_home,total_effect,placement,0.19051,0.17553,0.20648,bootstrap_95_bias_shifted,669.41795,212.46457,20000,S10×M2×UP10×TH10×UB10
2035,block_group,361090010002,annual_mwh_home,first_order,behaviour,0.07203,0.03629,0.10607,bootstrap_95_bias_shifted,669.41795,212.46457,20000,S10×M2×UP10×TH10×UB10
2035,block_group,361090010002,annual_mwh_home,total_effect,behaviour,0.08855,0.04943,0.12519,bootstrap_95_bias_shifted,669.41795,212.46457,20000,S10×M2×UP10×TH10×UB10
2035,block_group,361090010002,annual_mwh_home,first_order,interaction,0.02938,0.02452,0.03455,bootstrap_95_bias_shifted,669.41795,212.46457,20000,S10×M2×UP10×TH10×UB10
2035,block_group,361090010002,annual_mwh_home,first_order,placement:weighting,0.16258,0.14823,0.17861,bootstrap_95_bias_shifted,669.41795,212.46457,20000,S10×M2×UP10×TH10×UB10
2035,block_group,361090010002,annual_mwh_home,first_order,placement:sampling,0.003,0.00048,0.0062,bootstrap_95_bias_shifted,669.41795,212.46457,20000,S10×M2×UP10×TH10×UB10
2035,block_group,361090010002,annual_mwh_home,first_order,placement:weighting_x_sampling,0.00116,0.0005,0.00198,bootstrap_95_bias_shifted,669.41795,212.46457,20000,S10×M2×UP10×TH10×UB10
2035,block_group,361090010002,annual_mwh_home,first_order,behaviour:parameters,0.06974,0.03501,0.10354,bootstrap_95_bias_shifted,669.41795,212.46457,20000,S10×M2×UP10×TH10×UB10
2035,block_group,361090010002,annual_mwh_home,first_order,behaviour:stochastic,0.00109,-0.00022,0.00369,bootstrap_95_bias_shifted,669.41795,212.46457,20000,S10×M2×UP10×TH10×UB10
2035,block_group,361090010002,annual_mwh_home,first_order,behaviour:parameters_x_stochastic,0.0012,0.00057,0.00215,bootstrap_95_bias_shifted,669.41795,212.46457,20000,S10×M2×UP10×TH10×UB10
2035,block_group,361090010003,annual_mwh_home,first_order,stock,0.3768,0.35055,0.40066,bootstrap_95_bias_shifted,465.28109,212.41278,20000,S10×M2×UP10×TH10×UB10
2035,block_group,361090010003,annual_mwh_home,total_effect,stock,0.41445,0.3883,0.4373,bootstrap_95_bias_shifted,465.28109,212.41278,20000,S10×M2×UP10×TH10×UB10
2035,block_group,361090010003,annual_mwh_home,first_order,placement,0.50772,0.4735,0.5388,bootstrap_95_bias_shifted,465.28109,212.41278,20000,S10×M2×UP10×TH10×UB10
2035,block_group,361090010003,annual_mwh_home,total_effect,placement,0.5531,0.51826,0.5834,bootstrap_95_bias_shifted,465.28109,212.41278,20000,S10×M2×UP10×TH10×UB10
2035,block_group,361090010003,annual_mwh_home,first_order,behaviour,0.06479,0.03505,0.10109,bootstrap_95_bias_shifted,465.28109,212.41278,20000,S10×M2×UP10×TH10×UB10
2035,block_group,361090010003,annual_mwh_home,total_effect,behaviour,0.08516,0.05003,0.12618,bootstrap_95_bias_shifted,465.28109,212.41278,20000,S10×M2×UP10×TH10×UB10
2035,block_group,361090010003,annual_mwh_home,first_order,interaction,0.0507,0.04441,0.05627,bootstrap_95_bias_shifted,465.28109,212.41278,20000,S10×M2×UP10×TH10×UB10
2035,block_group,361090010003,annual_mwh_home,first_order,placement:weighting,0.49505,0.46492,0.52195,bootstrap_95_bias_shifted,465.28109,212.41278,20000,S10×M2×UP10×TH10×UB10
2035,block_group,361090010003,annual_mwh_home,first_order,placement:sampling,0.01147,0.00417,0.02021,bootstrap_95_bias_shifted,465.28109,212.41278,20000,S10×M2×UP10×TH10×UB10
2035,block_group,361090010003,annual_mwh_home,first_order,placement:weighting_x_sampling,0.00119,0.00045,0.00205,bootstrap_95_bias_shifted,465.28109,212.41278,20000,S10×M2×UP10×TH10×UB10
2035,block_group,361090010003,annual_mwh_home,first_order,behaviour:parameters,0.06402,0.03382,0.10033,bootstrap_95_bias_shifted,465.28109,212.41278,20000,S10×M2×UP10×TH10×UB10
2035,block_group,361090010003,annual_mwh_home,first_order,behaviour:stochastic,-9e-05,-0.00073,0.00086,bootstrap_95_bias_shifted,465.28109,212.41278,20000,S10×M2×UP10×TH10×UB10
2035,block_group,361090010003,annual_mwh_home,first_order,behaviour:parameters_x_stochastic,0.00086,0.00029,0.00178,bootstrap_95_bias_shifted,465.28109,212.41278,20000,S10×M2×UP10×TH10×UB10
2035,block_group,361090011001,annual_mwh_home,first_order,stock,0.84754,0.78735,0.89985,bootstrap_95_bias_shifted,764.33638,241.39156,20000,S10×M2×UP10×TH10×UB10
2035,block_group,361090011001,annual_mwh_home,total_effect,stock,0.86435,0.80944,0.91312,bootstrap_95_bias_shifted,764.33638,241.39156,20000,S10×M2×UP10×TH10×UB10
2035,block_group,361090011001,annual_mwh_home,first_order,placement,0.01507,0.00623,0.02656,bootstrap_95_bias_shifted,764.33638,241.39156,20000,S10×M2×UP10×TH10×UB10
2035,block_group,361090011001,annual_mwh_home,total_effect,placement,0.03396,0.02222,0.0453,bootstrap_95_bias_shifted,764.33638,241.39156,20000,S10×M2×UP10×TH10×UB10
2035,block_group,361090011001,annual_mwh_home,first_order,behaviour,0.10869,0.05829,0.16373,bootstrap_95_bias_shifted,764.33638,241.39156,20000,S10×M2×UP10×TH10×UB10
2035,block_group,361090011001,annual_mwh_home,total_effect,behaviour,0.13278,0.0767,0.19122,bootstrap_95_bias_shifted,764.33638,241.39156,20000,S10×M2×UP10×TH10×UB10
2035,block_group,361090011001,annual_mwh_home,first_order,interaction,0.02869,0.0236,0.03419,bootstrap_95_bias_shifted,764.33638,241.39156,20000,S10×M2×UP10×TH10×UB10
2035,block_group,361090011001,annual_mwh_home,first_order,placement:weighting,0.00067,-0.0005,0.00257,bootstrap_95_bias_shifted,764.33638,241.39156,20000,S10×M2×UP10×TH10×UB10
2035,block_group,361090011001,annual_mwh_home,first_order,placement:sampling,0.01295,0.00431,0.02493,bootstrap_95_bias_shifted,764.33638,241.39156,20000,S10×M2×UP10×TH10×UB10
2035,block_group,361090011001,annual_mwh_home,first_order,placement:weighting_x_sampling,0.00145,0.00059,0.00247,bootstrap_95_bias_shifted,764.33638,241.39156,20000,S10×M2×UP10×TH10×UB10
2035,block_group,361090011001,annual_mwh_home,first_order,behaviour:parameters,0.10733,0.05443,0.16192,bootstrap_95_bias_shifted,764.33638,241.39156,20000,S10×M2×UP10×TH10×UB10
2035,block_group,361090011001,annual_mwh_home,first_order,behaviour:stochastic,0.00027,-0.00125,0.00281,bootstrap_95_bias_shifted,764.33638,241.39156,20000,S10×M2×UP10×TH10×UB10
2035,block_group,361090011001,annual_mwh_home,first_order,behaviour:parameters_x_stochastic,0.00109,0.0004,0.00203,bootstrap_95_bias_shifted,764.33638,241.39156,20000,S10×M2×UP10×TH10×UB10
2035,block_group,361090011002,annual_mwh_home,first_order,stock,0.84678,0.80302,0.89188,bootstrap_95_bias_shifted,1323.90056,392.30017,20000,S10×M2×UP10×TH10×UB10
2035,block_group,361090011002,annual_mwh_home,total_effect,stock,0.85944,0.81855,0.90137,bootstrap_95_bias_shifted,1323.90056,392.30017,20000,S10×M2×UP10×TH10×UB10
2035,block_group,361090011002,annual_mwh_home,first_order,placement,0.04059,0.03296,0.04819,bootstrap_95_bias_shifted,1323.90056,392.30017,20000,S10×M2×UP10×TH10×UB10
2035,block_group,361090011002,annual_mwh_home,total_effect,placement,0.05074,0.04235,0.05949,bootstrap_95_bias_shifted,1323.90056,392.30017,20000,S10×M2×UP10×TH10×UB10
2035,block_group,361090011002,annual_mwh_home,first_order,behaviour,0.09512,0.05388,0.13864,bootstrap_95_bias_shifted,1323.90056,392.30017,20000,S10×M2×UP10×TH10×UB10
2035,block_group,361090011002,annual_mwh_home,total_effect,behaviour,0.1085,0.06428,0.15392,bootstrap_95_bias_shifted,1323.90056,392.30017,20000,S10×M2×UP10×TH10×UB10
2035,block_group,361090011002,annual_mwh_home,first_order,interaction,0.01751,0.01467,0.02035,bootstrap_95_bias_shifted,1323.90056,392.30017,20000,S10×M2×UP10×TH10×UB10
2035,block_group,361090011002,annual_mwh_home,first_order,placement:weighting,0.03622,0.02908,0.04406,bootstrap_95_bias_shifted,1323.90056,392.30017,20000,S10×M2×UP10×TH10×UB10
2035,block_group,361090011002,annual_mwh_home,first_order,placement:sampling,0.0032,0.00094,0.00603,bootstrap_95_bias_shifted,1323.90056,392.30017,20000,S10×M2×UP10×TH10×UB10
2035,block_group,361090011002,annual_mwh_home,first_order,placement:weighting_x_sampling,0.00117,0.0004,0.00206,bootstrap_95_bias_shifted,1323.90056,392.30017,20000,S10×M2×UP10×TH10×UB10
2035,block_group,361090011002,annual_mwh_home,first_order,behaviour:parameters,0.09278,0.05083,0.13632,bootstrap_95_bias_shifted,1323.90056,392.30017,20000,S10×M2×UP10×TH10×UB10
2035,block_group,361090011002,annual_mwh_home,first_order,behaviour:stochastic,0.00133,8e-05,0.00278,bootstrap_95_bias_shifted,1323.90056,392.30017,20000,S10×M2×UP10×TH10×UB10
2035,block_group,361090011002,annual_mwh_home,first_order,behaviour:parameters_x_stochastic,0.00102,0.00062,0.00157,bootstrap_95_bias_shifted,1323.90056,392.30017,20000,S10×M2×UP10×TH10×UB10
2035,block_group,361090012001,annual_mwh_home,first_order,stock,0.32617,0.2972,0.35901,bootstrap_95_bias_shifted,58.59286,30.7546,20000,S10×M2×UP10×TH10×UB10
2035,block_group,361090012001,annual_mwh_home,total_effect,stock,0.38518,0.34392,0.42818,bootstrap_95_bias_shifted,58.59286,30.7546,20000,S10×M2×UP10×TH10×UB10
2035,block_group,361090012001,annual_mwh_home,first_order,placement,0.54854,0.50206,0.59231,bootstrap_95_bias_shifted,58.59286,30.7546,20000,S10×M2×UP10×TH10×UB10
2035,block_group,361090012001,annual_mwh_home,total_effect,placement,0.6441,0.60767,0.67489,bootstrap_95_bias_shifted,58.59286,30.7546,20000,S10×M2×UP10×TH10×UB10
2035,block_group,361090012001,annual_mwh_home,first_order,behaviour,0.02664,0.01201,0.04325,bootstrap_95_bias_shifted,58.59286,30.7546,20000,S10×M2×UP10×TH10×UB10
2035,block_group,361090012001,annual_mwh_home,total_effect,behaviour,0.07847,0.06075,0.09861,bootstrap_95_bias_shifted,58.59286,30.7546,20000,S10×M2×UP10×TH10×UB10
2035,block_group,361090012001,annual_mwh_home,first_order,interaction,0.09864,0.07908,0.12179,bootstrap_95_bias_shifted,58.59286,30.7546,20000,S10×M2×UP10×TH10×UB10
2035,block_group,361090012001,annual_mwh_home,first_order,placement:weighting,0.4302,0.3627,0.48965,bootstrap_95_bias_shifted,58.59286,30.7546,20000,S10×M2×UP10×TH10×UB10
2035,block_group,361090012001,annual_mwh_home,first_order,placement:sampling,0.10773,0.04724,0.17762,bootstrap_95_bias_shifted,58.59286,30.7546,20000,S10×M2×UP10×TH10×UB10
2035,block_group,361090012001,annual_mwh_home,first_order,placement:weighting_x_sampling,0.01061,0.00402,0.0212,bootstrap_95_bias_shifted,58.59286,30.7546,20000,S10×M2×UP10×TH10×UB10
2035,block_group,361090012001,annual_mwh_home,first_order,behaviour:parameters,0.02128,0.00939,0.03647,bootstrap_95_bias_shifted,58.59286,30.7546,20000,S10×M2×UP10×TH10×UB10
2035,block_group,361090012001,annual_mwh_home,first_order,behaviour:stochastic,0.00163,-0.0024,0.00789,bootstrap_95_bias_shifted,58.59286,30.7546,20000,S10×M2×UP10×TH10×UB10
2035,block_group,361090012001,annual_mwh_home,first_order,behaviour:parameters_x_stochastic,0.00373,0.00136,0.007,bootstrap_95_bias_shifted,58.59286,30.7546,20000,S10×M2×UP10×TH10×UB10
2035,block_group,361090013011,annual_mwh_home,first_order,stock,0.41131,0.38558,0.43847,bootstrap_95_bias_shifted,790.21663,308.74605,20000,S10×M2×UP10×TH10×UB10
2035,block_group,361090013011,annual_mwh_home,total_effect,stock,0.44062,0.4138,0.46885,bootstrap_95_bias_shifted,790.21663,308.74605,20000,S10×M2×UP10×TH10×UB10
2035,block_group,361090013011,annual_mwh_home,first_order,placement,0.457,0.42199,0.48506,bootstrap_95_bias_shifted,790.21663,308.74605,20000,S10×M2×UP10×TH10×UB10
2035,block_group,361090013011,annual_mwh_home,total_effect,placement,0.49554,0.46593,0.52205,bootstrap_95_bias_shifted,790.21663,308.74605,20000,S10×M2×UP10×TH10×UB10
2035,block_group,361090013011,annual_mwh_home,first_order,behaviour,0.0874,0.04692,0.12833,bootstrap_95_bias_shifted,790.21663,308.74605,20000,S10×M2×UP10×TH10×UB10
2035,block_group,361090013011,annual_mwh_home,total_effect,behaviour,0.10994,0.06316,0.15663,bootstrap_95_bias_shifted,790.21663,308.74605,20000,S10×M2×UP10×TH10×UB10
2035,block_group,361090013011,annual_mwh_home,first_order,interaction,0.0443,0.03762,0.05101,bootstrap_95_bias_shifted,790.21663,308.74605,20000,S10×M2×UP10×TH10×UB10
2035,block_group,361090013011,annual_mwh_home,first_order,placement:weighting,0.44876,0.41832,0.47891,bootstrap_95_bias_shifted,790.21663,308.74605,20000,S10×M2×UP10×TH10×UB10
2035,block_group,361090013011,annual_mwh_home,first_order,placement:sampling,0.00634,0.00121,0.0127,bootstrap_95_bias_shifted,790.21663,308.74605,20000,S10×M2×UP10×TH10×UB10
2035,block_group,361090013011,annual_mwh_home,first_order,placement:weighting_x_sampling,0.0019,0.00055,0.00412,bootstrap_95_bias_shifted,790.21663,308.74605,20000,S10×M2×UP10×TH10×UB10
2035,block_group,361090013011,annual_mwh_home,first_order,behaviour:parameters,0.08389,0.04398,0.12552,bootstrap_95_bias_shifted,790.21663,308.74605,20000,S10×M2×UP10×TH10×UB10
2035,block_group,361090013011,annual_mwh_home,first_order,behaviour:stochastic,0.00207,0.00015,0.00569,bootstrap_95_bias_shifted,790.21663,308.74605,20000,S10×M2×UP10×TH10×UB10
2035,block_group,361090013011,annual_mwh_home,first_order,behaviour:parameters_x_stochastic,0.00143,0.00055,0.0025,bootstrap_95_bias_shifted,790.21663,308.74605,20000,S10×M2×UP10×TH10×UB10
2035,block_group,361090013012,annual_mwh_home,first_order,stock,0.62196,0.57609,0.67159,bootstrap_95_bias_shifted,888.96934,276.30632,20000,S10×M2×UP10×TH10×UB10
2035,block_group,361090013012,annual_mwh_home,total_effect,stock,0.64206,0.5985,0.69004,bootstrap_95_bias_shifted,888.96934,276.30632,20000,S10×M2×UP10×TH10×UB10
2035,block_group,361090013012,annual_mwh_home,first_order,placement,0.22788,0.20429,0.2568,bootstrap_95_bias_shifted,888.96934,276.30632,20000,S10×M2×UP10×TH10×UB10
2035,block_group,361090013012,annual_mwh_home,total_effect,placement,0.25325,0.23018,0.28144,bootstrap_95_bias_shifted,888.96934,276.30632,20000,S10×M2×UP10×TH10×UB10
2035,block_group,361090013012,annual_mwh_home,first_order,behaviour,0.11791,0.06375,0.17198,bootstrap_95_bias_shifted,888.96934,276.30632,20000,S10×M2×UP10×TH10×UB10
2035,block_group,361090013012,annual_mwh_home,total_effect,behaviour,0.13866,0.07936,0.20037,bootstrap_95_bias_shifted,888.96934,276.30632,20000,S10×M2×UP10×TH10×UB10
2035,block_group,361090013012,annual_mwh_home,first_order,interaction,0.03226,0.02689,0.03783,bootstrap_95_bias_shifted,888.96934,276.30632,20000,S10×M2×UP10×TH10×UB10
2035,block_group,361090013012,annual_mwh_home,first_order,placement:weighting,0.21006,0.18567,0.23877,bootstrap_95_bias_shifted,888.96934,276.30632,20000,S10×M2×UP10×TH10×UB10
2035,block_group,361090013012,annual_mwh_home,first_order,placement:sampling,0.01691,0.00571,0.03161,bootstrap_95_bias_shifted,888.96934,276.30632,20000,S10×M2×UP10×TH10×UB10
2035,block_group,361090013012,annual_mwh_home,first_order,placement:weighting_x_sampling,0.00091,7e-05,0.00224,bootstrap_95_bias_shifted,888.96934,276.30632,20000,S10×M2×UP10×TH10×UB10
2035,block_group,361090013012,annual_mwh_home,first_order,behaviour:parameters,0.11355,0.06057,0.16779,bootstrap_95_bias_shifted,888.96934,276.30632,20000,S10×M2×UP10×TH10×UB10
2035,block_group,361090013012,annual_mwh_home,first_order,behaviour:stochastic,0.00256,0.0004,0.00535,bootstrap_95_bias_shifted,888.96934,276.30632,20000,S10×M2×UP10×TH10×UB10
2035,block_group,361090013012,annual_mwh_home,first_order,behaviour:parameters_x_stochastic,0.0018,0.00088,0.00294,bootstrap_95_bias_shifted,888.96934,276.30632,20000,S10×M2×UP10×TH10×UB10
2035,block_group,361090013021,annual_mwh_home,first_order,stock,0.843,0.79898,0.89506,bootstrap_95_bias_shifted,693.58823,199.84796,20000,S10×M2×UP10×TH10×UB10
2035,block_group,361090013021,annual_mwh_home,total_effect,stock,0.85787,0.81624,0.908,bootstrap_95_bias_shifted,693.58823,199.84796,20000,S10×M2×UP10×TH10×UB10
2035,block_group,361090013021,annual_mwh_home,first_order,placement,0.02751,0.01186,0.04547,bootstrap_95_bias_shifted,693.58823,199.84796,20000,S10×M2×UP10×TH10×UB10
2035,block_group,361090013021,annual_mwh_home,total_effect,placement,0.04465,0.02794,0.06187,bootstrap_95_bias_shifted,693.58823,199.84796,20000,S10×M2×UP10×TH10×UB10
2035,block_group,361090013021,annual_mwh_home,first_order,behaviour,0.10455,0.05245,0.14852,bootstrap_95_bias_shifted,693.58823,199.84796,20000,S10×M2×UP10×TH10×UB10
2035,block_group,361090013021,annual_mwh_home,total_effect,behaviour,0.12443,0.07137,0.17111,bootstrap_95_bias_shifted,693.58823,199.84796,20000,S10×M2×UP10×TH10×UB10
2035,block_group,361090013021,annual_mwh_home,first_order,interaction,0.02494,0.02018,0.02833,bootstrap_95_bias_shifted,693.58823,199.84796,20000,S10×M2×UP10×TH10×UB10
2035,block_group,361090013021,annual_mwh_home,first_order,placement:weighting,0.00956,0.0054,0.01489,bootstrap_95_bias_shifted,693.58823,199.84796,20000,S10×M2×UP10×TH10×UB10
2035,block_group,361090013021,annual_mwh_home,first_order,placement:sampling,0.01692,0.00396,0.03489,bootstrap_95_bias_shifted,693.58823,199.84796,20000,S10×M2×UP10×TH10×UB10
2035,block_group,361090013021,annual_mwh_home,first_order,placement:weighting_x_sampling,0.00102,0.00051,0.00162,bootstrap_95_bias_shifted,693.58823,199.84796,20000,S10×M2×UP10×TH10×UB10
2035,block_group,361090013021,annual_mwh_home,first_order,behaviour:parameters,0.10122,0.05097,0.14362,bootstrap_95_bias_shifted,693.58823,199.84796,20000,S10×M2×UP10×TH10×UB10
2035,block_group,361090013021,annual_mwh_home,first_order,behaviour:stochastic,0.00153,-0.00028,0.00392,bootstrap_95_bias_shifted,693.58823,199.84796,20000,S10×M2×UP10×TH10×UB10
2035,block_group,361090013021,annual_mwh_home,first_order,behaviour:parameters_x_stochastic,0.0018,0.0007,0.00288,bootstrap_95_bias_shifted,693.58823,199.84796,20000,S10×M2×UP10×TH10×UB10
2035,block_group,361090013022,annual_mwh_home,first_order,stock,0.68955,0.63559,0.74035,bootstrap_95_bias_shifted,257.75176,79.38657,20000,S10×M2×UP10×TH10×UB10
2035,block_group,361090013022,annual_mwh_home,total_effect,stock,0.72154,0.67173,0.77431,bootstrap_95_bias_shifted,257.75176,79.38657,20000,S10×M2×UP10×TH10×UB10
2035,block_group,361090013022,annual_mwh_home,first_order,placement,0.11962,0.09117,0.14882,bootstrap_95_bias_shifted,257.75176,79.38657,20000,S10×M2×UP10×TH10×UB10
2035,block_group,361090013022,annual_mwh_home,total_effect,placement,0.17149,0.14566,0.20109,bootstrap_95_bias_shifted,257.75176,79.38657,20000,S10×M2×UP10×TH10×UB10
2035,block_group,361090013022,annual_mwh_home,first_order,behaviour,0.12991,0.07016,0.18183,bootstrap_95_bias_shifted,257.75176,79.38657,20000,S10×M2×UP10×TH10×UB10
2035,block_group,361090013022,annual_mwh_home,total_effect,behaviour,0.17425,0.11041,0.2272,bootstrap_95_bias_shifted,257.75176,79.38657,20000,S10×M2×UP10×TH10×UB10
2035,block_group,361090013022,annual_mwh_home,first_order,interaction,0.06093,0.05096,0.06945,bootstrap_95_bias_shifted,257.75176,79.38657,20000,S10×M2×UP10×TH10×UB10
2035,block_group,361090013022,annual_mwh_home,first_order,placement:weighting,0.078,0.05538,0.10143,bootstrap_95_bias_shifted,257.75176,79.38657,20000,S10×M2×UP10×TH10×UB10
2035,block_group,361090013022,annual_mwh_home,first_order,placement:sampling,0.03674,0.01205,0.06696,bootstrap_95_bias_shifted,257.75176,79.38657,20000,S10×M2×UP10×TH10×UB10
2035,block_group,361090013022,annual_mwh_home,first_order,placement:weighting_x_sampling,0.00487,0.00219,0.00768,bootstrap_95_bias_shifted,257.75176,79.38657,20000,S10×M2×UP10×TH10×UB10
2035,block_group,361090013022,annual_mwh_home,first_order,behaviour:parameters,0.12501,0.064,0.17888,bootstrap_95_bias_shifted,257.75176,79.38657,20000,S10×M2×UP10×TH10×UB10
2035,block_group,361090013022,annual_mwh_home,first_order,behaviour:stochastic,0.0011,-0.00254,0.00705,bootstrap_95_bias_shifted,257.75176,79.38657,20000,S10×M2×UP10×TH10×UB10
2035,block_group,361090013022,annual_mwh_home,first_order,behaviour:parameters_x_stochastic,0.0038,0.00131,0.00706,bootstrap_95_bias_shifted,257.75176,79.38657,20000,S10×M2×UP10×TH10×UB10
2035,block_group,361090013023,annual_mwh_home,first_order,stock,0.73926,0.70533,0.7762,bootstrap_95_bias_shifted,556.52529,177.74972,20000,S10×M2×UP10×TH10×UB10
2035,block_group,361090013023,annual_mwh_home,total_effect,stock,0.7595,0.72882,0.79398,bootstrap_95_bias_shifted,556.52529,177.74972,20000,S10×M2×UP10×TH10×UB10
2035,block_group,361090013023,annual_mwh_home,first_order,placement,0.15423,0.13717,0.17285,bootstrap_95_bias_shifted,556.52529,177.74972,20000,S10×M2×UP10×TH10×UB10
2035,block_group,361090013023,annual_mwh_home,total_effect,placement,0.17802,0.15896,0.19873,bootstrap_95_bias_shifted,556.52529,177.74972,20000,S10×M2×UP10×TH10×UB10
2035,block_group,361090013023,annual_mwh_home,first_order,behaviour,0.0767,0.04125,0.11313,bootstrap_95_bias_shifted,556.52529,177.74972,20000,S10×M2×UP10×TH10×UB10
2035,block_group,361090013023,annual_mwh_home,total_effect,behaviour,0.09444,0.05521,0.1339,bootstrap_95_bias_shifted,556.52529,177.74972,20000,S10×M2×UP10×TH10×UB10
2035,block_group,361090013023,annual_mwh_home,first_order,interaction,0.02981,0.02469,0.03588,bootstrap_95_bias_shifted,556.52529,177.74972,20000,S10×M2×UP10×TH10×UB10
2035,block_group,361090013023,annual_mwh_home,first_order,placement:weighting,0.14238,0.12488,0.15941,bootstrap_95_bias_shifted,556.52529,177.74972,20000,S10×M2×UP10×TH10×UB10
2035,block_group,361090013023,annual_mwh_home,first_order,placement:sampling,0.01062,0.00348,0.02025,bootstrap_95_bias_shifted,556.52529,177.74972,20000,S10×M2×UP10×TH10×UB10
2035,block_group,361090013023,annual_mwh_home,first_order,placement:weighting_x_sampling,0.00123,0.0004,0.0023,bootstrap_95_bias_shifted,556.52529,177.74972,20000,S10×M2×UP10×TH10×UB10
2035,block_group,361090013023,annual_mwh_home,first_order,behaviour:parameters,0.07319,0.03718,0.11028,bootstrap_95_bias_shifted,556.52529,177.74972,20000,S10×M2×UP10×TH10×UB10
2035,block_group,361090013023,annual_mwh_home,first_order,behaviour:stochastic,0.00111,-0.00057,0.0036,bootstrap_95_bias_shifted,556.52529,177.74972,20000,S10×M2×UP10×TH10×UB10
2035,block_group,361090013023,annual_mwh_home,first_order,behaviour:parameters_x_stochastic,0.00239,0.00101,0.00424,bootstrap_95_bias_shifted,556.52529,177.74972,20000,S10×M2×UP10×TH10×UB10
2035,block_group,361090014001,annual_mwh_home,first_order,stock,0.6847,0.63998,0.73343,bootstrap_95_bias_shifted,242.44972,81.53312,20000,S10×M2×UP10×TH10×UB10
2035,block_group,361090014001,annual_mwh_home,total_effect,stock,0.7138,0.67132,0.76078,bootstrap_95_bias_shifted,242.44972,81.53312,20000,S10×M2×UP10×TH10×UB10
2035,block_group,361090014001,annual_mwh_home,first_order,placement,0.15534,0.12607,0.18917,bootstrap_95_bias_shifted,242.44972,81.53312,20000,S10×M2×UP10×TH10×UB10
2035,block_group,361090014001,annual_mwh_home,total_effect,placement,0.20422,0.17462,0.23899,bootstrap_95_bias_shifted,242.44972,81.53312,20000,S10×M2×UP10×TH10×UB10
2035,block_group,361090014001,annual_mwh_home,first_order,behaviour,0.10313,0.05703,0.1475,bootstrap_95_bias_shifted,242.44972,81.53312,20000,S10×M2×UP10×TH10×UB10
2035,block_group,361090014001,annual_mwh_home,total_effect,behaviour,0.14522,0.0986,0.19214,bootstrap_95_bias_shifted,242.44972,81.53312,20000,S10×M2×UP10×TH10×UB10
2035,block_group,361090014001,annual_mwh_home,first_order,interaction,0.05683,0.04952,0.06401,bootstrap_95_bias_shifted,242.44972,81.53312,20000,S10×M2×UP10×TH10×UB10
2035,block_group,361090014001,annual_mwh_home,first_order,placement:weighting,0.12344,0.1013,0.14735,bootstrap_95_bias_shifted,242.44972,81.53312,20000,S10×M2×UP10×TH10×UB10
2035,block_group,361090014001,annual_mwh_home,first_order,placement:sampling,0.02877,0.01023,0.05118,bootstrap_95_bias_shifted,242.44972,81.53312,20000,S10×M2×UP10×TH10×UB10
2035,block_group,361090014001,annual_mwh_home,first_order,placement:weighting_x_sampling,0.00312,0.00058,0.00669,bootstrap_95_bias_shifted,242.44972,81.53312,20000,S10×M2×UP10×TH10×UB10
2035,block_group,361090014001,annual_mwh_home,first_order,behaviour:parameters,0.09235,0.05049,0.13795,bootstrap_95_bias_shifted,242.44972,81.53312,20000,S10×M2×UP10×TH10×UB10
2035,block_group,361090014001,annual_mwh_home,first_order,behaviour:stochastic,0.00878,0.00156,0.01851,bootstrap_95_bias_shifted,242.44972,81.53312,20000,S10×M2×UP10×TH10×UB10
2035,block_group,361090014001,annual_mwh_home,first_order,behaviour:parameters_x_stochastic,0.002,0.00017,0.00497,bootstrap_95_bias_shifted,242.44972,81.53312,20000,S10×M2×UP10×TH10×UB10
2035,block_group,361090014002,annual_mwh_home,first_order,stock,0.79722,0.73849,0.85462,bootstrap_95_bias_shifted,395.97163,122.24567,20000,S10×M2×UP10×TH10×UB10
2035,block_group,361090014002,annual_mwh_home,total_effect,stock,0.81952,0.76298,0.87325,bootstrap_95_bias_shifted,395.97163,122.24567,20000,S10×M2×UP10×TH10×UB10
2035,block_group,361090014002,annual_mwh_home,first_order,placement,0.04605,0.02274,0.07269,bootstrap_95_bias_shifted,395.97163,122.24567,20000,S10×M2×UP10×TH10×UB10
2035,block_group,361090014002,annual_mwh_home,total_effect,placement,0.08247,0.06061,0.11005,bootstrap_95_bias_shifted,395.97163,122.24567,20000,S10×M2×UP10×TH10×UB10
2035,block_group,361090014002,annual_mwh_home,first_order,behaviour,0.11129,0.06024,0.15939,bootstrap_95_bias_shifted,395.97163,122.24567,20000,S10×M2×UP10×TH10×UB10
2035,block_group,361090014002,annual_mwh_home,total_effect,behaviour,0.14796,0.09353,0.19889,bootstrap_95_bias_shifted,395.97163,122.24567,20000,S10×M2×UP10×TH10×UB10
2035,block_group,361090014002,annual_mwh_home,first_order,interaction,0.04545,0.03845,0.05471,bootstrap_95_bias_shifted,395.97163,122.24567,20000,S10×M2×UP10×TH10×UB10
2035,block_group,361090014002,annual_mwh_home,first_order,placement:weighting,0.01918,0.01151,0.03046,bootstrap_95_bias_shifted,395.97163,122.24567,20000,S10×M2×UP10×TH10×UB10
2035,block_group,361090014002,annual_mwh_home,first_order,placement:sampling,0.02482,0.00542,0.04864,bootstrap_95_bias_shifted,395.97163,122.24567,20000,S10×M2×UP10×TH10×UB10
2035,block_group,361090014002,annual_mwh_home,first_order,placement:weighting_x_sampling,0.00205,0.00089,0.00424,bootstrap_95_bias_shifted,395.97163,122.24567,20000,S10×M2×UP10×TH10×UB10
2035,block_group,361090014002,annual_mwh_home,first_order,behaviour:parameters,0.10899,0.05268,0.15697,bootstrap_95_bias_shifted,395.97163,122.24567,20000,S10×M2×UP10×TH10×UB10
2035,block_group,361090014002,annual_mwh_home,first_order,behaviour:stochastic,0.00015,-0.00223,0.00396,bootstrap_95_bias_shifted,395.97163,122.24567,20000,S10×M2×UP10×TH10×UB10
2035,block_group,361090014002,annual_mwh_home,first_order,behaviour:parameters_x_stochastic,0.00215,0.00056,0.00406,bootstrap_95_bias_shifted,395.97163,122.24567,20000,S10×M2×UP10×TH10×UB10
2035,block_group,361090014003,annual_mwh_home,first_order,stock,0.85315,0.79921,0.90302,bootstrap_95_bias_shifted,921.06514,255.95716,20000,S10×M2×UP10×TH10×UB10
2035,block_group,361090014003,annual_mwh_home,total_effect,stock,0.86555,0.8134,0.91201,bootstrap_95_bias_shifted,921.06514,255.95716,20000,S10×M2×UP10×TH10×UB10
2035,block_group,361090014003,annual_mwh_home,first_order,placement,0.02847,0.01646,0.04327,bootstrap_95_bias_shifted,921.06514,255.95716,20000,S10×M2×UP10×TH10×UB10
2035,block_group,361090014003,annual_mwh_home,total_effect,placement,0.04172,0.02809,0.0564,bootstrap_95_bias_shifted,921.06514,255.95716,20000,S10×M2×UP10×TH10×UB10
2035,block_group,361090014003,annual_mwh_home,first_order,behaviour,0.09842,0.05213,0.14438,bootstrap_95_bias_shifted,921.06514,255.95716,20000,S10×M2×UP10×TH10×UB10
2035,block_group,361090014003,annual_mwh_home,total_effect,behaviour,0.11425,0.06569,0.16339,bootstrap_95_bias_shifted,921.06514,255.95716,20000,S10×M2×UP10×TH10×UB10
2035,block_group,361090014003,annual_mwh_home,first_order,interaction,0.01996,0.01648,0.02342,bootstrap_95_bias_shifted,921.06514,255.95716,20000,S10×M2×UP10×TH10×UB10
2035,block_group,361090014003,annual_mwh_home,first_order,placement:weighting,0.01551,0.01019,0.02013,bootstrap_95_bias_shifted,921.06514,255.95716,20000,S10×M2×UP10×TH10×UB10
2035,block_group,361090014003,annual_mwh_home,first_order,placement:sampling,0.01192,0.00238,0.02526,bootstrap_95_bias_shifted,921.06514,255.95716,20000,S10×M2×UP10×TH10×UB10
2035,block_group,361090014003,annual_mwh_home,first_order,placement:weighting_x_sampling,0.00103,0.00025,0.00216,bootstrap_95_bias_shifted,921.06514,255.95716,20000,S10×M2×UP10×TH10×UB10
2035,block_group,361090014003,annual_mwh_home,first_order,behaviour:parameters,0.09505,0.04925,0.14129,bootstrap_95_bias_shifted,921.06514,255.95716,20000,S10×M2×UP10×TH10×UB10
2035,block_group,361090014003,annual_mwh_home,first_order,behaviour:stochastic,0.00159,-0.00042,0.00451,bootstrap_95_bias_shifted,921.06514,255.95716,20000,S10×M2×UP10×TH10×UB10
2035,block_group,361090014003,annual_mwh_home,first_order,behaviour:parameters_x_stochastic,0.00179,0.00087,0.00308,bootstrap_95_bias_shifted,921.06514,255.95716,20000,S10×M2×UP10×TH10×UB10
2035,block_group,361090015001,annual_mwh_home,first_order,stock,0.69281,0.60946,0.78254,bootstrap_95_bias_shifted,779.85466,251.90592,20000,S10×M2×UP10×TH10×UB10
2035,block_group,361090015001,annual_mwh_home,total_effect,stock,0.71779,0.63912,0.80296,bootstrap_95_bias_shifted,779.85466,251.90592,20000,S10×M2×UP10×TH10×UB10
2035,block_group,361090015001,annual_mwh_home,first_order,placement,0.05298,0.02836,0.08081,bootstrap_95_bias_shifted,779.85466,251.90592,20000,S10×M2×UP10×TH10×UB10
2035,block_group,361090015001,annual_mwh_home,total_effect,placement,0.08519,0.06145,0.11031,bootstrap_95_bias_shifted,779.85466,251.90592,20000,S10×M2×UP10×TH10×UB10
2035,block_group,361090015001,annual_mwh_home,first_order,behaviour,0.20705,0.11172,0.3032,bootstrap_95_bias_shifted,779.85466,251.90592,20000,S10×M2×UP10×TH10×UB10
2035,block_group,361090015001,annual_mwh_home,total_effect,behaviour,0.24684,0.14302,0.34932,bootstrap_95_bias_shifted,779.85466,251.90592,20000,S10×M2×UP10×TH10×UB10
2035,block_group,361090015001,annual_mwh_home,first_order,interaction,0.04716,0.03579,0.05619,bootstrap_95_bias_shifted,779.85466,251.90592,20000,S10×M2×UP10×TH10×UB10
2035,block_group,361090015001,annual_mwh_home,first_order,placement:weighting,0.04847,0.02496,0.07493,bootstrap_95_bias_shifted,779.85466,251.90592,20000,S10×M2×UP10×TH10×UB10
2035,block_group,361090015001,annual_mwh_home,first_order,placement:sampling,0.00231,-0.00011,0.00628,bootstrap_95_bias_shifted,779.85466,251.90592,20000,S10×M2×UP10×TH10×UB10
2035,block_group,361090015001,annual_mwh_home,first_order,placement:weighting_x_sampling,0.00221,0.00023,0.00495,bootstrap_95_bias_shifted,779.85466,251.90592,20000,S10×M2×UP10×TH10×UB10
2035,block_group,361090015001,annual_mwh_home,first_order,behaviour:parameters,0.2045,0.10946,0.30119,bootstrap_95_bias_shifted,779.85466,251.90592,20000,S10×M2×UP10×TH10×UB10
2035,block_group,361090015001,annual_mwh_home,first_order,behaviour:stochastic,0.00108,-0.00122,0.0043,bootstrap_95_bias_shifted,779.85466,251.90592,20000,S10×M2×UP10×TH10×UB10
2035,block_group,361090015001,annual_mwh_home,first_order,behaviour:parameters_x_stochastic,0.00148,0.00065,0.00274,bootstrap_95_bias_shifted,779.85466,251.90592,20000,S10×M2×UP10×TH10×UB10
2035,block_group,361090015002,annual_mwh_home,first_order,stock,0.81768,0.76398,0.87322,bootstrap_95_bias_shifted,932.07652,274.81028,20000,S10×M2×UP10×TH10×UB10
2035,block_group,361090015002,annual_mwh_home,total_effect,stock,0.83215,0.78208,0.88454,bootstrap_95_bias_shifted,932.07652,274.81028,20000,S10×M2×UP10×TH10×UB10
2035,block_group,361090015002,annual_mwh_home,first_order,placement,0.04654,0.03199,0.06179,bootstrap_95_bias_shifted,932.07652,274.81028,20000,S10×M2×UP10×TH10×UB10
2035,block_group,361090015002,annual_mwh_home,total_effect,placement,0.06057,0.04545,0.07636,bootstrap_95_bias_shifted,932.07652,274.81028,20000,S10×M2×UP10×TH10×UB10
2035,block_group,361090015002,annual_mwh_home,first_order,behaviour,0.11333,0.05624,0.16692,bootstrap_95_bias_shifted,932.07652,274.81028,20000,S10×M2×UP10×TH10×UB10
2035,block_group,361090015002,annual_mwh_home,total_effect,behaviour,0.13157,0.07372,0.18802,bootstrap_95_bias_shifted,932.07652,274.81028,20000,S10×M2×UP10×TH10×UB10
2035,block_group,361090015002,annual_mwh_home,first_order,interaction,0.02245,0.01862,0.0255,bootstrap_95_bias_shifted,932.07652,274.81028,20000,S10×M2×UP10×TH10×UB10
2035,block_group,361090015002,annual_mwh_home,first_order,placement:weighting,0.02091,0.01285,0.02996,bootstrap_95_bias_shifted,932.07652,274.81028,20000,S10×M2×UP10×TH10×UB10
2035,block_group,361090015002,annual_mwh_home,first_order,placement:sampling,0.02456,0.0069,0.04042,bootstrap_95_bias_shifted,932.07652,274.81028,20000,S10×M2×UP10×TH10×UB10
2035,block_group,361090015002,annual_mwh_home,first_order,placement:weighting_x_sampling,0.00107,0.00042,0.0019,bootstrap_95_bias_shifted,932.07652,274.81028,20000,S10×M2×UP10×TH10×UB10
2035,block_group,361090015002,annual_mwh_home,first_order,behaviour:parameters,0.10934,0.05446,0.16152,bootstrap_95_bias_shifted,932.07652,274.81028,20000,S10×M2×UP10×TH10×UB10
2035,block_group,361090015002,annual_mwh_home,first_order,behaviour:stochastic,0.00274,0.00062,0.00584,bootstrap_95_bias_shifted,932.07652,274.81028,20000,S10×M2×UP10×TH10×UB10
2035,block_group,361090015002,annual_mwh_home,first_order,behaviour:parameters_x_stochastic,0.00125,0.00048,0.00234,bootstrap_95_bias_shifted,932.07652,274.81028,20000,S10×M2×UP10×TH10×UB10
2035,block_group,361090015003,annual_mwh_home,first_order,stock,0.64187,0.60953,0.67694,bootstrap_95_bias_shifted,677.00891,223.93127,20000,S10×M2×UP10×TH10×UB10
2035,block_group,361090015003,annual_mwh_home,total_effect,stock,0.66318,0.63372,0.69717,bootstrap_95_bias_shifted,677.00891,223.93127,20000,S10×M2×UP10×TH10×UB10
2035,block_group,361090015003,annual_mwh_home,first_order,placement,0.23847,0.21263,0.26317,bootstrap_95_bias_shifted,677.00891,223.93127,20000,S10×M2×UP10×TH10×UB10
2035,block_group,361090015003,annual_mwh_home,total_effect,placement,0.26235,0.23571,0.28711,bootstrap_95_bias_shifted,677.00891,223.93127,20000,S10×M2×UP10×TH10×UB10
2035,block_group,361090015003,annual_mwh_home,first_order,behaviour,0.08911,0.04812,0.12579,bootstrap_95_bias_shifted,677.00891,223.93127,20000,S10×M2×UP10×TH10×UB10
2035,block_group,361090015003,annual_mwh_home,total_effect,behaviour,0.10689,0.06207,0.1463,bootstrap_95_bias_shifted,677.00891,223.93127,20000,S10×M2×UP10×TH10×UB10
2035,block_group,361090015003,annual_mwh_home,first_order,interaction,0.03055,0.02549,0.03615,bootstrap_95_bias_shifted,677.00891,223.93127,20000,S10×M2×UP10×TH10×UB10
2035,block_group,361090015003,annual_mwh_home,first_order,placement:weighting,0.21949,0.19829,0.24197,bootstrap_95_bias_shifted,677.00891,223.93127,20000,S10×M2×UP10×TH10×UB10
2035,block_group,361090015003,annual_mwh_home,first_order,placement:sampling,0.01693,0.00578,0.02809,bootstrap_95_bias_shifted,677.00891,223.93127,20000,S10×M2×UP10×TH10×UB10
2035,block_group,361090015003,annual_mwh_home,first_order,placement:weighting_x_sampling,0.00205,0.00084,0.00373,bootstrap_95_bias_shifted,677.00891,223.93127,20000,S10×M2×UP10×TH10×UB10
2035,block_group,361090015003,annual_mwh_home,first_order,behaviour:parameters,0.08529,0.04481,0.12333,bootstrap_95_bias_shifted,677.00891,223.93127,20000,S10×M2×UP10×TH10×UB10
2035,block_group,361090015003,annual_mwh_home,first_order,behaviour:stochastic,0.00249,0.00057,0.00486,bootstrap_95_bias_shifted,677.00891,223.93127,20000,S10×M2×UP10×TH10×UB10
2035,block_group,361090015003,annual_mwh_home,first_order,behaviour:parameters_x_stochastic,0.00133,0.00051,0.00244,bootstrap_95_bias_shifted,677.00891,223.93127,20000,S10×M2×UP10×TH10×UB10
2035,block_group,361090016001,annual_mwh_home,first_order,stock,0.78177,0.74658,0.82231,bootstrap_95_bias_shifted,740.81225,226.14185,20000,S10×M2×UP10×TH10×UB10
2035,block_group,361090016001,annual_mwh_home,total_effect,stock,0.7994,0.76667,0.83769,bootstrap_95_bias_shifted,740.81225,226.14185,20000,S10×M2×UP10×TH10×UB10
2035,block_group,361090016001,annual_mwh_home,first_order,placement,0.10481,0.09115,0.12062,bootstrap_95_bias_shifted,740.81225,226.14185,20000,S10×M2×UP10×TH10×UB10
2035,block_group,361090016001,annual_mwh_home,total_effect,placement,0.12581,0.11141,0.14239,bootstrap_95_bias_shifted,740.81225,226.14185,20000,S10×M2×UP10×TH10×UB10
2035,block_group,361090016001,annual_mwh_home,first_order,behaviour,0.08628,0.04784,0.1241,bootstrap_95_bias_shifted,740.81225,226.14185,20000,S10×M2×UP10×TH10×UB10
2035,block_group,361090016001,annual_mwh_home,total_effect,behaviour,0.10381,0.0631,0.14325,bootstrap_95_bias_shifted,740.81225,226.14185,20000,S10×M2×UP10×TH10×UB10
2035,block_group,361090016001,annual_mwh_home,first_order,interaction,0.02714,0.02228,0.03077,bootstrap_95_bias_shifted,740.81225,226.14185,20000,S10×M2×UP10×TH10×UB10
2035,block_group,361090016001,annual_mwh_home,first_order,placement:weighting,0.08121,0.07001,0.09203,bootstrap_95_bias_shifted,740.81225,226.14185,20000,S10×M2×UP10×TH10×UB10
2035,block_group,361090016001,annual_mwh_home,first_order,placement:sampling,0.02245,0.01144,0.03788,bootstrap_95_bias_shifted,740.81225,226.14185,20000,S10×M2×UP10×TH10×UB10
2035,block_group,361090016001,annual_mwh_home,first_order,placement:weighting_x_sampling,0.00115,0.00027,0.00206,bootstrap_95_bias_shifted,740.81225,226.14185,20000,S10×M2×UP10×TH10×UB10
2035,block_group,361090016001,annual_mwh_home,first_order,behaviour:parameters,0.08179,0.04254,0.11898,bootstrap_95_bias_shifted,740.81225,226.14185,20000,S10×M2×UP10×TH10×UB10
2035,block_group,361090016001,annual_mwh_home,first_order,behaviour:stochastic,0.00295,-0.00032,0.0071,bootstrap_95_bias_shifted,740.81225,226.14185,20000,S10×M2×UP10×TH10×UB10
2035,block_group,361090016001,annual_mwh_home,first_order,behaviour:parameters_x_stochastic,0.00153,0.00067,0.00318,bootstrap_95_bias_shifted,740.81225,226.14185,20000,S10×M2×UP10×TH10×UB10
2035,block_group,361090016002,annual_mwh_home,first_order,stock,0.82937,0.77698,0.89195,bootstrap_95_bias_shifted,836.04088,237.10141,20000,S10×M2×UP10×TH10×UB10
2035,block_group,361090016002,annual_mwh_home,total_effect,stock,0.84425,0.79366,0.90399,bootstrap_95_bias_shifted,836.04088,237.10141,20000,S10×M2×UP10×TH10×UB10
2035,block_group,361090016002,annual_mwh_home,first_order,placement,0.0214,0.01182,0.03139,bootstrap_95_bias_shifted,836.04088,237.10141,20000,S10×M2×UP10×TH10×UB10
2035,block_group,361090016002,annual_mwh_home,total_effect,placement,0.0378,0.02866,0.04799,bootstrap_95_bias_shifted,836.04088,237.10141,20000,S10×M2×UP10×TH10×UB10
2035,block_group,361090016002,annual_mwh_home,first_order,behaviour,0.12447,0.06724,0.17826,bootstrap_95_bias_shifted,836.04088,237.10141,20000,S10×M2×UP10×TH10×UB10
2035,block_group,361090016002,annual_mwh_home,total_effect,behaviour,0.14467,0.08311,0.20036,bootstrap_95_bias_shifted,836.04088,237.10141,20000,S10×M2×UP10×TH10×UB10
2035,block_group,361090016002,annual_mwh_home,first_order,interaction,0.02476,0.02071,0.02869,bootstrap_95_bias_shifted,836.04088,237.10141,20000,S10×M2×UP10×TH10×UB10
2035,block_group,361090016002,annual_mwh_home,first_order,placement:weighting,0.00766,0.00299,0.01328,bootstrap_95_bias_shifted,836.04088,237.10141,20000,S10×M2×UP10×TH10×UB10
2035,block_group,361090016002,annual_mwh_home,first_order,placement:sampling,0.01275,0.00325,0.02383,bootstrap_95_bias_shifted,836.04088,237.10141,20000,S10×M2×UP10×TH10×UB10
2035,block_group,361090016002,annual_mwh_home,first_order,placement:weighting_x_sampling,0.00099,0.0003,0.00179,bootstrap_95_bias_shifted,836.04088,237.10141,20000,S10×M2×UP10×TH10×UB10
2035,block_group,361090016002,annual_mwh_home,first_order,behaviour:parameters,0.12111,0.06391,0.176,bootstrap_95_bias_shifted,836.04088,237.10141,20000,S10×M2×UP10×TH10×UB10
2035,block_group,361090016002,annual_mwh_home,first_order,behaviour:stochastic,0.00172,-0.00034,0.00525,bootstrap_95_bias_shifted,836.04088,237.10141,20000,S10×M2×UP10×TH10×UB10
2035,block_group,361090016002,annual_mwh_home,first_order,behaviour:parameters_x_stochastic,0.00165,0.00077,0.00304,bootstrap_95_bias_shifted,836.04088,237.10141,20000,S10×M2×UP10×TH10×UB10
2035,block_group,361090016003,annual_mwh_home,first_order,stock,0.76115,0.72916,0.80653,bootstrap_95_bias_shifted,565.81066,187.89255,20000,S10×M2×UP10×TH10×UB10
2035,block_group,361090016003,annual_mwh_home,total_effect,stock,0.78078,0.74948,0.82298,bootstrap_95_bias_shifted,565.81066,187.89255,20000,S10×M2×UP10×TH10×UB10
2035,block_group,361090016003,annual_mwh_home,first_order,placement,0.14242,0.11827,0.16498,bootstrap_95_bias_shifted,565.81066,187.89255,20000,S10×M2×UP10×TH10×UB10
2035,block_group,361090016003,annual_mwh_home,total_effect,placement,0.16628,0.14343,0.19058,bootstrap_95_bias_shifted,565.81066,187.89255,20000,S10×M2×UP10×TH10×UB10
2035,block_group,361090016003,annual_mwh_home,first_order,behaviour,0.06683,0.03454,0.09811,bootstrap_95_bias_shifted,565.81066,187.89255,20000,S10×M2×UP10×TH10×UB10
2035,block_group,361090016003,annual_mwh_home,total_effect,behaviour,0.08484,0.04885,0.11871,bootstrap_95_bias_shifted,565.81066,187.89255,20000,S10×M2×UP10×TH10×UB10
2035,block_group,361090016003,annual_mwh_home,first_order,interaction,0.02959,0.02405,0.03439,bootstrap_95_bias_shifted,565.81066,187.89255,20000,S10×M2×UP10×TH10×UB10
2035,block_group,361090016003,annual_mwh_home,first_order,placement:weighting,0.12556,0.108,0.14377,bootstrap_95_bias_shifted,565.81066,187.89255,20000,S10×M2×UP10×TH10×UB10
2035,block_group,361090016003,annual_mwh_home,first_order,placement:sampling,0.01449,0.00554,0.02768,bootstrap_95_bias_shifted,565.81066,187.89255,20000,S10×M2×UP10×TH10×UB10
2035,block_group,361090016003,annual_mwh_home,first_order,placement:weighting_x_sampling,0.00237,0.00054,0.00451,bootstrap_95_bias_shifted,565.81066,187.89255,20000,S10×M2×UP10×TH10×UB10
2035,block_group,361090016003,annual_mwh_home,first_order,behaviour:parameters,0.06439,0.03331,0.09608,bootstrap_95_bias_shifted,565.81066,187.89255,20000,S10×M2×UP10×TH10×UB10
2035,block_group,361090016003,annual_mwh_home,first_order,behaviour:stochastic,0.00142,-0.00034,0.00435,bootstrap_95_bias_shifted,565.81066,187.89255,20000,S10×M2×UP10×TH10×UB10
2035,block_group,361090016003,annual_mwh_home,first_order,behaviour:parameters_x_stochastic,0.00102,0.00032,0.00227,bootstrap_95_bias_shifted,565.81066,187.89255,20000,S10×M2×UP10×TH10×UB10
2035,block_group,361090017001,annual_mwh_home,first_order,stock,0.76701,0.71307,0.81797,bootstrap_95_bias_shifted,632.62228,192.79038,20000,S10×M2×UP10×TH10×UB10
2035,block_group,361090017001,annual_mwh_home,total_effect,stock,0.78501,0.73321,0.8371,bootstrap_95_bias_shifted,632.62228,192.79038,20000,S10×M2×UP10×TH10×UB10
2035,block_group,361090017001,annual_mwh_home,first_order,placement,0.10731,0.07359,0.14761,bootstrap_95_bias_shifted,632.62228,192.79038,20000,S10×M2×UP10×TH10×UB10
2035,block_group,361090017001,annual_mwh_home,total_effect,placement,0.12967,0.09314,0.16877,bootstrap_95_bias_shifted,632.62228,192.79038,20000,S10×M2×UP10×TH10×UB10
2035,block_group,361090017001,annual_mwh_home,first_order,behaviour,0.09642,0.05503,0.14259,bootstrap_95_bias_shifted,632.62228,192.79038,20000,S10×M2×UP10×TH10×UB10
2035,block_group,361090017001,annual_mwh_home,total_effect,behaviour,0.11711,0.07322,0.16566,bootstrap_95_bias_shifted,632.62228,192.79038,20000,S10×M2×UP10×TH10×UB10
2035,block_group,361090017001,annual_mwh_home,first_order,interaction,0.02926,0.02475,0.03372,bootstrap_95_bias_shifted,632.62228,192.79038,20000,S10×M2×UP10×TH10×UB10
2035,block_group,361090017001,annual_mwh_home,first_order,placement:weighting,0.06863,0.05664,0.08329,bootstrap_95_bias_shifted,632.62228,192.79038,20000,S10×M2×UP10×TH10×UB10
2035,block_group,361090017001,annual_mwh_home,first_order,placement:sampling,0.03727,0.00824,0.0743,bootstrap_95_bias_shifted,632.62228,192.79038,20000,S10×M2×UP10×TH10×UB10
2035,block_group,361090017001,annual_mwh_home,first_order,placement:weighting_x_sampling,0.00141,0.00051,0.00262,bootstrap_95_bias_shifted,632.62228,192.79038,20000,S10×M2×UP10×TH10×UB10
2035,block_group,361090017001,annual_mwh_home,first_order,behaviour:parameters,0.09259,0.04855,0.13972,bootstrap_95_bias_shifted,632.62228,192.79038,20000,S10×M2×UP10×TH10×UB10
2035,block_group,361090017001,annual_mwh_home,first_order,behaviour:stochastic,0.00216,-2e-05,0.00536,bootstrap_95_bias_shifted,632.62228,192.79038,20000,S10×M2×UP10×TH10×UB10
2035,block_group,361090017001,annual_mwh_home,first_order,behaviour:parameters_x_stochastic,0.00167,0.00068,0.00301,bootstrap_95_bias_shifted,632.62228,192.79038,20000,S10×M2×UP10×TH10×UB10
2035,block_group,361090017002,annual_mwh_home,first_order,stock,0.55403,0.52404,0.58979,bootstrap_95_bias_shifted,509.99753,190.44414,20000,S10×M2×UP10×TH10×UB10
2035,block_group,361090017002,annual_mwh_home,total_effect,stock,0.5859,0.5574,0.61904,bootstrap_95_bias_shifted,509.99753,190.44414,20000,S10×M2×UP10×TH10×UB10
2035,block_group,361090017002,annual_mwh_home,first_order,placement,0.35198,0.32517,0.38091,bootstrap_95_bias_shifted,509.99753,190.44414,20000,S10×M2×UP10×TH10×UB10
2035,block_group,361090017002,annual_mwh_home,total_effect,placement,0.3899,0.36221,0.4184,bootstrap_95_bias_shifted,509.99753,190.44414,20000,S10×M2×UP10×TH10×UB10
2035,block_group,361090017002,annual_mwh_home,first_order,behaviour,0.05195,0.02855,0.07769,bootstrap_95_bias_shifted,509.99753,190.44414,20000,S10×M2×UP10×TH10×UB10
2035,block_group,361090017002,annual_mwh_home,total_effect,behaviour,0.06846,0.04284,0.09672,bootstrap_95_bias_shifted,509.99753,190.44414,20000,S10×M2×UP10×TH10×UB10
2035,block_group,361090017002,annual_mwh_home,first_order,interaction,0.04203,0.0382,0.04627,bootstrap_95_bias_shifted,509.99753,190.44414,20000,S10×M2×UP10×TH10×UB10
2035,block_group,361090017002,annual_mwh_home,first_order,placement:weighting,0.32546,0.30296,0.35662,bootstrap_95_bias_shifted,509.99753,190.44414,20000,S10×M2×UP10×TH10×UB10
2035,block_group,361090017002,annual_mwh_home,first_order,placement:sampling,0.02333,0.00694,0.04785,bootstrap_95_bias_shifted,509.99753,190.44414,20000,S10×M2×UP10×TH10×UB10
2035,block_group,361090017002,annual_mwh_home,first_order,placement:weighting_x_sampling,0.00319,0.00117,0.00512,bootstrap_95_bias_shifted,509.99753,190.44414,20000,S10×M2×UP10×TH10×UB10
2035,block_group,361090017002,annual_mwh_home,first_order,behaviour:parameters,0.05034,0.02674,0.07692,bootstrap_95_bias_shifted,509.99753,190.44414,20000,S10×M2×UP10×TH10×UB10
2035,block_group,361090017002,annual_mwh_home,first_order,behaviour:stochastic,0.00065,-0.00054,0.0025,bootstrap_95_bias_shifted,509.99753,190.44414,20000,S10×M2×UP10×TH10×UB10
2035,block_group,361090017002,annual_mwh_home,first_order,behaviour:parameters_x_stochastic,0.00096,0.00021,0.00228,bootstrap_95_bias_shifted,509.99753,190.44414,20000,S10×M2×UP10×TH10×UB10
2035,block_group,361090017003,annual_mwh_home,first_order,stock,0.61966,0.56706,0.65808,bootstrap_95_bias_shifted,225.30346,74.42228,20000,S10×M2×UP10×TH10×UB10
2035,block_group,361090017003,annual_mwh_home,total_effect,stock,0.65821,0.60412,0.69849,bootstrap_95_bias_shifted,225.30346,74.42228,20000,S10×M2×UP10×TH10×UB10
2035,block_group,361090017003,annual_mwh_home,first_order,placement,0.24419,0.21048,0.27208,bootstrap_95_bias_shifted,225.30346,74.42228,20000,S10×M2×UP10×TH10×UB10
2035,block_group,361090017003,annual_mwh_home,total_effect,placement,0.30642,0.27342,0.3362,bootstrap_95_bias_shifted,225.30346,74.42228,20000,S10×M2×UP10×TH10×UB10
2035,block_group,361090017003,annual_mwh_home,first_order,behaviour,0.06912,0.03599,0.10145,bootstrap_95_bias_shifted,225.30346,74.42228,20000,S10×M2×UP10×TH10×UB10
2035,block_group,361090017003,annual_mwh_home,total_effect,behaviour,0.10886,0.07457,0.14544,bootstrap_95_bias_shifted,225.30346,74.42228,20000,S10×M2×UP10×TH10×UB10
2035,block_group,361090017003,annual_mwh_home,first_order,interaction,0.06703,0.05813,0.07583,bootstrap_95_bias_shifted,225.30346,74.42228,20000,S10×M2×UP10×TH10×UB10
2035,block_group,361090017003,annual_mwh_home,first_order,placement:weighting,0.19663,0.16379,0.23055,bootstrap_95_bias_shifted,225.30346,74.42228,20000,S10×M2×UP10×TH10×UB10
2035,block_group,361090017003,annual_mwh_home,first_order,placement:sampling,0.04277,0.02017,0.06743,bootstrap_95_bias_shifted,225.30346,74.42228,20000,S10×M2×UP10×TH10×UB10
2035,block_group,361090017003,annual_mwh_home,first_order,placement:weighting_x_sampling,0.00479,0.00185,0.00814,bootstrap_95_bias_shifted,225.30346,74.42228,20000,S10×M2×UP10×TH10×UB10
2035,block_group,361090017003,annual_mwh_home,first_order,behaviour:parameters,0.06199,0.03049,0.09339,bootstrap_95_bias_shifted,225.30346,74.42228,20000,S10×M2×UP10×TH10×UB10
2035,block_group,361090017003,annual_mwh_home,first_order,behaviour:stochastic,0.00486,-0.00179,0.01627,bootstrap_95_bias_shifted,225.30346,74.42228,20000,S10×M2×UP10×TH10×UB10
2035,block_group,361090017003,annual_mwh_home,first_order,behaviour:parameters_x_stochastic,0.00227,0.0005,0.00492,bootstrap_95_bias_shifted,225.30346,74.42228,20000,S10×M2×UP10×TH10×UB10
2035,block_group,361090018001,annual_mwh_home,first_order,stock,0.76631,0.71128,0.81905,bootstrap_95_bias_shifted,393.92356,121.0564,20000,S10×M2×UP10×TH10×UB10
2035,block_group,361090018001,annual_mwh_home,total_effect,stock,0.78795,0.73452,0.84204,bootstrap_95_bias_shifted,393.92356,121.0564,20000,S10×M2×UP10×TH10×UB10
2035,block_group,361090018001,annual_mwh_home,first_order,placement,0.10557,0.07067,0.14323,bootstrap_95_bias_shifted,393.92356,121.0564,20000,S10×M2×UP10×TH10×UB10
2035,block_group,361090018001,annual_mwh_home,total_effect,placement,0.14071,0.1077,0.17373,bootstrap_95_bias_shifted,393.92356,121.0564,20000,S10×M2×UP10×TH10×UB10
2035,block_group,361090018001,annual_mwh_home,first_order,behaviour,0.08659,0.04647,0.13042,bootstrap_95_bias_shifted,393.92356,121.0564,20000,S10×M2×UP10×TH10×UB10
2035,block_group,361090018001,annual_mwh_home,total_effect,behaviour,0.1167,0.0729,0.1623,bootstrap_95_bias_shifted,393.92356,121.0564,20000,S10×M2×UP10×TH10×UB10
2035,block_group,361090018001,annual_mwh_home,first_order,interaction,0.04153,0.03374,0.04836,bootstrap_95_bias_shifted,393.92356,121.0564,20000,S10×M2×UP10×TH10×UB10
2035,block_group,361090018001,annual_mwh_home,first_order,placement:weighting,0.07194,0.04784,0.09806,bootstrap_95_bias_shifted,393.92356,121.0564,20000,S10×M2×UP10×TH10×UB10
2035,block_group,361090018001,annual_mwh_home,first_order,placement:sampling,0.0256,0.01137,0.04672,bootstrap_95_bias_shifted,393.92356,121.0564,20000,S10×M2×UP10×TH10×UB10
2035,block_group,361090018001,annual_mwh_home,first_order,placement:weighting_x_sampling,0.00804,0.00311,0.01375,bootstrap_95_bias_shifted,393.92356,121.0564,20000,S10×M2×UP10×TH10×UB10
2035,block_group,361090018001,annual_mwh_home,first_order,behaviour:parameters,0.08366,0.04409,0.12929,bootstrap_95_bias_shifted,393.92356,121.0564,20000,S10×M2×UP10×TH10×UB10
2035,block_group,361090018001,annual_mwh_home,first_order,behaviour:stochastic,0.00133,-0.00131,0.00558,bootstrap_95_bias_shifted,393.92356,121.0564,20000,S10×M2×UP10×TH10×UB10
2035,block_group,361090018001,annual_mwh_home,first_order,behaviour:parameters_x_stochastic,0.00161,0.00027,0.00346,bootstrap_95_bias_shifted,393.92356,121.0564,20000,S10×M2×UP10×TH10×UB10
2035,block_group,361090018002,annual_mwh_home,first_order,stock,0.74981,0.70653,0.79867,bootstrap_95_bias_shifted,352.12129,111.13257,20000,S10×M2×UP10×TH10×UB10
2035,block_group,361090018002,annual_mwh_home,total_effect,stock,0.77157,0.73237,0.81444,bootstrap_95_bias_shifted,352.12129,111.13257,20000,S10×M2×UP10×TH10×UB10
2035,block_group,361090018002,annual_mwh_home,first_order,placement,0.12849,0.09325,0.16018,bootstrap_95_bias_shifted,352.12129,111.13257,20000,S10×M2×UP10×TH10×UB10
2035,block_group,361090018002,annual_mwh_home,total_effect,placement,0.16576,0.13067,0.19926,bootstrap_95_bias_shifted,352.12129,111.13257,20000,S10×M2×UP10×TH10×UB10
2035,block_group,361090018002,annual_mwh_home,first_order,behaviour,0.07828,0.04012,0.11868,bootstrap_95_bias_shifted,352.12129,111.13257,20000,S10×M2×UP10×TH10×UB10
2035,block_group,361090018002,annual_mwh_home,total_effect,behaviour,0.11009,0.06831,0.15634,bootstrap_95_bias_shifted,352.12129,111.13257,20000,S10×M2×UP10×TH10×UB10
2035,block_group,361090018002,annual_mwh_home,first_order,interaction,0.04343,0.03501,0.05223,bootstrap_95_bias_shifted,352.12129,111.13257,20000,S10×M2×UP10×TH10×UB10
2035,block_group,361090018002,annual_mwh_home,first_order,placement:weighting,0.10239,0.07461,0.12955,bootstrap_95_bias_shifted,352.12129,111.13257,20000,S10×M2×UP10×TH10×UB10
2035,block_group,361090018002,annual_mwh_home,first_order,placement:sampling,0.01955,0.00203,0.04311,bootstrap_95_bias_shifted,352.12129,111.13257,20000,S10×M2×UP10×TH10×UB10
2035,block_group,361090018002,annual_mwh_home,first_order,placement:weighting_x_sampling,0.00655,0.00313,0.01121,bootstrap_95_bias_shifted,352.12129,111.13257,20000,S10×M2×UP10×TH10×UB10
2035,block_group,361090018002,annual_mwh_home,first_order,behaviour:parameters,0.07443,0.0362,0.11372,bootstrap_95_bias_shifted,352.12129,111.13257,20000,S10×M2×UP10×TH10×UB10
2035,block_group,361090018002,annual_mwh_home,first_order,behaviour:stochastic,0.0025,-0.0008,0.00632,bootstrap_95_bias_shifted,352.12129,111.13257,20000,S10×M2×UP10×TH10×UB10
2035,block_group,361090018002,annual_mwh_home,first_order,behaviour:parameters_x_stochastic,0.00134,0.00011,0.00297,bootstrap_95_bias_shifted,352.12129,111.13257,20000,S10×M2×UP10×TH10×UB10
2035,block_group,361090018003,annual_mwh_home,first_order,stock,0.73348,0.67893,0.78124,bootstrap_95_bias_shifted,260.05509,85.11938,20000,S10×M2×UP10×TH10×UB10
2035,block_group,361090018003,annual_mwh_home,total_effect,stock,0.75562,0.70222,0.80283,bootstrap_95_bias_shifted,260.05509,85.11938,20000,S10×M2×UP10×TH10×UB10
2035,block_group,361090018003,annual_mwh_home,first_order,placement,0.14958,0.11353,0.19808,bootstrap_95_bias_shifted,260.05509,85.11938,20000,S10×M2×UP10×TH10×UB10
2035,block_group,361090018003,annual_mwh_home,total_effect,placement,0.19065,0.15204,0.23614,bootstrap_95_bias_shifted,260.05509,85.11938,20000,S10×M2×UP10×TH10×UB10
2035,block_group,361090018003,annual_mwh_home,first_order,behaviour,0.07015,0.03602,0.10772,bootstrap_95_bias_shifted,260.05509,85.11938,20000,S10×M2×UP10×TH10×UB10
2035,block_group,361090018003,annual_mwh_home,total_effect,behaviour,0.10527,0.06834,0.14503,bootstrap_95_bias_shifted,260.05509,85.11938,20000,S10×M2×UP10×TH10×UB10
2035,block_group,361090018003,annual_mwh_home,first_order,interaction,0.04679,0.03944,0.05491,bootstrap_95_bias_shifted,260.05509,85.11938,20000,S10×M2×UP10×TH10×UB10
2035,block_group,361090018003,annual_mwh_home,first_order,placement:weighting,0.08612,0.06696,0.10665,bootstrap_95_bias_shifted,260.05509,85.11938,20000,S10×M2×UP10×TH10×UB10
2035,block_group,361090018003,annual_mwh_home,first_order,placement:sampling,0.05918,0.01922,0.10544,bootstrap_95_bias_shifted,260.05509,85.11938,20000,S10×M2×UP10×TH10×UB10
2035,block_group,361090018003,annual_mwh_home,first_order,placement:weighting_x_sampling,0.00428,0.00153,0.00757,bootstrap_95_bias_shifted,260.05509,85.11938,20000,S10×M2×UP10×TH10×UB10
2035,block_group,361090018003,annual_mwh_home,first_order,behaviour:parameters,0.06842,0.03356,0.10559,bootstrap_95_bias_shifted,260.05509,85.11938,20000,S10×M2×UP10×TH10×UB10
2035,block_group,361090018003,annual_mwh_home,first_order,behaviour:stochastic,0.0001,-0.002,0.00348,bootstrap_95_bias_shifted,260.05509,85.11938,20000,S10×M2×UP10×TH10×UB10
2035,block_group,361090018003,annual_mwh_home,first_order,behaviour:parameters_x_stochastic,0.00162,4e-05,0.00374,bootstrap_95_bias_shifted,260.05509,85.11938,20000,S10×M2×UP10×TH10×UB10
2035,block_group,361090019011,annual_mwh_home,first_order,stock,0.87102,0.82248,0.91964,bootstrap_95_bias_shifted,573.32394,164.80508,20000,S10×M2×UP10×TH10×UB10
2035,block_group,361090019011,annual_mwh_home,total_effect,stock,0.88531,0.83967,0.93197,bootstrap_95_bias_shifted,573.32394,164.80508,20000,S10×M2×UP10×TH10×UB10
2035,block_group,361090019011,annual_mwh_home,first_order,placement,0.01564,0.00343,0.03467,bootstrap_95_bias_shifted,573.32394,164.80508,20000,S10×M2×UP10×TH10×UB10
2035,block_group,361090019011,annual_mwh_home,total_effect,placement,0.03527,0.02181,0.05452,bootstrap_95_bias_shifted,573.32394,164.80508,20000,S10×M2×UP10×TH10×UB10
2035,block_group,361090019011,annual_mwh_home,first_order,behaviour,0.08731,0.04559,0.13006,bootstrap_95_bias_shifted,573.32394,164.80508,20000,S10×M2×UP10×TH10×UB10
2035,block_group,361090019011,annual_mwh_home,total_effect,behaviour,0.10814,0.06411,0.15463,bootstrap_95_bias_shifted,573.32394,164.80508,20000,S10×M2×UP10×TH10×UB10
2035,block_group,361090019011,annual_mwh_home,first_order,interaction,0.02603,0.02181,0.03004,bootstrap_95_bias_shifted,573.32394,164.80508,20000,S10×M2×UP10×TH10×UB10
2035,block_group,361090019011,annual_mwh_home,first_order,placement:weighting,-0.00011,-0.00032,0.00052,bootstrap_95_bias_shifted,573.32394,164.80508,20000,S10×M2×UP10×TH10×UB10
2035,block_group,361090019011,annual_mwh_home,first_order,placement:sampling,0.01489,0.00278,0.03406,bootstrap_95_bias_shifted,573.32394,164.80508,20000,S10×M2×UP10×TH10×UB10
2035,block_group,361090019011,annual_mwh_home,first_order,placement:weighting_x_sampling,0.00086,0.00028,0.00158,bootstrap_95_bias_shifted,573.32394,164.80508,20000,S10×M2×UP10×TH10×UB10
2035,block_group,361090019011,annual_mwh_home,first_order,behaviour:parameters,0.08391,0.0418,0.12539,bootstrap_95_bias_shifted,573.32394,164.80508,20000,S10×M2×UP10×TH10×UB10
2035,block_group,361090019011,annual_mwh_home,first_order,behaviour:stochastic,0.00218,-0.00048,0.00713,bootstrap_95_bias_shifted,573.32394,164.80508,20000,S10×M2×UP10×TH10×UB10
2035,block_group,361090019011,annual_mwh_home,first_order,behaviour:parameters_x_stochastic,0.00122,0.00038,0.00253,bootstrap_95_bias_shifted,573.32394,164.80508,20000,S10×M2×UP10×TH10×UB10
2035,block_group,361090019012,annual_mwh_home,first_order,stock,0.83458,0.78722,0.88654,bootstrap_95_bias_shifted,727.33336,212.42508,20000,S10×M2×UP10×TH10×UB10
2035,block_group,361090019012,annual_mwh_home,total_effect,stock,0.84829,0.80376,0.8968,bootstrap_95_bias_shifted,727.33336,212.42508,20000,S10×M2×UP10×TH10×UB10
2035,block_group,361090019012,annual_mwh_home,first_order,placement,0.04035,0.0202,0.06216,bootstrap_95_bias_shifted,727.33336,212.42508,20000,S10×M2×UP10×TH10×UB10
2035,block_group,361090019012,annual_mwh_home,total_effect,placement,0.05887,0.03849,0.08234,bootstrap_95_bias_shifted,727.33336,212.42508,20000,S10×M2×UP10×TH10×UB10
2035,block_group,361090019012,annual_mwh_home,first_order,behaviour,0.0992,0.04902,0.14445,bootstrap_95_bias_shifted,727.33336,212.42508,20000,S10×M2×UP10×TH10×UB10
2035,block_group,361090019012,annual_mwh_home,total_effect,behaviour,0.12087,0.07135,0.16975,bootstrap_95_bias_shifted,727.33336,212.42508,20000,S10×M2×UP10×TH10×UB10
2035,block_group,361090019012,annual_mwh_home,first_order,interaction,0.02587,0.02133,0.03047,bootstrap_95_bias_shifted,727.33336,212.42508,20000,S10×M2×UP10×TH10×UB10
2035,block_group,361090019012,annual_mwh_home,first_order,placement:weighting,0.01467,0.00981,0.01995,bootstrap_95_bias_shifted,727.33336,212.42508,20000,S10×M2×UP10×TH10×UB10
2035,block_group,361090019012,annual_mwh_home,first_order,placement:sampling,0.02445,0.00675,0.0461,bootstrap_95_bias_shifted,727.33336,212.42508,20000,S10×M2×UP10×TH10×UB10
2035,block_group,361090019012,annual_mwh_home,first_order,placement:weighting_x_sampling,0.00122,0.00036,0.00244,bootstrap_95_bias_shifted,727.33336,212.42508,20000,S10×M2×UP10×TH10×UB10
2035,block_group,361090019012,annual_mwh_home,first_order,behaviour:parameters,0.09815,0.04899,0.14283,bootstrap_95_bias_shifted,727.33336,212.42508,20000,S10×M2×UP10×TH10×UB10
2035,block_group,361090019012,annual_mwh_home,first_order,behaviour:stochastic,-0.00039,-0.00142,0.00138,bootstrap_95_bias_shifted,727.33336,212.42508,20000,S10×M2×UP10×TH10×UB10
2035,block_group,361090019012,annual_mwh_home,first_order,behaviour:parameters_x_stochastic,0.00144,0.00045,0.00297,bootstrap_95_bias_shifted,727.33336,212.42508,20000,S10×M2×UP10×TH10×UB10
2035,block_group,361090019021,annual_mwh_home,first_order,stock,0.80633,0.76342,0.85329,bootstrap_95_bias_shifted,541.84851,158.50005,20000,S10×M2×UP10×TH10×UB10
2035,block_group,361090019021,annual_mwh_home,total_effect,stock,0.82063,0.7802,0.8611,bootstrap_95_bias_shifted,541.84851,158.50005,20000,S10×M2×UP10×TH10×UB10
2035,block_group,361090019021,annual_mwh_home,first_order,placement,0.07933,0.06237,0.09394,bootstrap_95_bias_shifted,541.84851,158.50005,20000,S10×M2×UP10×TH10×UB10
2035,block_group,361090019021,annual_mwh_home,total_effect,placement,0.09951,0.08297,0.11534,bootstrap_95_bias_shifted,541.84851,158.50005,20000,S10×M2×UP10×TH10×UB10
2035,block_group,361090019021,annual_mwh_home,first_order,behaviour,0.08793,0.04686,0.12724,bootstrap_95_bias_shifted,541.84851,158.50005,20000,S10×M2×UP10×TH10×UB10
2035,block_group,361090019021,annual_mwh_home,total_effect,behaviour,0.10864,0.06345,0.15011,bootstrap_95_bias_shifted,541.84851,158.50005,20000,S10×M2×UP10×TH10×UB10
2035,block_group,361090019021,annual_mwh_home,first_order,interaction,0.02641,0.0217,0.03043,bootstrap_95_bias_shifted,541.84851,158.50005,20000,S10×M2×UP10×TH10×UB10
2035,block_group,361090019021,annual_mwh_home,first_order,placement:weighting,0.04318,0.03493,0.05416,bootstrap_95_bias_shifted,541.84851,158.50005,20000,S10×M2×UP10×TH10×UB10
2035,block_group,361090019021,annual_mwh_home,first_order,placement:sampling,0.03488,0.01729,0.05264,bootstrap_95_bias_shifted,541.84851,158.50005,20000,S10×M2×UP10×TH10×UB10
2035,block_group,361090019021,annual_mwh_home,first_order,placement:weighting_x_sampling,0.00126,0.00043,0.00227,bootstrap_95_bias_shifted,541.84851,158.50005,20000,S10×M2×UP10×TH10×UB10
2035,block_group,361090019021,annual_mwh_home,first_order,behaviour:parameters,0.08478,0.04248,0.12537,bootstrap_95_bias_shifted,541.84851,158.50005,20000,S10×M2×UP10×TH10×UB10
2035,block_group,361090019021,annual_mwh_home,first_order,behaviour:stochastic,0.00158,-0.00032,0.00476,bootstrap_95_bias_shifted,541.84851,158.50005,20000,S10×M2×UP10×TH10×UB10
2035,block_group,361090019021,annual_mwh_home,first_order,behaviour:parameters_x_stochastic,0.00158,0.0004,0.00314,bootstrap_95_bias_shifted,541.84851,158.50005,20000,S10×M2×UP10×TH10×UB10
2035,block_group,361090019022,annual_mwh_home,first_order,stock,0.73137,0.69426,0.76752,bootstrap_95_bias_shifted,722.23586,232.97489,20000,S10×M2×UP10×TH10×UB10
2035,block_group,361090019022,annual_mwh_home,total_effect,stock,0.75085,0.71503,0.78433,bootstrap_95_bias_shifted,722.23586,232.97489,20000,S10×M2×UP10×TH10×UB10
2035,block_group,361090019022,annual_mwh_home,first_order,placement,0.15703,0.142,0.17182,bootstrap_95_bias_shifted,722.23586,232.97489,20000,S10×M2×UP10×TH10×UB10
2035,block_group,361090019022,annual_mwh_home,total_effect,placement,0.1796,0.1629,0.19645,bootstrap_95_bias_shifted,722.23586,232.97489,20000,S10×M2×UP10×TH10×UB10
2035,block_group,361090019022,annual_mwh_home,first_order,behaviour,0.08257,0.04297,0.11726,bootstrap_95_bias_shifted,722.23586,232.97489,20000,S10×M2×UP10×TH10×UB10
2035,block_group,361090019022,annual_mwh_home,total_effect,behaviour,0.10032,0.05849,0.13846,bootstrap_95_bias_shifted,722.23586,232.97489,20000,S10×M2×UP10×TH10×UB10
2035,block_group,361090019022,annual_mwh_home,first_order,interaction,0.02902,0.02304,0.03374,bootstrap_95_bias_shifted,722.23586,232.97489,20000,S10×M2×UP10×TH10×UB10
2035,block_group,361090019022,annual_mwh_home,first_order,placement:weighting,0.14365,0.12976,0.15971,bootstrap_95_bias_shifted,722.23586,232.97489,20000,S10×M2×UP10×TH10×UB10
2035,block_group,361090019022,annual_mwh_home,first_order,placement:sampling,0.01192,0.00389,0.0228,bootstrap_95_bias_shifted,722.23586,232.97489,20000,S10×M2×UP10×TH10×UB10
2035,block_group,361090019022,annual_mwh_home,first_order,placement:weighting_x_sampling,0.00146,0.00041,0.00276,bootstrap_95_bias_shifted,722.23586,232.97489,20000,S10×M2×UP10×TH10×UB10
2035,block_group,361090019022,annual_mwh_home,first_order,behaviour:parameters,0.08135,0.04172,0.11657,bootstrap_95_bias_shifted,722.23586,232.97489,20000,S10×M2×UP10×TH10×UB10
2035,block_group,361090019022,annual_mwh_home,first_order,behaviour:stochastic,9e-05,-0.00089,0.00176,bootstrap_95_bias_shifted,722.23586,232.97489,20000,S10×M2×UP10×TH10×UB10
2035,block_group,361090019022,annual_mwh_home,first_order,behaviour:parameters_x_stochastic,0.00113,0.00041,0.00195,bootstrap_95_bias_shifted,722.23586,232.97489,20000,S10×M2×UP10×TH10×UB10
2035,block_group,361090020001,annual_mwh_home,first_order,stock,0.72267,0.65565,0.78515,bootstrap_95_bias_shifted,241.8788,72.86606,20000,S10×M2×UP10×TH10×UB10
2035,block_group,361090020001,annual_mwh_home,total_effect,stock,0.75422,0.69247,0.81491,bootstrap_95_bias_shifted,241.8788,72.86606,20000,S10×M2×UP10×TH10×UB10
2035,block_group,361090020001,annual_mwh_home,first_order,placement,0.08422,0.0492,0.12053,bootstrap_95_bias_shifted,241.8788,72.86606,20000,S10×M2×UP10×TH10×UB10
2035,block_group,361090020001,annual_mwh_home,total_effect,placement,0.14512,0.10762,0.18331,bootstrap_95_bias_shifted,241.8788,72.86606,20000,S10×M2×UP10×TH10×UB10
2035,block_group,361090020001,annual_mwh_home,first_order,behaviour,0.12405,0.06784,0.17957,bootstrap_95_bias_shifted,241.8788,72.86606,20000,S10×M2×UP10×TH10×UB10
2035,block_group,361090020001,annual_mwh_home,total_effect,behaviour,0.17659,0.12057,0.23907,bootstrap_95_bias_shifted,241.8788,72.86606,20000,S10×M2×UP10×TH10×UB10
2035,block_group,361090020001,annual_mwh_home,first_order,interaction,0.06906,0.05878,0.07958,bootstrap_95_bias_shifted,241.8788,72.86606,20000,S10×M2×UP10×TH10×UB10
2035,block_group,361090020001,annual_mwh_home,first_order,placement:weighting,0.02277,0.0124,0.03271,bootstrap_95_bias_shifted,241.8788,72.86606,20000,S10×M2×UP10×TH10×UB10
2035,block_group,361090020001,annual_mwh_home,first_order,placement:sampling,0.06008,0.02641,0.09535,bootstrap_95_bias_shifted,241.8788,72.86606,20000,S10×M2×UP10×TH10×UB10
2035,block_group,361090020001,annual_mwh_home,first_order,placement:weighting_x_sampling,0.00138,8e-05,0.00423,bootstrap_95_bias_shifted,241.8788,72.86606,20000,S10×M2×UP10×TH10×UB10
2035,block_group,361090020001,annual_mwh_home,first_order,behaviour:parameters,0.1108,0.05489,0.16751,bootstrap_95_bias_shifted,241.8788,72.86606,20000,S10×M2×UP10×TH10×UB10
2035,block_group,361090020001,annual_mwh_home,first_order,behaviour:stochastic,0.01167,0.00139,0.02504,bootstrap_95_bias_shifted,241.8788,72.86606,20000,S10×M2×UP10×TH10×UB10
2035,block_group,361090020001,annual_mwh_home,first_order,behaviour:parameters_x_stochastic,0.00157,-0.0001,0.00401,bootstrap_95_bias_shifted,241.8788,72.86606,20000,S10×M2×UP10×TH10×UB10
2035,block_group,361090020002,annual_mwh_home,first_order,stock,0.80782,0.76383,0.86015,bootstrap_95_bias_shifted,327.88317,100.58475,20000,S10×M2×UP10×TH10×UB10
2035,block_group,361090020002,annual_mwh_home,total_effect,stock,0.82807,0.78355,0.87838,bootstrap_95_bias_shifted,327.88317,100.58475,20000,S10×M2×UP10×TH10×UB10
2035,block_group,361090020002,annual_mwh_home,first_order,placement,0.06688,0.03581,0.10352,bootstrap_95_bias_shifted,327.88317,100.58475,20000,S10×M2×UP10×TH10×UB10
2035,block_group,361090020002,annual_mwh_home,total_effect,placement,0.1007,0.06876,0.13455,bootstrap_95_bias_shifted,327.88317,100.58475,20000,S10×M2×UP10×TH10×UB10
2035,block_group,361090020002,annual_mwh_home,first_order,behaviour,0.0848,0.04653,0.12374,bootstrap_95_bias_shifted,327.88317,100.58475,20000,S10×M2×UP10×TH10×UB10
2035,block_group,361090020002,annual_mwh_home,total_effect,behaviour,0.11612,0.07511,0.15699,bootstrap_95_bias_shifted,327.88317,100.58475,20000,S10×M2×UP10×TH10×UB10
2035,block_group,361090020002,annual_mwh_home,first_order,interaction,0.0405,0.03387,0.04701,bootstrap_95_bias_shifted,327.88317,100.58475,20000,S10×M2×UP10×TH10×UB10
2035,block_group,361090020002,annual_mwh_home,first_order,placement:weighting,0.01658,0.00998,0.02395,bootstrap_95_bias_shifted,327.88317,100.58475,20000,S10×M2×UP10×TH10×UB10
2035,block_group,361090020002,annual_mwh_home,first_order,placement:sampling,0.04827,0.01919,0.08265,bootstrap_95_bias_shifted,327.88317,100.58475,20000,S10×M2×UP10×TH10×UB10
2035,block_group,361090020002,annual_mwh_home,first_order,placement:weighting_x_sampling,0.00203,0.00079,0.00389,bootstrap_95_bias_shifted,327.88317,100.58475,20000,S10×M2×UP10×TH10×UB10
2035,block_group,361090020002,annual_mwh_home,first_order,behaviour:parameters,0.08244,0.04381,0.12096,bootstrap_95_bias_shifted,327.88317,100.58475,20000,S10×M2×UP10×TH10×UB10
2035,block_group,361090020002,annual_mwh_home,first_order,behaviour:stochastic,0.00089,-0.00141,0.0049,bootstrap_95_bias_shifted,327.88317,100.58475,20000,S10×M2×UP10×TH10×UB10
2035,block_group,361090020002,annual_mwh_home,first_order,behaviour:parameters_x_stochastic,0.00147,0.00017,0.00332,bootstrap_95_bias_shifted,327.88317,100.58475,20000,S10×M2×UP10×TH10×UB10
2035,block_group,361090020003,annual_mwh_home,first_order,stock,0.79926,0.74874,0.85786,bootstrap_95_bias_shifted,320.78151,98.13246,20000,S10×M2×UP10×TH10×UB10
2035,block_group,361090020003,annual_mwh_home,total_effect,stock,0.82189,0.77359,0.88003,bootstrap_95_bias_shifted,320.78151,98.13246,20000,S10×M2×UP10×TH10×UB10
2035,block_group,361090020003,annual_mwh_home,first_order,placement,0.04456,0.01366,0.07745,bootstrap_95_bias_shifted,320.78151,98.13246,20000,S10×M2×UP10×TH10×UB10
2035,block_group,361090020003,annual_mwh_home,total_effect,placement,0.08436,0.05325,0.11623,bootstrap_95_bias_shifted,320.78151,98.13246,20000,S10×M2×UP10×TH10×UB10
2035,block_group,361090020003,annual_mwh_home,first_order,behaviour,0.10845,0.05875,0.15833,bootstrap_95_bias_shifted,320.78151,98.13246,20000,S10×M2×UP10×TH10×UB10
2035,block_group,361090020003,annual_mwh_home,total_effect,behaviour,0.1462,0.09328,0.2001,bootstrap_95_bias_shifted,320.78151,98.13246,20000,S10×M2×UP10×TH10×UB10
2035,block_group,361090020003,annual_mwh_home,first_order,interaction,0.04773,0.04014,0.05592,bootstrap_95_bias_shifted,320.78151,98.13246,20000,S10×M2×UP10×TH10×UB10
2035,block_group,361090020003,annual_mwh_home,first_order,placement:weighting,0.00265,-0.00089,0.01031,bootstrap_95_bias_shifted,320.78151,98.13246,20000,S10×M2×UP10×TH10×UB10
2035,block_group,361090020003,annual_mwh_home,first_order,placement:sampling,0.03673,0.00897,0.06868,bootstrap_95_bias_shifted,320.78151,98.13246,20000,S10×M2×UP10×TH10×UB10
2035,block_group,361090020003,annual_mwh_home,first_order,placement:weighting_x_sampling,0.00518,0.00129,0.00969,bootstrap_95_bias_shifted,320.78151,98.13246,20000,S10×M2×UP10×TH10×UB10
2035,block_group,361090020003,annual_mwh_home,first_order,behaviour:parameters,0.10547,0.05477,0.15629,bootstrap_95_bias_shifted,320.78151,98.13246,20000,S10×M2×UP10×TH10×UB10
2035,block_group,361090020003,annual_mwh_home,first_order,behaviour:stochastic,0.00147,-0.00128,0.0063,bootstrap_95_bias_shifted,320.78151,98.13246,20000,S10×M2×UP10×TH10×UB10
2035,block_group,361090020003,annual_mwh_home,first_order,behaviour:parameters_x_stochastic,0.00151,0.00024,0.00356,bootstrap_95_bias_shifted,320.78151,98.13246,20000,S10×M2×UP10×TH10×UB10
2035,block_group,361090021001,annual_mwh_home,first_order,stock,0.78013,0.72288,0.83667,bootstrap_95_bias_shifted,315.40603,99.43405,20000,S10×M2×UP10×TH10×UB10
2035,block_group,361090021001,annual_mwh_home,total_effect,stock,0.80108,0.74652,0.85316,bootstrap_95_bias_shifted,315.40603,99.43405,20000,S10×M2×UP10×TH10×UB10
2035,block_group,361090021001,annual_mwh_home,first_order,placement,0.08353,0.05138,0.13021,bootstrap_95_bias_shifted,315.40603,99.43405,20000,S10×M2×UP10×TH10×UB10
2035,block_group,361090021001,annual_mwh_home,total_effect,placement,0.12254,0.08508,0.16886,bootstrap_95_bias_shifted,315.40603,99.43405,20000,S10×M2×UP10×TH10×UB10
2035,block_group,361090021001,annual_mwh_home,first_order,behaviour,0.09028,0.05154,0.12661,bootstrap_95_bias_shifted,315.40603,99.43405,20000,S10×M2×UP10×TH10×UB10
2035,block_group,361090021001,annual_mwh_home,total_effect,behaviour,0.12726,0.08532,0.16539,bootstrap_95_bias_shifted,315.40603,99.43405,20000,S10×M2×UP10×TH10×UB10
2035,block_group,361090021001,annual_mwh_home,first_order,interaction,0.04606,0.03887,0.05374,bootstrap_95_bias_shifted,315.40603,99.43405,20000,S10×M2×UP10×TH10×UB10
2035,block_group,361090021001,annual_mwh_home,first_order,placement:weighting,0.04286,0.03187,0.0552,bootstrap_95_bias_shifted,315.40603,99.43405,20000,S10×M2×UP10×TH10×UB10
2035,block_group,361090021001,annual_mwh_home,first_order,placement:sampling,0.03902,0.01081,0.08555,bootstrap_95_bias_shifted,315.40603,99.43405,20000,S10×M2×UP10×TH10×UB10
2035,block_group,361090021001,annual_mwh_home,first_order,placement:weighting_x_sampling,0.00165,0.00024,0.00293,bootstrap_95_bias_shifted,315.40603,99.43405,20000,S10×M2×UP10×TH10×UB10
2035,block_group,361090021001,annual_mwh_home,first_order,behaviour:parameters,0.08486,0.04567,0.12312,bootstrap_95_bias_shifted,315.40603,99.43405,20000,S10×M2×UP10×TH10×UB10
2035,block_group,361090021001,annual_mwh_home,first_order,behaviour:stochastic,0.00369,-0.00119,0.01078,bootstrap_95_bias_shifted,315.40603,99.43405,20000,S10×M2×UP10×TH10×UB10
2035,block_group,361090021001,annual_mwh_home,first_order,behaviour:parameters_x_stochastic,0.00173,0.00027,0.0037,bootstrap_95_bias_shifted,315.40603,99.43405,20000,S10×M2×UP10×TH10×UB10
2035,block_group,361090021002,annual_mwh_home,first_order,stock,0.83099,0.78127,0.87967,bootstrap_95_bias_shifted,367.08145,108.89806,20000,S10×M2×UP10×TH10×UB10
2035,block_group,361090021002,annual_mwh_home,total_effect,stock,0.85191,0.80377,0.89929,bootstrap_95_bias_shifted,367.08145,108.89806,20000,S10×M2×UP10×TH10×UB10
2035,block_group,361090021002,annual_mwh_home,first_order,placement,0.01877,0.01091,0.02906,bootstrap_95_bias_shifted,367.08145,108.89806,20000,S10×M2×UP10×TH10×UB10
2035,block_group,361090021002,annual_mwh_home,total_effect,placement,0.04958,0.03951,0.06212,bootstrap_95_bias_shifted,367.08145,108.89806,20000,S10×M2×UP10×TH10×UB10
2035,block_group,361090021002,annual_mwh_home,first_order,behaviour,0.111,0.06323,0.16196,bootstrap_95_bias_shifted,367.08145,108.89806,20000,S10×M2×UP10×TH10×UB10
2035,block_group,361090021002,annual_mwh_home,total_effect,behaviour,0.14227,0.0933,0.19411,bootstrap_95_bias_shifted,367.08145,108.89806,20000,S10×M2×UP10×TH10×UB10
2035,block_group,361090021002,annual_mwh_home,first_order,interaction,0.03924,0.03345,0.04469,bootstrap_95_bias_shifted,367.08145,108.89806,20000,S10×M2×UP10×TH10×UB10
2035,block_group,361090021002,annual_mwh_home,first_order,placement:weighting,-0.00028,-0.0008,0.00105,bootstrap_95_bias_shifted,367.08145,108.89806,20000,S10×M2×UP10×TH10×UB10
2035,block_group,361090021002,annual_mwh_home,first_order,placement:sampling,0.01635,0.00808,0.02745,bootstrap_95_bias_shifted,367.08145,108.89806,20000,S10×M2×UP10×TH10×UB10
2035,block_group,361090021002,annual_mwh_home,first_order,placement:weighting_x_sampling,0.00269,0.00068,0.00531,bootstrap_95_bias_shifted,367.08145,108.89806,20000,S10×M2×UP10×TH10×UB10
2035,block_group,361090021002,annual_mwh_home,first_order,behaviour:parameters,0.10316,0.05445,0.15156,bootstrap_95_bias_shifted,367.08145,108.89806,20000,S10×M2×UP10×TH10×UB10
2035,block_group,361090021002,annual_mwh_home,first_order,behaviour:stochastic,0.00473,-0.0006,0.01395,bootstrap_95_bias_shifted,367.08145,108.89806,20000,S10×M2×UP10×TH10×UB10
2035,block_group,361090021002,annual_mwh_home,first_order,behaviour:parameters_x_stochastic,0.00311,0.00134,0.0058,bootstrap_95_bias_shifted,367.08145,108.89806,20000,S10×M2×UP10×TH10×UB10
2035,block_group,361090021003,annual_mwh_home,first_order,stock,0.69067,0.65941,0.72448,bootstrap_95_bias_shifted,567.18061,185.29557,20000,S10×M2×UP10×TH10×UB10
2035,block_group,361090021003,annual_mwh_home,total_effect,stock,0.71346,0.68685,0.74087,bootstrap_95_bias_shifted,567.18061,185.29557,20000,S10×M2×UP10×TH10×UB10
2035,block_group,361090021003,annual_mwh_home,first_order,placement,0.20041,0.18372,0.21725,bootstrap_95_bias_shifted,567.18061,185.29557,20000,S10×M2×UP10×TH10×UB10
2035,block_group,361090021003,annual_mwh_home,total_effect,placement,0.22888,0.20897,0.24724,bootstrap_95_bias_shifted,567.18061,185.29557,20000,S10×M2×UP10×TH10×UB10
2035,block_group,361090021003,annual_mwh_home,first_order,behaviour,0.07481,0.04229,0.10809,bootstrap_95_bias_shifted,567.18061,185.29557,20000,S10×M2×UP10×TH10×UB10
2035,block_group,361090021003,annual_mwh_home,total_effect,behaviour,0.09399,0.05826,0.12908,bootstrap_95_bias_shifted,567.18061,185.29557,20000,S10×M2×UP10×TH10×UB10
2035,block_group,361090021003,annual_mwh_home,first_order,interaction,0.03411,0.02912,0.03896,bootstrap_95_bias_shifted,567.18061,185.29557,20000,S10×M2×UP10×TH10×UB10
2035,block_group,361090021003,annual_mwh_home,first_order,placement:weighting,0.1884,0.17247,0.2068,bootstrap_95_bias_shifted,567.18061,185.29557,20000,S10×M2×UP10×TH10×UB10
2035,block_group,361090021003,annual_mwh_home,first_order,placement:sampling,0.01047,0.00287,0.02141,bootstrap_95_bias_shifted,567.18061,185.29557,20000,S10×M2×UP10×TH10×UB10
2035,block_group,361090021003,annual_mwh_home,first_order,placement:weighting_x_sampling,0.00153,0.00063,0.00244,bootstrap_95_bias_shifted,567.18061,185.29557,20000,S10×M2×UP10×TH10×UB10
2035,block_group,361090021003,annual_mwh_home,first_order,behaviour:parameters,0.07111,0.03774,0.10539,bootstrap_95_bias_shifted,567.18061,185.29557,20000,S10×M2×UP10×TH10×UB10
2035,block_group,361090021003,annual_mwh_home,first_order,behaviour:stochastic,0.00279,0.0004,0.00644,bootstrap_95_bias_shifted,567.18061,185.29557,20000,S10×M2×UP10×TH10×UB10
2035,block_group,361090021003,annual_mwh_home,first_order,behaviour:parameters_x_stochastic,0.00092,1e-05,0.00189,bootstrap_95_bias_shifted,567.18061,185.29557,20000,S10×M2×UP10×TH10×UB10
2035,block_group,361090022001,annual_mwh_home,first_order,stock,0.75773,0.68213,0.82222,bootstrap_95_bias_shifted,224.72118,69.33435,20000,S10×M2×UP10×TH10×UB10
2035,block_group,361090022001,annual_mwh_home,total_effect,stock,0.78242,0.70967,0.84572,bootstrap_95_bias_shifted,224.72118,69.33435,20000,S10×M2×UP10×TH10×UB10
2035,block_group,361090022001,annual_mwh_home,first_order,placement,0.09804,0.04432,0.15401,bootstrap_95_bias_shifted,224.72118,69.33435,20000,S10×M2×UP10×TH10×UB10
2035,block_group,361090022001,annual_mwh_home,total_effect,placement,0.15305,0.09833,0.21223,bootstrap_95_bias_shifted,224.72118,69.33435,20000,S10×M2×UP10×TH10×UB10
2035,block_group,361090022001,annual_mwh_home,first_order,behaviour,0.08322,0.04624,0.11961,bootstrap_95_bias_shifted,224.72118,69.33435,20000,S10×M2×UP10×TH10×UB10
2035,block_group,361090022001,annual_mwh_home,total_effect,behaviour,0.1323,0.09459,0.16758,bootstrap_95_bias_shifted,224.72118,69.33435,20000,S10×M2×UP10×TH10×UB10
2035,block_group,361090022001,annual_mwh_home,first_order,interaction,0.06101,0.05111,0.07469,bootstrap_95_bias_shifted,224.72118,69.33435,20000,S10×M2×UP10×TH10×UB10
2035,block_group,361090022001,annual_mwh_home,first_order,placement:weighting,0.01326,0.00699,0.02136,bootstrap_95_bias_shifted,224.72118,69.33435,20000,S10×M2×UP10×TH10×UB10
2035,block_group,361090022001,annual_mwh_home,first_order,placement:sampling,0.08246,0.02966,0.13748,bootstrap_95_bias_shifted,224.72118,69.33435,20000,S10×M2×UP10×TH10×UB10
2035,block_group,361090022001,annual_mwh_home,first_order,placement:weighting_x_sampling,0.00232,0.00055,0.0051,bootstrap_95_bias_shifted,224.72118,69.33435,20000,S10×M2×UP10×TH10×UB10
2035,block_group,361090022001,annual_mwh_home,first_order,behaviour:parameters,0.07929,0.04292,0.11653,bootstrap_95_bias_shifted,224.72118,69.33435,20000,S10×M2×UP10×TH10×UB10
2035,block_group,361090022001,annual_mwh_home,first_order,behaviour:stochastic,0.00303,-0.00176,0.01113,bootstrap_95_bias_shifted,224.72118,69.33435,20000,S10×M2×UP10×TH10×UB10
2035,block_group,361090022001,annual_mwh_home,first_order,behaviour:parameters_x_stochastic,0.0009,-0.00108,0.0035,bootstrap_95_bias_shifted,224.72118,69.33435,20000,S10×M2×UP10×TH10×UB10
2035,block_group,361090022002,annual_mwh_home,first_order,stock,0.65633,0.56606,0.76138,bootstrap_95_bias_shifted,152.72699,47.529,20000,S10×M2×UP10×TH10×UB10
2035,block_group,361090022002,annual_mwh_home,total_effect,stock,0.69498,0.60347,0.80169,bootstrap_95_bias_shifted,152.72699,47.529,20000,S10×M2×UP10×TH10×UB10
2035,block_group,361090022002,annual_mwh_home,first_order,placement,0.16569,0.06918,0.26739,bootstrap_95_bias_shifted,152.72699,47.529,20000,S10×M2×UP10×TH10×UB10
2035,block_group,361090022002,annual_mwh_home,total_effect,placement,0.24473,0.15322,0.34522,bootstrap_95_bias_shifted,152.72699,47.529,20000,S10×M2×UP10×TH10×UB10
2035,block_group,361090022002,annual_mwh_home,first_order,behaviour,0.09306,0.04938,0.13351,bootstrap_95_bias_shifted,152.72699,47.529,20000,S10×M2×UP10×TH10×UB10
2035,block_group,361090022002,annual_mwh_home,total_effect,behaviour,0.15341,0.10663,0.19704,bootstrap_95_bias_shifted,152.72699,47.529,20000,S10×M2×UP10×TH10×UB10
2035,block_group,361090022002,annual_mwh_home,first_order,interaction,0.08492,0.06903,0.10722,bootstrap_95_bias_shifted,152.72699,47.529,20000,S10×M2×UP10×TH10×UB10
2035,block_group,361090022002,annual_mwh_home,first_order,placement:weighting,0.03623,0.02112,0.05623,bootstrap_95_bias_shifted,152.72699,47.529,20000,S10×M2×UP10×TH10×UB10
2035,block_group,361090022002,annual_mwh_home,first_order,placement:sampling,0.12522,0.02402,0.24261,bootstrap_95_bias_shifted,152.72699,47.529,20000,S10×M2×UP10×TH10×UB10
2035,block_group,361090022002,annual_mwh_home,first_order,placement:weighting_x_sampling,0.00424,0.00183,0.00747,bootstrap_95_bias_shifted,152.72699,47.529,20000,S10×M2×UP10×TH10×UB10
2035,block_group,361090022002,annual_mwh_home,first_order,behaviour:parameters,0.0888,0.0453,0.13219,bootstrap_95_bias_shifted,152.72699,47.529,20000,S10×M2×UP10×TH10×UB10
2035,block_group,361090022002,annual_mwh_home,first_order,behaviour:stochastic,0.00141,-0.00306,0.00946,bootstrap_95_bias_shifted,152.72699,47.529,20000,S10×M2×UP10×TH10×UB10
2035,block_group,361090022002,annual_mwh_home,first_order,behaviour:parameters_x_stochastic,0.00284,3e-05,0.00734,bootstrap_95_bias_shifted,152.72699,47.529,20000,S10×M2×UP10×TH10×UB10
2035,block_group,361090022003,annual_mwh_home,first_order,stock,0.67108,0.61185,0.72535,bootstrap_95_bias_shifted,221.13281,72.31288,20000,S10×M2×UP10×TH10×UB10
2035,block_group,361090022003,annual_mwh_home,total_effect,stock,0.70096,0.6433,0.75511,bootstrap_95_bias_shifted,221.13281,72.31288,20000,S10×M2×UP10×TH10×UB10
2035,block_group,361090022003,annual_mwh_home,first_order,placement,0.18804,0.14324,0.2436,bootstrap_95_bias_shifted,221.13281,72.31288,20000,S10×M2×UP10×TH10×UB10
2035,block_group,361090022003,annual_mwh_home,total_effect,placement,0.24216,0.19562,0.29867,bootstrap_95_bias_shifted,221.13281,72.31288,20000,S10×M2×UP10×TH10×UB10
2035,block_group,361090022003,annual_mwh_home,first_order,behaviour,0.08117,0.04295,0.12216,bootstrap_95_bias_shifted,221.13281,72.31288,20000,S10×M2×UP10×TH10×UB10
2035,block_group,361090022003,annual_mwh_home,total_effect,behaviour,0.12201,0.08057,0.16214,bootstrap_95_bias_shifted,221.13281,72.31288,20000,S10×M2×UP10×TH10×UB10
2035,block_group,361090022003,annual_mwh_home,first_order,interaction,0.05971,0.04879,0.07001,bootstrap_95_bias_shifted,221.13281,72.31288,20000,S10×M2×UP10×TH10×UB10
2035,block_group,361090022003,annual_mwh_home,first_order,placement:weighting,0.0749,0.04877,0.11098,bootstrap_95_bias_shifted,221.13281,72.31288,20000,S10×M2×UP10×TH10×UB10
2035,block_group,361090022003,annual_mwh_home,first_order,placement:sampling,0.10486,0.04945,0.17733,bootstrap_95_bias_shifted,221.13281,72.31288,20000,S10×M2×UP10×TH10×UB10
2035,block_group,361090022003,annual_mwh_home,first_order,placement:weighting_x_sampling,0.00828,0.00243,0.01666,bootstrap_95_bias_shifted,221.13281,72.31288,20000,S10×M2×UP10×TH10×UB10
2035,block_group,361090022003,annual_mwh_home,first_order,behaviour:parameters,0.07514,0.03867,0.11386,bootstrap_95_bias_shifted,221.13281,72.31288,20000,S10×M2×UP10×TH10×UB10
2035,block_group,361090022003,annual_mwh_home,first_order,behaviour:stochastic,0.00374,-0.00115,0.01318,bootstrap_95_bias_shifted,221.13281,72.31288,20000,S10×M2×UP10×TH10×UB10
2035,block_group,361090022003,annual_mwh_home,first_order,behaviour:parameters_x_stochastic,0.00229,-2e-05,0.00603,bootstrap_95_bias_shifted,221.13281,72.31288,20000,S10×M2×UP10×TH10×UB10
2035,block_group,361090023001,annual_mwh_home,first_order,stock,0.86759,0.81907,0.91111,bootstrap_95_bias_shifted,423.55322,125.78692,20000,S10×M2×UP10×TH10×UB10
2035,block_group,361090023001,annual_mwh_home,total_effect,stock,0.88608,0.84047,0.92679,bootstrap_95_bias_shifted,423.55322,125.78692,20000,S10×M2×UP10×TH10×UB10
2035,block_group,361090023001,annual_mwh_home,first_order,placement,0.00704,0.00199,0.01135,bootstrap_95_bias_shifted,423.55322,125.78692,20000,S10×M2×UP10×TH10×UB10
2035,block_group,361090023001,annual_mwh_home,total_effect,placement,0.03534,0.028,0.04362,bootstrap_95_bias_shifted,423.55322,125.78692,20000,S10×M2×UP10×TH10×UB10
2035,block_group,361090023001,annual_mwh_home,first_order,behaviour,0.08984,0.04961,0.1342,bootstrap_95_bias_shifted,423.55322,125.78692,20000,S10×M2×UP10×TH10×UB10
2035,block_group,361090023001,annual_mwh_home,total_effect,behaviour,0.11785,0.07371,0.1649,bootstrap_95_bias_shifted,423.55322,125.78692,20000,S10×M2×UP10×TH10×UB10
2035,block_group,361090023001,annual_mwh_home,first_order,interaction,0.03553,0.02865,0.04081,bootstrap_95_bias_shifted,423.55322,125.78692,20000,S10×M2×UP10×TH10×UB10
2035,block_group,361090023001,annual_mwh_home,first_order,placement:weighting,0.00043,-0.0005,0.00219,bootstrap_95_bias_shifted,423.55322,125.78692,20000,S10×M2×UP10×TH10×UB10
2035,block_group,361090023001,annual_mwh_home,first_order,placement:sampling,0.0047,0.00015,0.00882,bootstrap_95_bias_shifted,423.55322,125.78692,20000,S10×M2×UP10×TH10×UB10
2035,block_group,361090023001,annual_mwh_home,first_order,placement:weighting_x_sampling,0.0019,0.00058,0.00396,bootstrap_95_bias_shifted,423.55322,125.78692,20000,S10×M2×UP10×TH10×UB10
2035,block_group,361090023001,annual_mwh_home,first_order,behaviour:parameters,0.0871,0.04498,0.13176,bootstrap_95_bias_shifted,423.55322,125.78692,20000,S10×M2×UP10×TH10×UB10
2035,block_group,361090023001,annual_mwh_home,first_order,behaviour:stochastic,0.00199,-0.00099,0.0067,bootstrap_95_bias_shifted,423.55322,125.78692,20000,S10×M2×UP10×TH10×UB10
2035,block_group,361090023001,annual_mwh_home,first_order,behaviour:parameters_x_stochastic,0.00074,-0.00022,0.00203,bootstrap_95_bias_shifted,423.55322,125.78692,20000,S10×M2×UP10×TH10×UB10
2035,block_group,361090023002,annual_mwh_home,first_order,stock,0.79541,0.74398,0.8391,bootstrap_95_bias_shifted,467.53344,145.81201,20000,S10×M2×UP10×TH10×UB10
2035,block_group,361090023002,annual_mwh_home,total_effect,stock,0.81448,0.7673,0.85572,bootstrap_95_bias_shifted,467.53344,145.81201,20000,S10×M2×UP10×TH10×UB10
2035,block_group,361090023002,annual_mwh_home,first_order,placement,0.08403,0.05859,0.11565,bootstrap_95_bias_shifted,467.53344,145.81201,20000,S10×M2×UP10×TH10×UB10
2035,block_group,361090023002,annual_mwh_home,total_effect,placement,0.10927,0.08314,0.13989,bootstrap_95_bias_shifted,467.53344,145.81201,20000,S10×M2×UP10×TH10×UB10
2035,block_group,361090023002,annual_mwh_home,first_order,behaviour,0.0884,0.04617,0.12832,bootstrap_95_bias_shifted,467.53344,145.81201,20000,S10×M2×UP10×TH10×UB10
2035,block_group,361090023002,annual_mwh_home,total_effect,behaviour,0.11143,0.06998,0.15268,bootstrap_95_bias_shifted,467.53344,145.81201,20000,S10×M2×UP10×TH10×UB10
2035,block_group,361090023002,annual_mwh_home,first_order,interaction,0.03216,0.02692,0.0368,bootstrap_95_bias_shifted,467.53344,145.81201,20000,S10×M2×UP10×TH10×UB10
2035,block_group,361090023002,annual_mwh_home,first_order,placement:weighting,0.04724,0.03564,0.05868,bootstrap_95_bias_shifted,467.53344,145.81201,20000,S10×M2×UP10×TH10×UB10
2035,block_group,361090023002,annual_mwh_home,first_order,placement:sampling,0.0354,0.01532,0.06114,bootstrap_95_bias_shifted,467.53344,145.81201,20000,S10×M2×UP10×TH10×UB10
2035,block_group,361090023002,annual_mwh_home,first_order,placement:weighting_x_sampling,0.00139,0.00022,0.00312,bootstrap_95_bias_shifted,467.53344,145.81201,20000,S10×M2×UP10×TH10×UB10
2035,block_group,361090023002,annual_mwh_home,first_order,behaviour:parameters,0.08655,0.04562,0.12731,bootstrap_95_bias_shifted,467.53344,145.81201,20000,S10×M2×UP10×TH10×UB10
2035,block_group,361090023002,annual_mwh_home,first_order,behaviour:stochastic,0.00059,-0.00086,0.00308,bootstrap_95_bias_shifted,467.53344,145.81201,20000,S10×M2×UP10×TH10×UB10
2035,block_group,361090023002,annual_mwh_home,first_order,behaviour:parameters_x_stochastic,0.00125,0.00029,0.0026,bootstrap_95_bias_shifted,467.53344,145.81201,20000,S10×M2×UP10×TH10×UB10
2035,block_group,361090023003,annual_mwh_home,first_order,stock,0.81247,0.76096,0.85817,bootstrap_95_bias_shifted,430.06102,129.57705,20000,S10×M2×UP10×TH10×UB10
2035,block_group,361090023003,annual_mwh_home,total_effect,stock,0.83068,0.781,0.87448,bootstrap_95_bias_shifted,430.06102,129.57705,20000,S10×M2×UP10×TH10×UB10
2035,block_group,361090023003,annual_mwh_home,first_order,placement,0.06749,0.04098,0.10437,bootstrap_95_bias_shifted,430.06102,129.57705,20000,S10×M2×UP10×TH10×UB10
2035,block_group,361090023003,annual_mwh_home,total_effect,placement,0.09439,0.06487,0.13175,bootstrap_95_bias_shifted,430.06102,129.57705,20000,S10×M2×UP10×TH10×UB10
2035,block_group,361090023003,annual_mwh_home,first_order,behaviour,0.08673,0.04886,0.12426,bootstrap_95_bias_shifted,430.06102,129.57705,20000,S10×M2×UP10×TH10×UB10
2035,block_group,361090023003,annual_mwh_home,total_effect,behaviour,0.11153,0.07132,0.15177,bootstrap_95_bias_shifted,430.06102,129.57705,20000,S10×M2×UP10×TH10×UB10
2035,block_group,361090023003,annual_mwh_home,first_order,interaction,0.0333,0.0275,0.03787,bootstrap_95_bias_shifted,430.06102,129.57705,20000,S10×M2×UP10×TH10×UB10
2035,block_group,361090023003,annual_mwh_home,first_order,placement:weighting,0.03336,0.02465,0.04508,bootstrap_95_bias_shifted,430.06102,129.57705,20000,S10×M2×UP10×TH10×UB10
2035,block_group,361090023003,annual_mwh_home,first_order,placement:sampling,0.03246,0.00966,0.06406,bootstrap_95_bias_shifted,430.06102,129.57705,20000,S10×M2×UP10×TH10×UB10
2035,block_group,361090023003,annual_mwh_home,first_order,placement:weighting_x_sampling,0.00167,0.0004,0.00343,bootstrap_95_bias_shifted,430.06102,129.57705,20000,S10×M2×UP10×TH10×UB10
2035,block_group,361090023003,annual_mwh_home,first_order,behaviour:parameters,0.08444,0.04784,0.12279,bootstrap_95_bias_shifted,430.06102,129.57705,20000,S10×M2×UP10×TH10×UB10
2035,block_group,361090023003,annual_mwh_home,first_order,behaviour:stochastic,0.00096,-0.00074,0.00384,bootstrap_95_bias_shifted,430.06102,129.57705,20000,S10×M2×UP10×TH10×UB10
2035,block_group,361090023003,annual_mwh_home,first_order,behaviour:parameters_x_stochastic,0.00134,0.00021,0.00274,bootstrap_95_bias_shifted,430.06102,129.57705,20000,S10×M2×UP10×TH10×UB10
2035,block_group,mean over 65 BGs,annual_mwh_home,first_order,stock,0.68939,0.65388,0.7279,bootstrap_95_bias_shifted,476.07777,151.57874,20000,S10×M2×UP10×TH10×UB10
2035,block_group,mean over 65 BGs,annual_mwh_home,total_effect,stock,0.71669,0.68379,0.75273,bootstrap_95_bias_shifted,476.07777,151.57874,20000,S10×M2×UP10×TH10×UB10
2035,block_group,mean over 65 BGs,annual_mwh_home,first_order,placement,0.14671,0.13784,0.15658,bootstrap_95_bias_shifted,476.07777,151.57874,20000,S10×M2×UP10×TH10×UB10
2035,block_group,mean over 65 BGs,annual_mwh_home,total_effect,placement,0.18927,0.17835,0.20195,bootstrap_95_bias_shifted,476.07777,151.57874,20000,S10×M2×UP10×TH10×UB10
2035,block_group,mean over 65 BGs,annual_mwh_home,first_order,behaviour,0.11293,0.06846,0.15674,bootstrap_95_bias_shifted,476.07777,151.57874,20000,S10×M2×UP10×TH10×UB10
2035,block_group,mean over 65 BGs,annual_mwh_home,total_effect,behaviour,0.14971,0.10233,0.19645,bootstrap_95_bias_shifted,476.07777,151.57874,20000,S10×M2×UP10×TH10×UB10
2035,block_group,mean over 65 BGs,annual_mwh_home,first_order,interaction,0.05097,0.04759,0.05439,bootstrap_95_bias_shifted,476.07777,151.57874,20000,S10×M2×UP10×TH10×UB10
2035,block_group,mean over 65 BGs,annual_mwh_home,first_order,placement:weighting,0.10783,0.10145,0.11425,bootstrap_95_bias_shifted,476.07777,151.57874,20000,S10×M2×UP10×TH10×UB10
2035,block_group,mean over 65 BGs,annual_mwh_home,first_order,placement:sampling,0.03606,0.03065,0.04186,bootstrap_95_bias_shifted,476.07777,151.57874,20000,S10×M2×UP10×TH10×UB10
2035,block_group,mean over 65 BGs,annual_mwh_home,first_order,placement:weighting_x_sampling,0.00283,0.00232,0.00325,bootstrap_95_bias_shifted,476.07777,151.57874,20000,S10×M2×UP10×TH10×UB10
2035,block_group,mean over 65 BGs,annual_mwh_home,first_order,behaviour:parameters,0.10787,0.06302,0.15212,bootstrap_95_bias_shifted,476.07777,151.57874,20000,S10×M2×UP10×TH10×UB10
2035,block_group,mean over 65 BGs,annual_mwh_home,first_order,behaviour:stochastic,0.00298,0.00176,0.00445,bootstrap_95_bias_shifted,476.07777,151.57874,20000,S10×M2×UP10×TH10×UB10
2035,block_group,mean over 65 BGs,annual_mwh_home,first_order,behaviour:parameters_x_stochastic,0.00208,0.00136,0.00299,bootstrap_95_bias_shifted,476.07777,151.57874,20000,S10×M2×UP10×TH10×UB10
2035,block_group,mean over 19 urban-core BGs,annual_mwh_home,first_order,stock,0.529,0.48733,0.57283,bootstrap_95_bias_shifted,357.90316,125.87985,20000,S10×M2×UP10×TH10×UB10
2035,block_group,mean over 19 urban-core BGs,annual_mwh_home,total_effect,stock,0.56852,0.52908,0.60856,bootstrap_95_bias_shifted,357.90316,125.87985,20000,S10×M2×UP10×TH10×UB10
2035,block_group,mean over 19 urban-core BGs,annual_mwh_home,first_order,placement,0.24627,0.2246,0.26967,bootstrap_95_bias_shifted,357.90316,125.87985,20000,S10×M2×UP10×TH10×UB10
2035,block_group,mean over 19 urban-core BGs,annual_mwh_home,total_effect,placement,0.31283,0.29027,0.33866,bootstrap_95_bias_shifted,357.90316,125.87985,20000,S10×M2×UP10×TH10×UB10
2035,block_group,mean over 19 urban-core BGs,annual_mwh_home,first_order,behaviour,0.14719,0.088,0.20429,bootstrap_95_bias_shifted,357.90316,125.87985,20000,S10×M2×UP10×TH10×UB10
2035,block_group,mean over 19 urban-core BGs,annual_mwh_home,total_effect,behaviour,0.20364,0.13998,0.26681,bootstrap_95_bias_shifted,357.90316,125.87985,20000,S10×M2×UP10×TH10×UB10
2035,block_group,mean over 19 urban-core BGs,annual_mwh_home,first_order,interaction,0.07754,0.07051,0.08438,bootstrap_95_bias_shifted,357.90316,125.87985,20000,S10×M2×UP10×TH10×UB10
2035,block_group,mean over 19 urban-core BGs,annual_mwh_home,first_order,placement:weighting,0.19199,0.17581,0.20892,bootstrap_95_bias_shifted,357.90316,125.87985,20000,S10×M2×UP10×TH10×UB10
2035,block_group,mean over 19 urban-core BGs,annual_mwh_home,first_order,placement:sampling,0.05116,0.03759,0.06542,bootstrap_95_bias_shifted,357.90316,125.87985,20000,S10×M2×UP10×TH10×UB10
2035,block_group,mean over 19 urban-core BGs,annual_mwh_home,first_order,placement:weighting_x_sampling,0.00312,0.0022,0.00397,bootstrap_95_bias_shifted,357.90316,125.87985,20000,S10×M2×UP10×TH10×UB10
2035,block_group,mean over 19 urban-core BGs,annual_mwh_home,first_order,behaviour:parameters,0.13996,0.08184,0.19732,bootstrap_95_bias_shifted,357.90316,125.87985,20000,S10×M2×UP10×TH10×UB10
2035,block_group,mean over 19 urban-core BGs,annual_mwh_home,first_order,behaviour:stochastic,0.00436,0.00187,0.00743,bootstrap_95_bias_shifted,357.90316,125.87985,20000,S10×M2×UP10×TH10×UB10
2035,block_group,mean over 19 urban-core BGs,annual_mwh_home,first_order,behaviour:parameters_x_stochastic,0.00286,0.00187,0.0043,bootstrap_95_bias_shifted,357.90316,125.87985,20000,S10×M2×UP10×TH10×UB10
2035,block_group,median over BGs,annual_mwh_home,first_order,stock,0.73185,,,none,397.36263,129.57705,20000,S10×M2×UP10×TH10×UB10
2035,block_group,median over BGs,annual_mwh_home,total_effect,stock,0.75422,,,none,397.36263,129.57705,20000,S10×M2×UP10×TH10×UB10
2035,block_group,median over BGs,annual_mwh_home,first_order,placement,0.10481,,,none,397.36263,129.57705,20000,S10×M2×UP10×TH10×UB10
2035,block_group,median over BGs,annual_mwh_home,total_effect,placement,0.14512,,,none,397.36263,129.57705,20000,S10×M2×UP10×TH10×UB10
2035,block_group,median over BGs,annual_mwh_home,first_order,behaviour,0.0992,,,none,397.36263,129.57705,20000,S10×M2×UP10×TH10×UB10
2035,block_group,median over BGs,annual_mwh_home,total_effect,behaviour,0.1276,,,none,397.36263,129.57705,20000,S10×M2×UP10×TH10×UB10
2035,block_group,median over BGs,annual_mwh_home,first_order,interaction,0.04203,,,none,397.36263,129.57705,20000,S10×M2×UP10×TH10×UB10
2035,block_group,median over BGs,annual_mwh_home,first_order,placement:weighting,0.0547,,,none,397.36263,129.57705,20000,S10×M2×UP10×TH10×UB10
2035,block_group,median over BGs,annual_mwh_home,first_order,placement:sampling,0.02482,,,none,397.36263,129.57705,20000,S10×M2×UP10×TH10×UB10
2035,block_group,median over BGs,annual_mwh_home,first_order,placement:weighting_x_sampling,0.00203,,,none,397.36263,129.57705,20000,S10×M2×UP10×TH10×UB10
2035,block_group,median over BGs,annual_mwh_home,first_order,behaviour:parameters,0.09483,,,none,397.36263,129.57705,20000,S10×M2×UP10×TH10×UB10
2035,block_group,median over BGs,annual_mwh_home,first_order,behaviour:stochastic,0.00172,,,none,397.36263,129.57705,20000,S10×M2×UP10×TH10×UB10
2035,block_group,median over BGs,annual_mwh_home,first_order,behaviour:parameters_x_stochastic,0.00167,,,none,397.36263,129.57705,20000,S10×M2×UP10×TH10×UB10
2035,block_group,p25 over BGs,annual_mwh_home,first_order,stock,0.65633,,,none,257.75176,95.93539,20000,S10×M2×UP10×TH10×UB10
2035,block_group,p25 over BGs,annual_mwh_home,total_effect,stock,0.69498,,,none,257.75176,95.93539,20000,S10×M2×UP10×TH10×UB10
2035,block_group,p25 over BGs,annual_mwh_home,first_order,placement,0.0459,,,none,257.75176,95.93539,20000,S10×M2×UP10×TH10×UB10
2035,block_group,p25 over BGs,annual_mwh_home,total_effect,placement,0.07124,,,none,257.75176,95.93539,20000,S10×M2×UP10×TH10×UB10
2035,block_group,p25 over BGs,annual_mwh_home,first_order,behaviour,0.08628,,,none,257.75176,95.93539,20000,S10×M2×UP10×TH10×UB10
2035,block_group,p25 over BGs,annual_mwh_home,total_effect,behaviour,0.10886,,,none,257.75176,95.93539,20000,S10×M2×UP10×TH10×UB10
2035,block_group,p25 over BGs,annual_mwh_home,first_order,interaction,0.02959,,,none,257.75176,95.93539,20000,S10×M2×UP10×TH10×UB10
2035,block_group,p25 over BGs,annual_mwh_home,first_order,placement:weighting,0.01551,,,none,257.75176,95.93539,20000,S10×M2×UP10×TH10×UB10
2035,block_group,p25 over BGs,annual_mwh_home,first_order,placement:sampling,0.01571,,,none,257.75176,95.93539,20000,S10×M2×UP10×TH10×UB10
2035,block_group,p25 over BGs,annual_mwh_home,first_order,placement:weighting_x_sampling,0.00131,,,none,257.75176,95.93539,20000,S10×M2×UP10×TH10×UB10
2035,block_group,p25 over BGs,annual_mwh_home,first_order,behaviour:parameters,0.08179,,,none,257.75176,95.93539,20000,S10×M2×UP10×TH10×UB10
2035,block_group,p25 over BGs,annual_mwh_home,first_order,behaviour:stochastic,0.00104,,,none,257.75176,95.93539,20000,S10×M2×UP10×TH10×UB10
2035,block_group,p25 over BGs,annual_mwh_home,first_order,behaviour:parameters_x_stochastic,0.00128,,,none,257.75176,95.93539,20000,S10×M2×UP10×TH10×UB10
2035,block_group,p75 over BGs,annual_mwh_home,first_order,stock,0.80163,,,none,669.41795,205.11169,20000,S10×M2×UP10×TH10×UB10
2035,block_group,p75 over BGs,annual_mwh_home,total_effect,stock,0.82189,,,none,669.41795,205.11169,20000,S10×M2×UP10×TH10×UB10
2035,block_group,p75 over BGs,annual_mwh_home,first_order,placement,0.18143,,,none,669.41795,205.11169,20000,S10×M2×UP10×TH10×UB10
2035,block_group,p75 over BGs,annual_mwh_home,total_effect,placement,0.22888,,,none,669.41795,205.11169,20000,S10×M2×UP10×TH10×UB10
2035,block_group,p75 over BGs,annual_mwh_home,first_order,behaviour,0.12432,,,none,669.41795,205.11169,20000,S10×M2×UP10×TH10×UB10
2035,block_group,p75 over BGs,annual_mwh_home,total_effect,behaviour,0.16807,,,none,669.41795,205.11169,20000,S10×M2×UP10×TH10×UB10
2035,block_group,p75 over BGs,annual_mwh_home,first_order,interaction,0.05971,,,none,669.41795,205.11169,20000,S10×M2×UP10×TH10×UB10
2035,block_group,p75 over BGs,annual_mwh_home,first_order,placement:weighting,0.14365,,,none,669.41795,205.11169,20000,S10×M2×UP10×TH10×UB10
2035,block_group,p75 over BGs,annual_mwh_home,first_order,placement:sampling,0.03727,,,none,669.41795,205.11169,20000,S10×M2×UP10×TH10×UB10
2035,block_group,p75 over BGs,annual_mwh_home,first_order,placement:weighting_x_sampling,0.004,,,none,669.41795,205.11169,20000,S10×M2×UP10×TH10×UB10
2035,block_group,p75 over BGs,annual_mwh_home,first_order,behaviour:parameters,0.11842,,,none,669.41795,205.11169,20000,S10×M2×UP10×TH10×UB10
2035,block_group,p75 over BGs,annual_mwh_home,first_order,behaviour:stochastic,0.00318,,,none,669.41795,205.11169,20000,S10×M2×UP10×TH10×UB10
2035,block_group,p75 over BGs,annual_mwh_home,first_order,behaviour:parameters_x_stochastic,0.00247,,,none,669.41795,205.11169,20000,S10×M2×UP10×TH10×UB10
2035,block_group,361090001001,peak_kw_home,first_order,stock,0.30251,0.22873,0.38708,bootstrap_95_bias_shifted,118.47136,40.33993,20000,S10×M2×UP10×TH10×UB10
2035,block_group,361090001001,peak_kw_home,total_effect,stock,0.35735,0.2822,0.43895,bootstrap_95_bias_shifted,118.47136,40.33993,20000,S10×M2×UP10×TH10×UB10
2035,block_group,361090001001,peak_kw_home,first_order,placement,0.21684,0.16116,0.28677,bootstrap_95_bias_shifted,118.47136,40.33993,20000,S10×M2×UP10×TH10×UB10
2035,block_group,361090001001,peak_kw_home,total_effect,placement,0.33649,0.27037,0.41391,bootstrap_95_bias_shifted,118.47136,40.33993,20000,S10×M2×UP10×TH10×UB10
2035,block_group,361090001001,peak_kw_home,first_order,behaviour,0.34361,0.19776,0.4539,bootstrap_95_bias_shifted,118.47136,40.33993,20000,S10×M2×UP10×TH10×UB10
2035,block_group,361090001001,peak_kw_home,total_effect,behaviour,0.47095,0.31919,0.58472,bootstrap_95_bias_shifted,118.47136,40.33993,20000,S10×M2×UP10×TH10×UB10
2035,block_group,361090001001,peak_kw_home,first_order,interaction,0.13704,0.11933,0.16403,bootstrap_95_bias_shifted,118.47136,40.33993,20000,S10×M2×UP10×TH10×UB10
2035,block_group,361090001001,peak_kw_home,first_order,placement:weighting,0.19479,0.1465,0.25923,bootstrap_95_bias_shifted,118.47136,40.33993,20000,S10×M2×UP10×TH10×UB10
2035,block_group,361090001001,peak_kw_home,first_order,placement:sampling,0.02051,0.00391,0.04778,bootstrap_95_bias_shifted,118.47136,40.33993,20000,S10×M2×UP10×TH10×UB10
2035,block_group,361090001001,peak_kw_home,first_order,placement:weighting_x_sampling,0.00154,-0.00016,0.00376,bootstrap_95_bias_shifted,118.47136,40.33993,20000,S10×M2×UP10×TH10×UB10
2035,block_group,361090001001,peak_kw_home,first_order,behaviour:parameters,0.33168,0.18813,0.44481,bootstrap_95_bias_shifted,118.47136,40.33993,20000,S10×M2×UP10×TH10×UB10
2035,block_group,361090001001,peak_kw_home,first_order,behaviour:stochastic,0.00665,-0.00347,0.02526,bootstrap_95_bias_shifted,118.47136,40.33993,20000,S10×M2×UP10×TH10×UB10
2035,block_group,361090001001,peak_kw_home,first_order,behaviour:parameters_x_stochastic,0.00528,0.00039,0.01224,bootstrap_95_bias_shifted,118.47136,40.33993,20000,S10×M2×UP10×TH10×UB10
2035,block_group,361090001002,peak_kw_home,first_order,stock,0.31192,0.26963,0.35177,bootstrap_95_bias_shifted,111.4404,40.78117,20000,S10×M2×UP10×TH10×UB10
2035,block_group,361090001002,peak_kw_home,total_effect,stock,0.37239,0.326,0.4115,bootstrap_95_bias_shifted,111.4404,40.78117,20000,S10×M2×UP10×TH10×UB10
2035,block_group,361090001002,peak_kw_home,first_order,placement,0.37894,0.32619,0.43639,bootstrap_95_bias_shifted,111.4404,40.78117,20000,S10×M2×UP10×TH10×UB10
2035,block_group,361090001002,peak_kw_home,total_effect,placement,0.49974,0.44974,0.55692,bootstrap_95_bias_shifted,111.4404,40.78117,20000,S10×M2×UP10×TH10×UB10
2035,block_group,361090001002,peak_kw_home,first_order,behaviour,0.17864,0.09344,0.26604,bootstrap_95_bias_shifted,111.4404,40.78117,20000,S10×M2×UP10×TH10×UB10
2035,block_group,361090001002,peak_kw_home,total_effect,behaviour,0.28578,0.19565,0.37501,bootstrap_95_bias_shifted,111.4404,40.78117,20000,S10×M2×UP10×TH10×UB10
2035,block_group,361090001002,peak_kw_home,first_order,interaction,0.1305,0.1158,0.14749,bootstrap_95_bias_shifted,111.4404,40.78117,20000,S10×M2×UP10×TH10×UB10
2035,block_group,361090001002,peak_kw_home,first_order,placement:weighting,0.34407,0.28011,0.41081,bootstrap_95_bias_shifted,111.4404,40.78117,20000,S10×M2×UP10×TH10×UB10
2035,block_group,361090001002,peak_kw_home,first_order,placement:sampling,0.03151,0.00418,0.07639,bootstrap_95_bias_shifted,111.4404,40.78117,20000,S10×M2×UP10×TH10×UB10
2035,block_group,361090001002,peak_kw_home,first_order,placement:weighting_x_sampling,0.00335,0.001,0.00664,bootstrap_95_bias_shifted,111.4404,40.78117,20000,S10×M2×UP10×TH10×UB10
2035,block_group,361090001002,peak_kw_home,first_order,behaviour:parameters,0.16723,0.08522,0.25529,bootstrap_95_bias_shifted,111.4404,40.78117,20000,S10×M2×UP10×TH10×UB10
2035,block_group,361090001002,peak_kw_home,first_order,behaviour:stochastic,0.00736,-0.00114,0.02047,bootstrap_95_bias_shifted,111.4404,40.78117,20000,S10×M2×UP10×TH10×UB10
2035,block_group,361090001002,peak_kw_home,first_order,behaviour:parameters_x_stochastic,0.00405,0.00039,0.00901,bootstrap_95_bias_shifted,111.4404,40.78117,20000,S10×M2×UP10×TH10×UB10
2035,block_group,361090002011,peak_kw_home,first_order,stock,0.47387,0.3822,0.55953,bootstrap_95_bias_shifted,115.24733,34.3928,20000,S10×M2×UP10×TH10×UB10
2035,block_group,361090002011,peak_kw_home,total_effect,stock,0.54291,0.4439,0.63274,bootstrap_95_bias_shifted,115.24733,34.3928,20000,S10×M2×UP10×TH10×UB10
2035,block_group,361090002011,peak_kw_home,first_order,placement,0.10627,0.06627,0.15948,bootstrap_95_bias_shifted,115.24733,34.3928,20000,S10×M2×UP10×TH10×UB10
2035,block_group,361090002011,peak_kw_home,total_effect,placement,0.25454,0.20164,0.31357,bootstrap_95_bias_shifted,115.24733,34.3928,20000,S10×M2×UP10×TH10×UB10
2035,block_group,361090002011,peak_kw_home,first_order,behaviour,0.25899,0.1384,0.3727,bootstrap_95_bias_shifted,115.24733,34.3928,20000,S10×M2×UP10×TH10×UB10
2035,block_group,361090002011,peak_kw_home,total_effect,behaviour,0.40313,0.28058,0.50897,bootstrap_95_bias_shifted,115.24733,34.3928,20000,S10×M2×UP10×TH10×UB10
2035,block_group,361090002011,peak_kw_home,first_order,interaction,0.16086,0.13185,0.19414,bootstrap_95_bias_shifted,115.24733,34.3928,20000,S10×M2×UP10×TH10×UB10
2035,block_group,361090002011,peak_kw_home,first_order,placement:weighting,0.06224,0.04819,0.07712,bootstrap_95_bias_shifted,115.24733,34.3928,20000,S10×M2×UP10×TH10×UB10
2035,block_group,361090002011,peak_kw_home,first_order,placement:sampling,0.04176,0.00414,0.09012,bootstrap_95_bias_shifted,115.24733,34.3928,20000,S10×M2×UP10×TH10×UB10
2035,block_group,361090002011,peak_kw_home,first_order,placement:weighting_x_sampling,0.00227,0.00101,0.00419,bootstrap_95_bias_shifted,115.24733,34.3928,20000,S10×M2×UP10×TH10×UB10
2035,block_group,361090002011,peak_kw_home,first_order,behaviour:parameters,0.25329,0.1305,0.36438,bootstrap_95_bias_shifted,115.24733,34.3928,20000,S10×M2×UP10×TH10×UB10
2035,block_group,361090002011,peak_kw_home,first_order,behaviour:stochastic,0.00514,-0.00367,0.02692,bootstrap_95_bias_shifted,115.24733,34.3928,20000,S10×M2×UP10×TH10×UB10
2035,block_group,361090002011,peak_kw_home,first_order,behaviour:parameters_x_stochastic,0.00056,-0.00397,0.00782,bootstrap_95_bias_shifted,115.24733,34.3928,20000,S10×M2×UP10×TH10×UB10
2035,block_group,361090002012,peak_kw_home,first_order,stock,0.19287,0.13659,0.26037,bootstrap_95_bias_shifted,34.65783,12.56554,20000,S10×M2×UP10×TH10×UB10
2035,block_group,361090002012,peak_kw_home,total_effect,stock,0.29234,0.21932,0.37656,bootstrap_95_bias_shifted,34.65783,12.56554,20000,S10×M2×UP10×TH10×UB10
2035,block_group,361090002012,peak_kw_home,first_order,placement,0.31467,0.16459,0.4957,bootstrap_95_bias_shifted,34.65783,12.56554,20000,S10×M2×UP10×TH10×UB10
2035,block_group,361090002012,peak_kw_home,total_effect,placement,0.5964,0.46889,0.74355,bootstrap_95_bias_shifted,34.65783,12.56554,20000,S10×M2×UP10×TH10×UB10
2035,block_group,361090002012,peak_kw_home,first_order,behaviour,0.2048,0.07815,0.35739,bootstrap_95_bias_shifted,34.65783,12.56554,20000,S10×M2×UP10×TH10×UB10
2035,block_group,361090002012,peak_kw_home,total_effect,behaviour,0.46578,0.31322,0.62268,bootstrap_95_bias_shifted,34.65783,12.56554,20000,S10×M2×UP10×TH10×UB10
2035,block_group,361090002012,peak_kw_home,first_order,interaction,0.28765,0.22198,0.36276,bootstrap_95_bias_shifted,34.65783,12.56554,20000,S10×M2×UP10×TH10×UB10
2035,block_group,361090002012,peak_kw_home,first_order,placement:weighting,0.03916,0.01697,0.06338,bootstrap_95_bias_shifted,34.65783,12.56554,20000,S10×M2×UP10×TH10×UB10
2035,block_group,361090002012,peak_kw_home,first_order,placement:sampling,0.27151,0.11532,0.46915,bootstrap_95_bias_shifted,34.65783,12.56554,20000,S10×M2×UP10×TH10×UB10
2035,block_group,361090002012,peak_kw_home,first_order,placement:weighting_x_sampling,0.00401,0.00078,0.00961,bootstrap_95_bias_shifted,34.65783,12.56554,20000,S10×M2×UP10×TH10×UB10
2035,block_group,361090002012,peak_kw_home,first_order,behaviour:parameters,0.20459,0.08345,0.32933,bootstrap_95_bias_shifted,34.65783,12.56554,20000,S10×M2×UP10×TH10×UB10
2035,block_group,361090002012,peak_kw_home,first_order,behaviour:stochastic,-0.00396,-0.01634,0.0243,bootstrap_95_bias_shifted,34.65783,12.56554,20000,S10×M2×UP10×TH10×UB10
2035,block_group,361090002012,peak_kw_home,first_order,behaviour:parameters_x_stochastic,0.00417,-0.00665,0.02138,bootstrap_95_bias_shifted,34.65783,12.56554,20000,S10×M2×UP10×TH10×UB10
2035,block_group,361090002021,peak_kw_home,first_order,stock,0.58325,0.50212,0.67326,bootstrap_95_bias_shifted,154.35779,45.05058,20000,S10×M2×UP10×TH10×UB10
2035,block_group,361090002021,peak_kw_home,total_effect,stock,0.63868,0.55881,0.72886,bootstrap_95_bias_shifted,154.35779,45.05058,20000,S10×M2×UP10×TH10×UB10
2035,block_group,361090002021,peak_kw_home,first_order,placement,0.06931,0.04841,0.09612,bootstrap_95_bias_shifted,154.35779,45.05058,20000,S10×M2×UP10×TH10×UB10
2035,block_group,361090002021,peak_kw_home,total_effect,placement,0.17248,0.13504,0.20976,bootstrap_95_bias_shifted,154.35779,45.05058,20000,S10×M2×UP10×TH10×UB10
2035,block_group,361090002021,peak_kw_home,first_order,behaviour,0.23108,0.12214,0.34204,bootstrap_95_bias_shifted,154.35779,45.05058,20000,S10×M2×UP10×TH10×UB10
2035,block_group,361090002021,peak_kw_home,total_effect,behaviour,0.3394,0.23575,0.43527,bootstrap_95_bias_shifted,154.35779,45.05058,20000,S10×M2×UP10×TH10×UB10
2035,block_group,361090002021,peak_kw_home,first_order,interaction,0.11635,0.10055,0.13457,bootstrap_95_bias_shifted,154.35779,45.05058,20000,S10×M2×UP10×TH10×UB10
2035,block_group,361090002021,peak_kw_home,first_order,placement:weighting,0.0484,0.03311,0.06788,bootstrap_95_bias_shifted,154.35779,45.05058,20000,S10×M2×UP10×TH10×UB10
2035,block_group,361090002021,peak_kw_home,first_order,placement:sampling,0.01897,0.00391,0.03609,bootstrap_95_bias_shifted,154.35779,45.05058,20000,S10×M2×UP10×TH10×UB10
2035,block_group,361090002021,peak_kw_home,first_order,placement:weighting_x_sampling,0.00195,0.00027,0.00399,bootstrap_95_bias_shifted,154.35779,45.05058,20000,S10×M2×UP10×TH10×UB10
2035,block_group,361090002021,peak_kw_home,first_order,behaviour:parameters,0.22624,0.12176,0.34117,bootstrap_95_bias_shifted,154.35779,45.05058,20000,S10×M2×UP10×TH10×UB10
2035,block_group,361090002021,peak_kw_home,first_order,behaviour:stochastic,0.00272,-0.0039,0.01289,bootstrap_95_bias_shifted,154.35779,45.05058,20000,S10×M2×UP10×TH10×UB10
2035,block_group,361090002021,peak_kw_home,first_order,behaviour:parameters_x_stochastic,0.00212,-0.00175,0.00789,bootstrap_95_bias_shifted,154.35779,45.05058,20000,S10×M2×UP10×TH10×UB10
2035,block_group,361090002022,peak_kw_home,first_order,stock,0.45319,0.37095,0.5524,bootstrap_95_bias_shifted,103.83863,30.54088,20000,S10×M2×UP10×TH10×UB10
2035,block_group,361090002022,peak_kw_home,total_effect,stock,0.52284,0.43647,0.62305,bootstrap_95_bias_shifted,103.83863,30.54088,20000,S10×M2×UP10×TH10×UB10
2035,block_group,361090002022,peak_kw_home,first_order,placement,0.07484,0.04103,0.11821,bootstrap_95_bias_shifted,103.83863,30.54088,20000,S10×M2×UP10×TH10×UB10
2035,block_group,361090002022,peak_kw_home,total_effect,placement,0.21852,0.17151,0.26902,bootstrap_95_bias_shifted,103.83863,30.54088,20000,S10×M2×UP10×TH10×UB10
2035,block_group,361090002022,peak_kw_home,first_order,behaviour,0.31215,0.19053,0.43707,bootstrap_95_bias_shifted,103.83863,30.54088,20000,S10×M2×UP10×TH10×UB10
2035,block_group,361090002022,peak_kw_home,total_effect,behaviour,0.45988,0.34363,0.56661,bootstrap_95_bias_shifted,103.83863,30.54088,20000,S10×M2×UP10×TH10×UB10
2035,block_group,361090002022,peak_kw_home,first_order,interaction,0.15981,0.13653,0.18986,bootstrap_95_bias_shifted,103.83863,30.54088,20000,S10×M2×UP10×TH10×UB10
2035,block_group,361090002022,peak_kw_home,first_order,placement:weighting,0.0291,0.01565,0.04728,bootstrap_95_bias_shifted,103.83863,30.54088,20000,S10×M2×UP10×TH10×UB10
2035,block_group,361090002022,peak_kw_home,first_order,placement:sampling,0.04087,0.01037,0.08378,bootstrap_95_bias_shifted,103.83863,30.54088,20000,S10×M2×UP10×TH10×UB10
2035,block_group,361090002022,peak_kw_home,first_order,placement:weighting_x_sampling,0.00487,0.00067,0.00973,bootstrap_95_bias_shifted,103.83863,30.54088,20000,S10×M2×UP10×TH10×UB10
2035,block_group,361090002022,peak_kw_home,first_order,behaviour:parameters,0.30013,0.1748,0.41974,bootstrap_95_bias_shifted,103.83863,30.54088,20000,S10×M2×UP10×TH10×UB10
2035,block_group,361090002022,peak_kw_home,first_order,behaviour:stochastic,0.007,-0.00222,0.02012,bootstrap_95_bias_shifted,103.83863,30.54088,20000,S10×M2×UP10×TH10×UB10
2035,block_group,361090002022,peak_kw_home,first_order,behaviour:parameters_x_stochastic,0.00502,-0.00171,0.01516,bootstrap_95_bias_shifted,103.83863,30.54088,20000,S10×M2×UP10×TH10×UB10
2035,block_group,361090003001,peak_kw_home,first_order,stock,0.55494,0.47802,0.64943,bootstrap_95_bias_shifted,90.7114,23.00661,20000,S10×M2×UP10×TH10×UB10
2035,block_group,361090003001,peak_kw_home,total_effect,stock,0.6316,0.54908,0.72586,bootstrap_95_bias_shifted,90.7114,23.00661,20000,S10×M2×UP10×TH10×UB10
2035,block_group,361090003001,peak_kw_home,first_order,placement,0.07085,0.02646,0.12696,bootstrap_95_bias_shifted,90.7114,23.00661,20000,S10×M2×UP10×TH10×UB10
2035,block_group,361090003001,peak_kw_home,total_effect,placement,0.25084,0.18721,0.31844,bootstrap_95_bias_shifted,90.7114,23.00661,20000,S10×M2×UP10×TH10×UB10
2035,block_group,361090003001,peak_kw_home,first_order,behaviour,0.1872,0.08228,0.28317,bootstrap_95_bias_shifted,90.7114,23.00661,20000,S10×M2×UP10×TH10×UB10
2035,block_group,361090003001,peak_kw_home,total_effect,behaviour,0.35907,0.25843,0.44241,bootstrap_95_bias_shifted,90.7114,23.00661,20000,S10×M2×UP10×TH10×UB10
2035,block_group,361090003001,peak_kw_home,first_order,interaction,0.18702,0.16554,0.21644,bootstrap_95_bias_shifted,90.7114,23.00661,20000,S10×M2×UP10×TH10×UB10
2035,block_group,361090003001,peak_kw_home,first_order,placement:weighting,0.00967,0.00013,0.02662,bootstrap_95_bias_shifted,90.7114,23.00661,20000,S10×M2×UP10×TH10×UB10
2035,block_group,361090003001,peak_kw_home,first_order,placement:sampling,0.05414,0.00936,0.11275,bootstrap_95_bias_shifted,90.7114,23.00661,20000,S10×M2×UP10×TH10×UB10
2035,block_group,361090003001,peak_kw_home,first_order,placement:weighting_x_sampling,0.00703,0.00186,0.01447,bootstrap_95_bias_shifted,90.7114,23.00661,20000,S10×M2×UP10×TH10×UB10
2035,block_group,361090003001,peak_kw_home,first_order,behaviour:parameters,0.17501,0.07178,0.27671,bootstrap_95_bias_shifted,90.7114,23.00661,20000,S10×M2×UP10×TH10×UB10
2035,block_group,361090003001,peak_kw_home,first_order,behaviour:stochastic,0.00742,-0.00468,0.03116,bootstrap_95_bias_shifted,90.7114,23.00661,20000,S10×M2×UP10×TH10×UB10
2035,block_group,361090003001,peak_kw_home,first_order,behaviour:parameters_x_stochastic,0.00477,-0.00151,0.01471,bootstrap_95_bias_shifted,90.7114,23.00661,20000,S10×M2×UP10×TH10×UB10
2035,block_group,361090004001,peak_kw_home,first_order,stock,0.32068,0.28125,0.36658,bootstrap_95_bias_shifted,132.63577,43.55057,20000,S10×M2×UP10×TH10×UB10
2035,block_group,361090004001,peak_kw_home,total_effect,stock,0.37084,0.32934,0.41683,bootstrap_95_bias_shifted,132.63577,43.55057,20000,S10×M2×UP10×TH10×UB10
2035,block_group,361090004001,peak_kw_home,first_order,placement,0.39751,0.33535,0.4627,bootstrap_95_bias_shifted,132.63577,43.55057,20000,S10×M2×UP10×TH10×UB10
2035,block_group,361090004001,peak_kw_home,total_effect,placement,0.50355,0.44278,0.57039,bootstrap_95_bias_shifted,132.63577,43.55057,20000,S10×M2×UP10×TH10×UB10
2035,block_group,361090004001,peak_kw_home,first_order,behaviour,0.16844,0.07777,0.26078,bootstrap_95_bias_shifted,132.63577,43.55057,20000,S10×M2×UP10×TH10×UB10
2035,block_group,361090004001,peak_kw_home,total_effect,behaviour,0.26485,0.17505,0.36489,bootstrap_95_bias_shifted,132.63577,43.55057,20000,S10×M2×UP10×TH10×UB10
2035,block_group,361090004001,peak_kw_home,first_order,interaction,0.11338,0.09912,0.12665,bootstrap_95_bias_shifted,132.63577,43.55057,20000,S10×M2×UP10×TH10×UB10
2035,block_group,361090004001,peak_kw_home,first_order,placement:weighting,0.3766,0.3128,0.43249,bootstrap_95_bias_shifted,132.63577,43.55057,20000,S10×M2×UP10×TH10×UB10
2035,block_group,361090004001,peak_kw_home,first_order,placement:sampling,0.01962,0.0052,0.03922,bootstrap_95_bias_shifted,132.63577,43.55057,20000,S10×M2×UP10×TH10×UB10
2035,block_group,361090004001,peak_kw_home,first_order,placement:weighting_x_sampling,0.00129,-9e-05,0.00365,bootstrap_95_bias_shifted,132.63577,43.55057,20000,S10×M2×UP10×TH10×UB10
2035,block_group,361090004001,peak_kw_home,first_order,behaviour:parameters,0.15968,0.06923,0.25156,bootstrap_95_bias_shifted,132.63577,43.55057,20000,S10×M2×UP10×TH10×UB10
2035,block_group,361090004001,peak_kw_home,first_order,behaviour:stochastic,0.00367,-0.00135,0.01211,bootstrap_95_bias_shifted,132.63577,43.55057,20000,S10×M2×UP10×TH10×UB10
2035,block_group,361090004001,peak_kw_home,first_order,behaviour:parameters_x_stochastic,0.00508,0.00106,0.01152,bootstrap_95_bias_shifted,132.63577,43.55057,20000,S10×M2×UP10×TH10×UB10
2035,block_group,361090005001,peak_kw_home,first_order,stock,0.69519,0.60695,0.77974,bootstrap_95_bias_shifted,247.15086,64.34849,20000,S10×M2×UP10×TH10×UB10
2035,block_group,361090005001,peak_kw_home,total_effect,stock,0.73874,0.65067,0.82256,bootstrap_95_bias_shifted,247.15086,64.34849,20000,S10×M2×UP10×TH10×UB10
2035,block_group,361090005001,peak_kw_home,first_order,placement,0.03161,0.01689,0.05369,bootstrap_95_bias_shifted,247.15086,64.34849,20000,S10×M2×UP10×TH10×UB10
2035,block_group,361090005001,peak_kw_home,total_effect,placement,0.12092,0.09955,0.1443,bootstrap_95_bias_shifted,247.15086,64.34849,20000,S10×M2×UP10×TH10×UB10
2035,block_group,361090005001,peak_kw_home,first_order,behaviour,0.17333,0.07723,0.2735,bootstrap_95_bias_shifted,247.15086,64.34849,20000,S10×M2×UP10×TH10×UB10
2035,block_group,361090005001,peak_kw_home,total_effect,behaviour,0.26555,0.17442,0.36435,bootstrap_95_bias_shifted,247.15086,64.34849,20000,S10×M2×UP10×TH10×UB10
2035,block_group,361090005001,peak_kw_home,first_order,interaction,0.09987,0.086,0.1154,bootstrap_95_bias_shifted,247.15086,64.34849,20000,S10×M2×UP10×TH10×UB10
2035,block_group,361090005001,peak_kw_home,first_order,placement:weighting,0.01036,0.0041,0.01809,bootstrap_95_bias_shifted,247.15086,64.34849,20000,S10×M2×UP10×TH10×UB10
2035,block_group,361090005001,peak_kw_home,first_order,placement:sampling,0.01976,0.00788,0.03766,bootstrap_95_bias_shifted,247.15086,64.34849,20000,S10×M2×UP10×TH10×UB10
2035,block_group,361090005001,peak_kw_home,first_order,placement:weighting_x_sampling,0.0015,0.00035,0.00337,bootstrap_95_bias_shifted,247.15086,64.34849,20000,S10×M2×UP10×TH10×UB10
2035,block_group,361090005001,peak_kw_home,first_order,behaviour:parameters,0.16197,0.06256,0.2625,bootstrap_95_bias_shifted,247.15086,64.34849,20000,S10×M2×UP10×TH10×UB10
2035,block_group,361090005001,peak_kw_home,first_order,behaviour:stochastic,0.00408,-0.00219,0.01359,bootstrap_95_bias_shifted,247.15086,64.34849,20000,S10×M2×UP10×TH10×UB10
2035,block_group,361090005001,peak_kw_home,first_order,behaviour:parameters_x_stochastic,0.00728,0.00064,0.01879,bootstrap_95_bias_shifted,247.15086,64.34849,20000,S10×M2×UP10×TH10×UB10
2035,block_group,361090005002,peak_kw_home,first_order,stock,0.58328,0.50182,0.66573,bootstrap_95_bias_shifted,180.60937,45.6224,20000,S10×M2×UP10×TH10×UB10
2035,block_group,361090005002,peak_kw_home,total_effect,stock,0.63383,0.5499,0.71813,bootstrap_95_bias_shifted,180.60937,45.6224,20000,S10×M2×UP10×TH10×UB10
2035,block_group,361090005002,peak_kw_home,first_order,placement,0.08323,0.05357,0.11972,bootstrap_95_bias_shifted,180.60937,45.6224,20000,S10×M2×UP10×TH10×UB10
2035,block_group,361090005002,peak_kw_home,total_effect,placement,0.19306,0.15448,0.24508,bootstrap_95_bias_shifted,180.60937,45.6224,20000,S10×M2×UP10×TH10×UB10
2035,block_group,361090005002,peak_kw_home,first_order,behaviour,0.21346,0.09922,0.31296,bootstrap_95_bias_shifted,180.60937,45.6224,20000,S10×M2×UP10×TH10×UB10
2035,block_group,361090005002,peak_kw_home,total_effect,behaviour,0.32537,0.22397,0.41959,bootstrap_95_bias_shifted,180.60937,45.6224,20000,S10×M2×UP10×TH10×UB10
2035,block_group,361090005002,peak_kw_home,first_order,interaction,0.12004,0.10453,0.14204,bootstrap_95_bias_shifted,180.60937,45.6224,20000,S10×M2×UP10×TH10×UB10
2035,block_group,361090005002,peak_kw_home,first_order,placement:weighting,0.04546,0.03003,0.07095,bootstrap_95_bias_shifted,180.60937,45.6224,20000,S10×M2×UP10×TH10×UB10
2035,block_group,361090005002,peak_kw_home,first_order,placement:sampling,0.03666,0.01319,0.06521,bootstrap_95_bias_shifted,180.60937,45.6224,20000,S10×M2×UP10×TH10×UB10
2035,block_group,361090005002,peak_kw_home,first_order,placement:weighting_x_sampling,0.00111,-0.00015,0.00318,bootstrap_95_bias_shifted,180.60937,45.6224,20000,S10×M2×UP10×TH10×UB10
2035,block_group,361090005002,peak_kw_home,first_order,behaviour:parameters,0.2036,0.08885,0.30468,bootstrap_95_bias_shifted,180.60937,45.6224,20000,S10×M2×UP10×TH10×UB10
2035,block_group,361090005002,peak_kw_home,first_order,behaviour:stochastic,0.00304,-0.0027,0.0116,bootstrap_95_bias_shifted,180.60937,45.6224,20000,S10×M2×UP10×TH10×UB10
2035,block_group,361090005002,peak_kw_home,first_order,behaviour:parameters_x_stochastic,0.00682,0.00049,0.01735,bootstrap_95_bias_shifted,180.60937,45.6224,20000,S10×M2×UP10×TH10×UB10
2035,block_group,361090005003,peak_kw_home,first_order,stock,0.6968,0.62746,0.79024,bootstrap_95_bias_shifted,294.66559,78.04532,20000,S10×M2×UP10×TH10×UB10
2035,block_group,361090005003,peak_kw_home,total_effect,stock,0.73575,0.66334,0.82574,bootstrap_95_bias_shifted,294.66559,78.04532,20000,S10×M2×UP10×TH10×UB10
2035,block_group,361090005003,peak_kw_home,first_order,placement,0.03462,0.02328,0.04856,bootstrap_95_bias_shifted,294.66559,78.04532,20000,S10×M2×UP10×TH10×UB10
2035,block_group,361090005003,peak_kw_home,total_effect,placement,0.10972,0.09089,0.12938,bootstrap_95_bias_shifted,294.66559,78.04532,20000,S10×M2×UP10×TH10×UB10
2035,block_group,361090005003,peak_kw_home,first_order,behaviour,0.18255,0.08661,0.26321,bootstrap_95_bias_shifted,294.66559,78.04532,20000,S10×M2×UP10×TH10×UB10
2035,block_group,361090005003,peak_kw_home,total_effect,behaviour,0.26208,0.16516,0.34169,bootstrap_95_bias_shifted,294.66559,78.04532,20000,S10×M2×UP10×TH10×UB10
2035,block_group,361090005003,peak_kw_home,first_order,interaction,0.08602,0.07468,0.10112,bootstrap_95_bias_shifted,294.66559,78.04532,20000,S10×M2×UP10×TH10×UB10
2035,block_group,361090005003,peak_kw_home,first_order,placement:weighting,0.02456,0.015,0.03499,bootstrap_95_bias_shifted,294.66559,78.04532,20000,S10×M2×UP10×TH10×UB10
2035,block_group,361090005003,peak_kw_home,first_order,placement:sampling,0.00918,0.00234,0.01718,bootstrap_95_bias_shifted,294.66559,78.04532,20000,S10×M2×UP10×TH10×UB10
2035,block_group,361090005003,peak_kw_home,first_order,placement:weighting_x_sampling,0.00088,7e-05,0.00189,bootstrap_95_bias_shifted,294.66559,78.04532,20000,S10×M2×UP10×TH10×UB10
2035,block_group,361090005003,peak_kw_home,first_order,behaviour:parameters,0.17242,0.07533,0.2578,bootstrap_95_bias_shifted,294.66559,78.04532,20000,S10×M2×UP10×TH10×UB10
2035,block_group,361090005003,peak_kw_home,first_order,behaviour:stochastic,0.00401,-0.00117,0.01139,bootstrap_95_bias_shifted,294.66559,78.04532,20000,S10×M2×UP10×TH10×UB10
2035,block_group,361090005003,peak_kw_home,first_order,behaviour:parameters_x_stochastic,0.00612,0.0009,0.01293,bootstrap_95_bias_shifted,294.66559,78.04532,20000,S10×M2×UP10×TH10×UB10
2035,block_group,361090006001,peak_kw_home,first_order,stock,0.6031,0.49467,0.72212,bootstrap_95_bias_shifted,186.02986,49.25235,20000,S10×M2×UP10×TH10×UB10
2035,block_group,361090006001,peak_kw_home,total_effect,stock,0.65592,0.54378,0.77564,bootstrap_95_bias_shifted,186.02986,49.25235,20000,S10×M2×UP10×TH10×UB10
2035,block_group,361090006001,peak_kw_home,first_order,placement,0.02538,0.00835,0.04633,bootstrap_95_bias_shifted,186.02986,49.25235,20000,S10×M2×UP10×TH10×UB10
2035,block_group,361090006001,peak_kw_home,total_effect,placement,0.11995,0.09066,0.15302,bootstrap_95_bias_shifted,186.02986,49.25235,20000,S10×M2×UP10×TH10×UB10
2035,block_group,361090006001,peak_kw_home,first_order,behaviour,0.26237,0.13617,0.38385,bootstrap_95_bias_shifted,186.02986,49.25235,20000,S10×M2×UP10×TH10×UB10
2035,block_group,361090006001,peak_kw_home,total_effect,behaviour,0.36335,0.24294,0.47704,bootstrap_95_bias_shifted,186.02986,49.25235,20000,S10×M2×UP10×TH10×UB10
2035,block_group,361090006001,peak_kw_home,first_order,interaction,0.10915,0.09343,0.12842,bootstrap_95_bias_shifted,186.02986,49.25235,20000,S10×M2×UP10×TH10×UB10
2035,block_group,361090006001,peak_kw_home,first_order,placement:weighting,0.00475,0.00098,0.01018,bootstrap_95_bias_shifted,186.02986,49.25235,20000,S10×M2×UP10×TH10×UB10
2035,block_group,361090006001,peak_kw_home,first_order,placement:sampling,0.01962,0.00303,0.04128,bootstrap_95_bias_shifted,186.02986,49.25235,20000,S10×M2×UP10×TH10×UB10
2035,block_group,361090006001,peak_kw_home,first_order,placement:weighting_x_sampling,0.00101,8e-05,0.00237,bootstrap_95_bias_shifted,186.02986,49.25235,20000,S10×M2×UP10×TH10×UB10
2035,block_group,361090006001,peak_kw_home,first_order,behaviour:parameters,0.24535,0.11809,0.37165,bootstrap_95_bias_shifted,186.02986,49.25235,20000,S10×M2×UP10×TH10×UB10
2035,block_group,361090006001,peak_kw_home,first_order,behaviour:stochastic,0.01088,-0.00052,0.02891,bootstrap_95_bias_shifted,186.02986,49.25235,20000,S10×M2×UP10×TH10×UB10
2035,block_group,361090006001,peak_kw_home,first_order,behaviour:parameters_x_stochastic,0.00614,0.00019,0.01318,bootstrap_95_bias_shifted,186.02986,49.25235,20000,S10×M2×UP10×TH10×UB10
2035,block_group,361090006002,peak_kw_home,first_order,stock,0.64924,0.5734,0.72524,bootstrap_95_bias_shifted,241.86343,60.76228,20000,S10×M2×UP10×TH10×UB10
2035,block_group,361090006002,peak_kw_home,total_effect,stock,0.69275,0.61696,0.77032,bootstrap_95_bias_shifted,241.86343,60.76228,20000,S10×M2×UP10×TH10×UB10
2035,block_group,361090006002,peak_kw_home,first_order,placement,0.10034,0.07272,0.13091,bootstrap_95_bias_shifted,241.86343,60.76228,20000,S10×M2×UP10×TH10×UB10
2035,block_group,361090006002,peak_kw_home,total_effect,placement,0.18639,0.15409,0.22099,bootstrap_95_bias_shifted,241.86343,60.76228,20000,S10×M2×UP10×TH10×UB10
2035,block_group,361090006002,peak_kw_home,first_order,behaviour,0.15638,0.06366,0.24689,bootstrap_95_bias_shifted,241.86343,60.76228,20000,S10×M2×UP10×TH10×UB10
2035,block_group,361090006002,peak_kw_home,total_effect,behaviour,0.24146,0.15217,0.33305,bootstrap_95_bias_shifted,241.86343,60.76228,20000,S10×M2×UP10×TH10×UB10
2035,block_group,361090006002,peak_kw_home,first_order,interaction,0.09404,0.08142,0.10724,bootstrap_95_bias_shifted,241.86343,60.76228,20000,S10×M2×UP10×TH10×UB10
2035,block_group,361090006002,peak_kw_home,first_order,placement:weighting,0.07499,0.05671,0.08997,bootstrap_95_bias_shifted,241.86343,60.76228,20000,S10×M2×UP10×TH10×UB10
2035,block_group,361090006002,peak_kw_home,first_order,placement:sampling,0.02417,0.00322,0.054,bootstrap_95_bias_shifted,241.86343,60.76228,20000,S10×M2×UP10×TH10×UB10
2035,block_group,361090006002,peak_kw_home,first_order,placement:weighting_x_sampling,0.00117,2e-05,0.0027,bootstrap_95_bias_shifted,241.86343,60.76228,20000,S10×M2×UP10×TH10×UB10
2035,block_group,361090006002,peak_kw_home,first_order,behaviour:parameters,0.1355,0.0467,0.21296,bootstrap_95_bias_shifted,241.86343,60.76228,20000,S10×M2×UP10×TH10×UB10
2035,block_group,361090006002,peak_kw_home,first_order,behaviour:stochastic,0.01581,0.00302,0.03709,bootstrap_95_bias_shifted,241.86343,60.76228,20000,S10×M2×UP10×TH10×UB10
2035,block_group,361090006002,peak_kw_home,first_order,behaviour:parameters_x_stochastic,0.00508,-1e-05,0.01076,bootstrap_95_bias_shifted,241.86343,60.76228,20000,S10×M2×UP10×TH10×UB10
2035,block_group,361090006003,peak_kw_home,first_order,stock,0.30595,0.26121,0.36567,bootstrap_95_bias_shifted,43.7886,13.79993,20000,S10×M2×UP10×TH10×UB10
2035,block_group,361090006003,peak_kw_home,total_effect,stock,0.39862,0.34856,0.46063,bootstrap_95_bias_shifted,43.7886,13.79993,20000,S10×M2×UP10×TH10×UB10
2035,block_group,361090006003,peak_kw_home,first_order,placement,0.30128,0.21144,0.38209,bootstrap_95_bias_shifted,43.7886,13.79993,20000,S10×M2×UP10×TH10×UB10
2035,block_group,361090006003,peak_kw_home,total_effect,placement,0.52422,0.44757,0.59842,bootstrap_95_bias_shifted,43.7886,13.79993,20000,S10×M2×UP10×TH10×UB10
2035,block_group,361090006003,peak_kw_home,first_order,behaviour,0.16298,0.08324,0.25605,bootstrap_95_bias_shifted,43.7886,13.79993,20000,S10×M2×UP10×TH10×UB10
2035,block_group,361090006003,peak_kw_home,total_effect,behaviour,0.37192,0.29004,0.47145,bootstrap_95_bias_shifted,43.7886,13.79993,20000,S10×M2×UP10×TH10×UB10
2035,block_group,361090006003,peak_kw_home,first_order,interaction,0.22979,0.18795,0.27625,bootstrap_95_bias_shifted,43.7886,13.79993,20000,S10×M2×UP10×TH10×UB10
2035,block_group,361090006003,peak_kw_home,first_order,placement:weighting,0.16694,0.12251,0.20751,bootstrap_95_bias_shifted,43.7886,13.79993,20000,S10×M2×UP10×TH10×UB10
2035,block_group,361090006003,peak_kw_home,first_order,placement:sampling,0.12923,0.04584,0.20271,bootstrap_95_bias_shifted,43.7886,13.79993,20000,S10×M2×UP10×TH10×UB10
2035,block_group,361090006003,peak_kw_home,first_order,placement:weighting_x_sampling,0.00511,0.0011,0.01033,bootstrap_95_bias_shifted,43.7886,13.79993,20000,S10×M2×UP10×TH10×UB10
2035,block_group,361090006003,peak_kw_home,first_order,behaviour:parameters,0.12865,0.05264,0.20985,bootstrap_95_bias_shifted,43.7886,13.79993,20000,S10×M2×UP10×TH10×UB10
2035,block_group,361090006003,peak_kw_home,first_order,behaviour:stochastic,0.02993,-0.00048,0.07562,bootstrap_95_bias_shifted,43.7886,13.79993,20000,S10×M2×UP10×TH10×UB10
2035,block_group,361090006003,peak_kw_home,first_order,behaviour:parameters_x_stochastic,0.00441,-0.00282,0.01453,bootstrap_95_bias_shifted,43.7886,13.79993,20000,S10×M2×UP10×TH10×UB10
2035,block_group,361090006004,peak_kw_home,first_order,stock,0.75471,0.67727,0.84555,bootstrap_95_bias_shifted,317.00204,80.10361,20000,S10×M2×UP10×TH10×UB10
2035,block_group,361090006004,peak_kw_home,total_effect,stock,0.79143,0.71422,0.88027,bootstrap_95_bias_shifted,317.00204,80.10361,20000,S10×M2×UP10×TH10×UB10
2035,block_group,361090006004,peak_kw_home,first_order,placement,0.03413,0.01595,0.05894,bootstrap_95_bias_shifted,317.00204,80.10361,20000,S10×M2×UP10×TH10×UB10
2035,block_group,361090006004,peak_kw_home,total_effect,placement,0.10425,0.07736,0.13163,bootstrap_95_bias_shifted,317.00204,80.10361,20000,S10×M2×UP10×TH10×UB10
2035,block_group,361090006004,peak_kw_home,first_order,behaviour,0.13272,0.04345,0.21373,bootstrap_95_bias_shifted,317.00204,80.10361,20000,S10×M2×UP10×TH10×UB10
2035,block_group,361090006004,peak_kw_home,total_effect,behaviour,0.20448,0.11988,0.28303,bootstrap_95_bias_shifted,317.00204,80.10361,20000,S10×M2×UP10×TH10×UB10
2035,block_group,361090006004,peak_kw_home,first_order,interaction,0.07844,0.06669,0.08903,bootstrap_95_bias_shifted,317.00204,80.10361,20000,S10×M2×UP10×TH10×UB10
2035,block_group,361090006004,peak_kw_home,first_order,placement:weighting,0.01182,0.00641,0.01863,bootstrap_95_bias_shifted,317.00204,80.10361,20000,S10×M2×UP10×TH10×UB10
2035,block_group,361090006004,peak_kw_home,first_order,placement:sampling,0.02144,0.00433,0.04258,bootstrap_95_bias_shifted,317.00204,80.10361,20000,S10×M2×UP10×TH10×UB10
2035,block_group,361090006004,peak_kw_home,first_order,placement:weighting_x_sampling,0.00087,0.00024,0.00182,bootstrap_95_bias_shifted,317.00204,80.10361,20000,S10×M2×UP10×TH10×UB10
2035,block_group,361090006004,peak_kw_home,first_order,behaviour:parameters,0.12692,0.03662,0.21078,bootstrap_95_bias_shifted,317.00204,80.10361,20000,S10×M2×UP10×TH10×UB10
2035,block_group,361090006004,peak_kw_home,first_order,behaviour:stochastic,0.00155,-0.00188,0.00823,bootstrap_95_bias_shifted,317.00204,80.10361,20000,S10×M2×UP10×TH10×UB10
2035,block_group,361090006004,peak_kw_home,first_order,behaviour:parameters_x_stochastic,0.00425,0.00033,0.01066,bootstrap_95_bias_shifted,317.00204,80.10361,20000,S10×M2×UP10×TH10×UB10
2035,block_group,361090007001,peak_kw_home,first_order,stock,0.329,0.2789,0.38894,bootstrap_95_bias_shifted,133.96026,47.10822,20000,S10×M2×UP10×TH10×UB10
2035,block_group,361090007001,peak_kw_home,total_effect,stock,0.38746,0.33867,0.44858,bootstrap_95_bias_shifted,133.96026,47.10822,20000,S10×M2×UP10×TH10×UB10
2035,block_group,361090007001,peak_kw_home,first_order,placement,0.29496,0.23581,0.35878,bootstrap_95_bias_shifted,133.96026,47.10822,20000,S10×M2×UP10×TH10×UB10
2035,block_group,361090007001,peak_kw_home,total_effect,placement,0.40672,0.34232,0.47037,bootstrap_95_bias_shifted,133.96026,47.10822,20000,S10×M2×UP10×TH10×UB10
2035,block_group,361090007001,peak_kw_home,first_order,behaviour,0.25029,0.14214,0.35735,bootstrap_95_bias_shifted,133.96026,47.10822,20000,S10×M2×UP10×TH10×UB10
2035,block_group,361090007001,peak_kw_home,total_effect,behaviour,0.35602,0.24637,0.46377,bootstrap_95_bias_shifted,133.96026,47.10822,20000,S10×M2×UP10×TH10×UB10
2035,block_group,361090007001,peak_kw_home,first_order,interaction,0.12575,0.11292,0.14496,bootstrap_95_bias_shifted,133.96026,47.10822,20000,S10×M2×UP10×TH10×UB10
2035,block_group,361090007001,peak_kw_home,first_order,placement:weighting,0.28029,0.22863,0.33823,bootstrap_95_bias_shifted,133.96026,47.10822,20000,S10×M2×UP10×TH10×UB10
2035,block_group,361090007001,peak_kw_home,first_order,placement:sampling,0.01245,0.00238,0.02636,bootstrap_95_bias_shifted,133.96026,47.10822,20000,S10×M2×UP10×TH10×UB10
2035,block_group,361090007001,peak_kw_home,first_order,placement:weighting_x_sampling,0.00222,7e-05,0.0052,bootstrap_95_bias_shifted,133.96026,47.10822,20000,S10×M2×UP10×TH10×UB10
2035,block_group,361090007001,peak_kw_home,first_order,behaviour:parameters,0.23822,0.12623,0.34399,bootstrap_95_bias_shifted,133.96026,47.10822,20000,S10×M2×UP10×TH10×UB10
2035,block_group,361090007001,peak_kw_home,first_order,behaviour:stochastic,0.00672,-0.00078,0.01827,bootstrap_95_bias_shifted,133.96026,47.10822,20000,S10×M2×UP10×TH10×UB10
2035,block_group,361090007001,peak_kw_home,first_order,behaviour:parameters_x_stochastic,0.00535,0.00122,0.01118,bootstrap_95_bias_shifted,133.96026,47.10822,20000,S10×M2×UP10×TH10×UB10
2035,block_group,361090007002,peak_kw_home,first_order,stock,0.73891,0.65069,0.83763,bootstrap_95_bias_shifted,349.61086,91.03113,20000,S10×M2×UP10×TH10×UB10
2035,block_group,361090007002,peak_kw_home,total_effect,stock,0.77248,0.6854,0.87247,bootstrap_95_bias_shifted,349.61086,91.03113,20000,S10×M2×UP10×TH10×UB10
2035,block_group,361090007002,peak_kw_home,first_order,placement,0.02282,0.00605,0.0444,bootstrap_95_bias_shifted,349.61086,91.03113,20000,S10×M2×UP10×TH10×UB10
2035,block_group,361090007002,peak_kw_home,total_effect,placement,0.08732,0.06449,0.1139,bootstrap_95_bias_shifted,349.61086,91.03113,20000,S10×M2×UP10×TH10×UB10
2035,block_group,361090007002,peak_kw_home,first_order,behaviour,0.16401,0.07031,0.2562,bootstrap_95_bias_shifted,349.61086,91.03113,20000,S10×M2×UP10×TH10×UB10
2035,block_group,361090007002,peak_kw_home,total_effect,behaviour,0.23339,0.14299,0.32047,bootstrap_95_bias_shifted,349.61086,91.03113,20000,S10×M2×UP10×TH10×UB10
2035,block_group,361090007002,peak_kw_home,first_order,interaction,0.07426,0.06369,0.08832,bootstrap_95_bias_shifted,349.61086,91.03113,20000,S10×M2×UP10×TH10×UB10
2035,block_group,361090007002,peak_kw_home,first_order,placement:weighting,0.00019,-0.00015,0.00105,bootstrap_95_bias_shifted,349.61086,91.03113,20000,S10×M2×UP10×TH10×UB10
2035,block_group,361090007002,peak_kw_home,first_order,placement:sampling,0.02225,0.00551,0.0442,bootstrap_95_bias_shifted,349.61086,91.03113,20000,S10×M2×UP10×TH10×UB10
2035,block_group,361090007002,peak_kw_home,first_order,placement:weighting_x_sampling,0.00038,-8e-05,0.00114,bootstrap_95_bias_shifted,349.61086,91.03113,20000,S10×M2×UP10×TH10×UB10
2035,block_group,361090007002,peak_kw_home,first_order,behaviour:parameters,0.15701,0.06173,0.24924,bootstrap_95_bias_shifted,349.61086,91.03113,20000,S10×M2×UP10×TH10×UB10
2035,block_group,361090007002,peak_kw_home,first_order,behaviour:stochastic,0.00051,-0.00256,0.00591,bootstrap_95_bias_shifted,349.61086,91.03113,20000,S10×M2×UP10×TH10×UB10
2035,block_group,361090007002,peak_kw_home,first_order,behaviour:parameters_x_stochastic,0.00649,0.00192,0.01414,bootstrap_95_bias_shifted,349.61086,91.03113,20000,S10×M2×UP10×TH10×UB10
2035,block_group,361090007003,peak_kw_home,first_order,stock,0.65727,0.57181,0.75183,bootstrap_95_bias_shifted,254.29945,70.15665,20000,S10×M2×UP10×TH10×UB10
2035,block_group,361090007003,peak_kw_home,total_effect,stock,0.6988,0.61218,0.79524,bootstrap_95_bias_shifted,254.29945,70.15665,20000,S10×M2×UP10×TH10×UB10
2035,block_group,361090007003,peak_kw_home,first_order,placement,0.04186,0.02274,0.06531,bootstrap_95_bias_shifted,254.29945,70.15665,20000,S10×M2×UP10×TH10×UB10
2035,block_group,361090007003,peak_kw_home,total_effect,placement,0.11957,0.09301,0.15006,bootstrap_95_bias_shifted,254.29945,70.15665,20000,S10×M2×UP10×TH10×UB10
2035,block_group,361090007003,peak_kw_home,first_order,behaviour,0.21162,0.1193,0.30089,bootstrap_95_bias_shifted,254.29945,70.15665,20000,S10×M2×UP10×TH10×UB10
2035,block_group,361090007003,peak_kw_home,total_effect,behaviour,0.2946,0.20253,0.38823,bootstrap_95_bias_shifted,254.29945,70.15665,20000,S10×M2×UP10×TH10×UB10
2035,block_group,361090007003,peak_kw_home,first_order,interaction,0.08924,0.07413,0.10355,bootstrap_95_bias_shifted,254.29945,70.15665,20000,S10×M2×UP10×TH10×UB10
2035,block_group,361090007003,peak_kw_home,first_order,placement:weighting,0.01428,0.00569,0.02515,bootstrap_95_bias_shifted,254.29945,70.15665,20000,S10×M2×UP10×TH10×UB10
2035,block_group,361090007003,peak_kw_home,first_order,placement:sampling,0.02453,0.00895,0.04561,bootstrap_95_bias_shifted,254.29945,70.15665,20000,S10×M2×UP10×TH10×UB10
2035,block_group,361090007003,peak_kw_home,first_order,placement:weighting_x_sampling,0.00305,0.0007,0.00612,bootstrap_95_bias_shifted,254.29945,70.15665,20000,S10×M2×UP10×TH10×UB10
2035,block_group,361090007003,peak_kw_home,first_order,behaviour:parameters,0.20196,0.1027,0.29558,bootstrap_95_bias_shifted,254.29945,70.15665,20000,S10×M2×UP10×TH10×UB10
2035,block_group,361090007003,peak_kw_home,first_order,behaviour:stochastic,0.00389,-0.00186,0.01416,bootstrap_95_bias_shifted,254.29945,70.15665,20000,S10×M2×UP10×TH10×UB10
2035,block_group,361090007003,peak_kw_home,first_order,behaviour:parameters_x_stochastic,0.00577,1e-05,0.01474,bootstrap_95_bias_shifted,254.29945,70.15665,20000,S10×M2×UP10×TH10×UB10
2035,block_group,361090008001,peak_kw_home,first_order,stock,0.56611,0.47325,0.64974,bootstrap_95_bias_shifted,149.30253,41.3547,20000,S10×M2×UP10×TH10×UB10
2035,block_group,361090008001,peak_kw_home,total_effect,stock,0.62915,0.53319,0.7177,bootstrap_95_bias_shifted,149.30253,41.3547,20000,S10×M2×UP10×TH10×UB10
2035,block_group,361090008001,peak_kw_home,first_order,placement,0.09895,0.05691,0.14735,bootstrap_95_bias_shifted,149.30253,41.3547,20000,S10×M2×UP10×TH10×UB10
2035,block_group,361090008001,peak_kw_home,total_effect,placement,0.22256,0.17668,0.27658,bootstrap_95_bias_shifted,149.30253,41.3547,20000,S10×M2×UP10×TH10×UB10
2035,block_group,361090008001,peak_kw_home,first_order,behaviour,0.2009,0.10045,0.29903,bootstrap_95_bias_shifted,149.30253,41.3547,20000,S10×M2×UP10×TH10×UB10
2035,block_group,361090008001,peak_kw_home,total_effect,behaviour,0.3177,0.21411,0.41022,bootstrap_95_bias_shifted,149.30253,41.3547,20000,S10×M2×UP10×TH10×UB10
2035,block_group,361090008001,peak_kw_home,first_order,interaction,0.13405,0.11723,0.15522,bootstrap_95_bias_shifted,149.30253,41.3547,20000,S10×M2×UP10×TH10×UB10
2035,block_group,361090008001,peak_kw_home,first_order,placement:weighting,0.05948,0.0411,0.08195,bootstrap_95_bias_shifted,149.30253,41.3547,20000,S10×M2×UP10×TH10×UB10
2035,block_group,361090008001,peak_kw_home,first_order,placement:sampling,0.03721,0.00121,0.08614,bootstrap_95_bias_shifted,149.30253,41.3547,20000,S10×M2×UP10×TH10×UB10
2035,block_group,361090008001,peak_kw_home,first_order,placement:weighting_x_sampling,0.00226,0.00053,0.00429,bootstrap_95_bias_shifted,149.30253,41.3547,20000,S10×M2×UP10×TH10×UB10
2035,block_group,361090008001,peak_kw_home,first_order,behaviour:parameters,0.1964,0.0916,0.29578,bootstrap_95_bias_shifted,149.30253,41.3547,20000,S10×M2×UP10×TH10×UB10
2035,block_group,361090008001,peak_kw_home,first_order,behaviour:stochastic,0.00118,-0.00397,0.00932,bootstrap_95_bias_shifted,149.30253,41.3547,20000,S10×M2×UP10×TH10×UB10
2035,block_group,361090008001,peak_kw_home,first_order,behaviour:parameters_x_stochastic,0.00332,-0.001,0.01024,bootstrap_95_bias_shifted,149.30253,41.3547,20000,S10×M2×UP10×TH10×UB10
2035,block_group,361090008002,peak_kw_home,first_order,stock,0.6088,0.5229,0.71755,bootstrap_95_bias_shifted,186.74672,50.96046,20000,S10×M2×UP10×TH10×UB10
2035,block_group,361090008002,peak_kw_home,total_effect,stock,0.66159,0.57833,0.77147,bootstrap_95_bias_shifted,186.74672,50.96046,20000,S10×M2×UP10×TH10×UB10
2035,block_group,361090008002,peak_kw_home,first_order,placement,0.06073,0.03413,0.08838,bootstrap_95_bias_shifted,186.74672,50.96046,20000,S10×M2×UP10×TH10×UB10
2035,block_group,361090008002,peak_kw_home,total_effect,placement,0.16738,0.13652,0.20501,bootstrap_95_bias_shifted,186.74672,50.96046,20000,S10×M2×UP10×TH10×UB10
2035,block_group,361090008002,peak_kw_home,first_order,behaviour,0.2123,0.10493,0.30589,bootstrap_95_bias_shifted,186.74672,50.96046,20000,S10×M2×UP10×TH10×UB10
2035,block_group,361090008002,peak_kw_home,total_effect,behaviour,0.31892,0.21322,0.40835,bootstrap_95_bias_shifted,186.74672,50.96046,20000,S10×M2×UP10×TH10×UB10
2035,block_group,361090008002,peak_kw_home,first_order,interaction,0.11817,0.10345,0.13343,bootstrap_95_bias_shifted,186.74672,50.96046,20000,S10×M2×UP10×TH10×UB10
2035,block_group,361090008002,peak_kw_home,first_order,placement:weighting,0.03251,0.01588,0.05145,bootstrap_95_bias_shifted,186.74672,50.96046,20000,S10×M2×UP10×TH10×UB10
2035,block_group,361090008002,peak_kw_home,first_order,placement:sampling,0.02364,0.00557,0.04862,bootstrap_95_bias_shifted,186.74672,50.96046,20000,S10×M2×UP10×TH10×UB10
2035,block_group,361090008002,peak_kw_home,first_order,placement:weighting_x_sampling,0.00459,0.00187,0.00868,bootstrap_95_bias_shifted,186.74672,50.96046,20000,S10×M2×UP10×TH10×UB10
2035,block_group,361090008002,peak_kw_home,first_order,behaviour:parameters,0.20894,0.1002,0.30736,bootstrap_95_bias_shifted,186.74672,50.96046,20000,S10×M2×UP10×TH10×UB10
2035,block_group,361090008002,peak_kw_home,first_order,behaviour:stochastic,0.00066,-0.00355,0.00777,bootstrap_95_bias_shifted,186.74672,50.96046,20000,S10×M2×UP10×TH10×UB10
2035,block_group,361090008002,peak_kw_home,first_order,behaviour:parameters_x_stochastic,0.0027,-0.00115,0.00892,bootstrap_95_bias_shifted,186.74672,50.96046,20000,S10×M2×UP10×TH10×UB10
2035,block_group,361090009001,peak_kw_home,first_order,stock,0.60205,0.52376,0.6877,bootstrap_95_bias_shifted,192.68571,54.41859,20000,S10×M2×UP10×TH10×UB10
2035,block_group,361090009001,peak_kw_home,total_effect,stock,0.65103,0.57454,0.73504,bootstrap_95_bias_shifted,192.68571,54.41859,20000,S10×M2×UP10×TH10×UB10
2035,block_group,361090009001,peak_kw_home,first_order,placement,0.1249,0.08925,0.16208,bootstrap_95_bias_shifted,192.68571,54.41859,20000,S10×M2×UP10×TH10×UB10
2035,block_group,361090009001,peak_kw_home,total_effect,placement,0.21657,0.17918,0.26605,bootstrap_95_bias_shifted,192.68571,54.41859,20000,S10×M2×UP10×TH10×UB10
2035,block_group,361090009001,peak_kw_home,first_order,behaviour,0.17154,0.08028,0.25414,bootstrap_95_bias_shifted,192.68571,54.41859,20000,S10×M2×UP10×TH10×UB10
2035,block_group,361090009001,peak_kw_home,total_effect,behaviour,0.2623,0.17646,0.3395,bootstrap_95_bias_shifted,192.68571,54.41859,20000,S10×M2×UP10×TH10×UB10
2035,block_group,361090009001,peak_kw_home,first_order,interaction,0.10151,0.08843,0.1186,bootstrap_95_bias_shifted,192.68571,54.41859,20000,S10×M2×UP10×TH10×UB10
2035,block_group,361090009001,peak_kw_home,first_order,placement:weighting,0.09661,0.07011,0.12683,bootstrap_95_bias_shifted,192.68571,54.41859,20000,S10×M2×UP10×TH10×UB10
2035,block_group,361090009001,peak_kw_home,first_order,placement:sampling,0.02407,0.00659,0.04454,bootstrap_95_bias_shifted,192.68571,54.41859,20000,S10×M2×UP10×TH10×UB10
2035,block_group,361090009001,peak_kw_home,first_order,placement:weighting_x_sampling,0.00422,0.00113,0.00907,bootstrap_95_bias_shifted,192.68571,54.41859,20000,S10×M2×UP10×TH10×UB10
2035,block_group,361090009001,peak_kw_home,first_order,behaviour:parameters,0.16795,0.07267,0.24934,bootstrap_95_bias_shifted,192.68571,54.41859,20000,S10×M2×UP10×TH10×UB10
2035,block_group,361090009001,peak_kw_home,first_order,behaviour:stochastic,0.001,-0.00261,0.00853,bootstrap_95_bias_shifted,192.68571,54.41859,20000,S10×M2×UP10×TH10×UB10
2035,block_group,361090009001,peak_kw_home,first_order,behaviour:parameters_x_stochastic,0.0026,-0.00059,0.00722,bootstrap_95_bias_shifted,192.68571,54.41859,20000,S10×M2×UP10×TH10×UB10
2035,block_group,361090009002,peak_kw_home,first_order,stock,0.68201,0.63853,0.7259,bootstrap_95_bias_shifted,467.63051,134.28001,20000,S10×M2×UP10×TH10×UB10
2035,block_group,361090009002,peak_kw_home,total_effect,stock,0.71395,0.67044,0.75463,bootstrap_95_bias_shifted,467.63051,134.28001,20000,S10×M2×UP10×TH10×UB10
2035,block_group,361090009002,peak_kw_home,first_order,placement,0.16539,0.14572,0.18578,bootstrap_95_bias_shifted,467.63051,134.28001,20000,S10×M2×UP10×TH10×UB10
2035,block_group,361090009002,peak_kw_home,total_effect,placement,0.22282,0.19912,0.24806,bootstrap_95_bias_shifted,467.63051,134.28001,20000,S10×M2×UP10×TH10×UB10
2035,block_group,361090009002,peak_kw_home,first_order,behaviour,0.08929,0.03337,0.14275,bootstrap_95_bias_shifted,467.63051,134.28001,20000,S10×M2×UP10×TH10×UB10
2035,block_group,361090009002,peak_kw_home,total_effect,behaviour,0.13973,0.08459,0.19208,bootstrap_95_bias_shifted,467.63051,134.28001,20000,S10×M2×UP10×TH10×UB10
2035,block_group,361090009002,peak_kw_home,first_order,interaction,0.06331,0.05506,0.07305,bootstrap_95_bias_shifted,467.63051,134.28001,20000,S10×M2×UP10×TH10×UB10
2035,block_group,361090009002,peak_kw_home,first_order,placement:weighting,0.15646,0.14232,0.17083,bootstrap_95_bias_shifted,467.63051,134.28001,20000,S10×M2×UP10×TH10×UB10
2035,block_group,361090009002,peak_kw_home,first_order,placement:sampling,0.00744,0.00114,0.01707,bootstrap_95_bias_shifted,467.63051,134.28001,20000,S10×M2×UP10×TH10×UB10
2035,block_group,361090009002,peak_kw_home,first_order,placement:weighting_x_sampling,0.00148,0.0003,0.00313,bootstrap_95_bias_shifted,467.63051,134.28001,20000,S10×M2×UP10×TH10×UB10
2035,block_group,361090009002,peak_kw_home,first_order,behaviour:parameters,0.08436,0.02871,0.13593,bootstrap_95_bias_shifted,467.63051,134.28001,20000,S10×M2×UP10×TH10×UB10
2035,block_group,361090009002,peak_kw_home,first_order,behaviour:stochastic,0.00104,-0.00179,0.00698,bootstrap_95_bias_shifted,467.63051,134.28001,20000,S10×M2×UP10×TH10×UB10
2035,block_group,361090009002,peak_kw_home,first_order,behaviour:parameters_x_stochastic,0.00389,0.00038,0.00955,bootstrap_95_bias_shifted,467.63051,134.28001,20000,S10×M2×UP10×TH10×UB10
2035,block_group,361090009003,peak_kw_home,first_order,stock,0.73181,0.66716,0.79994,bootstrap_95_bias_shifted,192.15282,51.61874,20000,S10×M2×UP10×TH10×UB10
2035,block_group,361090009003,peak_kw_home,total_effect,stock,0.78058,0.71547,0.84784,bootstrap_95_bias_shifted,192.15282,51.61874,20000,S10×M2×UP10×TH10×UB10
2035,block_group,361090009003,peak_kw_home,first_order,placement,0.02657,0.01341,0.04436,bootstrap_95_bias_shifted,192.15282,51.61874,20000,S10×M2×UP10×TH10×UB10
2035,block_group,361090009003,peak_kw_home,total_effect,placement,0.12238,0.09998,0.14911,bootstrap_95_bias_shifted,192.15282,51.61874,20000,S10×M2×UP10×TH10×UB10
2035,block_group,361090009003,peak_kw_home,first_order,behaviour,0.13671,0.05742,0.20917,bootstrap_95_bias_shifted,192.15282,51.61874,20000,S10×M2×UP10×TH10×UB10
2035,block_group,361090009003,peak_kw_home,total_effect,behaviour,0.2327,0.16545,0.30317,bootstrap_95_bias_shifted,192.15282,51.61874,20000,S10×M2×UP10×TH10×UB10
2035,block_group,361090009003,peak_kw_home,first_order,interaction,0.10491,0.08991,0.12227,bootstrap_95_bias_shifted,192.15282,51.61874,20000,S10×M2×UP10×TH10×UB10
2035,block_group,361090009003,peak_kw_home,first_order,placement:weighting,0.00318,-0.00055,0.00894,bootstrap_95_bias_shifted,192.15282,51.61874,20000,S10×M2×UP10×TH10×UB10
2035,block_group,361090009003,peak_kw_home,first_order,placement:sampling,0.01894,0.00442,0.03675,bootstrap_95_bias_shifted,192.15282,51.61874,20000,S10×M2×UP10×TH10×UB10
2035,block_group,361090009003,peak_kw_home,first_order,placement:weighting_x_sampling,0.00445,0.00128,0.00937,bootstrap_95_bias_shifted,192.15282,51.61874,20000,S10×M2×UP10×TH10×UB10
2035,block_group,361090009003,peak_kw_home,first_order,behaviour:parameters,0.13226,0.05604,0.20541,bootstrap_95_bias_shifted,192.15282,51.61874,20000,S10×M2×UP10×TH10×UB10
2035,block_group,361090009003,peak_kw_home,first_order,behaviour:stochastic,-0.0001,-0.00331,0.00444,bootstrap_95_bias_shifted,192.15282,51.61874,20000,S10×M2×UP10×TH10×UB10
2035,block_group,361090009003,peak_kw_home,first_order,behaviour:parameters_x_stochastic,0.00455,0.00022,0.01191,bootstrap_95_bias_shifted,192.15282,51.61874,20000,S10×M2×UP10×TH10×UB10
2035,block_group,361090010001,peak_kw_home,first_order,stock,0.42073,0.3767,0.47097,bootstrap_95_bias_shifted,187.23658,65.39511,20000,S10×M2×UP10×TH10×UB10
2035,block_group,361090010001,peak_kw_home,total_effect,stock,0.47091,0.42506,0.52708,bootstrap_95_bias_shifted,187.23658,65.39511,20000,S10×M2×UP10×TH10×UB10
2035,block_group,361090010001,peak_kw_home,first_order,placement,0.37213,0.32356,0.41854,bootstrap_95_bias_shifted,187.23658,65.39511,20000,S10×M2×UP10×TH10×UB10
2035,block_group,361090010001,peak_kw_home,total_effect,placement,0.46095,0.41389,0.51371,bootstrap_95_bias_shifted,187.23658,65.39511,20000,S10×M2×UP10×TH10×UB10
2035,block_group,361090010001,peak_kw_home,first_order,behaviour,0.11194,0.04749,0.18156,bootstrap_95_bias_shifted,187.23658,65.39511,20000,S10×M2×UP10×TH10×UB10
2035,block_group,361090010001,peak_kw_home,total_effect,behaviour,0.18272,0.11199,0.25305,bootstrap_95_bias_shifted,187.23658,65.39511,20000,S10×M2×UP10×TH10×UB10
2035,block_group,361090010001,peak_kw_home,first_order,interaction,0.0952,0.08448,0.10588,bootstrap_95_bias_shifted,187.23658,65.39511,20000,S10×M2×UP10×TH10×UB10
2035,block_group,361090010001,peak_kw_home,first_order,placement:weighting,0.34984,0.30918,0.3992,bootstrap_95_bias_shifted,187.23658,65.39511,20000,S10×M2×UP10×TH10×UB10
2035,block_group,361090010001,peak_kw_home,first_order,placement:sampling,0.01745,0.00331,0.04064,bootstrap_95_bias_shifted,187.23658,65.39511,20000,S10×M2×UP10×TH10×UB10
2035,block_group,361090010001,peak_kw_home,first_order,placement:weighting_x_sampling,0.00485,0.00097,0.01003,bootstrap_95_bias_shifted,187.23658,65.39511,20000,S10×M2×UP10×TH10×UB10
2035,block_group,361090010001,peak_kw_home,first_order,behaviour:parameters,0.10913,0.04393,0.18015,bootstrap_95_bias_shifted,187.23658,65.39511,20000,S10×M2×UP10×TH10×UB10
2035,block_group,361090010001,peak_kw_home,first_order,behaviour:stochastic,0.0019,-0.00181,0.00799,bootstrap_95_bias_shifted,187.23658,65.39511,20000,S10×M2×UP10×TH10×UB10
2035,block_group,361090010001,peak_kw_home,first_order,behaviour:parameters_x_stochastic,0.0009,-0.00144,0.00391,bootstrap_95_bias_shifted,187.23658,65.39511,20000,S10×M2×UP10×TH10×UB10
2035,block_group,361090010002,peak_kw_home,first_order,stock,0.68089,0.62921,0.73292,bootstrap_95_bias_shifted,292.07808,82.09815,20000,S10×M2×UP10×TH10×UB10
2035,block_group,361090010002,peak_kw_home,total_effect,stock,0.71887,0.67029,0.77048,bootstrap_95_bias_shifted,292.07808,82.09815,20000,S10×M2×UP10×TH10×UB10
2035,block_group,361090010002,peak_kw_home,first_order,placement,0.14599,0.1285,0.16427,bootstrap_95_bias_shifted,292.07808,82.09815,20000,S10×M2×UP10×TH10×UB10
2035,block_group,361090010002,peak_kw_home,total_effect,placement,0.21813,0.19759,0.24079,bootstrap_95_bias_shifted,292.07808,82.09815,20000,S10×M2×UP10×TH10×UB10
2035,block_group,361090010002,peak_kw_home,first_order,behaviour,0.09505,0.03517,0.1478,bootstrap_95_bias_shifted,292.07808,82.09815,20000,S10×M2×UP10×TH10×UB10
2035,block_group,361090010002,peak_kw_home,total_effect,behaviour,0.1615,0.09423,0.21886,bootstrap_95_bias_shifted,292.07808,82.09815,20000,S10×M2×UP10×TH10×UB10
2035,block_group,361090010002,peak_kw_home,first_order,interaction,0.07807,0.06768,0.09332,bootstrap_95_bias_shifted,292.07808,82.09815,20000,S10×M2×UP10×TH10×UB10
2035,block_group,361090010002,peak_kw_home,first_order,placement:weighting,0.14109,0.12227,0.15969,bootstrap_95_bias_shifted,292.07808,82.09815,20000,S10×M2×UP10×TH10×UB10
2035,block_group,361090010002,peak_kw_home,first_order,placement:sampling,0.00355,-8e-05,0.00857,bootstrap_95_bias_shifted,292.07808,82.09815,20000,S10×M2×UP10×TH10×UB10
2035,block_group,361090010002,peak_kw_home,first_order,placement:weighting_x_sampling,0.00135,0.00029,0.00267,bootstrap_95_bias_shifted,292.07808,82.09815,20000,S10×M2×UP10×TH10×UB10
2035,block_group,361090010002,peak_kw_home,first_order,behaviour:parameters,0.09041,0.03116,0.14536,bootstrap_95_bias_shifted,292.07808,82.09815,20000,S10×M2×UP10×TH10×UB10
2035,block_group,361090010002,peak_kw_home,first_order,behaviour:stochastic,0.00128,-0.00184,0.00722,bootstrap_95_bias_shifted,292.07808,82.09815,20000,S10×M2×UP10×TH10×UB10
2035,block_group,361090010002,peak_kw_home,first_order,behaviour:parameters_x_stochastic,0.00336,-0.00025,0.01115,bootstrap_95_bias_shifted,292.07808,82.09815,20000,S10×M2×UP10×TH10×UB10
2035,block_group,361090010003,peak_kw_home,first_order,stock,0.35455,0.3225,0.38632,bootstrap_95_bias_shifted,218.94591,84.43166,20000,S10×M2×UP10×TH10×UB10
2035,block_group,361090010003,peak_kw_home,total_effect,stock,0.39904,0.36738,0.43102,bootstrap_95_bias_shifted,218.94591,84.43166,20000,S10×M2×UP10×TH10×UB10
2035,block_group,361090010003,peak_kw_home,first_order,placement,0.46897,0.43091,0.50855,bootstrap_95_bias_shifted,218.94591,84.43166,20000,S10×M2×UP10×TH10×UB10
2035,block_group,361090010003,peak_kw_home,total_effect,placement,0.54354,0.50646,0.58689,bootstrap_95_bias_shifted,218.94591,84.43166,20000,S10×M2×UP10×TH10×UB10
2035,block_group,361090010003,peak_kw_home,first_order,behaviour,0.0959,0.04378,0.14752,bootstrap_95_bias_shifted,218.94591,84.43166,20000,S10×M2×UP10×TH10×UB10
2035,block_group,361090010003,peak_kw_home,total_effect,behaviour,0.15235,0.09727,0.20606,bootstrap_95_bias_shifted,218.94591,84.43166,20000,S10×M2×UP10×TH10×UB10
2035,block_group,361090010003,peak_kw_home,first_order,interaction,0.08058,0.07232,0.08799,bootstrap_95_bias_shifted,218.94591,84.43166,20000,S10×M2×UP10×TH10×UB10
2035,block_group,361090010003,peak_kw_home,first_order,placement:weighting,0.45493,0.41425,0.49172,bootstrap_95_bias_shifted,218.94591,84.43166,20000,S10×M2×UP10×TH10×UB10
2035,block_group,361090010003,peak_kw_home,first_order,placement:sampling,0.01321,0.00467,0.02566,bootstrap_95_bias_shifted,218.94591,84.43166,20000,S10×M2×UP10×TH10×UB10
2035,block_group,361090010003,peak_kw_home,first_order,placement:weighting_x_sampling,0.00084,3e-05,0.00215,bootstrap_95_bias_shifted,218.94591,84.43166,20000,S10×M2×UP10×TH10×UB10
2035,block_group,361090010003,peak_kw_home,first_order,behaviour:parameters,0.09473,0.04288,0.14416,bootstrap_95_bias_shifted,218.94591,84.43166,20000,S10×M2×UP10×TH10×UB10
2035,block_group,361090010003,peak_kw_home,first_order,behaviour:stochastic,-0.00054,-0.00175,0.00179,bootstrap_95_bias_shifted,218.94591,84.43166,20000,S10×M2×UP10×TH10×UB10
2035,block_group,361090010003,peak_kw_home,first_order,behaviour:parameters_x_stochastic,0.00171,-0.00041,0.00493,bootstrap_95_bias_shifted,218.94591,84.43166,20000,S10×M2×UP10×TH10×UB10
2035,block_group,361090011001,peak_kw_home,first_order,stock,0.76923,0.6768,0.84554,bootstrap_95_bias_shifted,327.8706,94.11562,20000,S10×M2×UP10×TH10×UB10
2035,block_group,361090011001,peak_kw_home,total_effect,stock,0.80384,0.71575,0.87593,bootstrap_95_bias_shifted,327.8706,94.11562,20000,S10×M2×UP10×TH10×UB10
2035,block_group,361090011001,peak_kw_home,first_order,placement,0.01645,0.00619,0.03581,bootstrap_95_bias_shifted,327.8706,94.11562,20000,S10×M2×UP10×TH10×UB10
2035,block_group,361090011001,peak_kw_home,total_effect,placement,0.07715,0.06332,0.09396,bootstrap_95_bias_shifted,327.8706,94.11562,20000,S10×M2×UP10×TH10×UB10
2035,block_group,361090011001,peak_kw_home,first_order,behaviour,0.14162,0.06831,0.233,bootstrap_95_bias_shifted,327.8706,94.11562,20000,S10×M2×UP10×TH10×UB10
2035,block_group,361090011001,peak_kw_home,total_effect,behaviour,0.21004,0.13582,0.30605,bootstrap_95_bias_shifted,327.8706,94.11562,20000,S10×M2×UP10×TH10×UB10
2035,block_group,361090011001,peak_kw_home,first_order,interaction,0.07269,0.06384,0.08237,bootstrap_95_bias_shifted,327.8706,94.11562,20000,S10×M2×UP10×TH10×UB10
2035,block_group,361090011001,peak_kw_home,first_order,placement:weighting,0.001,-0.00048,0.0034,bootstrap_95_bias_shifted,327.8706,94.11562,20000,S10×M2×UP10×TH10×UB10
2035,block_group,361090011001,peak_kw_home,first_order,placement:sampling,0.01427,0.00439,0.03253,bootstrap_95_bias_shifted,327.8706,94.11562,20000,S10×M2×UP10×TH10×UB10
2035,block_group,361090011001,peak_kw_home,first_order,placement:weighting_x_sampling,0.00118,0.00021,0.00248,bootstrap_95_bias_shifted,327.8706,94.11562,20000,S10×M2×UP10×TH10×UB10
2035,block_group,361090011001,peak_kw_home,first_order,behaviour:parameters,0.13852,0.06093,0.23003,bootstrap_95_bias_shifted,327.8706,94.11562,20000,S10×M2×UP10×TH10×UB10
2035,block_group,361090011001,peak_kw_home,first_order,behaviour:stochastic,0.00062,-0.00228,0.00618,bootstrap_95_bias_shifted,327.8706,94.11562,20000,S10×M2×UP10×TH10×UB10
2035,block_group,361090011001,peak_kw_home,first_order,behaviour:parameters_x_stochastic,0.00248,-0.00036,0.0064,bootstrap_95_bias_shifted,327.8706,94.11562,20000,S10×M2×UP10×TH10×UB10
2035,block_group,361090011002,peak_kw_home,first_order,stock,0.78028,0.70809,0.86118,bootstrap_95_bias_shifted,530.16804,147.69026,20000,S10×M2×UP10×TH10×UB10
2035,block_group,361090011002,peak_kw_home,total_effect,stock,0.80607,0.73745,0.88369,bootstrap_95_bias_shifted,530.16804,147.69026,20000,S10×M2×UP10×TH10×UB10
2035,block_group,361090011002,peak_kw_home,first_order,placement,0.03308,0.02456,0.0422,bootstrap_95_bias_shifted,530.16804,147.69026,20000,S10×M2×UP10×TH10×UB10
2035,block_group,361090011002,peak_kw_home,total_effect,placement,0.07632,0.06553,0.0881,bootstrap_95_bias_shifted,530.16804,147.69026,20000,S10×M2×UP10×TH10×UB10
2035,block_group,361090011002,peak_kw_home,first_order,behaviour,0.13418,0.05184,0.20891,bootstrap_95_bias_shifted,530.16804,147.69026,20000,S10×M2×UP10×TH10×UB10
2035,block_group,361090011002,peak_kw_home,total_effect,behaviour,0.18287,0.09985,0.26053,bootstrap_95_bias_shifted,530.16804,147.69026,20000,S10×M2×UP10×TH10×UB10
2035,block_group,361090011002,peak_kw_home,first_order,interaction,0.05246,0.0475,0.05875,bootstrap_95_bias_shifted,530.16804,147.69026,20000,S10×M2×UP10×TH10×UB10
2035,block_group,361090011002,peak_kw_home,first_order,placement:weighting,0.03007,0.02167,0.03872,bootstrap_95_bias_shifted,530.16804,147.69026,20000,S10×M2×UP10×TH10×UB10
2035,block_group,361090011002,peak_kw_home,first_order,placement:sampling,0.00196,-0.00012,0.0056,bootstrap_95_bias_shifted,530.16804,147.69026,20000,S10×M2×UP10×TH10×UB10
2035,block_group,361090011002,peak_kw_home,first_order,placement:weighting_x_sampling,0.00105,0.00014,0.00215,bootstrap_95_bias_shifted,530.16804,147.69026,20000,S10×M2×UP10×TH10×UB10
2035,block_group,361090011002,peak_kw_home,first_order,behaviour:parameters,0.12847,0.04517,0.20347,bootstrap_95_bias_shifted,530.16804,147.69026,20000,S10×M2×UP10×TH10×UB10
2035,block_group,361090011002,peak_kw_home,first_order,behaviour:stochastic,0.00196,-0.00073,0.0058,bootstrap_95_bias_shifted,530.16804,147.69026,20000,S10×M2×UP10×TH10×UB10
2035,block_group,361090011002,peak_kw_home,first_order,behaviour:parameters_x_stochastic,0.00375,0.00041,0.00951,bootstrap_95_bias_shifted,530.16804,147.69026,20000,S10×M2×UP10×TH10×UB10
2035,block_group,361090012001,peak_kw_home,first_order,stock,0.27877,0.24604,0.31924,bootstrap_95_bias_shifted,50.53361,17.77571,20000,S10×M2×UP10×TH10×UB10
2035,block_group,361090012001,peak_kw_home,total_effect,stock,0.35883,0.32195,0.40189,bootstrap_95_bias_shifted,50.53361,17.77571,20000,S10×M2×UP10×TH10×UB10
2035,block_group,361090012001,peak_kw_home,first_order,placement,0.48988,0.43665,0.54033,bootstrap_95_bias_shifted,50.53361,17.77571,20000,S10×M2×UP10×TH10×UB10
2035,block_group,361090012001,peak_kw_home,total_effect,placement,0.64966,0.60906,0.69569,bootstrap_95_bias_shifted,50.53361,17.77571,20000,S10×M2×UP10×TH10×UB10
2035,block_group,361090012001,peak_kw_home,first_order,behaviour,0.06864,0.02531,0.11078,bootstrap_95_bias_shifted,50.53361,17.77571,20000,S10×M2×UP10×TH10×UB10
2035,block_group,361090012001,peak_kw_home,total_effect,behaviour,0.19985,0.15008,0.25669,bootstrap_95_bias_shifted,50.53361,17.77571,20000,S10×M2×UP10×TH10×UB10
2035,block_group,361090012001,peak_kw_home,first_order,interaction,0.16271,0.13128,0.20007,bootstrap_95_bias_shifted,50.53361,17.77571,20000,S10×M2×UP10×TH10×UB10
2035,block_group,361090012001,peak_kw_home,first_order,placement:weighting,0.35986,0.29462,0.42479,bootstrap_95_bias_shifted,50.53361,17.77571,20000,S10×M2×UP10×TH10×UB10
2035,block_group,361090012001,peak_kw_home,first_order,placement:sampling,0.11789,0.05993,0.19257,bootstrap_95_bias_shifted,50.53361,17.77571,20000,S10×M2×UP10×TH10×UB10
2035,block_group,361090012001,peak_kw_home,first_order,placement:weighting_x_sampling,0.01212,0.00436,0.02307,bootstrap_95_bias_shifted,50.53361,17.77571,20000,S10×M2×UP10×TH10×UB10
2035,block_group,361090012001,peak_kw_home,first_order,behaviour:parameters,0.05892,0.01608,0.10314,bootstrap_95_bias_shifted,50.53361,17.77571,20000,S10×M2×UP10×TH10×UB10
2035,block_group,361090012001,peak_kw_home,first_order,behaviour:stochastic,0.00597,-0.00243,0.01893,bootstrap_95_bias_shifted,50.53361,17.77571,20000,S10×M2×UP10×TH10×UB10
2035,block_group,361090012001,peak_kw_home,first_order,behaviour:parameters_x_stochastic,0.00376,-0.00034,0.0101,bootstrap_95_bias_shifted,50.53361,17.77571,20000,S10×M2×UP10×TH10×UB10
2035,block_group,361090013011,peak_kw_home,first_order,stock,0.38683,0.35361,0.42216,bootstrap_95_bias_shifted,339.7967,118.75442,20000,S10×M2×UP10×TH10×UB10
2035,block_group,361090013011,peak_kw_home,total_effect,stock,0.4244,0.39215,0.45924,bootstrap_95_bias_shifted,339.7967,118.75442,20000,S10×M2×UP10×TH10×UB10
2035,block_group,361090013011,peak_kw_home,first_order,placement,0.42688,0.39078,0.4665,bootstrap_95_bias_shifted,339.7967,118.75442,20000,S10×M2×UP10×TH10×UB10
2035,block_group,361090013011,peak_kw_home,total_effect,placement,0.49071,0.45351,0.53099,bootstrap_95_bias_shifted,339.7967,118.75442,20000,S10×M2×UP10×TH10×UB10
2035,block_group,361090013011,peak_kw_home,first_order,behaviour,0.11534,0.05109,0.18023,bootstrap_95_bias_shifted,339.7967,118.75442,20000,S10×M2×UP10×TH10×UB10
2035,block_group,361090013011,peak_kw_home,total_effect,behaviour,0.16733,0.09912,0.23577,bootstrap_95_bias_shifted,339.7967,118.75442,20000,S10×M2×UP10×TH10×UB10
2035,block_group,361090013011,peak_kw_home,first_order,interaction,0.07095,0.06206,0.07825,bootstrap_95_bias_shifted,339.7967,118.75442,20000,S10×M2×UP10×TH10×UB10
2035,block_group,361090013011,peak_kw_home,first_order,placement:weighting,0.41986,0.38509,0.46132,bootstrap_95_bias_shifted,339.7967,118.75442,20000,S10×M2×UP10×TH10×UB10
2035,block_group,361090013011,peak_kw_home,first_order,placement:sampling,0.00517,0.00012,0.01284,bootstrap_95_bias_shifted,339.7967,118.75442,20000,S10×M2×UP10×TH10×UB10
2035,block_group,361090013011,peak_kw_home,first_order,placement:weighting_x_sampling,0.00185,0.0004,0.00423,bootstrap_95_bias_shifted,339.7967,118.75442,20000,S10×M2×UP10×TH10×UB10
2035,block_group,361090013011,peak_kw_home,first_order,behaviour:parameters,0.11091,0.04843,0.17703,bootstrap_95_bias_shifted,339.7967,118.75442,20000,S10×M2×UP10×TH10×UB10
2035,block_group,361090013011,peak_kw_home,first_order,behaviour:stochastic,0.00102,-0.00086,0.00403,bootstrap_95_bias_shifted,339.7967,118.75442,20000,S10×M2×UP10×TH10×UB10
2035,block_group,361090013011,peak_kw_home,first_order,behaviour:parameters_x_stochastic,0.0034,0.00147,0.00622,bootstrap_95_bias_shifted,339.7967,118.75442,20000,S10×M2×UP10×TH10×UB10
2035,block_group,361090013012,peak_kw_home,first_order,stock,0.57735,0.51799,0.6392,bootstrap_95_bias_shifted,373.72593,106.10512,20000,S10×M2×UP10×TH10×UB10
2035,block_group,361090013012,peak_kw_home,total_effect,stock,0.61047,0.55292,0.67227,bootstrap_95_bias_shifted,373.72593,106.10512,20000,S10×M2×UP10×TH10×UB10
2035,block_group,361090013012,peak_kw_home,first_order,placement,0.19619,0.16807,0.23194,bootstrap_95_bias_shifted,373.72593,106.10512,20000,S10×M2×UP10×TH10×UB10
2035,block_group,361090013012,peak_kw_home,total_effect,placement,0.25908,0.22486,0.29413,bootstrap_95_bias_shifted,373.72593,106.10512,20000,S10×M2×UP10×TH10×UB10
2035,block_group,361090013012,peak_kw_home,first_order,behaviour,0.15497,0.07114,0.23181,bootstrap_95_bias_shifted,373.72593,106.10512,20000,S10×M2×UP10×TH10×UB10
2035,block_group,361090013012,peak_kw_home,total_effect,behaviour,0.21644,0.12719,0.29409,bootstrap_95_bias_shifted,373.72593,106.10512,20000,S10×M2×UP10×TH10×UB10
2035,block_group,361090013012,peak_kw_home,first_order,interaction,0.07149,0.06076,0.08124,bootstrap_95_bias_shifted,373.72593,106.10512,20000,S10×M2×UP10×TH10×UB10
2035,block_group,361090013012,peak_kw_home,first_order,placement:weighting,0.18307,0.15694,0.21403,bootstrap_95_bias_shifted,373.72593,106.10512,20000,S10×M2×UP10×TH10×UB10
2035,block_group,361090013012,peak_kw_home,first_order,placement:sampling,0.01215,0.00329,0.02553,bootstrap_95_bias_shifted,373.72593,106.10512,20000,S10×M2×UP10×TH10×UB10
2035,block_group,361090013012,peak_kw_home,first_order,placement:weighting_x_sampling,0.00097,5e-05,0.00277,bootstrap_95_bias_shifted,373.72593,106.10512,20000,S10×M2×UP10×TH10×UB10
2035,block_group,361090013012,peak_kw_home,first_order,behaviour:parameters,0.14684,0.06166,0.2243,bootstrap_95_bias_shifted,373.72593,106.10512,20000,S10×M2×UP10×TH10×UB10
2035,block_group,361090013012,peak_kw_home,first_order,behaviour:stochastic,0.00289,-0.00178,0.0099,bootstrap_95_bias_shifted,373.72593,106.10512,20000,S10×M2×UP10×TH10×UB10
2035,block_group,361090013012,peak_kw_home,first_order,behaviour:parameters_x_stochastic,0.00523,0.00123,0.0113,bootstrap_95_bias_shifted,373.72593,106.10512,20000,S10×M2×UP10×TH10×UB10
2035,block_group,361090013021,peak_kw_home,first_order,stock,0.75171,0.67302,0.83602,bootstrap_95_bias_shifted,304.57158,79.92498,20000,S10×M2×UP10×TH10×UB10
2035,block_group,361090013021,peak_kw_home,total_effect,stock,0.78861,0.71325,0.86903,bootstrap_95_bias_shifted,304.57158,79.92498,20000,S10×M2×UP10×TH10×UB10
2035,block_group,361090013021,peak_kw_home,first_order,placement,0.02252,0.00791,0.0419,bootstrap_95_bias_shifted,304.57158,79.92498,20000,S10×M2×UP10×TH10×UB10
2035,block_group,361090013021,peak_kw_home,total_effect,placement,0.09266,0.07185,0.11327,bootstrap_95_bias_shifted,304.57158,79.92498,20000,S10×M2×UP10×TH10×UB10
2035,block_group,361090013021,peak_kw_home,first_order,behaviour,0.14514,0.05539,0.22412,bootstrap_95_bias_shifted,304.57158,79.92498,20000,S10×M2×UP10×TH10×UB10
2035,block_group,361090013021,peak_kw_home,total_effect,behaviour,0.22143,0.12999,0.29604,bootstrap_95_bias_shifted,304.57158,79.92498,20000,S10×M2×UP10×TH10×UB10
2035,block_group,361090013021,peak_kw_home,first_order,interaction,0.08063,0.06963,0.09364,bootstrap_95_bias_shifted,304.57158,79.92498,20000,S10×M2×UP10×TH10×UB10
2035,block_group,361090013021,peak_kw_home,first_order,placement:weighting,0.0073,0.0031,0.01297,bootstrap_95_bias_shifted,304.57158,79.92498,20000,S10×M2×UP10×TH10×UB10
2035,block_group,361090013021,peak_kw_home,first_order,placement:sampling,0.01438,0.00241,0.03328,bootstrap_95_bias_shifted,304.57158,79.92498,20000,S10×M2×UP10×TH10×UB10
2035,block_group,361090013021,peak_kw_home,first_order,placement:weighting_x_sampling,0.00084,0.00013,0.00189,bootstrap_95_bias_shifted,304.57158,79.92498,20000,S10×M2×UP10×TH10×UB10
2035,block_group,361090013021,peak_kw_home,first_order,behaviour:parameters,0.13745,0.05025,0.22287,bootstrap_95_bias_shifted,304.57158,79.92498,20000,S10×M2×UP10×TH10×UB10
2035,block_group,361090013021,peak_kw_home,first_order,behaviour:stochastic,0.00069,-0.00314,0.01009,bootstrap_95_bias_shifted,304.57158,79.92498,20000,S10×M2×UP10×TH10×UB10
2035,block_group,361090013021,peak_kw_home,first_order,behaviour:parameters_x_stochastic,0.007,0.00077,0.01939,bootstrap_95_bias_shifted,304.57158,79.92498,20000,S10×M2×UP10×TH10×UB10
2035,block_group,361090013022,peak_kw_home,first_order,stock,0.5697,0.48211,0.66826,bootstrap_95_bias_shifted,139.05603,35.47851,20000,S10×M2×UP10×TH10×UB10
2035,block_group,361090013022,peak_kw_home,total_effect,stock,0.63184,0.54142,0.73009,bootstrap_95_bias_shifted,139.05603,35.47851,20000,S10×M2×UP10×TH10×UB10
2035,block_group,361090013022,peak_kw_home,first_order,placement,0.09836,0.0739,0.12589,bootstrap_95_bias_shifted,139.05603,35.47851,20000,S10×M2×UP10×TH10×UB10
2035,block_group,361090013022,peak_kw_home,total_effect,placement,0.23352,0.19413,0.27507,bootstrap_95_bias_shifted,139.05603,35.47851,20000,S10×M2×UP10×TH10×UB10
2035,block_group,361090013022,peak_kw_home,first_order,behaviour,0.18806,0.07925,0.28804,bootstrap_95_bias_shifted,139.05603,35.47851,20000,S10×M2×UP10×TH10×UB10
2035,block_group,361090013022,peak_kw_home,total_effect,behaviour,0.31747,0.21082,0.41528,bootstrap_95_bias_shifted,139.05603,35.47851,20000,S10×M2×UP10×TH10×UB10
2035,block_group,361090013022,peak_kw_home,first_order,interaction,0.14388,0.12495,0.16678,bootstrap_95_bias_shifted,139.05603,35.47851,20000,S10×M2×UP10×TH10×UB10
2035,block_group,361090013022,peak_kw_home,first_order,placement:weighting,0.06816,0.05025,0.09239,bootstrap_95_bias_shifted,139.05603,35.47851,20000,S10×M2×UP10×TH10×UB10
2035,block_group,361090013022,peak_kw_home,first_order,placement:sampling,0.02656,0.00802,0.0484,bootstrap_95_bias_shifted,139.05603,35.47851,20000,S10×M2×UP10×TH10×UB10
2035,block_group,361090013022,peak_kw_home,first_order,placement:weighting_x_sampling,0.00364,0.00117,0.00636,bootstrap_95_bias_shifted,139.05603,35.47851,20000,S10×M2×UP10×TH10×UB10
2035,block_group,361090013022,peak_kw_home,first_order,behaviour:parameters,0.18232,0.07179,0.28429,bootstrap_95_bias_shifted,139.05603,35.47851,20000,S10×M2×UP10×TH10×UB10
2035,block_group,361090013022,peak_kw_home,first_order,behaviour:stochastic,-0.00051,-0.0053,0.00693,bootstrap_95_bias_shifted,139.05603,35.47851,20000,S10×M2×UP10×TH10×UB10
2035,block_group,361090013022,peak_kw_home,first_order,behaviour:parameters_x_stochastic,0.00625,-0.0001,0.0172,bootstrap_95_bias_shifted,139.05603,35.47851,20000,S10×M2×UP10×TH10×UB10
2035,block_group,361090013023,peak_kw_home,first_order,stock,0.67901,0.61443,0.73501,bootstrap_95_bias_shifted,253.17605,70.33377,20000,S10×M2×UP10×TH10×UB10
2035,block_group,361090013023,peak_kw_home,total_effect,stock,0.71846,0.65576,0.7746,bootstrap_95_bias_shifted,253.17605,70.33377,20000,S10×M2×UP10×TH10×UB10
2035,block_group,361090013023,peak_kw_home,first_order,placement,0.13231,0.11035,0.15468,bootstrap_95_bias_shifted,253.17605,70.33377,20000,S10×M2×UP10×TH10×UB10
2035,block_group,361090013023,peak_kw_home,total_effect,placement,0.20464,0.17553,0.23495,bootstrap_95_bias_shifted,253.17605,70.33377,20000,S10×M2×UP10×TH10×UB10
2035,block_group,361090013023,peak_kw_home,first_order,behaviour,0.11011,0.03581,0.18494,bootstrap_95_bias_shifted,253.17605,70.33377,20000,S10×M2×UP10×TH10×UB10
2035,block_group,361090013023,peak_kw_home,total_effect,behaviour,0.17839,0.1097,0.24988,bootstrap_95_bias_shifted,253.17605,70.33377,20000,S10×M2×UP10×TH10×UB10
2035,block_group,361090013023,peak_kw_home,first_order,interaction,0.07857,0.0694,0.09085,bootstrap_95_bias_shifted,253.17605,70.33377,20000,S10×M2×UP10×TH10×UB10
2035,block_group,361090013023,peak_kw_home,first_order,placement:weighting,0.1223,0.10405,0.14248,bootstrap_95_bias_shifted,253.17605,70.33377,20000,S10×M2×UP10×TH10×UB10
2035,block_group,361090013023,peak_kw_home,first_order,placement:sampling,0.00905,0.00131,0.02179,bootstrap_95_bias_shifted,253.17605,70.33377,20000,S10×M2×UP10×TH10×UB10
2035,block_group,361090013023,peak_kw_home,first_order,placement:weighting_x_sampling,0.00096,0.0002,0.00237,bootstrap_95_bias_shifted,253.17605,70.33377,20000,S10×M2×UP10×TH10×UB10
2035,block_group,361090013023,peak_kw_home,first_order,behaviour:parameters,0.10205,0.03171,0.17505,bootstrap_95_bias_shifted,253.17605,70.33377,20000,S10×M2×UP10×TH10×UB10
2035,block_group,361090013023,peak_kw_home,first_order,behaviour:stochastic,0.00494,9e-05,0.01194,bootstrap_95_bias_shifted,253.17605,70.33377,20000,S10×M2×UP10×TH10×UB10
2035,block_group,361090013023,peak_kw_home,first_order,behaviour:parameters_x_stochastic,0.00312,-0.00031,0.00732,bootstrap_95_bias_shifted,253.17605,70.33377,20000,S10×M2×UP10×TH10×UB10
2035,block_group,361090014001,peak_kw_home,first_order,stock,0.58657,0.5213,0.65115,bootstrap_95_bias_shifted,131.62486,35.6709,20000,S10×M2×UP10×TH10×UB10
2035,block_group,361090014001,peak_kw_home,total_effect,stock,0.64569,0.57656,0.71076,bootstrap_95_bias_shifted,131.62486,35.6709,20000,S10×M2×UP10×TH10×UB10
2035,block_group,361090014001,peak_kw_home,first_order,placement,0.12942,0.09931,0.1701,bootstrap_95_bias_shifted,131.62486,35.6709,20000,S10×M2×UP10×TH10×UB10
2035,block_group,361090014001,peak_kw_home,total_effect,placement,0.25915,0.21749,0.3041,bootstrap_95_bias_shifted,131.62486,35.6709,20000,S10×M2×UP10×TH10×UB10
2035,block_group,361090014001,peak_kw_home,first_order,behaviour,0.14705,0.06632,0.23387,bootstrap_95_bias_shifted,131.62486,35.6709,20000,S10×M2×UP10×TH10×UB10
2035,block_group,361090014001,peak_kw_home,total_effect,behaviour,0.27237,0.2017,0.35608,bootstrap_95_bias_shifted,131.62486,35.6709,20000,S10×M2×UP10×TH10×UB10
2035,block_group,361090014001,peak_kw_home,first_order,interaction,0.13696,0.11936,0.16017,bootstrap_95_bias_shifted,131.62486,35.6709,20000,S10×M2×UP10×TH10×UB10
2035,block_group,361090014001,peak_kw_home,first_order,placement:weighting,0.1026,0.07973,0.1293,bootstrap_95_bias_shifted,131.62486,35.6709,20000,S10×M2×UP10×TH10×UB10
2035,block_group,361090014001,peak_kw_home,first_order,placement:sampling,0.02396,0.0069,0.05201,bootstrap_95_bias_shifted,131.62486,35.6709,20000,S10×M2×UP10×TH10×UB10
2035,block_group,361090014001,peak_kw_home,first_order,placement:weighting_x_sampling,0.00287,0.00016,0.00712,bootstrap_95_bias_shifted,131.62486,35.6709,20000,S10×M2×UP10×TH10×UB10
2035,block_group,361090014001,peak_kw_home,first_order,behaviour:parameters,0.13775,0.0584,0.22169,bootstrap_95_bias_shifted,131.62486,35.6709,20000,S10×M2×UP10×TH10×UB10
2035,block_group,361090014001,peak_kw_home,first_order,behaviour:stochastic,0.00862,-0.00058,0.0195,bootstrap_95_bias_shifted,131.62486,35.6709,20000,S10×M2×UP10×TH10×UB10
2035,block_group,361090014001,peak_kw_home,first_order,behaviour:parameters_x_stochastic,0.00069,-0.00394,0.00756,bootstrap_95_bias_shifted,131.62486,35.6709,20000,S10×M2×UP10×TH10×UB10
2035,block_group,361090014002,peak_kw_home,first_order,stock,0.67721,0.60211,0.76456,bootstrap_95_bias_shifted,192.69809,51.57524,20000,S10×M2×UP10×TH10×UB10
2035,block_group,361090014002,peak_kw_home,total_effect,stock,0.72747,0.65057,0.81465,bootstrap_95_bias_shifted,192.69809,51.57524,20000,S10×M2×UP10×TH10×UB10
2035,block_group,361090014002,peak_kw_home,first_order,placement,0.04118,0.01971,0.06649,bootstrap_95_bias_shifted,192.69809,51.57524,20000,S10×M2×UP10×TH10×UB10
2035,block_group,361090014002,peak_kw_home,total_effect,placement,0.14812,0.12404,0.1813,bootstrap_95_bias_shifted,192.69809,51.57524,20000,S10×M2×UP10×TH10×UB10
2035,block_group,361090014002,peak_kw_home,first_order,behaviour,0.16426,0.06936,0.25365,bootstrap_95_bias_shifted,192.69809,51.57524,20000,S10×M2×UP10×TH10×UB10
2035,block_group,361090014002,peak_kw_home,total_effect,behaviour,0.27353,0.18719,0.3574,bootstrap_95_bias_shifted,192.69809,51.57524,20000,S10×M2×UP10×TH10×UB10
2035,block_group,361090014002,peak_kw_home,first_order,interaction,0.11735,0.10139,0.13393,bootstrap_95_bias_shifted,192.69809,51.57524,20000,S10×M2×UP10×TH10×UB10
2035,block_group,361090014002,peak_kw_home,first_order,placement:weighting,0.01656,0.00869,0.02698,bootstrap_95_bias_shifted,192.69809,51.57524,20000,S10×M2×UP10×TH10×UB10
2035,block_group,361090014002,peak_kw_home,first_order,placement:sampling,0.02293,0.00365,0.049,bootstrap_95_bias_shifted,192.69809,51.57524,20000,S10×M2×UP10×TH10×UB10
2035,block_group,361090014002,peak_kw_home,first_order,placement:weighting_x_sampling,0.0017,0.00035,0.00358,bootstrap_95_bias_shifted,192.69809,51.57524,20000,S10×M2×UP10×TH10×UB10
2035,block_group,361090014002,peak_kw_home,first_order,behaviour:parameters,0.15865,0.06506,0.24081,bootstrap_95_bias_shifted,192.69809,51.57524,20000,S10×M2×UP10×TH10×UB10
2035,block_group,361090014002,peak_kw_home,first_order,behaviour:stochastic,0.00201,-0.00365,0.01037,bootstrap_95_bias_shifted,192.69809,51.57524,20000,S10×M2×UP10×TH10×UB10
2035,block_group,361090014002,peak_kw_home,first_order,behaviour:parameters_x_stochastic,0.00361,-0.00067,0.00913,bootstrap_95_bias_shifted,192.69809,51.57524,20000,S10×M2×UP10×TH10×UB10
2035,block_group,361090014003,peak_kw_home,first_order,stock,0.77599,0.69776,0.85566,bootstrap_95_bias_shifted,382.4668,97.97043,20000,S10×M2×UP10×TH10×UB10
2035,block_group,361090014003,peak_kw_home,total_effect,stock,0.80615,0.72953,0.88517,bootstrap_95_bias_shifted,382.4668,97.97043,20000,S10×M2×UP10×TH10×UB10
2035,block_group,361090014003,peak_kw_home,first_order,placement,0.02529,0.01344,0.04253,bootstrap_95_bias_shifted,382.4668,97.97043,20000,S10×M2×UP10×TH10×UB10
2035,block_group,361090014003,peak_kw_home,total_effect,placement,0.08669,0.06964,0.10472,bootstrap_95_bias_shifted,382.4668,97.97043,20000,S10×M2×UP10×TH10×UB10
2035,block_group,361090014003,peak_kw_home,first_order,behaviour,0.12978,0.05121,0.20439,bootstrap_95_bias_shifted,382.4668,97.97043,20000,S10×M2×UP10×TH10×UB10
2035,block_group,361090014003,peak_kw_home,total_effect,behaviour,0.19516,0.11669,0.27321,bootstrap_95_bias_shifted,382.4668,97.97043,20000,S10×M2×UP10×TH10×UB10
2035,block_group,361090014003,peak_kw_home,first_order,interaction,0.06895,0.05909,0.07895,bootstrap_95_bias_shifted,382.4668,97.97043,20000,S10×M2×UP10×TH10×UB10
2035,block_group,361090014003,peak_kw_home,first_order,placement:weighting,0.01393,0.0077,0.01975,bootstrap_95_bias_shifted,382.4668,97.97043,20000,S10×M2×UP10×TH10×UB10
2035,block_group,361090014003,peak_kw_home,first_order,placement:sampling,0.0102,-0.00033,0.02543,bootstrap_95_bias_shifted,382.4668,97.97043,20000,S10×M2×UP10×TH10×UB10
2035,block_group,361090014003,peak_kw_home,first_order,placement:weighting_x_sampling,0.00116,0.0001,0.00271,bootstrap_95_bias_shifted,382.4668,97.97043,20000,S10×M2×UP10×TH10×UB10
2035,block_group,361090014003,peak_kw_home,first_order,behaviour:parameters,0.12518,0.04534,0.20296,bootstrap_95_bias_shifted,382.4668,97.97043,20000,S10×M2×UP10×TH10×UB10
2035,block_group,361090014003,peak_kw_home,first_order,behaviour:stochastic,-1e-05,-0.00243,0.00401,bootstrap_95_bias_shifted,382.4668,97.97043,20000,S10×M2×UP10×TH10×UB10
2035,block_group,361090014003,peak_kw_home,first_order,behaviour:parameters_x_stochastic,0.00461,0.00088,0.00951,bootstrap_95_bias_shifted,382.4668,97.97043,20000,S10×M2×UP10×TH10×UB10
2035,block_group,361090015001,peak_kw_home,first_order,stock,0.615,0.52874,0.72219,bootstrap_95_bias_shifted,332.31837,98.3243,20000,S10×M2×UP10×TH10×UB10
2035,block_group,361090015001,peak_kw_home,total_effect,stock,0.65649,0.57219,0.75968,bootstrap_95_bias_shifted,332.31837,98.3243,20000,S10×M2×UP10×TH10×UB10
2035,block_group,361090015001,peak_kw_home,first_order,placement,0.04671,0.02375,0.0773,bootstrap_95_bias_shifted,332.31837,98.3243,20000,S10×M2×UP10×TH10×UB10
2035,block_group,361090015001,peak_kw_home,total_effect,placement,0.11814,0.09099,0.14775,bootstrap_95_bias_shifted,332.31837,98.3243,20000,S10×M2×UP10×TH10×UB10
2035,block_group,361090015001,peak_kw_home,first_order,behaviour,0.24951,0.13552,0.3515,bootstrap_95_bias_shifted,332.31837,98.3243,20000,S10×M2×UP10×TH10×UB10
2035,block_group,361090015001,peak_kw_home,total_effect,behaviour,0.33187,0.21365,0.43871,bootstrap_95_bias_shifted,332.31837,98.3243,20000,S10×M2×UP10×TH10×UB10
2035,block_group,361090015001,peak_kw_home,first_order,interaction,0.08878,0.07691,0.10069,bootstrap_95_bias_shifted,332.31837,98.3243,20000,S10×M2×UP10×TH10×UB10
2035,block_group,361090015001,peak_kw_home,first_order,placement:weighting,0.04152,0.02034,0.07142,bootstrap_95_bias_shifted,332.31837,98.3243,20000,S10×M2×UP10×TH10×UB10
2035,block_group,361090015001,peak_kw_home,first_order,placement:sampling,0.00269,-0.00064,0.0075,bootstrap_95_bias_shifted,332.31837,98.3243,20000,S10×M2×UP10×TH10×UB10
2035,block_group,361090015001,peak_kw_home,first_order,placement:weighting_x_sampling,0.00251,0.00012,0.00602,bootstrap_95_bias_shifted,332.31837,98.3243,20000,S10×M2×UP10×TH10×UB10
2035,block_group,361090015001,peak_kw_home,first_order,behaviour:parameters,0.24407,0.12906,0.34864,bootstrap_95_bias_shifted,332.31837,98.3243,20000,S10×M2×UP10×TH10×UB10
2035,block_group,361090015001,peak_kw_home,first_order,behaviour:stochastic,0.00188,-0.0021,0.00858,bootstrap_95_bias_shifted,332.31837,98.3243,20000,S10×M2×UP10×TH10×UB10
2035,block_group,361090015001,peak_kw_home,first_order,behaviour:parameters_x_stochastic,0.00356,-9e-05,0.00871,bootstrap_95_bias_shifted,332.31837,98.3243,20000,S10×M2×UP10×TH10×UB10
2035,block_group,361090015002,peak_kw_home,first_order,stock,0.74291,0.66952,0.8229,bootstrap_95_bias_shifted,389.71374,105.96174,20000,S10×M2×UP10×TH10×UB10
2035,block_group,361090015002,peak_kw_home,total_effect,stock,0.77398,0.70275,0.85153,bootstrap_95_bias_shifted,389.71374,105.96174,20000,S10×M2×UP10×TH10×UB10
2035,block_group,361090015002,peak_kw_home,first_order,placement,0.04133,0.02553,0.06096,bootstrap_95_bias_shifted,389.71374,105.96174,20000,S10×M2×UP10×TH10×UB10
2035,block_group,361090015002,peak_kw_home,total_effect,placement,0.09841,0.07969,0.12324,bootstrap_95_bias_shifted,389.71374,105.96174,20000,S10×M2×UP10×TH10×UB10
2035,block_group,361090015002,peak_kw_home,first_order,behaviour,0.14929,0.06705,0.22465,bootstrap_95_bias_shifted,389.71374,105.96174,20000,S10×M2×UP10×TH10×UB10
2035,block_group,361090015002,peak_kw_home,total_effect,behaviour,0.2117,0.13273,0.2864,bootstrap_95_bias_shifted,389.71374,105.96174,20000,S10×M2×UP10×TH10×UB10
2035,block_group,361090015002,peak_kw_home,first_order,interaction,0.06647,0.05754,0.07647,bootstrap_95_bias_shifted,389.71374,105.96174,20000,S10×M2×UP10×TH10×UB10
2035,block_group,361090015002,peak_kw_home,first_order,placement:weighting,0.0166,0.00812,0.02541,bootstrap_95_bias_shifted,389.71374,105.96174,20000,S10×M2×UP10×TH10×UB10
2035,block_group,361090015002,peak_kw_home,first_order,placement:sampling,0.02371,0.00673,0.04301,bootstrap_95_bias_shifted,389.71374,105.96174,20000,S10×M2×UP10×TH10×UB10
2035,block_group,361090015002,peak_kw_home,first_order,placement:weighting_x_sampling,0.00102,0.00021,0.00236,bootstrap_95_bias_shifted,389.71374,105.96174,20000,S10×M2×UP10×TH10×UB10
2035,block_group,361090015002,peak_kw_home,first_order,behaviour:parameters,0.14247,0.05759,0.22055,bootstrap_95_bias_shifted,389.71374,105.96174,20000,S10×M2×UP10×TH10×UB10
2035,block_group,361090015002,peak_kw_home,first_order,behaviour:stochastic,0.00499,-0.00019,0.01343,bootstrap_95_bias_shifted,389.71374,105.96174,20000,S10×M2×UP10×TH10×UB10
2035,block_group,361090015002,peak_kw_home,first_order,behaviour:parameters_x_stochastic,0.00183,-0.00028,0.00532,bootstrap_95_bias_shifted,389.71374,105.96174,20000,S10×M2×UP10×TH10×UB10
2035,block_group,361090015003,peak_kw_home,first_order,stock,0.58334,0.52853,0.6414,bootstrap_95_bias_shifted,295.45998,87.13323,20000,S10×M2×UP10×TH10×UB10
2035,block_group,361090015003,peak_kw_home,total_effect,stock,0.62028,0.56843,0.6773,bootstrap_95_bias_shifted,295.45998,87.13323,20000,S10×M2×UP10×TH10×UB10
2035,block_group,361090015003,peak_kw_home,first_order,placement,0.20696,0.18022,0.23539,bootstrap_95_bias_shifted,295.45998,87.13323,20000,S10×M2×UP10×TH10×UB10
2035,block_group,361090015003,peak_kw_home,total_effect,placement,0.2754,0.24596,0.30616,bootstrap_95_bias_shifted,295.45998,87.13323,20000,S10×M2×UP10×TH10×UB10
2035,block_group,361090015003,peak_kw_home,first_order,behaviour,0.13254,0.05891,0.20177,bootstrap_95_bias_shifted,295.45998,87.13323,20000,S10×M2×UP10×TH10×UB10
2035,block_group,361090015003,peak_kw_home,total_effect,behaviour,0.19915,0.12383,0.26805,bootstrap_95_bias_shifted,295.45998,87.13323,20000,S10×M2×UP10×TH10×UB10
2035,block_group,361090015003,peak_kw_home,first_order,interaction,0.07717,0.06906,0.08705,bootstrap_95_bias_shifted,295.45998,87.13323,20000,S10×M2×UP10×TH10×UB10
2035,block_group,361090015003,peak_kw_home,first_order,placement:weighting,0.19091,0.165,0.21629,bootstrap_95_bias_shifted,295.45998,87.13323,20000,S10×M2×UP10×TH10×UB10
2035,block_group,361090015003,peak_kw_home,first_order,placement:sampling,0.01483,0.00426,0.02845,bootstrap_95_bias_shifted,295.45998,87.13323,20000,S10×M2×UP10×TH10×UB10
2035,block_group,361090015003,peak_kw_home,first_order,placement:weighting_x_sampling,0.00122,0.00015,0.00314,bootstrap_95_bias_shifted,295.45998,87.13323,20000,S10×M2×UP10×TH10×UB10
2035,block_group,361090015003,peak_kw_home,first_order,behaviour:parameters,0.12588,0.05136,0.19511,bootstrap_95_bias_shifted,295.45998,87.13323,20000,S10×M2×UP10×TH10×UB10
2035,block_group,361090015003,peak_kw_home,first_order,behaviour:stochastic,0.00306,-0.00127,0.01079,bootstrap_95_bias_shifted,295.45998,87.13323,20000,S10×M2×UP10×TH10×UB10
2035,block_group,361090015003,peak_kw_home,first_order,behaviour:parameters_x_stochastic,0.00361,0.00018,0.00865,bootstrap_95_bias_shifted,295.45998,87.13323,20000,S10×M2×UP10×TH10×UB10
2035,block_group,361090016001,peak_kw_home,first_order,stock,0.70839,0.64562,0.77623,bootstrap_95_bias_shifted,325.56246,89.42739,20000,S10×M2×UP10×TH10×UB10
2035,block_group,361090016001,peak_kw_home,total_effect,stock,0.74251,0.67919,0.80896,bootstrap_95_bias_shifted,325.56246,89.42739,20000,S10×M2×UP10×TH10×UB10
2035,block_group,361090016001,peak_kw_home,first_order,placement,0.09659,0.08019,0.11536,bootstrap_95_bias_shifted,325.56246,89.42739,20000,S10×M2×UP10×TH10×UB10
2035,block_group,361090016001,peak_kw_home,total_effect,placement,0.16827,0.14595,0.19055,bootstrap_95_bias_shifted,325.56246,89.42739,20000,S10×M2×UP10×TH10×UB10
2035,block_group,361090016001,peak_kw_home,first_order,behaviour,0.11637,0.04435,0.1893,bootstrap_95_bias_shifted,325.56246,89.42739,20000,S10×M2×UP10×TH10×UB10
2035,block_group,361090016001,peak_kw_home,total_effect,behaviour,0.18693,0.11216,0.25581,bootstrap_95_bias_shifted,325.56246,89.42739,20000,S10×M2×UP10×TH10×UB10
2035,block_group,361090016001,peak_kw_home,first_order,interaction,0.07865,0.06734,0.09296,bootstrap_95_bias_shifted,325.56246,89.42739,20000,S10×M2×UP10×TH10×UB10
2035,block_group,361090016001,peak_kw_home,first_order,placement:weighting,0.07464,0.05989,0.08924,bootstrap_95_bias_shifted,325.56246,89.42739,20000,S10×M2×UP10×TH10×UB10
2035,block_group,361090016001,peak_kw_home,first_order,placement:sampling,0.0206,0.00885,0.03871,bootstrap_95_bias_shifted,325.56246,89.42739,20000,S10×M2×UP10×TH10×UB10
2035,block_group,361090016001,peak_kw_home,first_order,placement:weighting_x_sampling,0.00135,0.00017,0.00275,bootstrap_95_bias_shifted,325.56246,89.42739,20000,S10×M2×UP10×TH10×UB10
2035,block_group,361090016001,peak_kw_home,first_order,behaviour:parameters,0.10651,0.03577,0.17717,bootstrap_95_bias_shifted,325.56246,89.42739,20000,S10×M2×UP10×TH10×UB10
2035,block_group,361090016001,peak_kw_home,first_order,behaviour:stochastic,0.00545,-0.00078,0.01466,bootstrap_95_bias_shifted,325.56246,89.42739,20000,S10×M2×UP10×TH10×UB10
2035,block_group,361090016001,peak_kw_home,first_order,behaviour:parameters_x_stochastic,0.00442,-0.00014,0.01173,bootstrap_95_bias_shifted,325.56246,89.42739,20000,S10×M2×UP10×TH10×UB10
2035,block_group,361090016002,peak_kw_home,first_order,stock,0.74166,0.66453,0.82715,bootstrap_95_bias_shifted,353.98363,92.44614,20000,S10×M2×UP10×TH10×UB10
2035,block_group,361090016002,peak_kw_home,total_effect,stock,0.77474,0.69882,0.8579,bootstrap_95_bias_shifted,353.98363,92.44614,20000,S10×M2×UP10×TH10×UB10
2035,block_group,361090016002,peak_kw_home,first_order,placement,0.02206,0.01252,0.03383,bootstrap_95_bias_shifted,353.98363,92.44614,20000,S10×M2×UP10×TH10×UB10
2035,block_group,361090016002,peak_kw_home,total_effect,placement,0.08385,0.07029,0.10019,bootstrap_95_bias_shifted,353.98363,92.44614,20000,S10×M2×UP10×TH10×UB10
2035,block_group,361090016002,peak_kw_home,first_order,behaviour,0.16451,0.07517,0.25132,bootstrap_95_bias_shifted,353.98363,92.44614,20000,S10×M2×UP10×TH10×UB10
2035,block_group,361090016002,peak_kw_home,total_effect,behaviour,0.23205,0.14039,0.31529,bootstrap_95_bias_shifted,353.98363,92.44614,20000,S10×M2×UP10×TH10×UB10
2035,block_group,361090016002,peak_kw_home,first_order,interaction,0.07177,0.06361,0.08014,bootstrap_95_bias_shifted,353.98363,92.44614,20000,S10×M2×UP10×TH10×UB10
2035,block_group,361090016002,peak_kw_home,first_order,placement:weighting,0.00966,0.00373,0.01823,bootstrap_95_bias_shifted,353.98363,92.44614,20000,S10×M2×UP10×TH10×UB10
2035,block_group,361090016002,peak_kw_home,first_order,placement:sampling,0.01167,0.00263,0.02439,bootstrap_95_bias_shifted,353.98363,92.44614,20000,S10×M2×UP10×TH10×UB10
2035,block_group,361090016002,peak_kw_home,first_order,placement:weighting_x_sampling,0.00073,1e-05,0.00173,bootstrap_95_bias_shifted,353.98363,92.44614,20000,S10×M2×UP10×TH10×UB10
2035,block_group,361090016002,peak_kw_home,first_order,behaviour:parameters,0.15651,0.06176,0.24795,bootstrap_95_bias_shifted,353.98363,92.44614,20000,S10×M2×UP10×TH10×UB10
2035,block_group,361090016002,peak_kw_home,first_order,behaviour:stochastic,0.00306,-0.00141,0.00933,bootstrap_95_bias_shifted,353.98363,92.44614,20000,S10×M2×UP10×TH10×UB10
2035,block_group,361090016002,peak_kw_home,first_order,behaviour:parameters_x_stochastic,0.00495,0.00103,0.00907,bootstrap_95_bias_shifted,353.98363,92.44614,20000,S10×M2×UP10×TH10×UB10
2035,block_group,361090016003,peak_kw_home,first_order,stock,0.69802,0.6397,0.76261,bootstrap_95_bias_shifted,257.46972,74.69732,20000,S10×M2×UP10×TH10×UB10
2035,block_group,361090016003,peak_kw_home,total_effect,stock,0.73626,0.67839,0.79956,bootstrap_95_bias_shifted,257.46972,74.69732,20000,S10×M2×UP10×TH10×UB10
2035,block_group,361090016003,peak_kw_home,first_order,placement,0.12601,0.0991,0.15502,bootstrap_95_bias_shifted,257.46972,74.69732,20000,S10×M2×UP10×TH10×UB10
2035,block_group,361090016003,peak_kw_home,total_effect,placement,0.19823,0.16983,0.22774,bootstrap_95_bias_shifted,257.46972,74.69732,20000,S10×M2×UP10×TH10×UB10
2035,block_group,361090016003,peak_kw_home,first_order,behaviour,0.09716,0.03714,0.15534,bootstrap_95_bias_shifted,257.46972,74.69732,20000,S10×M2×UP10×TH10×UB10
2035,block_group,361090016003,peak_kw_home,total_effect,behaviour,0.16603,0.10713,0.22533,bootstrap_95_bias_shifted,257.46972,74.69732,20000,S10×M2×UP10×TH10×UB10
2035,block_group,361090016003,peak_kw_home,first_order,interaction,0.07882,0.07,0.09077,bootstrap_95_bias_shifted,257.46972,74.69732,20000,S10×M2×UP10×TH10×UB10
2035,block_group,361090016003,peak_kw_home,first_order,placement:weighting,0.1098,0.08783,0.13082,bootstrap_95_bias_shifted,257.46972,74.69732,20000,S10×M2×UP10×TH10×UB10
2035,block_group,361090016003,peak_kw_home,first_order,placement:sampling,0.01348,0.00237,0.02805,bootstrap_95_bias_shifted,257.46972,74.69732,20000,S10×M2×UP10×TH10×UB10
2035,block_group,361090016003,peak_kw_home,first_order,placement:weighting_x_sampling,0.00272,0.00067,0.00587,bootstrap_95_bias_shifted,257.46972,74.69732,20000,S10×M2×UP10×TH10×UB10
2035,block_group,361090016003,peak_kw_home,first_order,behaviour:parameters,0.09381,0.03331,0.15175,bootstrap_95_bias_shifted,257.46972,74.69732,20000,S10×M2×UP10×TH10×UB10
2035,block_group,361090016003,peak_kw_home,first_order,behaviour:stochastic,0.00209,-0.00101,0.00712,bootstrap_95_bias_shifted,257.46972,74.69732,20000,S10×M2×UP10×TH10×UB10
2035,block_group,361090016003,peak_kw_home,first_order,behaviour:parameters_x_stochastic,0.00125,-0.00179,0.00487,bootstrap_95_bias_shifted,257.46972,74.69732,20000,S10×M2×UP10×TH10×UB10
2035,block_group,361090017001,peak_kw_home,first_order,stock,0.68321,0.61536,0.76076,bootstrap_95_bias_shifted,282.25608,77.22874,20000,S10×M2×UP10×TH10×UB10
2035,block_group,361090017001,peak_kw_home,total_effect,stock,0.71981,0.64925,0.7982,bootstrap_95_bias_shifted,282.25608,77.22874,20000,S10×M2×UP10×TH10×UB10
2035,block_group,361090017001,peak_kw_home,first_order,placement,0.10447,0.06284,0.15022,bootstrap_95_bias_shifted,282.25608,77.22874,20000,S10×M2×UP10×TH10×UB10
2035,block_group,361090017001,peak_kw_home,total_effect,placement,0.17909,0.13613,0.22895,bootstrap_95_bias_shifted,282.25608,77.22874,20000,S10×M2×UP10×TH10×UB10
2035,block_group,361090017001,peak_kw_home,first_order,behaviour,0.13024,0.049,0.21066,bootstrap_95_bias_shifted,282.25608,77.22874,20000,S10×M2×UP10×TH10×UB10
2035,block_group,361090017001,peak_kw_home,total_effect,behaviour,0.20452,0.12047,0.27924,bootstrap_95_bias_shifted,282.25608,77.22874,20000,S10×M2×UP10×TH10×UB10
2035,block_group,361090017001,peak_kw_home,first_order,interaction,0.08208,0.07065,0.09443,bootstrap_95_bias_shifted,282.25608,77.22874,20000,S10×M2×UP10×TH10×UB10
2035,block_group,361090017001,peak_kw_home,first_order,placement:weighting,0.05805,0.04631,0.07156,bootstrap_95_bias_shifted,282.25608,77.22874,20000,S10×M2×UP10×TH10×UB10
2035,block_group,361090017001,peak_kw_home,first_order,placement:sampling,0.04509,0.00953,0.09109,bootstrap_95_bias_shifted,282.25608,77.22874,20000,S10×M2×UP10×TH10×UB10
2035,block_group,361090017001,peak_kw_home,first_order,placement:weighting_x_sampling,0.00133,0.00021,0.00302,bootstrap_95_bias_shifted,282.25608,77.22874,20000,S10×M2×UP10×TH10×UB10
2035,block_group,361090017001,peak_kw_home,first_order,behaviour:parameters,0.12554,0.04499,0.21,bootstrap_95_bias_shifted,282.25608,77.22874,20000,S10×M2×UP10×TH10×UB10
2035,block_group,361090017001,peak_kw_home,first_order,behaviour:stochastic,0.00218,-0.00108,0.00794,bootstrap_95_bias_shifted,282.25608,77.22874,20000,S10×M2×UP10×TH10×UB10
2035,block_group,361090017001,peak_kw_home,first_order,behaviour:parameters_x_stochastic,0.00252,-0.00046,0.008,bootstrap_95_bias_shifted,282.25608,77.22874,20000,S10×M2×UP10×TH10×UB10
2035,block_group,361090017002,peak_kw_home,first_order,stock,0.51886,0.48162,0.56824,bootstrap_95_bias_shifted,236.39613,75.93347,20000,S10×M2×UP10×TH10×UB10
2035,block_group,361090017002,peak_kw_home,total_effect,stock,0.56506,0.52748,0.61165,bootstrap_95_bias_shifted,236.39613,75.93347,20000,S10×M2×UP10×TH10×UB10
2035,block_group,361090017002,peak_kw_home,first_order,placement,0.31535,0.2798,0.34999,bootstrap_95_bias_shifted,236.39613,75.93347,20000,S10×M2×UP10×TH10×UB10
2035,block_group,361090017002,peak_kw_home,total_effect,placement,0.39356,0.35951,0.42835,bootstrap_95_bias_shifted,236.39613,75.93347,20000,S10×M2×UP10×TH10×UB10
2035,block_group,361090017002,peak_kw_home,first_order,behaviour,0.08223,0.03114,0.13396,bootstrap_95_bias_shifted,236.39613,75.93347,20000,S10×M2×UP10×TH10×UB10
2035,block_group,361090017002,peak_kw_home,total_effect,behaviour,0.14414,0.09258,0.19051,bootstrap_95_bias_shifted,236.39613,75.93347,20000,S10×M2×UP10×TH10×UB10
2035,block_group,361090017002,peak_kw_home,first_order,interaction,0.08356,0.07459,0.09175,bootstrap_95_bias_shifted,236.39613,75.93347,20000,S10×M2×UP10×TH10×UB10
2035,block_group,361090017002,peak_kw_home,first_order,placement:weighting,0.28965,0.25853,0.32421,bootstrap_95_bias_shifted,236.39613,75.93347,20000,S10×M2×UP10×TH10×UB10
2035,block_group,361090017002,peak_kw_home,first_order,placement:sampling,0.02255,0.00597,0.04518,bootstrap_95_bias_shifted,236.39613,75.93347,20000,S10×M2×UP10×TH10×UB10
2035,block_group,361090017002,peak_kw_home,first_order,placement:weighting_x_sampling,0.00315,0.00073,0.00591,bootstrap_95_bias_shifted,236.39613,75.93347,20000,S10×M2×UP10×TH10×UB10
2035,block_group,361090017002,peak_kw_home,first_order,behaviour:parameters,0.07634,0.02598,0.12774,bootstrap_95_bias_shifted,236.39613,75.93347,20000,S10×M2×UP10×TH10×UB10
2035,block_group,361090017002,peak_kw_home,first_order,behaviour:stochastic,0.00236,-0.00097,0.00753,bootstrap_95_bias_shifted,236.39613,75.93347,20000,S10×M2×UP10×TH10×UB10
2035,block_group,361090017002,peak_kw_home,first_order,behaviour:parameters_x_stochastic,0.00353,0.00094,0.00755,bootstrap_95_bias_shifted,236.39613,75.93347,20000,S10×M2×UP10×TH10×UB10
2035,block_group,361090017003,peak_kw_home,first_order,stock,0.5395,0.47512,0.59777,bootstrap_95_bias_shifted,123.71741,32.39082,20000,S10×M2×UP10×TH10×UB10
2035,block_group,361090017003,peak_kw_home,total_effect,stock,0.60707,0.5414,0.66767,bootstrap_95_bias_shifted,123.71741,32.39082,20000,S10×M2×UP10×TH10×UB10
2035,block_group,361090017003,peak_kw_home,first_order,placement,0.20821,0.16952,0.24974,bootstrap_95_bias_shifted,123.71741,32.39082,20000,S10×M2×UP10×TH10×UB10
2035,block_group,361090017003,peak_kw_home,total_effect,placement,0.34847,0.30494,0.39642,bootstrap_95_bias_shifted,123.71741,32.39082,20000,S10×M2×UP10×TH10×UB10
2035,block_group,361090017003,peak_kw_home,first_order,behaviour,0.10787,0.03431,0.18512,bootstrap_95_bias_shifted,123.71741,32.39082,20000,S10×M2×UP10×TH10×UB10
2035,block_group,361090017003,peak_kw_home,total_effect,behaviour,0.22997,0.15754,0.3073,bootstrap_95_bias_shifted,123.71741,32.39082,20000,S10×M2×UP10×TH10×UB10
2035,block_group,361090017003,peak_kw_home,first_order,interaction,0.14442,0.12461,0.16321,bootstrap_95_bias_shifted,123.71741,32.39082,20000,S10×M2×UP10×TH10×UB10
2035,block_group,361090017003,peak_kw_home,first_order,placement:weighting,0.16112,0.13135,0.1977,bootstrap_95_bias_shifted,123.71741,32.39082,20000,S10×M2×UP10×TH10×UB10
2035,block_group,361090017003,peak_kw_home,first_order,placement:sampling,0.04276,0.01909,0.07538,bootstrap_95_bias_shifted,123.71741,32.39082,20000,S10×M2×UP10×TH10×UB10
2035,block_group,361090017003,peak_kw_home,first_order,placement:weighting_x_sampling,0.00433,0.00113,0.00891,bootstrap_95_bias_shifted,123.71741,32.39082,20000,S10×M2×UP10×TH10×UB10
2035,block_group,361090017003,peak_kw_home,first_order,behaviour:parameters,0.10358,0.0314,0.18186,bootstrap_95_bias_shifted,123.71741,32.39082,20000,S10×M2×UP10×TH10×UB10
2035,block_group,361090017003,peak_kw_home,first_order,behaviour:stochastic,0.00291,-0.00397,0.01691,bootstrap_95_bias_shifted,123.71741,32.39082,20000,S10×M2×UP10×TH10×UB10
2035,block_group,361090017003,peak_kw_home,first_order,behaviour:parameters_x_stochastic,0.00138,-0.00343,0.00824,bootstrap_95_bias_shifted,123.71741,32.39082,20000,S10×M2×UP10×TH10×UB10
2035,block_group,361090018001,peak_kw_home,first_order,stock,0.66731,0.59624,0.73965,bootstrap_95_bias_shifted,192.13598,50.79956,20000,S10×M2×UP10×TH10×UB10
2035,block_group,361090018001,peak_kw_home,total_effect,stock,0.71471,0.63744,0.7896,bootstrap_95_bias_shifted,192.13598,50.79956,20000,S10×M2×UP10×TH10×UB10
2035,block_group,361090018001,peak_kw_home,first_order,placement,0.08669,0.04778,0.12733,bootstrap_95_bias_shifted,192.13598,50.79956,20000,S10×M2×UP10×TH10×UB10
2035,block_group,361090018001,peak_kw_home,total_effect,placement,0.19759,0.16163,0.23807,bootstrap_95_bias_shifted,192.13598,50.79956,20000,S10×M2×UP10×TH10×UB10
2035,block_group,361090018001,peak_kw_home,first_order,behaviour,0.12826,0.04521,0.20341,bootstrap_95_bias_shifted,192.13598,50.79956,20000,S10×M2×UP10×TH10×UB10
2035,block_group,361090018001,peak_kw_home,total_effect,behaviour,0.23634,0.15292,0.31102,bootstrap_95_bias_shifted,192.13598,50.79956,20000,S10×M2×UP10×TH10×UB10
2035,block_group,361090018001,peak_kw_home,first_order,interaction,0.11775,0.09758,0.14178,bootstrap_95_bias_shifted,192.13598,50.79956,20000,S10×M2×UP10×TH10×UB10
2035,block_group,361090018001,peak_kw_home,first_order,placement:weighting,0.05831,0.03458,0.08665,bootstrap_95_bias_shifted,192.13598,50.79956,20000,S10×M2×UP10×TH10×UB10
2035,block_group,361090018001,peak_kw_home,first_order,placement:sampling,0.02146,0.00489,0.04297,bootstrap_95_bias_shifted,192.13598,50.79956,20000,S10×M2×UP10×TH10×UB10
2035,block_group,361090018001,peak_kw_home,first_order,placement:weighting_x_sampling,0.00691,0.00252,0.01229,bootstrap_95_bias_shifted,192.13598,50.79956,20000,S10×M2×UP10×TH10×UB10
2035,block_group,361090018001,peak_kw_home,first_order,behaviour:parameters,0.12523,0.04103,0.20597,bootstrap_95_bias_shifted,192.13598,50.79956,20000,S10×M2×UP10×TH10×UB10
2035,block_group,361090018001,peak_kw_home,first_order,behaviour:stochastic,0.00083,-0.00398,0.00908,bootstrap_95_bias_shifted,192.13598,50.79956,20000,S10×M2×UP10×TH10×UB10
2035,block_group,361090018001,peak_kw_home,first_order,behaviour:parameters_x_stochastic,0.0022,-0.00167,0.00937,bootstrap_95_bias_shifted,192.13598,50.79956,20000,S10×M2×UP10×TH10×UB10
2035,block_group,361090018002,peak_kw_home,first_order,stock,0.66544,0.59477,0.75158,bootstrap_95_bias_shifted,174.33384,46.06857,20000,S10×M2×UP10×TH10×UB10
2035,block_group,361090018002,peak_kw_home,total_effect,stock,0.71352,0.64363,0.79541,bootstrap_95_bias_shifted,174.33384,46.06857,20000,S10×M2×UP10×TH10×UB10
2035,block_group,361090018002,peak_kw_home,first_order,placement,0.10077,0.0737,0.1323,bootstrap_95_bias_shifted,174.33384,46.06857,20000,S10×M2×UP10×TH10×UB10
2035,block_group,361090018002,peak_kw_home,total_effect,placement,0.20638,0.167,0.24777,bootstrap_95_bias_shifted,174.33384,46.06857,20000,S10×M2×UP10×TH10×UB10
2035,block_group,361090018002,peak_kw_home,first_order,behaviour,0.12178,0.04233,0.2112,bootstrap_95_bias_shifted,174.33384,46.06857,20000,S10×M2×UP10×TH10×UB10
2035,block_group,361090018002,peak_kw_home,total_effect,behaviour,0.225,0.1417,0.3084,bootstrap_95_bias_shifted,174.33384,46.06857,20000,S10×M2×UP10×TH10×UB10
2035,block_group,361090018002,peak_kw_home,first_order,interaction,0.11202,0.09224,0.13445,bootstrap_95_bias_shifted,174.33384,46.06857,20000,S10×M2×UP10×TH10×UB10
2035,block_group,361090018002,peak_kw_home,first_order,placement:weighting,0.08442,0.06175,0.11336,bootstrap_95_bias_shifted,174.33384,46.06857,20000,S10×M2×UP10×TH10×UB10
2035,block_group,361090018002,peak_kw_home,first_order,placement:sampling,0.01133,-0.00135,0.03018,bootstrap_95_bias_shifted,174.33384,46.06857,20000,S10×M2×UP10×TH10×UB10
2035,block_group,361090018002,peak_kw_home,first_order,placement:weighting_x_sampling,0.00502,0.00145,0.01001,bootstrap_95_bias_shifted,174.33384,46.06857,20000,S10×M2×UP10×TH10×UB10
2035,block_group,361090018002,peak_kw_home,first_order,behaviour:parameters,0.11729,0.03954,0.20457,bootstrap_95_bias_shifted,174.33384,46.06857,20000,S10×M2×UP10×TH10×UB10
2035,block_group,361090018002,peak_kw_home,first_order,behaviour:stochastic,0.00226,-0.00322,0.01052,bootstrap_95_bias_shifted,174.33384,46.06857,20000,S10×M2×UP10×TH10×UB10
2035,block_group,361090018002,peak_kw_home,first_order,behaviour:parameters_x_stochastic,0.00223,-0.00154,0.00968,bootstrap_95_bias_shifted,174.33384,46.06857,20000,S10×M2×UP10×TH10×UB10
2035,block_group,361090018003,peak_kw_home,first_order,stock,0.63049,0.5739,0.70371,bootstrap_95_bias_shifted,137.97584,36.70496,20000,S10×M2×UP10×TH10×UB10
2035,block_group,361090018003,peak_kw_home,total_effect,stock,0.68465,0.62535,0.75587,bootstrap_95_bias_shifted,137.97584,36.70496,20000,S10×M2×UP10×TH10×UB10
2035,block_group,361090018003,peak_kw_home,first_order,placement,0.12807,0.09933,0.16089,bootstrap_95_bias_shifted,137.97584,36.70496,20000,S10×M2×UP10×TH10×UB10
2035,block_group,361090018003,peak_kw_home,total_effect,placement,0.25183,0.21298,0.2883,bootstrap_95_bias_shifted,137.97584,36.70496,20000,S10×M2×UP10×TH10×UB10
2035,block_group,361090018003,peak_kw_home,first_order,behaviour,0.11186,0.03268,0.186,bootstrap_95_bias_shifted,137.97584,36.70496,20000,S10×M2×UP10×TH10×UB10
2035,block_group,361090018003,peak_kw_home,total_effect,behaviour,0.23122,0.14848,0.30244,bootstrap_95_bias_shifted,137.97584,36.70496,20000,S10×M2×UP10×TH10×UB10
2035,block_group,361090018003,peak_kw_home,first_order,interaction,0.12958,0.11189,0.15241,bootstrap_95_bias_shifted,137.97584,36.70496,20000,S10×M2×UP10×TH10×UB10
2035,block_group,361090018003,peak_kw_home,first_order,placement:weighting,0.08118,0.06369,0.10214,bootstrap_95_bias_shifted,137.97584,36.70496,20000,S10×M2×UP10×TH10×UB10
2035,block_group,361090018003,peak_kw_home,first_order,placement:sampling,0.04358,0.01315,0.07684,bootstrap_95_bias_shifted,137.97584,36.70496,20000,S10×M2×UP10×TH10×UB10
2035,block_group,361090018003,peak_kw_home,first_order,placement:weighting_x_sampling,0.00331,0.00053,0.00719,bootstrap_95_bias_shifted,137.97584,36.70496,20000,S10×M2×UP10×TH10×UB10
2035,block_group,361090018003,peak_kw_home,first_order,behaviour:parameters,0.11065,0.02928,0.18399,bootstrap_95_bias_shifted,137.97584,36.70496,20000,S10×M2×UP10×TH10×UB10
2035,block_group,361090018003,peak_kw_home,first_order,behaviour:stochastic,-0.0004,-0.00478,0.00693,bootstrap_95_bias_shifted,137.97584,36.70496,20000,S10×M2×UP10×TH10×UB10
2035,block_group,361090018003,peak_kw_home,first_order,behaviour:parameters_x_stochastic,0.00161,-0.00203,0.00802,bootstrap_95_bias_shifted,137.97584,36.70496,20000,S10×M2×UP10×TH10×UB10
2035,block_group,361090019011,peak_kw_home,first_order,stock,0.77111,0.68278,0.85519,bootstrap_95_bias_shifted,259.26036,66.78615,20000,S10×M2×UP10×TH10×UB10
2035,block_group,361090019011,peak_kw_home,total_effect,stock,0.8094,0.72181,0.89502,bootstrap_95_bias_shifted,259.26036,66.78615,20000,S10×M2×UP10×TH10×UB10
2035,block_group,361090019011,peak_kw_home,first_order,placement,0.01358,0.00241,0.03074,bootstrap_95_bias_shifted,259.26036,66.78615,20000,S10×M2×UP10×TH10×UB10
2035,block_group,361090019011,peak_kw_home,total_effect,placement,0.0942,0.07626,0.11396,bootstrap_95_bias_shifted,259.26036,66.78615,20000,S10×M2×UP10×TH10×UB10
2035,block_group,361090019011,peak_kw_home,first_order,behaviour,0.12733,0.04194,0.20382,bootstrap_95_bias_shifted,259.26036,66.78615,20000,S10×M2×UP10×TH10×UB10
2035,block_group,361090019011,peak_kw_home,total_effect,behaviour,0.21024,0.13136,0.28573,bootstrap_95_bias_shifted,259.26036,66.78615,20000,S10×M2×UP10×TH10×UB10
2035,block_group,361090019011,peak_kw_home,first_order,interaction,0.08798,0.07833,0.10004,bootstrap_95_bias_shifted,259.26036,66.78615,20000,S10×M2×UP10×TH10×UB10
2035,block_group,361090019011,peak_kw_home,first_order,placement:weighting,-0.00012,-0.0005,0.00075,bootstrap_95_bias_shifted,259.26036,66.78615,20000,S10×M2×UP10×TH10×UB10
2035,block_group,361090019011,peak_kw_home,first_order,placement:sampling,0.01262,0.00182,0.02973,bootstrap_95_bias_shifted,259.26036,66.78615,20000,S10×M2×UP10×TH10×UB10
2035,block_group,361090019011,peak_kw_home,first_order,placement:weighting_x_sampling,0.00107,8e-05,0.0028,bootstrap_95_bias_shifted,259.26036,66.78615,20000,S10×M2×UP10×TH10×UB10
2035,block_group,361090019011,peak_kw_home,first_order,behaviour:parameters,0.11969,0.03645,0.20045,bootstrap_95_bias_shifted,259.26036,66.78615,20000,S10×M2×UP10×TH10×UB10
2035,block_group,361090019011,peak_kw_home,first_order,behaviour:stochastic,0.00465,-0.00121,0.0141,bootstrap_95_bias_shifted,259.26036,66.78615,20000,S10×M2×UP10×TH10×UB10
2035,block_group,361090019011,peak_kw_home,first_order,behaviour:parameters_x_stochastic,0.00299,-0.00109,0.00925,bootstrap_95_bias_shifted,259.26036,66.78615,20000,S10×M2×UP10×TH10×UB10
2035,block_group,361090019012,peak_kw_home,first_order,stock,0.75394,0.67753,0.83171,bootstrap_95_bias_shifted,314.96563,83.00227,20000,S10×M2×UP10×TH10×UB10
2035,block_group,361090019012,peak_kw_home,total_effect,stock,0.78604,0.71,0.86044,bootstrap_95_bias_shifted,314.96563,83.00227,20000,S10×M2×UP10×TH10×UB10
2035,block_group,361090019012,peak_kw_home,first_order,placement,0.03772,0.01894,0.06009,bootstrap_95_bias_shifted,314.96563,83.00227,20000,S10×M2×UP10×TH10×UB10
2035,block_group,361090019012,peak_kw_home,total_effect,placement,0.10752,0.08552,0.13751,bootstrap_95_bias_shifted,314.96563,83.00227,20000,S10×M2×UP10×TH10×UB10
2035,block_group,361090019012,peak_kw_home,first_order,behaviour,0.13034,0.04727,0.20897,bootstrap_95_bias_shifted,314.96563,83.00227,20000,S10×M2×UP10×TH10×UB10
2035,block_group,361090019012,peak_kw_home,total_effect,behaviour,0.20452,0.12692,0.28405,bootstrap_95_bias_shifted,314.96563,83.00227,20000,S10×M2×UP10×TH10×UB10
2035,block_group,361090019012,peak_kw_home,first_order,interaction,0.07799,0.06618,0.0917,bootstrap_95_bias_shifted,314.96563,83.00227,20000,S10×M2×UP10×TH10×UB10
2035,block_group,361090019012,peak_kw_home,first_order,placement:weighting,0.01155,0.00716,0.01762,bootstrap_95_bias_shifted,314.96563,83.00227,20000,S10×M2×UP10×TH10×UB10
2035,block_group,361090019012,peak_kw_home,first_order,placement:sampling,0.02496,0.00781,0.04921,bootstrap_95_bias_shifted,314.96563,83.00227,20000,S10×M2×UP10×TH10×UB10
2035,block_group,361090019012,peak_kw_home,first_order,placement:weighting_x_sampling,0.00122,0.00015,0.00292,bootstrap_95_bias_shifted,314.96563,83.00227,20000,S10×M2×UP10×TH10×UB10
2035,block_group,361090019012,peak_kw_home,first_order,behaviour:parameters,0.12638,0.04461,0.20396,bootstrap_95_bias_shifted,314.96563,83.00227,20000,S10×M2×UP10×TH10×UB10
2035,block_group,361090019012,peak_kw_home,first_order,behaviour:stochastic,0.00056,-0.00274,0.00656,bootstrap_95_bias_shifted,314.96563,83.00227,20000,S10×M2×UP10×TH10×UB10
2035,block_group,361090019012,peak_kw_home,first_order,behaviour:parameters_x_stochastic,0.0034,-0.00064,0.00891,bootstrap_95_bias_shifted,314.96563,83.00227,20000,S10×M2×UP10×TH10×UB10
2035,block_group,361090019021,peak_kw_home,first_order,stock,0.71697,0.64488,0.79618,bootstrap_95_bias_shifted,247.00375,63.87333,20000,S10×M2×UP10×TH10×UB10
2035,block_group,361090019021,peak_kw_home,total_effect,stock,0.75382,0.68131,0.83221,bootstrap_95_bias_shifted,247.00375,63.87333,20000,S10×M2×UP10×TH10×UB10
2035,block_group,361090019021,peak_kw_home,first_order,placement,0.06629,0.04609,0.08718,bootstrap_95_bias_shifted,247.00375,63.87333,20000,S10×M2×UP10×TH10×UB10
2035,block_group,361090019021,peak_kw_home,total_effect,placement,0.15005,0.1266,0.17509,bootstrap_95_bias_shifted,247.00375,63.87333,20000,S10×M2×UP10×TH10×UB10
2035,block_group,361090019021,peak_kw_home,first_order,behaviour,0.12684,0.04774,0.20578,bootstrap_95_bias_shifted,247.00375,63.87333,20000,S10×M2×UP10×TH10×UB10
2035,block_group,361090019021,peak_kw_home,total_effect,behaviour,0.21244,0.12823,0.28917,bootstrap_95_bias_shifted,247.00375,63.87333,20000,S10×M2×UP10×TH10×UB10
2035,block_group,361090019021,peak_kw_home,first_order,interaction,0.0899,0.07727,0.1054,bootstrap_95_bias_shifted,247.00375,63.87333,20000,S10×M2×UP10×TH10×UB10
2035,block_group,361090019021,peak_kw_home,first_order,placement:weighting,0.03475,0.02519,0.04596,bootstrap_95_bias_shifted,247.00375,63.87333,20000,S10×M2×UP10×TH10×UB10
2035,block_group,361090019021,peak_kw_home,first_order,placement:sampling,0.03043,0.01203,0.05021,bootstrap_95_bias_shifted,247.00375,63.87333,20000,S10×M2×UP10×TH10×UB10
2035,block_group,361090019021,peak_kw_home,first_order,placement:weighting_x_sampling,0.00111,0.00018,0.00278,bootstrap_95_bias_shifted,247.00375,63.87333,20000,S10×M2×UP10×TH10×UB10
2035,block_group,361090019021,peak_kw_home,first_order,behaviour:parameters,0.11879,0.04016,0.19703,bootstrap_95_bias_shifted,247.00375,63.87333,20000,S10×M2×UP10×TH10×UB10
2035,block_group,361090019021,peak_kw_home,first_order,behaviour:stochastic,0.00135,-0.00269,0.00726,bootstrap_95_bias_shifted,247.00375,63.87333,20000,S10×M2×UP10×TH10×UB10
2035,block_group,361090019021,peak_kw_home,first_order,behaviour:parameters_x_stochastic,0.0067,0.00087,0.0144,bootstrap_95_bias_shifted,247.00375,63.87333,20000,S10×M2×UP10×TH10×UB10
2035,block_group,361090019022,peak_kw_home,first_order,stock,0.67307,0.60903,0.73538,bootstrap_95_bias_shifted,312.40504,90.05611,20000,S10×M2×UP10×TH10×UB10
2035,block_group,361090019022,peak_kw_home,total_effect,stock,0.70845,0.64277,0.76842,bootstrap_95_bias_shifted,312.40504,90.05611,20000,S10×M2×UP10×TH10×UB10
2035,block_group,361090019022,peak_kw_home,first_order,placement,0.136,0.11769,0.153,bootstrap_95_bias_shifted,312.40504,90.05611,20000,S10×M2×UP10×TH10×UB10
2035,block_group,361090019022,peak_kw_home,total_effect,placement,0.20355,0.18492,0.22743,bootstrap_95_bias_shifted,312.40504,90.05611,20000,S10×M2×UP10×TH10×UB10
2035,block_group,361090019022,peak_kw_home,first_order,behaviour,0.11586,0.03885,0.19179,bootstrap_95_bias_shifted,312.40504,90.05611,20000,S10×M2×UP10×TH10×UB10
2035,block_group,361090019022,peak_kw_home,total_effect,behaviour,0.18112,0.10374,0.25797,bootstrap_95_bias_shifted,312.40504,90.05611,20000,S10×M2×UP10×TH10×UB10
2035,block_group,361090019022,peak_kw_home,first_order,interaction,0.07506,0.06515,0.08515,bootstrap_95_bias_shifted,312.40504,90.05611,20000,S10×M2×UP10×TH10×UB10
2035,block_group,361090019022,peak_kw_home,first_order,placement:weighting,0.12101,0.10562,0.14004,bootstrap_95_bias_shifted,312.40504,90.05611,20000,S10×M2×UP10×TH10×UB10
2035,block_group,361090019022,peak_kw_home,first_order,placement:sampling,0.01367,0.00414,0.0273,bootstrap_95_bias_shifted,312.40504,90.05611,20000,S10×M2×UP10×TH10×UB10
2035,block_group,361090019022,peak_kw_home,first_order,placement:weighting_x_sampling,0.00132,0.0002,0.00281,bootstrap_95_bias_shifted,312.40504,90.05611,20000,S10×M2×UP10×TH10×UB10
2035,block_group,361090019022,peak_kw_home,first_order,behaviour:parameters,0.11325,0.03816,0.19018,bootstrap_95_bias_shifted,312.40504,90.05611,20000,S10×M2×UP10×TH10×UB10
2035,block_group,361090019022,peak_kw_home,first_order,behaviour:stochastic,0.00019,-0.00216,0.00665,bootstrap_95_bias_shifted,312.40504,90.05611,20000,S10×M2×UP10×TH10×UB10
2035,block_group,361090019022,peak_kw_home,first_order,behaviour:parameters_x_stochastic,0.00242,2e-05,0.00608,bootstrap_95_bias_shifted,312.40504,90.05611,20000,S10×M2×UP10×TH10×UB10
2035,block_group,361090020001,peak_kw_home,first_order,stock,0.5855,0.50429,0.68438,bootstrap_95_bias_shifted,131.04623,32.51425,20000,S10×M2×UP10×TH10×UB10
2035,block_group,361090020001,peak_kw_home,total_effect,stock,0.65145,0.56508,0.75249,bootstrap_95_bias_shifted,131.04623,32.51425,20000,S10×M2×UP10×TH10×UB10
2035,block_group,361090020001,peak_kw_home,first_order,placement,0.06707,0.02864,0.10857,bootstrap_95_bias_shifted,131.04623,32.51425,20000,S10×M2×UP10×TH10×UB10
2035,block_group,361090020001,peak_kw_home,total_effect,placement,0.21658,0.16142,0.26942,bootstrap_95_bias_shifted,131.04623,32.51425,20000,S10×M2×UP10×TH10×UB10
2035,block_group,361090020001,peak_kw_home,first_order,behaviour,0.18964,0.0872,0.29043,bootstrap_95_bias_shifted,131.04623,32.51425,20000,S10×M2×UP10×TH10×UB10
2035,block_group,361090020001,peak_kw_home,total_effect,behaviour,0.33391,0.23624,0.43084,bootstrap_95_bias_shifted,131.04623,32.51425,20000,S10×M2×UP10×TH10×UB10
2035,block_group,361090020001,peak_kw_home,first_order,interaction,0.15778,0.13379,0.17986,bootstrap_95_bias_shifted,131.04623,32.51425,20000,S10×M2×UP10×TH10×UB10
2035,block_group,361090020001,peak_kw_home,first_order,placement:weighting,0.01672,0.00745,0.02883,bootstrap_95_bias_shifted,131.04623,32.51425,20000,S10×M2×UP10×TH10×UB10
2035,block_group,361090020001,peak_kw_home,first_order,placement:sampling,0.0498,0.01317,0.09097,bootstrap_95_bias_shifted,131.04623,32.51425,20000,S10×M2×UP10×TH10×UB10
2035,block_group,361090020001,peak_kw_home,first_order,placement:weighting_x_sampling,0.00055,-0.00071,0.00279,bootstrap_95_bias_shifted,131.04623,32.51425,20000,S10×M2×UP10×TH10×UB10
2035,block_group,361090020001,peak_kw_home,first_order,behaviour:parameters,0.16955,0.07392,0.26682,bootstrap_95_bias_shifted,131.04623,32.51425,20000,S10×M2×UP10×TH10×UB10
2035,block_group,361090020001,peak_kw_home,first_order,behaviour:stochastic,0.01657,0.00246,0.03425,bootstrap_95_bias_shifted,131.04623,32.51425,20000,S10×M2×UP10×TH10×UB10
2035,block_group,361090020001,peak_kw_home,first_order,behaviour:parameters_x_stochastic,0.00353,-0.00178,0.01018,bootstrap_95_bias_shifted,131.04623,32.51425,20000,S10×M2×UP10×TH10×UB10
2035,block_group,361090020002,peak_kw_home,first_order,stock,0.7027,0.62248,0.78389,bootstrap_95_bias_shifted,165.31779,42.73587,20000,S10×M2×UP10×TH10×UB10
2035,block_group,361090020002,peak_kw_home,total_effect,stock,0.75359,0.67139,0.83603,bootstrap_95_bias_shifted,165.31779,42.73587,20000,S10×M2×UP10×TH10×UB10
2035,block_group,361090020002,peak_kw_home,first_order,placement,0.06255,0.0278,0.10179,bootstrap_95_bias_shifted,165.31779,42.73587,20000,S10×M2×UP10×TH10×UB10
2035,block_group,361090020002,peak_kw_home,total_effect,placement,0.17115,0.13717,0.20723,bootstrap_95_bias_shifted,165.31779,42.73587,20000,S10×M2×UP10×TH10×UB10
2035,block_group,361090020002,peak_kw_home,first_order,behaviour,0.12043,0.03878,0.1979,bootstrap_95_bias_shifted,165.31779,42.73587,20000,S10×M2×UP10×TH10×UB10
2035,block_group,361090020002,peak_kw_home,total_effect,behaviour,0.22582,0.15169,0.29749,bootstrap_95_bias_shifted,165.31779,42.73587,20000,S10×M2×UP10×TH10×UB10
2035,block_group,361090020002,peak_kw_home,first_order,interaction,0.11432,0.09751,0.13551,bootstrap_95_bias_shifted,165.31779,42.73587,20000,S10×M2×UP10×TH10×UB10
2035,block_group,361090020002,peak_kw_home,first_order,placement:weighting,0.0149,0.00912,0.02362,bootstrap_95_bias_shifted,165.31779,42.73587,20000,S10×M2×UP10×TH10×UB10
2035,block_group,361090020002,peak_kw_home,first_order,placement:sampling,0.04644,0.01388,0.08536,bootstrap_95_bias_shifted,165.31779,42.73587,20000,S10×M2×UP10×TH10×UB10
2035,block_group,361090020002,peak_kw_home,first_order,placement:weighting_x_sampling,0.00121,-0.00012,0.00315,bootstrap_95_bias_shifted,165.31779,42.73587,20000,S10×M2×UP10×TH10×UB10
2035,block_group,361090020002,peak_kw_home,first_order,behaviour:parameters,0.11633,0.03743,0.19208,bootstrap_95_bias_shifted,165.31779,42.73587,20000,S10×M2×UP10×TH10×UB10
2035,block_group,361090020002,peak_kw_home,first_order,behaviour:stochastic,0.00243,-0.00211,0.00921,bootstrap_95_bias_shifted,165.31779,42.73587,20000,S10×M2×UP10×TH10×UB10
2035,block_group,361090020002,peak_kw_home,first_order,behaviour:parameters_x_stochastic,0.00168,-0.00288,0.00793,bootstrap_95_bias_shifted,165.31779,42.73587,20000,S10×M2×UP10×TH10×UB10
2035,block_group,361090020003,peak_kw_home,first_order,stock,0.67989,0.60315,0.77325,bootstrap_95_bias_shifted,161.71791,41.54872,20000,S10×M2×UP10×TH10×UB10
2035,block_group,361090020003,peak_kw_home,total_effect,stock,0.73137,0.65758,0.82358,bootstrap_95_bias_shifted,161.71791,41.54872,20000,S10×M2×UP10×TH10×UB10
2035,block_group,361090020003,peak_kw_home,first_order,placement,0.03468,0.00923,0.06519,bootstrap_95_bias_shifted,161.71791,41.54872,20000,S10×M2×UP10×TH10×UB10
2035,block_group,361090020003,peak_kw_home,total_effect,placement,0.15626,0.12984,0.18782,bootstrap_95_bias_shifted,161.71791,41.54872,20000,S10×M2×UP10×TH10×UB10
2035,block_group,361090020003,peak_kw_home,first_order,behaviour,0.15636,0.0602,0.24108,bootstrap_95_bias_shifted,161.71791,41.54872,20000,S10×M2×UP10×TH10×UB10
2035,block_group,361090020003,peak_kw_home,total_effect,behaviour,0.27658,0.18688,0.35973,bootstrap_95_bias_shifted,161.71791,41.54872,20000,S10×M2×UP10×TH10×UB10
2035,block_group,361090020003,peak_kw_home,first_order,interaction,0.12907,0.1101,0.14668,bootstrap_95_bias_shifted,161.71791,41.54872,20000,S10×M2×UP10×TH10×UB10
2035,block_group,361090020003,peak_kw_home,first_order,placement:weighting,0.00207,-0.00126,0.01124,bootstrap_95_bias_shifted,161.71791,41.54872,20000,S10×M2×UP10×TH10×UB10
2035,block_group,361090020003,peak_kw_home,first_order,placement:sampling,0.02703,0.00437,0.05705,bootstrap_95_bias_shifted,161.71791,41.54872,20000,S10×M2×UP10×TH10×UB10
2035,block_group,361090020003,peak_kw_home,first_order,placement:weighting_x_sampling,0.00558,0.00102,0.01142,bootstrap_95_bias_shifted,161.71791,41.54872,20000,S10×M2×UP10×TH10×UB10
2035,block_group,361090020003,peak_kw_home,first_order,behaviour:parameters,0.15268,0.05901,0.23968,bootstrap_95_bias_shifted,161.71791,41.54872,20000,S10×M2×UP10×TH10×UB10
2035,block_group,361090020003,peak_kw_home,first_order,behaviour:stochastic,0.00164,-0.00341,0.01035,bootstrap_95_bias_shifted,161.71791,41.54872,20000,S10×M2×UP10×TH10×UB10
2035,block_group,361090020003,peak_kw_home,first_order,behaviour:parameters_x_stochastic,0.00204,-0.00278,0.00981,bootstrap_95_bias_shifted,161.71791,41.54872,20000,S10×M2×UP10×TH10×UB10
2035,block_group,361090021001,peak_kw_home,first_order,stock,0.68371,0.61409,0.7624,bootstrap_95_bias_shifted,161.32874,42.02768,20000,S10×M2×UP10×TH10×UB10
2035,block_group,361090021001,peak_kw_home,total_effect,stock,0.73552,0.66846,0.81547,bootstrap_95_bias_shifted,161.32874,42.02768,20000,S10×M2×UP10×TH10×UB10
2035,block_group,361090021001,peak_kw_home,first_order,placement,0.06386,0.0408,0.09578,bootstrap_95_bias_shifted,161.32874,42.02768,20000,S10×M2×UP10×TH10×UB10
2035,block_group,361090021001,peak_kw_home,total_effect,placement,0.17256,0.14262,0.2078,bootstrap_95_bias_shifted,161.32874,42.02768,20000,S10×M2×UP10×TH10×UB10
2035,block_group,361090021001,peak_kw_home,first_order,behaviour,0.13636,0.05709,0.2076,bootstrap_95_bias_shifted,161.32874,42.02768,20000,S10×M2×UP10×TH10×UB10
2035,block_group,361090021001,peak_kw_home,total_effect,behaviour,0.24409,0.16604,0.30678,bootstrap_95_bias_shifted,161.32874,42.02768,20000,S10×M2×UP10×TH10×UB10
2035,block_group,361090021001,peak_kw_home,first_order,interaction,0.11607,0.10391,0.12904,bootstrap_95_bias_shifted,161.32874,42.02768,20000,S10×M2×UP10×TH10×UB10
2035,block_group,361090021001,peak_kw_home,first_order,placement:weighting,0.0359,0.02546,0.04756,bootstrap_95_bias_shifted,161.32874,42.02768,20000,S10×M2×UP10×TH10×UB10
2035,block_group,361090021001,peak_kw_home,first_order,placement:sampling,0.02706,0.00814,0.05752,bootstrap_95_bias_shifted,161.32874,42.02768,20000,S10×M2×UP10×TH10×UB10
2035,block_group,361090021001,peak_kw_home,first_order,placement:weighting_x_sampling,0.00091,-0.00026,0.00279,bootstrap_95_bias_shifted,161.32874,42.02768,20000,S10×M2×UP10×TH10×UB10
2035,block_group,361090021001,peak_kw_home,first_order,behaviour:parameters,0.13051,0.04787,0.20879,bootstrap_95_bias_shifted,161.32874,42.02768,20000,S10×M2×UP10×TH10×UB10
2035,block_group,361090021001,peak_kw_home,first_order,behaviour:stochastic,0.00399,-0.00228,0.01517,bootstrap_95_bias_shifted,161.32874,42.02768,20000,S10×M2×UP10×TH10×UB10
2035,block_group,361090021001,peak_kw_home,first_order,behaviour:parameters_x_stochastic,0.00186,-0.00198,0.00737,bootstrap_95_bias_shifted,161.32874,42.02768,20000,S10×M2×UP10×TH10×UB10
2035,block_group,361090021002,peak_kw_home,first_order,stock,0.71393,0.63669,0.79922,bootstrap_95_bias_shifted,179.93502,45.53481,20000,S10×M2×UP10×TH10×UB10
2035,block_group,361090021002,peak_kw_home,total_effect,stock,0.76476,0.68586,0.85003,bootstrap_95_bias_shifted,179.93502,45.53481,20000,S10×M2×UP10×TH10×UB10
2035,block_group,361090021002,peak_kw_home,first_order,placement,0.01715,0.00712,0.03117,bootstrap_95_bias_shifted,179.93502,45.53481,20000,S10×M2×UP10×TH10×UB10
2035,block_group,361090021002,peak_kw_home,total_effect,placement,0.1214,0.0993,0.15111,bootstrap_95_bias_shifted,179.93502,45.53481,20000,S10×M2×UP10×TH10×UB10
2035,block_group,361090021002,peak_kw_home,first_order,behaviour,0.15541,0.06187,0.2441,bootstrap_95_bias_shifted,179.93502,45.53481,20000,S10×M2×UP10×TH10×UB10
2035,block_group,361090021002,peak_kw_home,total_effect,behaviour,0.26243,0.17333,0.34449,bootstrap_95_bias_shifted,179.93502,45.53481,20000,S10×M2×UP10×TH10×UB10
2035,block_group,361090021002,peak_kw_home,first_order,interaction,0.1135,0.09958,0.13142,bootstrap_95_bias_shifted,179.93502,45.53481,20000,S10×M2×UP10×TH10×UB10
2035,block_group,361090021002,peak_kw_home,first_order,placement:weighting,-0.00021,-0.00109,0.00183,bootstrap_95_bias_shifted,179.93502,45.53481,20000,S10×M2×UP10×TH10×UB10
2035,block_group,361090021002,peak_kw_home,first_order,placement:sampling,0.01406,0.00471,0.02867,bootstrap_95_bias_shifted,179.93502,45.53481,20000,S10×M2×UP10×TH10×UB10
2035,block_group,361090021002,peak_kw_home,first_order,placement:weighting_x_sampling,0.0033,0.0002,0.00716,bootstrap_95_bias_shifted,179.93502,45.53481,20000,S10×M2×UP10×TH10×UB10
2035,block_group,361090021002,peak_kw_home,first_order,behaviour:parameters,0.14667,0.05055,0.24178,bootstrap_95_bias_shifted,179.93502,45.53481,20000,S10×M2×UP10×TH10×UB10
2035,block_group,361090021002,peak_kw_home,first_order,behaviour:stochastic,0.00564,-0.00068,0.01634,bootstrap_95_bias_shifted,179.93502,45.53481,20000,S10×M2×UP10×TH10×UB10
2035,block_group,361090021002,peak_kw_home,first_order,behaviour:parameters_x_stochastic,0.0031,-0.00157,0.01054,bootstrap_95_bias_shifted,179.93502,45.53481,20000,S10×M2×UP10×TH10×UB10
2035,block_group,361090021003,peak_kw_home,first_order,stock,0.6299,0.57695,0.68765,bootstrap_95_bias_shifted,256.33658,73.26509,20000,S10×M2×UP10×TH10×UB10
2035,block_group,361090021003,peak_kw_home,total_effect,stock,0.67172,0.62013,0.72665,bootstrap_95_bias_shifted,256.33658,73.26509,20000,S10×M2×UP10×TH10×UB10
2035,block_group,361090021003,peak_kw_home,first_order,placement,0.17308,0.15083,0.19523,bootstrap_95_bias_shifted,256.33658,73.26509,20000,S10×M2×UP10×TH10×UB10
2035,block_group,361090021003,peak_kw_home,total_effect,placement,0.25209,0.22405,0.28071,bootstrap_95_bias_shifted,256.33658,73.26509,20000,S10×M2×UP10×TH10×UB10
2035,block_group,361090021003,peak_kw_home,first_order,behaviour,0.1114,0.0452,0.17473,bootstrap_95_bias_shifted,256.33658,73.26509,20000,S10×M2×UP10×TH10×UB10
2035,block_group,361090021003,peak_kw_home,total_effect,behaviour,0.18407,0.11646,0.25015,bootstrap_95_bias_shifted,256.33658,73.26509,20000,S10×M2×UP10×TH10×UB10
2035,block_group,361090021003,peak_kw_home,first_order,interaction,0.08562,0.07228,0.10061,bootstrap_95_bias_shifted,256.33658,73.26509,20000,S10×M2×UP10×TH10×UB10
2035,block_group,361090021003,peak_kw_home,first_order,placement:weighting,0.15882,0.13551,0.1808,bootstrap_95_bias_shifted,256.33658,73.26509,20000,S10×M2×UP10×TH10×UB10
2035,block_group,361090021003,peak_kw_home,first_order,placement:sampling,0.01243,0.0027,0.02781,bootstrap_95_bias_shifted,256.33658,73.26509,20000,S10×M2×UP10×TH10×UB10
2035,block_group,361090021003,peak_kw_home,first_order,placement:weighting_x_sampling,0.00183,0.00033,0.00383,bootstrap_95_bias_shifted,256.33658,73.26509,20000,S10×M2×UP10×TH10×UB10
2035,block_group,361090021003,peak_kw_home,first_order,behaviour:parameters,0.10595,0.0384,0.17032,bootstrap_95_bias_shifted,256.33658,73.26509,20000,S10×M2×UP10×TH10×UB10
2035,block_group,361090021003,peak_kw_home,first_order,behaviour:stochastic,0.00429,-0.00054,0.0122,bootstrap_95_bias_shifted,256.33658,73.26509,20000,S10×M2×UP10×TH10×UB10
2035,block_group,361090021003,peak_kw_home,first_order,behaviour:parameters_x_stochastic,0.00116,-0.00167,0.00529,bootstrap_95_bias_shifted,256.33658,73.26509,20000,S10×M2×UP10×TH10×UB10
2035,block_group,361090022001,peak_kw_home,first_order,stock,0.61396,0.52979,0.71747,bootstrap_95_bias_shifted,125.27145,31.42629,20000,S10×M2×UP10×TH10×UB10
2035,block_group,361090022001,peak_kw_home,total_effect,stock,0.67666,0.59227,0.77289,bootstrap_95_bias_shifted,125.27145,31.42629,20000,S10×M2×UP10×TH10×UB10
2035,block_group,361090022001,peak_kw_home,first_order,placement,0.08634,0.03427,0.15768,bootstrap_95_bias_shifted,125.27145,31.42629,20000,S10×M2×UP10×TH10×UB10
2035,block_group,361090022001,peak_kw_home,total_effect,placement,0.23765,0.17074,0.30941,bootstrap_95_bias_shifted,125.27145,31.42629,20000,S10×M2×UP10×TH10×UB10
2035,block_group,361090022001,peak_kw_home,first_order,behaviour,0.14221,0.04938,0.23842,bootstrap_95_bias_shifted,125.27145,31.42629,20000,S10×M2×UP10×TH10×UB10
2035,block_group,361090022001,peak_kw_home,total_effect,behaviour,0.28969,0.19971,0.3716,bootstrap_95_bias_shifted,125.27145,31.42629,20000,S10×M2×UP10×TH10×UB10
2035,block_group,361090022001,peak_kw_home,first_order,interaction,0.15749,0.12999,0.18987,bootstrap_95_bias_shifted,125.27145,31.42629,20000,S10×M2×UP10×TH10×UB10
2035,block_group,361090022001,peak_kw_home,first_order,placement:weighting,0.01083,0.00451,0.0191,bootstrap_95_bias_shifted,125.27145,31.42629,20000,S10×M2×UP10×TH10×UB10
2035,block_group,361090022001,peak_kw_home,first_order,placement:sampling,0.07434,0.02219,0.14673,bootstrap_95_bias_shifted,125.27145,31.42629,20000,S10×M2×UP10×TH10×UB10
2035,block_group,361090022001,peak_kw_home,first_order,placement:weighting_x_sampling,0.00117,-0.00028,0.00397,bootstrap_95_bias_shifted,125.27145,31.42629,20000,S10×M2×UP10×TH10×UB10
2035,block_group,361090022001,peak_kw_home,first_order,behaviour:parameters,0.13694,0.04064,0.22938,bootstrap_95_bias_shifted,125.27145,31.42629,20000,S10×M2×UP10×TH10×UB10
2035,block_group,361090022001,peak_kw_home,first_order,behaviour:stochastic,0.00456,-0.00288,0.01969,bootstrap_95_bias_shifted,125.27145,31.42629,20000,S10×M2×UP10×TH10×UB10
2035,block_group,361090022001,peak_kw_home,first_order,behaviour:parameters_x_stochastic,0.00072,-0.00435,0.00796,bootstrap_95_bias_shifted,125.27145,31.42629,20000,S10×M2×UP10×TH10×UB10
2035,block_group,361090022002,peak_kw_home,first_order,stock,0.51305,0.42089,0.61832,bootstrap_95_bias_shifted,95.70829,23.10384,20000,S10×M2×UP10×TH10×UB10
2035,block_group,361090022002,peak_kw_home,total_effect,stock,0.59169,0.49386,0.70338,bootstrap_95_bias_shifted,95.70829,23.10384,20000,S10×M2×UP10×TH10×UB10
2035,block_group,361090022002,peak_kw_home,first_order,placement,0.14382,0.05018,0.2391,bootstrap_95_bias_shifted,95.70829,23.10384,20000,S10×M2×UP10×TH10×UB10
2035,block_group,361090022002,peak_kw_home,total_effect,placement,0.32873,0.23808,0.41668,bootstrap_95_bias_shifted,95.70829,23.10384,20000,S10×M2×UP10×TH10×UB10
2035,block_group,361090022002,peak_kw_home,first_order,behaviour,0.15191,0.05365,0.24098,bootstrap_95_bias_shifted,95.70829,23.10384,20000,S10×M2×UP10×TH10×UB10
2035,block_group,361090022002,peak_kw_home,total_effect,behaviour,0.32723,0.23322,0.40834,bootstrap_95_bias_shifted,95.70829,23.10384,20000,S10×M2×UP10×TH10×UB10
2035,block_group,361090022002,peak_kw_home,first_order,interaction,0.19123,0.15955,0.22666,bootstrap_95_bias_shifted,95.70829,23.10384,20000,S10×M2×UP10×TH10×UB10
2035,block_group,361090022002,peak_kw_home,first_order,placement:weighting,0.02647,0.01293,0.0475,bootstrap_95_bias_shifted,95.70829,23.10384,20000,S10×M2×UP10×TH10×UB10
2035,block_group,361090022002,peak_kw_home,first_order,placement:sampling,0.11354,0.01726,0.21809,bootstrap_95_bias_shifted,95.70829,23.10384,20000,S10×M2×UP10×TH10×UB10
2035,block_group,361090022002,peak_kw_home,first_order,placement:weighting_x_sampling,0.0038,0.00051,0.00845,bootstrap_95_bias_shifted,95.70829,23.10384,20000,S10×M2×UP10×TH10×UB10
2035,block_group,361090022002,peak_kw_home,first_order,behaviour:parameters,0.14471,0.03944,0.22911,bootstrap_95_bias_shifted,95.70829,23.10384,20000,S10×M2×UP10×TH10×UB10
2035,block_group,361090022002,peak_kw_home,first_order,behaviour:stochastic,0.00312,-0.00441,0.01554,bootstrap_95_bias_shifted,95.70829,23.10384,20000,S10×M2×UP10×TH10×UB10
2035,block_group,361090022002,peak_kw_home,first_order,behaviour:parameters_x_stochastic,0.00407,-0.00266,0.01448,bootstrap_95_bias_shifted,95.70829,23.10384,20000,S10×M2×UP10×TH10×UB10
2035,block_group,361090022003,peak_kw_home,first_order,stock,0.55962,0.48544,0.62453,bootstrap_95_bias_shifted,123.90352,32.80268,20000,S10×M2×UP10×TH10×UB10
2035,block_group,361090022003,peak_kw_home,total_effect,stock,0.62244,0.54427,0.6942,bootstrap_95_bias_shifted,123.90352,32.80268,20000,S10×M2×UP10×TH10×UB10
2035,block_group,361090022003,peak_kw_home,first_order,placement,0.16111,0.11973,0.22609,bootstrap_95_bias_shifted,123.90352,32.80268,20000,S10×M2×UP10×TH10×UB10
2035,block_group,361090022003,peak_kw_home,total_effect,placement,0.29916,0.24819,0.3571,bootstrap_95_bias_shifted,123.90352,32.80268,20000,S10×M2×UP10×TH10×UB10
2035,block_group,361090022003,peak_kw_home,first_order,behaviour,0.13574,0.05144,0.22462,bootstrap_95_bias_shifted,123.90352,32.80268,20000,S10×M2×UP10×TH10×UB10
2035,block_group,361090022003,peak_kw_home,total_effect,behaviour,0.26409,0.18453,0.34942,bootstrap_95_bias_shifted,123.90352,32.80268,20000,S10×M2×UP10×TH10×UB10
2035,block_group,361090022003,peak_kw_home,first_order,interaction,0.14353,0.11795,0.17015,bootstrap_95_bias_shifted,123.90352,32.80268,20000,S10×M2×UP10×TH10×UB10
2035,block_group,361090022003,peak_kw_home,first_order,placement:weighting,0.05659,0.0318,0.08923,bootstrap_95_bias_shifted,123.90352,32.80268,20000,S10×M2×UP10×TH10×UB10
2035,block_group,361090022003,peak_kw_home,first_order,placement:sampling,0.09614,0.04141,0.17213,bootstrap_95_bias_shifted,123.90352,32.80268,20000,S10×M2×UP10×TH10×UB10
2035,block_group,361090022003,peak_kw_home,first_order,placement:weighting_x_sampling,0.00838,0.00243,0.01734,bootstrap_95_bias_shifted,123.90352,32.80268,20000,S10×M2×UP10×TH10×UB10
2035,block_group,361090022003,peak_kw_home,first_order,behaviour:parameters,0.12884,0.04694,0.21994,bootstrap_95_bias_shifted,123.90352,32.80268,20000,S10×M2×UP10×TH10×UB10
2035,block_group,361090022003,peak_kw_home,first_order,behaviour:stochastic,0.0057,-0.00262,0.02345,bootstrap_95_bias_shifted,123.90352,32.80268,20000,S10×M2×UP10×TH10×UB10
2035,block_group,361090022003,peak_kw_home,first_order,behaviour:parameters_x_stochastic,0.0012,-0.00316,0.00817,bootstrap_95_bias_shifted,123.90352,32.80268,20000,S10×M2×UP10×TH10×UB10
2035,block_group,361090023001,peak_kw_home,first_order,stock,0.75579,0.68217,0.82875,bootstrap_95_bias_shifted,203.1686,52.01482,20000,S10×M2×UP10×TH10×UB10
2035,block_group,361090023001,peak_kw_home,total_effect,stock,0.80335,0.73036,0.87749,bootstrap_95_bias_shifted,203.1686,52.01482,20000,S10×M2×UP10×TH10×UB10
2035,block_group,361090023001,peak_kw_home,first_order,placement,0.00579,0.00016,0.0126,bootstrap_95_bias_shifted,203.1686,52.01482,20000,S10×M2×UP10×TH10×UB10
2035,block_group,361090023001,peak_kw_home,total_effect,placement,0.1097,0.08857,0.12873,bootstrap_95_bias_shifted,203.1686,52.01482,20000,S10×M2×UP10×TH10×UB10
2035,block_group,361090023001,peak_kw_home,first_order,behaviour,0.12702,0.04969,0.1995,bootstrap_95_bias_shifted,203.1686,52.01482,20000,S10×M2×UP10×TH10×UB10
2035,block_group,361090023001,peak_kw_home,total_effect,behaviour,0.23096,0.15771,0.30099,bootstrap_95_bias_shifted,203.1686,52.01482,20000,S10×M2×UP10×TH10×UB10
2035,block_group,361090023001,peak_kw_home,first_order,interaction,0.1114,0.095,0.12982,bootstrap_95_bias_shifted,203.1686,52.01482,20000,S10×M2×UP10×TH10×UB10
2035,block_group,361090023001,peak_kw_home,first_order,placement:weighting,0.00079,-0.0006,0.00336,bootstrap_95_bias_shifted,203.1686,52.01482,20000,S10×M2×UP10×TH10×UB10
2035,block_group,361090023001,peak_kw_home,first_order,placement:sampling,0.00328,-0.00163,0.01017,bootstrap_95_bias_shifted,203.1686,52.01482,20000,S10×M2×UP10×TH10×UB10
2035,block_group,361090023001,peak_kw_home,first_order,placement:weighting_x_sampling,0.00172,6e-05,0.00404,bootstrap_95_bias_shifted,203.1686,52.01482,20000,S10×M2×UP10×TH10×UB10
2035,block_group,361090023001,peak_kw_home,first_order,behaviour:parameters,0.12211,0.04164,0.19751,bootstrap_95_bias_shifted,203.1686,52.01482,20000,S10×M2×UP10×TH10×UB10
2035,block_group,361090023001,peak_kw_home,first_order,behaviour:stochastic,0.00233,-0.00246,0.01129,bootstrap_95_bias_shifted,203.1686,52.01482,20000,S10×M2×UP10×TH10×UB10
2035,block_group,361090023001,peak_kw_home,first_order,behaviour:parameters_x_stochastic,0.00258,-0.00254,0.00924,bootstrap_95_bias_shifted,203.1686,52.01482,20000,S10×M2×UP10×TH10×UB10
2035,block_group,361090023002,peak_kw_home,first_order,stock,0.70928,0.63693,0.78801,bootstrap_95_bias_shifted,217.89592,59.39733,20000,S10×M2×UP10×TH10×UB10
2035,block_group,361090023002,peak_kw_home,total_effect,stock,0.75188,0.6795,0.82993,bootstrap_95_bias_shifted,217.89592,59.39733,20000,S10×M2×UP10×TH10×UB10
2035,block_group,361090023002,peak_kw_home,first_order,placement,0.07546,0.04872,0.10745,bootstrap_95_bias_shifted,217.89592,59.39733,20000,S10×M2×UP10×TH10×UB10
2035,block_group,361090023002,peak_kw_home,total_effect,placement,0.1586,0.12996,0.18645,bootstrap_95_bias_shifted,217.89592,59.39733,20000,S10×M2×UP10×TH10×UB10
2035,block_group,361090023002,peak_kw_home,first_order,behaviour,0.12462,0.04668,0.19973,bootstrap_95_bias_shifted,217.89592,59.39733,20000,S10×M2×UP10×TH10×UB10
2035,block_group,361090023002,peak_kw_home,total_effect,behaviour,0.20719,0.12869,0.28172,bootstrap_95_bias_shifted,217.89592,59.39733,20000,S10×M2×UP10×TH10×UB10
2035,block_group,361090023002,peak_kw_home,first_order,interaction,0.09064,0.07957,0.1019,bootstrap_95_bias_shifted,217.89592,59.39733,20000,S10×M2×UP10×TH10×UB10
2035,block_group,361090023002,peak_kw_home,first_order,placement:weighting,0.03918,0.03009,0.05238,bootstrap_95_bias_shifted,217.89592,59.39733,20000,S10×M2×UP10×TH10×UB10
2035,block_group,361090023002,peak_kw_home,first_order,placement:sampling,0.03538,0.01338,0.06262,bootstrap_95_bias_shifted,217.89592,59.39733,20000,S10×M2×UP10×TH10×UB10
2035,block_group,361090023002,peak_kw_home,first_order,placement:weighting_x_sampling,0.0009,-7e-05,0.00252,bootstrap_95_bias_shifted,217.89592,59.39733,20000,S10×M2×UP10×TH10×UB10
2035,block_group,361090023002,peak_kw_home,first_order,behaviour:parameters,0.11704,0.03889,0.19231,bootstrap_95_bias_shifted,217.89592,59.39733,20000,S10×M2×UP10×TH10×UB10
2035,block_group,361090023002,peak_kw_home,first_order,behaviour:stochastic,0.00516,-0.00089,0.0157,bootstrap_95_bias_shifted,217.89592,59.39733,20000,S10×M2×UP10×TH10×UB10
2035,block_group,361090023002,peak_kw_home,first_order,behaviour:parameters_x_stochastic,0.00242,-0.00152,0.00892,bootstrap_95_bias_shifted,217.89592,59.39733,20000,S10×M2×UP10×TH10×UB10
2035,block_group,361090023003,peak_kw_home,first_order,stock,0.70734,0.63168,0.7864,bootstrap_95_bias_shifted,205.98771,53.159,20000,S10×M2×UP10×TH10×UB10
2035,block_group,361090023003,peak_kw_home,total_effect,stock,0.75118,0.67262,0.83002,bootstrap_95_bias_shifted,205.98771,53.159,20000,S10×M2×UP10×TH10×UB10
2035,block_group,361090023003,peak_kw_home,first_order,placement,0.06209,0.0335,0.10125,bootstrap_95_bias_shifted,205.98771,53.159,20000,S10×M2×UP10×TH10×UB10
2035,block_group,361090023003,peak_kw_home,total_effect,placement,0.15706,0.11987,0.19811,bootstrap_95_bias_shifted,205.98771,53.159,20000,S10×M2×UP10×TH10×UB10
2035,block_group,361090023003,peak_kw_home,first_order,behaviour,0.12864,0.04341,0.20616,bootstrap_95_bias_shifted,205.98771,53.159,20000,S10×M2×UP10×TH10×UB10
2035,block_group,361090023003,peak_kw_home,total_effect,behaviour,0.22288,0.1434,0.29226,bootstrap_95_bias_shifted,205.98771,53.159,20000,S10×M2×UP10×TH10×UB10
2035,block_group,361090023003,peak_kw_home,first_order,interaction,0.10193,0.08743,0.11582,bootstrap_95_bias_shifted,205.98771,53.159,20000,S10×M2×UP10×TH10×UB10
2035,block_group,361090023003,peak_kw_home,first_order,placement:weighting,0.02871,0.01842,0.04129,bootstrap_95_bias_shifted,205.98771,53.159,20000,S10×M2×UP10×TH10×UB10
2035,block_group,361090023003,peak_kw_home,first_order,placement:sampling,0.03175,0.00793,0.06885,bootstrap_95_bias_shifted,205.98771,53.159,20000,S10×M2×UP10×TH10×UB10
2035,block_group,361090023003,peak_kw_home,first_order,placement:weighting_x_sampling,0.00162,-3e-05,0.00447,bootstrap_95_bias_shifted,205.98771,53.159,20000,S10×M2×UP10×TH10×UB10
2035,block_group,361090023003,peak_kw_home,first_order,behaviour:parameters,0.1236,0.0365,0.19951,bootstrap_95_bias_shifted,205.98771,53.159,20000,S10×M2×UP10×TH10×UB10
2035,block_group,361090023003,peak_kw_home,first_order,behaviour:stochastic,0.00123,-0.00272,0.01045,bootstrap_95_bias_shifted,205.98771,53.159,20000,S10×M2×UP10×TH10×UB10
2035,block_group,361090023003,peak_kw_home,first_order,behaviour:parameters_x_stochastic,0.0038,-0.00088,0.00936,bootstrap_95_bias_shifted,205.98771,53.159,20000,S10×M2×UP10×TH10×UB10
2035,block_group,mean over 65 BGs,peak_kw_home,first_order,stock,0.60385,0.54307,0.66456,bootstrap_95_bias_shifted,219.77513,61.39654,20000,S10×M2×UP10×TH10×UB10
2035,block_group,mean over 65 BGs,peak_kw_home,total_effect,stock,0.65314,0.59214,0.71433,bootstrap_95_bias_shifted,219.77513,61.39654,20000,S10×M2×UP10×TH10×UB10
2035,block_group,mean over 65 BGs,peak_kw_home,first_order,placement,0.12868,0.11563,0.14218,bootstrap_95_bias_shifted,219.77513,61.39654,20000,S10×M2×UP10×TH10×UB10
2035,block_group,mean over 65 BGs,peak_kw_home,total_effect,placement,0.23096,0.20979,0.25542,bootstrap_95_bias_shifted,219.77513,61.39654,20000,S10×M2×UP10×TH10×UB10
2035,block_group,mean over 65 BGs,peak_kw_home,first_order,behaviour,0.1566,0.07554,0.23221,bootstrap_95_bias_shifted,219.77513,61.39654,20000,S10×M2×UP10×TH10×UB10
2035,block_group,mean over 65 BGs,peak_kw_home,total_effect,behaviour,0.25609,0.18218,0.32786,bootstrap_95_bias_shifted,219.77513,61.39654,20000,S10×M2×UP10×TH10×UB10
2035,block_group,mean over 65 BGs,peak_kw_home,first_order,interaction,0.11086,0.1027,0.11911,bootstrap_95_bias_shifted,219.77513,61.39654,20000,S10×M2×UP10×TH10×UB10
2035,block_group,mean over 65 BGs,peak_kw_home,first_order,placement:weighting,0.0937,0.08483,0.10331,bootstrap_95_bias_shifted,219.77513,61.39654,20000,S10×M2×UP10×TH10×UB10
2035,block_group,mean over 65 BGs,peak_kw_home,first_order,placement:sampling,0.03244,0.02705,0.03837,bootstrap_95_bias_shifted,219.77513,61.39654,20000,S10×M2×UP10×TH10×UB10
2035,block_group,mean over 65 BGs,peak_kw_home,first_order,placement:weighting_x_sampling,0.00254,0.00205,0.00309,bootstrap_95_bias_shifted,219.77513,61.39654,20000,S10×M2×UP10×TH10×UB10
2035,block_group,mean over 65 BGs,peak_kw_home,first_order,behaviour:parameters,0.14926,0.06652,0.22684,bootstrap_95_bias_shifted,219.77513,61.39654,20000,S10×M2×UP10×TH10×UB10
2035,block_group,mean over 65 BGs,peak_kw_home,first_order,behaviour:stochastic,0.00377,0.00212,0.00609,bootstrap_95_bias_shifted,219.77513,61.39654,20000,S10×M2×UP10×TH10×UB10
2035,block_group,mean over 65 BGs,peak_kw_home,first_order,behaviour:parameters_x_stochastic,0.00358,0.00139,0.00655,bootstrap_95_bias_shifted,219.77513,61.39654,20000,S10×M2×UP10×TH10×UB10
2035,block_group,mean over 19 urban-core BGs,peak_kw_home,first_order,stock,0.45655,0.40274,0.51635,bootstrap_95_bias_shifted,173.3596,52.37285,20000,S10×M2×UP10×TH10×UB10
2035,block_group,mean over 19 urban-core BGs,peak_kw_home,total_effect,stock,0.51394,0.45987,0.57496,bootstrap_95_bias_shifted,173.3596,52.37285,20000,S10×M2×UP10×TH10×UB10
2035,block_group,mean over 19 urban-core BGs,peak_kw_home,first_order,placement,0.21813,0.19285,0.24659,bootstrap_95_bias_shifted,173.3596,52.37285,20000,S10×M2×UP10×TH10×UB10
2035,block_group,mean over 19 urban-core BGs,peak_kw_home,total_effect,placement,0.33852,0.30667,0.37576,bootstrap_95_bias_shifted,173.3596,52.37285,20000,S10×M2×UP10×TH10×UB10
2035,block_group,mean over 19 urban-core BGs,peak_kw_home,first_order,behaviour,0.19497,0.11018,0.27558,bootstrap_95_bias_shifted,173.3596,52.37285,20000,S10×M2×UP10×TH10×UB10
2035,block_group,mean over 19 urban-core BGs,peak_kw_home,total_effect,behaviour,0.30974,0.22506,0.38853,bootstrap_95_bias_shifted,173.3596,52.37285,20000,S10×M2×UP10×TH10×UB10
2035,block_group,mean over 19 urban-core BGs,peak_kw_home,first_order,interaction,0.13035,0.12114,0.14216,bootstrap_95_bias_shifted,173.3596,52.37285,20000,S10×M2×UP10×TH10×UB10
2035,block_group,mean over 19 urban-core BGs,peak_kw_home,first_order,placement:weighting,0.16769,0.1502,0.18777,bootstrap_95_bias_shifted,173.3596,52.37285,20000,S10×M2×UP10×TH10×UB10
2035,block_group,mean over 19 urban-core BGs,peak_kw_home,first_order,placement:sampling,0.04754,0.03605,0.06306,bootstrap_95_bias_shifted,173.3596,52.37285,20000,S10×M2×UP10×TH10×UB10
2035,block_group,mean over 19 urban-core BGs,peak_kw_home,first_order,placement:weighting_x_sampling,0.00289,0.00204,0.0039,bootstrap_95_bias_shifted,173.3596,52.37285,20000,S10×M2×UP10×TH10×UB10
2035,block_group,mean over 19 urban-core BGs,peak_kw_home,first_order,behaviour:parameters,0.1855,0.09875,0.26725,bootstrap_95_bias_shifted,173.3596,52.37285,20000,S10×M2×UP10×TH10×UB10
2035,block_group,mean over 19 urban-core BGs,peak_kw_home,first_order,behaviour:stochastic,0.00525,0.00224,0.00924,bootstrap_95_bias_shifted,173.3596,52.37285,20000,S10×M2×UP10×TH10×UB10
2035,block_group,mean over 19 urban-core BGs,peak_kw_home,first_order,behaviour:parameters_x_stochastic,0.00423,0.00163,0.00766,bootstrap_95_bias_shifted,173.3596,52.37285,20000,S10×M2×UP10×TH10×UB10
2035,block_group,median over BGs,peak_kw_home,first_order,stock,0.64924,,,none,192.69809,53.159,20000,S10×M2×UP10×TH10×UB10
2035,block_group,median over BGs,peak_kw_home,total_effect,stock,0.69275,,,none,192.69809,53.159,20000,S10×M2×UP10×TH10×UB10
2035,block_group,median over BGs,peak_kw_home,first_order,placement,0.08669,,,none,192.69809,53.159,20000,S10×M2×UP10×TH10×UB10
2035,block_group,median over BGs,peak_kw_home,total_effect,placement,0.19823,,,none,192.69809,53.159,20000,S10×M2×UP10×TH10×UB10
2035,block_group,median over BGs,peak_kw_home,first_order,behaviour,0.14221,,,none,192.69809,53.159,20000,S10×M2×UP10×TH10×UB10
2035,block_group,median over BGs,peak_kw_home,total_effect,behaviour,0.2327,,,none,192.69809,53.159,20000,S10×M2×UP10×TH10×UB10
2035,block_group,median over BGs,peak_kw_home,first_order,interaction,0.10193,,,none,192.69809,53.159,20000,S10×M2×UP10×TH10×UB10
2035,block_group,median over BGs,peak_kw_home,first_order,placement:weighting,0.04546,,,none,192.69809,53.159,20000,S10×M2×UP10×TH10×UB10
2035,block_group,median over BGs,peak_kw_home,first_order,placement:sampling,0.02225,,,none,192.69809,53.159,20000,S10×M2×UP10×TH10×UB10
2035,block_group,median over BGs,peak_kw_home,first_order,placement:weighting_x_sampling,0.00162,,,none,192.69809,53.159,20000,S10×M2×UP10×TH10×UB10
2035,block_group,median over BGs,peak_kw_home,first_order,behaviour:parameters,0.1355,,,none,192.69809,53.159,20000,S10×M2×UP10×TH10×UB10
2035,block_group,median over BGs,peak_kw_home,first_order,behaviour:stochastic,0.00272,,,none,192.69809,53.159,20000,S10×M2×UP10×TH10×UB10
2035,block_group,median over BGs,peak_kw_home,first_order,behaviour:parameters_x_stochastic,0.00353,,,none,192.69809,53.159,20000,S10×M2×UP10×TH10×UB10
2035,block_group,p25 over BGs,peak_kw_home,first_order,stock,0.55962,,,none,137.97584,41.3547,20000,S10×M2×UP10×TH10×UB10
2035,block_group,p25 over BGs,peak_kw_home,total_effect,stock,0.62028,,,none,137.97584,41.3547,20000,S10×M2×UP10×TH10×UB10
2035,block_group,p25 over BGs,peak_kw_home,first_order,placement,0.04118,,,none,137.97584,41.3547,20000,S10×M2×UP10×TH10×UB10
2035,block_group,p25 over BGs,peak_kw_home,total_effect,placement,0.1214,,,none,137.97584,41.3547,20000,S10×M2×UP10×TH10×UB10
2035,block_group,p25 over BGs,peak_kw_home,first_order,behaviour,0.12462,,,none,137.97584,41.3547,20000,S10×M2×UP10×TH10×UB10
2035,block_group,p25 over BGs,peak_kw_home,total_effect,behaviour,0.20452,,,none,137.97584,41.3547,20000,S10×M2×UP10×TH10×UB10
2035,block_group,p25 over BGs,peak_kw_home,first_order,interaction,0.07882,,,none,137.97584,41.3547,20000,S10×M2×UP10×TH10×UB10
2035,block_group,p25 over BGs,peak_kw_home,first_order,placement:weighting,0.01428,,,none,137.97584,41.3547,20000,S10×M2×UP10×TH10×UB10
2035,block_group,p25 over BGs,peak_kw_home,first_order,placement:sampling,0.01348,,,none,137.97584,41.3547,20000,S10×M2×UP10×TH10×UB10
2035,block_group,p25 over BGs,peak_kw_home,first_order,placement:weighting_x_sampling,0.00111,,,none,137.97584,41.3547,20000,S10×M2×UP10×TH10×UB10
2035,block_group,p25 over BGs,peak_kw_home,first_order,behaviour:parameters,0.11729,,,none,137.97584,41.3547,20000,S10×M2×UP10×TH10×UB10
2035,block_group,p25 over BGs,peak_kw_home,first_order,behaviour:stochastic,0.00118,,,none,137.97584,41.3547,20000,S10×M2×UP10×TH10×UB10
2035,block_group,p25 over BGs,peak_kw_home,first_order,behaviour:parameters_x_stochastic,0.00223,,,none,137.97584,41.3547,20000,S10×M2×UP10×TH10×UB10
2035,block_group,p75 over BGs,peak_kw_home,first_order,stock,0.70734,,,none,294.66559,80.10361,20000,S10×M2×UP10×TH10×UB10
2035,block_group,p75 over BGs,peak_kw_home,total_effect,stock,0.75118,,,none,294.66559,80.10361,20000,S10×M2×UP10×TH10×UB10
2035,block_group,p75 over BGs,peak_kw_home,first_order,placement,0.16111,,,none,294.66559,80.10361,20000,S10×M2×UP10×TH10×UB10
2035,block_group,p75 over BGs,peak_kw_home,total_effect,placement,0.25908,,,none,294.66559,80.10361,20000,S10×M2×UP10×TH10×UB10
2035,block_group,p75 over BGs,peak_kw_home,first_order,behaviour,0.17864,,,none,294.66559,80.10361,20000,S10×M2×UP10×TH10×UB10
2035,block_group,p75 over BGs,peak_kw_home,total_effect,behaviour,0.2946,,,none,294.66559,80.10361,20000,S10×M2×UP10×TH10×UB10
2035,block_group,p75 over BGs,peak_kw_home,first_order,interaction,0.12958,,,none,294.66559,80.10361,20000,S10×M2×UP10×TH10×UB10
2035,block_group,p75 over BGs,peak_kw_home,first_order,placement:weighting,0.1223,,,none,294.66559,80.10361,20000,S10×M2×UP10×TH10×UB10
2035,block_group,p75 over BGs,peak_kw_home,first_order,placement:sampling,0.03538,,,none,294.66559,80.10361,20000,S10×M2×UP10×TH10×UB10
2035,block_group,p75 over BGs,peak_kw_home,first_order,placement:weighting_x_sampling,0.00335,,,none,294.66559,80.10361,20000,S10×M2×UP10×TH10×UB10
2035,block_group,p75 over BGs,peak_kw_home,first_order,behaviour:parameters,0.16795,,,none,294.66559,80.10361,20000,S10×M2×UP10×TH10×UB10
2035,block_group,p75 over BGs,peak_kw_home,first_order,behaviour:stochastic,0.00499,,,none,294.66559,80.10361,20000,S10×M2×UP10×TH10×UB10
2035,block_group,p75 over BGs,peak_kw_home,first_order,behaviour:parameters_x_stochastic,0.00477,,,none,294.66559,80.10361,20000,S10×M2×UP10×TH10×UB10
