zip,year,ev_type,rebates,data_through
06390,2022,BEV,1,2026-07-31
06390,2024,BEV,1,2026-07-31
10001,2017,BEV,1,2026-07-31
10001,2018,BEV,6,2026-07-31
10001,2018,PHEV,2,2026-07-31
10001,2019,BEV,5,2026-07-31
10001,2020,BEV,28,2026-07-31
10001,2021,BEV,16,2026-07-31
10001,2021,PHEV,5,2026-07-31
10001,2022,BEV,26,2026-07-31
10001,2022,PHEV,5,2026-07-31
10001,2023,BEV,28,2026-07-31
10001,2023,PHEV,7,2026-07-31
10001,2024,BEV,19,2026-07-31
10001,2024,PHEV,5,2026-07-31
10001,2025,BEV,19,2026-07-31
10001,2025,PHEV,2,2026-07-31
10001,2026,BEV,13,2026-07-31
10001,2026,PHEV,1,2026-07-31
10002,2017,PHEV,2,2026-07-31
10002,2018,BEV,1,2026-07-31
10002,2018,PHEV,4,2026-07-31
10002,2019,BEV,8,2026-07-31
10002,2019,PHEV,5,2026-07-31
10002,2020,BEV,28,2026-07-31
10002,2020,PHEV,9,2026-07-31
10002,2021,BEV,15,2026-07-31
10002,2021,PHEV,10,2026-07-31
10002,2022,BEV,29,2026-07-31
10002,2022,PHEV,4,2026-07-31
10002,2023,BEV,66,2026-07-31
10002,2023,PHEV,8,2026-07-31
10002,2024,BEV,41,2026-07-31
10002,2024,PHEV,12,2026-07-31
10002,2025,BEV,41,2026-07-31
10002,2025,PHEV,8,2026-07-31
10002,2026,BEV,14,2026-07-31
10002,2026,PHEV,3,2026-07-31
10003,2017,BEV,4,2026-07-31
10003,2017,PHEV,4,2026-07-31
10003,2018,BEV,3,2026-07-31
10003,2018,PHEV,4,2026-07-31
10003,2019,BEV,13,2026-07-31
10003,2019,PHEV,3,2026-07-31
10003,2020,BEV,42,2026-07-31
10003,2020,PHEV,4,2026-07-31
10003,2021,BEV,22,2026-07-31
10003,2021,PHEV,11,2026-07-31
10003,2022,BEV,34,2026-07-31
10003,2022,PHEV,7,2026-07-31
10003,2023,BEV,29,2026-07-31
10003,2023,PHEV,9,2026-07-31
10003,2024,BEV,17,2026-07-31
10003,2024,PHEV,10,2026-07-31
10003,2025,BEV,11,2026-07-31
10003,2025,PHEV,5,2026-07-31
10003,2026,BEV,11,2026-07-31
10003,2026,PHEV,3,2026-07-31
10004,2018,BEV,2,2026-07-31
10004,2019,BEV,3,2026-07-31
10004,2020,BEV,11,2026-07-31
10004,2021,BEV,3,2026-07-31
10004,2021,PHEV,2,2026-07-31
10004,2022,BEV,30,2026-07-31
10004,2023,BEV,35,2026-07-31
10004,2024,BEV,2,2026-07-31
10004,2024,PHEV,2,2026-07-31
10004,2025,BEV,3,2026-07-31
10004,2025,PHEV,1,2026-07-31
10004,2026,BEV,1,2026-07-31
10005,2018,BEV,1,2026-07-31
10005,2018,PHEV,1,2026-07-31
10005,2019,BEV,1,2026-07-31
10005,2019,PHEV,1,2026-07-31
10005,2020,BEV,8,2026-07-31
10005,2021,BEV,10,2026-07-31
10005,2021,PHEV,1,2026-07-31
10005,2022,BEV,9,2026-07-31
10005,2023,BEV,11,2026-07-31
10005,2023,PHEV,3,2026-07-31
10005,2024,BEV,7,2026-07-31
10005,2024,PHEV,2,2026-07-31
10005,2025,BEV,5,2026-07-31
10005,2026,BEV,11,2026-07-31
10006,2018,BEV,1,2026-07-31
10006,2020,BEV,4,2026-07-31
10006,2020,PHEV,2,2026-07-31
10006,2021,BEV,15,2026-07-31
10006,2022,BEV,129,2026-07-31
10006,2022,PHEV,25,2026-07-31
10006,2023,BEV,1,2026-07-31
10006,2023,PHEV,20,2026-07-31
10006,2025,BEV,5,2026-07-31
10006,2025,PHEV,1,2026-07-31
10006,2026,BEV,4,2026-07-31
10007,2018,BEV,1,2026-07-31
10007,2018,PHEV,1,2026-07-31
10007,2019,BEV,4,2026-07-31
10007,2020,BEV,13,2026-07-31
10007,2020,PHEV,2,2026-07-31
10007,2021,BEV,5,2026-07-31
10007,2021,PHEV,2,2026-07-31
10007,2022,BEV,117,2026-07-31
10007,2022,PHEV,3,2026-07-31
10007,2023,BEV,14,2026-07-31
10007,2023,PHEV,3,2026-07-31
10007,2024,BEV,7,2026-07-31
10007,2024,PHEV,6,2026-07-31
10007,2025,BEV,24,2026-07-31
10007,2025,PHEV,3,2026-07-31
10007,2026,BEV,6,2026-07-31
10009,2018,BEV,1,2026-07-31
10009,2019,BEV,1,2026-07-31
10009,2020,BEV,17,2026-07-31
10009,2021,BEV,13,2026-07-31
10009,2021,PHEV,3,2026-07-31
10009,2022,BEV,12,2026-07-31
10009,2022,PHEV,4,2026-07-31
10009,2023,BEV,23,2026-07-31
10009,2023,PHEV,3,2026-07-31
10009,2024,BEV,13,2026-07-31
10009,2024,PHEV,12,2026-07-31
10009,2025,BEV,22,2026-07-31
10009,2025,PHEV,5,2026-07-31
10009,2026,BEV,4,2026-07-31
10010,2017,BEV,1,2026-07-31
10010,2017,PHEV,4,2026-07-31
10010,2018,BEV,2,2026-07-31
10010,2018,PHEV,4,2026-07-31
10010,2019,BEV,8,2026-07-31
10010,2019,PHEV,1,2026-07-31
10010,2020,BEV,16,2026-07-31
10010,2020,PHEV,1,2026-07-31
10010,2021,BEV,13,2026-07-31
10010,2021,PHEV,9,2026-07-31
10010,2022,BEV,27,2026-07-31
10010,2022,PHEV,5,2026-07-31
10010,2023,BEV,16,2026-07-31
10010,2023,PHEV,2,2026-07-31
10010,2024,BEV,14,2026-07-31
10010,2024,PHEV,2,2026-07-31
10010,2025,BEV,16,2026-07-31
10010,2025,PHEV,5,2026-07-31
10010,2026,BEV,8,2026-07-31
10011,2017,PHEV,3,2026-07-31
10011,2018,BEV,8,2026-07-31
10011,2018,PHEV,8,2026-07-31
10011,2019,BEV,11,2026-07-31
10011,2019,PHEV,2,2026-07-31
10011,2020,BEV,42,2026-07-31
10011,2020,PHEV,5,2026-07-31
10011,2021,BEV,29,2026-07-31
10011,2021,PHEV,10,2026-07-31
10011,2022,BEV,55,2026-07-31
10011,2022,PHEV,10,2026-07-31
10011,2023,BEV,42,2026-07-31
10011,2023,PHEV,11,2026-07-31
10011,2024,BEV,21,2026-07-31
10011,2024,PHEV,13,2026-07-31
10011,2025,BEV,21,2026-07-31
10011,2025,PHEV,13,2026-07-31
10011,2026,BEV,16,2026-07-31
10011,2026,PHEV,3,2026-07-31
10012,2017,BEV,1,2026-07-31
10012,2017,PHEV,1,2026-07-31
10012,2018,BEV,2,2026-07-31
10012,2018,PHEV,3,2026-07-31
10012,2019,BEV,4,2026-07-31
10012,2020,BEV,18,2026-07-31
10012,2020,PHEV,2,2026-07-31
10012,2021,BEV,6,2026-07-31
10012,2021,PHEV,1,2026-07-31
10012,2022,BEV,22,2026-07-31
10012,2022,PHEV,4,2026-07-31
10012,2023,BEV,20,2026-07-31
10012,2023,PHEV,2,2026-07-31
10012,2024,BEV,11,2026-07-31
10012,2024,PHEV,7,2026-07-31
10012,2025,BEV,16,2026-07-31
10012,2025,PHEV,2,2026-07-31
10012,2026,BEV,4,2026-07-31
10013,2017,BEV,3,2026-07-31
10013,2017,PHEV,1,2026-07-31
10013,2018,BEV,5,2026-07-31
10013,2018,PHEV,2,2026-07-31
10013,2019,BEV,8,2026-07-31
10013,2020,BEV,48,2026-07-31
10013,2020,PHEV,2,2026-07-31
10013,2021,BEV,25,2026-07-31
10013,2021,PHEV,6,2026-07-31
10013,2022,BEV,57,2026-07-31
10013,2022,PHEV,5,2026-07-31
10013,2023,BEV,35,2026-07-31
10013,2023,PHEV,5,2026-07-31
10013,2024,BEV,39,2026-07-31
10013,2024,PHEV,11,2026-07-31
10013,2025,BEV,29,2026-07-31
10013,2025,PHEV,5,2026-07-31
10013,2026,BEV,19,2026-07-31
10013,2026,PHEV,4,2026-07-31
10014,2017,BEV,2,2026-07-31
10014,2017,PHEV,1,2026-07-31
10014,2018,BEV,5,2026-07-31
10014,2018,PHEV,2,2026-07-31
10014,2019,BEV,12,2026-07-31
10014,2020,BEV,32,2026-07-31
10014,2020,PHEV,1,2026-07-31
10014,2021,BEV,22,2026-07-31
10014,2021,PHEV,4,2026-07-31
10014,2022,BEV,38,2026-07-31
10014,2022,PHEV,6,2026-07-31
10014,2023,BEV,27,2026-07-31
10014,2023,PHEV,8,2026-07-31
10014,2024,BEV,14,2026-07-31
10014,2024,PHEV,12,2026-07-31
10014,2025,BEV,16,2026-07-31
10014,2025,PHEV,7,2026-07-31
10014,2026,BEV,11,2026-07-31
10014,2026,PHEV,4,2026-07-31
10016,2017,BEV,1,2026-07-31
10016,2017,PHEV,1,2026-07-31
10016,2018,BEV,2,2026-07-31
10016,2018,PHEV,3,2026-07-31
10016,2019,BEV,7,2026-07-31
10016,2019,PHEV,2,2026-07-31
10016,2020,BEV,31,2026-07-31
10016,2020,PHEV,2,2026-07-31
10016,2021,BEV,13,2026-07-31
10016,2021,PHEV,5,2026-07-31
10016,2022,BEV,29,2026-07-31
10016,2022,PHEV,1,2026-07-31
10016,2023,BEV,23,2026-07-31
10016,2023,PHEV,9,2026-07-31
10016,2024,BEV,21,2026-07-31
10016,2024,PHEV,10,2026-07-31
10016,2025,BEV,20,2026-07-31
10016,2025,PHEV,4,2026-07-31
10016,2026,BEV,15,2026-07-31
10016,2026,PHEV,1,2026-07-31
10017,2018,BEV,3,2026-07-31
10017,2018,PHEV,3,2026-07-31
10017,2019,BEV,2,2026-07-31
10017,2019,PHEV,1,2026-07-31
10017,2020,BEV,11,2026-07-31
10017,2020,PHEV,1,2026-07-31
10017,2021,BEV,13,2026-07-31
10017,2022,BEV,19,2026-07-31
10017,2022,PHEV,1,2026-07-31
10017,2023,BEV,9,2026-07-31
10017,2023,PHEV,1,2026-07-31
10017,2024,BEV,6,2026-07-31
10017,2024,PHEV,5,2026-07-31
10017,2025,BEV,10,2026-07-31
10017,2025,PHEV,2,2026-07-31
10017,2026,BEV,8,2026-07-31
10017,2026,PHEV,1,2026-07-31
10018,2018,BEV,1,2026-07-31
10018,2018,PHEV,3,2026-07-31
10018,2019,BEV,1,2026-07-31
10018,2020,BEV,11,2026-07-31
10018,2021,BEV,3,2026-07-31
10018,2021,PHEV,3,2026-07-31
10018,2022,BEV,8,2026-07-31
10018,2022,PHEV,1,2026-07-31
10018,2023,BEV,4,2026-07-31
10018,2023,PHEV,1,2026-07-31
10018,2024,BEV,5,2026-07-31
10018,2024,PHEV,5,2026-07-31
10018,2025,BEV,11,2026-07-31
10018,2025,PHEV,1,2026-07-31
10018,2026,BEV,3,2026-07-31
10019,2018,BEV,3,2026-07-31
10019,2018,PHEV,2,2026-07-31
10019,2019,BEV,7,2026-07-31
10019,2019,PHEV,2,2026-07-31
10019,2020,BEV,31,2026-07-31
10019,2020,PHEV,4,2026-07-31
10019,2021,BEV,26,2026-07-31
10019,2021,PHEV,13,2026-07-31
10019,2022,BEV,55,2026-07-31
10019,2022,PHEV,7,2026-07-31
10019,2023,BEV,39,2026-07-31
10019,2023,PHEV,6,2026-07-31
10019,2024,BEV,30,2026-07-31
10019,2024,PHEV,9,2026-07-31
10019,2025,BEV,24,2026-07-31
10019,2025,PHEV,6,2026-07-31
10019,2026,BEV,22,2026-07-31
10019,2026,PHEV,3,2026-07-31
10020,2026,BEV,1,2026-07-31
10021,2017,BEV,2,2026-07-31
10021,2017,PHEV,2,2026-07-31
10021,2018,BEV,1,2026-07-31
10021,2019,BEV,8,2026-07-31
10021,2019,PHEV,4,2026-07-31
10021,2020,BEV,27,2026-07-31
10021,2020,PHEV,2,2026-07-31
10021,2021,BEV,19,2026-07-31
10021,2021,PHEV,4,2026-07-31
10021,2022,BEV,32,2026-07-31
10021,2022,PHEV,5,2026-07-31
10021,2023,BEV,33,2026-07-31
10021,2023,PHEV,19,2026-07-31
10021,2024,BEV,22,2026-07-31
10021,2024,PHEV,15,2026-07-31
10021,2025,BEV,27,2026-07-31
10021,2025,PHEV,16,2026-07-31
10021,2026,BEV,14,2026-07-31
10021,2026,PHEV,2,2026-07-31
10022,2017,BEV,3,2026-07-31
10022,2017,PHEV,3,2026-07-31
10022,2018,BEV,2,2026-07-31
10022,2018,PHEV,5,2026-07-31
10022,2019,BEV,10,2026-07-31
10022,2020,BEV,14,2026-07-31
10022,2020,PHEV,2,2026-07-31
10022,2021,BEV,21,2026-07-31
10022,2021,PHEV,3,2026-07-31
10022,2022,BEV,47,2026-07-31
10022,2022,PHEV,4,2026-07-31
10022,2023,BEV,28,2026-07-31
10022,2023,PHEV,6,2026-07-31
10022,2024,BEV,26,2026-07-31
10022,2024,PHEV,15,2026-07-31
10022,2025,BEV,14,2026-07-31
10022,2025,PHEV,8,2026-07-31
10022,2026,BEV,15,2026-07-31
10022,2026,PHEV,6,2026-07-31
10023,2017,BEV,2,2026-07-31
10023,2017,PHEV,2,2026-07-31
10023,2018,BEV,6,2026-07-31
10023,2019,BEV,15,2026-07-31
10023,2019,PHEV,5,2026-07-31
10023,2020,BEV,56,2026-07-31
10023,2020,PHEV,4,2026-07-31
10023,2021,BEV,29,2026-07-31
10023,2021,PHEV,13,2026-07-31
10023,2022,BEV,67,2026-07-31
10023,2022,PHEV,14,2026-07-31
10023,2023,BEV,48,2026-07-31
10023,2023,PHEV,12,2026-07-31
10023,2024,BEV,44,2026-07-31
10023,2024,PHEV,26,2026-07-31
10023,2025,BEV,51,2026-07-31
10023,2025,PHEV,21,2026-07-31
10023,2026,BEV,28,2026-07-31
10023,2026,PHEV,12,2026-07-31
10024,2017,PHEV,3,2026-07-31
10024,2018,BEV,10,2026-07-31
10024,2018,PHEV,9,2026-07-31
10024,2019,BEV,16,2026-07-31
10024,2019,PHEV,2,2026-07-31
10024,2020,BEV,50,2026-07-31
10024,2020,PHEV,3,2026-07-31
10024,2021,BEV,22,2026-07-31
10024,2021,PHEV,15,2026-07-31
10024,2022,BEV,45,2026-07-31
10024,2022,PHEV,17,2026-07-31
10024,2023,BEV,34,2026-07-31
10024,2023,PHEV,17,2026-07-31
10024,2024,BEV,38,2026-07-31
10024,2024,PHEV,27,2026-07-31
10024,2025,BEV,34,2026-07-31
10024,2025,PHEV,15,2026-07-31
10024,2026,BEV,21,2026-07-31
10024,2026,PHEV,11,2026-07-31
10025,2017,BEV,1,2026-07-31
10025,2017,PHEV,1,2026-07-31
10025,2018,BEV,10,2026-07-31
10025,2018,PHEV,5,2026-07-31
10025,2019,BEV,12,2026-07-31
10025,2019,PHEV,3,2026-07-31
10025,2020,BEV,24,2026-07-31
10025,2020,PHEV,5,2026-07-31
10025,2021,BEV,30,2026-07-31
10025,2021,PHEV,13,2026-07-31
10025,2022,BEV,43,2026-07-31
10025,2022,PHEV,14,2026-07-31
10025,2023,BEV,42,2026-07-31
10025,2023,PHEV,18,2026-07-31
10025,2024,BEV,46,2026-07-31
10025,2024,PHEV,25,2026-07-31
10025,2025,BEV,27,2026-07-31
10025,2025,PHEV,24,2026-07-31
10025,2026,BEV,17,2026-07-31
10025,2026,PHEV,9,2026-07-31
10026,2017,BEV,1,2026-07-31
10026,2018,BEV,1,2026-07-31
10026,2018,PHEV,1,2026-07-31
10026,2019,BEV,1,2026-07-31
10026,2019,PHEV,2,2026-07-31
10026,2020,BEV,9,2026-07-31
10026,2021,BEV,9,2026-07-31
10026,2021,PHEV,8,2026-07-31
10026,2022,BEV,8,2026-07-31
10026,2022,PHEV,2,2026-07-31
10026,2023,BEV,22,2026-07-31
10026,2023,PHEV,6,2026-07-31
10026,2024,BEV,7,2026-07-31
10026,2024,PHEV,4,2026-07-31
10026,2025,BEV,16,2026-07-31
10026,2025,PHEV,4,2026-07-31
10026,2026,BEV,6,2026-07-31
10026,2026,PHEV,1,2026-07-31
10027,2017,BEV,1,2026-07-31
10027,2017,PHEV,2,2026-07-31
10027,2018,BEV,2,2026-07-31
10027,2018,PHEV,1,2026-07-31
10027,2019,BEV,2,2026-07-31
10027,2020,BEV,11,2026-07-31
10027,2021,BEV,8,2026-07-31
10027,2021,PHEV,5,2026-07-31
10027,2022,BEV,15,2026-07-31
10027,2022,PHEV,6,2026-07-31
10027,2023,BEV,29,2026-07-31
10027,2023,PHEV,7,2026-07-31
10027,2024,BEV,15,2026-07-31
10027,2024,PHEV,6,2026-07-31
10027,2025,BEV,14,2026-07-31
10027,2025,PHEV,7,2026-07-31
10027,2026,BEV,7,2026-07-31
10027,2026,PHEV,1,2026-07-31
10028,2017,BEV,1,2026-07-31
10028,2017,PHEV,4,2026-07-31
10028,2018,BEV,1,2026-07-31
10028,2018,PHEV,7,2026-07-31
10028,2019,BEV,15,2026-07-31
10028,2019,PHEV,3,2026-07-31
10028,2020,BEV,30,2026-07-31
10028,2020,PHEV,6,2026-07-31
10028,2021,BEV,16,2026-07-31
10028,2021,PHEV,8,2026-07-31
10028,2022,BEV,36,2026-07-31
10028,2022,PHEV,3,2026-07-31
10028,2023,BEV,54,2026-07-31
10028,2023,PHEV,9,2026-07-31
10028,2024,BEV,22,2026-07-31
10028,2024,PHEV,18,2026-07-31
10028,2025,BEV,30,2026-07-31
10028,2025,PHEV,15,2026-07-31
10028,2026,BEV,18,2026-07-31
10028,2026,PHEV,2,2026-07-31
10029,2017,BEV,1,2026-07-31
10029,2017,PHEV,1,2026-07-31
10029,2018,BEV,1,2026-07-31
10029,2018,PHEV,1,2026-07-31
10029,2019,BEV,2,2026-07-31
10029,2020,BEV,10,2026-07-31
10029,2020,PHEV,1,2026-07-31
10029,2021,BEV,8,2026-07-31
10029,2021,PHEV,5,2026-07-31
10029,2022,BEV,16,2026-07-31
10029,2022,PHEV,4,2026-07-31
10029,2023,BEV,26,2026-07-31
10029,2023,PHEV,8,2026-07-31
10029,2024,BEV,11,2026-07-31
10029,2024,PHEV,8,2026-07-31
10029,2025,BEV,15,2026-07-31
10029,2025,PHEV,9,2026-07-31
10029,2026,BEV,1,2026-07-31
10029,2026,PHEV,2,2026-07-31
10030,2020,BEV,2,2026-07-31
10030,2021,BEV,4,2026-07-31
10030,2021,PHEV,1,2026-07-31
10030,2022,BEV,6,2026-07-31
10030,2022,PHEV,1,2026-07-31
10030,2023,BEV,16,2026-07-31
10030,2023,PHEV,1,2026-07-31
10030,2024,BEV,6,2026-07-31
10030,2024,PHEV,4,2026-07-31
10030,2025,BEV,9,2026-07-31
10030,2025,PHEV,3,2026-07-31
10030,2026,BEV,1,2026-07-31
10031,2017,PHEV,2,2026-07-31
10031,2018,BEV,1,2026-07-31
10031,2019,BEV,2,2026-07-31
10031,2020,BEV,9,2026-07-31
10031,2021,BEV,6,2026-07-31
10031,2021,PHEV,2,2026-07-31
10031,2022,BEV,9,2026-07-31
10031,2022,PHEV,4,2026-07-31
10031,2023,BEV,19,2026-07-31
10031,2023,PHEV,3,2026-07-31
10031,2024,BEV,10,2026-07-31
10031,2024,PHEV,6,2026-07-31
10031,2025,BEV,16,2026-07-31
10031,2025,PHEV,4,2026-07-31
10031,2026,BEV,2,2026-07-31
10031,2026,PHEV,3,2026-07-31
10032,2018,BEV,2,2026-07-31
10032,2018,PHEV,1,2026-07-31
10032,2019,BEV,2,2026-07-31
10032,2021,BEV,2,2026-07-31
10032,2021,PHEV,2,2026-07-31
10032,2022,BEV,12,2026-07-31
10032,2022,PHEV,2,2026-07-31
10032,2023,BEV,29,2026-07-31
10032,2023,PHEV,5,2026-07-31
10032,2024,BEV,16,2026-07-31
10032,2024,PHEV,6,2026-07-31
10032,2025,BEV,10,2026-07-31
10032,2025,PHEV,3,2026-07-31
10032,2026,BEV,8,2026-07-31
10033,2018,PHEV,1,2026-07-31
10033,2019,BEV,2,2026-07-31
10033,2019,PHEV,1,2026-07-31
10033,2020,BEV,4,2026-07-31
10033,2021,BEV,6,2026-07-31
10033,2021,PHEV,4,2026-07-31
10033,2022,BEV,13,2026-07-31
10033,2022,PHEV,2,2026-07-31
10033,2023,BEV,28,2026-07-31
10033,2023,PHEV,10,2026-07-31
10033,2024,BEV,10,2026-07-31
10033,2024,PHEV,4,2026-07-31
10033,2025,BEV,11,2026-07-31
10033,2025,PHEV,5,2026-07-31
10033,2026,BEV,4,2026-07-31
10034,2017,BEV,1,2026-07-31
10034,2018,BEV,1,2026-07-31
10034,2018,PHEV,2,2026-07-31
10034,2019,PHEV,1,2026-07-31
10034,2020,BEV,3,2026-07-31
10034,2021,BEV,2,2026-07-31
10034,2021,PHEV,2,2026-07-31
10034,2022,BEV,4,2026-07-31
10034,2022,PHEV,1,2026-07-31
10034,2023,BEV,19,2026-07-31
10034,2023,PHEV,5,2026-07-31
10034,2024,BEV,10,2026-07-31
10034,2024,PHEV,3,2026-07-31
10034,2025,BEV,7,2026-07-31
10034,2025,PHEV,1,2026-07-31
10034,2026,BEV,1,2026-07-31
10034,2026,PHEV,2,2026-07-31
10035,2018,PHEV,1,2026-07-31
10035,2019,BEV,2,2026-07-31
10035,2019,PHEV,1,2026-07-31
10035,2020,BEV,12,2026-07-31
10035,2021,BEV,4,2026-07-31
10035,2021,PHEV,1,2026-07-31
10035,2022,BEV,94,2026-07-31
10035,2023,BEV,74,2026-07-31
10035,2023,PHEV,3,2026-07-31
10035,2024,BEV,15,2026-07-31
10035,2024,PHEV,5,2026-07-31
10035,2025,BEV,5,2026-07-31
10035,2025,PHEV,2,2026-07-31
10035,2026,BEV,8,2026-07-31
10036,2017,BEV,1,2026-07-31
10036,2018,PHEV,1,2026-07-31
10036,2019,BEV,6,2026-07-31
10036,2020,BEV,18,2026-07-31
10036,2021,BEV,8,2026-07-31
10036,2021,PHEV,4,2026-07-31
10036,2022,BEV,23,2026-07-31
10036,2022,PHEV,4,2026-07-31
10036,2023,BEV,24,2026-07-31
10036,2023,PHEV,6,2026-07-31
10036,2024,BEV,19,2026-07-31
10036,2024,PHEV,9,2026-07-31
10036,2025,BEV,7,2026-07-31
10036,2025,PHEV,2,2026-07-31
10036,2026,BEV,7,2026-07-31
10036,2026,PHEV,1,2026-07-31
10037,2018,PHEV,1,2026-07-31
10037,2020,BEV,2,2026-07-31
10037,2021,BEV,2,2026-07-31
10037,2022,BEV,5,2026-07-31
10037,2022,PHEV,1,2026-07-31
10037,2023,BEV,7,2026-07-31
10037,2023,PHEV,4,2026-07-31
10037,2024,BEV,2,2026-07-31
10037,2024,PHEV,3,2026-07-31
10037,2025,BEV,7,2026-07-31
10037,2025,PHEV,1,2026-07-31
10037,2026,BEV,1,2026-07-31
10038,2017,BEV,1,2026-07-31
10038,2018,BEV,3,2026-07-31
10038,2018,PHEV,1,2026-07-31
10038,2019,PHEV,1,2026-07-31
10038,2020,BEV,16,2026-07-31
10038,2020,PHEV,1,2026-07-31
10038,2021,BEV,10,2026-07-31
10038,2021,PHEV,3,2026-07-31
10038,2022,BEV,71,2026-07-31
10038,2022,PHEV,1,2026-07-31
10038,2023,BEV,25,2026-07-31
10038,2023,PHEV,4,2026-07-31
10038,2024,BEV,24,2026-07-31
10038,2024,PHEV,7,2026-07-31
10038,2025,BEV,19,2026-07-31
10038,2025,PHEV,5,2026-07-31
10038,2026,BEV,12,2026-07-31
10038,2026,PHEV,1,2026-07-31
10039,2017,PHEV,1,2026-07-31
10039,2020,BEV,3,2026-07-31
10039,2021,BEV,2,2026-07-31
10039,2021,PHEV,2,2026-07-31
10039,2022,BEV,4,2026-07-31
10039,2023,BEV,14,2026-07-31
10039,2023,PHEV,4,2026-07-31
10039,2024,BEV,8,2026-07-31
10039,2024,PHEV,3,2026-07-31
10039,2025,BEV,4,2026-07-31
10039,2025,PHEV,1,2026-07-31
10039,2026,BEV,1,2026-07-31
10039,2026,PHEV,1,2026-07-31
10040,2018,PHEV,1,2026-07-31
10040,2019,BEV,1,2026-07-31
10040,2020,BEV,4,2026-07-31
10040,2020,PHEV,2,2026-07-31
10040,2021,BEV,3,2026-07-31
10040,2021,PHEV,3,2026-07-31
10040,2022,BEV,1,2026-07-31
10040,2022,PHEV,2,2026-07-31
10040,2023,BEV,23,2026-07-31
10040,2023,PHEV,4,2026-07-31
10040,2024,BEV,12,2026-07-31
10040,2024,PHEV,5,2026-07-31
10040,2025,BEV,6,2026-07-31
10040,2025,PHEV,4,2026-07-31
10040,2026,BEV,3,2026-07-31
10044,2018,BEV,1,2026-07-31
10044,2018,PHEV,3,2026-07-31
10044,2019,BEV,3,2026-07-31
10044,2020,BEV,4,2026-07-31
10044,2020,PHEV,2,2026-07-31
10044,2021,BEV,4,2026-07-31
10044,2021,PHEV,2,2026-07-31
10044,2022,BEV,8,2026-07-31
10044,2022,PHEV,2,2026-07-31
10044,2023,BEV,8,2026-07-31
10044,2023,PHEV,4,2026-07-31
10044,2024,BEV,12,2026-07-31
10044,2024,PHEV,3,2026-07-31
10044,2025,BEV,7,2026-07-31
10044,2025,PHEV,3,2026-07-31
10044,2026,BEV,4,2026-07-31
10065,2017,PHEV,2,2026-07-31
10065,2018,BEV,2,2026-07-31
10065,2018,PHEV,1,2026-07-31
10065,2019,BEV,9,2026-07-31
10065,2020,BEV,21,2026-07-31
10065,2021,BEV,7,2026-07-31
10065,2021,PHEV,4,2026-07-31
10065,2022,BEV,32,2026-07-31
10065,2022,PHEV,14,2026-07-31
10065,2023,BEV,24,2026-07-31
10065,2023,PHEV,8,2026-07-31
10065,2024,BEV,15,2026-07-31
10065,2024,PHEV,14,2026-07-31
10065,2025,BEV,12,2026-07-31
10065,2025,PHEV,10,2026-07-31
10065,2026,BEV,10,2026-07-31
10065,2026,PHEV,3,2026-07-31
10069,2018,BEV,2,2026-07-31
10069,2018,PHEV,1,2026-07-31
10069,2019,BEV,3,2026-07-31
10069,2019,PHEV,1,2026-07-31
10069,2020,BEV,15,2026-07-31
10069,2021,BEV,9,2026-07-31
10069,2021,PHEV,4,2026-07-31
10069,2022,BEV,15,2026-07-31
10069,2022,PHEV,6,2026-07-31
10069,2023,BEV,10,2026-07-31
10069,2023,PHEV,1,2026-07-31
10069,2024,BEV,10,2026-07-31
10069,2024,PHEV,7,2026-07-31
10069,2025,BEV,9,2026-07-31
10069,2025,PHEV,1,2026-07-31
10069,2026,BEV,9,2026-07-31
10069,2026,PHEV,1,2026-07-31
10075,2019,BEV,7,2026-07-31
10075,2019,PHEV,1,2026-07-31
10075,2020,BEV,22,2026-07-31
10075,2020,PHEV,3,2026-07-31
10075,2021,BEV,8,2026-07-31
10075,2021,PHEV,5,2026-07-31
10075,2022,BEV,28,2026-07-31
10075,2022,PHEV,7,2026-07-31
10075,2023,BEV,15,2026-07-31
10075,2023,PHEV,7,2026-07-31
10075,2024,BEV,14,2026-07-31
10075,2024,PHEV,5,2026-07-31
10075,2025,BEV,22,2026-07-31
10075,2025,PHEV,8,2026-07-31
10075,2026,BEV,15,2026-07-31
10075,2026,PHEV,3,2026-07-31
10106,2022,BEV,1,2026-07-31
10107,2020,BEV,1,2026-07-31
10111,2024,BEV,2,2026-07-31
10118,2026,BEV,1,2026-07-31
10118,2026,PHEV,1,2026-07-31
10128,2017,PHEV,1,2026-07-31
10128,2018,BEV,5,2026-07-31
10128,2018,PHEV,2,2026-07-31
10128,2019,BEV,11,2026-07-31
10128,2019,PHEV,4,2026-07-31
10128,2020,BEV,48,2026-07-31
10128,2020,PHEV,6,2026-07-31
10128,2021,BEV,22,2026-07-31
10128,2021,PHEV,8,2026-07-31
10128,2022,BEV,58,2026-07-31
10128,2022,PHEV,8,2026-07-31
10128,2023,BEV,63,2026-07-31
10128,2023,PHEV,11,2026-07-31
10128,2024,BEV,32,2026-07-31
10128,2024,PHEV,15,2026-07-31
10128,2025,BEV,37,2026-07-31
10128,2025,PHEV,15,2026-07-31
10128,2026,BEV,22,2026-07-31
10128,2026,PHEV,4,2026-07-31
10280,2017,PHEV,1,2026-07-31
10280,2019,BEV,2,2026-07-31
10280,2020,BEV,9,2026-07-31
10280,2021,BEV,3,2026-07-31
10280,2021,PHEV,3,2026-07-31
10280,2022,BEV,8,2026-07-31
10280,2022,PHEV,3,2026-07-31
10280,2023,BEV,7,2026-07-31
10280,2023,PHEV,1,2026-07-31
10280,2024,BEV,5,2026-07-31
10280,2024,PHEV,4,2026-07-31
10280,2025,BEV,7,2026-07-31
10280,2026,BEV,2,2026-07-31
10282,2017,BEV,1,2026-07-31
10282,2018,BEV,1,2026-07-31
10282,2018,PHEV,1,2026-07-31
10282,2019,BEV,3,2026-07-31
10282,2020,BEV,10,2026-07-31
10282,2021,BEV,2,2026-07-31
10282,2022,BEV,12,2026-07-31
10282,2022,PHEV,1,2026-07-31
10282,2023,BEV,13,2026-07-31
10282,2023,PHEV,3,2026-07-31
10282,2024,BEV,8,2026-07-31
10282,2024,PHEV,4,2026-07-31
10282,2025,PHEV,2,2026-07-31
10282,2026,BEV,1,2026-07-31
10301,2017,BEV,1,2026-07-31
10301,2017,PHEV,6,2026-07-31
10301,2018,BEV,3,2026-07-31
10301,2018,PHEV,3,2026-07-31
10301,2019,BEV,4,2026-07-31
10301,2019,PHEV,6,2026-07-31
10301,2020,BEV,14,2026-07-31
10301,2020,PHEV,5,2026-07-31
10301,2021,BEV,26,2026-07-31
10301,2021,PHEV,7,2026-07-31
10301,2022,BEV,41,2026-07-31
10301,2022,PHEV,7,2026-07-31
10301,2023,BEV,69,2026-07-31
10301,2023,PHEV,12,2026-07-31
10301,2024,BEV,60,2026-07-31
10301,2024,PHEV,26,2026-07-31
10301,2025,BEV,53,2026-07-31
10301,2025,PHEV,9,2026-07-31
10301,2026,BEV,33,2026-07-31
10301,2026,PHEV,1,2026-07-31
10302,2017,BEV,3,2026-07-31
10302,2017,PHEV,1,2026-07-31
10302,2018,PHEV,3,2026-07-31
10302,2019,BEV,3,2026-07-31
10302,2019,PHEV,4,2026-07-31
10302,2020,BEV,3,2026-07-31
10302,2020,PHEV,2,2026-07-31
10302,2021,BEV,6,2026-07-31
10302,2021,PHEV,4,2026-07-31
10302,2022,BEV,6,2026-07-31
10302,2022,PHEV,2,2026-07-31
10302,2023,BEV,13,2026-07-31
10302,2023,PHEV,5,2026-07-31
10302,2024,BEV,19,2026-07-31
10302,2024,PHEV,15,2026-07-31
10302,2025,BEV,14,2026-07-31
10302,2025,PHEV,1,2026-07-31
10302,2026,BEV,5,2026-07-31
10302,2026,PHEV,1,2026-07-31
10303,2017,PHEV,1,2026-07-31
10303,2018,PHEV,1,2026-07-31
10303,2019,BEV,1,2026-07-31
10303,2019,PHEV,2,2026-07-31
10303,2020,BEV,5,2026-07-31
10303,2020,PHEV,2,2026-07-31
10303,2021,BEV,8,2026-07-31
10303,2021,PHEV,8,2026-07-31
10303,2022,BEV,12,2026-07-31
10303,2022,PHEV,1,2026-07-31
10303,2023,BEV,51,2026-07-31
10303,2023,PHEV,3,2026-07-31
10303,2024,BEV,29,2026-07-31
10303,2024,PHEV,14,2026-07-31
10303,2025,BEV,31,2026-07-31
10303,2025,PHEV,2,2026-07-31
10303,2026,BEV,9,2026-07-31
10304,2017,BEV,3,2026-07-31
10304,2017,PHEV,4,2026-07-31
10304,2018,BEV,2,2026-07-31
10304,2018,PHEV,9,2026-07-31
10304,2019,BEV,9,2026-07-31
10304,2019,PHEV,8,2026-07-31
10304,2020,BEV,24,2026-07-31
10304,2020,PHEV,3,2026-07-31
10304,2021,BEV,35,2026-07-31
10304,2021,PHEV,2,2026-07-31
10304,2022,BEV,67,2026-07-31
10304,2022,PHEV,5,2026-07-31
10304,2023,BEV,107,2026-07-31
10304,2023,PHEV,21,2026-07-31
10304,2024,BEV,75,2026-07-31
10304,2024,PHEV,39,2026-07-31
10304,2025,BEV,80,2026-07-31
10304,2025,PHEV,9,2026-07-31
10304,2026,BEV,28,2026-07-31
10304,2026,PHEV,2,2026-07-31
10305,2017,BEV,2,2026-07-31
10305,2017,PHEV,3,2026-07-31
10305,2018,BEV,1,2026-07-31
10305,2018,PHEV,9,2026-07-31
10305,2019,BEV,8,2026-07-31
10305,2019,PHEV,8,2026-07-31
10305,2020,BEV,25,2026-07-31
10305,2020,PHEV,3,2026-07-31
10305,2021,BEV,26,2026-07-31
10305,2021,PHEV,8,2026-07-31
10305,2022,BEV,67,2026-07-31
10305,2022,PHEV,8,2026-07-31
10305,2023,BEV,110,2026-07-31
10305,2023,PHEV,21,2026-07-31
10305,2024,BEV,90,2026-07-31
10305,2024,PHEV,50,2026-07-31
10305,2025,BEV,105,2026-07-31
10305,2025,PHEV,4,2026-07-31
10305,2026,BEV,40,2026-07-31
10305,2026,PHEV,2,2026-07-31
10306,2017,BEV,5,2026-07-31
10306,2017,PHEV,5,2026-07-31
10306,2018,BEV,4,2026-07-31
10306,2018,PHEV,21,2026-07-31
10306,2019,BEV,11,2026-07-31
10306,2019,PHEV,18,2026-07-31
10306,2020,BEV,23,2026-07-31
10306,2020,PHEV,9,2026-07-31
10306,2021,BEV,32,2026-07-31
10306,2021,PHEV,19,2026-07-31
10306,2022,BEV,73,2026-07-31
10306,2022,PHEV,12,2026-07-31
10306,2023,BEV,138,2026-07-31
10306,2023,PHEV,19,2026-07-31
10306,2024,BEV,149,2026-07-31
10306,2024,PHEV,79,2026-07-31
10306,2025,BEV,112,2026-07-31
10306,2025,PHEV,15,2026-07-31
10306,2026,BEV,66,2026-07-31
10306,2026,PHEV,3,2026-07-31
10307,2017,BEV,1,2026-07-31
10307,2017,PHEV,2,2026-07-31
10307,2018,PHEV,2,2026-07-31
10307,2019,BEV,5,2026-07-31
10307,2019,PHEV,2,2026-07-31
10307,2020,BEV,14,2026-07-31
10307,2020,PHEV,3,2026-07-31
10307,2021,BEV,14,2026-07-31
10307,2021,PHEV,4,2026-07-31
10307,2022,BEV,21,2026-07-31
10307,2022,PHEV,4,2026-07-31
10307,2023,BEV,22,2026-07-31
10307,2023,PHEV,11,2026-07-31
10307,2024,BEV,32,2026-07-31
10307,2024,PHEV,25,2026-07-31
10307,2025,BEV,23,2026-07-31
10307,2025,PHEV,5,2026-07-31
10307,2026,BEV,10,2026-07-31
10308,2017,BEV,3,2026-07-31
10308,2017,PHEV,2,2026-07-31
10308,2018,PHEV,7,2026-07-31
10308,2019,BEV,3,2026-07-31
10308,2019,PHEV,8,2026-07-31
10308,2020,BEV,9,2026-07-31
10308,2020,PHEV,9,2026-07-31
10308,2021,BEV,10,2026-07-31
10308,2021,PHEV,3,2026-07-31
10308,2022,BEV,44,2026-07-31
10308,2022,PHEV,8,2026-07-31
10308,2023,BEV,77,2026-07-31
10308,2023,PHEV,19,2026-07-31
10308,2024,BEV,72,2026-07-31
10308,2024,PHEV,42,2026-07-31
10308,2025,BEV,59,2026-07-31
10308,2025,PHEV,7,2026-07-31
10308,2026,BEV,35,2026-07-31
10308,2026,PHEV,1,2026-07-31
10309,2017,BEV,1,2026-07-31
10309,2017,PHEV,5,2026-07-31
10309,2018,BEV,1,2026-07-31
10309,2018,PHEV,7,2026-07-31
10309,2019,BEV,4,2026-07-31
10309,2019,PHEV,13,2026-07-31
10309,2020,BEV,17,2026-07-31
10309,2020,PHEV,5,2026-07-31
10309,2021,BEV,32,2026-07-31
10309,2021,PHEV,6,2026-07-31
10309,2022,BEV,71,2026-07-31
10309,2022,PHEV,8,2026-07-31
10309,2023,BEV,103,2026-07-31
10309,2023,PHEV,19,2026-07-31
10309,2024,BEV,87,2026-07-31
10309,2024,PHEV,45,2026-07-31
10309,2025,BEV,94,2026-07-31
10309,2025,PHEV,9,2026-07-31
10309,2026,BEV,36,2026-07-31
10309,2026,PHEV,2,2026-07-31
10310,2017,BEV,3,2026-07-31
10310,2017,PHEV,1,2026-07-31
10310,2018,BEV,1,2026-07-31
10310,2018,PHEV,5,2026-07-31
10310,2019,PHEV,3,2026-07-31
10310,2020,BEV,6,2026-07-31
10310,2020,PHEV,1,2026-07-31
10310,2021,BEV,7,2026-07-31
10310,2021,PHEV,2,2026-07-31
10310,2022,BEV,21,2026-07-31
10310,2022,PHEV,4,2026-07-31
10310,2023,BEV,34,2026-07-31
10310,2023,PHEV,7,2026-07-31
10310,2024,BEV,25,2026-07-31
10310,2024,PHEV,33,2026-07-31
10310,2025,BEV,30,2026-07-31
10310,2025,PHEV,4,2026-07-31
10310,2026,BEV,5,2026-07-31
10310,2026,PHEV,3,2026-07-31
10312,2017,BEV,9,2026-07-31
10312,2017,PHEV,8,2026-07-31
10312,2018,BEV,1,2026-07-31
10312,2018,PHEV,16,2026-07-31
10312,2019,BEV,11,2026-07-31
10312,2019,PHEV,14,2026-07-31
10312,2020,BEV,28,2026-07-31
10312,2020,PHEV,9,2026-07-31
10312,2021,BEV,50,2026-07-31
10312,2021,PHEV,10,2026-07-31
10312,2022,BEV,96,2026-07-31
10312,2022,PHEV,15,2026-07-31
10312,2023,BEV,166,2026-07-31
10312,2023,PHEV,34,2026-07-31
10312,2024,BEV,154,2026-07-31
10312,2024,PHEV,93,2026-07-31
10312,2025,BEV,144,2026-07-31
10312,2025,PHEV,26,2026-07-31
10312,2026,BEV,68,2026-07-31
10312,2026,PHEV,6,2026-07-31
10314,2017,BEV,8,2026-07-31
10314,2017,PHEV,10,2026-07-31
10314,2018,BEV,3,2026-07-31
10314,2018,PHEV,22,2026-07-31
10314,2019,BEV,20,2026-07-31
10314,2019,PHEV,16,2026-07-31
10314,2020,BEV,39,2026-07-31
10314,2020,PHEV,14,2026-07-31
10314,2021,BEV,74,2026-07-31
10314,2021,PHEV,21,2026-07-31
10314,2022,BEV,145,2026-07-31
10314,2022,PHEV,11,2026-07-31
10314,2023,BEV,240,2026-07-31
10314,2023,PHEV,35,2026-07-31
10314,2024,BEV,228,2026-07-31
10314,2024,PHEV,96,2026-07-31
10314,2025,BEV,198,2026-07-31
10314,2025,PHEV,18,2026-07-31
10314,2026,BEV,97,2026-07-31
10314,2026,PHEV,5,2026-07-31
10451,2019,BEV,3,2026-07-31
10451,2020,BEV,2,2026-07-31
10451,2021,BEV,3,2026-07-31
10451,2022,BEV,5,2026-07-31
10451,2022,PHEV,1,2026-07-31
10451,2023,BEV,20,2026-07-31
10451,2023,PHEV,3,2026-07-31
10451,2024,BEV,16,2026-07-31
10451,2024,PHEV,6,2026-07-31
10451,2025,BEV,7,2026-07-31
10451,2025,PHEV,2,2026-07-31
10451,2026,BEV,2,2026-07-31
10452,2019,PHEV,1,2026-07-31
10452,2020,BEV,6,2026-07-31
10452,2020,PHEV,1,2026-07-31
10452,2021,BEV,6,2026-07-31
10452,2021,PHEV,2,2026-07-31
10452,2022,BEV,18,2026-07-31
10452,2022,PHEV,1,2026-07-31
10452,2023,BEV,52,2026-07-31
10452,2023,PHEV,4,2026-07-31
10452,2024,BEV,16,2026-07-31
10452,2024,PHEV,5,2026-07-31
10452,2025,BEV,17,2026-07-31
10452,2025,PHEV,2,2026-07-31
10452,2026,BEV,2,2026-07-31
10453,2017,BEV,1,2026-07-31
10453,2018,PHEV,1,2026-07-31
10453,2020,BEV,1,2026-07-31
10453,2021,BEV,5,2026-07-31
10453,2022,BEV,4,2026-07-31
10453,2023,BEV,52,2026-07-31
10453,2023,PHEV,3,2026-07-31
10453,2024,BEV,13,2026-07-31
10453,2024,PHEV,6,2026-07-31
10453,2025,BEV,12,2026-07-31
10453,2025,PHEV,2,2026-07-31
10453,2026,BEV,7,2026-07-31
10454,2018,PHEV,2,2026-07-31
10454,2019,BEV,1,2026-07-31
10454,2020,BEV,2,2026-07-31
10454,2021,BEV,3,2026-07-31
10454,2021,PHEV,1,2026-07-31
10454,2022,BEV,6,2026-07-31
10454,2022,PHEV,2,2026-07-31
10454,2023,BEV,15,2026-07-31
10454,2023,PHEV,5,2026-07-31
10454,2024,BEV,9,2026-07-31
10454,2024,PHEV,5,2026-07-31
10454,2025,BEV,15,2026-07-31
10454,2026,BEV,4,2026-07-31
10455,2019,BEV,1,2026-07-31
10455,2020,BEV,2,2026-07-31
10455,2021,BEV,2,2026-07-31
10455,2021,PHEV,2,2026-07-31
10455,2022,BEV,6,2026-07-31
10455,2023,BEV,23,2026-07-31
10455,2023,PHEV,6,2026-07-31
10455,2024,BEV,10,2026-07-31
10455,2024,PHEV,6,2026-07-31
10455,2025,BEV,4,2026-07-31
10455,2026,BEV,4,2026-07-31
10456,2017,BEV,3,2026-07-31
10456,2017,PHEV,1,2026-07-31
10456,2018,PHEV,1,2026-07-31
10456,2019,BEV,1,2026-07-31
10456,2019,PHEV,1,2026-07-31
10456,2020,BEV,3,2026-07-31
10456,2021,BEV,6,2026-07-31
10456,2021,PHEV,1,2026-07-31
10456,2022,BEV,41,2026-07-31
10456,2022,PHEV,2,2026-07-31
10456,2023,BEV,62,2026-07-31
10456,2023,PHEV,5,2026-07-31
10456,2024,BEV,20,2026-07-31
10456,2024,PHEV,5,2026-07-31
10456,2025,BEV,14,2026-07-31
10456,2025,PHEV,5,2026-07-31
10456,2026,BEV,5,2026-07-31
10457,2019,PHEV,1,2026-07-31
10457,2020,BEV,3,2026-07-31
10457,2020,PHEV,1,2026-07-31
10457,2021,BEV,5,2026-07-31
10457,2021,PHEV,1,2026-07-31
10457,2022,BEV,4,2026-07-31
10457,2022,PHEV,4,2026-07-31
10457,2023,BEV,32,2026-07-31
10457,2023,PHEV,7,2026-07-31
10457,2024,BEV,12,2026-07-31
10457,2024,PHEV,5,2026-07-31
10457,2025,BEV,11,2026-07-31
10457,2025,PHEV,3,2026-07-31
10457,2026,BEV,6,2026-07-31
10457,2026,PHEV,1,2026-07-31
10458,2018,BEV,1,2026-07-31
10458,2018,PHEV,1,2026-07-31
10458,2019,PHEV,1,2026-07-31
10458,2020,PHEV,1,2026-07-31
10458,2021,BEV,10,2026-07-31
10458,2021,PHEV,3,2026-07-31
10458,2022,BEV,5,2026-07-31
10458,2022,PHEV,4,2026-07-31
10458,2023,BEV,47,2026-07-31
10458,2023,PHEV,7,2026-07-31
10458,2024,BEV,17,2026-07-31
10458,2024,PHEV,15,2026-07-31
10458,2025,BEV,13,2026-07-31
10458,2025,PHEV,11,2026-07-31
10458,2026,BEV,4,2026-07-31
10459,2019,BEV,2,2026-07-31
10459,2020,BEV,3,2026-07-31
10459,2021,BEV,4,2026-07-31
10459,2021,PHEV,2,2026-07-31
10459,2022,BEV,4,2026-07-31
10459,2023,BEV,24,2026-07-31
10459,2023,PHEV,8,2026-07-31
10459,2024,BEV,10,2026-07-31
10459,2024,PHEV,5,2026-07-31
10459,2025,BEV,8,2026-07-31
10459,2025,PHEV,3,2026-07-31
10459,2026,BEV,3,2026-07-31
10460,2017,PHEV,1,2026-07-31
10460,2018,BEV,1,2026-07-31
10460,2019,BEV,2,2026-07-31
10460,2020,BEV,2,2026-07-31
10460,2021,BEV,4,2026-07-31
10460,2021,PHEV,1,2026-07-31
10460,2022,BEV,4,2026-07-31
10460,2022,PHEV,2,2026-07-31
10460,2023,BEV,34,2026-07-31
10460,2023,PHEV,11,2026-07-31
10460,2024,BEV,12,2026-07-31
10460,2024,PHEV,4,2026-07-31
10460,2025,BEV,23,2026-07-31
10460,2025,PHEV,3,2026-07-31
10460,2026,BEV,2,2026-07-31
10460,2026,PHEV,1,2026-07-31
10461,2017,BEV,1,2026-07-31
10461,2017,PHEV,1,2026-07-31
10461,2018,BEV,1,2026-07-31
10461,2018,PHEV,7,2026-07-31
10461,2019,BEV,4,2026-07-31
10461,2019,PHEV,1,2026-07-31
10461,2020,BEV,8,2026-07-31
10461,2020,PHEV,1,2026-07-31
10461,2021,BEV,13,2026-07-31
10461,2021,PHEV,6,2026-07-31
10461,2022,BEV,24,2026-07-31
10461,2022,PHEV,2,2026-07-31
10461,2023,BEV,74,2026-07-31
10461,2023,PHEV,17,2026-07-31
10461,2024,BEV,33,2026-07-31
10461,2024,PHEV,16,2026-07-31
10461,2025,BEV,34,2026-07-31
10461,2025,PHEV,14,2026-07-31
10461,2026,BEV,16,2026-07-31
10461,2026,PHEV,2,2026-07-31
10462,2017,BEV,1,2026-07-31
10462,2017,PHEV,1,2026-07-31
10462,2018,BEV,1,2026-07-31
10462,2018,PHEV,2,2026-07-31
10462,2019,BEV,5,2026-07-31
10462,2020,BEV,12,2026-07-31
10462,2021,BEV,15,2026-07-31
10462,2021,PHEV,2,2026-07-31
10462,2022,BEV,16,2026-07-31
10462,2022,PHEV,7,2026-07-31
10462,2023,BEV,161,2026-07-31
10462,2023,PHEV,16,2026-07-31
10462,2024,BEV,35,2026-07-31
10462,2024,PHEV,11,2026-07-31
10462,2025,BEV,32,2026-07-31
10462,2025,PHEV,11,2026-07-31
10462,2026,BEV,10,2026-07-31
10463,2017,PHEV,5,2026-07-31
10463,2018,BEV,5,2026-07-31
10463,2018,PHEV,5,2026-07-31
10463,2019,BEV,8,2026-07-31
10463,2019,PHEV,4,2026-07-31
10463,2020,BEV,10,2026-07-31
10463,2020,PHEV,4,2026-07-31
10463,2021,BEV,21,2026-07-31
10463,2021,PHEV,12,2026-07-31
10463,2022,BEV,33,2026-07-31
10463,2022,PHEV,12,2026-07-31
10463,2023,BEV,53,2026-07-31
10463,2023,PHEV,16,2026-07-31
10463,2024,BEV,53,2026-07-31
10463,2024,PHEV,16,2026-07-31
10463,2025,BEV,39,2026-07-31
10463,2025,PHEV,23,2026-07-31
10463,2026,BEV,19,2026-07-31
10463,2026,PHEV,2,2026-07-31
10464,2019,PHEV,1,2026-07-31
10464,2020,BEV,5,2026-07-31
10464,2021,BEV,6,2026-07-31
10464,2021,PHEV,1,2026-07-31
10464,2022,BEV,4,2026-07-31
10464,2022,PHEV,1,2026-07-31
10464,2023,BEV,6,2026-07-31
10464,2023,PHEV,4,2026-07-31
10464,2024,BEV,3,2026-07-31
10464,2024,PHEV,8,2026-07-31
10464,2025,BEV,8,2026-07-31
10464,2025,PHEV,1,2026-07-31
10464,2026,BEV,2,2026-07-31
10465,2017,BEV,1,2026-07-31
10465,2017,PHEV,5,2026-07-31
10465,2018,PHEV,3,2026-07-31
10465,2019,BEV,3,2026-07-31
10465,2019,PHEV,4,2026-07-31
10465,2020,BEV,10,2026-07-31
10465,2021,BEV,17,2026-07-31
10465,2021,PHEV,5,2026-07-31
10465,2022,BEV,36,2026-07-31
10465,2022,PHEV,7,2026-07-31
10465,2023,BEV,49,2026-07-31
10465,2023,PHEV,26,2026-07-31
10465,2024,BEV,45,2026-07-31
10465,2024,PHEV,28,2026-07-31
10465,2025,BEV,48,2026-07-31
10465,2025,PHEV,16,2026-07-31
10465,2026,BEV,19,2026-07-31
10465,2026,PHEV,1,2026-07-31
10466,2017,PHEV,1,2026-07-31
10466,2018,PHEV,1,2026-07-31
10466,2019,BEV,4,2026-07-31
10466,2020,BEV,3,2026-07-31
10466,2021,BEV,6,2026-07-31
10466,2021,PHEV,8,2026-07-31
10466,2022,BEV,16,2026-07-31
10466,2023,BEV,41,2026-07-31
10466,2023,PHEV,14,2026-07-31
10466,2024,BEV,45,2026-07-31
10466,2024,PHEV,16,2026-07-31
10466,2025,BEV,40,2026-07-31
10466,2025,PHEV,7,2026-07-31
10466,2026,BEV,7,2026-07-31
10467,2017,BEV,1,2026-07-31
10467,2017,PHEV,2,2026-07-31
10467,2018,BEV,2,2026-07-31
10467,2018,PHEV,1,2026-07-31
10467,2019,BEV,4,2026-07-31
10467,2019,PHEV,1,2026-07-31
10467,2020,BEV,3,2026-07-31
10467,2021,BEV,15,2026-07-31
10467,2021,PHEV,7,2026-07-31
10467,2022,BEV,10,2026-07-31
10467,2022,PHEV,3,2026-07-31
10467,2023,BEV,109,2026-07-31
10467,2023,PHEV,14,2026-07-31
10467,2024,BEV,41,2026-07-31
10467,2024,PHEV,15,2026-07-31
10467,2025,BEV,24,2026-07-31
10467,2025,PHEV,7,2026-07-31
10467,2026,BEV,16,2026-07-31
10467,2026,PHEV,3,2026-07-31
10468,2018,BEV,1,2026-07-31
10468,2019,BEV,1,2026-07-31
10468,2020,BEV,5,2026-07-31
10468,2021,BEV,7,2026-07-31
10468,2021,PHEV,5,2026-07-31
10468,2022,BEV,3,2026-07-31
10468,2022,PHEV,4,2026-07-31
10468,2023,BEV,69,2026-07-31
10468,2023,PHEV,11,2026-07-31
10468,2024,BEV,12,2026-07-31
10468,2024,PHEV,3,2026-07-31
10468,2025,BEV,9,2026-07-31
10468,2025,PHEV,2,2026-07-31
10468,2026,BEV,8,2026-07-31
10469,2017,BEV,1,2026-07-31
10469,2017,PHEV,2,2026-07-31
10469,2018,BEV,2,2026-07-31
10469,2018,PHEV,4,2026-07-31
10469,2019,BEV,3,2026-07-31
10469,2020,BEV,7,2026-07-31
10469,2021,BEV,16,2026-07-31
10469,2021,PHEV,4,2026-07-31
10469,2022,BEV,28,2026-07-31
10469,2022,PHEV,9,2026-07-31
10469,2023,BEV,63,2026-07-31
10469,2023,PHEV,12,2026-07-31
10469,2024,BEV,51,2026-07-31
10469,2024,PHEV,33,2026-07-31
10469,2025,BEV,38,2026-07-31
10469,2025,PHEV,11,2026-07-31
10469,2026,BEV,20,2026-07-31
10469,2026,PHEV,3,2026-07-31
10470,2018,PHEV,3,2026-07-31
10470,2020,BEV,2,2026-07-31
10470,2021,BEV,6,2026-07-31
10470,2021,PHEV,1,2026-07-31
10470,2022,BEV,6,2026-07-31
10470,2022,PHEV,3,2026-07-31
10470,2023,BEV,12,2026-07-31
10470,2023,PHEV,6,2026-07-31
10470,2024,BEV,10,2026-07-31
10470,2024,PHEV,4,2026-07-31
10470,2025,BEV,3,2026-07-31
10470,2025,PHEV,5,2026-07-31
10471,2017,BEV,2,2026-07-31
10471,2017,PHEV,2,2026-07-31
10471,2018,BEV,3,2026-07-31
10471,2018,PHEV,4,2026-07-31
10471,2019,BEV,12,2026-07-31
10471,2020,BEV,26,2026-07-31
10471,2020,PHEV,6,2026-07-31
10471,2021,BEV,20,2026-07-31
10471,2021,PHEV,11,2026-07-31
10471,2022,BEV,31,2026-07-31
10471,2022,PHEV,5,2026-07-31
10471,2023,BEV,43,2026-07-31
10471,2023,PHEV,6,2026-07-31
10471,2024,BEV,44,2026-07-31
10471,2024,PHEV,10,2026-07-31
10471,2025,BEV,36,2026-07-31
10471,2025,PHEV,12,2026-07-31
10471,2026,BEV,19,2026-07-31
10471,2026,PHEV,2,2026-07-31
10472,2018,BEV,1,2026-07-31
10472,2019,BEV,1,2026-07-31
10472,2020,BEV,2,2026-07-31
10472,2020,PHEV,2,2026-07-31
10472,2021,BEV,5,2026-07-31
10472,2021,PHEV,3,2026-07-31
10472,2022,BEV,10,2026-07-31
10472,2022,PHEV,5,2026-07-31
10472,2023,BEV,118,2026-07-31
10472,2023,PHEV,10,2026-07-31
10472,2024,BEV,29,2026-07-31
10472,2024,PHEV,7,2026-07-31
10472,2025,BEV,19,2026-07-31
10472,2025,PHEV,4,2026-07-31
10472,2026,BEV,13,2026-07-31
10472,2026,PHEV,1,2026-07-31
10473,2017,PHEV,1,2026-07-31
10473,2018,BEV,1,2026-07-31
10473,2018,PHEV,2,2026-07-31
10473,2019,BEV,1,2026-07-31
10473,2020,BEV,5,2026-07-31
10473,2020,PHEV,1,2026-07-31
10473,2021,BEV,8,2026-07-31
10473,2021,PHEV,4,2026-07-31
10473,2022,BEV,16,2026-07-31
10473,2022,PHEV,7,2026-07-31
10473,2023,BEV,62,2026-07-31
10473,2023,PHEV,18,2026-07-31
10473,2024,BEV,29,2026-07-31
10473,2024,PHEV,17,2026-07-31
10473,2025,BEV,17,2026-07-31
10473,2025,PHEV,12,2026-07-31
10473,2026,BEV,11,2026-07-31
10473,2026,PHEV,3,2026-07-31
10474,2020,BEV,2,2026-07-31
10474,2021,BEV,1,2026-07-31
10474,2021,PHEV,1,2026-07-31
10474,2022,BEV,2,2026-07-31
10474,2022,PHEV,2,2026-07-31
10474,2023,BEV,2,2026-07-31
10474,2023,PHEV,2,2026-07-31
10474,2024,BEV,40,2026-07-31
10474,2024,PHEV,4,2026-07-31
10474,2025,BEV,48,2026-07-31
10475,2017,BEV,1,2026-07-31
10475,2018,BEV,1,2026-07-31
10475,2018,PHEV,4,2026-07-31
10475,2019,PHEV,2,2026-07-31
10475,2020,BEV,3,2026-07-31
10475,2021,BEV,5,2026-07-31
10475,2021,PHEV,4,2026-07-31
10475,2022,BEV,14,2026-07-31
10475,2022,PHEV,1,2026-07-31
10475,2023,BEV,19,2026-07-31
10475,2023,PHEV,16,2026-07-31
10475,2024,BEV,17,2026-07-31
10475,2024,PHEV,13,2026-07-31
10475,2025,BEV,20,2026-07-31
10475,2025,PHEV,12,2026-07-31
10475,2026,BEV,8,2026-07-31
10475,2026,PHEV,1,2026-07-31
10501,2017,PHEV,1,2026-07-31
10501,2018,PHEV,1,2026-07-31
10501,2019,BEV,1,2026-07-31
10501,2020,BEV,2,2026-07-31
10501,2021,BEV,1,2026-07-31
10501,2022,BEV,7,2026-07-31
10501,2023,BEV,3,2026-07-31
10501,2023,PHEV,3,2026-07-31
10501,2024,BEV,6,2026-07-31
10501,2024,PHEV,3,2026-07-31
10501,2025,BEV,5,2026-07-31
10501,2025,PHEV,2,2026-07-31
10501,2026,BEV,3,2026-07-31
10501,2026,PHEV,1,2026-07-31
10502,2017,BEV,1,2026-07-31
10502,2018,BEV,6,2026-07-31
10502,2018,PHEV,7,2026-07-31
10502,2019,BEV,9,2026-07-31
10502,2019,PHEV,1,2026-07-31
10502,2020,BEV,15,2026-07-31
10502,2020,PHEV,1,2026-07-31
10502,2021,BEV,16,2026-07-31
10502,2021,PHEV,13,2026-07-31
10502,2022,BEV,39,2026-07-31
10502,2022,PHEV,16,2026-07-31
10502,2023,BEV,45,2026-07-31
10502,2023,PHEV,9,2026-07-31
10502,2024,BEV,49,2026-07-31
10502,2024,PHEV,24,2026-07-31
10502,2025,BEV,57,2026-07-31
10502,2025,PHEV,14,2026-07-31
10502,2026,BEV,11,2026-07-31
10502,2026,PHEV,4,2026-07-31
10503,2021,PHEV,1,2026-07-31
10504,2017,PHEV,2,2026-07-31
10504,2018,BEV,9,2026-07-31
10504,2018,PHEV,6,2026-07-31
10504,2019,BEV,15,2026-07-31
10504,2019,PHEV,2,2026-07-31
10504,2020,BEV,45,2026-07-31
10504,2020,PHEV,2,2026-07-31
10504,2021,BEV,44,2026-07-31
10504,2021,PHEV,13,2026-07-31
10504,2022,BEV,96,2026-07-31
10504,2022,PHEV,15,2026-07-31
10504,2023,BEV,86,2026-07-31
10504,2023,PHEV,32,2026-07-31
10504,2024,BEV,79,2026-07-31
10504,2024,PHEV,28,2026-07-31
10504,2025,BEV,85,2026-07-31
10504,2025,PHEV,22,2026-07-31
10504,2026,BEV,42,2026-07-31
10504,2026,PHEV,5,2026-07-31
10505,2019,BEV,3,2026-07-31
10505,2021,BEV,5,2026-07-31
10505,2022,BEV,3,2026-07-31
10505,2022,PHEV,1,2026-07-31
10505,2023,BEV,6,2026-07-31
10505,2024,BEV,6,2026-07-31
10505,2024,PHEV,3,2026-07-31
10505,2025,BEV,1,2026-07-31
10505,2025,PHEV,3,2026-07-31
10505,2026,BEV,1,2026-07-31
10506,2017,BEV,2,2026-07-31
10506,2018,BEV,7,2026-07-31
10506,2018,PHEV,4,2026-07-31
10506,2019,BEV,11,2026-07-31
10506,2019,PHEV,1,2026-07-31
10506,2020,BEV,35,2026-07-31
10506,2020,PHEV,3,2026-07-31
10506,2021,BEV,29,2026-07-31
10506,2021,PHEV,7,2026-07-31
10506,2022,BEV,59,2026-07-31
10506,2022,PHEV,16,2026-07-31
10506,2023,BEV,60,2026-07-31
10506,2023,PHEV,21,2026-07-31
10506,2024,BEV,49,2026-07-31
10506,2024,PHEV,21,2026-07-31
10506,2025,BEV,28,2026-07-31
10506,2025,PHEV,9,2026-07-31
10506,2026,BEV,28,2026-07-31
10506,2026,PHEV,5,2026-07-31
10507,2017,BEV,1,2026-07-31
10507,2017,PHEV,1,2026-07-31
10507,2018,BEV,2,2026-07-31
10507,2018,PHEV,4,2026-07-31
10507,2019,BEV,8,2026-07-31
10507,2019,PHEV,4,2026-07-31
10507,2020,BEV,7,2026-07-31
10507,2020,PHEV,1,2026-07-31
10507,2021,BEV,12,2026-07-31
10507,2021,PHEV,3,2026-07-31
10507,2022,BEV,23,2026-07-31
10507,2022,PHEV,10,2026-07-31
10507,2023,BEV,22,2026-07-31
10507,2023,PHEV,9,2026-07-31
10507,2024,BEV,11,2026-07-31
10507,2024,PHEV,10,2026-07-31
10507,2025,BEV,18,2026-07-31
10507,2025,PHEV,12,2026-07-31
10507,2026,BEV,15,2026-07-31
10507,2026,PHEV,2,2026-07-31
10509,2018,BEV,2,2026-07-31
10509,2018,PHEV,10,2026-07-31
10509,2019,BEV,4,2026-07-31
10509,2019,PHEV,7,2026-07-31
10509,2020,BEV,11,2026-07-31
10509,2020,PHEV,1,2026-07-31
10509,2021,BEV,22,2026-07-31
10509,2021,PHEV,8,2026-07-31
10509,2022,BEV,25,2026-07-31
10509,2022,PHEV,6,2026-07-31
10509,2023,BEV,42,2026-07-31
10509,2023,PHEV,16,2026-07-31
10509,2024,BEV,33,2026-07-31
10509,2024,PHEV,15,2026-07-31
10509,2025,BEV,43,2026-07-31
10509,2025,PHEV,11,2026-07-31
10509,2026,BEV,23,2026-07-31
10509,2026,PHEV,1,2026-07-31
10510,2017,BEV,5,2026-07-31
10510,2017,PHEV,3,2026-07-31
10510,2018,BEV,6,2026-07-31
10510,2018,PHEV,5,2026-07-31
10510,2019,BEV,17,2026-07-31
10510,2019,PHEV,3,2026-07-31
10510,2020,BEV,35,2026-07-31
10510,2020,PHEV,3,2026-07-31
10510,2021,BEV,34,2026-07-31
10510,2021,PHEV,22,2026-07-31
10510,2022,BEV,59,2026-07-31
10510,2022,PHEV,18,2026-07-31
10510,2023,BEV,69,2026-07-31
10510,2023,PHEV,21,2026-07-31
10510,2024,BEV,77,2026-07-31
10510,2024,PHEV,28,2026-07-31
10510,2025,BEV,56,2026-07-31
10510,2025,PHEV,28,2026-07-31
10510,2026,BEV,31,2026-07-31
10510,2026,PHEV,5,2026-07-31
10511,2019,BEV,1,2026-07-31
10511,2020,BEV,1,2026-07-31
10511,2021,BEV,2,2026-07-31
10511,2021,PHEV,1,2026-07-31
10511,2022,BEV,4,2026-07-31
10511,2022,PHEV,2,2026-07-31
10511,2023,BEV,6,2026-07-31
10511,2023,PHEV,4,2026-07-31
10511,2024,BEV,7,2026-07-31
10511,2024,PHEV,2,2026-07-31
10511,2025,BEV,5,2026-07-31
10511,2025,PHEV,2,2026-07-31
10511,2026,PHEV,1,2026-07-31
10512,2017,BEV,2,2026-07-31
10512,2017,PHEV,4,2026-07-31
10512,2018,BEV,1,2026-07-31
10512,2018,PHEV,9,2026-07-31
10512,2019,BEV,14,2026-07-31
10512,2019,PHEV,8,2026-07-31
10512,2020,BEV,20,2026-07-31
10512,2020,PHEV,1,2026-07-31
10512,2021,BEV,21,2026-07-31
10512,2021,PHEV,12,2026-07-31
10512,2022,BEV,27,2026-07-31
10512,2022,PHEV,10,2026-07-31
10512,2023,BEV,32,2026-07-31
10512,2023,PHEV,26,2026-07-31
10512,2024,BEV,49,2026-07-31
10512,2024,PHEV,17,2026-07-31
10512,2025,BEV,40,2026-07-31
10512,2025,PHEV,7,2026-07-31
10512,2026,BEV,29,2026-07-31
10512,2026,PHEV,1,2026-07-31
10514,2017,BEV,5,2026-07-31
10514,2017,PHEV,8,2026-07-31
10514,2018,BEV,10,2026-07-31
10514,2018,PHEV,14,2026-07-31
10514,2019,BEV,29,2026-07-31
10514,2019,PHEV,10,2026-07-31
10514,2020,BEV,75,2026-07-31
10514,2020,PHEV,5,2026-07-31
10514,2021,BEV,64,2026-07-31
10514,2021,PHEV,29,2026-07-31
10514,2022,BEV,134,2026-07-31
10514,2022,PHEV,29,2026-07-31
10514,2023,BEV,140,2026-07-31
10514,2023,PHEV,49,2026-07-31
10514,2024,BEV,134,2026-07-31
10514,2024,PHEV,71,2026-07-31
10514,2025,BEV,101,2026-07-31
10514,2025,PHEV,40,2026-07-31
10514,2026,BEV,58,2026-07-31
10514,2026,PHEV,13,2026-07-31
10516,2017,BEV,2,2026-07-31
10516,2017,PHEV,3,2026-07-31
10516,2018,BEV,1,2026-07-31
10516,2018,PHEV,7,2026-07-31
10516,2019,BEV,8,2026-07-31
10516,2019,PHEV,6,2026-07-31
10516,2020,BEV,11,2026-07-31
10516,2020,PHEV,5,2026-07-31
10516,2021,BEV,11,2026-07-31
10516,2021,PHEV,9,2026-07-31
10516,2022,BEV,18,2026-07-31
10516,2022,PHEV,7,2026-07-31
10516,2023,BEV,20,2026-07-31
10516,2023,PHEV,7,2026-07-31
10516,2024,BEV,18,2026-07-31
10516,2024,PHEV,4,2026-07-31
10516,2025,BEV,20,2026-07-31
10516,2025,PHEV,4,2026-07-31
10516,2026,BEV,9,2026-07-31
10516,2026,PHEV,1,2026-07-31
10517,2020,BEV,1,2026-07-31
10517,2021,BEV,1,2026-07-31
10517,2021,PHEV,1,2026-07-31
10517,2022,BEV,1,2026-07-31
10517,2022,PHEV,1,2026-07-31
10517,2023,PHEV,2,2026-07-31
10517,2024,BEV,1,2026-07-31
10517,2024,PHEV,1,2026-07-31
10517,2025,BEV,2,2026-07-31
10518,2018,BEV,1,2026-07-31
10518,2018,PHEV,1,2026-07-31
10518,2020,BEV,5,2026-07-31
10518,2021,BEV,11,2026-07-31
10518,2021,PHEV,5,2026-07-31
10518,2022,BEV,6,2026-07-31
10518,2022,PHEV,2,2026-07-31
10518,2023,BEV,10,2026-07-31
10518,2023,PHEV,5,2026-07-31
10518,2024,BEV,5,2026-07-31
10518,2024,PHEV,4,2026-07-31
10518,2025,BEV,5,2026-07-31
10518,2026,BEV,3,2026-07-31
10519,2018,PHEV,2,2026-07-31
10519,2019,PHEV,1,2026-07-31
10519,2021,BEV,1,2026-07-31
10519,2022,PHEV,2,2026-07-31
10519,2023,BEV,2,2026-07-31
10519,2023,PHEV,1,2026-07-31
10519,2026,BEV,1,2026-07-31
10520,2017,BEV,8,2026-07-31
10520,2017,PHEV,4,2026-07-31
10520,2018,BEV,9,2026-07-31
10520,2018,PHEV,13,2026-07-31
10520,2019,BEV,21,2026-07-31
10520,2019,PHEV,5,2026-07-31
10520,2020,BEV,26,2026-07-31
10520,2020,PHEV,7,2026-07-31
10520,2021,BEV,34,2026-07-31
10520,2021,PHEV,28,2026-07-31
10520,2022,BEV,54,2026-07-31
10520,2022,PHEV,12,2026-07-31
10520,2023,BEV,57,2026-07-31
10520,2023,PHEV,30,2026-07-31
10520,2024,BEV,58,2026-07-31
10520,2024,PHEV,21,2026-07-31
10520,2025,BEV,36,2026-07-31
10520,2025,PHEV,19,2026-07-31
10520,2026,BEV,24,2026-07-31
10520,2026,PHEV,5,2026-07-31
10522,2017,BEV,5,2026-07-31
10522,2017,PHEV,6,2026-07-31
10522,2018,BEV,4,2026-07-31
10522,2018,PHEV,2,2026-07-31
10522,2019,BEV,11,2026-07-31
10522,2019,PHEV,3,2026-07-31
10522,2020,BEV,22,2026-07-31
10522,2020,PHEV,5,2026-07-31
10522,2021,BEV,16,2026-07-31
10522,2021,PHEV,10,2026-07-31
10522,2022,BEV,59,2026-07-31
10522,2022,PHEV,11,2026-07-31
10522,2023,BEV,76,2026-07-31
10522,2023,PHEV,9,2026-07-31
10522,2024,BEV,57,2026-07-31
10522,2024,PHEV,29,2026-07-31
10522,2025,BEV,47,2026-07-31
10522,2025,PHEV,28,2026-07-31
10522,2026,BEV,21,2026-07-31
10522,2026,PHEV,9,2026-07-31
10523,2017,BEV,2,2026-07-31
10523,2017,PHEV,1,2026-07-31
10523,2018,PHEV,2,2026-07-31
10523,2019,BEV,3,2026-07-31
10523,2019,PHEV,1,2026-07-31
10523,2020,BEV,11,2026-07-31
10523,2021,BEV,7,2026-07-31
10523,2021,PHEV,3,2026-07-31
10523,2022,BEV,17,2026-07-31
10523,2022,PHEV,9,2026-07-31
10523,2023,BEV,32,2026-07-31
10523,2023,PHEV,6,2026-07-31
10523,2024,BEV,17,2026-07-31
10523,2024,PHEV,10,2026-07-31
10523,2025,BEV,17,2026-07-31
10523,2025,PHEV,14,2026-07-31
10523,2026,BEV,13,2026-07-31
10523,2026,PHEV,2,2026-07-31
10524,2017,PHEV,1,2026-07-31
10524,2018,BEV,3,2026-07-31
10524,2018,PHEV,7,2026-07-31
10524,2019,BEV,8,2026-07-31
10524,2019,PHEV,5,2026-07-31
10524,2020,BEV,13,2026-07-31
10524,2020,PHEV,1,2026-07-31
10524,2021,BEV,11,2026-07-31
10524,2021,PHEV,10,2026-07-31
10524,2022,BEV,15,2026-07-31
10524,2022,PHEV,2,2026-07-31
10524,2023,BEV,21,2026-07-31
10524,2023,PHEV,17,2026-07-31
10524,2024,BEV,19,2026-07-31
10524,2024,PHEV,6,2026-07-31
10524,2025,BEV,14,2026-07-31
10524,2025,PHEV,4,2026-07-31
10524,2026,BEV,13,2026-07-31
10524,2026,PHEV,2,2026-07-31
10526,2018,PHEV,2,2026-07-31
10526,2019,BEV,2,2026-07-31
10526,2020,BEV,3,2026-07-31
10526,2021,BEV,4,2026-07-31
10526,2021,PHEV,3,2026-07-31
10526,2022,BEV,10,2026-07-31
10526,2023,BEV,11,2026-07-31
10526,2023,PHEV,7,2026-07-31
10526,2024,BEV,9,2026-07-31
10526,2024,PHEV,3,2026-07-31
10526,2025,BEV,9,2026-07-31
10526,2025,PHEV,2,2026-07-31
10526,2026,BEV,5,2026-07-31
10527,2019,BEV,3,2026-07-31
10527,2020,BEV,2,2026-07-31
10527,2022,BEV,2,2026-07-31
10527,2023,BEV,3,2026-07-31
10527,2023,PHEV,3,2026-07-31
10527,2024,BEV,1,2026-07-31
10527,2024,PHEV,2,2026-07-31
10527,2025,BEV,3,2026-07-31
10527,2025,PHEV,3,2026-07-31
10528,2017,BEV,3,2026-07-31
10528,2017,PHEV,2,2026-07-31
10528,2018,BEV,5,2026-07-31
10528,2018,PHEV,2,2026-07-31
10528,2019,BEV,7,2026-07-31
10528,2019,PHEV,2,2026-07-31
10528,2020,BEV,19,2026-07-31
10528,2020,PHEV,1,2026-07-31
10528,2021,BEV,14,2026-07-31
10528,2021,PHEV,8,2026-07-31
10528,2022,BEV,34,2026-07-31
10528,2022,PHEV,4,2026-07-31
10528,2023,BEV,40,2026-07-31
10528,2023,PHEV,22,2026-07-31
10528,2024,BEV,50,2026-07-31
10528,2024,PHEV,27,2026-07-31
10528,2025,BEV,33,2026-07-31
10528,2025,PHEV,22,2026-07-31
10528,2026,BEV,27,2026-07-31
10528,2026,PHEV,4,2026-07-31
10530,2017,BEV,2,2026-07-31
10530,2017,PHEV,3,2026-07-31
10530,2018,BEV,9,2026-07-31
10530,2018,PHEV,6,2026-07-31
10530,2019,BEV,10,2026-07-31
10530,2019,PHEV,1,2026-07-31
10530,2020,BEV,20,2026-07-31
10530,2020,PHEV,1,2026-07-31
10530,2021,BEV,23,2026-07-31
10530,2021,PHEV,4,2026-07-31
10530,2022,BEV,46,2026-07-31
10530,2022,PHEV,9,2026-07-31
10530,2023,BEV,40,2026-07-31
10530,2023,PHEV,17,2026-07-31
10530,2024,BEV,38,2026-07-31
10530,2024,PHEV,14,2026-07-31
10530,2025,BEV,34,2026-07-31
10530,2025,PHEV,20,2026-07-31
10530,2026,BEV,20,2026-07-31
10530,2026,PHEV,3,2026-07-31
10532,2017,PHEV,1,2026-07-31
10532,2018,BEV,2,2026-07-31
10532,2018,PHEV,4,2026-07-31
10532,2019,BEV,3,2026-07-31
10532,2019,PHEV,2,2026-07-31
10532,2020,BEV,1,2026-07-31
10532,2021,BEV,7,2026-07-31
10532,2021,PHEV,3,2026-07-31
10532,2022,BEV,7,2026-07-31
10532,2022,PHEV,3,2026-07-31
10532,2023,BEV,12,2026-07-31
10532,2023,PHEV,6,2026-07-31
10532,2024,BEV,15,2026-07-31
10532,2024,PHEV,12,2026-07-31
10532,2025,BEV,9,2026-07-31
10532,2025,PHEV,9,2026-07-31
10532,2026,BEV,6,2026-07-31
10533,2017,BEV,8,2026-07-31
10533,2017,PHEV,1,2026-07-31
10533,2018,BEV,6,2026-07-31
10533,2018,PHEV,3,2026-07-31
10533,2019,BEV,15,2026-07-31
10533,2019,PHEV,3,2026-07-31
10533,2020,BEV,18,2026-07-31
10533,2020,PHEV,1,2026-07-31
10533,2021,BEV,28,2026-07-31
10533,2021,PHEV,11,2026-07-31
10533,2022,BEV,57,2026-07-31
10533,2022,PHEV,10,2026-07-31
10533,2023,BEV,53,2026-07-31
10533,2023,PHEV,14,2026-07-31
10533,2024,BEV,59,2026-07-31
10533,2024,PHEV,24,2026-07-31
10533,2025,BEV,44,2026-07-31
10533,2025,PHEV,19,2026-07-31
10533,2026,BEV,14,2026-07-31
10533,2026,PHEV,3,2026-07-31
10535,2020,PHEV,1,2026-07-31
10535,2021,PHEV,1,2026-07-31
10535,2022,BEV,1,2026-07-31
10535,2022,PHEV,1,2026-07-31
10535,2023,PHEV,2,2026-07-31
10535,2024,BEV,2,2026-07-31
10535,2025,PHEV,1,2026-07-31
10536,2017,BEV,4,2026-07-31
10536,2017,PHEV,4,2026-07-31
10536,2018,BEV,3,2026-07-31
10536,2018,PHEV,14,2026-07-31
10536,2019,BEV,20,2026-07-31
10536,2019,PHEV,9,2026-07-31
10536,2020,BEV,27,2026-07-31
10536,2020,PHEV,11,2026-07-31
10536,2021,BEV,36,2026-07-31
10536,2021,PHEV,23,2026-07-31
10536,2022,BEV,60,2026-07-31
10536,2022,PHEV,20,2026-07-31
10536,2023,BEV,61,2026-07-31
10536,2023,PHEV,17,2026-07-31
10536,2024,BEV,66,2026-07-31
10536,2024,PHEV,27,2026-07-31
10536,2025,BEV,46,2026-07-31
10536,2025,PHEV,15,2026-07-31
10536,2026,BEV,25,2026-07-31
10536,2026,PHEV,7,2026-07-31
10537,2017,PHEV,1,2026-07-31
10537,2020,BEV,1,2026-07-31
10537,2021,BEV,2,2026-07-31
10537,2021,PHEV,1,2026-07-31
10537,2022,BEV,5,2026-07-31
10537,2022,PHEV,1,2026-07-31
10537,2023,BEV,7,2026-07-31
10537,2023,PHEV,3,2026-07-31
10537,2024,BEV,5,2026-07-31
10537,2024,PHEV,2,2026-07-31
10537,2025,BEV,2,2026-07-31
10537,2026,BEV,1,2026-07-31
10537,2026,PHEV,2,2026-07-31
10538,2017,BEV,3,2026-07-31
10538,2017,PHEV,13,2026-07-31
10538,2018,BEV,15,2026-07-31
10538,2018,PHEV,14,2026-07-31
10538,2019,BEV,21,2026-07-31
10538,2019,PHEV,10,2026-07-31
10538,2020,BEV,72,2026-07-31
10538,2020,PHEV,3,2026-07-31
10538,2021,BEV,51,2026-07-31
10538,2021,PHEV,22,2026-07-31
10538,2022,BEV,116,2026-07-31
10538,2022,PHEV,29,2026-07-31
10538,2023,BEV,86,2026-07-31
10538,2023,PHEV,30,2026-07-31
10538,2024,BEV,115,2026-07-31
10538,2024,PHEV,57,2026-07-31
10538,2025,BEV,90,2026-07-31
10538,2025,PHEV,41,2026-07-31
10538,2026,BEV,35,2026-07-31
10538,2026,PHEV,14,2026-07-31
10541,2017,BEV,4,2026-07-31
10541,2017,PHEV,4,2026-07-31
10541,2018,BEV,3,2026-07-31
10541,2018,PHEV,9,2026-07-31
10541,2019,BEV,11,2026-07-31
10541,2019,PHEV,1,2026-07-31
10541,2020,BEV,8,2026-07-31
10541,2020,PHEV,6,2026-07-31
10541,2021,BEV,33,2026-07-31
10541,2021,PHEV,11,2026-07-31
10541,2022,BEV,54,2026-07-31
10541,2022,PHEV,11,2026-07-31
10541,2023,BEV,47,2026-07-31
10541,2023,PHEV,39,2026-07-31
10541,2024,BEV,48,2026-07-31
10541,2024,PHEV,37,2026-07-31
10541,2025,BEV,52,2026-07-31
10541,2025,PHEV,16,2026-07-31
10541,2026,BEV,27,2026-07-31
10541,2026,PHEV,1,2026-07-31
10543,2017,BEV,4,2026-07-31
10543,2017,PHEV,5,2026-07-31
10543,2018,BEV,8,2026-07-31
10543,2018,PHEV,6,2026-07-31
10543,2019,BEV,11,2026-07-31
10543,2019,PHEV,5,2026-07-31
10543,2020,BEV,32,2026-07-31
10543,2020,PHEV,1,2026-07-31
10543,2021,BEV,29,2026-07-31
10543,2021,PHEV,5,2026-07-31
10543,2022,BEV,71,2026-07-31
10543,2022,PHEV,16,2026-07-31
10543,2023,BEV,57,2026-07-31
10543,2023,PHEV,31,2026-07-31
10543,2024,BEV,77,2026-07-31
10543,2024,PHEV,47,2026-07-31
10543,2025,BEV,60,2026-07-31
10543,2025,PHEV,30,2026-07-31
10543,2026,BEV,29,2026-07-31
10543,2026,PHEV,5,2026-07-31
10546,2017,BEV,1,2026-07-31
10546,2017,PHEV,2,2026-07-31
10546,2018,PHEV,1,2026-07-31
10546,2019,BEV,1,2026-07-31
10546,2020,BEV,4,2026-07-31
10546,2021,BEV,6,2026-07-31
10546,2021,PHEV,2,2026-07-31
10546,2022,BEV,8,2026-07-31
10546,2022,PHEV,2,2026-07-31
10546,2023,BEV,10,2026-07-31
10546,2023,PHEV,1,2026-07-31
10546,2024,BEV,11,2026-07-31
10546,2024,PHEV,6,2026-07-31
10546,2025,BEV,4,2026-07-31
10546,2025,PHEV,2,2026-07-31
10546,2026,BEV,4,2026-07-31
10547,2017,BEV,1,2026-07-31
10547,2017,PHEV,2,2026-07-31
10547,2018,PHEV,3,2026-07-31
10547,2019,BEV,2,2026-07-31
10547,2019,PHEV,3,2026-07-31
10547,2020,BEV,2,2026-07-31
10547,2020,PHEV,3,2026-07-31
10547,2021,BEV,11,2026-07-31
10547,2022,BEV,18,2026-07-31
10547,2022,PHEV,10,2026-07-31
10547,2023,BEV,18,2026-07-31
10547,2023,PHEV,9,2026-07-31
10547,2024,BEV,14,2026-07-31
10547,2024,PHEV,3,2026-07-31
10547,2025,BEV,25,2026-07-31
10547,2025,PHEV,11,2026-07-31
10547,2026,BEV,7,2026-07-31
10547,2026,PHEV,2,2026-07-31
10548,2018,PHEV,2,2026-07-31
10548,2019,BEV,1,2026-07-31
10548,2019,PHEV,1,2026-07-31
10548,2020,BEV,1,2026-07-31
10548,2021,BEV,4,2026-07-31
10548,2021,PHEV,2,2026-07-31
10548,2022,BEV,6,2026-07-31
10548,2022,PHEV,3,2026-07-31
10548,2023,BEV,4,2026-07-31
10548,2023,PHEV,4,2026-07-31
10548,2024,BEV,6,2026-07-31
10548,2025,BEV,6,2026-07-31
10548,2026,BEV,5,2026-07-31
10549,2017,BEV,6,2026-07-31
10549,2017,PHEV,11,2026-07-31
10549,2018,BEV,8,2026-07-31
10549,2018,PHEV,5,2026-07-31
10549,2019,BEV,23,2026-07-31
10549,2019,PHEV,3,2026-07-31
10549,2020,BEV,42,2026-07-31
10549,2020,PHEV,8,2026-07-31
10549,2021,BEV,42,2026-07-31
10549,2021,PHEV,25,2026-07-31
10549,2022,BEV,74,2026-07-31
10549,2022,PHEV,23,2026-07-31
10549,2023,BEV,83,2026-07-31
10549,2023,PHEV,33,2026-07-31
10549,2024,BEV,64,2026-07-31
10549,2024,PHEV,33,2026-07-31
10549,2025,BEV,61,2026-07-31
10549,2025,PHEV,27,2026-07-31
10549,2026,BEV,37,2026-07-31
10549,2026,PHEV,8,2026-07-31
10550,2017,PHEV,1,2026-07-31
10550,2018,BEV,2,2026-07-31
10550,2018,PHEV,7,2026-07-31
10550,2020,BEV,4,2026-07-31
10550,2021,BEV,5,2026-07-31
10550,2021,PHEV,3,2026-07-31
10550,2022,BEV,16,2026-07-31
10550,2022,PHEV,2,2026-07-31
10550,2023,BEV,25,2026-07-31
10550,2023,PHEV,9,2026-07-31
10550,2024,BEV,21,2026-07-31
10550,2024,PHEV,14,2026-07-31
10550,2025,BEV,23,2026-07-31
10550,2025,PHEV,9,2026-07-31
10550,2026,BEV,8,2026-07-31
10550,2026,PHEV,2,2026-07-31
10552,2017,BEV,2,2026-07-31
10552,2018,PHEV,5,2026-07-31
10552,2019,BEV,6,2026-07-31
10552,2019,PHEV,3,2026-07-31
10552,2020,BEV,9,2026-07-31
10552,2020,PHEV,1,2026-07-31
10552,2021,BEV,9,2026-07-31
10552,2021,PHEV,3,2026-07-31
10552,2022,BEV,20,2026-07-31
10552,2022,PHEV,7,2026-07-31
10552,2023,BEV,30,2026-07-31
10552,2023,PHEV,13,2026-07-31
10552,2024,BEV,26,2026-07-31
10552,2024,PHEV,18,2026-07-31
10552,2025,BEV,27,2026-07-31
10552,2025,PHEV,18,2026-07-31
10552,2026,BEV,13,2026-07-31
10552,2026,PHEV,1,2026-07-31
10553,2019,BEV,2,2026-07-31
10553,2021,BEV,2,2026-07-31
10553,2021,PHEV,1,2026-07-31
10553,2022,BEV,3,2026-07-31
10553,2023,BEV,12,2026-07-31
10553,2023,PHEV,5,2026-07-31
10553,2024,BEV,11,2026-07-31
10553,2024,PHEV,8,2026-07-31
10553,2025,BEV,6,2026-07-31
10553,2025,PHEV,2,2026-07-31
10553,2026,BEV,5,2026-07-31
10560,2017,PHEV,1,2026-07-31
10560,2018,BEV,2,2026-07-31
10560,2019,BEV,5,2026-07-31
10560,2019,PHEV,2,2026-07-31
10560,2020,BEV,9,2026-07-31
10560,2020,PHEV,3,2026-07-31
10560,2021,BEV,5,2026-07-31
10560,2021,PHEV,3,2026-07-31
10560,2022,BEV,18,2026-07-31
10560,2022,PHEV,2,2026-07-31
10560,2023,BEV,6,2026-07-31
10560,2023,PHEV,6,2026-07-31
10560,2024,BEV,10,2026-07-31
10560,2024,PHEV,9,2026-07-31
10560,2025,BEV,23,2026-07-31
10560,2025,PHEV,3,2026-07-31
10560,2026,BEV,12,2026-07-31
10562,2017,BEV,5,2026-07-31
10562,2017,PHEV,8,2026-07-31
10562,2018,BEV,7,2026-07-31
10562,2018,PHEV,13,2026-07-31
10562,2019,BEV,21,2026-07-31
10562,2019,PHEV,9,2026-07-31
10562,2020,BEV,24,2026-07-31
10562,2020,PHEV,8,2026-07-31
10562,2021,BEV,34,2026-07-31
10562,2021,PHEV,20,2026-07-31
10562,2022,BEV,41,2026-07-31
10562,2022,PHEV,23,2026-07-31
10562,2023,BEV,68,2026-07-31
10562,2023,PHEV,26,2026-07-31
10562,2024,BEV,70,2026-07-31
10562,2024,PHEV,40,2026-07-31
10562,2025,BEV,65,2026-07-31
10562,2025,PHEV,28,2026-07-31
10562,2026,BEV,28,2026-07-31
10562,2026,PHEV,5,2026-07-31
10566,2017,BEV,1,2026-07-31
10566,2017,PHEV,7,2026-07-31
10566,2018,BEV,1,2026-07-31
10566,2018,PHEV,6,2026-07-31
10566,2019,BEV,6,2026-07-31
10566,2019,PHEV,2,2026-07-31
10566,2020,BEV,11,2026-07-31
10566,2020,PHEV,7,2026-07-31
10566,2021,BEV,18,2026-07-31
10566,2021,PHEV,12,2026-07-31
10566,2022,BEV,25,2026-07-31
10566,2022,PHEV,5,2026-07-31
10566,2023,BEV,21,2026-07-31
10566,2023,PHEV,23,2026-07-31
10566,2024,BEV,30,2026-07-31
10566,2024,PHEV,13,2026-07-31
10566,2025,BEV,39,2026-07-31
10566,2025,PHEV,4,2026-07-31
10566,2026,BEV,16,2026-07-31
10566,2026,PHEV,3,2026-07-31
10567,2017,BEV,2,2026-07-31
10567,2017,PHEV,13,2026-07-31
10567,2018,BEV,5,2026-07-31
10567,2018,PHEV,13,2026-07-31
10567,2019,BEV,14,2026-07-31
10567,2019,PHEV,4,2026-07-31
10567,2020,BEV,24,2026-07-31
10567,2020,PHEV,1,2026-07-31
10567,2021,BEV,26,2026-07-31
10567,2021,PHEV,10,2026-07-31
10567,2022,BEV,56,2026-07-31
10567,2022,PHEV,17,2026-07-31
10567,2023,BEV,70,2026-07-31
10567,2023,PHEV,34,2026-07-31
10567,2024,BEV,66,2026-07-31
10567,2024,PHEV,28,2026-07-31
10567,2025,BEV,54,2026-07-31
10567,2025,PHEV,21,2026-07-31
10567,2026,BEV,31,2026-07-31
10567,2026,PHEV,3,2026-07-31
10570,2017,BEV,4,2026-07-31
10570,2018,BEV,9,2026-07-31
10570,2018,PHEV,7,2026-07-31
10570,2019,BEV,10,2026-07-31
10570,2019,PHEV,5,2026-07-31
10570,2020,BEV,16,2026-07-31
10570,2020,PHEV,5,2026-07-31
10570,2021,BEV,26,2026-07-31
10570,2021,PHEV,19,2026-07-31
10570,2022,BEV,45,2026-07-31
10570,2022,PHEV,13,2026-07-31
10570,2023,BEV,38,2026-07-31
10570,2023,PHEV,25,2026-07-31
10570,2024,BEV,49,2026-07-31
10570,2024,PHEV,25,2026-07-31
10570,2025,BEV,44,2026-07-31
10570,2025,PHEV,18,2026-07-31
10570,2026,BEV,16,2026-07-31
10570,2026,PHEV,6,2026-07-31
10573,2017,BEV,4,2026-07-31
10573,2017,PHEV,3,2026-07-31
10573,2018,BEV,4,2026-07-31
10573,2018,PHEV,4,2026-07-31
10573,2019,BEV,13,2026-07-31
10573,2019,PHEV,5,2026-07-31
10573,2020,BEV,36,2026-07-31
10573,2020,PHEV,4,2026-07-31
10573,2021,BEV,32,2026-07-31
10573,2021,PHEV,13,2026-07-31
10573,2022,BEV,81,2026-07-31
10573,2022,PHEV,3,2026-07-31
10573,2023,BEV,108,2026-07-31
10573,2023,PHEV,41,2026-07-31
10573,2024,BEV,89,2026-07-31
10573,2024,PHEV,43,2026-07-31
10573,2025,BEV,101,2026-07-31
10573,2025,PHEV,35,2026-07-31
10573,2026,BEV,42,2026-07-31
10573,2026,PHEV,6,2026-07-31
10576,2017,BEV,2,2026-07-31
10576,2017,PHEV,2,2026-07-31
10576,2018,BEV,3,2026-07-31
10576,2018,PHEV,4,2026-07-31
10576,2019,BEV,13,2026-07-31
10576,2019,PHEV,1,2026-07-31
10576,2020,BEV,25,2026-07-31
10576,2020,PHEV,2,2026-07-31
10576,2021,BEV,20,2026-07-31
10576,2021,PHEV,5,2026-07-31
10576,2022,BEV,38,2026-07-31
10576,2022,PHEV,9,2026-07-31
10576,2023,BEV,33,2026-07-31
10576,2023,PHEV,5,2026-07-31
10576,2024,BEV,42,2026-07-31
10576,2024,PHEV,6,2026-07-31
10576,2025,BEV,37,2026-07-31
10576,2025,PHEV,7,2026-07-31
10576,2026,BEV,14,2026-07-31
10577,2017,BEV,1,2026-07-31
10577,2017,PHEV,1,2026-07-31
10577,2018,BEV,3,2026-07-31
10577,2019,BEV,9,2026-07-31
10577,2020,BEV,15,2026-07-31
10577,2021,BEV,7,2026-07-31
10577,2021,PHEV,3,2026-07-31
10577,2022,BEV,27,2026-07-31
10577,2022,PHEV,4,2026-07-31
10577,2023,BEV,19,2026-07-31
10577,2023,PHEV,6,2026-07-31
10577,2024,BEV,20,2026-07-31
10577,2024,PHEV,11,2026-07-31
10577,2025,BEV,22,2026-07-31
10577,2025,PHEV,7,2026-07-31
10577,2026,BEV,8,2026-07-31
10578,2017,BEV,1,2026-07-31
10578,2017,PHEV,1,2026-07-31
10578,2021,PHEV,1,2026-07-31
10578,2022,BEV,1,2026-07-31
10578,2022,PHEV,1,2026-07-31
10578,2023,BEV,2,2026-07-31
10578,2023,PHEV,1,2026-07-31
10578,2024,BEV,1,2026-07-31
10578,2024,PHEV,1,2026-07-31
10578,2025,BEV,1,2026-07-31
10578,2025,PHEV,1,2026-07-31
10578,2026,BEV,1,2026-07-31
10579,2017,BEV,1,2026-07-31
10579,2017,PHEV,3,2026-07-31
10579,2018,BEV,1,2026-07-31
10579,2018,PHEV,2,2026-07-31
10579,2019,BEV,2,2026-07-31
10579,2020,BEV,2,2026-07-31
10579,2020,PHEV,3,2026-07-31
10579,2021,BEV,11,2026-07-31
10579,2021,PHEV,9,2026-07-31
10579,2022,BEV,19,2026-07-31
10579,2022,PHEV,7,2026-07-31
10579,2023,BEV,22,2026-07-31
10579,2023,PHEV,15,2026-07-31
10579,2024,BEV,28,2026-07-31
10579,2024,PHEV,12,2026-07-31
10579,2025,BEV,24,2026-07-31
10579,2025,PHEV,9,2026-07-31
10579,2026,BEV,7,2026-07-31
10579,2026,PHEV,3,2026-07-31
10580,2017,BEV,4,2026-07-31
10580,2017,PHEV,5,2026-07-31
10580,2018,BEV,13,2026-07-31
10580,2018,PHEV,6,2026-07-31
10580,2019,BEV,19,2026-07-31
10580,2019,PHEV,5,2026-07-31
10580,2020,BEV,46,2026-07-31
10580,2020,PHEV,4,2026-07-31
10580,2021,BEV,46,2026-07-31
10580,2021,PHEV,15,2026-07-31
10580,2022,BEV,113,2026-07-31
10580,2022,PHEV,16,2026-07-31
10580,2023,BEV,99,2026-07-31
10580,2023,PHEV,31,2026-07-31
10580,2024,BEV,98,2026-07-31
10580,2024,PHEV,55,2026-07-31
10580,2025,BEV,82,2026-07-31
10580,2025,PHEV,30,2026-07-31
10580,2026,BEV,49,2026-07-31
10580,2026,PHEV,10,2026-07-31
10583,2017,BEV,9,2026-07-31
10583,2017,PHEV,19,2026-07-31
10583,2018,BEV,33,2026-07-31
10583,2018,PHEV,22,2026-07-31
10583,2019,BEV,74,2026-07-31
10583,2019,PHEV,14,2026-07-31
10583,2020,BEV,173,2026-07-31
10583,2020,PHEV,6,2026-07-31
10583,2021,BEV,133,2026-07-31
10583,2021,PHEV,32,2026-07-31
10583,2022,BEV,332,2026-07-31
10583,2022,PHEV,52,2026-07-31
10583,2023,BEV,364,2026-07-31
10583,2023,PHEV,98,2026-07-31
10583,2024,BEV,346,2026-07-31
10583,2024,PHEV,153,2026-07-31
10583,2025,BEV,331,2026-07-31
10583,2025,PHEV,94,2026-07-31
10583,2026,BEV,175,2026-07-31
10583,2026,PHEV,27,2026-07-31
10588,2018,BEV,1,2026-07-31
10588,2018,PHEV,1,2026-07-31
10588,2021,BEV,6,2026-07-31
10588,2022,BEV,3,2026-07-31
10588,2023,BEV,9,2026-07-31
10588,2023,PHEV,2,2026-07-31
10588,2024,BEV,13,2026-07-31
10588,2024,PHEV,2,2026-07-31
10588,2025,BEV,4,2026-07-31
10588,2025,PHEV,3,2026-07-31
10588,2026,BEV,5,2026-07-31
10588,2026,PHEV,1,2026-07-31
10589,2017,PHEV,4,2026-07-31
10589,2018,BEV,2,2026-07-31
10589,2018,PHEV,3,2026-07-31
10589,2019,BEV,3,2026-07-31
10589,2019,PHEV,1,2026-07-31
10589,2020,BEV,11,2026-07-31
10589,2020,PHEV,8,2026-07-31
10589,2021,BEV,15,2026-07-31
10589,2021,PHEV,10,2026-07-31
10589,2022,BEV,25,2026-07-31
10589,2022,PHEV,4,2026-07-31
10589,2023,BEV,23,2026-07-31
10589,2023,PHEV,5,2026-07-31
10589,2024,BEV,30,2026-07-31
10589,2024,PHEV,20,2026-07-31
10589,2025,BEV,25,2026-07-31
10589,2025,PHEV,8,2026-07-31
10589,2026,BEV,8,2026-07-31
10589,2026,PHEV,3,2026-07-31
10590,2017,BEV,3,2026-07-31
10590,2017,PHEV,2,2026-07-31
10590,2018,BEV,1,2026-07-31
10590,2018,PHEV,5,2026-07-31
10590,2019,BEV,6,2026-07-31
10590,2019,PHEV,1,2026-07-31
10590,2020,BEV,22,2026-07-31
10590,2020,PHEV,2,2026-07-31
10590,2021,BEV,18,2026-07-31
10590,2021,PHEV,8,2026-07-31
10590,2022,BEV,31,2026-07-31
10590,2022,PHEV,6,2026-07-31
10590,2023,BEV,34,2026-07-31
10590,2023,PHEV,9,2026-07-31
10590,2024,BEV,19,2026-07-31
10590,2024,PHEV,4,2026-07-31
10590,2025,BEV,14,2026-07-31
10590,2025,PHEV,3,2026-07-31
10590,2026,BEV,16,2026-07-31
10590,2026,PHEV,1,2026-07-31
10591,2017,BEV,3,2026-07-31
10591,2017,PHEV,5,2026-07-31
10591,2018,BEV,6,2026-07-31
10591,2018,PHEV,9,2026-07-31
10591,2019,BEV,16,2026-07-31
10591,2019,PHEV,5,2026-07-31
10591,2020,BEV,32,2026-07-31
10591,2020,PHEV,2,2026-07-31
10591,2021,BEV,41,2026-07-31
10591,2021,PHEV,15,2026-07-31
10591,2022,BEV,76,2026-07-31
10591,2022,PHEV,16,2026-07-31
10591,2023,BEV,61,2026-07-31
10591,2023,PHEV,19,2026-07-31
10591,2024,BEV,87,2026-07-31
10591,2024,PHEV,41,2026-07-31
10591,2025,BEV,88,2026-07-31
10591,2025,PHEV,32,2026-07-31
10591,2026,BEV,32,2026-07-31
10591,2026,PHEV,10,2026-07-31
10594,2017,BEV,2,2026-07-31
10594,2018,BEV,2,2026-07-31
10594,2018,PHEV,3,2026-07-31
10594,2019,BEV,2,2026-07-31
10594,2019,PHEV,3,2026-07-31
10594,2020,BEV,6,2026-07-31
10594,2021,BEV,3,2026-07-31
10594,2021,PHEV,4,2026-07-31
10594,2022,BEV,12,2026-07-31
10594,2022,PHEV,4,2026-07-31
10594,2023,BEV,13,2026-07-31
10594,2023,PHEV,8,2026-07-31
10594,2024,BEV,12,2026-07-31
10594,2024,PHEV,16,2026-07-31
10594,2025,BEV,12,2026-07-31
10594,2025,PHEV,5,2026-07-31
10594,2026,BEV,6,2026-07-31
10594,2026,PHEV,3,2026-07-31
10595,2017,PHEV,1,2026-07-31
10595,2018,BEV,3,2026-07-31
10595,2018,PHEV,2,2026-07-31
10595,2019,BEV,7,2026-07-31
10595,2020,BEV,8,2026-07-31
10595,2021,BEV,10,2026-07-31
10595,2021,PHEV,1,2026-07-31
10595,2022,BEV,15,2026-07-31
10595,2022,PHEV,2,2026-07-31
10595,2023,BEV,21,2026-07-31
10595,2023,PHEV,9,2026-07-31
10595,2024,BEV,18,2026-07-31
10595,2024,PHEV,12,2026-07-31
10595,2025,BEV,21,2026-07-31
10595,2025,PHEV,9,2026-07-31
10595,2026,BEV,5,2026-07-31
10595,2026,PHEV,3,2026-07-31
10596,2025,BEV,1,2026-07-31
10597,2017,PHEV,1,2026-07-31
10597,2018,PHEV,2,2026-07-31
10597,2019,BEV,2,2026-07-31
10597,2019,PHEV,1,2026-07-31
10597,2020,BEV,5,2026-07-31
10597,2021,BEV,3,2026-07-31
10597,2022,BEV,9,2026-07-31
10597,2022,PHEV,1,2026-07-31
10597,2023,BEV,11,2026-07-31
10597,2023,PHEV,3,2026-07-31
10597,2024,BEV,9,2026-07-31
10597,2024,PHEV,3,2026-07-31
10597,2025,BEV,10,2026-07-31
10597,2025,PHEV,2,2026-07-31
10597,2026,BEV,4,2026-07-31
10598,2017,BEV,2,2026-07-31
10598,2017,PHEV,6,2026-07-31
10598,2018,BEV,5,2026-07-31
10598,2018,PHEV,15,2026-07-31
10598,2019,BEV,21,2026-07-31
10598,2019,PHEV,5,2026-07-31
10598,2020,BEV,30,2026-07-31
10598,2020,PHEV,9,2026-07-31
10598,2021,BEV,33,2026-07-31
10598,2021,PHEV,19,2026-07-31
10598,2022,BEV,59,2026-07-31
10598,2022,PHEV,13,2026-07-31
10598,2023,BEV,111,2026-07-31
10598,2023,PHEV,57,2026-07-31
10598,2024,BEV,75,2026-07-31
10598,2024,PHEV,47,2026-07-31
10598,2025,BEV,96,2026-07-31
10598,2025,PHEV,27,2026-07-31
10598,2026,BEV,58,2026-07-31
10598,2026,PHEV,5,2026-07-31
10601,2017,BEV,1,2026-07-31
10601,2018,BEV,1,2026-07-31
10601,2018,PHEV,6,2026-07-31
10601,2019,BEV,9,2026-07-31
10601,2019,PHEV,1,2026-07-31
10601,2020,BEV,14,2026-07-31
10601,2021,BEV,11,2026-07-31
10601,2021,PHEV,4,2026-07-31
10601,2022,BEV,18,2026-07-31
10601,2022,PHEV,3,2026-07-31
10601,2023,BEV,30,2026-07-31
10601,2023,PHEV,2,2026-07-31
10601,2024,BEV,24,2026-07-31
10601,2024,PHEV,13,2026-07-31
10601,2025,BEV,32,2026-07-31
10601,2025,PHEV,8,2026-07-31
10601,2026,BEV,16,2026-07-31
10601,2026,PHEV,3,2026-07-31
10602,2019,PHEV,1,2026-07-31
10603,2017,BEV,3,2026-07-31
10603,2017,PHEV,4,2026-07-31
10603,2018,BEV,3,2026-07-31
10603,2018,PHEV,5,2026-07-31
10603,2019,BEV,4,2026-07-31
10603,2019,PHEV,4,2026-07-31
10603,2020,BEV,5,2026-07-31
10603,2020,PHEV,2,2026-07-31
10603,2021,BEV,18,2026-07-31
10603,2021,PHEV,8,2026-07-31
10603,2022,BEV,33,2026-07-31
10603,2022,PHEV,10,2026-07-31
10603,2023,BEV,30,2026-07-31
10603,2023,PHEV,15,2026-07-31
10603,2024,BEV,32,2026-07-31
10603,2024,PHEV,17,2026-07-31
10603,2025,BEV,40,2026-07-31
10603,2025,PHEV,13,2026-07-31
10603,2026,BEV,13,2026-07-31
10603,2026,PHEV,2,2026-07-31
10604,2017,BEV,1,2026-07-31
10604,2017,PHEV,4,2026-07-31
10604,2018,BEV,3,2026-07-31
10604,2018,PHEV,1,2026-07-31
10604,2019,BEV,6,2026-07-31
10604,2019,PHEV,1,2026-07-31
10604,2020,BEV,19,2026-07-31
10604,2021,BEV,18,2026-07-31
10604,2021,PHEV,6,2026-07-31
10604,2022,BEV,33,2026-07-31
10604,2022,PHEV,5,2026-07-31
10604,2023,BEV,35,2026-07-31
10604,2023,PHEV,16,2026-07-31
10604,2024,BEV,61,2026-07-31
10604,2024,PHEV,21,2026-07-31
10604,2025,BEV,45,2026-07-31
10604,2025,PHEV,15,2026-07-31
10604,2026,BEV,23,2026-07-31
10604,2026,PHEV,3,2026-07-31
10605,2017,BEV,1,2026-07-31
10605,2017,PHEV,7,2026-07-31
10605,2018,BEV,7,2026-07-31
10605,2018,PHEV,7,2026-07-31
10605,2019,BEV,16,2026-07-31
10605,2019,PHEV,5,2026-07-31
10605,2020,BEV,29,2026-07-31
10605,2020,PHEV,4,2026-07-31
10605,2021,BEV,37,2026-07-31
10605,2021,PHEV,15,2026-07-31
10605,2022,BEV,56,2026-07-31
10605,2022,PHEV,14,2026-07-31
10605,2023,BEV,86,2026-07-31
10605,2023,PHEV,26,2026-07-31
10605,2024,BEV,80,2026-07-31
10605,2024,PHEV,37,2026-07-31
10605,2025,BEV,66,2026-07-31
10605,2025,PHEV,35,2026-07-31
10605,2026,BEV,34,2026-07-31
10605,2026,PHEV,16,2026-07-31
10606,2017,BEV,1,2026-07-31
10606,2017,PHEV,2,2026-07-31
10606,2018,BEV,2,2026-07-31
10606,2018,PHEV,6,2026-07-31
10606,2019,BEV,7,2026-07-31
10606,2019,PHEV,4,2026-07-31
10606,2020,BEV,20,2026-07-31
10606,2020,PHEV,6,2026-07-31
10606,2021,BEV,20,2026-07-31
10606,2021,PHEV,6,2026-07-31
10606,2022,BEV,31,2026-07-31
10606,2022,PHEV,8,2026-07-31
10606,2023,BEV,41,2026-07-31
10606,2023,PHEV,16,2026-07-31
10606,2024,BEV,32,2026-07-31
10606,2024,PHEV,14,2026-07-31
10606,2025,BEV,44,2026-07-31
10606,2025,PHEV,13,2026-07-31
10606,2026,BEV,20,2026-07-31
10606,2026,PHEV,3,2026-07-31
10607,2017,BEV,1,2026-07-31
10607,2017,PHEV,2,2026-07-31
10607,2018,PHEV,3,2026-07-31
10607,2019,BEV,5,2026-07-31
10607,2019,PHEV,3,2026-07-31
10607,2020,BEV,8,2026-07-31
10607,2020,PHEV,1,2026-07-31
10607,2021,BEV,15,2026-07-31
10607,2021,PHEV,2,2026-07-31
10607,2022,BEV,23,2026-07-31
10607,2022,PHEV,5,2026-07-31
10607,2023,BEV,35,2026-07-31
10607,2023,PHEV,9,2026-07-31
10607,2024,BEV,25,2026-07-31
10607,2024,PHEV,14,2026-07-31
10607,2025,BEV,23,2026-07-31
10607,2025,PHEV,7,2026-07-31
10607,2026,BEV,8,2026-07-31
10607,2026,PHEV,1,2026-07-31
10701,2017,BEV,4,2026-07-31
10701,2017,PHEV,3,2026-07-31
10701,2018,BEV,2,2026-07-31
10701,2018,PHEV,3,2026-07-31
10701,2019,BEV,5,2026-07-31
10701,2019,PHEV,3,2026-07-31
10701,2020,BEV,27,2026-07-31
10701,2020,PHEV,2,2026-07-31
10701,2021,BEV,20,2026-07-31
10701,2021,PHEV,8,2026-07-31
10701,2022,BEV,39,2026-07-31
10701,2022,PHEV,7,2026-07-31
10701,2023,BEV,68,2026-07-31
10701,2023,PHEV,35,2026-07-31
10701,2024,BEV,63,2026-07-31
10701,2024,PHEV,44,2026-07-31
10701,2025,BEV,60,2026-07-31
10701,2025,PHEV,29,2026-07-31
10701,2026,BEV,36,2026-07-31
10701,2026,PHEV,6,2026-07-31
10703,2018,BEV,1,2026-07-31
10703,2018,PHEV,4,2026-07-31
10703,2019,BEV,4,2026-07-31
10703,2020,BEV,15,2026-07-31
10703,2021,BEV,9,2026-07-31
10703,2021,PHEV,4,2026-07-31
10703,2022,BEV,10,2026-07-31
10703,2022,PHEV,5,2026-07-31
10703,2023,BEV,32,2026-07-31
10703,2023,PHEV,15,2026-07-31
10703,2024,BEV,36,2026-07-31
10703,2024,PHEV,26,2026-07-31
10703,2025,BEV,42,2026-07-31
10703,2025,PHEV,12,2026-07-31
10703,2026,BEV,4,2026-07-31
10703,2026,PHEV,2,2026-07-31
10704,2017,BEV,2,2026-07-31
10704,2019,BEV,3,2026-07-31
10704,2019,PHEV,4,2026-07-31
10704,2020,BEV,7,2026-07-31
10704,2020,PHEV,1,2026-07-31
10704,2021,BEV,17,2026-07-31
10704,2021,PHEV,4,2026-07-31
10704,2022,BEV,34,2026-07-31
10704,2022,PHEV,9,2026-07-31
10704,2023,BEV,37,2026-07-31
10704,2023,PHEV,21,2026-07-31
10704,2024,BEV,39,2026-07-31
10704,2024,PHEV,29,2026-07-31
10704,2025,BEV,42,2026-07-31
10704,2025,PHEV,22,2026-07-31
10704,2026,BEV,13,2026-07-31
10704,2026,PHEV,3,2026-07-31
10705,2017,BEV,1,2026-07-31
10705,2017,PHEV,1,2026-07-31
10705,2018,BEV,2,2026-07-31
10705,2018,PHEV,6,2026-07-31
10705,2019,BEV,4,2026-07-31
10705,2019,PHEV,4,2026-07-31
10705,2020,BEV,9,2026-07-31
10705,2020,PHEV,2,2026-07-31
10705,2021,BEV,15,2026-07-31
10705,2021,PHEV,6,2026-07-31
10705,2022,BEV,16,2026-07-31
10705,2022,PHEV,1,2026-07-31
10705,2023,BEV,42,2026-07-31
10705,2023,PHEV,23,2026-07-31
10705,2024,BEV,44,2026-07-31
10705,2024,PHEV,16,2026-07-31
10705,2025,BEV,22,2026-07-31
10705,2025,PHEV,16,2026-07-31
10705,2026,BEV,14,2026-07-31
10705,2026,PHEV,3,2026-07-31
10706,2017,BEV,3,2026-07-31
10706,2017,PHEV,4,2026-07-31
10706,2018,BEV,7,2026-07-31
10706,2018,PHEV,6,2026-07-31
10706,2019,BEV,12,2026-07-31
10706,2019,PHEV,8,2026-07-31
10706,2020,BEV,21,2026-07-31
10706,2020,PHEV,3,2026-07-31
10706,2021,BEV,41,2026-07-31
10706,2021,PHEV,16,2026-07-31
10706,2022,BEV,47,2026-07-31
10706,2022,PHEV,14,2026-07-31
10706,2023,BEV,64,2026-07-31
10706,2023,PHEV,16,2026-07-31
10706,2024,BEV,49,2026-07-31
10706,2024,PHEV,26,2026-07-31
10706,2025,BEV,51,2026-07-31
10706,2025,PHEV,20,2026-07-31
10706,2026,BEV,18,2026-07-31
10706,2026,PHEV,9,2026-07-31
10707,2017,BEV,1,2026-07-31
10707,2017,PHEV,1,2026-07-31
10707,2018,PHEV,1,2026-07-31
10707,2019,BEV,1,2026-07-31
10707,2019,PHEV,1,2026-07-31
10707,2020,BEV,7,2026-07-31
10707,2020,PHEV,2,2026-07-31
10707,2021,BEV,10,2026-07-31
10707,2021,PHEV,6,2026-07-31
10707,2022,BEV,14,2026-07-31
10707,2022,PHEV,1,2026-07-31
10707,2023,BEV,21,2026-07-31
10707,2023,PHEV,13,2026-07-31
10707,2024,BEV,23,2026-07-31
10707,2024,PHEV,24,2026-07-31
10707,2025,BEV,23,2026-07-31
10707,2025,PHEV,13,2026-07-31
10707,2026,BEV,12,2026-07-31
10707,2026,PHEV,2,2026-07-31
10708,2017,PHEV,4,2026-07-31
10708,2018,BEV,2,2026-07-31
10708,2018,PHEV,3,2026-07-31
10708,2019,BEV,15,2026-07-31
10708,2019,PHEV,2,2026-07-31
10708,2020,BEV,25,2026-07-31
10708,2020,PHEV,1,2026-07-31
10708,2021,BEV,22,2026-07-31
10708,2021,PHEV,16,2026-07-31
10708,2022,BEV,72,2026-07-31
10708,2022,PHEV,12,2026-07-31
10708,2023,BEV,69,2026-07-31
10708,2023,PHEV,36,2026-07-31
10708,2024,BEV,70,2026-07-31
10708,2024,PHEV,42,2026-07-31
10708,2025,BEV,60,2026-07-31
10708,2025,PHEV,29,2026-07-31
10708,2026,BEV,31,2026-07-31
10708,2026,PHEV,8,2026-07-31
10709,2017,BEV,2,2026-07-31
10709,2017,PHEV,1,2026-07-31
10709,2018,BEV,1,2026-07-31
10709,2018,PHEV,2,2026-07-31
10709,2019,BEV,6,2026-07-31
10709,2020,BEV,10,2026-07-31
10709,2020,PHEV,3,2026-07-31
10709,2021,BEV,14,2026-07-31
10709,2021,PHEV,8,2026-07-31
10709,2022,BEV,29,2026-07-31
10709,2022,PHEV,9,2026-07-31
10709,2023,BEV,31,2026-07-31
10709,2023,PHEV,16,2026-07-31
10709,2024,BEV,30,2026-07-31
10709,2024,PHEV,28,2026-07-31
10709,2025,BEV,25,2026-07-31
10709,2025,PHEV,11,2026-07-31
10709,2026,BEV,21,2026-07-31
10709,2026,PHEV,3,2026-07-31
10710,2017,BEV,1,2026-07-31
10710,2017,PHEV,1,2026-07-31
10710,2018,BEV,1,2026-07-31
10710,2018,PHEV,5,2026-07-31
10710,2019,BEV,6,2026-07-31
10710,2019,PHEV,2,2026-07-31
10710,2020,BEV,17,2026-07-31
10710,2020,PHEV,3,2026-07-31
10710,2021,BEV,13,2026-07-31
10710,2021,PHEV,6,2026-07-31
10710,2022,BEV,39,2026-07-31
10710,2022,PHEV,10,2026-07-31
10710,2023,BEV,65,2026-07-31
10710,2023,PHEV,23,2026-07-31
10710,2024,BEV,51,2026-07-31
10710,2024,PHEV,44,2026-07-31
10710,2025,BEV,67,2026-07-31
10710,2025,PHEV,24,2026-07-31
10710,2026,BEV,25,2026-07-31
10710,2026,PHEV,4,2026-07-31
10801,2017,PHEV,6,2026-07-31
10801,2018,BEV,11,2026-07-31
10801,2018,PHEV,5,2026-07-31
10801,2019,BEV,11,2026-07-31
10801,2019,PHEV,2,2026-07-31
10801,2020,BEV,20,2026-07-31
10801,2020,PHEV,3,2026-07-31
10801,2021,BEV,37,2026-07-31
10801,2021,PHEV,5,2026-07-31
10801,2022,BEV,68,2026-07-31
10801,2022,PHEV,6,2026-07-31
10801,2023,BEV,74,2026-07-31
10801,2023,PHEV,26,2026-07-31
10801,2024,BEV,74,2026-07-31
10801,2024,PHEV,42,2026-07-31
10801,2025,BEV,65,2026-07-31
10801,2025,PHEV,33,2026-07-31
10801,2026,BEV,33,2026-07-31
10801,2026,PHEV,3,2026-07-31
10803,2017,BEV,2,2026-07-31
10803,2017,PHEV,4,2026-07-31
10803,2018,BEV,2,2026-07-31
10803,2018,PHEV,2,2026-07-31
10803,2019,BEV,16,2026-07-31
10803,2019,PHEV,4,2026-07-31
10803,2020,BEV,14,2026-07-31
10803,2020,PHEV,6,2026-07-31
10803,2021,BEV,26,2026-07-31
10803,2021,PHEV,8,2026-07-31
10803,2022,BEV,56,2026-07-31
10803,2022,PHEV,14,2026-07-31
10803,2023,BEV,58,2026-07-31
10803,2023,PHEV,28,2026-07-31
10803,2024,BEV,68,2026-07-31
10803,2024,PHEV,33,2026-07-31
10803,2025,BEV,46,2026-07-31
10803,2025,PHEV,27,2026-07-31
10803,2026,BEV,17,2026-07-31
10803,2026,PHEV,7,2026-07-31
10804,2017,BEV,7,2026-07-31
10804,2017,PHEV,6,2026-07-31
10804,2018,BEV,9,2026-07-31
10804,2018,PHEV,10,2026-07-31
10804,2019,BEV,16,2026-07-31
10804,2019,PHEV,6,2026-07-31
10804,2020,BEV,34,2026-07-31
10804,2020,PHEV,2,2026-07-31
10804,2021,BEV,33,2026-07-31
10804,2021,PHEV,17,2026-07-31
10804,2022,BEV,68,2026-07-31
10804,2022,PHEV,9,2026-07-31
10804,2023,BEV,71,2026-07-31
10804,2023,PHEV,21,2026-07-31
10804,2024,BEV,92,2026-07-31
10804,2024,PHEV,50,2026-07-31
10804,2025,BEV,90,2026-07-31
10804,2025,PHEV,36,2026-07-31
10804,2026,BEV,45,2026-07-31
10804,2026,PHEV,5,2026-07-31
10805,2017,BEV,2,2026-07-31
10805,2017,PHEV,1,2026-07-31
10805,2018,BEV,2,2026-07-31
10805,2018,PHEV,5,2026-07-31
10805,2019,BEV,7,2026-07-31
10805,2019,PHEV,2,2026-07-31
10805,2020,BEV,12,2026-07-31
10805,2020,PHEV,1,2026-07-31
10805,2021,BEV,5,2026-07-31
10805,2021,PHEV,2,2026-07-31
10805,2022,BEV,22,2026-07-31
10805,2022,PHEV,4,2026-07-31
10805,2023,BEV,23,2026-07-31
10805,2023,PHEV,12,2026-07-31
10805,2024,BEV,29,2026-07-31
10805,2024,PHEV,19,2026-07-31
10805,2025,BEV,26,2026-07-31
10805,2025,PHEV,17,2026-07-31
10805,2026,BEV,15,2026-07-31
10901,2017,BEV,4,2026-07-31
10901,2017,PHEV,3,2026-07-31
10901,2018,BEV,4,2026-07-31
10901,2018,PHEV,13,2026-07-31
10901,2019,BEV,7,2026-07-31
10901,2019,PHEV,3,2026-07-31
10901,2020,BEV,37,2026-07-31
10901,2020,PHEV,3,2026-07-31
10901,2021,BEV,42,2026-07-31
10901,2021,PHEV,8,2026-07-31
10901,2022,BEV,62,2026-07-31
10901,2022,PHEV,7,2026-07-31
10901,2023,BEV,65,2026-07-31
10901,2023,PHEV,11,2026-07-31
10901,2024,BEV,78,2026-07-31
10901,2024,PHEV,9,2026-07-31
10901,2025,BEV,74,2026-07-31
10901,2025,PHEV,15,2026-07-31
10901,2026,BEV,54,2026-07-31
10913,2017,PHEV,2,2026-07-31
10913,2018,PHEV,2,2026-07-31
10913,2019,BEV,1,2026-07-31
10913,2019,PHEV,1,2026-07-31
10913,2020,BEV,11,2026-07-31
10913,2021,BEV,8,2026-07-31
10913,2021,PHEV,2,2026-07-31
10913,2022,BEV,11,2026-07-31
10913,2022,PHEV,1,2026-07-31
10913,2023,BEV,20,2026-07-31
10913,2023,PHEV,1,2026-07-31
10913,2024,BEV,20,2026-07-31
10913,2024,PHEV,1,2026-07-31
10913,2025,BEV,17,2026-07-31
10913,2025,PHEV,3,2026-07-31
10913,2026,BEV,8,2026-07-31
10913,2026,PHEV,3,2026-07-31
10916,2017,BEV,1,2026-07-31
10916,2017,PHEV,1,2026-07-31
10916,2018,PHEV,2,2026-07-31
10916,2019,BEV,3,2026-07-31
10916,2020,BEV,3,2026-07-31
10916,2020,PHEV,3,2026-07-31
10916,2021,BEV,6,2026-07-31
10916,2021,PHEV,3,2026-07-31
10916,2022,BEV,12,2026-07-31
10916,2022,PHEV,3,2026-07-31
10916,2023,BEV,7,2026-07-31
10916,2023,PHEV,2,2026-07-31
10916,2024,BEV,8,2026-07-31
10916,2025,BEV,8,2026-07-31
10916,2025,PHEV,2,2026-07-31
10916,2026,BEV,6,2026-07-31
10917,2017,PHEV,1,2026-07-31
10917,2019,BEV,2,2026-07-31
10917,2019,PHEV,1,2026-07-31
10917,2020,BEV,3,2026-07-31
10917,2021,BEV,2,2026-07-31
10917,2021,PHEV,1,2026-07-31
10917,2022,BEV,11,2026-07-31
10917,2023,BEV,10,2026-07-31
10917,2023,PHEV,1,2026-07-31
10917,2024,BEV,4,2026-07-31
10917,2024,PHEV,1,2026-07-31
10917,2025,BEV,4,2026-07-31
10917,2025,PHEV,1,2026-07-31
10917,2026,BEV,1,2026-07-31
10918,2017,PHEV,2,2026-07-31
10918,2018,BEV,2,2026-07-31
10918,2018,PHEV,5,2026-07-31
10918,2019,BEV,3,2026-07-31
10918,2019,PHEV,2,2026-07-31
10918,2020,BEV,5,2026-07-31
10918,2020,PHEV,3,2026-07-31
10918,2021,BEV,10,2026-07-31
10918,2021,PHEV,6,2026-07-31
10918,2022,BEV,21,2026-07-31
10918,2022,PHEV,7,2026-07-31
10918,2023,BEV,24,2026-07-31
10918,2023,PHEV,4,2026-07-31
10918,2024,BEV,32,2026-07-31
10918,2024,PHEV,7,2026-07-31
10918,2025,BEV,25,2026-07-31
10918,2025,PHEV,5,2026-07-31
10918,2026,BEV,9,2026-07-31
10919,2018,PHEV,1,2026-07-31
10919,2020,BEV,1,2026-07-31
10919,2021,PHEV,1,2026-07-31
10919,2022,BEV,1,2026-07-31
10919,2023,PHEV,1,2026-07-31
10919,2024,BEV,1,2026-07-31
10919,2024,PHEV,1,2026-07-31
10920,2017,BEV,2,2026-07-31
10920,2018,BEV,2,2026-07-31
10920,2018,PHEV,6,2026-07-31
10920,2019,BEV,8,2026-07-31
10920,2019,PHEV,3,2026-07-31
10920,2020,BEV,7,2026-07-31
10920,2020,PHEV,5,2026-07-31
10920,2021,BEV,20,2026-07-31
10920,2021,PHEV,3,2026-07-31
10920,2022,BEV,25,2026-07-31
10920,2022,PHEV,3,2026-07-31
10920,2023,BEV,29,2026-07-31
10920,2023,PHEV,1,2026-07-31
10920,2024,BEV,22,2026-07-31
10920,2024,PHEV,5,2026-07-31
10920,2025,BEV,26,2026-07-31
10920,2025,PHEV,1,2026-07-31
10920,2026,BEV,13,2026-07-31
10920,2026,PHEV,1,2026-07-31
10921,2017,PHEV,1,2026-07-31
10921,2018,BEV,1,2026-07-31
10921,2018,PHEV,1,2026-07-31
10921,2019,BEV,1,2026-07-31
10921,2019,PHEV,2,2026-07-31
10921,2020,BEV,1,2026-07-31
10921,2020,PHEV,1,2026-07-31
10921,2021,BEV,6,2026-07-31
10921,2021,PHEV,1,2026-07-31
10921,2022,BEV,6,2026-07-31
10921,2022,PHEV,1,2026-07-31
10921,2023,BEV,2,2026-07-31
10921,2023,PHEV,1,2026-07-31
10921,2024,BEV,5,2026-07-31
10921,2024,PHEV,2,2026-07-31
10921,2025,BEV,6,2026-07-31
10921,2025,PHEV,1,2026-07-31
10921,2026,BEV,1,2026-07-31
10922,2024,PHEV,1,2026-07-31
10922,2025,BEV,1,2026-07-31
10923,2018,PHEV,4,2026-07-31
10923,2019,BEV,3,2026-07-31
10923,2020,BEV,1,2026-07-31
10923,2021,BEV,4,2026-07-31
10923,2021,PHEV,1,2026-07-31
10923,2022,BEV,12,2026-07-31
10923,2023,BEV,8,2026-07-31
10923,2024,BEV,30,2026-07-31
10923,2024,PHEV,2,2026-07-31
10923,2025,BEV,13,2026-07-31
10923,2025,PHEV,1,2026-07-31
10923,2026,BEV,10,2026-07-31
10924,2017,BEV,1,2026-07-31
10924,2017,PHEV,1,2026-07-31
10924,2018,BEV,2,2026-07-31
10924,2018,PHEV,12,2026-07-31
10924,2019,BEV,7,2026-07-31
10924,2019,PHEV,1,2026-07-31
10924,2020,BEV,18,2026-07-31
10924,2020,PHEV,1,2026-07-31
10924,2021,BEV,13,2026-07-31
10924,2021,PHEV,7,2026-07-31
10924,2022,BEV,36,2026-07-31
10924,2022,PHEV,10,2026-07-31
10924,2023,BEV,37,2026-07-31
10924,2023,PHEV,10,2026-07-31
10924,2024,BEV,36,2026-07-31
10924,2024,PHEV,11,2026-07-31
10924,2025,BEV,31,2026-07-31
10924,2025,PHEV,2,2026-07-31
10924,2026,BEV,20,2026-07-31
10925,2017,PHEV,2,2026-07-31
10925,2019,BEV,1,2026-07-31
10925,2020,BEV,2,2026-07-31
10925,2021,BEV,3,2026-07-31
10925,2021,PHEV,1,2026-07-31
10925,2022,BEV,4,2026-07-31
10925,2022,PHEV,1,2026-07-31
10925,2023,BEV,8,2026-07-31
10925,2023,PHEV,1,2026-07-31
10925,2024,BEV,8,2026-07-31
10925,2024,PHEV,1,2026-07-31
10925,2025,BEV,3,2026-07-31
10925,2025,PHEV,2,2026-07-31
10925,2026,BEV,5,2026-07-31
10926,2018,BEV,1,2026-07-31
10926,2018,PHEV,1,2026-07-31
10926,2019,BEV,2,2026-07-31
10926,2021,BEV,3,2026-07-31
10926,2021,PHEV,1,2026-07-31
10926,2022,BEV,5,2026-07-31
10926,2022,PHEV,2,2026-07-31
10926,2023,BEV,8,2026-07-31
10926,2023,PHEV,2,2026-07-31
10926,2024,BEV,11,2026-07-31
10926,2024,PHEV,2,2026-07-31
10926,2025,BEV,6,2026-07-31
10926,2025,PHEV,1,2026-07-31
10926,2026,BEV,7,2026-07-31
10927,2017,BEV,1,2026-07-31
10927,2017,PHEV,1,2026-07-31
10927,2018,BEV,1,2026-07-31
10927,2019,BEV,1,2026-07-31
10927,2020,BEV,2,2026-07-31
10927,2020,PHEV,1,2026-07-31
10927,2021,BEV,5,2026-07-31
10927,2021,PHEV,1,2026-07-31
10927,2022,BEV,9,2026-07-31
10927,2022,PHEV,1,2026-07-31
10927,2023,BEV,10,2026-07-31
10927,2023,PHEV,3,2026-07-31
10927,2024,BEV,8,2026-07-31
10927,2024,PHEV,5,2026-07-31
10927,2025,BEV,17,2026-07-31
10927,2025,PHEV,4,2026-07-31
10927,2026,BEV,6,2026-07-31
10928,2017,PHEV,4,2026-07-31
10928,2018,BEV,1,2026-07-31
10928,2019,BEV,2,2026-07-31
10928,2020,BEV,4,2026-07-31
10928,2021,BEV,3,2026-07-31
10928,2021,PHEV,1,2026-07-31
10928,2022,BEV,1,2026-07-31
10928,2022,PHEV,1,2026-07-31
10928,2023,BEV,15,2026-07-31
10928,2023,PHEV,1,2026-07-31
10928,2024,BEV,7,2026-07-31
10928,2024,PHEV,1,2026-07-31
10928,2025,BEV,10,2026-07-31
10928,2025,PHEV,1,2026-07-31
10928,2026,BEV,7,2026-07-31
10930,2017,BEV,1,2026-07-31
10930,2017,PHEV,4,2026-07-31
10930,2018,BEV,2,2026-07-31
10930,2018,PHEV,3,2026-07-31
10930,2019,BEV,5,2026-07-31
10930,2019,PHEV,1,2026-07-31
10930,2020,BEV,5,2026-07-31
10930,2020,PHEV,1,2026-07-31
10930,2021,BEV,12,2026-07-31
10930,2021,PHEV,6,2026-07-31
10930,2022,BEV,16,2026-07-31
10930,2022,PHEV,2,2026-07-31
10930,2023,BEV,19,2026-07-31
10930,2023,PHEV,5,2026-07-31
10930,2024,BEV,27,2026-07-31
10930,2024,PHEV,7,2026-07-31
10930,2025,BEV,30,2026-07-31
10930,2025,PHEV,3,2026-07-31
10930,2026,BEV,6,2026-07-31
10931,2019,BEV,1,2026-07-31
10931,2021,BEV,1,2026-07-31
10931,2023,PHEV,1,2026-07-31
10931,2024,BEV,1,2026-07-31
10931,2025,BEV,2,2026-07-31
10933,2020,BEV,1,2026-07-31
10933,2021,BEV,2,2026-07-31
10933,2021,PHEV,1,2026-07-31
10933,2022,BEV,1,2026-07-31
10933,2023,BEV,1,2026-07-31
10933,2024,BEV,1,2026-07-31
10933,2025,BEV,3,2026-07-31
10933,2026,BEV,1,2026-07-31
10940,2017,PHEV,7,2026-07-31
10940,2018,BEV,1,2026-07-31
10940,2018,PHEV,13,2026-07-31
10940,2019,BEV,9,2026-07-31
10940,2019,PHEV,7,2026-07-31
10940,2020,BEV,14,2026-07-31
10940,2020,PHEV,2,2026-07-31
10940,2021,BEV,24,2026-07-31
10940,2021,PHEV,25,2026-07-31
10940,2022,BEV,48,2026-07-31
10940,2022,PHEV,10,2026-07-31
10940,2023,BEV,60,2026-07-31
10940,2023,PHEV,21,2026-07-31
10940,2024,BEV,63,2026-07-31
10940,2024,PHEV,29,2026-07-31
10940,2025,BEV,95,2026-07-31
10940,2025,PHEV,9,2026-07-31
10940,2026,BEV,47,2026-07-31
10940,2026,PHEV,3,2026-07-31
10941,2017,BEV,1,2026-07-31
10941,2018,PHEV,8,2026-07-31
10941,2019,PHEV,2,2026-07-31
10941,2020,BEV,1,2026-07-31
10941,2020,PHEV,3,2026-07-31
10941,2021,BEV,9,2026-07-31
10941,2021,PHEV,6,2026-07-31
10941,2022,BEV,7,2026-07-31
10941,2022,PHEV,2,2026-07-31
10941,2023,BEV,17,2026-07-31
10941,2023,PHEV,7,2026-07-31
10941,2024,BEV,14,2026-07-31
10941,2024,PHEV,10,2026-07-31
10941,2025,BEV,20,2026-07-31
10941,2025,PHEV,5,2026-07-31
10941,2026,BEV,14,2026-07-31
10950,2017,BEV,9,2026-07-31
10950,2017,PHEV,8,2026-07-31
10950,2018,BEV,2,2026-07-31
10950,2018,PHEV,9,2026-07-31
10950,2019,BEV,16,2026-07-31
10950,2019,PHEV,4,2026-07-31
10950,2020,BEV,28,2026-07-31
10950,2020,PHEV,12,2026-07-31
10950,2021,BEV,40,2026-07-31
10950,2021,PHEV,13,2026-07-31
10950,2022,BEV,71,2026-07-31
10950,2022,PHEV,10,2026-07-31
10950,2023,BEV,79,2026-07-31
10950,2023,PHEV,11,2026-07-31
10950,2024,BEV,77,2026-07-31
10950,2024,PHEV,24,2026-07-31
10950,2025,BEV,89,2026-07-31
10950,2025,PHEV,19,2026-07-31
10950,2026,BEV,47,2026-07-31
10950,2026,PHEV,3,2026-07-31
10952,2017,BEV,23,2026-07-31
10952,2017,PHEV,1,2026-07-31
10952,2018,BEV,5,2026-07-31
10952,2018,PHEV,13,2026-07-31
10952,2019,BEV,8,2026-07-31
10952,2019,PHEV,3,2026-07-31
10952,2020,BEV,28,2026-07-31
10952,2020,PHEV,13,2026-07-31
10952,2021,BEV,32,2026-07-31
10952,2021,PHEV,15,2026-07-31
10952,2022,BEV,69,2026-07-31
10952,2022,PHEV,4,2026-07-31
10952,2023,BEV,54,2026-07-31
10952,2023,PHEV,14,2026-07-31
10952,2024,BEV,58,2026-07-31
10952,2024,PHEV,10,2026-07-31
10952,2025,BEV,83,2026-07-31
10952,2025,PHEV,6,2026-07-31
10952,2026,BEV,52,2026-07-31
10952,2026,PHEV,4,2026-07-31
10953,2023,BEV,1,2026-07-31
10954,2017,BEV,1,2026-07-31
10954,2017,PHEV,1,2026-07-31
10954,2018,BEV,2,2026-07-31
10954,2018,PHEV,6,2026-07-31
10954,2019,BEV,6,2026-07-31
10954,2019,PHEV,1,2026-07-31
10954,2020,BEV,17,2026-07-31
10954,2020,PHEV,3,2026-07-31
10954,2021,BEV,17,2026-07-31
10954,2021,PHEV,10,2026-07-31
10954,2022,BEV,44,2026-07-31
10954,2022,PHEV,6,2026-07-31
10954,2023,BEV,65,2026-07-31
10954,2023,PHEV,7,2026-07-31
10954,2024,BEV,64,2026-07-31
10954,2024,PHEV,7,2026-07-31
10954,2025,BEV,69,2026-07-31
10954,2025,PHEV,9,2026-07-31
10954,2026,BEV,32,2026-07-31
10954,2026,PHEV,6,2026-07-31
10956,2017,BEV,13,2026-07-31
10956,2017,PHEV,10,2026-07-31
10956,2018,BEV,7,2026-07-31
10956,2018,PHEV,5,2026-07-31
10956,2019,BEV,19,2026-07-31
10956,2019,PHEV,4,2026-07-31
10956,2020,BEV,39,2026-07-31
10956,2020,PHEV,3,2026-07-31
10956,2021,BEV,52,2026-07-31
10956,2021,PHEV,16,2026-07-31
10956,2022,BEV,103,2026-07-31
10956,2022,PHEV,9,2026-07-31
10956,2023,BEV,116,2026-07-31
10956,2023,PHEV,11,2026-07-31
10956,2024,BEV,159,2026-07-31
10956,2024,PHEV,25,2026-07-31
10956,2025,BEV,121,2026-07-31
10956,2025,PHEV,14,2026-07-31
10956,2026,BEV,57,2026-07-31
10956,2026,PHEV,3,2026-07-31
10958,2017,BEV,1,2026-07-31
10958,2018,BEV,2,2026-07-31
10958,2018,PHEV,4,2026-07-31
10958,2019,BEV,1,2026-07-31
10958,2020,BEV,2,2026-07-31
10958,2021,BEV,1,2026-07-31
10958,2021,PHEV,3,2026-07-31
10958,2022,BEV,9,2026-07-31
10958,2022,PHEV,2,2026-07-31
10958,2023,BEV,8,2026-07-31
10958,2023,PHEV,1,2026-07-31
10958,2024,BEV,4,2026-07-31
10958,2024,PHEV,2,2026-07-31
10958,2025,BEV,7,2026-07-31
10958,2025,PHEV,1,2026-07-31
10958,2026,BEV,3,2026-07-31
10960,2017,BEV,5,2026-07-31
10960,2017,PHEV,5,2026-07-31
10960,2018,BEV,2,2026-07-31
10960,2018,PHEV,5,2026-07-31
10960,2019,BEV,13,2026-07-31
10960,2019,PHEV,8,2026-07-31
10960,2020,BEV,31,2026-07-31
10960,2020,PHEV,2,2026-07-31
10960,2021,BEV,34,2026-07-31
10960,2021,PHEV,13,2026-07-31
10960,2022,BEV,33,2026-07-31
10960,2022,PHEV,5,2026-07-31
10960,2023,BEV,49,2026-07-31
10960,2023,PHEV,11,2026-07-31
10960,2024,BEV,45,2026-07-31
10960,2024,PHEV,21,2026-07-31
10960,2025,BEV,42,2026-07-31
10960,2025,PHEV,10,2026-07-31
10960,2026,BEV,28,2026-07-31
10960,2026,PHEV,2,2026-07-31
10962,2018,PHEV,1,2026-07-31
10962,2019,BEV,2,2026-07-31
10962,2019,PHEV,1,2026-07-31
10962,2020,BEV,4,2026-07-31
10962,2021,BEV,7,2026-07-31
10962,2022,BEV,11,2026-07-31
10962,2023,BEV,18,2026-07-31
10962,2024,BEV,13,2026-07-31
10962,2025,BEV,15,2026-07-31
10962,2025,PHEV,2,2026-07-31
10962,2026,BEV,10,2026-07-31
10962,2026,PHEV,1,2026-07-31
10963,2017,PHEV,1,2026-07-31
10963,2018,PHEV,1,2026-07-31
10963,2020,BEV,2,2026-07-31
10963,2021,BEV,5,2026-07-31
10963,2021,PHEV,3,2026-07-31
10963,2022,BEV,3,2026-07-31
10963,2023,BEV,5,2026-07-31
10963,2023,PHEV,1,2026-07-31
10963,2024,BEV,3,2026-07-31
10963,2025,BEV,7,2026-07-31
10963,2026,BEV,2,2026-07-31
10963,2026,PHEV,1,2026-07-31
10964,2017,BEV,1,2026-07-31
10964,2017,PHEV,1,2026-07-31
10964,2019,BEV,2,2026-07-31
10964,2019,PHEV,1,2026-07-31
10964,2020,BEV,8,2026-07-31
10964,2021,BEV,7,2026-07-31
10964,2021,PHEV,1,2026-07-31
10964,2022,BEV,15,2026-07-31
10964,2022,PHEV,2,2026-07-31
10964,2023,BEV,5,2026-07-31
10964,2024,BEV,6,2026-07-31
10964,2024,PHEV,3,2026-07-31
10964,2025,BEV,7,2026-07-31
10964,2025,PHEV,2,2026-07-31
10964,2026,BEV,7,2026-07-31
10965,2017,BEV,1,2026-07-31
10965,2017,PHEV,1,2026-07-31
10965,2018,BEV,1,2026-07-31
10965,2018,PHEV,1,2026-07-31
10965,2019,BEV,3,2026-07-31
10965,2019,PHEV,3,2026-07-31
10965,2020,BEV,4,2026-07-31
10965,2020,PHEV,1,2026-07-31
10965,2021,BEV,9,2026-07-31
10965,2021,PHEV,2,2026-07-31
10965,2022,BEV,14,2026-07-31
10965,2022,PHEV,3,2026-07-31
10965,2023,BEV,16,2026-07-31
10965,2023,PHEV,5,2026-07-31
10965,2024,BEV,26,2026-07-31
10965,2024,PHEV,2,2026-07-31
10965,2025,BEV,23,2026-07-31
10965,2025,PHEV,2,2026-07-31
10965,2026,BEV,13,2026-07-31
10965,2026,PHEV,1,2026-07-31
10968,2017,PHEV,1,2026-07-31
10968,2018,BEV,2,2026-07-31
10968,2018,PHEV,3,2026-07-31
10968,2019,BEV,1,2026-07-31
10968,2020,BEV,11,2026-07-31
10968,2020,PHEV,1,2026-07-31
10968,2021,BEV,4,2026-07-31
10968,2021,PHEV,1,2026-07-31
10968,2022,BEV,16,2026-07-31
10968,2022,PHEV,1,2026-07-31
10968,2023,BEV,11,2026-07-31
10968,2023,PHEV,1,2026-07-31
10968,2024,BEV,5,2026-07-31
10968,2024,PHEV,2,2026-07-31
10968,2025,BEV,6,2026-07-31
10968,2025,PHEV,1,2026-07-31
10968,2026,BEV,6,2026-07-31
10968,2026,PHEV,3,2026-07-31
10969,2021,BEV,1,2026-07-31
10969,2023,BEV,4,2026-07-31
10969,2023,PHEV,1,2026-07-31
10969,2024,BEV,1,2026-07-31
10969,2024,PHEV,1,2026-07-31
10969,2025,BEV,1,2026-07-31
10970,2017,BEV,3,2026-07-31
10970,2018,PHEV,4,2026-07-31
10970,2019,BEV,6,2026-07-31
10970,2019,PHEV,2,2026-07-31
10970,2020,BEV,20,2026-07-31
10970,2020,PHEV,2,2026-07-31
10970,2021,BEV,20,2026-07-31
10970,2021,PHEV,1,2026-07-31
10970,2022,BEV,34,2026-07-31
10970,2022,PHEV,2,2026-07-31
10970,2023,BEV,39,2026-07-31
10970,2023,PHEV,9,2026-07-31
10970,2024,BEV,41,2026-07-31
10970,2024,PHEV,4,2026-07-31
10970,2025,BEV,40,2026-07-31
10970,2025,PHEV,4,2026-07-31
10970,2026,BEV,29,2026-07-31
10973,2017,PHEV,1,2026-07-31
10973,2018,PHEV,1,2026-07-31
10973,2019,BEV,1,2026-07-31
10973,2020,BEV,1,2026-07-31
10973,2020,PHEV,1,2026-07-31
10973,2021,BEV,1,2026-07-31
10973,2021,PHEV,3,2026-07-31
10973,2023,BEV,1,2026-07-31
10973,2023,PHEV,2,2026-07-31
10973,2024,BEV,4,2026-07-31
10973,2025,BEV,6,2026-07-31
10973,2025,PHEV,2,2026-07-31
10973,2026,BEV,2,2026-07-31
10974,2019,BEV,1,2026-07-31
10974,2020,BEV,6,2026-07-31
10974,2021,BEV,4,2026-07-31
10974,2022,BEV,1,2026-07-31
10974,2022,PHEV,2,2026-07-31
10974,2023,BEV,4,2026-07-31
10974,2024,BEV,9,2026-07-31
10974,2024,PHEV,4,2026-07-31
10974,2025,BEV,5,2026-07-31
10974,2025,PHEV,2,2026-07-31
10974,2026,BEV,4,2026-07-31
10974,2026,PHEV,1,2026-07-31
10975,2021,PHEV,1,2026-07-31
10975,2022,BEV,1,2026-07-31
10975,2023,BEV,1,2026-07-31
10975,2025,BEV,1,2026-07-31
10976,2019,BEV,2,2026-07-31
10976,2020,BEV,2,2026-07-31
10976,2020,PHEV,1,2026-07-31
10976,2021,BEV,1,2026-07-31
10976,2022,BEV,3,2026-07-31
10976,2023,BEV,7,2026-07-31
10976,2023,PHEV,1,2026-07-31
10976,2024,BEV,5,2026-07-31
10976,2025,BEV,6,2026-07-31
10976,2025,PHEV,1,2026-07-31
10976,2026,BEV,6,2026-07-31
10977,2017,BEV,17,2026-07-31
10977,2017,PHEV,2,2026-07-31
10977,2018,BEV,2,2026-07-31
10977,2018,PHEV,16,2026-07-31
10977,2019,BEV,8,2026-07-31
10977,2019,PHEV,1,2026-07-31
10977,2020,BEV,37,2026-07-31
10977,2020,PHEV,15,2026-07-31
10977,2021,BEV,30,2026-07-31
10977,2021,PHEV,11,2026-07-31
10977,2022,BEV,73,2026-07-31
10977,2022,PHEV,7,2026-07-31
10977,2023,BEV,63,2026-07-31
10977,2023,PHEV,16,2026-07-31
10977,2024,BEV,79,2026-07-31
10977,2024,PHEV,15,2026-07-31
10977,2025,BEV,82,2026-07-31
10977,2025,PHEV,15,2026-07-31
10977,2026,BEV,50,2026-07-31
10977,2026,PHEV,7,2026-07-31
10980,2017,BEV,3,2026-07-31
10980,2017,PHEV,2,2026-07-31
10980,2018,BEV,2,2026-07-31
10980,2018,PHEV,2,2026-07-31
10980,2019,BEV,7,2026-07-31
10980,2020,BEV,4,2026-07-31
10980,2020,PHEV,1,2026-07-31
10980,2021,BEV,13,2026-07-31
10980,2021,PHEV,4,2026-07-31
10980,2022,BEV,22,2026-07-31
10980,2022,PHEV,3,2026-07-31
10980,2023,BEV,28,2026-07-31
10980,2023,PHEV,2,2026-07-31
10980,2024,BEV,21,2026-07-31
10980,2024,PHEV,8,2026-07-31
10980,2025,BEV,31,2026-07-31
10980,2025,PHEV,2,2026-07-31
10980,2026,BEV,22,2026-07-31
10980,2026,PHEV,1,2026-07-31
10983,2017,PHEV,3,2026-07-31
10983,2018,BEV,1,2026-07-31
10983,2019,BEV,3,2026-07-31
10983,2019,PHEV,1,2026-07-31
10983,2020,BEV,7,2026-07-31
10983,2021,BEV,8,2026-07-31
10983,2021,PHEV,3,2026-07-31
10983,2022,BEV,17,2026-07-31
10983,2022,PHEV,2,2026-07-31
10983,2023,BEV,17,2026-07-31
10983,2023,PHEV,1,2026-07-31
10983,2024,BEV,23,2026-07-31
10983,2024,PHEV,4,2026-07-31
10983,2025,BEV,18,2026-07-31
10983,2025,PHEV,1,2026-07-31
10983,2026,BEV,17,2026-07-31
10984,2017,BEV,2,2026-07-31
10984,2018,BEV,1,2026-07-31
10984,2019,BEV,1,2026-07-31
10984,2019,PHEV,1,2026-07-31
10984,2020,BEV,1,2026-07-31
10984,2021,BEV,4,2026-07-31
10984,2022,BEV,2,2026-07-31
10984,2023,BEV,3,2026-07-31
10984,2023,PHEV,1,2026-07-31
10984,2024,BEV,5,2026-07-31
10984,2025,BEV,6,2026-07-31
10984,2026,BEV,3,2026-07-31
10985,2023,PHEV,1,2026-07-31
10986,2019,BEV,2,2026-07-31
10986,2020,BEV,2,2026-07-31
10986,2021,BEV,3,2026-07-31
10986,2021,PHEV,1,2026-07-31
10986,2022,BEV,3,2026-07-31
10986,2023,BEV,6,2026-07-31
10986,2024,BEV,7,2026-07-31
10986,2025,BEV,3,2026-07-31
10986,2026,BEV,2,2026-07-31
10987,2018,BEV,1,2026-07-31
10987,2018,PHEV,1,2026-07-31
10987,2019,BEV,3,2026-07-31
10987,2020,BEV,5,2026-07-31
10987,2021,BEV,9,2026-07-31
10987,2022,BEV,10,2026-07-31
10987,2022,PHEV,1,2026-07-31
10987,2023,BEV,15,2026-07-31
10987,2023,PHEV,3,2026-07-31
10987,2024,BEV,16,2026-07-31
10987,2024,PHEV,3,2026-07-31
10987,2025,BEV,18,2026-07-31
10987,2026,BEV,8,2026-07-31
10987,2026,PHEV,2,2026-07-31
10988,2021,BEV,1,2026-07-31
10989,2017,BEV,1,2026-07-31
10989,2017,PHEV,2,2026-07-31
10989,2018,PHEV,4,2026-07-31
10989,2019,BEV,2,2026-07-31
10989,2019,PHEV,3,2026-07-31
10989,2020,BEV,1,2026-07-31
10989,2021,BEV,11,2026-07-31
10989,2021,PHEV,2,2026-07-31
10989,2022,BEV,19,2026-07-31
10989,2022,PHEV,8,2026-07-31
10989,2023,BEV,25,2026-07-31
10989,2023,PHEV,7,2026-07-31
10989,2024,BEV,26,2026-07-31
10989,2024,PHEV,5,2026-07-31
10989,2025,BEV,33,2026-07-31
10989,2025,PHEV,1,2026-07-31
10989,2026,BEV,12,2026-07-31
10990,2017,BEV,2,2026-07-31
10990,2017,PHEV,8,2026-07-31
10990,2018,BEV,1,2026-07-31
10990,2018,PHEV,9,2026-07-31
10990,2019,BEV,11,2026-07-31
10990,2019,PHEV,5,2026-07-31
10990,2020,BEV,17,2026-07-31
10990,2021,BEV,17,2026-07-31
10990,2021,PHEV,10,2026-07-31
10990,2022,BEV,36,2026-07-31
10990,2022,PHEV,1,2026-07-31
10990,2023,BEV,44,2026-07-31
10990,2023,PHEV,14,2026-07-31
10990,2024,BEV,34,2026-07-31
10990,2024,PHEV,11,2026-07-31
10990,2025,BEV,30,2026-07-31
10990,2025,PHEV,5,2026-07-31
10990,2026,BEV,15,2026-07-31
10990,2026,PHEV,2,2026-07-31
10992,2017,BEV,1,2026-07-31
10992,2017,PHEV,3,2026-07-31
10992,2018,BEV,1,2026-07-31
10992,2018,PHEV,5,2026-07-31
10992,2019,PHEV,2,2026-07-31
10992,2020,BEV,2,2026-07-31
10992,2020,PHEV,1,2026-07-31
10992,2021,BEV,8,2026-07-31
10992,2021,PHEV,2,2026-07-31
10992,2022,BEV,7,2026-07-31
10992,2022,PHEV,8,2026-07-31
10992,2023,BEV,10,2026-07-31
10992,2023,PHEV,3,2026-07-31
10992,2024,BEV,18,2026-07-31
10992,2024,PHEV,10,2026-07-31
10992,2025,BEV,25,2026-07-31
10992,2025,PHEV,2,2026-07-31
10992,2026,BEV,9,2026-07-31
10993,2018,PHEV,2,2026-07-31
10993,2019,BEV,1,2026-07-31
10993,2020,BEV,1,2026-07-31
10993,2021,BEV,2,2026-07-31
10993,2022,PHEV,1,2026-07-31
10993,2023,BEV,6,2026-07-31
10993,2023,PHEV,2,2026-07-31
10993,2024,BEV,9,2026-07-31
10993,2025,BEV,8,2026-07-31
10993,2026,BEV,4,2026-07-31
10993,2026,PHEV,1,2026-07-31
10994,2017,BEV,3,2026-07-31
10994,2018,BEV,2,2026-07-31
10994,2018,PHEV,1,2026-07-31
10994,2019,BEV,8,2026-07-31
10994,2019,PHEV,1,2026-07-31
10994,2020,BEV,7,2026-07-31
10994,2020,PHEV,3,2026-07-31
10994,2021,BEV,14,2026-07-31
10994,2021,PHEV,3,2026-07-31
10994,2022,BEV,19,2026-07-31
10994,2022,PHEV,2,2026-07-31
10994,2023,BEV,19,2026-07-31
10994,2023,PHEV,1,2026-07-31
10994,2024,BEV,31,2026-07-31
10994,2024,PHEV,6,2026-07-31
10994,2025,BEV,25,2026-07-31
10994,2025,PHEV,2,2026-07-31
10994,2026,BEV,5,2026-07-31
10996,2018,PHEV,1,2026-07-31
10996,2020,BEV,1,2026-07-31
10996,2021,BEV,1,2026-07-31
10996,2022,BEV,4,2026-07-31
10996,2022,PHEV,4,2026-07-31
10996,2023,BEV,6,2026-07-31
10996,2023,PHEV,1,2026-07-31
10996,2024,BEV,1,2026-07-31
10996,2024,PHEV,2,2026-07-31
10996,2025,BEV,3,2026-07-31
10996,2025,PHEV,1,2026-07-31
10996,2026,BEV,3,2026-07-31
10998,2018,BEV,1,2026-07-31
10998,2018,PHEV,3,2026-07-31
10998,2019,BEV,3,2026-07-31
10998,2020,BEV,3,2026-07-31
10998,2020,PHEV,1,2026-07-31
10998,2021,BEV,2,2026-07-31
10998,2021,PHEV,2,2026-07-31
10998,2022,BEV,3,2026-07-31
10998,2022,PHEV,4,2026-07-31
10998,2023,BEV,8,2026-07-31
10998,2023,PHEV,1,2026-07-31
10998,2024,BEV,7,2026-07-31
10998,2024,PHEV,2,2026-07-31
10998,2025,BEV,13,2026-07-31
10998,2025,PHEV,1,2026-07-31
10998,2026,BEV,5,2026-07-31
10998,2026,PHEV,1,2026-07-31
11001,2017,BEV,1,2026-07-31
11001,2017,PHEV,4,2026-07-31
11001,2018,BEV,7,2026-07-31
11001,2018,PHEV,4,2026-07-31
11001,2019,BEV,6,2026-07-31
11001,2019,PHEV,5,2026-07-31
11001,2020,BEV,21,2026-07-31
11001,2020,PHEV,2,2026-07-31
11001,2021,BEV,30,2026-07-31
11001,2021,PHEV,13,2026-07-31
11001,2022,BEV,42,2026-07-31
11001,2022,PHEV,15,2026-07-31
11001,2023,BEV,116,2026-07-31
11001,2023,PHEV,32,2026-07-31
11001,2024,BEV,99,2026-07-31
11001,2024,PHEV,25,2026-07-31
11001,2025,BEV,74,2026-07-31
11001,2025,PHEV,22,2026-07-31
11001,2026,BEV,33,2026-07-31
11001,2026,PHEV,8,2026-07-31
11003,2017,BEV,1,2026-07-31
11003,2018,BEV,1,2026-07-31
11003,2018,PHEV,6,2026-07-31
11003,2019,BEV,4,2026-07-31
11003,2019,PHEV,4,2026-07-31
11003,2020,BEV,12,2026-07-31
11003,2020,PHEV,7,2026-07-31
11003,2021,BEV,19,2026-07-31
11003,2021,PHEV,12,2026-07-31
11003,2022,BEV,43,2026-07-31
11003,2022,PHEV,12,2026-07-31
11003,2023,BEV,104,2026-07-31
11003,2023,PHEV,24,2026-07-31
11003,2024,BEV,91,2026-07-31
11003,2024,PHEV,36,2026-07-31
11003,2025,BEV,79,2026-07-31
11003,2025,PHEV,21,2026-07-31
11003,2026,BEV,38,2026-07-31
11003,2026,PHEV,7,2026-07-31
11004,2017,PHEV,4,2026-07-31
11004,2018,PHEV,3,2026-07-31
11004,2019,BEV,2,2026-07-31
11004,2019,PHEV,2,2026-07-31
11004,2020,BEV,4,2026-07-31
11004,2020,PHEV,2,2026-07-31
11004,2021,BEV,15,2026-07-31
11004,2021,PHEV,6,2026-07-31
11004,2022,BEV,33,2026-07-31
11004,2022,PHEV,5,2026-07-31
11004,2023,BEV,62,2026-07-31
11004,2023,PHEV,5,2026-07-31
11004,2024,BEV,42,2026-07-31
11004,2024,PHEV,10,2026-07-31
11004,2025,BEV,42,2026-07-31
11004,2025,PHEV,14,2026-07-31
11004,2026,BEV,14,2026-07-31
11004,2026,PHEV,1,2026-07-31
11005,2018,BEV,1,2026-07-31
11005,2020,PHEV,1,2026-07-31
11005,2021,BEV,1,2026-07-31
11005,2021,PHEV,3,2026-07-31
11005,2022,BEV,3,2026-07-31
11005,2024,BEV,1,2026-07-31
11005,2025,BEV,4,2026-07-31
11005,2025,PHEV,1,2026-07-31
11010,2017,PHEV,4,2026-07-31
11010,2018,PHEV,2,2026-07-31
11010,2019,BEV,6,2026-07-31
11010,2019,PHEV,9,2026-07-31
11010,2020,BEV,8,2026-07-31
11010,2020,PHEV,12,2026-07-31
11010,2021,BEV,17,2026-07-31
11010,2021,PHEV,11,2026-07-31
11010,2022,BEV,41,2026-07-31
11010,2022,PHEV,11,2026-07-31
11010,2023,BEV,65,2026-07-31
11010,2023,PHEV,33,2026-07-31
11010,2024,BEV,61,2026-07-31
11010,2024,PHEV,40,2026-07-31
11010,2025,BEV,85,2026-07-31
11010,2025,PHEV,22,2026-07-31
11010,2026,BEV,33,2026-07-31
11010,2026,PHEV,6,2026-07-31
11020,2017,BEV,2,2026-07-31
11020,2017,PHEV,1,2026-07-31
11020,2018,BEV,3,2026-07-31
11020,2018,PHEV,5,2026-07-31
11020,2019,BEV,11,2026-07-31
11020,2019,PHEV,4,2026-07-31
11020,2020,BEV,25,2026-07-31
11020,2020,PHEV,4,2026-07-31
11020,2021,BEV,26,2026-07-31
11020,2021,PHEV,4,2026-07-31
11020,2022,BEV,68,2026-07-31
11020,2022,PHEV,9,2026-07-31
11020,2023,BEV,76,2026-07-31
11020,2023,PHEV,3,2026-07-31
11020,2024,BEV,69,2026-07-31
11020,2024,PHEV,3,2026-07-31
11020,2025,BEV,57,2026-07-31
11020,2025,PHEV,8,2026-07-31
11020,2026,BEV,26,2026-07-31
11020,2026,PHEV,2,2026-07-31
11021,2017,BEV,2,2026-07-31
11021,2017,PHEV,6,2026-07-31
11021,2018,BEV,7,2026-07-31
11021,2018,PHEV,11,2026-07-31
11021,2019,BEV,17,2026-07-31
11021,2019,PHEV,6,2026-07-31
11021,2020,BEV,42,2026-07-31
11021,2020,PHEV,3,2026-07-31
11021,2021,BEV,32,2026-07-31
11021,2021,PHEV,19,2026-07-31
11021,2022,BEV,117,2026-07-31
11021,2022,PHEV,7,2026-07-31
11021,2023,BEV,142,2026-07-31
11021,2023,PHEV,26,2026-07-31
11021,2024,BEV,136,2026-07-31
11021,2024,PHEV,35,2026-07-31
11021,2025,BEV,154,2026-07-31
11021,2025,PHEV,16,2026-07-31
11021,2026,BEV,65,2026-07-31
11021,2026,PHEV,2,2026-07-31
11023,2017,PHEV,5,2026-07-31
11023,2018,BEV,1,2026-07-31
11023,2018,PHEV,6,2026-07-31
11023,2019,BEV,14,2026-07-31
11023,2019,PHEV,2,2026-07-31
11023,2020,BEV,27,2026-07-31
11023,2020,PHEV,6,2026-07-31
11023,2021,BEV,38,2026-07-31
11023,2021,PHEV,7,2026-07-31
11023,2022,BEV,97,2026-07-31
11023,2022,PHEV,10,2026-07-31
11023,2023,BEV,122,2026-07-31
11023,2023,PHEV,21,2026-07-31
11023,2024,BEV,132,2026-07-31
11023,2024,PHEV,17,2026-07-31
11023,2025,BEV,112,2026-07-31
11023,2025,PHEV,14,2026-07-31
11023,2026,BEV,34,2026-07-31
11023,2026,PHEV,2,2026-07-31
11024,2017,PHEV,5,2026-07-31
11024,2018,BEV,4,2026-07-31
11024,2018,PHEV,6,2026-07-31
11024,2019,BEV,11,2026-07-31
11024,2019,PHEV,3,2026-07-31
11024,2020,BEV,39,2026-07-31
11024,2020,PHEV,5,2026-07-31
11024,2021,BEV,31,2026-07-31
11024,2021,PHEV,5,2026-07-31
11024,2022,BEV,119,2026-07-31
11024,2022,PHEV,9,2026-07-31
11024,2023,BEV,125,2026-07-31
11024,2023,PHEV,22,2026-07-31
11024,2024,BEV,139,2026-07-31
11024,2024,PHEV,21,2026-07-31
11024,2025,BEV,100,2026-07-31
11024,2025,PHEV,7,2026-07-31
11024,2026,BEV,41,2026-07-31
11030,2017,BEV,1,2026-07-31
11030,2017,PHEV,6,2026-07-31
11030,2018,BEV,6,2026-07-31
11030,2018,PHEV,13,2026-07-31
11030,2019,BEV,42,2026-07-31
11030,2019,PHEV,5,2026-07-31
11030,2020,BEV,82,2026-07-31
11030,2020,PHEV,3,2026-07-31
11030,2021,BEV,47,2026-07-31
11030,2021,PHEV,18,2026-07-31
11030,2022,BEV,187,2026-07-31
11030,2022,PHEV,26,2026-07-31
11030,2023,BEV,148,2026-07-31
11030,2023,PHEV,48,2026-07-31
11030,2024,BEV,166,2026-07-31
11030,2024,PHEV,57,2026-07-31
11030,2025,BEV,170,2026-07-31
11030,2025,PHEV,30,2026-07-31
11030,2026,BEV,92,2026-07-31
11030,2026,PHEV,9,2026-07-31
11040,2017,BEV,2,2026-07-31
11040,2017,PHEV,13,2026-07-31
11040,2018,BEV,7,2026-07-31
11040,2018,PHEV,18,2026-07-31
11040,2019,BEV,45,2026-07-31
11040,2019,PHEV,13,2026-07-31
11040,2020,BEV,68,2026-07-31
11040,2020,PHEV,10,2026-07-31
11040,2021,BEV,90,2026-07-31
11040,2021,PHEV,37,2026-07-31
11040,2022,BEV,220,2026-07-31
11040,2022,PHEV,32,2026-07-31
11040,2023,BEV,345,2026-07-31
11040,2023,PHEV,66,2026-07-31
11040,2024,BEV,317,2026-07-31
11040,2024,PHEV,88,2026-07-31
11040,2025,BEV,256,2026-07-31
11040,2025,PHEV,50,2026-07-31
11040,2026,BEV,127,2026-07-31
11040,2026,PHEV,15,2026-07-31
11042,2019,BEV,1,2026-07-31
11042,2023,BEV,1,2026-07-31
11042,2023,PHEV,1,2026-07-31
11042,2024,BEV,1,2026-07-31
11042,2024,PHEV,1,2026-07-31
11050,2017,BEV,6,2026-07-31
11050,2017,PHEV,15,2026-07-31
11050,2018,BEV,11,2026-07-31
11050,2018,PHEV,21,2026-07-31
11050,2019,BEV,41,2026-07-31
11050,2019,PHEV,15,2026-07-31
11050,2020,BEV,60,2026-07-31
11050,2020,PHEV,15,2026-07-31
11050,2021,BEV,51,2026-07-31
11050,2021,PHEV,34,2026-07-31
11050,2022,BEV,143,2026-07-31
11050,2022,PHEV,39,2026-07-31
11050,2023,BEV,162,2026-07-31
11050,2023,PHEV,77,2026-07-31
11050,2024,BEV,182,2026-07-31
11050,2024,PHEV,98,2026-07-31
11050,2025,BEV,141,2026-07-31
11050,2025,PHEV,51,2026-07-31
11050,2026,BEV,62,2026-07-31
11050,2026,PHEV,10,2026-07-31
11096,2018,PHEV,1,2026-07-31
11096,2019,PHEV,3,2026-07-31
11096,2020,BEV,2,2026-07-31
11096,2020,PHEV,6,2026-07-31
11096,2021,PHEV,1,2026-07-31
11096,2022,BEV,8,2026-07-31
11096,2022,PHEV,1,2026-07-31
11096,2023,BEV,6,2026-07-31
11096,2023,PHEV,3,2026-07-31
11096,2024,BEV,9,2026-07-31
11096,2024,PHEV,11,2026-07-31
11096,2025,BEV,15,2026-07-31
11096,2025,PHEV,1,2026-07-31
11096,2026,BEV,7,2026-07-31
11096,2026,PHEV,2,2026-07-31
11101,2017,PHEV,2,2026-07-31
11101,2018,PHEV,4,2026-07-31
11101,2019,BEV,7,2026-07-31
11101,2019,PHEV,3,2026-07-31
11101,2020,BEV,59,2026-07-31
11101,2020,PHEV,5,2026-07-31
11101,2021,BEV,64,2026-07-31
11101,2021,PHEV,7,2026-07-31
11101,2022,BEV,71,2026-07-31
11101,2022,PHEV,46,2026-07-31
11101,2023,BEV,69,2026-07-31
11101,2023,PHEV,11,2026-07-31
11101,2024,BEV,79,2026-07-31
11101,2024,PHEV,30,2026-07-31
11101,2025,BEV,72,2026-07-31
11101,2025,PHEV,48,2026-07-31
11101,2026,BEV,64,2026-07-31
11101,2026,PHEV,4,2026-07-31
11102,2018,BEV,2,2026-07-31
11102,2018,PHEV,1,2026-07-31
11102,2019,BEV,3,2026-07-31
11102,2019,PHEV,3,2026-07-31
11102,2020,BEV,10,2026-07-31
11102,2020,PHEV,2,2026-07-31
11102,2021,BEV,12,2026-07-31
11102,2021,PHEV,1,2026-07-31
11102,2022,BEV,12,2026-07-31
11102,2022,PHEV,3,2026-07-31
11102,2023,BEV,33,2026-07-31
11102,2023,PHEV,10,2026-07-31
11102,2024,BEV,31,2026-07-31
11102,2024,PHEV,14,2026-07-31
11102,2025,BEV,20,2026-07-31
11102,2025,PHEV,2,2026-07-31
11102,2026,BEV,5,2026-07-31
11103,2017,BEV,1,2026-07-31
11103,2018,BEV,1,2026-07-31
11103,2018,PHEV,2,2026-07-31
11103,2019,BEV,3,2026-07-31
11103,2020,BEV,10,2026-07-31
11103,2020,PHEV,4,2026-07-31
11103,2021,BEV,6,2026-07-31
11103,2021,PHEV,6,2026-07-31
11103,2022,BEV,10,2026-07-31
11103,2022,PHEV,8,2026-07-31
11103,2023,BEV,45,2026-07-31
11103,2023,PHEV,6,2026-07-31
11103,2024,BEV,19,2026-07-31
11103,2024,PHEV,9,2026-07-31
11103,2025,BEV,15,2026-07-31
11103,2025,PHEV,3,2026-07-31
11103,2026,BEV,7,2026-07-31
11104,2017,BEV,1,2026-07-31
11104,2018,PHEV,4,2026-07-31
11104,2019,BEV,1,2026-07-31
11104,2020,BEV,6,2026-07-31
11104,2020,PHEV,4,2026-07-31
11104,2021,BEV,13,2026-07-31
11104,2021,PHEV,5,2026-07-31
11104,2022,BEV,9,2026-07-31
11104,2022,PHEV,1,2026-07-31
11104,2023,BEV,42,2026-07-31
11104,2023,PHEV,6,2026-07-31
11104,2024,BEV,9,2026-07-31
11104,2024,PHEV,2,2026-07-31
11104,2025,BEV,15,2026-07-31
11104,2025,PHEV,3,2026-07-31
11104,2026,BEV,9,2026-07-31
11105,2017,BEV,1,2026-07-31
11105,2018,BEV,5,2026-07-31
11105,2018,PHEV,3,2026-07-31
11105,2019,BEV,5,2026-07-31
11105,2019,PHEV,1,2026-07-31
11105,2020,BEV,15,2026-07-31
11105,2020,PHEV,1,2026-07-31
11105,2021,BEV,10,2026-07-31
11105,2021,PHEV,7,2026-07-31
11105,2022,BEV,27,2026-07-31
11105,2022,PHEV,5,2026-07-31
11105,2023,BEV,44,2026-07-31
11105,2023,PHEV,11,2026-07-31
11105,2024,BEV,20,2026-07-31
11105,2024,PHEV,19,2026-07-31
11105,2025,BEV,30,2026-07-31
11105,2025,PHEV,13,2026-07-31
11105,2026,BEV,18,2026-07-31
11105,2026,PHEV,2,2026-07-31
11106,2017,BEV,3,2026-07-31
11106,2018,BEV,4,2026-07-31
11106,2018,PHEV,4,2026-07-31
11106,2019,BEV,5,2026-07-31
11106,2019,PHEV,1,2026-07-31
11106,2020,BEV,12,2026-07-31
11106,2021,BEV,8,2026-07-31
11106,2021,PHEV,6,2026-07-31
11106,2022,BEV,27,2026-07-31
11106,2022,PHEV,7,2026-07-31
11106,2023,BEV,54,2026-07-31
11106,2023,PHEV,10,2026-07-31
11106,2024,BEV,24,2026-07-31
11106,2024,PHEV,15,2026-07-31
11106,2025,BEV,20,2026-07-31
11106,2025,PHEV,4,2026-07-31
11106,2026,BEV,6,2026-07-31
11106,2026,PHEV,1,2026-07-31
11109,2018,BEV,1,2026-07-31
11109,2020,BEV,11,2026-07-31
11109,2021,BEV,5,2026-07-31
11109,2022,BEV,8,2026-07-31
11109,2022,PHEV,1,2026-07-31
11109,2023,BEV,9,2026-07-31
11109,2024,BEV,4,2026-07-31
11109,2024,PHEV,1,2026-07-31
11109,2025,BEV,5,2026-07-31
11109,2026,BEV,4,2026-07-31
11201,2017,BEV,3,2026-07-31
11201,2017,PHEV,5,2026-07-31
11201,2018,BEV,7,2026-07-31
11201,2018,PHEV,1,2026-07-31
11201,2019,BEV,12,2026-07-31
11201,2019,PHEV,2,2026-07-31
11201,2020,BEV,87,2026-07-31
11201,2020,PHEV,6,2026-07-31
11201,2021,BEV,55,2026-07-31
11201,2021,PHEV,13,2026-07-31
11201,2022,BEV,100,2026-07-31
11201,2022,PHEV,21,2026-07-31
11201,2023,BEV,88,2026-07-31
11201,2023,PHEV,24,2026-07-31
11201,2024,BEV,61,2026-07-31
11201,2024,PHEV,34,2026-07-31
11201,2025,BEV,45,2026-07-31
11201,2025,PHEV,26,2026-07-31
11201,2026,BEV,23,2026-07-31
11201,2026,PHEV,6,2026-07-31
11203,2018,PHEV,2,2026-07-31
11203,2019,BEV,1,2026-07-31
11203,2019,PHEV,1,2026-07-31
11203,2020,BEV,9,2026-07-31
11203,2020,PHEV,3,2026-07-31
11203,2021,BEV,9,2026-07-31
11203,2021,PHEV,3,2026-07-31
11203,2022,BEV,15,2026-07-31
11203,2022,PHEV,1,2026-07-31
11203,2023,BEV,32,2026-07-31
11203,2023,PHEV,16,2026-07-31
11203,2024,BEV,20,2026-07-31
11203,2024,PHEV,15,2026-07-31
11203,2025,BEV,21,2026-07-31
11203,2025,PHEV,4,2026-07-31
11203,2026,BEV,8,2026-07-31
11203,2026,PHEV,1,2026-07-31
11204,2017,BEV,1,2026-07-31
11204,2018,PHEV,8,2026-07-31
11204,2019,BEV,9,2026-07-31
11204,2019,PHEV,3,2026-07-31
11204,2020,BEV,23,2026-07-31
11204,2020,PHEV,2,2026-07-31
11204,2021,BEV,22,2026-07-31
11204,2021,PHEV,9,2026-07-31
11204,2022,BEV,52,2026-07-31
11204,2023,BEV,96,2026-07-31
11204,2023,PHEV,19,2026-07-31
11204,2024,BEV,41,2026-07-31
11204,2024,PHEV,18,2026-07-31
11204,2025,BEV,55,2026-07-31
11204,2025,PHEV,9,2026-07-31
11204,2026,BEV,24,2026-07-31
11204,2026,PHEV,1,2026-07-31
11205,2017,BEV,1,2026-07-31
11205,2019,BEV,5,2026-07-31
11205,2019,PHEV,2,2026-07-31
11205,2020,BEV,16,2026-07-31
11205,2020,PHEV,6,2026-07-31
11205,2021,BEV,16,2026-07-31
11205,2021,PHEV,7,2026-07-31
11205,2022,BEV,36,2026-07-31
11205,2022,PHEV,5,2026-07-31
11205,2023,BEV,17,2026-07-31
11205,2023,PHEV,11,2026-07-31
11205,2024,BEV,20,2026-07-31
11205,2024,PHEV,10,2026-07-31
11205,2025,BEV,12,2026-07-31
11205,2025,PHEV,4,2026-07-31
11205,2026,BEV,4,2026-07-31
11205,2026,PHEV,1,2026-07-31
11206,2017,PHEV,1,2026-07-31
11206,2018,BEV,3,2026-07-31
11206,2018,PHEV,1,2026-07-31
11206,2019,BEV,5,2026-07-31
11206,2019,PHEV,1,2026-07-31
11206,2020,BEV,12,2026-07-31
11206,2020,PHEV,2,2026-07-31
11206,2021,BEV,10,2026-07-31
11206,2021,PHEV,3,2026-07-31
11206,2022,BEV,17,2026-07-31
11206,2022,PHEV,5,2026-07-31
11206,2023,BEV,38,2026-07-31
11206,2023,PHEV,10,2026-07-31
11206,2024,BEV,27,2026-07-31
11206,2024,PHEV,12,2026-07-31
11206,2025,BEV,19,2026-07-31
11206,2025,PHEV,8,2026-07-31
11206,2026,BEV,8,2026-07-31
11207,2018,PHEV,2,2026-07-31
11207,2019,BEV,2,2026-07-31
11207,2020,BEV,7,2026-07-31
11207,2020,PHEV,2,2026-07-31
11207,2021,BEV,4,2026-07-31
11207,2021,PHEV,3,2026-07-31
11207,2022,BEV,16,2026-07-31
11207,2022,PHEV,8,2026-07-31
11207,2023,BEV,55,2026-07-31
11207,2023,PHEV,14,2026-07-31
11207,2024,BEV,17,2026-07-31
11207,2024,PHEV,26,2026-07-31
11207,2025,BEV,23,2026-07-31
11207,2025,PHEV,3,2026-07-31
11207,2026,BEV,11,2026-07-31
11207,2026,PHEV,2,2026-07-31
11208,2018,BEV,1,2026-07-31
11208,2018,PHEV,2,2026-07-31
11208,2019,BEV,4,2026-07-31
11208,2019,PHEV,1,2026-07-31
11208,2020,BEV,16,2026-07-31
11208,2021,BEV,5,2026-07-31
11208,2021,PHEV,7,2026-07-31
11208,2022,BEV,13,2026-07-31
11208,2022,PHEV,7,2026-07-31
11208,2023,BEV,255,2026-07-31
11208,2023,PHEV,15,2026-07-31
11208,2024,BEV,710,2026-07-31
11208,2024,PHEV,11,2026-07-31
11208,2025,BEV,946,2026-07-31
11208,2025,PHEV,9,2026-07-31
11208,2026,BEV,10,2026-07-31
11208,2026,PHEV,2,2026-07-31
11209,2017,BEV,1,2026-07-31
11209,2017,PHEV,4,2026-07-31
11209,2018,BEV,3,2026-07-31
11209,2018,PHEV,5,2026-07-31
11209,2019,BEV,13,2026-07-31
11209,2019,PHEV,2,2026-07-31
11209,2020,BEV,12,2026-07-31
11209,2020,PHEV,5,2026-07-31
11209,2021,BEV,21,2026-07-31
11209,2021,PHEV,8,2026-07-31
11209,2022,BEV,46,2026-07-31
11209,2022,PHEV,7,2026-07-31
11209,2023,BEV,79,2026-07-31
11209,2023,PHEV,29,2026-07-31
11209,2024,BEV,57,2026-07-31
11209,2024,PHEV,24,2026-07-31
11209,2025,BEV,44,2026-07-31
11209,2025,PHEV,9,2026-07-31
11209,2026,BEV,23,2026-07-31
11209,2026,PHEV,2,2026-07-31
11210,2017,BEV,5,2026-07-31
11210,2017,PHEV,1,2026-07-31
11210,2018,BEV,5,2026-07-31
11210,2018,PHEV,13,2026-07-31
11210,2019,BEV,4,2026-07-31
11210,2019,PHEV,7,2026-07-31
11210,2020,BEV,15,2026-07-31
11210,2020,PHEV,17,2026-07-31
11210,2021,BEV,16,2026-07-31
11210,2021,PHEV,15,2026-07-31
11210,2022,BEV,50,2026-07-31
11210,2022,PHEV,10,2026-07-31
11210,2023,BEV,74,2026-07-31
11210,2023,PHEV,19,2026-07-31
11210,2024,BEV,47,2026-07-31
11210,2024,PHEV,15,2026-07-31
11210,2025,BEV,43,2026-07-31
11210,2025,PHEV,3,2026-07-31
11210,2026,BEV,38,2026-07-31
11210,2026,PHEV,1,2026-07-31
11211,2018,BEV,2,2026-07-31
11211,2018,PHEV,2,2026-07-31
11211,2019,BEV,10,2026-07-31
11211,2019,PHEV,1,2026-07-31
11211,2020,BEV,46,2026-07-31
11211,2020,PHEV,2,2026-07-31
11211,2021,BEV,15,2026-07-31
11211,2021,PHEV,4,2026-07-31
11211,2022,BEV,39,2026-07-31
11211,2022,PHEV,6,2026-07-31
11211,2023,BEV,33,2026-07-31
11211,2023,PHEV,9,2026-07-31
11211,2024,BEV,18,2026-07-31
11211,2024,PHEV,19,2026-07-31
11211,2025,BEV,17,2026-07-31
11211,2025,PHEV,21,2026-07-31
11211,2026,BEV,12,2026-07-31
11211,2026,PHEV,4,2026-07-31
11212,2018,PHEV,2,2026-07-31
11212,2020,BEV,5,2026-07-31
11212,2021,BEV,3,2026-07-31
11212,2021,PHEV,2,2026-07-31
11212,2022,BEV,8,2026-07-31
11212,2022,PHEV,2,2026-07-31
11212,2023,BEV,35,2026-07-31
11212,2023,PHEV,3,2026-07-31
11212,2024,BEV,7,2026-07-31
11212,2024,PHEV,19,2026-07-31
11212,2025,BEV,9,2026-07-31
11212,2025,PHEV,4,2026-07-31
11212,2026,BEV,5,2026-07-31
11213,2017,BEV,4,2026-07-31
11213,2018,PHEV,4,2026-07-31
11213,2019,BEV,2,2026-07-31
11213,2019,PHEV,1,2026-07-31
11213,2020,BEV,8,2026-07-31
11213,2020,PHEV,3,2026-07-31
11213,2021,BEV,8,2026-07-31
11213,2021,PHEV,5,2026-07-31
11213,2022,BEV,13,2026-07-31
11213,2022,PHEV,5,2026-07-31
11213,2023,BEV,36,2026-07-31
11213,2023,PHEV,5,2026-07-31
11213,2024,BEV,15,2026-07-31
11213,2024,PHEV,8,2026-07-31
11213,2025,BEV,16,2026-07-31
11213,2025,PHEV,3,2026-07-31
11213,2026,BEV,11,2026-07-31
11214,2017,BEV,2,2026-07-31
11214,2018,BEV,1,2026-07-31
11214,2018,PHEV,5,2026-07-31
11214,2019,BEV,7,2026-07-31
11214,2019,PHEV,3,2026-07-31
11214,2020,BEV,22,2026-07-31
11214,2020,PHEV,1,2026-07-31
11214,2021,BEV,35,2026-07-31
11214,2021,PHEV,10,2026-07-31
11214,2022,BEV,66,2026-07-31
11214,2022,PHEV,9,2026-07-31
11214,2023,BEV,195,2026-07-31
11214,2023,PHEV,14,2026-07-31
11214,2024,BEV,83,2026-07-31
11214,2024,PHEV,21,2026-07-31
11214,2025,BEV,92,2026-07-31
11214,2025,PHEV,10,2026-07-31
11214,2026,BEV,50,2026-07-31
11214,2026,PHEV,3,2026-07-31
11215,2017,BEV,1,2026-07-31
11215,2017,PHEV,3,2026-07-31
11215,2018,BEV,5,2026-07-31
11215,2018,PHEV,3,2026-07-31
11215,2019,BEV,16,2026-07-31
11215,2020,BEV,38,2026-07-31
11215,2020,PHEV,9,2026-07-31
11215,2021,BEV,40,2026-07-31
11215,2021,PHEV,19,2026-07-31
11215,2022,BEV,62,2026-07-31
11215,2022,PHEV,16,2026-07-31
11215,2023,BEV,52,2026-07-31
11215,2023,PHEV,16,2026-07-31
11215,2024,BEV,41,2026-07-31
11215,2024,PHEV,25,2026-07-31
11215,2025,BEV,37,2026-07-31
11215,2025,PHEV,11,2026-07-31
11215,2026,BEV,20,2026-07-31
11215,2026,PHEV,4,2026-07-31
11216,2019,PHEV,1,2026-07-31
11216,2020,BEV,13,2026-07-31
11216,2020,PHEV,1,2026-07-31
11216,2021,BEV,13,2026-07-31
11216,2021,PHEV,9,2026-07-31
11216,2022,BEV,12,2026-07-31
11216,2022,PHEV,6,2026-07-31
11216,2023,BEV,49,2026-07-31
11216,2023,PHEV,6,2026-07-31
11216,2024,BEV,17,2026-07-31
11216,2024,PHEV,12,2026-07-31
11216,2025,BEV,18,2026-07-31
11216,2025,PHEV,1,2026-07-31
11216,2026,BEV,4,2026-07-31
11217,2017,BEV,2,2026-07-31
11217,2017,PHEV,1,2026-07-31
11217,2018,BEV,1,2026-07-31
11217,2019,BEV,8,2026-07-31
11217,2019,PHEV,1,2026-07-31
11217,2020,BEV,35,2026-07-31
11217,2020,PHEV,4,2026-07-31
11217,2021,BEV,20,2026-07-31
11217,2021,PHEV,8,2026-07-31
11217,2022,BEV,37,2026-07-31
11217,2022,PHEV,6,2026-07-31
11217,2023,BEV,29,2026-07-31
11217,2023,PHEV,7,2026-07-31
11217,2024,BEV,27,2026-07-31
11217,2024,PHEV,8,2026-07-31
11217,2025,BEV,28,2026-07-31
11217,2025,PHEV,8,2026-07-31
11217,2026,BEV,12,2026-07-31
11217,2026,PHEV,4,2026-07-31
11218,2017,PHEV,1,2026-07-31
11218,2018,BEV,4,2026-07-31
11218,2018,PHEV,3,2026-07-31
11218,2019,BEV,12,2026-07-31
11218,2019,PHEV,5,2026-07-31
11218,2020,BEV,27,2026-07-31
11218,2020,PHEV,9,2026-07-31
11218,2021,BEV,16,2026-07-31
11218,2021,PHEV,10,2026-07-31
11218,2022,BEV,38,2026-07-31
11218,2022,PHEV,14,2026-07-31
11218,2023,BEV,240,2026-07-31
11218,2023,PHEV,11,2026-07-31
11218,2024,BEV,60,2026-07-31
11218,2024,PHEV,17,2026-07-31
11218,2025,BEV,28,2026-07-31
11218,2025,PHEV,5,2026-07-31
11218,2026,BEV,17,2026-07-31
11218,2026,PHEV,1,2026-07-31
11219,2017,BEV,4,2026-07-31
11219,2018,BEV,3,2026-07-31
11219,2018,PHEV,7,2026-07-31
11219,2019,BEV,2,2026-07-31
11219,2019,PHEV,3,2026-07-31
11219,2020,BEV,19,2026-07-31
11219,2020,PHEV,9,2026-07-31
11219,2021,BEV,13,2026-07-31
11219,2021,PHEV,3,2026-07-31
11219,2022,BEV,32,2026-07-31
11219,2022,PHEV,2,2026-07-31
11219,2023,BEV,58,2026-07-31
11219,2023,PHEV,10,2026-07-31
11219,2024,BEV,26,2026-07-31
11219,2024,PHEV,18,2026-07-31
11219,2025,BEV,24,2026-07-31
11219,2025,PHEV,2,2026-07-31
11219,2026,BEV,28,2026-07-31
11219,2026,PHEV,1,2026-07-31
11220,2018,BEV,3,2026-07-31
11220,2019,BEV,6,2026-07-31
11220,2019,PHEV,1,2026-07-31
11220,2020,BEV,3,2026-07-31
11220,2020,PHEV,2,2026-07-31
11220,2021,BEV,11,2026-07-31
11220,2021,PHEV,7,2026-07-31
11220,2022,BEV,31,2026-07-31
11220,2022,PHEV,5,2026-07-31
11220,2023,BEV,64,2026-07-31
11220,2023,PHEV,8,2026-07-31
11220,2024,BEV,25,2026-07-31
11220,2024,PHEV,10,2026-07-31
11220,2025,BEV,34,2026-07-31
11220,2025,PHEV,1,2026-07-31
11220,2026,BEV,23,2026-07-31
11220,2026,PHEV,2,2026-07-31
11221,2019,BEV,3,2026-07-31
11221,2020,BEV,8,2026-07-31
11221,2020,PHEV,1,2026-07-31
11221,2021,BEV,8,2026-07-31
11221,2021,PHEV,3,2026-07-31
11221,2022,BEV,16,2026-07-31
11221,2022,PHEV,4,2026-07-31
11221,2023,BEV,46,2026-07-31
11221,2023,PHEV,8,2026-07-31
11221,2024,BEV,21,2026-07-31
11221,2024,PHEV,19,2026-07-31
11221,2025,BEV,21,2026-07-31
11221,2025,PHEV,5,2026-07-31
11221,2026,BEV,7,2026-07-31
11221,2026,PHEV,1,2026-07-31
11222,2018,BEV,5,2026-07-31
11222,2018,PHEV,1,2026-07-31
11222,2019,BEV,14,2026-07-31
11222,2019,PHEV,4,2026-07-31
11222,2020,BEV,34,2026-07-31
11222,2020,PHEV,4,2026-07-31
11222,2021,BEV,20,2026-07-31
11222,2021,PHEV,5,2026-07-31
11222,2022,BEV,61,2026-07-31
11222,2022,PHEV,7,2026-07-31
11222,2023,BEV,37,2026-07-31
11222,2023,PHEV,10,2026-07-31
11222,2024,BEV,32,2026-07-31
11222,2024,PHEV,13,2026-07-31
11222,2025,BEV,27,2026-07-31
11222,2025,PHEV,9,2026-07-31
11222,2026,BEV,15,2026-07-31
11222,2026,PHEV,2,2026-07-31
11223,2017,BEV,2,2026-07-31
11223,2017,PHEV,1,2026-07-31
11223,2018,BEV,3,2026-07-31
11223,2018,PHEV,7,2026-07-31
11223,2019,BEV,13,2026-07-31
11223,2019,PHEV,1,2026-07-31
11223,2020,BEV,35,2026-07-31
11223,2020,PHEV,8,2026-07-31
11223,2021,BEV,23,2026-07-31
11223,2021,PHEV,13,2026-07-31
11223,2022,BEV,124,2026-07-31
11223,2022,PHEV,15,2026-07-31
11223,2023,BEV,218,2026-07-31
11223,2023,PHEV,41,2026-07-31
11223,2024,BEV,102,2026-07-31
11223,2024,PHEV,40,2026-07-31
11223,2025,BEV,96,2026-07-31
11223,2025,PHEV,5,2026-07-31
11223,2026,BEV,51,2026-07-31
11223,2026,PHEV,2,2026-07-31
11224,2017,BEV,3,2026-07-31
11224,2018,PHEV,5,2026-07-31
11224,2019,BEV,3,2026-07-31
11224,2019,PHEV,1,2026-07-31
11224,2020,BEV,4,2026-07-31
11224,2020,PHEV,3,2026-07-31
11224,2021,BEV,8,2026-07-31
11224,2021,PHEV,7,2026-07-31
11224,2022,BEV,22,2026-07-31
11224,2022,PHEV,5,2026-07-31
11224,2023,BEV,40,2026-07-31
11224,2023,PHEV,14,2026-07-31
11224,2024,BEV,29,2026-07-31
11224,2024,PHEV,13,2026-07-31
11224,2025,BEV,31,2026-07-31
11224,2025,PHEV,8,2026-07-31
11224,2026,BEV,15,2026-07-31
11224,2026,PHEV,1,2026-07-31
11225,2017,BEV,1,2026-07-31
11225,2018,PHEV,5,2026-07-31
11225,2019,BEV,3,2026-07-31
11225,2019,PHEV,1,2026-07-31
11225,2020,BEV,11,2026-07-31
11225,2020,PHEV,5,2026-07-31
11225,2021,BEV,18,2026-07-31
11225,2021,PHEV,2,2026-07-31
11225,2022,BEV,19,2026-07-31
11225,2022,PHEV,7,2026-07-31
11225,2023,BEV,27,2026-07-31
11225,2023,PHEV,9,2026-07-31
11225,2024,BEV,14,2026-07-31
11225,2024,PHEV,14,2026-07-31
11225,2025,BEV,14,2026-07-31
11225,2025,PHEV,7,2026-07-31
11225,2026,BEV,4,2026-07-31
11225,2026,PHEV,1,2026-07-31
11226,2017,PHEV,2,2026-07-31
11226,2018,PHEV,1,2026-07-31
11226,2019,BEV,8,2026-07-31
11226,2019,PHEV,1,2026-07-31
11226,2020,BEV,9,2026-07-31
11226,2020,PHEV,3,2026-07-31
11226,2021,BEV,12,2026-07-31
11226,2021,PHEV,6,2026-07-31
11226,2022,BEV,28,2026-07-31
11226,2022,PHEV,5,2026-07-31
11226,2023,BEV,57,2026-07-31
11226,2023,PHEV,6,2026-07-31
11226,2024,BEV,34,2026-07-31
11226,2024,PHEV,16,2026-07-31
11226,2025,BEV,28,2026-07-31
11226,2025,PHEV,1,2026-07-31
11226,2026,BEV,6,2026-07-31
11226,2026,PHEV,1,2026-07-31
11228,2017,PHEV,2,2026-07-31
11228,2018,BEV,3,2026-07-31
11228,2018,PHEV,1,2026-07-31
11228,2019,BEV,6,2026-07-31
11228,2020,BEV,20,2026-07-31
11228,2021,BEV,19,2026-07-31
11228,2021,PHEV,6,2026-07-31
11228,2022,BEV,39,2026-07-31
11228,2022,PHEV,6,2026-07-31
11228,2023,BEV,56,2026-07-31
11228,2023,PHEV,15,2026-07-31
11228,2024,BEV,48,2026-07-31
11228,2024,PHEV,14,2026-07-31
11228,2025,BEV,39,2026-07-31
11228,2025,PHEV,1,2026-07-31
11228,2026,BEV,26,2026-07-31
11228,2026,PHEV,1,2026-07-31
11229,2017,BEV,3,2026-07-31
11229,2017,PHEV,1,2026-07-31
11229,2018,BEV,3,2026-07-31
11229,2018,PHEV,7,2026-07-31
11229,2019,BEV,11,2026-07-31
11229,2019,PHEV,5,2026-07-31
11229,2020,BEV,24,2026-07-31
11229,2020,PHEV,13,2026-07-31
11229,2021,BEV,43,2026-07-31
11229,2021,PHEV,9,2026-07-31
11229,2022,BEV,106,2026-07-31
11229,2022,PHEV,6,2026-07-31
11229,2023,BEV,215,2026-07-31
11229,2023,PHEV,38,2026-07-31
11229,2024,BEV,106,2026-07-31
11229,2024,PHEV,41,2026-07-31
11229,2025,BEV,92,2026-07-31
11229,2025,PHEV,10,2026-07-31
11229,2026,BEV,42,2026-07-31
11229,2026,PHEV,2,2026-07-31
11230,2017,BEV,7,2026-07-31
11230,2018,BEV,2,2026-07-31
11230,2018,PHEV,14,2026-07-31
11230,2019,BEV,10,2026-07-31
11230,2019,PHEV,5,2026-07-31
11230,2020,BEV,31,2026-07-31
11230,2020,PHEV,20,2026-07-31
11230,2021,BEV,24,2026-07-31
11230,2021,PHEV,16,2026-07-31
11230,2022,BEV,92,2026-07-31
11230,2022,PHEV,8,2026-07-31
11230,2023,BEV,240,2026-07-31
11230,2023,PHEV,36,2026-07-31
11230,2024,BEV,92,2026-07-31
11230,2024,PHEV,28,2026-07-31
11230,2025,BEV,92,2026-07-31
11230,2025,PHEV,7,2026-07-31
11230,2026,BEV,55,2026-07-31
11230,2026,PHEV,3,2026-07-31
11231,2017,BEV,1,2026-07-31
11231,2017,PHEV,4,2026-07-31
11231,2018,BEV,3,2026-07-31
11231,2018,PHEV,2,2026-07-31
11231,2019,BEV,11,2026-07-31
11231,2019,PHEV,2,2026-07-31
11231,2020,BEV,27,2026-07-31
11231,2020,PHEV,2,2026-07-31
11231,2021,BEV,22,2026-07-31
11231,2021,PHEV,8,2026-07-31
11231,2022,BEV,62,2026-07-31
11231,2022,PHEV,14,2026-07-31
11231,2023,BEV,40,2026-07-31
11231,2023,PHEV,12,2026-07-31
11231,2024,BEV,20,2026-07-31
11231,2024,PHEV,18,2026-07-31
11231,2025,BEV,23,2026-07-31
11231,2025,PHEV,10,2026-07-31
11231,2026,BEV,12,2026-07-31
11231,2026,PHEV,2,2026-07-31
11232,2017,BEV,1,2026-07-31
11232,2018,PHEV,1,2026-07-31
11232,2019,BEV,2,2026-07-31
11232,2019,PHEV,1,2026-07-31
11232,2020,BEV,6,2026-07-31
11232,2020,PHEV,2,2026-07-31
11232,2021,BEV,2,2026-07-31
11232,2021,PHEV,2,2026-07-31
11232,2022,BEV,13,2026-07-31
11232,2023,BEV,18,2026-07-31
11232,2023,PHEV,2,2026-07-31
11232,2024,BEV,11,2026-07-31
11232,2024,PHEV,2,2026-07-31
11232,2025,BEV,4,2026-07-31
11232,2025,PHEV,2,2026-07-31
11232,2026,BEV,5,2026-07-31
11232,2026,PHEV,1,2026-07-31
11233,2018,PHEV,3,2026-07-31
11233,2019,BEV,2,2026-07-31
11233,2020,BEV,6,2026-07-31
11233,2021,BEV,3,2026-07-31
11233,2021,PHEV,5,2026-07-31
11233,2022,BEV,12,2026-07-31
11233,2022,PHEV,3,2026-07-31
11233,2023,BEV,26,2026-07-31
11233,2023,PHEV,8,2026-07-31
11233,2024,BEV,25,2026-07-31
11233,2024,PHEV,11,2026-07-31
11233,2025,BEV,15,2026-07-31
11233,2025,PHEV,8,2026-07-31
11233,2026,BEV,2,2026-07-31
11233,2026,PHEV,1,2026-07-31
11234,2017,BEV,2,2026-07-31
11234,2017,PHEV,1,2026-07-31
11234,2018,BEV,4,2026-07-31
11234,2018,PHEV,11,2026-07-31
11234,2019,BEV,9,2026-07-31
11234,2019,PHEV,8,2026-07-31
11234,2020,BEV,31,2026-07-31
11234,2020,PHEV,7,2026-07-31
11234,2021,BEV,30,2026-07-31
11234,2021,PHEV,15,2026-07-31
11234,2022,BEV,80,2026-07-31
11234,2022,PHEV,13,2026-07-31
11234,2023,BEV,152,2026-07-31
11234,2023,PHEV,45,2026-07-31
11234,2024,BEV,90,2026-07-31
11234,2024,PHEV,58,2026-07-31
11234,2025,BEV,85,2026-07-31
11234,2025,PHEV,16,2026-07-31
11234,2026,BEV,50,2026-07-31
11234,2026,PHEV,6,2026-07-31
11235,2017,PHEV,1,2026-07-31
11235,2018,BEV,4,2026-07-31
11235,2018,PHEV,7,2026-07-31
11235,2019,BEV,10,2026-07-31
11235,2019,PHEV,2,2026-07-31
11235,2020,BEV,31,2026-07-31
11235,2020,PHEV,4,2026-07-31
11235,2021,BEV,24,2026-07-31
11235,2021,PHEV,10,2026-07-31
11235,2022,BEV,78,2026-07-31
11235,2022,PHEV,9,2026-07-31
11235,2023,BEV,191,2026-07-31
11235,2023,PHEV,37,2026-07-31
11235,2024,BEV,77,2026-07-31
11235,2024,PHEV,38,2026-07-31
11235,2025,BEV,68,2026-07-31
11235,2025,PHEV,24,2026-07-31
11235,2026,BEV,28,2026-07-31
11235,2026,PHEV,4,2026-07-31
11236,2017,PHEV,1,2026-07-31
11236,2018,PHEV,3,2026-07-31
11236,2019,BEV,1,2026-07-31
11236,2019,PHEV,8,2026-07-31
11236,2020,BEV,10,2026-07-31
11236,2021,BEV,13,2026-07-31
11236,2021,PHEV,3,2026-07-31
11236,2022,BEV,22,2026-07-31
11236,2022,PHEV,4,2026-07-31
11236,2023,BEV,47,2026-07-31
11236,2023,PHEV,21,2026-07-31
11236,2024,BEV,39,2026-07-31
11236,2024,PHEV,29,2026-07-31
11236,2025,BEV,40,2026-07-31
11236,2025,PHEV,9,2026-07-31
11236,2026,BEV,19,2026-07-31
11236,2026,PHEV,3,2026-07-31
11237,2017,PHEV,2,2026-07-31
11237,2020,BEV,7,2026-07-31
11237,2020,PHEV,1,2026-07-31
11237,2021,BEV,6,2026-07-31
11237,2021,PHEV,1,2026-07-31
11237,2022,BEV,9,2026-07-31
11237,2022,PHEV,5,2026-07-31
11237,2023,BEV,15,2026-07-31
11237,2023,PHEV,3,2026-07-31
11237,2024,BEV,6,2026-07-31
11237,2024,PHEV,2,2026-07-31
11237,2025,BEV,14,2026-07-31
11237,2025,PHEV,3,2026-07-31
11237,2026,BEV,5,2026-07-31
11238,2017,BEV,2,2026-07-31
11238,2018,PHEV,1,2026-07-31
11238,2019,BEV,8,2026-07-31
11238,2019,PHEV,6,2026-07-31
11238,2020,BEV,31,2026-07-31
11238,2020,PHEV,4,2026-07-31
11238,2021,BEV,28,2026-07-31
11238,2021,PHEV,13,2026-07-31
11238,2022,BEV,29,2026-07-31
11238,2022,PHEV,11,2026-07-31
11238,2023,BEV,51,2026-07-31
11238,2023,PHEV,9,2026-07-31
11238,2024,BEV,18,2026-07-31
11238,2024,PHEV,11,2026-07-31
11238,2025,BEV,25,2026-07-31
11238,2025,PHEV,9,2026-07-31
11238,2026,BEV,11,2026-07-31
11238,2026,PHEV,2,2026-07-31
11239,2018,PHEV,2,2026-07-31
11239,2019,PHEV,1,2026-07-31
11239,2020,BEV,1,2026-07-31
11239,2021,BEV,2,2026-07-31
11239,2022,BEV,5,2026-07-31
11239,2023,BEV,7,2026-07-31
11239,2023,PHEV,6,2026-07-31
11239,2024,BEV,10,2026-07-31
11239,2024,PHEV,4,2026-07-31
11239,2025,BEV,5,2026-07-31
11239,2025,PHEV,2,2026-07-31
11239,2026,BEV,1,2026-07-31
11247,2024,BEV,1,2026-07-31
11249,2017,BEV,1,2026-07-31
11249,2017,PHEV,1,2026-07-31
11249,2018,BEV,3,2026-07-31
11249,2019,BEV,5,2026-07-31
11249,2019,PHEV,1,2026-07-31
11249,2020,BEV,44,2026-07-31
11249,2020,PHEV,1,2026-07-31
11249,2021,BEV,25,2026-07-31
11249,2021,PHEV,4,2026-07-31
11249,2022,BEV,41,2026-07-31
11249,2022,PHEV,8,2026-07-31
11249,2023,BEV,32,2026-07-31
11249,2023,PHEV,7,2026-07-31
11249,2024,BEV,30,2026-07-31
11249,2024,PHEV,8,2026-07-31
11249,2025,BEV,15,2026-07-31
11249,2025,PHEV,8,2026-07-31
11249,2026,BEV,13,2026-07-31
11251,2020,BEV,1,2026-07-31
11251,2023,BEV,2,2026-07-31
11354,2017,PHEV,2,2026-07-31
11354,2018,BEV,2,2026-07-31
11354,2018,PHEV,6,2026-07-31
11354,2019,BEV,6,2026-07-31
11354,2019,PHEV,1,2026-07-31
11354,2020,BEV,12,2026-07-31
11354,2020,PHEV,3,2026-07-31
11354,2021,BEV,24,2026-07-31
11354,2021,PHEV,16,2026-07-31
11354,2022,BEV,68,2026-07-31
11354,2022,PHEV,10,2026-07-31
11354,2023,BEV,111,2026-07-31
11354,2023,PHEV,16,2026-07-31
11354,2024,BEV,73,2026-07-31
11354,2024,PHEV,23,2026-07-31
11354,2025,BEV,89,2026-07-31
11354,2025,PHEV,11,2026-07-31
11354,2026,BEV,71,2026-07-31
11354,2026,PHEV,2,2026-07-31
11355,2017,BEV,1,2026-07-31
11355,2018,BEV,2,2026-07-31
11355,2018,PHEV,3,2026-07-31
11355,2019,BEV,12,2026-07-31
11355,2019,PHEV,2,2026-07-31
11355,2020,BEV,24,2026-07-31
11355,2020,PHEV,5,2026-07-31
11355,2021,BEV,28,2026-07-31
11355,2021,PHEV,9,2026-07-31
11355,2022,BEV,70,2026-07-31
11355,2022,PHEV,17,2026-07-31
11355,2023,BEV,187,2026-07-31
11355,2023,PHEV,16,2026-07-31
11355,2024,BEV,106,2026-07-31
11355,2024,PHEV,22,2026-07-31
11355,2025,BEV,112,2026-07-31
11355,2025,PHEV,6,2026-07-31
11355,2026,BEV,91,2026-07-31
11355,2026,PHEV,4,2026-07-31
11356,2017,BEV,1,2026-07-31
11356,2018,BEV,1,2026-07-31
11356,2018,PHEV,4,2026-07-31
11356,2019,BEV,6,2026-07-31
11356,2019,PHEV,1,2026-07-31
11356,2020,BEV,9,2026-07-31
11356,2020,PHEV,2,2026-07-31
11356,2021,BEV,13,2026-07-31
11356,2021,PHEV,4,2026-07-31
11356,2022,BEV,28,2026-07-31
11356,2022,PHEV,4,2026-07-31
11356,2023,BEV,61,2026-07-31
11356,2023,PHEV,9,2026-07-31
11356,2024,BEV,35,2026-07-31
11356,2024,PHEV,18,2026-07-31
11356,2025,BEV,40,2026-07-31
11356,2025,PHEV,4,2026-07-31
11356,2026,BEV,23,2026-07-31
11356,2026,PHEV,1,2026-07-31
11357,2017,BEV,2,2026-07-31
11357,2017,PHEV,1,2026-07-31
11357,2018,BEV,1,2026-07-31
11357,2018,PHEV,8,2026-07-31
11357,2019,BEV,13,2026-07-31
11357,2019,PHEV,6,2026-07-31
11357,2020,BEV,28,2026-07-31
11357,2020,PHEV,8,2026-07-31
11357,2021,BEV,45,2026-07-31
11357,2021,PHEV,11,2026-07-31
11357,2022,BEV,75,2026-07-31
11357,2022,PHEV,17,2026-07-31
11357,2023,BEV,155,2026-07-31
11357,2023,PHEV,27,2026-07-31
11357,2024,BEV,118,2026-07-31
11357,2024,PHEV,56,2026-07-31
11357,2025,BEV,120,2026-07-31
11357,2025,PHEV,21,2026-07-31
11357,2026,BEV,74,2026-07-31
11357,2026,PHEV,5,2026-07-31
11358,2017,BEV,3,2026-07-31
11358,2017,PHEV,1,2026-07-31
11358,2018,BEV,2,2026-07-31
11358,2018,PHEV,7,2026-07-31
11358,2019,BEV,9,2026-07-31
11358,2019,PHEV,3,2026-07-31
11358,2020,BEV,23,2026-07-31
11358,2020,PHEV,1,2026-07-31
11358,2021,BEV,30,2026-07-31
11358,2021,PHEV,15,2026-07-31
11358,2022,BEV,69,2026-07-31
11358,2022,PHEV,12,2026-07-31
11358,2023,BEV,123,2026-07-31
11358,2023,PHEV,17,2026-07-31
11358,2024,BEV,112,2026-07-31
11358,2024,PHEV,23,2026-07-31
11358,2025,BEV,107,2026-07-31
11358,2025,PHEV,16,2026-07-31
11358,2026,BEV,49,2026-07-31
11358,2026,PHEV,4,2026-07-31
11360,2017,PHEV,4,2026-07-31
11360,2018,BEV,2,2026-07-31
11360,2018,PHEV,6,2026-07-31
11360,2019,BEV,4,2026-07-31
11360,2019,PHEV,5,2026-07-31
11360,2020,BEV,11,2026-07-31
11360,2020,PHEV,4,2026-07-31
11360,2021,BEV,15,2026-07-31
11360,2021,PHEV,8,2026-07-31
11360,2022,BEV,45,2026-07-31
11360,2022,PHEV,5,2026-07-31
11360,2023,BEV,54,2026-07-31
11360,2023,PHEV,19,2026-07-31
11360,2024,BEV,47,2026-07-31
11360,2024,PHEV,23,2026-07-31
11360,2025,BEV,60,2026-07-31
11360,2025,PHEV,10,2026-07-31
11360,2026,BEV,33,2026-07-31
11360,2026,PHEV,3,2026-07-31
11361,2017,PHEV,4,2026-07-31
11361,2018,BEV,3,2026-07-31
11361,2018,PHEV,1,2026-07-31
11361,2019,BEV,5,2026-07-31
11361,2019,PHEV,4,2026-07-31
11361,2020,BEV,14,2026-07-31
11361,2020,PHEV,1,2026-07-31
11361,2021,BEV,22,2026-07-31
11361,2021,PHEV,10,2026-07-31
11361,2022,BEV,55,2026-07-31
11361,2022,PHEV,10,2026-07-31
11361,2023,BEV,93,2026-07-31
11361,2023,PHEV,18,2026-07-31
11361,2024,BEV,73,2026-07-31
11361,2024,PHEV,29,2026-07-31
11361,2025,BEV,90,2026-07-31
11361,2025,PHEV,14,2026-07-31
11361,2026,BEV,49,2026-07-31
11361,2026,PHEV,2,2026-07-31
11362,2017,BEV,2,2026-07-31
11362,2017,PHEV,1,2026-07-31
11362,2018,BEV,1,2026-07-31
11362,2018,PHEV,3,2026-07-31
11362,2019,BEV,8,2026-07-31
11362,2019,PHEV,5,2026-07-31
11362,2020,BEV,25,2026-07-31
11362,2020,PHEV,3,2026-07-31
11362,2021,BEV,20,2026-07-31
11362,2021,PHEV,6,2026-07-31
11362,2022,BEV,60,2026-07-31
11362,2022,PHEV,7,2026-07-31
11362,2023,BEV,94,2026-07-31
11362,2023,PHEV,10,2026-07-31
11362,2024,BEV,93,2026-07-31
11362,2024,PHEV,14,2026-07-31
11362,2025,BEV,90,2026-07-31
11362,2025,PHEV,17,2026-07-31
11362,2026,BEV,55,2026-07-31
11362,2026,PHEV,3,2026-07-31
11363,2017,PHEV,2,2026-07-31
11363,2018,PHEV,7,2026-07-31
11363,2019,BEV,6,2026-07-31
11363,2019,PHEV,1,2026-07-31
11363,2020,BEV,15,2026-07-31
11363,2020,PHEV,2,2026-07-31
11363,2021,BEV,14,2026-07-31
11363,2021,PHEV,6,2026-07-31
11363,2022,BEV,31,2026-07-31
11363,2022,PHEV,4,2026-07-31
11363,2023,BEV,26,2026-07-31
11363,2023,PHEV,8,2026-07-31
11363,2024,BEV,24,2026-07-31
11363,2024,PHEV,8,2026-07-31
11363,2025,BEV,39,2026-07-31
11363,2025,PHEV,6,2026-07-31
11363,2026,BEV,10,2026-07-31
11364,2017,BEV,2,2026-07-31
11364,2017,PHEV,1,2026-07-31
11364,2018,PHEV,7,2026-07-31
11364,2019,BEV,11,2026-07-31
11364,2019,PHEV,2,2026-07-31
11364,2020,BEV,35,2026-07-31
11364,2020,PHEV,8,2026-07-31
11364,2021,BEV,45,2026-07-31
11364,2021,PHEV,13,2026-07-31
11364,2022,BEV,105,2026-07-31
11364,2022,PHEV,13,2026-07-31
11364,2023,BEV,160,2026-07-31
11364,2023,PHEV,24,2026-07-31
11364,2024,BEV,128,2026-07-31
11364,2024,PHEV,23,2026-07-31
11364,2025,BEV,124,2026-07-31
11364,2025,PHEV,20,2026-07-31
11364,2026,BEV,63,2026-07-31
11364,2026,PHEV,2,2026-07-31
11365,2017,BEV,2,2026-07-31
11365,2017,PHEV,2,2026-07-31
11365,2018,BEV,1,2026-07-31
11365,2018,PHEV,9,2026-07-31
11365,2019,BEV,16,2026-07-31
11365,2019,PHEV,2,2026-07-31
11365,2020,BEV,31,2026-07-31
11365,2020,PHEV,6,2026-07-31
11365,2021,BEV,36,2026-07-31
11365,2021,PHEV,11,2026-07-31
11365,2022,BEV,79,2026-07-31
11365,2022,PHEV,13,2026-07-31
11365,2023,BEV,151,2026-07-31
11365,2023,PHEV,22,2026-07-31
11365,2024,BEV,126,2026-07-31
11365,2024,PHEV,26,2026-07-31
11365,2025,BEV,112,2026-07-31
11365,2025,PHEV,10,2026-07-31
11365,2026,BEV,59,2026-07-31
11365,2026,PHEV,6,2026-07-31
11366,2017,BEV,1,2026-07-31
11366,2018,BEV,3,2026-07-31
11366,2018,PHEV,4,2026-07-31
11366,2019,BEV,7,2026-07-31
11366,2019,PHEV,2,2026-07-31
11366,2020,BEV,12,2026-07-31
11366,2020,PHEV,4,2026-07-31
11366,2021,BEV,18,2026-07-31
11366,2021,PHEV,7,2026-07-31
11366,2022,BEV,29,2026-07-31
11366,2022,PHEV,5,2026-07-31
11366,2023,BEV,54,2026-07-31
11366,2023,PHEV,5,2026-07-31
11366,2024,BEV,46,2026-07-31
11366,2024,PHEV,7,2026-07-31
11366,2025,BEV,37,2026-07-31
11366,2025,PHEV,12,2026-07-31
11366,2026,BEV,18,2026-07-31
11367,2017,BEV,1,2026-07-31
11367,2018,BEV,2,2026-07-31
11367,2018,PHEV,3,2026-07-31
11367,2019,BEV,5,2026-07-31
11367,2019,PHEV,5,2026-07-31
11367,2020,BEV,16,2026-07-31
11367,2020,PHEV,6,2026-07-31
11367,2021,BEV,18,2026-07-31
11367,2021,PHEV,11,2026-07-31
11367,2022,BEV,69,2026-07-31
11367,2022,PHEV,7,2026-07-31
11367,2023,BEV,75,2026-07-31
11367,2023,PHEV,17,2026-07-31
11367,2024,BEV,57,2026-07-31
11367,2024,PHEV,27,2026-07-31
11367,2025,BEV,58,2026-07-31
11367,2025,PHEV,12,2026-07-31
11367,2026,BEV,40,2026-07-31
11367,2026,PHEV,4,2026-07-31
11368,2017,PHEV,1,2026-07-31
11368,2018,BEV,1,2026-07-31
11368,2018,PHEV,5,2026-07-31
11368,2019,BEV,2,2026-07-31
11368,2019,PHEV,2,2026-07-31
11368,2020,BEV,7,2026-07-31
11368,2020,PHEV,2,2026-07-31
11368,2021,BEV,17,2026-07-31
11368,2021,PHEV,11,2026-07-31
11368,2022,BEV,108,2026-07-31
11368,2022,PHEV,5,2026-07-31
11368,2023,BEV,90,2026-07-31
11368,2023,PHEV,15,2026-07-31
11368,2024,BEV,62,2026-07-31
11368,2024,PHEV,15,2026-07-31
11368,2025,BEV,25,2026-07-31
11368,2025,PHEV,6,2026-07-31
11368,2026,BEV,12,2026-07-31
11368,2026,PHEV,3,2026-07-31
11369,2018,PHEV,1,2026-07-31
11369,2019,BEV,1,2026-07-31
11369,2019,PHEV,2,2026-07-31
11369,2020,BEV,9,2026-07-31
11369,2020,PHEV,2,2026-07-31
11369,2021,BEV,10,2026-07-31
11369,2021,PHEV,4,2026-07-31
11369,2022,BEV,22,2026-07-31
11369,2022,PHEV,5,2026-07-31
11369,2023,BEV,81,2026-07-31
11369,2023,PHEV,8,2026-07-31
11369,2024,BEV,39,2026-07-31
11369,2024,PHEV,17,2026-07-31
11369,2025,BEV,24,2026-07-31
11369,2025,PHEV,11,2026-07-31
11369,2026,BEV,9,2026-07-31
11370,2017,PHEV,2,2026-07-31
11370,2018,PHEV,1,2026-07-31
11370,2019,BEV,4,2026-07-31
11370,2019,PHEV,2,2026-07-31
11370,2020,BEV,4,2026-07-31
11370,2020,PHEV,1,2026-07-31
11370,2021,BEV,11,2026-07-31
11370,2021,PHEV,2,2026-07-31
11370,2022,BEV,25,2026-07-31
11370,2022,PHEV,1,2026-07-31
11370,2023,BEV,90,2026-07-31
11370,2023,PHEV,13,2026-07-31
11370,2024,BEV,19,2026-07-31
11370,2024,PHEV,14,2026-07-31
11370,2025,BEV,21,2026-07-31
11370,2025,PHEV,8,2026-07-31
11370,2026,BEV,9,2026-07-31
11370,2026,PHEV,2,2026-07-31
11372,2017,PHEV,1,2026-07-31
11372,2018,BEV,1,2026-07-31
11372,2018,PHEV,2,2026-07-31
11372,2019,BEV,4,2026-07-31
11372,2019,PHEV,3,2026-07-31
11372,2020,BEV,13,2026-07-31
11372,2020,PHEV,5,2026-07-31
11372,2021,BEV,15,2026-07-31
11372,2021,PHEV,6,2026-07-31
11372,2022,BEV,13,2026-07-31
11372,2022,PHEV,12,2026-07-31
11372,2023,BEV,157,2026-07-31
11372,2023,PHEV,18,2026-07-31
11372,2024,BEV,33,2026-07-31
11372,2024,PHEV,8,2026-07-31
11372,2025,BEV,27,2026-07-31
11372,2025,PHEV,8,2026-07-31
11372,2026,BEV,11,2026-07-31
11372,2026,PHEV,2,2026-07-31
11373,2017,BEV,2,2026-07-31
11373,2017,PHEV,2,2026-07-31
11373,2018,BEV,3,2026-07-31
11373,2018,PHEV,6,2026-07-31
11373,2019,BEV,4,2026-07-31
11373,2019,PHEV,1,2026-07-31
11373,2020,BEV,10,2026-07-31
11373,2020,PHEV,3,2026-07-31
11373,2021,BEV,28,2026-07-31
11373,2021,PHEV,8,2026-07-31
11373,2022,BEV,102,2026-07-31
11373,2022,PHEV,30,2026-07-31
11373,2023,BEV,403,2026-07-31
11373,2023,PHEV,14,2026-07-31
11373,2024,BEV,74,2026-07-31
11373,2024,PHEV,13,2026-07-31
11373,2025,BEV,66,2026-07-31
11373,2025,PHEV,16,2026-07-31
11373,2026,BEV,33,2026-07-31
11373,2026,PHEV,1,2026-07-31
11374,2017,PHEV,4,2026-07-31
11374,2018,PHEV,6,2026-07-31
11374,2019,BEV,10,2026-07-31
11374,2019,PHEV,4,2026-07-31
11374,2020,BEV,21,2026-07-31
11374,2020,PHEV,4,2026-07-31
11374,2021,BEV,27,2026-07-31
11374,2021,PHEV,10,2026-07-31
11374,2022,BEV,54,2026-07-31
11374,2022,PHEV,8,2026-07-31
11374,2023,BEV,92,2026-07-31
11374,2023,PHEV,15,2026-07-31
11374,2024,BEV,40,2026-07-31
11374,2024,PHEV,22,2026-07-31
11374,2025,BEV,50,2026-07-31
11374,2025,PHEV,10,2026-07-31
11374,2026,BEV,25,2026-07-31
11374,2026,PHEV,3,2026-07-31
11375,2017,BEV,4,2026-07-31
11375,2017,PHEV,5,2026-07-31
11375,2018,BEV,5,2026-07-31
11375,2018,PHEV,9,2026-07-31
11375,2019,BEV,21,2026-07-31
11375,2019,PHEV,3,2026-07-31
11375,2020,BEV,44,2026-07-31
11375,2020,PHEV,7,2026-07-31
11375,2021,BEV,60,2026-07-31
11375,2021,PHEV,25,2026-07-31
11375,2022,BEV,103,2026-07-31
11375,2022,PHEV,22,2026-07-31
11375,2023,BEV,144,2026-07-31
11375,2023,PHEV,35,2026-07-31
11375,2024,BEV,108,2026-07-31
11375,2024,PHEV,46,2026-07-31
11375,2025,BEV,103,2026-07-31
11375,2025,PHEV,40,2026-07-31
11375,2026,BEV,46,2026-07-31
11375,2026,PHEV,6,2026-07-31
11377,2017,PHEV,2,2026-07-31
11377,2018,BEV,1,2026-07-31
11377,2018,PHEV,7,2026-07-31
11377,2019,BEV,5,2026-07-31
11377,2019,PHEV,3,2026-07-31
11377,2020,BEV,17,2026-07-31
11377,2020,PHEV,1,2026-07-31
11377,2021,BEV,21,2026-07-31
11377,2021,PHEV,12,2026-07-31
11377,2022,BEV,118,2026-07-31
11377,2022,PHEV,10,2026-07-31
11377,2023,BEV,383,2026-07-31
11377,2023,PHEV,18,2026-07-31
11377,2024,BEV,113,2026-07-31
11377,2024,PHEV,28,2026-07-31
11377,2025,BEV,97,2026-07-31
11377,2025,PHEV,7,2026-07-31
11377,2026,BEV,19,2026-07-31
11377,2026,PHEV,4,2026-07-31
11378,2018,PHEV,5,2026-07-31
11378,2019,BEV,3,2026-07-31
11378,2019,PHEV,1,2026-07-31
11378,2020,BEV,11,2026-07-31
11378,2020,PHEV,3,2026-07-31
11378,2021,BEV,13,2026-07-31
11378,2021,PHEV,9,2026-07-31
11378,2022,BEV,20,2026-07-31
11378,2022,PHEV,6,2026-07-31
11378,2023,BEV,65,2026-07-31
11378,2023,PHEV,23,2026-07-31
11378,2024,BEV,45,2026-07-31
11378,2024,PHEV,23,2026-07-31
11378,2025,BEV,46,2026-07-31
11378,2025,PHEV,18,2026-07-31
11378,2026,BEV,21,2026-07-31
11378,2026,PHEV,2,2026-07-31
11379,2017,PHEV,2,2026-07-31
11379,2018,BEV,3,2026-07-31
11379,2018,PHEV,4,2026-07-31
11379,2019,BEV,8,2026-07-31
11379,2019,PHEV,1,2026-07-31
11379,2020,BEV,10,2026-07-31
11379,2020,PHEV,5,2026-07-31
11379,2021,BEV,13,2026-07-31
11379,2021,PHEV,11,2026-07-31
11379,2022,BEV,36,2026-07-31
11379,2022,PHEV,6,2026-07-31
11379,2023,BEV,73,2026-07-31
11379,2023,PHEV,25,2026-07-31
11379,2024,BEV,54,2026-07-31
11379,2024,PHEV,39,2026-07-31
11379,2025,BEV,36,2026-07-31
11379,2025,PHEV,10,2026-07-31
11379,2026,BEV,19,2026-07-31
11379,2026,PHEV,4,2026-07-31
11385,2017,BEV,3,2026-07-31
11385,2017,PHEV,2,2026-07-31
11385,2018,BEV,2,2026-07-31
11385,2018,PHEV,8,2026-07-31
11385,2019,BEV,5,2026-07-31
11385,2019,PHEV,1,2026-07-31
11385,2020,BEV,22,2026-07-31
11385,2020,PHEV,3,2026-07-31
11385,2021,BEV,14,2026-07-31
11385,2021,PHEV,22,2026-07-31
11385,2022,BEV,38,2026-07-31
11385,2022,PHEV,17,2026-07-31
11385,2023,BEV,107,2026-07-31
11385,2023,PHEV,25,2026-07-31
11385,2024,BEV,58,2026-07-31
11385,2024,PHEV,36,2026-07-31
11385,2025,BEV,62,2026-07-31
11385,2025,PHEV,24,2026-07-31
11385,2026,BEV,19,2026-07-31
11385,2026,PHEV,5,2026-07-31
11411,2019,BEV,3,2026-07-31
11411,2020,BEV,4,2026-07-31
11411,2021,BEV,4,2026-07-31
11411,2021,PHEV,3,2026-07-31
11411,2022,BEV,9,2026-07-31
11411,2022,PHEV,2,2026-07-31
11411,2023,BEV,17,2026-07-31
11411,2023,PHEV,13,2026-07-31
11411,2024,BEV,12,2026-07-31
11411,2024,PHEV,10,2026-07-31
11411,2025,BEV,13,2026-07-31
11411,2025,PHEV,2,2026-07-31
11411,2026,BEV,9,2026-07-31
11411,2026,PHEV,3,2026-07-31
11412,2017,BEV,1,2026-07-31
11412,2018,PHEV,2,2026-07-31
11412,2019,BEV,2,2026-07-31
11412,2019,PHEV,2,2026-07-31
11412,2020,BEV,3,2026-07-31
11412,2021,BEV,4,2026-07-31
11412,2021,PHEV,3,2026-07-31
11412,2022,BEV,12,2026-07-31
11412,2022,PHEV,1,2026-07-31
11412,2023,BEV,42,2026-07-31
11412,2023,PHEV,16,2026-07-31
11412,2024,BEV,34,2026-07-31
11412,2024,PHEV,13,2026-07-31
11412,2025,BEV,24,2026-07-31
11412,2025,PHEV,4,2026-07-31
11412,2026,BEV,12,2026-07-31
11412,2026,PHEV,5,2026-07-31
11413,2017,PHEV,1,2026-07-31
11413,2018,BEV,1,2026-07-31
11413,2018,PHEV,2,2026-07-31
11413,2019,BEV,8,2026-07-31
11413,2019,PHEV,1,2026-07-31
11413,2020,BEV,6,2026-07-31
11413,2020,PHEV,2,2026-07-31
11413,2021,BEV,6,2026-07-31
11413,2021,PHEV,4,2026-07-31
11413,2022,BEV,27,2026-07-31
11413,2022,PHEV,8,2026-07-31
11413,2023,BEV,40,2026-07-31
11413,2023,PHEV,15,2026-07-31
11413,2024,BEV,33,2026-07-31
11413,2024,PHEV,26,2026-07-31
11413,2025,BEV,30,2026-07-31
11413,2025,PHEV,11,2026-07-31
11413,2026,BEV,11,2026-07-31
11414,2017,BEV,2,2026-07-31
11414,2017,PHEV,1,2026-07-31
11414,2018,BEV,2,2026-07-31
11414,2018,PHEV,5,2026-07-31
11414,2019,BEV,3,2026-07-31
11414,2019,PHEV,3,2026-07-31
11414,2020,BEV,8,2026-07-31
11414,2020,PHEV,8,2026-07-31
11414,2021,BEV,11,2026-07-31
11414,2021,PHEV,3,2026-07-31
11414,2022,BEV,24,2026-07-31
11414,2022,PHEV,4,2026-07-31
11414,2023,BEV,31,2026-07-31
11414,2023,PHEV,20,2026-07-31
11414,2024,BEV,30,2026-07-31
11414,2024,PHEV,26,2026-07-31
11414,2025,BEV,26,2026-07-31
11414,2025,PHEV,19,2026-07-31
11414,2026,BEV,15,2026-07-31
11414,2026,PHEV,4,2026-07-31
11415,2017,BEV,1,2026-07-31
11415,2018,BEV,1,2026-07-31
11415,2018,PHEV,2,2026-07-31
11415,2019,BEV,4,2026-07-31
11415,2019,PHEV,1,2026-07-31
11415,2020,BEV,7,2026-07-31
11415,2020,PHEV,3,2026-07-31
11415,2021,BEV,8,2026-07-31
11415,2021,PHEV,2,2026-07-31
11415,2022,BEV,13,2026-07-31
11415,2023,BEV,24,2026-07-31
11415,2023,PHEV,11,2026-07-31
11415,2024,BEV,22,2026-07-31
11415,2024,PHEV,14,2026-07-31
11415,2025,BEV,22,2026-07-31
11415,2025,PHEV,6,2026-07-31
11415,2026,BEV,4,2026-07-31
11415,2026,PHEV,4,2026-07-31
11416,2017,BEV,1,2026-07-31
11416,2018,PHEV,3,2026-07-31
11416,2019,BEV,2,2026-07-31
11416,2020,BEV,7,2026-07-31
11416,2021,BEV,10,2026-07-31
11416,2021,PHEV,5,2026-07-31
11416,2022,BEV,5,2026-07-31
11416,2022,PHEV,2,2026-07-31
11416,2023,BEV,109,2026-07-31
11416,2023,PHEV,4,2026-07-31
11416,2024,BEV,16,2026-07-31
11416,2024,PHEV,10,2026-07-31
11416,2025,BEV,8,2026-07-31
11416,2025,PHEV,6,2026-07-31
11416,2026,BEV,8,2026-07-31
11416,2026,PHEV,2,2026-07-31
11417,2018,BEV,1,2026-07-31
11417,2019,BEV,3,2026-07-31
11417,2019,PHEV,4,2026-07-31
11417,2020,BEV,6,2026-07-31
11417,2021,BEV,9,2026-07-31
11417,2021,PHEV,9,2026-07-31
11417,2022,BEV,14,2026-07-31
11417,2022,PHEV,4,2026-07-31
11417,2023,BEV,93,2026-07-31
11417,2023,PHEV,8,2026-07-31
11417,2024,BEV,27,2026-07-31
11417,2024,PHEV,18,2026-07-31
11417,2025,BEV,24,2026-07-31
11417,2025,PHEV,7,2026-07-31
11417,2026,BEV,18,2026-07-31
11417,2026,PHEV,1,2026-07-31
11418,2018,BEV,1,2026-07-31
11418,2018,PHEV,3,2026-07-31
11418,2019,BEV,3,2026-07-31
11418,2019,PHEV,1,2026-07-31
11418,2020,BEV,6,2026-07-31
11418,2020,PHEV,2,2026-07-31
11418,2021,BEV,10,2026-07-31
11418,2021,PHEV,5,2026-07-31
11418,2022,BEV,20,2026-07-31
11418,2022,PHEV,5,2026-07-31
11418,2023,BEV,59,2026-07-31
11418,2023,PHEV,6,2026-07-31
11418,2024,BEV,26,2026-07-31
11418,2024,PHEV,16,2026-07-31
11418,2025,BEV,21,2026-07-31
11418,2025,PHEV,6,2026-07-31
11418,2026,BEV,10,2026-07-31
11418,2026,PHEV,3,2026-07-31
11419,2017,BEV,1,2026-07-31
11419,2019,BEV,3,2026-07-31
11419,2020,BEV,6,2026-07-31
11419,2020,PHEV,3,2026-07-31
11419,2021,BEV,13,2026-07-31
11419,2021,PHEV,5,2026-07-31
11419,2022,BEV,21,2026-07-31
11419,2022,PHEV,3,2026-07-31
11419,2023,BEV,153,2026-07-31
11419,2023,PHEV,8,2026-07-31
11419,2024,BEV,31,2026-07-31
11419,2024,PHEV,11,2026-07-31
11419,2025,BEV,29,2026-07-31
11419,2025,PHEV,5,2026-07-31
11419,2026,BEV,12,2026-07-31
11419,2026,PHEV,5,2026-07-31
11420,2018,PHEV,2,2026-07-31
11420,2019,BEV,3,2026-07-31
11420,2019,PHEV,1,2026-07-31
11420,2020,BEV,7,2026-07-31
11420,2020,PHEV,5,2026-07-31
11420,2021,BEV,21,2026-07-31
11420,2021,PHEV,7,2026-07-31
11420,2022,BEV,35,2026-07-31
11420,2022,PHEV,4,2026-07-31
11420,2023,BEV,106,2026-07-31
11420,2023,PHEV,16,2026-07-31
11420,2024,BEV,50,2026-07-31
11420,2024,PHEV,20,2026-07-31
11420,2025,BEV,35,2026-07-31
11420,2025,PHEV,12,2026-07-31
11420,2026,BEV,22,2026-07-31
11420,2026,PHEV,4,2026-07-31
11421,2017,BEV,1,2026-07-31
11421,2018,PHEV,3,2026-07-31
11421,2019,BEV,4,2026-07-31
11421,2019,PHEV,2,2026-07-31
11421,2020,BEV,4,2026-07-31
11421,2020,PHEV,2,2026-07-31
11421,2021,BEV,15,2026-07-31
11421,2021,PHEV,6,2026-07-31
11421,2022,BEV,17,2026-07-31
11421,2022,PHEV,5,2026-07-31
11421,2023,BEV,49,2026-07-31
11421,2023,PHEV,14,2026-07-31
11421,2024,BEV,24,2026-07-31
11421,2024,PHEV,15,2026-07-31
11421,2025,BEV,19,2026-07-31
11421,2025,PHEV,9,2026-07-31
11421,2026,BEV,12,2026-07-31
11421,2026,PHEV,1,2026-07-31
11422,2019,BEV,1,2026-07-31
11422,2020,BEV,6,2026-07-31
11422,2020,PHEV,4,2026-07-31
11422,2021,BEV,8,2026-07-31
11422,2021,PHEV,2,2026-07-31
11422,2022,BEV,11,2026-07-31
11422,2022,PHEV,4,2026-07-31
11422,2023,BEV,34,2026-07-31
11422,2023,PHEV,11,2026-07-31
11422,2024,BEV,27,2026-07-31
11422,2024,PHEV,10,2026-07-31
11422,2025,BEV,27,2026-07-31
11422,2025,PHEV,11,2026-07-31
11422,2026,BEV,10,2026-07-31
11422,2026,PHEV,3,2026-07-31
11423,2017,BEV,1,2026-07-31
11423,2018,PHEV,5,2026-07-31
11423,2019,BEV,4,2026-07-31
11423,2020,BEV,7,2026-07-31
11423,2020,PHEV,1,2026-07-31
11423,2021,BEV,13,2026-07-31
11423,2021,PHEV,1,2026-07-31
11423,2022,BEV,27,2026-07-31
11423,2023,BEV,87,2026-07-31
11423,2023,PHEV,13,2026-07-31
11423,2024,BEV,42,2026-07-31
11423,2024,PHEV,10,2026-07-31
11423,2025,BEV,24,2026-07-31
11423,2025,PHEV,7,2026-07-31
11423,2026,BEV,23,2026-07-31
11423,2026,PHEV,4,2026-07-31
11426,2017,PHEV,5,2026-07-31
11426,2018,PHEV,5,2026-07-31
11426,2019,BEV,9,2026-07-31
11426,2019,PHEV,1,2026-07-31
11426,2020,BEV,13,2026-07-31
11426,2020,PHEV,3,2026-07-31
11426,2021,BEV,16,2026-07-31
11426,2021,PHEV,5,2026-07-31
11426,2022,BEV,33,2026-07-31
11426,2022,PHEV,7,2026-07-31
11426,2023,BEV,107,2026-07-31
11426,2023,PHEV,13,2026-07-31
11426,2024,BEV,60,2026-07-31
11426,2024,PHEV,15,2026-07-31
11426,2025,BEV,48,2026-07-31
11426,2025,PHEV,11,2026-07-31
11426,2026,BEV,21,2026-07-31
11426,2026,PHEV,2,2026-07-31
11427,2017,BEV,1,2026-07-31
11427,2017,PHEV,1,2026-07-31
11427,2018,BEV,4,2026-07-31
11427,2018,PHEV,3,2026-07-31
11427,2019,BEV,4,2026-07-31
11427,2019,PHEV,4,2026-07-31
11427,2020,BEV,9,2026-07-31
11427,2020,PHEV,2,2026-07-31
11427,2021,BEV,14,2026-07-31
11427,2021,PHEV,3,2026-07-31
11427,2022,BEV,29,2026-07-31
11427,2022,PHEV,7,2026-07-31
11427,2023,BEV,80,2026-07-31
11427,2023,PHEV,14,2026-07-31
11427,2024,BEV,47,2026-07-31
11427,2024,PHEV,12,2026-07-31
11427,2025,BEV,61,2026-07-31
11427,2025,PHEV,11,2026-07-31
11427,2026,BEV,16,2026-07-31
11427,2026,PHEV,2,2026-07-31
11428,2017,BEV,1,2026-07-31
11428,2019,BEV,4,2026-07-31
11428,2021,BEV,12,2026-07-31
11428,2021,PHEV,4,2026-07-31
11428,2022,BEV,6,2026-07-31
11428,2022,PHEV,2,2026-07-31
11428,2023,BEV,50,2026-07-31
11428,2023,PHEV,9,2026-07-31
11428,2024,BEV,28,2026-07-31
11428,2024,PHEV,12,2026-07-31
11428,2025,BEV,16,2026-07-31
11428,2025,PHEV,3,2026-07-31
11428,2026,BEV,5,2026-07-31
11428,2026,PHEV,4,2026-07-31
11429,2017,PHEV,1,2026-07-31
11429,2018,BEV,1,2026-07-31
11429,2018,PHEV,1,2026-07-31
11429,2019,PHEV,2,2026-07-31
11429,2020,BEV,3,2026-07-31
11429,2020,PHEV,1,2026-07-31
11429,2021,BEV,4,2026-07-31
11429,2021,PHEV,5,2026-07-31
11429,2022,BEV,9,2026-07-31
11429,2022,PHEV,2,2026-07-31
11429,2023,BEV,37,2026-07-31
11429,2023,PHEV,9,2026-07-31
11429,2024,BEV,32,2026-07-31
11429,2024,PHEV,16,2026-07-31
11429,2025,BEV,19,2026-07-31
11429,2025,PHEV,5,2026-07-31
11429,2026,BEV,12,2026-07-31
11430,2021,BEV,1,2026-07-31
11430,2022,PHEV,1,2026-07-31
11430,2023,PHEV,1,2026-07-31
11430,2024,BEV,1,2026-07-31
11430,2024,PHEV,5,2026-07-31
11430,2025,BEV,1,2026-07-31
11430,2025,PHEV,1,2026-07-31
11432,2017,BEV,2,2026-07-31
11432,2017,PHEV,5,2026-07-31
11432,2018,BEV,2,2026-07-31
11432,2018,PHEV,3,2026-07-31
11432,2019,BEV,8,2026-07-31
11432,2019,PHEV,1,2026-07-31
11432,2020,BEV,22,2026-07-31
11432,2020,PHEV,2,2026-07-31
11432,2021,BEV,17,2026-07-31
11432,2021,PHEV,11,2026-07-31
11432,2022,BEV,74,2026-07-31
11432,2022,PHEV,15,2026-07-31
11432,2023,BEV,262,2026-07-31
11432,2023,PHEV,24,2026-07-31
11432,2024,BEV,65,2026-07-31
11432,2024,PHEV,22,2026-07-31
11432,2025,BEV,72,2026-07-31
11432,2025,PHEV,12,2026-07-31
11432,2026,BEV,26,2026-07-31
11432,2026,PHEV,4,2026-07-31
11433,2019,BEV,1,2026-07-31
11433,2020,BEV,1,2026-07-31
11433,2021,BEV,7,2026-07-31
11433,2021,PHEV,3,2026-07-31
11433,2022,BEV,9,2026-07-31
11433,2022,PHEV,4,2026-07-31
11433,2023,BEV,87,2026-07-31
11433,2023,PHEV,7,2026-07-31
11433,2024,BEV,29,2026-07-31
11433,2024,PHEV,6,2026-07-31
11433,2025,BEV,23,2026-07-31
11433,2025,PHEV,2,2026-07-31
11433,2026,BEV,11,2026-07-31
11434,2017,PHEV,2,2026-07-31
11434,2018,BEV,1,2026-07-31
11434,2018,PHEV,6,2026-07-31
11434,2019,BEV,2,2026-07-31
11434,2019,PHEV,4,2026-07-31
11434,2020,BEV,10,2026-07-31
11434,2020,PHEV,4,2026-07-31
11434,2021,BEV,7,2026-07-31
11434,2021,PHEV,6,2026-07-31
11434,2022,BEV,23,2026-07-31
11434,2022,PHEV,3,2026-07-31
11434,2023,BEV,58,2026-07-31
11434,2023,PHEV,18,2026-07-31
11434,2024,BEV,39,2026-07-31
11434,2024,PHEV,23,2026-07-31
11434,2025,BEV,44,2026-07-31
11434,2025,PHEV,17,2026-07-31
11434,2026,BEV,21,2026-07-31
11434,2026,PHEV,5,2026-07-31
11435,2017,PHEV,3,2026-07-31
11435,2018,PHEV,2,2026-07-31
11435,2019,BEV,6,2026-07-31
11435,2020,BEV,10,2026-07-31
11435,2020,PHEV,1,2026-07-31
11435,2021,BEV,12,2026-07-31
11435,2021,PHEV,11,2026-07-31
11435,2022,BEV,29,2026-07-31
11435,2022,PHEV,8,2026-07-31
11435,2023,BEV,138,2026-07-31
11435,2023,PHEV,9,2026-07-31
11435,2024,BEV,57,2026-07-31
11435,2024,PHEV,26,2026-07-31
11435,2025,BEV,32,2026-07-31
11435,2025,PHEV,11,2026-07-31
11435,2026,BEV,13,2026-07-31
11435,2026,PHEV,7,2026-07-31
11436,2019,BEV,1,2026-07-31
11436,2020,BEV,2,2026-07-31
11436,2020,PHEV,1,2026-07-31
11436,2021,BEV,5,2026-07-31
11436,2022,BEV,2,2026-07-31
11436,2022,PHEV,2,2026-07-31
11436,2023,BEV,42,2026-07-31
11436,2023,PHEV,5,2026-07-31
11436,2024,BEV,11,2026-07-31
11436,2024,PHEV,16,2026-07-31
11436,2025,BEV,14,2026-07-31
11436,2025,PHEV,6,2026-07-31
11436,2026,BEV,5,2026-07-31
11436,2026,PHEV,1,2026-07-31
11439,2023,PHEV,1,2026-07-31
11501,2017,PHEV,11,2026-07-31
11501,2018,BEV,1,2026-07-31
11501,2018,PHEV,21,2026-07-31
11501,2019,BEV,11,2026-07-31
11501,2019,PHEV,3,2026-07-31
11501,2020,BEV,13,2026-07-31
11501,2020,PHEV,4,2026-07-31
11501,2021,BEV,28,2026-07-31
11501,2021,PHEV,9,2026-07-31
11501,2022,BEV,34,2026-07-31
11501,2022,PHEV,9,2026-07-31
11501,2023,BEV,76,2026-07-31
11501,2023,PHEV,32,2026-07-31
11501,2024,BEV,70,2026-07-31
11501,2024,PHEV,30,2026-07-31
11501,2025,BEV,62,2026-07-31
11501,2025,PHEV,20,2026-07-31
11501,2026,BEV,29,2026-07-31
11501,2026,PHEV,2,2026-07-31
11507,2017,PHEV,1,2026-07-31
11507,2018,BEV,1,2026-07-31
11507,2018,PHEV,4,2026-07-31
11507,2019,BEV,8,2026-07-31
11507,2019,PHEV,3,2026-07-31
11507,2020,BEV,20,2026-07-31
11507,2020,PHEV,3,2026-07-31
11507,2021,BEV,21,2026-07-31
11507,2021,PHEV,5,2026-07-31
11507,2022,BEV,60,2026-07-31
11507,2022,PHEV,11,2026-07-31
11507,2023,BEV,81,2026-07-31
11507,2023,PHEV,8,2026-07-31
11507,2024,BEV,80,2026-07-31
11507,2024,PHEV,17,2026-07-31
11507,2025,BEV,46,2026-07-31
11507,2025,PHEV,9,2026-07-31
11507,2026,BEV,40,2026-07-31
11507,2026,PHEV,4,2026-07-31
11509,2017,PHEV,2,2026-07-31
11509,2018,BEV,1,2026-07-31
11509,2018,PHEV,3,2026-07-31
11509,2019,BEV,1,2026-07-31
11509,2020,BEV,12,2026-07-31
11509,2020,PHEV,1,2026-07-31
11509,2021,BEV,2,2026-07-31
11509,2021,PHEV,4,2026-07-31
11509,2022,BEV,11,2026-07-31
11509,2022,PHEV,1,2026-07-31
11509,2023,BEV,14,2026-07-31
11509,2023,PHEV,5,2026-07-31
11509,2024,BEV,18,2026-07-31
11509,2024,PHEV,5,2026-07-31
11509,2025,BEV,19,2026-07-31
11509,2025,PHEV,1,2026-07-31
11509,2026,BEV,6,2026-07-31
11509,2026,PHEV,2,2026-07-31
11510,2017,BEV,1,2026-07-31
11510,2017,PHEV,7,2026-07-31
11510,2018,BEV,2,2026-07-31
11510,2018,PHEV,10,2026-07-31
11510,2019,BEV,8,2026-07-31
11510,2019,PHEV,14,2026-07-31
11510,2020,BEV,22,2026-07-31
11510,2020,PHEV,10,2026-07-31
11510,2021,BEV,25,2026-07-31
11510,2021,PHEV,20,2026-07-31
11510,2022,BEV,62,2026-07-31
11510,2022,PHEV,14,2026-07-31
11510,2023,BEV,85,2026-07-31
11510,2023,PHEV,32,2026-07-31
11510,2024,BEV,98,2026-07-31
11510,2024,PHEV,38,2026-07-31
11510,2025,BEV,81,2026-07-31
11510,2025,PHEV,26,2026-07-31
11510,2026,BEV,39,2026-07-31
11510,2026,PHEV,6,2026-07-31
11514,2017,PHEV,2,2026-07-31
11514,2018,PHEV,2,2026-07-31
11514,2019,BEV,1,2026-07-31
11514,2020,BEV,2,2026-07-31
11514,2021,PHEV,6,2026-07-31
11514,2022,BEV,15,2026-07-31
11514,2022,PHEV,3,2026-07-31
11514,2023,BEV,13,2026-07-31
11514,2023,PHEV,7,2026-07-31
11514,2024,BEV,24,2026-07-31
11514,2024,PHEV,7,2026-07-31
11514,2025,BEV,19,2026-07-31
11514,2025,PHEV,6,2026-07-31
11514,2026,BEV,10,2026-07-31
11514,2026,PHEV,1,2026-07-31
11516,2017,BEV,2,2026-07-31
11516,2017,PHEV,1,2026-07-31
11516,2018,BEV,1,2026-07-31
11516,2018,PHEV,9,2026-07-31
11516,2019,BEV,5,2026-07-31
11516,2019,PHEV,8,2026-07-31
11516,2020,BEV,15,2026-07-31
11516,2020,PHEV,15,2026-07-31
11516,2021,BEV,10,2026-07-31
11516,2021,PHEV,6,2026-07-31
11516,2022,BEV,31,2026-07-31
11516,2022,PHEV,2,2026-07-31
11516,2023,BEV,35,2026-07-31
11516,2023,PHEV,14,2026-07-31
11516,2024,BEV,39,2026-07-31
11516,2024,PHEV,6,2026-07-31
11516,2025,BEV,60,2026-07-31
11516,2025,PHEV,9,2026-07-31
11516,2026,BEV,30,2026-07-31
11516,2026,PHEV,1,2026-07-31
11518,2017,BEV,2,2026-07-31
11518,2017,PHEV,2,2026-07-31
11518,2018,PHEV,4,2026-07-31
11518,2019,BEV,6,2026-07-31
11518,2019,PHEV,4,2026-07-31
11518,2020,BEV,8,2026-07-31
11518,2020,PHEV,2,2026-07-31
11518,2021,BEV,7,2026-07-31
11518,2021,PHEV,7,2026-07-31
11518,2022,BEV,19,2026-07-31
11518,2022,PHEV,1,2026-07-31
11518,2023,BEV,16,2026-07-31
11518,2023,PHEV,11,2026-07-31
11518,2024,BEV,30,2026-07-31
11518,2024,PHEV,20,2026-07-31
11518,2025,BEV,25,2026-07-31
11518,2025,PHEV,11,2026-07-31
11518,2026,BEV,12,2026-07-31
11518,2026,PHEV,2,2026-07-31
11520,2017,BEV,1,2026-07-31
11520,2017,PHEV,3,2026-07-31
11520,2018,BEV,1,2026-07-31
11520,2018,PHEV,13,2026-07-31
11520,2019,BEV,3,2026-07-31
11520,2019,PHEV,5,2026-07-31
11520,2020,BEV,20,2026-07-31
11520,2020,PHEV,5,2026-07-31
11520,2021,BEV,21,2026-07-31
11520,2021,PHEV,20,2026-07-31
11520,2022,BEV,51,2026-07-31
11520,2022,PHEV,10,2026-07-31
11520,2023,BEV,53,2026-07-31
11520,2023,PHEV,39,2026-07-31
11520,2024,BEV,87,2026-07-31
11520,2024,PHEV,45,2026-07-31
11520,2025,BEV,84,2026-07-31
11520,2025,PHEV,27,2026-07-31
11520,2026,BEV,37,2026-07-31
11520,2026,PHEV,7,2026-07-31
11530,2017,BEV,10,2026-07-31
11530,2017,PHEV,7,2026-07-31
11530,2018,BEV,3,2026-07-31
11530,2018,PHEV,13,2026-07-31
11530,2019,BEV,22,2026-07-31
11530,2019,PHEV,12,2026-07-31
11530,2020,BEV,47,2026-07-31
11530,2020,PHEV,6,2026-07-31
11530,2021,BEV,39,2026-07-31
11530,2021,PHEV,24,2026-07-31
11530,2022,BEV,92,2026-07-31
11530,2022,PHEV,24,2026-07-31
11530,2023,BEV,120,2026-07-31
11530,2023,PHEV,66,2026-07-31
11530,2024,BEV,105,2026-07-31
11530,2024,PHEV,67,2026-07-31
11530,2025,BEV,122,2026-07-31
11530,2025,PHEV,35,2026-07-31
11530,2026,BEV,65,2026-07-31
11530,2026,PHEV,12,2026-07-31
11542,2017,BEV,1,2026-07-31
11542,2017,PHEV,5,2026-07-31
11542,2018,BEV,3,2026-07-31
11542,2018,PHEV,14,2026-07-31
11542,2019,BEV,8,2026-07-31
11542,2019,PHEV,8,2026-07-31
11542,2020,BEV,23,2026-07-31
11542,2020,PHEV,6,2026-07-31
11542,2021,BEV,30,2026-07-31
11542,2021,PHEV,23,2026-07-31
11542,2022,BEV,54,2026-07-31
11542,2022,PHEV,9,2026-07-31
11542,2023,BEV,58,2026-07-31
11542,2023,PHEV,45,2026-07-31
11542,2024,BEV,73,2026-07-31
11542,2024,PHEV,58,2026-07-31
11542,2025,BEV,85,2026-07-31
11542,2025,PHEV,25,2026-07-31
11542,2026,BEV,39,2026-07-31
11542,2026,PHEV,7,2026-07-31
11545,2017,BEV,4,2026-07-31
11545,2017,PHEV,12,2026-07-31
11545,2018,BEV,5,2026-07-31
11545,2018,PHEV,10,2026-07-31
11545,2019,BEV,17,2026-07-31
11545,2019,PHEV,6,2026-07-31
11545,2020,BEV,46,2026-07-31
11545,2020,PHEV,8,2026-07-31
11545,2021,BEV,29,2026-07-31
11545,2021,PHEV,14,2026-07-31
11545,2022,BEV,95,2026-07-31
11545,2022,PHEV,14,2026-07-31
11545,2023,BEV,98,2026-07-31
11545,2023,PHEV,31,2026-07-31
11545,2024,BEV,89,2026-07-31
11545,2024,PHEV,41,2026-07-31
11545,2025,BEV,91,2026-07-31
11545,2025,PHEV,26,2026-07-31
11545,2026,BEV,46,2026-07-31
11545,2026,PHEV,8,2026-07-31
11547,2020,BEV,2,2026-07-31
11547,2020,PHEV,1,2026-07-31
11547,2021,BEV,2,2026-07-31
11547,2021,PHEV,2,2026-07-31
11547,2022,BEV,4,2026-07-31
11547,2022,PHEV,1,2026-07-31
11547,2023,BEV,5,2026-07-31
11547,2023,PHEV,1,2026-07-31
11547,2024,BEV,5,2026-07-31
11547,2024,PHEV,3,2026-07-31
11547,2025,BEV,5,2026-07-31
11547,2025,PHEV,1,2026-07-31
11547,2026,BEV,1,2026-07-31
11548,2017,BEV,1,2026-07-31
11548,2017,PHEV,1,2026-07-31
11548,2018,PHEV,2,2026-07-31
11548,2019,BEV,2,2026-07-31
11548,2020,BEV,8,2026-07-31
11548,2020,PHEV,2,2026-07-31
11548,2021,BEV,4,2026-07-31
11548,2021,PHEV,2,2026-07-31
11548,2022,BEV,13,2026-07-31
11548,2022,PHEV,1,2026-07-31
11548,2023,BEV,17,2026-07-31
11548,2023,PHEV,4,2026-07-31
11548,2024,BEV,13,2026-07-31
11548,2024,PHEV,5,2026-07-31
11548,2025,BEV,8,2026-07-31
11548,2025,PHEV,1,2026-07-31
11548,2026,BEV,6,2026-07-31
11548,2026,PHEV,1,2026-07-31
11549,2021,BEV,1,2026-07-31
11549,2021,PHEV,1,2026-07-31
11549,2024,BEV,2,2026-07-31
11549,2025,BEV,2,2026-07-31
11549,2026,BEV,1,2026-07-31
11550,2017,PHEV,2,2026-07-31
11550,2018,BEV,2,2026-07-31
11550,2018,PHEV,4,2026-07-31
11550,2019,BEV,3,2026-07-31
11550,2019,PHEV,8,2026-07-31
11550,2020,BEV,11,2026-07-31
11550,2020,PHEV,4,2026-07-31
11550,2021,BEV,19,2026-07-31
11550,2021,PHEV,9,2026-07-31
11550,2022,BEV,23,2026-07-31
11550,2022,PHEV,8,2026-07-31
11550,2023,BEV,28,2026-07-31
11550,2023,PHEV,39,2026-07-31
11550,2024,BEV,60,2026-07-31
11550,2024,PHEV,36,2026-07-31
11550,2025,BEV,60,2026-07-31
11550,2025,PHEV,19,2026-07-31
11550,2026,BEV,25,2026-07-31
11550,2026,PHEV,8,2026-07-31
11552,2017,BEV,2,2026-07-31
11552,2017,PHEV,4,2026-07-31
11552,2018,BEV,3,2026-07-31
11552,2018,PHEV,16,2026-07-31
11552,2019,BEV,8,2026-07-31
11552,2019,PHEV,11,2026-07-31
11552,2020,BEV,12,2026-07-31
11552,2020,PHEV,11,2026-07-31
11552,2021,BEV,17,2026-07-31
11552,2021,PHEV,21,2026-07-31
11552,2022,BEV,39,2026-07-31
11552,2022,PHEV,5,2026-07-31
11552,2023,BEV,73,2026-07-31
11552,2023,PHEV,23,2026-07-31
11552,2024,BEV,83,2026-07-31
11552,2024,PHEV,21,2026-07-31
11552,2025,BEV,93,2026-07-31
11552,2025,PHEV,23,2026-07-31
11552,2026,BEV,45,2026-07-31
11552,2026,PHEV,1,2026-07-31
11553,2017,PHEV,1,2026-07-31
11553,2018,PHEV,6,2026-07-31
11553,2019,BEV,1,2026-07-31
11553,2019,PHEV,5,2026-07-31
11553,2020,BEV,4,2026-07-31
11553,2020,PHEV,2,2026-07-31
11553,2021,BEV,10,2026-07-31
11553,2021,PHEV,6,2026-07-31
11553,2022,BEV,17,2026-07-31
11553,2022,PHEV,7,2026-07-31
11553,2023,BEV,18,2026-07-31
11553,2023,PHEV,19,2026-07-31
11553,2024,BEV,33,2026-07-31
11553,2024,PHEV,19,2026-07-31
11553,2025,BEV,32,2026-07-31
11553,2025,PHEV,6,2026-07-31
11553,2026,BEV,9,2026-07-31
11553,2026,PHEV,1,2026-07-31
11554,2017,BEV,5,2026-07-31
11554,2017,PHEV,6,2026-07-31
11554,2018,BEV,3,2026-07-31
11554,2018,PHEV,26,2026-07-31
11554,2019,BEV,13,2026-07-31
11554,2019,PHEV,17,2026-07-31
11554,2020,BEV,28,2026-07-31
11554,2020,PHEV,10,2026-07-31
11554,2021,BEV,64,2026-07-31
11554,2021,PHEV,35,2026-07-31
11554,2022,BEV,87,2026-07-31
11554,2022,PHEV,19,2026-07-31
11554,2023,BEV,165,2026-07-31
11554,2023,PHEV,51,2026-07-31
11554,2024,BEV,181,2026-07-31
11554,2024,PHEV,53,2026-07-31
11554,2025,BEV,146,2026-07-31
11554,2025,PHEV,37,2026-07-31
11554,2026,BEV,86,2026-07-31
11554,2026,PHEV,7,2026-07-31
11557,2017,PHEV,1,2026-07-31
11557,2018,PHEV,1,2026-07-31
11557,2019,BEV,2,2026-07-31
11557,2019,PHEV,3,2026-07-31
11557,2020,BEV,20,2026-07-31
11557,2020,PHEV,3,2026-07-31
11557,2021,BEV,9,2026-07-31
11557,2021,PHEV,3,2026-07-31
11557,2022,BEV,61,2026-07-31
11557,2022,PHEV,6,2026-07-31
11557,2023,BEV,53,2026-07-31
11557,2023,PHEV,17,2026-07-31
11557,2024,BEV,43,2026-07-31
11557,2024,PHEV,14,2026-07-31
11557,2025,BEV,58,2026-07-31
11557,2025,PHEV,10,2026-07-31
11557,2026,BEV,27,2026-07-31
11557,2026,PHEV,4,2026-07-31
11558,2017,BEV,6,2026-07-31
11558,2017,PHEV,3,2026-07-31
11558,2018,BEV,1,2026-07-31
11558,2018,PHEV,3,2026-07-31
11558,2019,BEV,1,2026-07-31
11558,2019,PHEV,10,2026-07-31
11558,2020,BEV,9,2026-07-31
11558,2020,PHEV,1,2026-07-31
11558,2021,BEV,6,2026-07-31
11558,2021,PHEV,2,2026-07-31
11558,2022,BEV,11,2026-07-31
11558,2022,PHEV,5,2026-07-31
11558,2023,BEV,14,2026-07-31
11558,2023,PHEV,11,2026-07-31
11558,2024,BEV,18,2026-07-31
11558,2024,PHEV,16,2026-07-31
11558,2025,BEV,30,2026-07-31
11558,2025,PHEV,7,2026-07-31
11558,2026,BEV,9,2026-07-31
11558,2026,PHEV,3,2026-07-31
11559,2017,BEV,1,2026-07-31
11559,2018,BEV,2,2026-07-31
11559,2018,PHEV,14,2026-07-31
11559,2019,BEV,4,2026-07-31
11559,2019,PHEV,3,2026-07-31
11559,2020,BEV,17,2026-07-31
11559,2020,PHEV,9,2026-07-31
11559,2021,BEV,15,2026-07-31
11559,2021,PHEV,9,2026-07-31
11559,2022,BEV,58,2026-07-31
11559,2022,PHEV,7,2026-07-31
11559,2023,BEV,48,2026-07-31
11559,2023,PHEV,13,2026-07-31
11559,2024,BEV,75,2026-07-31
11559,2024,PHEV,7,2026-07-31
11559,2025,BEV,69,2026-07-31
11559,2025,PHEV,10,2026-07-31
11559,2026,BEV,49,2026-07-31
11559,2026,PHEV,1,2026-07-31
11560,2017,BEV,1,2026-07-31
11560,2017,PHEV,4,2026-07-31
11560,2018,BEV,5,2026-07-31
11560,2018,PHEV,6,2026-07-31
11560,2019,BEV,9,2026-07-31
11560,2019,PHEV,2,2026-07-31
11560,2020,BEV,26,2026-07-31
11560,2020,PHEV,3,2026-07-31
11560,2021,BEV,14,2026-07-31
11560,2021,PHEV,4,2026-07-31
11560,2022,BEV,36,2026-07-31
11560,2022,PHEV,8,2026-07-31
11560,2023,BEV,24,2026-07-31
11560,2023,PHEV,11,2026-07-31
11560,2024,BEV,20,2026-07-31
11560,2024,PHEV,13,2026-07-31
11560,2025,BEV,31,2026-07-31
11560,2025,PHEV,10,2026-07-31
11560,2026,BEV,20,2026-07-31
11560,2026,PHEV,2,2026-07-31
11561,2017,BEV,2,2026-07-31
11561,2017,PHEV,16,2026-07-31
11561,2018,BEV,6,2026-07-31
11561,2018,PHEV,19,2026-07-31
11561,2019,BEV,7,2026-07-31
11561,2019,PHEV,12,2026-07-31
11561,2020,BEV,25,2026-07-31
11561,2020,PHEV,17,2026-07-31
11561,2021,BEV,27,2026-07-31
11561,2021,PHEV,20,2026-07-31
11561,2022,BEV,36,2026-07-31
11561,2022,PHEV,14,2026-07-31
11561,2023,BEV,55,2026-07-31
11561,2023,PHEV,54,2026-07-31
11561,2024,BEV,68,2026-07-31
11561,2024,PHEV,53,2026-07-31
11561,2025,BEV,56,2026-07-31
11561,2025,PHEV,22,2026-07-31
11561,2026,BEV,28,2026-07-31
11561,2026,PHEV,7,2026-07-31
11563,2017,BEV,3,2026-07-31
11563,2017,PHEV,7,2026-07-31
11563,2018,BEV,2,2026-07-31
11563,2018,PHEV,5,2026-07-31
11563,2019,BEV,5,2026-07-31
11563,2019,PHEV,10,2026-07-31
11563,2020,BEV,12,2026-07-31
11563,2020,PHEV,6,2026-07-31
11563,2021,BEV,18,2026-07-31
11563,2021,PHEV,10,2026-07-31
11563,2022,BEV,31,2026-07-31
11563,2022,PHEV,11,2026-07-31
11563,2023,BEV,61,2026-07-31
11563,2023,PHEV,33,2026-07-31
11563,2024,BEV,59,2026-07-31
11563,2024,PHEV,31,2026-07-31
11563,2025,BEV,54,2026-07-31
11563,2025,PHEV,15,2026-07-31
11563,2026,BEV,34,2026-07-31
11563,2026,PHEV,5,2026-07-31
11565,2017,BEV,4,2026-07-31
11565,2017,PHEV,3,2026-07-31
11565,2018,PHEV,8,2026-07-31
11565,2019,BEV,2,2026-07-31
11565,2019,PHEV,1,2026-07-31
11565,2020,BEV,4,2026-07-31
11565,2020,PHEV,1,2026-07-31
11565,2021,BEV,5,2026-07-31
11565,2021,PHEV,3,2026-07-31
11565,2022,BEV,12,2026-07-31
11565,2022,PHEV,5,2026-07-31
11565,2023,BEV,18,2026-07-31
11565,2023,PHEV,15,2026-07-31
11565,2024,BEV,26,2026-07-31
11565,2024,PHEV,12,2026-07-31
11565,2025,BEV,22,2026-07-31
11565,2025,PHEV,6,2026-07-31
11565,2026,BEV,8,2026-07-31
11565,2026,PHEV,3,2026-07-31
11566,2017,BEV,1,2026-07-31
11566,2017,PHEV,4,2026-07-31
11566,2018,BEV,5,2026-07-31
11566,2018,PHEV,21,2026-07-31
11566,2019,BEV,11,2026-07-31
11566,2019,PHEV,15,2026-07-31
11566,2020,BEV,45,2026-07-31
11566,2020,PHEV,18,2026-07-31
11566,2021,BEV,49,2026-07-31
11566,2021,PHEV,25,2026-07-31
11566,2022,BEV,132,2026-07-31
11566,2022,PHEV,25,2026-07-31
11566,2023,BEV,152,2026-07-31
11566,2023,PHEV,84,2026-07-31
11566,2024,BEV,173,2026-07-31
11566,2024,PHEV,81,2026-07-31
11566,2025,BEV,165,2026-07-31
11566,2025,PHEV,46,2026-07-31
11566,2026,BEV,71,2026-07-31
11566,2026,PHEV,17,2026-07-31
11568,2017,BEV,1,2026-07-31
11568,2017,PHEV,2,2026-07-31
11568,2018,BEV,3,2026-07-31
11568,2018,PHEV,4,2026-07-31
11568,2019,BEV,12,2026-07-31
11568,2019,PHEV,2,2026-07-31
11568,2020,BEV,31,2026-07-31
11568,2020,PHEV,1,2026-07-31
11568,2021,BEV,13,2026-07-31
11568,2021,PHEV,3,2026-07-31
11568,2022,BEV,54,2026-07-31
11568,2022,PHEV,4,2026-07-31
11568,2023,BEV,47,2026-07-31
11568,2023,PHEV,12,2026-07-31
11568,2024,BEV,43,2026-07-31
11568,2024,PHEV,18,2026-07-31
11568,2025,BEV,50,2026-07-31
11568,2025,PHEV,10,2026-07-31
11568,2026,BEV,31,2026-07-31
11569,2017,PHEV,1,2026-07-31
11569,2018,BEV,1,2026-07-31
11569,2019,PHEV,1,2026-07-31
11569,2020,BEV,2,2026-07-31
11569,2021,BEV,3,2026-07-31
11569,2021,PHEV,1,2026-07-31
11569,2022,BEV,12,2026-07-31
11569,2023,BEV,6,2026-07-31
11569,2023,PHEV,4,2026-07-31
11569,2024,BEV,5,2026-07-31
11569,2024,PHEV,2,2026-07-31
11569,2025,BEV,12,2026-07-31
11569,2025,PHEV,2,2026-07-31
11569,2026,BEV,1,2026-07-31
11570,2017,BEV,5,2026-07-31
11570,2017,PHEV,8,2026-07-31
11570,2018,BEV,6,2026-07-31
11570,2018,PHEV,10,2026-07-31
11570,2019,BEV,7,2026-07-31
11570,2019,PHEV,13,2026-07-31
11570,2020,BEV,21,2026-07-31
11570,2021,BEV,19,2026-07-31
11570,2021,PHEV,12,2026-07-31
11570,2022,BEV,45,2026-07-31
11570,2022,PHEV,15,2026-07-31
11570,2023,BEV,70,2026-07-31
11570,2023,PHEV,59,2026-07-31
11570,2024,BEV,76,2026-07-31
11570,2024,PHEV,68,2026-07-31
11570,2025,BEV,83,2026-07-31
11570,2025,PHEV,35,2026-07-31
11570,2026,BEV,35,2026-07-31
11570,2026,PHEV,8,2026-07-31
11572,2017,BEV,3,2026-07-31
11572,2017,PHEV,7,2026-07-31
11572,2018,BEV,2,2026-07-31
11572,2018,PHEV,21,2026-07-31
11572,2019,BEV,4,2026-07-31
11572,2019,PHEV,20,2026-07-31
11572,2020,BEV,18,2026-07-31
11572,2020,PHEV,14,2026-07-31
11572,2021,BEV,44,2026-07-31
11572,2021,PHEV,21,2026-07-31
11572,2022,BEV,58,2026-07-31
11572,2022,PHEV,11,2026-07-31
11572,2023,BEV,76,2026-07-31
11572,2023,PHEV,35,2026-07-31
11572,2024,BEV,98,2026-07-31
11572,2024,PHEV,55,2026-07-31
11572,2025,BEV,94,2026-07-31
11572,2025,PHEV,26,2026-07-31
11572,2026,BEV,46,2026-07-31
11572,2026,PHEV,10,2026-07-31
11575,2017,BEV,1,2026-07-31
11575,2018,PHEV,5,2026-07-31
11575,2019,BEV,1,2026-07-31
11575,2019,PHEV,2,2026-07-31
11575,2020,BEV,3,2026-07-31
11575,2021,BEV,5,2026-07-31
11575,2021,PHEV,2,2026-07-31
11575,2022,BEV,11,2026-07-31
11575,2022,PHEV,5,2026-07-31
11575,2023,BEV,15,2026-07-31
11575,2023,PHEV,9,2026-07-31
11575,2024,BEV,17,2026-07-31
11575,2024,PHEV,8,2026-07-31
11575,2025,BEV,22,2026-07-31
11575,2025,PHEV,9,2026-07-31
11575,2026,BEV,4,2026-07-31
11575,2026,PHEV,5,2026-07-31
11576,2017,BEV,3,2026-07-31
11576,2017,PHEV,11,2026-07-31
11576,2018,BEV,6,2026-07-31
11576,2018,PHEV,14,2026-07-31
11576,2019,BEV,35,2026-07-31
11576,2019,PHEV,10,2026-07-31
11576,2020,BEV,57,2026-07-31
11576,2020,PHEV,2,2026-07-31
11576,2021,BEV,44,2026-07-31
11576,2021,PHEV,18,2026-07-31
11576,2022,BEV,149,2026-07-31
11576,2022,PHEV,17,2026-07-31
11576,2023,BEV,180,2026-07-31
11576,2023,PHEV,46,2026-07-31
11576,2024,BEV,172,2026-07-31
11576,2024,PHEV,59,2026-07-31
11576,2025,BEV,159,2026-07-31
11576,2025,PHEV,39,2026-07-31
11576,2026,BEV,77,2026-07-31
11576,2026,PHEV,7,2026-07-31
11577,2017,BEV,2,2026-07-31
11577,2017,PHEV,6,2026-07-31
11577,2018,BEV,2,2026-07-31
11577,2018,PHEV,8,2026-07-31
11577,2019,BEV,22,2026-07-31
11577,2019,PHEV,5,2026-07-31
11577,2020,BEV,45,2026-07-31
11577,2020,PHEV,2,2026-07-31
11577,2021,BEV,40,2026-07-31
11577,2021,PHEV,18,2026-07-31
11577,2022,BEV,127,2026-07-31
11577,2022,PHEV,16,2026-07-31
11577,2023,BEV,152,2026-07-31
11577,2023,PHEV,33,2026-07-31
11577,2024,BEV,149,2026-07-31
11577,2024,PHEV,33,2026-07-31
11577,2025,BEV,162,2026-07-31
11577,2025,PHEV,26,2026-07-31
11577,2026,BEV,53,2026-07-31
11577,2026,PHEV,10,2026-07-31
11579,2017,PHEV,5,2026-07-31
11579,2018,BEV,6,2026-07-31
11579,2018,PHEV,4,2026-07-31
11579,2019,BEV,4,2026-07-31
11579,2019,PHEV,3,2026-07-31
11579,2020,BEV,15,2026-07-31
11579,2020,PHEV,3,2026-07-31
11579,2021,BEV,9,2026-07-31
11579,2021,PHEV,5,2026-07-31
11579,2022,BEV,15,2026-07-31
11579,2022,PHEV,11,2026-07-31
11579,2023,BEV,27,2026-07-31
11579,2023,PHEV,11,2026-07-31
11579,2024,BEV,37,2026-07-31
11579,2024,PHEV,7,2026-07-31
11579,2025,BEV,26,2026-07-31
11579,2025,PHEV,3,2026-07-31
11579,2026,BEV,13,2026-07-31
11579,2026,PHEV,1,2026-07-31
11580,2017,BEV,1,2026-07-31
11580,2017,PHEV,6,2026-07-31
11580,2018,PHEV,6,2026-07-31
11580,2019,BEV,6,2026-07-31
11580,2019,PHEV,11,2026-07-31
11580,2020,BEV,21,2026-07-31
11580,2020,PHEV,12,2026-07-31
11580,2021,BEV,38,2026-07-31
11580,2021,PHEV,15,2026-07-31
11580,2022,BEV,65,2026-07-31
11580,2022,PHEV,12,2026-07-31
11580,2023,BEV,154,2026-07-31
11580,2023,PHEV,41,2026-07-31
11580,2024,BEV,129,2026-07-31
11580,2024,PHEV,42,2026-07-31
11580,2025,BEV,113,2026-07-31
11580,2025,PHEV,26,2026-07-31
11580,2026,BEV,58,2026-07-31
11580,2026,PHEV,11,2026-07-31
11581,2017,BEV,2,2026-07-31
11581,2017,PHEV,8,2026-07-31
11581,2018,BEV,5,2026-07-31
11581,2018,PHEV,8,2026-07-31
11581,2019,BEV,12,2026-07-31
11581,2019,PHEV,4,2026-07-31
11581,2020,BEV,23,2026-07-31
11581,2020,PHEV,10,2026-07-31
11581,2021,BEV,31,2026-07-31
11581,2021,PHEV,13,2026-07-31
11581,2022,BEV,81,2026-07-31
11581,2022,PHEV,8,2026-07-31
11581,2023,BEV,98,2026-07-31
11581,2023,PHEV,30,2026-07-31
11581,2024,BEV,78,2026-07-31
11581,2024,PHEV,30,2026-07-31
11581,2025,BEV,100,2026-07-31
11581,2025,PHEV,8,2026-07-31
11581,2026,BEV,45,2026-07-31
11581,2026,PHEV,1,2026-07-31
11590,2017,BEV,4,2026-07-31
11590,2017,PHEV,9,2026-07-31
11590,2018,BEV,3,2026-07-31
11590,2018,PHEV,22,2026-07-31
11590,2019,BEV,21,2026-07-31
11590,2019,PHEV,15,2026-07-31
11590,2020,BEV,32,2026-07-31
11590,2020,PHEV,10,2026-07-31
11590,2021,BEV,55,2026-07-31
11590,2021,PHEV,24,2026-07-31
11590,2022,BEV,112,2026-07-31
11590,2022,PHEV,27,2026-07-31
11590,2023,BEV,156,2026-07-31
11590,2023,PHEV,59,2026-07-31
11590,2024,BEV,187,2026-07-31
11590,2024,PHEV,66,2026-07-31
11590,2025,BEV,184,2026-07-31
11590,2025,PHEV,33,2026-07-31
11590,2026,BEV,87,2026-07-31
11590,2026,PHEV,12,2026-07-31
11596,2017,PHEV,6,2026-07-31
11596,2018,BEV,6,2026-07-31
11596,2018,PHEV,7,2026-07-31
11596,2019,BEV,3,2026-07-31
11596,2019,PHEV,2,2026-07-31
11596,2020,BEV,22,2026-07-31
11596,2020,PHEV,4,2026-07-31
11596,2021,BEV,20,2026-07-31
11596,2021,PHEV,11,2026-07-31
11596,2022,BEV,40,2026-07-31
11596,2022,PHEV,5,2026-07-31
11596,2023,BEV,51,2026-07-31
11596,2023,PHEV,23,2026-07-31
11596,2024,BEV,76,2026-07-31
11596,2024,PHEV,14,2026-07-31
11596,2025,BEV,62,2026-07-31
11596,2025,PHEV,5,2026-07-31
11596,2026,BEV,35,2026-07-31
11596,2026,PHEV,3,2026-07-31
11598,2017,BEV,8,2026-07-31
11598,2017,PHEV,2,2026-07-31
11598,2018,BEV,3,2026-07-31
11598,2018,PHEV,15,2026-07-31
11598,2019,BEV,13,2026-07-31
11598,2019,PHEV,15,2026-07-31
11598,2020,BEV,39,2026-07-31
11598,2020,PHEV,16,2026-07-31
11598,2021,BEV,33,2026-07-31
11598,2021,PHEV,20,2026-07-31
11598,2022,BEV,89,2026-07-31
11598,2022,PHEV,11,2026-07-31
11598,2023,BEV,104,2026-07-31
11598,2023,PHEV,26,2026-07-31
11598,2024,BEV,121,2026-07-31
11598,2024,PHEV,12,2026-07-31
11598,2025,BEV,138,2026-07-31
11598,2025,PHEV,10,2026-07-31
11598,2026,BEV,63,2026-07-31
11598,2026,PHEV,3,2026-07-31
11691,2017,BEV,4,2026-07-31
11691,2018,BEV,1,2026-07-31
11691,2018,PHEV,8,2026-07-31
11691,2019,BEV,1,2026-07-31
11691,2019,PHEV,5,2026-07-31
11691,2020,BEV,8,2026-07-31
11691,2020,PHEV,15,2026-07-31
11691,2021,BEV,8,2026-07-31
11691,2021,PHEV,14,2026-07-31
11691,2022,BEV,21,2026-07-31
11691,2022,PHEV,5,2026-07-31
11691,2023,BEV,19,2026-07-31
11691,2023,PHEV,17,2026-07-31
11691,2024,BEV,43,2026-07-31
11691,2024,PHEV,19,2026-07-31
11691,2025,BEV,50,2026-07-31
11691,2025,PHEV,11,2026-07-31
11691,2026,BEV,30,2026-07-31
11691,2026,PHEV,5,2026-07-31
11692,2017,PHEV,1,2026-07-31
11692,2018,PHEV,4,2026-07-31
11692,2019,BEV,5,2026-07-31
11692,2020,BEV,7,2026-07-31
11692,2020,PHEV,2,2026-07-31
11692,2021,BEV,8,2026-07-31
11692,2021,PHEV,5,2026-07-31
11692,2022,BEV,12,2026-07-31
11692,2022,PHEV,2,2026-07-31
11692,2023,BEV,17,2026-07-31
11692,2023,PHEV,9,2026-07-31
11692,2024,BEV,17,2026-07-31
11692,2024,PHEV,10,2026-07-31
11692,2025,BEV,15,2026-07-31
11692,2025,PHEV,4,2026-07-31
11692,2026,BEV,10,2026-07-31
11692,2026,PHEV,2,2026-07-31
11693,2018,PHEV,1,2026-07-31
11693,2020,BEV,2,2026-07-31
11693,2021,BEV,5,2026-07-31
11693,2021,PHEV,2,2026-07-31
11693,2022,BEV,7,2026-07-31
11693,2023,BEV,8,2026-07-31
11693,2023,PHEV,3,2026-07-31
11693,2024,BEV,7,2026-07-31
11693,2024,PHEV,15,2026-07-31
11693,2025,BEV,10,2026-07-31
11693,2026,BEV,2,2026-07-31
11694,2017,PHEV,2,2026-07-31
11694,2018,BEV,2,2026-07-31
11694,2018,PHEV,4,2026-07-31
11694,2019,BEV,3,2026-07-31
11694,2019,PHEV,2,2026-07-31
11694,2020,BEV,15,2026-07-31
11694,2020,PHEV,2,2026-07-31
11694,2021,BEV,10,2026-07-31
11694,2021,PHEV,7,2026-07-31
11694,2022,BEV,30,2026-07-31
11694,2022,PHEV,5,2026-07-31
11694,2023,BEV,26,2026-07-31
11694,2023,PHEV,13,2026-07-31
11694,2024,BEV,26,2026-07-31
11694,2024,PHEV,12,2026-07-31
11694,2025,BEV,25,2026-07-31
11694,2025,PHEV,7,2026-07-31
11694,2026,BEV,8,2026-07-31
11694,2026,PHEV,1,2026-07-31
11697,2017,PHEV,1,2026-07-31
11697,2018,PHEV,1,2026-07-31
11697,2020,BEV,1,2026-07-31
11697,2020,PHEV,1,2026-07-31
11697,2021,BEV,2,2026-07-31
11697,2021,PHEV,2,2026-07-31
11697,2022,BEV,2,2026-07-31
11697,2023,BEV,2,2026-07-31
11697,2023,PHEV,6,2026-07-31
11697,2024,PHEV,3,2026-07-31
11697,2025,BEV,1,2026-07-31
11697,2025,PHEV,3,2026-07-31
11697,2026,BEV,1,2026-07-31
11701,2017,BEV,1,2026-07-31
11701,2017,PHEV,2,2026-07-31
11701,2018,BEV,1,2026-07-31
11701,2018,PHEV,11,2026-07-31
11701,2019,BEV,7,2026-07-31
11701,2019,PHEV,5,2026-07-31
11701,2020,BEV,12,2026-07-31
11701,2020,PHEV,8,2026-07-31
11701,2021,BEV,15,2026-07-31
11701,2021,PHEV,10,2026-07-31
11701,2022,BEV,21,2026-07-31
11701,2022,PHEV,10,2026-07-31
11701,2023,BEV,38,2026-07-31
11701,2023,PHEV,24,2026-07-31
11701,2024,BEV,55,2026-07-31
11701,2024,PHEV,36,2026-07-31
11701,2025,BEV,60,2026-07-31
11701,2025,PHEV,18,2026-07-31
11701,2026,BEV,26,2026-07-31
11701,2026,PHEV,3,2026-07-31
11702,2017,BEV,2,2026-07-31
11702,2017,PHEV,7,2026-07-31
11702,2018,BEV,1,2026-07-31
11702,2018,PHEV,17,2026-07-31
11702,2019,BEV,7,2026-07-31
11702,2019,PHEV,4,2026-07-31
11702,2020,BEV,17,2026-07-31
11702,2020,PHEV,4,2026-07-31
11702,2021,BEV,18,2026-07-31
11702,2021,PHEV,17,2026-07-31
11702,2022,BEV,31,2026-07-31
11702,2022,PHEV,12,2026-07-31
11702,2023,BEV,30,2026-07-31
11702,2023,PHEV,19,2026-07-31
11702,2024,BEV,40,2026-07-31
11702,2024,PHEV,29,2026-07-31
11702,2025,BEV,35,2026-07-31
11702,2025,PHEV,13,2026-07-31
11702,2026,BEV,18,2026-07-31
11702,2026,PHEV,4,2026-07-31
11703,2017,BEV,3,2026-07-31
11703,2018,BEV,1,2026-07-31
11703,2018,PHEV,4,2026-07-31
11703,2019,BEV,3,2026-07-31
11703,2019,PHEV,3,2026-07-31
11703,2020,BEV,9,2026-07-31
11703,2020,PHEV,6,2026-07-31
11703,2021,BEV,16,2026-07-31
11703,2021,PHEV,12,2026-07-31
11703,2022,BEV,18,2026-07-31
11703,2022,PHEV,8,2026-07-31
11703,2023,BEV,30,2026-07-31
11703,2023,PHEV,13,2026-07-31
11703,2024,BEV,56,2026-07-31
11703,2024,PHEV,20,2026-07-31
11703,2025,BEV,49,2026-07-31
11703,2025,PHEV,18,2026-07-31
11703,2026,BEV,22,2026-07-31
11703,2026,PHEV,2,2026-07-31
11704,2017,BEV,3,2026-07-31
11704,2017,PHEV,8,2026-07-31
11704,2018,PHEV,17,2026-07-31
11704,2019,BEV,7,2026-07-31
11704,2019,PHEV,14,2026-07-31
11704,2020,BEV,21,2026-07-31
11704,2020,PHEV,11,2026-07-31
11704,2021,BEV,26,2026-07-31
11704,2021,PHEV,15,2026-07-31
11704,2022,BEV,48,2026-07-31
11704,2022,PHEV,13,2026-07-31
11704,2023,BEV,48,2026-07-31
11704,2023,PHEV,38,2026-07-31
11704,2024,BEV,118,2026-07-31
11704,2024,PHEV,51,2026-07-31
11704,2025,BEV,84,2026-07-31
11704,2025,PHEV,24,2026-07-31
11704,2026,BEV,23,2026-07-31
11704,2026,PHEV,9,2026-07-31
11705,2017,BEV,2,2026-07-31
11705,2017,PHEV,9,2026-07-31
11705,2018,BEV,1,2026-07-31
11705,2018,PHEV,11,2026-07-31
11705,2019,BEV,2,2026-07-31
11705,2019,PHEV,9,2026-07-31
11705,2020,BEV,9,2026-07-31
11705,2020,PHEV,6,2026-07-31
11705,2021,BEV,7,2026-07-31
11705,2021,PHEV,13,2026-07-31
11705,2022,BEV,16,2026-07-31
11705,2022,PHEV,7,2026-07-31
11705,2023,BEV,16,2026-07-31
11705,2023,PHEV,18,2026-07-31
11705,2024,BEV,22,2026-07-31
11705,2024,PHEV,9,2026-07-31
11705,2025,BEV,20,2026-07-31
11705,2025,PHEV,9,2026-07-31
11705,2026,BEV,13,2026-07-31
11705,2026,PHEV,3,2026-07-31
11706,2017,BEV,2,2026-07-31
11706,2017,PHEV,11,2026-07-31
11706,2018,BEV,1,2026-07-31
11706,2018,PHEV,22,2026-07-31
11706,2019,BEV,13,2026-07-31
11706,2019,PHEV,20,2026-07-31
11706,2020,BEV,28,2026-07-31
11706,2020,PHEV,22,2026-07-31
11706,2021,BEV,32,2026-07-31
11706,2021,PHEV,52,2026-07-31
11706,2022,BEV,52,2026-07-31
11706,2022,PHEV,23,2026-07-31
11706,2023,BEV,77,2026-07-31
11706,2023,PHEV,56,2026-07-31
11706,2024,BEV,122,2026-07-31
11706,2024,PHEV,75,2026-07-31
11706,2025,BEV,106,2026-07-31
11706,2025,PHEV,43,2026-07-31
11706,2026,BEV,49,2026-07-31
11706,2026,PHEV,5,2026-07-31
11709,2017,BEV,1,2026-07-31
11709,2017,PHEV,2,2026-07-31
11709,2018,BEV,1,2026-07-31
11709,2018,PHEV,2,2026-07-31
11709,2019,BEV,4,2026-07-31
11709,2019,PHEV,3,2026-07-31
11709,2020,BEV,5,2026-07-31
11709,2020,PHEV,3,2026-07-31
11709,2021,BEV,13,2026-07-31
11709,2021,PHEV,5,2026-07-31
11709,2022,BEV,14,2026-07-31
11709,2022,PHEV,4,2026-07-31
11709,2023,BEV,22,2026-07-31
11709,2023,PHEV,9,2026-07-31
11709,2024,BEV,26,2026-07-31
11709,2024,PHEV,12,2026-07-31
11709,2025,BEV,20,2026-07-31
11709,2025,PHEV,8,2026-07-31
11709,2026,BEV,13,2026-07-31
11709,2026,PHEV,2,2026-07-31
11710,2017,BEV,6,2026-07-31
11710,2017,PHEV,5,2026-07-31
11710,2018,BEV,6,2026-07-31
11710,2018,PHEV,14,2026-07-31
11710,2019,BEV,18,2026-07-31
11710,2019,PHEV,13,2026-07-31
11710,2020,BEV,37,2026-07-31
11710,2020,PHEV,11,2026-07-31
11710,2021,BEV,38,2026-07-31
11710,2021,PHEV,23,2026-07-31
11710,2022,BEV,86,2026-07-31
11710,2022,PHEV,23,2026-07-31
11710,2023,BEV,102,2026-07-31
11710,2023,PHEV,64,2026-07-31
11710,2024,BEV,124,2026-07-31
11710,2024,PHEV,58,2026-07-31
11710,2025,BEV,128,2026-07-31
11710,2025,PHEV,40,2026-07-31
11710,2026,BEV,55,2026-07-31
11710,2026,PHEV,8,2026-07-31
11713,2017,BEV,1,2026-07-31
11713,2017,PHEV,3,2026-07-31
11713,2018,PHEV,10,2026-07-31
11713,2019,PHEV,7,2026-07-31
11713,2020,BEV,8,2026-07-31
11713,2020,PHEV,4,2026-07-31
11713,2021,BEV,5,2026-07-31
11713,2021,PHEV,8,2026-07-31
11713,2022,BEV,11,2026-07-31
11713,2022,PHEV,2,2026-07-31
11713,2023,BEV,19,2026-07-31
11713,2023,PHEV,13,2026-07-31
11713,2024,BEV,25,2026-07-31
11713,2024,PHEV,11,2026-07-31
11713,2025,BEV,20,2026-07-31
11713,2025,PHEV,10,2026-07-31
11713,2026,BEV,9,2026-07-31
11713,2026,PHEV,2,2026-07-31
11714,2017,BEV,1,2026-07-31
11714,2017,PHEV,11,2026-07-31
11714,2018,BEV,2,2026-07-31
11714,2018,PHEV,7,2026-07-31
11714,2019,BEV,9,2026-07-31
11714,2019,PHEV,12,2026-07-31
11714,2020,BEV,13,2026-07-31
11714,2020,PHEV,13,2026-07-31
11714,2021,BEV,26,2026-07-31
11714,2021,PHEV,18,2026-07-31
11714,2022,BEV,54,2026-07-31
11714,2022,PHEV,12,2026-07-31
11714,2023,BEV,71,2026-07-31
11714,2023,PHEV,30,2026-07-31
11714,2024,BEV,94,2026-07-31
11714,2024,PHEV,28,2026-07-31
11714,2025,BEV,77,2026-07-31
11714,2025,PHEV,27,2026-07-31
11714,2026,BEV,29,2026-07-31
11714,2026,PHEV,3,2026-07-31
11715,2017,BEV,2,2026-07-31
11715,2017,PHEV,6,2026-07-31
11715,2018,PHEV,7,2026-07-31
11715,2019,BEV,2,2026-07-31
11715,2019,PHEV,6,2026-07-31
11715,2020,BEV,5,2026-07-31
11715,2020,PHEV,2,2026-07-31
11715,2021,BEV,6,2026-07-31
11715,2021,PHEV,6,2026-07-31
11715,2022,BEV,10,2026-07-31
11715,2022,PHEV,2,2026-07-31
11715,2023,BEV,11,2026-07-31
11715,2023,PHEV,15,2026-07-31
11715,2024,BEV,9,2026-07-31
11715,2024,PHEV,8,2026-07-31
11715,2025,BEV,12,2026-07-31
11715,2025,PHEV,13,2026-07-31
11715,2026,BEV,5,2026-07-31
11715,2026,PHEV,3,2026-07-31
11716,2017,PHEV,6,2026-07-31
11716,2018,PHEV,8,2026-07-31
11716,2019,BEV,6,2026-07-31
11716,2019,PHEV,4,2026-07-31
11716,2020,BEV,5,2026-07-31
11716,2020,PHEV,6,2026-07-31
11716,2021,BEV,3,2026-07-31
11716,2021,PHEV,7,2026-07-31
11716,2022,BEV,16,2026-07-31
11716,2022,PHEV,7,2026-07-31
11716,2023,BEV,22,2026-07-31
11716,2023,PHEV,20,2026-07-31
11716,2024,BEV,30,2026-07-31
11716,2024,PHEV,35,2026-07-31
11716,2025,BEV,37,2026-07-31
11716,2025,PHEV,14,2026-07-31
11716,2026,BEV,11,2026-07-31
11716,2026,PHEV,1,2026-07-31
11717,2017,PHEV,3,2026-07-31
11717,2018,BEV,1,2026-07-31
11717,2018,PHEV,11,2026-07-31
11717,2019,BEV,7,2026-07-31
11717,2019,PHEV,8,2026-07-31
11717,2020,BEV,9,2026-07-31
11717,2020,PHEV,9,2026-07-31
11717,2021,BEV,14,2026-07-31
11717,2021,PHEV,16,2026-07-31
11717,2022,BEV,30,2026-07-31
11717,2022,PHEV,12,2026-07-31
11717,2023,BEV,34,2026-07-31
11717,2023,PHEV,23,2026-07-31
11717,2024,BEV,61,2026-07-31
11717,2024,PHEV,32,2026-07-31
11717,2025,BEV,66,2026-07-31
11717,2025,PHEV,21,2026-07-31
11717,2026,BEV,23,2026-07-31
11717,2026,PHEV,7,2026-07-31
11718,2017,PHEV,2,2026-07-31
11718,2018,BEV,1,2026-07-31
11718,2018,PHEV,4,2026-07-31
11718,2019,BEV,2,2026-07-31
11718,2019,PHEV,2,2026-07-31
11718,2020,BEV,6,2026-07-31
11718,2021,BEV,4,2026-07-31
11718,2021,PHEV,6,2026-07-31
11718,2022,BEV,8,2026-07-31
11718,2022,PHEV,4,2026-07-31
11718,2023,BEV,7,2026-07-31
11718,2023,PHEV,5,2026-07-31
11718,2024,BEV,7,2026-07-31
11718,2024,PHEV,6,2026-07-31
11718,2025,BEV,10,2026-07-31
11718,2025,PHEV,1,2026-07-31
11718,2026,BEV,3,2026-07-31
11719,2017,PHEV,4,2026-07-31
11719,2018,BEV,3,2026-07-31
11719,2018,PHEV,3,2026-07-31
11719,2019,PHEV,3,2026-07-31
11719,2020,BEV,3,2026-07-31
11719,2020,PHEV,2,2026-07-31
11719,2021,BEV,3,2026-07-31
11719,2021,PHEV,5,2026-07-31
11719,2022,BEV,7,2026-07-31
11719,2022,PHEV,3,2026-07-31
11719,2023,BEV,6,2026-07-31
11719,2023,PHEV,7,2026-07-31
11719,2024,BEV,7,2026-07-31
11719,2024,PHEV,5,2026-07-31
11719,2025,BEV,11,2026-07-31
11719,2025,PHEV,2,2026-07-31
11719,2026,BEV,2,2026-07-31
11719,2026,PHEV,1,2026-07-31
11720,2017,PHEV,21,2026-07-31
11720,2018,BEV,3,2026-07-31
11720,2018,PHEV,34,2026-07-31
11720,2019,BEV,10,2026-07-31
11720,2019,PHEV,21,2026-07-31
11720,2020,BEV,25,2026-07-31
11720,2020,PHEV,21,2026-07-31
11720,2021,BEV,47,2026-07-31
11720,2021,PHEV,31,2026-07-31
11720,2022,BEV,70,2026-07-31
11720,2022,PHEV,20,2026-07-31
11720,2023,BEV,77,2026-07-31
11720,2023,PHEV,44,2026-07-31
11720,2024,BEV,89,2026-07-31
11720,2024,PHEV,55,2026-07-31
11720,2025,BEV,113,2026-07-31
11720,2025,PHEV,47,2026-07-31
11720,2026,BEV,38,2026-07-31
11720,2026,PHEV,10,2026-07-31
11721,2017,BEV,3,2026-07-31
11721,2017,PHEV,3,2026-07-31
11721,2018,BEV,3,2026-07-31
11721,2018,PHEV,10,2026-07-31
11721,2019,BEV,6,2026-07-31
11721,2019,PHEV,2,2026-07-31
11721,2020,BEV,17,2026-07-31
11721,2020,PHEV,5,2026-07-31
11721,2021,BEV,15,2026-07-31
11721,2021,PHEV,6,2026-07-31
11721,2022,BEV,26,2026-07-31
11721,2022,PHEV,9,2026-07-31
11721,2023,BEV,32,2026-07-31
11721,2023,PHEV,10,2026-07-31
11721,2024,BEV,42,2026-07-31
11721,2024,PHEV,12,2026-07-31
11721,2025,BEV,33,2026-07-31
11721,2025,PHEV,13,2026-07-31
11721,2026,BEV,8,2026-07-31
11721,2026,PHEV,4,2026-07-31
11722,2017,BEV,1,2026-07-31
11722,2017,PHEV,5,2026-07-31
11722,2018,PHEV,13,2026-07-31
11722,2019,BEV,6,2026-07-31
11722,2019,PHEV,8,2026-07-31
11722,2020,BEV,11,2026-07-31
11722,2020,PHEV,13,2026-07-31
11722,2021,BEV,16,2026-07-31
11722,2021,PHEV,16,2026-07-31
11722,2022,BEV,25,2026-07-31
11722,2022,PHEV,12,2026-07-31
11722,2023,BEV,27,2026-07-31
11722,2023,PHEV,16,2026-07-31
11722,2024,BEV,48,2026-07-31
11722,2024,PHEV,52,2026-07-31
11722,2025,BEV,63,2026-07-31
11722,2025,PHEV,14,2026-07-31
11722,2026,BEV,20,2026-07-31
11722,2026,PHEV,6,2026-07-31
11724,2017,BEV,2,2026-07-31
11724,2017,PHEV,1,2026-07-31
11724,2018,PHEV,7,2026-07-31
11724,2019,BEV,5,2026-07-31
11724,2019,PHEV,3,2026-07-31
11724,2020,BEV,18,2026-07-31
11724,2020,PHEV,3,2026-07-31
11724,2021,BEV,13,2026-07-31
11724,2021,PHEV,5,2026-07-31
11724,2022,BEV,24,2026-07-31
11724,2022,PHEV,3,2026-07-31
11724,2023,BEV,25,2026-07-31
11724,2023,PHEV,4,2026-07-31
11724,2024,BEV,27,2026-07-31
11724,2024,PHEV,19,2026-07-31
11724,2025,BEV,24,2026-07-31
11724,2025,PHEV,9,2026-07-31
11724,2026,BEV,6,2026-07-31
11724,2026,PHEV,1,2026-07-31
11725,2017,BEV,3,2026-07-31
11725,2017,PHEV,22,2026-07-31
11725,2018,BEV,4,2026-07-31
11725,2018,PHEV,38,2026-07-31
11725,2019,BEV,19,2026-07-31
11725,2019,PHEV,18,2026-07-31
11725,2020,BEV,46,2026-07-31
11725,2020,PHEV,21,2026-07-31
11725,2021,BEV,43,2026-07-31
11725,2021,PHEV,27,2026-07-31
11725,2022,BEV,83,2026-07-31
11725,2022,PHEV,29,2026-07-31
11725,2023,BEV,122,2026-07-31
11725,2023,PHEV,56,2026-07-31
11725,2024,BEV,173,2026-07-31
11725,2024,PHEV,94,2026-07-31
11725,2025,BEV,171,2026-07-31
11725,2025,PHEV,53,2026-07-31
11725,2026,BEV,70,2026-07-31
11725,2026,PHEV,19,2026-07-31
11726,2017,BEV,1,2026-07-31
11726,2018,PHEV,5,2026-07-31
11726,2019,BEV,1,2026-07-31
11726,2019,PHEV,4,2026-07-31
11726,2020,BEV,8,2026-07-31
11726,2020,PHEV,8,2026-07-31
11726,2021,BEV,9,2026-07-31
11726,2021,PHEV,12,2026-07-31
11726,2022,BEV,20,2026-07-31
11726,2022,PHEV,3,2026-07-31
11726,2023,BEV,23,2026-07-31
11726,2023,PHEV,14,2026-07-31
11726,2024,BEV,26,2026-07-31
11726,2024,PHEV,23,2026-07-31
11726,2025,BEV,41,2026-07-31
11726,2025,PHEV,18,2026-07-31
11726,2026,BEV,16,2026-07-31
11726,2026,PHEV,4,2026-07-31
11727,2017,PHEV,19,2026-07-31
11727,2018,BEV,2,2026-07-31
11727,2018,PHEV,26,2026-07-31
11727,2019,BEV,8,2026-07-31
11727,2019,PHEV,17,2026-07-31
11727,2020,BEV,19,2026-07-31
11727,2020,PHEV,22,2026-07-31
11727,2021,BEV,33,2026-07-31
11727,2021,PHEV,44,2026-07-31
11727,2022,BEV,46,2026-07-31
11727,2022,PHEV,23,2026-07-31
11727,2023,BEV,60,2026-07-31
11727,2023,PHEV,36,2026-07-31
11727,2024,BEV,96,2026-07-31
11727,2024,PHEV,54,2026-07-31
11727,2025,BEV,104,2026-07-31
11727,2025,PHEV,40,2026-07-31
11727,2026,BEV,38,2026-07-31
11727,2026,PHEV,5,2026-07-31
11729,2017,BEV,1,2026-07-31
11729,2017,PHEV,7,2026-07-31
11729,2018,PHEV,17,2026-07-31
11729,2019,BEV,9,2026-07-31
11729,2019,PHEV,12,2026-07-31
11729,2020,BEV,16,2026-07-31
11729,2020,PHEV,13,2026-07-31
11729,2021,BEV,25,2026-07-31
11729,2021,PHEV,25,2026-07-31
11729,2022,BEV,43,2026-07-31
11729,2022,PHEV,14,2026-07-31
11729,2023,BEV,92,2026-07-31
11729,2023,PHEV,23,2026-07-31
11729,2024,BEV,105,2026-07-31
11729,2024,PHEV,57,2026-07-31
11729,2025,BEV,105,2026-07-31
11729,2025,PHEV,30,2026-07-31
11729,2026,BEV,43,2026-07-31
11729,2026,PHEV,8,2026-07-31
11730,2017,BEV,2,2026-07-31
11730,2017,PHEV,6,2026-07-31
11730,2018,BEV,1,2026-07-31
11730,2018,PHEV,5,2026-07-31
11730,2019,BEV,10,2026-07-31
11730,2019,PHEV,8,2026-07-31
11730,2020,BEV,6,2026-07-31
11730,2020,PHEV,8,2026-07-31
11730,2021,BEV,15,2026-07-31
11730,2021,PHEV,14,2026-07-31
11730,2022,BEV,20,2026-07-31
11730,2022,PHEV,9,2026-07-31
11730,2023,BEV,30,2026-07-31
11730,2023,PHEV,22,2026-07-31
11730,2024,BEV,31,2026-07-31
11730,2024,PHEV,22,2026-07-31
11730,2025,BEV,40,2026-07-31
11730,2025,PHEV,27,2026-07-31
11730,2026,BEV,14,2026-07-31
11730,2026,PHEV,8,2026-07-31
11731,2017,BEV,4,2026-07-31
11731,2017,PHEV,25,2026-07-31
11731,2018,BEV,4,2026-07-31
11731,2018,PHEV,26,2026-07-31
11731,2019,BEV,15,2026-07-31
11731,2019,PHEV,11,2026-07-31
11731,2020,BEV,25,2026-07-31
11731,2020,PHEV,22,2026-07-31
11731,2021,BEV,46,2026-07-31
11731,2021,PHEV,32,2026-07-31
11731,2022,BEV,73,2026-07-31
11731,2022,PHEV,23,2026-07-31
11731,2023,BEV,115,2026-07-31
11731,2023,PHEV,29,2026-07-31
11731,2024,BEV,75,2026-07-31
11731,2024,PHEV,69,2026-07-31
11731,2025,BEV,132,2026-07-31
11731,2025,PHEV,52,2026-07-31
11731,2026,BEV,42,2026-07-31
11731,2026,PHEV,12,2026-07-31
11732,2017,BEV,2,2026-07-31
11732,2017,PHEV,2,2026-07-31
11732,2018,BEV,2,2026-07-31
11732,2018,PHEV,3,2026-07-31
11732,2019,BEV,4,2026-07-31
11732,2020,BEV,5,2026-07-31
11732,2021,BEV,12,2026-07-31
11732,2021,PHEV,3,2026-07-31
11732,2022,BEV,14,2026-07-31
11732,2022,PHEV,2,2026-07-31
11732,2023,BEV,18,2026-07-31
11732,2023,PHEV,12,2026-07-31
11732,2024,BEV,17,2026-07-31
11732,2024,PHEV,6,2026-07-31
11732,2025,BEV,16,2026-07-31
11732,2025,PHEV,6,2026-07-31
11732,2026,BEV,12,2026-07-31
11732,2026,PHEV,1,2026-07-31
11733,2017,BEV,2,2026-07-31
11733,2017,PHEV,24,2026-07-31
11733,2018,BEV,10,2026-07-31
11733,2018,PHEV,32,2026-07-31
11733,2019,BEV,23,2026-07-31
11733,2019,PHEV,17,2026-07-31
11733,2020,BEV,46,2026-07-31
11733,2020,PHEV,14,2026-07-31
11733,2021,BEV,49,2026-07-31
11733,2021,PHEV,29,2026-07-31
11733,2022,BEV,96,2026-07-31
11733,2022,PHEV,22,2026-07-31
11733,2023,BEV,111,2026-07-31
11733,2023,PHEV,39,2026-07-31
11733,2024,BEV,125,2026-07-31
11733,2024,PHEV,58,2026-07-31
11733,2025,BEV,104,2026-07-31
11733,2025,PHEV,42,2026-07-31
11733,2026,BEV,53,2026-07-31
11733,2026,PHEV,11,2026-07-31
11735,2017,BEV,4,2026-07-31
11735,2017,PHEV,12,2026-07-31
11735,2018,BEV,4,2026-07-31
11735,2018,PHEV,21,2026-07-31
11735,2019,BEV,9,2026-07-31
11735,2019,PHEV,13,2026-07-31
11735,2020,BEV,25,2026-07-31
11735,2020,PHEV,15,2026-07-31
11735,2021,BEV,23,2026-07-31
11735,2021,PHEV,27,2026-07-31
11735,2022,BEV,57,2026-07-31
11735,2022,PHEV,18,2026-07-31
11735,2023,BEV,84,2026-07-31
11735,2023,PHEV,47,2026-07-31
11735,2024,BEV,89,2026-07-31
11735,2024,PHEV,59,2026-07-31
11735,2025,BEV,96,2026-07-31
11735,2025,PHEV,24,2026-07-31
11735,2026,BEV,52,2026-07-31
11735,2026,PHEV,7,2026-07-31
11738,2017,BEV,1,2026-07-31
11738,2017,PHEV,10,2026-07-31
11738,2018,BEV,2,2026-07-31
11738,2018,PHEV,20,2026-07-31
11738,2019,BEV,2,2026-07-31
11738,2019,PHEV,12,2026-07-31
11738,2020,BEV,12,2026-07-31
11738,2020,PHEV,16,2026-07-31
11738,2021,BEV,18,2026-07-31
11738,2021,PHEV,19,2026-07-31
11738,2022,BEV,30,2026-07-31
11738,2022,PHEV,12,2026-07-31
11738,2023,BEV,43,2026-07-31
11738,2023,PHEV,17,2026-07-31
11738,2024,BEV,44,2026-07-31
11738,2024,PHEV,36,2026-07-31
11738,2025,BEV,62,2026-07-31
11738,2025,PHEV,25,2026-07-31
11738,2026,BEV,13,2026-07-31
11738,2026,PHEV,4,2026-07-31
11739,2018,PHEV,4,2026-07-31
11739,2019,BEV,2,2026-07-31
11739,2020,BEV,1,2026-07-31
11739,2021,PHEV,2,2026-07-31
11739,2022,BEV,6,2026-07-31
11739,2022,PHEV,1,2026-07-31
11739,2023,BEV,7,2026-07-31
11739,2023,PHEV,4,2026-07-31
11739,2024,BEV,6,2026-07-31
11739,2024,PHEV,2,2026-07-31
11739,2025,BEV,6,2026-07-31
11739,2025,PHEV,3,2026-07-31
11739,2026,BEV,1,2026-07-31
11740,2017,BEV,2,2026-07-31
11740,2017,PHEV,8,2026-07-31
11740,2018,PHEV,10,2026-07-31
11740,2019,BEV,6,2026-07-31
11740,2019,PHEV,4,2026-07-31
11740,2020,BEV,9,2026-07-31
11740,2020,PHEV,8,2026-07-31
11740,2021,BEV,16,2026-07-31
11740,2021,PHEV,13,2026-07-31
11740,2022,BEV,24,2026-07-31
11740,2022,PHEV,6,2026-07-31
11740,2023,BEV,40,2026-07-31
11740,2023,PHEV,16,2026-07-31
11740,2024,BEV,49,2026-07-31
11740,2024,PHEV,21,2026-07-31
11740,2025,BEV,36,2026-07-31
11740,2025,PHEV,18,2026-07-31
11740,2026,BEV,22,2026-07-31
11740,2026,PHEV,2,2026-07-31
11741,2017,BEV,1,2026-07-31
11741,2017,PHEV,22,2026-07-31
11741,2018,BEV,3,2026-07-31
11741,2018,PHEV,25,2026-07-31
11741,2019,BEV,5,2026-07-31
11741,2019,PHEV,30,2026-07-31
11741,2020,BEV,20,2026-07-31
11741,2020,PHEV,24,2026-07-31
11741,2021,BEV,30,2026-07-31
11741,2021,PHEV,28,2026-07-31
11741,2022,BEV,39,2026-07-31
11741,2022,PHEV,21,2026-07-31
11741,2023,BEV,53,2026-07-31
11741,2023,PHEV,50,2026-07-31
11741,2024,BEV,68,2026-07-31
11741,2024,PHEV,55,2026-07-31
11741,2025,BEV,91,2026-07-31
11741,2025,PHEV,44,2026-07-31
11741,2026,BEV,27,2026-07-31
11741,2026,PHEV,3,2026-07-31
11742,2017,PHEV,6,2026-07-31
11742,2018,PHEV,16,2026-07-31
11742,2019,BEV,5,2026-07-31
11742,2019,PHEV,14,2026-07-31
11742,2020,BEV,10,2026-07-31
11742,2020,PHEV,13,2026-07-31
11742,2021,BEV,24,2026-07-31
11742,2021,PHEV,13,2026-07-31
11742,2022,BEV,31,2026-07-31
11742,2022,PHEV,7,2026-07-31
11742,2023,BEV,25,2026-07-31
11742,2023,PHEV,24,2026-07-31
11742,2024,BEV,42,2026-07-31
11742,2024,PHEV,23,2026-07-31
11742,2025,BEV,50,2026-07-31
11742,2025,PHEV,17,2026-07-31
11742,2026,BEV,19,2026-07-31
11742,2026,PHEV,7,2026-07-31
11743,2017,BEV,6,2026-07-31
11743,2017,PHEV,18,2026-07-31
11743,2018,BEV,16,2026-07-31
11743,2018,PHEV,40,2026-07-31
11743,2019,BEV,35,2026-07-31
11743,2019,PHEV,25,2026-07-31
11743,2020,BEV,89,2026-07-31
11743,2020,PHEV,22,2026-07-31
11743,2021,BEV,80,2026-07-31
11743,2021,PHEV,58,2026-07-31
11743,2022,BEV,167,2026-07-31
11743,2022,PHEV,49,2026-07-31
11743,2023,BEV,177,2026-07-31
11743,2023,PHEV,80,2026-07-31
11743,2024,BEV,226,2026-07-31
11743,2024,PHEV,131,2026-07-31
11743,2025,BEV,206,2026-07-31
11743,2025,PHEV,87,2026-07-31
11743,2026,BEV,83,2026-07-31
11743,2026,PHEV,19,2026-07-31
11746,2017,BEV,8,2026-07-31
11746,2017,PHEV,33,2026-07-31
11746,2018,BEV,9,2026-07-31
11746,2018,PHEV,77,2026-07-31
11746,2019,BEV,60,2026-07-31
11746,2019,PHEV,53,2026-07-31
11746,2020,BEV,136,2026-07-31
11746,2020,PHEV,35,2026-07-31
11746,2021,BEV,139,2026-07-31
11746,2021,PHEV,58,2026-07-31
11746,2022,BEV,278,2026-07-31
11746,2022,PHEV,54,2026-07-31
11746,2023,BEV,367,2026-07-31
11746,2023,PHEV,94,2026-07-31
11746,2024,BEV,404,2026-07-31
11746,2024,PHEV,126,2026-07-31
11746,2025,BEV,358,2026-07-31
11746,2025,PHEV,100,2026-07-31
11746,2026,BEV,169,2026-07-31
11746,2026,PHEV,21,2026-07-31
11747,2017,BEV,4,2026-07-31
11747,2017,PHEV,20,2026-07-31
11747,2018,BEV,6,2026-07-31
11747,2018,PHEV,29,2026-07-31
11747,2019,BEV,34,2026-07-31
11747,2019,PHEV,19,2026-07-31
11747,2020,BEV,66,2026-07-31
11747,2020,PHEV,13,2026-07-31
11747,2021,BEV,54,2026-07-31
11747,2021,PHEV,29,2026-07-31
11747,2022,BEV,123,2026-07-31
11747,2022,PHEV,25,2026-07-31
11747,2023,BEV,162,2026-07-31
11747,2023,PHEV,48,2026-07-31
11747,2024,BEV,187,2026-07-31
11747,2024,PHEV,70,2026-07-31
11747,2025,BEV,139,2026-07-31
11747,2025,PHEV,54,2026-07-31
11747,2026,BEV,78,2026-07-31
11747,2026,PHEV,15,2026-07-31
11749,2017,PHEV,1,2026-07-31
11749,2018,PHEV,2,2026-07-31
11749,2019,BEV,1,2026-07-31
11749,2019,PHEV,3,2026-07-31
11749,2020,BEV,2,2026-07-31
11749,2021,BEV,4,2026-07-31
11749,2021,PHEV,3,2026-07-31
11749,2022,BEV,7,2026-07-31
11749,2022,PHEV,2,2026-07-31
11749,2023,BEV,14,2026-07-31
11749,2023,PHEV,5,2026-07-31
11749,2024,BEV,7,2026-07-31
11749,2024,PHEV,6,2026-07-31
11749,2025,BEV,10,2026-07-31
11749,2025,PHEV,2,2026-07-31
11749,2026,BEV,3,2026-07-31
11749,2026,PHEV,1,2026-07-31
11751,2017,BEV,1,2026-07-31
11751,2017,PHEV,7,2026-07-31
11751,2018,PHEV,4,2026-07-31
11751,2019,BEV,3,2026-07-31
11751,2019,PHEV,4,2026-07-31
11751,2020,BEV,13,2026-07-31
11751,2020,PHEV,11,2026-07-31
11751,2021,BEV,15,2026-07-31
11751,2021,PHEV,11,2026-07-31
11751,2022,BEV,22,2026-07-31
11751,2022,PHEV,7,2026-07-31
11751,2023,BEV,26,2026-07-31
11751,2023,PHEV,12,2026-07-31
11751,2024,BEV,28,2026-07-31
11751,2024,PHEV,20,2026-07-31
11751,2025,BEV,27,2026-07-31
11751,2025,PHEV,25,2026-07-31
11751,2026,BEV,12,2026-07-31
11751,2026,PHEV,2,2026-07-31
11752,2017,PHEV,6,2026-07-31
11752,2018,PHEV,6,2026-07-31
11752,2019,BEV,5,2026-07-31
11752,2020,BEV,7,2026-07-31
11752,2020,PHEV,5,2026-07-31
11752,2021,BEV,9,2026-07-31
11752,2021,PHEV,9,2026-07-31
11752,2022,BEV,16,2026-07-31
11752,2022,PHEV,4,2026-07-31
11752,2023,BEV,8,2026-07-31
11752,2023,PHEV,12,2026-07-31
11752,2024,BEV,29,2026-07-31
11752,2024,PHEV,16,2026-07-31
11752,2025,BEV,24,2026-07-31
11752,2025,PHEV,18,2026-07-31
11752,2026,BEV,12,2026-07-31
11753,2017,BEV,3,2026-07-31
11753,2017,PHEV,6,2026-07-31
11753,2018,BEV,8,2026-07-31
11753,2018,PHEV,17,2026-07-31
11753,2019,BEV,27,2026-07-31
11753,2019,PHEV,9,2026-07-31
11753,2020,BEV,65,2026-07-31
11753,2020,PHEV,6,2026-07-31
11753,2021,BEV,43,2026-07-31
11753,2021,PHEV,21,2026-07-31
11753,2022,BEV,159,2026-07-31
11753,2022,PHEV,21,2026-07-31
11753,2023,BEV,170,2026-07-31
11753,2023,PHEV,30,2026-07-31
11753,2024,BEV,192,2026-07-31
11753,2024,PHEV,34,2026-07-31
11753,2025,BEV,149,2026-07-31
11753,2025,PHEV,25,2026-07-31
11753,2026,BEV,108,2026-07-31
11753,2026,PHEV,7,2026-07-31
11754,2017,BEV,1,2026-07-31
11754,2017,PHEV,7,2026-07-31
11754,2018,BEV,3,2026-07-31
11754,2018,PHEV,13,2026-07-31
11754,2019,BEV,4,2026-07-31
11754,2019,PHEV,12,2026-07-31
11754,2020,BEV,14,2026-07-31
11754,2020,PHEV,11,2026-07-31
11754,2021,BEV,21,2026-07-31
11754,2021,PHEV,17,2026-07-31
11754,2022,BEV,32,2026-07-31
11754,2022,PHEV,10,2026-07-31
11754,2023,BEV,48,2026-07-31
11754,2023,PHEV,32,2026-07-31
11754,2024,BEV,72,2026-07-31
11754,2024,PHEV,43,2026-07-31
11754,2025,BEV,70,2026-07-31
11754,2025,PHEV,30,2026-07-31
11754,2026,BEV,14,2026-07-31
11754,2026,PHEV,2,2026-07-31
11755,2017,BEV,1,2026-07-31
11755,2017,PHEV,6,2026-07-31
11755,2018,BEV,3,2026-07-31
11755,2018,PHEV,8,2026-07-31
11755,2019,BEV,3,2026-07-31
11755,2019,PHEV,16,2026-07-31
11755,2020,BEV,12,2026-07-31
11755,2020,PHEV,9,2026-07-31
11755,2021,BEV,22,2026-07-31
11755,2021,PHEV,9,2026-07-31
11755,2022,BEV,22,2026-07-31
11755,2022,PHEV,10,2026-07-31
11755,2023,BEV,44,2026-07-31
11755,2023,PHEV,29,2026-07-31
11755,2024,BEV,56,2026-07-31
11755,2024,PHEV,23,2026-07-31
11755,2025,BEV,54,2026-07-31
11755,2025,PHEV,26,2026-07-31
11755,2026,BEV,19,2026-07-31
11755,2026,PHEV,2,2026-07-31
11756,2017,BEV,3,2026-07-31
11756,2017,PHEV,9,2026-07-31
11756,2018,BEV,2,2026-07-31
11756,2018,PHEV,18,2026-07-31
11756,2019,BEV,16,2026-07-31
11756,2019,PHEV,10,2026-07-31
11756,2020,BEV,25,2026-07-31
11756,2020,PHEV,19,2026-07-31
11756,2021,BEV,64,2026-07-31
11756,2021,PHEV,30,2026-07-31
11756,2022,BEV,82,2026-07-31
11756,2022,PHEV,19,2026-07-31
11756,2023,BEV,160,2026-07-31
11756,2023,PHEV,59,2026-07-31
11756,2024,BEV,174,2026-07-31
11756,2024,PHEV,73,2026-07-31
11756,2025,BEV,190,2026-07-31
11756,2025,PHEV,39,2026-07-31
11756,2026,BEV,76,2026-07-31
11756,2026,PHEV,7,2026-07-31
11757,2017,PHEV,5,2026-07-31
11757,2018,BEV,1,2026-07-31
11757,2018,PHEV,20,2026-07-31
11757,2019,BEV,11,2026-07-31
11757,2019,PHEV,10,2026-07-31
11757,2020,BEV,23,2026-07-31
11757,2020,PHEV,17,2026-07-31
11757,2021,BEV,28,2026-07-31
11757,2021,PHEV,24,2026-07-31
11757,2022,BEV,50,2026-07-31
11757,2022,PHEV,16,2026-07-31
11757,2023,BEV,77,2026-07-31
11757,2023,PHEV,52,2026-07-31
11757,2024,BEV,86,2026-07-31
11757,2024,PHEV,55,2026-07-31
11757,2025,BEV,116,2026-07-31
11757,2025,PHEV,25,2026-07-31
11757,2026,BEV,38,2026-07-31
11757,2026,PHEV,9,2026-07-31
11758,2017,BEV,3,2026-07-31
11758,2017,PHEV,10,2026-07-31
11758,2018,BEV,5,2026-07-31
11758,2018,PHEV,23,2026-07-31
11758,2019,BEV,15,2026-07-31
11758,2019,PHEV,17,2026-07-31
11758,2020,BEV,44,2026-07-31
11758,2020,PHEV,11,2026-07-31
11758,2021,BEV,54,2026-07-31
11758,2021,PHEV,32,2026-07-31
11758,2022,BEV,84,2026-07-31
11758,2022,PHEV,28,2026-07-31
11758,2023,BEV,122,2026-07-31
11758,2023,PHEV,93,2026-07-31
11758,2024,BEV,154,2026-07-31
11758,2024,PHEV,123,2026-07-31
11758,2025,BEV,143,2026-07-31
11758,2025,PHEV,51,2026-07-31
11758,2026,BEV,62,2026-07-31
11758,2026,PHEV,5,2026-07-31
11762,2017,BEV,1,2026-07-31
11762,2017,PHEV,4,2026-07-31
11762,2018,PHEV,15,2026-07-31
11762,2019,BEV,5,2026-07-31
11762,2019,PHEV,6,2026-07-31
11762,2020,BEV,16,2026-07-31
11762,2020,PHEV,12,2026-07-31
11762,2021,BEV,25,2026-07-31
11762,2021,PHEV,12,2026-07-31
11762,2022,BEV,27,2026-07-31
11762,2022,PHEV,19,2026-07-31
11762,2023,BEV,41,2026-07-31
11762,2023,PHEV,33,2026-07-31
11762,2024,BEV,52,2026-07-31
11762,2024,PHEV,44,2026-07-31
11762,2025,BEV,67,2026-07-31
11762,2025,PHEV,22,2026-07-31
11762,2026,BEV,26,2026-07-31
11762,2026,PHEV,3,2026-07-31
11763,2017,BEV,1,2026-07-31
11763,2017,PHEV,25,2026-07-31
11763,2018,PHEV,30,2026-07-31
11763,2019,BEV,6,2026-07-31
11763,2019,PHEV,11,2026-07-31
11763,2020,BEV,18,2026-07-31
11763,2020,PHEV,19,2026-07-31
11763,2021,BEV,22,2026-07-31
11763,2021,PHEV,28,2026-07-31
11763,2022,BEV,40,2026-07-31
11763,2022,PHEV,28,2026-07-31
11763,2023,BEV,59,2026-07-31
11763,2023,PHEV,55,2026-07-31
11763,2024,BEV,78,2026-07-31
11763,2024,PHEV,42,2026-07-31
11763,2025,BEV,95,2026-07-31
11763,2025,PHEV,33,2026-07-31
11763,2026,BEV,37,2026-07-31
11763,2026,PHEV,6,2026-07-31
11764,2017,BEV,2,2026-07-31
11764,2017,PHEV,9,2026-07-31
11764,2018,BEV,2,2026-07-31
11764,2018,PHEV,17,2026-07-31
11764,2019,BEV,7,2026-07-31
11764,2019,PHEV,22,2026-07-31
11764,2020,BEV,15,2026-07-31
11764,2020,PHEV,16,2026-07-31
11764,2021,BEV,28,2026-07-31
11764,2021,PHEV,29,2026-07-31
11764,2022,BEV,36,2026-07-31
11764,2022,PHEV,13,2026-07-31
11764,2023,BEV,38,2026-07-31
11764,2023,PHEV,23,2026-07-31
11764,2024,BEV,67,2026-07-31
11764,2024,PHEV,34,2026-07-31
11764,2025,BEV,62,2026-07-31
11764,2025,PHEV,21,2026-07-31
11764,2026,BEV,23,2026-07-31
11764,2026,PHEV,1,2026-07-31
11765,2017,PHEV,2,2026-07-31
11765,2020,BEV,2,2026-07-31
11765,2022,BEV,5,2026-07-31
11765,2022,PHEV,1,2026-07-31
11765,2023,BEV,6,2026-07-31
11765,2023,PHEV,1,2026-07-31
11765,2024,BEV,4,2026-07-31
11765,2024,PHEV,2,2026-07-31
11765,2025,BEV,4,2026-07-31
11765,2025,PHEV,1,2026-07-31
11765,2026,BEV,1,2026-07-31
11765,2026,PHEV,1,2026-07-31
11766,2017,PHEV,18,2026-07-31
11766,2018,BEV,1,2026-07-31
11766,2018,PHEV,26,2026-07-31
11766,2019,BEV,8,2026-07-31
11766,2019,PHEV,27,2026-07-31
11766,2020,BEV,13,2026-07-31
11766,2020,PHEV,19,2026-07-31
11766,2021,BEV,20,2026-07-31
11766,2021,PHEV,22,2026-07-31
11766,2022,BEV,40,2026-07-31
11766,2022,PHEV,19,2026-07-31
11766,2023,BEV,52,2026-07-31
11766,2023,PHEV,25,2026-07-31
11766,2024,BEV,56,2026-07-31
11766,2024,PHEV,41,2026-07-31
11766,2025,BEV,77,2026-07-31
11766,2025,PHEV,24,2026-07-31
11766,2026,BEV,23,2026-07-31
11766,2026,PHEV,2,2026-07-31
11767,2017,BEV,1,2026-07-31
11767,2017,PHEV,10,2026-07-31
11767,2018,PHEV,9,2026-07-31
11767,2019,BEV,12,2026-07-31
11767,2019,PHEV,20,2026-07-31
11767,2020,BEV,11,2026-07-31
11767,2020,PHEV,13,2026-07-31
11767,2021,BEV,34,2026-07-31
11767,2021,PHEV,18,2026-07-31
11767,2022,BEV,41,2026-07-31
11767,2022,PHEV,6,2026-07-31
11767,2023,BEV,50,2026-07-31
11767,2023,PHEV,26,2026-07-31
11767,2024,BEV,95,2026-07-31
11767,2024,PHEV,28,2026-07-31
11767,2025,BEV,71,2026-07-31
11767,2025,PHEV,33,2026-07-31
11767,2026,BEV,44,2026-07-31
11767,2026,PHEV,8,2026-07-31
11768,2017,BEV,3,2026-07-31
11768,2017,PHEV,13,2026-07-31
11768,2018,BEV,2,2026-07-31
11768,2018,PHEV,27,2026-07-31
11768,2019,BEV,19,2026-07-31
11768,2019,PHEV,21,2026-07-31
11768,2020,BEV,51,2026-07-31
11768,2020,PHEV,11,2026-07-31
11768,2021,BEV,49,2026-07-31
11768,2021,PHEV,20,2026-07-31
11768,2022,BEV,79,2026-07-31
11768,2022,PHEV,20,2026-07-31
11768,2023,BEV,87,2026-07-31
11768,2023,PHEV,42,2026-07-31
11768,2024,BEV,109,2026-07-31
11768,2024,PHEV,59,2026-07-31
11768,2025,BEV,100,2026-07-31
11768,2025,PHEV,37,2026-07-31
11768,2026,BEV,52,2026-07-31
11768,2026,PHEV,5,2026-07-31
11769,2017,BEV,2,2026-07-31
11769,2017,PHEV,8,2026-07-31
11769,2018,BEV,3,2026-07-31
11769,2018,PHEV,8,2026-07-31
11769,2019,BEV,4,2026-07-31
11769,2019,PHEV,3,2026-07-31
11769,2020,BEV,8,2026-07-31
11769,2020,PHEV,7,2026-07-31
11769,2021,BEV,10,2026-07-31
11769,2021,PHEV,16,2026-07-31
11769,2022,BEV,7,2026-07-31
11769,2022,PHEV,12,2026-07-31
11769,2023,BEV,13,2026-07-31
11769,2023,PHEV,19,2026-07-31
11769,2024,BEV,31,2026-07-31
11769,2024,PHEV,23,2026-07-31
11769,2025,BEV,36,2026-07-31
11769,2025,PHEV,23,2026-07-31
11769,2026,BEV,4,2026-07-31
11769,2026,PHEV,3,2026-07-31
11770,2021,PHEV,1,2026-07-31
11770,2023,PHEV,1,2026-07-31
11770,2025,BEV,1,2026-07-31
11771,2017,BEV,2,2026-07-31
11771,2017,PHEV,8,2026-07-31
11771,2018,BEV,5,2026-07-31
11771,2018,PHEV,8,2026-07-31
11771,2019,BEV,10,2026-07-31
11771,2019,PHEV,5,2026-07-31
11771,2020,BEV,27,2026-07-31
11771,2020,PHEV,9,2026-07-31
11771,2021,BEV,20,2026-07-31
11771,2021,PHEV,14,2026-07-31
11771,2022,BEV,53,2026-07-31
11771,2022,PHEV,10,2026-07-31
11771,2023,BEV,45,2026-07-31
11771,2023,PHEV,21,2026-07-31
11771,2024,BEV,52,2026-07-31
11771,2024,PHEV,22,2026-07-31
11771,2025,BEV,62,2026-07-31
11771,2025,PHEV,16,2026-07-31
11771,2026,BEV,21,2026-07-31
11771,2026,PHEV,4,2026-07-31
11772,2017,BEV,5,2026-07-31
11772,2017,PHEV,29,2026-07-31
11772,2018,BEV,4,2026-07-31
11772,2018,PHEV,32,2026-07-31
11772,2019,BEV,14,2026-07-31
11772,2019,PHEV,20,2026-07-31
11772,2020,BEV,22,2026-07-31
11772,2020,PHEV,19,2026-07-31
11772,2021,BEV,32,2026-07-31
11772,2021,PHEV,52,2026-07-31
11772,2022,BEV,41,2026-07-31
11772,2022,PHEV,24,2026-07-31
11772,2023,BEV,58,2026-07-31
11772,2023,PHEV,68,2026-07-31
11772,2024,BEV,95,2026-07-31
11772,2024,PHEV,59,2026-07-31
11772,2025,BEV,104,2026-07-31
11772,2025,PHEV,51,2026-07-31
11772,2026,BEV,35,2026-07-31
11772,2026,PHEV,6,2026-07-31
11776,2017,BEV,1,2026-07-31
11776,2017,PHEV,14,2026-07-31
11776,2018,BEV,3,2026-07-31
11776,2018,PHEV,24,2026-07-31
11776,2019,BEV,6,2026-07-31
11776,2019,PHEV,29,2026-07-31
11776,2020,BEV,8,2026-07-31
11776,2020,PHEV,20,2026-07-31
11776,2021,BEV,23,2026-07-31
11776,2021,PHEV,39,2026-07-31
11776,2022,BEV,38,2026-07-31
11776,2022,PHEV,12,2026-07-31
11776,2023,BEV,39,2026-07-31
11776,2023,PHEV,41,2026-07-31
11776,2024,BEV,81,2026-07-31
11776,2024,PHEV,64,2026-07-31
11776,2025,BEV,89,2026-07-31
11776,2025,PHEV,23,2026-07-31
11776,2026,BEV,18,2026-07-31
11776,2026,PHEV,3,2026-07-31
11777,2017,PHEV,12,2026-07-31
11777,2018,BEV,2,2026-07-31
11777,2018,PHEV,17,2026-07-31
11777,2019,BEV,7,2026-07-31
11777,2019,PHEV,16,2026-07-31
11777,2020,BEV,25,2026-07-31
11777,2020,PHEV,7,2026-07-31
11777,2021,BEV,22,2026-07-31
11777,2021,PHEV,13,2026-07-31
11777,2022,BEV,42,2026-07-31
11777,2022,PHEV,9,2026-07-31
11777,2023,BEV,39,2026-07-31
11777,2023,PHEV,17,2026-07-31
11777,2024,BEV,55,2026-07-31
11777,2024,PHEV,35,2026-07-31
11777,2025,BEV,45,2026-07-31
11777,2025,PHEV,16,2026-07-31
11777,2026,BEV,24,2026-07-31
11777,2026,PHEV,8,2026-07-31
11778,2017,PHEV,14,2026-07-31
11778,2018,PHEV,15,2026-07-31
11778,2019,BEV,3,2026-07-31
11778,2019,PHEV,6,2026-07-31
11778,2020,BEV,11,2026-07-31
11778,2020,PHEV,14,2026-07-31
11778,2021,BEV,14,2026-07-31
11778,2021,PHEV,19,2026-07-31
11778,2022,BEV,19,2026-07-31
11778,2022,PHEV,12,2026-07-31
11778,2023,BEV,28,2026-07-31
11778,2023,PHEV,17,2026-07-31
11778,2024,BEV,33,2026-07-31
11778,2024,PHEV,26,2026-07-31
11778,2025,BEV,30,2026-07-31
11778,2025,PHEV,11,2026-07-31
11778,2026,BEV,10,2026-07-31
11778,2026,PHEV,1,2026-07-31
11779,2017,BEV,2,2026-07-31
11779,2017,PHEV,33,2026-07-31
11779,2018,BEV,2,2026-07-31
11779,2018,PHEV,40,2026-07-31
11779,2019,BEV,8,2026-07-31
11779,2019,PHEV,35,2026-07-31
11779,2020,BEV,22,2026-07-31
11779,2020,PHEV,24,2026-07-31
11779,2021,BEV,43,2026-07-31
11779,2021,PHEV,51,2026-07-31
11779,2022,BEV,65,2026-07-31
11779,2022,PHEV,36,2026-07-31
11779,2023,BEV,110,2026-07-31
11779,2023,PHEV,50,2026-07-31
11779,2024,BEV,104,2026-07-31
11779,2024,PHEV,86,2026-07-31
11779,2025,BEV,131,2026-07-31
11779,2025,PHEV,79,2026-07-31
11779,2026,BEV,53,2026-07-31
11779,2026,PHEV,7,2026-07-31
11780,2017,BEV,1,2026-07-31
11780,2017,PHEV,13,2026-07-31
11780,2018,BEV,1,2026-07-31
11780,2018,PHEV,19,2026-07-31
11780,2019,BEV,13,2026-07-31
11780,2019,PHEV,12,2026-07-31
11780,2020,BEV,13,2026-07-31
11780,2020,PHEV,7,2026-07-31
11780,2021,BEV,32,2026-07-31
11780,2021,PHEV,14,2026-07-31
11780,2022,BEV,70,2026-07-31
11780,2022,PHEV,13,2026-07-31
11780,2023,BEV,51,2026-07-31
11780,2023,PHEV,37,2026-07-31
11780,2024,BEV,94,2026-07-31
11780,2024,PHEV,48,2026-07-31
11780,2025,BEV,97,2026-07-31
11780,2025,PHEV,21,2026-07-31
11780,2026,BEV,38,2026-07-31
11780,2026,PHEV,7,2026-07-31
11782,2017,BEV,1,2026-07-31
11782,2017,PHEV,6,2026-07-31
11782,2018,PHEV,16,2026-07-31
11782,2019,BEV,8,2026-07-31
11782,2019,PHEV,13,2026-07-31
11782,2020,BEV,15,2026-07-31
11782,2020,PHEV,6,2026-07-31
11782,2021,BEV,20,2026-07-31
11782,2021,PHEV,20,2026-07-31
11782,2022,BEV,22,2026-07-31
11782,2022,PHEV,11,2026-07-31
11782,2023,BEV,38,2026-07-31
11782,2023,PHEV,33,2026-07-31
11782,2024,BEV,38,2026-07-31
11782,2024,PHEV,37,2026-07-31
11782,2025,BEV,48,2026-07-31
11782,2025,PHEV,17,2026-07-31
11782,2026,BEV,19,2026-07-31
11782,2026,PHEV,4,2026-07-31
11783,2017,BEV,2,2026-07-31
11783,2017,PHEV,3,2026-07-31
11783,2018,BEV,3,2026-07-31
11783,2018,PHEV,10,2026-07-31
11783,2019,BEV,7,2026-07-31
11783,2019,PHEV,5,2026-07-31
11783,2020,BEV,5,2026-07-31
11783,2020,PHEV,5,2026-07-31
11783,2021,BEV,30,2026-07-31
11783,2021,PHEV,10,2026-07-31
11783,2022,BEV,32,2026-07-31
11783,2022,PHEV,11,2026-07-31
11783,2023,BEV,37,2026-07-31
11783,2023,PHEV,44,2026-07-31
11783,2024,BEV,50,2026-07-31
11783,2024,PHEV,40,2026-07-31
11783,2025,BEV,60,2026-07-31
11783,2025,PHEV,21,2026-07-31
11783,2026,BEV,23,2026-07-31
11783,2026,PHEV,3,2026-07-31
11784,2017,BEV,2,2026-07-31
11784,2017,PHEV,26,2026-07-31
11784,2018,BEV,1,2026-07-31
11784,2018,PHEV,26,2026-07-31
11784,2019,BEV,5,2026-07-31
11784,2019,PHEV,14,2026-07-31
11784,2020,BEV,14,2026-07-31
11784,2020,PHEV,16,2026-07-31
11784,2021,BEV,12,2026-07-31
11784,2021,PHEV,21,2026-07-31
11784,2022,BEV,37,2026-07-31
11784,2022,PHEV,26,2026-07-31
11784,2023,BEV,62,2026-07-31
11784,2023,PHEV,35,2026-07-31
11784,2024,BEV,78,2026-07-31
11784,2024,PHEV,32,2026-07-31
11784,2025,BEV,81,2026-07-31
11784,2025,PHEV,36,2026-07-31
11784,2026,BEV,26,2026-07-31
11784,2026,PHEV,2,2026-07-31
11786,2017,PHEV,10,2026-07-31
11786,2018,BEV,1,2026-07-31
11786,2018,PHEV,15,2026-07-31
11786,2019,BEV,6,2026-07-31
11786,2019,PHEV,7,2026-07-31
11786,2020,BEV,8,2026-07-31
11786,2020,PHEV,8,2026-07-31
11786,2021,BEV,13,2026-07-31
11786,2021,PHEV,20,2026-07-31
11786,2022,BEV,26,2026-07-31
11786,2022,PHEV,11,2026-07-31
11786,2023,BEV,35,2026-07-31
11786,2023,PHEV,9,2026-07-31
11786,2024,BEV,28,2026-07-31
11786,2024,PHEV,16,2026-07-31
11786,2025,BEV,38,2026-07-31
11786,2025,PHEV,9,2026-07-31
11786,2026,BEV,8,2026-07-31
11786,2026,PHEV,3,2026-07-31
11787,2017,PHEV,22,2026-07-31
11787,2018,BEV,3,2026-07-31
11787,2018,PHEV,36,2026-07-31
11787,2019,BEV,15,2026-07-31
11787,2019,PHEV,26,2026-07-31
11787,2020,BEV,34,2026-07-31
11787,2020,PHEV,21,2026-07-31
11787,2021,BEV,55,2026-07-31
11787,2021,PHEV,44,2026-07-31
11787,2022,BEV,86,2026-07-31
11787,2022,PHEV,38,2026-07-31
11787,2023,BEV,113,2026-07-31
11787,2023,PHEV,66,2026-07-31
11787,2024,BEV,163,2026-07-31
11787,2024,PHEV,97,2026-07-31
11787,2025,BEV,164,2026-07-31
11787,2025,PHEV,59,2026-07-31
11787,2026,BEV,54,2026-07-31
11787,2026,PHEV,10,2026-07-31
11788,2017,BEV,2,2026-07-31
11788,2017,PHEV,15,2026-07-31
11788,2018,BEV,2,2026-07-31
11788,2018,PHEV,20,2026-07-31
11788,2019,BEV,8,2026-07-31
11788,2019,PHEV,24,2026-07-31
11788,2020,BEV,14,2026-07-31
11788,2020,PHEV,12,2026-07-31
11788,2021,BEV,17,2026-07-31
11788,2021,PHEV,20,2026-07-31
11788,2022,BEV,51,2026-07-31
11788,2022,PHEV,20,2026-07-31
11788,2023,BEV,56,2026-07-31
11788,2023,PHEV,31,2026-07-31
11788,2024,BEV,74,2026-07-31
11788,2024,PHEV,41,2026-07-31
11788,2025,BEV,73,2026-07-31
11788,2025,PHEV,34,2026-07-31
11788,2026,BEV,42,2026-07-31
11788,2026,PHEV,7,2026-07-31
11789,2017,PHEV,8,2026-07-31
11789,2018,PHEV,14,2026-07-31
11789,2019,PHEV,9,2026-07-31
11789,2020,BEV,2,2026-07-31
11789,2020,PHEV,5,2026-07-31
11789,2021,BEV,11,2026-07-31
11789,2021,PHEV,14,2026-07-31
11789,2022,BEV,11,2026-07-31
11789,2022,PHEV,2,2026-07-31
11789,2023,BEV,16,2026-07-31
11789,2023,PHEV,9,2026-07-31
11789,2024,BEV,19,2026-07-31
11789,2024,PHEV,10,2026-07-31
11789,2025,BEV,17,2026-07-31
11789,2025,PHEV,12,2026-07-31
11789,2026,BEV,6,2026-07-31
11789,2026,PHEV,1,2026-07-31
11790,2017,PHEV,9,2026-07-31
11790,2018,BEV,5,2026-07-31
11790,2018,PHEV,17,2026-07-31
11790,2019,BEV,19,2026-07-31
11790,2019,PHEV,15,2026-07-31
11790,2020,BEV,15,2026-07-31
11790,2020,PHEV,5,2026-07-31
11790,2021,BEV,32,2026-07-31
11790,2021,PHEV,21,2026-07-31
11790,2022,BEV,51,2026-07-31
11790,2022,PHEV,18,2026-07-31
11790,2023,BEV,54,2026-07-31
11790,2023,PHEV,24,2026-07-31
11790,2024,BEV,64,2026-07-31
11790,2024,PHEV,24,2026-07-31
11790,2025,BEV,80,2026-07-31
11790,2025,PHEV,28,2026-07-31
11790,2026,BEV,36,2026-07-31
11790,2026,PHEV,6,2026-07-31
11791,2017,BEV,4,2026-07-31
11791,2017,PHEV,25,2026-07-31
11791,2018,BEV,9,2026-07-31
11791,2018,PHEV,32,2026-07-31
11791,2019,BEV,44,2026-07-31
11791,2019,PHEV,20,2026-07-31
11791,2020,BEV,122,2026-07-31
11791,2020,PHEV,17,2026-07-31
11791,2021,BEV,108,2026-07-31
11791,2021,PHEV,32,2026-07-31
11791,2022,BEV,304,2026-07-31
11791,2022,PHEV,31,2026-07-31
11791,2023,BEV,306,2026-07-31
11791,2023,PHEV,55,2026-07-31
11791,2024,BEV,298,2026-07-31
11791,2024,PHEV,70,2026-07-31
11791,2025,BEV,294,2026-07-31
11791,2025,PHEV,56,2026-07-31
11791,2026,BEV,144,2026-07-31
11791,2026,PHEV,4,2026-07-31
11792,2017,PHEV,14,2026-07-31
11792,2018,BEV,1,2026-07-31
11792,2018,PHEV,23,2026-07-31
11792,2019,BEV,4,2026-07-31
11792,2019,PHEV,16,2026-07-31
11792,2020,BEV,16,2026-07-31
11792,2020,PHEV,14,2026-07-31
11792,2021,BEV,18,2026-07-31
11792,2021,PHEV,20,2026-07-31
11792,2022,BEV,31,2026-07-31
11792,2022,PHEV,12,2026-07-31
11792,2023,BEV,43,2026-07-31
11792,2023,PHEV,23,2026-07-31
11792,2024,BEV,30,2026-07-31
11792,2024,PHEV,25,2026-07-31
11792,2025,BEV,34,2026-07-31
11792,2025,PHEV,12,2026-07-31
11792,2026,BEV,22,2026-07-31
11792,2026,PHEV,2,2026-07-31
11793,2017,BEV,1,2026-07-31
11793,2017,PHEV,6,2026-07-31
11793,2018,BEV,2,2026-07-31
11793,2018,PHEV,11,2026-07-31
11793,2019,BEV,14,2026-07-31
11793,2019,PHEV,14,2026-07-31
11793,2020,BEV,22,2026-07-31
11793,2020,PHEV,7,2026-07-31
11793,2021,BEV,21,2026-07-31
11793,2021,PHEV,18,2026-07-31
11793,2022,BEV,59,2026-07-31
11793,2022,PHEV,23,2026-07-31
11793,2023,BEV,68,2026-07-31
11793,2023,PHEV,73,2026-07-31
11793,2024,BEV,98,2026-07-31
11793,2024,PHEV,75,2026-07-31
11793,2025,BEV,81,2026-07-31
11793,2025,PHEV,27,2026-07-31
11793,2026,BEV,46,2026-07-31
11793,2026,PHEV,6,2026-07-31
11795,2017,PHEV,8,2026-07-31
11795,2018,BEV,2,2026-07-31
11795,2018,PHEV,15,2026-07-31
11795,2019,BEV,8,2026-07-31
11795,2019,PHEV,7,2026-07-31
11795,2020,BEV,14,2026-07-31
11795,2020,PHEV,8,2026-07-31
11795,2021,BEV,27,2026-07-31
11795,2021,PHEV,23,2026-07-31
11795,2022,BEV,33,2026-07-31
11795,2022,PHEV,19,2026-07-31
11795,2023,BEV,47,2026-07-31
11795,2023,PHEV,38,2026-07-31
11795,2024,BEV,57,2026-07-31
11795,2024,PHEV,60,2026-07-31
11795,2025,BEV,70,2026-07-31
11795,2025,PHEV,23,2026-07-31
11795,2026,BEV,19,2026-07-31
11795,2026,PHEV,3,2026-07-31
11796,2017,PHEV,2,2026-07-31
11796,2018,PHEV,2,2026-07-31
11796,2019,PHEV,5,2026-07-31
11796,2020,BEV,1,2026-07-31
11796,2020,PHEV,4,2026-07-31
11796,2021,BEV,4,2026-07-31
11796,2021,PHEV,7,2026-07-31
11796,2022,BEV,4,2026-07-31
11796,2022,PHEV,3,2026-07-31
11796,2023,BEV,6,2026-07-31
11796,2023,PHEV,5,2026-07-31
11796,2024,BEV,4,2026-07-31
11796,2024,PHEV,9,2026-07-31
11796,2025,BEV,8,2026-07-31
11796,2025,PHEV,5,2026-07-31
11796,2026,BEV,2,2026-07-31
11797,2017,BEV,1,2026-07-31
11797,2017,PHEV,10,2026-07-31
11797,2018,BEV,9,2026-07-31
11797,2018,PHEV,13,2026-07-31
11797,2019,BEV,22,2026-07-31
11797,2019,PHEV,8,2026-07-31
11797,2020,BEV,31,2026-07-31
11797,2020,PHEV,5,2026-07-31
11797,2021,BEV,37,2026-07-31
11797,2021,PHEV,11,2026-07-31
11797,2022,BEV,102,2026-07-31
11797,2022,PHEV,14,2026-07-31
11797,2023,BEV,91,2026-07-31
11797,2023,PHEV,28,2026-07-31
11797,2024,BEV,105,2026-07-31
11797,2024,PHEV,34,2026-07-31
11797,2025,BEV,111,2026-07-31
11797,2025,PHEV,22,2026-07-31
11797,2026,BEV,54,2026-07-31
11797,2026,PHEV,7,2026-07-31
11798,2018,PHEV,7,2026-07-31
11798,2019,PHEV,1,2026-07-31
11798,2020,BEV,9,2026-07-31
11798,2020,PHEV,6,2026-07-31
11798,2021,BEV,8,2026-07-31
11798,2021,PHEV,6,2026-07-31
11798,2022,BEV,15,2026-07-31
11798,2022,PHEV,6,2026-07-31
11798,2023,BEV,30,2026-07-31
11798,2023,PHEV,7,2026-07-31
11798,2024,BEV,40,2026-07-31
11798,2024,PHEV,8,2026-07-31
11798,2025,BEV,27,2026-07-31
11798,2025,PHEV,7,2026-07-31
11798,2026,BEV,12,2026-07-31
11801,2017,PHEV,7,2026-07-31
11801,2018,BEV,13,2026-07-31
11801,2018,PHEV,21,2026-07-31
11801,2019,BEV,23,2026-07-31
11801,2019,PHEV,17,2026-07-31
11801,2020,BEV,36,2026-07-31
11801,2020,PHEV,16,2026-07-31
11801,2021,BEV,55,2026-07-31
11801,2021,PHEV,39,2026-07-31
11801,2022,BEV,105,2026-07-31
11801,2022,PHEV,20,2026-07-31
11801,2023,BEV,235,2026-07-31
11801,2023,PHEV,59,2026-07-31
11801,2024,BEV,231,2026-07-31
11801,2024,PHEV,62,2026-07-31
11801,2025,BEV,189,2026-07-31
11801,2025,PHEV,39,2026-07-31
11801,2026,BEV,77,2026-07-31
11801,2026,PHEV,9,2026-07-31
11803,2017,BEV,1,2026-07-31
11803,2017,PHEV,19,2026-07-31
11803,2018,BEV,7,2026-07-31
11803,2018,PHEV,24,2026-07-31
11803,2019,BEV,30,2026-07-31
11803,2019,PHEV,28,2026-07-31
11803,2020,BEV,66,2026-07-31
11803,2020,PHEV,17,2026-07-31
11803,2021,BEV,84,2026-07-31
11803,2021,PHEV,38,2026-07-31
11803,2022,BEV,187,2026-07-31
11803,2022,PHEV,33,2026-07-31
11803,2023,BEV,283,2026-07-31
11803,2023,PHEV,60,2026-07-31
11803,2024,BEV,278,2026-07-31
11803,2024,PHEV,80,2026-07-31
11803,2025,BEV,257,2026-07-31
11803,2025,PHEV,55,2026-07-31
11803,2026,BEV,124,2026-07-31
11803,2026,PHEV,11,2026-07-31
11804,2017,PHEV,3,2026-07-31
11804,2018,BEV,3,2026-07-31
11804,2018,PHEV,7,2026-07-31
11804,2019,BEV,2,2026-07-31
11804,2019,PHEV,2,2026-07-31
11804,2020,BEV,5,2026-07-31
11804,2020,PHEV,3,2026-07-31
11804,2021,BEV,16,2026-07-31
11804,2021,PHEV,7,2026-07-31
11804,2022,BEV,31,2026-07-31
11804,2022,PHEV,9,2026-07-31
11804,2023,BEV,38,2026-07-31
11804,2023,PHEV,16,2026-07-31
11804,2024,BEV,52,2026-07-31
11804,2024,PHEV,25,2026-07-31
11804,2025,BEV,37,2026-07-31
11804,2025,PHEV,13,2026-07-31
11804,2026,BEV,21,2026-07-31
11901,2017,BEV,1,2026-07-31
11901,2017,PHEV,21,2026-07-31
11901,2018,PHEV,23,2026-07-31
11901,2019,BEV,7,2026-07-31
11901,2019,PHEV,21,2026-07-31
11901,2020,BEV,21,2026-07-31
11901,2020,PHEV,23,2026-07-31
11901,2021,BEV,17,2026-07-31
11901,2021,PHEV,29,2026-07-31
11901,2022,BEV,34,2026-07-31
11901,2022,PHEV,11,2026-07-31
11901,2023,BEV,35,2026-07-31
11901,2023,PHEV,16,2026-07-31
11901,2024,BEV,53,2026-07-31
11901,2024,PHEV,27,2026-07-31
11901,2025,BEV,45,2026-07-31
11901,2025,PHEV,16,2026-07-31
11901,2026,BEV,35,2026-07-31
11901,2026,PHEV,5,2026-07-31
11930,2017,BEV,1,2026-07-31
11930,2017,PHEV,2,2026-07-31
11930,2018,BEV,2,2026-07-31
11930,2019,BEV,4,2026-07-31
11930,2020,BEV,8,2026-07-31
11930,2020,PHEV,2,2026-07-31
11930,2021,BEV,10,2026-07-31
11930,2021,PHEV,5,2026-07-31
11930,2022,BEV,5,2026-07-31
11930,2023,BEV,3,2026-07-31
11930,2023,PHEV,4,2026-07-31
11930,2024,BEV,10,2026-07-31
11930,2024,PHEV,4,2026-07-31
11930,2025,BEV,5,2026-07-31
11930,2025,PHEV,6,2026-07-31
11930,2026,BEV,4,2026-07-31
11930,2026,PHEV,1,2026-07-31
11931,2019,PHEV,3,2026-07-31
11931,2020,BEV,1,2026-07-31
11931,2021,BEV,1,2026-07-31
11931,2022,BEV,2,2026-07-31
11931,2025,BEV,2,2026-07-31
11931,2025,PHEV,1,2026-07-31
11932,2018,PHEV,1,2026-07-31
11932,2019,BEV,1,2026-07-31
11932,2019,PHEV,1,2026-07-31
11932,2020,BEV,3,2026-07-31
11932,2020,PHEV,1,2026-07-31
11932,2021,BEV,3,2026-07-31
11932,2021,PHEV,4,2026-07-31
11932,2022,BEV,4,2026-07-31
11932,2022,PHEV,2,2026-07-31
11932,2023,BEV,8,2026-07-31
11932,2023,PHEV,4,2026-07-31
11932,2024,BEV,6,2026-07-31
11932,2024,PHEV,4,2026-07-31
11932,2025,BEV,12,2026-07-31
11932,2025,PHEV,4,2026-07-31
11932,2026,BEV,1,2026-07-31
11933,2017,BEV,2,2026-07-31
11933,2017,PHEV,8,2026-07-31
11933,2018,BEV,1,2026-07-31
11933,2018,PHEV,9,2026-07-31
11933,2019,BEV,3,2026-07-31
11933,2019,PHEV,13,2026-07-31
11933,2020,BEV,5,2026-07-31
11933,2020,PHEV,8,2026-07-31
11933,2021,BEV,10,2026-07-31
11933,2021,PHEV,11,2026-07-31
11933,2022,BEV,13,2026-07-31
11933,2022,PHEV,9,2026-07-31
11933,2023,BEV,10,2026-07-31
11933,2023,PHEV,7,2026-07-31
11933,2024,BEV,20,2026-07-31
11933,2024,PHEV,10,2026-07-31
11933,2025,BEV,27,2026-07-31
11933,2025,PHEV,8,2026-07-31
11933,2026,BEV,6,2026-07-31
11934,2017,PHEV,11,2026-07-31
11934,2018,BEV,3,2026-07-31
11934,2018,PHEV,6,2026-07-31
11934,2019,BEV,7,2026-07-31
11934,2019,PHEV,5,2026-07-31
11934,2020,BEV,3,2026-07-31
11934,2020,PHEV,6,2026-07-31
11934,2021,BEV,5,2026-07-31
11934,2021,PHEV,14,2026-07-31
11934,2022,BEV,21,2026-07-31
11934,2022,PHEV,4,2026-07-31
11934,2023,BEV,15,2026-07-31
11934,2023,PHEV,11,2026-07-31
11934,2024,BEV,37,2026-07-31
11934,2024,PHEV,17,2026-07-31
11934,2025,BEV,26,2026-07-31
11934,2025,PHEV,6,2026-07-31
11934,2026,BEV,11,2026-07-31
11934,2026,PHEV,1,2026-07-31
11935,2017,BEV,1,2026-07-31
11935,2017,PHEV,4,2026-07-31
11935,2018,BEV,1,2026-07-31
11935,2018,PHEV,5,2026-07-31
11935,2019,PHEV,6,2026-07-31
11935,2020,BEV,5,2026-07-31
11935,2020,PHEV,4,2026-07-31
11935,2021,BEV,12,2026-07-31
11935,2021,PHEV,4,2026-07-31
11935,2022,BEV,10,2026-07-31
11935,2022,PHEV,4,2026-07-31
11935,2023,BEV,11,2026-07-31
11935,2023,PHEV,4,2026-07-31
11935,2024,BEV,11,2026-07-31
11935,2024,PHEV,8,2026-07-31
11935,2025,BEV,19,2026-07-31
11935,2025,PHEV,6,2026-07-31
11935,2026,BEV,9,2026-07-31
11937,2017,BEV,2,2026-07-31
11937,2017,PHEV,13,2026-07-31
11937,2018,BEV,3,2026-07-31
11937,2018,PHEV,15,2026-07-31
11937,2019,BEV,16,2026-07-31
11937,2019,PHEV,9,2026-07-31
11937,2020,BEV,50,2026-07-31
11937,2020,PHEV,9,2026-07-31
11937,2021,BEV,42,2026-07-31
11937,2021,PHEV,42,2026-07-31
11937,2022,BEV,65,2026-07-31
11937,2022,PHEV,12,2026-07-31
11937,2023,BEV,83,2026-07-31
11937,2023,PHEV,33,2026-07-31
11937,2024,BEV,80,2026-07-31
11937,2024,PHEV,54,2026-07-31
11937,2025,BEV,67,2026-07-31
11937,2025,PHEV,22,2026-07-31
11937,2026,BEV,35,2026-07-31
11937,2026,PHEV,17,2026-07-31
11939,2017,PHEV,2,2026-07-31
11939,2018,PHEV,3,2026-07-31
11939,2020,BEV,1,2026-07-31
11939,2021,BEV,2,2026-07-31
11939,2021,PHEV,3,2026-07-31
11939,2022,BEV,2,2026-07-31
11939,2023,BEV,7,2026-07-31
11939,2023,PHEV,1,2026-07-31
11939,2024,BEV,2,2026-07-31
11939,2024,PHEV,1,2026-07-31
11939,2025,BEV,4,2026-07-31
11939,2026,BEV,1,2026-07-31
11940,2017,BEV,2,2026-07-31
11940,2017,PHEV,9,2026-07-31
11940,2018,PHEV,6,2026-07-31
11940,2019,BEV,2,2026-07-31
11940,2019,PHEV,5,2026-07-31
11940,2020,BEV,10,2026-07-31
11940,2020,PHEV,1,2026-07-31
11940,2021,BEV,3,2026-07-31
11940,2021,PHEV,11,2026-07-31
11940,2022,BEV,9,2026-07-31
11940,2022,PHEV,4,2026-07-31
11940,2023,BEV,12,2026-07-31
11940,2023,PHEV,12,2026-07-31
11940,2024,BEV,12,2026-07-31
11940,2024,PHEV,5,2026-07-31
11940,2025,BEV,17,2026-07-31
11940,2025,PHEV,7,2026-07-31
11940,2026,BEV,10,2026-07-31
11940,2026,PHEV,1,2026-07-31
11941,2017,PHEV,1,2026-07-31
11941,2018,BEV,1,2026-07-31
11941,2018,PHEV,3,2026-07-31
11941,2019,BEV,2,2026-07-31
11941,2019,PHEV,1,2026-07-31
11941,2020,BEV,5,2026-07-31
11941,2020,PHEV,1,2026-07-31
11941,2021,BEV,3,2026-07-31
11941,2021,PHEV,5,2026-07-31
11941,2022,BEV,5,2026-07-31
11941,2022,PHEV,5,2026-07-31
11941,2023,BEV,10,2026-07-31
11941,2023,PHEV,6,2026-07-31
11941,2024,BEV,8,2026-07-31
11941,2024,PHEV,4,2026-07-31
11941,2025,BEV,17,2026-07-31
11941,2025,PHEV,4,2026-07-31
11941,2026,BEV,2,2026-07-31
11941,2026,PHEV,2,2026-07-31
11942,2017,BEV,1,2026-07-31
11942,2017,PHEV,8,2026-07-31
11942,2018,BEV,1,2026-07-31
11942,2018,PHEV,7,2026-07-31
11942,2019,BEV,1,2026-07-31
11942,2019,PHEV,7,2026-07-31
11942,2020,BEV,8,2026-07-31
11942,2020,PHEV,3,2026-07-31
11942,2021,BEV,16,2026-07-31
11942,2021,PHEV,4,2026-07-31
11942,2022,BEV,19,2026-07-31
11942,2022,PHEV,2,2026-07-31
11942,2023,BEV,24,2026-07-31
11942,2023,PHEV,5,2026-07-31
11942,2024,BEV,25,2026-07-31
11942,2024,PHEV,6,2026-07-31
11942,2025,BEV,21,2026-07-31
11942,2025,PHEV,10,2026-07-31
11942,2026,BEV,5,2026-07-31
11942,2026,PHEV,2,2026-07-31
11944,2017,BEV,1,2026-07-31
11944,2017,PHEV,6,2026-07-31
11944,2018,PHEV,8,2026-07-31
11944,2019,BEV,1,2026-07-31
11944,2019,PHEV,7,2026-07-31
11944,2020,BEV,7,2026-07-31
11944,2020,PHEV,3,2026-07-31
11944,2021,BEV,3,2026-07-31
11944,2021,PHEV,4,2026-07-31
11944,2022,BEV,6,2026-07-31
11944,2022,PHEV,5,2026-07-31
11944,2023,BEV,10,2026-07-31
11944,2023,PHEV,6,2026-07-31
11944,2024,BEV,8,2026-07-31
11944,2024,PHEV,7,2026-07-31
11944,2025,BEV,6,2026-07-31
11944,2026,BEV,1,2026-07-31
11946,2017,BEV,3,2026-07-31
11946,2017,PHEV,7,2026-07-31
11946,2018,BEV,1,2026-07-31
11946,2018,PHEV,12,2026-07-31
11946,2019,BEV,3,2026-07-31
11946,2019,PHEV,13,2026-07-31
11946,2020,BEV,19,2026-07-31
11946,2020,PHEV,10,2026-07-31
11946,2021,BEV,12,2026-07-31
11946,2021,PHEV,14,2026-07-31
11946,2022,BEV,30,2026-07-31
11946,2022,PHEV,11,2026-07-31
11946,2023,BEV,42,2026-07-31
11946,2023,PHEV,21,2026-07-31
11946,2024,BEV,43,2026-07-31
11946,2024,PHEV,17,2026-07-31
11946,2025,BEV,38,2026-07-31
11946,2025,PHEV,9,2026-07-31
11946,2026,BEV,15,2026-07-31
11946,2026,PHEV,3,2026-07-31
11947,2019,PHEV,1,2026-07-31
11947,2021,BEV,1,2026-07-31
11947,2024,BEV,1,2026-07-31
11948,2017,BEV,1,2026-07-31
11948,2017,PHEV,4,2026-07-31
11948,2018,BEV,1,2026-07-31
11948,2018,PHEV,7,2026-07-31
11948,2019,BEV,2,2026-07-31
11948,2019,PHEV,4,2026-07-31
11948,2020,BEV,5,2026-07-31
11948,2020,PHEV,4,2026-07-31
11948,2021,BEV,4,2026-07-31
11948,2021,PHEV,2,2026-07-31
11948,2022,BEV,4,2026-07-31
11948,2022,PHEV,2,2026-07-31
11948,2023,BEV,3,2026-07-31
11948,2023,PHEV,2,2026-07-31
11948,2024,BEV,3,2026-07-31
11948,2024,PHEV,4,2026-07-31
11948,2025,BEV,5,2026-07-31
11948,2026,BEV,2,2026-07-31
11948,2026,PHEV,1,2026-07-31
11949,2017,PHEV,21,2026-07-31
11949,2018,BEV,3,2026-07-31
11949,2018,PHEV,22,2026-07-31
11949,2019,BEV,11,2026-07-31
11949,2019,PHEV,26,2026-07-31
11949,2020,BEV,15,2026-07-31
11949,2020,PHEV,21,2026-07-31
11949,2021,BEV,20,2026-07-31
11949,2021,PHEV,14,2026-07-31
11949,2022,BEV,52,2026-07-31
11949,2022,PHEV,17,2026-07-31
11949,2023,BEV,44,2026-07-31
11949,2023,PHEV,15,2026-07-31
11949,2024,BEV,53,2026-07-31
11949,2024,PHEV,34,2026-07-31
11949,2025,BEV,65,2026-07-31
11949,2025,PHEV,17,2026-07-31
11949,2026,BEV,33,2026-07-31
11949,2026,PHEV,4,2026-07-31
11950,2017,BEV,1,2026-07-31
11950,2017,PHEV,5,2026-07-31
11950,2018,PHEV,10,2026-07-31
11950,2019,BEV,2,2026-07-31
11950,2019,PHEV,5,2026-07-31
11950,2020,BEV,4,2026-07-31
11950,2020,PHEV,6,2026-07-31
11950,2021,BEV,7,2026-07-31
11950,2021,PHEV,10,2026-07-31
11950,2022,BEV,7,2026-07-31
11950,2022,PHEV,8,2026-07-31
11950,2023,BEV,16,2026-07-31
11950,2023,PHEV,15,2026-07-31
11950,2024,BEV,21,2026-07-31
11950,2024,PHEV,22,2026-07-31
11950,2025,BEV,35,2026-07-31
11950,2025,PHEV,8,2026-07-31
11950,2026,BEV,7,2026-07-31
11950,2026,PHEV,1,2026-07-31
11951,2017,PHEV,7,2026-07-31
11951,2018,PHEV,8,2026-07-31
11951,2019,BEV,2,2026-07-31
11951,2019,PHEV,7,2026-07-31
11951,2020,BEV,4,2026-07-31
11951,2020,PHEV,2,2026-07-31
11951,2021,BEV,10,2026-07-31
11951,2021,PHEV,10,2026-07-31
11951,2022,BEV,4,2026-07-31
11951,2022,PHEV,7,2026-07-31
11951,2023,BEV,4,2026-07-31
11951,2023,PHEV,4,2026-07-31
11951,2024,BEV,15,2026-07-31
11951,2024,PHEV,18,2026-07-31
11951,2025,BEV,16,2026-07-31
11951,2025,PHEV,9,2026-07-31
11951,2026,BEV,11,2026-07-31
11951,2026,PHEV,2,2026-07-31
11952,2017,PHEV,6,2026-07-31
11952,2018,BEV,1,2026-07-31
11952,2018,PHEV,7,2026-07-31
11952,2019,BEV,3,2026-07-31
11952,2019,PHEV,10,2026-07-31
11952,2020,BEV,6,2026-07-31
11952,2020,PHEV,4,2026-07-31
11952,2021,BEV,6,2026-07-31
11952,2021,PHEV,9,2026-07-31
11952,2022,BEV,17,2026-07-31
11952,2022,PHEV,2,2026-07-31
11952,2023,BEV,8,2026-07-31
11952,2023,PHEV,6,2026-07-31
11952,2024,BEV,19,2026-07-31
11952,2024,PHEV,11,2026-07-31
11952,2025,BEV,15,2026-07-31
11952,2025,PHEV,5,2026-07-31
11952,2026,BEV,1,2026-07-31
11952,2026,PHEV,1,2026-07-31
11953,2017,BEV,2,2026-07-31
11953,2017,PHEV,14,2026-07-31
11953,2018,BEV,1,2026-07-31
11953,2018,PHEV,29,2026-07-31
11953,2019,BEV,3,2026-07-31
11953,2019,PHEV,14,2026-07-31
11953,2020,BEV,9,2026-07-31
11953,2020,PHEV,20,2026-07-31
11953,2021,BEV,13,2026-07-31
11953,2021,PHEV,18,2026-07-31
11953,2022,BEV,22,2026-07-31
11953,2022,PHEV,16,2026-07-31
11953,2023,BEV,23,2026-07-31
11953,2023,PHEV,26,2026-07-31
11953,2024,BEV,35,2026-07-31
11953,2024,PHEV,25,2026-07-31
11953,2025,BEV,27,2026-07-31
11953,2025,PHEV,12,2026-07-31
11953,2026,BEV,13,2026-07-31
11953,2026,PHEV,2,2026-07-31
11954,2017,PHEV,1,2026-07-31
11954,2018,PHEV,2,2026-07-31
11954,2019,BEV,2,2026-07-31
11954,2020,BEV,5,2026-07-31
11954,2020,PHEV,2,2026-07-31
11954,2021,BEV,8,2026-07-31
11954,2021,PHEV,7,2026-07-31
11954,2022,BEV,7,2026-07-31
11954,2022,PHEV,1,2026-07-31
11954,2023,BEV,4,2026-07-31
11954,2023,PHEV,7,2026-07-31
11954,2024,BEV,19,2026-07-31
11954,2024,PHEV,9,2026-07-31
11954,2025,BEV,7,2026-07-31
11954,2025,PHEV,6,2026-07-31
11954,2026,BEV,7,2026-07-31
11955,2017,PHEV,3,2026-07-31
11955,2018,PHEV,2,2026-07-31
11955,2019,PHEV,5,2026-07-31
11955,2020,BEV,1,2026-07-31
11955,2020,PHEV,3,2026-07-31
11955,2021,PHEV,4,2026-07-31
11955,2022,BEV,2,2026-07-31
11955,2023,BEV,11,2026-07-31
11955,2023,PHEV,3,2026-07-31
11955,2024,BEV,4,2026-07-31
11955,2024,PHEV,4,2026-07-31
11955,2025,BEV,6,2026-07-31
11955,2025,PHEV,4,2026-07-31
11955,2026,BEV,4,2026-07-31
11957,2017,PHEV,1,2026-07-31
11957,2018,BEV,1,2026-07-31
11957,2018,PHEV,3,2026-07-31
11957,2019,BEV,1,2026-07-31
11957,2019,PHEV,1,2026-07-31
11957,2020,BEV,2,2026-07-31
11957,2020,PHEV,2,2026-07-31
11957,2021,PHEV,2,2026-07-31
11957,2022,BEV,3,2026-07-31
11957,2023,BEV,5,2026-07-31
11957,2024,BEV,3,2026-07-31
11957,2024,PHEV,2,2026-07-31
11957,2025,BEV,1,2026-07-31
11957,2025,PHEV,2,2026-07-31
11957,2026,BEV,2,2026-07-31
11958,2017,PHEV,4,2026-07-31
11958,2018,PHEV,1,2026-07-31
11958,2019,PHEV,2,2026-07-31
11958,2020,BEV,1,2026-07-31
11958,2020,PHEV,1,2026-07-31
11958,2022,BEV,2,2026-07-31
11958,2022,PHEV,3,2026-07-31
11958,2023,BEV,1,2026-07-31
11958,2023,PHEV,2,2026-07-31
11958,2024,BEV,2,2026-07-31
11958,2024,PHEV,2,2026-07-31
11958,2025,BEV,4,2026-07-31
11958,2025,PHEV,2,2026-07-31
11959,2017,PHEV,3,2026-07-31
11959,2018,PHEV,1,2026-07-31
11959,2019,BEV,1,2026-07-31
11959,2020,BEV,5,2026-07-31
11959,2020,PHEV,3,2026-07-31
11959,2021,BEV,3,2026-07-31
11959,2021,PHEV,1,2026-07-31
11959,2022,BEV,13,2026-07-31
11959,2022,PHEV,5,2026-07-31
11959,2023,BEV,5,2026-07-31
11959,2023,PHEV,4,2026-07-31
11959,2024,BEV,10,2026-07-31
11959,2024,PHEV,2,2026-07-31
11959,2025,BEV,9,2026-07-31
11959,2025,PHEV,2,2026-07-31
11959,2026,BEV,5,2026-07-31
11959,2026,PHEV,2,2026-07-31
11960,2017,PHEV,3,2026-07-31
11960,2018,PHEV,3,2026-07-31
11960,2019,BEV,2,2026-07-31
11960,2019,PHEV,5,2026-07-31
11960,2020,BEV,2,2026-07-31
11960,2020,PHEV,1,2026-07-31
11960,2021,BEV,4,2026-07-31
11960,2021,PHEV,4,2026-07-31
11960,2022,BEV,8,2026-07-31
11960,2022,PHEV,2,2026-07-31
11960,2023,BEV,17,2026-07-31
11960,2023,PHEV,2,2026-07-31
11960,2024,BEV,14,2026-07-31
11960,2024,PHEV,4,2026-07-31
11960,2025,BEV,9,2026-07-31
11960,2025,PHEV,6,2026-07-31
11960,2026,BEV,8,2026-07-31
11960,2026,PHEV,1,2026-07-31
11961,2017,PHEV,9,2026-07-31
11961,2018,BEV,1,2026-07-31
11961,2018,PHEV,17,2026-07-31
11961,2019,BEV,4,2026-07-31
11961,2019,PHEV,12,2026-07-31
11961,2020,BEV,9,2026-07-31
11961,2020,PHEV,6,2026-07-31
11961,2021,BEV,10,2026-07-31
11961,2021,PHEV,29,2026-07-31
11961,2022,BEV,23,2026-07-31
11961,2022,PHEV,14,2026-07-31
11961,2023,BEV,24,2026-07-31
11961,2023,PHEV,13,2026-07-31
11961,2024,BEV,26,2026-07-31
11961,2024,PHEV,16,2026-07-31
11961,2025,BEV,35,2026-07-31
11961,2025,PHEV,17,2026-07-31
11961,2026,BEV,15,2026-07-31
11962,2017,PHEV,1,2026-07-31
11962,2019,BEV,2,2026-07-31
11962,2020,BEV,7,2026-07-31
11962,2020,PHEV,3,2026-07-31
11962,2021,BEV,2,2026-07-31
11962,2022,BEV,7,2026-07-31
11962,2023,BEV,5,2026-07-31
11962,2024,BEV,3,2026-07-31
11962,2024,PHEV,3,2026-07-31
11962,2025,BEV,6,2026-07-31
11963,2017,BEV,2,2026-07-31
11963,2017,PHEV,9,2026-07-31
11963,2018,BEV,2,2026-07-31
11963,2018,PHEV,5,2026-07-31
11963,2019,BEV,6,2026-07-31
11963,2019,PHEV,6,2026-07-31
11963,2020,BEV,16,2026-07-31
11963,2020,PHEV,7,2026-07-31
11963,2021,BEV,16,2026-07-31
11963,2021,PHEV,15,2026-07-31
11963,2022,BEV,44,2026-07-31
11963,2022,PHEV,7,2026-07-31
11963,2023,BEV,44,2026-07-31
11963,2023,PHEV,8,2026-07-31
11963,2024,BEV,40,2026-07-31
11963,2024,PHEV,14,2026-07-31
11963,2025,BEV,21,2026-07-31
11963,2025,PHEV,12,2026-07-31
11963,2026,BEV,16,2026-07-31
11963,2026,PHEV,2,2026-07-31
11964,2017,PHEV,1,2026-07-31
11964,2018,PHEV,3,2026-07-31
11964,2019,BEV,1,2026-07-31
11964,2019,PHEV,2,2026-07-31
11964,2020,BEV,3,2026-07-31
11964,2021,BEV,5,2026-07-31
11964,2021,PHEV,5,2026-07-31
11964,2022,BEV,6,2026-07-31
11964,2022,PHEV,3,2026-07-31
11964,2023,BEV,7,2026-07-31
11964,2023,PHEV,2,2026-07-31
11964,2024,BEV,2,2026-07-31
11964,2024,PHEV,3,2026-07-31
11964,2025,BEV,6,2026-07-31
11964,2025,PHEV,1,2026-07-31
11964,2026,PHEV,1,2026-07-31
11965,2017,PHEV,1,2026-07-31
11965,2018,BEV,1,2026-07-31
11965,2019,BEV,2,2026-07-31
11965,2020,BEV,3,2026-07-31
11965,2020,PHEV,1,2026-07-31
11965,2021,BEV,2,2026-07-31
11965,2021,PHEV,2,2026-07-31
11965,2022,BEV,2,2026-07-31
11965,2022,PHEV,1,2026-07-31
11965,2023,BEV,7,2026-07-31
11965,2023,PHEV,3,2026-07-31
11965,2024,BEV,5,2026-07-31
11965,2024,PHEV,4,2026-07-31
11965,2025,BEV,3,2026-07-31
11965,2025,PHEV,3,2026-07-31
11965,2026,BEV,2,2026-07-31
11967,2017,BEV,1,2026-07-31
11967,2017,PHEV,16,2026-07-31
11967,2018,BEV,1,2026-07-31
11967,2018,PHEV,22,2026-07-31
11967,2019,BEV,8,2026-07-31
11967,2019,PHEV,14,2026-07-31
11967,2020,BEV,6,2026-07-31
11967,2020,PHEV,29,2026-07-31
11967,2021,BEV,24,2026-07-31
11967,2021,PHEV,26,2026-07-31
11967,2022,BEV,20,2026-07-31
11967,2022,PHEV,21,2026-07-31
11967,2023,BEV,42,2026-07-31
11967,2023,PHEV,28,2026-07-31
11967,2024,BEV,49,2026-07-31
11967,2024,PHEV,40,2026-07-31
11967,2025,BEV,68,2026-07-31
11967,2025,PHEV,25,2026-07-31
11967,2026,BEV,20,2026-07-31
11967,2026,PHEV,4,2026-07-31
11968,2017,BEV,2,2026-07-31
11968,2017,PHEV,7,2026-07-31
11968,2018,BEV,5,2026-07-31
11968,2018,PHEV,13,2026-07-31
11968,2019,BEV,10,2026-07-31
11968,2019,PHEV,10,2026-07-31
11968,2020,BEV,37,2026-07-31
11968,2020,PHEV,13,2026-07-31
11968,2021,BEV,17,2026-07-31
11968,2021,PHEV,15,2026-07-31
11968,2022,BEV,55,2026-07-31
11968,2022,PHEV,12,2026-07-31
11968,2023,BEV,69,2026-07-31
11968,2023,PHEV,18,2026-07-31
11968,2024,BEV,47,2026-07-31
11968,2024,PHEV,31,2026-07-31
11968,2025,BEV,41,2026-07-31
11968,2025,PHEV,17,2026-07-31
11968,2026,BEV,30,2026-07-31
11968,2026,PHEV,4,2026-07-31
11969,2017,PHEV,1,2026-07-31
11970,2024,BEV,1,2026-07-31
11970,2026,BEV,1,2026-07-31
11971,2017,PHEV,7,2026-07-31
11971,2018,BEV,1,2026-07-31
11971,2018,PHEV,9,2026-07-31
11971,2019,BEV,2,2026-07-31
11971,2019,PHEV,9,2026-07-31
11971,2020,BEV,6,2026-07-31
11971,2020,PHEV,10,2026-07-31
11971,2021,BEV,5,2026-07-31
11971,2021,PHEV,13,2026-07-31
11971,2022,BEV,17,2026-07-31
11971,2022,PHEV,6,2026-07-31
11971,2023,BEV,15,2026-07-31
11971,2023,PHEV,9,2026-07-31
11971,2024,BEV,18,2026-07-31
11971,2024,PHEV,13,2026-07-31
11971,2025,BEV,19,2026-07-31
11971,2025,PHEV,7,2026-07-31
11971,2026,BEV,11,2026-07-31
11971,2026,PHEV,3,2026-07-31
11972,2017,PHEV,1,2026-07-31
11972,2018,PHEV,3,2026-07-31
11972,2019,PHEV,1,2026-07-31
11972,2020,BEV,2,2026-07-31
11972,2020,PHEV,1,2026-07-31
11972,2021,BEV,1,2026-07-31
11972,2021,PHEV,2,2026-07-31
11972,2023,BEV,1,2026-07-31
11972,2023,PHEV,2,2026-07-31
11972,2024,BEV,5,2026-07-31
11972,2024,PHEV,2,2026-07-31
11972,2025,BEV,1,2026-07-31
11972,2025,PHEV,1,2026-07-31
11975,2020,BEV,5,2026-07-31
11975,2021,BEV,3,2026-07-31
11975,2021,PHEV,2,2026-07-31
11975,2022,BEV,4,2026-07-31
11975,2023,BEV,4,2026-07-31
11975,2023,PHEV,2,2026-07-31
11975,2024,BEV,2,2026-07-31
11975,2024,PHEV,1,2026-07-31
11975,2025,BEV,2,2026-07-31
11975,2025,PHEV,1,2026-07-31
11975,2026,BEV,1,2026-07-31
11976,2017,BEV,2,2026-07-31
11976,2017,PHEV,5,2026-07-31
11976,2018,BEV,1,2026-07-31
11976,2018,PHEV,7,2026-07-31
11976,2019,BEV,8,2026-07-31
11976,2019,PHEV,2,2026-07-31
11976,2020,BEV,11,2026-07-31
11976,2020,PHEV,2,2026-07-31
11976,2021,BEV,9,2026-07-31
11976,2021,PHEV,5,2026-07-31
11976,2022,BEV,29,2026-07-31
11976,2022,PHEV,3,2026-07-31
11976,2023,BEV,14,2026-07-31
11976,2023,PHEV,1,2026-07-31
11976,2024,BEV,14,2026-07-31
11976,2024,PHEV,13,2026-07-31
11976,2025,BEV,23,2026-07-31
11976,2025,PHEV,3,2026-07-31
11976,2026,BEV,8,2026-07-31
11976,2026,PHEV,3,2026-07-31
11977,2017,PHEV,7,2026-07-31
11977,2018,BEV,1,2026-07-31
11977,2018,PHEV,2,2026-07-31
11977,2019,BEV,1,2026-07-31
11977,2019,PHEV,3,2026-07-31
11977,2020,BEV,4,2026-07-31
11977,2020,PHEV,3,2026-07-31
11977,2021,BEV,8,2026-07-31
11977,2021,PHEV,5,2026-07-31
11977,2022,BEV,13,2026-07-31
11977,2022,PHEV,3,2026-07-31
11977,2023,BEV,10,2026-07-31
11977,2023,PHEV,7,2026-07-31
11977,2024,BEV,8,2026-07-31
11977,2024,PHEV,9,2026-07-31
11977,2025,BEV,14,2026-07-31
11977,2025,PHEV,5,2026-07-31
11977,2026,BEV,4,2026-07-31
11977,2026,PHEV,1,2026-07-31
11978,2017,PHEV,3,2026-07-31
11978,2018,BEV,1,2026-07-31
11978,2018,PHEV,4,2026-07-31
11978,2019,BEV,6,2026-07-31
11978,2019,PHEV,1,2026-07-31
11978,2020,BEV,7,2026-07-31
11978,2020,PHEV,4,2026-07-31
11978,2021,BEV,12,2026-07-31
11978,2021,PHEV,8,2026-07-31
11978,2022,BEV,18,2026-07-31
11978,2022,PHEV,2,2026-07-31
11978,2023,BEV,18,2026-07-31
11978,2023,PHEV,5,2026-07-31
11978,2024,BEV,15,2026-07-31
11978,2024,PHEV,10,2026-07-31
11978,2025,BEV,12,2026-07-31
11978,2025,PHEV,4,2026-07-31
11978,2026,BEV,8,2026-07-31
11978,2026,PHEV,4,2026-07-31
11980,2017,PHEV,4,2026-07-31
11980,2018,PHEV,3,2026-07-31
11980,2019,BEV,3,2026-07-31
11980,2019,PHEV,3,2026-07-31
11980,2020,BEV,4,2026-07-31
11980,2020,PHEV,4,2026-07-31
11980,2021,BEV,9,2026-07-31
11980,2021,PHEV,9,2026-07-31
11980,2022,BEV,21,2026-07-31
11980,2022,PHEV,8,2026-07-31
11980,2023,BEV,16,2026-07-31
11980,2023,PHEV,12,2026-07-31
11980,2024,BEV,22,2026-07-31
11980,2024,PHEV,19,2026-07-31
11980,2025,BEV,27,2026-07-31
11980,2025,PHEV,7,2026-07-31
11980,2026,BEV,13,2026-07-31
11980,2026,PHEV,4,2026-07-31
12008,2018,PHEV,1,2026-07-31
12008,2019,PHEV,1,2026-07-31
12008,2020,BEV,1,2026-07-31
12008,2020,PHEV,1,2026-07-31
12008,2021,PHEV,1,2026-07-31
12008,2022,BEV,3,2026-07-31
12008,2022,PHEV,4,2026-07-31
12008,2023,BEV,1,2026-07-31
12008,2024,BEV,3,2026-07-31
12008,2024,PHEV,2,2026-07-31
12008,2025,PHEV,2,2026-07-31
12009,2017,BEV,3,2026-07-31
12009,2017,PHEV,5,2026-07-31
12009,2018,BEV,2,2026-07-31
12009,2018,PHEV,6,2026-07-31
12009,2019,BEV,4,2026-07-31
12009,2019,PHEV,3,2026-07-31
12009,2020,BEV,7,2026-07-31
12009,2020,PHEV,6,2026-07-31
12009,2021,BEV,15,2026-07-31
12009,2021,PHEV,9,2026-07-31
12009,2022,BEV,18,2026-07-31
12009,2022,PHEV,7,2026-07-31
12009,2023,BEV,28,2026-07-31
12009,2023,PHEV,11,2026-07-31
12009,2024,BEV,15,2026-07-31
12009,2024,PHEV,6,2026-07-31
12009,2025,BEV,26,2026-07-31
12009,2025,PHEV,8,2026-07-31
12009,2026,BEV,13,2026-07-31
12009,2026,PHEV,4,2026-07-31
12010,2017,BEV,6,2026-07-31
12010,2017,PHEV,9,2026-07-31
12010,2018,PHEV,12,2026-07-31
12010,2019,BEV,2,2026-07-31
12010,2019,PHEV,4,2026-07-31
12010,2020,BEV,8,2026-07-31
12010,2020,PHEV,3,2026-07-31
12010,2021,BEV,5,2026-07-31
12010,2021,PHEV,9,2026-07-31
12010,2022,BEV,16,2026-07-31
12010,2022,PHEV,7,2026-07-31
12010,2023,BEV,19,2026-07-31
12010,2023,PHEV,10,2026-07-31
12010,2024,BEV,22,2026-07-31
12010,2024,PHEV,17,2026-07-31
12010,2025,BEV,14,2026-07-31
12010,2025,PHEV,14,2026-07-31
12010,2026,BEV,8,2026-07-31
12010,2026,PHEV,7,2026-07-31
12015,2017,BEV,1,2026-07-31
12015,2017,PHEV,3,2026-07-31
12015,2018,BEV,1,2026-07-31
12015,2018,PHEV,2,2026-07-31
12015,2019,BEV,1,2026-07-31
12015,2019,PHEV,1,2026-07-31
12015,2020,BEV,3,2026-07-31
12015,2020,PHEV,2,2026-07-31
12015,2021,BEV,2,2026-07-31
12015,2021,PHEV,2,2026-07-31
12015,2022,BEV,5,2026-07-31
12015,2022,PHEV,1,2026-07-31
12015,2023,BEV,11,2026-07-31
12015,2023,PHEV,7,2026-07-31
12015,2024,BEV,5,2026-07-31
12015,2024,PHEV,6,2026-07-31
12015,2025,BEV,8,2026-07-31
12015,2025,PHEV,4,2026-07-31
12015,2026,BEV,2,2026-07-31
12017,2018,PHEV,2,2026-07-31
12017,2020,BEV,1,2026-07-31
12017,2022,PHEV,1,2026-07-31
12017,2023,BEV,1,2026-07-31
12017,2023,PHEV,1,2026-07-31
12017,2024,BEV,2,2026-07-31
12017,2025,BEV,1,2026-07-31
12018,2017,PHEV,1,2026-07-31
12018,2018,BEV,3,2026-07-31
12018,2018,PHEV,2,2026-07-31
12018,2019,BEV,2,2026-07-31
12018,2019,PHEV,2,2026-07-31
12018,2020,BEV,5,2026-07-31
12018,2020,PHEV,3,2026-07-31
12018,2021,BEV,4,2026-07-31
12018,2021,PHEV,4,2026-07-31
12018,2022,BEV,8,2026-07-31
12018,2022,PHEV,7,2026-07-31
12018,2023,BEV,9,2026-07-31
12018,2023,PHEV,8,2026-07-31
12018,2024,BEV,9,2026-07-31
12018,2024,PHEV,11,2026-07-31
12018,2025,BEV,11,2026-07-31
12018,2025,PHEV,5,2026-07-31
12018,2026,BEV,4,2026-07-31
12019,2017,BEV,1,2026-07-31
12019,2017,PHEV,2,2026-07-31
12019,2018,BEV,3,2026-07-31
12019,2018,PHEV,20,2026-07-31
12019,2019,BEV,4,2026-07-31
12019,2019,PHEV,5,2026-07-31
12019,2020,BEV,12,2026-07-31
12019,2020,PHEV,9,2026-07-31
12019,2021,BEV,16,2026-07-31
12019,2021,PHEV,19,2026-07-31
12019,2022,BEV,28,2026-07-31
12019,2022,PHEV,30,2026-07-31
12019,2023,BEV,40,2026-07-31
12019,2023,PHEV,28,2026-07-31
12019,2024,BEV,42,2026-07-31
12019,2024,PHEV,26,2026-07-31
12019,2025,BEV,41,2026-07-31
12019,2025,PHEV,32,2026-07-31
12019,2026,BEV,27,2026-07-31
12019,2026,PHEV,7,2026-07-31
12020,2017,BEV,7,2026-07-31
12020,2017,PHEV,15,2026-07-31
12020,2018,BEV,3,2026-07-31
12020,2018,PHEV,23,2026-07-31
12020,2019,BEV,8,2026-07-31
12020,2019,PHEV,13,2026-07-31
12020,2020,BEV,21,2026-07-31
12020,2020,PHEV,11,2026-07-31
12020,2021,BEV,26,2026-07-31
12020,2021,PHEV,39,2026-07-31
12020,2022,BEV,31,2026-07-31
12020,2022,PHEV,19,2026-07-31
12020,2023,BEV,55,2026-07-31
12020,2023,PHEV,38,2026-07-31
12020,2024,BEV,52,2026-07-31
12020,2024,PHEV,40,2026-07-31
12020,2025,BEV,60,2026-07-31
12020,2025,PHEV,27,2026-07-31
12020,2026,BEV,33,2026-07-31
12020,2026,PHEV,6,2026-07-31
12022,2021,BEV,1,2026-07-31
12022,2024,PHEV,1,2026-07-31
12023,2017,BEV,3,2026-07-31
12023,2017,PHEV,2,2026-07-31
12023,2018,BEV,1,2026-07-31
12023,2020,BEV,1,2026-07-31
12023,2020,PHEV,2,2026-07-31
12023,2021,BEV,2,2026-07-31
12023,2021,PHEV,1,2026-07-31
12023,2022,PHEV,1,2026-07-31
12023,2023,BEV,3,2026-07-31
12023,2023,PHEV,5,2026-07-31
12023,2024,BEV,4,2026-07-31
12023,2024,PHEV,2,2026-07-31
12023,2025,BEV,2,2026-07-31
12023,2026,BEV,1,2026-07-31
12024,2019,PHEV,1,2026-07-31
12025,2017,BEV,1,2026-07-31
12025,2017,PHEV,2,2026-07-31
12025,2018,PHEV,3,2026-07-31
12025,2019,BEV,1,2026-07-31
12025,2019,PHEV,1,2026-07-31
12025,2021,BEV,1,2026-07-31
12025,2021,PHEV,9,2026-07-31
12025,2022,BEV,4,2026-07-31
12025,2022,PHEV,3,2026-07-31
12025,2023,BEV,5,2026-07-31
12025,2023,PHEV,7,2026-07-31
12025,2024,BEV,6,2026-07-31
12025,2024,PHEV,6,2026-07-31
12025,2025,BEV,9,2026-07-31
12025,2025,PHEV,1,2026-07-31
12027,2017,BEV,2,2026-07-31
12027,2017,PHEV,1,2026-07-31
12027,2018,BEV,1,2026-07-31
12027,2018,PHEV,7,2026-07-31
12027,2019,BEV,2,2026-07-31
12027,2020,BEV,5,2026-07-31
12027,2020,PHEV,2,2026-07-31
12027,2021,BEV,2,2026-07-31
12027,2021,PHEV,6,2026-07-31
12027,2022,BEV,1,2026-07-31
12027,2022,PHEV,2,2026-07-31
12027,2023,BEV,7,2026-07-31
12027,2023,PHEV,6,2026-07-31
12027,2024,BEV,9,2026-07-31
12027,2024,PHEV,10,2026-07-31
12027,2025,BEV,12,2026-07-31
12027,2025,PHEV,4,2026-07-31
12027,2026,BEV,5,2026-07-31
12027,2026,PHEV,1,2026-07-31
12028,2020,PHEV,1,2026-07-31
12028,2021,PHEV,1,2026-07-31
12028,2023,PHEV,1,2026-07-31
12028,2026,BEV,1,2026-07-31
12029,2018,PHEV,1,2026-07-31
12029,2019,PHEV,1,2026-07-31
12029,2021,PHEV,1,2026-07-31
12029,2022,BEV,1,2026-07-31
12029,2022,PHEV,1,2026-07-31
12029,2023,BEV,2,2026-07-31
12029,2023,PHEV,2,2026-07-31
12029,2024,BEV,2,2026-07-31
12029,2024,PHEV,1,2026-07-31
12029,2025,BEV,2,2026-07-31
12029,2025,PHEV,1,2026-07-31
12029,2026,BEV,2,2026-07-31
12032,2023,PHEV,1,2026-07-31
12033,2017,BEV,1,2026-07-31
12033,2017,PHEV,4,2026-07-31
12033,2018,BEV,1,2026-07-31
12033,2018,PHEV,3,2026-07-31
12033,2019,BEV,1,2026-07-31
12033,2019,PHEV,3,2026-07-31
12033,2020,BEV,2,2026-07-31
12033,2020,PHEV,4,2026-07-31
12033,2021,BEV,4,2026-07-31
12033,2021,PHEV,5,2026-07-31
12033,2022,BEV,4,2026-07-31
12033,2022,PHEV,6,2026-07-31
12033,2023,BEV,14,2026-07-31
12033,2023,PHEV,7,2026-07-31
12033,2024,BEV,9,2026-07-31
12033,2024,PHEV,8,2026-07-31
12033,2025,BEV,18,2026-07-31
12033,2025,PHEV,10,2026-07-31
12033,2026,BEV,8,2026-07-31
12033,2026,PHEV,1,2026-07-31
12035,2019,BEV,1,2026-07-31
12035,2025,PHEV,1,2026-07-31
12037,2017,BEV,1,2026-07-31
12037,2017,PHEV,1,2026-07-31
12037,2018,PHEV,1,2026-07-31
12037,2020,BEV,4,2026-07-31
12037,2020,PHEV,1,2026-07-31
12037,2021,BEV,3,2026-07-31
12037,2021,PHEV,5,2026-07-31
12037,2022,BEV,4,2026-07-31
12037,2022,PHEV,2,2026-07-31
12037,2023,BEV,4,2026-07-31
12037,2023,PHEV,1,2026-07-31
12037,2024,BEV,3,2026-07-31
12037,2024,PHEV,3,2026-07-31
12037,2025,BEV,5,2026-07-31
12037,2025,PHEV,3,2026-07-31
12042,2018,BEV,1,2026-07-31
12042,2021,BEV,1,2026-07-31
12042,2022,BEV,1,2026-07-31
12042,2023,BEV,1,2026-07-31
12042,2025,BEV,2,2026-07-31
12043,2017,BEV,1,2026-07-31
12043,2017,PHEV,1,2026-07-31
12043,2018,PHEV,3,2026-07-31
12043,2020,BEV,1,2026-07-31
12043,2020,PHEV,1,2026-07-31
12043,2021,BEV,4,2026-07-31
12043,2021,PHEV,4,2026-07-31
12043,2022,BEV,5,2026-07-31
12043,2022,PHEV,2,2026-07-31
12043,2023,BEV,5,2026-07-31
12043,2023,PHEV,3,2026-07-31
12043,2024,BEV,2,2026-07-31
12043,2024,PHEV,2,2026-07-31
12043,2025,BEV,4,2026-07-31
12043,2025,PHEV,3,2026-07-31
12043,2026,BEV,2,2026-07-31
12043,2026,PHEV,1,2026-07-31
12045,2024,BEV,1,2026-07-31
12045,2024,PHEV,2,2026-07-31
12046,2022,PHEV,1,2026-07-31
12046,2024,BEV,1,2026-07-31
12046,2025,BEV,2,2026-07-31
12046,2025,PHEV,1,2026-07-31
12047,2017,BEV,7,2026-07-31
12047,2017,PHEV,8,2026-07-31
12047,2018,BEV,2,2026-07-31
12047,2018,PHEV,12,2026-07-31
12047,2019,BEV,9,2026-07-31
12047,2019,PHEV,4,2026-07-31
12047,2020,BEV,11,2026-07-31
12047,2020,PHEV,4,2026-07-31
12047,2021,BEV,17,2026-07-31
12047,2021,PHEV,20,2026-07-31
12047,2022,BEV,37,2026-07-31
12047,2022,PHEV,14,2026-07-31
12047,2023,BEV,32,2026-07-31
12047,2023,PHEV,21,2026-07-31
12047,2024,BEV,48,2026-07-31
12047,2024,PHEV,22,2026-07-31
12047,2025,BEV,60,2026-07-31
12047,2025,PHEV,25,2026-07-31
12047,2026,BEV,19,2026-07-31
12047,2026,PHEV,4,2026-07-31
12051,2017,PHEV,2,2026-07-31
12051,2018,BEV,1,2026-07-31
12051,2018,PHEV,3,2026-07-31
12051,2020,BEV,3,2026-07-31
12051,2020,PHEV,2,2026-07-31
12051,2021,BEV,5,2026-07-31
12051,2021,PHEV,4,2026-07-31
12051,2022,BEV,1,2026-07-31
12051,2022,PHEV,3,2026-07-31
12051,2023,BEV,8,2026-07-31
12051,2023,PHEV,2,2026-07-31
12051,2024,BEV,7,2026-07-31
12051,2024,PHEV,1,2026-07-31
12051,2025,BEV,4,2026-07-31
12051,2025,PHEV,3,2026-07-31
12051,2026,BEV,3,2026-07-31
12051,2026,PHEV,1,2026-07-31
12052,2021,BEV,1,2026-07-31
12052,2021,PHEV,1,2026-07-31
12052,2022,BEV,1,2026-07-31
12052,2022,PHEV,1,2026-07-31
12052,2023,BEV,2,2026-07-31
12052,2023,PHEV,1,2026-07-31
12052,2024,PHEV,1,2026-07-31
12052,2025,BEV,2,2026-07-31
12053,2017,BEV,4,2026-07-31
12053,2017,PHEV,1,2026-07-31
12053,2018,BEV,1,2026-07-31
12053,2018,PHEV,5,2026-07-31
12053,2019,BEV,3,2026-07-31
12053,2019,PHEV,1,2026-07-31
12053,2020,PHEV,3,2026-07-31
12053,2021,BEV,5,2026-07-31
12053,2021,PHEV,1,2026-07-31
12053,2022,BEV,4,2026-07-31
12053,2023,BEV,6,2026-07-31
12053,2023,PHEV,4,2026-07-31
12053,2024,BEV,4,2026-07-31
12053,2024,PHEV,4,2026-07-31
12053,2025,BEV,9,2026-07-31
12053,2025,PHEV,2,2026-07-31
12053,2026,BEV,4,2026-07-31
12053,2026,PHEV,2,2026-07-31
12054,2017,BEV,6,2026-07-31
12054,2017,PHEV,18,2026-07-31
12054,2018,BEV,7,2026-07-31
12054,2018,PHEV,19,2026-07-31
12054,2019,BEV,15,2026-07-31
12054,2019,PHEV,17,2026-07-31
12054,2020,BEV,19,2026-07-31
12054,2020,PHEV,16,2026-07-31
12054,2021,BEV,32,2026-07-31
12054,2021,PHEV,29,2026-07-31
12054,2022,BEV,55,2026-07-31
12054,2022,PHEV,30,2026-07-31
12054,2023,BEV,48,2026-07-31
12054,2023,PHEV,36,2026-07-31
12054,2024,BEV,61,2026-07-31
12054,2024,PHEV,59,2026-07-31
12054,2025,BEV,71,2026-07-31
12054,2025,PHEV,39,2026-07-31
12054,2026,BEV,17,2026-07-31
12054,2026,PHEV,4,2026-07-31
12056,2017,BEV,1,2026-07-31
12056,2017,PHEV,3,2026-07-31
12056,2018,PHEV,1,2026-07-31
12056,2019,BEV,1,2026-07-31
12056,2019,PHEV,2,2026-07-31
12056,2020,PHEV,2,2026-07-31
12056,2021,PHEV,5,2026-07-31
12056,2022,BEV,2,2026-07-31
12056,2023,BEV,4,2026-07-31
12056,2023,PHEV,1,2026-07-31
12056,2024,BEV,1,2026-07-31
12056,2024,PHEV,4,2026-07-31
12056,2025,BEV,6,2026-07-31
12056,2025,PHEV,5,2026-07-31
12057,2019,BEV,1,2026-07-31
12057,2020,PHEV,2,2026-07-31
12057,2022,BEV,1,2026-07-31
12057,2022,PHEV,1,2026-07-31
12057,2023,BEV,4,2026-07-31
12057,2024,BEV,1,2026-07-31
12057,2024,PHEV,1,2026-07-31
12057,2025,BEV,1,2026-07-31
12058,2018,PHEV,1,2026-07-31
12058,2020,BEV,1,2026-07-31
12058,2020,PHEV,1,2026-07-31
12058,2022,PHEV,1,2026-07-31
12058,2023,BEV,1,2026-07-31
12058,2023,PHEV,2,2026-07-31
12058,2024,BEV,1,2026-07-31
12058,2025,BEV,2,2026-07-31
12058,2025,PHEV,1,2026-07-31
12059,2018,PHEV,1,2026-07-31
12059,2019,PHEV,2,2026-07-31
12059,2020,BEV,1,2026-07-31
12059,2021,BEV,4,2026-07-31
12059,2021,PHEV,4,2026-07-31
12059,2022,BEV,2,2026-07-31
12059,2022,PHEV,2,2026-07-31
12059,2023,BEV,5,2026-07-31
12059,2023,PHEV,2,2026-07-31
12059,2024,BEV,3,2026-07-31
12059,2024,PHEV,2,2026-07-31
12059,2025,BEV,3,2026-07-31
12059,2025,PHEV,1,2026-07-31
12059,2026,BEV,3,2026-07-31
12059,2026,PHEV,1,2026-07-31
12060,2017,PHEV,1,2026-07-31
12060,2018,PHEV,1,2026-07-31
12060,2019,BEV,1,2026-07-31
12060,2019,PHEV,2,2026-07-31
12060,2020,PHEV,2,2026-07-31
12060,2021,BEV,1,2026-07-31
12060,2021,PHEV,2,2026-07-31
12060,2022,BEV,5,2026-07-31
12060,2022,PHEV,3,2026-07-31
12060,2023,BEV,4,2026-07-31
12060,2023,PHEV,4,2026-07-31
12060,2024,BEV,2,2026-07-31
12060,2024,PHEV,1,2026-07-31
12060,2025,BEV,3,2026-07-31
12060,2025,PHEV,2,2026-07-31
12060,2026,BEV,6,2026-07-31
12060,2026,PHEV,2,2026-07-31
12061,2017,BEV,4,2026-07-31
12061,2017,PHEV,6,2026-07-31
12061,2018,BEV,1,2026-07-31
12061,2018,PHEV,5,2026-07-31
12061,2019,BEV,3,2026-07-31
12061,2019,PHEV,4,2026-07-31
12061,2020,BEV,6,2026-07-31
12061,2020,PHEV,1,2026-07-31
12061,2021,BEV,6,2026-07-31
12061,2021,PHEV,12,2026-07-31
12061,2022,BEV,8,2026-07-31
12061,2022,PHEV,8,2026-07-31
12061,2023,BEV,17,2026-07-31
12061,2023,PHEV,10,2026-07-31
12061,2024,BEV,17,2026-07-31
12061,2024,PHEV,5,2026-07-31
12061,2025,BEV,17,2026-07-31
12061,2025,PHEV,16,2026-07-31
12061,2026,BEV,6,2026-07-31
12061,2026,PHEV,2,2026-07-31
12062,2017,PHEV,1,2026-07-31
12062,2018,PHEV,1,2026-07-31
12062,2020,PHEV,1,2026-07-31
12062,2022,BEV,1,2026-07-31
12062,2022,PHEV,4,2026-07-31
12062,2023,PHEV,1,2026-07-31
12062,2025,BEV,1,2026-07-31
12062,2025,PHEV,1,2026-07-31
12063,2017,PHEV,1,2026-07-31
12063,2024,PHEV,1,2026-07-31
12063,2025,BEV,1,2026-07-31
12064,2017,PHEV,1,2026-07-31
12064,2020,PHEV,1,2026-07-31
12065,2017,BEV,7,2026-07-31
12065,2017,PHEV,22,2026-07-31
12065,2018,BEV,8,2026-07-31
12065,2018,PHEV,49,2026-07-31
12065,2019,BEV,19,2026-07-31
12065,2019,PHEV,25,2026-07-31
12065,2020,BEV,30,2026-07-31
12065,2020,PHEV,31,2026-07-31
12065,2021,BEV,48,2026-07-31
12065,2021,PHEV,74,2026-07-31
12065,2022,BEV,90,2026-07-31
12065,2022,PHEV,55,2026-07-31
12065,2023,BEV,128,2026-07-31
12065,2023,PHEV,75,2026-07-31
12065,2024,BEV,139,2026-07-31
12065,2024,PHEV,72,2026-07-31
12065,2025,BEV,127,2026-07-31
12065,2025,PHEV,49,2026-07-31
12065,2026,BEV,54,2026-07-31
12065,2026,PHEV,18,2026-07-31
12066,2017,BEV,2,2026-07-31
12066,2017,PHEV,1,2026-07-31
12066,2018,BEV,1,2026-07-31
12066,2019,PHEV,1,2026-07-31
12066,2021,BEV,1,2026-07-31
12066,2022,BEV,2,2026-07-31
12066,2022,PHEV,2,2026-07-31
12066,2023,BEV,3,2026-07-31
12066,2023,PHEV,2,2026-07-31
12066,2024,BEV,2,2026-07-31
12066,2024,PHEV,2,2026-07-31
12066,2025,BEV,1,2026-07-31
12066,2025,PHEV,3,2026-07-31
12066,2026,BEV,1,2026-07-31
12067,2017,BEV,3,2026-07-31
12067,2018,PHEV,2,2026-07-31
12067,2019,BEV,3,2026-07-31
12067,2020,PHEV,2,2026-07-31
12067,2021,BEV,1,2026-07-31
12067,2022,BEV,2,2026-07-31
12067,2022,PHEV,2,2026-07-31
12067,2023,BEV,2,2026-07-31
12067,2023,PHEV,1,2026-07-31
12067,2024,BEV,1,2026-07-31
12067,2024,PHEV,2,2026-07-31
12067,2026,PHEV,2,2026-07-31
12068,2017,BEV,1,2026-07-31
12068,2017,PHEV,1,2026-07-31
12068,2018,PHEV,1,2026-07-31
12068,2019,PHEV,1,2026-07-31
12068,2020,PHEV,1,2026-07-31
12068,2021,PHEV,2,2026-07-31
12068,2022,BEV,2,2026-07-31
12068,2022,PHEV,1,2026-07-31
12068,2023,BEV,1,2026-07-31
12068,2023,PHEV,3,2026-07-31
12068,2024,BEV,11,2026-07-31
12068,2024,PHEV,1,2026-07-31
12068,2025,BEV,1,2026-07-31
12068,2026,BEV,1,2026-07-31
12070,2018,PHEV,1,2026-07-31
12070,2021,BEV,2,2026-07-31
12070,2021,PHEV,1,2026-07-31
12070,2022,BEV,2,2026-07-31
12070,2023,PHEV,1,2026-07-31
12070,2024,BEV,1,2026-07-31
12070,2024,PHEV,1,2026-07-31
12070,2025,BEV,2,2026-07-31
12070,2025,PHEV,1,2026-07-31
12070,2026,BEV,1,2026-07-31
12071,2025,BEV,1,2026-07-31
12072,2019,BEV,2,2026-07-31
12072,2019,PHEV,2,2026-07-31
12072,2020,PHEV,1,2026-07-31
12072,2021,BEV,2,2026-07-31
12072,2021,PHEV,2,2026-07-31
12072,2022,BEV,2,2026-07-31
12072,2022,PHEV,1,2026-07-31
12072,2023,PHEV,1,2026-07-31
12072,2024,BEV,2,2026-07-31
12072,2025,BEV,3,2026-07-31
12072,2025,PHEV,1,2026-07-31
12074,2017,PHEV,1,2026-07-31
12074,2018,PHEV,5,2026-07-31
12074,2019,PHEV,1,2026-07-31
12074,2020,PHEV,2,2026-07-31
12074,2021,BEV,3,2026-07-31
12074,2021,PHEV,4,2026-07-31
12074,2022,BEV,2,2026-07-31
12074,2022,PHEV,2,2026-07-31
12074,2023,PHEV,6,2026-07-31
12074,2024,BEV,2,2026-07-31
12074,2024,PHEV,2,2026-07-31
12074,2025,BEV,2,2026-07-31
12074,2026,BEV,1,2026-07-31
12075,2017,PHEV,2,2026-07-31
12075,2018,BEV,1,2026-07-31
12075,2018,PHEV,3,2026-07-31
12075,2019,BEV,4,2026-07-31
12075,2019,PHEV,5,2026-07-31
12075,2020,BEV,4,2026-07-31
12075,2020,PHEV,1,2026-07-31
12075,2021,BEV,1,2026-07-31
12075,2021,PHEV,3,2026-07-31
12075,2022,BEV,6,2026-07-31
12075,2022,PHEV,2,2026-07-31
12075,2023,BEV,5,2026-07-31
12075,2023,PHEV,5,2026-07-31
12075,2024,BEV,6,2026-07-31
12075,2024,PHEV,6,2026-07-31
12075,2025,BEV,2,2026-07-31
12075,2025,PHEV,5,2026-07-31
12075,2026,BEV,2,2026-07-31
12075,2026,PHEV,1,2026-07-31
12076,2021,BEV,1,2026-07-31
12076,2022,PHEV,2,2026-07-31
12076,2023,BEV,1,2026-07-31
12076,2023,PHEV,2,2026-07-31
12076,2024,BEV,1,2026-07-31
12076,2024,PHEV,1,2026-07-31
12076,2025,BEV,1,2026-07-31
12076,2026,PHEV,2,2026-07-31
12077,2017,BEV,2,2026-07-31
12077,2017,PHEV,1,2026-07-31
12077,2018,BEV,1,2026-07-31
12077,2018,PHEV,2,2026-07-31
12077,2019,BEV,3,2026-07-31
12077,2019,PHEV,2,2026-07-31
12077,2020,BEV,5,2026-07-31
12077,2020,PHEV,4,2026-07-31
12077,2021,BEV,6,2026-07-31
12077,2021,PHEV,15,2026-07-31
12077,2022,BEV,9,2026-07-31
12077,2022,PHEV,7,2026-07-31
12077,2023,BEV,25,2026-07-31
12077,2023,PHEV,9,2026-07-31
12077,2024,BEV,21,2026-07-31
12077,2024,PHEV,13,2026-07-31
12077,2025,BEV,25,2026-07-31
12077,2025,PHEV,10,2026-07-31
12077,2026,BEV,10,2026-07-31
12077,2026,PHEV,3,2026-07-31
12078,2017,PHEV,4,2026-07-31
12078,2018,PHEV,12,2026-07-31
12078,2019,BEV,1,2026-07-31
12078,2019,PHEV,5,2026-07-31
12078,2020,BEV,4,2026-07-31
12078,2020,PHEV,6,2026-07-31
12078,2021,PHEV,11,2026-07-31
12078,2022,BEV,9,2026-07-31
12078,2022,PHEV,3,2026-07-31
12078,2023,BEV,8,2026-07-31
12078,2023,PHEV,19,2026-07-31
12078,2024,BEV,13,2026-07-31
12078,2024,PHEV,15,2026-07-31
12078,2025,BEV,20,2026-07-31
12078,2025,PHEV,7,2026-07-31
12078,2026,BEV,6,2026-07-31
12078,2026,PHEV,2,2026-07-31
12083,2017,PHEV,3,2026-07-31
12083,2020,BEV,4,2026-07-31
12083,2020,PHEV,2,2026-07-31
12083,2021,PHEV,4,2026-07-31
12083,2022,BEV,3,2026-07-31
12083,2022,PHEV,2,2026-07-31
12083,2023,BEV,4,2026-07-31
12083,2023,PHEV,1,2026-07-31
12083,2024,BEV,4,2026-07-31
12083,2024,PHEV,1,2026-07-31
12083,2025,BEV,6,2026-07-31
12083,2025,PHEV,1,2026-07-31
12083,2026,BEV,3,2026-07-31
12083,2026,PHEV,1,2026-07-31
12084,2017,PHEV,2,2026-07-31
12084,2019,BEV,2,2026-07-31
12084,2019,PHEV,3,2026-07-31
12084,2020,BEV,3,2026-07-31
12084,2020,PHEV,3,2026-07-31
12084,2021,BEV,7,2026-07-31
12084,2021,PHEV,4,2026-07-31
12084,2022,BEV,11,2026-07-31
12084,2022,PHEV,3,2026-07-31
12084,2023,BEV,17,2026-07-31
12084,2023,PHEV,3,2026-07-31
12084,2024,BEV,7,2026-07-31
12084,2024,PHEV,3,2026-07-31
12084,2025,BEV,6,2026-07-31
12084,2025,PHEV,5,2026-07-31
12084,2026,BEV,6,2026-07-31
12085,2020,PHEV,1,2026-07-31
12085,2025,PHEV,1,2026-07-31
12086,2017,PHEV,3,2026-07-31
12086,2019,BEV,1,2026-07-31
12086,2019,PHEV,1,2026-07-31
12086,2020,PHEV,1,2026-07-31
12086,2021,BEV,1,2026-07-31
12086,2021,PHEV,2,2026-07-31
12086,2022,BEV,2,2026-07-31
12086,2023,BEV,4,2026-07-31
12086,2024,BEV,2,2026-07-31
12086,2024,PHEV,1,2026-07-31
12086,2025,BEV,1,2026-07-31
12086,2025,PHEV,3,2026-07-31
12086,2026,BEV,2,2026-07-31
12087,2019,PHEV,2,2026-07-31
12087,2022,PHEV,1,2026-07-31
12087,2024,BEV,1,2026-07-31
12090,2017,PHEV,1,2026-07-31
12090,2018,PHEV,1,2026-07-31
12090,2019,BEV,1,2026-07-31
12090,2019,PHEV,2,2026-07-31
12090,2020,PHEV,1,2026-07-31
12090,2021,BEV,1,2026-07-31
12090,2021,PHEV,4,2026-07-31
12090,2022,PHEV,3,2026-07-31
12090,2023,BEV,4,2026-07-31
12090,2023,PHEV,2,2026-07-31
12090,2024,BEV,4,2026-07-31
12090,2025,BEV,4,2026-07-31
12090,2025,PHEV,3,2026-07-31
12090,2026,BEV,2,2026-07-31
12090,2026,PHEV,1,2026-07-31
12092,2019,BEV,1,2026-07-31
12092,2021,PHEV,1,2026-07-31
12092,2022,PHEV,1,2026-07-31
12092,2023,BEV,1,2026-07-31
12092,2023,PHEV,1,2026-07-31
12092,2024,BEV,1,2026-07-31
12092,2024,PHEV,1,2026-07-31
12092,2025,PHEV,1,2026-07-31
12093,2017,PHEV,2,2026-07-31
12093,2021,BEV,1,2026-07-31
12093,2021,PHEV,1,2026-07-31
12093,2022,BEV,3,2026-07-31
12093,2024,BEV,1,2026-07-31
12093,2024,PHEV,1,2026-07-31
12093,2025,BEV,2,2026-07-31
12094,2018,PHEV,1,2026-07-31
12094,2019,PHEV,1,2026-07-31
12094,2021,PHEV,2,2026-07-31
12094,2022,BEV,1,2026-07-31
12094,2022,PHEV,2,2026-07-31
12094,2023,BEV,3,2026-07-31
12094,2024,BEV,2,2026-07-31
12094,2024,PHEV,2,2026-07-31
12094,2025,BEV,2,2026-07-31
12094,2025,PHEV,1,2026-07-31
12094,2026,BEV,4,2026-07-31
12095,2017,BEV,1,2026-07-31
12095,2017,PHEV,4,2026-07-31
12095,2018,PHEV,5,2026-07-31
12095,2019,BEV,3,2026-07-31
12095,2019,PHEV,3,2026-07-31
12095,2020,BEV,1,2026-07-31
12095,2020,PHEV,3,2026-07-31
12095,2021,BEV,3,2026-07-31
12095,2021,PHEV,4,2026-07-31
12095,2022,BEV,8,2026-07-31
12095,2022,PHEV,1,2026-07-31
12095,2023,BEV,5,2026-07-31
12095,2023,PHEV,10,2026-07-31
12095,2024,BEV,11,2026-07-31
12095,2024,PHEV,10,2026-07-31
12095,2025,BEV,10,2026-07-31
12095,2025,PHEV,6,2026-07-31
12095,2026,BEV,2,2026-07-31
12095,2026,PHEV,1,2026-07-31
12106,2018,PHEV,1,2026-07-31
12106,2019,PHEV,5,2026-07-31
12106,2020,BEV,1,2026-07-31
12106,2021,BEV,2,2026-07-31
12106,2021,PHEV,1,2026-07-31
12106,2022,BEV,2,2026-07-31
12106,2022,PHEV,6,2026-07-31
12106,2023,BEV,4,2026-07-31
12106,2023,PHEV,3,2026-07-31
12106,2024,BEV,1,2026-07-31
12106,2024,PHEV,5,2026-07-31
12106,2025,BEV,6,2026-07-31
12106,2025,PHEV,1,2026-07-31
12106,2026,BEV,3,2026-07-31
12108,2018,BEV,1,2026-07-31
12108,2022,BEV,1,2026-07-31
12108,2023,PHEV,2,2026-07-31
12108,2024,PHEV,2,2026-07-31
12110,2017,BEV,8,2026-07-31
12110,2017,PHEV,9,2026-07-31
12110,2018,BEV,2,2026-07-31
12110,2018,PHEV,13,2026-07-31
12110,2019,BEV,7,2026-07-31
12110,2019,PHEV,6,2026-07-31
12110,2020,BEV,14,2026-07-31
12110,2020,PHEV,9,2026-07-31
12110,2021,BEV,9,2026-07-31
12110,2021,PHEV,11,2026-07-31
12110,2022,BEV,22,2026-07-31
12110,2022,PHEV,17,2026-07-31
12110,2023,BEV,45,2026-07-31
12110,2023,PHEV,23,2026-07-31
12110,2024,BEV,72,2026-07-31
12110,2024,PHEV,21,2026-07-31
12110,2025,BEV,64,2026-07-31
12110,2025,PHEV,24,2026-07-31
12110,2026,BEV,17,2026-07-31
12110,2026,PHEV,6,2026-07-31
12115,2023,BEV,2,2026-07-31
12115,2025,PHEV,1,2026-07-31
12115,2026,BEV,1,2026-07-31
12116,2021,BEV,1,2026-07-31
12116,2022,PHEV,1,2026-07-31
12116,2023,BEV,2,2026-07-31
12116,2023,PHEV,1,2026-07-31
12116,2025,PHEV,1,2026-07-31
12116,2026,BEV,2,2026-07-31
12117,2017,PHEV,1,2026-07-31
12117,2018,BEV,1,2026-07-31
12117,2018,PHEV,2,2026-07-31
12117,2020,BEV,1,2026-07-31
12117,2020,PHEV,1,2026-07-31
12117,2021,BEV,2,2026-07-31
12117,2021,PHEV,2,2026-07-31
12117,2022,PHEV,1,2026-07-31
12117,2023,BEV,1,2026-07-31
12117,2023,PHEV,4,2026-07-31
12117,2024,BEV,2,2026-07-31
12117,2024,PHEV,1,2026-07-31
12117,2025,BEV,1,2026-07-31
12117,2025,PHEV,2,2026-07-31
12117,2026,BEV,1,2026-07-31
12118,2017,BEV,1,2026-07-31
12118,2017,PHEV,10,2026-07-31
12118,2018,BEV,3,2026-07-31
12118,2018,PHEV,10,2026-07-31
12118,2019,BEV,4,2026-07-31
12118,2019,PHEV,6,2026-07-31
12118,2020,BEV,5,2026-07-31
12118,2020,PHEV,8,2026-07-31
12118,2021,BEV,15,2026-07-31
12118,2021,PHEV,41,2026-07-31
12118,2022,BEV,18,2026-07-31
12118,2022,PHEV,20,2026-07-31
12118,2023,BEV,44,2026-07-31
12118,2023,PHEV,27,2026-07-31
12118,2024,BEV,39,2026-07-31
12118,2024,PHEV,31,2026-07-31
12118,2025,BEV,47,2026-07-31
12118,2025,PHEV,32,2026-07-31
12118,2026,BEV,20,2026-07-31
12118,2026,PHEV,5,2026-07-31
12120,2017,PHEV,1,2026-07-31
12120,2018,PHEV,1,2026-07-31
12120,2019,BEV,1,2026-07-31
12120,2020,BEV,2,2026-07-31
12120,2020,PHEV,1,2026-07-31
12120,2021,BEV,1,2026-07-31
12120,2022,PHEV,1,2026-07-31
12120,2023,PHEV,1,2026-07-31
12120,2025,BEV,1,2026-07-31
12121,2018,PHEV,1,2026-07-31
12121,2019,BEV,1,2026-07-31
12121,2021,PHEV,4,2026-07-31
12121,2022,BEV,1,2026-07-31
12121,2022,PHEV,2,2026-07-31
12121,2024,BEV,4,2026-07-31
12121,2024,PHEV,2,2026-07-31
12121,2025,BEV,3,2026-07-31
12121,2026,PHEV,1,2026-07-31
12122,2017,PHEV,1,2026-07-31
12122,2018,PHEV,1,2026-07-31
12122,2020,PHEV,1,2026-07-31
12122,2021,PHEV,1,2026-07-31
12122,2022,BEV,4,2026-07-31
12122,2022,PHEV,3,2026-07-31
12122,2023,PHEV,1,2026-07-31
12122,2024,BEV,1,2026-07-31
12122,2024,PHEV,2,2026-07-31
12122,2025,BEV,6,2026-07-31
12122,2025,PHEV,1,2026-07-31
12122,2026,BEV,10,2026-07-31
12123,2017,BEV,1,2026-07-31
12123,2017,PHEV,5,2026-07-31
12123,2018,PHEV,3,2026-07-31
12123,2019,BEV,1,2026-07-31
12123,2019,PHEV,2,2026-07-31
12123,2020,BEV,3,2026-07-31
12123,2020,PHEV,2,2026-07-31
12123,2021,BEV,5,2026-07-31
12123,2021,PHEV,3,2026-07-31
12123,2022,BEV,4,2026-07-31
12123,2022,PHEV,5,2026-07-31
12123,2023,BEV,5,2026-07-31
12123,2023,PHEV,3,2026-07-31
12123,2024,BEV,4,2026-07-31
12123,2024,PHEV,2,2026-07-31
12123,2025,BEV,5,2026-07-31
12123,2025,PHEV,3,2026-07-31
12123,2026,BEV,2,2026-07-31
12124,2024,PHEV,1,2026-07-31
12125,2020,BEV,1,2026-07-31
12125,2021,BEV,2,2026-07-31
12125,2022,BEV,4,2026-07-31
12125,2023,BEV,1,2026-07-31
12125,2024,BEV,2,2026-07-31
12125,2024,PHEV,2,2026-07-31
12130,2018,PHEV,1,2026-07-31
12130,2022,PHEV,1,2026-07-31
12130,2023,PHEV,2,2026-07-31
12130,2024,BEV,1,2026-07-31
12130,2025,PHEV,1,2026-07-31
12130,2026,PHEV,1,2026-07-31
12131,2017,PHEV,1,2026-07-31
12131,2025,PHEV,1,2026-07-31
12132,2021,BEV,2,2026-07-31
12132,2023,PHEV,1,2026-07-31
12134,2017,PHEV,3,2026-07-31
12134,2018,PHEV,2,2026-07-31
12134,2019,PHEV,2,2026-07-31
12134,2020,BEV,1,2026-07-31
12134,2020,PHEV,1,2026-07-31
12134,2021,BEV,1,2026-07-31
12134,2021,PHEV,4,2026-07-31
12134,2022,BEV,1,2026-07-31
12134,2022,PHEV,1,2026-07-31
12134,2023,BEV,3,2026-07-31
12134,2023,PHEV,4,2026-07-31
12134,2024,BEV,3,2026-07-31
12134,2024,PHEV,6,2026-07-31
12134,2025,BEV,7,2026-07-31
12134,2025,PHEV,1,2026-07-31
12134,2026,BEV,2,2026-07-31
12134,2026,PHEV,1,2026-07-31
12136,2019,BEV,1,2026-07-31
12136,2020,BEV,2,2026-07-31
12136,2021,BEV,2,2026-07-31
12136,2021,PHEV,2,2026-07-31
12136,2022,BEV,2,2026-07-31
12136,2023,BEV,3,2026-07-31
12136,2025,BEV,2,2026-07-31
12136,2025,PHEV,2,2026-07-31
12137,2018,PHEV,1,2026-07-31
12137,2019,BEV,1,2026-07-31
12137,2019,PHEV,1,2026-07-31
12137,2021,BEV,1,2026-07-31
12137,2021,PHEV,2,2026-07-31
12137,2023,BEV,1,2026-07-31
12137,2023,PHEV,1,2026-07-31
12137,2024,BEV,1,2026-07-31
12137,2024,PHEV,1,2026-07-31
12137,2025,BEV,2,2026-07-31
12137,2025,PHEV,1,2026-07-31
12137,2026,BEV,2,2026-07-31
12138,2019,BEV,1,2026-07-31
12138,2020,BEV,1,2026-07-31
12138,2022,BEV,3,2026-07-31
12138,2022,PHEV,1,2026-07-31
12138,2023,BEV,3,2026-07-31
12138,2023,PHEV,1,2026-07-31
12138,2024,BEV,5,2026-07-31
12138,2024,PHEV,2,2026-07-31
12138,2025,BEV,2,2026-07-31
12138,2025,PHEV,2,2026-07-31
12138,2026,BEV,1,2026-07-31
12139,2022,PHEV,1,2026-07-31
12139,2025,PHEV,1,2026-07-31
12140,2018,PHEV,1,2026-07-31
12140,2019,PHEV,3,2026-07-31
12140,2020,PHEV,2,2026-07-31
12140,2021,PHEV,2,2026-07-31
12140,2023,BEV,1,2026-07-31
12140,2023,PHEV,1,2026-07-31
12140,2024,PHEV,2,2026-07-31
12143,2017,PHEV,2,2026-07-31
12143,2018,BEV,1,2026-07-31
12143,2018,PHEV,4,2026-07-31
12143,2019,PHEV,2,2026-07-31
12143,2020,BEV,2,2026-07-31
12143,2020,PHEV,3,2026-07-31
12143,2021,PHEV,5,2026-07-31
12143,2022,BEV,1,2026-07-31
12143,2022,PHEV,1,2026-07-31
12143,2023,BEV,3,2026-07-31
12143,2023,PHEV,3,2026-07-31
12143,2024,BEV,5,2026-07-31
12143,2024,PHEV,6,2026-07-31
12143,2025,BEV,6,2026-07-31
12143,2025,PHEV,2,2026-07-31
12143,2026,BEV,3,2026-07-31
12144,2017,BEV,2,2026-07-31
12144,2017,PHEV,8,2026-07-31
12144,2018,PHEV,8,2026-07-31
12144,2019,BEV,7,2026-07-31
12144,2019,PHEV,5,2026-07-31
12144,2020,BEV,6,2026-07-31
12144,2020,PHEV,10,2026-07-31
12144,2021,BEV,13,2026-07-31
12144,2021,PHEV,13,2026-07-31
12144,2022,BEV,20,2026-07-31
12144,2022,PHEV,8,2026-07-31
12144,2023,BEV,44,2026-07-31
12144,2023,PHEV,16,2026-07-31
12144,2024,BEV,25,2026-07-31
12144,2024,PHEV,18,2026-07-31
12144,2025,BEV,26,2026-07-31
12144,2025,PHEV,45,2026-07-31
12144,2026,BEV,18,2026-07-31
12144,2026,PHEV,10,2026-07-31
12147,2023,BEV,3,2026-07-31
12147,2023,PHEV,1,2026-07-31
12147,2024,BEV,1,2026-07-31
12147,2024,PHEV,1,2026-07-31
12147,2026,BEV,2,2026-07-31
12148,2017,BEV,1,2026-07-31
12148,2017,PHEV,4,2026-07-31
12148,2018,BEV,3,2026-07-31
12148,2018,PHEV,6,2026-07-31
12148,2019,BEV,2,2026-07-31
12148,2019,PHEV,3,2026-07-31
12148,2020,BEV,6,2026-07-31
12148,2020,PHEV,2,2026-07-31
12148,2021,BEV,5,2026-07-31
12148,2021,PHEV,14,2026-07-31
12148,2022,BEV,11,2026-07-31
12148,2022,PHEV,8,2026-07-31
12148,2023,BEV,13,2026-07-31
12148,2023,PHEV,12,2026-07-31
12148,2024,BEV,15,2026-07-31
12148,2024,PHEV,11,2026-07-31
12148,2025,BEV,17,2026-07-31
12148,2025,PHEV,4,2026-07-31
12148,2026,BEV,8,2026-07-31
12148,2026,PHEV,3,2026-07-31
12149,2018,PHEV,1,2026-07-31
12149,2020,BEV,1,2026-07-31
12149,2021,PHEV,1,2026-07-31
12149,2022,BEV,1,2026-07-31
12149,2022,PHEV,1,2026-07-31
12149,2023,PHEV,3,2026-07-31
12149,2024,BEV,1,2026-07-31
12149,2024,PHEV,4,2026-07-31
12149,2025,BEV,2,2026-07-31
12149,2026,PHEV,1,2026-07-31
12150,2017,BEV,2,2026-07-31
12150,2017,PHEV,1,2026-07-31
12150,2022,BEV,1,2026-07-31
12150,2024,BEV,2,2026-07-31
12150,2025,PHEV,1,2026-07-31
12151,2018,PHEV,1,2026-07-31
12151,2021,PHEV,1,2026-07-31
12151,2022,BEV,1,2026-07-31
12151,2023,BEV,1,2026-07-31
12151,2024,BEV,2,2026-07-31
12151,2024,PHEV,2,2026-07-31
12151,2025,BEV,3,2026-07-31
12151,2025,PHEV,3,2026-07-31
12151,2026,BEV,1,2026-07-31
12153,2020,BEV,1,2026-07-31
12153,2021,PHEV,1,2026-07-31
12153,2022,BEV,1,2026-07-31
12153,2022,PHEV,1,2026-07-31
12153,2023,PHEV,1,2026-07-31
12153,2024,BEV,1,2026-07-31
12153,2024,PHEV,2,2026-07-31
12153,2025,BEV,2,2026-07-31
12153,2026,PHEV,1,2026-07-31
12154,2017,PHEV,1,2026-07-31
12154,2018,PHEV,2,2026-07-31
12154,2019,PHEV,4,2026-07-31
12154,2020,PHEV,1,2026-07-31
12154,2021,BEV,3,2026-07-31
12154,2021,PHEV,2,2026-07-31
12154,2022,BEV,2,2026-07-31
12154,2022,PHEV,2,2026-07-31
12154,2023,PHEV,3,2026-07-31
12154,2024,BEV,4,2026-07-31
12154,2024,PHEV,2,2026-07-31
12154,2025,BEV,2,2026-07-31
12154,2025,PHEV,4,2026-07-31
12154,2026,BEV,1,2026-07-31
12154,2026,PHEV,1,2026-07-31
12155,2021,PHEV,2,2026-07-31
12155,2022,BEV,1,2026-07-31
12155,2023,PHEV,2,2026-07-31
12155,2024,PHEV,2,2026-07-31
12155,2025,BEV,1,2026-07-31
12155,2026,BEV,1,2026-07-31
12156,2017,PHEV,1,2026-07-31
12156,2021,BEV,1,2026-07-31
12156,2021,PHEV,1,2026-07-31
12156,2023,BEV,1,2026-07-31
12157,2017,BEV,2,2026-07-31
12157,2017,PHEV,2,2026-07-31
12157,2018,PHEV,1,2026-07-31
12157,2019,BEV,1,2026-07-31
12157,2020,BEV,1,2026-07-31
12157,2020,PHEV,1,2026-07-31
12157,2021,PHEV,3,2026-07-31
12157,2022,BEV,4,2026-07-31
12157,2022,PHEV,3,2026-07-31
12157,2023,BEV,3,2026-07-31
12157,2023,PHEV,6,2026-07-31
12157,2024,BEV,4,2026-07-31
12157,2024,PHEV,7,2026-07-31
12157,2025,BEV,2,2026-07-31
12157,2025,PHEV,1,2026-07-31
12157,2026,BEV,1,2026-07-31
12158,2017,BEV,2,2026-07-31
12158,2017,PHEV,3,2026-07-31
12158,2018,BEV,1,2026-07-31
12158,2018,PHEV,6,2026-07-31
12158,2019,BEV,4,2026-07-31
12158,2019,PHEV,4,2026-07-31
12158,2020,BEV,5,2026-07-31
12158,2020,PHEV,5,2026-07-31
12158,2021,BEV,3,2026-07-31
12158,2021,PHEV,8,2026-07-31
12158,2022,BEV,6,2026-07-31
12158,2022,PHEV,3,2026-07-31
12158,2023,BEV,6,2026-07-31
12158,2023,PHEV,14,2026-07-31
12158,2024,BEV,13,2026-07-31
12158,2024,PHEV,3,2026-07-31
12158,2025,BEV,8,2026-07-31
12158,2025,PHEV,5,2026-07-31
12158,2026,BEV,2,2026-07-31
12158,2026,PHEV,1,2026-07-31
12159,2017,BEV,5,2026-07-31
12159,2017,PHEV,6,2026-07-31
12159,2018,BEV,3,2026-07-31
12159,2018,PHEV,5,2026-07-31
12159,2019,BEV,8,2026-07-31
12159,2019,PHEV,7,2026-07-31
12159,2020,BEV,19,2026-07-31
12159,2020,PHEV,8,2026-07-31
12159,2021,BEV,16,2026-07-31
12159,2021,PHEV,16,2026-07-31
12159,2022,BEV,24,2026-07-31
12159,2022,PHEV,16,2026-07-31
12159,2023,BEV,36,2026-07-31
12159,2023,PHEV,20,2026-07-31
12159,2024,BEV,30,2026-07-31
12159,2024,PHEV,24,2026-07-31
12159,2025,BEV,29,2026-07-31
12159,2025,PHEV,17,2026-07-31
12159,2026,BEV,10,2026-07-31
12159,2026,PHEV,7,2026-07-31
12160,2018,PHEV,1,2026-07-31
12160,2022,BEV,1,2026-07-31
12160,2023,BEV,1,2026-07-31
12160,2024,BEV,1,2026-07-31
12160,2026,BEV,2,2026-07-31
12164,2018,PHEV,1,2026-07-31
12164,2023,BEV,1,2026-07-31
12164,2023,PHEV,1,2026-07-31
12164,2025,BEV,1,2026-07-31
12164,2026,PHEV,1,2026-07-31
12165,2024,BEV,1,2026-07-31
12165,2025,BEV,1,2026-07-31
12166,2017,BEV,1,2026-07-31
12166,2017,PHEV,1,2026-07-31
12166,2022,BEV,1,2026-07-31
12166,2024,BEV,1,2026-07-31
12166,2025,PHEV,1,2026-07-31
12166,2026,BEV,2,2026-07-31
12167,2017,BEV,1,2026-07-31
12167,2020,BEV,1,2026-07-31
12167,2021,BEV,1,2026-07-31
12167,2021,PHEV,1,2026-07-31
12167,2022,BEV,1,2026-07-31
12167,2023,BEV,1,2026-07-31
12167,2023,PHEV,1,2026-07-31
12167,2024,BEV,1,2026-07-31
12167,2024,PHEV,1,2026-07-31
12167,2025,BEV,2,2026-07-31
12167,2025,PHEV,2,2026-07-31
12167,2026,BEV,1,2026-07-31
12168,2017,BEV,1,2026-07-31
12168,2018,PHEV,2,2026-07-31
12168,2020,BEV,1,2026-07-31
12168,2021,BEV,1,2026-07-31
12168,2022,BEV,1,2026-07-31
12168,2023,BEV,3,2026-07-31
12168,2024,BEV,3,2026-07-31
12168,2024,PHEV,1,2026-07-31
12168,2025,BEV,1,2026-07-31
12168,2025,PHEV,1,2026-07-31
12169,2021,PHEV,1,2026-07-31
12169,2022,BEV,1,2026-07-31
12169,2024,BEV,1,2026-07-31
12169,2025,BEV,1,2026-07-31
12170,2017,BEV,1,2026-07-31
12170,2017,PHEV,2,2026-07-31
12170,2018,BEV,1,2026-07-31
12170,2018,PHEV,5,2026-07-31
12170,2020,BEV,2,2026-07-31
12170,2020,PHEV,2,2026-07-31
12170,2021,BEV,3,2026-07-31
12170,2021,PHEV,10,2026-07-31
12170,2022,BEV,6,2026-07-31
12170,2022,PHEV,6,2026-07-31
12170,2023,BEV,3,2026-07-31
12170,2023,PHEV,12,2026-07-31
12170,2024,BEV,6,2026-07-31
12170,2024,PHEV,8,2026-07-31
12170,2025,BEV,6,2026-07-31
12170,2025,PHEV,2,2026-07-31
12170,2026,PHEV,2,2026-07-31
12172,2021,PHEV,1,2026-07-31
12173,2017,PHEV,2,2026-07-31
12173,2018,BEV,1,2026-07-31
12173,2018,PHEV,1,2026-07-31
12173,2019,BEV,1,2026-07-31
12173,2020,BEV,1,2026-07-31
12173,2021,BEV,2,2026-07-31
12173,2022,BEV,3,2026-07-31
12173,2023,BEV,3,2026-07-31
12173,2023,PHEV,4,2026-07-31
12173,2024,BEV,1,2026-07-31
12173,2024,PHEV,1,2026-07-31
12173,2025,PHEV,3,2026-07-31
12174,2020,PHEV,1,2026-07-31
12174,2022,BEV,1,2026-07-31
12175,2018,PHEV,1,2026-07-31
12175,2020,PHEV,1,2026-07-31
12175,2022,PHEV,1,2026-07-31
12176,2020,PHEV,1,2026-07-31
12176,2024,PHEV,1,2026-07-31
12176,2025,PHEV,1,2026-07-31
12180,2017,BEV,6,2026-07-31
12180,2017,PHEV,6,2026-07-31
12180,2018,BEV,3,2026-07-31
12180,2018,PHEV,20,2026-07-31
12180,2019,BEV,14,2026-07-31
12180,2019,PHEV,8,2026-07-31
12180,2020,BEV,14,2026-07-31
12180,2020,PHEV,16,2026-07-31
12180,2021,BEV,21,2026-07-31
12180,2021,PHEV,26,2026-07-31
12180,2022,BEV,35,2026-07-31
12180,2022,PHEV,22,2026-07-31
12180,2023,BEV,45,2026-07-31
12180,2023,PHEV,28,2026-07-31
12180,2024,BEV,56,2026-07-31
12180,2024,PHEV,35,2026-07-31
12180,2025,BEV,55,2026-07-31
12180,2025,PHEV,42,2026-07-31
12180,2026,BEV,27,2026-07-31
12180,2026,PHEV,7,2026-07-31
12182,2017,BEV,4,2026-07-31
12182,2017,PHEV,2,2026-07-31
12182,2018,BEV,1,2026-07-31
12182,2018,PHEV,4,2026-07-31
12182,2019,BEV,3,2026-07-31
12182,2019,PHEV,3,2026-07-31
12182,2020,BEV,2,2026-07-31
12182,2020,PHEV,3,2026-07-31
12182,2021,BEV,3,2026-07-31
12182,2021,PHEV,3,2026-07-31
12182,2022,BEV,7,2026-07-31
12182,2022,PHEV,8,2026-07-31
12182,2023,BEV,13,2026-07-31
12182,2023,PHEV,10,2026-07-31
12182,2024,BEV,19,2026-07-31
12182,2024,PHEV,5,2026-07-31
12182,2025,BEV,11,2026-07-31
12182,2025,PHEV,11,2026-07-31
12182,2026,BEV,4,2026-07-31
12182,2026,PHEV,2,2026-07-31
12183,2017,PHEV,1,2026-07-31
12183,2020,BEV,1,2026-07-31
12183,2021,BEV,6,2026-07-31
12183,2021,PHEV,2,2026-07-31
12183,2022,BEV,3,2026-07-31
12183,2022,PHEV,1,2026-07-31
12183,2023,BEV,6,2026-07-31
12183,2023,PHEV,2,2026-07-31
12183,2024,BEV,3,2026-07-31
12183,2024,PHEV,1,2026-07-31
12183,2025,BEV,5,2026-07-31
12183,2025,PHEV,5,2026-07-31
12183,2026,BEV,2,2026-07-31
12183,2026,PHEV,1,2026-07-31
12184,2017,BEV,2,2026-07-31
12184,2017,PHEV,3,2026-07-31
12184,2018,BEV,1,2026-07-31
12184,2018,PHEV,2,2026-07-31
12184,2019,BEV,2,2026-07-31
12184,2019,PHEV,2,2026-07-31
12184,2020,BEV,6,2026-07-31
12184,2020,PHEV,4,2026-07-31
12184,2021,BEV,6,2026-07-31
12184,2021,PHEV,3,2026-07-31
12184,2022,BEV,8,2026-07-31
12184,2022,PHEV,9,2026-07-31
12184,2023,BEV,7,2026-07-31
12184,2023,PHEV,6,2026-07-31
12184,2024,BEV,7,2026-07-31
12184,2024,PHEV,6,2026-07-31
12184,2025,BEV,9,2026-07-31
12184,2025,PHEV,4,2026-07-31
12184,2026,BEV,7,2026-07-31
12184,2026,PHEV,2,2026-07-31
12185,2019,BEV,1,2026-07-31
12185,2019,PHEV,2,2026-07-31
12185,2020,PHEV,1,2026-07-31
12185,2021,BEV,1,2026-07-31
12185,2021,PHEV,2,2026-07-31
12185,2022,BEV,1,2026-07-31
12185,2023,PHEV,3,2026-07-31
12185,2024,BEV,3,2026-07-31
12185,2024,PHEV,3,2026-07-31
12185,2025,BEV,2,2026-07-31
12185,2025,PHEV,1,2026-07-31
12185,2026,PHEV,1,2026-07-31
12186,2017,BEV,3,2026-07-31
12186,2017,PHEV,3,2026-07-31
12186,2018,BEV,1,2026-07-31
12186,2018,PHEV,9,2026-07-31
12186,2019,BEV,6,2026-07-31
12186,2019,PHEV,3,2026-07-31
12186,2020,BEV,8,2026-07-31
12186,2020,PHEV,3,2026-07-31
12186,2021,BEV,7,2026-07-31
12186,2021,PHEV,14,2026-07-31
12186,2022,BEV,15,2026-07-31
12186,2022,PHEV,6,2026-07-31
12186,2023,BEV,11,2026-07-31
12186,2023,PHEV,8,2026-07-31
12186,2024,BEV,19,2026-07-31
12186,2024,PHEV,13,2026-07-31
12186,2025,BEV,14,2026-07-31
12186,2025,PHEV,10,2026-07-31
12186,2026,BEV,7,2026-07-31
12187,2017,BEV,1,2026-07-31
12187,2020,BEV,1,2026-07-31
12187,2021,PHEV,1,2026-07-31
12187,2024,BEV,1,2026-07-31
12187,2026,PHEV,1,2026-07-31
12188,2017,PHEV,3,2026-07-31
12188,2018,BEV,1,2026-07-31
12188,2018,PHEV,6,2026-07-31
12188,2019,BEV,2,2026-07-31
12188,2019,PHEV,3,2026-07-31
12188,2020,PHEV,3,2026-07-31
12188,2021,BEV,7,2026-07-31
12188,2021,PHEV,8,2026-07-31
12188,2022,BEV,16,2026-07-31
12188,2022,PHEV,6,2026-07-31
12188,2023,BEV,14,2026-07-31
12188,2023,PHEV,26,2026-07-31
12188,2024,BEV,14,2026-07-31
12188,2024,PHEV,36,2026-07-31
12188,2025,BEV,14,2026-07-31
12188,2025,PHEV,11,2026-07-31
12188,2026,BEV,9,2026-07-31
12188,2026,PHEV,1,2026-07-31
12189,2017,BEV,4,2026-07-31
12189,2017,PHEV,5,2026-07-31
12189,2018,BEV,3,2026-07-31
12189,2018,PHEV,7,2026-07-31
12189,2019,BEV,7,2026-07-31
12189,2019,PHEV,4,2026-07-31
12189,2020,BEV,11,2026-07-31
12189,2020,PHEV,8,2026-07-31
12189,2021,BEV,7,2026-07-31
12189,2021,PHEV,18,2026-07-31
12189,2022,BEV,18,2026-07-31
12189,2022,PHEV,6,2026-07-31
12189,2023,BEV,41,2026-07-31
12189,2023,PHEV,11,2026-07-31
12189,2024,BEV,29,2026-07-31
12189,2024,PHEV,18,2026-07-31
12189,2025,BEV,29,2026-07-31
12189,2025,PHEV,16,2026-07-31
12189,2026,BEV,14,2026-07-31
12189,2026,PHEV,4,2026-07-31
12192,2017,PHEV,1,2026-07-31
12192,2020,PHEV,1,2026-07-31
12192,2021,BEV,1,2026-07-31
12192,2021,PHEV,2,2026-07-31
12192,2023,BEV,2,2026-07-31
12192,2024,BEV,3,2026-07-31
12192,2024,PHEV,3,2026-07-31
12192,2025,BEV,2,2026-07-31
12193,2018,PHEV,1,2026-07-31
12193,2021,BEV,2,2026-07-31
12193,2021,PHEV,1,2026-07-31
12193,2022,BEV,1,2026-07-31
12193,2022,PHEV,1,2026-07-31
12193,2023,BEV,3,2026-07-31
12193,2023,PHEV,2,2026-07-31
12193,2024,BEV,3,2026-07-31
12193,2024,PHEV,2,2026-07-31
12193,2025,BEV,1,2026-07-31
12194,2023,PHEV,1,2026-07-31
12194,2024,PHEV,1,2026-07-31
12194,2026,BEV,1,2026-07-31
12196,2017,BEV,2,2026-07-31
12196,2017,PHEV,3,2026-07-31
12196,2018,PHEV,3,2026-07-31
12196,2019,PHEV,2,2026-07-31
12196,2020,BEV,3,2026-07-31
12196,2021,BEV,1,2026-07-31
12196,2021,PHEV,4,2026-07-31
12196,2022,BEV,3,2026-07-31
12196,2023,BEV,3,2026-07-31
12196,2023,PHEV,2,2026-07-31
12196,2024,BEV,3,2026-07-31
12196,2025,BEV,4,2026-07-31
12196,2025,PHEV,2,2026-07-31
12196,2026,BEV,6,2026-07-31
12197,2018,PHEV,2,2026-07-31
12197,2020,BEV,1,2026-07-31
12197,2020,PHEV,1,2026-07-31
12197,2021,PHEV,2,2026-07-31
12197,2022,PHEV,1,2026-07-31
12197,2023,PHEV,1,2026-07-31
12197,2024,BEV,2,2026-07-31
12197,2024,PHEV,1,2026-07-31
12198,2017,BEV,2,2026-07-31
12198,2018,BEV,1,2026-07-31
12198,2018,PHEV,4,2026-07-31
12198,2020,BEV,5,2026-07-31
12198,2020,PHEV,3,2026-07-31
12198,2021,BEV,2,2026-07-31
12198,2021,PHEV,7,2026-07-31
12198,2022,BEV,6,2026-07-31
12198,2022,PHEV,9,2026-07-31
12198,2023,BEV,12,2026-07-31
12198,2023,PHEV,4,2026-07-31
12198,2024,BEV,15,2026-07-31
12198,2024,PHEV,9,2026-07-31
12198,2025,BEV,13,2026-07-31
12198,2025,PHEV,7,2026-07-31
12198,2026,BEV,4,2026-07-31
12198,2026,PHEV,2,2026-07-31
12202,2017,BEV,1,2026-07-31
12202,2018,PHEV,1,2026-07-31
12202,2019,BEV,2,2026-07-31
12202,2020,PHEV,2,2026-07-31
12202,2021,BEV,1,2026-07-31
12202,2021,PHEV,2,2026-07-31
12202,2022,BEV,1,2026-07-31
12202,2022,PHEV,1,2026-07-31
12202,2023,BEV,7,2026-07-31
12202,2023,PHEV,3,2026-07-31
12202,2024,BEV,4,2026-07-31
12202,2024,PHEV,3,2026-07-31
12202,2025,BEV,7,2026-07-31
12202,2025,PHEV,2,2026-07-31
12202,2026,BEV,1,2026-07-31
12203,2017,BEV,10,2026-07-31
12203,2017,PHEV,10,2026-07-31
12203,2018,BEV,7,2026-07-31
12203,2018,PHEV,17,2026-07-31
12203,2019,BEV,9,2026-07-31
12203,2019,PHEV,6,2026-07-31
12203,2020,BEV,20,2026-07-31
12203,2020,PHEV,9,2026-07-31
12203,2021,BEV,31,2026-07-31
12203,2021,PHEV,29,2026-07-31
12203,2022,BEV,39,2026-07-31
12203,2022,PHEV,27,2026-07-31
12203,2023,BEV,56,2026-07-31
12203,2023,PHEV,28,2026-07-31
12203,2024,BEV,55,2026-07-31
12203,2024,PHEV,26,2026-07-31
12203,2025,BEV,71,2026-07-31
12203,2025,PHEV,27,2026-07-31
12203,2026,BEV,32,2026-07-31
12203,2026,PHEV,9,2026-07-31
12204,2017,BEV,3,2026-07-31
12204,2017,PHEV,4,2026-07-31
12204,2018,BEV,1,2026-07-31
12204,2018,PHEV,2,2026-07-31
12204,2019,BEV,6,2026-07-31
12204,2019,PHEV,2,2026-07-31
12204,2020,BEV,5,2026-07-31
12204,2020,PHEV,3,2026-07-31
12204,2021,BEV,6,2026-07-31
12204,2021,PHEV,9,2026-07-31
12204,2022,BEV,10,2026-07-31
12204,2022,PHEV,3,2026-07-31
12204,2023,BEV,12,2026-07-31
12204,2023,PHEV,7,2026-07-31
12204,2024,BEV,17,2026-07-31
12204,2024,PHEV,6,2026-07-31
12204,2025,BEV,13,2026-07-31
12204,2025,PHEV,5,2026-07-31
12204,2026,BEV,4,2026-07-31
12204,2026,PHEV,10,2026-07-31
12205,2017,BEV,8,2026-07-31
12205,2017,PHEV,9,2026-07-31
12205,2018,BEV,3,2026-07-31
12205,2018,PHEV,16,2026-07-31
12205,2019,BEV,4,2026-07-31
12205,2019,PHEV,6,2026-07-31
12205,2020,BEV,8,2026-07-31
12205,2020,PHEV,10,2026-07-31
12205,2021,BEV,21,2026-07-31
12205,2021,PHEV,23,2026-07-31
12205,2022,BEV,22,2026-07-31
12205,2022,PHEV,14,2026-07-31
12205,2023,BEV,38,2026-07-31
12205,2023,PHEV,29,2026-07-31
12205,2024,BEV,32,2026-07-31
12205,2024,PHEV,42,2026-07-31
12205,2025,BEV,39,2026-07-31
12205,2025,PHEV,89,2026-07-31
12205,2026,BEV,16,2026-07-31
12205,2026,PHEV,5,2026-07-31
12206,2017,BEV,3,2026-07-31
12206,2017,PHEV,1,2026-07-31
12206,2018,BEV,1,2026-07-31
12206,2018,PHEV,5,2026-07-31
12206,2019,BEV,2,2026-07-31
12206,2020,BEV,5,2026-07-31
12206,2020,PHEV,3,2026-07-31
12206,2021,BEV,1,2026-07-31
12206,2021,PHEV,4,2026-07-31
12206,2022,BEV,6,2026-07-31
12206,2022,PHEV,2,2026-07-31
12206,2023,BEV,13,2026-07-31
12206,2023,PHEV,2,2026-07-31
12206,2024,BEV,9,2026-07-31
12206,2024,PHEV,7,2026-07-31
12206,2025,BEV,11,2026-07-31
12206,2025,PHEV,10,2026-07-31
12206,2026,BEV,4,2026-07-31
12206,2026,PHEV,3,2026-07-31
12207,2017,BEV,1,2026-07-31
12207,2017,PHEV,3,2026-07-31
12207,2020,BEV,3,2026-07-31
12207,2020,PHEV,13,2026-07-31
12207,2021,BEV,1,2026-07-31
12207,2021,PHEV,1,2026-07-31
12207,2022,BEV,1,2026-07-31
12207,2022,PHEV,2,2026-07-31
12207,2023,BEV,7,2026-07-31
12207,2023,PHEV,80,2026-07-31
12207,2024,BEV,4,2026-07-31
12207,2024,PHEV,46,2026-07-31
12207,2025,BEV,2,2026-07-31
12207,2025,PHEV,38,2026-07-31
12207,2026,BEV,2,2026-07-31
12207,2026,PHEV,29,2026-07-31
12208,2017,BEV,4,2026-07-31
12208,2017,PHEV,12,2026-07-31
12208,2018,BEV,3,2026-07-31
12208,2018,PHEV,22,2026-07-31
12208,2019,BEV,7,2026-07-31
12208,2019,PHEV,14,2026-07-31
12208,2020,BEV,12,2026-07-31
12208,2020,PHEV,7,2026-07-31
12208,2021,BEV,8,2026-07-31
12208,2021,PHEV,24,2026-07-31
12208,2022,BEV,26,2026-07-31
12208,2022,PHEV,12,2026-07-31
12208,2023,BEV,30,2026-07-31
12208,2023,PHEV,21,2026-07-31
12208,2024,BEV,23,2026-07-31
12208,2024,PHEV,26,2026-07-31
12208,2025,BEV,38,2026-07-31
12208,2025,PHEV,17,2026-07-31
12208,2026,BEV,19,2026-07-31
12208,2026,PHEV,6,2026-07-31
12209,2017,BEV,1,2026-07-31
12209,2017,PHEV,2,2026-07-31
12209,2018,BEV,3,2026-07-31
12209,2018,PHEV,6,2026-07-31
12209,2019,BEV,1,2026-07-31
12209,2019,PHEV,4,2026-07-31
12209,2020,BEV,3,2026-07-31
12209,2020,PHEV,2,2026-07-31
12209,2021,BEV,8,2026-07-31
12209,2021,PHEV,2,2026-07-31
12209,2022,BEV,8,2026-07-31
12209,2022,PHEV,4,2026-07-31
12209,2023,BEV,11,2026-07-31
12209,2023,PHEV,10,2026-07-31
12209,2024,BEV,11,2026-07-31
12209,2024,PHEV,12,2026-07-31
12209,2025,BEV,13,2026-07-31
12209,2025,PHEV,13,2026-07-31
12209,2026,BEV,10,2026-07-31
12209,2026,PHEV,25,2026-07-31
12210,2017,PHEV,3,2026-07-31
12210,2018,BEV,2,2026-07-31
12210,2018,PHEV,4,2026-07-31
12210,2019,PHEV,2,2026-07-31
12210,2020,BEV,3,2026-07-31
12210,2021,BEV,4,2026-07-31
12210,2021,PHEV,8,2026-07-31
12210,2022,BEV,7,2026-07-31
12210,2022,PHEV,3,2026-07-31
12210,2023,BEV,10,2026-07-31
12210,2023,PHEV,5,2026-07-31
12210,2024,BEV,6,2026-07-31
12210,2024,PHEV,6,2026-07-31
12210,2025,BEV,12,2026-07-31
12210,2025,PHEV,7,2026-07-31
12210,2026,BEV,1,2026-07-31
12210,2026,PHEV,2,2026-07-31
12211,2017,BEV,5,2026-07-31
12211,2017,PHEV,6,2026-07-31
12211,2018,PHEV,10,2026-07-31
12211,2019,BEV,3,2026-07-31
12211,2019,PHEV,3,2026-07-31
12211,2020,BEV,4,2026-07-31
12211,2020,PHEV,8,2026-07-31
12211,2021,BEV,10,2026-07-31
12211,2021,PHEV,16,2026-07-31
12211,2022,BEV,29,2026-07-31
12211,2022,PHEV,11,2026-07-31
12211,2023,BEV,39,2026-07-31
12211,2023,PHEV,20,2026-07-31
12211,2024,BEV,37,2026-07-31
12211,2024,PHEV,26,2026-07-31
12211,2025,BEV,26,2026-07-31
12211,2025,PHEV,23,2026-07-31
12211,2026,BEV,15,2026-07-31
12211,2026,PHEV,7,2026-07-31
12223,2023,PHEV,6,2026-07-31
12223,2024,PHEV,1,2026-07-31
12224,2026,PHEV,1,2026-07-31
12226,2019,PHEV,2,2026-07-31
12226,2022,BEV,2,2026-07-31
12226,2024,PHEV,19,2026-07-31
12226,2025,PHEV,49,2026-07-31
12226,2026,BEV,4,2026-07-31
12226,2026,PHEV,35,2026-07-31
12227,2025,PHEV,1,2026-07-31
12302,2017,BEV,9,2026-07-31
12302,2017,PHEV,10,2026-07-31
12302,2018,BEV,3,2026-07-31
12302,2018,PHEV,21,2026-07-31
12302,2019,BEV,6,2026-07-31
12302,2019,PHEV,14,2026-07-31
12302,2020,BEV,9,2026-07-31
12302,2020,PHEV,8,2026-07-31
12302,2021,BEV,25,2026-07-31
12302,2021,PHEV,20,2026-07-31
12302,2022,BEV,24,2026-07-31
12302,2022,PHEV,18,2026-07-31
12302,2023,BEV,37,2026-07-31
12302,2023,PHEV,25,2026-07-31
12302,2024,BEV,30,2026-07-31
12302,2024,PHEV,28,2026-07-31
12302,2025,BEV,49,2026-07-31
12302,2025,PHEV,18,2026-07-31
12302,2026,BEV,14,2026-07-31
12302,2026,PHEV,1,2026-07-31
12303,2017,BEV,9,2026-07-31
12303,2017,PHEV,14,2026-07-31
12303,2018,BEV,3,2026-07-31
12303,2018,PHEV,18,2026-07-31
12303,2019,BEV,9,2026-07-31
12303,2019,PHEV,14,2026-07-31
12303,2020,BEV,12,2026-07-31
12303,2020,PHEV,3,2026-07-31
12303,2021,BEV,11,2026-07-31
12303,2021,PHEV,27,2026-07-31
12303,2022,BEV,17,2026-07-31
12303,2022,PHEV,16,2026-07-31
12303,2023,BEV,46,2026-07-31
12303,2023,PHEV,26,2026-07-31
12303,2024,BEV,42,2026-07-31
12303,2024,PHEV,16,2026-07-31
12303,2025,BEV,31,2026-07-31
12303,2025,PHEV,28,2026-07-31
12303,2026,BEV,12,2026-07-31
12303,2026,PHEV,6,2026-07-31
12304,2017,BEV,6,2026-07-31
12304,2017,PHEV,8,2026-07-31
12304,2018,BEV,1,2026-07-31
12304,2018,PHEV,9,2026-07-31
12304,2019,BEV,3,2026-07-31
12304,2019,PHEV,2,2026-07-31
12304,2020,BEV,8,2026-07-31
12304,2020,PHEV,9,2026-07-31
12304,2021,BEV,7,2026-07-31
12304,2021,PHEV,13,2026-07-31
12304,2022,BEV,10,2026-07-31
12304,2022,PHEV,10,2026-07-31
12304,2023,BEV,22,2026-07-31
12304,2023,PHEV,20,2026-07-31
12304,2024,BEV,9,2026-07-31
12304,2024,PHEV,6,2026-07-31
12304,2025,BEV,29,2026-07-31
12304,2025,PHEV,19,2026-07-31
12304,2026,BEV,13,2026-07-31
12304,2026,PHEV,3,2026-07-31
12305,2017,BEV,3,2026-07-31
12305,2017,PHEV,1,2026-07-31
12305,2018,PHEV,1,2026-07-31
12305,2019,BEV,1,2026-07-31
12305,2019,PHEV,5,2026-07-31
12305,2020,BEV,2,2026-07-31
12305,2020,PHEV,1,2026-07-31
12305,2021,BEV,2,2026-07-31
12305,2021,PHEV,3,2026-07-31
12305,2022,BEV,3,2026-07-31
12305,2022,PHEV,6,2026-07-31
12305,2023,BEV,11,2026-07-31
12305,2023,PHEV,3,2026-07-31
12305,2024,BEV,13,2026-07-31
12305,2024,PHEV,17,2026-07-31
12305,2025,BEV,12,2026-07-31
12305,2025,PHEV,45,2026-07-31
12305,2026,BEV,2,2026-07-31
12305,2026,PHEV,1,2026-07-31
12306,2017,BEV,8,2026-07-31
12306,2017,PHEV,7,2026-07-31
12306,2018,BEV,3,2026-07-31
12306,2018,PHEV,12,2026-07-31
12306,2019,BEV,4,2026-07-31
12306,2019,PHEV,9,2026-07-31
12306,2020,BEV,10,2026-07-31
12306,2020,PHEV,2,2026-07-31
12306,2021,BEV,16,2026-07-31
12306,2021,PHEV,8,2026-07-31
12306,2022,BEV,20,2026-07-31
12306,2022,PHEV,9,2026-07-31
12306,2023,BEV,36,2026-07-31
12306,2023,PHEV,18,2026-07-31
12306,2024,BEV,37,2026-07-31
12306,2024,PHEV,22,2026-07-31
12306,2025,BEV,46,2026-07-31
12306,2025,PHEV,29,2026-07-31
12306,2026,BEV,17,2026-07-31
12306,2026,PHEV,6,2026-07-31
12307,2018,PHEV,3,2026-07-31
12307,2023,BEV,1,2026-07-31
12307,2024,BEV,1,2026-07-31
12307,2025,BEV,1,2026-07-31
12307,2025,PHEV,1,2026-07-31
12307,2026,BEV,1,2026-07-31
12307,2026,PHEV,1,2026-07-31
12308,2017,BEV,3,2026-07-31
12308,2017,PHEV,5,2026-07-31
12308,2018,BEV,1,2026-07-31
12308,2018,PHEV,9,2026-07-31
12308,2019,BEV,3,2026-07-31
12308,2019,PHEV,2,2026-07-31
12308,2020,BEV,3,2026-07-31
12308,2020,PHEV,3,2026-07-31
12308,2021,BEV,3,2026-07-31
12308,2021,PHEV,8,2026-07-31
12308,2022,BEV,1,2026-07-31
12308,2022,PHEV,2,2026-07-31
12308,2023,BEV,17,2026-07-31
12308,2023,PHEV,8,2026-07-31
12308,2024,BEV,10,2026-07-31
12308,2024,PHEV,4,2026-07-31
12308,2025,BEV,12,2026-07-31
12308,2025,PHEV,9,2026-07-31
12308,2026,BEV,4,2026-07-31
12308,2026,PHEV,1,2026-07-31
12309,2017,BEV,15,2026-07-31
12309,2017,PHEV,17,2026-07-31
12309,2018,BEV,12,2026-07-31
12309,2018,PHEV,30,2026-07-31
12309,2019,BEV,22,2026-07-31
12309,2019,PHEV,31,2026-07-31
12309,2020,BEV,36,2026-07-31
12309,2020,PHEV,26,2026-07-31
12309,2021,BEV,56,2026-07-31
12309,2021,PHEV,45,2026-07-31
12309,2022,BEV,75,2026-07-31
12309,2022,PHEV,46,2026-07-31
12309,2023,BEV,110,2026-07-31
12309,2023,PHEV,71,2026-07-31
12309,2024,BEV,100,2026-07-31
12309,2024,PHEV,53,2026-07-31
12309,2025,BEV,91,2026-07-31
12309,2025,PHEV,51,2026-07-31
12309,2026,BEV,42,2026-07-31
12309,2026,PHEV,11,2026-07-31
12401,2017,BEV,10,2026-07-31
12401,2017,PHEV,3,2026-07-31
12401,2018,BEV,14,2026-07-31
12401,2018,PHEV,16,2026-07-31
12401,2019,BEV,25,2026-07-31
12401,2019,PHEV,12,2026-07-31
12401,2020,BEV,22,2026-07-31
12401,2020,PHEV,17,2026-07-31
12401,2021,BEV,34,2026-07-31
12401,2021,PHEV,19,2026-07-31
12401,2022,BEV,46,2026-07-31
12401,2022,PHEV,32,2026-07-31
12401,2023,BEV,59,2026-07-31
12401,2023,PHEV,39,2026-07-31
12401,2024,BEV,48,2026-07-31
12401,2024,PHEV,42,2026-07-31
12401,2025,BEV,75,2026-07-31
12401,2025,PHEV,18,2026-07-31
12401,2026,BEV,34,2026-07-31
12401,2026,PHEV,10,2026-07-31
12404,2017,PHEV,1,2026-07-31
12404,2018,BEV,2,2026-07-31
12404,2019,BEV,2,2026-07-31
12404,2019,PHEV,1,2026-07-31
12404,2020,BEV,2,2026-07-31
12404,2020,PHEV,1,2026-07-31
12404,2021,BEV,5,2026-07-31
12404,2021,PHEV,1,2026-07-31
12404,2022,BEV,13,2026-07-31
12404,2022,PHEV,6,2026-07-31
12404,2023,BEV,13,2026-07-31
12404,2023,PHEV,9,2026-07-31
12404,2024,BEV,3,2026-07-31
12404,2024,PHEV,4,2026-07-31
12404,2025,BEV,11,2026-07-31
12404,2025,PHEV,1,2026-07-31
12404,2026,BEV,2,2026-07-31
12404,2026,PHEV,1,2026-07-31
12405,2021,BEV,1,2026-07-31
12405,2022,PHEV,2,2026-07-31
12405,2025,BEV,1,2026-07-31
12405,2025,PHEV,1,2026-07-31
12406,2019,PHEV,1,2026-07-31
12406,2020,PHEV,1,2026-07-31
12406,2021,BEV,1,2026-07-31
12406,2022,PHEV,1,2026-07-31
12409,2019,PHEV,3,2026-07-31
12409,2020,BEV,1,2026-07-31
12409,2021,BEV,7,2026-07-31
12409,2021,PHEV,2,2026-07-31
12409,2022,BEV,11,2026-07-31
12409,2022,PHEV,2,2026-07-31
12409,2023,BEV,8,2026-07-31
12409,2023,PHEV,3,2026-07-31
12409,2024,BEV,3,2026-07-31
12409,2024,PHEV,1,2026-07-31
12409,2025,BEV,4,2026-07-31
12409,2025,PHEV,4,2026-07-31
12410,2019,PHEV,1,2026-07-31
12410,2021,BEV,1,2026-07-31
12410,2022,BEV,2,2026-07-31
12410,2023,BEV,2,2026-07-31
12410,2024,BEV,1,2026-07-31
12410,2026,BEV,1,2026-07-31
12410,2026,PHEV,1,2026-07-31
12411,2021,BEV,1,2026-07-31
12411,2021,PHEV,1,2026-07-31
12411,2022,BEV,3,2026-07-31
12411,2025,BEV,1,2026-07-31
12411,2025,PHEV,2,2026-07-31
12412,2017,PHEV,1,2026-07-31
12412,2018,BEV,1,2026-07-31
12412,2020,BEV,1,2026-07-31
12412,2021,BEV,1,2026-07-31
12412,2022,BEV,1,2026-07-31
12412,2023,BEV,3,2026-07-31
12412,2023,PHEV,3,2026-07-31
12412,2024,BEV,2,2026-07-31
12412,2024,PHEV,1,2026-07-31
12412,2025,BEV,2,2026-07-31
12412,2025,PHEV,1,2026-07-31
12412,2026,PHEV,1,2026-07-31
12413,2019,PHEV,2,2026-07-31
12413,2020,BEV,1,2026-07-31
12413,2021,BEV,1,2026-07-31
12413,2022,BEV,1,2026-07-31
12413,2022,PHEV,3,2026-07-31
12413,2023,BEV,1,2026-07-31
12413,2023,PHEV,2,2026-07-31
12413,2024,BEV,1,2026-07-31
12413,2025,BEV,7,2026-07-31
12413,2025,PHEV,1,2026-07-31
12414,2017,BEV,2,2026-07-31
12414,2017,PHEV,3,2026-07-31
12414,2018,PHEV,1,2026-07-31
12414,2019,BEV,4,2026-07-31
12414,2019,PHEV,1,2026-07-31
12414,2020,BEV,5,2026-07-31
12414,2020,PHEV,3,2026-07-31
12414,2021,BEV,4,2026-07-31
12414,2021,PHEV,7,2026-07-31
12414,2022,BEV,13,2026-07-31
12414,2022,PHEV,5,2026-07-31
12414,2023,BEV,13,2026-07-31
12414,2023,PHEV,4,2026-07-31
12414,2024,BEV,6,2026-07-31
12414,2024,PHEV,4,2026-07-31
12414,2025,BEV,11,2026-07-31
12414,2025,PHEV,4,2026-07-31
12414,2026,BEV,1,2026-07-31
12414,2026,PHEV,1,2026-07-31
12416,2018,PHEV,2,2026-07-31
12416,2024,BEV,1,2026-07-31
12416,2025,BEV,1,2026-07-31
12417,2018,PHEV,1,2026-07-31
12418,2017,PHEV,1,2026-07-31
12418,2022,PHEV,2,2026-07-31
12418,2023,BEV,1,2026-07-31
12418,2023,PHEV,1,2026-07-31
12418,2025,BEV,1,2026-07-31
12418,2026,BEV,1,2026-07-31
12419,2017,PHEV,1,2026-07-31
12419,2019,BEV,3,2026-07-31
12419,2019,PHEV,3,2026-07-31
12419,2021,BEV,2,2026-07-31
12419,2021,PHEV,2,2026-07-31
12419,2022,BEV,1,2026-07-31
12419,2023,BEV,2,2026-07-31
12419,2023,PHEV,1,2026-07-31
12419,2024,BEV,6,2026-07-31
12419,2024,PHEV,2,2026-07-31
12419,2025,BEV,1,2026-07-31
12419,2025,PHEV,1,2026-07-31
12419,2026,BEV,1,2026-07-31
12421,2021,PHEV,2,2026-07-31
12421,2022,PHEV,1,2026-07-31
12421,2023,BEV,1,2026-07-31
12421,2024,BEV,2,2026-07-31
12421,2024,PHEV,1,2026-07-31
12421,2026,PHEV,1,2026-07-31
12422,2022,BEV,1,2026-07-31
12422,2023,BEV,1,2026-07-31
12422,2023,PHEV,1,2026-07-31
12422,2024,PHEV,1,2026-07-31
12422,2026,PHEV,1,2026-07-31
12423,2019,PHEV,1,2026-07-31
12423,2020,BEV,2,2026-07-31
12423,2022,BEV,2,2026-07-31
12423,2023,BEV,1,2026-07-31
12423,2024,BEV,1,2026-07-31
12423,2024,PHEV,1,2026-07-31
12423,2025,BEV,6,2026-07-31
12424,2017,BEV,1,2026-07-31
12424,2018,PHEV,1,2026-07-31
12424,2020,BEV,1,2026-07-31
12424,2022,BEV,1,2026-07-31
12424,2023,BEV,1,2026-07-31
12424,2024,BEV,1,2026-07-31
12424,2024,PHEV,2,2026-07-31
12424,2025,PHEV,1,2026-07-31
12427,2021,BEV,1,2026-07-31
12427,2021,PHEV,2,2026-07-31
12427,2023,BEV,3,2026-07-31
12427,2024,PHEV,1,2026-07-31
12427,2025,PHEV,1,2026-07-31
12427,2026,BEV,1,2026-07-31
12428,2018,BEV,1,2026-07-31
12428,2018,PHEV,1,2026-07-31
12428,2019,BEV,2,2026-07-31
12428,2020,BEV,2,2026-07-31
12428,2020,PHEV,1,2026-07-31
12428,2021,BEV,1,2026-07-31
12428,2021,PHEV,4,2026-07-31
12428,2022,BEV,4,2026-07-31
12428,2022,PHEV,4,2026-07-31
12428,2023,BEV,5,2026-07-31
12428,2023,PHEV,3,2026-07-31
12428,2024,BEV,8,2026-07-31
12428,2024,PHEV,3,2026-07-31
12428,2025,BEV,5,2026-07-31
12428,2025,PHEV,3,2026-07-31
12428,2026,BEV,6,2026-07-31
12428,2026,PHEV,1,2026-07-31
12429,2026,BEV,1,2026-07-31
12430,2021,PHEV,2,2026-07-31
12430,2022,BEV,2,2026-07-31
12430,2022,PHEV,1,2026-07-31
12430,2023,BEV,3,2026-07-31
12430,2024,BEV,1,2026-07-31
12430,2024,PHEV,1,2026-07-31
12430,2025,BEV,1,2026-07-31
12430,2025,PHEV,1,2026-07-31
12431,2019,BEV,1,2026-07-31
12431,2019,PHEV,2,2026-07-31
12431,2021,BEV,2,2026-07-31
12431,2021,PHEV,1,2026-07-31
12431,2022,BEV,1,2026-07-31
12431,2022,PHEV,4,2026-07-31
12431,2023,BEV,2,2026-07-31
12431,2024,BEV,1,2026-07-31
12431,2024,PHEV,1,2026-07-31
12431,2025,BEV,2,2026-07-31
12431,2026,BEV,2,2026-07-31
12433,2017,PHEV,1,2026-07-31
12433,2019,BEV,1,2026-07-31
12433,2020,BEV,1,2026-07-31
12433,2021,BEV,1,2026-07-31
12433,2021,PHEV,5,2026-07-31
12433,2022,BEV,3,2026-07-31
12433,2023,BEV,1,2026-07-31
12433,2023,PHEV,1,2026-07-31
12433,2024,BEV,1,2026-07-31
12433,2024,PHEV,1,2026-07-31
12433,2025,BEV,1,2026-07-31
12433,2026,BEV,1,2026-07-31
12435,2018,PHEV,1,2026-07-31
12435,2023,PHEV,1,2026-07-31
12435,2024,PHEV,1,2026-07-31
12435,2025,BEV,1,2026-07-31
12439,2025,BEV,1,2026-07-31
12439,2026,BEV,1,2026-07-31
12440,2017,PHEV,2,2026-07-31
12440,2018,PHEV,1,2026-07-31
12440,2019,BEV,1,2026-07-31
12440,2019,PHEV,1,2026-07-31
12440,2020,BEV,3,2026-07-31
12440,2021,BEV,3,2026-07-31
12440,2021,PHEV,4,2026-07-31
12440,2022,BEV,8,2026-07-31
12440,2022,PHEV,3,2026-07-31
12440,2023,BEV,4,2026-07-31
12440,2023,PHEV,2,2026-07-31
12440,2024,BEV,5,2026-07-31
12440,2024,PHEV,9,2026-07-31
12440,2025,BEV,6,2026-07-31
12440,2025,PHEV,4,2026-07-31
12440,2026,BEV,2,2026-07-31
12441,2021,PHEV,1,2026-07-31
12441,2022,BEV,1,2026-07-31
12441,2025,BEV,1,2026-07-31
12442,2020,BEV,1,2026-07-31
12442,2021,BEV,1,2026-07-31
12442,2023,BEV,1,2026-07-31
12442,2024,BEV,2,2026-07-31
12442,2024,PHEV,1,2026-07-31
12442,2025,BEV,3,2026-07-31
12442,2025,PHEV,1,2026-07-31
12442,2026,BEV,1,2026-07-31
12443,2017,PHEV,4,2026-07-31
12443,2018,BEV,1,2026-07-31
12443,2018,PHEV,6,2026-07-31
12443,2019,PHEV,2,2026-07-31
12443,2020,BEV,3,2026-07-31
12443,2020,PHEV,4,2026-07-31
12443,2021,BEV,4,2026-07-31
12443,2021,PHEV,7,2026-07-31
12443,2022,BEV,2,2026-07-31
12443,2022,PHEV,5,2026-07-31
12443,2023,BEV,4,2026-07-31
12443,2023,PHEV,6,2026-07-31
12443,2024,BEV,1,2026-07-31
12443,2024,PHEV,4,2026-07-31
12443,2025,BEV,9,2026-07-31
12443,2025,PHEV,2,2026-07-31
12443,2026,BEV,5,2026-07-31
12443,2026,PHEV,2,2026-07-31
12444,2019,PHEV,1,2026-07-31
12444,2021,BEV,1,2026-07-31
12444,2022,PHEV,1,2026-07-31
12444,2023,BEV,2,2026-07-31
12444,2024,PHEV,1,2026-07-31
12444,2025,BEV,3,2026-07-31
12444,2026,PHEV,1,2026-07-31
12446,2017,BEV,1,2026-07-31
12446,2017,PHEV,2,2026-07-31
12446,2018,BEV,2,2026-07-31
12446,2018,PHEV,3,2026-07-31
12446,2019,BEV,2,2026-07-31
12446,2019,PHEV,2,2026-07-31
12446,2020,BEV,3,2026-07-31
12446,2021,BEV,6,2026-07-31
12446,2021,PHEV,4,2026-07-31
12446,2022,BEV,7,2026-07-31
12446,2022,PHEV,5,2026-07-31
12446,2023,BEV,6,2026-07-31
12446,2023,PHEV,4,2026-07-31
12446,2024,BEV,8,2026-07-31
12446,2024,PHEV,5,2026-07-31
12446,2025,BEV,9,2026-07-31
12446,2025,PHEV,4,2026-07-31
12446,2026,BEV,4,2026-07-31
12446,2026,PHEV,1,2026-07-31
12448,2021,BEV,2,2026-07-31
12448,2022,BEV,2,2026-07-31
12448,2024,BEV,1,2026-07-31
12448,2024,PHEV,1,2026-07-31
12448,2025,BEV,5,2026-07-31
12449,2017,PHEV,2,2026-07-31
12449,2018,BEV,1,2026-07-31
12449,2018,PHEV,1,2026-07-31
12449,2019,BEV,1,2026-07-31
12449,2020,BEV,1,2026-07-31
12449,2020,PHEV,1,2026-07-31
12449,2021,BEV,4,2026-07-31
12449,2021,PHEV,2,2026-07-31
12449,2022,BEV,3,2026-07-31
12449,2022,PHEV,2,2026-07-31
12449,2023,BEV,7,2026-07-31
12449,2024,BEV,3,2026-07-31
12449,2024,PHEV,11,2026-07-31
12449,2025,BEV,4,2026-07-31
12449,2025,PHEV,1,2026-07-31
12449,2026,BEV,3,2026-07-31
12450,2019,BEV,1,2026-07-31
12450,2022,BEV,1,2026-07-31
12450,2023,BEV,1,2026-07-31
12450,2024,BEV,1,2026-07-31
12451,2018,PHEV,1,2026-07-31
12451,2021,PHEV,1,2026-07-31
12451,2022,BEV,1,2026-07-31
12451,2023,PHEV,2,2026-07-31
12451,2024,BEV,1,2026-07-31
12451,2024,PHEV,2,2026-07-31
12451,2025,BEV,1,2026-07-31
12451,2025,PHEV,2,2026-07-31
12451,2026,BEV,1,2026-07-31
12453,2022,BEV,1,2026-07-31
12454,2021,PHEV,2,2026-07-31
12454,2023,BEV,1,2026-07-31
12454,2024,BEV,1,2026-07-31
12455,2017,PHEV,1,2026-07-31
12455,2018,PHEV,1,2026-07-31
12455,2020,BEV,1,2026-07-31
12455,2021,BEV,2,2026-07-31
12455,2021,PHEV,2,2026-07-31
12455,2022,BEV,2,2026-07-31
12455,2022,PHEV,3,2026-07-31
12455,2023,BEV,4,2026-07-31
12455,2024,BEV,5,2026-07-31
12455,2025,BEV,1,2026-07-31
12455,2026,BEV,1,2026-07-31
12457,2017,BEV,1,2026-07-31
12457,2017,PHEV,1,2026-07-31
12457,2018,PHEV,1,2026-07-31
12457,2019,BEV,1,2026-07-31
12457,2020,BEV,2,2026-07-31
12457,2020,PHEV,1,2026-07-31
12457,2021,PHEV,2,2026-07-31
12457,2022,BEV,5,2026-07-31
12457,2022,PHEV,2,2026-07-31
12457,2023,BEV,2,2026-07-31
12457,2023,PHEV,1,2026-07-31
12457,2024,BEV,5,2026-07-31
12457,2024,PHEV,2,2026-07-31
12457,2025,BEV,3,2026-07-31
12457,2025,PHEV,2,2026-07-31
12458,2018,PHEV,2,2026-07-31
12458,2021,BEV,2,2026-07-31
12458,2022,BEV,1,2026-07-31
12458,2023,BEV,1,2026-07-31
12458,2024,BEV,2,2026-07-31
12458,2025,BEV,2,2026-07-31
12458,2026,BEV,1,2026-07-31
12459,2022,BEV,1,2026-07-31
12459,2026,BEV,1,2026-07-31
12460,2022,BEV,1,2026-07-31
12460,2026,BEV,1,2026-07-31
12461,2017,PHEV,2,2026-07-31
12461,2018,BEV,1,2026-07-31
12461,2019,BEV,1,2026-07-31
12461,2020,BEV,3,2026-07-31
12461,2020,PHEV,1,2026-07-31
12461,2021,BEV,2,2026-07-31
12461,2021,PHEV,4,2026-07-31
12461,2022,BEV,4,2026-07-31
12461,2022,PHEV,4,2026-07-31
12461,2023,BEV,7,2026-07-31
12461,2024,BEV,3,2026-07-31
12461,2024,PHEV,1,2026-07-31
12461,2025,BEV,5,2026-07-31
12461,2025,PHEV,2,2026-07-31
12463,2017,BEV,2,2026-07-31
12463,2021,BEV,1,2026-07-31
12463,2021,PHEV,4,2026-07-31
12463,2022,BEV,3,2026-07-31
12463,2022,PHEV,1,2026-07-31
12463,2023,PHEV,5,2026-07-31
12463,2025,BEV,2,2026-07-31
12463,2025,PHEV,1,2026-07-31
12463,2026,BEV,3,2026-07-31
12464,2017,BEV,1,2026-07-31
12464,2017,PHEV,1,2026-07-31
12464,2020,BEV,1,2026-07-31
12464,2021,BEV,1,2026-07-31
12464,2021,PHEV,2,2026-07-31
12464,2022,BEV,2,2026-07-31
12464,2022,PHEV,1,2026-07-31
12464,2023,BEV,2,2026-07-31
12464,2023,PHEV,6,2026-07-31
12464,2024,BEV,3,2026-07-31
12464,2024,PHEV,3,2026-07-31
12464,2025,BEV,4,2026-07-31
12464,2025,PHEV,1,2026-07-31
12465,2022,PHEV,1,2026-07-31
12465,2024,PHEV,1,2026-07-31
12465,2025,PHEV,1,2026-07-31
12466,2017,PHEV,1,2026-07-31
12466,2018,PHEV,1,2026-07-31
12466,2020,BEV,3,2026-07-31
12466,2021,BEV,3,2026-07-31
12466,2021,PHEV,4,2026-07-31
12466,2022,PHEV,2,2026-07-31
12466,2023,BEV,4,2026-07-31
12466,2023,PHEV,3,2026-07-31
12466,2024,BEV,1,2026-07-31
12466,2024,PHEV,1,2026-07-31
12466,2025,BEV,6,2026-07-31
12466,2025,PHEV,1,2026-07-31
12468,2019,PHEV,1,2026-07-31
12468,2022,BEV,2,2026-07-31
12468,2022,PHEV,1,2026-07-31
12468,2025,BEV,1,2026-07-31
12468,2025,PHEV,1,2026-07-31
12468,2026,BEV,2,2026-07-31
12469,2019,BEV,1,2026-07-31
12469,2020,BEV,1,2026-07-31
12469,2021,BEV,2,2026-07-31
12469,2021,PHEV,1,2026-07-31
12469,2022,BEV,1,2026-07-31
12469,2024,BEV,2,2026-07-31
12469,2026,BEV,1,2026-07-31
12470,2021,PHEV,1,2026-07-31
12470,2023,BEV,1,2026-07-31
12470,2023,PHEV,1,2026-07-31
12470,2025,PHEV,1,2026-07-31
12471,2021,BEV,1,2026-07-31
12472,2017,BEV,4,2026-07-31
12472,2017,PHEV,1,2026-07-31
12472,2018,BEV,1,2026-07-31
12472,2018,PHEV,1,2026-07-31
12472,2019,PHEV,1,2026-07-31
12472,2020,PHEV,1,2026-07-31
12472,2021,PHEV,4,2026-07-31
12472,2022,PHEV,2,2026-07-31
12472,2023,BEV,3,2026-07-31
12472,2023,PHEV,1,2026-07-31
12472,2024,BEV,3,2026-07-31
12472,2024,PHEV,1,2026-07-31
12472,2025,BEV,1,2026-07-31
12472,2026,BEV,2,2026-07-31
12473,2018,PHEV,2,2026-07-31
12473,2019,PHEV,1,2026-07-31
12473,2021,PHEV,1,2026-07-31
12473,2022,BEV,1,2026-07-31
12473,2022,PHEV,2,2026-07-31
12473,2023,BEV,1,2026-07-31
12473,2023,PHEV,1,2026-07-31
12473,2024,BEV,2,2026-07-31
12473,2024,PHEV,2,2026-07-31
12473,2025,BEV,1,2026-07-31
12473,2025,PHEV,2,2026-07-31
12474,2018,BEV,1,2026-07-31
12474,2018,PHEV,1,2026-07-31
12474,2020,BEV,1,2026-07-31
12474,2023,BEV,1,2026-07-31
12474,2024,BEV,3,2026-07-31
12474,2025,BEV,2,2026-07-31
12474,2026,BEV,1,2026-07-31
12475,2024,PHEV,2,2026-07-31
12477,2017,BEV,4,2026-07-31
12477,2017,PHEV,9,2026-07-31
12477,2018,BEV,4,2026-07-31
12477,2018,PHEV,9,2026-07-31
12477,2019,BEV,11,2026-07-31
12477,2019,PHEV,2,2026-07-31
12477,2020,BEV,11,2026-07-31
12477,2020,PHEV,5,2026-07-31
12477,2021,BEV,16,2026-07-31
12477,2021,PHEV,13,2026-07-31
12477,2022,BEV,30,2026-07-31
12477,2022,PHEV,11,2026-07-31
12477,2023,BEV,33,2026-07-31
12477,2023,PHEV,11,2026-07-31
12477,2024,BEV,45,2026-07-31
12477,2024,PHEV,30,2026-07-31
12477,2025,BEV,39,2026-07-31
12477,2025,PHEV,16,2026-07-31
12477,2026,BEV,15,2026-07-31
12477,2026,PHEV,4,2026-07-31
12480,2019,BEV,1,2026-07-31
12480,2020,BEV,2,2026-07-31
12480,2020,PHEV,1,2026-07-31
12480,2023,BEV,2,2026-07-31
12480,2023,PHEV,1,2026-07-31
12480,2024,BEV,1,2026-07-31
12480,2025,BEV,2,2026-07-31
12481,2017,PHEV,2,2026-07-31
12481,2018,PHEV,2,2026-07-31
12481,2019,BEV,1,2026-07-31
12481,2019,PHEV,1,2026-07-31
12481,2020,BEV,2,2026-07-31
12481,2020,PHEV,3,2026-07-31
12481,2021,BEV,1,2026-07-31
12481,2022,BEV,4,2026-07-31
12481,2023,BEV,2,2026-07-31
12481,2023,PHEV,1,2026-07-31
12481,2024,BEV,2,2026-07-31
12481,2024,PHEV,1,2026-07-31
12481,2025,BEV,4,2026-07-31
12481,2025,PHEV,2,2026-07-31
12481,2026,BEV,1,2026-07-31
12482,2020,PHEV,1,2026-07-31
12482,2022,PHEV,1,2026-07-31
12482,2024,BEV,2,2026-07-31
12483,2023,PHEV,1,2026-07-31
12484,2017,BEV,2,2026-07-31
12484,2017,PHEV,1,2026-07-31
12484,2018,BEV,1,2026-07-31
12484,2018,PHEV,1,2026-07-31
12484,2019,BEV,1,2026-07-31
12484,2019,PHEV,1,2026-07-31
12484,2020,BEV,5,2026-07-31
12484,2020,PHEV,1,2026-07-31
12484,2021,BEV,12,2026-07-31
12484,2021,PHEV,9,2026-07-31
12484,2022,BEV,10,2026-07-31
12484,2022,PHEV,4,2026-07-31
12484,2023,BEV,9,2026-07-31
12484,2023,PHEV,7,2026-07-31
12484,2024,BEV,12,2026-07-31
12484,2024,PHEV,4,2026-07-31
12484,2025,BEV,11,2026-07-31
12484,2025,PHEV,2,2026-07-31
12484,2026,BEV,4,2026-07-31
12484,2026,PHEV,2,2026-07-31
12485,2019,PHEV,1,2026-07-31
12485,2021,BEV,1,2026-07-31
12485,2022,PHEV,1,2026-07-31
12485,2023,BEV,3,2026-07-31
12485,2023,PHEV,1,2026-07-31
12485,2024,BEV,1,2026-07-31
12485,2024,PHEV,2,2026-07-31
12485,2025,BEV,8,2026-07-31
12485,2025,PHEV,2,2026-07-31
12485,2026,BEV,1,2026-07-31
12486,2018,PHEV,1,2026-07-31
12486,2019,BEV,1,2026-07-31
12486,2019,PHEV,1,2026-07-31
12486,2020,BEV,1,2026-07-31
12486,2020,PHEV,1,2026-07-31
12486,2021,BEV,2,2026-07-31
12486,2021,PHEV,1,2026-07-31
12486,2022,BEV,2,2026-07-31
12486,2022,PHEV,1,2026-07-31
12486,2023,BEV,1,2026-07-31
12486,2023,PHEV,2,2026-07-31
12486,2025,BEV,3,2026-07-31
12487,2017,BEV,1,2026-07-31
12487,2017,PHEV,1,2026-07-31
12487,2018,PHEV,3,2026-07-31
12487,2019,BEV,1,2026-07-31
12487,2020,PHEV,4,2026-07-31
12487,2021,BEV,4,2026-07-31
12487,2021,PHEV,3,2026-07-31
12487,2022,BEV,5,2026-07-31
12487,2022,PHEV,2,2026-07-31
12487,2023,BEV,10,2026-07-31
12487,2023,PHEV,4,2026-07-31
12487,2024,BEV,6,2026-07-31
12487,2024,PHEV,1,2026-07-31
12487,2025,BEV,4,2026-07-31
12487,2025,PHEV,2,2026-07-31
12487,2026,BEV,3,2026-07-31
12491,2017,PHEV,1,2026-07-31
12491,2018,BEV,1,2026-07-31
12491,2018,PHEV,1,2026-07-31
12491,2019,BEV,3,2026-07-31
12491,2019,PHEV,1,2026-07-31
12491,2020,BEV,4,2026-07-31
12491,2021,BEV,3,2026-07-31
12491,2021,PHEV,2,2026-07-31
12491,2022,BEV,4,2026-07-31
12491,2022,PHEV,1,2026-07-31
12491,2023,BEV,8,2026-07-31
12491,2023,PHEV,5,2026-07-31
12491,2024,BEV,4,2026-07-31
12491,2024,PHEV,3,2026-07-31
12491,2025,BEV,4,2026-07-31
12491,2025,PHEV,1,2026-07-31
12491,2026,BEV,1,2026-07-31
12492,2019,PHEV,1,2026-07-31
12492,2021,BEV,1,2026-07-31
12492,2022,PHEV,1,2026-07-31
12492,2023,BEV,1,2026-07-31
12492,2023,PHEV,1,2026-07-31
12493,2017,BEV,1,2026-07-31
12493,2020,PHEV,2,2026-07-31
12493,2022,BEV,2,2026-07-31
12493,2024,BEV,1,2026-07-31
12493,2025,PHEV,1,2026-07-31
12494,2018,PHEV,1,2026-07-31
12494,2021,BEV,3,2026-07-31
12494,2021,PHEV,2,2026-07-31
12494,2022,BEV,3,2026-07-31
12494,2022,PHEV,2,2026-07-31
12494,2023,PHEV,2,2026-07-31
12494,2024,BEV,3,2026-07-31
12494,2024,PHEV,3,2026-07-31
12494,2025,BEV,5,2026-07-31
12495,2018,BEV,1,2026-07-31
12495,2021,PHEV,1,2026-07-31
12495,2022,BEV,3,2026-07-31
12495,2023,BEV,1,2026-07-31
12495,2024,BEV,1,2026-07-31
12495,2025,BEV,2,2026-07-31
12495,2026,BEV,1,2026-07-31
12496,2017,BEV,1,2026-07-31
12496,2019,PHEV,1,2026-07-31
12496,2020,BEV,1,2026-07-31
12496,2022,BEV,2,2026-07-31
12496,2022,PHEV,2,2026-07-31
12496,2023,BEV,3,2026-07-31
12496,2023,PHEV,3,2026-07-31
12496,2024,BEV,2,2026-07-31
12496,2024,PHEV,1,2026-07-31
12496,2025,BEV,1,2026-07-31
12498,2017,BEV,4,2026-07-31
12498,2017,PHEV,4,2026-07-31
12498,2018,BEV,4,2026-07-31
12498,2018,PHEV,6,2026-07-31
12498,2019,BEV,4,2026-07-31
12498,2019,PHEV,6,2026-07-31
12498,2020,BEV,12,2026-07-31
12498,2020,PHEV,2,2026-07-31
12498,2021,BEV,19,2026-07-31
12498,2021,PHEV,10,2026-07-31
12498,2022,BEV,19,2026-07-31
12498,2022,PHEV,13,2026-07-31
12498,2023,BEV,22,2026-07-31
12498,2023,PHEV,8,2026-07-31
12498,2024,BEV,18,2026-07-31
12498,2024,PHEV,13,2026-07-31
12498,2025,BEV,22,2026-07-31
12498,2025,PHEV,6,2026-07-31
12498,2026,BEV,6,2026-07-31
12498,2026,PHEV,3,2026-07-31
12501,2018,BEV,1,2026-07-31
12501,2019,BEV,1,2026-07-31
12501,2020,BEV,6,2026-07-31
12501,2021,BEV,1,2026-07-31
12501,2022,BEV,6,2026-07-31
12501,2023,BEV,4,2026-07-31
12501,2023,PHEV,1,2026-07-31
12501,2024,BEV,4,2026-07-31
12501,2025,BEV,8,2026-07-31
12501,2025,PHEV,1,2026-07-31
12501,2026,BEV,1,2026-07-31
12502,2018,PHEV,1,2026-07-31
12502,2019,BEV,1,2026-07-31
12502,2021,BEV,3,2026-07-31
12502,2021,PHEV,1,2026-07-31
12502,2022,BEV,4,2026-07-31
12502,2023,BEV,9,2026-07-31
12502,2023,PHEV,2,2026-07-31
12502,2024,BEV,3,2026-07-31
12502,2024,PHEV,3,2026-07-31
12502,2025,BEV,7,2026-07-31
12502,2025,PHEV,2,2026-07-31
12502,2026,PHEV,1,2026-07-31
12503,2021,BEV,1,2026-07-31
12503,2021,PHEV,2,2026-07-31
12503,2022,BEV,1,2026-07-31
12503,2023,BEV,1,2026-07-31
12503,2023,PHEV,1,2026-07-31
12503,2024,BEV,7,2026-07-31
12503,2025,PHEV,1,2026-07-31
12503,2026,BEV,2,2026-07-31
12504,2017,BEV,1,2026-07-31
12507,2018,PHEV,2,2026-07-31
12507,2020,BEV,1,2026-07-31
12507,2021,BEV,1,2026-07-31
12507,2021,PHEV,1,2026-07-31
12507,2023,BEV,1,2026-07-31
12507,2024,BEV,1,2026-07-31
12507,2024,PHEV,1,2026-07-31
12507,2025,BEV,1,2026-07-31
12508,2017,BEV,5,2026-07-31
12508,2017,PHEV,8,2026-07-31
12508,2018,PHEV,7,2026-07-31
12508,2019,BEV,5,2026-07-31
12508,2019,PHEV,8,2026-07-31
12508,2020,BEV,10,2026-07-31
12508,2020,PHEV,6,2026-07-31
12508,2021,BEV,24,2026-07-31
12508,2021,PHEV,24,2026-07-31
12508,2022,BEV,24,2026-07-31
12508,2022,PHEV,11,2026-07-31
12508,2023,BEV,37,2026-07-31
12508,2023,PHEV,13,2026-07-31
12508,2024,BEV,24,2026-07-31
12508,2024,PHEV,15,2026-07-31
12508,2025,BEV,46,2026-07-31
12508,2025,PHEV,13,2026-07-31
12508,2026,BEV,23,2026-07-31
12508,2026,PHEV,3,2026-07-31
12512,2020,PHEV,1,2026-07-31
12512,2021,BEV,1,2026-07-31
12512,2022,PHEV,1,2026-07-31
12512,2023,BEV,1,2026-07-31
12512,2025,BEV,1,2026-07-31
12513,2021,BEV,1,2026-07-31
12513,2021,PHEV,3,2026-07-31
12513,2022,BEV,1,2026-07-31
12513,2023,BEV,2,2026-07-31
12513,2024,BEV,3,2026-07-31
12513,2025,BEV,1,2026-07-31
12513,2026,BEV,1,2026-07-31
12514,2017,PHEV,2,2026-07-31
12514,2018,PHEV,2,2026-07-31
12514,2019,BEV,2,2026-07-31
12514,2019,PHEV,2,2026-07-31
12514,2020,BEV,1,2026-07-31
12514,2021,BEV,3,2026-07-31
12514,2021,PHEV,5,2026-07-31
12514,2022,BEV,6,2026-07-31
12514,2022,PHEV,3,2026-07-31
12514,2023,BEV,11,2026-07-31
12514,2023,PHEV,6,2026-07-31
12514,2024,BEV,8,2026-07-31
12514,2024,PHEV,8,2026-07-31
12514,2025,BEV,13,2026-07-31
12514,2025,PHEV,2,2026-07-31
12514,2026,BEV,2,2026-07-31
12515,2018,BEV,1,2026-07-31
12515,2018,PHEV,1,2026-07-31
12515,2020,PHEV,1,2026-07-31
12515,2021,BEV,1,2026-07-31
12515,2021,PHEV,2,2026-07-31
12515,2022,PHEV,2,2026-07-31
12515,2023,BEV,5,2026-07-31
12515,2024,BEV,1,2026-07-31
12515,2025,BEV,2,2026-07-31
12516,2019,BEV,1,2026-07-31
12516,2020,BEV,1,2026-07-31
12516,2021,BEV,1,2026-07-31
12516,2021,PHEV,2,2026-07-31
12516,2022,PHEV,1,2026-07-31
12516,2023,BEV,4,2026-07-31
12516,2023,PHEV,3,2026-07-31
12516,2024,BEV,2,2026-07-31
12516,2024,PHEV,1,2026-07-31
12516,2025,BEV,3,2026-07-31
12516,2025,PHEV,2,2026-07-31
12516,2026,BEV,3,2026-07-31
12517,2017,PHEV,1,2026-07-31
12517,2020,BEV,1,2026-07-31
12517,2022,BEV,1,2026-07-31
12517,2023,BEV,2,2026-07-31
12517,2023,PHEV,1,2026-07-31
12517,2024,BEV,1,2026-07-31
12517,2025,PHEV,1,2026-07-31
12518,2017,BEV,1,2026-07-31
12518,2017,PHEV,4,2026-07-31
12518,2018,BEV,2,2026-07-31
12518,2019,BEV,3,2026-07-31
12518,2020,BEV,5,2026-07-31
12518,2020,PHEV,5,2026-07-31
12518,2021,BEV,7,2026-07-31
12518,2021,PHEV,3,2026-07-31
12518,2022,BEV,10,2026-07-31
12518,2023,BEV,13,2026-07-31
12518,2023,PHEV,3,2026-07-31
12518,2024,BEV,11,2026-07-31
12518,2024,PHEV,4,2026-07-31
12518,2025,BEV,13,2026-07-31
12518,2025,PHEV,2,2026-07-31
12518,2026,BEV,3,2026-07-31
12518,2026,PHEV,1,2026-07-31
12520,2017,BEV,2,2026-07-31
12520,2018,PHEV,2,2026-07-31
12520,2019,BEV,2,2026-07-31
12520,2019,PHEV,1,2026-07-31
12520,2020,BEV,2,2026-07-31
12520,2020,PHEV,1,2026-07-31
12520,2021,BEV,6,2026-07-31
12520,2021,PHEV,3,2026-07-31
12520,2022,BEV,9,2026-07-31
12520,2022,PHEV,5,2026-07-31
12520,2023,BEV,10,2026-07-31
12520,2023,PHEV,5,2026-07-31
12520,2024,BEV,6,2026-07-31
12520,2024,PHEV,2,2026-07-31
12520,2025,BEV,6,2026-07-31
12520,2025,PHEV,2,2026-07-31
12520,2026,BEV,3,2026-07-31
12520,2026,PHEV,1,2026-07-31
12521,2017,BEV,1,2026-07-31
12521,2018,PHEV,1,2026-07-31
12521,2019,BEV,1,2026-07-31
12521,2020,BEV,3,2026-07-31
12521,2020,PHEV,2,2026-07-31
12521,2021,BEV,1,2026-07-31
12521,2022,BEV,4,2026-07-31
12521,2023,BEV,3,2026-07-31
12521,2024,BEV,3,2026-07-31
12521,2024,PHEV,2,2026-07-31
12521,2025,BEV,3,2026-07-31
12521,2025,PHEV,2,2026-07-31
12522,2017,PHEV,1,2026-07-31
12522,2018,BEV,1,2026-07-31
12522,2019,BEV,1,2026-07-31
12522,2020,PHEV,1,2026-07-31
12522,2021,PHEV,2,2026-07-31
12522,2022,BEV,1,2026-07-31
12522,2022,PHEV,1,2026-07-31
12522,2023,BEV,7,2026-07-31
12522,2023,PHEV,2,2026-07-31
12522,2024,BEV,4,2026-07-31
12522,2025,BEV,6,2026-07-31
12522,2026,BEV,1,2026-07-31
12522,2026,PHEV,2,2026-07-31
12523,2018,PHEV,1,2026-07-31
12523,2019,BEV,1,2026-07-31
12523,2021,PHEV,1,2026-07-31
12523,2022,BEV,3,2026-07-31
12523,2022,PHEV,2,2026-07-31
12523,2023,BEV,5,2026-07-31
12523,2023,PHEV,2,2026-07-31
12523,2024,BEV,2,2026-07-31
12523,2024,PHEV,2,2026-07-31
12523,2025,PHEV,3,2026-07-31
12524,2017,BEV,1,2026-07-31
12524,2017,PHEV,3,2026-07-31
12524,2018,BEV,2,2026-07-31
12524,2018,PHEV,8,2026-07-31
12524,2019,BEV,1,2026-07-31
12524,2019,PHEV,1,2026-07-31
12524,2020,BEV,11,2026-07-31
12524,2020,PHEV,5,2026-07-31
12524,2021,BEV,15,2026-07-31
12524,2021,PHEV,6,2026-07-31
12524,2022,BEV,21,2026-07-31
12524,2022,PHEV,8,2026-07-31
12524,2023,BEV,26,2026-07-31
12524,2023,PHEV,9,2026-07-31
12524,2024,BEV,27,2026-07-31
12524,2024,PHEV,13,2026-07-31
12524,2025,BEV,52,2026-07-31
12524,2025,PHEV,9,2026-07-31
12524,2026,BEV,13,2026-07-31
12524,2026,PHEV,3,2026-07-31
12525,2017,BEV,1,2026-07-31
12525,2017,PHEV,1,2026-07-31
12525,2018,BEV,2,2026-07-31
12525,2018,PHEV,4,2026-07-31
12525,2019,BEV,5,2026-07-31
12525,2019,PHEV,1,2026-07-31
12525,2020,BEV,9,2026-07-31
12525,2021,BEV,4,2026-07-31
12525,2021,PHEV,4,2026-07-31
12525,2022,BEV,10,2026-07-31
12525,2022,PHEV,2,2026-07-31
12525,2023,BEV,10,2026-07-31
12525,2023,PHEV,2,2026-07-31
12525,2024,BEV,11,2026-07-31
12525,2024,PHEV,2,2026-07-31
12525,2025,BEV,5,2026-07-31
12525,2025,PHEV,2,2026-07-31
12525,2026,BEV,4,2026-07-31
12525,2026,PHEV,2,2026-07-31
12526,2017,BEV,1,2026-07-31
12526,2017,PHEV,2,2026-07-31
12526,2018,BEV,1,2026-07-31
12526,2018,PHEV,3,2026-07-31
12526,2019,BEV,6,2026-07-31
12526,2020,BEV,11,2026-07-31
12526,2020,PHEV,2,2026-07-31
12526,2021,BEV,9,2026-07-31
12526,2021,PHEV,7,2026-07-31
12526,2022,BEV,10,2026-07-31
12526,2022,PHEV,3,2026-07-31
12526,2023,BEV,12,2026-07-31
12526,2023,PHEV,5,2026-07-31
12526,2024,BEV,19,2026-07-31
12526,2024,PHEV,7,2026-07-31
12526,2025,BEV,13,2026-07-31
12526,2025,PHEV,5,2026-07-31
12526,2026,BEV,6,2026-07-31
12527,2025,PHEV,1,2026-07-31
12528,2017,BEV,3,2026-07-31
12528,2017,PHEV,5,2026-07-31
12528,2018,BEV,3,2026-07-31
12528,2018,PHEV,4,2026-07-31
12528,2019,BEV,1,2026-07-31
12528,2019,PHEV,5,2026-07-31
12528,2020,BEV,12,2026-07-31
12528,2020,PHEV,8,2026-07-31
12528,2021,BEV,18,2026-07-31
12528,2021,PHEV,14,2026-07-31
12528,2022,BEV,29,2026-07-31
12528,2022,PHEV,10,2026-07-31
12528,2023,BEV,18,2026-07-31
12528,2023,PHEV,16,2026-07-31
12528,2024,BEV,24,2026-07-31
12528,2024,PHEV,9,2026-07-31
12528,2025,BEV,22,2026-07-31
12528,2025,PHEV,4,2026-07-31
12528,2026,BEV,10,2026-07-31
12528,2026,PHEV,2,2026-07-31
12529,2017,PHEV,4,2026-07-31
12529,2019,BEV,4,2026-07-31
12529,2020,BEV,6,2026-07-31
12529,2020,PHEV,2,2026-07-31
12529,2021,BEV,2,2026-07-31
12529,2021,PHEV,2,2026-07-31
12529,2022,BEV,9,2026-07-31
12529,2022,PHEV,2,2026-07-31
12529,2023,BEV,6,2026-07-31
12529,2023,PHEV,3,2026-07-31
12529,2024,BEV,6,2026-07-31
12529,2024,PHEV,8,2026-07-31
12529,2025,BEV,9,2026-07-31
12529,2025,PHEV,4,2026-07-31
12529,2026,BEV,5,2026-07-31
12531,2018,BEV,1,2026-07-31
12531,2019,BEV,1,2026-07-31
12531,2019,PHEV,1,2026-07-31
12531,2020,BEV,3,2026-07-31
12531,2020,PHEV,1,2026-07-31
12531,2021,BEV,1,2026-07-31
12531,2021,PHEV,3,2026-07-31
12531,2022,BEV,4,2026-07-31
12531,2022,PHEV,2,2026-07-31
12531,2023,BEV,6,2026-07-31
12531,2023,PHEV,2,2026-07-31
12531,2024,BEV,3,2026-07-31
12531,2025,BEV,4,2026-07-31
12531,2026,BEV,2,2026-07-31
12531,2026,PHEV,1,2026-07-31
12533,2017,BEV,1,2026-07-31
12533,2017,PHEV,6,2026-07-31
12533,2018,BEV,8,2026-07-31
12533,2018,PHEV,9,2026-07-31
12533,2019,BEV,8,2026-07-31
12533,2019,PHEV,10,2026-07-31
12533,2020,BEV,19,2026-07-31
12533,2020,PHEV,5,2026-07-31
12533,2021,BEV,43,2026-07-31
12533,2021,PHEV,8,2026-07-31
12533,2022,BEV,66,2026-07-31
12533,2022,PHEV,13,2026-07-31
12533,2023,BEV,69,2026-07-31
12533,2023,PHEV,15,2026-07-31
12533,2024,BEV,79,2026-07-31
12533,2024,PHEV,25,2026-07-31
12533,2025,BEV,72,2026-07-31
12533,2025,PHEV,10,2026-07-31
12533,2026,BEV,34,2026-07-31
12533,2026,PHEV,3,2026-07-31
12534,2017,BEV,1,2026-07-31
12534,2017,PHEV,3,2026-07-31
12534,2018,BEV,7,2026-07-31
12534,2018,PHEV,7,2026-07-31
12534,2019,BEV,5,2026-07-31
12534,2019,PHEV,3,2026-07-31
12534,2020,BEV,12,2026-07-31
12534,2020,PHEV,7,2026-07-31
12534,2021,BEV,13,2026-07-31
12534,2021,PHEV,19,2026-07-31
12534,2022,BEV,21,2026-07-31
12534,2022,PHEV,13,2026-07-31
12534,2023,BEV,21,2026-07-31
12534,2023,PHEV,14,2026-07-31
12534,2024,BEV,29,2026-07-31
12534,2024,PHEV,16,2026-07-31
12534,2025,BEV,22,2026-07-31
12534,2025,PHEV,11,2026-07-31
12534,2026,BEV,9,2026-07-31
12534,2026,PHEV,3,2026-07-31
12538,2017,BEV,2,2026-07-31
12538,2017,PHEV,3,2026-07-31
12538,2018,BEV,2,2026-07-31
12538,2018,PHEV,5,2026-07-31
12538,2019,BEV,8,2026-07-31
12538,2019,PHEV,5,2026-07-31
12538,2020,BEV,5,2026-07-31
12538,2020,PHEV,1,2026-07-31
12538,2021,BEV,6,2026-07-31
12538,2021,PHEV,4,2026-07-31
12538,2022,BEV,12,2026-07-31
12538,2022,PHEV,9,2026-07-31
12538,2023,BEV,9,2026-07-31
12538,2023,PHEV,12,2026-07-31
12538,2024,BEV,19,2026-07-31
12538,2024,PHEV,10,2026-07-31
12538,2025,BEV,13,2026-07-31
12538,2025,PHEV,7,2026-07-31
12538,2026,BEV,5,2026-07-31
12538,2026,PHEV,3,2026-07-31
12540,2017,PHEV,2,2026-07-31
12540,2018,BEV,1,2026-07-31
12540,2018,PHEV,6,2026-07-31
12540,2019,BEV,4,2026-07-31
12540,2019,PHEV,3,2026-07-31
12540,2020,BEV,10,2026-07-31
12540,2021,BEV,10,2026-07-31
12540,2021,PHEV,6,2026-07-31
12540,2022,BEV,10,2026-07-31
12540,2023,BEV,18,2026-07-31
12540,2023,PHEV,7,2026-07-31
12540,2024,BEV,11,2026-07-31
12540,2024,PHEV,7,2026-07-31
12540,2025,BEV,10,2026-07-31
12540,2025,PHEV,1,2026-07-31
12540,2026,BEV,11,2026-07-31
12542,2017,PHEV,1,2026-07-31
12542,2018,PHEV,1,2026-07-31
12542,2019,BEV,1,2026-07-31
12542,2020,BEV,1,2026-07-31
12542,2020,PHEV,2,2026-07-31
12542,2021,BEV,5,2026-07-31
12542,2021,PHEV,3,2026-07-31
12542,2022,BEV,7,2026-07-31
12542,2022,PHEV,5,2026-07-31
12542,2023,BEV,9,2026-07-31
12542,2023,PHEV,6,2026-07-31
12542,2024,BEV,9,2026-07-31
12542,2024,PHEV,1,2026-07-31
12542,2025,BEV,13,2026-07-31
12542,2025,PHEV,3,2026-07-31
12542,2026,BEV,7,2026-07-31
12542,2026,PHEV,3,2026-07-31
12543,2017,BEV,1,2026-07-31
12543,2018,PHEV,2,2026-07-31
12543,2019,BEV,1,2026-07-31
12543,2021,BEV,3,2026-07-31
12543,2022,PHEV,1,2026-07-31
12543,2023,BEV,3,2026-07-31
12543,2023,PHEV,1,2026-07-31
12543,2024,BEV,7,2026-07-31
12543,2024,PHEV,12,2026-07-31
12543,2025,BEV,6,2026-07-31
12543,2025,PHEV,1,2026-07-31
12543,2026,BEV,1,2026-07-31
12544,2020,BEV,1,2026-07-31
12545,2018,BEV,1,2026-07-31
12545,2018,PHEV,2,2026-07-31
12545,2019,BEV,4,2026-07-31
12545,2020,BEV,4,2026-07-31
12545,2021,BEV,8,2026-07-31
12545,2021,PHEV,3,2026-07-31
12545,2022,BEV,5,2026-07-31
12545,2022,PHEV,4,2026-07-31
12545,2023,BEV,9,2026-07-31
12545,2023,PHEV,3,2026-07-31
12545,2024,BEV,3,2026-07-31
12545,2024,PHEV,3,2026-07-31
12545,2025,BEV,9,2026-07-31
12545,2025,PHEV,1,2026-07-31
12545,2026,BEV,4,2026-07-31
12545,2026,PHEV,1,2026-07-31
12546,2017,BEV,1,2026-07-31
12546,2017,PHEV,2,2026-07-31
12546,2018,BEV,2,2026-07-31
12546,2019,BEV,2,2026-07-31
12546,2020,BEV,1,2026-07-31
12546,2020,PHEV,2,2026-07-31
12546,2021,BEV,5,2026-07-31
12546,2021,PHEV,3,2026-07-31
12546,2022,BEV,3,2026-07-31
12546,2022,PHEV,2,2026-07-31
12546,2023,BEV,4,2026-07-31
12546,2024,BEV,10,2026-07-31
12546,2024,PHEV,5,2026-07-31
12546,2025,BEV,9,2026-07-31
12546,2025,PHEV,1,2026-07-31
12546,2026,BEV,4,2026-07-31
12547,2019,BEV,1,2026-07-31
12547,2019,PHEV,1,2026-07-31
12547,2020,BEV,1,2026-07-31
12547,2021,BEV,2,2026-07-31
12547,2022,BEV,3,2026-07-31
12547,2023,BEV,3,2026-07-31
12547,2024,BEV,6,2026-07-31
12547,2024,PHEV,1,2026-07-31
12547,2025,BEV,7,2026-07-31
12547,2025,PHEV,1,2026-07-31
12547,2026,BEV,3,2026-07-31
12548,2017,PHEV,1,2026-07-31
12548,2018,PHEV,1,2026-07-31
12548,2020,PHEV,1,2026-07-31
12548,2022,BEV,3,2026-07-31
12548,2022,PHEV,1,2026-07-31
12548,2023,BEV,3,2026-07-31
12548,2024,BEV,1,2026-07-31
12548,2025,BEV,1,2026-07-31
12549,2017,BEV,1,2026-07-31
12549,2017,PHEV,2,2026-07-31
12549,2018,BEV,1,2026-07-31
12549,2018,PHEV,6,2026-07-31
12549,2019,BEV,5,2026-07-31
12549,2019,PHEV,1,2026-07-31
12549,2020,BEV,2,2026-07-31
12549,2020,PHEV,3,2026-07-31
12549,2021,BEV,6,2026-07-31
12549,2021,PHEV,3,2026-07-31
12549,2022,BEV,10,2026-07-31
12549,2022,PHEV,5,2026-07-31
12549,2023,BEV,14,2026-07-31
12549,2023,PHEV,8,2026-07-31
12549,2024,BEV,18,2026-07-31
12549,2024,PHEV,5,2026-07-31
12549,2025,BEV,18,2026-07-31
12549,2025,PHEV,2,2026-07-31
12549,2026,BEV,21,2026-07-31
12549,2026,PHEV,2,2026-07-31
12550,2017,BEV,1,2026-07-31
12550,2017,PHEV,7,2026-07-31
12550,2018,BEV,1,2026-07-31
12550,2018,PHEV,13,2026-07-31
12550,2019,BEV,8,2026-07-31
12550,2019,PHEV,4,2026-07-31
12550,2020,BEV,13,2026-07-31
12550,2020,PHEV,4,2026-07-31
12550,2021,BEV,24,2026-07-31
12550,2021,PHEV,16,2026-07-31
12550,2022,BEV,42,2026-07-31
12550,2022,PHEV,15,2026-07-31
12550,2023,BEV,50,2026-07-31
12550,2023,PHEV,13,2026-07-31
12550,2024,BEV,69,2026-07-31
12550,2024,PHEV,27,2026-07-31
12550,2025,BEV,73,2026-07-31
12550,2025,PHEV,8,2026-07-31
12550,2026,BEV,24,2026-07-31
12550,2026,PHEV,4,2026-07-31
12553,2017,BEV,1,2026-07-31
12553,2017,PHEV,7,2026-07-31
12553,2018,BEV,2,2026-07-31
12553,2018,PHEV,8,2026-07-31
12553,2019,BEV,7,2026-07-31
12553,2019,PHEV,5,2026-07-31
12553,2020,BEV,13,2026-07-31
12553,2021,BEV,17,2026-07-31
12553,2021,PHEV,8,2026-07-31
12553,2022,BEV,40,2026-07-31
12553,2022,PHEV,9,2026-07-31
12553,2023,BEV,48,2026-07-31
12553,2023,PHEV,11,2026-07-31
12553,2024,BEV,67,2026-07-31
12553,2024,PHEV,13,2026-07-31
12553,2025,BEV,68,2026-07-31
12553,2025,PHEV,9,2026-07-31
12553,2026,BEV,33,2026-07-31
12553,2026,PHEV,1,2026-07-31
12561,2017,BEV,13,2026-07-31
12561,2017,PHEV,13,2026-07-31
12561,2018,BEV,7,2026-07-31
12561,2018,PHEV,12,2026-07-31
12561,2019,BEV,14,2026-07-31
12561,2019,PHEV,10,2026-07-31
12561,2020,BEV,19,2026-07-31
12561,2020,PHEV,9,2026-07-31
12561,2021,BEV,31,2026-07-31
12561,2021,PHEV,26,2026-07-31
12561,2022,BEV,35,2026-07-31
12561,2022,PHEV,24,2026-07-31
12561,2023,BEV,55,2026-07-31
12561,2023,PHEV,12,2026-07-31
12561,2024,BEV,48,2026-07-31
12561,2024,PHEV,15,2026-07-31
12561,2025,BEV,38,2026-07-31
12561,2025,PHEV,13,2026-07-31
12561,2026,BEV,27,2026-07-31
12561,2026,PHEV,5,2026-07-31
12563,2017,PHEV,2,2026-07-31
12563,2019,BEV,1,2026-07-31
12563,2019,PHEV,1,2026-07-31
12563,2020,BEV,5,2026-07-31
12563,2021,BEV,6,2026-07-31
12563,2021,PHEV,1,2026-07-31
12563,2022,BEV,14,2026-07-31
12563,2022,PHEV,3,2026-07-31
12563,2023,BEV,8,2026-07-31
12563,2023,PHEV,7,2026-07-31
12563,2024,BEV,20,2026-07-31
12563,2024,PHEV,7,2026-07-31
12563,2025,BEV,13,2026-07-31
12563,2025,PHEV,1,2026-07-31
12563,2026,BEV,6,2026-07-31
12563,2026,PHEV,2,2026-07-31
12564,2017,PHEV,1,2026-07-31
12564,2018,BEV,1,2026-07-31
12564,2018,PHEV,3,2026-07-31
12564,2019,BEV,2,2026-07-31
12564,2019,PHEV,2,2026-07-31
12564,2020,BEV,8,2026-07-31
12564,2020,PHEV,3,2026-07-31
12564,2021,BEV,5,2026-07-31
12564,2021,PHEV,3,2026-07-31
12564,2022,BEV,12,2026-07-31
12564,2022,PHEV,2,2026-07-31
12564,2023,BEV,16,2026-07-31
12564,2023,PHEV,5,2026-07-31
12564,2024,BEV,14,2026-07-31
12564,2024,PHEV,9,2026-07-31
12564,2025,BEV,11,2026-07-31
12564,2025,PHEV,5,2026-07-31
12564,2026,BEV,9,2026-07-31
12565,2018,PHEV,1,2026-07-31
12565,2020,PHEV,1,2026-07-31
12565,2021,PHEV,1,2026-07-31
12565,2023,BEV,2,2026-07-31
12565,2025,BEV,1,2026-07-31
12566,2017,PHEV,2,2026-07-31
12566,2018,BEV,1,2026-07-31
12566,2018,PHEV,7,2026-07-31
12566,2019,BEV,2,2026-07-31
12566,2020,BEV,6,2026-07-31
12566,2020,PHEV,1,2026-07-31
12566,2021,BEV,8,2026-07-31
12566,2021,PHEV,8,2026-07-31
12566,2022,BEV,8,2026-07-31
12566,2022,PHEV,9,2026-07-31
12566,2023,BEV,12,2026-07-31
12566,2023,PHEV,7,2026-07-31
12566,2024,BEV,6,2026-07-31
12566,2024,PHEV,7,2026-07-31
12566,2025,BEV,8,2026-07-31
12566,2025,PHEV,1,2026-07-31
12566,2026,BEV,2,2026-07-31
12566,2026,PHEV,1,2026-07-31
12567,2017,BEV,2,2026-07-31
12567,2017,PHEV,2,2026-07-31
12567,2018,PHEV,2,2026-07-31
12567,2019,PHEV,1,2026-07-31
12567,2020,BEV,3,2026-07-31
12567,2020,PHEV,1,2026-07-31
12567,2021,BEV,2,2026-07-31
12567,2021,PHEV,1,2026-07-31
12567,2022,BEV,1,2026-07-31
12567,2022,PHEV,1,2026-07-31
12567,2023,BEV,3,2026-07-31
12567,2023,PHEV,2,2026-07-31
12567,2024,BEV,3,2026-07-31
12567,2024,PHEV,6,2026-07-31
12567,2025,BEV,2,2026-07-31
12567,2025,PHEV,2,2026-07-31
12567,2026,BEV,2,2026-07-31
12569,2017,PHEV,2,2026-07-31
12569,2018,PHEV,4,2026-07-31
12569,2019,BEV,7,2026-07-31
12569,2019,PHEV,4,2026-07-31
12569,2020,BEV,5,2026-07-31
12569,2020,PHEV,5,2026-07-31
12569,2021,BEV,7,2026-07-31
12569,2021,PHEV,8,2026-07-31
12569,2022,BEV,16,2026-07-31
12569,2022,PHEV,6,2026-07-31
12569,2023,BEV,23,2026-07-31
12569,2023,PHEV,5,2026-07-31
12569,2024,BEV,20,2026-07-31
12569,2024,PHEV,3,2026-07-31
12569,2025,BEV,17,2026-07-31
12569,2025,PHEV,6,2026-07-31
12569,2026,BEV,10,2026-07-31
12569,2026,PHEV,2,2026-07-31
12570,2017,BEV,1,2026-07-31
12570,2017,PHEV,3,2026-07-31
12570,2018,BEV,1,2026-07-31
12570,2018,PHEV,4,2026-07-31
12570,2019,BEV,4,2026-07-31
12570,2020,BEV,11,2026-07-31
12570,2020,PHEV,3,2026-07-31
12570,2021,BEV,10,2026-07-31
12570,2021,PHEV,7,2026-07-31
12570,2022,BEV,11,2026-07-31
12570,2023,BEV,18,2026-07-31
12570,2023,PHEV,9,2026-07-31
12570,2024,BEV,15,2026-07-31
12570,2024,PHEV,8,2026-07-31
12570,2025,BEV,12,2026-07-31
12570,2025,PHEV,6,2026-07-31
12570,2026,BEV,6,2026-07-31
12570,2026,PHEV,3,2026-07-31
12571,2017,BEV,9,2026-07-31
12571,2017,PHEV,4,2026-07-31
12571,2018,BEV,4,2026-07-31
12571,2018,PHEV,8,2026-07-31
12571,2019,BEV,5,2026-07-31
12571,2019,PHEV,3,2026-07-31
12571,2020,BEV,10,2026-07-31
12571,2020,PHEV,8,2026-07-31
12571,2021,BEV,18,2026-07-31
12571,2021,PHEV,15,2026-07-31
12571,2022,BEV,25,2026-07-31
12571,2022,PHEV,17,2026-07-31
12571,2023,BEV,29,2026-07-31
12571,2023,PHEV,18,2026-07-31
12571,2024,BEV,22,2026-07-31
12571,2024,PHEV,14,2026-07-31
12571,2025,BEV,23,2026-07-31
12571,2025,PHEV,6,2026-07-31
12571,2026,BEV,11,2026-07-31
12571,2026,PHEV,6,2026-07-31
12572,2017,BEV,8,2026-07-31
12572,2017,PHEV,9,2026-07-31
12572,2018,BEV,5,2026-07-31
12572,2018,PHEV,8,2026-07-31
12572,2019,BEV,15,2026-07-31
12572,2019,PHEV,1,2026-07-31
12572,2020,BEV,15,2026-07-31
12572,2020,PHEV,5,2026-07-31
12572,2021,BEV,27,2026-07-31
12572,2021,PHEV,17,2026-07-31
12572,2022,BEV,44,2026-07-31
12572,2022,PHEV,13,2026-07-31
12572,2023,BEV,41,2026-07-31
12572,2023,PHEV,14,2026-07-31
12572,2024,BEV,24,2026-07-31
12572,2024,PHEV,16,2026-07-31
12572,2025,BEV,45,2026-07-31
12572,2025,PHEV,8,2026-07-31
12572,2026,BEV,19,2026-07-31
12572,2026,PHEV,4,2026-07-31
12574,2017,PHEV,1,2026-07-31
12574,2018,PHEV,2,2026-07-31
12574,2020,BEV,2,2026-07-31
12574,2021,BEV,1,2026-07-31
12574,2021,PHEV,2,2026-07-31
12574,2022,BEV,1,2026-07-31
12574,2022,PHEV,1,2026-07-31
12574,2023,BEV,1,2026-07-31
12574,2024,BEV,1,2026-07-31
12574,2025,BEV,2,2026-07-31
12575,2017,PHEV,1,2026-07-31
12575,2018,PHEV,2,2026-07-31
12575,2020,BEV,2,2026-07-31
12575,2021,BEV,3,2026-07-31
12575,2021,PHEV,1,2026-07-31
12575,2022,BEV,5,2026-07-31
12575,2022,PHEV,4,2026-07-31
12575,2023,BEV,7,2026-07-31
12575,2023,PHEV,1,2026-07-31
12575,2024,BEV,9,2026-07-31
12575,2024,PHEV,4,2026-07-31
12575,2025,BEV,5,2026-07-31
12575,2025,PHEV,1,2026-07-31
12575,2026,BEV,2,2026-07-31
12577,2018,PHEV,1,2026-07-31
12577,2020,BEV,3,2026-07-31
12577,2021,BEV,5,2026-07-31
12577,2021,PHEV,2,2026-07-31
12577,2022,BEV,3,2026-07-31
12577,2023,BEV,7,2026-07-31
12577,2024,BEV,3,2026-07-31
12577,2024,PHEV,1,2026-07-31
12577,2025,BEV,3,2026-07-31
12577,2025,PHEV,1,2026-07-31
12577,2026,BEV,1,2026-07-31
12578,2018,BEV,1,2026-07-31
12578,2019,BEV,1,2026-07-31
12578,2020,BEV,2,2026-07-31
12578,2021,BEV,1,2026-07-31
12578,2021,PHEV,2,2026-07-31
12578,2022,BEV,6,2026-07-31
12578,2022,PHEV,1,2026-07-31
12578,2023,BEV,6,2026-07-31
12578,2023,PHEV,1,2026-07-31
12578,2024,BEV,3,2026-07-31
12578,2024,PHEV,7,2026-07-31
12578,2025,BEV,5,2026-07-31
12578,2025,PHEV,3,2026-07-31
12578,2026,BEV,1,2026-07-31
12578,2026,PHEV,1,2026-07-31
12580,2017,BEV,3,2026-07-31
12580,2017,PHEV,1,2026-07-31
12580,2018,BEV,1,2026-07-31
12580,2018,PHEV,2,2026-07-31
12580,2019,BEV,1,2026-07-31
12580,2019,PHEV,2,2026-07-31
12580,2020,BEV,3,2026-07-31
12580,2021,BEV,8,2026-07-31
12580,2021,PHEV,3,2026-07-31
12580,2022,BEV,10,2026-07-31
12580,2022,PHEV,1,2026-07-31
12580,2023,BEV,6,2026-07-31
12580,2024,BEV,9,2026-07-31
12580,2024,PHEV,6,2026-07-31
12580,2025,BEV,10,2026-07-31
12580,2025,PHEV,2,2026-07-31
12580,2026,BEV,5,2026-07-31
12580,2026,PHEV,1,2026-07-31
12581,2018,BEV,1,2026-07-31
12581,2018,PHEV,1,2026-07-31
12581,2019,BEV,1,2026-07-31
12581,2019,PHEV,1,2026-07-31
12581,2020,BEV,3,2026-07-31
12581,2021,BEV,1,2026-07-31
12581,2021,PHEV,1,2026-07-31
12581,2022,BEV,3,2026-07-31
12581,2023,BEV,5,2026-07-31
12581,2023,PHEV,1,2026-07-31
12581,2024,BEV,2,2026-07-31
12581,2024,PHEV,2,2026-07-31
12581,2025,BEV,5,2026-07-31
12581,2025,PHEV,2,2026-07-31
12581,2026,BEV,3,2026-07-31
12582,2017,BEV,1,2026-07-31
12582,2019,BEV,2,2026-07-31
12582,2020,BEV,4,2026-07-31
12582,2020,PHEV,1,2026-07-31
12582,2021,BEV,1,2026-07-31
12582,2021,PHEV,2,2026-07-31
12582,2022,BEV,8,2026-07-31
12582,2022,PHEV,4,2026-07-31
12582,2023,BEV,4,2026-07-31
12582,2023,PHEV,1,2026-07-31
12582,2024,BEV,7,2026-07-31
12582,2024,PHEV,2,2026-07-31
12582,2025,BEV,7,2026-07-31
12582,2025,PHEV,1,2026-07-31
12582,2026,BEV,3,2026-07-31
12582,2026,PHEV,1,2026-07-31
12583,2017,BEV,3,2026-07-31
12583,2017,PHEV,1,2026-07-31
12583,2018,PHEV,2,2026-07-31
12583,2019,BEV,1,2026-07-31
12583,2019,PHEV,1,2026-07-31
12583,2020,BEV,4,2026-07-31
12583,2020,PHEV,2,2026-07-31
12583,2021,BEV,5,2026-07-31
12583,2021,PHEV,3,2026-07-31
12583,2022,BEV,4,2026-07-31
12583,2022,PHEV,3,2026-07-31
12583,2023,BEV,10,2026-07-31
12583,2024,BEV,4,2026-07-31
12583,2024,PHEV,5,2026-07-31
12583,2025,BEV,4,2026-07-31
12583,2026,BEV,5,2026-07-31
12585,2021,BEV,2,2026-07-31
12585,2022,BEV,1,2026-07-31
12585,2023,BEV,3,2026-07-31
12585,2024,BEV,2,2026-07-31
12585,2024,PHEV,1,2026-07-31
12585,2026,BEV,1,2026-07-31
12586,2017,BEV,1,2026-07-31
12586,2017,PHEV,1,2026-07-31
12586,2018,PHEV,6,2026-07-31
12586,2019,BEV,1,2026-07-31
12586,2019,PHEV,2,2026-07-31
12586,2020,BEV,3,2026-07-31
12586,2020,PHEV,3,2026-07-31
12586,2021,BEV,9,2026-07-31
12586,2021,PHEV,14,2026-07-31
12586,2022,BEV,10,2026-07-31
12586,2022,PHEV,8,2026-07-31
12586,2023,BEV,18,2026-07-31
12586,2023,PHEV,5,2026-07-31
12586,2024,BEV,15,2026-07-31
12586,2024,PHEV,5,2026-07-31
12586,2025,BEV,20,2026-07-31
12586,2025,PHEV,8,2026-07-31
12586,2026,BEV,9,2026-07-31
12586,2026,PHEV,2,2026-07-31
12589,2017,BEV,2,2026-07-31
12589,2017,PHEV,5,2026-07-31
12589,2018,BEV,2,2026-07-31
12589,2018,PHEV,4,2026-07-31
12589,2019,PHEV,2,2026-07-31
12589,2020,BEV,9,2026-07-31
12589,2020,PHEV,2,2026-07-31
12589,2021,BEV,13,2026-07-31
12589,2021,PHEV,7,2026-07-31
12589,2022,BEV,13,2026-07-31
12589,2022,PHEV,4,2026-07-31
12589,2023,BEV,20,2026-07-31
12589,2023,PHEV,9,2026-07-31
12589,2024,BEV,34,2026-07-31
12589,2024,PHEV,10,2026-07-31
12589,2025,BEV,35,2026-07-31
12589,2026,BEV,13,2026-07-31
12589,2026,PHEV,1,2026-07-31
12590,2017,BEV,3,2026-07-31
12590,2017,PHEV,9,2026-07-31
12590,2018,BEV,11,2026-07-31
12590,2018,PHEV,10,2026-07-31
12590,2019,BEV,18,2026-07-31
12590,2019,PHEV,9,2026-07-31
12590,2020,BEV,17,2026-07-31
12590,2020,PHEV,15,2026-07-31
12590,2021,BEV,31,2026-07-31
12590,2021,PHEV,27,2026-07-31
12590,2022,BEV,36,2026-07-31
12590,2022,PHEV,8,2026-07-31
12590,2023,BEV,65,2026-07-31
12590,2023,PHEV,26,2026-07-31
12590,2024,BEV,82,2026-07-31
12590,2024,PHEV,23,2026-07-31
12590,2025,BEV,83,2026-07-31
12590,2025,PHEV,15,2026-07-31
12590,2026,BEV,29,2026-07-31
12590,2026,PHEV,5,2026-07-31
12592,2017,PHEV,1,2026-07-31
12592,2019,PHEV,1,2026-07-31
12592,2020,BEV,1,2026-07-31
12592,2021,BEV,2,2026-07-31
12592,2022,BEV,3,2026-07-31
12592,2022,PHEV,1,2026-07-31
12592,2024,BEV,2,2026-07-31
12592,2024,PHEV,2,2026-07-31
12592,2026,BEV,1,2026-07-31
12594,2019,BEV,1,2026-07-31
12594,2020,BEV,1,2026-07-31
12594,2021,PHEV,1,2026-07-31
12594,2022,BEV,4,2026-07-31
12594,2022,PHEV,1,2026-07-31
12594,2023,BEV,6,2026-07-31
12594,2023,PHEV,1,2026-07-31
12594,2024,BEV,7,2026-07-31
12594,2024,PHEV,3,2026-07-31
12594,2025,BEV,2,2026-07-31
12594,2025,PHEV,1,2026-07-31
12594,2026,BEV,2,2026-07-31
12601,2017,BEV,5,2026-07-31
12601,2017,PHEV,4,2026-07-31
12601,2018,BEV,2,2026-07-31
12601,2018,PHEV,7,2026-07-31
12601,2019,BEV,7,2026-07-31
12601,2019,PHEV,5,2026-07-31
12601,2020,BEV,9,2026-07-31
12601,2020,PHEV,7,2026-07-31
12601,2021,BEV,14,2026-07-31
12601,2021,PHEV,15,2026-07-31
12601,2022,BEV,29,2026-07-31
12601,2022,PHEV,6,2026-07-31
12601,2023,BEV,40,2026-07-31
12601,2023,PHEV,8,2026-07-31
12601,2024,BEV,53,2026-07-31
12601,2024,PHEV,32,2026-07-31
12601,2025,BEV,46,2026-07-31
12601,2025,PHEV,10,2026-07-31
12601,2026,BEV,15,2026-07-31
12603,2017,BEV,7,2026-07-31
12603,2017,PHEV,6,2026-07-31
12603,2018,BEV,9,2026-07-31
12603,2018,PHEV,26,2026-07-31
12603,2019,BEV,11,2026-07-31
12603,2019,PHEV,8,2026-07-31
12603,2020,BEV,37,2026-07-31
12603,2020,PHEV,7,2026-07-31
12603,2021,BEV,40,2026-07-31
12603,2021,PHEV,38,2026-07-31
12603,2022,BEV,67,2026-07-31
12603,2022,PHEV,19,2026-07-31
12603,2023,BEV,73,2026-07-31
12603,2023,PHEV,41,2026-07-31
12603,2024,BEV,98,2026-07-31
12603,2024,PHEV,31,2026-07-31
12603,2025,BEV,105,2026-07-31
12603,2025,PHEV,24,2026-07-31
12603,2026,BEV,42,2026-07-31
12603,2026,PHEV,3,2026-07-31
12604,2020,PHEV,2,2026-07-31
12604,2023,BEV,1,2026-07-31
12701,2018,BEV,1,2026-07-31
12701,2018,PHEV,2,2026-07-31
12701,2020,BEV,4,2026-07-31
12701,2020,PHEV,1,2026-07-31
12701,2021,PHEV,5,2026-07-31
12701,2022,BEV,7,2026-07-31
12701,2022,PHEV,2,2026-07-31
12701,2023,BEV,7,2026-07-31
12701,2023,PHEV,9,2026-07-31
12701,2024,BEV,6,2026-07-31
12701,2024,PHEV,7,2026-07-31
12701,2025,BEV,4,2026-07-31
12701,2025,PHEV,3,2026-07-31
12701,2026,BEV,3,2026-07-31
12719,2019,BEV,2,2026-07-31
12719,2019,PHEV,1,2026-07-31
12719,2020,BEV,1,2026-07-31
12719,2022,BEV,3,2026-07-31
12719,2023,BEV,1,2026-07-31
12719,2024,BEV,3,2026-07-31
12719,2025,BEV,1,2026-07-31
12721,2018,PHEV,1,2026-07-31
12721,2019,PHEV,1,2026-07-31
12721,2020,BEV,3,2026-07-31
12721,2020,PHEV,1,2026-07-31
12721,2021,BEV,2,2026-07-31
12721,2021,PHEV,1,2026-07-31
12721,2022,BEV,6,2026-07-31
12721,2023,BEV,6,2026-07-31
12721,2024,BEV,6,2026-07-31
12721,2024,PHEV,3,2026-07-31
12721,2025,BEV,7,2026-07-31
12721,2026,BEV,7,2026-07-31
12723,2018,PHEV,3,2026-07-31
12723,2020,BEV,1,2026-07-31
12723,2021,BEV,3,2026-07-31
12723,2021,PHEV,2,2026-07-31
12723,2022,BEV,2,2026-07-31
12723,2022,PHEV,2,2026-07-31
12723,2023,PHEV,3,2026-07-31
12723,2024,PHEV,1,2026-07-31
12723,2025,BEV,1,2026-07-31
12723,2025,PHEV,1,2026-07-31
12724,2022,PHEV,1,2026-07-31
12725,2017,PHEV,1,2026-07-31
12725,2019,BEV,1,2026-07-31
12725,2021,BEV,1,2026-07-31
12725,2024,BEV,1,2026-07-31
12725,2024,PHEV,1,2026-07-31
12725,2025,BEV,1,2026-07-31
12726,2018,PHEV,1,2026-07-31
12726,2021,PHEV,1,2026-07-31
12726,2022,BEV,3,2026-07-31
12726,2024,PHEV,1,2026-07-31
12726,2025,PHEV,1,2026-07-31
12729,2017,PHEV,1,2026-07-31
12729,2019,BEV,1,2026-07-31
12729,2021,BEV,1,2026-07-31
12729,2021,PHEV,2,2026-07-31
12729,2022,BEV,3,2026-07-31
12729,2023,BEV,2,2026-07-31
12729,2024,BEV,1,2026-07-31
12729,2024,PHEV,1,2026-07-31
12729,2025,BEV,3,2026-07-31
12729,2025,PHEV,1,2026-07-31
12729,2026,BEV,2,2026-07-31
12732,2019,PHEV,2,2026-07-31
12732,2021,PHEV,1,2026-07-31
12732,2022,BEV,2,2026-07-31
12732,2024,PHEV,1,2026-07-31
12732,2025,PHEV,1,2026-07-31
12733,2020,BEV,1,2026-07-31
12733,2021,PHEV,1,2026-07-31
12733,2023,BEV,1,2026-07-31
12733,2024,BEV,1,2026-07-31
12733,2024,PHEV,1,2026-07-31
12733,2025,BEV,1,2026-07-31
12734,2020,BEV,1,2026-07-31
12734,2021,BEV,1,2026-07-31
12734,2023,PHEV,1,2026-07-31
12734,2024,PHEV,1,2026-07-31
12737,2017,BEV,1,2026-07-31
12737,2017,PHEV,1,2026-07-31
12737,2018,PHEV,1,2026-07-31
12737,2019,PHEV,1,2026-07-31
12737,2020,BEV,1,2026-07-31
12737,2021,BEV,1,2026-07-31
12737,2022,BEV,1,2026-07-31
12737,2022,PHEV,2,2026-07-31
12737,2023,BEV,2,2026-07-31
12737,2023,PHEV,1,2026-07-31
12737,2024,BEV,1,2026-07-31
12737,2024,PHEV,4,2026-07-31
12737,2025,BEV,4,2026-07-31
12737,2025,PHEV,1,2026-07-31
12737,2026,BEV,1,2026-07-31
12738,2025,BEV,1,2026-07-31
12740,2019,PHEV,1,2026-07-31
12740,2021,BEV,1,2026-07-31
12740,2022,PHEV,2,2026-07-31
12740,2023,BEV,2,2026-07-31
12740,2023,PHEV,1,2026-07-31
12740,2024,BEV,2,2026-07-31
12740,2024,PHEV,2,2026-07-31
12740,2025,BEV,1,2026-07-31
12741,2022,PHEV,1,2026-07-31
12741,2023,BEV,1,2026-07-31
12741,2024,BEV,1,2026-07-31
12741,2025,BEV,1,2026-07-31
12743,2021,BEV,1,2026-07-31
12743,2022,PHEV,1,2026-07-31
12743,2024,BEV,1,2026-07-31
12743,2025,BEV,2,2026-07-31
12743,2025,PHEV,1,2026-07-31
12746,2022,BEV,2,2026-07-31
12746,2022,PHEV,2,2026-07-31
12746,2023,BEV,1,2026-07-31
12746,2024,BEV,4,2026-07-31
12746,2025,BEV,2,2026-07-31
12747,2018,PHEV,1,2026-07-31
12747,2020,PHEV,1,2026-07-31
12747,2022,BEV,2,2026-07-31
12747,2022,PHEV,1,2026-07-31
12747,2023,BEV,2,2026-07-31
12747,2023,PHEV,2,2026-07-31
12747,2024,BEV,2,2026-07-31
12747,2025,BEV,3,2026-07-31
12747,2026,BEV,2,2026-07-31
12748,2019,PHEV,1,2026-07-31
12748,2020,BEV,4,2026-07-31
12748,2021,PHEV,1,2026-07-31
12748,2022,BEV,3,2026-07-31
12748,2022,PHEV,2,2026-07-31
12748,2023,BEV,2,2026-07-31
12748,2023,PHEV,1,2026-07-31
12748,2024,BEV,4,2026-07-31
12748,2024,PHEV,3,2026-07-31
12748,2025,BEV,1,2026-07-31
12748,2025,PHEV,3,2026-07-31
12749,2018,BEV,1,2026-07-31
12749,2018,PHEV,1,2026-07-31
12749,2022,BEV,2,2026-07-31
12750,2024,BEV,1,2026-07-31
12751,2021,BEV,1,2026-07-31
12751,2021,PHEV,1,2026-07-31
12751,2022,BEV,1,2026-07-31
12751,2023,BEV,1,2026-07-31
12751,2024,BEV,2,2026-07-31
12751,2025,BEV,2,2026-07-31
12751,2026,BEV,1,2026-07-31
12752,2022,BEV,1,2026-07-31
12752,2022,PHEV,1,2026-07-31
12752,2024,BEV,1,2026-07-31
12754,2019,BEV,1,2026-07-31
12754,2020,BEV,2,2026-07-31
12754,2021,BEV,3,2026-07-31
12754,2021,PHEV,1,2026-07-31
12754,2022,BEV,2,2026-07-31
12754,2023,BEV,5,2026-07-31
12754,2023,PHEV,2,2026-07-31
12754,2024,BEV,9,2026-07-31
12754,2024,PHEV,3,2026-07-31
12754,2025,BEV,2,2026-07-31
12758,2017,PHEV,1,2026-07-31
12758,2018,PHEV,1,2026-07-31
12758,2019,BEV,1,2026-07-31
12758,2019,PHEV,1,2026-07-31
12758,2020,BEV,2,2026-07-31
12758,2020,PHEV,2,2026-07-31
12758,2021,BEV,1,2026-07-31
12758,2021,PHEV,3,2026-07-31
12758,2022,BEV,1,2026-07-31
12758,2022,PHEV,2,2026-07-31
12758,2023,BEV,4,2026-07-31
12758,2023,PHEV,2,2026-07-31
12758,2024,BEV,6,2026-07-31
12758,2024,PHEV,5,2026-07-31
12758,2025,BEV,1,2026-07-31
12758,2025,PHEV,4,2026-07-31
12758,2026,BEV,3,2026-07-31
12759,2022,BEV,4,2026-07-31
12759,2023,BEV,1,2026-07-31
12759,2023,PHEV,1,2026-07-31
12759,2024,BEV,2,2026-07-31
12759,2024,PHEV,2,2026-07-31
12760,2022,PHEV,1,2026-07-31
12760,2023,PHEV,1,2026-07-31
12762,2017,PHEV,1,2026-07-31
12762,2021,PHEV,1,2026-07-31
12762,2022,BEV,1,2026-07-31
12762,2022,PHEV,1,2026-07-31
12762,2023,BEV,2,2026-07-31
12762,2023,PHEV,1,2026-07-31
12762,2024,BEV,1,2026-07-31
12763,2021,BEV,1,2026-07-31
12763,2022,BEV,1,2026-07-31
12763,2023,PHEV,1,2026-07-31
12763,2024,BEV,1,2026-07-31
12763,2025,BEV,1,2026-07-31
12764,2018,BEV,1,2026-07-31
12764,2018,PHEV,1,2026-07-31
12764,2021,BEV,5,2026-07-31
12764,2021,PHEV,1,2026-07-31
12764,2022,BEV,2,2026-07-31
12764,2024,BEV,1,2026-07-31
12764,2024,PHEV,1,2026-07-31
12764,2025,BEV,1,2026-07-31
12765,2019,PHEV,1,2026-07-31
12765,2021,BEV,1,2026-07-31
12765,2022,BEV,1,2026-07-31
12765,2022,PHEV,1,2026-07-31
12765,2023,BEV,1,2026-07-31
12765,2023,PHEV,1,2026-07-31
12765,2024,PHEV,2,2026-07-31
12765,2025,BEV,2,2026-07-31
12765,2025,PHEV,1,2026-07-31
12766,2018,PHEV,1,2026-07-31
12766,2022,PHEV,1,2026-07-31
12767,2025,BEV,1,2026-07-31
12768,2021,PHEV,1,2026-07-31
12768,2022,BEV,1,2026-07-31
12768,2023,BEV,1,2026-07-31
12768,2024,PHEV,2,2026-07-31
12768,2025,BEV,2,2026-07-31
12768,2026,BEV,2,2026-07-31
12770,2021,BEV,1,2026-07-31
12771,2017,PHEV,1,2026-07-31
12771,2018,PHEV,2,2026-07-31
12771,2019,BEV,2,2026-07-31
12771,2020,BEV,2,2026-07-31
12771,2020,PHEV,4,2026-07-31
12771,2021,BEV,2,2026-07-31
12771,2021,PHEV,3,2026-07-31
12771,2022,BEV,9,2026-07-31
12771,2022,PHEV,2,2026-07-31
12771,2023,BEV,8,2026-07-31
12771,2023,PHEV,3,2026-07-31
12771,2024,BEV,13,2026-07-31
12771,2024,PHEV,6,2026-07-31
12771,2025,BEV,10,2026-07-31
12771,2025,PHEV,2,2026-07-31
12771,2026,BEV,5,2026-07-31
12771,2026,PHEV,1,2026-07-31
12775,2018,PHEV,2,2026-07-31
12775,2019,BEV,2,2026-07-31
12775,2019,PHEV,1,2026-07-31
12775,2020,BEV,6,2026-07-31
12775,2020,PHEV,2,2026-07-31
12775,2021,BEV,3,2026-07-31
12775,2022,BEV,4,2026-07-31
12775,2022,PHEV,2,2026-07-31
12775,2023,BEV,13,2026-07-31
12775,2023,PHEV,1,2026-07-31
12775,2024,BEV,7,2026-07-31
12775,2024,PHEV,4,2026-07-31
12775,2025,BEV,11,2026-07-31
12775,2025,PHEV,4,2026-07-31
12775,2026,BEV,5,2026-07-31
12776,2018,PHEV,1,2026-07-31
12776,2019,PHEV,2,2026-07-31
12776,2020,BEV,1,2026-07-31
12776,2020,PHEV,2,2026-07-31
12776,2021,PHEV,1,2026-07-31
12776,2022,BEV,1,2026-07-31
12776,2022,PHEV,2,2026-07-31
12776,2023,BEV,3,2026-07-31
12776,2024,BEV,1,2026-07-31
12776,2024,PHEV,2,2026-07-31
12776,2025,BEV,2,2026-07-31
12776,2026,BEV,1,2026-07-31
12777,2018,PHEV,3,2026-07-31
12777,2021,BEV,3,2026-07-31
12777,2021,PHEV,1,2026-07-31
12777,2022,BEV,3,2026-07-31
12777,2022,PHEV,1,2026-07-31
12777,2023,BEV,1,2026-07-31
12777,2023,PHEV,3,2026-07-31
12777,2024,BEV,2,2026-07-31
12777,2024,PHEV,4,2026-07-31
12777,2025,BEV,3,2026-07-31
12777,2026,BEV,2,2026-07-31
12778,2017,PHEV,1,2026-07-31
12778,2018,BEV,1,2026-07-31
12778,2023,PHEV,1,2026-07-31
12779,2021,BEV,1,2026-07-31
12779,2022,BEV,1,2026-07-31
12779,2022,PHEV,1,2026-07-31
12779,2024,PHEV,1,2026-07-31
12779,2025,BEV,2,2026-07-31
12779,2026,BEV,1,2026-07-31
12779,2026,PHEV,1,2026-07-31
12780,2018,PHEV,2,2026-07-31
12780,2019,BEV,2,2026-07-31
12780,2021,PHEV,2,2026-07-31
12780,2022,BEV,2,2026-07-31
12780,2022,PHEV,1,2026-07-31
12780,2023,BEV,1,2026-07-31
12780,2023,PHEV,3,2026-07-31
12780,2024,BEV,2,2026-07-31
12780,2024,PHEV,2,2026-07-31
12780,2026,BEV,1,2026-07-31
12783,2020,PHEV,1,2026-07-31
12783,2021,BEV,3,2026-07-31
12783,2021,PHEV,1,2026-07-31
12783,2022,BEV,2,2026-07-31
12783,2022,PHEV,3,2026-07-31
12783,2023,BEV,1,2026-07-31
12783,2023,PHEV,2,2026-07-31
12783,2024,PHEV,1,2026-07-31
12783,2025,BEV,3,2026-07-31
12783,2025,PHEV,2,2026-07-31
12783,2026,BEV,3,2026-07-31
12785,2023,PHEV,1,2026-07-31
12785,2025,BEV,1,2026-07-31
12786,2018,PHEV,1,2026-07-31
12786,2021,PHEV,1,2026-07-31
12786,2022,BEV,2,2026-07-31
12786,2022,PHEV,2,2026-07-31
12786,2023,BEV,2,2026-07-31
12786,2024,BEV,1,2026-07-31
12786,2025,BEV,1,2026-07-31
12786,2025,PHEV,2,2026-07-31
12787,2021,PHEV,1,2026-07-31
12788,2020,BEV,1,2026-07-31
12788,2021,BEV,1,2026-07-31
12788,2022,BEV,1,2026-07-31
12788,2022,PHEV,2,2026-07-31
12788,2023,BEV,3,2026-07-31
12788,2023,PHEV,2,2026-07-31
12788,2024,BEV,2,2026-07-31
12788,2025,BEV,2,2026-07-31
12788,2025,PHEV,3,2026-07-31
12789,2018,BEV,1,2026-07-31
12789,2018,PHEV,2,2026-07-31
12789,2019,BEV,3,2026-07-31
12789,2020,BEV,1,2026-07-31
12789,2020,PHEV,1,2026-07-31
12789,2021,PHEV,1,2026-07-31
12789,2022,BEV,3,2026-07-31
12789,2023,BEV,1,2026-07-31
12789,2023,PHEV,2,2026-07-31
12789,2024,BEV,4,2026-07-31
12789,2025,BEV,3,2026-07-31
12789,2026,BEV,1,2026-07-31
12790,2017,PHEV,1,2026-07-31
12790,2018,PHEV,2,2026-07-31
12790,2019,BEV,3,2026-07-31
12790,2020,BEV,1,2026-07-31
12790,2021,BEV,3,2026-07-31
12790,2021,PHEV,2,2026-07-31
12790,2022,BEV,5,2026-07-31
12790,2022,PHEV,3,2026-07-31
12790,2023,BEV,5,2026-07-31
12790,2023,PHEV,2,2026-07-31
12790,2024,BEV,5,2026-07-31
12790,2024,PHEV,4,2026-07-31
12790,2025,BEV,7,2026-07-31
12790,2025,PHEV,1,2026-07-31
12790,2026,BEV,3,2026-07-31
12791,2023,PHEV,1,2026-07-31
12791,2025,PHEV,1,2026-07-31
12792,2021,PHEV,1,2026-07-31
12792,2025,BEV,1,2026-07-31
12801,2017,BEV,3,2026-07-31
12801,2017,PHEV,5,2026-07-31
12801,2018,PHEV,11,2026-07-31
12801,2019,BEV,1,2026-07-31
12801,2019,PHEV,3,2026-07-31
12801,2020,BEV,6,2026-07-31
12801,2021,BEV,9,2026-07-31
12801,2021,PHEV,15,2026-07-31
12801,2022,BEV,6,2026-07-31
12801,2022,PHEV,6,2026-07-31
12801,2023,BEV,11,2026-07-31
12801,2023,PHEV,9,2026-07-31
12801,2024,BEV,21,2026-07-31
12801,2024,PHEV,13,2026-07-31
12801,2025,BEV,14,2026-07-31
12801,2025,PHEV,10,2026-07-31
12801,2026,BEV,11,2026-07-31
12803,2017,PHEV,2,2026-07-31
12803,2018,PHEV,1,2026-07-31
12803,2019,BEV,1,2026-07-31
12803,2019,PHEV,2,2026-07-31
12803,2020,BEV,1,2026-07-31
12803,2021,BEV,6,2026-07-31
12803,2021,PHEV,6,2026-07-31
12803,2022,BEV,2,2026-07-31
12803,2022,PHEV,1,2026-07-31
12803,2023,BEV,6,2026-07-31
12803,2023,PHEV,5,2026-07-31
12803,2024,BEV,4,2026-07-31
12803,2024,PHEV,19,2026-07-31
12803,2025,BEV,10,2026-07-31
12803,2025,PHEV,3,2026-07-31
12803,2026,BEV,2,2026-07-31
12803,2026,PHEV,1,2026-07-31
12804,2017,BEV,6,2026-07-31
12804,2017,PHEV,10,2026-07-31
12804,2018,BEV,7,2026-07-31
12804,2018,PHEV,19,2026-07-31
12804,2019,BEV,6,2026-07-31
12804,2019,PHEV,8,2026-07-31
12804,2020,BEV,21,2026-07-31
12804,2020,PHEV,12,2026-07-31
12804,2021,BEV,19,2026-07-31
12804,2021,PHEV,40,2026-07-31
12804,2022,BEV,21,2026-07-31
12804,2022,PHEV,20,2026-07-31
12804,2023,BEV,46,2026-07-31
12804,2023,PHEV,25,2026-07-31
12804,2024,BEV,36,2026-07-31
12804,2024,PHEV,29,2026-07-31
12804,2025,BEV,41,2026-07-31
12804,2025,PHEV,16,2026-07-31
12804,2026,BEV,21,2026-07-31
12804,2026,PHEV,4,2026-07-31
12808,2018,PHEV,1,2026-07-31
12808,2020,PHEV,1,2026-07-31
12808,2022,BEV,1,2026-07-31
12808,2022,PHEV,1,2026-07-31
12808,2024,BEV,1,2026-07-31
12808,2025,BEV,1,2026-07-31
12808,2025,PHEV,1,2026-07-31
12809,2018,PHEV,2,2026-07-31
12809,2019,PHEV,1,2026-07-31
12809,2020,BEV,1,2026-07-31
12809,2020,PHEV,2,2026-07-31
12809,2021,BEV,1,2026-07-31
12809,2021,PHEV,3,2026-07-31
12809,2022,PHEV,1,2026-07-31
12809,2023,BEV,5,2026-07-31
12809,2023,PHEV,1,2026-07-31
12809,2024,BEV,1,2026-07-31
12809,2024,PHEV,1,2026-07-31
12809,2025,BEV,2,2026-07-31
12809,2025,PHEV,1,2026-07-31
12809,2026,BEV,1,2026-07-31
12809,2026,PHEV,1,2026-07-31
12810,2020,PHEV,1,2026-07-31
12811,2020,BEV,1,2026-07-31
12811,2024,BEV,1,2026-07-31
12812,2017,PHEV,1,2026-07-31
12812,2018,PHEV,1,2026-07-31
12812,2022,PHEV,1,2026-07-31
12812,2023,PHEV,1,2026-07-31
12814,2017,PHEV,1,2026-07-31
12814,2018,PHEV,1,2026-07-31
12814,2020,BEV,2,2026-07-31
12814,2020,PHEV,2,2026-07-31
12814,2021,PHEV,4,2026-07-31
12814,2022,BEV,1,2026-07-31
12814,2022,PHEV,3,2026-07-31
12814,2023,PHEV,2,2026-07-31
12814,2025,PHEV,2,2026-07-31
12814,2026,PHEV,1,2026-07-31
12815,2017,PHEV,1,2026-07-31
12815,2021,BEV,2,2026-07-31
12815,2021,PHEV,2,2026-07-31
12815,2022,BEV,1,2026-07-31
12815,2023,BEV,1,2026-07-31
12815,2023,PHEV,2,2026-07-31
12815,2024,BEV,1,2026-07-31
12816,2017,BEV,1,2026-07-31
12816,2017,PHEV,1,2026-07-31
12816,2018,PHEV,2,2026-07-31
12816,2019,BEV,3,2026-07-31
12816,2019,PHEV,1,2026-07-31
12816,2020,BEV,2,2026-07-31
12816,2020,PHEV,2,2026-07-31
12816,2021,BEV,1,2026-07-31
12816,2021,PHEV,2,2026-07-31
12816,2022,BEV,3,2026-07-31
12816,2022,PHEV,2,2026-07-31
12816,2023,BEV,7,2026-07-31
12816,2023,PHEV,2,2026-07-31
12816,2024,BEV,2,2026-07-31
12816,2024,PHEV,3,2026-07-31
12816,2025,BEV,4,2026-07-31
12816,2026,BEV,1,2026-07-31
12817,2017,PHEV,1,2026-07-31
12817,2018,PHEV,2,2026-07-31
12817,2019,PHEV,3,2026-07-31
12817,2020,BEV,1,2026-07-31
12817,2021,BEV,2,2026-07-31
12817,2021,PHEV,2,2026-07-31
12817,2022,BEV,2,2026-07-31
12817,2022,PHEV,4,2026-07-31
12817,2023,BEV,2,2026-07-31
12817,2023,PHEV,1,2026-07-31
12817,2024,BEV,2,2026-07-31
12817,2024,PHEV,2,2026-07-31
12817,2025,BEV,1,2026-07-31
12819,2021,BEV,1,2026-07-31
12819,2021,PHEV,1,2026-07-31
12821,2019,PHEV,1,2026-07-31
12821,2024,BEV,1,2026-07-31
12822,2017,BEV,1,2026-07-31
12822,2017,PHEV,1,2026-07-31
12822,2018,PHEV,5,2026-07-31
12822,2019,PHEV,1,2026-07-31
12822,2020,PHEV,3,2026-07-31
12822,2021,BEV,1,2026-07-31
12822,2021,PHEV,5,2026-07-31
12822,2023,BEV,3,2026-07-31
12822,2023,PHEV,7,2026-07-31
12822,2024,BEV,6,2026-07-31
12822,2024,PHEV,5,2026-07-31
12822,2025,BEV,3,2026-07-31
12822,2025,PHEV,2,2026-07-31
12822,2026,BEV,2,2026-07-31
12822,2026,PHEV,1,2026-07-31
12823,2018,BEV,1,2026-07-31
12823,2024,BEV,1,2026-07-31
12824,2018,PHEV,1,2026-07-31
12824,2019,BEV,1,2026-07-31
12824,2020,BEV,1,2026-07-31
12824,2020,PHEV,1,2026-07-31
12824,2021,PHEV,1,2026-07-31
12824,2022,BEV,1,2026-07-31
12824,2022,PHEV,1,2026-07-31
12824,2024,PHEV,1,2026-07-31
12827,2018,PHEV,3,2026-07-31
12827,2019,PHEV,2,2026-07-31
12827,2020,BEV,1,2026-07-31
12827,2021,PHEV,1,2026-07-31
12827,2022,BEV,3,2026-07-31
12827,2023,BEV,2,2026-07-31
12827,2023,PHEV,4,2026-07-31
12827,2024,BEV,2,2026-07-31
12827,2025,BEV,3,2026-07-31
12827,2025,PHEV,1,2026-07-31
12828,2017,BEV,1,2026-07-31
12828,2017,PHEV,1,2026-07-31
12828,2018,PHEV,3,2026-07-31
12828,2019,BEV,2,2026-07-31
12828,2019,PHEV,2,2026-07-31
12828,2020,BEV,5,2026-07-31
12828,2020,PHEV,2,2026-07-31
12828,2021,BEV,4,2026-07-31
12828,2021,PHEV,5,2026-07-31
12828,2022,BEV,5,2026-07-31
12828,2022,PHEV,3,2026-07-31
12828,2023,BEV,3,2026-07-31
12828,2023,PHEV,10,2026-07-31
12828,2024,BEV,3,2026-07-31
12828,2024,PHEV,3,2026-07-31
12828,2025,BEV,7,2026-07-31
12828,2025,PHEV,2,2026-07-31
12828,2026,BEV,2,2026-07-31
12828,2026,PHEV,2,2026-07-31
12831,2017,BEV,2,2026-07-31
12831,2017,PHEV,11,2026-07-31
12831,2018,BEV,4,2026-07-31
12831,2018,PHEV,10,2026-07-31
12831,2019,BEV,6,2026-07-31
12831,2019,PHEV,8,2026-07-31
12831,2020,BEV,11,2026-07-31
12831,2020,PHEV,2,2026-07-31
12831,2021,BEV,10,2026-07-31
12831,2021,PHEV,19,2026-07-31
12831,2022,BEV,21,2026-07-31
12831,2022,PHEV,12,2026-07-31
12831,2023,BEV,26,2026-07-31
12831,2023,PHEV,37,2026-07-31
12831,2024,BEV,30,2026-07-31
12831,2024,PHEV,22,2026-07-31
12831,2025,BEV,37,2026-07-31
12831,2025,PHEV,17,2026-07-31
12831,2026,BEV,15,2026-07-31
12831,2026,PHEV,5,2026-07-31
12832,2017,PHEV,5,2026-07-31
12832,2019,PHEV,3,2026-07-31
12832,2020,BEV,2,2026-07-31
12832,2020,PHEV,1,2026-07-31
12832,2021,BEV,2,2026-07-31
12832,2021,PHEV,3,2026-07-31
12832,2022,BEV,1,2026-07-31
12832,2022,PHEV,2,2026-07-31
12832,2023,PHEV,1,2026-07-31
12832,2024,BEV,3,2026-07-31
12832,2024,PHEV,3,2026-07-31
12832,2025,BEV,2,2026-07-31
12832,2026,BEV,3,2026-07-31
12833,2017,BEV,2,2026-07-31
12833,2018,PHEV,1,2026-07-31
12833,2019,PHEV,4,2026-07-31
12833,2020,PHEV,2,2026-07-31
12833,2021,BEV,3,2026-07-31
12833,2021,PHEV,4,2026-07-31
12833,2022,BEV,5,2026-07-31
12833,2022,PHEV,3,2026-07-31
12833,2023,BEV,4,2026-07-31
12833,2023,PHEV,5,2026-07-31
12833,2024,BEV,10,2026-07-31
12833,2024,PHEV,6,2026-07-31
12833,2025,BEV,8,2026-07-31
12833,2025,PHEV,1,2026-07-31
12833,2026,BEV,4,2026-07-31
12833,2026,PHEV,1,2026-07-31
12834,2017,BEV,1,2026-07-31
12834,2017,PHEV,3,2026-07-31
12834,2018,PHEV,4,2026-07-31
12834,2019,PHEV,2,2026-07-31
12834,2020,PHEV,3,2026-07-31
12834,2021,BEV,2,2026-07-31
12834,2021,PHEV,4,2026-07-31
12834,2022,BEV,5,2026-07-31
12834,2022,PHEV,3,2026-07-31
12834,2023,BEV,8,2026-07-31
12834,2023,PHEV,2,2026-07-31
12834,2024,BEV,8,2026-07-31
12834,2024,PHEV,3,2026-07-31
12834,2025,BEV,8,2026-07-31
12834,2025,PHEV,1,2026-07-31
12834,2026,BEV,2,2026-07-31
12835,2017,PHEV,1,2026-07-31
12835,2018,PHEV,1,2026-07-31
12835,2021,PHEV,2,2026-07-31
12835,2022,BEV,2,2026-07-31
12835,2022,PHEV,1,2026-07-31
12835,2023,BEV,1,2026-07-31
12835,2023,PHEV,2,2026-07-31
12835,2025,BEV,2,2026-07-31
12835,2025,PHEV,1,2026-07-31
12836,2020,PHEV,1,2026-07-31
12836,2021,BEV,1,2026-07-31
12836,2022,BEV,1,2026-07-31
12836,2022,PHEV,1,2026-07-31
12836,2023,BEV,2,2026-07-31
12836,2024,BEV,1,2026-07-31
12838,2021,BEV,1,2026-07-31
12839,2017,BEV,3,2026-07-31
12839,2017,PHEV,3,2026-07-31
12839,2018,PHEV,6,2026-07-31
12839,2020,BEV,4,2026-07-31
12839,2020,PHEV,4,2026-07-31
12839,2021,BEV,1,2026-07-31
12839,2021,PHEV,3,2026-07-31
12839,2022,BEV,5,2026-07-31
12839,2022,PHEV,4,2026-07-31
12839,2023,BEV,6,2026-07-31
12839,2023,PHEV,5,2026-07-31
12839,2024,BEV,5,2026-07-31
12839,2024,PHEV,6,2026-07-31
12839,2025,BEV,8,2026-07-31
12839,2025,PHEV,2,2026-07-31
12839,2026,PHEV,1,2026-07-31
12841,2023,PHEV,1,2026-07-31
12841,2024,BEV,1,2026-07-31
12842,2020,PHEV,1,2026-07-31
12842,2021,PHEV,3,2026-07-31
12842,2022,BEV,1,2026-07-31
12842,2022,PHEV,2,2026-07-31
12842,2023,PHEV,1,2026-07-31
12842,2026,BEV,1,2026-07-31
12843,2018,PHEV,1,2026-07-31
12843,2021,BEV,1,2026-07-31
12843,2021,PHEV,2,2026-07-31
12843,2022,PHEV,1,2026-07-31
12843,2023,PHEV,1,2026-07-31
12843,2024,BEV,1,2026-07-31
12843,2026,BEV,1,2026-07-31
12844,2017,PHEV,1,2026-07-31
12844,2021,PHEV,1,2026-07-31
12844,2022,BEV,1,2026-07-31
12844,2023,PHEV,1,2026-07-31
12844,2024,BEV,1,2026-07-31
12844,2024,PHEV,1,2026-07-31
12844,2025,BEV,1,2026-07-31
12844,2025,PHEV,1,2026-07-31
12844,2026,BEV,1,2026-07-31
12845,2017,PHEV,5,2026-07-31
12845,2018,PHEV,5,2026-07-31
12845,2019,BEV,1,2026-07-31
12845,2019,PHEV,3,2026-07-31
12845,2020,BEV,2,2026-07-31
12845,2020,PHEV,2,2026-07-31
12845,2021,BEV,10,2026-07-31
12845,2021,PHEV,6,2026-07-31
12845,2022,BEV,10,2026-07-31
12845,2022,PHEV,2,2026-07-31
12845,2023,BEV,9,2026-07-31
12845,2023,PHEV,7,2026-07-31
12845,2024,BEV,13,2026-07-31
12845,2024,PHEV,6,2026-07-31
12845,2025,BEV,10,2026-07-31
12845,2026,BEV,1,2026-07-31
12846,2017,PHEV,1,2026-07-31
12846,2018,PHEV,3,2026-07-31
12846,2020,PHEV,1,2026-07-31
12846,2022,BEV,1,2026-07-31
12846,2023,BEV,4,2026-07-31
12846,2023,PHEV,2,2026-07-31
12846,2024,BEV,1,2026-07-31
12846,2024,PHEV,5,2026-07-31
12846,2025,BEV,1,2026-07-31
12846,2025,PHEV,1,2026-07-31
12847,2019,PHEV,1,2026-07-31
12847,2020,PHEV,1,2026-07-31
12847,2022,BEV,1,2026-07-31
12849,2024,PHEV,1,2026-07-31
12850,2018,BEV,1,2026-07-31
12850,2018,PHEV,1,2026-07-31
12850,2020,BEV,1,2026-07-31
12850,2022,BEV,4,2026-07-31
12850,2023,BEV,8,2026-07-31
12850,2023,PHEV,3,2026-07-31
12850,2024,BEV,2,2026-07-31
12850,2024,PHEV,4,2026-07-31
12850,2025,BEV,2,2026-07-31
12850,2025,PHEV,3,2026-07-31
12850,2026,BEV,4,2026-07-31
12850,2026,PHEV,1,2026-07-31
12851,2018,PHEV,1,2026-07-31
12851,2021,PHEV,1,2026-07-31
12852,2022,BEV,2,2026-07-31
12852,2024,BEV,1,2026-07-31
12852,2024,PHEV,1,2026-07-31
12852,2025,BEV,1,2026-07-31
12853,2018,PHEV,1,2026-07-31
12853,2019,PHEV,1,2026-07-31
12853,2020,BEV,2,2026-07-31
12853,2020,PHEV,1,2026-07-31
12853,2021,PHEV,1,2026-07-31
12853,2022,PHEV,1,2026-07-31
12853,2023,BEV,1,2026-07-31
12853,2023,PHEV,2,2026-07-31
12853,2024,BEV,1,2026-07-31
12853,2024,PHEV,1,2026-07-31
12853,2025,BEV,2,2026-07-31
12853,2025,PHEV,1,2026-07-31
12855,2020,BEV,1,2026-07-31
12855,2021,PHEV,1,2026-07-31
12855,2025,BEV,1,2026-07-31
12856,2024,BEV,2,2026-07-31
12857,2017,PHEV,1,2026-07-31
12857,2018,BEV,1,2026-07-31
12857,2019,PHEV,1,2026-07-31
12857,2020,PHEV,1,2026-07-31
12857,2021,BEV,1,2026-07-31
12857,2021,PHEV,3,2026-07-31
12857,2025,BEV,2,2026-07-31
12859,2017,BEV,1,2026-07-31
12859,2017,PHEV,1,2026-07-31
12859,2018,PHEV,2,2026-07-31
12859,2019,PHEV,1,2026-07-31
12859,2020,BEV,1,2026-07-31
12859,2021,BEV,1,2026-07-31
12859,2022,PHEV,1,2026-07-31
12859,2023,BEV,6,2026-07-31
12859,2023,PHEV,2,2026-07-31
12859,2024,BEV,2,2026-07-31
12859,2025,PHEV,2,2026-07-31
12859,2026,BEV,2,2026-07-31
12860,2020,BEV,1,2026-07-31
12860,2021,BEV,1,2026-07-31
12860,2022,BEV,1,2026-07-31
12861,2022,BEV,1,2026-07-31
12861,2025,BEV,1,2026-07-31
12863,2019,BEV,2,2026-07-31
12863,2022,BEV,1,2026-07-31
12863,2023,BEV,1,2026-07-31
12863,2024,BEV,1,2026-07-31
12863,2024,PHEV,1,2026-07-31
12863,2025,BEV,1,2026-07-31
12863,2025,PHEV,1,2026-07-31
12863,2026,BEV,1,2026-07-31
12865,2017,BEV,1,2026-07-31
12865,2017,PHEV,1,2026-07-31
12865,2018,BEV,1,2026-07-31
12865,2018,PHEV,3,2026-07-31
12865,2019,BEV,1,2026-07-31
12865,2019,PHEV,3,2026-07-31
12865,2020,BEV,1,2026-07-31
12865,2021,BEV,3,2026-07-31
12865,2021,PHEV,2,2026-07-31
12865,2022,BEV,3,2026-07-31
12865,2022,PHEV,2,2026-07-31
12865,2023,BEV,2,2026-07-31
12865,2023,PHEV,2,2026-07-31
12865,2024,BEV,2,2026-07-31
12865,2024,PHEV,1,2026-07-31
12865,2025,BEV,2,2026-07-31
12866,2017,BEV,4,2026-07-31
12866,2017,PHEV,31,2026-07-31
12866,2018,BEV,5,2026-07-31
12866,2018,PHEV,34,2026-07-31
12866,2019,BEV,20,2026-07-31
12866,2019,PHEV,26,2026-07-31
12866,2020,BEV,39,2026-07-31
12866,2020,PHEV,16,2026-07-31
12866,2021,BEV,56,2026-07-31
12866,2021,PHEV,65,2026-07-31
12866,2022,BEV,88,2026-07-31
12866,2022,PHEV,39,2026-07-31
12866,2023,BEV,105,2026-07-31
12866,2023,PHEV,62,2026-07-31
12866,2024,BEV,88,2026-07-31
12866,2024,PHEV,71,2026-07-31
12866,2025,BEV,116,2026-07-31
12866,2025,PHEV,48,2026-07-31
12866,2026,BEV,38,2026-07-31
12866,2026,PHEV,15,2026-07-31
12870,2019,BEV,2,2026-07-31
12870,2021,PHEV,1,2026-07-31
12870,2022,BEV,1,2026-07-31
12870,2022,PHEV,1,2026-07-31
12870,2023,BEV,1,2026-07-31
12870,2023,PHEV,1,2026-07-31
12870,2024,BEV,3,2026-07-31
12870,2024,PHEV,2,2026-07-31
12870,2026,BEV,2,2026-07-31
12871,2017,PHEV,1,2026-07-31
12871,2018,BEV,1,2026-07-31
12871,2018,PHEV,1,2026-07-31
12871,2019,BEV,1,2026-07-31
12871,2020,BEV,1,2026-07-31
12871,2020,PHEV,1,2026-07-31
12871,2021,BEV,1,2026-07-31
12871,2021,PHEV,6,2026-07-31
12871,2022,BEV,1,2026-07-31
12871,2022,PHEV,2,2026-07-31
12871,2023,BEV,1,2026-07-31
12871,2023,PHEV,3,2026-07-31
12871,2024,BEV,4,2026-07-31
12871,2024,PHEV,3,2026-07-31
12871,2025,BEV,4,2026-07-31
12871,2025,PHEV,1,2026-07-31
12873,2018,PHEV,1,2026-07-31
12873,2021,PHEV,1,2026-07-31
12873,2022,PHEV,2,2026-07-31
12873,2023,PHEV,1,2026-07-31
12873,2024,BEV,1,2026-07-31
12873,2024,PHEV,1,2026-07-31
12873,2025,BEV,3,2026-07-31
12874,2021,PHEV,1,2026-07-31
12874,2025,BEV,1,2026-07-31
12878,2021,PHEV,1,2026-07-31
12878,2022,PHEV,1,2026-07-31
12878,2024,PHEV,1,2026-07-31
12878,2025,PHEV,1,2026-07-31
12878,2026,BEV,1,2026-07-31
12883,2017,PHEV,1,2026-07-31
12883,2018,PHEV,1,2026-07-31
12883,2019,PHEV,1,2026-07-31
12883,2021,BEV,2,2026-07-31
12883,2022,BEV,4,2026-07-31
12883,2022,PHEV,1,2026-07-31
12883,2023,PHEV,1,2026-07-31
12883,2024,BEV,2,2026-07-31
12883,2024,PHEV,4,2026-07-31
12883,2025,BEV,1,2026-07-31
12883,2026,PHEV,1,2026-07-31
12884,2021,BEV,1,2026-07-31
12884,2021,PHEV,1,2026-07-31
12885,2017,PHEV,2,2026-07-31
12885,2018,PHEV,3,2026-07-31
12885,2019,BEV,1,2026-07-31
12885,2019,PHEV,1,2026-07-31
12885,2020,PHEV,1,2026-07-31
12885,2021,BEV,1,2026-07-31
12885,2021,PHEV,4,2026-07-31
12885,2022,BEV,3,2026-07-31
12885,2022,PHEV,1,2026-07-31
12885,2023,BEV,4,2026-07-31
12885,2023,PHEV,3,2026-07-31
12885,2024,BEV,5,2026-07-31
12885,2024,PHEV,1,2026-07-31
12885,2025,BEV,3,2026-07-31
12885,2025,PHEV,1,2026-07-31
12885,2026,BEV,1,2026-07-31
12886,2022,PHEV,1,2026-07-31
12887,2017,PHEV,4,2026-07-31
12887,2018,PHEV,1,2026-07-31
12887,2019,BEV,1,2026-07-31
12887,2019,PHEV,4,2026-07-31
12887,2020,BEV,3,2026-07-31
12887,2020,PHEV,2,2026-07-31
12887,2021,PHEV,1,2026-07-31
12887,2022,BEV,1,2026-07-31
12887,2022,PHEV,1,2026-07-31
12887,2023,PHEV,1,2026-07-31
12887,2024,BEV,3,2026-07-31
12887,2025,BEV,2,2026-07-31
12901,2017,BEV,3,2026-07-31
12901,2017,PHEV,4,2026-07-31
12901,2018,BEV,4,2026-07-31
12901,2018,PHEV,11,2026-07-31
12901,2019,BEV,2,2026-07-31
12901,2019,PHEV,7,2026-07-31
12901,2020,BEV,11,2026-07-31
12901,2020,PHEV,13,2026-07-31
12901,2021,BEV,17,2026-07-31
12901,2021,PHEV,22,2026-07-31
12901,2022,BEV,18,2026-07-31
12901,2022,PHEV,10,2026-07-31
12901,2023,BEV,21,2026-07-31
12901,2023,PHEV,6,2026-07-31
12901,2024,BEV,26,2026-07-31
12901,2024,PHEV,14,2026-07-31
12901,2025,BEV,27,2026-07-31
12901,2025,PHEV,7,2026-07-31
12901,2026,BEV,4,2026-07-31
12901,2026,PHEV,1,2026-07-31
12903,2019,PHEV,1,2026-07-31
12903,2020,BEV,3,2026-07-31
12903,2020,PHEV,2,2026-07-31
12903,2021,BEV,4,2026-07-31
12903,2021,PHEV,7,2026-07-31
12903,2022,BEV,3,2026-07-31
12903,2023,BEV,2,2026-07-31
12903,2023,PHEV,1,2026-07-31
12903,2024,BEV,3,2026-07-31
12903,2024,PHEV,4,2026-07-31
12903,2025,BEV,5,2026-07-31
12903,2026,BEV,2,2026-07-31
12910,2019,PHEV,2,2026-07-31
12910,2021,PHEV,2,2026-07-31
12910,2023,BEV,1,2026-07-31
12910,2026,BEV,1,2026-07-31
12912,2017,BEV,1,2026-07-31
12912,2017,PHEV,1,2026-07-31
12912,2018,PHEV,1,2026-07-31
12912,2020,BEV,1,2026-07-31
12912,2021,PHEV,1,2026-07-31
12912,2022,BEV,1,2026-07-31
12912,2022,PHEV,1,2026-07-31
12912,2023,BEV,2,2026-07-31
12912,2023,PHEV,1,2026-07-31
12912,2024,BEV,2,2026-07-31
12912,2025,BEV,1,2026-07-31
12913,2017,BEV,2,2026-07-31
12913,2017,PHEV,1,2026-07-31
12913,2019,PHEV,1,2026-07-31
12913,2020,PHEV,1,2026-07-31
12913,2021,PHEV,1,2026-07-31
12913,2022,BEV,1,2026-07-31
12913,2022,PHEV,1,2026-07-31
12913,2023,BEV,1,2026-07-31
12913,2023,PHEV,1,2026-07-31
12916,2018,PHEV,2,2026-07-31
12916,2021,BEV,1,2026-07-31
12916,2021,PHEV,1,2026-07-31
12916,2022,PHEV,1,2026-07-31
12916,2023,BEV,1,2026-07-31
12916,2023,PHEV,2,2026-07-31
12917,2019,BEV,1,2026-07-31
12917,2025,BEV,2,2026-07-31
12918,2021,BEV,1,2026-07-31
12918,2022,BEV,2,2026-07-31
12918,2022,PHEV,1,2026-07-31
12918,2023,BEV,3,2026-07-31
12918,2023,PHEV,1,2026-07-31
12918,2024,BEV,2,2026-07-31
12918,2025,BEV,2,2026-07-31
12918,2026,BEV,1,2026-07-31
12919,2017,BEV,1,2026-07-31
12919,2017,PHEV,1,2026-07-31
12919,2019,BEV,1,2026-07-31
12919,2019,PHEV,2,2026-07-31
12919,2020,BEV,1,2026-07-31
12919,2020,PHEV,2,2026-07-31
12919,2021,BEV,1,2026-07-31
12919,2021,PHEV,3,2026-07-31
12919,2022,PHEV,1,2026-07-31
12919,2023,BEV,2,2026-07-31
12919,2024,BEV,1,2026-07-31
12919,2025,BEV,1,2026-07-31
12919,2025,PHEV,1,2026-07-31
12919,2026,BEV,1,2026-07-31
12920,2018,PHEV,1,2026-07-31
12920,2021,PHEV,3,2026-07-31
12920,2022,PHEV,1,2026-07-31
12920,2023,PHEV,3,2026-07-31
12920,2024,BEV,2,2026-07-31
12920,2025,PHEV,1,2026-07-31
12921,2023,PHEV,1,2026-07-31
12921,2024,BEV,2,2026-07-31
12922,2018,PHEV,1,2026-07-31
12922,2021,PHEV,1,2026-07-31
12922,2023,BEV,1,2026-07-31
12922,2024,PHEV,1,2026-07-31
12923,2020,PHEV,1,2026-07-31
12923,2023,PHEV,1,2026-07-31
12926,2022,BEV,1,2026-07-31
12926,2023,PHEV,1,2026-07-31
12926,2024,PHEV,1,2026-07-31
12926,2025,PHEV,1,2026-07-31
12926,2026,BEV,1,2026-07-31
12928,2018,BEV,1,2026-07-31
12928,2019,BEV,1,2026-07-31
12928,2020,PHEV,1,2026-07-31
12928,2021,BEV,2,2026-07-31
12928,2021,PHEV,2,2026-07-31
12928,2022,BEV,1,2026-07-31
12928,2023,PHEV,1,2026-07-31
12928,2024,BEV,3,2026-07-31
12928,2024,PHEV,1,2026-07-31
12928,2025,BEV,1,2026-07-31
12929,2019,PHEV,1,2026-07-31
12929,2022,PHEV,2,2026-07-31
12929,2025,BEV,1,2026-07-31
12930,2023,BEV,1,2026-07-31
12930,2024,PHEV,2,2026-07-31
12930,2025,BEV,1,2026-07-31
12930,2025,PHEV,1,2026-07-31
12932,2018,PHEV,1,2026-07-31
12932,2019,BEV,1,2026-07-31
12932,2022,PHEV,1,2026-07-31
12932,2023,BEV,1,2026-07-31
12932,2023,PHEV,1,2026-07-31
12932,2024,BEV,4,2026-07-31
12932,2025,BEV,3,2026-07-31
12932,2026,BEV,1,2026-07-31
12934,2023,BEV,1,2026-07-31
12934,2025,BEV,1,2026-07-31
12935,2017,PHEV,1,2026-07-31
12936,2017,PHEV,1,2026-07-31
12936,2018,PHEV,1,2026-07-31
12936,2019,PHEV,1,2026-07-31
12936,2022,BEV,2,2026-07-31
12936,2023,BEV,1,2026-07-31
12936,2024,BEV,2,2026-07-31
12936,2026,BEV,2,2026-07-31
12937,2024,BEV,1,2026-07-31
12941,2017,PHEV,1,2026-07-31
12941,2018,PHEV,2,2026-07-31
12941,2020,BEV,1,2026-07-31
12941,2020,PHEV,2,2026-07-31
12941,2021,PHEV,5,2026-07-31
12941,2022,BEV,1,2026-07-31
12941,2023,BEV,2,2026-07-31
12941,2023,PHEV,1,2026-07-31
12941,2024,BEV,1,2026-07-31
12941,2024,PHEV,1,2026-07-31
12941,2025,BEV,2,2026-07-31
12942,2017,BEV,1,2026-07-31
12942,2017,PHEV,1,2026-07-31
12942,2018,BEV,1,2026-07-31
12942,2018,PHEV,2,2026-07-31
12942,2019,BEV,1,2026-07-31
12942,2019,PHEV,1,2026-07-31
12942,2021,BEV,2,2026-07-31
12942,2021,PHEV,2,2026-07-31
12942,2022,BEV,3,2026-07-31
12942,2023,BEV,1,2026-07-31
12942,2024,BEV,5,2026-07-31
12942,2024,PHEV,1,2026-07-31
12942,2025,BEV,3,2026-07-31
12942,2025,PHEV,2,2026-07-31
12943,2019,BEV,1,2026-07-31
12943,2020,BEV,2,2026-07-31
12943,2021,PHEV,1,2026-07-31
12943,2023,BEV,1,2026-07-31
12943,2024,BEV,3,2026-07-31
12943,2025,PHEV,1,2026-07-31
12944,2018,PHEV,1,2026-07-31
12944,2022,BEV,2,2026-07-31
12944,2022,PHEV,1,2026-07-31
12944,2023,BEV,2,2026-07-31
12944,2024,BEV,1,2026-07-31
12944,2025,BEV,1,2026-07-31
12944,2025,PHEV,1,2026-07-31
12945,2023,PHEV,1,2026-07-31
12945,2025,PHEV,1,2026-07-31
12946,2017,PHEV,1,2026-07-31
12946,2019,BEV,2,2026-07-31
12946,2019,PHEV,1,2026-07-31
12946,2020,BEV,3,2026-07-31
12946,2020,PHEV,1,2026-07-31
12946,2021,BEV,2,2026-07-31
12946,2021,PHEV,10,2026-07-31
12946,2022,BEV,5,2026-07-31
12946,2022,PHEV,4,2026-07-31
12946,2023,BEV,11,2026-07-31
12946,2023,PHEV,1,2026-07-31
12946,2024,BEV,8,2026-07-31
12946,2024,PHEV,5,2026-07-31
12946,2025,BEV,8,2026-07-31
12946,2025,PHEV,6,2026-07-31
12946,2026,BEV,4,2026-07-31
12946,2026,PHEV,1,2026-07-31
12950,2018,BEV,1,2026-07-31
12950,2022,BEV,1,2026-07-31
12950,2023,BEV,1,2026-07-31
12950,2023,PHEV,1,2026-07-31
12950,2024,BEV,1,2026-07-31
12953,2017,PHEV,1,2026-07-31
12953,2018,PHEV,3,2026-07-31
12953,2019,BEV,1,2026-07-31
12953,2019,PHEV,2,2026-07-31
12953,2020,BEV,1,2026-07-31
12953,2020,PHEV,1,2026-07-31
12953,2021,BEV,3,2026-07-31
12953,2021,PHEV,5,2026-07-31
12953,2022,BEV,3,2026-07-31
12953,2022,PHEV,1,2026-07-31
12953,2023,BEV,2,2026-07-31
12953,2024,BEV,3,2026-07-31
12953,2024,PHEV,2,2026-07-31
12953,2025,BEV,1,2026-07-31
12953,2025,PHEV,2,2026-07-31
12953,2026,BEV,2,2026-07-31
12953,2026,PHEV,1,2026-07-31
12955,2021,PHEV,1,2026-07-31
12956,2021,PHEV,1,2026-07-31
12956,2022,BEV,1,2026-07-31
12956,2023,BEV,1,2026-07-31
12956,2024,BEV,2,2026-07-31
12956,2025,PHEV,1,2026-07-31
12957,2020,PHEV,1,2026-07-31
12957,2025,PHEV,1,2026-07-31
12958,2022,BEV,1,2026-07-31
12958,2023,BEV,1,2026-07-31
12958,2024,BEV,5,2026-07-31
12958,2025,BEV,2,2026-07-31
12959,2020,PHEV,1,2026-07-31
12959,2021,BEV,1,2026-07-31
12959,2021,PHEV,1,2026-07-31
12959,2022,PHEV,1,2026-07-31
12959,2024,PHEV,1,2026-07-31
12959,2025,BEV,2,2026-07-31
12960,2018,PHEV,1,2026-07-31
12960,2024,PHEV,1,2026-07-31
12960,2025,BEV,1,2026-07-31
12960,2025,PHEV,1,2026-07-31
12962,2018,PHEV,3,2026-07-31
12962,2019,PHEV,2,2026-07-31
12962,2020,PHEV,2,2026-07-31
12962,2021,BEV,4,2026-07-31
12962,2021,PHEV,4,2026-07-31
12962,2022,BEV,3,2026-07-31
12962,2022,PHEV,4,2026-07-31
12962,2023,BEV,4,2026-07-31
12962,2023,PHEV,4,2026-07-31
12962,2024,BEV,2,2026-07-31
12962,2024,PHEV,3,2026-07-31
12962,2025,BEV,2,2026-07-31
12962,2025,PHEV,2,2026-07-31
12962,2026,BEV,3,2026-07-31
12962,2026,PHEV,1,2026-07-31
12964,2021,PHEV,1,2026-07-31
12964,2026,BEV,1,2026-07-31
12965,2023,PHEV,1,2026-07-31
12965,2026,PHEV,1,2026-07-31
12966,2018,PHEV,2,2026-07-31
12966,2020,BEV,1,2026-07-31
12966,2021,BEV,1,2026-07-31
12966,2021,PHEV,2,2026-07-31
12966,2024,BEV,1,2026-07-31
12966,2024,PHEV,3,2026-07-31
12967,2024,BEV,1,2026-07-31
12970,2020,PHEV,1,2026-07-31
12970,2021,BEV,1,2026-07-31
12970,2022,PHEV,1,2026-07-31
12970,2023,PHEV,2,2026-07-31
12970,2024,BEV,1,2026-07-31
12972,2018,PHEV,1,2026-07-31
12972,2019,PHEV,2,2026-07-31
12972,2020,PHEV,2,2026-07-31
12972,2021,BEV,1,2026-07-31
12972,2021,PHEV,3,2026-07-31
12972,2022,BEV,1,2026-07-31
12972,2022,PHEV,6,2026-07-31
12972,2023,BEV,5,2026-07-31
12972,2023,PHEV,1,2026-07-31
12972,2024,BEV,6,2026-07-31
12972,2024,PHEV,3,2026-07-31
12972,2025,BEV,8,2026-07-31
12972,2025,PHEV,4,2026-07-31
12973,2020,PHEV,1,2026-07-31
12974,2024,BEV,1,2026-07-31
12974,2024,PHEV,1,2026-07-31
12975,2025,BEV,1,2026-07-31
12976,2023,PHEV,1,2026-07-31
12976,2025,BEV,1,2026-07-31
12977,2024,BEV,1,2026-07-31
12978,2017,PHEV,1,2026-07-31
12978,2019,BEV,1,2026-07-31
12978,2020,BEV,2,2026-07-31
12978,2023,BEV,1,2026-07-31
12979,2020,PHEV,1,2026-07-31
12979,2021,BEV,2,2026-07-31
12979,2022,BEV,3,2026-07-31
12979,2023,PHEV,1,2026-07-31
12979,2024,BEV,3,2026-07-31
12979,2025,BEV,4,2026-07-31
12979,2025,PHEV,1,2026-07-31
12980,2017,PHEV,1,2026-07-31
12980,2019,BEV,1,2026-07-31
12980,2021,PHEV,1,2026-07-31
12980,2022,PHEV,1,2026-07-31
12981,2017,PHEV,1,2026-07-31
12981,2019,PHEV,1,2026-07-31
12981,2020,PHEV,1,2026-07-31
12981,2021,BEV,1,2026-07-31
12981,2021,PHEV,1,2026-07-31
12981,2023,BEV,2,2026-07-31
12981,2023,PHEV,1,2026-07-31
12981,2024,BEV,2,2026-07-31
12981,2024,PHEV,1,2026-07-31
12981,2025,BEV,2,2026-07-31
12983,2018,BEV,1,2026-07-31
12983,2018,PHEV,1,2026-07-31
12983,2019,BEV,3,2026-07-31
12983,2019,PHEV,2,2026-07-31
12983,2020,BEV,3,2026-07-31
12983,2020,PHEV,3,2026-07-31
12983,2021,BEV,5,2026-07-31
12983,2021,PHEV,10,2026-07-31
12983,2022,BEV,4,2026-07-31
12983,2022,PHEV,5,2026-07-31
12983,2023,BEV,8,2026-07-31
12983,2023,PHEV,8,2026-07-31
12983,2024,BEV,6,2026-07-31
12983,2024,PHEV,8,2026-07-31
12983,2025,BEV,5,2026-07-31
12983,2025,PHEV,6,2026-07-31
12983,2026,BEV,3,2026-07-31
12983,2026,PHEV,1,2026-07-31
12985,2018,PHEV,1,2026-07-31
12985,2020,BEV,1,2026-07-31
12985,2021,BEV,1,2026-07-31
12985,2021,PHEV,1,2026-07-31
12985,2023,PHEV,1,2026-07-31
12985,2024,BEV,1,2026-07-31
12985,2026,BEV,1,2026-07-31
12986,2017,PHEV,1,2026-07-31
12986,2018,PHEV,2,2026-07-31
12986,2019,PHEV,1,2026-07-31
12986,2020,PHEV,1,2026-07-31
12986,2021,BEV,2,2026-07-31
12986,2021,PHEV,5,2026-07-31
12986,2022,BEV,1,2026-07-31
12986,2022,PHEV,1,2026-07-31
12986,2023,BEV,2,2026-07-31
12986,2023,PHEV,5,2026-07-31
12986,2024,BEV,6,2026-07-31
12986,2024,PHEV,5,2026-07-31
12986,2025,BEV,3,2026-07-31
12986,2026,BEV,1,2026-07-31
12986,2026,PHEV,1,2026-07-31
12987,2020,BEV,1,2026-07-31
12987,2020,PHEV,1,2026-07-31
12987,2021,PHEV,1,2026-07-31
12987,2022,BEV,1,2026-07-31
12987,2023,PHEV,1,2026-07-31
12987,2025,BEV,1,2026-07-31
12987,2026,PHEV,2,2026-07-31
12989,2019,BEV,1,2026-07-31
12989,2020,BEV,1,2026-07-31
12989,2020,PHEV,1,2026-07-31
12989,2021,PHEV,2,2026-07-31
12989,2022,PHEV,1,2026-07-31
12989,2023,BEV,4,2026-07-31
12989,2023,PHEV,1,2026-07-31
12989,2024,PHEV,1,2026-07-31
12989,2026,BEV,1,2026-07-31
12992,2018,PHEV,2,2026-07-31
12992,2019,BEV,1,2026-07-31
12992,2021,BEV,2,2026-07-31
12992,2021,PHEV,2,2026-07-31
12992,2022,BEV,2,2026-07-31
12992,2023,BEV,1,2026-07-31
12992,2023,PHEV,3,2026-07-31
12992,2024,BEV,1,2026-07-31
12992,2024,PHEV,1,2026-07-31
12992,2025,BEV,2,2026-07-31
12992,2025,PHEV,2,2026-07-31
12992,2026,BEV,1,2026-07-31
12993,2017,BEV,1,2026-07-31
12993,2017,PHEV,1,2026-07-31
12993,2018,PHEV,2,2026-07-31
12993,2020,BEV,2,2026-07-31
12993,2021,BEV,1,2026-07-31
12993,2021,PHEV,2,2026-07-31
12993,2022,BEV,5,2026-07-31
12993,2022,PHEV,3,2026-07-31
12993,2023,BEV,3,2026-07-31
12993,2024,BEV,4,2026-07-31
12993,2024,PHEV,1,2026-07-31
12993,2025,BEV,1,2026-07-31
12993,2026,BEV,1,2026-07-31
12996,2018,BEV,1,2026-07-31
12996,2018,PHEV,1,2026-07-31
12996,2020,BEV,2,2026-07-31
12996,2020,PHEV,3,2026-07-31
12996,2021,BEV,2,2026-07-31
12996,2021,PHEV,1,2026-07-31
12996,2022,BEV,1,2026-07-31
12996,2023,BEV,2,2026-07-31
12996,2024,BEV,4,2026-07-31
12996,2024,PHEV,1,2026-07-31
12997,2020,BEV,1,2026-07-31
12997,2020,PHEV,1,2026-07-31
12997,2021,BEV,1,2026-07-31
12997,2021,PHEV,4,2026-07-31
12997,2022,PHEV,1,2026-07-31
12997,2023,BEV,2,2026-07-31
12997,2023,PHEV,1,2026-07-31
12997,2024,BEV,1,2026-07-31
12997,2024,PHEV,1,2026-07-31
12997,2025,BEV,4,2026-07-31
12998,2026,BEV,1,2026-07-31
13021,2017,BEV,1,2026-07-31
13021,2017,PHEV,1,2026-07-31
13021,2018,BEV,1,2026-07-31
13021,2018,PHEV,11,2026-07-31
13021,2019,BEV,2,2026-07-31
13021,2019,PHEV,9,2026-07-31
13021,2020,BEV,3,2026-07-31
13021,2020,PHEV,7,2026-07-31
13021,2021,BEV,12,2026-07-31
13021,2021,PHEV,11,2026-07-31
13021,2022,BEV,20,2026-07-31
13021,2022,PHEV,13,2026-07-31
13021,2023,BEV,9,2026-07-31
13021,2023,PHEV,36,2026-07-31
13021,2024,BEV,46,2026-07-31
13021,2024,PHEV,39,2026-07-31
13021,2025,BEV,26,2026-07-31
13021,2025,PHEV,21,2026-07-31
13021,2026,BEV,16,2026-07-31
13021,2026,PHEV,3,2026-07-31
13026,2018,PHEV,2,2026-07-31
13026,2019,BEV,1,2026-07-31
13026,2021,BEV,2,2026-07-31
13026,2022,BEV,1,2026-07-31
13026,2022,PHEV,1,2026-07-31
13026,2023,BEV,1,2026-07-31
13026,2024,BEV,1,2026-07-31
13026,2025,PHEV,1,2026-07-31
13026,2026,BEV,2,2026-07-31
13027,2017,BEV,1,2026-07-31
13027,2017,PHEV,4,2026-07-31
13027,2018,BEV,3,2026-07-31
13027,2018,PHEV,20,2026-07-31
13027,2019,BEV,14,2026-07-31
13027,2019,PHEV,13,2026-07-31
13027,2020,BEV,20,2026-07-31
13027,2020,PHEV,4,2026-07-31
13027,2021,BEV,26,2026-07-31
13027,2021,PHEV,26,2026-07-31
13027,2022,BEV,24,2026-07-31
13027,2022,PHEV,22,2026-07-31
13027,2023,BEV,37,2026-07-31
13027,2023,PHEV,69,2026-07-31
13027,2024,BEV,64,2026-07-31
13027,2024,PHEV,49,2026-07-31
13027,2025,BEV,54,2026-07-31
13027,2025,PHEV,30,2026-07-31
13027,2026,BEV,31,2026-07-31
13027,2026,PHEV,9,2026-07-31
13028,2022,BEV,1,2026-07-31
13028,2022,PHEV,1,2026-07-31
13028,2023,BEV,3,2026-07-31
13028,2023,PHEV,1,2026-07-31
13028,2024,PHEV,3,2026-07-31
13028,2025,PHEV,1,2026-07-31
13029,2017,PHEV,1,2026-07-31
13029,2018,BEV,1,2026-07-31
13029,2018,PHEV,3,2026-07-31
13029,2019,BEV,4,2026-07-31
13029,2019,PHEV,3,2026-07-31
13029,2020,BEV,1,2026-07-31
13029,2020,PHEV,1,2026-07-31
13029,2021,BEV,1,2026-07-31
13029,2021,PHEV,3,2026-07-31
13029,2022,BEV,4,2026-07-31
13029,2022,PHEV,5,2026-07-31
13029,2023,BEV,9,2026-07-31
13029,2023,PHEV,15,2026-07-31
13029,2024,BEV,11,2026-07-31
13029,2024,PHEV,10,2026-07-31
13029,2025,BEV,12,2026-07-31
13029,2025,PHEV,3,2026-07-31
13029,2026,BEV,6,2026-07-31
13029,2026,PHEV,2,2026-07-31
13030,2017,PHEV,1,2026-07-31
13030,2018,PHEV,1,2026-07-31
13030,2019,PHEV,2,2026-07-31
13030,2020,PHEV,1,2026-07-31
13030,2021,PHEV,5,2026-07-31
13030,2022,PHEV,2,2026-07-31
13030,2023,BEV,5,2026-07-31
13030,2023,PHEV,11,2026-07-31
13030,2024,BEV,3,2026-07-31
13030,2024,PHEV,4,2026-07-31
13030,2025,BEV,3,2026-07-31
13030,2025,PHEV,2,2026-07-31
13030,2026,BEV,1,2026-07-31
13031,2017,PHEV,4,2026-07-31
13031,2018,BEV,1,2026-07-31
13031,2018,PHEV,9,2026-07-31
13031,2019,BEV,4,2026-07-31
13031,2019,PHEV,8,2026-07-31
13031,2020,BEV,5,2026-07-31
13031,2020,PHEV,2,2026-07-31
13031,2021,BEV,12,2026-07-31
13031,2021,PHEV,12,2026-07-31
13031,2022,BEV,12,2026-07-31
13031,2022,PHEV,16,2026-07-31
13031,2023,BEV,19,2026-07-31
13031,2023,PHEV,21,2026-07-31
13031,2024,BEV,23,2026-07-31
13031,2024,PHEV,38,2026-07-31
13031,2025,BEV,20,2026-07-31
13031,2025,PHEV,14,2026-07-31
13031,2026,BEV,18,2026-07-31
13031,2026,PHEV,2,2026-07-31
13032,2017,BEV,1,2026-07-31
13032,2017,PHEV,5,2026-07-31
13032,2018,BEV,1,2026-07-31
13032,2018,PHEV,5,2026-07-31
13032,2019,PHEV,3,2026-07-31
13032,2020,PHEV,6,2026-07-31
13032,2021,BEV,5,2026-07-31
13032,2021,PHEV,6,2026-07-31
13032,2022,BEV,7,2026-07-31
13032,2022,PHEV,10,2026-07-31
13032,2023,BEV,5,2026-07-31
13032,2023,PHEV,9,2026-07-31
13032,2024,BEV,5,2026-07-31
13032,2024,PHEV,13,2026-07-31
13032,2025,BEV,11,2026-07-31
13032,2025,PHEV,11,2026-07-31
13032,2026,BEV,5,2026-07-31
13032,2026,PHEV,6,2026-07-31
13033,2019,BEV,1,2026-07-31
13033,2020,PHEV,4,2026-07-31
13033,2021,PHEV,1,2026-07-31
13033,2022,BEV,3,2026-07-31
13033,2024,BEV,3,2026-07-31
13033,2024,PHEV,1,2026-07-31
13033,2025,BEV,7,2026-07-31
13033,2025,PHEV,1,2026-07-31
13033,2026,PHEV,2,2026-07-31
13034,2019,PHEV,1,2026-07-31
13034,2020,PHEV,1,2026-07-31
13034,2021,BEV,1,2026-07-31
13034,2021,PHEV,3,2026-07-31
13034,2022,BEV,2,2026-07-31
13034,2022,PHEV,1,2026-07-31
13034,2023,PHEV,2,2026-07-31
13034,2024,BEV,3,2026-07-31
13034,2025,BEV,2,2026-07-31
13034,2026,BEV,1,2026-07-31
13035,2017,BEV,1,2026-07-31
13035,2017,PHEV,6,2026-07-31
13035,2018,BEV,2,2026-07-31
13035,2018,PHEV,11,2026-07-31
13035,2019,BEV,6,2026-07-31
13035,2019,PHEV,2,2026-07-31
13035,2020,BEV,1,2026-07-31
13035,2020,PHEV,6,2026-07-31
13035,2021,BEV,7,2026-07-31
13035,2021,PHEV,15,2026-07-31
13035,2022,BEV,13,2026-07-31
13035,2022,PHEV,14,2026-07-31
13035,2023,BEV,33,2026-07-31
13035,2023,PHEV,11,2026-07-31
13035,2024,BEV,16,2026-07-31
13035,2024,PHEV,18,2026-07-31
13035,2025,BEV,11,2026-07-31
13035,2025,PHEV,15,2026-07-31
13035,2026,BEV,14,2026-07-31
13035,2026,PHEV,2,2026-07-31
13036,2017,PHEV,1,2026-07-31
13036,2018,BEV,1,2026-07-31
13036,2018,PHEV,4,2026-07-31
13036,2019,BEV,2,2026-07-31
13036,2019,PHEV,1,2026-07-31
13036,2020,PHEV,3,2026-07-31
13036,2021,BEV,6,2026-07-31
13036,2021,PHEV,5,2026-07-31
13036,2022,BEV,6,2026-07-31
13036,2022,PHEV,5,2026-07-31
13036,2023,BEV,7,2026-07-31
13036,2023,PHEV,8,2026-07-31
13036,2024,BEV,4,2026-07-31
13036,2024,PHEV,7,2026-07-31
13036,2025,BEV,8,2026-07-31
13036,2025,PHEV,3,2026-07-31
13036,2026,PHEV,1,2026-07-31
13037,2017,BEV,1,2026-07-31
13037,2017,PHEV,1,2026-07-31
13037,2018,BEV,1,2026-07-31
13037,2018,PHEV,4,2026-07-31
13037,2019,BEV,2,2026-07-31
13037,2019,PHEV,3,2026-07-31
13037,2020,BEV,3,2026-07-31
13037,2020,PHEV,5,2026-07-31
13037,2021,BEV,3,2026-07-31
13037,2021,PHEV,10,2026-07-31
13037,2022,BEV,6,2026-07-31
13037,2022,PHEV,11,2026-07-31
13037,2023,BEV,12,2026-07-31
13037,2023,PHEV,17,2026-07-31
13037,2024,BEV,11,2026-07-31
13037,2024,PHEV,11,2026-07-31
13037,2025,BEV,14,2026-07-31
13037,2025,PHEV,7,2026-07-31
13037,2026,BEV,16,2026-07-31
13037,2026,PHEV,1,2026-07-31
13039,2017,BEV,2,2026-07-31
13039,2017,PHEV,3,2026-07-31
13039,2018,BEV,1,2026-07-31
13039,2018,PHEV,11,2026-07-31
13039,2019,BEV,3,2026-07-31
13039,2019,PHEV,6,2026-07-31
13039,2020,BEV,4,2026-07-31
13039,2020,PHEV,6,2026-07-31
13039,2021,BEV,11,2026-07-31
13039,2021,PHEV,23,2026-07-31
13039,2022,BEV,15,2026-07-31
13039,2022,PHEV,19,2026-07-31
13039,2023,BEV,22,2026-07-31
13039,2023,PHEV,48,2026-07-31
13039,2024,BEV,21,2026-07-31
13039,2024,PHEV,51,2026-07-31
13039,2025,BEV,23,2026-07-31
13039,2025,PHEV,26,2026-07-31
13039,2026,BEV,11,2026-07-31
13039,2026,PHEV,7,2026-07-31
13040,2018,PHEV,1,2026-07-31
13040,2020,PHEV,1,2026-07-31
13040,2021,PHEV,1,2026-07-31
13040,2022,BEV,1,2026-07-31
13040,2022,PHEV,4,2026-07-31
13040,2023,BEV,1,2026-07-31
13040,2024,BEV,1,2026-07-31
13040,2024,PHEV,1,2026-07-31
13041,2017,PHEV,1,2026-07-31
13041,2018,BEV,1,2026-07-31
13041,2018,PHEV,8,2026-07-31
13041,2019,BEV,9,2026-07-31
13041,2019,PHEV,5,2026-07-31
13041,2020,BEV,1,2026-07-31
13041,2020,PHEV,2,2026-07-31
13041,2021,BEV,9,2026-07-31
13041,2021,PHEV,8,2026-07-31
13041,2022,BEV,17,2026-07-31
13041,2022,PHEV,13,2026-07-31
13041,2023,BEV,18,2026-07-31
13041,2023,PHEV,32,2026-07-31
13041,2024,BEV,26,2026-07-31
13041,2024,PHEV,30,2026-07-31
13041,2025,BEV,24,2026-07-31
13041,2025,PHEV,18,2026-07-31
13041,2026,BEV,10,2026-07-31
13041,2026,PHEV,3,2026-07-31
13042,2018,PHEV,1,2026-07-31
13042,2020,BEV,2,2026-07-31
13042,2021,BEV,1,2026-07-31
13042,2021,PHEV,2,2026-07-31
13042,2022,BEV,1,2026-07-31
13042,2022,PHEV,2,2026-07-31
13042,2023,BEV,2,2026-07-31
13042,2023,PHEV,1,2026-07-31
13042,2024,PHEV,4,2026-07-31
13042,2025,BEV,1,2026-07-31
13042,2025,PHEV,1,2026-07-31
13042,2026,BEV,3,2026-07-31
13044,2018,PHEV,1,2026-07-31
13044,2021,PHEV,2,2026-07-31
13044,2022,BEV,2,2026-07-31
13044,2022,PHEV,1,2026-07-31
13044,2023,BEV,1,2026-07-31
13044,2023,PHEV,3,2026-07-31
13044,2024,PHEV,2,2026-07-31
13044,2025,BEV,1,2026-07-31
13044,2025,PHEV,1,2026-07-31
13044,2026,BEV,1,2026-07-31
13045,2017,PHEV,4,2026-07-31
13045,2018,BEV,1,2026-07-31
13045,2018,PHEV,9,2026-07-31
13045,2019,BEV,3,2026-07-31
13045,2019,PHEV,7,2026-07-31
13045,2020,BEV,4,2026-07-31
13045,2020,PHEV,3,2026-07-31
13045,2021,BEV,15,2026-07-31
13045,2021,PHEV,18,2026-07-31
13045,2022,BEV,11,2026-07-31
13045,2022,PHEV,9,2026-07-31
13045,2023,BEV,14,2026-07-31
13045,2023,PHEV,10,2026-07-31
13045,2024,BEV,16,2026-07-31
13045,2024,PHEV,22,2026-07-31
13045,2025,BEV,21,2026-07-31
13045,2025,PHEV,15,2026-07-31
13045,2026,BEV,7,2026-07-31
13045,2026,PHEV,2,2026-07-31
13052,2023,PHEV,1,2026-07-31
13053,2017,BEV,1,2026-07-31
13053,2017,PHEV,1,2026-07-31
13053,2018,PHEV,4,2026-07-31
13053,2019,BEV,1,2026-07-31
13053,2019,PHEV,2,2026-07-31
13053,2020,BEV,1,2026-07-31
13053,2020,PHEV,1,2026-07-31
13053,2021,BEV,3,2026-07-31
13053,2021,PHEV,5,2026-07-31
13053,2022,BEV,5,2026-07-31
13053,2023,BEV,4,2026-07-31
13053,2023,PHEV,3,2026-07-31
13053,2024,BEV,3,2026-07-31
13053,2024,PHEV,3,2026-07-31
13053,2025,BEV,6,2026-07-31
13053,2025,PHEV,4,2026-07-31
13053,2026,BEV,4,2026-07-31
13053,2026,PHEV,1,2026-07-31
13054,2018,BEV,1,2026-07-31
13054,2021,BEV,1,2026-07-31
13054,2021,PHEV,1,2026-07-31
13054,2022,PHEV,2,2026-07-31
13054,2023,BEV,1,2026-07-31
13054,2023,PHEV,1,2026-07-31
13054,2025,BEV,2,2026-07-31
13054,2025,PHEV,1,2026-07-31
13057,2017,PHEV,5,2026-07-31
13057,2018,BEV,2,2026-07-31
13057,2018,PHEV,6,2026-07-31
13057,2019,BEV,3,2026-07-31
13057,2019,PHEV,4,2026-07-31
13057,2020,BEV,6,2026-07-31
13057,2020,PHEV,5,2026-07-31
13057,2021,BEV,9,2026-07-31
13057,2021,PHEV,18,2026-07-31
13057,2022,BEV,11,2026-07-31
13057,2022,PHEV,12,2026-07-31
13057,2023,BEV,17,2026-07-31
13057,2023,PHEV,15,2026-07-31
13057,2024,BEV,20,2026-07-31
13057,2024,PHEV,28,2026-07-31
13057,2025,BEV,23,2026-07-31
13057,2025,PHEV,13,2026-07-31
13057,2026,BEV,10,2026-07-31
13060,2017,PHEV,1,2026-07-31
13060,2018,BEV,1,2026-07-31
13060,2018,PHEV,6,2026-07-31
13060,2019,BEV,1,2026-07-31
13060,2019,PHEV,2,2026-07-31
13060,2020,PHEV,3,2026-07-31
13060,2022,BEV,1,2026-07-31
13060,2022,PHEV,1,2026-07-31
13060,2023,BEV,2,2026-07-31
13060,2023,PHEV,5,2026-07-31
13060,2024,BEV,2,2026-07-31
13060,2024,PHEV,3,2026-07-31
13060,2026,BEV,1,2026-07-31
13061,2021,PHEV,1,2026-07-31
13061,2023,BEV,2,2026-07-31
13061,2024,PHEV,2,2026-07-31
13061,2025,BEV,2,2026-07-31
13061,2026,BEV,1,2026-07-31
13062,2020,BEV,2,2026-07-31
13062,2023,BEV,2,2026-07-31
13063,2017,PHEV,1,2026-07-31
13063,2018,PHEV,3,2026-07-31
13063,2020,PHEV,1,2026-07-31
13063,2021,PHEV,2,2026-07-31
13063,2022,BEV,1,2026-07-31
13063,2022,PHEV,1,2026-07-31
13063,2023,BEV,3,2026-07-31
13063,2023,PHEV,2,2026-07-31
13063,2024,BEV,5,2026-07-31
13063,2024,PHEV,3,2026-07-31
13063,2025,BEV,2,2026-07-31
13063,2025,PHEV,1,2026-07-31
13063,2026,BEV,2,2026-07-31
13066,2017,BEV,4,2026-07-31
13066,2017,PHEV,8,2026-07-31
13066,2018,BEV,6,2026-07-31
13066,2018,PHEV,9,2026-07-31
13066,2019,BEV,11,2026-07-31
13066,2019,PHEV,14,2026-07-31
13066,2020,BEV,16,2026-07-31
13066,2020,PHEV,9,2026-07-31
13066,2021,BEV,18,2026-07-31
13066,2021,PHEV,25,2026-07-31
13066,2022,BEV,36,2026-07-31
13066,2022,PHEV,28,2026-07-31
13066,2023,BEV,37,2026-07-31
13066,2023,PHEV,44,2026-07-31
13066,2024,BEV,60,2026-07-31
13066,2024,PHEV,36,2026-07-31
13066,2025,BEV,48,2026-07-31
13066,2025,PHEV,15,2026-07-31
13066,2026,BEV,31,2026-07-31
13066,2026,PHEV,5,2026-07-31
13068,2017,BEV,3,2026-07-31
13068,2017,PHEV,2,2026-07-31
13068,2018,BEV,1,2026-07-31
13068,2018,PHEV,5,2026-07-31
13068,2019,BEV,3,2026-07-31
13068,2019,PHEV,5,2026-07-31
13068,2020,BEV,3,2026-07-31
13068,2020,PHEV,7,2026-07-31
13068,2021,BEV,7,2026-07-31
13068,2021,PHEV,12,2026-07-31
13068,2022,BEV,4,2026-07-31
13068,2022,PHEV,12,2026-07-31
13068,2023,BEV,11,2026-07-31
13068,2023,PHEV,4,2026-07-31
13068,2024,BEV,6,2026-07-31
13068,2024,PHEV,8,2026-07-31
13068,2025,BEV,11,2026-07-31
13068,2025,PHEV,4,2026-07-31
13068,2026,BEV,5,2026-07-31
13068,2026,PHEV,1,2026-07-31
13069,2017,BEV,1,2026-07-31
13069,2017,PHEV,3,2026-07-31
13069,2018,BEV,1,2026-07-31
13069,2018,PHEV,7,2026-07-31
13069,2019,BEV,5,2026-07-31
13069,2019,PHEV,2,2026-07-31
13069,2020,PHEV,7,2026-07-31
13069,2021,BEV,9,2026-07-31
13069,2021,PHEV,9,2026-07-31
13069,2022,BEV,8,2026-07-31
13069,2022,PHEV,7,2026-07-31
13069,2023,BEV,4,2026-07-31
13069,2023,PHEV,14,2026-07-31
13069,2024,BEV,8,2026-07-31
13069,2024,PHEV,11,2026-07-31
13069,2025,BEV,19,2026-07-31
13069,2025,PHEV,7,2026-07-31
13069,2026,BEV,9,2026-07-31
13069,2026,PHEV,1,2026-07-31
13071,2018,PHEV,1,2026-07-31
13071,2019,PHEV,1,2026-07-31
13071,2021,PHEV,1,2026-07-31
13071,2025,BEV,1,2026-07-31
13072,2019,PHEV,1,2026-07-31
13072,2022,BEV,2,2026-07-31
13072,2023,PHEV,1,2026-07-31
13073,2017,PHEV,1,2026-07-31
13073,2018,BEV,1,2026-07-31
13073,2018,PHEV,1,2026-07-31
13073,2019,BEV,3,2026-07-31
13073,2019,PHEV,3,2026-07-31
13073,2020,BEV,1,2026-07-31
13073,2020,PHEV,2,2026-07-31
13073,2021,BEV,1,2026-07-31
13073,2021,PHEV,2,2026-07-31
13073,2022,BEV,3,2026-07-31
13073,2022,PHEV,2,2026-07-31
13073,2023,BEV,3,2026-07-31
13073,2023,PHEV,5,2026-07-31
13073,2024,BEV,4,2026-07-31
13073,2024,PHEV,4,2026-07-31
13073,2025,BEV,6,2026-07-31
13073,2025,PHEV,1,2026-07-31
13073,2026,BEV,4,2026-07-31
13074,2017,PHEV,1,2026-07-31
13074,2018,PHEV,1,2026-07-31
13074,2020,PHEV,1,2026-07-31
13074,2021,BEV,1,2026-07-31
13074,2022,BEV,1,2026-07-31
13074,2022,PHEV,1,2026-07-31
13074,2023,BEV,2,2026-07-31
13074,2024,BEV,4,2026-07-31
13074,2024,PHEV,1,2026-07-31
13074,2025,BEV,1,2026-07-31
13074,2026,BEV,1,2026-07-31
13076,2018,BEV,2,2026-07-31
13076,2020,BEV,1,2026-07-31
13076,2020,PHEV,1,2026-07-31
13076,2021,BEV,1,2026-07-31
13076,2021,PHEV,2,2026-07-31
13076,2022,BEV,2,2026-07-31
13076,2022,PHEV,2,2026-07-31
13076,2023,BEV,4,2026-07-31
13076,2023,PHEV,2,2026-07-31
13076,2024,PHEV,2,2026-07-31
13076,2025,BEV,1,2026-07-31
13076,2026,BEV,1,2026-07-31
13077,2017,PHEV,1,2026-07-31
13077,2018,PHEV,1,2026-07-31
13077,2019,BEV,2,2026-07-31
13077,2019,PHEV,2,2026-07-31
13077,2020,BEV,1,2026-07-31
13077,2020,PHEV,4,2026-07-31
13077,2021,BEV,3,2026-07-31
13077,2021,PHEV,5,2026-07-31
13077,2022,BEV,6,2026-07-31
13077,2022,PHEV,1,2026-07-31
13077,2023,BEV,4,2026-07-31
13077,2023,PHEV,8,2026-07-31
13077,2024,BEV,6,2026-07-31
13077,2024,PHEV,7,2026-07-31
13077,2025,BEV,4,2026-07-31
13077,2026,BEV,2,2026-07-31
13077,2026,PHEV,1,2026-07-31
13078,2017,BEV,1,2026-07-31
13078,2017,PHEV,5,2026-07-31
13078,2018,BEV,1,2026-07-31
13078,2018,PHEV,15,2026-07-31
13078,2019,BEV,3,2026-07-31
13078,2019,PHEV,4,2026-07-31
13078,2020,BEV,13,2026-07-31
13078,2020,PHEV,8,2026-07-31
13078,2021,BEV,14,2026-07-31
13078,2021,PHEV,21,2026-07-31
13078,2022,BEV,23,2026-07-31
13078,2022,PHEV,17,2026-07-31
13078,2023,BEV,25,2026-07-31
13078,2023,PHEV,21,2026-07-31
13078,2024,BEV,42,2026-07-31
13078,2024,PHEV,19,2026-07-31
13078,2025,BEV,40,2026-07-31
13078,2025,PHEV,18,2026-07-31
13078,2026,BEV,12,2026-07-31
13078,2026,PHEV,11,2026-07-31
13080,2018,PHEV,1,2026-07-31
13080,2019,BEV,1,2026-07-31
13080,2020,PHEV,1,2026-07-31
13080,2022,PHEV,2,2026-07-31
13080,2023,BEV,1,2026-07-31
13080,2023,PHEV,2,2026-07-31
13080,2024,PHEV,2,2026-07-31
13080,2025,BEV,4,2026-07-31
13080,2025,PHEV,1,2026-07-31
13080,2026,BEV,2,2026-07-31
13081,2019,PHEV,1,2026-07-31
13081,2020,BEV,1,2026-07-31
13081,2020,PHEV,1,2026-07-31
13081,2021,BEV,1,2026-07-31
13081,2022,BEV,1,2026-07-31
13081,2022,PHEV,1,2026-07-31
13081,2023,BEV,1,2026-07-31
13081,2023,PHEV,1,2026-07-31
13081,2024,BEV,2,2026-07-31
13081,2025,BEV,2,2026-07-31
13082,2018,PHEV,2,2026-07-31
13082,2019,BEV,1,2026-07-31
13082,2019,PHEV,3,2026-07-31
13082,2020,PHEV,1,2026-07-31
13082,2022,BEV,2,2026-07-31
13082,2022,PHEV,1,2026-07-31
13082,2023,BEV,3,2026-07-31
13082,2023,PHEV,4,2026-07-31
13082,2024,BEV,4,2026-07-31
13082,2024,PHEV,3,2026-07-31
13082,2025,BEV,6,2026-07-31
13082,2025,PHEV,1,2026-07-31
13082,2026,BEV,2,2026-07-31
13083,2021,PHEV,1,2026-07-31
13083,2022,PHEV,1,2026-07-31
13083,2023,PHEV,1,2026-07-31
13083,2025,PHEV,1,2026-07-31
13084,2018,PHEV,4,2026-07-31
13084,2020,BEV,2,2026-07-31
13084,2020,PHEV,4,2026-07-31
13084,2021,BEV,2,2026-07-31
13084,2021,PHEV,3,2026-07-31
13084,2022,BEV,1,2026-07-31
13084,2022,PHEV,2,2026-07-31
13084,2023,BEV,2,2026-07-31
13084,2023,PHEV,2,2026-07-31
13084,2024,BEV,6,2026-07-31
13084,2024,PHEV,7,2026-07-31
13084,2025,BEV,2,2026-07-31
13084,2025,PHEV,3,2026-07-31
13084,2026,BEV,4,2026-07-31
13084,2026,PHEV,1,2026-07-31
13088,2017,PHEV,5,2026-07-31
13088,2018,BEV,1,2026-07-31
13088,2018,PHEV,20,2026-07-31
13088,2019,BEV,2,2026-07-31
13088,2019,PHEV,2,2026-07-31
13088,2020,BEV,4,2026-07-31
13088,2020,PHEV,12,2026-07-31
13088,2021,BEV,13,2026-07-31
13088,2021,PHEV,19,2026-07-31
13088,2022,BEV,11,2026-07-31
13088,2022,PHEV,17,2026-07-31
13088,2023,BEV,29,2026-07-31
13088,2023,PHEV,27,2026-07-31
13088,2024,BEV,35,2026-07-31
13088,2024,PHEV,32,2026-07-31
13088,2025,BEV,35,2026-07-31
13088,2025,PHEV,22,2026-07-31
13088,2026,BEV,9,2026-07-31
13088,2026,PHEV,5,2026-07-31
13090,2017,BEV,3,2026-07-31
13090,2017,PHEV,5,2026-07-31
13090,2018,BEV,3,2026-07-31
13090,2018,PHEV,11,2026-07-31
13090,2019,BEV,6,2026-07-31
13090,2019,PHEV,13,2026-07-31
13090,2020,BEV,6,2026-07-31
13090,2020,PHEV,17,2026-07-31
13090,2021,BEV,18,2026-07-31
13090,2021,PHEV,23,2026-07-31
13090,2022,BEV,22,2026-07-31
13090,2022,PHEV,22,2026-07-31
13090,2023,BEV,30,2026-07-31
13090,2023,PHEV,49,2026-07-31
13090,2024,BEV,48,2026-07-31
13090,2024,PHEV,44,2026-07-31
13090,2025,BEV,68,2026-07-31
13090,2025,PHEV,34,2026-07-31
13090,2026,BEV,24,2026-07-31
13090,2026,PHEV,6,2026-07-31
13092,2017,PHEV,1,2026-07-31
13092,2019,PHEV,1,2026-07-31
13092,2022,PHEV,1,2026-07-31
13092,2023,BEV,1,2026-07-31
13092,2023,PHEV,3,2026-07-31
13092,2025,BEV,2,2026-07-31
13092,2025,PHEV,2,2026-07-31
13101,2021,PHEV,1,2026-07-31
13101,2022,BEV,1,2026-07-31
13101,2022,PHEV,1,2026-07-31
13101,2023,PHEV,2,2026-07-31
13101,2025,BEV,1,2026-07-31
13101,2025,PHEV,1,2026-07-31
13103,2024,PHEV,1,2026-07-31
13104,2017,BEV,3,2026-07-31
13104,2017,PHEV,7,2026-07-31
13104,2018,BEV,3,2026-07-31
13104,2018,PHEV,20,2026-07-31
13104,2019,BEV,6,2026-07-31
13104,2019,PHEV,7,2026-07-31
13104,2020,BEV,21,2026-07-31
13104,2020,PHEV,9,2026-07-31
13104,2021,BEV,33,2026-07-31
13104,2021,PHEV,37,2026-07-31
13104,2022,BEV,55,2026-07-31
13104,2022,PHEV,30,2026-07-31
13104,2023,BEV,64,2026-07-31
13104,2023,PHEV,44,2026-07-31
13104,2024,BEV,60,2026-07-31
13104,2024,PHEV,43,2026-07-31
13104,2025,BEV,53,2026-07-31
13104,2025,PHEV,35,2026-07-31
13104,2026,BEV,44,2026-07-31
13104,2026,PHEV,7,2026-07-31
13108,2018,BEV,1,2026-07-31
13108,2018,PHEV,6,2026-07-31
13108,2019,PHEV,3,2026-07-31
13108,2020,PHEV,4,2026-07-31
13108,2021,BEV,3,2026-07-31
13108,2021,PHEV,10,2026-07-31
13108,2022,BEV,6,2026-07-31
13108,2022,PHEV,9,2026-07-31
13108,2023,BEV,11,2026-07-31
13108,2023,PHEV,12,2026-07-31
13108,2024,BEV,4,2026-07-31
13108,2024,PHEV,8,2026-07-31
13108,2025,BEV,17,2026-07-31
13108,2025,PHEV,6,2026-07-31
13108,2026,BEV,4,2026-07-31
13108,2026,PHEV,3,2026-07-31
13110,2019,BEV,1,2026-07-31
13110,2019,PHEV,1,2026-07-31
13110,2020,BEV,1,2026-07-31
13110,2021,PHEV,3,2026-07-31
13110,2022,BEV,2,2026-07-31
13110,2022,PHEV,2,2026-07-31
13110,2023,BEV,4,2026-07-31
13110,2023,PHEV,4,2026-07-31
13110,2024,BEV,3,2026-07-31
13110,2024,PHEV,2,2026-07-31
13110,2025,BEV,5,2026-07-31
13110,2026,PHEV,2,2026-07-31
13111,2020,PHEV,1,2026-07-31
13111,2021,PHEV,2,2026-07-31
13111,2022,BEV,1,2026-07-31
13111,2023,BEV,1,2026-07-31
13111,2024,BEV,1,2026-07-31
13111,2025,BEV,1,2026-07-31
13111,2026,BEV,2,2026-07-31
13112,2018,PHEV,2,2026-07-31
13112,2020,BEV,1,2026-07-31
13112,2021,BEV,1,2026-07-31
13112,2021,PHEV,1,2026-07-31
13112,2022,BEV,2,2026-07-31
13112,2022,PHEV,1,2026-07-31
13112,2023,BEV,3,2026-07-31
13112,2024,BEV,3,2026-07-31
13112,2024,PHEV,4,2026-07-31
13112,2025,BEV,1,2026-07-31
13112,2025,PHEV,1,2026-07-31
13114,2017,PHEV,1,2026-07-31
13114,2018,PHEV,1,2026-07-31
13114,2020,PHEV,1,2026-07-31
13114,2021,PHEV,3,2026-07-31
13114,2022,BEV,3,2026-07-31
13114,2022,PHEV,2,2026-07-31
13114,2023,BEV,2,2026-07-31
13114,2023,PHEV,1,2026-07-31
13114,2024,BEV,4,2026-07-31
13114,2024,PHEV,1,2026-07-31
13114,2025,BEV,6,2026-07-31
13114,2025,PHEV,2,2026-07-31
13114,2026,BEV,2,2026-07-31
13114,2026,PHEV,1,2026-07-31
13116,2018,PHEV,1,2026-07-31
13116,2019,PHEV,2,2026-07-31
13116,2021,BEV,1,2026-07-31
13116,2021,PHEV,6,2026-07-31
13116,2022,PHEV,5,2026-07-31
13116,2023,BEV,4,2026-07-31
13116,2023,PHEV,5,2026-07-31
13116,2024,BEV,8,2026-07-31
13116,2024,PHEV,7,2026-07-31
13116,2025,BEV,3,2026-07-31
13116,2025,PHEV,1,2026-07-31
13116,2026,BEV,2,2026-07-31
13118,2017,PHEV,1,2026-07-31
13118,2018,PHEV,3,2026-07-31
13118,2020,PHEV,2,2026-07-31
13118,2021,PHEV,5,2026-07-31
13118,2022,BEV,5,2026-07-31
13118,2022,PHEV,4,2026-07-31
13118,2023,PHEV,5,2026-07-31
13118,2024,BEV,3,2026-07-31
13118,2024,PHEV,5,2026-07-31
13118,2025,BEV,2,2026-07-31
13118,2026,BEV,1,2026-07-31
13120,2018,PHEV,2,2026-07-31
13120,2020,BEV,4,2026-07-31
13120,2020,PHEV,1,2026-07-31
13120,2021,PHEV,1,2026-07-31
13120,2022,BEV,1,2026-07-31
13120,2023,PHEV,2,2026-07-31
13120,2024,PHEV,2,2026-07-31
13120,2025,BEV,1,2026-07-31
13120,2025,PHEV,3,2026-07-31
13120,2026,BEV,2,2026-07-31
13120,2026,PHEV,1,2026-07-31
13122,2020,PHEV,1,2026-07-31
13122,2022,PHEV,2,2026-07-31
13122,2023,BEV,2,2026-07-31
13122,2024,BEV,2,2026-07-31
13122,2024,PHEV,2,2026-07-31
13123,2017,PHEV,1,2026-07-31
13123,2023,PHEV,1,2026-07-31
13126,2017,PHEV,7,2026-07-31
13126,2018,BEV,3,2026-07-31
13126,2018,PHEV,6,2026-07-31
13126,2019,BEV,1,2026-07-31
13126,2019,PHEV,4,2026-07-31
13126,2020,BEV,4,2026-07-31
13126,2020,PHEV,8,2026-07-31
13126,2021,BEV,5,2026-07-31
13126,2021,PHEV,11,2026-07-31
13126,2022,BEV,15,2026-07-31
13126,2022,PHEV,12,2026-07-31
13126,2023,BEV,12,2026-07-31
13126,2023,PHEV,22,2026-07-31
13126,2024,BEV,22,2026-07-31
13126,2024,PHEV,24,2026-07-31
13126,2025,BEV,20,2026-07-31
13126,2025,PHEV,4,2026-07-31
13126,2026,BEV,13,2026-07-31
13126,2026,PHEV,6,2026-07-31
13131,2019,BEV,1,2026-07-31
13131,2020,BEV,1,2026-07-31
13131,2020,PHEV,1,2026-07-31
13131,2021,PHEV,3,2026-07-31
13131,2022,BEV,2,2026-07-31
13131,2022,PHEV,1,2026-07-31
13131,2023,BEV,1,2026-07-31
13131,2024,BEV,1,2026-07-31
13131,2024,PHEV,2,2026-07-31
13131,2025,BEV,5,2026-07-31
13131,2025,PHEV,1,2026-07-31
13132,2018,BEV,1,2026-07-31
13132,2019,PHEV,1,2026-07-31
13132,2021,PHEV,1,2026-07-31
13132,2022,BEV,1,2026-07-31
13132,2022,PHEV,2,2026-07-31
13132,2023,BEV,4,2026-07-31
13132,2023,PHEV,2,2026-07-31
13132,2024,BEV,5,2026-07-31
13132,2024,PHEV,2,2026-07-31
13132,2025,BEV,7,2026-07-31
13132,2025,PHEV,2,2026-07-31
13132,2026,BEV,6,2026-07-31
13135,2017,PHEV,4,2026-07-31
13135,2018,BEV,1,2026-07-31
13135,2018,PHEV,1,2026-07-31
13135,2020,BEV,1,2026-07-31
13135,2020,PHEV,1,2026-07-31
13135,2021,BEV,3,2026-07-31
13135,2021,PHEV,1,2026-07-31
13135,2022,BEV,5,2026-07-31
13135,2022,PHEV,2,2026-07-31
13135,2023,BEV,4,2026-07-31
13135,2023,PHEV,3,2026-07-31
13135,2024,BEV,6,2026-07-31
13135,2024,PHEV,6,2026-07-31
13135,2025,BEV,6,2026-07-31
13135,2025,PHEV,4,2026-07-31
13135,2026,PHEV,1,2026-07-31
13136,2019,PHEV,1,2026-07-31
13140,2017,BEV,1,2026-07-31
13140,2017,PHEV,1,2026-07-31
13140,2021,BEV,1,2026-07-31
13140,2021,PHEV,1,2026-07-31
13140,2022,BEV,1,2026-07-31
13140,2022,PHEV,2,2026-07-31
13140,2023,BEV,3,2026-07-31
13140,2023,PHEV,2,2026-07-31
13140,2024,BEV,1,2026-07-31
13140,2024,PHEV,7,2026-07-31
13140,2025,BEV,1,2026-07-31
13140,2025,PHEV,3,2026-07-31
13141,2018,PHEV,1,2026-07-31
13141,2022,PHEV,1,2026-07-31
13141,2023,PHEV,1,2026-07-31
13141,2024,BEV,1,2026-07-31
13141,2024,PHEV,1,2026-07-31
13142,2017,BEV,1,2026-07-31
13142,2017,PHEV,1,2026-07-31
13142,2019,PHEV,2,2026-07-31
13142,2020,PHEV,2,2026-07-31
13142,2021,PHEV,6,2026-07-31
13142,2022,BEV,1,2026-07-31
13142,2022,PHEV,3,2026-07-31
13142,2023,BEV,5,2026-07-31
13142,2023,PHEV,1,2026-07-31
13142,2024,BEV,9,2026-07-31
13142,2024,PHEV,7,2026-07-31
13142,2025,BEV,5,2026-07-31
13142,2026,BEV,3,2026-07-31
13143,2019,PHEV,2,2026-07-31
13143,2020,BEV,1,2026-07-31
13143,2021,PHEV,2,2026-07-31
13143,2022,PHEV,1,2026-07-31
13143,2023,PHEV,2,2026-07-31
13143,2024,BEV,3,2026-07-31
13143,2024,PHEV,1,2026-07-31
13143,2026,PHEV,1,2026-07-31
13144,2021,PHEV,1,2026-07-31
13144,2024,BEV,1,2026-07-31
13145,2018,PHEV,1,2026-07-31
13145,2020,PHEV,1,2026-07-31
13145,2021,PHEV,2,2026-07-31
13145,2022,BEV,1,2026-07-31
13145,2022,PHEV,1,2026-07-31
13145,2023,PHEV,2,2026-07-31
13145,2024,BEV,2,2026-07-31
13145,2024,PHEV,2,2026-07-31
13145,2025,BEV,3,2026-07-31
13145,2025,PHEV,1,2026-07-31
13146,2020,BEV,1,2026-07-31
13146,2025,BEV,4,2026-07-31
13146,2025,PHEV,1,2026-07-31
13147,2020,PHEV,1,2026-07-31
13147,2022,PHEV,1,2026-07-31
13147,2024,BEV,1,2026-07-31
13148,2017,PHEV,1,2026-07-31
13148,2018,BEV,1,2026-07-31
13148,2018,PHEV,2,2026-07-31
13148,2019,BEV,1,2026-07-31
13148,2019,PHEV,1,2026-07-31
13148,2020,BEV,1,2026-07-31
13148,2020,PHEV,5,2026-07-31
13148,2021,BEV,1,2026-07-31
13148,2021,PHEV,2,2026-07-31
13148,2022,BEV,1,2026-07-31
13148,2022,PHEV,3,2026-07-31
13148,2023,BEV,4,2026-07-31
13148,2023,PHEV,8,2026-07-31
13148,2024,BEV,8,2026-07-31
13148,2024,PHEV,8,2026-07-31
13148,2025,BEV,6,2026-07-31
13148,2025,PHEV,4,2026-07-31
13148,2026,BEV,5,2026-07-31
13152,2017,PHEV,6,2026-07-31
13152,2018,BEV,1,2026-07-31
13152,2018,PHEV,9,2026-07-31
13152,2019,BEV,7,2026-07-31
13152,2019,PHEV,4,2026-07-31
13152,2020,BEV,7,2026-07-31
13152,2020,PHEV,6,2026-07-31
13152,2021,BEV,17,2026-07-31
13152,2021,PHEV,6,2026-07-31
13152,2022,BEV,20,2026-07-31
13152,2022,PHEV,5,2026-07-31
13152,2023,BEV,21,2026-07-31
13152,2023,PHEV,12,2026-07-31
13152,2024,BEV,17,2026-07-31
13152,2024,PHEV,18,2026-07-31
13152,2025,BEV,14,2026-07-31
13152,2025,PHEV,12,2026-07-31
13152,2026,BEV,11,2026-07-31
13152,2026,PHEV,4,2026-07-31
13153,2020,BEV,1,2026-07-31
13153,2021,BEV,1,2026-07-31
13153,2021,PHEV,1,2026-07-31
13153,2022,PHEV,1,2026-07-31
13153,2023,BEV,1,2026-07-31
13153,2024,BEV,1,2026-07-31
13153,2024,PHEV,1,2026-07-31
13155,2022,PHEV,2,2026-07-31
13156,2018,PHEV,2,2026-07-31
13156,2020,PHEV,1,2026-07-31
13156,2021,BEV,1,2026-07-31
13156,2021,PHEV,2,2026-07-31
13156,2022,BEV,1,2026-07-31
13156,2022,PHEV,3,2026-07-31
13156,2023,BEV,2,2026-07-31
13156,2023,PHEV,1,2026-07-31
13156,2024,BEV,4,2026-07-31
13156,2024,PHEV,5,2026-07-31
13156,2025,BEV,2,2026-07-31
13156,2025,PHEV,1,2026-07-31
13158,2020,PHEV,1,2026-07-31
13158,2024,BEV,1,2026-07-31
13159,2017,PHEV,1,2026-07-31
13159,2018,BEV,1,2026-07-31
13159,2018,PHEV,4,2026-07-31
13159,2019,PHEV,2,2026-07-31
13159,2020,BEV,3,2026-07-31
13159,2020,PHEV,1,2026-07-31
13159,2021,BEV,4,2026-07-31
13159,2021,PHEV,6,2026-07-31
13159,2022,BEV,7,2026-07-31
13159,2022,PHEV,5,2026-07-31
13159,2023,BEV,12,2026-07-31
13159,2023,PHEV,5,2026-07-31
13159,2024,BEV,7,2026-07-31
13159,2024,PHEV,3,2026-07-31
13159,2025,BEV,15,2026-07-31
13159,2025,PHEV,6,2026-07-31
13159,2026,BEV,5,2026-07-31
13160,2018,BEV,2,2026-07-31
13160,2020,BEV,2,2026-07-31
13160,2021,PHEV,1,2026-07-31
13160,2022,PHEV,1,2026-07-31
13160,2023,BEV,3,2026-07-31
13160,2023,PHEV,1,2026-07-31
13160,2024,PHEV,2,2026-07-31
13160,2025,BEV,4,2026-07-31
13160,2025,PHEV,1,2026-07-31
13160,2026,BEV,1,2026-07-31
13162,2021,BEV,1,2026-07-31
13163,2023,PHEV,1,2026-07-31
13164,2017,PHEV,1,2026-07-31
13164,2018,PHEV,2,2026-07-31
13164,2019,PHEV,2,2026-07-31
13164,2021,BEV,2,2026-07-31
13164,2021,PHEV,5,2026-07-31
13164,2022,BEV,1,2026-07-31
13164,2022,PHEV,2,2026-07-31
13164,2023,BEV,6,2026-07-31
13164,2023,PHEV,8,2026-07-31
13164,2024,BEV,3,2026-07-31
13164,2024,PHEV,3,2026-07-31
13164,2025,BEV,6,2026-07-31
13164,2025,PHEV,3,2026-07-31
13164,2026,BEV,1,2026-07-31
13165,2017,PHEV,1,2026-07-31
13165,2019,PHEV,3,2026-07-31
13165,2021,BEV,1,2026-07-31
13165,2021,PHEV,1,2026-07-31
13165,2022,BEV,4,2026-07-31
13165,2022,PHEV,1,2026-07-31
13165,2023,BEV,5,2026-07-31
13165,2023,PHEV,2,2026-07-31
13165,2024,BEV,4,2026-07-31
13165,2024,PHEV,6,2026-07-31
13165,2025,BEV,8,2026-07-31
13165,2025,PHEV,1,2026-07-31
13165,2026,BEV,2,2026-07-31
13166,2017,PHEV,2,2026-07-31
13166,2018,PHEV,2,2026-07-31
13166,2020,PHEV,2,2026-07-31
13166,2021,PHEV,1,2026-07-31
13166,2022,BEV,2,2026-07-31
13166,2022,PHEV,3,2026-07-31
13166,2023,BEV,4,2026-07-31
13166,2023,PHEV,5,2026-07-31
13166,2024,BEV,5,2026-07-31
13166,2024,PHEV,5,2026-07-31
13166,2025,BEV,3,2026-07-31
13166,2025,PHEV,2,2026-07-31
13166,2026,BEV,4,2026-07-31
13167,2019,PHEV,1,2026-07-31
13167,2020,BEV,2,2026-07-31
13167,2021,BEV,5,2026-07-31
13167,2021,PHEV,4,2026-07-31
13167,2022,BEV,1,2026-07-31
13167,2022,PHEV,2,2026-07-31
13167,2023,BEV,5,2026-07-31
13167,2023,PHEV,6,2026-07-31
13167,2024,BEV,2,2026-07-31
13167,2024,PHEV,2,2026-07-31
13167,2026,BEV,2,2026-07-31
13202,2017,PHEV,2,2026-07-31
13202,2018,PHEV,2,2026-07-31
13202,2019,BEV,3,2026-07-31
13202,2020,BEV,1,2026-07-31
13202,2020,PHEV,1,2026-07-31
13202,2021,BEV,4,2026-07-31
13202,2021,PHEV,3,2026-07-31
13202,2022,BEV,5,2026-07-31
13202,2022,PHEV,2,2026-07-31
13202,2023,BEV,4,2026-07-31
13202,2024,BEV,9,2026-07-31
13202,2024,PHEV,4,2026-07-31
13202,2025,BEV,10,2026-07-31
13202,2025,PHEV,1,2026-07-31
13202,2026,BEV,3,2026-07-31
13202,2026,PHEV,1,2026-07-31
13203,2017,PHEV,2,2026-07-31
13203,2018,BEV,1,2026-07-31
13203,2018,PHEV,6,2026-07-31
13203,2019,BEV,1,2026-07-31
13203,2020,BEV,2,2026-07-31
13203,2020,PHEV,4,2026-07-31
13203,2021,BEV,5,2026-07-31
13203,2021,PHEV,6,2026-07-31
13203,2022,BEV,7,2026-07-31
13203,2022,PHEV,3,2026-07-31
13203,2023,BEV,4,2026-07-31
13203,2023,PHEV,11,2026-07-31
13203,2024,BEV,7,2026-07-31
13203,2024,PHEV,7,2026-07-31
13203,2025,BEV,11,2026-07-31
13203,2025,PHEV,7,2026-07-31
13203,2026,BEV,2,2026-07-31
13203,2026,PHEV,1,2026-07-31
13204,2017,PHEV,1,2026-07-31
13204,2018,PHEV,1,2026-07-31
13204,2019,BEV,1,2026-07-31
13204,2019,PHEV,1,2026-07-31
13204,2020,BEV,2,2026-07-31
13204,2020,PHEV,5,2026-07-31
13204,2021,BEV,1,2026-07-31
13204,2021,PHEV,9,2026-07-31
13204,2022,BEV,6,2026-07-31
13204,2022,PHEV,9,2026-07-31
13204,2023,BEV,9,2026-07-31
13204,2023,PHEV,11,2026-07-31
13204,2024,BEV,8,2026-07-31
13204,2024,PHEV,13,2026-07-31
13204,2025,BEV,19,2026-07-31
13204,2025,PHEV,7,2026-07-31
13204,2026,BEV,7,2026-07-31
13205,2017,BEV,1,2026-07-31
13205,2018,PHEV,1,2026-07-31
13205,2019,BEV,1,2026-07-31
13205,2019,PHEV,1,2026-07-31
13205,2021,BEV,2,2026-07-31
13205,2021,PHEV,4,2026-07-31
13205,2022,BEV,2,2026-07-31
13205,2022,PHEV,6,2026-07-31
13205,2023,BEV,3,2026-07-31
13205,2023,PHEV,7,2026-07-31
13205,2024,BEV,6,2026-07-31
13205,2024,PHEV,5,2026-07-31
13205,2025,BEV,9,2026-07-31
13205,2025,PHEV,4,2026-07-31
13205,2026,BEV,3,2026-07-31
13205,2026,PHEV,1,2026-07-31
13206,2017,BEV,1,2026-07-31
13206,2018,BEV,1,2026-07-31
13206,2018,PHEV,8,2026-07-31
13206,2019,BEV,1,2026-07-31
13206,2019,PHEV,2,2026-07-31
13206,2020,BEV,1,2026-07-31
13206,2020,PHEV,2,2026-07-31
13206,2021,BEV,6,2026-07-31
13206,2021,PHEV,6,2026-07-31
13206,2022,BEV,4,2026-07-31
13206,2022,PHEV,8,2026-07-31
13206,2023,BEV,8,2026-07-31
13206,2023,PHEV,11,2026-07-31
13206,2024,BEV,10,2026-07-31
13206,2024,PHEV,20,2026-07-31
13206,2025,BEV,11,2026-07-31
13206,2025,PHEV,4,2026-07-31
13206,2026,BEV,5,2026-07-31
13206,2026,PHEV,2,2026-07-31
13207,2017,PHEV,2,2026-07-31
13207,2018,BEV,1,2026-07-31
13207,2018,PHEV,5,2026-07-31
13207,2019,BEV,2,2026-07-31
13207,2019,PHEV,2,2026-07-31
13207,2020,BEV,2,2026-07-31
13207,2020,PHEV,3,2026-07-31
13207,2021,BEV,2,2026-07-31
13207,2021,PHEV,3,2026-07-31
13207,2022,BEV,4,2026-07-31
13207,2022,PHEV,10,2026-07-31
13207,2023,BEV,14,2026-07-31
13207,2023,PHEV,10,2026-07-31
13207,2024,BEV,9,2026-07-31
13207,2024,PHEV,8,2026-07-31
13207,2025,BEV,11,2026-07-31
13207,2025,PHEV,11,2026-07-31
13207,2026,BEV,6,2026-07-31
13207,2026,PHEV,1,2026-07-31
13208,2018,PHEV,6,2026-07-31
13208,2019,PHEV,1,2026-07-31
13208,2020,BEV,1,2026-07-31
13208,2020,PHEV,4,2026-07-31
13208,2021,BEV,1,2026-07-31
13208,2021,PHEV,9,2026-07-31
13208,2022,BEV,1,2026-07-31
13208,2022,PHEV,6,2026-07-31
13208,2023,BEV,9,2026-07-31
13208,2023,PHEV,11,2026-07-31
13208,2024,BEV,11,2026-07-31
13208,2024,PHEV,11,2026-07-31
13208,2025,BEV,7,2026-07-31
13208,2025,PHEV,4,2026-07-31
13208,2026,BEV,4,2026-07-31
13208,2026,PHEV,2,2026-07-31
13209,2017,PHEV,3,2026-07-31
13209,2018,PHEV,2,2026-07-31
13209,2019,PHEV,2,2026-07-31
13209,2020,PHEV,5,2026-07-31
13209,2021,BEV,2,2026-07-31
13209,2021,PHEV,8,2026-07-31
13209,2022,BEV,4,2026-07-31
13209,2022,PHEV,5,2026-07-31
13209,2023,BEV,15,2026-07-31
13209,2023,PHEV,12,2026-07-31
13209,2024,BEV,14,2026-07-31
13209,2024,PHEV,20,2026-07-31
13209,2025,BEV,12,2026-07-31
13209,2025,PHEV,14,2026-07-31
13209,2026,BEV,6,2026-07-31
13209,2026,PHEV,3,2026-07-31
13210,2017,BEV,3,2026-07-31
13210,2017,PHEV,9,2026-07-31
13210,2018,BEV,2,2026-07-31
13210,2018,PHEV,5,2026-07-31
13210,2019,BEV,4,2026-07-31
13210,2019,PHEV,11,2026-07-31
13210,2020,BEV,6,2026-07-31
13210,2020,PHEV,5,2026-07-31
13210,2021,BEV,11,2026-07-31
13210,2021,PHEV,21,2026-07-31
13210,2022,BEV,12,2026-07-31
13210,2022,PHEV,14,2026-07-31
13210,2023,BEV,11,2026-07-31
13210,2023,PHEV,17,2026-07-31
13210,2024,BEV,27,2026-07-31
13210,2024,PHEV,9,2026-07-31
13210,2025,BEV,25,2026-07-31
13210,2025,PHEV,3,2026-07-31
13210,2026,BEV,16,2026-07-31
13210,2026,PHEV,1,2026-07-31
13211,2019,BEV,1,2026-07-31
13211,2020,PHEV,3,2026-07-31
13211,2021,PHEV,1,2026-07-31
13211,2022,BEV,1,2026-07-31
13211,2022,PHEV,3,2026-07-31
13211,2023,BEV,2,2026-07-31
13211,2023,PHEV,2,2026-07-31
13211,2024,BEV,1,2026-07-31
13211,2024,PHEV,6,2026-07-31
13211,2025,BEV,5,2026-07-31
13211,2026,BEV,2,2026-07-31
13212,2017,BEV,2,2026-07-31
13212,2017,PHEV,5,2026-07-31
13212,2018,PHEV,5,2026-07-31
13212,2019,BEV,2,2026-07-31
13212,2019,PHEV,6,2026-07-31
13212,2020,BEV,3,2026-07-31
13212,2020,PHEV,7,2026-07-31
13212,2021,BEV,4,2026-07-31
13212,2021,PHEV,19,2026-07-31
13212,2022,BEV,5,2026-07-31
13212,2022,PHEV,11,2026-07-31
13212,2023,BEV,12,2026-07-31
13212,2023,PHEV,25,2026-07-31
13212,2024,BEV,23,2026-07-31
13212,2024,PHEV,43,2026-07-31
13212,2025,BEV,25,2026-07-31
13212,2025,PHEV,16,2026-07-31
13212,2026,BEV,17,2026-07-31
13212,2026,PHEV,3,2026-07-31
13214,2017,PHEV,6,2026-07-31
13214,2018,PHEV,7,2026-07-31
13214,2019,BEV,1,2026-07-31
13214,2019,PHEV,6,2026-07-31
13214,2020,BEV,2,2026-07-31
13214,2020,PHEV,5,2026-07-31
13214,2021,BEV,3,2026-07-31
13214,2021,PHEV,19,2026-07-31
13214,2022,BEV,9,2026-07-31
13214,2022,PHEV,8,2026-07-31
13214,2023,BEV,6,2026-07-31
13214,2023,PHEV,13,2026-07-31
13214,2024,BEV,15,2026-07-31
13214,2024,PHEV,16,2026-07-31
13214,2025,BEV,10,2026-07-31
13214,2025,PHEV,6,2026-07-31
13214,2026,BEV,6,2026-07-31
13214,2026,PHEV,3,2026-07-31
13215,2017,PHEV,4,2026-07-31
13215,2018,PHEV,10,2026-07-31
13215,2019,BEV,2,2026-07-31
13215,2019,PHEV,5,2026-07-31
13215,2020,BEV,7,2026-07-31
13215,2020,PHEV,5,2026-07-31
13215,2021,BEV,10,2026-07-31
13215,2021,PHEV,11,2026-07-31
13215,2022,BEV,10,2026-07-31
13215,2022,PHEV,12,2026-07-31
13215,2023,BEV,20,2026-07-31
13215,2023,PHEV,27,2026-07-31
13215,2024,BEV,19,2026-07-31
13215,2024,PHEV,29,2026-07-31
13215,2025,BEV,26,2026-07-31
13215,2025,PHEV,19,2026-07-31
13215,2026,BEV,14,2026-07-31
13215,2026,PHEV,1,2026-07-31
13219,2017,BEV,2,2026-07-31
13219,2017,PHEV,1,2026-07-31
13219,2018,BEV,2,2026-07-31
13219,2018,PHEV,5,2026-07-31
13219,2019,BEV,1,2026-07-31
13219,2019,PHEV,2,2026-07-31
13219,2020,BEV,1,2026-07-31
13219,2020,PHEV,6,2026-07-31
13219,2021,BEV,10,2026-07-31
13219,2021,PHEV,7,2026-07-31
13219,2022,BEV,10,2026-07-31
13219,2022,PHEV,9,2026-07-31
13219,2023,BEV,14,2026-07-31
13219,2023,PHEV,20,2026-07-31
13219,2024,BEV,15,2026-07-31
13219,2024,PHEV,22,2026-07-31
13219,2025,BEV,24,2026-07-31
13219,2025,PHEV,10,2026-07-31
13219,2026,BEV,6,2026-07-31
13219,2026,PHEV,3,2026-07-31
13224,2017,PHEV,1,2026-07-31
13224,2018,PHEV,12,2026-07-31
13224,2019,BEV,5,2026-07-31
13224,2019,PHEV,6,2026-07-31
13224,2020,BEV,3,2026-07-31
13224,2020,PHEV,7,2026-07-31
13224,2021,BEV,5,2026-07-31
13224,2021,PHEV,18,2026-07-31
13224,2022,BEV,11,2026-07-31
13224,2022,PHEV,12,2026-07-31
13224,2023,BEV,22,2026-07-31
13224,2023,PHEV,27,2026-07-31
13224,2024,BEV,14,2026-07-31
13224,2024,PHEV,14,2026-07-31
13224,2025,BEV,13,2026-07-31
13224,2025,PHEV,12,2026-07-31
13224,2026,BEV,18,2026-07-31
13224,2026,PHEV,4,2026-07-31
13301,2017,PHEV,1,2026-07-31
13302,2022,BEV,1,2026-07-31
13302,2022,PHEV,1,2026-07-31
13302,2023,BEV,2,2026-07-31
13302,2025,PHEV,1,2026-07-31
13302,2026,PHEV,1,2026-07-31
13303,2020,BEV,1,2026-07-31
13303,2024,BEV,2,2026-07-31
13303,2024,PHEV,1,2026-07-31
13303,2025,BEV,1,2026-07-31
13303,2025,PHEV,2,2026-07-31
13304,2018,PHEV,1,2026-07-31
13304,2019,PHEV,1,2026-07-31
13304,2020,PHEV,1,2026-07-31
13304,2021,PHEV,2,2026-07-31
13304,2022,BEV,1,2026-07-31
13304,2022,PHEV,2,2026-07-31
13304,2023,BEV,3,2026-07-31
13304,2023,PHEV,1,2026-07-31
13304,2024,BEV,1,2026-07-31
13304,2024,PHEV,1,2026-07-31
13304,2025,BEV,1,2026-07-31
13304,2026,BEV,1,2026-07-31
13304,2026,PHEV,1,2026-07-31
13308,2018,PHEV,1,2026-07-31
13308,2020,BEV,2,2026-07-31
13308,2020,PHEV,1,2026-07-31
13308,2021,BEV,1,2026-07-31
13308,2021,PHEV,3,2026-07-31
13308,2022,BEV,1,2026-07-31
13308,2022,PHEV,1,2026-07-31
13308,2023,BEV,1,2026-07-31
13308,2023,PHEV,2,2026-07-31
13308,2024,BEV,1,2026-07-31
13308,2024,PHEV,3,2026-07-31
13308,2025,BEV,1,2026-07-31
13308,2026,PHEV,1,2026-07-31
13309,2018,PHEV,1,2026-07-31
13309,2019,PHEV,1,2026-07-31
13309,2020,BEV,1,2026-07-31
13309,2021,BEV,2,2026-07-31
13309,2021,PHEV,1,2026-07-31
13309,2022,BEV,2,2026-07-31
13309,2023,BEV,2,2026-07-31
13309,2023,PHEV,2,2026-07-31
13309,2024,BEV,3,2026-07-31
13309,2024,PHEV,2,2026-07-31
13309,2025,BEV,1,2026-07-31
13309,2026,BEV,2,2026-07-31
13309,2026,PHEV,1,2026-07-31
13310,2019,PHEV,1,2026-07-31
13310,2023,PHEV,1,2026-07-31
13312,2022,BEV,1,2026-07-31
13314,2025,BEV,1,2026-07-31
13315,2022,BEV,1,2026-07-31
13315,2025,PHEV,1,2026-07-31
13315,2026,PHEV,1,2026-07-31
13316,2018,PHEV,2,2026-07-31
13316,2019,BEV,1,2026-07-31
13316,2019,PHEV,3,2026-07-31
13316,2021,BEV,1,2026-07-31
13316,2022,PHEV,3,2026-07-31
13316,2023,BEV,4,2026-07-31
13316,2024,BEV,1,2026-07-31
13316,2024,PHEV,4,2026-07-31
13316,2025,BEV,3,2026-07-31
13316,2025,PHEV,1,2026-07-31
13316,2026,BEV,1,2026-07-31
13317,2017,PHEV,1,2026-07-31
13317,2018,PHEV,1,2026-07-31
13317,2019,PHEV,1,2026-07-31
13317,2021,PHEV,2,2026-07-31
13317,2022,BEV,1,2026-07-31
13317,2023,PHEV,1,2026-07-31
13317,2024,BEV,1,2026-07-31
13317,2024,PHEV,1,2026-07-31
13317,2025,BEV,4,2026-07-31
13317,2025,PHEV,1,2026-07-31
13317,2026,BEV,2,2026-07-31
13317,2026,PHEV,1,2026-07-31
13318,2021,PHEV,1,2026-07-31
13318,2022,PHEV,1,2026-07-31
13318,2023,BEV,1,2026-07-31
13318,2024,BEV,2,2026-07-31
13318,2024,PHEV,1,2026-07-31
13318,2025,BEV,2,2026-07-31
13319,2021,PHEV,1,2026-07-31
13319,2022,BEV,1,2026-07-31
13320,2018,PHEV,1,2026-07-31
13320,2021,PHEV,2,2026-07-31
13320,2022,BEV,1,2026-07-31
13320,2022,PHEV,1,2026-07-31
13320,2023,BEV,1,2026-07-31
13320,2023,PHEV,1,2026-07-31
13320,2024,BEV,2,2026-07-31
13320,2025,BEV,2,2026-07-31
13320,2025,PHEV,2,2026-07-31
13321,2025,BEV,1,2026-07-31
13321,2025,PHEV,1,2026-07-31
13321,2026,PHEV,1,2026-07-31
13322,2018,PHEV,1,2026-07-31
13322,2025,BEV,1,2026-07-31
13322,2026,BEV,1,2026-07-31
13323,2017,BEV,2,2026-07-31
13323,2017,PHEV,7,2026-07-31
13323,2018,BEV,1,2026-07-31
13323,2018,PHEV,5,2026-07-31
13323,2019,BEV,4,2026-07-31
13323,2019,PHEV,7,2026-07-31
13323,2020,BEV,4,2026-07-31
13323,2020,PHEV,12,2026-07-31
13323,2021,BEV,7,2026-07-31
13323,2021,PHEV,26,2026-07-31
13323,2022,BEV,20,2026-07-31
13323,2022,PHEV,11,2026-07-31
13323,2023,BEV,18,2026-07-31
13323,2023,PHEV,12,2026-07-31
13323,2024,BEV,35,2026-07-31
13323,2024,PHEV,17,2026-07-31
13323,2025,BEV,28,2026-07-31
13323,2025,PHEV,13,2026-07-31
13323,2026,BEV,10,2026-07-31
13323,2026,PHEV,3,2026-07-31
13324,2022,BEV,1,2026-07-31
13324,2025,BEV,1,2026-07-31
13324,2025,PHEV,1,2026-07-31
13324,2026,PHEV,1,2026-07-31
13326,2017,BEV,2,2026-07-31
13326,2018,PHEV,2,2026-07-31
13326,2019,BEV,2,2026-07-31
13326,2019,PHEV,2,2026-07-31
13326,2020,BEV,3,2026-07-31
13326,2020,PHEV,3,2026-07-31
13326,2021,BEV,5,2026-07-31
13326,2021,PHEV,13,2026-07-31
13326,2022,BEV,10,2026-07-31
13326,2022,PHEV,8,2026-07-31
13326,2023,BEV,13,2026-07-31
13326,2023,PHEV,8,2026-07-31
13326,2024,BEV,13,2026-07-31
13326,2024,PHEV,10,2026-07-31
13326,2025,BEV,7,2026-07-31
13326,2025,PHEV,4,2026-07-31
13326,2026,BEV,6,2026-07-31
13326,2026,PHEV,3,2026-07-31
13327,2017,PHEV,1,2026-07-31
13327,2018,PHEV,1,2026-07-31
13327,2020,PHEV,1,2026-07-31
13327,2021,PHEV,1,2026-07-31
13327,2023,PHEV,1,2026-07-31
13327,2024,PHEV,1,2026-07-31
13327,2026,BEV,1,2026-07-31
13328,2020,PHEV,1,2026-07-31
13328,2022,PHEV,1,2026-07-31
13328,2024,PHEV,1,2026-07-31
13328,2025,BEV,2,2026-07-31
13329,2018,PHEV,1,2026-07-31
13329,2021,BEV,2,2026-07-31
13329,2022,BEV,1,2026-07-31
13329,2023,BEV,1,2026-07-31
13329,2023,PHEV,3,2026-07-31
13329,2025,BEV,1,2026-07-31
13329,2026,BEV,1,2026-07-31
13331,2022,BEV,1,2026-07-31
13331,2023,PHEV,1,2026-07-31
13331,2025,BEV,1,2026-07-31
13332,2018,PHEV,3,2026-07-31
13332,2019,PHEV,1,2026-07-31
13332,2020,BEV,2,2026-07-31
13332,2020,PHEV,2,2026-07-31
13332,2021,PHEV,1,2026-07-31
13332,2022,BEV,3,2026-07-31
13332,2022,PHEV,3,2026-07-31
13332,2023,BEV,2,2026-07-31
13332,2023,PHEV,3,2026-07-31
13332,2024,BEV,1,2026-07-31
13332,2024,PHEV,4,2026-07-31
13332,2025,BEV,2,2026-07-31
13332,2025,PHEV,2,2026-07-31
13332,2026,BEV,2,2026-07-31
13334,2021,PHEV,1,2026-07-31
13334,2022,BEV,1,2026-07-31
13334,2022,PHEV,2,2026-07-31
13334,2023,BEV,1,2026-07-31
13334,2025,PHEV,1,2026-07-31
13334,2026,BEV,3,2026-07-31
13335,2022,PHEV,2,2026-07-31
13335,2023,PHEV,1,2026-07-31
13335,2024,BEV,2,2026-07-31
13337,2018,PHEV,1,2026-07-31
13337,2019,PHEV,1,2026-07-31
13337,2020,BEV,1,2026-07-31
13337,2021,BEV,1,2026-07-31
13337,2021,PHEV,1,2026-07-31
13337,2022,BEV,1,2026-07-31
13337,2022,PHEV,1,2026-07-31
13337,2023,BEV,1,2026-07-31
13337,2024,BEV,1,2026-07-31
13337,2024,PHEV,2,2026-07-31
13337,2025,BEV,2,2026-07-31
13337,2025,PHEV,2,2026-07-31
13338,2019,PHEV,1,2026-07-31
13338,2024,BEV,3,2026-07-31
13338,2025,BEV,1,2026-07-31
13338,2026,PHEV,1,2026-07-31
13339,2017,PHEV,5,2026-07-31
13339,2018,BEV,2,2026-07-31
13339,2019,PHEV,1,2026-07-31
13339,2020,BEV,1,2026-07-31
13339,2020,PHEV,1,2026-07-31
13339,2021,BEV,1,2026-07-31
13339,2021,PHEV,3,2026-07-31
13339,2022,BEV,1,2026-07-31
13339,2023,BEV,2,2026-07-31
13339,2023,PHEV,2,2026-07-31
13339,2024,BEV,1,2026-07-31
13339,2024,PHEV,2,2026-07-31
13339,2025,BEV,5,2026-07-31
13339,2026,BEV,1,2026-07-31
13339,2026,PHEV,3,2026-07-31
13340,2019,BEV,2,2026-07-31
13340,2020,BEV,1,2026-07-31
13340,2020,PHEV,9,2026-07-31
13340,2021,BEV,1,2026-07-31
13340,2021,PHEV,6,2026-07-31
13340,2022,BEV,3,2026-07-31
13340,2022,PHEV,3,2026-07-31
13340,2023,BEV,4,2026-07-31
13340,2024,BEV,4,2026-07-31
13340,2024,PHEV,4,2026-07-31
13340,2025,BEV,8,2026-07-31
13340,2025,PHEV,7,2026-07-31
13340,2026,BEV,1,2026-07-31
13340,2026,PHEV,2,2026-07-31
13342,2024,BEV,1,2026-07-31
13343,2019,PHEV,1,2026-07-31
13343,2021,PHEV,1,2026-07-31
13343,2022,PHEV,2,2026-07-31
13343,2023,BEV,1,2026-07-31
13345,2023,BEV,2,2026-07-31
13346,2017,BEV,1,2026-07-31
13346,2017,PHEV,3,2026-07-31
13346,2018,PHEV,1,2026-07-31
13346,2019,BEV,3,2026-07-31
13346,2019,PHEV,1,2026-07-31
13346,2020,BEV,5,2026-07-31
13346,2020,PHEV,2,2026-07-31
13346,2021,BEV,4,2026-07-31
13346,2021,PHEV,7,2026-07-31
13346,2022,BEV,7,2026-07-31
13346,2022,PHEV,7,2026-07-31
13346,2023,BEV,5,2026-07-31
13346,2023,PHEV,8,2026-07-31
13346,2024,BEV,4,2026-07-31
13346,2024,PHEV,4,2026-07-31
13346,2025,BEV,8,2026-07-31
13346,2026,BEV,10,2026-07-31
13348,2017,PHEV,1,2026-07-31
13348,2018,PHEV,1,2026-07-31
13348,2019,PHEV,1,2026-07-31
13348,2021,BEV,2,2026-07-31
13348,2021,PHEV,1,2026-07-31
13348,2022,BEV,1,2026-07-31
13348,2022,PHEV,2,2026-07-31
13348,2023,BEV,2,2026-07-31
13348,2023,PHEV,1,2026-07-31
13348,2024,BEV,1,2026-07-31
13348,2024,PHEV,2,2026-07-31
13348,2025,BEV,1,2026-07-31
13350,2017,BEV,1,2026-07-31
13350,2018,PHEV,2,2026-07-31
13350,2019,PHEV,3,2026-07-31
13350,2020,PHEV,2,2026-07-31
13350,2021,BEV,3,2026-07-31
13350,2021,PHEV,6,2026-07-31
13350,2022,BEV,3,2026-07-31
13350,2022,PHEV,1,2026-07-31
13350,2023,BEV,3,2026-07-31
13350,2023,PHEV,2,2026-07-31
13350,2024,BEV,10,2026-07-31
13350,2024,PHEV,3,2026-07-31
13350,2025,BEV,5,2026-07-31
13350,2025,PHEV,3,2026-07-31
13350,2026,BEV,5,2026-07-31
13350,2026,PHEV,1,2026-07-31
13353,2024,BEV,1,2026-07-31
13353,2025,BEV,1,2026-07-31
13354,2017,PHEV,3,2026-07-31
13354,2018,PHEV,2,2026-07-31
13354,2019,PHEV,2,2026-07-31
13354,2021,BEV,1,2026-07-31
13354,2021,PHEV,5,2026-07-31
13354,2022,BEV,3,2026-07-31
13354,2022,PHEV,5,2026-07-31
13354,2023,BEV,1,2026-07-31
13354,2023,PHEV,4,2026-07-31
13354,2024,PHEV,1,2026-07-31
13354,2025,BEV,1,2026-07-31
13354,2025,PHEV,1,2026-07-31
13354,2026,BEV,2,2026-07-31
13355,2021,PHEV,2,2026-07-31
13355,2022,PHEV,1,2026-07-31
13357,2017,PHEV,2,2026-07-31
13357,2019,BEV,1,2026-07-31
13357,2019,PHEV,2,2026-07-31
13357,2020,PHEV,4,2026-07-31
13357,2021,BEV,3,2026-07-31
13357,2021,PHEV,3,2026-07-31
13357,2022,BEV,4,2026-07-31
13357,2022,PHEV,3,2026-07-31
13357,2023,BEV,2,2026-07-31
13357,2023,PHEV,4,2026-07-31
13357,2024,BEV,3,2026-07-31
13357,2024,PHEV,4,2026-07-31
13357,2025,BEV,4,2026-07-31
13357,2025,PHEV,4,2026-07-31
13357,2026,BEV,1,2026-07-31
13360,2021,PHEV,1,2026-07-31
13360,2022,BEV,1,2026-07-31
13360,2023,BEV,2,2026-07-31
13360,2023,PHEV,1,2026-07-31
13361,2021,PHEV,2,2026-07-31
13361,2025,PHEV,2,2026-07-31
13363,2017,PHEV,1,2026-07-31
13363,2020,PHEV,1,2026-07-31
13363,2021,BEV,1,2026-07-31
13363,2021,PHEV,3,2026-07-31
13363,2022,BEV,1,2026-07-31
13363,2022,PHEV,1,2026-07-31
13363,2023,BEV,2,2026-07-31
13363,2023,PHEV,1,2026-07-31
13363,2024,BEV,1,2026-07-31
13363,2024,PHEV,1,2026-07-31
13363,2025,BEV,1,2026-07-31
13363,2025,PHEV,1,2026-07-31
13365,2017,PHEV,3,2026-07-31
13365,2018,PHEV,1,2026-07-31
13365,2019,BEV,2,2026-07-31
13365,2019,PHEV,1,2026-07-31
13365,2020,BEV,1,2026-07-31
13365,2020,PHEV,4,2026-07-31
13365,2021,BEV,5,2026-07-31
13365,2021,PHEV,2,2026-07-31
13365,2022,BEV,4,2026-07-31
13365,2022,PHEV,2,2026-07-31
13365,2023,BEV,2,2026-07-31
13365,2023,PHEV,4,2026-07-31
13365,2024,BEV,6,2026-07-31
13365,2024,PHEV,2,2026-07-31
13365,2025,BEV,8,2026-07-31
13365,2025,PHEV,1,2026-07-31
13365,2026,BEV,4,2026-07-31
13367,2019,PHEV,1,2026-07-31
13367,2020,PHEV,1,2026-07-31
13367,2021,BEV,2,2026-07-31
13367,2021,PHEV,3,2026-07-31
13367,2022,BEV,2,2026-07-31
13367,2022,PHEV,2,2026-07-31
13367,2023,BEV,2,2026-07-31
13367,2023,PHEV,3,2026-07-31
13367,2024,BEV,4,2026-07-31
13367,2024,PHEV,3,2026-07-31
13367,2025,BEV,2,2026-07-31
13367,2026,BEV,2,2026-07-31
13367,2026,PHEV,1,2026-07-31
13368,2022,BEV,1,2026-07-31
13368,2022,PHEV,2,2026-07-31
13368,2025,PHEV,1,2026-07-31
13402,2019,PHEV,1,2026-07-31
13402,2022,PHEV,2,2026-07-31
13402,2026,BEV,1,2026-07-31
13403,2018,BEV,1,2026-07-31
13403,2018,PHEV,12,2026-07-31
13403,2019,BEV,1,2026-07-31
13403,2019,PHEV,11,2026-07-31
13403,2020,BEV,4,2026-07-31
13403,2020,PHEV,3,2026-07-31
13403,2021,PHEV,7,2026-07-31
13403,2022,BEV,6,2026-07-31
13403,2022,PHEV,4,2026-07-31
13403,2023,BEV,4,2026-07-31
13403,2023,PHEV,7,2026-07-31
13403,2024,BEV,7,2026-07-31
13403,2024,PHEV,1,2026-07-31
13403,2025,BEV,7,2026-07-31
13403,2025,PHEV,5,2026-07-31
13403,2026,BEV,3,2026-07-31
13403,2026,PHEV,2,2026-07-31
13406,2023,PHEV,1,2026-07-31
13406,2024,BEV,1,2026-07-31
13406,2024,PHEV,1,2026-07-31
13407,2019,BEV,1,2026-07-31
13407,2020,PHEV,2,2026-07-31
13407,2021,PHEV,1,2026-07-31
13407,2022,BEV,2,2026-07-31
13407,2022,PHEV,2,2026-07-31
13407,2023,BEV,1,2026-07-31
13407,2023,PHEV,1,2026-07-31
13407,2024,BEV,3,2026-07-31
13407,2024,PHEV,1,2026-07-31
13407,2025,BEV,3,2026-07-31
13407,2025,PHEV,2,2026-07-31
13408,2018,PHEV,1,2026-07-31
13408,2021,BEV,1,2026-07-31
13408,2021,PHEV,1,2026-07-31
13408,2023,PHEV,2,2026-07-31
13408,2024,BEV,1,2026-07-31
13408,2024,PHEV,2,2026-07-31
13408,2025,BEV,1,2026-07-31
13408,2025,PHEV,1,2026-07-31
13409,2019,PHEV,1,2026-07-31
13409,2021,BEV,2,2026-07-31
13409,2023,BEV,1,2026-07-31
13409,2024,PHEV,2,2026-07-31
13409,2025,BEV,2,2026-07-31
13409,2025,PHEV,2,2026-07-31
13409,2026,BEV,3,2026-07-31
13410,2021,BEV,1,2026-07-31
13411,2023,BEV,1,2026-07-31
13411,2024,PHEV,2,2026-07-31
13413,2017,BEV,2,2026-07-31
13413,2017,PHEV,4,2026-07-31
13413,2018,BEV,2,2026-07-31
13413,2018,PHEV,6,2026-07-31
13413,2019,BEV,3,2026-07-31
13413,2019,PHEV,4,2026-07-31
13413,2020,BEV,6,2026-07-31
13413,2020,PHEV,14,2026-07-31
13413,2021,BEV,7,2026-07-31
13413,2021,PHEV,19,2026-07-31
13413,2022,BEV,19,2026-07-31
13413,2022,PHEV,11,2026-07-31
13413,2023,BEV,25,2026-07-31
13413,2023,PHEV,14,2026-07-31
13413,2024,BEV,29,2026-07-31
13413,2024,PHEV,25,2026-07-31
13413,2025,BEV,28,2026-07-31
13413,2025,PHEV,18,2026-07-31
13413,2026,BEV,14,2026-07-31
13413,2026,PHEV,3,2026-07-31
13415,2020,BEV,1,2026-07-31
13415,2021,PHEV,1,2026-07-31
13415,2023,BEV,1,2026-07-31
13416,2020,PHEV,1,2026-07-31
13416,2021,BEV,1,2026-07-31
13416,2021,PHEV,1,2026-07-31
13416,2022,BEV,1,2026-07-31
13416,2022,PHEV,1,2026-07-31
13416,2023,BEV,1,2026-07-31
13416,2023,PHEV,1,2026-07-31
13416,2024,BEV,2,2026-07-31
13416,2025,BEV,1,2026-07-31
13417,2017,PHEV,1,2026-07-31
13417,2018,BEV,1,2026-07-31
13417,2018,PHEV,2,2026-07-31
13417,2019,BEV,1,2026-07-31
13417,2020,BEV,1,2026-07-31
13417,2021,BEV,2,2026-07-31
13417,2021,PHEV,3,2026-07-31
13417,2022,BEV,2,2026-07-31
13417,2022,PHEV,2,2026-07-31
13417,2023,BEV,2,2026-07-31
13417,2023,PHEV,2,2026-07-31
13417,2024,BEV,4,2026-07-31
13417,2025,BEV,2,2026-07-31
13417,2025,PHEV,6,2026-07-31
13417,2026,BEV,1,2026-07-31
13420,2021,BEV,1,2026-07-31
13420,2021,PHEV,1,2026-07-31
13420,2022,BEV,2,2026-07-31
13420,2022,PHEV,1,2026-07-31
13420,2023,BEV,2,2026-07-31
13420,2023,PHEV,2,2026-07-31
13420,2024,BEV,1,2026-07-31
13420,2024,PHEV,2,2026-07-31
13420,2025,PHEV,1,2026-07-31
13420,2026,PHEV,1,2026-07-31
13421,2017,PHEV,2,2026-07-31
13421,2018,BEV,2,2026-07-31
13421,2018,PHEV,3,2026-07-31
13421,2019,PHEV,2,2026-07-31
13421,2020,BEV,3,2026-07-31
13421,2020,PHEV,3,2026-07-31
13421,2021,BEV,6,2026-07-31
13421,2021,PHEV,15,2026-07-31
13421,2022,BEV,5,2026-07-31
13421,2022,PHEV,4,2026-07-31
13421,2023,BEV,11,2026-07-31
13421,2023,PHEV,17,2026-07-31
13421,2024,BEV,12,2026-07-31
13421,2024,PHEV,13,2026-07-31
13421,2025,BEV,17,2026-07-31
13421,2025,PHEV,8,2026-07-31
13421,2026,BEV,3,2026-07-31
13421,2026,PHEV,1,2026-07-31
13424,2021,BEV,1,2026-07-31
13424,2022,PHEV,1,2026-07-31
13424,2023,BEV,5,2026-07-31
13424,2023,PHEV,2,2026-07-31
13424,2024,BEV,1,2026-07-31
13424,2024,PHEV,1,2026-07-31
13424,2025,BEV,3,2026-07-31
13424,2025,PHEV,4,2026-07-31
13424,2026,BEV,1,2026-07-31
13425,2017,PHEV,1,2026-07-31
13425,2020,BEV,2,2026-07-31
13425,2024,BEV,1,2026-07-31
13425,2024,PHEV,2,2026-07-31
13425,2025,BEV,2,2026-07-31
13425,2025,PHEV,1,2026-07-31
13425,2026,BEV,1,2026-07-31
13428,2018,PHEV,1,2026-07-31
13428,2019,PHEV,1,2026-07-31
13428,2022,BEV,1,2026-07-31
13428,2023,PHEV,2,2026-07-31
13428,2025,PHEV,1,2026-07-31
13431,2021,PHEV,2,2026-07-31
13431,2022,PHEV,1,2026-07-31
13431,2023,BEV,1,2026-07-31
13431,2023,PHEV,1,2026-07-31
13431,2024,BEV,3,2026-07-31
13431,2024,PHEV,1,2026-07-31
13431,2025,BEV,3,2026-07-31
13431,2026,BEV,1,2026-07-31
13433,2022,PHEV,1,2026-07-31
13433,2024,PHEV,2,2026-07-31
13433,2025,BEV,1,2026-07-31
13433,2026,BEV,1,2026-07-31
13435,2018,PHEV,1,2026-07-31
13437,2023,BEV,1,2026-07-31
13437,2024,PHEV,1,2026-07-31
13438,2018,PHEV,2,2026-07-31
13438,2019,PHEV,2,2026-07-31
13438,2021,BEV,5,2026-07-31
13438,2021,PHEV,3,2026-07-31
13438,2022,BEV,1,2026-07-31
13438,2022,PHEV,1,2026-07-31
13438,2023,BEV,3,2026-07-31
13438,2023,PHEV,1,2026-07-31
13438,2024,PHEV,1,2026-07-31
13438,2025,BEV,1,2026-07-31
13438,2025,PHEV,2,2026-07-31
13438,2026,BEV,2,2026-07-31
13439,2018,PHEV,1,2026-07-31
13439,2020,BEV,1,2026-07-31
13439,2021,PHEV,7,2026-07-31
13439,2023,BEV,2,2026-07-31
13439,2024,BEV,4,2026-07-31
13439,2024,PHEV,1,2026-07-31
13439,2025,BEV,4,2026-07-31
13439,2025,PHEV,3,2026-07-31
13439,2026,PHEV,1,2026-07-31
13440,2017,BEV,2,2026-07-31
13440,2017,PHEV,5,2026-07-31
13440,2018,BEV,1,2026-07-31
13440,2018,PHEV,8,2026-07-31
13440,2019,BEV,1,2026-07-31
13440,2019,PHEV,7,2026-07-31
13440,2020,BEV,7,2026-07-31
13440,2020,PHEV,13,2026-07-31
13440,2021,BEV,5,2026-07-31
13440,2021,PHEV,15,2026-07-31
13440,2022,BEV,17,2026-07-31
13440,2022,PHEV,3,2026-07-31
13440,2023,BEV,26,2026-07-31
13440,2023,PHEV,17,2026-07-31
13440,2024,BEV,25,2026-07-31
13440,2024,PHEV,20,2026-07-31
13440,2025,BEV,33,2026-07-31
13440,2025,PHEV,39,2026-07-31
13440,2026,BEV,10,2026-07-31
13440,2026,PHEV,6,2026-07-31
13441,2021,PHEV,1,2026-07-31
13441,2022,BEV,1,2026-07-31
13441,2026,BEV,2,2026-07-31
13450,2018,PHEV,1,2026-07-31
13452,2017,BEV,1,2026-07-31
13452,2021,PHEV,1,2026-07-31
13452,2023,PHEV,2,2026-07-31
13452,2024,BEV,1,2026-07-31
13452,2024,PHEV,2,2026-07-31
13452,2025,BEV,1,2026-07-31
13452,2025,PHEV,3,2026-07-31
13452,2026,BEV,1,2026-07-31
13454,2019,PHEV,1,2026-07-31
13454,2022,PHEV,1,2026-07-31
13454,2025,BEV,1,2026-07-31
13456,2018,BEV,2,2026-07-31
13456,2018,PHEV,1,2026-07-31
13456,2019,BEV,1,2026-07-31
13456,2019,PHEV,1,2026-07-31
13456,2020,BEV,1,2026-07-31
13456,2020,PHEV,1,2026-07-31
13456,2021,PHEV,2,2026-07-31
13456,2022,BEV,1,2026-07-31
13456,2022,PHEV,4,2026-07-31
13456,2023,BEV,1,2026-07-31
13456,2023,PHEV,2,2026-07-31
13456,2024,BEV,5,2026-07-31
13456,2024,PHEV,2,2026-07-31
13456,2025,BEV,5,2026-07-31
13456,2025,PHEV,2,2026-07-31
13456,2026,BEV,3,2026-07-31
13459,2018,PHEV,2,2026-07-31
13459,2020,PHEV,1,2026-07-31
13459,2021,BEV,2,2026-07-31
13459,2021,PHEV,2,2026-07-31
13459,2023,PHEV,1,2026-07-31
13459,2024,BEV,2,2026-07-31
13460,2018,PHEV,1,2026-07-31
13460,2019,PHEV,2,2026-07-31
13460,2021,BEV,2,2026-07-31
13460,2021,PHEV,3,2026-07-31
13460,2022,PHEV,3,2026-07-31
13460,2023,BEV,1,2026-07-31
13460,2023,PHEV,3,2026-07-31
13460,2024,BEV,2,2026-07-31
13460,2024,PHEV,2,2026-07-31
13460,2026,BEV,3,2026-07-31
13460,2026,PHEV,1,2026-07-31
13461,2018,PHEV,2,2026-07-31
13461,2019,PHEV,1,2026-07-31
13461,2020,BEV,1,2026-07-31
13461,2020,PHEV,1,2026-07-31
13461,2021,PHEV,4,2026-07-31
13461,2022,BEV,2,2026-07-31
13461,2022,PHEV,4,2026-07-31
13461,2023,BEV,5,2026-07-31
13461,2023,PHEV,2,2026-07-31
13461,2024,BEV,6,2026-07-31
13461,2024,PHEV,3,2026-07-31
13461,2025,BEV,6,2026-07-31
13461,2025,PHEV,2,2026-07-31
13461,2026,BEV,6,2026-07-31
13464,2017,BEV,1,2026-07-31
13464,2020,BEV,1,2026-07-31
13464,2022,PHEV,1,2026-07-31
13464,2026,BEV,2,2026-07-31
13468,2021,BEV,1,2026-07-31
13468,2024,BEV,1,2026-07-31
13468,2025,BEV,1,2026-07-31
13469,2017,PHEV,1,2026-07-31
13469,2023,BEV,1,2026-07-31
13469,2023,PHEV,1,2026-07-31
13470,2021,PHEV,1,2026-07-31
13470,2023,BEV,1,2026-07-31
13471,2020,PHEV,1,2026-07-31
13471,2021,BEV,1,2026-07-31
13471,2021,PHEV,1,2026-07-31
13471,2022,PHEV,1,2026-07-31
13471,2023,BEV,1,2026-07-31
13471,2024,PHEV,2,2026-07-31
13471,2025,PHEV,2,2026-07-31
13471,2026,BEV,1,2026-07-31
13472,2024,BEV,1,2026-07-31
13473,2024,BEV,1,2026-07-31
13473,2025,PHEV,1,2026-07-31
13476,2017,PHEV,1,2026-07-31
13476,2018,PHEV,1,2026-07-31
13476,2019,PHEV,2,2026-07-31
13476,2021,PHEV,2,2026-07-31
13476,2022,PHEV,2,2026-07-31
13476,2023,BEV,2,2026-07-31
13476,2023,PHEV,2,2026-07-31
13476,2024,BEV,2,2026-07-31
13476,2024,PHEV,4,2026-07-31
13476,2025,BEV,1,2026-07-31
13476,2025,PHEV,2,2026-07-31
13476,2026,BEV,1,2026-07-31
13476,2026,PHEV,1,2026-07-31
13477,2021,PHEV,1,2026-07-31
13477,2022,BEV,2,2026-07-31
13477,2023,PHEV,1,2026-07-31
13477,2025,BEV,1,2026-07-31
13477,2026,BEV,1,2026-07-31
13478,2020,PHEV,2,2026-07-31
13478,2021,BEV,1,2026-07-31
13478,2022,BEV,3,2026-07-31
13478,2022,PHEV,1,2026-07-31
13478,2023,BEV,2,2026-07-31
13478,2023,PHEV,3,2026-07-31
13478,2024,BEV,5,2026-07-31
13478,2024,PHEV,4,2026-07-31
13478,2025,BEV,4,2026-07-31
13478,2025,PHEV,2,2026-07-31
13478,2026,BEV,1,2026-07-31
13480,2018,PHEV,1,2026-07-31
13480,2020,PHEV,1,2026-07-31
13480,2021,BEV,1,2026-07-31
13480,2021,PHEV,1,2026-07-31
13480,2022,BEV,3,2026-07-31
13480,2022,PHEV,1,2026-07-31
13480,2023,PHEV,2,2026-07-31
13480,2024,BEV,2,2026-07-31
13480,2024,PHEV,3,2026-07-31
13480,2025,BEV,3,2026-07-31
13480,2025,PHEV,2,2026-07-31
13483,2025,PHEV,1,2026-07-31
13485,2021,PHEV,1,2026-07-31
13485,2022,PHEV,1,2026-07-31
13485,2023,BEV,2,2026-07-31
13485,2023,PHEV,1,2026-07-31
13485,2024,PHEV,1,2026-07-31
13485,2025,BEV,1,2026-07-31
13486,2018,BEV,1,2026-07-31
13486,2020,PHEV,1,2026-07-31
13486,2021,PHEV,2,2026-07-31
13486,2022,PHEV,1,2026-07-31
13486,2023,BEV,1,2026-07-31
13486,2023,PHEV,1,2026-07-31
13486,2025,BEV,1,2026-07-31
13486,2025,PHEV,1,2026-07-31
13488,2025,BEV,1,2026-07-31
13490,2023,PHEV,2,2026-07-31
13490,2025,BEV,1,2026-07-31
13491,2017,BEV,1,2026-07-31
13491,2021,PHEV,1,2026-07-31
13491,2022,BEV,1,2026-07-31
13491,2025,PHEV,1,2026-07-31
13491,2026,PHEV,1,2026-07-31
13492,2017,PHEV,1,2026-07-31
13492,2018,BEV,1,2026-07-31
13492,2018,PHEV,5,2026-07-31
13492,2019,BEV,2,2026-07-31
13492,2019,PHEV,2,2026-07-31
13492,2020,PHEV,4,2026-07-31
13492,2021,BEV,5,2026-07-31
13492,2021,PHEV,5,2026-07-31
13492,2022,BEV,5,2026-07-31
13492,2022,PHEV,9,2026-07-31
13492,2023,BEV,10,2026-07-31
13492,2023,PHEV,5,2026-07-31
13492,2024,BEV,23,2026-07-31
13492,2024,PHEV,6,2026-07-31
13492,2025,BEV,18,2026-07-31
13492,2025,PHEV,9,2026-07-31
13492,2026,BEV,5,2026-07-31
13492,2026,PHEV,3,2026-07-31
13493,2018,PHEV,1,2026-07-31
13493,2020,PHEV,1,2026-07-31
13495,2020,PHEV,1,2026-07-31
13495,2021,PHEV,1,2026-07-31
13495,2022,BEV,4,2026-07-31
13495,2023,BEV,3,2026-07-31
13495,2023,PHEV,2,2026-07-31
13495,2024,BEV,4,2026-07-31
13495,2025,BEV,2,2026-07-31
13495,2025,PHEV,2,2026-07-31
13495,2026,BEV,1,2026-07-31
13501,2017,PHEV,8,2026-07-31
13501,2018,BEV,2,2026-07-31
13501,2018,PHEV,6,2026-07-31
13501,2019,BEV,1,2026-07-31
13501,2019,PHEV,7,2026-07-31
13501,2020,BEV,7,2026-07-31
13501,2020,PHEV,12,2026-07-31
13501,2021,BEV,5,2026-07-31
13501,2021,PHEV,17,2026-07-31
13501,2022,BEV,10,2026-07-31
13501,2022,PHEV,13,2026-07-31
13501,2023,BEV,20,2026-07-31
13501,2023,PHEV,10,2026-07-31
13501,2024,BEV,18,2026-07-31
13501,2024,PHEV,8,2026-07-31
13501,2025,BEV,24,2026-07-31
13501,2025,PHEV,16,2026-07-31
13501,2026,BEV,15,2026-07-31
13501,2026,PHEV,2,2026-07-31
13502,2017,PHEV,1,2026-07-31
13502,2018,BEV,2,2026-07-31
13502,2018,PHEV,7,2026-07-31
13502,2019,BEV,4,2026-07-31
13502,2019,PHEV,6,2026-07-31
13502,2020,BEV,7,2026-07-31
13502,2020,PHEV,9,2026-07-31
13502,2021,BEV,7,2026-07-31
13502,2021,PHEV,15,2026-07-31
13502,2022,BEV,17,2026-07-31
13502,2022,PHEV,13,2026-07-31
13502,2023,BEV,15,2026-07-31
13502,2023,PHEV,11,2026-07-31
13502,2024,BEV,34,2026-07-31
13502,2024,PHEV,17,2026-07-31
13502,2025,BEV,37,2026-07-31
13502,2025,PHEV,20,2026-07-31
13502,2026,BEV,14,2026-07-31
13502,2026,PHEV,2,2026-07-31
13601,2017,BEV,1,2026-07-31
13601,2017,PHEV,9,2026-07-31
13601,2018,PHEV,5,2026-07-31
13601,2019,PHEV,5,2026-07-31
13601,2020,BEV,4,2026-07-31
13601,2020,PHEV,6,2026-07-31
13601,2021,BEV,14,2026-07-31
13601,2021,PHEV,29,2026-07-31
13601,2022,BEV,11,2026-07-31
13601,2022,PHEV,9,2026-07-31
13601,2023,BEV,15,2026-07-31
13601,2023,PHEV,24,2026-07-31
13601,2024,BEV,15,2026-07-31
13601,2024,PHEV,42,2026-07-31
13601,2025,BEV,14,2026-07-31
13601,2025,PHEV,30,2026-07-31
13601,2026,BEV,8,2026-07-31
13601,2026,PHEV,3,2026-07-31
13602,2018,PHEV,2,2026-07-31
13602,2020,PHEV,2,2026-07-31
13602,2021,PHEV,2,2026-07-31
13602,2022,PHEV,2,2026-07-31
13602,2023,BEV,1,2026-07-31
13602,2023,PHEV,1,2026-07-31
13602,2024,BEV,3,2026-07-31
13602,2025,BEV,3,2026-07-31
13602,2026,BEV,3,2026-07-31
13603,2018,PHEV,1,2026-07-31
13603,2020,BEV,1,2026-07-31
13603,2021,BEV,2,2026-07-31
13603,2021,PHEV,1,2026-07-31
13603,2022,BEV,2,2026-07-31
13603,2022,PHEV,1,2026-07-31
13603,2023,BEV,4,2026-07-31
13603,2023,PHEV,5,2026-07-31
13603,2024,PHEV,3,2026-07-31
13603,2025,BEV,4,2026-07-31
13603,2025,PHEV,3,2026-07-31
13603,2026,BEV,2,2026-07-31
13605,2017,PHEV,1,2026-07-31
13605,2018,PHEV,2,2026-07-31
13605,2019,PHEV,1,2026-07-31
13605,2020,BEV,1,2026-07-31
13605,2021,BEV,3,2026-07-31
13605,2021,PHEV,1,2026-07-31
13605,2022,BEV,1,2026-07-31
13605,2023,BEV,2,2026-07-31
13605,2023,PHEV,5,2026-07-31
13605,2024,BEV,3,2026-07-31
13605,2024,PHEV,3,2026-07-31
13605,2025,BEV,4,2026-07-31
13605,2025,PHEV,1,2026-07-31
13605,2026,BEV,1,2026-07-31
13606,2019,PHEV,1,2026-07-31
13606,2020,PHEV,1,2026-07-31
13606,2021,BEV,2,2026-07-31
13606,2021,PHEV,2,2026-07-31
13606,2022,BEV,3,2026-07-31
13606,2022,PHEV,5,2026-07-31
13606,2023,BEV,2,2026-07-31
13606,2023,PHEV,5,2026-07-31
13606,2024,BEV,1,2026-07-31
13606,2024,PHEV,1,2026-07-31
13606,2025,PHEV,1,2026-07-31
13606,2026,PHEV,1,2026-07-31
13607,2018,PHEV,3,2026-07-31
13607,2021,BEV,1,2026-07-31
13607,2021,PHEV,1,2026-07-31
13607,2022,PHEV,1,2026-07-31
13607,2023,PHEV,2,2026-07-31
13607,2024,PHEV,1,2026-07-31
13607,2025,BEV,2,2026-07-31
13607,2025,PHEV,3,2026-07-31
13607,2026,BEV,1,2026-07-31
13607,2026,PHEV,1,2026-07-31
13608,2019,PHEV,1,2026-07-31
13608,2022,PHEV,1,2026-07-31
13608,2024,PHEV,1,2026-07-31
13611,2024,PHEV,1,2026-07-31
13612,2018,PHEV,1,2026-07-31
13612,2020,PHEV,1,2026-07-31
13612,2021,BEV,1,2026-07-31
13612,2021,PHEV,3,2026-07-31
13612,2022,BEV,1,2026-07-31
13612,2022,PHEV,1,2026-07-31
13612,2023,PHEV,3,2026-07-31
13612,2024,PHEV,1,2026-07-31
13612,2025,BEV,5,2026-07-31
13612,2025,PHEV,1,2026-07-31
13612,2026,PHEV,1,2026-07-31
13613,2021,PHEV,2,2026-07-31
13613,2023,BEV,1,2026-07-31
13613,2023,PHEV,1,2026-07-31
13613,2024,PHEV,2,2026-07-31
13613,2025,BEV,2,2026-07-31
13613,2026,BEV,1,2026-07-31
13614,2024,BEV,1,2026-07-31
13615,2017,PHEV,1,2026-07-31
13615,2018,PHEV,1,2026-07-31
13615,2019,PHEV,1,2026-07-31
13615,2020,PHEV,1,2026-07-31
13615,2021,PHEV,1,2026-07-31
13615,2022,PHEV,1,2026-07-31
13615,2024,BEV,1,2026-07-31
13615,2025,BEV,1,2026-07-31
13615,2025,PHEV,1,2026-07-31
13616,2018,PHEV,2,2026-07-31
13616,2021,BEV,1,2026-07-31
13616,2022,BEV,1,2026-07-31
13616,2025,PHEV,1,2026-07-31
13617,2017,PHEV,3,2026-07-31
13617,2018,PHEV,2,2026-07-31
13617,2019,PHEV,2,2026-07-31
13617,2020,BEV,3,2026-07-31
13617,2020,PHEV,5,2026-07-31
13617,2021,BEV,4,2026-07-31
13617,2021,PHEV,18,2026-07-31
13617,2022,BEV,6,2026-07-31
13617,2022,PHEV,6,2026-07-31
13617,2023,BEV,6,2026-07-31
13617,2023,PHEV,9,2026-07-31
13617,2024,BEV,9,2026-07-31
13617,2024,PHEV,7,2026-07-31
13617,2025,BEV,6,2026-07-31
13617,2026,PHEV,1,2026-07-31
13618,2018,PHEV,1,2026-07-31
13618,2019,BEV,1,2026-07-31
13618,2020,PHEV,1,2026-07-31
13618,2021,BEV,1,2026-07-31
13618,2021,PHEV,1,2026-07-31
13618,2022,PHEV,2,2026-07-31
13618,2023,PHEV,2,2026-07-31
13618,2024,BEV,1,2026-07-31
13618,2024,PHEV,4,2026-07-31
13618,2025,BEV,1,2026-07-31
13618,2025,PHEV,1,2026-07-31
13618,2026,BEV,2,2026-07-31
13619,2017,PHEV,2,2026-07-31
13619,2018,BEV,1,2026-07-31
13619,2018,PHEV,1,2026-07-31
13619,2020,BEV,2,2026-07-31
13619,2021,PHEV,3,2026-07-31
13619,2022,BEV,1,2026-07-31
13619,2022,PHEV,4,2026-07-31
13619,2023,BEV,2,2026-07-31
13619,2023,PHEV,7,2026-07-31
13619,2024,BEV,4,2026-07-31
13619,2024,PHEV,11,2026-07-31
13619,2025,BEV,2,2026-07-31
13619,2025,PHEV,1,2026-07-31
13619,2026,BEV,1,2026-07-31
13620,2017,BEV,1,2026-07-31
13620,2025,BEV,1,2026-07-31
13621,2019,PHEV,1,2026-07-31
13621,2024,BEV,1,2026-07-31
13621,2025,BEV,2,2026-07-31
13622,2021,BEV,2,2026-07-31
13622,2021,PHEV,2,2026-07-31
13622,2023,BEV,1,2026-07-31
13622,2023,PHEV,1,2026-07-31
13622,2024,PHEV,1,2026-07-31
13622,2025,BEV,1,2026-07-31
13622,2025,PHEV,3,2026-07-31
13624,2018,PHEV,1,2026-07-31
13624,2020,BEV,1,2026-07-31
13624,2020,PHEV,1,2026-07-31
13624,2021,BEV,2,2026-07-31
13624,2021,PHEV,3,2026-07-31
13624,2022,BEV,1,2026-07-31
13624,2022,PHEV,5,2026-07-31
13624,2023,BEV,4,2026-07-31
13624,2023,PHEV,7,2026-07-31
13624,2024,BEV,2,2026-07-31
13624,2024,PHEV,6,2026-07-31
13624,2025,BEV,5,2026-07-31
13624,2025,PHEV,7,2026-07-31
13624,2026,BEV,3,2026-07-31
13625,2017,PHEV,2,2026-07-31
13625,2019,BEV,3,2026-07-31
13625,2020,BEV,2,2026-07-31
13625,2021,PHEV,2,2026-07-31
13625,2023,BEV,4,2026-07-31
13625,2023,PHEV,6,2026-07-31
13625,2024,BEV,1,2026-07-31
13625,2024,PHEV,2,2026-07-31
13625,2025,BEV,1,2026-07-31
13625,2026,BEV,1,2026-07-31
13625,2026,PHEV,1,2026-07-31
13626,2020,PHEV,1,2026-07-31
13626,2021,PHEV,1,2026-07-31
13626,2024,PHEV,2,2026-07-31
13626,2025,PHEV,2,2026-07-31
13626,2026,BEV,1,2026-07-31
13630,2017,PHEV,1,2026-07-31
13630,2021,PHEV,2,2026-07-31
13630,2022,PHEV,1,2026-07-31
13630,2023,BEV,2,2026-07-31
13630,2023,PHEV,1,2026-07-31
13630,2025,BEV,1,2026-07-31
13634,2017,BEV,1,2026-07-31
13634,2017,PHEV,2,2026-07-31
13634,2021,BEV,2,2026-07-31
13634,2021,PHEV,4,2026-07-31
13634,2022,PHEV,1,2026-07-31
13634,2023,BEV,1,2026-07-31
13634,2023,PHEV,8,2026-07-31
13634,2024,BEV,1,2026-07-31
13634,2024,PHEV,9,2026-07-31
13634,2025,BEV,5,2026-07-31
13634,2025,PHEV,2,2026-07-31
13634,2026,BEV,1,2026-07-31
13634,2026,PHEV,1,2026-07-31
13635,2020,PHEV,1,2026-07-31
13635,2021,PHEV,1,2026-07-31
13635,2022,BEV,1,2026-07-31
13635,2023,PHEV,2,2026-07-31
13635,2024,BEV,1,2026-07-31
13635,2025,PHEV,2,2026-07-31
13635,2026,PHEV,1,2026-07-31
13636,2018,PHEV,1,2026-07-31
13636,2024,PHEV,2,2026-07-31
13637,2020,BEV,1,2026-07-31
13637,2020,PHEV,1,2026-07-31
13637,2021,BEV,2,2026-07-31
13637,2021,PHEV,1,2026-07-31
13637,2022,BEV,1,2026-07-31
13637,2022,PHEV,1,2026-07-31
13637,2023,BEV,1,2026-07-31
13637,2024,PHEV,7,2026-07-31
13637,2025,BEV,1,2026-07-31
13637,2026,BEV,2,2026-07-31
13638,2020,BEV,1,2026-07-31
13638,2023,PHEV,1,2026-07-31
13640,2018,PHEV,3,2026-07-31
13640,2021,BEV,1,2026-07-31
13640,2021,PHEV,1,2026-07-31
13640,2023,PHEV,1,2026-07-31
13640,2024,BEV,2,2026-07-31
13640,2024,PHEV,1,2026-07-31
13640,2025,BEV,2,2026-07-31
13642,2020,PHEV,3,2026-07-31
13642,2021,BEV,2,2026-07-31
13642,2021,PHEV,2,2026-07-31
13642,2022,PHEV,4,2026-07-31
13642,2023,BEV,1,2026-07-31
13642,2023,PHEV,5,2026-07-31
13642,2024,PHEV,3,2026-07-31
13642,2025,BEV,1,2026-07-31
13642,2025,PHEV,1,2026-07-31
13646,2018,PHEV,1,2026-07-31
13646,2021,BEV,1,2026-07-31
13646,2022,PHEV,2,2026-07-31
13646,2024,PHEV,1,2026-07-31
13646,2025,BEV,2,2026-07-31
13646,2025,PHEV,1,2026-07-31
13648,2019,PHEV,1,2026-07-31
13648,2023,PHEV,1,2026-07-31
13648,2024,BEV,1,2026-07-31
13648,2024,PHEV,2,2026-07-31
13648,2025,BEV,1,2026-07-31
13648,2025,PHEV,2,2026-07-31
13650,2021,BEV,2,2026-07-31
13650,2021,PHEV,2,2026-07-31
13650,2022,BEV,1,2026-07-31
13650,2024,PHEV,2,2026-07-31
13651,2024,PHEV,1,2026-07-31
13651,2025,BEV,1,2026-07-31
13652,2022,BEV,1,2026-07-31
13652,2025,PHEV,1,2026-07-31
13652,2026,PHEV,1,2026-07-31
13654,2017,PHEV,1,2026-07-31
13654,2018,PHEV,1,2026-07-31
13654,2020,PHEV,1,2026-07-31
13654,2022,BEV,1,2026-07-31
13654,2023,PHEV,1,2026-07-31
13654,2024,BEV,3,2026-07-31
13654,2024,PHEV,1,2026-07-31
13654,2025,PHEV,2,2026-07-31
13654,2026,BEV,1,2026-07-31
13655,2017,PHEV,1,2026-07-31
13655,2021,PHEV,2,2026-07-31
13655,2023,BEV,1,2026-07-31
13655,2023,PHEV,4,2026-07-31
13655,2024,PHEV,1,2026-07-31
13655,2025,PHEV,2,2026-07-31
13655,2026,BEV,2,2026-07-31
13656,2020,PHEV,1,2026-07-31
13656,2021,BEV,1,2026-07-31
13656,2021,PHEV,2,2026-07-31
13656,2023,PHEV,2,2026-07-31
13656,2024,PHEV,2,2026-07-31
13656,2025,BEV,1,2026-07-31
13656,2026,BEV,2,2026-07-31
13658,2021,PHEV,1,2026-07-31
13658,2022,PHEV,1,2026-07-31
13658,2023,BEV,2,2026-07-31
13658,2023,PHEV,1,2026-07-31
13658,2025,BEV,4,2026-07-31
13658,2026,BEV,2,2026-07-31
13660,2018,PHEV,1,2026-07-31
13660,2019,PHEV,1,2026-07-31
13660,2020,BEV,1,2026-07-31
13660,2020,PHEV,1,2026-07-31
13660,2021,PHEV,1,2026-07-31
13660,2022,PHEV,1,2026-07-31
13660,2023,BEV,3,2026-07-31
13660,2024,BEV,1,2026-07-31
13660,2025,BEV,1,2026-07-31
13660,2026,BEV,1,2026-07-31
13661,2018,BEV,1,2026-07-31
13661,2021,PHEV,2,2026-07-31
13661,2024,BEV,1,2026-07-31
13661,2024,PHEV,1,2026-07-31
13661,2025,BEV,1,2026-07-31
13662,2017,PHEV,3,2026-07-31
13662,2018,PHEV,2,2026-07-31
13662,2019,BEV,2,2026-07-31
13662,2019,PHEV,6,2026-07-31
13662,2020,PHEV,2,2026-07-31
13662,2021,PHEV,9,2026-07-31
13662,2022,BEV,3,2026-07-31
13662,2022,PHEV,2,2026-07-31
13662,2023,BEV,10,2026-07-31
13662,2023,PHEV,10,2026-07-31
13662,2024,BEV,6,2026-07-31
13662,2024,PHEV,12,2026-07-31
13662,2025,BEV,9,2026-07-31
13662,2025,PHEV,7,2026-07-31
13662,2026,BEV,4,2026-07-31
13662,2026,PHEV,1,2026-07-31
13664,2021,PHEV,1,2026-07-31
13664,2022,BEV,1,2026-07-31
13664,2022,PHEV,1,2026-07-31
13664,2025,BEV,2,2026-07-31
13664,2025,PHEV,1,2026-07-31
13664,2026,PHEV,1,2026-07-31
13665,2019,PHEV,1,2026-07-31
13665,2022,PHEV,1,2026-07-31
13665,2023,BEV,1,2026-07-31
13665,2024,BEV,1,2026-07-31
13665,2026,BEV,1,2026-07-31
13667,2018,PHEV,1,2026-07-31
13667,2019,PHEV,1,2026-07-31
13667,2020,PHEV,1,2026-07-31
13667,2021,BEV,1,2026-07-31
13667,2021,PHEV,3,2026-07-31
13667,2022,BEV,1,2026-07-31
13667,2022,PHEV,1,2026-07-31
13667,2023,BEV,1,2026-07-31
13667,2023,PHEV,1,2026-07-31
13667,2024,BEV,2,2026-07-31
13667,2024,PHEV,2,2026-07-31
13667,2025,BEV,2,2026-07-31
13667,2025,PHEV,1,2026-07-31
13668,2021,BEV,1,2026-07-31
13668,2021,PHEV,5,2026-07-31
13668,2022,BEV,2,2026-07-31
13668,2022,PHEV,4,2026-07-31
13668,2023,BEV,4,2026-07-31
13668,2023,PHEV,3,2026-07-31
13668,2024,BEV,1,2026-07-31
13668,2024,PHEV,3,2026-07-31
13668,2025,BEV,1,2026-07-31
13668,2025,PHEV,2,2026-07-31
13668,2026,BEV,2,2026-07-31
13669,2017,PHEV,1,2026-07-31
13669,2018,BEV,1,2026-07-31
13669,2018,PHEV,1,2026-07-31
13669,2019,BEV,1,2026-07-31
13669,2019,PHEV,1,2026-07-31
13669,2020,BEV,3,2026-07-31
13669,2020,PHEV,2,2026-07-31
13669,2021,BEV,2,2026-07-31
13669,2021,PHEV,3,2026-07-31
13669,2022,BEV,4,2026-07-31
13669,2022,PHEV,1,2026-07-31
13669,2023,BEV,6,2026-07-31
13669,2023,PHEV,5,2026-07-31
13669,2024,BEV,6,2026-07-31
13669,2024,PHEV,11,2026-07-31
13669,2025,BEV,2,2026-07-31
13669,2025,PHEV,6,2026-07-31
13669,2026,BEV,3,2026-07-31
13669,2026,PHEV,1,2026-07-31
13670,2023,PHEV,1,2026-07-31
13670,2025,PHEV,1,2026-07-31
13672,2018,PHEV,1,2026-07-31
13673,2020,BEV,1,2026-07-31
13673,2021,BEV,1,2026-07-31
13673,2023,BEV,2,2026-07-31
13673,2023,PHEV,1,2026-07-31
13673,2024,BEV,1,2026-07-31
13673,2024,PHEV,2,2026-07-31
13673,2025,BEV,1,2026-07-31
13675,2021,PHEV,1,2026-07-31
13676,2017,BEV,1,2026-07-31
13676,2017,PHEV,4,2026-07-31
13676,2018,BEV,2,2026-07-31
13676,2018,PHEV,4,2026-07-31
13676,2019,BEV,2,2026-07-31
13676,2019,PHEV,4,2026-07-31
13676,2020,BEV,2,2026-07-31
13676,2020,PHEV,4,2026-07-31
13676,2021,BEV,5,2026-07-31
13676,2021,PHEV,15,2026-07-31
13676,2022,BEV,8,2026-07-31
13676,2022,PHEV,10,2026-07-31
13676,2023,BEV,11,2026-07-31
13676,2023,PHEV,22,2026-07-31
13676,2024,BEV,10,2026-07-31
13676,2024,PHEV,5,2026-07-31
13676,2025,BEV,13,2026-07-31
13676,2025,PHEV,9,2026-07-31
13676,2026,BEV,5,2026-07-31
13676,2026,PHEV,4,2026-07-31
13677,2023,PHEV,1,2026-07-31
13679,2017,PHEV,1,2026-07-31
13679,2019,BEV,1,2026-07-31
13679,2020,PHEV,1,2026-07-31
13679,2022,BEV,3,2026-07-31
13679,2022,PHEV,1,2026-07-31
13679,2023,PHEV,2,2026-07-31
13679,2024,PHEV,3,2026-07-31
13679,2025,BEV,2,2026-07-31
13679,2025,PHEV,1,2026-07-31
13679,2026,BEV,2,2026-07-31
13680,2023,BEV,1,2026-07-31
13680,2024,PHEV,2,2026-07-31
13682,2024,BEV,1,2026-07-31
13682,2024,PHEV,1,2026-07-31
13682,2025,BEV,1,2026-07-31
13684,2021,PHEV,1,2026-07-31
13685,2019,BEV,1,2026-07-31
13685,2019,PHEV,2,2026-07-31
13685,2020,BEV,2,2026-07-31
13685,2021,BEV,1,2026-07-31
13685,2021,PHEV,2,2026-07-31
13685,2022,BEV,2,2026-07-31
13685,2022,PHEV,1,2026-07-31
13685,2023,BEV,1,2026-07-31
13685,2023,PHEV,3,2026-07-31
13685,2024,PHEV,6,2026-07-31
13685,2025,BEV,2,2026-07-31
13685,2025,PHEV,2,2026-07-31
13685,2026,BEV,3,2026-07-31
13685,2026,PHEV,1,2026-07-31
13687,2021,PHEV,1,2026-07-31
13687,2022,PHEV,2,2026-07-31
13687,2023,PHEV,1,2026-07-31
13687,2024,PHEV,1,2026-07-31
13690,2020,PHEV,1,2026-07-31
13690,2022,PHEV,1,2026-07-31
13690,2024,PHEV,1,2026-07-31
13691,2020,PHEV,1,2026-07-31
13691,2023,PHEV,3,2026-07-31
13691,2024,BEV,1,2026-07-31
13691,2024,PHEV,1,2026-07-31
13691,2025,PHEV,1,2026-07-31
13692,2025,BEV,1,2026-07-31
13693,2020,PHEV,1,2026-07-31
13693,2021,BEV,1,2026-07-31
13693,2021,PHEV,3,2026-07-31
13693,2022,BEV,1,2026-07-31
13693,2023,PHEV,1,2026-07-31
13693,2024,BEV,2,2026-07-31
13693,2024,PHEV,1,2026-07-31
13693,2025,BEV,1,2026-07-31
13694,2017,PHEV,1,2026-07-31
13694,2021,PHEV,1,2026-07-31
13694,2023,BEV,1,2026-07-31
13694,2023,PHEV,2,2026-07-31
13694,2024,BEV,1,2026-07-31
13694,2026,BEV,1,2026-07-31
13695,2017,PHEV,1,2026-07-31
13695,2021,PHEV,1,2026-07-31
13697,2023,BEV,1,2026-07-31
13697,2024,BEV,1,2026-07-31
13697,2024,PHEV,1,2026-07-31
13697,2025,BEV,1,2026-07-31
13697,2025,PHEV,1,2026-07-31
13697,2026,BEV,1,2026-07-31
13730,2018,PHEV,2,2026-07-31
13730,2020,BEV,1,2026-07-31
13730,2020,PHEV,2,2026-07-31
13730,2021,BEV,1,2026-07-31
13730,2022,PHEV,2,2026-07-31
13730,2023,BEV,2,2026-07-31
13730,2023,PHEV,1,2026-07-31
13730,2024,PHEV,3,2026-07-31
13730,2025,BEV,1,2026-07-31
13730,2026,BEV,2,2026-07-31
13731,2017,PHEV,1,2026-07-31
13731,2018,PHEV,1,2026-07-31
13731,2020,PHEV,1,2026-07-31
13731,2021,PHEV,3,2026-07-31
13731,2022,PHEV,2,2026-07-31
13731,2023,BEV,2,2026-07-31
13731,2023,PHEV,1,2026-07-31
13731,2024,BEV,1,2026-07-31
13731,2024,PHEV,1,2026-07-31
13731,2026,PHEV,1,2026-07-31
13732,2017,PHEV,2,2026-07-31
13732,2018,PHEV,3,2026-07-31
13732,2019,PHEV,2,2026-07-31
13732,2020,PHEV,1,2026-07-31
13732,2021,BEV,1,2026-07-31
13732,2021,PHEV,12,2026-07-31
13732,2022,BEV,1,2026-07-31
13732,2022,PHEV,3,2026-07-31
13732,2023,BEV,11,2026-07-31
13732,2023,PHEV,7,2026-07-31
13732,2024,BEV,7,2026-07-31
13732,2024,PHEV,2,2026-07-31
13732,2025,BEV,7,2026-07-31
13732,2025,PHEV,3,2026-07-31
13732,2026,BEV,4,2026-07-31
13733,2017,BEV,1,2026-07-31
13733,2018,PHEV,2,2026-07-31
13733,2020,PHEV,3,2026-07-31
13733,2021,BEV,1,2026-07-31
13733,2021,PHEV,2,2026-07-31
13733,2022,PHEV,1,2026-07-31
13733,2023,BEV,1,2026-07-31
13733,2023,PHEV,1,2026-07-31
13733,2024,BEV,3,2026-07-31
13733,2024,PHEV,2,2026-07-31
13733,2025,BEV,1,2026-07-31
13733,2026,BEV,1,2026-07-31
13733,2026,PHEV,1,2026-07-31
13734,2020,PHEV,1,2026-07-31
13734,2021,BEV,1,2026-07-31
13734,2022,BEV,1,2026-07-31
13734,2023,PHEV,1,2026-07-31
13734,2024,BEV,1,2026-07-31
13734,2026,PHEV,1,2026-07-31
13736,2018,PHEV,1,2026-07-31
13736,2021,BEV,1,2026-07-31
13736,2021,PHEV,3,2026-07-31
13736,2022,BEV,1,2026-07-31
13736,2022,PHEV,2,2026-07-31
13736,2024,BEV,1,2026-07-31
13736,2025,PHEV,1,2026-07-31
13736,2026,PHEV,1,2026-07-31
13739,2021,BEV,1,2026-07-31
13739,2021,PHEV,1,2026-07-31
13739,2023,BEV,2,2026-07-31
13739,2023,PHEV,2,2026-07-31
13739,2024,PHEV,1,2026-07-31
13740,2021,PHEV,1,2026-07-31
13740,2022,BEV,2,2026-07-31
13740,2022,PHEV,1,2026-07-31
13740,2023,BEV,3,2026-07-31
13740,2024,BEV,1,2026-07-31
13740,2025,BEV,1,2026-07-31
13740,2026,BEV,1,2026-07-31
13743,2021,PHEV,2,2026-07-31
13743,2022,BEV,4,2026-07-31
13743,2022,PHEV,1,2026-07-31
13743,2023,PHEV,1,2026-07-31
13743,2024,BEV,1,2026-07-31
13743,2026,BEV,1,2026-07-31
13744,2023,BEV,1,2026-07-31
13744,2023,PHEV,2,2026-07-31
13744,2025,BEV,1,2026-07-31
13744,2025,PHEV,2,2026-07-31
13746,2018,BEV,1,2026-07-31
13746,2019,BEV,1,2026-07-31
13746,2021,BEV,2,2026-07-31
13746,2021,PHEV,3,2026-07-31
13746,2022,PHEV,1,2026-07-31
13746,2023,PHEV,1,2026-07-31
13746,2024,BEV,2,2026-07-31
13746,2025,BEV,2,2026-07-31
13746,2025,PHEV,1,2026-07-31
13746,2026,BEV,1,2026-07-31
13748,2017,PHEV,2,2026-07-31
13748,2018,PHEV,1,2026-07-31
13748,2019,PHEV,1,2026-07-31
13748,2020,PHEV,1,2026-07-31
13748,2021,PHEV,3,2026-07-31
13748,2022,BEV,1,2026-07-31
13748,2022,PHEV,1,2026-07-31
13748,2023,BEV,2,2026-07-31
13748,2023,PHEV,1,2026-07-31
13748,2024,BEV,1,2026-07-31
13748,2024,PHEV,2,2026-07-31
13748,2025,BEV,3,2026-07-31
13748,2026,BEV,1,2026-07-31
13748,2026,PHEV,1,2026-07-31
13750,2024,BEV,2,2026-07-31
13750,2024,PHEV,1,2026-07-31
13750,2026,BEV,2,2026-07-31
13752,2018,PHEV,1,2026-07-31
13752,2021,PHEV,1,2026-07-31
13752,2025,BEV,2,2026-07-31
13753,2017,BEV,2,2026-07-31
13753,2017,PHEV,1,2026-07-31
13753,2018,PHEV,2,2026-07-31
13753,2019,PHEV,2,2026-07-31
13753,2020,BEV,1,2026-07-31
13753,2021,BEV,1,2026-07-31
13753,2021,PHEV,4,2026-07-31
13753,2022,BEV,1,2026-07-31
13753,2022,PHEV,2,2026-07-31
13753,2023,BEV,4,2026-07-31
13753,2023,PHEV,2,2026-07-31
13753,2024,BEV,2,2026-07-31
13753,2024,PHEV,5,2026-07-31
13753,2025,BEV,2,2026-07-31
13753,2025,PHEV,4,2026-07-31
13753,2026,PHEV,1,2026-07-31
13754,2018,PHEV,1,2026-07-31
13754,2021,PHEV,3,2026-07-31
13754,2022,BEV,1,2026-07-31
13754,2023,BEV,1,2026-07-31
13754,2023,PHEV,2,2026-07-31
13754,2024,PHEV,1,2026-07-31
13754,2025,BEV,2,2026-07-31
13754,2026,BEV,2,2026-07-31
13755,2021,PHEV,1,2026-07-31
13755,2022,BEV,1,2026-07-31
13755,2023,PHEV,1,2026-07-31
13756,2020,BEV,1,2026-07-31
13757,2018,PHEV,1,2026-07-31
13757,2022,PHEV,3,2026-07-31
13757,2023,PHEV,2,2026-07-31
13757,2024,BEV,1,2026-07-31
13757,2024,PHEV,2,2026-07-31
13757,2026,BEV,1,2026-07-31
13757,2026,PHEV,1,2026-07-31
13760,2017,BEV,2,2026-07-31
13760,2017,PHEV,13,2026-07-31
13760,2018,BEV,1,2026-07-31
13760,2018,PHEV,30,2026-07-31
13760,2019,BEV,8,2026-07-31
13760,2019,PHEV,6,2026-07-31
13760,2020,BEV,6,2026-07-31
13760,2020,PHEV,12,2026-07-31
13760,2021,BEV,11,2026-07-31
13760,2021,PHEV,56,2026-07-31
13760,2022,BEV,19,2026-07-31
13760,2022,PHEV,34,2026-07-31
13760,2023,BEV,32,2026-07-31
13760,2023,PHEV,37,2026-07-31
13760,2024,BEV,37,2026-07-31
13760,2024,PHEV,35,2026-07-31
13760,2025,BEV,35,2026-07-31
13760,2025,PHEV,21,2026-07-31
13760,2026,BEV,19,2026-07-31
13760,2026,PHEV,7,2026-07-31
13774,2025,PHEV,1,2026-07-31
13775,2017,PHEV,1,2026-07-31
13775,2020,BEV,1,2026-07-31
13775,2020,PHEV,1,2026-07-31
13775,2021,PHEV,2,2026-07-31
13775,2023,BEV,1,2026-07-31
13775,2023,PHEV,1,2026-07-31
13775,2025,BEV,1,2026-07-31
13775,2025,PHEV,2,2026-07-31
13775,2026,PHEV,1,2026-07-31
13776,2023,BEV,1,2026-07-31
13776,2024,BEV,1,2026-07-31
13777,2022,BEV,1,2026-07-31
13777,2023,BEV,1,2026-07-31
13777,2025,PHEV,1,2026-07-31
13778,2017,PHEV,1,2026-07-31
13778,2018,PHEV,2,2026-07-31
13778,2019,PHEV,1,2026-07-31
13778,2020,BEV,1,2026-07-31
13778,2020,PHEV,1,2026-07-31
13778,2021,BEV,1,2026-07-31
13778,2021,PHEV,5,2026-07-31
13778,2022,BEV,3,2026-07-31
13778,2022,PHEV,2,2026-07-31
13778,2023,BEV,1,2026-07-31
13778,2023,PHEV,3,2026-07-31
13778,2024,BEV,1,2026-07-31
13778,2024,PHEV,3,2026-07-31
13778,2025,BEV,4,2026-07-31
13778,2025,PHEV,3,2026-07-31
13778,2026,BEV,1,2026-07-31
13780,2021,BEV,1,2026-07-31
13780,2021,PHEV,2,2026-07-31
13780,2022,BEV,1,2026-07-31
13780,2024,BEV,1,2026-07-31
13780,2025,BEV,1,2026-07-31
13782,2019,PHEV,1,2026-07-31
13782,2022,BEV,3,2026-07-31
13782,2023,PHEV,1,2026-07-31
13783,2018,PHEV,2,2026-07-31
13783,2019,PHEV,1,2026-07-31
13783,2021,PHEV,1,2026-07-31
13783,2022,BEV,1,2026-07-31
13783,2022,PHEV,1,2026-07-31
13783,2023,BEV,1,2026-07-31
13783,2024,PHEV,1,2026-07-31
13783,2025,BEV,1,2026-07-31
13783,2025,PHEV,1,2026-07-31
13787,2021,BEV,1,2026-07-31
13787,2021,PHEV,1,2026-07-31
13787,2022,BEV,2,2026-07-31
13787,2022,PHEV,3,2026-07-31
13787,2023,BEV,1,2026-07-31
13787,2023,PHEV,2,2026-07-31
13787,2024,PHEV,2,2026-07-31
13787,2025,BEV,3,2026-07-31
13787,2025,PHEV,1,2026-07-31
13787,2026,BEV,3,2026-07-31
13788,2017,PHEV,1,2026-07-31
13788,2018,PHEV,1,2026-07-31
13788,2021,BEV,1,2026-07-31
13788,2021,PHEV,3,2026-07-31
13788,2025,BEV,2,2026-07-31
13790,2017,PHEV,3,2026-07-31
13790,2018,BEV,2,2026-07-31
13790,2018,PHEV,4,2026-07-31
13790,2019,BEV,3,2026-07-31
13790,2019,PHEV,2,2026-07-31
13790,2020,BEV,1,2026-07-31
13790,2020,PHEV,3,2026-07-31
13790,2021,BEV,5,2026-07-31
13790,2021,PHEV,18,2026-07-31
13790,2022,BEV,7,2026-07-31
13790,2022,PHEV,5,2026-07-31
13790,2023,BEV,8,2026-07-31
13790,2023,PHEV,11,2026-07-31
13790,2024,BEV,14,2026-07-31
13790,2024,PHEV,9,2026-07-31
13790,2025,BEV,12,2026-07-31
13790,2025,PHEV,11,2026-07-31
13790,2026,BEV,11,2026-07-31
13790,2026,PHEV,2,2026-07-31
13795,2017,BEV,1,2026-07-31
13795,2018,PHEV,3,2026-07-31
13795,2019,PHEV,1,2026-07-31
13795,2020,BEV,1,2026-07-31
13795,2020,PHEV,1,2026-07-31
13795,2021,PHEV,3,2026-07-31
13795,2022,PHEV,1,2026-07-31
13795,2023,PHEV,5,2026-07-31
13795,2024,PHEV,1,2026-07-31
13795,2025,BEV,1,2026-07-31
13795,2026,BEV,1,2026-07-31
13796,2017,PHEV,1,2026-07-31
13796,2020,PHEV,1,2026-07-31
13796,2021,PHEV,1,2026-07-31
13796,2022,PHEV,1,2026-07-31
13796,2023,BEV,1,2026-07-31
13796,2023,PHEV,1,2026-07-31
13796,2024,PHEV,1,2026-07-31
13797,2018,PHEV,1,2026-07-31
13797,2021,PHEV,1,2026-07-31
13797,2023,BEV,1,2026-07-31
13797,2024,PHEV,3,2026-07-31
13797,2025,PHEV,1,2026-07-31
13797,2026,BEV,1,2026-07-31
13801,2020,BEV,1,2026-07-31
13801,2023,BEV,1,2026-07-31
13801,2024,BEV,2,2026-07-31
13802,2020,PHEV,1,2026-07-31
13802,2021,PHEV,2,2026-07-31
13802,2022,BEV,2,2026-07-31
13802,2022,PHEV,2,2026-07-31
13802,2023,BEV,1,2026-07-31
13802,2023,PHEV,1,2026-07-31
13802,2026,BEV,1,2026-07-31
13803,2017,BEV,1,2026-07-31
13803,2018,BEV,1,2026-07-31
13803,2018,PHEV,1,2026-07-31
13803,2021,BEV,3,2026-07-31
13803,2021,PHEV,2,2026-07-31
13803,2022,BEV,1,2026-07-31
13803,2022,PHEV,1,2026-07-31
13803,2023,BEV,1,2026-07-31
13803,2023,PHEV,1,2026-07-31
13803,2024,PHEV,2,2026-07-31
13803,2025,PHEV,2,2026-07-31
13803,2026,BEV,1,2026-07-31
13803,2026,PHEV,1,2026-07-31
13806,2022,PHEV,1,2026-07-31
13807,2018,PHEV,2,2026-07-31
13807,2019,BEV,1,2026-07-31
13807,2022,PHEV,2,2026-07-31
13807,2023,BEV,1,2026-07-31
13807,2024,BEV,2,2026-07-31
13807,2025,PHEV,1,2026-07-31
13808,2018,BEV,1,2026-07-31
13808,2021,BEV,1,2026-07-31
13808,2023,BEV,1,2026-07-31
13808,2025,BEV,3,2026-07-31
13808,2025,PHEV,1,2026-07-31
13808,2026,PHEV,1,2026-07-31
13809,2017,BEV,1,2026-07-31
13809,2021,BEV,1,2026-07-31
13809,2021,PHEV,1,2026-07-31
13809,2023,BEV,2,2026-07-31
13809,2024,BEV,1,2026-07-31
13809,2026,BEV,1,2026-07-31
13810,2019,BEV,1,2026-07-31
13810,2019,PHEV,1,2026-07-31
13810,2023,BEV,1,2026-07-31
13810,2024,BEV,1,2026-07-31
13810,2026,BEV,1,2026-07-31
13811,2018,PHEV,1,2026-07-31
13811,2020,BEV,1,2026-07-31
13811,2020,PHEV,1,2026-07-31
13811,2021,PHEV,2,2026-07-31
13811,2022,BEV,1,2026-07-31
13811,2022,PHEV,2,2026-07-31
13811,2023,PHEV,6,2026-07-31
13811,2026,BEV,1,2026-07-31
13812,2018,PHEV,1,2026-07-31
13812,2019,BEV,1,2026-07-31
13812,2019,PHEV,2,2026-07-31
13812,2020,BEV,1,2026-07-31
13812,2020,PHEV,2,2026-07-31
13812,2021,PHEV,2,2026-07-31
13812,2022,PHEV,1,2026-07-31
13812,2023,BEV,1,2026-07-31
13812,2024,BEV,2,2026-07-31
13812,2024,PHEV,1,2026-07-31
13812,2025,BEV,1,2026-07-31
13813,2026,BEV,1,2026-07-31
13815,2017,BEV,1,2026-07-31
13815,2017,PHEV,3,2026-07-31
13815,2018,PHEV,3,2026-07-31
13815,2019,PHEV,1,2026-07-31
13815,2020,BEV,1,2026-07-31
13815,2021,BEV,2,2026-07-31
13815,2021,PHEV,5,2026-07-31
13815,2022,BEV,2,2026-07-31
13815,2022,PHEV,7,2026-07-31
13815,2023,BEV,4,2026-07-31
13815,2023,PHEV,2,2026-07-31
13815,2024,BEV,3,2026-07-31
13815,2024,PHEV,6,2026-07-31
13815,2025,BEV,6,2026-07-31
13815,2025,PHEV,2,2026-07-31
13815,2026,BEV,3,2026-07-31
13815,2026,PHEV,1,2026-07-31
13820,2017,BEV,3,2026-07-31
13820,2017,PHEV,7,2026-07-31
13820,2018,BEV,1,2026-07-31
13820,2018,PHEV,4,2026-07-31
13820,2019,BEV,1,2026-07-31
13820,2019,PHEV,4,2026-07-31
13820,2020,BEV,3,2026-07-31
13820,2021,BEV,4,2026-07-31
13820,2021,PHEV,19,2026-07-31
13820,2022,BEV,11,2026-07-31
13820,2022,PHEV,15,2026-07-31
13820,2023,BEV,13,2026-07-31
13820,2023,PHEV,8,2026-07-31
13820,2024,BEV,16,2026-07-31
13820,2024,PHEV,9,2026-07-31
13820,2025,BEV,17,2026-07-31
13820,2025,PHEV,5,2026-07-31
13820,2026,BEV,9,2026-07-31
13820,2026,PHEV,2,2026-07-31
13825,2017,PHEV,1,2026-07-31
13825,2018,BEV,1,2026-07-31
13825,2018,PHEV,3,2026-07-31
13825,2019,BEV,2,2026-07-31
13825,2021,PHEV,1,2026-07-31
13825,2022,BEV,1,2026-07-31
13825,2022,PHEV,3,2026-07-31
13825,2023,BEV,2,2026-07-31
13825,2023,PHEV,1,2026-07-31
13825,2024,PHEV,2,2026-07-31
13825,2025,PHEV,1,2026-07-31
13825,2026,BEV,1,2026-07-31
13825,2026,PHEV,2,2026-07-31
13827,2017,BEV,1,2026-07-31
13827,2017,PHEV,1,2026-07-31
13827,2018,BEV,1,2026-07-31
13827,2018,PHEV,3,2026-07-31
13827,2019,BEV,3,2026-07-31
13827,2019,PHEV,2,2026-07-31
13827,2020,BEV,5,2026-07-31
13827,2020,PHEV,2,2026-07-31
13827,2021,BEV,1,2026-07-31
13827,2021,PHEV,6,2026-07-31
13827,2022,BEV,6,2026-07-31
13827,2022,PHEV,6,2026-07-31
13827,2023,BEV,5,2026-07-31
13827,2023,PHEV,4,2026-07-31
13827,2024,BEV,7,2026-07-31
13827,2024,PHEV,2,2026-07-31
13827,2025,BEV,6,2026-07-31
13827,2025,PHEV,2,2026-07-31
13827,2026,BEV,4,2026-07-31
13830,2018,PHEV,1,2026-07-31
13830,2020,PHEV,2,2026-07-31
13830,2021,BEV,1,2026-07-31
13830,2021,PHEV,2,2026-07-31
13830,2022,BEV,1,2026-07-31
13830,2023,BEV,4,2026-07-31
13830,2023,PHEV,4,2026-07-31
13830,2025,BEV,5,2026-07-31
13830,2025,PHEV,1,2026-07-31
13830,2026,PHEV,1,2026-07-31
13832,2020,PHEV,1,2026-07-31
13832,2022,PHEV,2,2026-07-31
13832,2023,BEV,1,2026-07-31
13833,2019,PHEV,2,2026-07-31
13833,2020,PHEV,1,2026-07-31
13833,2021,BEV,1,2026-07-31
13833,2021,PHEV,2,2026-07-31
13833,2022,BEV,3,2026-07-31
13833,2022,PHEV,4,2026-07-31
13833,2023,BEV,1,2026-07-31
13833,2023,PHEV,4,2026-07-31
13833,2024,PHEV,2,2026-07-31
13833,2025,BEV,6,2026-07-31
13833,2025,PHEV,2,2026-07-31
13833,2026,BEV,1,2026-07-31
13835,2020,PHEV,2,2026-07-31
13835,2021,PHEV,1,2026-07-31
13835,2023,BEV,1,2026-07-31
13835,2025,BEV,2,2026-07-31
13838,2020,BEV,1,2026-07-31
13838,2022,BEV,1,2026-07-31
13838,2023,BEV,2,2026-07-31
13838,2023,PHEV,1,2026-07-31
13838,2024,BEV,2,2026-07-31
13838,2024,PHEV,1,2026-07-31
13838,2025,PHEV,1,2026-07-31
13839,2018,PHEV,1,2026-07-31
13839,2020,BEV,1,2026-07-31
13839,2023,BEV,2,2026-07-31
13839,2026,BEV,1,2026-07-31
13841,2017,PHEV,1,2026-07-31
13841,2023,BEV,1,2026-07-31
13841,2023,PHEV,1,2026-07-31
13842,2021,BEV,1,2026-07-31
13842,2024,PHEV,1,2026-07-31
13842,2025,BEV,1,2026-07-31
13842,2026,BEV,1,2026-07-31
13843,2017,PHEV,1,2026-07-31
13843,2021,PHEV,1,2026-07-31
13843,2022,BEV,1,2026-07-31
13843,2023,BEV,1,2026-07-31
13843,2023,PHEV,2,2026-07-31
13843,2024,PHEV,1,2026-07-31
13843,2026,BEV,1,2026-07-31
13844,2018,PHEV,1,2026-07-31
13844,2021,BEV,1,2026-07-31
13844,2023,PHEV,1,2026-07-31
13845,2023,BEV,1,2026-07-31
13846,2018,PHEV,1,2026-07-31
13846,2019,PHEV,1,2026-07-31
13846,2021,PHEV,1,2026-07-31
13846,2024,PHEV,1,2026-07-31
13848,2019,BEV,1,2026-07-31
13849,2017,BEV,1,2026-07-31
13849,2018,PHEV,1,2026-07-31
13849,2020,BEV,1,2026-07-31
13849,2021,PHEV,3,2026-07-31
13849,2022,PHEV,2,2026-07-31
13849,2023,BEV,2,2026-07-31
13849,2023,PHEV,6,2026-07-31
13849,2024,BEV,1,2026-07-31
13849,2024,PHEV,1,2026-07-31
13849,2025,BEV,3,2026-07-31
13849,2025,PHEV,1,2026-07-31
13849,2026,BEV,1,2026-07-31
13849,2026,PHEV,1,2026-07-31
13850,2017,BEV,2,2026-07-31
13850,2017,PHEV,12,2026-07-31
13850,2018,BEV,2,2026-07-31
13850,2018,PHEV,12,2026-07-31
13850,2019,BEV,6,2026-07-31
13850,2019,PHEV,3,2026-07-31
13850,2020,BEV,17,2026-07-31
13850,2020,PHEV,13,2026-07-31
13850,2021,BEV,13,2026-07-31
13850,2021,PHEV,45,2026-07-31
13850,2022,BEV,30,2026-07-31
13850,2022,PHEV,25,2026-07-31
13850,2023,BEV,34,2026-07-31
13850,2023,PHEV,31,2026-07-31
13850,2024,BEV,32,2026-07-31
13850,2024,PHEV,22,2026-07-31
13850,2025,BEV,39,2026-07-31
13850,2025,PHEV,15,2026-07-31
13850,2026,BEV,17,2026-07-31
13850,2026,PHEV,4,2026-07-31
13856,2017,PHEV,1,2026-07-31
13856,2018,BEV,1,2026-07-31
13856,2018,PHEV,1,2026-07-31
13856,2019,BEV,1,2026-07-31
13856,2019,PHEV,1,2026-07-31
13856,2020,BEV,1,2026-07-31
13856,2021,BEV,2,2026-07-31
13856,2022,BEV,3,2026-07-31
13856,2022,PHEV,2,2026-07-31
13856,2023,BEV,3,2026-07-31
13856,2024,BEV,5,2026-07-31
13856,2024,PHEV,5,2026-07-31
13856,2025,BEV,4,2026-07-31
13856,2025,PHEV,2,2026-07-31
13856,2026,BEV,2,2026-07-31
13856,2026,PHEV,1,2026-07-31
13859,2021,PHEV,1,2026-07-31
13859,2022,PHEV,1,2026-07-31
13861,2017,PHEV,1,2026-07-31
13861,2022,BEV,1,2026-07-31
13861,2023,BEV,3,2026-07-31
13861,2023,PHEV,1,2026-07-31
13861,2024,BEV,2,2026-07-31
13861,2024,PHEV,1,2026-07-31
13861,2025,BEV,2,2026-07-31
13861,2025,PHEV,1,2026-07-31
13862,2017,PHEV,1,2026-07-31
13862,2018,PHEV,1,2026-07-31
13862,2019,PHEV,4,2026-07-31
13862,2020,PHEV,1,2026-07-31
13862,2021,BEV,2,2026-07-31
13862,2021,PHEV,3,2026-07-31
13862,2022,BEV,2,2026-07-31
13862,2022,PHEV,3,2026-07-31
13862,2023,BEV,5,2026-07-31
13862,2023,PHEV,2,2026-07-31
13862,2024,BEV,1,2026-07-31
13862,2024,PHEV,1,2026-07-31
13862,2025,BEV,2,2026-07-31
13862,2026,BEV,1,2026-07-31
13863,2024,PHEV,1,2026-07-31
13864,2019,PHEV,1,2026-07-31
13864,2021,BEV,2,2026-07-31
13864,2022,BEV,1,2026-07-31
13864,2024,BEV,2,2026-07-31
13864,2024,PHEV,2,2026-07-31
13865,2017,PHEV,1,2026-07-31
13865,2018,PHEV,1,2026-07-31
13865,2020,BEV,1,2026-07-31
13865,2021,PHEV,8,2026-07-31
13865,2022,BEV,2,2026-07-31
13865,2022,PHEV,4,2026-07-31
13865,2023,BEV,2,2026-07-31
13865,2023,PHEV,4,2026-07-31
13865,2024,BEV,6,2026-07-31
13865,2024,PHEV,5,2026-07-31
13865,2025,BEV,4,2026-07-31
13865,2026,BEV,3,2026-07-31
13901,2017,PHEV,3,2026-07-31
13901,2018,PHEV,1,2026-07-31
13901,2019,BEV,2,2026-07-31
13901,2019,PHEV,2,2026-07-31
13901,2020,BEV,3,2026-07-31
13901,2020,PHEV,6,2026-07-31
13901,2021,BEV,4,2026-07-31
13901,2021,PHEV,23,2026-07-31
13901,2022,BEV,12,2026-07-31
13901,2022,PHEV,12,2026-07-31
13901,2023,BEV,11,2026-07-31
13901,2023,PHEV,25,2026-07-31
13901,2024,BEV,13,2026-07-31
13901,2024,PHEV,21,2026-07-31
13901,2025,BEV,15,2026-07-31
13901,2025,PHEV,13,2026-07-31
13901,2026,BEV,10,2026-07-31
13903,2017,BEV,1,2026-07-31
13903,2017,PHEV,5,2026-07-31
13903,2018,PHEV,8,2026-07-31
13903,2019,BEV,3,2026-07-31
13903,2019,PHEV,3,2026-07-31
13903,2020,BEV,7,2026-07-31
13903,2020,PHEV,5,2026-07-31
13903,2021,BEV,2,2026-07-31
13903,2021,PHEV,19,2026-07-31
13903,2022,BEV,10,2026-07-31
13903,2022,PHEV,11,2026-07-31
13903,2023,BEV,12,2026-07-31
13903,2023,PHEV,12,2026-07-31
13903,2024,BEV,18,2026-07-31
13903,2024,PHEV,16,2026-07-31
13903,2025,BEV,28,2026-07-31
13903,2025,PHEV,6,2026-07-31
13903,2026,BEV,10,2026-07-31
13903,2026,PHEV,3,2026-07-31
13904,2018,PHEV,3,2026-07-31
13904,2020,BEV,2,2026-07-31
13904,2020,PHEV,4,2026-07-31
13904,2021,PHEV,7,2026-07-31
13904,2022,BEV,1,2026-07-31
13904,2022,PHEV,2,2026-07-31
13904,2023,BEV,7,2026-07-31
13904,2023,PHEV,8,2026-07-31
13904,2024,BEV,7,2026-07-31
13904,2024,PHEV,9,2026-07-31
13904,2025,BEV,6,2026-07-31
13904,2025,PHEV,11,2026-07-31
13904,2026,BEV,4,2026-07-31
13904,2026,PHEV,3,2026-07-31
13905,2017,PHEV,1,2026-07-31
13905,2018,BEV,1,2026-07-31
13905,2018,PHEV,17,2026-07-31
13905,2019,BEV,1,2026-07-31
13905,2019,PHEV,5,2026-07-31
13905,2020,BEV,7,2026-07-31
13905,2020,PHEV,7,2026-07-31
13905,2021,BEV,16,2026-07-31
13905,2021,PHEV,31,2026-07-31
13905,2022,BEV,12,2026-07-31
13905,2022,PHEV,15,2026-07-31
13905,2023,BEV,23,2026-07-31
13905,2023,PHEV,23,2026-07-31
13905,2024,BEV,21,2026-07-31
13905,2024,PHEV,21,2026-07-31
13905,2025,BEV,30,2026-07-31
13905,2025,PHEV,13,2026-07-31
13905,2026,BEV,9,2026-07-31
13905,2026,PHEV,3,2026-07-31
14001,2017,BEV,2,2026-07-31
14001,2017,PHEV,3,2026-07-31
14001,2018,PHEV,8,2026-07-31
14001,2019,BEV,1,2026-07-31
14001,2019,PHEV,4,2026-07-31
14001,2020,BEV,6,2026-07-31
14001,2020,PHEV,4,2026-07-31
14001,2021,BEV,8,2026-07-31
14001,2021,PHEV,9,2026-07-31
14001,2022,BEV,12,2026-07-31
14001,2022,PHEV,7,2026-07-31
14001,2023,BEV,9,2026-07-31
14001,2023,PHEV,6,2026-07-31
14001,2024,BEV,16,2026-07-31
14001,2024,PHEV,7,2026-07-31
14001,2025,BEV,17,2026-07-31
14001,2025,PHEV,2,2026-07-31
14001,2026,BEV,8,2026-07-31
14001,2026,PHEV,2,2026-07-31
14004,2017,BEV,1,2026-07-31
14004,2017,PHEV,3,2026-07-31
14004,2018,BEV,1,2026-07-31
14004,2018,PHEV,5,2026-07-31
14004,2019,PHEV,1,2026-07-31
14004,2020,BEV,2,2026-07-31
14004,2020,PHEV,3,2026-07-31
14004,2021,BEV,11,2026-07-31
14004,2021,PHEV,8,2026-07-31
14004,2022,BEV,7,2026-07-31
14004,2022,PHEV,6,2026-07-31
14004,2023,BEV,5,2026-07-31
14004,2023,PHEV,12,2026-07-31
14004,2024,BEV,4,2026-07-31
14004,2024,PHEV,12,2026-07-31
14004,2025,BEV,22,2026-07-31
14004,2025,PHEV,5,2026-07-31
14004,2026,BEV,5,2026-07-31
14004,2026,PHEV,1,2026-07-31
14005,2018,PHEV,1,2026-07-31
14005,2019,PHEV,2,2026-07-31
14005,2021,PHEV,1,2026-07-31
14005,2022,PHEV,1,2026-07-31
14005,2023,PHEV,1,2026-07-31
14005,2024,PHEV,1,2026-07-31
14005,2025,BEV,4,2026-07-31
14006,2017,PHEV,1,2026-07-31
14006,2018,PHEV,1,2026-07-31
14006,2019,BEV,1,2026-07-31
14006,2019,PHEV,2,2026-07-31
14006,2021,BEV,2,2026-07-31
14006,2021,PHEV,3,2026-07-31
14006,2022,BEV,1,2026-07-31
14006,2022,PHEV,2,2026-07-31
14006,2023,BEV,2,2026-07-31
14006,2023,PHEV,6,2026-07-31
14006,2024,BEV,5,2026-07-31
14006,2024,PHEV,8,2026-07-31
14006,2025,BEV,8,2026-07-31
14006,2025,PHEV,1,2026-07-31
14006,2026,BEV,3,2026-07-31
14006,2026,PHEV,1,2026-07-31
14008,2019,PHEV,1,2026-07-31
14008,2020,PHEV,3,2026-07-31
14008,2022,BEV,1,2026-07-31
14008,2022,PHEV,1,2026-07-31
14008,2024,PHEV,1,2026-07-31
14008,2025,BEV,2,2026-07-31
14009,2017,PHEV,3,2026-07-31
14009,2018,PHEV,1,2026-07-31
14009,2019,PHEV,1,2026-07-31
14009,2020,BEV,1,2026-07-31
14009,2020,PHEV,4,2026-07-31
14009,2021,BEV,1,2026-07-31
14009,2021,PHEV,1,2026-07-31
14009,2022,BEV,3,2026-07-31
14009,2023,BEV,2,2026-07-31
14009,2023,PHEV,2,2026-07-31
14009,2024,BEV,3,2026-07-31
14009,2024,PHEV,2,2026-07-31
14009,2025,PHEV,1,2026-07-31
14009,2026,PHEV,1,2026-07-31
14011,2017,PHEV,1,2026-07-31
14011,2018,PHEV,2,2026-07-31
14011,2019,BEV,1,2026-07-31
14011,2020,PHEV,1,2026-07-31
14011,2021,PHEV,5,2026-07-31
14011,2022,BEV,5,2026-07-31
14011,2022,PHEV,6,2026-07-31
14011,2023,BEV,2,2026-07-31
14011,2023,PHEV,8,2026-07-31
14011,2024,BEV,3,2026-07-31
14011,2024,PHEV,2,2026-07-31
14011,2025,BEV,3,2026-07-31
14011,2025,PHEV,2,2026-07-31
14011,2026,PHEV,1,2026-07-31
14012,2017,PHEV,1,2026-07-31
14012,2018,PHEV,2,2026-07-31
14012,2020,PHEV,1,2026-07-31
14012,2021,PHEV,1,2026-07-31
14012,2022,PHEV,1,2026-07-31
14012,2023,PHEV,1,2026-07-31
14012,2024,PHEV,1,2026-07-31
14012,2025,PHEV,2,2026-07-31
14012,2026,PHEV,1,2026-07-31
14013,2018,PHEV,1,2026-07-31
14013,2021,PHEV,2,2026-07-31
14013,2022,PHEV,2,2026-07-31
14013,2023,PHEV,1,2026-07-31
14013,2024,BEV,1,2026-07-31
14013,2024,PHEV,3,2026-07-31
14013,2026,BEV,2,2026-07-31
14020,2017,BEV,1,2026-07-31
14020,2017,PHEV,2,2026-07-31
14020,2018,PHEV,8,2026-07-31
14020,2019,BEV,1,2026-07-31
14020,2019,PHEV,4,2026-07-31
14020,2020,BEV,8,2026-07-31
14020,2020,PHEV,5,2026-07-31
14020,2021,BEV,10,2026-07-31
14020,2021,PHEV,29,2026-07-31
14020,2022,BEV,14,2026-07-31
14020,2022,PHEV,19,2026-07-31
14020,2023,BEV,9,2026-07-31
14020,2023,PHEV,23,2026-07-31
14020,2024,BEV,14,2026-07-31
14020,2024,PHEV,17,2026-07-31
14020,2025,BEV,19,2026-07-31
14020,2025,PHEV,15,2026-07-31
14020,2026,BEV,13,2026-07-31
14020,2026,PHEV,2,2026-07-31
14024,2018,PHEV,1,2026-07-31
14024,2021,BEV,1,2026-07-31
14024,2023,BEV,1,2026-07-31
14024,2024,BEV,1,2026-07-31
14024,2024,PHEV,1,2026-07-31
14024,2025,BEV,1,2026-07-31
14025,2017,PHEV,1,2026-07-31
14025,2018,BEV,2,2026-07-31
14025,2018,PHEV,1,2026-07-31
14025,2019,BEV,1,2026-07-31
14025,2020,BEV,2,2026-07-31
14025,2021,BEV,1,2026-07-31
14025,2021,PHEV,1,2026-07-31
14025,2022,BEV,3,2026-07-31
14025,2023,BEV,4,2026-07-31
14025,2023,PHEV,4,2026-07-31
14025,2024,BEV,3,2026-07-31
14025,2024,PHEV,2,2026-07-31
14025,2025,BEV,8,2026-07-31
14025,2025,PHEV,1,2026-07-31
14025,2026,BEV,3,2026-07-31
14026,2020,PHEV,1,2026-07-31
14026,2021,BEV,1,2026-07-31
14026,2022,BEV,1,2026-07-31
14026,2022,PHEV,1,2026-07-31
14026,2023,PHEV,1,2026-07-31
14026,2024,BEV,1,2026-07-31
14026,2024,PHEV,2,2026-07-31
14028,2018,BEV,1,2026-07-31
14028,2018,PHEV,2,2026-07-31
14028,2020,PHEV,2,2026-07-31
14028,2021,PHEV,2,2026-07-31
14028,2022,BEV,1,2026-07-31
14028,2023,BEV,1,2026-07-31
14028,2025,BEV,4,2026-07-31
14028,2025,PHEV,1,2026-07-31
14030,2019,PHEV,2,2026-07-31
14030,2021,PHEV,1,2026-07-31
14030,2022,BEV,1,2026-07-31
14030,2022,PHEV,1,2026-07-31
14030,2023,PHEV,2,2026-07-31
14030,2024,PHEV,1,2026-07-31
14030,2025,BEV,1,2026-07-31
14031,2017,PHEV,9,2026-07-31
14031,2018,BEV,6,2026-07-31
14031,2018,PHEV,8,2026-07-31
14031,2019,BEV,3,2026-07-31
14031,2019,PHEV,3,2026-07-31
14031,2020,BEV,8,2026-07-31
14031,2020,PHEV,6,2026-07-31
14031,2021,BEV,6,2026-07-31
14031,2021,PHEV,13,2026-07-31
14031,2022,BEV,18,2026-07-31
14031,2022,PHEV,14,2026-07-31
14031,2023,BEV,18,2026-07-31
14031,2023,PHEV,26,2026-07-31
14031,2024,BEV,30,2026-07-31
14031,2024,PHEV,19,2026-07-31
14031,2025,BEV,32,2026-07-31
14031,2025,PHEV,14,2026-07-31
14031,2026,BEV,15,2026-07-31
14031,2026,PHEV,3,2026-07-31
14032,2017,BEV,1,2026-07-31
14032,2017,PHEV,4,2026-07-31
14032,2018,BEV,1,2026-07-31
14032,2018,PHEV,10,2026-07-31
14032,2019,BEV,2,2026-07-31
14032,2019,PHEV,8,2026-07-31
14032,2020,BEV,5,2026-07-31
14032,2020,PHEV,4,2026-07-31
14032,2021,BEV,14,2026-07-31
14032,2021,PHEV,11,2026-07-31
14032,2022,BEV,21,2026-07-31
14032,2022,PHEV,17,2026-07-31
14032,2023,BEV,30,2026-07-31
14032,2023,PHEV,22,2026-07-31
14032,2024,BEV,24,2026-07-31
14032,2024,PHEV,17,2026-07-31
14032,2025,BEV,39,2026-07-31
14032,2025,PHEV,6,2026-07-31
14032,2026,BEV,12,2026-07-31
14032,2026,PHEV,5,2026-07-31
14033,2018,PHEV,1,2026-07-31
14033,2019,PHEV,1,2026-07-31
14033,2020,BEV,2,2026-07-31
14033,2020,PHEV,1,2026-07-31
14033,2021,BEV,1,2026-07-31
14033,2021,PHEV,4,2026-07-31
14033,2022,PHEV,1,2026-07-31
14033,2023,BEV,4,2026-07-31
14033,2023,PHEV,2,2026-07-31
14033,2024,BEV,2,2026-07-31
14033,2024,PHEV,2,2026-07-31
14033,2025,BEV,3,2026-07-31
14033,2025,PHEV,1,2026-07-31
14034,2020,BEV,1,2026-07-31
14034,2021,BEV,1,2026-07-31
14034,2024,BEV,1,2026-07-31
14034,2024,PHEV,1,2026-07-31
14034,2025,BEV,1,2026-07-31
14036,2017,BEV,1,2026-07-31
14036,2017,PHEV,1,2026-07-31
14036,2018,PHEV,1,2026-07-31
14036,2019,PHEV,1,2026-07-31
14036,2021,BEV,3,2026-07-31
14036,2021,PHEV,4,2026-07-31
14036,2022,BEV,2,2026-07-31
14036,2022,PHEV,1,2026-07-31
14036,2023,BEV,4,2026-07-31
14036,2023,PHEV,8,2026-07-31
14036,2024,BEV,3,2026-07-31
14036,2024,PHEV,1,2026-07-31
14036,2025,BEV,6,2026-07-31
14036,2025,PHEV,2,2026-07-31
14036,2026,BEV,2,2026-07-31
14037,2021,PHEV,1,2026-07-31
14037,2023,PHEV,1,2026-07-31
14037,2024,BEV,1,2026-07-31
14037,2025,PHEV,1,2026-07-31
14039,2023,BEV,1,2026-07-31
14040,2017,PHEV,2,2026-07-31
14040,2019,PHEV,1,2026-07-31
14040,2020,PHEV,1,2026-07-31
14040,2021,PHEV,2,2026-07-31
14040,2023,BEV,1,2026-07-31
14040,2023,PHEV,2,2026-07-31
14040,2024,BEV,1,2026-07-31
14040,2024,PHEV,3,2026-07-31
14040,2025,BEV,2,2026-07-31
14040,2026,BEV,1,2026-07-31
14042,2018,PHEV,2,2026-07-31
14042,2019,PHEV,1,2026-07-31
14042,2020,PHEV,1,2026-07-31
14042,2021,PHEV,2,2026-07-31
14042,2023,BEV,1,2026-07-31
14042,2023,PHEV,1,2026-07-31
14042,2024,BEV,1,2026-07-31
14042,2025,BEV,1,2026-07-31
14042,2025,PHEV,1,2026-07-31
14043,2017,BEV,1,2026-07-31
14043,2017,PHEV,4,2026-07-31
14043,2018,BEV,1,2026-07-31
14043,2018,PHEV,7,2026-07-31
14043,2019,BEV,3,2026-07-31
14043,2019,PHEV,1,2026-07-31
14043,2020,BEV,5,2026-07-31
14043,2020,PHEV,4,2026-07-31
14043,2021,BEV,12,2026-07-31
14043,2021,PHEV,16,2026-07-31
14043,2022,BEV,15,2026-07-31
14043,2022,PHEV,7,2026-07-31
14043,2023,BEV,13,2026-07-31
14043,2023,PHEV,30,2026-07-31
14043,2024,BEV,29,2026-07-31
14043,2024,PHEV,26,2026-07-31
14043,2025,BEV,34,2026-07-31
14043,2025,PHEV,10,2026-07-31
14043,2026,BEV,6,2026-07-31
14043,2026,PHEV,7,2026-07-31
14047,2017,BEV,1,2026-07-31
14047,2019,PHEV,1,2026-07-31
14047,2020,BEV,5,2026-07-31
14047,2020,PHEV,2,2026-07-31
14047,2021,BEV,5,2026-07-31
14047,2021,PHEV,1,2026-07-31
14047,2022,BEV,4,2026-07-31
14047,2022,PHEV,3,2026-07-31
14047,2023,BEV,3,2026-07-31
14047,2023,PHEV,5,2026-07-31
14047,2024,BEV,6,2026-07-31
14047,2024,PHEV,5,2026-07-31
14047,2025,BEV,10,2026-07-31
14047,2025,PHEV,3,2026-07-31
14047,2026,BEV,5,2026-07-31
14047,2026,PHEV,1,2026-07-31
14048,2017,PHEV,4,2026-07-31
14048,2018,PHEV,2,2026-07-31
14048,2019,BEV,2,2026-07-31
14048,2019,PHEV,2,2026-07-31
14048,2020,BEV,1,2026-07-31
14048,2021,BEV,2,2026-07-31
14048,2021,PHEV,5,2026-07-31
14048,2022,BEV,1,2026-07-31
14048,2022,PHEV,1,2026-07-31
14048,2023,BEV,5,2026-07-31
14048,2023,PHEV,2,2026-07-31
14048,2024,BEV,10,2026-07-31
14048,2024,PHEV,7,2026-07-31
14048,2025,BEV,4,2026-07-31
14048,2025,PHEV,1,2026-07-31
14048,2026,BEV,4,2026-07-31
14051,2017,BEV,4,2026-07-31
14051,2017,PHEV,5,2026-07-31
14051,2018,BEV,3,2026-07-31
14051,2018,PHEV,26,2026-07-31
14051,2019,BEV,8,2026-07-31
14051,2019,PHEV,13,2026-07-31
14051,2020,BEV,21,2026-07-31
14051,2020,PHEV,20,2026-07-31
14051,2021,BEV,28,2026-07-31
14051,2021,PHEV,46,2026-07-31
14051,2022,BEV,57,2026-07-31
14051,2022,PHEV,32,2026-07-31
14051,2023,BEV,69,2026-07-31
14051,2023,PHEV,49,2026-07-31
14051,2024,BEV,55,2026-07-31
14051,2024,PHEV,34,2026-07-31
14051,2025,BEV,95,2026-07-31
14051,2025,PHEV,28,2026-07-31
14051,2026,BEV,33,2026-07-31
14051,2026,PHEV,10,2026-07-31
14052,2017,BEV,4,2026-07-31
14052,2017,PHEV,5,2026-07-31
14052,2018,PHEV,15,2026-07-31
14052,2019,BEV,9,2026-07-31
14052,2019,PHEV,5,2026-07-31
14052,2020,BEV,13,2026-07-31
14052,2020,PHEV,10,2026-07-31
14052,2021,BEV,18,2026-07-31
14052,2021,PHEV,25,2026-07-31
14052,2022,BEV,32,2026-07-31
14052,2022,PHEV,18,2026-07-31
14052,2023,BEV,28,2026-07-31
14052,2023,PHEV,24,2026-07-31
14052,2024,BEV,28,2026-07-31
14052,2024,PHEV,29,2026-07-31
14052,2025,BEV,45,2026-07-31
14052,2025,PHEV,12,2026-07-31
14052,2026,BEV,20,2026-07-31
14052,2026,PHEV,3,2026-07-31
14054,2019,BEV,1,2026-07-31
14054,2019,PHEV,1,2026-07-31
14054,2021,PHEV,2,2026-07-31
14054,2023,BEV,2,2026-07-31
14054,2023,PHEV,1,2026-07-31
14054,2024,PHEV,2,2026-07-31
14054,2025,BEV,3,2026-07-31
14054,2026,BEV,2,2026-07-31
14055,2017,BEV,1,2026-07-31
14055,2018,PHEV,2,2026-07-31
14055,2020,BEV,1,2026-07-31
14055,2021,PHEV,1,2026-07-31
14055,2022,PHEV,1,2026-07-31
14055,2023,BEV,1,2026-07-31
14055,2023,PHEV,1,2026-07-31
14055,2024,BEV,1,2026-07-31
14055,2024,PHEV,1,2026-07-31
14055,2025,BEV,3,2026-07-31
14055,2025,PHEV,1,2026-07-31
14055,2026,BEV,1,2026-07-31
14057,2018,PHEV,1,2026-07-31
14057,2019,PHEV,2,2026-07-31
14057,2020,BEV,1,2026-07-31
14057,2020,PHEV,1,2026-07-31
14057,2021,BEV,1,2026-07-31
14057,2021,PHEV,4,2026-07-31
14057,2022,BEV,6,2026-07-31
14057,2022,PHEV,5,2026-07-31
14057,2023,BEV,4,2026-07-31
14057,2023,PHEV,2,2026-07-31
14057,2024,BEV,3,2026-07-31
14057,2024,PHEV,2,2026-07-31
14057,2025,BEV,10,2026-07-31
14057,2025,PHEV,2,2026-07-31
14057,2026,BEV,1,2026-07-31
14058,2021,PHEV,2,2026-07-31
14058,2022,BEV,1,2026-07-31
14058,2023,PHEV,1,2026-07-31
14058,2024,BEV,1,2026-07-31
14058,2024,PHEV,1,2026-07-31
14058,2025,BEV,1,2026-07-31
14058,2025,PHEV,2,2026-07-31
14059,2017,PHEV,1,2026-07-31
14059,2018,BEV,1,2026-07-31
14059,2018,PHEV,2,2026-07-31
14059,2019,BEV,2,2026-07-31
14059,2019,PHEV,2,2026-07-31
14059,2020,PHEV,2,2026-07-31
14059,2021,BEV,8,2026-07-31
14059,2021,PHEV,13,2026-07-31
14059,2022,BEV,13,2026-07-31
14059,2022,PHEV,9,2026-07-31
14059,2023,BEV,10,2026-07-31
14059,2023,PHEV,12,2026-07-31
14059,2024,BEV,16,2026-07-31
14059,2024,PHEV,9,2026-07-31
14059,2025,BEV,21,2026-07-31
14059,2025,PHEV,6,2026-07-31
14059,2026,BEV,6,2026-07-31
14059,2026,PHEV,2,2026-07-31
14062,2017,PHEV,1,2026-07-31
14062,2018,PHEV,2,2026-07-31
14062,2020,PHEV,1,2026-07-31
14062,2021,PHEV,3,2026-07-31
14062,2022,BEV,1,2026-07-31
14062,2023,BEV,2,2026-07-31
14062,2025,BEV,5,2026-07-31
14062,2025,PHEV,1,2026-07-31
14062,2026,BEV,1,2026-07-31
14063,2017,BEV,1,2026-07-31
14063,2017,PHEV,1,2026-07-31
14063,2018,BEV,1,2026-07-31
14063,2018,PHEV,5,2026-07-31
14063,2019,BEV,1,2026-07-31
14063,2019,PHEV,3,2026-07-31
14063,2020,BEV,2,2026-07-31
14063,2020,PHEV,6,2026-07-31
14063,2021,BEV,2,2026-07-31
14063,2021,PHEV,7,2026-07-31
14063,2022,BEV,2,2026-07-31
14063,2022,PHEV,4,2026-07-31
14063,2023,BEV,8,2026-07-31
14063,2023,PHEV,6,2026-07-31
14063,2024,BEV,7,2026-07-31
14063,2024,PHEV,2,2026-07-31
14063,2025,BEV,13,2026-07-31
14063,2025,PHEV,3,2026-07-31
14063,2026,BEV,6,2026-07-31
14066,2022,BEV,1,2026-07-31
14066,2023,PHEV,1,2026-07-31
14066,2024,BEV,1,2026-07-31
14066,2024,PHEV,1,2026-07-31
14067,2018,PHEV,1,2026-07-31
14067,2020,PHEV,3,2026-07-31
14067,2021,PHEV,5,2026-07-31
14067,2022,BEV,3,2026-07-31
14067,2023,BEV,3,2026-07-31
14067,2023,PHEV,1,2026-07-31
14067,2024,BEV,2,2026-07-31
14067,2025,BEV,7,2026-07-31
14067,2025,PHEV,2,2026-07-31
14067,2026,BEV,3,2026-07-31
14068,2017,BEV,1,2026-07-31
14068,2017,PHEV,1,2026-07-31
14068,2018,BEV,3,2026-07-31
14068,2018,PHEV,7,2026-07-31
14068,2019,BEV,5,2026-07-31
14068,2019,PHEV,4,2026-07-31
14068,2020,BEV,4,2026-07-31
14068,2020,PHEV,6,2026-07-31
14068,2021,BEV,5,2026-07-31
14068,2021,PHEV,15,2026-07-31
14068,2022,BEV,13,2026-07-31
14068,2022,PHEV,9,2026-07-31
14068,2023,BEV,19,2026-07-31
14068,2023,PHEV,14,2026-07-31
14068,2024,BEV,20,2026-07-31
14068,2024,PHEV,15,2026-07-31
14068,2025,BEV,21,2026-07-31
14068,2025,PHEV,7,2026-07-31
14068,2026,BEV,15,2026-07-31
14069,2021,BEV,1,2026-07-31
14069,2021,PHEV,2,2026-07-31
14069,2022,BEV,1,2026-07-31
14069,2023,BEV,1,2026-07-31
14070,2021,BEV,1,2026-07-31
14070,2021,PHEV,2,2026-07-31
14070,2022,BEV,2,2026-07-31
14070,2022,PHEV,3,2026-07-31
14070,2023,PHEV,1,2026-07-31
14070,2024,BEV,1,2026-07-31
14070,2025,BEV,5,2026-07-31
14070,2025,PHEV,1,2026-07-31
14070,2026,BEV,1,2026-07-31
14072,2017,BEV,5,2026-07-31
14072,2017,PHEV,7,2026-07-31
14072,2018,BEV,3,2026-07-31
14072,2018,PHEV,25,2026-07-31
14072,2019,BEV,7,2026-07-31
14072,2019,PHEV,7,2026-07-31
14072,2020,BEV,13,2026-07-31
14072,2020,PHEV,11,2026-07-31
14072,2021,BEV,26,2026-07-31
14072,2021,PHEV,23,2026-07-31
14072,2022,BEV,30,2026-07-31
14072,2022,PHEV,17,2026-07-31
14072,2023,BEV,41,2026-07-31
14072,2023,PHEV,26,2026-07-31
14072,2024,BEV,43,2026-07-31
14072,2024,PHEV,23,2026-07-31
14072,2025,BEV,60,2026-07-31
14072,2025,PHEV,21,2026-07-31
14072,2026,BEV,20,2026-07-31
14072,2026,PHEV,2,2026-07-31
14075,2017,PHEV,3,2026-07-31
14075,2018,BEV,1,2026-07-31
14075,2018,PHEV,20,2026-07-31
14075,2019,BEV,7,2026-07-31
14075,2019,PHEV,15,2026-07-31
14075,2020,BEV,4,2026-07-31
14075,2020,PHEV,25,2026-07-31
14075,2021,BEV,30,2026-07-31
14075,2021,PHEV,40,2026-07-31
14075,2022,BEV,27,2026-07-31
14075,2022,PHEV,36,2026-07-31
14075,2023,BEV,45,2026-07-31
14075,2023,PHEV,52,2026-07-31
14075,2024,BEV,61,2026-07-31
14075,2024,PHEV,75,2026-07-31
14075,2025,BEV,73,2026-07-31
14075,2025,PHEV,18,2026-07-31
14075,2026,BEV,19,2026-07-31
14075,2026,PHEV,2,2026-07-31
14080,2018,PHEV,1,2026-07-31
14080,2019,PHEV,1,2026-07-31
14080,2020,BEV,2,2026-07-31
14080,2020,PHEV,2,2026-07-31
14080,2021,BEV,1,2026-07-31
14080,2021,PHEV,3,2026-07-31
14080,2022,BEV,2,2026-07-31
14080,2022,PHEV,4,2026-07-31
14080,2023,BEV,3,2026-07-31
14080,2023,PHEV,3,2026-07-31
14080,2024,BEV,1,2026-07-31
14080,2024,PHEV,3,2026-07-31
14080,2025,BEV,5,2026-07-31
14080,2025,PHEV,3,2026-07-31
14080,2026,BEV,2,2026-07-31
14081,2017,PHEV,1,2026-07-31
14081,2018,BEV,1,2026-07-31
14081,2018,PHEV,1,2026-07-31
14081,2021,BEV,1,2026-07-31
14081,2021,PHEV,1,2026-07-31
14081,2022,PHEV,1,2026-07-31
14081,2024,BEV,3,2026-07-31
14081,2024,PHEV,1,2026-07-31
14081,2025,BEV,2,2026-07-31
14082,2020,PHEV,2,2026-07-31
14082,2022,BEV,1,2026-07-31
14082,2022,PHEV,2,2026-07-31
14082,2025,BEV,1,2026-07-31
14085,2017,PHEV,1,2026-07-31
14085,2018,PHEV,2,2026-07-31
14085,2019,BEV,1,2026-07-31
14085,2019,PHEV,1,2026-07-31
14085,2020,BEV,2,2026-07-31
14085,2020,PHEV,5,2026-07-31
14085,2021,BEV,6,2026-07-31
14085,2021,PHEV,2,2026-07-31
14085,2022,BEV,5,2026-07-31
14085,2022,PHEV,2,2026-07-31
14085,2023,BEV,11,2026-07-31
14085,2023,PHEV,13,2026-07-31
14085,2024,BEV,9,2026-07-31
14085,2024,PHEV,14,2026-07-31
14085,2025,BEV,20,2026-07-31
14085,2025,PHEV,4,2026-07-31
14085,2026,BEV,7,2026-07-31
14085,2026,PHEV,1,2026-07-31
14086,2017,BEV,1,2026-07-31
14086,2017,PHEV,5,2026-07-31
14086,2018,BEV,2,2026-07-31
14086,2018,PHEV,18,2026-07-31
14086,2019,BEV,6,2026-07-31
14086,2019,PHEV,8,2026-07-31
14086,2020,BEV,16,2026-07-31
14086,2020,PHEV,16,2026-07-31
14086,2021,BEV,22,2026-07-31
14086,2021,PHEV,31,2026-07-31
14086,2022,BEV,40,2026-07-31
14086,2022,PHEV,26,2026-07-31
14086,2023,BEV,40,2026-07-31
14086,2023,PHEV,54,2026-07-31
14086,2024,BEV,57,2026-07-31
14086,2024,PHEV,57,2026-07-31
14086,2025,BEV,100,2026-07-31
14086,2025,PHEV,27,2026-07-31
14086,2026,BEV,24,2026-07-31
14086,2026,PHEV,7,2026-07-31
14091,2018,PHEV,1,2026-07-31
14091,2024,BEV,2,2026-07-31
14091,2024,PHEV,1,2026-07-31
14092,2017,BEV,1,2026-07-31
14092,2017,PHEV,3,2026-07-31
14092,2018,PHEV,12,2026-07-31
14092,2019,BEV,2,2026-07-31
14092,2019,PHEV,4,2026-07-31
14092,2020,BEV,6,2026-07-31
14092,2020,PHEV,4,2026-07-31
14092,2021,BEV,7,2026-07-31
14092,2021,PHEV,12,2026-07-31
14092,2022,BEV,9,2026-07-31
14092,2022,PHEV,10,2026-07-31
14092,2023,BEV,14,2026-07-31
14092,2023,PHEV,17,2026-07-31
14092,2024,BEV,18,2026-07-31
14092,2024,PHEV,11,2026-07-31
14092,2025,BEV,36,2026-07-31
14092,2025,PHEV,4,2026-07-31
14092,2026,BEV,8,2026-07-31
14092,2026,PHEV,2,2026-07-31
14094,2017,BEV,5,2026-07-31
14094,2017,PHEV,9,2026-07-31
14094,2018,BEV,2,2026-07-31
14094,2018,PHEV,29,2026-07-31
14094,2019,BEV,10,2026-07-31
14094,2019,PHEV,18,2026-07-31
14094,2020,BEV,9,2026-07-31
14094,2020,PHEV,26,2026-07-31
14094,2021,BEV,18,2026-07-31
14094,2021,PHEV,41,2026-07-31
14094,2022,BEV,43,2026-07-31
14094,2022,PHEV,29,2026-07-31
14094,2023,BEV,44,2026-07-31
14094,2023,PHEV,41,2026-07-31
14094,2024,BEV,57,2026-07-31
14094,2024,PHEV,57,2026-07-31
14094,2025,BEV,82,2026-07-31
14094,2025,PHEV,20,2026-07-31
14094,2026,BEV,35,2026-07-31
14094,2026,PHEV,4,2026-07-31
14098,2018,PHEV,1,2026-07-31
14098,2019,BEV,1,2026-07-31
14098,2021,BEV,1,2026-07-31
14098,2021,PHEV,1,2026-07-31
14098,2022,BEV,3,2026-07-31
14098,2022,PHEV,2,2026-07-31
14098,2023,PHEV,1,2026-07-31
14098,2024,BEV,1,2026-07-31
14098,2024,PHEV,1,2026-07-31
14098,2025,BEV,2,2026-07-31
14098,2025,PHEV,2,2026-07-31
14101,2022,PHEV,1,2026-07-31
14101,2023,PHEV,1,2026-07-31
14101,2025,BEV,1,2026-07-31
14102,2021,BEV,2,2026-07-31
14102,2023,PHEV,1,2026-07-31
14102,2025,BEV,3,2026-07-31
14103,2017,PHEV,3,2026-07-31
14103,2018,PHEV,3,2026-07-31
14103,2019,PHEV,2,2026-07-31
14103,2020,BEV,1,2026-07-31
14103,2020,PHEV,3,2026-07-31
14103,2021,BEV,1,2026-07-31
14103,2021,PHEV,3,2026-07-31
14103,2022,BEV,5,2026-07-31
14103,2022,PHEV,2,2026-07-31
14103,2023,BEV,4,2026-07-31
14103,2023,PHEV,4,2026-07-31
14103,2024,BEV,3,2026-07-31
14103,2024,PHEV,5,2026-07-31
14103,2025,BEV,6,2026-07-31
14103,2025,PHEV,2,2026-07-31
14103,2026,BEV,3,2026-07-31
14105,2017,PHEV,2,2026-07-31
14105,2018,PHEV,2,2026-07-31
14105,2019,PHEV,2,2026-07-31
14105,2020,PHEV,3,2026-07-31
14105,2021,PHEV,3,2026-07-31
14105,2022,BEV,2,2026-07-31
14105,2022,PHEV,3,2026-07-31
14105,2023,BEV,3,2026-07-31
14105,2024,BEV,2,2026-07-31
14105,2024,PHEV,2,2026-07-31
14105,2025,BEV,3,2026-07-31
14105,2025,PHEV,1,2026-07-31
14105,2026,BEV,2,2026-07-31
14108,2017,PHEV,1,2026-07-31
14108,2018,BEV,2,2026-07-31
14108,2018,PHEV,3,2026-07-31
14108,2019,PHEV,3,2026-07-31
14108,2020,PHEV,4,2026-07-31
14108,2021,BEV,2,2026-07-31
14108,2021,PHEV,6,2026-07-31
14108,2022,BEV,1,2026-07-31
14108,2022,PHEV,2,2026-07-31
14108,2023,BEV,3,2026-07-31
14108,2023,PHEV,1,2026-07-31
14108,2024,BEV,3,2026-07-31
14108,2024,PHEV,4,2026-07-31
14108,2025,BEV,5,2026-07-31
14108,2025,PHEV,2,2026-07-31
14108,2026,BEV,5,2026-07-31
14108,2026,PHEV,1,2026-07-31
14111,2017,PHEV,1,2026-07-31
14111,2019,PHEV,1,2026-07-31
14111,2021,PHEV,1,2026-07-31
14111,2022,PHEV,1,2026-07-31
14111,2023,BEV,2,2026-07-31
14111,2024,PHEV,2,2026-07-31
14111,2025,BEV,3,2026-07-31
14111,2025,PHEV,1,2026-07-31
14113,2023,BEV,1,2026-07-31
14113,2024,PHEV,1,2026-07-31
14113,2025,BEV,1,2026-07-31
14120,2017,BEV,2,2026-07-31
14120,2017,PHEV,8,2026-07-31
14120,2018,BEV,4,2026-07-31
14120,2018,PHEV,17,2026-07-31
14120,2019,BEV,7,2026-07-31
14120,2019,PHEV,17,2026-07-31
14120,2020,BEV,12,2026-07-31
14120,2020,PHEV,12,2026-07-31
14120,2021,BEV,30,2026-07-31
14120,2021,PHEV,56,2026-07-31
14120,2022,BEV,24,2026-07-31
14120,2022,PHEV,19,2026-07-31
14120,2023,BEV,36,2026-07-31
14120,2023,PHEV,49,2026-07-31
14120,2024,BEV,62,2026-07-31
14120,2024,PHEV,41,2026-07-31
14120,2025,BEV,108,2026-07-31
14120,2025,PHEV,23,2026-07-31
14120,2026,BEV,24,2026-07-31
14120,2026,PHEV,1,2026-07-31
14125,2017,PHEV,1,2026-07-31
14125,2018,PHEV,2,2026-07-31
14125,2021,PHEV,2,2026-07-31
14125,2022,BEV,2,2026-07-31
14125,2022,PHEV,2,2026-07-31
14125,2023,BEV,2,2026-07-31
14125,2023,PHEV,1,2026-07-31
14125,2024,BEV,4,2026-07-31
14125,2024,PHEV,3,2026-07-31
14125,2025,BEV,3,2026-07-31
14125,2025,PHEV,2,2026-07-31
14125,2026,BEV,1,2026-07-31
14126,2024,PHEV,1,2026-07-31
14127,2017,PHEV,10,2026-07-31
14127,2018,PHEV,18,2026-07-31
14127,2019,BEV,7,2026-07-31
14127,2019,PHEV,7,2026-07-31
14127,2020,BEV,15,2026-07-31
14127,2020,PHEV,16,2026-07-31
14127,2021,BEV,34,2026-07-31
14127,2021,PHEV,39,2026-07-31
14127,2022,BEV,34,2026-07-31
14127,2022,PHEV,30,2026-07-31
14127,2023,BEV,41,2026-07-31
14127,2023,PHEV,63,2026-07-31
14127,2024,BEV,59,2026-07-31
14127,2024,PHEV,55,2026-07-31
14127,2025,BEV,83,2026-07-31
14127,2025,PHEV,20,2026-07-31
14127,2026,BEV,39,2026-07-31
14127,2026,PHEV,9,2026-07-31
14129,2017,PHEV,1,2026-07-31
14129,2021,PHEV,1,2026-07-31
14129,2022,PHEV,1,2026-07-31
14129,2023,BEV,2,2026-07-31
14129,2024,BEV,1,2026-07-31
14129,2026,PHEV,1,2026-07-31
14131,2017,BEV,1,2026-07-31
14131,2017,PHEV,1,2026-07-31
14131,2018,PHEV,5,2026-07-31
14131,2019,PHEV,1,2026-07-31
14131,2020,BEV,1,2026-07-31
14131,2021,BEV,1,2026-07-31
14131,2021,PHEV,4,2026-07-31
14131,2022,BEV,3,2026-07-31
14131,2022,PHEV,3,2026-07-31
14131,2023,BEV,1,2026-07-31
14131,2023,PHEV,6,2026-07-31
14131,2024,BEV,5,2026-07-31
14131,2024,PHEV,3,2026-07-31
14131,2025,BEV,8,2026-07-31
14132,2017,PHEV,1,2026-07-31
14132,2018,PHEV,1,2026-07-31
14132,2019,PHEV,2,2026-07-31
14132,2020,PHEV,1,2026-07-31
14132,2021,BEV,1,2026-07-31
14132,2021,PHEV,4,2026-07-31
14132,2022,BEV,3,2026-07-31
14132,2022,PHEV,3,2026-07-31
14132,2023,BEV,4,2026-07-31
14132,2023,PHEV,12,2026-07-31
14132,2024,BEV,4,2026-07-31
14132,2024,PHEV,1,2026-07-31
14132,2025,BEV,11,2026-07-31
14132,2025,PHEV,3,2026-07-31
14132,2026,BEV,1,2026-07-31
14134,2025,BEV,1,2026-07-31
14135,2025,BEV,1,2026-07-31
14136,2018,PHEV,3,2026-07-31
14136,2021,BEV,1,2026-07-31
14136,2021,PHEV,4,2026-07-31
14136,2022,PHEV,2,2026-07-31
14136,2023,BEV,2,2026-07-31
14136,2023,PHEV,1,2026-07-31
14136,2024,BEV,1,2026-07-31
14136,2024,PHEV,2,2026-07-31
14136,2025,BEV,2,2026-07-31
14138,2021,PHEV,2,2026-07-31
14138,2022,PHEV,2,2026-07-31
14138,2023,PHEV,2,2026-07-31
14138,2025,BEV,1,2026-07-31
14138,2026,BEV,1,2026-07-31
14139,2020,BEV,2,2026-07-31
14139,2020,PHEV,1,2026-07-31
14139,2022,BEV,3,2026-07-31
14139,2023,BEV,2,2026-07-31
14139,2023,PHEV,7,2026-07-31
14139,2024,BEV,2,2026-07-31
14139,2025,BEV,5,2026-07-31
14139,2025,PHEV,1,2026-07-31
14139,2026,PHEV,1,2026-07-31
14141,2017,BEV,1,2026-07-31
14141,2018,PHEV,1,2026-07-31
14141,2019,PHEV,1,2026-07-31
14141,2020,BEV,3,2026-07-31
14141,2020,PHEV,2,2026-07-31
14141,2021,BEV,4,2026-07-31
14141,2021,PHEV,1,2026-07-31
14141,2022,BEV,5,2026-07-31
14141,2022,PHEV,1,2026-07-31
14141,2023,BEV,3,2026-07-31
14141,2023,PHEV,3,2026-07-31
14141,2024,BEV,7,2026-07-31
14141,2024,PHEV,5,2026-07-31
14141,2025,BEV,11,2026-07-31
14141,2026,BEV,1,2026-07-31
14141,2026,PHEV,4,2026-07-31
14143,2021,PHEV,1,2026-07-31
14143,2022,BEV,1,2026-07-31
14143,2023,PHEV,1,2026-07-31
14143,2024,PHEV,1,2026-07-31
14143,2025,BEV,1,2026-07-31
14143,2025,PHEV,1,2026-07-31
14143,2026,BEV,2,2026-07-31
14143,2026,PHEV,1,2026-07-31
14145,2019,PHEV,1,2026-07-31
14145,2023,BEV,1,2026-07-31
14145,2026,BEV,2,2026-07-31
14150,2017,BEV,5,2026-07-31
14150,2017,PHEV,4,2026-07-31
14150,2018,BEV,1,2026-07-31
14150,2018,PHEV,16,2026-07-31
14150,2019,BEV,6,2026-07-31
14150,2019,PHEV,9,2026-07-31
14150,2020,BEV,6,2026-07-31
14150,2020,PHEV,28,2026-07-31
14150,2021,BEV,31,2026-07-31
14150,2021,PHEV,22,2026-07-31
14150,2022,BEV,36,2026-07-31
14150,2022,PHEV,34,2026-07-31
14150,2023,BEV,38,2026-07-31
14150,2023,PHEV,41,2026-07-31
14150,2024,BEV,45,2026-07-31
14150,2024,PHEV,39,2026-07-31
14150,2025,BEV,97,2026-07-31
14150,2025,PHEV,22,2026-07-31
14150,2026,BEV,16,2026-07-31
14150,2026,PHEV,4,2026-07-31
14166,2020,BEV,1,2026-07-31
14167,2021,BEV,1,2026-07-31
14167,2021,PHEV,1,2026-07-31
14167,2023,BEV,2,2026-07-31
14167,2025,BEV,1,2026-07-31
14167,2025,PHEV,1,2026-07-31
14170,2017,BEV,1,2026-07-31
14170,2018,BEV,1,2026-07-31
14170,2018,PHEV,2,2026-07-31
14170,2021,BEV,2,2026-07-31
14170,2021,PHEV,3,2026-07-31
14170,2022,BEV,4,2026-07-31
14170,2022,PHEV,2,2026-07-31
14170,2023,BEV,1,2026-07-31
14170,2023,PHEV,2,2026-07-31
14170,2024,BEV,3,2026-07-31
14170,2024,PHEV,2,2026-07-31
14170,2025,BEV,2,2026-07-31
14170,2025,PHEV,1,2026-07-31
14170,2026,BEV,2,2026-07-31
14171,2017,PHEV,1,2026-07-31
14171,2021,PHEV,1,2026-07-31
14171,2022,BEV,1,2026-07-31
14171,2023,PHEV,2,2026-07-31
14171,2024,BEV,1,2026-07-31
14171,2024,PHEV,2,2026-07-31
14172,2018,PHEV,1,2026-07-31
14172,2019,PHEV,2,2026-07-31
14172,2020,BEV,1,2026-07-31
14172,2020,PHEV,2,2026-07-31
14172,2021,BEV,1,2026-07-31
14172,2021,PHEV,2,2026-07-31
14172,2022,BEV,4,2026-07-31
14172,2023,BEV,2,2026-07-31
14172,2023,PHEV,1,2026-07-31
14172,2024,BEV,2,2026-07-31
14172,2024,PHEV,2,2026-07-31
14172,2025,BEV,5,2026-07-31
14172,2026,BEV,3,2026-07-31
14172,2026,PHEV,1,2026-07-31
14174,2017,BEV,1,2026-07-31
14174,2017,PHEV,1,2026-07-31
14174,2018,PHEV,5,2026-07-31
14174,2019,BEV,1,2026-07-31
14174,2019,PHEV,3,2026-07-31
14174,2020,BEV,2,2026-07-31
14174,2021,BEV,4,2026-07-31
14174,2021,PHEV,7,2026-07-31
14174,2022,BEV,8,2026-07-31
14174,2022,PHEV,5,2026-07-31
14174,2023,BEV,6,2026-07-31
14174,2023,PHEV,2,2026-07-31
14174,2024,BEV,7,2026-07-31
14174,2024,PHEV,2,2026-07-31
14174,2025,BEV,6,2026-07-31
14174,2025,PHEV,3,2026-07-31
14174,2026,BEV,3,2026-07-31
14201,2017,BEV,2,2026-07-31
14201,2017,PHEV,3,2026-07-31
14201,2018,PHEV,8,2026-07-31
14201,2019,BEV,2,2026-07-31
14201,2019,PHEV,1,2026-07-31
14201,2020,BEV,4,2026-07-31
14201,2020,PHEV,3,2026-07-31
14201,2021,BEV,6,2026-07-31
14201,2021,PHEV,5,2026-07-31
14201,2022,BEV,11,2026-07-31
14201,2022,PHEV,6,2026-07-31
14201,2023,BEV,13,2026-07-31
14201,2023,PHEV,5,2026-07-31
14201,2024,BEV,11,2026-07-31
14201,2024,PHEV,6,2026-07-31
14201,2025,BEV,9,2026-07-31
14201,2026,BEV,3,2026-07-31
14201,2026,PHEV,1,2026-07-31
14202,2017,PHEV,3,2026-07-31
14202,2018,PHEV,4,2026-07-31
14202,2019,BEV,1,2026-07-31
14202,2019,PHEV,1,2026-07-31
14202,2020,PHEV,1,2026-07-31
14202,2021,BEV,4,2026-07-31
14202,2021,PHEV,6,2026-07-31
14202,2022,BEV,4,2026-07-31
14202,2022,PHEV,4,2026-07-31
14202,2023,BEV,7,2026-07-31
14202,2023,PHEV,3,2026-07-31
14202,2024,BEV,8,2026-07-31
14202,2024,PHEV,4,2026-07-31
14202,2025,BEV,9,2026-07-31
14202,2025,PHEV,7,2026-07-31
14202,2026,BEV,7,2026-07-31
14203,2020,BEV,2,2026-07-31
14203,2021,BEV,2,2026-07-31
14203,2021,PHEV,1,2026-07-31
14203,2022,BEV,2,2026-07-31
14203,2022,PHEV,3,2026-07-31
14203,2023,BEV,3,2026-07-31
14203,2023,PHEV,2,2026-07-31
14203,2024,BEV,7,2026-07-31
14203,2024,PHEV,1,2026-07-31
14203,2025,BEV,4,2026-07-31
14203,2025,PHEV,2,2026-07-31
14203,2026,BEV,1,2026-07-31
14204,2019,PHEV,2,2026-07-31
14204,2020,BEV,3,2026-07-31
14204,2020,PHEV,2,2026-07-31
14204,2021,PHEV,1,2026-07-31
14204,2022,BEV,5,2026-07-31
14204,2022,PHEV,3,2026-07-31
14204,2023,BEV,3,2026-07-31
14204,2023,PHEV,4,2026-07-31
14204,2024,BEV,1,2026-07-31
14204,2024,PHEV,4,2026-07-31
14204,2025,BEV,8,2026-07-31
14204,2026,BEV,4,2026-07-31
14206,2018,BEV,3,2026-07-31
14206,2019,BEV,1,2026-07-31
14206,2019,PHEV,1,2026-07-31
14206,2020,PHEV,3,2026-07-31
14206,2021,BEV,5,2026-07-31
14206,2021,PHEV,6,2026-07-31
14206,2022,BEV,7,2026-07-31
14206,2022,PHEV,1,2026-07-31
14206,2023,BEV,6,2026-07-31
14206,2023,PHEV,11,2026-07-31
14206,2024,BEV,10,2026-07-31
14206,2024,PHEV,12,2026-07-31
14206,2025,BEV,17,2026-07-31
14206,2025,PHEV,2,2026-07-31
14206,2026,BEV,10,2026-07-31
14207,2017,PHEV,1,2026-07-31
14207,2018,PHEV,4,2026-07-31
14207,2019,BEV,2,2026-07-31
14207,2019,PHEV,3,2026-07-31
14207,2020,BEV,2,2026-07-31
14207,2020,PHEV,2,2026-07-31
14207,2021,BEV,2,2026-07-31
14207,2021,PHEV,7,2026-07-31
14207,2022,BEV,4,2026-07-31
14207,2022,PHEV,3,2026-07-31
14207,2023,BEV,4,2026-07-31
14207,2023,PHEV,5,2026-07-31
14207,2024,BEV,10,2026-07-31
14207,2024,PHEV,8,2026-07-31
14207,2025,BEV,17,2026-07-31
14207,2025,PHEV,1,2026-07-31
14207,2026,BEV,9,2026-07-31
14207,2026,PHEV,1,2026-07-31
14208,2018,BEV,1,2026-07-31
14208,2019,PHEV,1,2026-07-31
14208,2021,BEV,4,2026-07-31
14208,2021,PHEV,1,2026-07-31
14208,2022,BEV,1,2026-07-31
14208,2022,PHEV,1,2026-07-31
14208,2023,BEV,1,2026-07-31
14208,2023,PHEV,2,2026-07-31
14208,2024,BEV,3,2026-07-31
14208,2024,PHEV,5,2026-07-31
14208,2025,BEV,8,2026-07-31
14208,2026,BEV,1,2026-07-31
14209,2017,BEV,2,2026-07-31
14209,2018,PHEV,1,2026-07-31
14209,2019,BEV,4,2026-07-31
14209,2019,PHEV,2,2026-07-31
14209,2020,BEV,4,2026-07-31
14209,2020,PHEV,2,2026-07-31
14209,2021,BEV,6,2026-07-31
14209,2021,PHEV,9,2026-07-31
14209,2022,BEV,12,2026-07-31
14209,2022,PHEV,8,2026-07-31
14209,2023,BEV,5,2026-07-31
14209,2023,PHEV,6,2026-07-31
14209,2024,BEV,16,2026-07-31
14209,2024,PHEV,7,2026-07-31
14209,2025,BEV,15,2026-07-31
14209,2025,PHEV,3,2026-07-31
14209,2026,BEV,7,2026-07-31
14210,2018,PHEV,6,2026-07-31
14210,2019,BEV,1,2026-07-31
14210,2019,PHEV,1,2026-07-31
14210,2020,PHEV,1,2026-07-31
14210,2021,BEV,2,2026-07-31
14210,2021,PHEV,3,2026-07-31
14210,2022,BEV,2,2026-07-31
14210,2022,PHEV,2,2026-07-31
14210,2023,BEV,3,2026-07-31
14210,2023,PHEV,5,2026-07-31
14210,2024,BEV,3,2026-07-31
14210,2024,PHEV,10,2026-07-31
14210,2025,BEV,9,2026-07-31
14210,2025,PHEV,2,2026-07-31
14210,2026,BEV,4,2026-07-31
14210,2026,PHEV,1,2026-07-31
14211,2018,PHEV,2,2026-07-31
14211,2019,PHEV,1,2026-07-31
14211,2020,BEV,1,2026-07-31
14211,2020,PHEV,1,2026-07-31
14211,2021,BEV,4,2026-07-31
14211,2021,PHEV,1,2026-07-31
14211,2022,BEV,5,2026-07-31
14211,2022,PHEV,5,2026-07-31
14211,2023,BEV,5,2026-07-31
14211,2023,PHEV,6,2026-07-31
14211,2024,BEV,10,2026-07-31
14211,2024,PHEV,6,2026-07-31
14211,2025,BEV,10,2026-07-31
14211,2025,PHEV,1,2026-07-31
14211,2026,BEV,9,2026-07-31
14211,2026,PHEV,1,2026-07-31
14212,2017,PHEV,1,2026-07-31
14212,2018,PHEV,3,2026-07-31
14212,2020,BEV,1,2026-07-31
14212,2020,PHEV,1,2026-07-31
14212,2021,BEV,1,2026-07-31
14212,2021,PHEV,1,2026-07-31
14212,2022,BEV,3,2026-07-31
14212,2022,PHEV,4,2026-07-31
14212,2023,BEV,5,2026-07-31
14212,2023,PHEV,1,2026-07-31
14212,2024,BEV,8,2026-07-31
14212,2024,PHEV,5,2026-07-31
14212,2025,BEV,11,2026-07-31
14212,2025,PHEV,2,2026-07-31
14212,2026,BEV,2,2026-07-31
14213,2017,BEV,2,2026-07-31
14213,2018,BEV,2,2026-07-31
14213,2018,PHEV,2,2026-07-31
14213,2019,BEV,1,2026-07-31
14213,2019,PHEV,1,2026-07-31
14213,2020,BEV,2,2026-07-31
14213,2020,PHEV,4,2026-07-31
14213,2021,BEV,7,2026-07-31
14213,2021,PHEV,13,2026-07-31
14213,2022,BEV,10,2026-07-31
14213,2022,PHEV,7,2026-07-31
14213,2023,BEV,11,2026-07-31
14213,2023,PHEV,6,2026-07-31
14213,2024,BEV,12,2026-07-31
14213,2024,PHEV,10,2026-07-31
14213,2025,BEV,13,2026-07-31
14213,2025,PHEV,3,2026-07-31
14213,2026,BEV,9,2026-07-31
14214,2017,PHEV,3,2026-07-31
14214,2018,BEV,1,2026-07-31
14214,2018,PHEV,4,2026-07-31
14214,2019,BEV,7,2026-07-31
14214,2019,PHEV,6,2026-07-31
14214,2020,BEV,4,2026-07-31
14214,2020,PHEV,6,2026-07-31
14214,2021,BEV,13,2026-07-31
14214,2021,PHEV,13,2026-07-31
14214,2022,BEV,15,2026-07-31
14214,2022,PHEV,12,2026-07-31
14214,2023,BEV,12,2026-07-31
14214,2023,PHEV,19,2026-07-31
14214,2024,BEV,21,2026-07-31
14214,2024,PHEV,18,2026-07-31
14214,2025,BEV,31,2026-07-31
14214,2025,PHEV,6,2026-07-31
14214,2026,BEV,12,2026-07-31
14214,2026,PHEV,6,2026-07-31
14215,2018,PHEV,6,2026-07-31
14215,2019,BEV,2,2026-07-31
14215,2019,PHEV,2,2026-07-31
14215,2020,BEV,4,2026-07-31
14215,2020,PHEV,7,2026-07-31
14215,2021,BEV,10,2026-07-31
14215,2021,PHEV,8,2026-07-31
14215,2022,BEV,12,2026-07-31
14215,2022,PHEV,3,2026-07-31
14215,2023,BEV,13,2026-07-31
14215,2023,PHEV,13,2026-07-31
14215,2024,BEV,30,2026-07-31
14215,2024,PHEV,14,2026-07-31
14215,2025,BEV,29,2026-07-31
14215,2025,PHEV,4,2026-07-31
14215,2026,BEV,7,2026-07-31
14215,2026,PHEV,2,2026-07-31
14216,2017,PHEV,5,2026-07-31
14216,2018,PHEV,12,2026-07-31
14216,2019,BEV,5,2026-07-31
14216,2019,PHEV,8,2026-07-31
14216,2020,BEV,6,2026-07-31
14216,2020,PHEV,13,2026-07-31
14216,2021,BEV,12,2026-07-31
14216,2021,PHEV,25,2026-07-31
14216,2022,BEV,20,2026-07-31
14216,2022,PHEV,19,2026-07-31
14216,2023,BEV,30,2026-07-31
14216,2023,PHEV,20,2026-07-31
14216,2024,BEV,33,2026-07-31
14216,2024,PHEV,23,2026-07-31
14216,2025,BEV,43,2026-07-31
14216,2025,PHEV,9,2026-07-31
14216,2026,BEV,16,2026-07-31
14216,2026,PHEV,3,2026-07-31
14217,2017,BEV,2,2026-07-31
14217,2017,PHEV,8,2026-07-31
14217,2018,BEV,2,2026-07-31
14217,2018,PHEV,10,2026-07-31
14217,2019,BEV,8,2026-07-31
14217,2019,PHEV,6,2026-07-31
14217,2020,BEV,7,2026-07-31
14217,2020,PHEV,6,2026-07-31
14217,2021,BEV,18,2026-07-31
14217,2021,PHEV,13,2026-07-31
14217,2022,BEV,21,2026-07-31
14217,2022,PHEV,12,2026-07-31
14217,2023,BEV,16,2026-07-31
14217,2023,PHEV,18,2026-07-31
14217,2024,BEV,30,2026-07-31
14217,2024,PHEV,19,2026-07-31
14217,2025,BEV,48,2026-07-31
14217,2025,PHEV,15,2026-07-31
14217,2026,BEV,11,2026-07-31
14217,2026,PHEV,7,2026-07-31
14218,2017,PHEV,3,2026-07-31
14218,2018,PHEV,3,2026-07-31
14218,2019,PHEV,3,2026-07-31
14218,2020,BEV,1,2026-07-31
14218,2020,PHEV,4,2026-07-31
14218,2021,BEV,5,2026-07-31
14218,2021,PHEV,6,2026-07-31
14218,2022,BEV,5,2026-07-31
14218,2022,PHEV,7,2026-07-31
14218,2023,BEV,10,2026-07-31
14218,2023,PHEV,13,2026-07-31
14218,2024,BEV,17,2026-07-31
14218,2024,PHEV,15,2026-07-31
14218,2025,BEV,35,2026-07-31
14218,2025,PHEV,6,2026-07-31
14218,2026,BEV,12,2026-07-31
14219,2018,BEV,1,2026-07-31
14219,2018,PHEV,2,2026-07-31
14219,2019,PHEV,3,2026-07-31
14219,2020,BEV,5,2026-07-31
14219,2020,PHEV,3,2026-07-31
14219,2021,BEV,10,2026-07-31
14219,2021,PHEV,6,2026-07-31
14219,2022,BEV,6,2026-07-31
14219,2022,PHEV,3,2026-07-31
14219,2023,BEV,6,2026-07-31
14219,2023,PHEV,8,2026-07-31
14219,2024,BEV,8,2026-07-31
14219,2024,PHEV,7,2026-07-31
14219,2025,BEV,12,2026-07-31
14219,2025,PHEV,2,2026-07-31
14219,2026,BEV,4,2026-07-31
14220,2017,PHEV,4,2026-07-31
14220,2018,BEV,1,2026-07-31
14220,2018,PHEV,4,2026-07-31
14220,2019,BEV,1,2026-07-31
14220,2019,PHEV,1,2026-07-31
14220,2020,BEV,2,2026-07-31
14220,2020,PHEV,7,2026-07-31
14220,2021,BEV,4,2026-07-31
14220,2021,PHEV,13,2026-07-31
14220,2022,BEV,6,2026-07-31
14220,2022,PHEV,7,2026-07-31
14220,2023,BEV,12,2026-07-31
14220,2023,PHEV,20,2026-07-31
14220,2024,BEV,16,2026-07-31
14220,2024,PHEV,15,2026-07-31
14220,2025,BEV,30,2026-07-31
14220,2025,PHEV,1,2026-07-31
14220,2026,BEV,7,2026-07-31
14220,2026,PHEV,1,2026-07-31
14221,2017,BEV,5,2026-07-31
14221,2017,PHEV,21,2026-07-31
14221,2018,BEV,11,2026-07-31
14221,2018,PHEV,50,2026-07-31
14221,2019,BEV,24,2026-07-31
14221,2019,PHEV,26,2026-07-31
14221,2020,BEV,41,2026-07-31
14221,2020,PHEV,48,2026-07-31
14221,2021,BEV,78,2026-07-31
14221,2021,PHEV,71,2026-07-31
14221,2022,BEV,105,2026-07-31
14221,2022,PHEV,68,2026-07-31
14221,2023,BEV,128,2026-07-31
14221,2023,PHEV,104,2026-07-31
14221,2024,BEV,162,2026-07-31
14221,2024,PHEV,80,2026-07-31
14221,2025,BEV,200,2026-07-31
14221,2025,PHEV,50,2026-07-31
14221,2026,BEV,59,2026-07-31
14221,2026,PHEV,22,2026-07-31
14222,2017,BEV,4,2026-07-31
14222,2017,PHEV,4,2026-07-31
14222,2018,BEV,2,2026-07-31
14222,2018,PHEV,6,2026-07-31
14222,2019,BEV,3,2026-07-31
14222,2019,PHEV,2,2026-07-31
14222,2020,BEV,12,2026-07-31
14222,2020,PHEV,3,2026-07-31
14222,2021,BEV,22,2026-07-31
14222,2021,PHEV,14,2026-07-31
14222,2022,BEV,13,2026-07-31
14222,2022,PHEV,12,2026-07-31
14222,2023,BEV,25,2026-07-31
14222,2023,PHEV,18,2026-07-31
14222,2024,BEV,24,2026-07-31
14222,2024,PHEV,20,2026-07-31
14222,2025,BEV,28,2026-07-31
14222,2025,PHEV,12,2026-07-31
14222,2026,BEV,19,2026-07-31
14222,2026,PHEV,6,2026-07-31
14223,2017,BEV,3,2026-07-31
14223,2017,PHEV,7,2026-07-31
14223,2018,PHEV,5,2026-07-31
14223,2019,BEV,6,2026-07-31
14223,2019,PHEV,3,2026-07-31
14223,2020,BEV,9,2026-07-31
14223,2020,PHEV,14,2026-07-31
14223,2021,BEV,18,2026-07-31
14223,2021,PHEV,21,2026-07-31
14223,2022,BEV,12,2026-07-31
14223,2022,PHEV,8,2026-07-31
14223,2023,BEV,20,2026-07-31
14223,2023,PHEV,30,2026-07-31
14223,2024,BEV,30,2026-07-31
14223,2024,PHEV,28,2026-07-31
14223,2025,BEV,60,2026-07-31
14223,2025,PHEV,11,2026-07-31
14223,2026,BEV,14,2026-07-31
14223,2026,PHEV,2,2026-07-31
14224,2017,BEV,3,2026-07-31
14224,2017,PHEV,6,2026-07-31
14224,2018,BEV,2,2026-07-31
14224,2018,PHEV,8,2026-07-31
14224,2019,BEV,4,2026-07-31
14224,2019,PHEV,12,2026-07-31
14224,2020,BEV,8,2026-07-31
14224,2020,PHEV,11,2026-07-31
14224,2021,BEV,19,2026-07-31
14224,2021,PHEV,25,2026-07-31
14224,2022,BEV,28,2026-07-31
14224,2022,PHEV,13,2026-07-31
14224,2023,BEV,33,2026-07-31
14224,2023,PHEV,53,2026-07-31
14224,2024,BEV,39,2026-07-31
14224,2024,PHEV,55,2026-07-31
14224,2025,BEV,65,2026-07-31
14224,2025,PHEV,23,2026-07-31
14224,2026,BEV,20,2026-07-31
14224,2026,PHEV,1,2026-07-31
14225,2017,PHEV,8,2026-07-31
14225,2018,PHEV,2,2026-07-31
14225,2019,BEV,3,2026-07-31
14225,2019,PHEV,12,2026-07-31
14225,2020,BEV,6,2026-07-31
14225,2020,PHEV,11,2026-07-31
14225,2021,BEV,20,2026-07-31
14225,2021,PHEV,24,2026-07-31
14225,2022,BEV,23,2026-07-31
14225,2022,PHEV,9,2026-07-31
14225,2023,BEV,30,2026-07-31
14225,2023,PHEV,33,2026-07-31
14225,2024,BEV,42,2026-07-31
14225,2024,PHEV,34,2026-07-31
14225,2025,BEV,69,2026-07-31
14225,2025,PHEV,14,2026-07-31
14225,2026,BEV,18,2026-07-31
14225,2026,PHEV,3,2026-07-31
14226,2017,BEV,3,2026-07-31
14226,2017,PHEV,13,2026-07-31
14226,2018,BEV,2,2026-07-31
14226,2018,PHEV,10,2026-07-31
14226,2019,BEV,14,2026-07-31
14226,2019,PHEV,16,2026-07-31
14226,2020,BEV,12,2026-07-31
14226,2020,PHEV,14,2026-07-31
14226,2021,BEV,29,2026-07-31
14226,2021,PHEV,43,2026-07-31
14226,2022,BEV,25,2026-07-31
14226,2022,PHEV,27,2026-07-31
14226,2023,BEV,41,2026-07-31
14226,2023,PHEV,47,2026-07-31
14226,2024,BEV,52,2026-07-31
14226,2024,PHEV,39,2026-07-31
14226,2025,BEV,58,2026-07-31
14226,2025,PHEV,21,2026-07-31
14226,2026,BEV,26,2026-07-31
14226,2026,PHEV,3,2026-07-31
14227,2017,PHEV,1,2026-07-31
14227,2018,PHEV,7,2026-07-31
14227,2019,BEV,2,2026-07-31
14227,2019,PHEV,6,2026-07-31
14227,2020,BEV,2,2026-07-31
14227,2020,PHEV,4,2026-07-31
14227,2021,BEV,8,2026-07-31
14227,2021,PHEV,18,2026-07-31
14227,2022,BEV,5,2026-07-31
14227,2022,PHEV,7,2026-07-31
14227,2023,BEV,9,2026-07-31
14227,2023,PHEV,23,2026-07-31
14227,2024,BEV,16,2026-07-31
14227,2024,PHEV,27,2026-07-31
14227,2025,BEV,34,2026-07-31
14227,2025,PHEV,12,2026-07-31
14227,2026,BEV,6,2026-07-31
14227,2026,PHEV,1,2026-07-31
14228,2017,BEV,2,2026-07-31
14228,2017,PHEV,4,2026-07-31
14228,2018,PHEV,14,2026-07-31
14228,2019,BEV,6,2026-07-31
14228,2019,PHEV,8,2026-07-31
14228,2020,BEV,8,2026-07-31
14228,2020,PHEV,11,2026-07-31
14228,2021,BEV,21,2026-07-31
14228,2021,PHEV,21,2026-07-31
14228,2022,BEV,28,2026-07-31
14228,2022,PHEV,24,2026-07-31
14228,2023,BEV,49,2026-07-31
14228,2023,PHEV,25,2026-07-31
14228,2024,BEV,58,2026-07-31
14228,2024,PHEV,27,2026-07-31
14228,2025,BEV,71,2026-07-31
14228,2025,PHEV,21,2026-07-31
14228,2026,BEV,26,2026-07-31
14228,2026,PHEV,5,2026-07-31
14260,2020,BEV,2,2026-07-31
14260,2022,BEV,2,2026-07-31
14260,2023,PHEV,1,2026-07-31
14260,2025,BEV,14,2026-07-31
14261,2023,BEV,1,2026-07-31
14301,2019,PHEV,2,2026-07-31
14301,2020,PHEV,1,2026-07-31
14301,2021,BEV,1,2026-07-31
14301,2021,PHEV,6,2026-07-31
14301,2022,BEV,5,2026-07-31
14301,2022,PHEV,1,2026-07-31
14301,2023,BEV,3,2026-07-31
14301,2023,PHEV,1,2026-07-31
14301,2024,BEV,3,2026-07-31
14301,2024,PHEV,3,2026-07-31
14301,2025,BEV,6,2026-07-31
14301,2025,PHEV,1,2026-07-31
14301,2026,BEV,1,2026-07-31
14303,2017,PHEV,1,2026-07-31
14303,2018,PHEV,1,2026-07-31
14303,2019,BEV,1,2026-07-31
14303,2019,PHEV,2,2026-07-31
14303,2021,BEV,1,2026-07-31
14303,2021,PHEV,1,2026-07-31
14303,2022,BEV,1,2026-07-31
14303,2022,PHEV,1,2026-07-31
14303,2023,PHEV,2,2026-07-31
14303,2024,PHEV,1,2026-07-31
14303,2025,BEV,1,2026-07-31
14303,2026,BEV,1,2026-07-31
14304,2017,BEV,2,2026-07-31
14304,2017,PHEV,7,2026-07-31
14304,2018,BEV,1,2026-07-31
14304,2018,PHEV,7,2026-07-31
14304,2019,BEV,2,2026-07-31
14304,2019,PHEV,2,2026-07-31
14304,2020,BEV,3,2026-07-31
14304,2020,PHEV,7,2026-07-31
14304,2021,BEV,9,2026-07-31
14304,2021,PHEV,20,2026-07-31
14304,2022,BEV,20,2026-07-31
14304,2022,PHEV,13,2026-07-31
14304,2023,BEV,17,2026-07-31
14304,2023,PHEV,15,2026-07-31
14304,2024,BEV,21,2026-07-31
14304,2024,PHEV,22,2026-07-31
14304,2025,BEV,33,2026-07-31
14304,2025,PHEV,10,2026-07-31
14304,2026,BEV,10,2026-07-31
14304,2026,PHEV,2,2026-07-31
14305,2017,PHEV,1,2026-07-31
14305,2018,PHEV,6,2026-07-31
14305,2019,BEV,1,2026-07-31
14305,2019,PHEV,4,2026-07-31
14305,2021,BEV,7,2026-07-31
14305,2021,PHEV,5,2026-07-31
14305,2022,BEV,3,2026-07-31
14305,2022,PHEV,3,2026-07-31
14305,2023,BEV,6,2026-07-31
14305,2023,PHEV,2,2026-07-31
14305,2024,BEV,3,2026-07-31
14305,2024,PHEV,8,2026-07-31
14305,2025,BEV,7,2026-07-31
14305,2025,PHEV,5,2026-07-31
14305,2026,BEV,7,2026-07-31
14411,2017,PHEV,1,2026-07-31
14411,2018,BEV,2,2026-07-31
14411,2018,PHEV,1,2026-07-31
14411,2019,PHEV,1,2026-07-31
14411,2020,BEV,4,2026-07-31
14411,2020,PHEV,3,2026-07-31
14411,2021,BEV,6,2026-07-31
14411,2021,PHEV,5,2026-07-31
14411,2022,BEV,5,2026-07-31
14411,2022,PHEV,1,2026-07-31
14411,2023,BEV,6,2026-07-31
14411,2023,PHEV,4,2026-07-31
14411,2024,BEV,7,2026-07-31
14411,2024,PHEV,5,2026-07-31
14411,2025,BEV,10,2026-07-31
14411,2025,PHEV,1,2026-07-31
14411,2026,BEV,3,2026-07-31
14411,2026,PHEV,1,2026-07-31
14414,2017,BEV,3,2026-07-31
14414,2017,PHEV,3,2026-07-31
14414,2018,BEV,1,2026-07-31
14414,2018,PHEV,5,2026-07-31
14414,2019,PHEV,1,2026-07-31
14414,2020,BEV,2,2026-07-31
14414,2021,BEV,1,2026-07-31
14414,2021,PHEV,4,2026-07-31
14414,2022,BEV,9,2026-07-31
14414,2022,PHEV,1,2026-07-31
14414,2023,BEV,6,2026-07-31
14414,2023,PHEV,4,2026-07-31
14414,2024,BEV,3,2026-07-31
14414,2024,PHEV,5,2026-07-31
14414,2025,BEV,15,2026-07-31
14414,2025,PHEV,6,2026-07-31
14416,2018,PHEV,2,2026-07-31
14416,2019,BEV,1,2026-07-31
14416,2019,PHEV,2,2026-07-31
14416,2021,BEV,3,2026-07-31
14416,2021,PHEV,2,2026-07-31
14416,2022,BEV,1,2026-07-31
14416,2023,BEV,3,2026-07-31
14416,2023,PHEV,2,2026-07-31
14416,2024,BEV,2,2026-07-31
14416,2024,PHEV,5,2026-07-31
14416,2025,BEV,8,2026-07-31
14416,2025,PHEV,2,2026-07-31
14416,2026,BEV,1,2026-07-31
14416,2026,PHEV,1,2026-07-31
14418,2018,BEV,1,2026-07-31
14418,2020,PHEV,1,2026-07-31
14418,2021,BEV,1,2026-07-31
14418,2021,PHEV,1,2026-07-31
14418,2022,PHEV,1,2026-07-31
14420,2017,BEV,3,2026-07-31
14420,2017,PHEV,3,2026-07-31
14420,2018,BEV,7,2026-07-31
14420,2018,PHEV,10,2026-07-31
14420,2019,BEV,2,2026-07-31
14420,2019,PHEV,4,2026-07-31
14420,2020,BEV,8,2026-07-31
14420,2020,PHEV,6,2026-07-31
14420,2021,BEV,10,2026-07-31
14420,2021,PHEV,18,2026-07-31
14420,2022,BEV,11,2026-07-31
14420,2022,PHEV,5,2026-07-31
14420,2023,BEV,16,2026-07-31
14420,2023,PHEV,8,2026-07-31
14420,2024,BEV,28,2026-07-31
14420,2024,PHEV,13,2026-07-31
14420,2025,BEV,31,2026-07-31
14420,2025,PHEV,13,2026-07-31
14420,2026,BEV,18,2026-07-31
14422,2018,PHEV,2,2026-07-31
14422,2019,PHEV,1,2026-07-31
14422,2020,PHEV,1,2026-07-31
14422,2021,PHEV,1,2026-07-31
14422,2022,BEV,2,2026-07-31
14422,2022,PHEV,3,2026-07-31
14422,2023,BEV,2,2026-07-31
14422,2023,PHEV,3,2026-07-31
14422,2024,BEV,2,2026-07-31
14422,2024,PHEV,3,2026-07-31
14422,2025,BEV,4,2026-07-31
14422,2026,PHEV,1,2026-07-31
14423,2019,BEV,1,2026-07-31
14423,2020,BEV,1,2026-07-31
14423,2020,PHEV,2,2026-07-31
14423,2021,BEV,3,2026-07-31
14423,2021,PHEV,3,2026-07-31
14423,2022,BEV,2,2026-07-31
14423,2022,PHEV,2,2026-07-31
14423,2023,BEV,1,2026-07-31
14423,2023,PHEV,2,2026-07-31
14423,2024,BEV,2,2026-07-31
14423,2024,PHEV,1,2026-07-31
14423,2025,BEV,2,2026-07-31
14423,2026,BEV,1,2026-07-31
14423,2026,PHEV,2,2026-07-31
14424,2017,BEV,6,2026-07-31
14424,2017,PHEV,11,2026-07-31
14424,2018,BEV,3,2026-07-31
14424,2018,PHEV,16,2026-07-31
14424,2019,BEV,7,2026-07-31
14424,2019,PHEV,6,2026-07-31
14424,2020,BEV,20,2026-07-31
14424,2020,PHEV,4,2026-07-31
14424,2021,BEV,37,2026-07-31
14424,2021,PHEV,37,2026-07-31
14424,2022,BEV,49,2026-07-31
14424,2022,PHEV,43,2026-07-31
14424,2023,BEV,40,2026-07-31
14424,2023,PHEV,34,2026-07-31
14424,2024,BEV,40,2026-07-31
14424,2024,PHEV,47,2026-07-31
14424,2025,BEV,54,2026-07-31
14424,2025,PHEV,26,2026-07-31
14424,2026,BEV,22,2026-07-31
14424,2026,PHEV,4,2026-07-31
14425,2017,BEV,2,2026-07-31
14425,2017,PHEV,3,2026-07-31
14425,2018,BEV,2,2026-07-31
14425,2018,PHEV,10,2026-07-31
14425,2019,BEV,2,2026-07-31
14425,2019,PHEV,7,2026-07-31
14425,2020,BEV,6,2026-07-31
14425,2020,PHEV,6,2026-07-31
14425,2021,BEV,8,2026-07-31
14425,2021,PHEV,15,2026-07-31
14425,2022,BEV,7,2026-07-31
14425,2022,PHEV,9,2026-07-31
14425,2023,BEV,23,2026-07-31
14425,2023,PHEV,13,2026-07-31
14425,2024,BEV,27,2026-07-31
14425,2024,PHEV,22,2026-07-31
14425,2025,BEV,36,2026-07-31
14425,2025,PHEV,11,2026-07-31
14425,2026,BEV,8,2026-07-31
14425,2026,PHEV,5,2026-07-31
14427,2020,BEV,2,2026-07-31
14427,2022,BEV,2,2026-07-31
14427,2022,PHEV,2,2026-07-31
14427,2023,PHEV,2,2026-07-31
14427,2024,BEV,1,2026-07-31
14427,2024,PHEV,3,2026-07-31
14427,2025,BEV,1,2026-07-31
14427,2025,PHEV,3,2026-07-31
14427,2026,BEV,2,2026-07-31
14428,2017,PHEV,4,2026-07-31
14428,2018,BEV,2,2026-07-31
14428,2018,PHEV,2,2026-07-31
14428,2019,PHEV,3,2026-07-31
14428,2020,BEV,4,2026-07-31
14428,2020,PHEV,3,2026-07-31
14428,2021,BEV,7,2026-07-31
14428,2021,PHEV,10,2026-07-31
14428,2022,BEV,9,2026-07-31
14428,2022,PHEV,7,2026-07-31
14428,2023,BEV,13,2026-07-31
14428,2023,PHEV,10,2026-07-31
14428,2024,BEV,20,2026-07-31
14428,2024,PHEV,6,2026-07-31
14428,2025,BEV,27,2026-07-31
14428,2025,PHEV,7,2026-07-31
14428,2026,BEV,6,2026-07-31
14428,2026,PHEV,1,2026-07-31
14432,2017,PHEV,1,2026-07-31
14432,2018,PHEV,3,2026-07-31
14432,2019,BEV,4,2026-07-31
14432,2020,BEV,1,2026-07-31
14432,2021,BEV,2,2026-07-31
14432,2021,PHEV,4,2026-07-31
14432,2022,BEV,3,2026-07-31
14432,2022,PHEV,3,2026-07-31
14432,2023,BEV,5,2026-07-31
14432,2023,PHEV,10,2026-07-31
14432,2024,BEV,4,2026-07-31
14432,2024,PHEV,2,2026-07-31
14432,2025,BEV,9,2026-07-31
14432,2026,BEV,5,2026-07-31
14432,2026,PHEV,1,2026-07-31
14433,2021,BEV,1,2026-07-31
14433,2021,PHEV,2,2026-07-31
14433,2022,BEV,1,2026-07-31
14433,2022,PHEV,1,2026-07-31
14433,2023,BEV,1,2026-07-31
14433,2023,PHEV,2,2026-07-31
14433,2024,BEV,1,2026-07-31
14433,2025,BEV,2,2026-07-31
14433,2026,BEV,1,2026-07-31
14433,2026,PHEV,1,2026-07-31
14435,2017,PHEV,2,2026-07-31
14435,2018,BEV,5,2026-07-31
14435,2018,PHEV,1,2026-07-31
14435,2019,PHEV,1,2026-07-31
14435,2020,BEV,1,2026-07-31
14435,2020,PHEV,2,2026-07-31
14435,2021,BEV,2,2026-07-31
14435,2021,PHEV,3,2026-07-31
14435,2022,BEV,3,2026-07-31
14435,2022,PHEV,1,2026-07-31
14435,2023,BEV,2,2026-07-31
14435,2023,PHEV,3,2026-07-31
14435,2024,BEV,5,2026-07-31
14435,2024,PHEV,4,2026-07-31
14435,2025,BEV,4,2026-07-31
14435,2025,PHEV,3,2026-07-31
14435,2026,BEV,1,2026-07-31
14437,2017,BEV,1,2026-07-31
14437,2018,BEV,2,2026-07-31
14437,2019,PHEV,3,2026-07-31
14437,2020,BEV,2,2026-07-31
14437,2020,PHEV,1,2026-07-31
14437,2021,BEV,1,2026-07-31
14437,2021,PHEV,2,2026-07-31
14437,2022,BEV,1,2026-07-31
14437,2022,PHEV,8,2026-07-31
14437,2023,BEV,1,2026-07-31
14437,2023,PHEV,9,2026-07-31
14437,2024,BEV,5,2026-07-31
14437,2024,PHEV,6,2026-07-31
14437,2025,BEV,6,2026-07-31
14445,2017,BEV,1,2026-07-31
14445,2017,PHEV,2,2026-07-31
14445,2018,PHEV,6,2026-07-31
14445,2019,BEV,1,2026-07-31
14445,2019,PHEV,4,2026-07-31
14445,2020,PHEV,2,2026-07-31
14445,2021,BEV,11,2026-07-31
14445,2021,PHEV,7,2026-07-31
14445,2022,BEV,4,2026-07-31
14445,2022,PHEV,4,2026-07-31
14445,2023,BEV,5,2026-07-31
14445,2023,PHEV,7,2026-07-31
14445,2024,BEV,13,2026-07-31
14445,2024,PHEV,10,2026-07-31
14445,2025,BEV,14,2026-07-31
14445,2025,PHEV,7,2026-07-31
14445,2026,BEV,5,2026-07-31
14450,2017,BEV,16,2026-07-31
14450,2017,PHEV,28,2026-07-31
14450,2018,BEV,15,2026-07-31
14450,2018,PHEV,68,2026-07-31
14450,2019,BEV,21,2026-07-31
14450,2019,PHEV,39,2026-07-31
14450,2020,BEV,41,2026-07-31
14450,2020,PHEV,17,2026-07-31
14450,2021,BEV,76,2026-07-31
14450,2021,PHEV,81,2026-07-31
14450,2022,BEV,84,2026-07-31
14450,2022,PHEV,72,2026-07-31
14450,2023,BEV,116,2026-07-31
14450,2023,PHEV,67,2026-07-31
14450,2024,BEV,138,2026-07-31
14450,2024,PHEV,97,2026-07-31
14450,2025,BEV,200,2026-07-31
14450,2025,PHEV,89,2026-07-31
14450,2026,BEV,69,2026-07-31
14450,2026,PHEV,22,2026-07-31
14454,2018,BEV,1,2026-07-31
14454,2018,PHEV,8,2026-07-31
14454,2019,BEV,1,2026-07-31
14454,2019,PHEV,2,2026-07-31
14454,2020,BEV,4,2026-07-31
14454,2020,PHEV,2,2026-07-31
14454,2021,BEV,4,2026-07-31
14454,2021,PHEV,8,2026-07-31
14454,2022,BEV,7,2026-07-31
14454,2022,PHEV,3,2026-07-31
14454,2023,BEV,4,2026-07-31
14454,2023,PHEV,2,2026-07-31
14454,2024,BEV,6,2026-07-31
14454,2024,PHEV,12,2026-07-31
14454,2025,BEV,14,2026-07-31
14454,2025,PHEV,7,2026-07-31
14454,2026,BEV,2,2026-07-31
14454,2026,PHEV,1,2026-07-31
14456,2017,PHEV,8,2026-07-31
14456,2018,BEV,3,2026-07-31
14456,2018,PHEV,2,2026-07-31
14456,2019,BEV,2,2026-07-31
14456,2019,PHEV,5,2026-07-31
14456,2020,BEV,5,2026-07-31
14456,2020,PHEV,5,2026-07-31
14456,2021,BEV,5,2026-07-31
14456,2021,PHEV,17,2026-07-31
14456,2022,BEV,4,2026-07-31
14456,2022,PHEV,7,2026-07-31
14456,2023,BEV,11,2026-07-31
14456,2023,PHEV,18,2026-07-31
14456,2024,BEV,14,2026-07-31
14456,2024,PHEV,18,2026-07-31
14456,2025,BEV,20,2026-07-31
14456,2025,PHEV,8,2026-07-31
14456,2026,BEV,9,2026-07-31
14456,2026,PHEV,4,2026-07-31
14462,2022,PHEV,1,2026-07-31
14464,2017,BEV,1,2026-07-31
14464,2017,PHEV,1,2026-07-31
14464,2018,PHEV,1,2026-07-31
14464,2019,BEV,1,2026-07-31
14464,2019,PHEV,2,2026-07-31
14464,2020,BEV,1,2026-07-31
14464,2020,PHEV,2,2026-07-31
14464,2021,BEV,1,2026-07-31
14464,2021,PHEV,3,2026-07-31
14464,2022,BEV,2,2026-07-31
14464,2022,PHEV,2,2026-07-31
14464,2023,BEV,2,2026-07-31
14464,2023,PHEV,5,2026-07-31
14464,2024,BEV,7,2026-07-31
14464,2024,PHEV,2,2026-07-31
14464,2025,BEV,8,2026-07-31
14464,2025,PHEV,2,2026-07-31
14464,2026,BEV,2,2026-07-31
14464,2026,PHEV,2,2026-07-31
14466,2019,PHEV,1,2026-07-31
14466,2021,BEV,1,2026-07-31
14466,2021,PHEV,1,2026-07-31
14466,2022,PHEV,1,2026-07-31
14466,2023,BEV,2,2026-07-31
14466,2023,PHEV,4,2026-07-31
14466,2024,BEV,2,2026-07-31
14466,2024,PHEV,1,2026-07-31
14466,2025,BEV,1,2026-07-31
14466,2025,PHEV,2,2026-07-31
14466,2026,BEV,1,2026-07-31
14467,2017,BEV,2,2026-07-31
14467,2017,PHEV,1,2026-07-31
14467,2018,BEV,3,2026-07-31
14467,2018,PHEV,6,2026-07-31
14467,2019,BEV,2,2026-07-31
14467,2019,PHEV,9,2026-07-31
14467,2020,BEV,6,2026-07-31
14467,2020,PHEV,6,2026-07-31
14467,2021,BEV,10,2026-07-31
14467,2021,PHEV,9,2026-07-31
14467,2022,BEV,15,2026-07-31
14467,2022,PHEV,8,2026-07-31
14467,2023,BEV,13,2026-07-31
14467,2023,PHEV,7,2026-07-31
14467,2024,BEV,25,2026-07-31
14467,2024,PHEV,24,2026-07-31
14467,2025,BEV,27,2026-07-31
14467,2025,PHEV,17,2026-07-31
14467,2026,BEV,7,2026-07-31
14467,2026,PHEV,5,2026-07-31
14468,2017,PHEV,3,2026-07-31
14468,2018,BEV,2,2026-07-31
14468,2018,PHEV,8,2026-07-31
14468,2019,BEV,8,2026-07-31
14468,2019,PHEV,3,2026-07-31
14468,2020,BEV,4,2026-07-31
14468,2020,PHEV,6,2026-07-31
14468,2021,BEV,17,2026-07-31
14468,2021,PHEV,11,2026-07-31
14468,2022,BEV,22,2026-07-31
14468,2022,PHEV,17,2026-07-31
14468,2023,BEV,17,2026-07-31
14468,2023,PHEV,22,2026-07-31
14468,2024,BEV,25,2026-07-31
14468,2024,PHEV,20,2026-07-31
14468,2025,BEV,48,2026-07-31
14468,2025,PHEV,17,2026-07-31
14468,2026,BEV,12,2026-07-31
14468,2026,PHEV,1,2026-07-31
14469,2017,BEV,1,2026-07-31
14469,2018,BEV,2,2026-07-31
14469,2018,PHEV,1,2026-07-31
14469,2019,BEV,1,2026-07-31
14469,2019,PHEV,1,2026-07-31
14469,2020,BEV,2,2026-07-31
14469,2020,PHEV,2,2026-07-31
14469,2021,BEV,2,2026-07-31
14469,2021,PHEV,4,2026-07-31
14469,2022,BEV,3,2026-07-31
14469,2022,PHEV,5,2026-07-31
14469,2023,BEV,6,2026-07-31
14469,2023,PHEV,5,2026-07-31
14469,2024,BEV,10,2026-07-31
14469,2024,PHEV,10,2026-07-31
14469,2025,BEV,12,2026-07-31
14469,2025,PHEV,3,2026-07-31
14469,2026,BEV,7,2026-07-31
14469,2026,PHEV,1,2026-07-31
14470,2017,BEV,1,2026-07-31
14470,2017,PHEV,2,2026-07-31
14470,2018,BEV,2,2026-07-31
14470,2018,PHEV,1,2026-07-31
14470,2019,PHEV,1,2026-07-31
14470,2020,PHEV,2,2026-07-31
14470,2021,BEV,2,2026-07-31
14470,2021,PHEV,2,2026-07-31
14470,2022,BEV,1,2026-07-31
14470,2022,PHEV,1,2026-07-31
14470,2023,BEV,3,2026-07-31
14470,2023,PHEV,2,2026-07-31
14470,2024,BEV,2,2026-07-31
14470,2024,PHEV,11,2026-07-31
14470,2025,BEV,8,2026-07-31
14470,2025,PHEV,1,2026-07-31
14470,2026,BEV,5,2026-07-31
14471,2017,PHEV,2,2026-07-31
14471,2020,BEV,2,2026-07-31
14471,2021,BEV,6,2026-07-31
14471,2021,PHEV,5,2026-07-31
14471,2022,BEV,3,2026-07-31
14471,2022,PHEV,1,2026-07-31
14471,2023,BEV,3,2026-07-31
14471,2023,PHEV,5,2026-07-31
14471,2024,PHEV,2,2026-07-31
14471,2025,BEV,2,2026-07-31
14471,2025,PHEV,4,2026-07-31
14471,2026,BEV,1,2026-07-31
14472,2017,BEV,5,2026-07-31
14472,2017,PHEV,6,2026-07-31
14472,2018,BEV,6,2026-07-31
14472,2018,PHEV,13,2026-07-31
14472,2019,BEV,4,2026-07-31
14472,2019,PHEV,9,2026-07-31
14472,2020,BEV,12,2026-07-31
14472,2020,PHEV,6,2026-07-31
14472,2021,BEV,17,2026-07-31
14472,2021,PHEV,13,2026-07-31
14472,2022,BEV,29,2026-07-31
14472,2022,PHEV,10,2026-07-31
14472,2023,BEV,21,2026-07-31
14472,2023,PHEV,21,2026-07-31
14472,2024,BEV,23,2026-07-31
14472,2024,PHEV,22,2026-07-31
14472,2025,BEV,36,2026-07-31
14472,2025,PHEV,20,2026-07-31
14472,2026,BEV,10,2026-07-31
14472,2026,PHEV,5,2026-07-31
14475,2020,PHEV,1,2026-07-31
14475,2022,BEV,1,2026-07-31
14475,2023,BEV,2,2026-07-31
14475,2023,PHEV,2,2026-07-31
14475,2024,BEV,1,2026-07-31
14475,2025,BEV,1,2026-07-31
14475,2025,PHEV,1,2026-07-31
14476,2017,BEV,1,2026-07-31
14476,2020,PHEV,1,2026-07-31
14476,2021,BEV,2,2026-07-31
14476,2021,PHEV,1,2026-07-31
14476,2022,BEV,1,2026-07-31
14476,2022,PHEV,1,2026-07-31
14476,2023,BEV,1,2026-07-31
14476,2024,BEV,1,2026-07-31
14476,2024,PHEV,1,2026-07-31
14476,2025,BEV,2,2026-07-31
14476,2025,PHEV,1,2026-07-31
14477,2021,BEV,2,2026-07-31
14477,2021,PHEV,1,2026-07-31
14477,2022,BEV,1,2026-07-31
14477,2023,BEV,1,2026-07-31
14477,2024,BEV,2,2026-07-31
14477,2024,PHEV,1,2026-07-31
14477,2025,BEV,1,2026-07-31
14477,2026,BEV,1,2026-07-31
14478,2018,PHEV,1,2026-07-31
14478,2020,BEV,1,2026-07-31
14478,2020,PHEV,1,2026-07-31
14478,2021,PHEV,1,2026-07-31
14478,2022,PHEV,1,2026-07-31
14478,2023,BEV,2,2026-07-31
14478,2023,PHEV,2,2026-07-31
14478,2024,BEV,1,2026-07-31
14478,2024,PHEV,1,2026-07-31
14478,2025,BEV,2,2026-07-31
14480,2020,PHEV,1,2026-07-31
14480,2022,PHEV,1,2026-07-31
14480,2024,PHEV,3,2026-07-31
14481,2021,PHEV,1,2026-07-31
14481,2022,PHEV,1,2026-07-31
14481,2024,BEV,1,2026-07-31
14481,2024,PHEV,2,2026-07-31
14481,2025,BEV,1,2026-07-31
14481,2025,PHEV,1,2026-07-31
14482,2017,PHEV,1,2026-07-31
14482,2018,PHEV,3,2026-07-31
14482,2019,BEV,1,2026-07-31
14482,2019,PHEV,4,2026-07-31
14482,2020,BEV,2,2026-07-31
14482,2020,PHEV,1,2026-07-31
14482,2021,BEV,3,2026-07-31
14482,2021,PHEV,9,2026-07-31
14482,2022,BEV,4,2026-07-31
14482,2022,PHEV,8,2026-07-31
14482,2023,BEV,4,2026-07-31
14482,2023,PHEV,10,2026-07-31
14482,2024,BEV,6,2026-07-31
14482,2024,PHEV,7,2026-07-31
14482,2025,BEV,9,2026-07-31
14482,2025,PHEV,2,2026-07-31
14482,2026,BEV,1,2026-07-31
14482,2026,PHEV,1,2026-07-31
14485,2017,BEV,1,2026-07-31
14485,2018,BEV,1,2026-07-31
14485,2018,PHEV,2,2026-07-31
14485,2019,BEV,2,2026-07-31
14485,2020,BEV,2,2026-07-31
14485,2020,PHEV,2,2026-07-31
14485,2021,BEV,4,2026-07-31
14485,2021,PHEV,3,2026-07-31
14485,2022,BEV,2,2026-07-31
14485,2023,BEV,3,2026-07-31
14485,2023,PHEV,1,2026-07-31
14485,2024,BEV,4,2026-07-31
14485,2024,PHEV,4,2026-07-31
14485,2025,BEV,11,2026-07-31
14485,2025,PHEV,1,2026-07-31
14485,2026,BEV,1,2026-07-31
14485,2026,PHEV,1,2026-07-31
14486,2020,PHEV,1,2026-07-31
14486,2023,PHEV,1,2026-07-31
14487,2017,PHEV,2,2026-07-31
14487,2018,PHEV,1,2026-07-31
14487,2019,BEV,1,2026-07-31
14487,2019,PHEV,1,2026-07-31
14487,2020,BEV,2,2026-07-31
14487,2020,PHEV,2,2026-07-31
14487,2021,BEV,1,2026-07-31
14487,2021,PHEV,3,2026-07-31
14487,2022,BEV,5,2026-07-31
14487,2022,PHEV,1,2026-07-31
14487,2023,BEV,6,2026-07-31
14487,2023,PHEV,5,2026-07-31
14487,2024,BEV,6,2026-07-31
14487,2024,PHEV,12,2026-07-31
14487,2025,BEV,9,2026-07-31
14487,2025,PHEV,6,2026-07-31
14487,2026,BEV,3,2026-07-31
14487,2026,PHEV,2,2026-07-31
14489,2017,PHEV,1,2026-07-31
14489,2018,PHEV,1,2026-07-31
14489,2019,BEV,1,2026-07-31
14489,2019,PHEV,1,2026-07-31
14489,2020,BEV,2,2026-07-31
14489,2021,BEV,3,2026-07-31
14489,2021,PHEV,3,2026-07-31
14489,2022,BEV,3,2026-07-31
14489,2022,PHEV,2,2026-07-31
14489,2023,BEV,6,2026-07-31
14489,2023,PHEV,3,2026-07-31
14489,2024,PHEV,4,2026-07-31
14489,2025,BEV,7,2026-07-31
14489,2025,PHEV,2,2026-07-31
14489,2026,BEV,3,2026-07-31
14489,2026,PHEV,1,2026-07-31
14502,2017,BEV,2,2026-07-31
14502,2017,PHEV,2,2026-07-31
14502,2018,PHEV,9,2026-07-31
14502,2019,BEV,3,2026-07-31
14502,2019,PHEV,4,2026-07-31
14502,2020,BEV,6,2026-07-31
14502,2020,PHEV,5,2026-07-31
14502,2021,BEV,6,2026-07-31
14502,2021,PHEV,9,2026-07-31
14502,2022,BEV,10,2026-07-31
14502,2022,PHEV,3,2026-07-31
14502,2023,BEV,15,2026-07-31
14502,2023,PHEV,16,2026-07-31
14502,2024,BEV,25,2026-07-31
14502,2024,PHEV,11,2026-07-31
14502,2025,BEV,29,2026-07-31
14502,2025,PHEV,9,2026-07-31
14502,2026,BEV,12,2026-07-31
14502,2026,PHEV,3,2026-07-31
14504,2021,PHEV,1,2026-07-31
14504,2022,PHEV,1,2026-07-31
14504,2023,PHEV,1,2026-07-31
14504,2024,BEV,4,2026-07-31
14504,2025,BEV,1,2026-07-31
14504,2025,PHEV,1,2026-07-31
14504,2026,BEV,1,2026-07-31
14505,2017,PHEV,2,2026-07-31
14505,2018,PHEV,1,2026-07-31
14505,2019,BEV,2,2026-07-31
14505,2020,PHEV,1,2026-07-31
14505,2021,BEV,1,2026-07-31
14505,2021,PHEV,3,2026-07-31
14505,2022,BEV,1,2026-07-31
14505,2022,PHEV,1,2026-07-31
14505,2023,BEV,1,2026-07-31
14505,2023,PHEV,3,2026-07-31
14505,2024,BEV,5,2026-07-31
14505,2024,PHEV,5,2026-07-31
14505,2025,BEV,5,2026-07-31
14505,2025,PHEV,1,2026-07-31
14505,2026,BEV,2,2026-07-31
14506,2017,PHEV,1,2026-07-31
14506,2018,PHEV,2,2026-07-31
14506,2019,PHEV,1,2026-07-31
14506,2020,BEV,2,2026-07-31
14506,2021,BEV,2,2026-07-31
14506,2021,PHEV,3,2026-07-31
14506,2022,PHEV,2,2026-07-31
14506,2023,BEV,4,2026-07-31
14506,2023,PHEV,4,2026-07-31
14506,2024,BEV,5,2026-07-31
14506,2024,PHEV,4,2026-07-31
14506,2025,BEV,2,2026-07-31
14506,2025,PHEV,2,2026-07-31
14506,2026,PHEV,1,2026-07-31
14507,2021,BEV,2,2026-07-31
14507,2021,PHEV,1,2026-07-31
14507,2023,PHEV,1,2026-07-31
14507,2024,BEV,2,2026-07-31
14510,2018,PHEV,1,2026-07-31
14510,2019,PHEV,1,2026-07-31
14510,2020,BEV,1,2026-07-31
14510,2021,BEV,1,2026-07-31
14510,2022,BEV,1,2026-07-31
14510,2023,BEV,3,2026-07-31
14510,2023,PHEV,3,2026-07-31
14510,2024,PHEV,2,2026-07-31
14510,2025,BEV,2,2026-07-31
14510,2025,PHEV,2,2026-07-31
14510,2026,BEV,2,2026-07-31
14511,2017,BEV,1,2026-07-31
14511,2018,PHEV,1,2026-07-31
14511,2023,PHEV,1,2026-07-31
14511,2024,PHEV,1,2026-07-31
14511,2025,BEV,2,2026-07-31
14511,2025,PHEV,1,2026-07-31
14512,2018,BEV,1,2026-07-31
14512,2018,PHEV,3,2026-07-31
14512,2019,PHEV,1,2026-07-31
14512,2020,BEV,3,2026-07-31
14512,2020,PHEV,1,2026-07-31
14512,2021,BEV,5,2026-07-31
14512,2021,PHEV,2,2026-07-31
14512,2022,BEV,5,2026-07-31
14512,2022,PHEV,2,2026-07-31
14512,2023,BEV,9,2026-07-31
14512,2023,PHEV,10,2026-07-31
14512,2024,BEV,8,2026-07-31
14512,2024,PHEV,6,2026-07-31
14512,2025,BEV,5,2026-07-31
14512,2025,PHEV,6,2026-07-31
14512,2026,BEV,4,2026-07-31
14512,2026,PHEV,1,2026-07-31
14513,2017,PHEV,1,2026-07-31
14513,2018,PHEV,2,2026-07-31
14513,2019,PHEV,2,2026-07-31
14513,2020,BEV,3,2026-07-31
14513,2021,BEV,3,2026-07-31
14513,2021,PHEV,7,2026-07-31
14513,2022,BEV,6,2026-07-31
14513,2022,PHEV,4,2026-07-31
14513,2023,BEV,4,2026-07-31
14513,2023,PHEV,6,2026-07-31
14513,2024,BEV,7,2026-07-31
14513,2024,PHEV,8,2026-07-31
14513,2025,BEV,13,2026-07-31
14513,2025,PHEV,3,2026-07-31
14513,2026,BEV,8,2026-07-31
14513,2026,PHEV,2,2026-07-31
14514,2017,BEV,2,2026-07-31
14514,2017,PHEV,3,2026-07-31
14514,2019,BEV,2,2026-07-31
14514,2019,PHEV,2,2026-07-31
14514,2020,BEV,3,2026-07-31
14514,2020,PHEV,1,2026-07-31
14514,2021,BEV,5,2026-07-31
14514,2021,PHEV,4,2026-07-31
14514,2022,BEV,2,2026-07-31
14514,2023,BEV,11,2026-07-31
14514,2023,PHEV,7,2026-07-31
14514,2024,BEV,17,2026-07-31
14514,2024,PHEV,10,2026-07-31
14514,2025,BEV,23,2026-07-31
14514,2025,PHEV,7,2026-07-31
14514,2026,BEV,4,2026-07-31
14514,2026,PHEV,2,2026-07-31
14515,2024,BEV,1,2026-07-31
14516,2018,PHEV,1,2026-07-31
14516,2019,PHEV,1,2026-07-31
14516,2021,PHEV,1,2026-07-31
14516,2022,BEV,1,2026-07-31
14516,2022,PHEV,1,2026-07-31
14516,2023,BEV,1,2026-07-31
14516,2023,PHEV,1,2026-07-31
14516,2024,PHEV,2,2026-07-31
14516,2025,BEV,1,2026-07-31
14516,2025,PHEV,1,2026-07-31
14517,2019,PHEV,1,2026-07-31
14517,2021,BEV,1,2026-07-31
14517,2022,BEV,1,2026-07-31
14517,2023,BEV,3,2026-07-31
14517,2024,BEV,1,2026-07-31
14517,2024,PHEV,2,2026-07-31
14519,2017,BEV,1,2026-07-31
14519,2017,PHEV,3,2026-07-31
14519,2018,BEV,1,2026-07-31
14519,2018,PHEV,10,2026-07-31
14519,2019,BEV,2,2026-07-31
14519,2019,PHEV,3,2026-07-31
14519,2020,BEV,8,2026-07-31
14519,2020,PHEV,5,2026-07-31
14519,2021,BEV,12,2026-07-31
14519,2021,PHEV,15,2026-07-31
14519,2022,BEV,20,2026-07-31
14519,2022,PHEV,11,2026-07-31
14519,2023,BEV,25,2026-07-31
14519,2023,PHEV,24,2026-07-31
14519,2024,BEV,34,2026-07-31
14519,2024,PHEV,7,2026-07-31
14519,2025,BEV,34,2026-07-31
14519,2025,PHEV,8,2026-07-31
14519,2026,BEV,7,2026-07-31
14519,2026,PHEV,2,2026-07-31
14521,2017,BEV,1,2026-07-31
14521,2019,PHEV,2,2026-07-31
14521,2020,BEV,1,2026-07-31
14521,2021,BEV,1,2026-07-31
14521,2022,PHEV,2,2026-07-31
14521,2023,BEV,2,2026-07-31
14521,2024,BEV,3,2026-07-31
14521,2024,PHEV,5,2026-07-31
14521,2025,BEV,3,2026-07-31
14521,2025,PHEV,2,2026-07-31
14522,2017,PHEV,2,2026-07-31
14522,2018,PHEV,5,2026-07-31
14522,2020,BEV,5,2026-07-31
14522,2020,PHEV,1,2026-07-31
14522,2021,BEV,4,2026-07-31
14522,2021,PHEV,6,2026-07-31
14522,2022,BEV,3,2026-07-31
14522,2022,PHEV,3,2026-07-31
14522,2023,BEV,6,2026-07-31
14522,2023,PHEV,4,2026-07-31
14522,2024,BEV,14,2026-07-31
14522,2024,PHEV,4,2026-07-31
14522,2025,BEV,10,2026-07-31
14522,2025,PHEV,6,2026-07-31
14522,2026,BEV,3,2026-07-31
14522,2026,PHEV,2,2026-07-31
14525,2019,BEV,1,2026-07-31
14525,2021,BEV,3,2026-07-31
14525,2021,PHEV,4,2026-07-31
14525,2023,BEV,2,2026-07-31
14525,2023,PHEV,4,2026-07-31
14525,2024,BEV,2,2026-07-31
14525,2024,PHEV,3,2026-07-31
14525,2025,BEV,1,2026-07-31
14525,2025,PHEV,1,2026-07-31
14525,2026,BEV,1,2026-07-31
14525,2026,PHEV,1,2026-07-31
14526,2017,BEV,1,2026-07-31
14526,2017,PHEV,10,2026-07-31
14526,2018,BEV,3,2026-07-31
14526,2018,PHEV,20,2026-07-31
14526,2019,BEV,7,2026-07-31
14526,2019,PHEV,10,2026-07-31
14526,2020,BEV,17,2026-07-31
14526,2020,PHEV,10,2026-07-31
14526,2021,BEV,20,2026-07-31
14526,2021,PHEV,36,2026-07-31
14526,2022,BEV,48,2026-07-31
14526,2022,PHEV,25,2026-07-31
14526,2023,BEV,56,2026-07-31
14526,2023,PHEV,35,2026-07-31
14526,2024,BEV,63,2026-07-31
14526,2024,PHEV,31,2026-07-31
14526,2025,BEV,83,2026-07-31
14526,2025,PHEV,33,2026-07-31
14526,2026,BEV,24,2026-07-31
14526,2026,PHEV,8,2026-07-31
14527,2017,BEV,1,2026-07-31
14527,2017,PHEV,3,2026-07-31
14527,2018,PHEV,4,2026-07-31
14527,2019,BEV,1,2026-07-31
14527,2019,PHEV,1,2026-07-31
14527,2020,BEV,6,2026-07-31
14527,2020,PHEV,6,2026-07-31
14527,2021,BEV,7,2026-07-31
14527,2021,PHEV,8,2026-07-31
14527,2022,BEV,5,2026-07-31
14527,2022,PHEV,6,2026-07-31
14527,2023,BEV,8,2026-07-31
14527,2023,PHEV,10,2026-07-31
14527,2024,BEV,10,2026-07-31
14527,2024,PHEV,11,2026-07-31
14527,2025,BEV,3,2026-07-31
14527,2025,PHEV,5,2026-07-31
14527,2026,BEV,6,2026-07-31
14527,2026,PHEV,1,2026-07-31
14529,2019,PHEV,1,2026-07-31
14530,2019,BEV,1,2026-07-31
14530,2019,PHEV,2,2026-07-31
14530,2020,BEV,1,2026-07-31
14530,2021,BEV,3,2026-07-31
14530,2021,PHEV,1,2026-07-31
14530,2022,PHEV,1,2026-07-31
14530,2023,BEV,3,2026-07-31
14530,2023,PHEV,1,2026-07-31
14530,2024,BEV,2,2026-07-31
14530,2024,PHEV,1,2026-07-31
14530,2025,BEV,2,2026-07-31
14530,2025,PHEV,2,2026-07-31
14530,2026,BEV,2,2026-07-31
14532,2018,PHEV,4,2026-07-31
14532,2019,PHEV,1,2026-07-31
14532,2021,PHEV,4,2026-07-31
14532,2022,BEV,1,2026-07-31
14532,2022,PHEV,2,2026-07-31
14532,2023,BEV,2,2026-07-31
14532,2023,PHEV,5,2026-07-31
14532,2024,BEV,3,2026-07-31
14532,2024,PHEV,5,2026-07-31
14532,2025,BEV,1,2026-07-31
14532,2025,PHEV,3,2026-07-31
14532,2026,BEV,2,2026-07-31
14532,2026,PHEV,1,2026-07-31
14533,2020,PHEV,1,2026-07-31
14533,2021,PHEV,1,2026-07-31
14533,2023,PHEV,2,2026-07-31
14533,2024,BEV,2,2026-07-31
14533,2024,PHEV,3,2026-07-31
14533,2025,BEV,1,2026-07-31
14533,2025,PHEV,2,2026-07-31
14533,2026,BEV,1,2026-07-31
14534,2017,BEV,21,2026-07-31
14534,2017,PHEV,22,2026-07-31
14534,2018,BEV,17,2026-07-31
14534,2018,PHEV,53,2026-07-31
14534,2019,BEV,31,2026-07-31
14534,2019,PHEV,23,2026-07-31
14534,2020,BEV,66,2026-07-31
14534,2020,PHEV,26,2026-07-31
14534,2021,BEV,97,2026-07-31
14534,2021,PHEV,70,2026-07-31
14534,2022,BEV,170,2026-07-31
14534,2022,PHEV,63,2026-07-31
14534,2023,BEV,187,2026-07-31
14534,2023,PHEV,101,2026-07-31
14534,2024,BEV,157,2026-07-31
14534,2024,PHEV,129,2026-07-31
14534,2025,BEV,207,2026-07-31
14534,2025,PHEV,91,2026-07-31
14534,2026,BEV,77,2026-07-31
14534,2026,PHEV,41,2026-07-31
14536,2022,BEV,1,2026-07-31
14536,2024,BEV,1,2026-07-31
14536,2024,PHEV,1,2026-07-31
14541,2017,PHEV,1,2026-07-31
14541,2018,BEV,1,2026-07-31
14541,2020,BEV,1,2026-07-31
14541,2021,BEV,1,2026-07-31
14541,2021,PHEV,1,2026-07-31
14541,2022,BEV,2,2026-07-31
14541,2023,BEV,3,2026-07-31
14541,2023,PHEV,3,2026-07-31
14541,2024,BEV,3,2026-07-31
14541,2024,PHEV,1,2026-07-31
14541,2025,BEV,1,2026-07-31
14541,2025,PHEV,1,2026-07-31
14543,2017,PHEV,3,2026-07-31
14543,2018,BEV,2,2026-07-31
14543,2018,PHEV,3,2026-07-31
14543,2019,PHEV,2,2026-07-31
14543,2020,PHEV,3,2026-07-31
14543,2021,BEV,4,2026-07-31
14543,2021,PHEV,1,2026-07-31
14543,2022,BEV,4,2026-07-31
14543,2022,PHEV,4,2026-07-31
14543,2023,BEV,6,2026-07-31
14543,2023,PHEV,9,2026-07-31
14543,2024,BEV,4,2026-07-31
14543,2024,PHEV,5,2026-07-31
14543,2025,BEV,12,2026-07-31
14543,2025,PHEV,4,2026-07-31
14543,2026,BEV,1,2026-07-31
14543,2026,PHEV,1,2026-07-31
14544,2020,BEV,1,2026-07-31
14544,2022,BEV,1,2026-07-31
14544,2022,PHEV,2,2026-07-31
14544,2023,BEV,2,2026-07-31
14544,2023,PHEV,2,2026-07-31
14544,2024,PHEV,3,2026-07-31
14544,2025,BEV,4,2026-07-31
14544,2025,PHEV,2,2026-07-31
14544,2026,BEV,1,2026-07-31
14545,2025,BEV,2,2026-07-31
14546,2017,BEV,2,2026-07-31
14546,2017,PHEV,2,2026-07-31
14546,2018,BEV,1,2026-07-31
14546,2018,PHEV,1,2026-07-31
14546,2019,BEV,4,2026-07-31
14546,2019,PHEV,1,2026-07-31
14546,2020,PHEV,1,2026-07-31
14546,2021,BEV,6,2026-07-31
14546,2021,PHEV,5,2026-07-31
14546,2022,BEV,5,2026-07-31
14546,2022,PHEV,2,2026-07-31
14546,2023,BEV,5,2026-07-31
14546,2023,PHEV,4,2026-07-31
14546,2024,BEV,7,2026-07-31
14546,2024,PHEV,6,2026-07-31
14546,2025,BEV,4,2026-07-31
14546,2025,PHEV,1,2026-07-31
14546,2026,BEV,1,2026-07-31
14548,2021,BEV,1,2026-07-31
14548,2022,BEV,2,2026-07-31
14548,2023,BEV,1,2026-07-31
14548,2023,PHEV,2,2026-07-31
14548,2024,BEV,1,2026-07-31
14548,2024,PHEV,2,2026-07-31
14548,2025,BEV,2,2026-07-31
14548,2026,BEV,1,2026-07-31
14549,2019,BEV,1,2026-07-31
14549,2022,BEV,1,2026-07-31
14549,2025,BEV,1,2026-07-31
14550,2018,BEV,1,2026-07-31
14550,2021,PHEV,1,2026-07-31
14550,2022,PHEV,3,2026-07-31
14550,2023,PHEV,1,2026-07-31
14550,2024,PHEV,3,2026-07-31
14550,2026,BEV,1,2026-07-31
14550,2026,PHEV,2,2026-07-31
14551,2017,PHEV,1,2026-07-31
14551,2018,PHEV,2,2026-07-31
14551,2019,BEV,1,2026-07-31
14551,2020,BEV,1,2026-07-31
14551,2021,BEV,3,2026-07-31
14551,2021,PHEV,1,2026-07-31
14551,2022,BEV,4,2026-07-31
14551,2023,BEV,3,2026-07-31
14551,2023,PHEV,3,2026-07-31
14551,2024,BEV,4,2026-07-31
14551,2024,PHEV,1,2026-07-31
14551,2025,BEV,1,2026-07-31
14551,2025,PHEV,2,2026-07-31
14551,2026,BEV,2,2026-07-31
14551,2026,PHEV,2,2026-07-31
14555,2022,BEV,2,2026-07-31
14555,2022,PHEV,1,2026-07-31
14555,2024,BEV,1,2026-07-31
14555,2025,BEV,5,2026-07-31
14555,2026,BEV,1,2026-07-31
14559,2017,BEV,4,2026-07-31
14559,2017,PHEV,4,2026-07-31
14559,2018,BEV,1,2026-07-31
14559,2018,PHEV,9,2026-07-31
14559,2019,BEV,3,2026-07-31
14559,2019,PHEV,7,2026-07-31
14559,2020,BEV,13,2026-07-31
14559,2020,PHEV,4,2026-07-31
14559,2021,BEV,19,2026-07-31
14559,2021,PHEV,18,2026-07-31
14559,2022,BEV,27,2026-07-31
14559,2022,PHEV,14,2026-07-31
14559,2023,BEV,19,2026-07-31
14559,2023,PHEV,15,2026-07-31
14559,2024,BEV,22,2026-07-31
14559,2024,PHEV,28,2026-07-31
14559,2025,BEV,42,2026-07-31
14559,2025,PHEV,15,2026-07-31
14559,2026,BEV,11,2026-07-31
14559,2026,PHEV,1,2026-07-31
14560,2017,BEV,1,2026-07-31
14560,2017,PHEV,1,2026-07-31
14560,2018,BEV,1,2026-07-31
14560,2021,BEV,1,2026-07-31
14560,2021,PHEV,1,2026-07-31
14560,2022,PHEV,1,2026-07-31
14560,2023,BEV,1,2026-07-31
14560,2023,PHEV,1,2026-07-31
14560,2024,BEV,1,2026-07-31
14560,2024,PHEV,1,2026-07-31
14560,2025,BEV,3,2026-07-31
14560,2025,PHEV,1,2026-07-31
14560,2026,BEV,1,2026-07-31
14561,2017,PHEV,1,2026-07-31
14561,2018,PHEV,2,2026-07-31
14561,2020,PHEV,1,2026-07-31
14561,2021,BEV,1,2026-07-31
14561,2021,PHEV,1,2026-07-31
14561,2022,BEV,1,2026-07-31
14561,2022,PHEV,3,2026-07-31
14561,2023,PHEV,2,2026-07-31
14561,2024,BEV,2,2026-07-31
14561,2024,PHEV,2,2026-07-31
14561,2025,BEV,4,2026-07-31
14561,2026,PHEV,2,2026-07-31
14564,2017,BEV,7,2026-07-31
14564,2017,PHEV,10,2026-07-31
14564,2018,BEV,8,2026-07-31
14564,2018,PHEV,23,2026-07-31
14564,2019,BEV,10,2026-07-31
14564,2019,PHEV,9,2026-07-31
14564,2020,BEV,28,2026-07-31
14564,2020,PHEV,12,2026-07-31
14564,2021,BEV,32,2026-07-31
14564,2021,PHEV,32,2026-07-31
14564,2022,BEV,67,2026-07-31
14564,2022,PHEV,21,2026-07-31
14564,2023,BEV,57,2026-07-31
14564,2023,PHEV,40,2026-07-31
14564,2024,BEV,48,2026-07-31
14564,2024,PHEV,44,2026-07-31
14564,2025,BEV,72,2026-07-31
14564,2025,PHEV,30,2026-07-31
14564,2026,BEV,26,2026-07-31
14564,2026,PHEV,10,2026-07-31
14568,2017,PHEV,2,2026-07-31
14568,2018,BEV,2,2026-07-31
14568,2018,PHEV,4,2026-07-31
14568,2019,BEV,1,2026-07-31
14568,2019,PHEV,1,2026-07-31
14568,2020,BEV,6,2026-07-31
14568,2020,PHEV,1,2026-07-31
14568,2021,BEV,7,2026-07-31
14568,2021,PHEV,8,2026-07-31
14568,2022,BEV,3,2026-07-31
14568,2022,PHEV,3,2026-07-31
14568,2023,BEV,7,2026-07-31
14568,2023,PHEV,2,2026-07-31
14568,2024,BEV,9,2026-07-31
14568,2024,PHEV,8,2026-07-31
14568,2025,BEV,11,2026-07-31
14568,2025,PHEV,5,2026-07-31
14568,2026,BEV,3,2026-07-31
14569,2017,PHEV,1,2026-07-31
14569,2018,PHEV,2,2026-07-31
14569,2019,PHEV,2,2026-07-31
14569,2020,PHEV,1,2026-07-31
14569,2021,BEV,2,2026-07-31
14569,2021,PHEV,5,2026-07-31
14569,2022,BEV,2,2026-07-31
14569,2023,BEV,1,2026-07-31
14569,2023,PHEV,2,2026-07-31
14569,2024,BEV,4,2026-07-31
14569,2024,PHEV,6,2026-07-31
14569,2025,BEV,3,2026-07-31
14569,2025,PHEV,2,2026-07-31
14569,2026,BEV,2,2026-07-31
14571,2017,PHEV,1,2026-07-31
14571,2018,BEV,1,2026-07-31
14571,2018,PHEV,1,2026-07-31
14571,2019,PHEV,2,2026-07-31
14571,2021,BEV,1,2026-07-31
14571,2021,PHEV,2,2026-07-31
14572,2017,PHEV,2,2026-07-31
14572,2018,PHEV,1,2026-07-31
14572,2019,PHEV,1,2026-07-31
14572,2021,BEV,2,2026-07-31
14572,2021,PHEV,2,2026-07-31
14572,2022,BEV,1,2026-07-31
14572,2022,PHEV,1,2026-07-31
14572,2023,BEV,2,2026-07-31
14572,2023,PHEV,5,2026-07-31
14572,2024,BEV,3,2026-07-31
14572,2024,PHEV,1,2026-07-31
14572,2025,BEV,3,2026-07-31
14572,2025,PHEV,2,2026-07-31
14580,2017,BEV,8,2026-07-31
14580,2017,PHEV,16,2026-07-31
14580,2018,BEV,7,2026-07-31
14580,2018,PHEV,43,2026-07-31
14580,2019,BEV,21,2026-07-31
14580,2019,PHEV,26,2026-07-31
14580,2020,BEV,29,2026-07-31
14580,2020,PHEV,15,2026-07-31
14580,2021,BEV,63,2026-07-31
14580,2021,PHEV,59,2026-07-31
14580,2022,BEV,82,2026-07-31
14580,2022,PHEV,37,2026-07-31
14580,2023,BEV,100,2026-07-31
14580,2023,PHEV,104,2026-07-31
14580,2024,BEV,136,2026-07-31
14580,2024,PHEV,104,2026-07-31
14580,2025,BEV,151,2026-07-31
14580,2025,PHEV,94,2026-07-31
14580,2026,BEV,63,2026-07-31
14580,2026,PHEV,19,2026-07-31
14586,2017,BEV,3,2026-07-31
14586,2017,PHEV,1,2026-07-31
14586,2018,BEV,1,2026-07-31
14586,2018,PHEV,13,2026-07-31
14586,2019,BEV,1,2026-07-31
14586,2019,PHEV,5,2026-07-31
14586,2020,BEV,13,2026-07-31
14586,2020,PHEV,5,2026-07-31
14586,2021,BEV,11,2026-07-31
14586,2021,PHEV,11,2026-07-31
14586,2022,BEV,19,2026-07-31
14586,2022,PHEV,20,2026-07-31
14586,2023,BEV,32,2026-07-31
14586,2023,PHEV,15,2026-07-31
14586,2024,BEV,30,2026-07-31
14586,2024,PHEV,12,2026-07-31
14586,2025,BEV,59,2026-07-31
14586,2025,PHEV,24,2026-07-31
14586,2026,BEV,22,2026-07-31
14586,2026,PHEV,4,2026-07-31
14588,2022,BEV,1,2026-07-31
14589,2017,PHEV,2,2026-07-31
14589,2018,PHEV,1,2026-07-31
14589,2019,BEV,4,2026-07-31
14589,2019,PHEV,4,2026-07-31
14589,2020,BEV,4,2026-07-31
14589,2021,BEV,2,2026-07-31
14589,2021,PHEV,5,2026-07-31
14589,2022,BEV,5,2026-07-31
14589,2022,PHEV,2,2026-07-31
14589,2023,BEV,3,2026-07-31
14589,2023,PHEV,6,2026-07-31
14589,2024,BEV,6,2026-07-31
14589,2024,PHEV,13,2026-07-31
14589,2025,BEV,8,2026-07-31
14589,2025,PHEV,5,2026-07-31
14589,2026,BEV,5,2026-07-31
14590,2018,PHEV,1,2026-07-31
14590,2019,PHEV,1,2026-07-31
14590,2020,PHEV,1,2026-07-31
14590,2021,BEV,1,2026-07-31
14590,2022,BEV,2,2026-07-31
14590,2023,BEV,6,2026-07-31
14590,2023,PHEV,1,2026-07-31
14590,2024,BEV,2,2026-07-31
14590,2024,PHEV,2,2026-07-31
14590,2025,BEV,1,2026-07-31
14590,2025,PHEV,1,2026-07-31
14590,2026,BEV,2,2026-07-31
14591,2017,PHEV,1,2026-07-31
14591,2018,PHEV,1,2026-07-31
14591,2020,PHEV,1,2026-07-31
14591,2022,BEV,1,2026-07-31
14591,2022,PHEV,1,2026-07-31
14591,2023,PHEV,1,2026-07-31
14591,2024,BEV,1,2026-07-31
14591,2024,PHEV,2,2026-07-31
14591,2026,BEV,1,2026-07-31
14591,2026,PHEV,1,2026-07-31
14602,2023,PHEV,1,2026-07-31
14604,2017,PHEV,1,2026-07-31
14604,2018,PHEV,2,2026-07-31
14604,2019,PHEV,2,2026-07-31
14604,2020,BEV,2,2026-07-31
14604,2021,BEV,7,2026-07-31
14604,2021,PHEV,3,2026-07-31
14604,2022,BEV,9,2026-07-31
14604,2022,PHEV,4,2026-07-31
14604,2023,BEV,4,2026-07-31
14604,2023,PHEV,4,2026-07-31
14604,2024,BEV,4,2026-07-31
14604,2024,PHEV,3,2026-07-31
14604,2025,BEV,9,2026-07-31
14604,2025,PHEV,2,2026-07-31
14604,2026,BEV,4,2026-07-31
14605,2018,PHEV,2,2026-07-31
14605,2019,PHEV,1,2026-07-31
14605,2020,BEV,2,2026-07-31
14605,2020,PHEV,1,2026-07-31
14605,2021,BEV,1,2026-07-31
14605,2021,PHEV,2,2026-07-31
14605,2022,BEV,1,2026-07-31
14605,2022,PHEV,2,2026-07-31
14605,2023,BEV,1,2026-07-31
14605,2023,PHEV,2,2026-07-31
14605,2024,BEV,2,2026-07-31
14605,2024,PHEV,2,2026-07-31
14605,2025,BEV,4,2026-07-31
14606,2017,PHEV,3,2026-07-31
14606,2018,BEV,4,2026-07-31
14606,2018,PHEV,17,2026-07-31
14606,2019,BEV,4,2026-07-31
14606,2019,PHEV,5,2026-07-31
14606,2020,BEV,6,2026-07-31
14606,2020,PHEV,2,2026-07-31
14606,2021,BEV,12,2026-07-31
14606,2021,PHEV,11,2026-07-31
14606,2022,BEV,12,2026-07-31
14606,2022,PHEV,9,2026-07-31
14606,2023,BEV,18,2026-07-31
14606,2023,PHEV,12,2026-07-31
14606,2024,BEV,34,2026-07-31
14606,2024,PHEV,18,2026-07-31
14606,2025,BEV,49,2026-07-31
14606,2025,PHEV,14,2026-07-31
14606,2026,BEV,15,2026-07-31
14606,2026,PHEV,8,2026-07-31
14607,2017,BEV,5,2026-07-31
14607,2017,PHEV,7,2026-07-31
14607,2018,PHEV,21,2026-07-31
14607,2019,BEV,4,2026-07-31
14607,2019,PHEV,9,2026-07-31
14607,2020,BEV,13,2026-07-31
14607,2020,PHEV,7,2026-07-31
14607,2021,BEV,15,2026-07-31
14607,2021,PHEV,15,2026-07-31
14607,2022,BEV,24,2026-07-31
14607,2022,PHEV,10,2026-07-31
14607,2023,BEV,29,2026-07-31
14607,2023,PHEV,14,2026-07-31
14607,2024,BEV,22,2026-07-31
14607,2024,PHEV,11,2026-07-31
14607,2025,BEV,33,2026-07-31
14607,2025,PHEV,12,2026-07-31
14607,2026,BEV,9,2026-07-31
14607,2026,PHEV,4,2026-07-31
14608,2017,BEV,2,2026-07-31
14608,2017,PHEV,2,2026-07-31
14608,2018,PHEV,2,2026-07-31
14608,2019,BEV,1,2026-07-31
14608,2019,PHEV,2,2026-07-31
14608,2020,BEV,1,2026-07-31
14608,2020,PHEV,2,2026-07-31
14608,2021,BEV,5,2026-07-31
14608,2021,PHEV,7,2026-07-31
14608,2022,BEV,4,2026-07-31
14608,2022,PHEV,3,2026-07-31
14608,2023,BEV,4,2026-07-31
14608,2023,PHEV,9,2026-07-31
14608,2024,BEV,10,2026-07-31
14608,2024,PHEV,7,2026-07-31
14608,2025,BEV,8,2026-07-31
14608,2025,PHEV,2,2026-07-31
14608,2026,BEV,5,2026-07-31
14608,2026,PHEV,3,2026-07-31
14609,2017,BEV,9,2026-07-31
14609,2017,PHEV,7,2026-07-31
14609,2018,BEV,6,2026-07-31
14609,2018,PHEV,16,2026-07-31
14609,2019,BEV,7,2026-07-31
14609,2019,PHEV,8,2026-07-31
14609,2020,BEV,12,2026-07-31
14609,2020,PHEV,5,2026-07-31
14609,2021,BEV,22,2026-07-31
14609,2021,PHEV,17,2026-07-31
14609,2022,BEV,20,2026-07-31
14609,2022,PHEV,16,2026-07-31
14609,2023,BEV,36,2026-07-31
14609,2023,PHEV,27,2026-07-31
14609,2024,BEV,47,2026-07-31
14609,2024,PHEV,28,2026-07-31
14609,2025,BEV,56,2026-07-31
14609,2025,PHEV,20,2026-07-31
14609,2026,BEV,17,2026-07-31
14609,2026,PHEV,9,2026-07-31
14610,2017,BEV,7,2026-07-31
14610,2017,PHEV,11,2026-07-31
14610,2018,BEV,9,2026-07-31
14610,2018,PHEV,23,2026-07-31
14610,2019,BEV,4,2026-07-31
14610,2019,PHEV,13,2026-07-31
14610,2020,BEV,20,2026-07-31
14610,2020,PHEV,7,2026-07-31
14610,2021,BEV,31,2026-07-31
14610,2021,PHEV,26,2026-07-31
14610,2022,BEV,37,2026-07-31
14610,2022,PHEV,18,2026-07-31
14610,2023,BEV,49,2026-07-31
14610,2023,PHEV,37,2026-07-31
14610,2024,BEV,31,2026-07-31
14610,2024,PHEV,32,2026-07-31
14610,2025,BEV,57,2026-07-31
14610,2025,PHEV,37,2026-07-31
14610,2026,BEV,22,2026-07-31
14610,2026,PHEV,16,2026-07-31
14611,2017,PHEV,1,2026-07-31
14611,2018,BEV,2,2026-07-31
14611,2018,PHEV,2,2026-07-31
14611,2019,BEV,2,2026-07-31
14611,2020,BEV,3,2026-07-31
14611,2021,BEV,5,2026-07-31
14611,2021,PHEV,1,2026-07-31
14611,2022,PHEV,1,2026-07-31
14611,2023,BEV,4,2026-07-31
14611,2023,PHEV,1,2026-07-31
14611,2024,BEV,7,2026-07-31
14611,2024,PHEV,4,2026-07-31
14611,2025,BEV,9,2026-07-31
14611,2025,PHEV,1,2026-07-31
14611,2026,BEV,3,2026-07-31
14612,2017,BEV,3,2026-07-31
14612,2017,PHEV,17,2026-07-31
14612,2018,BEV,6,2026-07-31
14612,2018,PHEV,34,2026-07-31
14612,2019,BEV,10,2026-07-31
14612,2019,PHEV,11,2026-07-31
14612,2020,BEV,11,2026-07-31
14612,2020,PHEV,11,2026-07-31
14612,2021,BEV,27,2026-07-31
14612,2021,PHEV,27,2026-07-31
14612,2022,BEV,34,2026-07-31
14612,2022,PHEV,16,2026-07-31
14612,2023,BEV,36,2026-07-31
14612,2023,PHEV,30,2026-07-31
14612,2024,BEV,65,2026-07-31
14612,2024,PHEV,43,2026-07-31
14612,2025,BEV,83,2026-07-31
14612,2025,PHEV,25,2026-07-31
14612,2026,BEV,25,2026-07-31
14612,2026,PHEV,1,2026-07-31
14613,2018,PHEV,2,2026-07-31
14613,2019,BEV,1,2026-07-31
14613,2019,PHEV,5,2026-07-31
14613,2020,BEV,1,2026-07-31
14613,2022,BEV,2,2026-07-31
14613,2023,BEV,2,2026-07-31
14613,2023,PHEV,3,2026-07-31
14613,2024,BEV,5,2026-07-31
14613,2024,PHEV,2,2026-07-31
14613,2025,BEV,3,2026-07-31
14613,2025,PHEV,1,2026-07-31
14613,2026,BEV,2,2026-07-31
14613,2026,PHEV,2,2026-07-31
14614,2017,PHEV,1,2026-07-31
14614,2020,BEV,1,2026-07-31
14614,2021,BEV,3,2026-07-31
14614,2021,PHEV,1,2026-07-31
14614,2022,BEV,4,2026-07-31
14614,2022,PHEV,1,2026-07-31
14614,2023,BEV,3,2026-07-31
14614,2023,PHEV,1,2026-07-31
14614,2024,BEV,2,2026-07-31
14614,2024,PHEV,1,2026-07-31
14614,2025,BEV,1,2026-07-31
14614,2025,PHEV,2,2026-07-31
14614,2026,BEV,1,2026-07-31
14615,2017,BEV,1,2026-07-31
14615,2018,PHEV,3,2026-07-31
14615,2019,BEV,2,2026-07-31
14615,2020,BEV,1,2026-07-31
14615,2020,PHEV,5,2026-07-31
14615,2021,BEV,6,2026-07-31
14615,2021,PHEV,7,2026-07-31
14615,2022,BEV,5,2026-07-31
14615,2022,PHEV,2,2026-07-31
14615,2023,BEV,5,2026-07-31
14615,2023,PHEV,6,2026-07-31
14615,2024,BEV,9,2026-07-31
14615,2024,PHEV,4,2026-07-31
14615,2025,BEV,20,2026-07-31
14615,2025,PHEV,6,2026-07-31
14615,2026,BEV,10,2026-07-31
14615,2026,PHEV,2,2026-07-31
14616,2017,BEV,2,2026-07-31
14616,2017,PHEV,6,2026-07-31
14616,2018,BEV,2,2026-07-31
14616,2018,PHEV,21,2026-07-31
14616,2019,BEV,1,2026-07-31
14616,2019,PHEV,9,2026-07-31
14616,2020,BEV,1,2026-07-31
14616,2020,PHEV,6,2026-07-31
14616,2021,BEV,11,2026-07-31
14616,2021,PHEV,12,2026-07-31
14616,2022,BEV,15,2026-07-31
14616,2022,PHEV,7,2026-07-31
14616,2023,BEV,19,2026-07-31
14616,2023,PHEV,19,2026-07-31
14616,2024,BEV,35,2026-07-31
14616,2024,PHEV,25,2026-07-31
14616,2025,BEV,53,2026-07-31
14616,2025,PHEV,14,2026-07-31
14616,2026,BEV,14,2026-07-31
14616,2026,PHEV,2,2026-07-31
14617,2017,BEV,3,2026-07-31
14617,2017,PHEV,10,2026-07-31
14617,2018,BEV,4,2026-07-31
14617,2018,PHEV,20,2026-07-31
14617,2019,BEV,2,2026-07-31
14617,2019,PHEV,11,2026-07-31
14617,2020,BEV,11,2026-07-31
14617,2020,PHEV,9,2026-07-31
14617,2021,BEV,30,2026-07-31
14617,2021,PHEV,24,2026-07-31
14617,2022,BEV,17,2026-07-31
14617,2022,PHEV,10,2026-07-31
14617,2023,BEV,37,2026-07-31
14617,2023,PHEV,28,2026-07-31
14617,2024,BEV,49,2026-07-31
14617,2024,PHEV,39,2026-07-31
14617,2025,BEV,52,2026-07-31
14617,2025,PHEV,18,2026-07-31
14617,2026,BEV,27,2026-07-31
14617,2026,PHEV,7,2026-07-31
14618,2017,BEV,11,2026-07-31
14618,2017,PHEV,16,2026-07-31
14618,2018,BEV,12,2026-07-31
14618,2018,PHEV,39,2026-07-31
14618,2019,BEV,23,2026-07-31
14618,2019,PHEV,16,2026-07-31
14618,2020,BEV,36,2026-07-31
14618,2020,PHEV,31,2026-07-31
14618,2021,BEV,54,2026-07-31
14618,2021,PHEV,45,2026-07-31
14618,2022,BEV,65,2026-07-31
14618,2022,PHEV,41,2026-07-31
14618,2023,BEV,72,2026-07-31
14618,2023,PHEV,52,2026-07-31
14618,2024,BEV,77,2026-07-31
14618,2024,PHEV,58,2026-07-31
14618,2025,BEV,127,2026-07-31
14618,2025,PHEV,56,2026-07-31
14618,2026,BEV,33,2026-07-31
14618,2026,PHEV,19,2026-07-31
14619,2017,BEV,2,2026-07-31
14619,2017,PHEV,1,2026-07-31
14619,2018,PHEV,5,2026-07-31
14619,2019,BEV,1,2026-07-31
14619,2019,PHEV,3,2026-07-31
14619,2020,BEV,4,2026-07-31
14619,2021,BEV,5,2026-07-31
14619,2021,PHEV,7,2026-07-31
14619,2022,BEV,8,2026-07-31
14619,2022,PHEV,4,2026-07-31
14619,2023,BEV,9,2026-07-31
14619,2023,PHEV,3,2026-07-31
14619,2024,BEV,9,2026-07-31
14619,2024,PHEV,2,2026-07-31
14619,2025,BEV,20,2026-07-31
14619,2025,PHEV,9,2026-07-31
14619,2026,BEV,5,2026-07-31
14620,2017,BEV,5,2026-07-31
14620,2017,PHEV,11,2026-07-31
14620,2018,BEV,6,2026-07-31
14620,2018,PHEV,21,2026-07-31
14620,2019,BEV,15,2026-07-31
14620,2019,PHEV,11,2026-07-31
14620,2020,BEV,7,2026-07-31
14620,2020,PHEV,15,2026-07-31
14620,2021,BEV,21,2026-07-31
14620,2021,PHEV,39,2026-07-31
14620,2022,BEV,18,2026-07-31
14620,2022,PHEV,19,2026-07-31
14620,2023,BEV,50,2026-07-31
14620,2023,PHEV,26,2026-07-31
14620,2024,BEV,39,2026-07-31
14620,2024,PHEV,26,2026-07-31
14620,2025,BEV,58,2026-07-31
14620,2025,PHEV,22,2026-07-31
14620,2026,BEV,22,2026-07-31
14620,2026,PHEV,10,2026-07-31
14621,2018,PHEV,2,2026-07-31
14621,2019,BEV,1,2026-07-31
14621,2019,PHEV,4,2026-07-31
14621,2020,BEV,1,2026-07-31
14621,2020,PHEV,1,2026-07-31
14621,2021,BEV,4,2026-07-31
14621,2021,PHEV,1,2026-07-31
14621,2022,BEV,1,2026-07-31
14621,2023,BEV,7,2026-07-31
14621,2023,PHEV,2,2026-07-31
14621,2024,BEV,13,2026-07-31
14621,2024,PHEV,9,2026-07-31
14621,2025,BEV,9,2026-07-31
14621,2025,PHEV,5,2026-07-31
14621,2026,BEV,8,2026-07-31
14622,2017,BEV,1,2026-07-31
14622,2017,PHEV,3,2026-07-31
14622,2018,BEV,3,2026-07-31
14622,2018,PHEV,7,2026-07-31
14622,2019,BEV,2,2026-07-31
14622,2019,PHEV,4,2026-07-31
14622,2020,BEV,3,2026-07-31
14622,2020,PHEV,3,2026-07-31
14622,2021,BEV,12,2026-07-31
14622,2021,PHEV,16,2026-07-31
14622,2022,BEV,12,2026-07-31
14622,2022,PHEV,7,2026-07-31
14622,2023,BEV,21,2026-07-31
14622,2023,PHEV,15,2026-07-31
14622,2024,BEV,15,2026-07-31
14622,2024,PHEV,13,2026-07-31
14622,2025,BEV,23,2026-07-31
14622,2025,PHEV,14,2026-07-31
14622,2026,BEV,11,2026-07-31
14622,2026,PHEV,1,2026-07-31
14623,2017,BEV,8,2026-07-31
14623,2017,PHEV,2,2026-07-31
14623,2018,BEV,2,2026-07-31
14623,2018,PHEV,14,2026-07-31
14623,2019,BEV,10,2026-07-31
14623,2019,PHEV,6,2026-07-31
14623,2020,BEV,22,2026-07-31
14623,2020,PHEV,8,2026-07-31
14623,2021,BEV,15,2026-07-31
14623,2021,PHEV,19,2026-07-31
14623,2022,BEV,29,2026-07-31
14623,2022,PHEV,14,2026-07-31
14623,2023,BEV,35,2026-07-31
14623,2023,PHEV,27,2026-07-31
14623,2024,BEV,39,2026-07-31
14623,2024,PHEV,29,2026-07-31
14623,2025,BEV,50,2026-07-31
14623,2025,PHEV,24,2026-07-31
14623,2026,BEV,12,2026-07-31
14623,2026,PHEV,5,2026-07-31
14624,2017,BEV,9,2026-07-31
14624,2017,PHEV,13,2026-07-31
14624,2018,BEV,6,2026-07-31
14624,2018,PHEV,31,2026-07-31
14624,2019,BEV,5,2026-07-31
14624,2019,PHEV,14,2026-07-31
14624,2020,BEV,12,2026-07-31
14624,2020,PHEV,15,2026-07-31
14624,2021,BEV,24,2026-07-31
14624,2021,PHEV,25,2026-07-31
14624,2022,BEV,25,2026-07-31
14624,2022,PHEV,17,2026-07-31
14624,2023,BEV,40,2026-07-31
14624,2023,PHEV,32,2026-07-31
14624,2024,BEV,71,2026-07-31
14624,2024,PHEV,43,2026-07-31
14624,2025,BEV,76,2026-07-31
14624,2025,PHEV,45,2026-07-31
14624,2026,BEV,27,2026-07-31
14624,2026,PHEV,7,2026-07-31
14625,2017,BEV,1,2026-07-31
14625,2017,PHEV,10,2026-07-31
14625,2018,BEV,4,2026-07-31
14625,2018,PHEV,15,2026-07-31
14625,2019,BEV,1,2026-07-31
14625,2019,PHEV,6,2026-07-31
14625,2020,BEV,14,2026-07-31
14625,2020,PHEV,9,2026-07-31
14625,2021,BEV,24,2026-07-31
14625,2021,PHEV,17,2026-07-31
14625,2022,BEV,16,2026-07-31
14625,2022,PHEV,13,2026-07-31
14625,2023,BEV,27,2026-07-31
14625,2023,PHEV,20,2026-07-31
14625,2024,BEV,33,2026-07-31
14625,2024,PHEV,23,2026-07-31
14625,2025,BEV,56,2026-07-31
14625,2025,PHEV,18,2026-07-31
14625,2026,BEV,11,2026-07-31
14625,2026,PHEV,8,2026-07-31
14626,2017,BEV,4,2026-07-31
14626,2017,PHEV,7,2026-07-31
14626,2018,BEV,4,2026-07-31
14626,2018,PHEV,25,2026-07-31
14626,2019,BEV,3,2026-07-31
14626,2019,PHEV,7,2026-07-31
14626,2020,BEV,12,2026-07-31
14626,2020,PHEV,5,2026-07-31
14626,2021,BEV,16,2026-07-31
14626,2021,PHEV,35,2026-07-31
14626,2022,BEV,22,2026-07-31
14626,2022,PHEV,21,2026-07-31
14626,2023,BEV,33,2026-07-31
14626,2023,PHEV,31,2026-07-31
14626,2024,BEV,52,2026-07-31
14626,2024,PHEV,52,2026-07-31
14626,2025,BEV,74,2026-07-31
14626,2025,PHEV,20,2026-07-31
14626,2026,BEV,24,2026-07-31
14626,2026,PHEV,5,2026-07-31
14627,2022,BEV,1,2026-07-31
14627,2022,PHEV,1,2026-07-31
14627,2023,BEV,1,2026-07-31
14627,2024,BEV,1,2026-07-31
14643,2020,BEV,1,2026-07-31
14643,2022,PHEV,1,2026-07-31
14643,2024,PHEV,1,2026-07-31
14643,2025,BEV,3,2026-07-31
14643,2025,PHEV,1,2026-07-31
14701,2017,PHEV,6,2026-07-31
14701,2018,PHEV,7,2026-07-31
14701,2019,BEV,6,2026-07-31
14701,2019,PHEV,5,2026-07-31
14701,2020,BEV,2,2026-07-31
14701,2020,PHEV,17,2026-07-31
14701,2021,BEV,7,2026-07-31
14701,2021,PHEV,21,2026-07-31
14701,2022,BEV,6,2026-07-31
14701,2022,PHEV,9,2026-07-31
14701,2023,BEV,8,2026-07-31
14701,2023,PHEV,7,2026-07-31
14701,2024,BEV,10,2026-07-31
14701,2024,PHEV,5,2026-07-31
14701,2025,BEV,15,2026-07-31
14701,2025,PHEV,4,2026-07-31
14701,2026,BEV,8,2026-07-31
14701,2026,PHEV,1,2026-07-31
14706,2017,BEV,1,2026-07-31
14706,2020,PHEV,1,2026-07-31
14706,2021,BEV,1,2026-07-31
14706,2021,PHEV,3,2026-07-31
14706,2022,BEV,1,2026-07-31
14706,2022,PHEV,2,2026-07-31
14706,2023,BEV,3,2026-07-31
14706,2023,PHEV,3,2026-07-31
14706,2025,BEV,3,2026-07-31
14706,2025,PHEV,1,2026-07-31
14706,2026,BEV,2,2026-07-31
14706,2026,PHEV,1,2026-07-31
14709,2019,PHEV,1,2026-07-31
14709,2023,PHEV,1,2026-07-31
14709,2025,BEV,2,2026-07-31
14710,2017,PHEV,1,2026-07-31
14710,2018,PHEV,2,2026-07-31
14710,2019,BEV,3,2026-07-31
14710,2020,BEV,1,2026-07-31
14710,2020,PHEV,1,2026-07-31
14710,2021,BEV,1,2026-07-31
14710,2021,PHEV,1,2026-07-31
14710,2023,BEV,2,2026-07-31
14710,2023,PHEV,1,2026-07-31
14710,2024,PHEV,1,2026-07-31
14710,2025,BEV,5,2026-07-31
14710,2026,BEV,1,2026-07-31
14711,2017,PHEV,3,2026-07-31
14711,2018,PHEV,1,2026-07-31
14711,2020,PHEV,2,2026-07-31
14711,2022,BEV,1,2026-07-31
14711,2024,PHEV,2,2026-07-31
14711,2025,PHEV,1,2026-07-31
14711,2026,BEV,1,2026-07-31
14712,2017,BEV,1,2026-07-31
14712,2017,PHEV,2,2026-07-31
14712,2018,BEV,1,2026-07-31
14712,2018,PHEV,4,2026-07-31
14712,2019,BEV,1,2026-07-31
14712,2019,PHEV,1,2026-07-31
14712,2020,PHEV,5,2026-07-31
14712,2021,PHEV,1,2026-07-31
14712,2022,PHEV,2,2026-07-31
14712,2023,BEV,3,2026-07-31
14712,2023,PHEV,2,2026-07-31
14712,2024,BEV,1,2026-07-31
14712,2025,BEV,4,2026-07-31
14712,2025,PHEV,3,2026-07-31
14712,2026,BEV,3,2026-07-31
14712,2026,PHEV,1,2026-07-31
14715,2019,BEV,1,2026-07-31
14715,2021,BEV,1,2026-07-31
14715,2024,BEV,2,2026-07-31
14715,2025,BEV,2,2026-07-31
14715,2025,PHEV,2,2026-07-31
14715,2026,BEV,1,2026-07-31
14716,2020,PHEV,1,2026-07-31
14716,2021,PHEV,1,2026-07-31
14716,2022,PHEV,1,2026-07-31
14716,2024,BEV,1,2026-07-31
14716,2024,PHEV,1,2026-07-31
14716,2025,BEV,1,2026-07-31
14717,2024,PHEV,1,2026-07-31
14718,2018,BEV,2,2026-07-31
14718,2021,PHEV,1,2026-07-31
14718,2022,BEV,1,2026-07-31
14718,2022,PHEV,1,2026-07-31
14718,2024,BEV,1,2026-07-31
14718,2025,BEV,1,2026-07-31
14718,2026,BEV,1,2026-07-31
14719,2020,BEV,1,2026-07-31
14719,2022,BEV,2,2026-07-31
14719,2022,PHEV,1,2026-07-31
14719,2023,PHEV,1,2026-07-31
14719,2024,BEV,1,2026-07-31
14719,2025,BEV,1,2026-07-31
14719,2026,PHEV,1,2026-07-31
14720,2021,PHEV,1,2026-07-31
14722,2018,PHEV,1,2026-07-31
14722,2020,PHEV,1,2026-07-31
14722,2021,PHEV,2,2026-07-31
14722,2023,PHEV,1,2026-07-31
14722,2024,BEV,1,2026-07-31
14722,2026,BEV,1,2026-07-31
14723,2021,BEV,1,2026-07-31
14723,2022,BEV,1,2026-07-31
14723,2023,BEV,1,2026-07-31
14723,2024,BEV,1,2026-07-31
14723,2025,BEV,1,2026-07-31
14724,2020,BEV,1,2026-07-31
14724,2021,PHEV,1,2026-07-31
14724,2023,BEV,1,2026-07-31
14724,2024,BEV,1,2026-07-31
14724,2025,BEV,1,2026-07-31
14724,2026,BEV,1,2026-07-31
14726,2021,PHEV,1,2026-07-31
14726,2025,PHEV,1,2026-07-31
14727,2017,BEV,1,2026-07-31
14727,2017,PHEV,1,2026-07-31
14727,2018,PHEV,1,2026-07-31
14727,2019,PHEV,1,2026-07-31
14727,2020,BEV,1,2026-07-31
14727,2021,BEV,2,2026-07-31
14727,2021,PHEV,2,2026-07-31
14727,2022,BEV,1,2026-07-31
14727,2022,PHEV,2,2026-07-31
14727,2023,BEV,2,2026-07-31
14727,2024,BEV,6,2026-07-31
14727,2025,BEV,1,2026-07-31
14727,2025,PHEV,1,2026-07-31
14728,2018,PHEV,1,2026-07-31
14728,2021,BEV,1,2026-07-31
14728,2021,PHEV,2,2026-07-31
14728,2022,BEV,1,2026-07-31
14728,2022,PHEV,1,2026-07-31
14728,2023,PHEV,1,2026-07-31
14728,2025,BEV,1,2026-07-31
14728,2025,PHEV,1,2026-07-31
14729,2017,PHEV,1,2026-07-31
14729,2025,BEV,1,2026-07-31
14729,2026,BEV,1,2026-07-31
14731,2018,PHEV,1,2026-07-31
14731,2019,BEV,1,2026-07-31
14731,2019,PHEV,2,2026-07-31
14731,2021,BEV,1,2026-07-31
14731,2022,BEV,2,2026-07-31
14731,2022,PHEV,1,2026-07-31
14731,2023,BEV,1,2026-07-31
14731,2023,PHEV,2,2026-07-31
14731,2024,PHEV,1,2026-07-31
14731,2025,BEV,1,2026-07-31
14731,2025,PHEV,3,2026-07-31
14731,2026,BEV,1,2026-07-31
14731,2026,PHEV,1,2026-07-31
14733,2017,PHEV,1,2026-07-31
14733,2018,PHEV,2,2026-07-31
14733,2020,PHEV,5,2026-07-31
14733,2021,PHEV,4,2026-07-31
14733,2022,BEV,1,2026-07-31
14733,2022,PHEV,1,2026-07-31
14733,2023,BEV,1,2026-07-31
14733,2023,PHEV,2,2026-07-31
14733,2024,BEV,2,2026-07-31
14733,2025,PHEV,1,2026-07-31
14733,2026,BEV,1,2026-07-31
14735,2020,PHEV,2,2026-07-31
14735,2021,PHEV,1,2026-07-31
14735,2022,BEV,1,2026-07-31
14735,2023,PHEV,1,2026-07-31
14735,2024,BEV,2,2026-07-31
14735,2024,PHEV,1,2026-07-31
14735,2026,BEV,1,2026-07-31
14736,2019,PHEV,1,2026-07-31
14737,2018,PHEV,1,2026-07-31
14737,2023,BEV,1,2026-07-31
14737,2024,PHEV,1,2026-07-31
14737,2025,BEV,2,2026-07-31
14738,2018,PHEV,1,2026-07-31
14738,2020,PHEV,3,2026-07-31
14738,2021,BEV,1,2026-07-31
14738,2021,PHEV,3,2026-07-31
14738,2022,PHEV,2,2026-07-31
14738,2023,BEV,3,2026-07-31
14738,2024,BEV,1,2026-07-31
14738,2025,BEV,1,2026-07-31
14738,2026,BEV,1,2026-07-31
14739,2025,BEV,1,2026-07-31
14740,2019,PHEV,1,2026-07-31
14740,2024,PHEV,1,2026-07-31
14741,2021,PHEV,2,2026-07-31
14741,2025,PHEV,1,2026-07-31
14742,2020,BEV,1,2026-07-31
14742,2021,BEV,1,2026-07-31
14742,2024,BEV,1,2026-07-31
14743,2022,PHEV,1,2026-07-31
14744,2017,PHEV,1,2026-07-31
14744,2018,PHEV,1,2026-07-31
14744,2021,BEV,1,2026-07-31
14744,2021,PHEV,1,2026-07-31
14744,2022,BEV,1,2026-07-31
14744,2022,PHEV,1,2026-07-31
14744,2023,BEV,1,2026-07-31
14744,2023,PHEV,1,2026-07-31
14744,2024,BEV,1,2026-07-31
14744,2025,BEV,4,2026-07-31
14747,2018,PHEV,1,2026-07-31
14747,2021,PHEV,2,2026-07-31
14747,2024,BEV,1,2026-07-31
14747,2025,BEV,1,2026-07-31
14747,2026,BEV,2,2026-07-31
14748,2023,PHEV,1,2026-07-31
14750,2017,PHEV,2,2026-07-31
14750,2018,PHEV,5,2026-07-31
14750,2019,BEV,6,2026-07-31
14750,2020,BEV,1,2026-07-31
14750,2020,PHEV,8,2026-07-31
14750,2021,BEV,2,2026-07-31
14750,2021,PHEV,6,2026-07-31
14750,2022,BEV,2,2026-07-31
14750,2022,PHEV,2,2026-07-31
14750,2023,BEV,4,2026-07-31
14750,2023,PHEV,3,2026-07-31
14750,2025,BEV,5,2026-07-31
14750,2025,PHEV,2,2026-07-31
14750,2026,BEV,1,2026-07-31
14750,2026,PHEV,1,2026-07-31
14753,2021,PHEV,1,2026-07-31
14753,2024,PHEV,1,2026-07-31
14754,2021,BEV,1,2026-07-31
14754,2024,BEV,1,2026-07-31
14755,2019,PHEV,1,2026-07-31
14755,2021,PHEV,3,2026-07-31
14755,2022,BEV,3,2026-07-31
14755,2023,BEV,2,2026-07-31
14755,2023,PHEV,1,2026-07-31
14755,2024,BEV,2,2026-07-31
14755,2025,BEV,2,2026-07-31
14757,2017,PHEV,2,2026-07-31
14757,2020,PHEV,1,2026-07-31
14757,2021,PHEV,1,2026-07-31
14757,2022,PHEV,1,2026-07-31
14757,2023,PHEV,3,2026-07-31
14757,2024,BEV,1,2026-07-31
14757,2024,PHEV,1,2026-07-31
14757,2025,BEV,1,2026-07-31
14757,2026,BEV,2,2026-07-31
14760,2017,PHEV,3,2026-07-31
14760,2018,PHEV,3,2026-07-31
14760,2019,BEV,1,2026-07-31
14760,2019,PHEV,2,2026-07-31
14760,2020,BEV,1,2026-07-31
14760,2020,PHEV,5,2026-07-31
14760,2021,PHEV,10,2026-07-31
14760,2022,BEV,2,2026-07-31
14760,2022,PHEV,2,2026-07-31
14760,2023,BEV,6,2026-07-31
14760,2023,PHEV,5,2026-07-31
14760,2024,BEV,7,2026-07-31
14760,2024,PHEV,3,2026-07-31
14760,2025,BEV,6,2026-07-31
14760,2026,BEV,5,2026-07-31
14767,2019,PHEV,1,2026-07-31
14769,2019,PHEV,1,2026-07-31
14769,2021,PHEV,1,2026-07-31
14769,2023,BEV,1,2026-07-31
14769,2024,PHEV,1,2026-07-31
14769,2025,PHEV,1,2026-07-31
14770,2022,BEV,2,2026-07-31
14770,2025,BEV,2,2026-07-31
14770,2026,BEV,1,2026-07-31
14772,2017,PHEV,3,2026-07-31
14772,2021,BEV,1,2026-07-31
14772,2021,PHEV,1,2026-07-31
14772,2022,BEV,1,2026-07-31
14772,2022,PHEV,1,2026-07-31
14772,2023,BEV,1,2026-07-31
14772,2025,BEV,3,2026-07-31
14775,2017,BEV,1,2026-07-31
14775,2018,PHEV,1,2026-07-31
14775,2020,BEV,1,2026-07-31
14775,2023,BEV,1,2026-07-31
14775,2024,BEV,1,2026-07-31
14775,2025,BEV,1,2026-07-31
14777,2024,BEV,1,2026-07-31
14779,2017,PHEV,2,2026-07-31
14779,2018,PHEV,1,2026-07-31
14779,2019,BEV,2,2026-07-31
14779,2020,BEV,1,2026-07-31
14779,2020,PHEV,1,2026-07-31
14779,2022,PHEV,1,2026-07-31
14779,2024,PHEV,3,2026-07-31
14779,2025,BEV,1,2026-07-31
14779,2025,PHEV,2,2026-07-31
14779,2026,BEV,2,2026-07-31
14781,2020,BEV,1,2026-07-31
14781,2020,PHEV,1,2026-07-31
14781,2021,PHEV,2,2026-07-31
14781,2023,BEV,1,2026-07-31
14781,2023,PHEV,2,2026-07-31
14781,2025,BEV,1,2026-07-31
14782,2018,PHEV,1,2026-07-31
14782,2021,BEV,1,2026-07-31
14782,2022,PHEV,1,2026-07-31
14782,2024,PHEV,1,2026-07-31
14784,2018,PHEV,1,2026-07-31
14784,2021,PHEV,1,2026-07-31
14784,2022,PHEV,1,2026-07-31
14785,2017,PHEV,1,2026-07-31
14787,2017,BEV,1,2026-07-31
14787,2017,PHEV,1,2026-07-31
14787,2019,BEV,3,2026-07-31
14787,2019,PHEV,1,2026-07-31
14787,2020,BEV,1,2026-07-31
14787,2020,PHEV,5,2026-07-31
14787,2021,BEV,1,2026-07-31
14787,2021,PHEV,4,2026-07-31
14787,2022,BEV,2,2026-07-31
14787,2023,BEV,1,2026-07-31
14787,2025,BEV,1,2026-07-31
14787,2025,PHEV,2,2026-07-31
14787,2026,BEV,1,2026-07-31
14787,2026,PHEV,1,2026-07-31
14801,2019,PHEV,3,2026-07-31
14801,2022,BEV,1,2026-07-31
14801,2022,PHEV,1,2026-07-31
14801,2023,BEV,1,2026-07-31
14801,2023,PHEV,3,2026-07-31
14801,2024,BEV,1,2026-07-31
14801,2024,PHEV,2,2026-07-31
14802,2017,PHEV,1,2026-07-31
14802,2018,PHEV,1,2026-07-31
14802,2019,BEV,1,2026-07-31
14802,2021,BEV,1,2026-07-31
14802,2022,BEV,2,2026-07-31
14802,2022,PHEV,1,2026-07-31
14802,2023,PHEV,1,2026-07-31
14802,2024,BEV,3,2026-07-31
14803,2017,PHEV,1,2026-07-31
14803,2020,BEV,1,2026-07-31
14803,2020,PHEV,2,2026-07-31
14803,2021,PHEV,1,2026-07-31
14803,2022,BEV,2,2026-07-31
14803,2023,PHEV,1,2026-07-31
14803,2024,PHEV,1,2026-07-31
14803,2025,PHEV,1,2026-07-31
14803,2026,BEV,1,2026-07-31
14803,2026,PHEV,2,2026-07-31
14804,2020,PHEV,1,2026-07-31
14804,2021,PHEV,1,2026-07-31
14804,2022,BEV,1,2026-07-31
14804,2022,PHEV,1,2026-07-31
14804,2023,BEV,1,2026-07-31
14804,2023,PHEV,1,2026-07-31
14804,2024,PHEV,1,2026-07-31
14804,2025,PHEV,3,2026-07-31
14805,2018,PHEV,1,2026-07-31
14805,2021,BEV,2,2026-07-31
14805,2021,PHEV,3,2026-07-31
14805,2025,BEV,2,2026-07-31
14805,2026,BEV,2,2026-07-31
14806,2018,BEV,1,2026-07-31
14806,2018,PHEV,1,2026-07-31
14806,2019,PHEV,1,2026-07-31
14806,2021,PHEV,1,2026-07-31
14806,2022,BEV,3,2026-07-31
14806,2024,BEV,1,2026-07-31
14806,2025,PHEV,2,2026-07-31
14807,2017,BEV,1,2026-07-31
14807,2017,PHEV,1,2026-07-31
14807,2018,BEV,1,2026-07-31
14807,2020,PHEV,1,2026-07-31
14807,2021,BEV,1,2026-07-31
14807,2021,PHEV,2,2026-07-31
14807,2022,BEV,2,2026-07-31
14807,2023,BEV,3,2026-07-31
14807,2024,BEV,2,2026-07-31
14807,2025,BEV,1,2026-07-31
14807,2025,PHEV,2,2026-07-31
14809,2018,BEV,1,2026-07-31
14809,2018,PHEV,1,2026-07-31
14809,2021,PHEV,1,2026-07-31
14809,2023,PHEV,1,2026-07-31
14810,2017,PHEV,1,2026-07-31
14810,2018,PHEV,2,2026-07-31
14810,2019,PHEV,2,2026-07-31
14810,2020,PHEV,2,2026-07-31
14810,2021,BEV,2,2026-07-31
14810,2021,PHEV,3,2026-07-31
14810,2022,BEV,2,2026-07-31
14810,2022,PHEV,2,2026-07-31
14810,2023,BEV,2,2026-07-31
14810,2024,BEV,3,2026-07-31
14810,2024,PHEV,3,2026-07-31
14812,2018,BEV,1,2026-07-31
14812,2019,BEV,1,2026-07-31
14812,2019,PHEV,1,2026-07-31
14812,2020,BEV,2,2026-07-31
14812,2021,BEV,2,2026-07-31
14812,2021,PHEV,1,2026-07-31
14812,2022,BEV,3,2026-07-31
14812,2022,PHEV,3,2026-07-31
14812,2023,BEV,2,2026-07-31
14812,2024,BEV,2,2026-07-31
14812,2024,PHEV,2,2026-07-31
14812,2025,BEV,2,2026-07-31
14813,2017,PHEV,1,2026-07-31
14813,2022,PHEV,2,2026-07-31
14813,2023,BEV,1,2026-07-31
14813,2024,BEV,2,2026-07-31
14813,2024,PHEV,1,2026-07-31
14814,2017,BEV,1,2026-07-31
14814,2018,PHEV,2,2026-07-31
14814,2021,BEV,2,2026-07-31
14814,2021,PHEV,3,2026-07-31
14814,2022,BEV,2,2026-07-31
14814,2023,BEV,3,2026-07-31
14814,2024,PHEV,2,2026-07-31
14814,2025,BEV,1,2026-07-31
14814,2025,PHEV,1,2026-07-31
14815,2023,PHEV,1,2026-07-31
14815,2024,PHEV,1,2026-07-31
14815,2025,PHEV,1,2026-07-31
14816,2020,BEV,1,2026-07-31
14816,2024,BEV,1,2026-07-31
14816,2025,BEV,2,2026-07-31
14817,2017,PHEV,1,2026-07-31
14817,2018,BEV,2,2026-07-31
14817,2018,PHEV,4,2026-07-31
14817,2019,BEV,3,2026-07-31
14817,2020,BEV,2,2026-07-31
14817,2020,PHEV,2,2026-07-31
14817,2021,BEV,5,2026-07-31
14817,2021,PHEV,8,2026-07-31
14817,2022,BEV,4,2026-07-31
14817,2022,PHEV,3,2026-07-31
14817,2023,BEV,8,2026-07-31
14817,2023,PHEV,2,2026-07-31
14817,2024,BEV,5,2026-07-31
14817,2024,PHEV,4,2026-07-31
14817,2025,BEV,7,2026-07-31
14817,2025,PHEV,2,2026-07-31
14817,2026,BEV,2,2026-07-31
14818,2017,PHEV,1,2026-07-31
14818,2018,BEV,2,2026-07-31
14818,2019,BEV,1,2026-07-31
14818,2020,BEV,1,2026-07-31
14818,2021,BEV,1,2026-07-31
14818,2021,PHEV,4,2026-07-31
14818,2023,BEV,1,2026-07-31
14818,2023,PHEV,2,2026-07-31
14818,2025,BEV,1,2026-07-31
14818,2026,BEV,1,2026-07-31
14820,2026,BEV,1,2026-07-31
14821,2017,PHEV,1,2026-07-31
14821,2018,PHEV,2,2026-07-31
14821,2019,BEV,2,2026-07-31
14821,2021,PHEV,1,2026-07-31
14821,2022,BEV,1,2026-07-31
14821,2023,PHEV,2,2026-07-31
14821,2024,BEV,3,2026-07-31
14821,2026,BEV,1,2026-07-31
14822,2018,PHEV,1,2026-07-31
14822,2021,BEV,1,2026-07-31
14823,2019,PHEV,1,2026-07-31
14823,2020,BEV,1,2026-07-31
14823,2023,BEV,1,2026-07-31
14823,2024,BEV,4,2026-07-31
14823,2024,PHEV,1,2026-07-31
14823,2025,BEV,1,2026-07-31
14823,2025,PHEV,3,2026-07-31
14824,2023,BEV,1,2026-07-31
14824,2025,BEV,1,2026-07-31
14825,2020,PHEV,1,2026-07-31
14826,2019,PHEV,1,2026-07-31
14826,2021,PHEV,2,2026-07-31
14826,2023,BEV,1,2026-07-31
14826,2023,PHEV,2,2026-07-31
14826,2024,PHEV,1,2026-07-31
14826,2025,BEV,1,2026-07-31
14826,2025,PHEV,1,2026-07-31
14830,2017,PHEV,2,2026-07-31
14830,2018,BEV,2,2026-07-31
14830,2018,PHEV,9,2026-07-31
14830,2019,BEV,4,2026-07-31
14830,2019,PHEV,11,2026-07-31
14830,2020,BEV,8,2026-07-31
14830,2020,PHEV,5,2026-07-31
14830,2021,BEV,14,2026-07-31
14830,2021,PHEV,7,2026-07-31
14830,2022,BEV,14,2026-07-31
14830,2022,PHEV,13,2026-07-31
14830,2023,BEV,18,2026-07-31
14830,2023,PHEV,11,2026-07-31
14830,2024,BEV,10,2026-07-31
14830,2024,PHEV,8,2026-07-31
14830,2025,BEV,17,2026-07-31
14830,2025,PHEV,8,2026-07-31
14830,2026,BEV,6,2026-07-31
14830,2026,PHEV,1,2026-07-31
14836,2023,PHEV,1,2026-07-31
14836,2026,BEV,1,2026-07-31
14837,2018,PHEV,1,2026-07-31
14837,2019,PHEV,1,2026-07-31
14837,2020,BEV,2,2026-07-31
14837,2020,PHEV,1,2026-07-31
14837,2021,BEV,1,2026-07-31
14837,2021,PHEV,3,2026-07-31
14837,2022,BEV,2,2026-07-31
14837,2022,PHEV,1,2026-07-31
14837,2023,BEV,3,2026-07-31
14837,2023,PHEV,3,2026-07-31
14837,2024,PHEV,2,2026-07-31
14837,2025,PHEV,1,2026-07-31
14837,2026,BEV,1,2026-07-31
14838,2017,BEV,1,2026-07-31
14838,2020,BEV,1,2026-07-31
14838,2021,PHEV,1,2026-07-31
14838,2022,BEV,1,2026-07-31
14838,2022,PHEV,1,2026-07-31
14838,2023,PHEV,2,2026-07-31
14838,2024,BEV,1,2026-07-31
14838,2025,BEV,1,2026-07-31
14838,2026,PHEV,1,2026-07-31
14840,2017,PHEV,1,2026-07-31
14840,2020,PHEV,1,2026-07-31
14840,2021,BEV,2,2026-07-31
14840,2022,BEV,2,2026-07-31
14840,2022,PHEV,3,2026-07-31
14840,2023,BEV,3,2026-07-31
14840,2023,PHEV,4,2026-07-31
14840,2024,BEV,1,2026-07-31
14840,2024,PHEV,2,2026-07-31
14840,2025,BEV,1,2026-07-31
14840,2025,PHEV,3,2026-07-31
14840,2026,BEV,3,2026-07-31
14840,2026,PHEV,1,2026-07-31
14841,2018,PHEV,1,2026-07-31
14841,2019,PHEV,1,2026-07-31
14841,2021,PHEV,3,2026-07-31
14841,2022,BEV,1,2026-07-31
14841,2022,PHEV,1,2026-07-31
14841,2023,PHEV,1,2026-07-31
14841,2024,PHEV,1,2026-07-31
14841,2025,BEV,2,2026-07-31
14841,2026,PHEV,2,2026-07-31
14842,2022,BEV,1,2026-07-31
14842,2024,BEV,2,2026-07-31
14842,2025,BEV,1,2026-07-31
14842,2025,PHEV,1,2026-07-31
14843,2017,PHEV,4,2026-07-31
14843,2018,PHEV,2,2026-07-31
14843,2019,PHEV,3,2026-07-31
14843,2020,PHEV,1,2026-07-31
14843,2021,BEV,5,2026-07-31
14843,2021,PHEV,8,2026-07-31
14843,2022,BEV,2,2026-07-31
14843,2023,BEV,4,2026-07-31
14843,2023,PHEV,4,2026-07-31
14843,2024,BEV,8,2026-07-31
14843,2024,PHEV,10,2026-07-31
14843,2025,BEV,1,2026-07-31
14843,2025,PHEV,3,2026-07-31
14843,2026,PHEV,1,2026-07-31
14845,2017,PHEV,2,2026-07-31
14845,2018,BEV,2,2026-07-31
14845,2018,PHEV,13,2026-07-31
14845,2019,BEV,5,2026-07-31
14845,2019,PHEV,3,2026-07-31
14845,2020,BEV,5,2026-07-31
14845,2020,PHEV,6,2026-07-31
14845,2021,BEV,7,2026-07-31
14845,2021,PHEV,15,2026-07-31
14845,2022,BEV,11,2026-07-31
14845,2022,PHEV,15,2026-07-31
14845,2023,BEV,24,2026-07-31
14845,2023,PHEV,11,2026-07-31
14845,2024,BEV,16,2026-07-31
14845,2024,PHEV,12,2026-07-31
14845,2025,BEV,14,2026-07-31
14845,2025,PHEV,7,2026-07-31
14845,2026,BEV,6,2026-07-31
14845,2026,PHEV,4,2026-07-31
14846,2022,BEV,1,2026-07-31
14847,2017,PHEV,1,2026-07-31
14847,2018,PHEV,1,2026-07-31
14847,2020,PHEV,1,2026-07-31
14847,2021,BEV,3,2026-07-31
14847,2021,PHEV,2,2026-07-31
14847,2022,PHEV,2,2026-07-31
14847,2023,BEV,2,2026-07-31
14847,2023,PHEV,3,2026-07-31
14847,2024,BEV,2,2026-07-31
14847,2024,PHEV,2,2026-07-31
14847,2025,BEV,2,2026-07-31
14850,2017,BEV,20,2026-07-31
14850,2017,PHEV,22,2026-07-31
14850,2018,BEV,11,2026-07-31
14850,2018,PHEV,69,2026-07-31
14850,2019,BEV,44,2026-07-31
14850,2019,PHEV,57,2026-07-31
14850,2020,BEV,54,2026-07-31
14850,2020,PHEV,52,2026-07-31
14850,2021,BEV,89,2026-07-31
14850,2021,PHEV,118,2026-07-31
14850,2022,BEV,116,2026-07-31
14850,2022,PHEV,71,2026-07-31
14850,2023,BEV,151,2026-07-31
14850,2023,PHEV,76,2026-07-31
14850,2024,BEV,104,2026-07-31
14850,2024,PHEV,82,2026-07-31
14850,2025,BEV,141,2026-07-31
14850,2025,PHEV,71,2026-07-31
14850,2026,BEV,63,2026-07-31
14850,2026,PHEV,17,2026-07-31
14853,2023,BEV,1,2026-07-31
14853,2024,PHEV,2,2026-07-31
14858,2021,BEV,1,2026-07-31
14858,2021,PHEV,1,2026-07-31
14858,2024,BEV,1,2026-07-31
14858,2026,BEV,1,2026-07-31
14859,2025,BEV,1,2026-07-31
14860,2018,PHEV,1,2026-07-31
14860,2021,BEV,1,2026-07-31
14860,2021,PHEV,1,2026-07-31
14860,2022,BEV,1,2026-07-31
14860,2024,BEV,5,2026-07-31
14861,2018,PHEV,1,2026-07-31
14861,2019,PHEV,1,2026-07-31
14861,2020,BEV,1,2026-07-31
14861,2021,PHEV,1,2026-07-31
14861,2024,PHEV,1,2026-07-31
14864,2021,BEV,1,2026-07-31
14864,2023,PHEV,1,2026-07-31
14864,2024,BEV,2,2026-07-31
14864,2024,PHEV,1,2026-07-31
14865,2017,BEV,1,2026-07-31
14865,2018,PHEV,1,2026-07-31
14865,2020,PHEV,1,2026-07-31
14865,2021,PHEV,3,2026-07-31
14865,2022,BEV,2,2026-07-31
14865,2023,BEV,1,2026-07-31
14865,2024,PHEV,5,2026-07-31
14865,2026,BEV,1,2026-07-31
14867,2017,PHEV,2,2026-07-31
14867,2018,BEV,1,2026-07-31
14867,2018,PHEV,3,2026-07-31
14867,2019,BEV,1,2026-07-31
14867,2019,PHEV,4,2026-07-31
14867,2020,BEV,5,2026-07-31
14867,2020,PHEV,2,2026-07-31
14867,2021,BEV,2,2026-07-31
14867,2021,PHEV,3,2026-07-31
14867,2022,BEV,3,2026-07-31
14867,2022,PHEV,6,2026-07-31
14867,2023,BEV,4,2026-07-31
14867,2023,PHEV,6,2026-07-31
14867,2024,BEV,7,2026-07-31
14867,2024,PHEV,3,2026-07-31
14867,2025,BEV,5,2026-07-31
14867,2025,PHEV,1,2026-07-31
14867,2026,BEV,2,2026-07-31
14869,2018,PHEV,1,2026-07-31
14869,2021,PHEV,2,2026-07-31
14869,2022,BEV,2,2026-07-31
14869,2022,PHEV,1,2026-07-31
14869,2023,BEV,1,2026-07-31
14869,2023,PHEV,3,2026-07-31
14869,2024,BEV,1,2026-07-31
14869,2025,PHEV,1,2026-07-31
14869,2026,BEV,1,2026-07-31
14870,2017,BEV,3,2026-07-31
14870,2017,PHEV,2,2026-07-31
14870,2018,BEV,3,2026-07-31
14870,2018,PHEV,6,2026-07-31
14870,2019,BEV,4,2026-07-31
14870,2019,PHEV,4,2026-07-31
14870,2020,BEV,2,2026-07-31
14870,2021,BEV,4,2026-07-31
14870,2021,PHEV,8,2026-07-31
14870,2022,BEV,10,2026-07-31
14870,2022,PHEV,10,2026-07-31
14870,2023,BEV,6,2026-07-31
14870,2023,PHEV,8,2026-07-31
14870,2024,BEV,9,2026-07-31
14870,2024,PHEV,8,2026-07-31
14870,2025,BEV,10,2026-07-31
14870,2025,PHEV,4,2026-07-31
14870,2026,BEV,7,2026-07-31
14871,2018,PHEV,1,2026-07-31
14871,2019,PHEV,1,2026-07-31
14871,2020,BEV,1,2026-07-31
14871,2020,PHEV,1,2026-07-31
14871,2021,BEV,1,2026-07-31
14871,2021,PHEV,4,2026-07-31
14871,2022,BEV,1,2026-07-31
14871,2022,PHEV,3,2026-07-31
14871,2023,BEV,4,2026-07-31
14871,2023,PHEV,2,2026-07-31
14871,2024,BEV,1,2026-07-31
14871,2024,PHEV,4,2026-07-31
14871,2025,BEV,1,2026-07-31
14871,2025,PHEV,1,2026-07-31
14871,2026,BEV,2,2026-07-31
14872,2018,PHEV,1,2026-07-31
14872,2021,PHEV,1,2026-07-31
14872,2025,PHEV,1,2026-07-31
14873,2020,BEV,1,2026-07-31
14873,2022,PHEV,1,2026-07-31
14873,2024,BEV,1,2026-07-31
14873,2025,PHEV,1,2026-07-31
14874,2023,PHEV,1,2026-07-31
14874,2024,PHEV,1,2026-07-31
14874,2025,BEV,1,2026-07-31
14877,2023,BEV,1,2026-07-31
14877,2026,BEV,1,2026-07-31
14878,2018,PHEV,1,2026-07-31
14878,2022,PHEV,1,2026-07-31
14878,2026,BEV,1,2026-07-31
14879,2017,BEV,1,2026-07-31
14879,2021,PHEV,2,2026-07-31
14879,2023,PHEV,1,2026-07-31
14879,2024,PHEV,1,2026-07-31
14879,2026,BEV,1,2026-07-31
14880,2020,PHEV,1,2026-07-31
14880,2022,PHEV,1,2026-07-31
14880,2023,PHEV,1,2026-07-31
14880,2024,BEV,2,2026-07-31
14881,2019,PHEV,1,2026-07-31
14881,2022,PHEV,1,2026-07-31
14881,2023,PHEV,2,2026-07-31
14881,2025,BEV,1,2026-07-31
14882,2017,BEV,1,2026-07-31
14882,2017,PHEV,1,2026-07-31
14882,2018,BEV,2,2026-07-31
14882,2018,PHEV,5,2026-07-31
14882,2019,BEV,1,2026-07-31
14882,2019,PHEV,2,2026-07-31
14882,2020,BEV,2,2026-07-31
14882,2020,PHEV,6,2026-07-31
14882,2021,BEV,5,2026-07-31
14882,2021,PHEV,4,2026-07-31
14882,2022,BEV,5,2026-07-31
14882,2022,PHEV,5,2026-07-31
14882,2023,BEV,3,2026-07-31
14882,2023,PHEV,5,2026-07-31
14882,2024,BEV,4,2026-07-31
14882,2024,PHEV,8,2026-07-31
14882,2025,BEV,12,2026-07-31
14882,2025,PHEV,2,2026-07-31
14882,2026,BEV,6,2026-07-31
14883,2017,BEV,1,2026-07-31
14883,2018,PHEV,3,2026-07-31
14883,2019,BEV,1,2026-07-31
14883,2019,PHEV,3,2026-07-31
14883,2020,BEV,2,2026-07-31
14883,2021,BEV,5,2026-07-31
14883,2021,PHEV,5,2026-07-31
14883,2022,BEV,1,2026-07-31
14883,2023,BEV,2,2026-07-31
14883,2023,PHEV,2,2026-07-31
14883,2024,BEV,3,2026-07-31
14883,2024,PHEV,1,2026-07-31
14883,2025,BEV,1,2026-07-31
14883,2025,PHEV,1,2026-07-31
14883,2026,BEV,2,2026-07-31
14884,2021,PHEV,1,2026-07-31
14884,2025,BEV,1,2026-07-31
14886,2017,BEV,2,2026-07-31
14886,2017,PHEV,4,2026-07-31
14886,2018,BEV,1,2026-07-31
14886,2018,PHEV,16,2026-07-31
14886,2019,BEV,4,2026-07-31
14886,2019,PHEV,11,2026-07-31
14886,2020,BEV,3,2026-07-31
14886,2020,PHEV,9,2026-07-31
14886,2021,BEV,16,2026-07-31
14886,2021,PHEV,10,2026-07-31
14886,2022,BEV,7,2026-07-31
14886,2022,PHEV,6,2026-07-31
14886,2023,BEV,14,2026-07-31
14886,2023,PHEV,10,2026-07-31
14886,2024,BEV,16,2026-07-31
14886,2024,PHEV,11,2026-07-31
14886,2025,BEV,13,2026-07-31
14886,2025,PHEV,13,2026-07-31
14886,2026,BEV,4,2026-07-31
14886,2026,PHEV,1,2026-07-31
14889,2017,PHEV,1,2026-07-31
14889,2020,BEV,1,2026-07-31
14889,2020,PHEV,2,2026-07-31
14889,2023,BEV,1,2026-07-31
14889,2025,BEV,2,2026-07-31
14889,2026,BEV,1,2026-07-31
14891,2019,PHEV,2,2026-07-31
14891,2020,BEV,2,2026-07-31
14891,2020,PHEV,1,2026-07-31
14891,2021,PHEV,5,2026-07-31
14891,2022,BEV,2,2026-07-31
14891,2022,PHEV,2,2026-07-31
14891,2023,BEV,4,2026-07-31
14891,2023,PHEV,4,2026-07-31
14891,2024,BEV,3,2026-07-31
14891,2024,PHEV,4,2026-07-31
14891,2025,BEV,2,2026-07-31
14891,2025,PHEV,3,2026-07-31
14892,2017,BEV,1,2026-07-31
14892,2018,BEV,1,2026-07-31
14892,2018,PHEV,1,2026-07-31
14892,2019,BEV,1,2026-07-31
14892,2019,PHEV,1,2026-07-31
14892,2020,BEV,2,2026-07-31
14892,2020,PHEV,1,2026-07-31
14892,2021,BEV,2,2026-07-31
14892,2021,PHEV,2,2026-07-31
14892,2022,BEV,3,2026-07-31
14892,2023,BEV,4,2026-07-31
14892,2023,PHEV,2,2026-07-31
14892,2024,BEV,1,2026-07-31
14892,2024,PHEV,4,2026-07-31
14892,2025,BEV,3,2026-07-31
14892,2026,BEV,2,2026-07-31
14894,2021,PHEV,1,2026-07-31
14894,2024,PHEV,1,2026-07-31
14894,2025,BEV,1,2026-07-31
14894,2025,PHEV,1,2026-07-31
14895,2017,PHEV,1,2026-07-31
14895,2021,BEV,1,2026-07-31
14895,2021,PHEV,4,2026-07-31
14895,2022,BEV,1,2026-07-31
14895,2022,PHEV,3,2026-07-31
14895,2023,BEV,4,2026-07-31
14895,2023,PHEV,2,2026-07-31
14895,2024,BEV,4,2026-07-31
14895,2024,PHEV,1,2026-07-31
14895,2025,BEV,5,2026-07-31
14895,2025,PHEV,1,2026-07-31
14895,2026,BEV,1,2026-07-31
14897,2018,PHEV,1,2026-07-31
14898,2025,PHEV,1,2026-07-31
14901,2018,BEV,1,2026-07-31
14901,2018,PHEV,1,2026-07-31
14901,2019,PHEV,2,2026-07-31
14901,2021,BEV,3,2026-07-31
14901,2022,BEV,1,2026-07-31
14901,2023,PHEV,1,2026-07-31
14901,2024,BEV,4,2026-07-31
14901,2024,PHEV,4,2026-07-31
14901,2025,BEV,5,2026-07-31
14901,2026,BEV,3,2026-07-31
14903,2018,BEV,1,2026-07-31
14903,2018,PHEV,1,2026-07-31
14903,2019,BEV,1,2026-07-31
14903,2019,PHEV,1,2026-07-31
14903,2020,BEV,1,2026-07-31
14903,2020,PHEV,2,2026-07-31
14903,2021,PHEV,3,2026-07-31
14903,2022,BEV,5,2026-07-31
14903,2022,PHEV,4,2026-07-31
14903,2023,BEV,6,2026-07-31
14903,2023,PHEV,4,2026-07-31
14903,2024,BEV,5,2026-07-31
14903,2024,PHEV,5,2026-07-31
14903,2025,BEV,9,2026-07-31
14903,2025,PHEV,3,2026-07-31
14903,2026,BEV,6,2026-07-31
14904,2017,PHEV,1,2026-07-31
14904,2019,PHEV,1,2026-07-31
14904,2020,PHEV,1,2026-07-31
14904,2022,BEV,3,2026-07-31
14904,2022,PHEV,3,2026-07-31
14904,2023,BEV,3,2026-07-31
14904,2023,PHEV,2,2026-07-31
14904,2024,BEV,1,2026-07-31
14904,2024,PHEV,2,2026-07-31
14904,2025,BEV,6,2026-07-31
14904,2025,PHEV,2,2026-07-31
14904,2026,BEV,3,2026-07-31
14905,2018,PHEV,5,2026-07-31
14905,2019,PHEV,2,2026-07-31
14905,2020,BEV,2,2026-07-31
14905,2020,PHEV,2,2026-07-31
14905,2021,BEV,4,2026-07-31
14905,2021,PHEV,6,2026-07-31
14905,2022,BEV,8,2026-07-31
14905,2022,PHEV,5,2026-07-31
14905,2023,BEV,7,2026-07-31
14905,2023,PHEV,3,2026-07-31
14905,2024,BEV,4,2026-07-31
14905,2024,PHEV,3,2026-07-31
14905,2025,BEV,5,2026-07-31
14905,2025,PHEV,1,2026-07-31
14905,2026,BEV,3,2026-07-31
14905,2026,PHEV,1,2026-07-31
