county,year,ev_type,transaction_type,rebates,rebate_usd,data_through
ALBANY,2017,BEV,Lease,74,130300,2026-07-31
ALBANY,2017,BEV,Purchase,13,23900,2026-07-31
ALBANY,2017,PHEV,Lease,51,60300,2026-07-31
ALBANY,2017,PHEV,Purchase,78,91200,2026-07-31
ALBANY,2018,BEV,Lease,14,26800,2026-07-31
ALBANY,2018,BEV,Purchase,34,59000,2026-07-31
ALBANY,2018,PHEV,Lease,71,87700,2026-07-31
ALBANY,2018,PHEV,Purchase,113,139900,2026-07-31
ALBANY,2019,BEV,Lease,23,43000,2026-07-31
ALBANY,2019,BEV,Purchase,91,167000,2026-07-31
ALBANY,2019,PHEV,Lease,26,34600,2026-07-31
ALBANY,2019,PHEV,Purchase,81,91500,2026-07-31
ALBANY,2020,BEV,Lease,46,83000,2026-07-31
ALBANY,2020,BEV,Purchase,146,260500,2026-07-31
ALBANY,2020,PHEV,Lease,45,48900,2026-07-31
ALBANY,2020,PHEV,Purchase,94,105200,2026-07-31
ALBANY,2021,BEV,Lease,67,127500,2026-07-31
ALBANY,2021,BEV,Purchase,185,278700,2026-07-31
ALBANY,2021,PHEV,Lease,75,76000,2026-07-31
ALBANY,2021,PHEV,Purchase,238,249800,2026-07-31
ALBANY,2022,BEV,Lease,51,59500,2026-07-31
ALBANY,2022,BEV,Purchase,350,264000,2026-07-31
ALBANY,2022,PHEV,Lease,27,15500,2026-07-31
ALBANY,2022,PHEV,Purchase,189,140500,2026-07-31
ALBANY,2023,BEV,Lease,125,119000,2026-07-31
ALBANY,2023,BEV,Purchase,478,404000,2026-07-31
ALBANY,2023,PHEV,Lease,143,89500,2026-07-31
ALBANY,2023,PHEV,Purchase,277,195000,2026-07-31
ALBANY,2024,BEV,Lease,302,254500,2026-07-31
ALBANY,2024,BEV,Purchase,276,169500,2026-07-31
ALBANY,2024,PHEV,Lease,202,103000,2026-07-31
ALBANY,2024,PHEV,Purchase,237,118500,2026-07-31
ALBANY,2025,BEV,Lease,366,346500,2026-07-31
ALBANY,2025,BEV,Purchase,262,219500,2026-07-31
ALBANY,2025,PHEV,Lease,290,168000,2026-07-31
ALBANY,2025,PHEV,Purchase,195,104500,2026-07-31
ALBANY,2026,BEV,Lease,75,100500,2026-07-31
ALBANY,2026,BEV,Purchase,183,234000,2026-07-31
ALBANY,2026,PHEV,Lease,43,22500,2026-07-31
ALBANY,2026,PHEV,Purchase,131,91000,2026-07-31
ALLEGANY,2017,PHEV,Lease,3,4500,2026-07-31
ALLEGANY,2017,PHEV,Purchase,6,7200,2026-07-31
ALLEGANY,2018,BEV,Purchase,1,2000,2026-07-31
ALLEGANY,2018,PHEV,Lease,1,1100,2026-07-31
ALLEGANY,2018,PHEV,Purchase,6,7800,2026-07-31
ALLEGANY,2019,BEV,Purchase,2,2500,2026-07-31
ALLEGANY,2019,PHEV,Lease,1,1100,2026-07-31
ALLEGANY,2019,PHEV,Purchase,2,2800,2026-07-31
ALLEGANY,2020,BEV,Purchase,1,2000,2026-07-31
ALLEGANY,2020,PHEV,Lease,1,1100,2026-07-31
ALLEGANY,2020,PHEV,Purchase,7,7100,2026-07-31
ALLEGANY,2021,BEV,Lease,2,4000,2026-07-31
ALLEGANY,2021,BEV,Purchase,4,6500,2026-07-31
ALLEGANY,2021,PHEV,Purchase,12,15800,2026-07-31
ALLEGANY,2022,BEV,Lease,1,2000,2026-07-31
ALLEGANY,2022,BEV,Purchase,13,15500,2026-07-31
ALLEGANY,2022,PHEV,Lease,4,2500,2026-07-31
ALLEGANY,2022,PHEV,Purchase,5,4000,2026-07-31
ALLEGANY,2023,BEV,Lease,1,500,2026-07-31
ALLEGANY,2023,BEV,Purchase,8,5500,2026-07-31
ALLEGANY,2023,PHEV,Lease,3,2500,2026-07-31
ALLEGANY,2023,PHEV,Purchase,6,5000,2026-07-31
ALLEGANY,2024,BEV,Lease,5,2500,2026-07-31
ALLEGANY,2024,BEV,Purchase,19,15500,2026-07-31
ALLEGANY,2024,PHEV,Lease,4,2000,2026-07-31
ALLEGANY,2024,PHEV,Purchase,5,3000,2026-07-31
ALLEGANY,2025,BEV,Lease,6,9000,2026-07-31
ALLEGANY,2025,BEV,Purchase,10,11000,2026-07-31
ALLEGANY,2025,PHEV,Lease,5,2500,2026-07-31
ALLEGANY,2025,PHEV,Purchase,6,3500,2026-07-31
ALLEGANY,2026,BEV,Lease,3,4500,2026-07-31
ALLEGANY,2026,BEV,Purchase,3,3000,2026-07-31
ALLEGANY,2026,PHEV,Purchase,2,1000,2026-07-31
BRONX,2017,BEV,Lease,9,15600,2026-07-31
BRONX,2017,BEV,Purchase,3,2700,2026-07-31
BRONX,2017,PHEV,Lease,14,13600,2026-07-31
BRONX,2017,PHEV,Purchase,8,8800,2026-07-31
BRONX,2018,BEV,Lease,9,14700,2026-07-31
BRONX,2018,BEV,Purchase,11,16000,2026-07-31
BRONX,2018,PHEV,Lease,34,48800,2026-07-31
BRONX,2018,PHEV,Purchase,7,8300,2026-07-31
BRONX,2019,BEV,Lease,5,7000,2026-07-31
BRONX,2019,BEV,Purchase,51,96000,2026-07-31
BRONX,2019,PHEV,Lease,8,12400,2026-07-31
BRONX,2019,PHEV,Purchase,9,9300,2026-07-31
BRONX,2020,BEV,Lease,33,54000,2026-07-31
BRONX,2020,BEV,Purchase,94,173000,2026-07-31
BRONX,2020,PHEV,Lease,7,7700,2026-07-31
BRONX,2020,PHEV,Purchase,10,12200,2026-07-31
BRONX,2021,BEV,Lease,32,55500,2026-07-31
BRONX,2021,BEV,Purchase,174,270000,2026-07-31
BRONX,2021,PHEV,Lease,43,47000,2026-07-31
BRONX,2021,PHEV,Purchase,44,48100,2026-07-31
BRONX,2022,BEV,Lease,72,55500,2026-07-31
BRONX,2022,BEV,Purchase,272,162500,2026-07-31
BRONX,2022,PHEV,Lease,39,23500,2026-07-31
BRONX,2022,PHEV,Purchase,44,34000,2026-07-31
BRONX,2023,BEV,Lease,110,106000,2026-07-31
BRONX,2023,BEV,Purchase,1130,1012500,2026-07-31
BRONX,2023,PHEV,Lease,207,119000,2026-07-31
BRONX,2023,PHEV,Purchase,40,34500,2026-07-31
BRONX,2024,BEV,Lease,288,207500,2026-07-31
BRONX,2024,BEV,Purchase,331,221000,2026-07-31
BRONX,2024,PHEV,Lease,231,119500,2026-07-31
BRONX,2024,PHEV,Purchase,30,15000,2026-07-31
BRONX,2025,BEV,Lease,347,261000,2026-07-31
BRONX,2025,BEV,Purchase,189,114500,2026-07-31
BRONX,2025,PHEV,Lease,144,74500,2026-07-31
BRONX,2025,PHEV,Purchase,23,13500,2026-07-31
BRONX,2026,BEV,Lease,82,95000,2026-07-31
BRONX,2026,BEV,Purchase,122,131500,2026-07-31
BRONX,2026,PHEV,Lease,14,7500,2026-07-31
BRONX,2026,PHEV,Purchase,6,4500,2026-07-31
BROOME,2017,BEV,Lease,1,1700,2026-07-31
BROOME,2017,BEV,Purchase,5,10000,2026-07-31
BROOME,2017,PHEV,Lease,3,3300,2026-07-31
BROOME,2017,PHEV,Purchase,38,42400,2026-07-31
BROOME,2018,BEV,Lease,2,3400,2026-07-31
BROOME,2018,BEV,Purchase,3,4500,2026-07-31
BROOME,2018,PHEV,Lease,26,38200,2026-07-31
BROOME,2018,PHEV,Purchase,56,67000,2026-07-31
BROOME,2019,BEV,Lease,6,12000,2026-07-31
BROOME,2019,BEV,Purchase,17,31000,2026-07-31
BROOME,2019,PHEV,Lease,4,5600,2026-07-31
BROOME,2019,PHEV,Purchase,23,24700,2026-07-31
BROOME,2020,BEV,Lease,7,11000,2026-07-31
BROOME,2020,BEV,Purchase,37,69500,2026-07-31
BROOME,2020,PHEV,Lease,14,14800,2026-07-31
BROOME,2020,PHEV,Purchase,41,46300,2026-07-31
BROOME,2021,BEV,Lease,11,21000,2026-07-31
BROOME,2021,BEV,Purchase,43,67500,2026-07-31
BROOME,2021,PHEV,Lease,82,87300,2026-07-31
BROOME,2021,PHEV,Purchase,142,149500,2026-07-31
BROOME,2022,BEV,Lease,8,11500,2026-07-31
BROOME,2022,BEV,Purchase,95,71000,2026-07-31
BROOME,2022,PHEV,Lease,19,11500,2026-07-31
BROOME,2022,PHEV,Purchase,101,71000,2026-07-31
BROOME,2023,BEV,Lease,28,30500,2026-07-31
BROOME,2023,BEV,Purchase,112,102500,2026-07-31
BROOME,2023,PHEV,Lease,94,65500,2026-07-31
BROOME,2023,PHEV,Purchase,68,52000,2026-07-31
BROOME,2024,BEV,Lease,74,55000,2026-07-31
BROOME,2024,BEV,Purchase,71,50000,2026-07-31
BROOME,2024,PHEV,Lease,92,46000,2026-07-31
BROOME,2024,PHEV,Purchase,52,26000,2026-07-31
BROOME,2025,BEV,Lease,97,96500,2026-07-31
BROOME,2025,BEV,Purchase,89,65500,2026-07-31
BROOME,2025,PHEV,Lease,65,37500,2026-07-31
BROOME,2025,PHEV,Purchase,30,17000,2026-07-31
BROOME,2026,BEV,Lease,28,38000,2026-07-31
BROOME,2026,BEV,Purchase,66,81000,2026-07-31
BROOME,2026,PHEV,Lease,7,5500,2026-07-31
BROOME,2026,PHEV,Purchase,16,12000,2026-07-31
CATTARAUGUS,2017,BEV,Lease,1,2000,2026-07-31
CATTARAUGUS,2017,BEV,Purchase,1,2000,2026-07-31
CATTARAUGUS,2017,PHEV,Lease,3,3300,2026-07-31
CATTARAUGUS,2017,PHEV,Purchase,8,9400,2026-07-31
CATTARAUGUS,2018,PHEV,Lease,1,1100,2026-07-31
CATTARAUGUS,2018,PHEV,Purchase,7,9500,2026-07-31
CATTARAUGUS,2019,BEV,Lease,2,4000,2026-07-31
CATTARAUGUS,2019,BEV,Purchase,2,4000,2026-07-31
CATTARAUGUS,2019,PHEV,Lease,3,5100,2026-07-31
CATTARAUGUS,2019,PHEV,Purchase,3,3900,2026-07-31
CATTARAUGUS,2020,BEV,Purchase,4,8000,2026-07-31
CATTARAUGUS,2020,PHEV,Lease,1,1100,2026-07-31
CATTARAUGUS,2020,PHEV,Purchase,7,7100,2026-07-31
CATTARAUGUS,2021,BEV,Lease,1,1000,2026-07-31
CATTARAUGUS,2021,BEV,Purchase,5,8500,2026-07-31
CATTARAUGUS,2021,PHEV,Lease,11,11300,2026-07-31
CATTARAUGUS,2021,PHEV,Purchase,18,18800,2026-07-31
CATTARAUGUS,2022,BEV,Purchase,16,9500,2026-07-31
CATTARAUGUS,2022,PHEV,Lease,2,1000,2026-07-31
CATTARAUGUS,2022,PHEV,Purchase,17,13500,2026-07-31
CATTARAUGUS,2023,BEV,Lease,5,2500,2026-07-31
CATTARAUGUS,2023,BEV,Purchase,12,13500,2026-07-31
CATTARAUGUS,2023,PHEV,Lease,12,6000,2026-07-31
CATTARAUGUS,2023,PHEV,Purchase,6,4500,2026-07-31
CATTARAUGUS,2024,BEV,Lease,6,7500,2026-07-31
CATTARAUGUS,2024,BEV,Purchase,9,9000,2026-07-31
CATTARAUGUS,2024,PHEV,Lease,8,4000,2026-07-31
CATTARAUGUS,2024,PHEV,Purchase,4,2000,2026-07-31
CATTARAUGUS,2025,BEV,Lease,13,17000,2026-07-31
CATTARAUGUS,2025,BEV,Purchase,14,14500,2026-07-31
CATTARAUGUS,2025,PHEV,Lease,6,3000,2026-07-31
CATTARAUGUS,2025,PHEV,Purchase,2,1000,2026-07-31
CATTARAUGUS,2026,BEV,Lease,5,8500,2026-07-31
CATTARAUGUS,2026,BEV,Purchase,10,9500,2026-07-31
CATTARAUGUS,2026,PHEV,Lease,1,500,2026-07-31
CATTARAUGUS,2026,PHEV,Purchase,3,2500,2026-07-31
CAYUGA,2017,BEV,Lease,1,2000,2026-07-31
CAYUGA,2017,BEV,Purchase,1,2000,2026-07-31
CAYUGA,2017,PHEV,Purchase,6,7200,2026-07-31
CAYUGA,2018,BEV,Lease,1,2000,2026-07-31
CAYUGA,2018,BEV,Purchase,2,4000,2026-07-31
CAYUGA,2018,PHEV,Lease,5,8500,2026-07-31
CAYUGA,2018,PHEV,Purchase,16,17600,2026-07-31
CAYUGA,2019,BEV,Lease,1,500,2026-07-31
CAYUGA,2019,BEV,Purchase,4,8000,2026-07-31
CAYUGA,2019,PHEV,Lease,2,3400,2026-07-31
CAYUGA,2019,PHEV,Purchase,12,13800,2026-07-31
CAYUGA,2020,BEV,Purchase,7,12500,2026-07-31
CAYUGA,2020,PHEV,Lease,3,3300,2026-07-31
CAYUGA,2020,PHEV,Purchase,17,19900,2026-07-31
CAYUGA,2021,BEV,Lease,4,8000,2026-07-31
CAYUGA,2021,BEV,Purchase,15,27500,2026-07-31
CAYUGA,2021,PHEV,Lease,8,8600,2026-07-31
CAYUGA,2021,PHEV,Purchase,20,21000,2026-07-31
CAYUGA,2022,BEV,Lease,4,6500,2026-07-31
CAYUGA,2022,BEV,Purchase,33,26000,2026-07-31
CAYUGA,2022,PHEV,Lease,2,1000,2026-07-31
CAYUGA,2022,PHEV,Purchase,30,21500,2026-07-31
CAYUGA,2023,BEV,Lease,4,5000,2026-07-31
CAYUGA,2023,BEV,Purchase,22,21500,2026-07-31
CAYUGA,2023,PHEV,Lease,33,17000,2026-07-31
CAYUGA,2023,PHEV,Purchase,25,19500,2026-07-31
CAYUGA,2024,BEV,Lease,40,32000,2026-07-31
CAYUGA,2024,BEV,Purchase,32,28000,2026-07-31
CAYUGA,2024,PHEV,Lease,48,24000,2026-07-31
CAYUGA,2024,PHEV,Purchase,16,8000,2026-07-31
CAYUGA,2025,BEV,Lease,27,24000,2026-07-31
CAYUGA,2025,BEV,Purchase,25,23000,2026-07-31
CAYUGA,2025,PHEV,Lease,23,11500,2026-07-31
CAYUGA,2025,PHEV,Purchase,9,5500,2026-07-31
CAYUGA,2026,BEV,Lease,8,10000,2026-07-31
CAYUGA,2026,BEV,Purchase,20,25000,2026-07-31
CAYUGA,2026,PHEV,Purchase,5,4000,2026-07-31
CHAUTAUQUA,2017,BEV,Lease,1,2000,2026-07-31
CHAUTAUQUA,2017,BEV,Purchase,3,4500,2026-07-31
CHAUTAUQUA,2017,PHEV,Lease,4,4400,2026-07-31
CHAUTAUQUA,2017,PHEV,Purchase,18,19800,2026-07-31
CHAUTAUQUA,2018,BEV,Purchase,5,10000,2026-07-31
CHAUTAUQUA,2018,PHEV,Lease,14,19000,2026-07-31
CHAUTAUQUA,2018,PHEV,Purchase,25,28100,2026-07-31
CHAUTAUQUA,2019,BEV,Lease,17,34000,2026-07-31
CHAUTAUQUA,2019,BEV,Purchase,5,10000,2026-07-31
CHAUTAUQUA,2019,PHEV,Lease,5,7600,2026-07-31
CHAUTAUQUA,2019,PHEV,Purchase,11,12700,2026-07-31
CHAUTAUQUA,2020,BEV,Lease,1,2000,2026-07-31
CHAUTAUQUA,2020,BEV,Purchase,12,22200,2026-07-31
CHAUTAUQUA,2020,PHEV,Lease,24,27000,2026-07-31
CHAUTAUQUA,2020,PHEV,Purchase,31,35300,2026-07-31
CHAUTAUQUA,2021,BEV,Lease,3,6000,2026-07-31
CHAUTAUQUA,2021,BEV,Purchase,18,25500,2026-07-31
CHAUTAUQUA,2021,PHEV,Lease,38,42500,2026-07-31
CHAUTAUQUA,2021,PHEV,Purchase,37,40300,2026-07-31
CHAUTAUQUA,2022,BEV,Purchase,18,17000,2026-07-31
CHAUTAUQUA,2022,PHEV,Lease,3,2000,2026-07-31
CHAUTAUQUA,2022,PHEV,Purchase,26,18000,2026-07-31
CHAUTAUQUA,2023,BEV,Lease,2,2500,2026-07-31
CHAUTAUQUA,2023,BEV,Purchase,42,45500,2026-07-31
CHAUTAUQUA,2023,PHEV,Lease,20,10000,2026-07-31
CHAUTAUQUA,2023,PHEV,Purchase,13,9500,2026-07-31
CHAUTAUQUA,2024,BEV,Lease,16,23000,2026-07-31
CHAUTAUQUA,2024,BEV,Purchase,25,26000,2026-07-31
CHAUTAUQUA,2024,PHEV,Lease,14,7500,2026-07-31
CHAUTAUQUA,2024,PHEV,Purchase,8,4500,2026-07-31
CHAUTAUQUA,2025,BEV,Lease,37,41000,2026-07-31
CHAUTAUQUA,2025,BEV,Purchase,28,25000,2026-07-31
CHAUTAUQUA,2025,PHEV,Lease,15,8000,2026-07-31
CHAUTAUQUA,2025,PHEV,Purchase,5,2500,2026-07-31
CHAUTAUQUA,2026,BEV,Lease,11,16000,2026-07-31
CHAUTAUQUA,2026,BEV,Purchase,22,32000,2026-07-31
CHAUTAUQUA,2026,PHEV,Purchase,4,3000,2026-07-31
CHEMUNG,2017,BEV,Purchase,2,4000,2026-07-31
CHEMUNG,2017,PHEV,Purchase,4,5600,2026-07-31
CHEMUNG,2018,BEV,Lease,2,4000,2026-07-31
CHEMUNG,2018,BEV,Purchase,2,2500,2026-07-31
CHEMUNG,2018,PHEV,Lease,6,10200,2026-07-31
CHEMUNG,2018,PHEV,Purchase,19,23900,2026-07-31
CHEMUNG,2019,BEV,Lease,1,2000,2026-07-31
CHEMUNG,2019,BEV,Purchase,6,10500,2026-07-31
CHEMUNG,2019,PHEV,Lease,2,1000,2026-07-31
CHEMUNG,2019,PHEV,Purchase,9,11700,2026-07-31
CHEMUNG,2020,BEV,Lease,3,6000,2026-07-31
CHEMUNG,2020,BEV,Purchase,11,22000,2026-07-31
CHEMUNG,2020,PHEV,Lease,1,1100,2026-07-31
CHEMUNG,2020,PHEV,Purchase,14,14800,2026-07-31
CHEMUNG,2021,BEV,Lease,5,9000,2026-07-31
CHEMUNG,2021,BEV,Purchase,15,19200,2026-07-31
CHEMUNG,2021,PHEV,Lease,7,9400,2026-07-31
CHEMUNG,2021,PHEV,Purchase,28,27100,2026-07-31
CHEMUNG,2022,BEV,Lease,1,500,2026-07-31
CHEMUNG,2022,BEV,Purchase,33,25500,2026-07-31
CHEMUNG,2022,PHEV,Lease,1,500,2026-07-31
CHEMUNG,2022,PHEV,Purchase,30,21000,2026-07-31
CHEMUNG,2023,BEV,Purchase,48,48000,2026-07-31
CHEMUNG,2023,PHEV,Lease,11,7500,2026-07-31
CHEMUNG,2023,PHEV,Purchase,15,13000,2026-07-31
CHEMUNG,2024,BEV,Lease,16,11000,2026-07-31
CHEMUNG,2024,BEV,Purchase,20,13000,2026-07-31
CHEMUNG,2024,PHEV,Lease,18,9500,2026-07-31
CHEMUNG,2024,PHEV,Purchase,18,9000,2026-07-31
CHEMUNG,2025,BEV,Lease,23,22000,2026-07-31
CHEMUNG,2025,BEV,Purchase,26,20500,2026-07-31
CHEMUNG,2025,PHEV,Lease,11,6500,2026-07-31
CHEMUNG,2025,PHEV,Purchase,5,2500,2026-07-31
CHEMUNG,2026,BEV,Lease,10,14000,2026-07-31
CHEMUNG,2026,BEV,Purchase,14,16000,2026-07-31
CHEMUNG,2026,PHEV,Lease,2,1000,2026-07-31
CHEMUNG,2026,PHEV,Purchase,4,3500,2026-07-31
CHENANGO,2017,BEV,Lease,1,2000,2026-07-31
CHENANGO,2017,BEV,Purchase,3,5700,2026-07-31
CHENANGO,2017,PHEV,Lease,1,1100,2026-07-31
CHENANGO,2017,PHEV,Purchase,5,5500,2026-07-31
CHENANGO,2018,BEV,Purchase,1,2000,2026-07-31
CHENANGO,2018,PHEV,Lease,2,3400,2026-07-31
CHENANGO,2018,PHEV,Purchase,11,12700,2026-07-31
CHENANGO,2019,BEV,Purchase,1,2000,2026-07-31
CHENANGO,2019,PHEV,Lease,1,1100,2026-07-31
CHENANGO,2019,PHEV,Purchase,4,4400,2026-07-31
CHENANGO,2020,BEV,Lease,2,4000,2026-07-31
CHENANGO,2020,BEV,Purchase,3,5700,2026-07-31
CHENANGO,2020,PHEV,Lease,2,2200,2026-07-31
CHENANGO,2020,PHEV,Purchase,8,9400,2026-07-31
CHENANGO,2021,BEV,Lease,2,4000,2026-07-31
CHENANGO,2021,BEV,Purchase,10,18500,2026-07-31
CHENANGO,2021,PHEV,Lease,9,7500,2026-07-31
CHENANGO,2021,PHEV,Purchase,11,12400,2026-07-31
CHENANGO,2022,BEV,Purchase,11,13000,2026-07-31
CHENANGO,2022,PHEV,Lease,1,500,2026-07-31
CHENANGO,2022,PHEV,Purchase,20,13000,2026-07-31
CHENANGO,2023,BEV,Lease,1,2000,2026-07-31
CHENANGO,2023,BEV,Purchase,15,10500,2026-07-31
CHENANGO,2023,PHEV,Lease,5,4000,2026-07-31
CHENANGO,2023,PHEV,Purchase,12,10500,2026-07-31
CHENANGO,2024,BEV,Lease,5,4000,2026-07-31
CHENANGO,2024,BEV,Purchase,9,9000,2026-07-31
CHENANGO,2024,PHEV,Lease,4,2000,2026-07-31
CHENANGO,2024,PHEV,Purchase,14,7000,2026-07-31
CHENANGO,2025,BEV,Lease,11,13000,2026-07-31
CHENANGO,2025,BEV,Purchase,8,10000,2026-07-31
CHENANGO,2025,PHEV,Lease,3,1500,2026-07-31
CHENANGO,2025,PHEV,Purchase,4,2000,2026-07-31
CHENANGO,2026,BEV,Lease,3,4500,2026-07-31
CHENANGO,2026,BEV,Purchase,12,18000,2026-07-31
CHENANGO,2026,PHEV,Purchase,3,3000,2026-07-31
CLINTON,2017,BEV,Lease,2,4000,2026-07-31
CLINTON,2017,BEV,Purchase,2,4000,2026-07-31
CLINTON,2017,PHEV,Purchase,9,11100,2026-07-31
CLINTON,2018,BEV,Purchase,4,5000,2026-07-31
CLINTON,2018,PHEV,Lease,7,11900,2026-07-31
CLINTON,2018,PHEV,Purchase,12,15000,2026-07-31
CLINTON,2019,BEV,Purchase,5,10000,2026-07-31
CLINTON,2019,PHEV,Lease,3,3900,2026-07-31
CLINTON,2019,PHEV,Purchase,15,15300,2026-07-31
CLINTON,2020,BEV,Lease,4,8000,2026-07-31
CLINTON,2020,BEV,Purchase,14,26500,2026-07-31
CLINTON,2020,PHEV,Lease,5,5500,2026-07-31
CLINTON,2020,PHEV,Purchase,20,25000,2026-07-31
CLINTON,2021,BEV,Lease,2,4000,2026-07-31
CLINTON,2021,BEV,Purchase,33,46500,2026-07-31
CLINTON,2021,PHEV,Lease,3,2700,2026-07-31
CLINTON,2021,PHEV,Purchase,44,48000,2026-07-31
CLINTON,2022,BEV,Lease,2,2500,2026-07-31
CLINTON,2022,BEV,Purchase,33,27000,2026-07-31
CLINTON,2022,PHEV,Lease,2,1000,2026-07-31
CLINTON,2022,PHEV,Purchase,24,18000,2026-07-31
CLINTON,2023,BEV,Lease,17,13500,2026-07-31
CLINTON,2023,BEV,Purchase,29,26500,2026-07-31
CLINTON,2023,PHEV,Lease,7,5500,2026-07-31
CLINTON,2023,PHEV,Purchase,14,11000,2026-07-31
CLINTON,2024,BEV,Lease,24,19500,2026-07-31
CLINTON,2024,BEV,Purchase,32,22000,2026-07-31
CLINTON,2024,PHEV,Lease,16,8000,2026-07-31
CLINTON,2024,PHEV,Purchase,11,5500,2026-07-31
CLINTON,2025,BEV,Lease,25,20000,2026-07-31
CLINTON,2025,BEV,Purchase,35,31000,2026-07-31
CLINTON,2025,PHEV,Lease,9,4500,2026-07-31
CLINTON,2025,PHEV,Purchase,8,5000,2026-07-31
CLINTON,2026,BEV,Lease,6,12000,2026-07-31
CLINTON,2026,BEV,Purchase,8,10000,2026-07-31
CLINTON,2026,PHEV,Purchase,2,1500,2026-07-31
COLUMBIA,2017,BEV,Lease,5,9400,2026-07-31
COLUMBIA,2017,BEV,Purchase,2,4000,2026-07-31
COLUMBIA,2017,PHEV,Lease,9,11700,2026-07-31
COLUMBIA,2017,PHEV,Purchase,10,11000,2026-07-31
COLUMBIA,2018,BEV,Lease,4,8000,2026-07-31
COLUMBIA,2018,BEV,Purchase,7,14000,2026-07-31
COLUMBIA,2018,PHEV,Lease,7,8900,2026-07-31
COLUMBIA,2018,PHEV,Purchase,21,24900,2026-07-31
COLUMBIA,2019,BEV,Lease,7,12500,2026-07-31
COLUMBIA,2019,BEV,Purchase,23,43000,2026-07-31
COLUMBIA,2019,PHEV,Lease,6,6000,2026-07-31
COLUMBIA,2019,PHEV,Purchase,12,13800,2026-07-31
COLUMBIA,2020,BEV,Lease,13,20000,2026-07-31
COLUMBIA,2020,BEV,Purchase,43,80000,2026-07-31
COLUMBIA,2020,PHEV,Lease,5,5500,2026-07-31
COLUMBIA,2020,PHEV,Purchase,18,18600,2026-07-31
COLUMBIA,2021,BEV,Lease,16,29000,2026-07-31
COLUMBIA,2021,BEV,Purchase,38,58000,2026-07-31
COLUMBIA,2021,PHEV,Lease,13,13400,2026-07-31
COLUMBIA,2021,PHEV,Purchase,43,43000,2026-07-31
COLUMBIA,2022,BEV,Lease,20,17500,2026-07-31
COLUMBIA,2022,BEV,Purchase,70,56000,2026-07-31
COLUMBIA,2022,PHEV,Lease,5,3000,2026-07-31
COLUMBIA,2022,PHEV,Purchase,43,29500,2026-07-31
COLUMBIA,2023,BEV,Lease,45,31500,2026-07-31
COLUMBIA,2023,BEV,Purchase,66,60000,2026-07-31
COLUMBIA,2023,PHEV,Lease,26,14000,2026-07-31
COLUMBIA,2023,PHEV,Purchase,37,28000,2026-07-31
COLUMBIA,2024,BEV,Lease,54,43500,2026-07-31
COLUMBIA,2024,BEV,Purchase,51,36000,2026-07-31
COLUMBIA,2024,PHEV,Lease,44,22000,2026-07-31
COLUMBIA,2024,PHEV,Purchase,23,13000,2026-07-31
COLUMBIA,2025,BEV,Lease,53,40000,2026-07-31
COLUMBIA,2025,BEV,Purchase,39,28500,2026-07-31
COLUMBIA,2025,PHEV,Lease,33,16500,2026-07-31
COLUMBIA,2025,PHEV,Purchase,22,13000,2026-07-31
COLUMBIA,2026,BEV,Lease,27,40500,2026-07-31
COLUMBIA,2026,BEV,Purchase,25,29000,2026-07-31
COLUMBIA,2026,PHEV,Lease,7,3500,2026-07-31
COLUMBIA,2026,PHEV,Purchase,3,2500,2026-07-31
CORTLAND,2017,BEV,Lease,1,1700,2026-07-31
CORTLAND,2017,PHEV,Lease,1,1100,2026-07-31
CORTLAND,2017,PHEV,Purchase,5,5500,2026-07-31
CORTLAND,2018,BEV,Purchase,2,2500,2026-07-31
CORTLAND,2018,PHEV,Lease,4,6200,2026-07-31
CORTLAND,2018,PHEV,Purchase,10,12200,2026-07-31
CORTLAND,2019,BEV,Lease,2,4000,2026-07-31
CORTLAND,2019,BEV,Purchase,3,6000,2026-07-31
CORTLAND,2019,PHEV,Lease,1,1700,2026-07-31
CORTLAND,2019,PHEV,Purchase,11,13900,2026-07-31
CORTLAND,2020,BEV,Lease,2,4000,2026-07-31
CORTLAND,2020,BEV,Purchase,3,4500,2026-07-31
CORTLAND,2020,PHEV,Lease,2,2200,2026-07-31
CORTLAND,2020,PHEV,Purchase,7,7700,2026-07-31
CORTLAND,2021,BEV,Lease,14,28000,2026-07-31
CORTLAND,2021,BEV,Purchase,7,6500,2026-07-31
CORTLAND,2021,PHEV,Lease,9,10400,2026-07-31
CORTLAND,2021,PHEV,Purchase,20,18400,2026-07-31
CORTLAND,2022,BEV,Lease,2,2500,2026-07-31
CORTLAND,2022,BEV,Purchase,19,18500,2026-07-31
CORTLAND,2022,PHEV,Lease,3,2000,2026-07-31
CORTLAND,2022,PHEV,Purchase,15,11000,2026-07-31
CORTLAND,2023,BEV,Lease,3,3000,2026-07-31
CORTLAND,2023,BEV,Purchase,20,17500,2026-07-31
CORTLAND,2023,PHEV,Lease,11,6500,2026-07-31
CORTLAND,2023,PHEV,Purchase,12,9500,2026-07-31
CORTLAND,2024,BEV,Lease,10,9500,2026-07-31
CORTLAND,2024,BEV,Purchase,16,18500,2026-07-31
CORTLAND,2024,PHEV,Lease,23,11500,2026-07-31
CORTLAND,2024,PHEV,Purchase,11,5500,2026-07-31
CORTLAND,2025,BEV,Lease,17,16000,2026-07-31
CORTLAND,2025,BEV,Purchase,12,15000,2026-07-31
CORTLAND,2025,PHEV,Lease,13,7000,2026-07-31
CORTLAND,2025,PHEV,Purchase,5,2500,2026-07-31
CORTLAND,2026,BEV,Purchase,11,11500,2026-07-31
CORTLAND,2026,PHEV,Lease,2,1000,2026-07-31
CORTLAND,2026,PHEV,Purchase,2,1500,2026-07-31
DELAWARE,2017,BEV,Lease,2,4000,2026-07-31
DELAWARE,2017,BEV,Purchase,2,2200,2026-07-31
DELAWARE,2017,PHEV,Purchase,7,8300,2026-07-31
DELAWARE,2018,BEV,Lease,1,500,2026-07-31
DELAWARE,2018,BEV,Purchase,2,4000,2026-07-31
DELAWARE,2018,PHEV,Lease,4,5600,2026-07-31
DELAWARE,2018,PHEV,Purchase,11,13300,2026-07-31
DELAWARE,2019,BEV,Purchase,1,2000,2026-07-31
DELAWARE,2019,PHEV,Lease,1,1100,2026-07-31
DELAWARE,2019,PHEV,Purchase,8,8200,2026-07-31
DELAWARE,2020,BEV,Lease,3,6000,2026-07-31
DELAWARE,2020,BEV,Purchase,7,11000,2026-07-31
DELAWARE,2020,PHEV,Lease,1,1100,2026-07-31
DELAWARE,2020,PHEV,Purchase,3,3300,2026-07-31
DELAWARE,2021,BEV,Lease,3,4500,2026-07-31
DELAWARE,2021,BEV,Purchase,7,14000,2026-07-31
DELAWARE,2021,PHEV,Lease,14,12100,2026-07-31
DELAWARE,2021,PHEV,Purchase,16,18800,2026-07-31
DELAWARE,2022,BEV,Lease,3,4500,2026-07-31
DELAWARE,2022,BEV,Purchase,16,8500,2026-07-31
DELAWARE,2022,PHEV,Lease,2,1500,2026-07-31
DELAWARE,2022,PHEV,Purchase,19,13500,2026-07-31
DELAWARE,2023,BEV,Lease,7,5000,2026-07-31
DELAWARE,2023,BEV,Purchase,26,26500,2026-07-31
DELAWARE,2023,PHEV,Lease,4,3500,2026-07-31
DELAWARE,2023,PHEV,Purchase,12,9000,2026-07-31
DELAWARE,2024,BEV,Lease,10,8000,2026-07-31
DELAWARE,2024,BEV,Purchase,16,11000,2026-07-31
DELAWARE,2024,PHEV,Lease,11,6000,2026-07-31
DELAWARE,2024,PHEV,Purchase,14,7000,2026-07-31
DELAWARE,2025,BEV,Lease,12,9000,2026-07-31
DELAWARE,2025,BEV,Purchase,8,10000,2026-07-31
DELAWARE,2025,PHEV,Lease,7,4500,2026-07-31
DELAWARE,2025,PHEV,Purchase,8,4500,2026-07-31
DELAWARE,2026,BEV,Lease,5,8500,2026-07-31
DELAWARE,2026,BEV,Purchase,10,9500,2026-07-31
DELAWARE,2026,PHEV,Purchase,7,6000,2026-07-31
DUTCHESS,2017,BEV,Lease,27,50100,2026-07-31
DUTCHESS,2017,BEV,Purchase,25,46100,2026-07-31
DUTCHESS,2017,PHEV,Lease,15,20100,2026-07-31
DUTCHESS,2017,PHEV,Purchase,56,67600,2026-07-31
DUTCHESS,2018,BEV,Lease,8,14200,2026-07-31
DUTCHESS,2018,BEV,Purchase,47,80500,2026-07-31
DUTCHESS,2018,PHEV,Lease,50,76000,2026-07-31
DUTCHESS,2018,PHEV,Purchase,70,83600,2026-07-31
DUTCHESS,2019,BEV,Lease,20,38500,2026-07-31
DUTCHESS,2019,BEV,Purchase,91,174500,2026-07-31
DUTCHESS,2019,PHEV,Lease,16,20000,2026-07-31
DUTCHESS,2019,PHEV,Purchase,51,60900,2026-07-31
DUTCHESS,2020,BEV,Lease,48,82500,2026-07-31
DUTCHESS,2020,BEV,Purchase,157,291500,2026-07-31
DUTCHESS,2020,PHEV,Lease,23,25300,2026-07-31
DUTCHESS,2020,PHEV,Purchase,57,66300,2026-07-31
DUTCHESS,2021,BEV,Lease,58,105500,2026-07-31
DUTCHESS,2021,BEV,Purchase,231,344900,2026-07-31
DUTCHESS,2021,PHEV,Lease,55,57800,2026-07-31
DUTCHESS,2021,PHEV,Purchase,153,170100,2026-07-31
DUTCHESS,2022,BEV,Lease,64,60500,2026-07-31
DUTCHESS,2022,BEV,Purchase,375,259500,2026-07-31
DUTCHESS,2022,PHEV,Lease,16,10500,2026-07-31
DUTCHESS,2022,PHEV,Purchase,119,90500,2026-07-31
DUTCHESS,2023,BEV,Lease,128,108500,2026-07-31
DUTCHESS,2023,BEV,Purchase,416,349500,2026-07-31
DUTCHESS,2023,PHEV,Lease,100,56500,2026-07-31
DUTCHESS,2023,PHEV,Purchase,101,76000,2026-07-31
DUTCHESS,2024,BEV,Lease,262,185500,2026-07-31
DUTCHESS,2024,BEV,Purchase,297,183500,2026-07-31
DUTCHESS,2024,PHEV,Lease,160,84000,2026-07-31
DUTCHESS,2024,PHEV,Purchase,94,49000,2026-07-31
DUTCHESS,2025,BEV,Lease,357,248000,2026-07-31
DUTCHESS,2025,BEV,Purchase,261,198500,2026-07-31
DUTCHESS,2025,PHEV,Lease,87,49500,2026-07-31
DUTCHESS,2025,PHEV,Purchase,49,30000,2026-07-31
DUTCHESS,2026,BEV,Lease,75,82500,2026-07-31
DUTCHESS,2026,BEV,Purchase,185,182500,2026-07-31
DUTCHESS,2026,PHEV,Lease,20,12500,2026-07-31
DUTCHESS,2026,PHEV,Purchase,22,19000,2026-07-31
ERIE,2017,BEV,Lease,37,72200,2026-07-31
ERIE,2017,BEV,Purchase,20,38500,2026-07-31
ERIE,2017,PHEV,Lease,69,88500,2026-07-31
ERIE,2017,PHEV,Purchase,94,113600,2026-07-31
ERIE,2018,BEV,Lease,10,19700,2026-07-31
ERIE,2018,BEV,Purchase,44,77500,2026-07-31
ERIE,2018,PHEV,Lease,187,273500,2026-07-31
ERIE,2018,PHEV,Purchase,182,227200,2026-07-31
ERIE,2019,BEV,Lease,74,146500,2026-07-31
ERIE,2019,BEV,Purchase,92,170500,2026-07-31
ERIE,2019,PHEV,Lease,120,174000,2026-07-31
ERIE,2019,PHEV,Purchase,106,123800,2026-07-31
ERIE,2020,BEV,Lease,93,178500,2026-07-31
ERIE,2020,BEV,Purchase,192,339000,2026-07-31
ERIE,2020,PHEV,Lease,217,239600,2026-07-31
ERIE,2020,PHEV,Purchase,135,146100,2026-07-31
ERIE,2021,BEV,Lease,258,485000,2026-07-31
ERIE,2021,BEV,Purchase,352,552600,2026-07-31
ERIE,2021,PHEV,Lease,355,340900,2026-07-31
ERIE,2021,PHEV,Purchase,356,356100,2026-07-31
ERIE,2022,BEV,Lease,87,117500,2026-07-31
ERIE,2022,BEV,Purchase,695,524500,2026-07-31
ERIE,2022,PHEV,Lease,121,64000,2026-07-31
ERIE,2022,PHEV,Purchase,441,296000,2026-07-31
ERIE,2023,BEV,Lease,281,248000,2026-07-31
ERIE,2023,BEV,Purchase,666,586500,2026-07-31
ERIE,2023,PHEV,Lease,620,350000,2026-07-31
ERIE,2023,PHEV,Purchase,362,253500,2026-07-31
ERIE,2024,BEV,Lease,691,677000,2026-07-31
ERIE,2024,BEV,Purchase,518,398500,2026-07-31
ERIE,2024,PHEV,Lease,709,362500,2026-07-31
ERIE,2024,PHEV,Purchase,258,130000,2026-07-31
ERIE,2025,BEV,Lease,1224,1435500,2026-07-31
ERIE,2025,BEV,Purchase,568,572000,2026-07-31
ERIE,2025,PHEV,Lease,326,171500,2026-07-31
ERIE,2025,PHEV,Purchase,122,67500,2026-07-31
ERIE,2026,BEV,Lease,251,352000,2026-07-31
ERIE,2026,BEV,Purchase,332,403000,2026-07-31
ERIE,2026,PHEV,Lease,50,27000,2026-07-31
ERIE,2026,PHEV,Purchase,80,59500,2026-07-31
ESSEX,2017,BEV,Lease,2,4000,2026-07-31
ESSEX,2017,BEV,Purchase,3,6000,2026-07-31
ESSEX,2017,PHEV,Lease,1,1100,2026-07-31
ESSEX,2017,PHEV,Purchase,6,7200,2026-07-31
ESSEX,2018,BEV,Lease,2,3700,2026-07-31
ESSEX,2018,BEV,Purchase,4,8000,2026-07-31
ESSEX,2018,PHEV,Lease,3,4500,2026-07-31
ESSEX,2018,PHEV,Purchase,11,12700,2026-07-31
ESSEX,2019,BEV,Lease,1,2000,2026-07-31
ESSEX,2019,BEV,Purchase,8,16000,2026-07-31
ESSEX,2019,PHEV,Lease,1,1100,2026-07-31
ESSEX,2019,PHEV,Purchase,5,6100,2026-07-31
ESSEX,2020,BEV,Lease,4,8000,2026-07-31
ESSEX,2020,BEV,Purchase,11,22000,2026-07-31
ESSEX,2020,PHEV,Lease,1,1100,2026-07-31
ESSEX,2020,PHEV,Purchase,10,11600,2026-07-31
ESSEX,2021,BEV,Lease,6,12000,2026-07-31
ESSEX,2021,BEV,Purchase,9,12500,2026-07-31
ESSEX,2021,PHEV,Lease,4,4200,2026-07-31
ESSEX,2021,PHEV,Purchase,35,39800,2026-07-31
ESSEX,2022,BEV,Lease,3,3000,2026-07-31
ESSEX,2022,BEV,Purchase,28,23000,2026-07-31
ESSEX,2022,PHEV,Purchase,14,12000,2026-07-31
ESSEX,2023,BEV,Lease,3,1500,2026-07-31
ESSEX,2023,BEV,Purchase,29,23500,2026-07-31
ESSEX,2023,PHEV,Lease,5,4500,2026-07-31
ESSEX,2023,PHEV,Purchase,8,6000,2026-07-31
ESSEX,2024,BEV,Lease,23,16000,2026-07-31
ESSEX,2024,BEV,Purchase,28,29000,2026-07-31
ESSEX,2024,PHEV,Lease,9,4500,2026-07-31
ESSEX,2024,PHEV,Purchase,13,6500,2026-07-31
ESSEX,2025,BEV,Lease,12,9000,2026-07-31
ESSEX,2025,BEV,Purchase,21,16500,2026-07-31
ESSEX,2025,PHEV,Lease,11,5500,2026-07-31
ESSEX,2025,PHEV,Purchase,4,2000,2026-07-31
ESSEX,2026,BEV,Lease,2,2500,2026-07-31
ESSEX,2026,BEV,Purchase,10,18500,2026-07-31
ESSEX,2026,PHEV,Lease,2,2000,2026-07-31
ESSEX,2026,PHEV,Purchase,2,1500,2026-07-31
FRANKLIN,2017,PHEV,Purchase,5,5500,2026-07-31
FRANKLIN,2018,PHEV,Lease,2,2800,2026-07-31
FRANKLIN,2018,PHEV,Purchase,8,8800,2026-07-31
FRANKLIN,2019,BEV,Lease,2,4000,2026-07-31
FRANKLIN,2019,BEV,Purchase,3,4500,2026-07-31
FRANKLIN,2019,PHEV,Purchase,5,5500,2026-07-31
FRANKLIN,2020,BEV,Lease,2,4000,2026-07-31
FRANKLIN,2020,BEV,Purchase,3,6000,2026-07-31
FRANKLIN,2020,PHEV,Lease,1,1100,2026-07-31
FRANKLIN,2020,PHEV,Purchase,7,9500,2026-07-31
FRANKLIN,2021,BEV,Lease,4,8000,2026-07-31
FRANKLIN,2021,BEV,Purchase,7,14000,2026-07-31
FRANKLIN,2021,PHEV,Lease,4,3000,2026-07-31
FRANKLIN,2021,PHEV,Purchase,23,27000,2026-07-31
FRANKLIN,2022,BEV,Lease,1,500,2026-07-31
FRANKLIN,2022,BEV,Purchase,6,3000,2026-07-31
FRANKLIN,2022,PHEV,Purchase,9,5000,2026-07-31
FRANKLIN,2023,BEV,Lease,7,5000,2026-07-31
FRANKLIN,2023,BEV,Purchase,10,9500,2026-07-31
FRANKLIN,2023,PHEV,Lease,10,5500,2026-07-31
FRANKLIN,2023,PHEV,Purchase,15,12000,2026-07-31
FRANKLIN,2024,BEV,Lease,6,10500,2026-07-31
FRANKLIN,2024,BEV,Purchase,10,6500,2026-07-31
FRANKLIN,2024,PHEV,Lease,8,4500,2026-07-31
FRANKLIN,2024,PHEV,Purchase,13,6500,2026-07-31
FRANKLIN,2025,BEV,Lease,2,2500,2026-07-31
FRANKLIN,2025,BEV,Purchase,9,7500,2026-07-31
FRANKLIN,2025,PHEV,Lease,6,3500,2026-07-31
FRANKLIN,2025,PHEV,Purchase,6,4000,2026-07-31
FRANKLIN,2026,BEV,Lease,1,2000,2026-07-31
FRANKLIN,2026,BEV,Purchase,9,12000,2026-07-31
FRANKLIN,2026,PHEV,Purchase,3,3000,2026-07-31
FULTON,2017,BEV,Lease,5,8500,2026-07-31
FULTON,2017,PHEV,Lease,9,12300,2026-07-31
FULTON,2017,PHEV,Purchase,7,7700,2026-07-31
FULTON,2018,BEV,Lease,1,1700,2026-07-31
FULTON,2018,PHEV,Lease,13,18500,2026-07-31
FULTON,2018,PHEV,Purchase,14,17200,2026-07-31
FULTON,2019,BEV,Purchase,3,4500,2026-07-31
FULTON,2019,PHEV,Lease,1,1100,2026-07-31
FULTON,2019,PHEV,Purchase,8,8800,2026-07-31
FULTON,2020,BEV,Lease,4,8000,2026-07-31
FULTON,2020,BEV,Purchase,5,10000,2026-07-31
FULTON,2020,PHEV,Lease,5,5500,2026-07-31
FULTON,2020,PHEV,Purchase,7,7700,2026-07-31
FULTON,2021,BEV,Lease,4,8000,2026-07-31
FULTON,2021,BEV,Purchase,5,7000,2026-07-31
FULTON,2021,PHEV,Lease,7,9300,2026-07-31
FULTON,2021,PHEV,Purchase,26,29300,2026-07-31
FULTON,2022,BEV,Lease,11,14500,2026-07-31
FULTON,2022,BEV,Purchase,16,12500,2026-07-31
FULTON,2022,PHEV,Lease,1,500,2026-07-31
FULTON,2022,PHEV,Purchase,5,3500,2026-07-31
FULTON,2023,BEV,Lease,7,6500,2026-07-31
FULTON,2023,BEV,Purchase,16,15500,2026-07-31
FULTON,2023,PHEV,Lease,30,22000,2026-07-31
FULTON,2023,PHEV,Purchase,16,14000,2026-07-31
FULTON,2024,BEV,Lease,19,15500,2026-07-31
FULTON,2024,BEV,Purchase,18,10500,2026-07-31
FULTON,2024,PHEV,Lease,24,12500,2026-07-31
FULTON,2024,PHEV,Purchase,13,6500,2026-07-31
FULTON,2025,BEV,Lease,33,31500,2026-07-31
FULTON,2025,BEV,Purchase,15,12000,2026-07-31
FULTON,2025,PHEV,Lease,19,9500,2026-07-31
FULTON,2025,PHEV,Purchase,2,1000,2026-07-31
FULTON,2026,BEV,Lease,3,6000,2026-07-31
FULTON,2026,BEV,Purchase,9,9000,2026-07-31
FULTON,2026,PHEV,Lease,2,1000,2026-07-31
FULTON,2026,PHEV,Purchase,2,1000,2026-07-31
GENESEE,2017,BEV,Lease,1,2000,2026-07-31
GENESEE,2017,BEV,Purchase,1,2000,2026-07-31
GENESEE,2017,PHEV,Purchase,8,8800,2026-07-31
GENESEE,2018,PHEV,Lease,8,10600,2026-07-31
GENESEE,2018,PHEV,Purchase,13,16100,2026-07-31
GENESEE,2019,BEV,Lease,2,4000,2026-07-31
GENESEE,2019,BEV,Purchase,2,4000,2026-07-31
GENESEE,2019,PHEV,Lease,3,3900,2026-07-31
GENESEE,2019,PHEV,Purchase,14,19000,2026-07-31
GENESEE,2020,BEV,Lease,3,6000,2026-07-31
GENESEE,2020,BEV,Purchase,8,14500,2026-07-31
GENESEE,2020,PHEV,Lease,2,2200,2026-07-31
GENESEE,2020,PHEV,Purchase,6,7200,2026-07-31
GENESEE,2021,BEV,Lease,10,20000,2026-07-31
GENESEE,2021,BEV,Purchase,10,15500,2026-07-31
GENESEE,2021,PHEV,Lease,38,41600,2026-07-31
GENESEE,2021,PHEV,Purchase,23,25000,2026-07-31
GENESEE,2022,BEV,Lease,2,4000,2026-07-31
GENESEE,2022,BEV,Purchase,25,20500,2026-07-31
GENESEE,2022,PHEV,Lease,11,6000,2026-07-31
GENESEE,2022,PHEV,Purchase,25,17000,2026-07-31
GENESEE,2023,BEV,Lease,7,9500,2026-07-31
GENESEE,2023,BEV,Purchase,19,23500,2026-07-31
GENESEE,2023,PHEV,Lease,40,25500,2026-07-31
GENESEE,2023,PHEV,Purchase,18,16000,2026-07-31
GENESEE,2024,BEV,Lease,22,21500,2026-07-31
GENESEE,2024,BEV,Purchase,14,19000,2026-07-31
GENESEE,2024,PHEV,Lease,37,18500,2026-07-31
GENESEE,2024,PHEV,Purchase,12,6000,2026-07-31
GENESEE,2025,BEV,Lease,35,41500,2026-07-31
GENESEE,2025,BEV,Purchase,27,37500,2026-07-31
GENESEE,2025,PHEV,Lease,21,12500,2026-07-31
GENESEE,2025,PHEV,Purchase,5,3000,2026-07-31
GENESEE,2026,BEV,Lease,10,20000,2026-07-31
GENESEE,2026,BEV,Purchase,15,16500,2026-07-31
GENESEE,2026,PHEV,Lease,1,1000,2026-07-31
GENESEE,2026,PHEV,Purchase,7,6500,2026-07-31
GREENE,2017,BEV,Lease,4,7400,2026-07-31
GREENE,2017,BEV,Purchase,3,5400,2026-07-31
GREENE,2017,PHEV,Lease,7,8900,2026-07-31
GREENE,2017,PHEV,Purchase,4,4400,2026-07-31
GREENE,2018,BEV,Lease,1,1700,2026-07-31
GREENE,2018,BEV,Purchase,2,4000,2026-07-31
GREENE,2018,PHEV,Lease,5,6700,2026-07-31
GREENE,2018,PHEV,Purchase,6,7200,2026-07-31
GREENE,2019,BEV,Lease,1,2000,2026-07-31
GREENE,2019,BEV,Purchase,7,14000,2026-07-31
GREENE,2019,PHEV,Lease,7,8300,2026-07-31
GREENE,2019,PHEV,Purchase,8,9400,2026-07-31
GREENE,2020,BEV,Lease,4,8000,2026-07-31
GREENE,2020,BEV,Purchase,17,32500,2026-07-31
GREENE,2020,PHEV,Lease,3,3300,2026-07-31
GREENE,2020,PHEV,Purchase,10,12200,2026-07-31
GREENE,2021,BEV,Lease,6,12000,2026-07-31
GREENE,2021,BEV,Purchase,17,22500,2026-07-31
GREENE,2021,PHEV,Lease,8,7500,2026-07-31
GREENE,2021,PHEV,Purchase,23,23900,2026-07-31
GREENE,2022,BEV,Lease,5,5500,2026-07-31
GREENE,2022,BEV,Purchase,35,26500,2026-07-31
GREENE,2022,PHEV,Lease,5,2500,2026-07-31
GREENE,2022,PHEV,Purchase,29,20500,2026-07-31
GREENE,2023,BEV,Lease,13,11500,2026-07-31
GREENE,2023,BEV,Purchase,51,33500,2026-07-31
GREENE,2023,PHEV,Lease,13,7000,2026-07-31
GREENE,2023,PHEV,Purchase,21,12500,2026-07-31
GREENE,2024,BEV,Lease,18,12000,2026-07-31
GREENE,2024,BEV,Purchase,24,16500,2026-07-31
GREENE,2024,PHEV,Lease,18,10000,2026-07-31
GREENE,2024,PHEV,Purchase,14,8000,2026-07-31
GREENE,2025,BEV,Lease,47,46000,2026-07-31
GREENE,2025,BEV,Purchase,27,24500,2026-07-31
GREENE,2025,PHEV,Lease,18,9000,2026-07-31
GREENE,2025,PHEV,Purchase,12,6000,2026-07-31
GREENE,2026,BEV,Lease,6,7500,2026-07-31
GREENE,2026,BEV,Purchase,16,24500,2026-07-31
GREENE,2026,PHEV,Lease,2,1000,2026-07-31
GREENE,2026,PHEV,Purchase,3,1500,2026-07-31
HAMILTON,2017,PHEV,Purchase,1,1100,2026-07-31
HAMILTON,2018,BEV,Purchase,1,2000,2026-07-31
HAMILTON,2018,PHEV,Purchase,3,3300,2026-07-31
HAMILTON,2019,PHEV,Purchase,1,1100,2026-07-31
HAMILTON,2020,PHEV,Purchase,2,2200,2026-07-31
HAMILTON,2021,BEV,Purchase,1,2000,2026-07-31
HAMILTON,2021,PHEV,Purchase,4,4300,2026-07-31
HAMILTON,2022,BEV,Lease,1,500,2026-07-31
HAMILTON,2022,BEV,Purchase,3,3000,2026-07-31
HAMILTON,2022,PHEV,Purchase,5,3000,2026-07-31
HAMILTON,2023,BEV,Lease,1,500,2026-07-31
HAMILTON,2023,BEV,Purchase,1,500,2026-07-31
HAMILTON,2023,PHEV,Lease,3,2500,2026-07-31
HAMILTON,2023,PHEV,Purchase,5,4000,2026-07-31
HAMILTON,2024,BEV,Lease,2,1000,2026-07-31
HAMILTON,2024,PHEV,Purchase,2,1000,2026-07-31
HAMILTON,2025,BEV,Lease,1,2000,2026-07-31
HAMILTON,2025,BEV,Purchase,1,500,2026-07-31
HAMILTON,2025,PHEV,Lease,1,500,2026-07-31
HAMILTON,2026,BEV,Purchase,1,2000,2026-07-31
HAMILTON,2026,PHEV,Purchase,1,500,2026-07-31
HERKIMER,2017,BEV,Lease,2,3700,2026-07-31
HERKIMER,2017,PHEV,Lease,1,1700,2026-07-31
HERKIMER,2017,PHEV,Purchase,4,4400,2026-07-31
HERKIMER,2018,PHEV,Purchase,4,5600,2026-07-31
HERKIMER,2019,BEV,Lease,2,4000,2026-07-31
HERKIMER,2019,BEV,Purchase,5,10000,2026-07-31
HERKIMER,2019,PHEV,Lease,2,3400,2026-07-31
HERKIMER,2019,PHEV,Purchase,5,5500,2026-07-31
HERKIMER,2020,BEV,Lease,1,2000,2026-07-31
HERKIMER,2020,BEV,Purchase,1,2000,2026-07-31
HERKIMER,2020,PHEV,Lease,16,17600,2026-07-31
HERKIMER,2020,PHEV,Purchase,6,7200,2026-07-31
HERKIMER,2021,BEV,Lease,6,11000,2026-07-31
HERKIMER,2021,BEV,Purchase,11,17500,2026-07-31
HERKIMER,2021,PHEV,Lease,10,11500,2026-07-31
HERKIMER,2021,PHEV,Purchase,21,19700,2026-07-31
HERKIMER,2022,BEV,Lease,2,1000,2026-07-31
HERKIMER,2022,BEV,Purchase,21,22500,2026-07-31
HERKIMER,2022,PHEV,Lease,4,2500,2026-07-31
HERKIMER,2022,PHEV,Purchase,12,8000,2026-07-31
HERKIMER,2023,BEV,Lease,4,2000,2026-07-31
HERKIMER,2023,BEV,Purchase,17,23500,2026-07-31
HERKIMER,2023,PHEV,Lease,11,7500,2026-07-31
HERKIMER,2023,PHEV,Purchase,9,7000,2026-07-31
HERKIMER,2024,BEV,Lease,20,22000,2026-07-31
HERKIMER,2024,BEV,Purchase,16,9500,2026-07-31
HERKIMER,2024,PHEV,Lease,10,5000,2026-07-31
HERKIMER,2024,PHEV,Purchase,8,4000,2026-07-31
HERKIMER,2025,BEV,Lease,22,20000,2026-07-31
HERKIMER,2025,BEV,Purchase,18,15000,2026-07-31
HERKIMER,2025,PHEV,Lease,16,8500,2026-07-31
HERKIMER,2025,PHEV,Purchase,7,3500,2026-07-31
HERKIMER,2026,BEV,Lease,8,10000,2026-07-31
HERKIMER,2026,BEV,Purchase,4,3500,2026-07-31
HERKIMER,2026,PHEV,Lease,4,2000,2026-07-31
HERKIMER,2026,PHEV,Purchase,2,1500,2026-07-31
JEFFERSON,2017,BEV,Lease,1,1700,2026-07-31
JEFFERSON,2017,BEV,Purchase,1,2000,2026-07-31
JEFFERSON,2017,PHEV,Lease,9,12900,2026-07-31
JEFFERSON,2017,PHEV,Purchase,7,7700,2026-07-31
JEFFERSON,2018,BEV,Purchase,2,4000,2026-07-31
JEFFERSON,2018,PHEV,Lease,4,5000,2026-07-31
JEFFERSON,2018,PHEV,Purchase,20,22600,2026-07-31
JEFFERSON,2019,BEV,Purchase,3,6000,2026-07-31
JEFFERSON,2019,PHEV,Purchase,11,12700,2026-07-31
JEFFERSON,2020,BEV,Purchase,14,25000,2026-07-31
JEFFERSON,2020,PHEV,Lease,4,3800,2026-07-31
JEFFERSON,2020,PHEV,Purchase,15,18900,2026-07-31
JEFFERSON,2021,BEV,Lease,7,12500,2026-07-31
JEFFERSON,2021,BEV,Purchase,33,57500,2026-07-31
JEFFERSON,2021,PHEV,Lease,16,19000,2026-07-31
JEFFERSON,2021,PHEV,Purchase,51,56900,2026-07-31
JEFFERSON,2022,BEV,Purchase,27,21500,2026-07-31
JEFFERSON,2022,PHEV,Lease,2,1500,2026-07-31
JEFFERSON,2022,PHEV,Purchase,35,24000,2026-07-31
JEFFERSON,2023,BEV,Lease,8,10000,2026-07-31
JEFFERSON,2023,BEV,Purchase,28,17000,2026-07-31
JEFFERSON,2023,PHEV,Lease,58,30500,2026-07-31
JEFFERSON,2023,PHEV,Purchase,26,19500,2026-07-31
JEFFERSON,2024,BEV,Lease,8,8500,2026-07-31
JEFFERSON,2024,BEV,Purchase,30,20000,2026-07-31
JEFFERSON,2024,PHEV,Lease,79,39500,2026-07-31
JEFFERSON,2024,PHEV,Purchase,32,16000,2026-07-31
JEFFERSON,2025,BEV,Lease,29,25000,2026-07-31
JEFFERSON,2025,BEV,Purchase,32,23500,2026-07-31
JEFFERSON,2025,PHEV,Lease,47,24500,2026-07-31
JEFFERSON,2025,PHEV,Purchase,12,8000,2026-07-31
JEFFERSON,2026,BEV,Lease,6,7500,2026-07-31
JEFFERSON,2026,BEV,Purchase,24,30000,2026-07-31
JEFFERSON,2026,PHEV,Lease,5,3000,2026-07-31
JEFFERSON,2026,PHEV,Purchase,3,2000,2026-07-31
KINGS,2017,BEV,Lease,35,55300,2026-07-31
KINGS,2017,BEV,Purchase,12,11400,2026-07-31
KINGS,2017,PHEV,Lease,23,19300,2026-07-31
KINGS,2017,PHEV,Purchase,9,9300,2026-07-31
KINGS,2018,BEV,Lease,27,41400,2026-07-31
KINGS,2018,BEV,Purchase,41,59500,2026-07-31
KINGS,2018,PHEV,Lease,106,167600,2026-07-31
KINGS,2018,PHEV,Purchase,25,28700,2026-07-31
KINGS,2019,BEV,Lease,59,97900,2026-07-31
KINGS,2019,BEV,Purchase,178,321200,2026-07-31
KINGS,2019,PHEV,Lease,59,87100,2026-07-31
KINGS,2019,PHEV,Purchase,23,28900,2026-07-31
KINGS,2020,BEV,Lease,235,419000,2026-07-31
KINGS,2020,BEV,Purchase,549,964200,2026-07-31
KINGS,2020,PHEV,Lease,112,120200,2026-07-31
KINGS,2020,PHEV,Purchase,49,56300,2026-07-31
KINGS,2021,BEV,Lease,72,130000,2026-07-31
KINGS,2021,BEV,Purchase,590,870700,2026-07-31
KINGS,2021,PHEV,Lease,155,150600,2026-07-31
KINGS,2021,PHEV,Purchase,118,127700,2026-07-31
KINGS,2022,BEV,Lease,364,239000,2026-07-31
KINGS,2022,BEV,Purchase,1177,739500,2026-07-31
KINGS,2022,PHEV,Lease,97,56000,2026-07-31
KINGS,2022,PHEV,Purchase,168,125000,2026-07-31
KINGS,2023,BEV,Lease,519,486000,2026-07-31
KINGS,2023,BEV,Purchase,2524,1830000,2026-07-31
KINGS,2023,PHEV,Lease,481,271000,2026-07-31
KINGS,2023,PHEV,Purchase,92,72500,2026-07-31
KINGS,2024,BEV,Lease,1421,905000,2026-07-31
KINGS,2024,BEV,Purchase,703,401000,2026-07-31
KINGS,2024,PHEV,Lease,638,324000,2026-07-31
KINGS,2024,PHEV,Purchase,63,32000,2026-07-31
KINGS,2025,BEV,Lease,1682,885500,2026-07-31
KINGS,2025,BEV,Purchase,563,307000,2026-07-31
KINGS,2025,PHEV,Lease,254,131000,2026-07-31
KINGS,2025,PHEV,Purchase,30,16000,2026-07-31
KINGS,2026,BEV,Lease,296,268000,2026-07-31
KINGS,2026,BEV,Purchase,403,383000,2026-07-31
KINGS,2026,PHEV,Lease,45,28500,2026-07-31
KINGS,2026,PHEV,Purchase,23,18000,2026-07-31
LEWIS,2017,BEV,Purchase,1,1700,2026-07-31
LEWIS,2017,PHEV,Lease,1,1100,2026-07-31
LEWIS,2018,PHEV,Purchase,1,1100,2026-07-31
LEWIS,2019,PHEV,Lease,1,1100,2026-07-31
LEWIS,2019,PHEV,Purchase,3,3300,2026-07-31
LEWIS,2020,PHEV,Purchase,2,2200,2026-07-31
LEWIS,2021,BEV,Purchase,3,4500,2026-07-31
LEWIS,2021,PHEV,Lease,1,1100,2026-07-31
LEWIS,2021,PHEV,Purchase,5,4100,2026-07-31
LEWIS,2022,BEV,Purchase,4,2000,2026-07-31
LEWIS,2022,PHEV,Lease,1,500,2026-07-31
LEWIS,2022,PHEV,Purchase,7,4500,2026-07-31
LEWIS,2023,BEV,Lease,1,500,2026-07-31
LEWIS,2023,BEV,Purchase,6,6000,2026-07-31
LEWIS,2023,PHEV,Lease,1,500,2026-07-31
LEWIS,2023,PHEV,Purchase,3,2000,2026-07-31
LEWIS,2024,BEV,Lease,2,1000,2026-07-31
LEWIS,2024,BEV,Purchase,6,3000,2026-07-31
LEWIS,2024,PHEV,Lease,5,2500,2026-07-31
LEWIS,2024,PHEV,Purchase,8,4000,2026-07-31
LEWIS,2025,BEV,Lease,4,5000,2026-07-31
LEWIS,2025,BEV,Purchase,1,500,2026-07-31
LEWIS,2025,PHEV,Lease,4,2000,2026-07-31
LEWIS,2025,PHEV,Purchase,2,1000,2026-07-31
LEWIS,2026,BEV,Lease,3,4500,2026-07-31
LEWIS,2026,BEV,Purchase,3,4500,2026-07-31
LEWIS,2026,PHEV,Purchase,1,1000,2026-07-31
LIVINGSTON,2017,BEV,Lease,4,7700,2026-07-31
LIVINGSTON,2017,BEV,Purchase,2,4000,2026-07-31
LIVINGSTON,2017,PHEV,Lease,2,2800,2026-07-31
LIVINGSTON,2017,PHEV,Purchase,6,7200,2026-07-31
LIVINGSTON,2018,BEV,Lease,3,5400,2026-07-31
LIVINGSTON,2018,BEV,Purchase,6,12000,2026-07-31
LIVINGSTON,2018,PHEV,Lease,8,13000,2026-07-31
LIVINGSTON,2018,PHEV,Purchase,10,12200,2026-07-31
LIVINGSTON,2019,BEV,Lease,1,2000,2026-07-31
LIVINGSTON,2019,BEV,Purchase,5,10000,2026-07-31
LIVINGSTON,2019,PHEV,Purchase,12,13800,2026-07-31
LIVINGSTON,2020,BEV,Lease,5,10000,2026-07-31
LIVINGSTON,2020,BEV,Purchase,11,20200,2026-07-31
LIVINGSTON,2020,PHEV,Lease,2,2800,2026-07-31
LIVINGSTON,2020,PHEV,Purchase,12,12600,2026-07-31
LIVINGSTON,2021,BEV,Lease,9,18000,2026-07-31
LIVINGSTON,2021,BEV,Purchase,9,16500,2026-07-31
LIVINGSTON,2021,PHEV,Lease,8,7500,2026-07-31
LIVINGSTON,2021,PHEV,Purchase,20,20700,2026-07-31
LIVINGSTON,2022,BEV,Lease,1,500,2026-07-31
LIVINGSTON,2022,BEV,Purchase,32,33000,2026-07-31
LIVINGSTON,2022,PHEV,Lease,1,500,2026-07-31
LIVINGSTON,2022,PHEV,Purchase,18,13100,2026-07-31
LIVINGSTON,2023,BEV,Lease,11,11500,2026-07-31
LIVINGSTON,2023,BEV,Purchase,17,14500,2026-07-31
LIVINGSTON,2023,PHEV,Lease,22,15000,2026-07-31
LIVINGSTON,2023,PHEV,Purchase,17,14000,2026-07-31
LIVINGSTON,2024,BEV,Lease,19,14000,2026-07-31
LIVINGSTON,2024,BEV,Purchase,20,17500,2026-07-31
LIVINGSTON,2024,PHEV,Lease,35,17500,2026-07-31
LIVINGSTON,2024,PHEV,Purchase,23,12000,2026-07-31
LIVINGSTON,2025,BEV,Lease,37,50000,2026-07-31
LIVINGSTON,2025,BEV,Purchase,32,36000,2026-07-31
LIVINGSTON,2025,PHEV,Lease,24,12500,2026-07-31
LIVINGSTON,2025,PHEV,Purchase,6,3500,2026-07-31
LIVINGSTON,2026,BEV,Lease,2,1000,2026-07-31
LIVINGSTON,2026,BEV,Purchase,8,11500,2026-07-31
LIVINGSTON,2026,PHEV,Lease,3,2500,2026-07-31
LIVINGSTON,2026,PHEV,Purchase,2,1500,2026-07-31
MADISON,2017,BEV,Lease,1,2000,2026-07-31
MADISON,2017,BEV,Purchase,3,5700,2026-07-31
MADISON,2017,PHEV,Lease,1,1100,2026-07-31
MADISON,2017,PHEV,Purchase,15,18900,2026-07-31
MADISON,2018,BEV,Purchase,6,9000,2026-07-31
MADISON,2018,PHEV,Lease,3,3900,2026-07-31
MADISON,2018,PHEV,Purchase,23,26500,2026-07-31
MADISON,2019,BEV,Lease,2,2500,2026-07-31
MADISON,2019,BEV,Purchase,9,15000,2026-07-31
MADISON,2019,PHEV,Lease,3,3900,2026-07-31
MADISON,2019,PHEV,Purchase,16,18800,2026-07-31
MADISON,2020,BEV,Lease,1,2000,2026-07-31
MADISON,2020,BEV,Purchase,13,24200,2026-07-31
MADISON,2020,PHEV,Lease,3,3300,2026-07-31
MADISON,2020,PHEV,Purchase,22,24800,2026-07-31
MADISON,2021,BEV,Lease,5,10000,2026-07-31
MADISON,2021,BEV,Purchase,20,35500,2026-07-31
MADISON,2021,PHEV,Lease,13,12700,2026-07-31
MADISON,2021,PHEV,Purchase,46,52600,2026-07-31
MADISON,2022,BEV,Lease,3,1500,2026-07-31
MADISON,2022,BEV,Purchase,38,32500,2026-07-31
MADISON,2022,PHEV,Lease,5,3000,2026-07-31
MADISON,2022,PHEV,Purchase,52,36000,2026-07-31
MADISON,2023,BEV,Lease,16,13000,2026-07-31
MADISON,2023,BEV,Purchase,60,60500,2026-07-31
MADISON,2023,PHEV,Lease,33,23000,2026-07-31
MADISON,2023,PHEV,Purchase,38,32000,2026-07-31
MADISON,2024,BEV,Lease,23,19000,2026-07-31
MADISON,2024,BEV,Purchase,29,19000,2026-07-31
MADISON,2024,PHEV,Lease,40,22000,2026-07-31
MADISON,2024,PHEV,Purchase,29,16000,2026-07-31
MADISON,2025,BEV,Lease,30,31500,2026-07-31
MADISON,2025,BEV,Purchase,37,29000,2026-07-31
MADISON,2025,PHEV,Lease,33,17000,2026-07-31
MADISON,2025,PHEV,Purchase,11,6000,2026-07-31
MADISON,2026,BEV,Lease,22,33500,2026-07-31
MADISON,2026,BEV,Purchase,38,50500,2026-07-31
MADISON,2026,PHEV,Lease,1,500,2026-07-31
MADISON,2026,PHEV,Purchase,9,7000,2026-07-31
MONROE,2017,BEV,Lease,100,192200,2026-07-31
MONROE,2017,BEV,Purchase,43,75800,2026-07-31
MONROE,2017,PHEV,Lease,80,112600,2026-07-31
MONROE,2017,PHEV,Purchase,160,191600,2026-07-31
MONROE,2018,BEV,Lease,34,65000,2026-07-31
MONROE,2018,BEV,Purchase,104,191500,2026-07-31
MONROE,2018,PHEV,Lease,315,504900,2026-07-31
MONROE,2018,PHEV,Purchase,269,334300,2026-07-31
MONROE,2019,BEV,Lease,75,148500,2026-07-31
MONROE,2019,BEV,Purchase,130,246500,2026-07-31
MONROE,2019,PHEV,Lease,118,174800,2026-07-31
MONROE,2019,PHEV,Purchase,178,224000,2026-07-31
MONROE,2020,BEV,Lease,137,266500,2026-07-31
MONROE,2020,BEV,Purchase,280,513500,2026-07-31
MONROE,2020,PHEV,Lease,73,78500,2026-07-31
MONROE,2020,PHEV,Purchase,184,215600,2026-07-31
MONROE,2021,BEV,Lease,328,643000,2026-07-31
MONROE,2021,BEV,Purchase,399,626500,2026-07-31
MONROE,2021,PHEV,Lease,245,245400,2026-07-31
MONROE,2021,PHEV,Purchase,471,500900,2026-07-31
MONROE,2022,BEV,Lease,149,207500,2026-07-31
MONROE,2022,BEV,Purchase,769,605500,2026-07-31
MONROE,2022,PHEV,Lease,99,57700,2026-07-31
MONROE,2022,PHEV,Purchase,431,296100,2026-07-31
MONROE,2023,BEV,Lease,320,294000,2026-07-31
MONROE,2023,BEV,Purchase,846,811500,2026-07-31
MONROE,2023,PHEV,Lease,442,254000,2026-07-31
MONROE,2023,PHEV,Purchase,402,313000,2026-07-31
MONROE,2024,BEV,Lease,793,779500,2026-07-31
MONROE,2024,BEV,Purchase,600,517500,2026-07-31
MONROE,2024,PHEV,Lease,649,329000,2026-07-31
MONROE,2024,PHEV,Purchase,346,174000,2026-07-31
MONROE,2025,BEV,Lease,1279,1480500,2026-07-31
MONROE,2025,BEV,Purchase,633,640500,2026-07-31
MONROE,2025,PHEV,Lease,575,308000,2026-07-31
MONROE,2025,PHEV,Purchase,240,137000,2026-07-31
MONROE,2026,BEV,Lease,295,435500,2026-07-31
MONROE,2026,BEV,Purchase,344,404500,2026-07-31
MONROE,2026,PHEV,Lease,79,48000,2026-07-31
MONROE,2026,PHEV,Purchase,145,114000,2026-07-31
MONTGOMERY,2017,BEV,Lease,4,7400,2026-07-31
MONTGOMERY,2017,BEV,Purchase,2,4000,2026-07-31
MONTGOMERY,2017,PHEV,Lease,10,12800,2026-07-31
MONTGOMERY,2017,PHEV,Purchase,6,7200,2026-07-31
MONTGOMERY,2018,BEV,Lease,1,1700,2026-07-31
MONTGOMERY,2018,BEV,Purchase,1,2000,2026-07-31
MONTGOMERY,2018,PHEV,Lease,6,8400,2026-07-31
MONTGOMERY,2018,PHEV,Purchase,5,6100,2026-07-31
MONTGOMERY,2019,BEV,Lease,2,4000,2026-07-31
MONTGOMERY,2019,BEV,Purchase,4,8000,2026-07-31
MONTGOMERY,2019,PHEV,Lease,6,7800,2026-07-31
MONTGOMERY,2019,PHEV,Purchase,6,6000,2026-07-31
MONTGOMERY,2020,BEV,Lease,1,500,2026-07-31
MONTGOMERY,2020,BEV,Purchase,5,10000,2026-07-31
MONTGOMERY,2020,PHEV,Lease,3,3900,2026-07-31
MONTGOMERY,2020,PHEV,Purchase,2,2200,2026-07-31
MONTGOMERY,2021,BEV,Lease,3,5000,2026-07-31
MONTGOMERY,2021,BEV,Purchase,6,12000,2026-07-31
MONTGOMERY,2021,PHEV,Lease,7,7100,2026-07-31
MONTGOMERY,2021,PHEV,Purchase,9,9700,2026-07-31
MONTGOMERY,2022,BEV,Lease,2,2500,2026-07-31
MONTGOMERY,2022,BEV,Purchase,19,23500,2026-07-31
MONTGOMERY,2022,PHEV,Purchase,9,6000,2026-07-31
MONTGOMERY,2023,BEV,Lease,2,2500,2026-07-31
MONTGOMERY,2023,BEV,Purchase,20,14500,2026-07-31
MONTGOMERY,2023,PHEV,Lease,13,9500,2026-07-31
MONTGOMERY,2023,PHEV,Purchase,6,5000,2026-07-31
MONTGOMERY,2024,BEV,Lease,12,9000,2026-07-31
MONTGOMERY,2024,BEV,Purchase,25,14000,2026-07-31
MONTGOMERY,2024,PHEV,Lease,14,7000,2026-07-31
MONTGOMERY,2024,PHEV,Purchase,6,3000,2026-07-31
MONTGOMERY,2025,BEV,Lease,13,15500,2026-07-31
MONTGOMERY,2025,BEV,Purchase,15,9000,2026-07-31
MONTGOMERY,2025,PHEV,Lease,17,8500,2026-07-31
MONTGOMERY,2025,PHEV,Purchase,4,2500,2026-07-31
MONTGOMERY,2026,BEV,Lease,4,6500,2026-07-31
MONTGOMERY,2026,BEV,Purchase,12,18000,2026-07-31
MONTGOMERY,2026,PHEV,Lease,5,2500,2026-07-31
MONTGOMERY,2026,PHEV,Purchase,6,4500,2026-07-31
NASSAU,2017,BEV,Lease,85,148100,2026-07-31
NASSAU,2017,BEV,Purchase,40,53000,2026-07-31
NASSAU,2017,PHEV,Lease,253,257900,2026-07-31
NASSAU,2017,PHEV,Purchase,122,136600,2026-07-31
NASSAU,2018,BEV,Lease,53,77200,2026-07-31
NASSAU,2018,BEV,Purchase,164,233200,2026-07-31
NASSAU,2018,PHEV,Lease,456,571800,2026-07-31
NASSAU,2018,PHEV,Purchase,235,278300,2026-07-31
NASSAU,2019,BEV,Lease,168,257400,2026-07-31
NASSAU,2019,BEV,Purchase,579,954000,2026-07-31
NASSAU,2019,PHEV,Lease,353,411100,2026-07-31
NASSAU,2019,PHEV,Purchase,154,176600,2026-07-31
NASSAU,2020,BEV,Lease,548,917500,2026-07-31
NASSAU,2020,BEV,Purchase,1157,1950700,2026-07-31
NASSAU,2020,PHEV,Lease,322,339500,2026-07-31
NASSAU,2020,PHEV,Purchase,138,151200,2026-07-31
NASSAU,2021,BEV,Lease,348,609000,2026-07-31
NASSAU,2021,BEV,Purchase,1516,2091100,2026-07-31
NASSAU,2021,PHEV,Lease,579,564000,2026-07-31
NASSAU,2021,PHEV,Purchase,363,360500,2026-07-31
NASSAU,2022,BEV,Lease,1022,707500,2026-07-31
NASSAU,2022,BEV,Purchase,3427,1930500,2026-07-31
NASSAU,2022,PHEV,Lease,346,193200,2026-07-31
NASSAU,2022,PHEV,Purchase,474,305500,2026-07-31
NASSAU,2023,BEV,Lease,1804,1559500,2026-07-31
NASSAU,2023,BEV,Purchase,3945,2745500,2026-07-31
NASSAU,2023,PHEV,Lease,1791,987500,2026-07-31
NASSAU,2023,PHEV,Purchase,338,242500,2026-07-31
NASSAU,2024,BEV,Lease,3719,2891000,2026-07-31
NASSAU,2024,BEV,Purchase,2480,1370500,2026-07-31
NASSAU,2024,PHEV,Lease,2111,1074500,2026-07-31
NASSAU,2024,PHEV,Purchase,258,133000,2026-07-31
NASSAU,2025,BEV,Lease,4069,2527500,2026-07-31
NASSAU,2025,BEV,Purchase,1842,1065500,2026-07-31
NASSAU,2025,PHEV,Lease,1186,612000,2026-07-31
NASSAU,2025,PHEV,Purchase,175,98500,2026-07-31
NASSAU,2026,BEV,Lease,1262,1208500,2026-07-31
NASSAU,2026,BEV,Purchase,1541,1318000,2026-07-31
NASSAU,2026,PHEV,Lease,230,128000,2026-07-31
NASSAU,2026,PHEV,Purchase,99,72000,2026-07-31
NEW YORK,2017,BEV,Lease,12,16200,2026-07-31
NEW YORK,2017,BEV,Purchase,17,16000,2026-07-31
NEW YORK,2017,PHEV,Lease,25,21500,2026-07-31
NEW YORK,2017,PHEV,Purchase,17,19300,2026-07-31
NEW YORK,2018,BEV,Lease,26,28300,2026-07-31
NEW YORK,2018,BEV,Purchase,73,89000,2026-07-31
NEW YORK,2018,PHEV,Lease,53,50500,2026-07-31
NEW YORK,2018,PHEV,Purchase,35,40300,2026-07-31
NEW YORK,2019,BEV,Lease,67,75200,2026-07-31
NEW YORK,2019,BEV,Purchase,162,250500,2026-07-31
NEW YORK,2019,PHEV,Lease,33,33900,2026-07-31
NEW YORK,2019,PHEV,Purchase,13,13100,2026-07-31
NEW YORK,2020,BEV,Lease,264,348000,2026-07-31
NEW YORK,2020,BEV,Purchase,561,927000,2026-07-31
NEW YORK,2020,PHEV,Lease,25,26900,2026-07-31
NEW YORK,2020,PHEV,Purchase,47,52300,2026-07-31
NEW YORK,2021,BEV,Lease,45,78500,2026-07-31
NEW YORK,2021,BEV,Purchase,473,690000,2026-07-31
NEW YORK,2021,PHEV,Lease,108,100400,2026-07-31
NEW YORK,2021,PHEV,Purchase,101,110300,2026-07-31
NEW YORK,2022,BEV,Lease,287,161500,2026-07-31
NEW YORK,2022,BEV,Purchase,1124,974000,2026-07-31
NEW YORK,2022,PHEV,Lease,83,48000,2026-07-31
NEW YORK,2022,PHEV,Purchase,134,98000,2026-07-31
NEW YORK,2023,BEV,Lease,377,254000,2026-07-31
NEW YORK,2023,BEV,Purchase,782,704500,2026-07-31
NEW YORK,2023,PHEV,Lease,193,117000,2026-07-31
NEW YORK,2023,PHEV,Purchase,91,68000,2026-07-31
NEW YORK,2024,BEV,Lease,410,271500,2026-07-31
NEW YORK,2024,BEV,Purchase,321,204000,2026-07-31
NEW YORK,2024,PHEV,Lease,328,168500,2026-07-31
NEW YORK,2024,PHEV,Purchase,48,24500,2026-07-31
NEW YORK,2025,BEV,Lease,446,254500,2026-07-31
NEW YORK,2025,BEV,Purchase,273,196500,2026-07-31
NEW YORK,2025,PHEV,Lease,224,116000,2026-07-31
NEW YORK,2025,PHEV,Purchase,36,18500,2026-07-31
NEW YORK,2026,BEV,Lease,165,138000,2026-07-31
NEW YORK,2026,BEV,Purchase,248,172000,2026-07-31
NEW YORK,2026,PHEV,Lease,65,34500,2026-07-31
NEW YORK,2026,PHEV,Purchase,24,17500,2026-07-31
NIAGARA,2017,BEV,Lease,7,13700,2026-07-31
NIAGARA,2017,BEV,Purchase,5,10000,2026-07-31
NIAGARA,2017,PHEV,Lease,11,15700,2026-07-31
NIAGARA,2017,PHEV,Purchase,26,29800,2026-07-31
NIAGARA,2018,BEV,Lease,4,7700,2026-07-31
NIAGARA,2018,BEV,Purchase,6,10500,2026-07-31
NIAGARA,2018,PHEV,Lease,51,83700,2026-07-31
NIAGARA,2018,PHEV,Purchase,45,56100,2026-07-31
NIAGARA,2019,BEV,Lease,13,25700,2026-07-31
NIAGARA,2019,BEV,Purchase,11,20500,2026-07-31
NIAGARA,2019,PHEV,Lease,28,41000,2026-07-31
NIAGARA,2019,PHEV,Purchase,35,43300,2026-07-31
NIAGARA,2020,BEV,Lease,15,28500,2026-07-31
NIAGARA,2020,BEV,Purchase,19,37400,2026-07-31
NIAGARA,2020,PHEV,Lease,35,38500,2026-07-31
NIAGARA,2020,PHEV,Purchase,34,35000,2026-07-31
NIAGARA,2021,BEV,Lease,37,73000,2026-07-31
NIAGARA,2021,BEV,Purchase,46,79500,2026-07-31
NIAGARA,2021,PHEV,Lease,75,76100,2026-07-31
NIAGARA,2021,PHEV,Purchase,101,96400,2026-07-31
NIAGARA,2022,BEV,Lease,13,20500,2026-07-31
NIAGARA,2022,BEV,Purchase,118,105500,2026-07-31
NIAGARA,2022,PHEV,Lease,25,14000,2026-07-31
NIAGARA,2022,PHEV,Purchase,69,45000,2026-07-31
NIAGARA,2023,BEV,Lease,45,46000,2026-07-31
NIAGARA,2023,BEV,Purchase,98,106000,2026-07-31
NIAGARA,2023,PHEV,Lease,101,55500,2026-07-31
NIAGARA,2023,PHEV,Purchase,51,36500,2026-07-31
NIAGARA,2024,BEV,Lease,124,140000,2026-07-31
NIAGARA,2024,BEV,Purchase,68,71500,2026-07-31
NIAGARA,2024,PHEV,Lease,123,63000,2026-07-31
NIAGARA,2024,PHEV,Purchase,37,18500,2026-07-31
NIAGARA,2025,BEV,Lease,213,283500,2026-07-31
NIAGARA,2025,BEV,Purchase,112,119000,2026-07-31
NIAGARA,2025,PHEV,Lease,51,29000,2026-07-31
NIAGARA,2025,PHEV,Purchase,26,14500,2026-07-31
NIAGARA,2026,BEV,Lease,40,48500,2026-07-31
NIAGARA,2026,BEV,Purchase,64,89000,2026-07-31
NIAGARA,2026,PHEV,Lease,8,5000,2026-07-31
NIAGARA,2026,PHEV,Purchase,5,4000,2026-07-31
ONEIDA,2017,BEV,Lease,3,6000,2026-07-31
ONEIDA,2017,BEV,Purchase,3,5700,2026-07-31
ONEIDA,2017,PHEV,Lease,5,7900,2026-07-31
ONEIDA,2017,PHEV,Purchase,33,38700,2026-07-31
ONEIDA,2018,BEV,Lease,2,3700,2026-07-31
ONEIDA,2018,BEV,Purchase,13,20000,2026-07-31
ONEIDA,2018,PHEV,Lease,20,24400,2026-07-31
ONEIDA,2018,PHEV,Purchase,49,54500,2026-07-31
ONEIDA,2019,BEV,Lease,4,6500,2026-07-31
ONEIDA,2019,BEV,Purchase,14,28000,2026-07-31
ONEIDA,2019,PHEV,Lease,7,10700,2026-07-31
ONEIDA,2019,PHEV,Purchase,53,53500,2026-07-31
ONEIDA,2020,BEV,Lease,10,20000,2026-07-31
ONEIDA,2020,BEV,Purchase,35,64000,2026-07-31
ONEIDA,2020,PHEV,Lease,44,49000,2026-07-31
ONEIDA,2020,PHEV,Purchase,35,40300,2026-07-31
ONEIDA,2021,BEV,Lease,17,30000,2026-07-31
ONEIDA,2021,BEV,Purchase,39,66000,2026-07-31
ONEIDA,2021,PHEV,Lease,34,35000,2026-07-31
ONEIDA,2021,PHEV,Purchase,106,114100,2026-07-31
ONEIDA,2022,BEV,Lease,12,18000,2026-07-31
ONEIDA,2022,BEV,Purchase,111,76500,2026-07-31
ONEIDA,2022,PHEV,Lease,13,9000,2026-07-31
ONEIDA,2022,PHEV,Purchase,87,62500,2026-07-31
ONEIDA,2023,BEV,Lease,34,39500,2026-07-31
ONEIDA,2023,BEV,Purchase,124,108500,2026-07-31
ONEIDA,2023,PHEV,Lease,45,33000,2026-07-31
ONEIDA,2023,PHEV,Purchase,67,54000,2026-07-31
ONEIDA,2024,BEV,Lease,123,111000,2026-07-31
ONEIDA,2024,BEV,Purchase,92,64000,2026-07-31
ONEIDA,2024,PHEV,Lease,90,48000,2026-07-31
ONEIDA,2024,PHEV,Purchase,46,24500,2026-07-31
ONEIDA,2025,BEV,Lease,122,110500,2026-07-31
ONEIDA,2025,BEV,Purchase,106,96500,2026-07-31
ONEIDA,2025,PHEV,Lease,135,72000,2026-07-31
ONEIDA,2025,PHEV,Purchase,21,11500,2026-07-31
ONEIDA,2026,BEV,Lease,44,68500,2026-07-31
ONEIDA,2026,BEV,Purchase,59,89500,2026-07-31
ONEIDA,2026,PHEV,Lease,15,8500,2026-07-31
ONEIDA,2026,PHEV,Purchase,12,9000,2026-07-31
ONONDAGA,2017,BEV,Lease,9,16500,2026-07-31
ONONDAGA,2017,BEV,Purchase,14,27400,2026-07-31
ONONDAGA,2017,PHEV,Lease,15,20100,2026-07-31
ONONDAGA,2017,PHEV,Purchase,82,92600,2026-07-31
ONONDAGA,2018,BEV,Lease,4,7700,2026-07-31
ONONDAGA,2018,BEV,Purchase,30,50700,2026-07-31
ONONDAGA,2018,PHEV,Lease,69,104100,2026-07-31
ONONDAGA,2018,PHEV,Purchase,181,214100,2026-07-31
ONONDAGA,2019,BEV,Lease,26,50500,2026-07-31
ONONDAGA,2019,BEV,Purchase,74,139000,2026-07-31
ONONDAGA,2019,PHEV,Lease,43,57800,2026-07-31
ONONDAGA,2019,PHEV,Purchase,97,113900,2026-07-31
ONONDAGA,2020,BEV,Lease,29,53500,2026-07-31
ONONDAGA,2020,BEV,Purchase,119,218200,2026-07-31
ONONDAGA,2020,PHEV,Lease,67,72500,2026-07-31
ONONDAGA,2020,PHEV,Purchase,92,110200,2026-07-31
ONONDAGA,2021,BEV,Lease,60,107000,2026-07-31
ONONDAGA,2021,BEV,Purchase,201,303300,2026-07-31
ONONDAGA,2021,PHEV,Lease,132,135200,2026-07-31
ONONDAGA,2021,PHEV,Purchase,277,298600,2026-07-31
ONONDAGA,2022,BEV,Lease,45,56500,2026-07-31
ONONDAGA,2022,BEV,Purchase,319,269500,2026-07-31
ONONDAGA,2022,PHEV,Lease,83,46500,2026-07-31
ONONDAGA,2022,PHEV,Purchase,272,192000,2026-07-31
ONONDAGA,2023,BEV,Lease,108,79500,2026-07-31
ONONDAGA,2023,BEV,Purchase,429,407500,2026-07-31
ONONDAGA,2023,PHEV,Lease,433,239000,2026-07-31
ONONDAGA,2023,PHEV,Purchase,226,170500,2026-07-31
ONONDAGA,2024,BEV,Lease,318,268500,2026-07-31
ONONDAGA,2024,BEV,Purchase,346,238500,2026-07-31
ONONDAGA,2024,PHEV,Lease,503,255500,2026-07-31
ONONDAGA,2024,PHEV,Purchase,176,89000,2026-07-31
ONONDAGA,2025,BEV,Lease,370,344000,2026-07-31
ONONDAGA,2025,BEV,Purchase,322,270500,2026-07-31
ONONDAGA,2025,PHEV,Lease,295,150000,2026-07-31
ONONDAGA,2025,PHEV,Purchase,91,48000,2026-07-31
ONONDAGA,2026,BEV,Lease,127,183500,2026-07-31
ONONDAGA,2026,BEV,Purchase,226,257000,2026-07-31
ONONDAGA,2026,PHEV,Lease,45,26500,2026-07-31
ONONDAGA,2026,PHEV,Purchase,50,40500,2026-07-31
ONTARIO,2017,BEV,Lease,6,11700,2026-07-31
ONTARIO,2017,BEV,Purchase,10,20000,2026-07-31
ONTARIO,2017,PHEV,Lease,10,14000,2026-07-31
ONTARIO,2017,PHEV,Purchase,24,28800,2026-07-31
ONTARIO,2018,BEV,Lease,5,9700,2026-07-31
ONTARIO,2018,BEV,Purchase,14,25000,2026-07-31
ONTARIO,2018,PHEV,Lease,25,37700,2026-07-31
ONTARIO,2018,PHEV,Purchase,39,49500,2026-07-31
ONTARIO,2019,BEV,Lease,7,13700,2026-07-31
ONTARIO,2019,BEV,Purchase,20,37000,2026-07-31
ONTARIO,2019,PHEV,Lease,4,6200,2026-07-31
ONTARIO,2019,PHEV,Purchase,26,32800,2026-07-31
ONTARIO,2020,BEV,Lease,16,27500,2026-07-31
ONTARIO,2020,BEV,Purchase,53,92200,2026-07-31
ONTARIO,2020,PHEV,Lease,7,7100,2026-07-31
ONTARIO,2020,PHEV,Purchase,25,29900,2026-07-31
ONTARIO,2021,BEV,Lease,37,73000,2026-07-31
ONTARIO,2021,BEV,Purchase,66,100000,2026-07-31
ONTARIO,2021,PHEV,Lease,33,34700,2026-07-31
ONTARIO,2021,PHEV,Purchase,88,93300,2026-07-31
ONTARIO,2022,BEV,Lease,11,14500,2026-07-31
ONTARIO,2022,BEV,Purchase,134,97500,2026-07-31
ONTARIO,2022,PHEV,Lease,21,12000,2026-07-31
ONTARIO,2022,PHEV,Purchase,76,55000,2026-07-31
ONTARIO,2023,BEV,Lease,38,34000,2026-07-31
ONTARIO,2023,BEV,Purchase,126,109500,2026-07-31
ONTARIO,2023,PHEV,Lease,75,47500,2026-07-31
ONTARIO,2023,PHEV,Purchase,69,53000,2026-07-31
ONTARIO,2024,BEV,Lease,74,71000,2026-07-31
ONTARIO,2024,BEV,Purchase,89,67000,2026-07-31
ONTARIO,2024,PHEV,Lease,101,51500,2026-07-31
ONTARIO,2024,PHEV,Purchase,62,31500,2026-07-31
ONTARIO,2025,BEV,Lease,145,161000,2026-07-31
ONTARIO,2025,BEV,Purchase,80,80500,2026-07-31
ONTARIO,2025,PHEV,Lease,63,32500,2026-07-31
ONTARIO,2025,PHEV,Purchase,32,17000,2026-07-31
ONTARIO,2026,BEV,Lease,32,49000,2026-07-31
ONTARIO,2026,BEV,Purchase,58,71000,2026-07-31
ONTARIO,2026,PHEV,Lease,10,6500,2026-07-31
ONTARIO,2026,PHEV,Purchase,20,16000,2026-07-31
ORANGE,2017,BEV,Lease,13,23300,2026-07-31
ORANGE,2017,BEV,Purchase,12,21600,2026-07-31
ORANGE,2017,PHEV,Lease,23,29500,2026-07-31
ORANGE,2017,PHEV,Purchase,44,50800,2026-07-31
ORANGE,2018,BEV,Lease,8,16000,2026-07-31
ORANGE,2018,BEV,Purchase,17,25000,2026-07-31
ORANGE,2018,PHEV,Lease,41,63100,2026-07-31
ORANGE,2018,PHEV,Purchase,85,106100,2026-07-31
ORANGE,2019,BEV,Lease,20,38500,2026-07-31
ORANGE,2019,BEV,Purchase,82,144500,2026-07-31
ORANGE,2019,PHEV,Lease,13,19100,2026-07-31
ORANGE,2019,PHEV,Purchase,30,35400,2026-07-31
ORANGE,2020,BEV,Lease,38,62500,2026-07-31
ORANGE,2020,BEV,Purchase,130,228500,2026-07-31
ORANGE,2020,PHEV,Lease,16,17600,2026-07-31
ORANGE,2020,PHEV,Purchase,33,39300,2026-07-31
ORANGE,2021,BEV,Lease,43,83500,2026-07-31
ORANGE,2021,BEV,Purchase,227,342500,2026-07-31
ORANGE,2021,PHEV,Lease,49,46000,2026-07-31
ORANGE,2021,PHEV,Purchase,109,123300,2026-07-31
ORANGE,2022,BEV,Lease,65,44500,2026-07-31
ORANGE,2022,BEV,Purchase,403,254000,2026-07-31
ORANGE,2022,PHEV,Lease,13,8000,2026-07-31
ORANGE,2022,PHEV,Purchase,110,83000,2026-07-31
ORANGE,2023,BEV,Lease,117,95000,2026-07-31
ORANGE,2023,BEV,Purchase,473,382000,2026-07-31
ORANGE,2023,PHEV,Lease,98,61000,2026-07-31
ORANGE,2023,PHEV,Purchase,52,40000,2026-07-31
ORANGE,2024,BEV,Lease,273,198000,2026-07-31
ORANGE,2024,BEV,Purchase,355,210500,2026-07-31
ORANGE,2024,PHEV,Lease,163,82500,2026-07-31
ORANGE,2024,PHEV,Purchase,53,26500,2026-07-31
ORANGE,2025,BEV,Lease,324,229500,2026-07-31
ORANGE,2025,BEV,Purchase,359,226000,2026-07-31
ORANGE,2025,PHEV,Lease,81,43000,2026-07-31
ORANGE,2025,PHEV,Purchase,20,11000,2026-07-31
ORANGE,2026,BEV,Lease,94,105500,2026-07-31
ORANGE,2026,BEV,Purchase,233,232000,2026-07-31
ORANGE,2026,PHEV,Lease,9,7000,2026-07-31
ORANGE,2026,PHEV,Purchase,17,13000,2026-07-31
ORLEANS,2017,BEV,Lease,1,1700,2026-07-31
ORLEANS,2017,BEV,Purchase,1,2000,2026-07-31
ORLEANS,2017,PHEV,Lease,1,1100,2026-07-31
ORLEANS,2017,PHEV,Purchase,6,6600,2026-07-31
ORLEANS,2018,BEV,Lease,2,4000,2026-07-31
ORLEANS,2018,BEV,Purchase,3,6000,2026-07-31
ORLEANS,2018,PHEV,Lease,1,1700,2026-07-31
ORLEANS,2018,PHEV,Purchase,6,6600,2026-07-31
ORLEANS,2019,BEV,Purchase,1,2000,2026-07-31
ORLEANS,2019,PHEV,Lease,3,5100,2026-07-31
ORLEANS,2019,PHEV,Purchase,3,3900,2026-07-31
ORLEANS,2020,BEV,Lease,1,2000,2026-07-31
ORLEANS,2020,BEV,Purchase,4,8000,2026-07-31
ORLEANS,2020,PHEV,Lease,2,2200,2026-07-31
ORLEANS,2020,PHEV,Purchase,7,8300,2026-07-31
ORLEANS,2021,BEV,Lease,8,16000,2026-07-31
ORLEANS,2021,BEV,Purchase,7,11000,2026-07-31
ORLEANS,2021,PHEV,Lease,5,4800,2026-07-31
ORLEANS,2021,PHEV,Purchase,12,14300,2026-07-31
ORLEANS,2022,BEV,Lease,2,4000,2026-07-31
ORLEANS,2022,BEV,Purchase,13,18500,2026-07-31
ORLEANS,2022,PHEV,Lease,2,1000,2026-07-31
ORLEANS,2022,PHEV,Purchase,5,4500,2026-07-31
ORLEANS,2023,BEV,Lease,1,500,2026-07-31
ORLEANS,2023,BEV,Purchase,14,13000,2026-07-31
ORLEANS,2023,PHEV,Lease,5,3000,2026-07-31
ORLEANS,2023,PHEV,Purchase,6,4000,2026-07-31
ORLEANS,2024,BEV,Lease,6,6000,2026-07-31
ORLEANS,2024,BEV,Purchase,10,6500,2026-07-31
ORLEANS,2024,PHEV,Lease,14,7000,2026-07-31
ORLEANS,2024,PHEV,Purchase,10,6000,2026-07-31
ORLEANS,2025,BEV,Lease,17,19000,2026-07-31
ORLEANS,2025,BEV,Purchase,12,12000,2026-07-31
ORLEANS,2025,PHEV,Lease,5,3000,2026-07-31
ORLEANS,2025,PHEV,Purchase,2,1000,2026-07-31
ORLEANS,2026,BEV,Lease,2,4000,2026-07-31
ORLEANS,2026,BEV,Purchase,10,11000,2026-07-31
ORLEANS,2026,PHEV,Purchase,1,500,2026-07-31
OSWEGO,2017,BEV,Lease,1,2000,2026-07-31
OSWEGO,2017,BEV,Purchase,1,2000,2026-07-31
OSWEGO,2017,PHEV,Lease,2,2800,2026-07-31
OSWEGO,2017,PHEV,Purchase,12,13200,2026-07-31
OSWEGO,2018,BEV,Lease,4,8000,2026-07-31
OSWEGO,2018,BEV,Purchase,5,10000,2026-07-31
OSWEGO,2018,PHEV,Lease,3,5100,2026-07-31
OSWEGO,2018,PHEV,Purchase,19,22700,2026-07-31
OSWEGO,2019,BEV,Lease,5,10000,2026-07-31
OSWEGO,2019,BEV,Purchase,4,8000,2026-07-31
OSWEGO,2019,PHEV,Lease,1,1100,2026-07-31
OSWEGO,2019,PHEV,Purchase,10,10400,2026-07-31
OSWEGO,2020,BEV,Lease,3,6000,2026-07-31
OSWEGO,2020,BEV,Purchase,6,12000,2026-07-31
OSWEGO,2020,PHEV,Lease,5,5500,2026-07-31
OSWEGO,2020,PHEV,Purchase,22,25400,2026-07-31
OSWEGO,2021,BEV,Lease,8,16000,2026-07-31
OSWEGO,2021,BEV,Purchase,21,30000,2026-07-31
OSWEGO,2021,PHEV,Lease,20,18800,2026-07-31
OSWEGO,2021,PHEV,Purchase,31,31000,2026-07-31
OSWEGO,2022,BEV,Lease,5,5500,2026-07-31
OSWEGO,2022,BEV,Purchase,45,46500,2026-07-31
OSWEGO,2022,PHEV,Lease,8,5500,2026-07-31
OSWEGO,2022,PHEV,Purchase,36,26000,2026-07-31
OSWEGO,2023,BEV,Lease,16,17000,2026-07-31
OSWEGO,2023,BEV,Purchase,39,42000,2026-07-31
OSWEGO,2023,PHEV,Lease,42,25000,2026-07-31
OSWEGO,2023,PHEV,Purchase,25,19500,2026-07-31
OSWEGO,2024,BEV,Lease,32,28000,2026-07-31
OSWEGO,2024,BEV,Purchase,33,25500,2026-07-31
OSWEGO,2024,PHEV,Lease,52,26500,2026-07-31
OSWEGO,2024,PHEV,Purchase,21,10500,2026-07-31
OSWEGO,2025,BEV,Lease,36,36000,2026-07-31
OSWEGO,2025,BEV,Purchase,45,39000,2026-07-31
OSWEGO,2025,PHEV,Lease,19,9500,2026-07-31
OSWEGO,2025,PHEV,Purchase,10,5500,2026-07-31
OSWEGO,2026,BEV,Lease,10,15500,2026-07-31
OSWEGO,2026,BEV,Purchase,28,35000,2026-07-31
OSWEGO,2026,PHEV,Lease,6,3500,2026-07-31
OSWEGO,2026,PHEV,Purchase,4,2500,2026-07-31
OTSEGO,2017,BEV,Lease,3,6000,2026-07-31
OTSEGO,2017,BEV,Purchase,2,4000,2026-07-31
OTSEGO,2017,PHEV,Lease,2,2200,2026-07-31
OTSEGO,2017,PHEV,Purchase,10,11600,2026-07-31
OTSEGO,2018,BEV,Purchase,2,4000,2026-07-31
OTSEGO,2018,PHEV,Lease,5,6700,2026-07-31
OTSEGO,2018,PHEV,Purchase,13,16100,2026-07-31
OTSEGO,2019,BEV,Lease,1,2000,2026-07-31
OTSEGO,2019,BEV,Purchase,6,12000,2026-07-31
OTSEGO,2019,PHEV,Lease,1,1700,2026-07-31
OTSEGO,2019,PHEV,Purchase,8,9400,2026-07-31
OTSEGO,2020,BEV,Lease,3,6000,2026-07-31
OTSEGO,2020,BEV,Purchase,6,10500,2026-07-31
OTSEGO,2020,PHEV,Lease,1,1100,2026-07-31
OTSEGO,2020,PHEV,Purchase,5,6700,2026-07-31
OTSEGO,2021,BEV,Lease,5,10000,2026-07-31
OTSEGO,2021,BEV,Purchase,11,17500,2026-07-31
OTSEGO,2021,PHEV,Lease,24,20100,2026-07-31
OTSEGO,2021,PHEV,Purchase,27,25600,2026-07-31
OTSEGO,2022,BEV,Lease,5,4000,2026-07-31
OTSEGO,2022,BEV,Purchase,21,16000,2026-07-31
OTSEGO,2022,PHEV,Lease,10,6000,2026-07-31
OTSEGO,2022,PHEV,Purchase,29,19500,2026-07-31
OTSEGO,2023,BEV,Lease,4,3500,2026-07-31
OTSEGO,2023,BEV,Purchase,43,37000,2026-07-31
OTSEGO,2023,PHEV,Lease,16,12500,2026-07-31
OTSEGO,2023,PHEV,Purchase,17,14000,2026-07-31
OTSEGO,2024,BEV,Lease,17,17500,2026-07-31
OTSEGO,2024,BEV,Purchase,32,26500,2026-07-31
OTSEGO,2024,PHEV,Lease,7,3500,2026-07-31
OTSEGO,2024,PHEV,Purchase,25,13500,2026-07-31
OTSEGO,2025,BEV,Lease,21,16500,2026-07-31
OTSEGO,2025,BEV,Purchase,21,13500,2026-07-31
OTSEGO,2025,PHEV,Lease,13,6500,2026-07-31
OTSEGO,2025,PHEV,Purchase,9,4500,2026-07-31
OTSEGO,2026,BEV,Lease,6,9000,2026-07-31
OTSEGO,2026,BEV,Purchase,12,13500,2026-07-31
OTSEGO,2026,PHEV,Lease,4,2500,2026-07-31
OTSEGO,2026,PHEV,Purchase,7,6000,2026-07-31
PUTNAM,2017,BEV,Lease,4,7400,2026-07-31
PUTNAM,2017,BEV,Purchase,5,8200,2026-07-31
PUTNAM,2017,PHEV,Lease,4,5600,2026-07-31
PUTNAM,2017,PHEV,Purchase,14,16600,2026-07-31
PUTNAM,2018,BEV,Lease,1,500,2026-07-31
PUTNAM,2018,BEV,Purchase,10,14000,2026-07-31
PUTNAM,2018,PHEV,Lease,23,34900,2026-07-31
PUTNAM,2018,PHEV,Purchase,19,22700,2026-07-31
PUTNAM,2019,BEV,Lease,7,12500,2026-07-31
PUTNAM,2019,BEV,Purchase,41,76000,2026-07-31
PUTNAM,2019,PHEV,Lease,6,7800,2026-07-31
PUTNAM,2019,PHEV,Purchase,23,24700,2026-07-31
PUTNAM,2020,BEV,Lease,10,15500,2026-07-31
PUTNAM,2020,BEV,Purchase,58,102500,2026-07-31
PUTNAM,2020,PHEV,Lease,6,6000,2026-07-31
PUTNAM,2020,PHEV,Purchase,12,12600,2026-07-31
PUTNAM,2021,BEV,Lease,10,18500,2026-07-31
PUTNAM,2021,BEV,Purchase,107,164500,2026-07-31
PUTNAM,2021,PHEV,Lease,19,19700,2026-07-31
PUTNAM,2021,PHEV,Purchase,39,38700,2026-07-31
PUTNAM,2022,BEV,Lease,20,19000,2026-07-31
PUTNAM,2022,BEV,Purchase,155,99000,2026-07-31
PUTNAM,2022,PHEV,Lease,16,8500,2026-07-31
PUTNAM,2022,PHEV,Purchase,31,21000,2026-07-31
PUTNAM,2023,BEV,Lease,38,30000,2026-07-31
PUTNAM,2023,BEV,Purchase,157,134500,2026-07-31
PUTNAM,2023,PHEV,Lease,94,51500,2026-07-31
PUTNAM,2023,PHEV,Purchase,32,22500,2026-07-31
PUTNAM,2024,BEV,Lease,89,58000,2026-07-31
PUTNAM,2024,BEV,Purchase,123,72000,2026-07-31
PUTNAM,2024,PHEV,Lease,76,38500,2026-07-31
PUTNAM,2024,PHEV,Purchase,23,11500,2026-07-31
PUTNAM,2025,BEV,Lease,108,73500,2026-07-31
PUTNAM,2025,BEV,Purchase,99,63000,2026-07-31
PUTNAM,2025,PHEV,Lease,39,21000,2026-07-31
PUTNAM,2025,PHEV,Purchase,12,7000,2026-07-31
PUTNAM,2026,BEV,Lease,30,28500,2026-07-31
PUTNAM,2026,BEV,Purchase,84,79500,2026-07-31
PUTNAM,2026,PHEV,Lease,7,5500,2026-07-31
PUTNAM,2026,PHEV,Purchase,6,4500,2026-07-31
QUEENS,2017,BEV,Lease,29,50800,2026-07-31
QUEENS,2017,BEV,Purchase,18,21000,2026-07-31
QUEENS,2017,PHEV,Lease,50,51400,2026-07-31
QUEENS,2017,PHEV,Purchase,19,22100,2026-07-31
QUEENS,2018,BEV,Lease,22,33800,2026-07-31
QUEENS,2018,BEV,Purchase,46,80900,2026-07-31
QUEENS,2018,PHEV,Lease,127,177500,2026-07-31
QUEENS,2018,PHEV,Purchase,83,101500,2026-07-31
QUEENS,2019,BEV,Lease,46,76700,2026-07-31
QUEENS,2019,BEV,Purchase,245,442000,2026-07-31
QUEENS,2019,PHEV,Lease,69,92100,2026-07-31
QUEENS,2019,PHEV,Purchase,40,45200,2026-07-31
QUEENS,2020,BEV,Lease,154,267500,2026-07-31
QUEENS,2020,BEV,Purchase,582,1053900,2026-07-31
QUEENS,2020,PHEV,Lease,114,127500,2026-07-31
QUEENS,2020,PHEV,Purchase,61,71900,2026-07-31
QUEENS,2021,BEV,Lease,94,162500,2026-07-31
QUEENS,2021,BEV,Purchase,863,1267500,2026-07-31
QUEENS,2021,PHEV,Lease,208,201200,2026-07-31
QUEENS,2021,PHEV,Purchase,216,233000,2026-07-31
QUEENS,2022,BEV,Lease,295,212500,2026-07-31
QUEENS,2022,BEV,Purchase,1864,1369500,2026-07-31
QUEENS,2022,PHEV,Lease,108,65500,2026-07-31
QUEENS,2022,PHEV,Purchase,322,214500,2026-07-31
QUEENS,2023,BEV,Lease,596,517000,2026-07-31
QUEENS,2023,BEV,Purchase,4616,3432000,2026-07-31
QUEENS,2023,PHEV,Lease,580,346500,2026-07-31
QUEENS,2023,PHEV,Purchase,216,170500,2026-07-31
QUEENS,2024,BEV,Lease,1162,916500,2026-07-31
QUEENS,2024,BEV,Purchase,1621,1034000,2026-07-31
QUEENS,2024,PHEV,Lease,946,487000,2026-07-31
QUEENS,2024,PHEV,Purchase,134,69000,2026-07-31
QUEENS,2025,BEV,Lease,1355,845500,2026-07-31
QUEENS,2025,BEV,Purchase,1258,711500,2026-07-31
QUEENS,2025,PHEV,Lease,511,264500,2026-07-31
QUEENS,2025,PHEV,Purchase,108,79000,2026-07-31
QUEENS,2026,BEV,Lease,413,406000,2026-07-31
QUEENS,2026,BEV,Purchase,926,832500,2026-07-31
QUEENS,2026,PHEV,Lease,82,50000,2026-07-31
QUEENS,2026,PHEV,Purchase,68,56500,2026-07-31
RENSSELAER,2017,BEV,Lease,17,30100,2026-07-31
RENSSELAER,2017,BEV,Purchase,6,10200,2026-07-31
RENSSELAER,2017,PHEV,Lease,14,16000,2026-07-31
RENSSELAER,2017,PHEV,Purchase,26,29800,2026-07-31
RENSSELAER,2018,BEV,Lease,4,8000,2026-07-31
RENSSELAER,2018,BEV,Purchase,7,11000,2026-07-31
RENSSELAER,2018,PHEV,Lease,25,33500,2026-07-31
RENSSELAER,2018,PHEV,Purchase,35,46900,2026-07-31
RENSSELAER,2019,BEV,Lease,4,8000,2026-07-31
RENSSELAER,2019,BEV,Purchase,31,60500,2026-07-31
RENSSELAER,2019,PHEV,Lease,4,4400,2026-07-31
RENSSELAER,2019,PHEV,Purchase,35,40300,2026-07-31
RENSSELAER,2020,BEV,Lease,12,24000,2026-07-31
RENSSELAER,2020,BEV,Purchase,38,68500,2026-07-31
RENSSELAER,2020,PHEV,Lease,20,21400,2026-07-31
RENSSELAER,2020,PHEV,Purchase,26,28600,2026-07-31
RENSSELAER,2021,BEV,Lease,19,36500,2026-07-31
RENSSELAER,2021,BEV,Purchase,51,78000,2026-07-31
RENSSELAER,2021,PHEV,Lease,23,23200,2026-07-31
RENSSELAER,2021,PHEV,Purchase,75,82300,2026-07-31
RENSSELAER,2022,BEV,Lease,12,18000,2026-07-31
RENSSELAER,2022,BEV,Purchase,94,77500,2026-07-31
RENSSELAER,2022,PHEV,Lease,8,4500,2026-07-31
RENSSELAER,2022,PHEV,Purchase,81,59500,2026-07-31
RENSSELAER,2023,BEV,Lease,27,25500,2026-07-31
RENSSELAER,2023,BEV,Purchase,155,150000,2026-07-31
RENSSELAER,2023,PHEV,Lease,50,28500,2026-07-31
RENSSELAER,2023,PHEV,Purchase,48,34500,2026-07-31
RENSSELAER,2024,BEV,Lease,84,70500,2026-07-31
RENSSELAER,2024,BEV,Purchase,100,75500,2026-07-31
RENSSELAER,2024,PHEV,Lease,66,36000,2026-07-31
RENSSELAER,2024,PHEV,Purchase,48,24000,2026-07-31
RENSSELAER,2025,BEV,Lease,100,87500,2026-07-31
RENSSELAER,2025,BEV,Purchase,84,80000,2026-07-31
RENSSELAER,2025,PHEV,Lease,96,48500,2026-07-31
RENSSELAER,2025,PHEV,Purchase,57,44500,2026-07-31
RENSSELAER,2026,BEV,Lease,24,31500,2026-07-31
RENSSELAER,2026,BEV,Purchase,61,75500,2026-07-31
RENSSELAER,2026,PHEV,Lease,15,8000,2026-07-31
RENSSELAER,2026,PHEV,Purchase,14,10000,2026-07-31
RICHMOND,2017,BEV,Lease,37,63500,2026-07-31
RICHMOND,2017,BEV,Purchase,2,4000,2026-07-31
RICHMOND,2017,PHEV,Lease,34,36800,2026-07-31
RICHMOND,2017,PHEV,Purchase,14,16000,2026-07-31
RICHMOND,2018,BEV,Lease,5,9100,2026-07-31
RICHMOND,2018,BEV,Purchase,11,16000,2026-07-31
RICHMOND,2018,PHEV,Lease,93,141900,2026-07-31
RICHMOND,2018,PHEV,Purchase,12,13800,2026-07-31
RICHMOND,2019,BEV,Lease,23,44200,2026-07-31
RICHMOND,2019,BEV,Purchase,56,98200,2026-07-31
RICHMOND,2019,PHEV,Lease,91,106700,2026-07-31
RICHMOND,2019,PHEV,Purchase,11,13300,2026-07-31
RICHMOND,2020,BEV,Lease,60,112500,2026-07-31
RICHMOND,2020,BEV,Purchase,147,249000,2026-07-31
RICHMOND,2020,PHEV,Lease,57,63300,2026-07-31
RICHMOND,2020,PHEV,Purchase,8,9400,2026-07-31
RICHMOND,2021,BEV,Lease,76,132500,2026-07-31
RICHMOND,2021,BEV,Purchase,244,331500,2026-07-31
RICHMOND,2021,PHEV,Lease,63,65500,2026-07-31
RICHMOND,2021,PHEV,Purchase,31,30900,2026-07-31
RICHMOND,2022,BEV,Lease,155,107500,2026-07-31
RICHMOND,2022,BEV,Purchase,509,308000,2026-07-31
RICHMOND,2022,PHEV,Lease,39,24000,2026-07-31
RICHMOND,2022,PHEV,Purchase,46,32500,2026-07-31
RICHMOND,2023,BEV,Lease,318,260000,2026-07-31
RICHMOND,2023,BEV,Purchase,812,592000,2026-07-31
RICHMOND,2023,PHEV,Lease,181,98500,2026-07-31
RICHMOND,2023,PHEV,Purchase,25,21500,2026-07-31
RICHMOND,2024,BEV,Lease,512,463500,2026-07-31
RICHMOND,2024,BEV,Purchase,508,275500,2026-07-31
RICHMOND,2024,PHEV,Lease,543,275500,2026-07-31
RICHMOND,2024,PHEV,Purchase,14,7000,2026-07-31
RICHMOND,2025,BEV,Lease,547,382000,2026-07-31
RICHMOND,2025,BEV,Purchase,396,208500,2026-07-31
RICHMOND,2025,PHEV,Lease,104,56500,2026-07-31
RICHMOND,2025,PHEV,Purchase,5,3500,2026-07-31
RICHMOND,2026,BEV,Lease,136,146000,2026-07-31
RICHMOND,2026,BEV,Purchase,296,212500,2026-07-31
RICHMOND,2026,PHEV,Lease,18,13500,2026-07-31
RICHMOND,2026,PHEV,Purchase,8,6500,2026-07-31
ROCKLAND,2017,BEV,Lease,66,113700,2026-07-31
ROCKLAND,2017,BEV,Purchase,14,20200,2026-07-31
ROCKLAND,2017,PHEV,Lease,16,19400,2026-07-31
ROCKLAND,2017,PHEV,Purchase,19,24500,2026-07-31
ROCKLAND,2018,BEV,Lease,12,20100,2026-07-31
ROCKLAND,2018,BEV,Purchase,22,36500,2026-07-31
ROCKLAND,2018,PHEV,Lease,51,78900,2026-07-31
ROCKLAND,2018,PHEV,Purchase,37,48500,2026-07-31
ROCKLAND,2019,BEV,Lease,16,27500,2026-07-31
ROCKLAND,2019,BEV,Purchase,100,185000,2026-07-31
ROCKLAND,2019,PHEV,Lease,19,27800,2026-07-31
ROCKLAND,2019,PHEV,Purchase,18,21600,2026-07-31
ROCKLAND,2020,BEV,Lease,100,179000,2026-07-31
ROCKLAND,2020,BEV,Purchase,188,331000,2026-07-31
ROCKLAND,2020,PHEV,Lease,37,38900,2026-07-31
ROCKLAND,2020,PHEV,Purchase,17,22900,2026-07-31
ROCKLAND,2021,BEV,Lease,67,115500,2026-07-31
ROCKLAND,2021,BEV,Purchase,285,404500,2026-07-31
ROCKLAND,2021,PHEV,Lease,45,43900,2026-07-31
ROCKLAND,2021,PHEV,Purchase,53,59400,2026-07-31
ROCKLAND,2022,BEV,Lease,87,63000,2026-07-31
ROCKLAND,2022,BEV,Purchase,530,320500,2026-07-31
ROCKLAND,2022,PHEV,Lease,27,16000,2026-07-31
ROCKLAND,2022,PHEV,Purchase,42,29500,2026-07-31
ROCKLAND,2023,BEV,Lease,181,160000,2026-07-31
ROCKLAND,2023,BEV,Purchase,502,384500,2026-07-31
ROCKLAND,2023,PHEV,Lease,81,48500,2026-07-31
ROCKLAND,2023,PHEV,Purchase,25,21000,2026-07-31
ROCKLAND,2024,BEV,Lease,410,331500,2026-07-31
ROCKLAND,2024,BEV,Purchase,381,217500,2026-07-31
ROCKLAND,2024,PHEV,Lease,125,64500,2026-07-31
ROCKLAND,2024,PHEV,Purchase,13,6500,2026-07-31
ROCKLAND,2025,BEV,Lease,487,392500,2026-07-31
ROCKLAND,2025,BEV,Purchase,285,165000,2026-07-31
ROCKLAND,2025,PHEV,Lease,82,44000,2026-07-31
ROCKLAND,2025,PHEV,Purchase,16,9000,2026-07-31
ROCKLAND,2026,BEV,Lease,182,208000,2026-07-31
ROCKLAND,2026,BEV,Purchase,268,239000,2026-07-31
ROCKLAND,2026,PHEV,Lease,17,9000,2026-07-31
ROCKLAND,2026,PHEV,Purchase,17,16000,2026-07-31
SARATOGA,2017,BEV,Lease,22,38900,2026-07-31
SARATOGA,2017,BEV,Purchase,10,19700,2026-07-31
SARATOGA,2017,PHEV,Lease,39,44700,2026-07-31
SARATOGA,2017,PHEV,Purchase,71,84100,2026-07-31
SARATOGA,2018,BEV,Lease,13,21200,2026-07-31
SARATOGA,2018,BEV,Purchase,20,38500,2026-07-31
SARATOGA,2018,PHEV,Lease,66,93000,2026-07-31
SARATOGA,2018,PHEV,Purchase,122,149800,2026-07-31
SARATOGA,2019,BEV,Lease,10,18500,2026-07-31
SARATOGA,2019,BEV,Purchase,65,121000,2026-07-31
SARATOGA,2019,PHEV,Lease,17,22300,2026-07-31
SARATOGA,2019,PHEV,Purchase,83,97300,2026-07-31
SARATOGA,2020,BEV,Lease,26,47500,2026-07-31
SARATOGA,2020,BEV,Purchase,112,201500,2026-07-31
SARATOGA,2020,PHEV,Lease,20,21400,2026-07-31
SARATOGA,2020,PHEV,Purchase,78,88800,2026-07-31
SARATOGA,2021,BEV,Lease,45,83500,2026-07-31
SARATOGA,2021,BEV,Purchase,162,241000,2026-07-31
SARATOGA,2021,PHEV,Lease,110,117900,2026-07-31
SARATOGA,2021,PHEV,Purchase,222,242200,2026-07-31
SARATOGA,2022,BEV,Lease,36,45000,2026-07-31
SARATOGA,2022,BEV,Purchase,298,241000,2026-07-31
SARATOGA,2022,PHEV,Lease,23,14100,2026-07-31
SARATOGA,2022,PHEV,Purchase,186,138500,2026-07-31
SARATOGA,2023,BEV,Lease,85,85000,2026-07-31
SARATOGA,2023,BEV,Purchase,384,315000,2026-07-31
SARATOGA,2023,PHEV,Lease,221,129500,2026-07-31
SARATOGA,2023,PHEV,Purchase,142,112500,2026-07-31
SARATOGA,2024,BEV,Lease,228,175000,2026-07-31
SARATOGA,2024,BEV,Purchase,240,165000,2026-07-31
SARATOGA,2024,PHEV,Lease,259,135000,2026-07-31
SARATOGA,2024,PHEV,Purchase,112,57000,2026-07-31
SARATOGA,2025,BEV,Lease,272,226000,2026-07-31
SARATOGA,2025,BEV,Purchase,241,177500,2026-07-31
SARATOGA,2025,PHEV,Lease,177,95500,2026-07-31
SARATOGA,2025,PHEV,Purchase,66,35500,2026-07-31
SARATOGA,2026,BEV,Lease,82,111500,2026-07-31
SARATOGA,2026,BEV,Purchase,144,141000,2026-07-31
SARATOGA,2026,PHEV,Lease,30,17000,2026-07-31
SARATOGA,2026,PHEV,Purchase,38,27000,2026-07-31
SCHENECTADY,2017,BEV,Lease,50,86200,2026-07-31
SCHENECTADY,2017,BEV,Purchase,5,9400,2026-07-31
SCHENECTADY,2017,PHEV,Lease,24,30000,2026-07-31
SCHENECTADY,2017,PHEV,Purchase,32,36400,2026-07-31
SCHENECTADY,2018,BEV,Lease,7,13400,2026-07-31
SCHENECTADY,2018,BEV,Purchase,13,24200,2026-07-31
SCHENECTADY,2018,PHEV,Lease,47,58300,2026-07-31
SCHENECTADY,2018,PHEV,Purchase,53,64300,2026-07-31
SCHENECTADY,2019,BEV,Lease,9,18000,2026-07-31
SCHENECTADY,2019,BEV,Purchase,32,61000,2026-07-31
SCHENECTADY,2019,PHEV,Lease,20,27400,2026-07-31
SCHENECTADY,2019,PHEV,Purchase,51,61500,2026-07-31
SCHENECTADY,2020,BEV,Lease,19,36500,2026-07-31
SCHENECTADY,2020,BEV,Purchase,46,83000,2026-07-31
SCHENECTADY,2020,PHEV,Lease,20,22600,2026-07-31
SCHENECTADY,2020,PHEV,Purchase,30,34200,2026-07-31
SCHENECTADY,2021,BEV,Lease,27,52500,2026-07-31
SCHENECTADY,2021,BEV,Purchase,72,118200,2026-07-31
SCHENECTADY,2021,PHEV,Lease,24,26100,2026-07-31
SCHENECTADY,2021,PHEV,Purchase,71,73800,2026-07-31
SCHENECTADY,2022,BEV,Lease,28,36500,2026-07-31
SCHENECTADY,2022,BEV,Purchase,110,76000,2026-07-31
SCHENECTADY,2022,PHEV,Lease,10,5500,2026-07-31
SCHENECTADY,2022,PHEV,Purchase,87,59500,2026-07-31
SCHENECTADY,2023,BEV,Lease,45,47000,2026-07-31
SCHENECTADY,2023,BEV,Purchase,187,166000,2026-07-31
SCHENECTADY,2023,PHEV,Lease,82,48000,2026-07-31
SCHENECTADY,2023,PHEV,Purchase,58,43500,2026-07-31
SCHENECTADY,2024,BEV,Lease,113,88500,2026-07-31
SCHENECTADY,2024,BEV,Purchase,105,73500,2026-07-31
SCHENECTADY,2024,PHEV,Lease,80,41500,2026-07-31
SCHENECTADY,2024,PHEV,Purchase,63,33500,2026-07-31
SCHENECTADY,2025,BEV,Lease,145,134000,2026-07-31
SCHENECTADY,2025,BEV,Purchase,103,84500,2026-07-31
SCHENECTADY,2025,PHEV,Lease,104,53000,2026-07-31
SCHENECTADY,2025,PHEV,Purchase,72,42000,2026-07-31
SCHENECTADY,2026,BEV,Lease,34,44000,2026-07-31
SCHENECTADY,2026,BEV,Purchase,58,75500,2026-07-31
SCHENECTADY,2026,PHEV,Lease,13,7000,2026-07-31
SCHENECTADY,2026,PHEV,Purchase,14,10000,2026-07-31
SCHOHARIE,2017,BEV,Lease,4,6800,2026-07-31
SCHOHARIE,2017,BEV,Purchase,1,2000,2026-07-31
SCHOHARIE,2017,PHEV,Purchase,7,7700,2026-07-31
SCHOHARIE,2018,BEV,Purchase,1,2000,2026-07-31
SCHOHARIE,2018,PHEV,Lease,3,3900,2026-07-31
SCHOHARIE,2018,PHEV,Purchase,7,8300,2026-07-31
SCHOHARIE,2019,BEV,Purchase,4,6500,2026-07-31
SCHOHARIE,2020,BEV,Purchase,5,7000,2026-07-31
SCHOHARIE,2020,PHEV,Purchase,5,6100,2026-07-31
SCHOHARIE,2021,BEV,Purchase,8,13000,2026-07-31
SCHOHARIE,2021,PHEV,Lease,5,4300,2026-07-31
SCHOHARIE,2021,PHEV,Purchase,10,10600,2026-07-31
SCHOHARIE,2022,BEV,Lease,4,5000,2026-07-31
SCHOHARIE,2022,BEV,Purchase,16,15500,2026-07-31
SCHOHARIE,2022,PHEV,Lease,3,1500,2026-07-31
SCHOHARIE,2022,PHEV,Purchase,10,6500,2026-07-31
SCHOHARIE,2023,BEV,Lease,3,3000,2026-07-31
SCHOHARIE,2023,BEV,Purchase,9,4500,2026-07-31
SCHOHARIE,2023,PHEV,Lease,6,3500,2026-07-31
SCHOHARIE,2023,PHEV,Purchase,12,8000,2026-07-31
SCHOHARIE,2024,BEV,Lease,10,9500,2026-07-31
SCHOHARIE,2024,BEV,Purchase,7,5000,2026-07-31
SCHOHARIE,2024,PHEV,Lease,12,6000,2026-07-31
SCHOHARIE,2024,PHEV,Purchase,8,4000,2026-07-31
SCHOHARIE,2025,BEV,Lease,10,14000,2026-07-31
SCHOHARIE,2025,BEV,Purchase,12,9000,2026-07-31
SCHOHARIE,2025,PHEV,Lease,6,3000,2026-07-31
SCHOHARIE,2025,PHEV,Purchase,5,2500,2026-07-31
SCHOHARIE,2026,BEV,Lease,2,4000,2026-07-31
SCHOHARIE,2026,BEV,Purchase,14,25000,2026-07-31
SCHOHARIE,2026,PHEV,Lease,3,1500,2026-07-31
SCHOHARIE,2026,PHEV,Purchase,2,1000,2026-07-31
SCHUYLER,2017,BEV,Purchase,1,2000,2026-07-31
SCHUYLER,2017,PHEV,Lease,1,1100,2026-07-31
SCHUYLER,2018,BEV,Purchase,2,4000,2026-07-31
SCHUYLER,2018,PHEV,Lease,2,3400,2026-07-31
SCHUYLER,2018,PHEV,Purchase,6,7800,2026-07-31
SCHUYLER,2019,BEV,Purchase,1,2000,2026-07-31
SCHUYLER,2019,PHEV,Lease,4,6200,2026-07-31
SCHUYLER,2019,PHEV,Purchase,3,4500,2026-07-31
SCHUYLER,2020,BEV,Lease,1,2000,2026-07-31
SCHUYLER,2020,BEV,Purchase,2,4000,2026-07-31
SCHUYLER,2020,PHEV,Purchase,2,1600,2026-07-31
SCHUYLER,2021,BEV,Lease,5,10000,2026-07-31
SCHUYLER,2021,BEV,Purchase,1,2000,2026-07-31
SCHUYLER,2021,PHEV,Lease,3,2600,2026-07-31
SCHUYLER,2021,PHEV,Purchase,22,25900,2026-07-31
SCHUYLER,2022,BEV,Lease,1,500,2026-07-31
SCHUYLER,2022,BEV,Purchase,8,11500,2026-07-31
SCHUYLER,2022,PHEV,Lease,1,1000,2026-07-31
SCHUYLER,2022,PHEV,Purchase,8,6000,2026-07-31
SCHUYLER,2023,BEV,Lease,2,1000,2026-07-31
SCHUYLER,2023,BEV,Purchase,11,10000,2026-07-31
SCHUYLER,2023,PHEV,Lease,3,1500,2026-07-31
SCHUYLER,2023,PHEV,Purchase,11,10000,2026-07-31
SCHUYLER,2024,BEV,Lease,3,1500,2026-07-31
SCHUYLER,2024,BEV,Purchase,3,1500,2026-07-31
SCHUYLER,2024,PHEV,Lease,6,3000,2026-07-31
SCHUYLER,2024,PHEV,Purchase,8,4000,2026-07-31
SCHUYLER,2025,BEV,Lease,6,4500,2026-07-31
SCHUYLER,2025,BEV,Purchase,5,7000,2026-07-31
SCHUYLER,2025,PHEV,Lease,7,3500,2026-07-31
SCHUYLER,2025,PHEV,Purchase,3,1500,2026-07-31
SCHUYLER,2026,BEV,Lease,1,2000,2026-07-31
SCHUYLER,2026,BEV,Purchase,8,10000,2026-07-31
SCHUYLER,2026,PHEV,Purchase,2,2000,2026-07-31
SENECA,2017,BEV,Purchase,1,2000,2026-07-31
SENECA,2017,PHEV,Purchase,5,5500,2026-07-31
SENECA,2018,BEV,Lease,1,2000,2026-07-31
SENECA,2018,BEV,Purchase,1,2000,2026-07-31
SENECA,2018,PHEV,Lease,1,1700,2026-07-31
SENECA,2018,PHEV,Purchase,3,3900,2026-07-31
SENECA,2019,BEV,Purchase,2,4000,2026-07-31
SENECA,2019,PHEV,Lease,1,1100,2026-07-31
SENECA,2019,PHEV,Purchase,5,6700,2026-07-31
SENECA,2020,BEV,Lease,2,4000,2026-07-31
SENECA,2020,BEV,Purchase,2,4000,2026-07-31
SENECA,2020,PHEV,Lease,1,1100,2026-07-31
SENECA,2020,PHEV,Purchase,5,4900,2026-07-31
SENECA,2021,BEV,Lease,5,10000,2026-07-31
SENECA,2021,BEV,Purchase,4,7000,2026-07-31
SENECA,2021,PHEV,Lease,3,3300,2026-07-31
SENECA,2021,PHEV,Purchase,8,10500,2026-07-31
SENECA,2022,BEV,Lease,2,1000,2026-07-31
SENECA,2022,BEV,Purchase,8,10500,2026-07-31
SENECA,2022,PHEV,Purchase,10,7500,2026-07-31
SENECA,2023,BEV,Lease,2,2500,2026-07-31
SENECA,2023,BEV,Purchase,15,19500,2026-07-31
SENECA,2023,PHEV,Lease,5,3000,2026-07-31
SENECA,2023,PHEV,Purchase,14,12500,2026-07-31
SENECA,2024,BEV,Lease,12,10500,2026-07-31
SENECA,2024,BEV,Purchase,16,15500,2026-07-31
SENECA,2024,PHEV,Lease,11,6500,2026-07-31
SENECA,2024,PHEV,Purchase,12,6000,2026-07-31
SENECA,2025,BEV,Lease,12,13500,2026-07-31
SENECA,2025,BEV,Purchase,9,9000,2026-07-31
SENECA,2025,PHEV,Lease,3,1500,2026-07-31
SENECA,2025,PHEV,Purchase,5,2500,2026-07-31
SENECA,2026,BEV,Lease,4,8000,2026-07-31
SENECA,2026,BEV,Purchase,3,6000,2026-07-31
ST LAWRENCE,2017,BEV,Purchase,1,2000,2026-07-31
ST LAWRENCE,2017,PHEV,Purchase,17,18700,2026-07-31
ST LAWRENCE,2018,BEV,Lease,1,2000,2026-07-31
ST LAWRENCE,2018,BEV,Purchase,2,2500,2026-07-31
ST LAWRENCE,2018,PHEV,Lease,4,4400,2026-07-31
ST LAWRENCE,2018,PHEV,Purchase,11,13300,2026-07-31
ST LAWRENCE,2019,BEV,Lease,2,4000,2026-07-31
ST LAWRENCE,2019,BEV,Purchase,7,12500,2026-07-31
ST LAWRENCE,2019,PHEV,Purchase,16,18800,2026-07-31
ST LAWRENCE,2020,BEV,Purchase,11,20500,2026-07-31
ST LAWRENCE,2020,PHEV,Lease,3,3900,2026-07-31
ST LAWRENCE,2020,PHEV,Purchase,19,23300,2026-07-31
ST LAWRENCE,2021,BEV,Lease,1,2000,2026-07-31
ST LAWRENCE,2021,BEV,Purchase,15,19500,2026-07-31
ST LAWRENCE,2021,PHEV,Lease,17,18900,2026-07-31
ST LAWRENCE,2021,PHEV,Purchase,54,58800,2026-07-31
ST LAWRENCE,2022,BEV,Purchase,30,28500,2026-07-31
ST LAWRENCE,2022,PHEV,Lease,2,2000,2026-07-31
ST LAWRENCE,2022,PHEV,Purchase,36,28500,2026-07-31
ST LAWRENCE,2023,BEV,Lease,9,10500,2026-07-31
ST LAWRENCE,2023,BEV,Purchase,46,44000,2026-07-31
ST LAWRENCE,2023,PHEV,Lease,20,12000,2026-07-31
ST LAWRENCE,2023,PHEV,Purchase,55,47000,2026-07-31
ST LAWRENCE,2024,BEV,Lease,12,6000,2026-07-31
ST LAWRENCE,2024,BEV,Purchase,33,31500,2026-07-31
ST LAWRENCE,2024,PHEV,Lease,20,10000,2026-07-31
ST LAWRENCE,2024,PHEV,Purchase,36,19500,2026-07-31
ST LAWRENCE,2025,BEV,Lease,20,19000,2026-07-31
ST LAWRENCE,2025,BEV,Purchase,30,34500,2026-07-31
ST LAWRENCE,2025,PHEV,Lease,15,7500,2026-07-31
ST LAWRENCE,2025,PHEV,Purchase,21,12000,2026-07-31
ST LAWRENCE,2026,BEV,Lease,6,10500,2026-07-31
ST LAWRENCE,2026,BEV,Purchase,17,19000,2026-07-31
ST LAWRENCE,2026,PHEV,Lease,1,500,2026-07-31
ST LAWRENCE,2026,PHEV,Purchase,11,10000,2026-07-31
STEUBEN,2017,BEV,Lease,2,3700,2026-07-31
STEUBEN,2017,BEV,Purchase,3,5700,2026-07-31
STEUBEN,2017,PHEV,Lease,4,4400,2026-07-31
STEUBEN,2017,PHEV,Purchase,10,11600,2026-07-31
STEUBEN,2018,BEV,Purchase,9,15000,2026-07-31
STEUBEN,2018,PHEV,Lease,9,12300,2026-07-31
STEUBEN,2018,PHEV,Purchase,14,17200,2026-07-31
STEUBEN,2019,BEV,Lease,2,4000,2026-07-31
STEUBEN,2019,BEV,Purchase,8,13000,2026-07-31
STEUBEN,2019,PHEV,Lease,4,5600,2026-07-31
STEUBEN,2019,PHEV,Purchase,23,26500,2026-07-31
STEUBEN,2020,BEV,Lease,1,2000,2026-07-31
STEUBEN,2020,BEV,Purchase,12,24000,2026-07-31
STEUBEN,2020,PHEV,Lease,2,2200,2026-07-31
STEUBEN,2020,PHEV,Purchase,8,10000,2026-07-31
STEUBEN,2021,BEV,Lease,6,12000,2026-07-31
STEUBEN,2021,BEV,Purchase,26,39000,2026-07-31
STEUBEN,2021,PHEV,Lease,6,7100,2026-07-31
STEUBEN,2021,PHEV,Purchase,32,35000,2026-07-31
STEUBEN,2022,BEV,Lease,2,2500,2026-07-31
STEUBEN,2022,BEV,Purchase,33,22500,2026-07-31
STEUBEN,2022,PHEV,Lease,5,3500,2026-07-31
STEUBEN,2022,PHEV,Purchase,29,23500,2026-07-31
STEUBEN,2023,BEV,Lease,7,3500,2026-07-31
STEUBEN,2023,BEV,Purchase,36,37500,2026-07-31
STEUBEN,2023,PHEV,Lease,17,11500,2026-07-31
STEUBEN,2023,PHEV,Purchase,24,18000,2026-07-31
STEUBEN,2024,BEV,Lease,20,14500,2026-07-31
STEUBEN,2024,BEV,Purchase,25,20000,2026-07-31
STEUBEN,2024,PHEV,Lease,21,11500,2026-07-31
STEUBEN,2024,PHEV,Purchase,17,8500,2026-07-31
STEUBEN,2025,BEV,Lease,20,14500,2026-07-31
STEUBEN,2025,BEV,Purchase,16,14000,2026-07-31
STEUBEN,2025,PHEV,Lease,15,10000,2026-07-31
STEUBEN,2025,PHEV,Purchase,14,7000,2026-07-31
STEUBEN,2026,BEV,Lease,4,5000,2026-07-31
STEUBEN,2026,BEV,Purchase,16,17000,2026-07-31
STEUBEN,2026,PHEV,Lease,2,1500,2026-07-31
STEUBEN,2026,PHEV,Purchase,1,1000,2026-07-31
SUFFOLK,2017,BEV,Lease,61,109100,2026-07-31
SUFFOLK,2017,BEV,Purchase,48,62700,2026-07-31
SUFFOLK,2017,PHEV,Lease,469,502700,2026-07-31
SUFFOLK,2017,PHEV,Purchase,431,477700,2026-07-31
SUFFOLK,2018,BEV,Lease,34,60200,2026-07-31
SUFFOLK,2018,BEV,Purchase,115,181700,2026-07-31
SUFFOLK,2018,PHEV,Lease,711,881700,2026-07-31
SUFFOLK,2018,PHEV,Purchase,641,746500,2026-07-31
SUFFOLK,2019,BEV,Lease,153,252000,2026-07-31
SUFFOLK,2019,BEV,Purchase,505,894500,2026-07-31
SUFFOLK,2019,PHEV,Lease,577,644900,2026-07-31
SUFFOLK,2019,PHEV,Purchase,428,483400,2026-07-31
SUFFOLK,2020,BEV,Lease,441,760500,2026-07-31
SUFFOLK,2020,BEV,Purchase,1032,1743300,2026-07-31
SUFFOLK,2020,PHEV,Lease,504,544200,2026-07-31
SUFFOLK,2020,PHEV,Purchase,415,461600,2026-07-31
SUFFOLK,2021,BEV,Lease,402,731000,2026-07-31
SUFFOLK,2021,BEV,Purchase,1408,2056900,2026-07-31
SUFFOLK,2021,PHEV,Lease,832,858000,2026-07-31
SUFFOLK,2021,PHEV,Purchase,783,815800,2026-07-31
SUFFOLK,2022,BEV,Lease,594,462000,2026-07-31
SUFFOLK,2022,BEV,Purchase,2575,1611500,2026-07-31
SUFFOLK,2022,PHEV,Lease,360,219000,2026-07-31
SUFFOLK,2022,PHEV,Purchase,724,479000,2026-07-31
SUFFOLK,2023,BEV,Lease,1346,1184500,2026-07-31
SUFFOLK,2023,BEV,Purchase,2637,2218000,2026-07-31
SUFFOLK,2023,PHEV,Lease,1571,918000,2026-07-31
SUFFOLK,2023,PHEV,Purchase,481,346500,2026-07-31
SUFFOLK,2024,BEV,Lease,2950,2318000,2026-07-31
SUFFOLK,2024,BEV,Purchase,2025,1158500,2026-07-31
SUFFOLK,2024,PHEV,Lease,2501,1274000,2026-07-31
SUFFOLK,2024,PHEV,Purchase,354,181500,2026-07-31
SUFFOLK,2025,BEV,Lease,3324,2342000,2026-07-31
SUFFOLK,2025,BEV,Purchase,1747,1121000,2026-07-31
SUFFOLK,2025,PHEV,Lease,1653,869500,2026-07-31
SUFFOLK,2025,PHEV,Purchase,250,140500,2026-07-31
SUFFOLK,2026,BEV,Lease,878,905500,2026-07-31
SUFFOLK,2026,BEV,Purchase,1159,1029500,2026-07-31
SUFFOLK,2026,PHEV,Lease,231,140000,2026-07-31
SUFFOLK,2026,PHEV,Purchase,154,120000,2026-07-31
SULLIVAN,2017,BEV,Purchase,1,2000,2026-07-31
SULLIVAN,2017,PHEV,Lease,2,2800,2026-07-31
SULLIVAN,2017,PHEV,Purchase,4,5000,2026-07-31
SULLIVAN,2018,BEV,Lease,2,2500,2026-07-31
SULLIVAN,2018,BEV,Purchase,3,5700,2026-07-31
SULLIVAN,2018,PHEV,Lease,2,2800,2026-07-31
SULLIVAN,2018,PHEV,Purchase,20,25600,2026-07-31
SULLIVAN,2019,BEV,Lease,2,2500,2026-07-31
SULLIVAN,2019,BEV,Purchase,12,24000,2026-07-31
SULLIVAN,2019,PHEV,Lease,1,1100,2026-07-31
SULLIVAN,2019,PHEV,Purchase,8,9400,2026-07-31
SULLIVAN,2020,BEV,Lease,11,20500,2026-07-31
SULLIVAN,2020,BEV,Purchase,19,35000,2026-07-31
SULLIVAN,2020,PHEV,Lease,2,2200,2026-07-31
SULLIVAN,2020,PHEV,Purchase,8,10000,2026-07-31
SULLIVAN,2021,BEV,Lease,2,4000,2026-07-31
SULLIVAN,2021,BEV,Purchase,35,49000,2026-07-31
SULLIVAN,2021,PHEV,Lease,11,12400,2026-07-31
SULLIVAN,2021,PHEV,Purchase,18,20000,2026-07-31
SULLIVAN,2022,BEV,Lease,10,9500,2026-07-31
SULLIVAN,2022,BEV,Purchase,56,43000,2026-07-31
SULLIVAN,2022,PHEV,Lease,4,2000,2026-07-31
SULLIVAN,2022,PHEV,Purchase,33,25000,2026-07-31
SULLIVAN,2023,BEV,Lease,11,7000,2026-07-31
SULLIVAN,2023,BEV,Purchase,55,44000,2026-07-31
SULLIVAN,2023,PHEV,Lease,33,18500,2026-07-31
SULLIVAN,2023,PHEV,Purchase,10,6500,2026-07-31
SULLIVAN,2024,BEV,Lease,28,22000,2026-07-31
SULLIVAN,2024,BEV,Purchase,42,24000,2026-07-31
SULLIVAN,2024,PHEV,Lease,36,18500,2026-07-31
SULLIVAN,2024,PHEV,Purchase,19,9500,2026-07-31
SULLIVAN,2025,BEV,Lease,32,25000,2026-07-31
SULLIVAN,2025,BEV,Purchase,41,32500,2026-07-31
SULLIVAN,2025,PHEV,Lease,19,9500,2026-07-31
SULLIVAN,2025,PHEV,Purchase,10,6000,2026-07-31
SULLIVAN,2026,BEV,Lease,7,8000,2026-07-31
SULLIVAN,2026,BEV,Purchase,27,33000,2026-07-31
SULLIVAN,2026,PHEV,Purchase,1,1000,2026-07-31
TIOGA,2017,BEV,Purchase,2,4000,2026-07-31
TIOGA,2017,PHEV,Purchase,3,3300,2026-07-31
TIOGA,2018,BEV,Purchase,3,6000,2026-07-31
TIOGA,2018,PHEV,Purchase,11,13300,2026-07-31
TIOGA,2019,BEV,Purchase,7,14000,2026-07-31
TIOGA,2019,PHEV,Lease,2,3400,2026-07-31
TIOGA,2019,PHEV,Purchase,5,6700,2026-07-31
TIOGA,2020,BEV,Purchase,10,20000,2026-07-31
TIOGA,2020,PHEV,Purchase,10,12800,2026-07-31
TIOGA,2021,BEV,Lease,2,4000,2026-07-31
TIOGA,2021,BEV,Purchase,8,13000,2026-07-31
TIOGA,2021,PHEV,Lease,10,10100,2026-07-31
TIOGA,2021,PHEV,Purchase,23,23200,2026-07-31
TIOGA,2022,BEV,Lease,1,2000,2026-07-31
TIOGA,2022,BEV,Purchase,18,16500,2026-07-31
TIOGA,2022,PHEV,Lease,1,500,2026-07-31
TIOGA,2022,PHEV,Purchase,15,13000,2026-07-31
TIOGA,2023,BEV,Purchase,26,20500,2026-07-31
TIOGA,2023,PHEV,Lease,11,7000,2026-07-31
TIOGA,2023,PHEV,Purchase,17,13000,2026-07-31
TIOGA,2024,BEV,Lease,12,9000,2026-07-31
TIOGA,2024,BEV,Purchase,16,8000,2026-07-31
TIOGA,2024,PHEV,Lease,10,5500,2026-07-31
TIOGA,2024,PHEV,Purchase,4,2500,2026-07-31
TIOGA,2025,BEV,Lease,10,12500,2026-07-31
TIOGA,2025,BEV,Purchase,11,11500,2026-07-31
TIOGA,2025,PHEV,Lease,4,2000,2026-07-31
TIOGA,2025,PHEV,Purchase,5,4000,2026-07-31
TIOGA,2026,BEV,Lease,6,9000,2026-07-31
TIOGA,2026,BEV,Purchase,7,8000,2026-07-31
TIOGA,2026,PHEV,Purchase,1,500,2026-07-31
TOMPKINS,2017,BEV,Lease,13,24500,2026-07-31
TOMPKINS,2017,BEV,Purchase,15,26400,2026-07-31
TOMPKINS,2017,PHEV,Lease,10,16400,2026-07-31
TOMPKINS,2017,PHEV,Purchase,24,33000,2026-07-31
TOMPKINS,2018,BEV,Lease,4,8000,2026-07-31
TOMPKINS,2018,BEV,Purchase,15,30000,2026-07-31
TOMPKINS,2018,PHEV,Lease,51,81900,2026-07-31
TOMPKINS,2018,PHEV,Purchase,57,77100,2026-07-31
TOMPKINS,2019,BEV,Lease,15,28500,2026-07-31
TOMPKINS,2019,BEV,Purchase,45,87000,2026-07-31
TOMPKINS,2019,PHEV,Lease,24,38400,2026-07-31
TOMPKINS,2019,PHEV,Purchase,62,79600,2026-07-31
TOMPKINS,2020,BEV,Lease,31,57500,2026-07-31
TOMPKINS,2020,BEV,Purchase,43,83000,2026-07-31
TOMPKINS,2020,PHEV,Lease,27,29100,2026-07-31
TOMPKINS,2020,PHEV,Purchase,54,64800,2026-07-31
TOMPKINS,2021,BEV,Lease,41,74000,2026-07-31
TOMPKINS,2021,BEV,Purchase,86,135500,2026-07-31
TOMPKINS,2021,PHEV,Lease,41,42800,2026-07-31
TOMPKINS,2021,PHEV,Purchase,118,130700,2026-07-31
TOMPKINS,2022,BEV,Lease,16,22000,2026-07-31
TOMPKINS,2022,BEV,Purchase,131,134500,2026-07-31
TOMPKINS,2022,PHEV,Lease,6,3500,2026-07-31
TOMPKINS,2022,PHEV,Purchase,99,74500,2026-07-31
TOMPKINS,2023,BEV,Lease,28,31000,2026-07-31
TOMPKINS,2023,BEV,Purchase,170,182000,2026-07-31
TOMPKINS,2023,PHEV,Lease,29,19500,2026-07-31
TOMPKINS,2023,PHEV,Purchase,83,65500,2026-07-31
TOMPKINS,2024,BEV,Lease,69,65500,2026-07-31
TOMPKINS,2024,BEV,Purchase,79,71500,2026-07-31
TOMPKINS,2024,PHEV,Lease,79,39500,2026-07-31
TOMPKINS,2024,PHEV,Purchase,46,23500,2026-07-31
TOMPKINS,2025,BEV,Lease,89,73000,2026-07-31
TOMPKINS,2025,BEV,Purchase,111,94500,2026-07-31
TOMPKINS,2025,PHEV,Lease,66,37000,2026-07-31
TOMPKINS,2025,PHEV,Purchase,29,16000,2026-07-31
TOMPKINS,2026,BEV,Lease,22,36500,2026-07-31
TOMPKINS,2026,BEV,Purchase,68,100000,2026-07-31
TOMPKINS,2026,PHEV,Lease,10,5000,2026-07-31
TOMPKINS,2026,PHEV,Purchase,11,9000,2026-07-31
ULSTER,2017,BEV,Lease,35,65200,2026-07-31
ULSTER,2017,BEV,Purchase,13,22700,2026-07-31
ULSTER,2017,PHEV,Lease,23,28900,2026-07-31
ULSTER,2017,PHEV,Purchase,47,54700,2026-07-31
ULSTER,2018,BEV,Lease,19,36200,2026-07-31
ULSTER,2018,BEV,Purchase,31,59000,2026-07-31
ULSTER,2018,PHEV,Lease,30,43800,2026-07-31
ULSTER,2018,PHEV,Purchase,64,78200,2026-07-31
ULSTER,2019,BEV,Lease,25,50000,2026-07-31
ULSTER,2019,BEV,Purchase,59,113500,2026-07-31
ULSTER,2019,PHEV,Lease,15,21900,2026-07-31
ULSTER,2019,PHEV,Purchase,40,48200,2026-07-31
ULSTER,2020,BEV,Lease,35,67000,2026-07-31
ULSTER,2020,BEV,Purchase,103,185000,2026-07-31
ULSTER,2020,PHEV,Lease,26,27400,2026-07-31
ULSTER,2020,PHEV,Purchase,44,47800,2026-07-31
ULSTER,2021,BEV,Lease,65,123500,2026-07-31
ULSTER,2021,BEV,Purchase,150,210500,2026-07-31
ULSTER,2021,PHEV,Lease,41,40000,2026-07-31
ULSTER,2021,PHEV,Purchase,127,135600,2026-07-31
ULSTER,2022,BEV,Lease,36,37500,2026-07-31
ULSTER,2022,BEV,Purchase,265,204500,2026-07-31
ULSTER,2022,PHEV,Lease,30,19500,2026-07-31
ULSTER,2022,PHEV,Purchase,128,96500,2026-07-31
ULSTER,2023,BEV,Lease,91,89000,2026-07-31
ULSTER,2023,BEV,Purchase,247,217000,2026-07-31
ULSTER,2023,PHEV,Lease,74,46500,2026-07-31
ULSTER,2023,PHEV,Purchase,99,79000,2026-07-31
ULSTER,2024,BEV,Lease,158,123500,2026-07-31
ULSTER,2024,BEV,Purchase,165,132000,2026-07-31
ULSTER,2024,PHEV,Lease,89,45500,2026-07-31
ULSTER,2024,PHEV,Purchase,102,55000,2026-07-31
ULSTER,2025,BEV,Lease,211,160000,2026-07-31
ULSTER,2025,BEV,Purchase,161,147000,2026-07-31
ULSTER,2025,PHEV,Lease,56,30000,2026-07-31
ULSTER,2025,PHEV,Purchase,44,26000,2026-07-31
ULSTER,2026,BEV,Lease,55,74000,2026-07-31
ULSTER,2026,BEV,Purchase,102,115500,2026-07-31
ULSTER,2026,PHEV,Lease,12,7000,2026-07-31
ULSTER,2026,PHEV,Purchase,26,19500,2026-07-31
WARREN,2017,BEV,Lease,5,9100,2026-07-31
WARREN,2017,BEV,Purchase,4,6200,2026-07-31
WARREN,2017,PHEV,Lease,9,10500,2026-07-31
WARREN,2017,PHEV,Purchase,17,19900,2026-07-31
WARREN,2018,BEV,Lease,2,3700,2026-07-31
WARREN,2018,BEV,Purchase,5,10000,2026-07-31
WARREN,2018,PHEV,Lease,17,24700,2026-07-31
WARREN,2018,PHEV,Purchase,30,35400,2026-07-31
WARREN,2019,BEV,Lease,5,10000,2026-07-31
WARREN,2019,BEV,Purchase,5,7000,2026-07-31
WARREN,2019,PHEV,Lease,3,4500,2026-07-31
WARREN,2019,PHEV,Purchase,16,16400,2026-07-31
WARREN,2020,BEV,Lease,8,14500,2026-07-31
WARREN,2020,BEV,Purchase,29,50500,2026-07-31
WARREN,2020,PHEV,Lease,7,7700,2026-07-31
WARREN,2020,PHEV,Purchase,16,18200,2026-07-31
WARREN,2021,BEV,Lease,13,24500,2026-07-31
WARREN,2021,BEV,Purchase,33,51000,2026-07-31
WARREN,2021,PHEV,Lease,18,21200,2026-07-31
WARREN,2021,PHEV,Purchase,63,68800,2026-07-31
WARREN,2022,BEV,Lease,1,2000,2026-07-31
WARREN,2022,BEV,Purchase,48,33500,2026-07-31
WARREN,2022,PHEV,Lease,6,4000,2026-07-31
WARREN,2022,PHEV,Purchase,37,29500,2026-07-31
WARREN,2023,BEV,Lease,12,9000,2026-07-31
WARREN,2023,BEV,Purchase,68,49000,2026-07-31
WARREN,2023,PHEV,Lease,25,16500,2026-07-31
WARREN,2023,PHEV,Purchase,29,23000,2026-07-31
WARREN,2024,BEV,Lease,44,41500,2026-07-31
WARREN,2024,BEV,Purchase,43,29000,2026-07-31
WARREN,2024,PHEV,Lease,41,21500,2026-07-31
WARREN,2024,PHEV,Purchase,18,10000,2026-07-31
WARREN,2025,BEV,Lease,29,32500,2026-07-31
WARREN,2025,BEV,Purchase,45,34500,2026-07-31
WARREN,2025,PHEV,Lease,26,13500,2026-07-31
WARREN,2025,PHEV,Purchase,7,4500,2026-07-31
WARREN,2026,BEV,Lease,13,21500,2026-07-31
WARREN,2026,BEV,Purchase,23,26500,2026-07-31
WARREN,2026,PHEV,Lease,3,2000,2026-07-31
WARREN,2026,PHEV,Purchase,2,1500,2026-07-31
WASHINGTON,2017,BEV,Lease,5,8500,2026-07-31
WASHINGTON,2017,BEV,Purchase,1,2000,2026-07-31
WASHINGTON,2017,PHEV,Lease,13,14900,2026-07-31
WASHINGTON,2017,PHEV,Purchase,6,7200,2026-07-31
WASHINGTON,2018,BEV,Purchase,2,4000,2026-07-31
WASHINGTON,2018,PHEV,Lease,11,15100,2026-07-31
WASHINGTON,2018,PHEV,Purchase,14,15400,2026-07-31
WASHINGTON,2019,BEV,Lease,1,2000,2026-07-31
WASHINGTON,2019,BEV,Purchase,5,10000,2026-07-31
WASHINGTON,2019,PHEV,Lease,10,11600,2026-07-31
WASHINGTON,2019,PHEV,Purchase,12,15600,2026-07-31
WASHINGTON,2020,BEV,Lease,4,8000,2026-07-31
WASHINGTON,2020,BEV,Purchase,10,20000,2026-07-31
WASHINGTON,2020,PHEV,Lease,10,11000,2026-07-31
WASHINGTON,2020,PHEV,Purchase,9,9300,2026-07-31
WASHINGTON,2021,BEV,Lease,7,13000,2026-07-31
WASHINGTON,2021,BEV,Purchase,9,13500,2026-07-31
WASHINGTON,2021,PHEV,Lease,8,10600,2026-07-31
WASHINGTON,2021,PHEV,Purchase,15,16800,2026-07-31
WASHINGTON,2022,BEV,Lease,2,2500,2026-07-31
WASHINGTON,2022,BEV,Purchase,26,19500,2026-07-31
WASHINGTON,2022,PHEV,Lease,2,1000,2026-07-31
WASHINGTON,2022,PHEV,Purchase,17,12500,2026-07-31
WASHINGTON,2023,BEV,Lease,10,8000,2026-07-31
WASHINGTON,2023,BEV,Purchase,23,14500,2026-07-31
WASHINGTON,2023,PHEV,Lease,19,10000,2026-07-31
WASHINGTON,2023,PHEV,Purchase,11,9500,2026-07-31
WASHINGTON,2024,BEV,Lease,9,6000,2026-07-31
WASHINGTON,2024,BEV,Purchase,23,16000,2026-07-31
WASHINGTON,2024,PHEV,Lease,12,6000,2026-07-31
WASHINGTON,2024,PHEV,Purchase,10,5000,2026-07-31
WASHINGTON,2025,BEV,Lease,24,21000,2026-07-31
WASHINGTON,2025,BEV,Purchase,15,12000,2026-07-31
WASHINGTON,2025,PHEV,Lease,4,2000,2026-07-31
WASHINGTON,2025,PHEV,Purchase,4,2000,2026-07-31
WASHINGTON,2026,BEV,Lease,2,4000,2026-07-31
WASHINGTON,2026,BEV,Purchase,10,12500,2026-07-31
WASHINGTON,2026,PHEV,Lease,1,500,2026-07-31
WASHINGTON,2026,PHEV,Purchase,2,1500,2026-07-31
WAYNE,2017,BEV,Lease,3,5700,2026-07-31
WAYNE,2017,PHEV,Lease,3,5100,2026-07-31
WAYNE,2017,PHEV,Purchase,13,14900,2026-07-31
WAYNE,2018,BEV,Purchase,3,6000,2026-07-31
WAYNE,2018,PHEV,Lease,19,27500,2026-07-31
WAYNE,2018,PHEV,Purchase,17,21700,2026-07-31
WAYNE,2019,BEV,Lease,3,6000,2026-07-31
WAYNE,2019,BEV,Purchase,11,22000,2026-07-31
WAYNE,2019,PHEV,Lease,10,15200,2026-07-31
WAYNE,2019,PHEV,Purchase,8,8800,2026-07-31
WAYNE,2020,BEV,Lease,8,16000,2026-07-31
WAYNE,2020,BEV,Purchase,24,45000,2026-07-31
WAYNE,2020,PHEV,Purchase,12,14400,2026-07-31
WAYNE,2021,BEV,Lease,19,38000,2026-07-31
WAYNE,2021,BEV,Purchase,22,35500,2026-07-31
WAYNE,2021,PHEV,Lease,22,19800,2026-07-31
WAYNE,2021,PHEV,Purchase,39,41800,2026-07-31
WAYNE,2022,BEV,Lease,7,14000,2026-07-31
WAYNE,2022,BEV,Purchase,51,49000,2026-07-31
WAYNE,2022,PHEV,Lease,8,4000,2026-07-31
WAYNE,2022,PHEV,Purchase,23,16000,2026-07-31
WAYNE,2023,BEV,Lease,17,17500,2026-07-31
WAYNE,2023,BEV,Purchase,55,57500,2026-07-31
WAYNE,2023,PHEV,Lease,34,19000,2026-07-31
WAYNE,2023,PHEV,Purchase,37,28500,2026-07-31
WAYNE,2024,BEV,Lease,55,48500,2026-07-31
WAYNE,2024,BEV,Purchase,51,42000,2026-07-31
WAYNE,2024,PHEV,Lease,41,21500,2026-07-31
WAYNE,2024,PHEV,Purchase,24,12000,2026-07-31
WAYNE,2025,BEV,Lease,75,93000,2026-07-31
WAYNE,2025,BEV,Purchase,51,55500,2026-07-31
WAYNE,2025,PHEV,Lease,32,17000,2026-07-31
WAYNE,2025,PHEV,Purchase,9,4500,2026-07-31
WAYNE,2026,BEV,Lease,19,30500,2026-07-31
WAYNE,2026,BEV,Purchase,29,38500,2026-07-31
WAYNE,2026,PHEV,Lease,8,5500,2026-07-31
WAYNE,2026,PHEV,Purchase,5,4500,2026-07-31
WESTCHESTER,2017,BEV,Lease,64,116900,2026-07-31
WESTCHESTER,2017,BEV,Purchase,75,118200,2026-07-31
WESTCHESTER,2017,PHEV,Lease,98,121000,2026-07-31
WESTCHESTER,2017,PHEV,Purchase,103,118100,2026-07-31
WESTCHESTER,2018,BEV,Lease,77,131800,2026-07-31
WESTCHESTER,2018,BEV,Purchase,191,257200,2026-07-31
WESTCHESTER,2018,PHEV,Lease,191,263500,2026-07-31
WESTCHESTER,2018,PHEV,Purchase,141,167700,2026-07-31
WESTCHESTER,2019,BEV,Lease,147,237300,2026-07-31
WESTCHESTER,2019,BEV,Purchase,503,902500,2026-07-31
WESTCHESTER,2019,PHEV,Lease,87,111600,2026-07-31
WESTCHESTER,2019,PHEV,Purchase,106,118400,2026-07-31
WESTCHESTER,2020,BEV,Lease,434,692500,2026-07-31
WESTCHESTER,2020,BEV,Purchase,910,1562000,2026-07-31
WESTCHESTER,2020,PHEV,Lease,47,47500,2026-07-31
WESTCHESTER,2020,PHEV,Purchase,114,130200,2026-07-31
WESTCHESTER,2021,BEV,Lease,246,388500,2026-07-31
WESTCHESTER,2021,BEV,Purchase,1161,1566500,2026-07-31
WESTCHESTER,2021,PHEV,Lease,310,248800,2026-07-31
WESTCHESTER,2021,PHEV,Purchase,283,287400,2026-07-31
WESTCHESTER,2022,BEV,Lease,711,456000,2026-07-31
WESTCHESTER,2022,BEV,Purchase,2116,1263500,2026-07-31
WESTCHESTER,2022,PHEV,Lease,278,155000,2026-07-31
WESTCHESTER,2022,PHEV,Purchase,343,231000,2026-07-31
WESTCHESTER,2023,BEV,Lease,1192,878000,2026-07-31
WESTCHESTER,2023,BEV,Purchase,1993,1515000,2026-07-31
WESTCHESTER,2023,PHEV,Lease,961,522500,2026-07-31
WESTCHESTER,2023,PHEV,Purchase,244,165000,2026-07-31
WESTCHESTER,2024,BEV,Lease,2018,1395500,2026-07-31
WESTCHESTER,2024,BEV,Purchase,1137,692000,2026-07-31
WESTCHESTER,2024,PHEV,Lease,1450,733500,2026-07-31
WESTCHESTER,2024,PHEV,Purchase,169,89500,2026-07-31
WESTCHESTER,2025,BEV,Lease,2014,1264000,2026-07-31
WESTCHESTER,2025,BEV,Purchase,872,530500,2026-07-31
WESTCHESTER,2025,PHEV,Lease,1004,512000,2026-07-31
WESTCHESTER,2025,PHEV,Purchase,138,72500,2026-07-31
WESTCHESTER,2026,BEV,Lease,685,653000,2026-07-31
WESTCHESTER,2026,BEV,Purchase,731,634000,2026-07-31
WESTCHESTER,2026,PHEV,Lease,196,106500,2026-07-31
WESTCHESTER,2026,PHEV,Purchase,74,50500,2026-07-31
WYOMING,2017,PHEV,Lease,1,1700,2026-07-31
WYOMING,2017,PHEV,Purchase,4,3800,2026-07-31
WYOMING,2018,BEV,Purchase,1,500,2026-07-31
WYOMING,2018,PHEV,Purchase,6,7200,2026-07-31
WYOMING,2019,BEV,Lease,3,6000,2026-07-31
WYOMING,2019,PHEV,Lease,3,4200,2026-07-31
WYOMING,2019,PHEV,Purchase,3,3300,2026-07-31
WYOMING,2020,BEV,Lease,2,4000,2026-07-31
WYOMING,2020,BEV,Purchase,3,6000,2026-07-31
WYOMING,2020,PHEV,Lease,3,3300,2026-07-31
WYOMING,2020,PHEV,Purchase,6,7200,2026-07-31
WYOMING,2021,BEV,Lease,2,4000,2026-07-31
WYOMING,2021,BEV,Purchase,7,12500,2026-07-31
WYOMING,2021,PHEV,Lease,2,1600,2026-07-31
WYOMING,2021,PHEV,Purchase,13,12600,2026-07-31
WYOMING,2022,BEV,Lease,2,4000,2026-07-31
WYOMING,2022,BEV,Purchase,15,18500,2026-07-31
WYOMING,2022,PHEV,Lease,3,2000,2026-07-31
WYOMING,2022,PHEV,Purchase,14,9000,2026-07-31
WYOMING,2023,BEV,Lease,4,4000,2026-07-31
WYOMING,2023,BEV,Purchase,12,18000,2026-07-31
WYOMING,2023,PHEV,Lease,13,8000,2026-07-31
WYOMING,2023,PHEV,Purchase,7,5500,2026-07-31
WYOMING,2024,BEV,Lease,16,15500,2026-07-31
WYOMING,2024,BEV,Purchase,3,1500,2026-07-31
WYOMING,2024,PHEV,Lease,14,7000,2026-07-31
WYOMING,2024,PHEV,Purchase,8,4000,2026-07-31
WYOMING,2025,BEV,Lease,6,9000,2026-07-31
WYOMING,2025,BEV,Purchase,9,7500,2026-07-31
WYOMING,2025,PHEV,Lease,6,3000,2026-07-31
WYOMING,2025,PHEV,Purchase,7,4500,2026-07-31
WYOMING,2026,BEV,Lease,6,9000,2026-07-31
WYOMING,2026,BEV,Purchase,7,11000,2026-07-31
WYOMING,2026,PHEV,Lease,1,500,2026-07-31
WYOMING,2026,PHEV,Purchase,2,2000,2026-07-31
YATES,2017,BEV,Lease,1,2000,2026-07-31
YATES,2017,PHEV,Lease,2,3400,2026-07-31
YATES,2017,PHEV,Purchase,1,1100,2026-07-31
YATES,2018,BEV,Purchase,1,2000,2026-07-31
YATES,2018,PHEV,Lease,2,2800,2026-07-31
YATES,2018,PHEV,Purchase,4,5000,2026-07-31
YATES,2019,BEV,Purchase,1,2000,2026-07-31
YATES,2019,PHEV,Purchase,1,1100,2026-07-31
YATES,2020,BEV,Lease,1,2000,2026-07-31
YATES,2020,BEV,Purchase,9,18000,2026-07-31
YATES,2020,PHEV,Lease,3,3900,2026-07-31
YATES,2020,PHEV,Purchase,6,6600,2026-07-31
YATES,2021,BEV,Lease,5,10000,2026-07-31
YATES,2021,BEV,Purchase,7,6500,2026-07-31
YATES,2021,PHEV,Lease,4,3700,2026-07-31
YATES,2021,PHEV,Purchase,10,10800,2026-07-31
YATES,2022,BEV,Lease,1,500,2026-07-31
YATES,2022,BEV,Purchase,7,6500,2026-07-31
YATES,2022,PHEV,Lease,2,1500,2026-07-31
YATES,2022,PHEV,Purchase,8,5000,2026-07-31
YATES,2023,BEV,Lease,2,1000,2026-07-31
YATES,2023,BEV,Purchase,16,16000,2026-07-31
YATES,2023,PHEV,Lease,3,1500,2026-07-31
YATES,2023,PHEV,Purchase,16,14500,2026-07-31
YATES,2024,BEV,Lease,8,7000,2026-07-31
YATES,2024,BEV,Purchase,8,10000,2026-07-31
YATES,2024,PHEV,Lease,13,6500,2026-07-31
YATES,2024,PHEV,Purchase,6,3000,2026-07-31
YATES,2025,BEV,Lease,5,4000,2026-07-31
YATES,2025,BEV,Purchase,4,6500,2026-07-31
YATES,2025,PHEV,Lease,2,1000,2026-07-31
YATES,2025,PHEV,Purchase,5,2500,2026-07-31
YATES,2026,BEV,Lease,6,6000,2026-07-31
YATES,2026,BEV,Purchase,2,2500,2026-07-31
YATES,2026,PHEV,Purchase,1,1000,2026-07-31
