SWIS_SBL_ID,PROP_CLASS,zcta,gfa,E_fleet_ev
50248902500000010200000000,695,13045,0.0,0.0
50248902500000010130020000,440,13045,8000.0,0.503
50288903800000050100000000,421,13045,7920.0,0.497
50288903800000050040010000,831,13045,0.0,0.0
50288903800000050150000000,695,13045,0.0,0.0
50288903800000020050000000,695,13045,0.0,0.0
50248902600000010140040000,449,13053,0.0,0.0
50248903500000010060010000,720,13053,3988.0,0.019
50248903500000010150030000,612,13053,10400.0,0.049
50248903800000010300110000,456,13053,16864.0,0.08
50248903800000010300150000,442,13053,13900.0,0.066
50248903800000010300020000,831,13053,3920.0,0.019
50248903800000010320000000,421,13053,7340.0,0.035
50248903700000010060000000,484,13053,864.0,0.004
50248903700000010040020000,472,13053,7842.0,0.037
50248903800000010310010000,462,13053,2658.0,0.013
50248903700000010020010000,485,13053,5430.0,0.026
50248903700000010100030000,449,13053,7176.0,0.034
50248903800000010281110000,485,13053,2880.0,0.014
50248903800000010281120000,485,13053,2353.0,0.011
50248903700000010010020000,455,13053,1736.0,0.008
50248903500000010230000000,484,13053,2664.0,0.013
50248903600000010090020000,449,13053,13292.0,0.063
50248903600000010180030000,484,13053,200.0,0.001
50248903600000010170410000,449,13053,7500.0,0.036
50248903600000010170420000,442,13053,12000.0,0.057
50248903600000010170030000,449,13053,9000.0,0.043
50248903600000010120010000,484,13053,2032.0,0.01
50248903600000010120310000,433,13053,2500.0,0.012
50248903700000010080020000,613,13053,9875.0,0.047
50248903700000010080020099,837,13053,0.0,0.0
50248903700000010100120000,613,13053,166764.0,0.79
50248903700000010080040000,613,13053,0.0,0.0
50248903600000010190020000,613,13053,9000.0,0.043
50248903600000010040040000,877,13053,0.0,0.0
50248903700000010080030000,613,13053,279144.0,1.323
50248903700000010101120000,613,13053,63824.0,0.302
50248903700000010101110000,613,13053,64076.0,0.304
50248903700000010050000000,462,13053,1524.0,0.007
50248903700000010070000000,433,13053,3312.0,0.016
50248904800000010660010000,620,13053,14816.0,0.07
50248904700000010070330000,878,13053,0.0,0.0
50248904700000010070310000,878,13053,0.0,0.0
50248904700000010070010000,872,13053,0.0,0.0
50248904700000010010390000,457,13053,1456.0,0.007
50248904700000010010310000,457,13053,11620.0,0.055
50248903800000010120020000,620,13053,14418.0,0.068
50248903800000010180050000,534,13053,5000.0,0.024
50248903800000010260000000,612,13053,188452.0,0.893
50248904800000010830000000,484,13053,1152.0,0.005
50248906100000010110410000,440,13053,3768.0,0.018
50248906200000010210000000,837,13053,375.0,0.002
50248906100000010070020000,650,13053,0.0,0.0
50248904800000010730010000,650,13053,0.0,0.0
50248903600000010310010099,837,13053,0.0,0.0
50240100800100010010010000,464,13053,7503.0,0.036
50240100900000010010010000,433,13053,8944.0,0.042
50240100900000010020000000,422,13053,3120.0,0.015
50240100800100010080000000,465,13053,2716.0,0.013
50240100800100010020000000,464,13053,31286.0,0.148
50240100800100010050000000,421,13053,4472.0,0.021
50240100800100010060010000,456,13053,9100.0,0.043
50240100900000020010000000,484,13053,768.0,0.004
50240100900000030210010000,464,13053,1056.0,0.005
50240100900000010030000000,456,13053,11324.0,0.054
50240100900000030180020000,485,13053,7200.0,0.034
50240100900000010040020000,486,13053,9784.0,0.046
50240100900000030190020000,455,13053,9504.0,0.045
50240100900000030180030000,456,13053,14196.0,0.067
50240100900000030250000000,662,13053,0.0,0.0
50240101100000010080020000,652,13053,11568.0,0.055
50240101100000010080040000,651,13053,8000.0,0.038
50240101100000010080070000,449,13053,20628.0,0.098
50240101600000020010000000,612,13053,118915.0,0.564
50240101100000010090000000,651,13053,25600.0,0.121
50240101100000010100000000,652,13053,3092.0,0.015
50240101800000020180000000,845,13053,0.0,0.0
50240101600000010100020000,484,13053,6336.0,0.03
50240101800000010030000000,651,13053,10600.0,0.05
50240101500000070140000000,438,13053,0.0,0.0
50240101500000070090110000,614,13053,5107.0,0.024
50240101500000070090120000,465,13053,4765.0,0.023
50240101500000070130000000,662,13053,5910.0,0.028
50240101500000020170000000,481,13053,5000.0,0.024
50240101500000020150010000,482,13053,3000.0,0.014
50240101500000020140000000,481,13053,2644.0,0.013
50240101500000020080000000,464,13053,3000.0,0.014
50240101500000020110000000,481,13053,2970.0,0.014
50240101500000020230000000,438,13053,0.0,0.0
50240101500000020100000000,481,13053,2652.0,0.013
50240101500000020130000000,481,13053,2212.0,0.01
50240101500000020120000000,481,13053,2420.0,0.011
50240101200000050150000000,482,13053,7168.0,0.034
50240101200000050110000000,481,13053,2040.0,0.01
50240101200000050120000000,481,13053,3024.0,0.014
50240101200000050080000000,590,13053,0.0,0.0
50240101500000020190000000,481,13053,6270.0,0.03
50240101500000020200000000,831,13053,0.0,0.0
50240101500000020180000000,461,13053,7375.0,0.035
50240101500000020210000000,464,13053,3640.0,0.017
50240101500000030010000000,482,13053,2184.0,0.01
50240101500000030230000000,464,13053,2483.0,0.012
50240101200000040070000000,620,13053,8490.0,0.04
50240101200000040060000000,620,13053,13709.0,0.065
50240101200000040050000000,484,13053,7800.0,0.037
50240101100000010070000000,650,13053,0.0,0.0
50240101200000040010010000,633,13053,39430.0,0.187
50240100900000030240000000,662,13053,0.0,0.0
50240101200000040010020000,681,13053,5024.0,0.024
50240101200000050100000000,482,13053,8280.0,0.039
50240101200000050140020000,482,13053,4320.0,0.02
50240101200000050140010000,449,13053,4320.0,0.02
50240101200000050040000000,422,13053,1880.0,0.009
50240101200000050160000000,611,13053,6165.0,0.029
50240101200000030020000000,710,13053,10448.0,0.05
50240100900000030220000000,662,13053,16328.0,0.077
50240100900000030180110000,426,13053,2948.0,0.014
50240100900000010050010000,438,13053,0.0,0.0
50240100900000010060000000,452,13053,22980.0,0.109
50240101200000060100000000,486,13053,3276.0,0.016
50240101200000060030000000,590,13053,540.0,0.003
50240101200000060160020000,449,13053,3840.0,0.018
50240101300000010430000000,710,13053,12000.0,0.057
50240101300000010110010000,449,13053,19928.0,0.094
50240101300000010110020000,710,13053,24200.0,0.115
50240101300000010150000000,449,13053,10304.0,0.049
50240101300000010130000000,449,13053,2400.0,0.011
50240101300000010200000000,449,13053,2304.0,0.011
50240101300000010060000000,433,13053,4560.0,0.022
50240101300000010160000000,485,13053,3420.0,0.016
50240101400000030080020000,484,13053,11316.0,0.054
50240101500000010010000000,485,13053,8652.0,0.041
50240101500000010020000000,471,13053,12249.0,0.058
50240101200000060020000000,591,13053,0.0,0.0
50240101200000060140000000,425,13053,6954.0,0.033
50240101200000060130010000,483,13053,1653.0,0.008
50240101400000030230000000,620,13053,10280.0,0.049
50240101400000010170100000,591,13053,0.0,0.0
50240101900000010020000000,822,13053,0.0,0.0
50240101900000020100020000,695,13053,0.0,0.0
50240101300000010280000000,431,13053,2592.0,0.012
50240101300000010050010000,853,13053,0.0,0.0
50240100800000010100000000,464,13053,2728.0,0.013
50240100900000010010210000,484,13053,5000.0,0.024
50240100800100010010050000,456,13053,8000.0,0.038
50240100800000010020000000,484,13053,5120.0,0.024
50248906400000010290000099,837,13068,0.0,0.0
50248905200000010520000000,613,13068,0.0,0.0
50248905800000010140000000,615,13068,660.0,0.008
50248905200000010420000000,613,13068,0.0,0.0
50248905800000010200000000,871,13068,0.0,0.0
50248905700000010400000000,590,13068,0.0,0.0
50248905200000010570000000,695,13068,0.0,0.0
50248905200000010140020000,455,13068,14302.0,0.182
50248905200000010140010000,486,13068,2528.0,0.032
50248905200000010080020000,442,13068,48000.0,0.611
50248905200000010130000000,870,13068,185195.0,2.359
50248905200000010490040000,449,13068,4000.0,0.051
50248905200000010490010000,465,13068,5740.0,0.073
50248903000000010050210000,555,13068,16000.0,0.204
50248903000000010010030000,822,13068,0.0,0.0
50248902100000010430000000,433,13068,5100.0,0.065
50248905200000010490030000,433,13068,1200.0,0.015
50248904000000010340010000,591,13068,0.0,0.0
50248903900000010010000000,712,13068,60000.0,0.764
50248903200000010210000000,555,13068,16888.0,0.215
50248903900000010120130000,449,13068,13605.0,0.173
50248903400000020030030000,449,13068,29816.0,0.38
50248903300000010240000000,591,13068,0.0,0.0
50248903300000010220000000,591,13068,0.0,0.0
50248902800000010020010000,852,13068,0.0,0.0
50248902400000010160040000,720,13068,0.0,0.0
50248902500000010090000000,486,13068,2700.0,0.034
50248902700000010270020000,440,13068,15318.0,0.195
50248902700000010270010000,613,13068,0.0,0.0
50248903500000010070030000,720,13068,0.0,0.0
50248903500000010130010000,720,13068,0.0,0.0
50248903500000010110140000,720,13068,0.0,0.0
50248903600000010120050000,447,13068,5700.0,0.073
50248903800000010070010000,485,13068,4506.0,0.057
50248903800000010230220000,615,13068,0.0,0.0
50248903800000010180040000,433,13068,1944.0,0.025
50248903800000010010000000,615,13068,0.0,0.0
50248903800000010230210000,615,13068,0.0,0.0
50248903500000010030020000,615,13068,13032.0,0.166
50248903900000010220020000,449,13068,22080.0,0.281
50248903900000010220050000,440,13068,20248.0,0.258
50248903900000010140020000,485,13068,4358.0,0.056
50248903900000010150000000,455,13068,2388.0,0.03
50248903900000010160000000,433,13068,11054.0,0.141
50248903900000010170310000,484,13068,2400.0,0.031
50248904600000010950000000,714,13068,8400.0,0.107
50248903900000010170410000,484,13068,1560.0,0.02
50248903900000010170050000,449,13068,4970.0,0.063
50248903900000010180020000,620,13068,8736.0,0.111
50248903900000010190000000,534,13068,0.0,0.0
50248903900000010200000000,720,13068,0.0,0.0
50248903800000010050000000,695,13068,0.0,0.0
50248904700000010010380000,465,13068,3676.0,0.047
50248904700000010010010000,433,13068,3336.0,0.042
50248904600000010691910000,465,13068,3300.0,0.042
50248904600000010691620000,456,13068,18420.0,0.235
50248903900000010280040000,472,13068,2183.0,0.028
50248903900000010280020000,695,13068,0.0,0.0
50248904600000010691610000,440,13068,3600.0,0.046
50248904600000010690170000,442,13068,16560.0,0.211
50248904600000010560010000,820,13068,0.0,0.0
50248904600000010040210000,464,13068,4160.0,0.053
50248904600000010360070000,522,13068,468.0,0.006
50248904600000010140310000,464,13068,16000.0,0.204
50248904600000010020030000,620,13068,12399.0,0.158
50248904600000010150020000,425,13068,5097.0,0.065
50248905100000010010000000,613,13068,0.0,0.0
50248904400000010260000000,474,13068,0.0,0.0
50248905200000010510010099,833,13068,1008.0,0.013
50248905100000010020000000,613,13068,0.0,0.0
50248905200000010530000000,613,13068,0.0,0.0
50248905200000010530000991,837,13068,0.0,0.0
50248905200000010530000992,837,13068,0.0,0.0
50248905900000010020000000,613,13068,0.0,0.0
50248905100000010200520000,555,13068,21600.0,0.275
50248905000000010330510000,714,13068,672.0,0.009
50248906000000010070000099,837,13068,0.0,0.0
50248906300000010150510000,438,13068,0.0,0.0
50248906300000010150030000,581,13068,0.0,0.0
50248902600000010230000000,441,13068,1963.0,0.025
50240300500000040050000000,433,13068,1950.0,0.025
50240300100000020010630000,472,13068,2740.0,0.035
50240300400000020010000000,591,13068,0.0,0.0
50240300100000010040000000,591,13068,0.0,0.0
50240300400000010090000000,464,13068,1980.0,0.025
50240300400000010080000000,620,13068,0.0,0.0
50240300400000020110000000,485,13068,3610.0,0.046
50240300400000020190000000,483,13068,2506.0,0.032
50240300500000020080000000,612,13068,12480.0,0.159
50240300500000020090000000,620,13068,2072.0,0.026
50240300500000020280000000,440,13068,6528.0,0.083
50240300400000040120000000,710,13068,3720.0,0.047
50240300400000040010000000,483,13068,1998.0,0.025
50240300400000040110000000,662,13068,8074.0,0.103
50240300400000040100000000,590,13068,0.0,0.0
50240300400000050110220000,591,13068,0.0,0.0
50240300400000050180000000,485,13068,6092.0,0.078
50240300300000020040000000,652,13068,1800.0,0.023
50240300300000020050030000,651,13068,2400.0,0.031
50240300300000020080220000,433,13068,1792.0,0.023
50240300300000010050020000,620,13068,1248.0,0.016
50240300400000050110110000,633,13068,23662.0,0.301
50240300400000050080000000,831,13068,0.0,0.0
50240300100000020010640000,465,13068,2508.0,0.032
50240300100000020016110000,449,13068,4236.0,0.054
50240300300000020050010000,650,13068,0.0,0.0
50240300300000020050020000,650,13068,0.0,0.0
50240300700000010020010000,853,13068,0.0,0.0
50240300700000010020020000,612,13068,6960.0,0.089
50288903600000010210010000,449,13068,3819.0,0.049
50288903700000010010220000,552,13068,3968.0,0.051
50288903800000080150020000,431,13068,2636.0,0.034
50288903800000080140010000,431,13068,5600.0,0.071
50288903800000080160000000,612,13068,13390.0,0.171
50288903800000080090000000,662,13068,10406.0,0.133
50248902100000010020040000,440,13073,1728.0,0.007
50248902200000010060030000,484,13073,1680.0,0.007
50288901800000010040000000,620,13073,2600.0,0.01
50288901700000010040010000,449,13073,19200.0,0.075
50288901900000010100000099,837,13073,0.0,0.0
50288902800000010030020000,440,13073,3200.0,0.012
50288902800000010290020000,522,13073,0.0,0.0
50288902800000010070010000,873,13073,0.0,0.0
50288902000000010380000000,695,13073,0.0,0.0
50288902000000010360110000,472,13073,3112.0,0.012
50288902000000010350000000,440,13073,4608.0,0.018
50288902700000010270000000,557,13073,2976.0,0.012
50288902000000010240000000,822,13073,0.0,0.0
50288912100000010200120000,710,13073,7400.0,0.029
50288912100000010200110000,433,13073,2700.0,0.01
50288912100000010200040000,433,13073,1920.0,0.007
50288912100000010200030000,433,13073,2304.0,0.009
50288912100000010200060000,442,13073,7200.0,0.028
50288902700000010280030000,822,13073,0.0,0.0
50288903100000010100020000,484,13073,9764.0,0.038
50288902600000010180000000,592,13073,0.0,0.0
50288932100000040020000000,720,13073,2160.0,0.008
50288932100000030020000000,720,13073,0.0,0.0
50288922100000020010220000,546,13073,11040.0,0.043
50288901600000010320440000,695,13073,0.0,0.0
50288922100000010070010000,620,13073,13734.0,0.053
50288922100000010020000000,425,13073,1941.0,0.008
50288912100000010050000000,449,13073,784.0,0.003
50288922100000030050000000,822,13073,0.0,0.0
50288922100000030060000000,822,13073,0.0,0.0
50288901600000010040620000,449,13073,13774.0,0.053
50288901600000010040420000,440,13073,6400.0,0.025
50288901600000010040710000,720,13073,4192.0,0.016
50288901600000010040740000,720,13073,0.0,0.0
50288901600000010030020000,720,13073,0.0,0.0
50288901600000010030030000,720,13073,0.0,0.0
50288901600000010030010000,720,13073,0.0,0.0
50288901400000010330000000,620,13073,6610.0,0.026
50288902500000010040010000,682,13073,17320.0,0.067
50288902400000010120000000,695,13073,0.0,0.0
50288902300000010190010000,695,13073,0.0,0.0
50288903500000010250020000,442,13073,32400.0,0.126
50288903500000010270010099,837,13073,0.0,0.0
50288903100000010050000099,837,13073,0.0,0.0
50288903600000010430000000,695,13073,0.0,0.0
50288903600000010230000000,872,13073,0.0,0.0
50288903600000010210030000,620,13073,9856.0,0.038
50280130800000010020020000,485,13073,8736.0,0.034
50280130800000010030010000,455,13073,40940.0,0.159
50280130800000010010010000,715,13073,20285.0,0.079
50280100300000020050000000,695,13073,0.0,0.0
50280100300000020030010000,822,13073,0.0,0.0
50280100300000020040000000,822,13073,450.0,0.002
50280100400000020190000000,471,13073,4478.0,0.017
50280130800000010010030000,440,13073,33524.0,0.13
50280120800000020040120000,642,13073,10592.0,0.041
50280110800000020390020000,592,13073,0.0,0.0
50280101300000020010000000,620,13073,10939.0,0.042
50280100900000050100000000,620,13073,1458.0,0.006
50280110800000020060000000,592,13073,0.0,0.0
50280110800000020370000000,612,13073,99850.0,0.387
50280110800000020090000000,438,13073,0.0,0.0
50280100700000030020000000,438,13073,0.0,0.0
50280100500000040190010000,438,13073,0.0,0.0
50280100700000030030000000,620,13073,2722.0,0.011
50280100700000030210020000,471,13073,3504.0,0.014
50280100700000030220010000,457,13073,1992.0,0.008
50280100700000030240000000,433,13073,4412.0,0.017
50280100700000030230000000,485,13073,3532.0,0.014
50280100700000030010000000,484,13073,812.0,0.003
50280100700000020140000000,449,13073,3120.0,0.012
50280100700000020240000000,456,13073,8120.0,0.032
50280100700000020130120000,449,13073,2782.0,0.011
50280100700000020150000000,486,13073,5784.0,0.022
50280100700000020220010000,485,13073,9634.0,0.037
50280100700000020180000000,652,13073,15352.0,0.06
50280100700000040010000000,482,13073,4500.0,0.017
50280100700000040270000000,632,13073,5201.0,0.02
50280101000000040040000000,433,13073,4650.0,0.018
50280101000000040070000000,831,13073,0.0,0.0
50280101000000040050000000,484,13073,2442.0,0.009
50280100700000020250040000,633,13073,48020.0,0.186
50280101000000040020000000,465,13073,2347.0,0.009
50280100700000020130110000,423,13073,560.0,0.002
50280100700000020250030000,633,13073,34682.0,0.135
50280100700000020250010000,614,13073,14228.0,0.055
50280100700000020250020000,642,13073,13790.0,0.054
50280101000000020190000000,710,13073,13197.0,0.051
50280101100000010010020000,612,13073,141133.0,0.548
50280101000000040230010000,422,13073,1320.0,0.005
50280101000000040230020000,433,13073,2432.0,0.009
50280101000000040240000000,449,13073,1975.0,0.008
50280101000000040010010000,436,13073,1392.0,0.005
50280101100000020030010000,590,13073,0.0,0.0
50280100700000010010020000,554,13073,1060.0,0.004
50280100600000010320000000,651,13073,12470.0,0.048
50280100500000050240010000,450,13073,1200.0,0.005
50280100500000050210000000,438,13073,0.0,0.0
50280100500000050150000000,691,13073,2992.0,0.012
50280100500000050160000000,483,13073,1218.0,0.005
50280100500000050170010000,486,13073,1710.0,0.007
50280100500000050190000000,456,13073,7917.0,0.031
50280100500000050230000000,541,13073,8400.0,0.033
50280100500000050220000000,482,13073,4740.0,0.018
50280100500000040230000000,438,13073,0.0,0.0
50280100500000040240000000,461,13073,10214.0,0.04
50280100500000040290000000,485,13073,7000.0,0.027
50280100500000040030000000,611,13073,3225.0,0.013
50280100500000040330000000,438,13073,0.0,0.0
50280100500000040050220000,662,13073,2835.0,0.011
50280100500000040320020000,482,13073,5876.0,0.023
50280100500000040310000000,483,13073,5520.0,0.021
50280100500000040300000000,483,13073,2112.0,0.008
50280100500000050100000000,481,13073,3528.0,0.014
50280100500000050070000000,438,13073,0.0,0.0
50280100500000050130000000,483,13073,4364.0,0.017
50280100500000050110000000,483,13073,3808.0,0.015
50280100500000050040000000,481,13073,3600.0,0.014
50280100500000050030000099,837,13073,0.0,0.0
50280100500000050030000000,481,13073,6678.0,0.026
50280100500000050050000000,481,13073,5016.0,0.019
50280100500000050060020000,481,13073,1398.0,0.005
50280100500000050060010000,481,13073,1908.0,0.007
50280100500000040340000000,481,13073,2793.0,0.011
50280100500000040350000000,481,13073,2109.0,0.008
50280100500000040360000000,481,13073,799.0,0.003
50280100500000040010000000,483,13073,6984.0,0.027
50280100500000040020000000,652,13073,6797.0,0.026
50280100500000020110000000,484,13073,2442.0,0.009
50280100500000010090000000,483,13073,3070.0,0.012
50280100600000010310000000,652,13073,23840.0,0.093
50280100500000010020000000,444,13073,20445.0,0.079
50280100600000010010000000,720,13073,0.0,0.0
50280100200000020190020000,485,13073,2792.0,0.011
50280100100000020030030000,421,13073,6934.0,0.027
50280100200000010020000000,853,13073,1489.0,0.006
50280100200000020100010000,442,13073,3090.0,0.012
50280100500000010030000000,651,13073,0.0,0.0
50280100500000010070000000,483,13073,3290.0,0.013
50280100500000020140010000,484,13073,11968.0,0.046
50280100500000020060000000,650,13073,2640.0,0.01
50280100500000020050000000,483,13073,2065.0,0.008
50280100500000030010000000,620,13073,3896.0,0.015
50280100300000010020000000,695,13073,836.0,0.003
50328901900000010210030000,472,13073,14532.0,0.056
50328900800000010240010000,695,13073,0.0,0.0
50328900800000010190020000,455,13073,2044.0,0.008
50328900800000010160000000,422,13073,2980.0,0.012
50328900700000010220000000,695,13073,0.0,0.0
50328900800000010290000000,534,13073,1760.0,0.007
50328902000000010080010000,695,13073,0.0,0.0
50328902000000010150010000,695,13073,0.0,0.0
50328902000000010280000000,695,13073,0.0,0.0
50328902800000010010000099,837,13073,0.0,0.0
50328903000000010262320000,465,13073,2756.0,0.011
50328903000000010300010000,682,13073,2000.0,0.008
50328903000000010260270000,712,13073,4800.0,0.019
50328903000000010282130000,440,13073,4080.0,0.016
50328903000000010282120000,440,13073,3240.0,0.013
50288903800000040050000000,483,13102,3880.0,0.404
50288903800000030030000000,620,13102,5718.0,0.596
50200001400000010240000000,695,14817,0.0,0.0
50200001500000010070000000,720,14817,0.0,0.0
50200001500000010240000000,720,14817,0.0,0.0
50200001500000010060000000,720,14817,0.0,0.0
50200001500000010100000000,620,14817,18696.0,0.331
50200001500000010140000000,620,14817,3612.0,0.064
50200001000000040010000000,695,14817,0.0,0.0
50200003300000010060000000,695,14817,0.0,0.0
50200001500000010580000099,837,14817,0.0,0.0
50200002400000010190020000,613,14817,0.0,0.0
50200001700000010292510000,472,14817,4800.0,0.085
50200002200000010280000000,695,14817,0.0,0.0
50200002100000010270000000,620,14817,2592.0,0.046
50200002100000010030020991,837,14817,0.0,0.0
50200002100000010030020992,837,14817,0.0,0.0
50200002100000010260000000,695,14817,0.0,0.0
50200000700000010410000000,695,14817,0.0,0.0
50200000800000010640000000,449,14817,11034.0,0.195
50200000800000010140000000,449,14817,6424.0,0.114
50200000300000040040000000,472,14817,1632.0,0.029
50200000300000040010000000,831,14817,1440.0,0.025
50200000800000010230000000,695,14817,0.0,0.0
50200000800000010410000000,692,14817,0.0,0.0
50200000900000010290020000,484,14817,7968.0,0.141
50200000800000010480020000,651,14817,5220.0,0.092
50200000800000010470020000,651,14817,1536.0,0.027
50200000900000010350240000,662,14817,10599.0,0.188
50200001000000020020000000,695,14817,0.0,0.0
50200001000000030150020000,682,14817,0.0,0.0
50200001000000030150010000,682,14817,0.0,0.0
50200001000000050100020000,620,14817,2364.0,0.042
50200001000000050080000000,682,14817,6413.0,0.113
50200001200000010240000000,484,14817,3295.0,0.058
50200001200000010320000000,483,14817,2544.0,0.045
50200001100000010140000000,485,14817,4264.0,0.075
50200001400000010140000000,872,14817,0.0,0.0
50200001200000010010130000,714,14817,3200.0,0.057
50200001200000010010120000,442,14817,8148.0,0.144
50200001300000010270000000,695,14817,0.0,0.0
50200002100000010120060000,877,14817,0.0,0.0
50200003100000010010050000,670,14817,59300.0,1.049
50220001200000010080010000,455,14817,4479.0,0.079
50200000100000010440000000,695,14850,0.0,0.0
50200000900000010393210000,424,14850,10004.0,0.075
50200000900000010170010000,620,14850,18268.0,0.136
50200000900000010590000000,485,14850,10900.0,0.081
50200000100000010420000000,433,14850,2196.0,0.016
50200000100000010430000000,449,14850,8146.0,0.061
50200001100000010020020000,484,14850,2617.0,0.02
50200000900000010680020000,877,14850,0.0,0.0
50200000900000010070040000,442,14850,20400.0,0.152
50300100700000010010000000,853,14850,5524.0,0.041
50300101300000060070000000,590,14850,0.0,0.0
50300101500000010010020000,695,14850,0.0,0.0
50300101400000080010000000,620,14850,19872.0,0.148
50300101400000060030000000,613,14850,16264.0,0.121
50300101400000060010000000,613,14850,25532.0,0.191
50300101400000040020020000,613,14850,95704.0,0.715
50300101100000020250000000,822,14850,0.0,0.0
50300101100000020240000000,651,14850,6560.0,0.049
50300100900000060010000000,612,14850,49223.0,0.368
50300101000000030030000000,483,14850,1472.0,0.011
50300101000000030050040000,485,14850,7616.0,0.057
50300101000000030060000000,465,14850,5500.0,0.041
50300101000000040030000000,662,14850,17084.0,0.128
50300101000000040020000000,883,14850,100.0,0.001
50300101000000040010020000,452,14850,51495.0,0.385
50300101000000040010020001,462,14850,2540.0,0.019
50300101000000040010020002,465,14850,28200.0,0.211
50300100500000030180020000,486,14850,1210.0,0.009
50300100500000030180030000,652,14850,4510.0,0.034
50300101000000030050220000,457,14850,1836.0,0.014
50300101000000030050210000,465,14850,5616.0,0.042
50300100500000030190020000,464,14850,5246.0,0.039
50300100500000030190010000,465,14850,8280.0,0.062
50300100500000030180010000,464,14850,21987.0,0.164
50300101000000050050000000,553,14850,1994.0,0.015
50300101000000050010000000,483,14850,1490.0,0.011
50300101000000040060020000,464,14850,2324.0,0.017
50300101000000040060010000,831,14850,9278.0,0.069
50300101000000040060010099,837,14850,0.0,0.0
50300101100000020050000000,695,14850,432.0,0.003
50300100300000010010000000,633,14850,364128.0,2.719
50220002300000010160000000,534,14850,3758.0,0.028
50220001500000010200020000,557,14850,1458.0,0.011
50220001400000010140000000,695,14850,0.0,0.0
50220000800000010120150000,472,14850,1568.0,0.012
50220001000000010050000000,614,14850,24656.0,0.184
50220001000000010160000000,662,14850,8922.0,0.067
50220001000000010130000000,485,14850,4290.0,0.032
50220000700000010920210000,440,14850,4392.0,0.033
50220000700000010481220000,475,14850,2000.0,0.015
50220001000000010820020000,449,14850,10250.0,0.077
50220001000000010820010000,651,14850,8440.0,0.063
50220001000000010780000000,590,14850,0.0,0.0
50220001000000010270000000,433,14850,2048.0,0.015
50220001000000010230000000,652,14850,4753.0,0.035
50220001000000010450000000,620,14850,9104.0,0.068
50220000600000010190000000,695,14850,0.0,0.0
50220000600000010212220099,837,14850,0.0,0.0
50220001300000010012220000,837,14850,540.0,0.004
50220000300000010060000000,833,14850,0.0,0.0
50220000200000010170320000,614,14850,10700.0,0.08
50220000200000010070000000,534,14850,2584.0,0.019
50220000200000010330000000,474,14850,0.0,0.0
50220000200000010350110000,442,14850,28794.0,0.215
50220000200000010370000000,484,14850,3696.0,0.028
50220000100000010250010000,710,14850,73406.0,0.548
50220000100000010240010000,871,14850,0.0,0.0
50220000100000010030320000,484,14850,3276.0,0.024
50248907500000010460000000,695,14850,0.0,0.0
50248907500000010430820000,695,14850,0.0,0.0
50248906600000010180000000,883,14850,19690.0,0.147
50248906600000010170030000,613,14850,0.0,0.0
50248906600000010170040000,613,14850,0.0,0.0
50248906600000010220000000,883,14850,3200.0,0.024
50248906600000010090010000,613,14850,0.0,0.0
50248906600000010070020000,613,14850,0.0,0.0
50248906600000010040010000,590,14850,0.0,0.0
50248906700000010760000000,613,14850,0.0,0.0
50248905700000010320000000,613,14850,0.0,0.0
50248905700000010060010000,613,14850,1712.0,0.013
50248906700000010070030000,613,14850,0.0,0.0
50248906700000010070020000,613,14850,5920.0,0.044
50248906700000010730000000,613,14850,12800.0,0.096
50248906700000010710080000,620,14850,4554.0,0.034
50248906700000010670030000,464,14850,4032.0,0.03
50248906700000010670020000,720,14850,2753.0,0.021
50248906700000010630150000,720,14850,0.0,0.0
50248906700000010230010000,613,14850,0.0,0.0
50248906800000010050000000,835,14850,960.0,0.007
50248906800000010130010000,695,14850,0.0,0.0
50248907300000020040020000,714,14850,24049.0,0.18
50248907200000040050000000,620,14850,1940.0,0.014
50248907100000010110030000,620,14850,4476.0,0.033
50248907100000010120000000,464,14850,2866.0,0.021
50248907100000010130000000,620,14850,14280.0,0.107
50248905700000010010000000,650,14850,0.0,0.0
50248905700000010050000000,613,14850,0.0,0.0
50248905700000010060040000,613,14850,0.0,0.0
50248905600000050190020000,613,14850,0.0,0.0
50248905700000010060020000,613,14850,0.0,0.0
50248905700000010060030000,613,14850,0.0,0.0
50248905600000050050000000,430,14850,6499.0,0.049
50248905600000050080010000,433,14850,3353.0,0.025
50248905600000040020000000,482,14850,10161.0,0.076
50248905600000030070000000,440,14850,2576.0,0.019
50248905600000050130000000,620,14850,3075.0,0.023
50248905600000050080020000,662,14850,3786.0,0.028
50248905600000030130000000,464,14850,3025.0,0.023
50248905300000010030030000,845,14850,0.0,0.0
50248905300000010020000000,613,14850,10875.0,0.081
50248905600000030220000000,613,14850,0.0,0.0
50248905600000020020020000,613,14850,0.0,0.0
50248905300000010010000000,613,14850,0.0,0.0
50248905300000010080000000,613,14850,0.0,0.0
50248905300000010110000000,613,14850,0.0,0.0
50248905300000010120000000,613,14850,0.0,0.0
50248905300000010090020000,613,14850,0.0,0.0
50248905300000010100000000,613,14850,0.0,0.0
50248905300000010030010000,613,14850,0.0,0.0
50248905500000010130130000,662,14850,9616.0,0.072
50248905500000010130120000,415,14850,8238.0,0.062
50248905700000010310000000,613,14850,0.0,0.0
50248905400000010090050000,440,14850,20988.0,0.157
50248905400000010120000000,421,14850,3091.0,0.023
50248905400000010090060000,442,14850,7400.0,0.055
50248905400000010080000000,464,14850,945.0,0.007
50248905300000010160000000,613,14850,0.0,0.0
50248905200000010040110000,457,14850,4200.0,0.031
50248905200000010040060000,465,14850,9140.0,0.068
50248905200000010040090000,464,14850,3542.0,0.026
50248905200000010040420000,457,14850,7284.0,0.054
50248905200000010040100000,433,14850,19780.0,0.148
50248905200000010040320000,710,14850,204028.0,1.524
50248905200000010040120000,449,14850,16980.0,0.127
50248905200000010040020000,455,14850,16780.0,0.125
50248905200000010050000000,872,14850,0.0,0.0
50248905200000010040520000,449,14850,12800.0,0.096
50248905200000010041110000,440,14850,33230.0,0.248
50248905200000010080050000,442,14850,41034.0,0.306
50248905200000010130010000,421,14850,3248.0,0.024
50248905200000010080010000,484,14850,5000.0,0.037
50248905200000010080060000,456,14850,9100.0,0.068
50248905200000010080030000,486,14850,2743.0,0.02
50248905200000010080040000,457,14850,1200.0,0.009
50248904400000010023320000,442,14850,12000.0,0.09
50248904400000010023310000,831,14850,1000.0,0.007
50248905200000010010110000,720,14850,14544.0,0.109
50248904400000010023210000,590,14850,0.0,0.0
50248904200000010390030000,682,14850,4416.0,0.033
50248904200000010350020000,442,14850,43020.0,0.321
50248904200000010350030000,440,14850,24500.0,0.183
50248904200000010300000000,613,14850,0.0,0.0
50248904200000010120000000,615,14850,0.0,0.0
50248904200000010090110000,444,14850,10560.0,0.079
50248904200000010290000000,440,14850,8000.0,0.06
50248904200000010440000000,615,14850,0.0,0.0
50248904200000010090120000,455,14850,7200.0,0.054
50248904200000010100000000,485,14850,3707.0,0.028
50248904300000020010020000,710,14850,18200.0,0.136
50248904200000010310060000,710,14850,48516.0,0.362
50248904200000010310030000,661,14850,31512.0,0.235
50248904200000010310050000,650,14850,5044.0,0.038
50248904200000010310210000,465,14850,4211.0,0.031
50248904300000010290060000,440,14850,20250.0,0.151
50248904300000010300000000,681,14850,0.0,0.0
50248904300000020030020000,464,14850,8410.0,0.063
50248904300000020010030000,710,14850,5220.0,0.039
50248904300000010330020000,642,14850,25001.0,0.187
50248904300000010330110000,449,14850,4696.0,0.035
50248904300000010331210000,442,14850,65700.0,0.491
50248904300000010230020000,449,14850,9560.0,0.071
50248904200000010090020000,615,14850,0.0,0.0
50248904300000010220000000,694,14850,15556.0,0.116
50248904200000010110000000,615,14850,0.0,0.0
50248904200000010050000000,615,14850,0.0,0.0
50248904300000010030000000,615,14850,0.0,0.0
50248904300000010190020000,449,14850,12390.0,0.093
50248904300000010010000000,613,14850,6144.0,0.046
50248904200000010070000000,615,14850,0.0,0.0
50248904200000010060000000,615,14850,0.0,0.0
50248904200000010010000000,650,14850,0.0,0.0
50248904200000010020000000,844,14850,0.0,0.0
50248904200000010030000000,613,14850,0.0,0.0
50248904100000010080000000,844,14850,0.0,0.0
50248904100000010180000000,613,14850,0.0,0.0
50248904100000010190000000,613,14850,0.0,0.0
50248904100000010240020000,613,14850,2496.0,0.019
50248904100000010030000000,613,14850,0.0,0.0
50248904100000010010000000,613,14850,0.0,0.0
50248903100000010110000000,613,14850,0.0,0.0
50248904400000010070000000,823,14850,1248.0,0.009
50248904500000010130000000,620,14850,2404.0,0.018
50248904500000010140000000,650,14850,2309.0,0.017
50248904400000010030170000,662,14850,6964.0,0.052
50248905900000010220000000,613,14850,0.0,0.0
50248906400000010080000000,695,14850,0.0,0.0
50260000300000030110520099,837,14850,0.0,0.0
50260000200000030100000000,552,14850,0.0,0.0
50260000400000010210000000,695,14850,0.0,0.0
50260000300000010060030000,552,14850,0.0,0.0
50260000300000010100000000,552,14850,9022.0,0.067
50260000400000020024150000,442,14850,4620.0,0.035
50260000900000020040060000,484,14850,1400.0,0.01
50260000900000020030000000,433,14850,1008.0,0.008
50260000400000010080310000,442,14850,6000.0,0.045
50260000400000010080320000,877,14850,0.0,0.0
50260000400000010080420000,440,14850,4100.0,0.031
50260000400000010120710000,484,14850,1680.0,0.013
50260000900000010110010000,877,14850,0.0,0.0
50260000800000030040210000,449,14850,12160.0,0.091
50260000900000010260020000,440,14850,4374.0,0.033
50260000400000020150000000,710,14850,2551.0,0.019
50260000400000020070040000,710,14850,43141.0,0.322
50260001000000010140030000,868,14850,240.0,0.002
50260001500000020050050000,442,14850,5050.0,0.038
50260001600000020120030000,440,14850,1168.0,0.009
50260001500000010120060000,720,14850,0.0,0.0
50260001500000010100000000,431,14850,8080.0,0.06
50260001600000020030000000,695,14850,0.0,0.0
50260001400000040060000000,695,14850,0.0,0.0
50260001400000020020080000,651,14850,24496.0,0.183
50260001500000020010110000,472,14850,3434.0,0.026
50260001100000020080030000,620,14850,4869.0,0.036
50260001000000010020210000,440,14850,3200.0,0.024
50260001100000020150010000,484,14850,3150.0,0.024
50260001100000020220000000,695,14850,0.0,0.0
50260000800000010120000000,695,14850,0.0,0.0
50260000800000020091110000,438,14850,0.0,0.0
50260000800000020090100000,484,14850,6624.0,0.049
50260000800000030220000000,651,14850,2320.0,0.017
50260000800000020120000000,652,14850,5040.0,0.038
50260000800000020110000000,534,14850,4440.0,0.033
50260000800000020090030000,651,14850,6400.0,0.048
50260000800000020090060000,662,14850,18308.0,0.137
50260000800000030280000000,692,14850,0.0,0.0
50260000500000010130010000,456,14850,9100.0,0.068
50260000800000010090000000,485,14850,5602.0,0.042
50260000500000010120000000,486,14850,5674.0,0.042
50260000800000010100000000,612,14850,42663.0,0.319
50260000800000010070010000,484,14850,3840.0,0.029
50260000700000030020000000,484,14850,6250.0,0.047
50260001300000020020110000,424,14850,2784.0,0.021
50070013000000040050000000,690,14850,42980.0,0.321
50070013000000030010000000,456,14850,21500.0,0.161
50070012800000020090020000,434,14850,2120.0,0.016
50070012800000030030000000,692,14850,0.0,0.0
50070013000000040070030000,692,14850,0.0,0.0
50070012800000020070010000,414,14850,11769.0,0.088
50070012900000020070000000,692,14850,0.0,0.0
50070012800000020070020000,534,14850,3632.0,0.027
50070012800000020010220000,484,14850,7260.0,0.054
50070012900000010100110000,433,14850,4086.0,0.031
50070012800000010040000000,426,14850,3870.0,0.029
50070012800000010050000000,484,14850,3246.0,0.024
50070012800000010060010000,452,14850,49584.0,0.37
50070012600000010020130000,485,14850,4800.0,0.036
50070012600000010020140000,546,14850,8400.0,0.063
50070012500000010030030000,433,14850,2040.0,0.015
50070012900000010010000000,421,14850,9259.0,0.069
50070012600000010050010000,486,14850,3220.0,0.024
50070012900000010100020000,414,14850,56574.0,0.423
50070012500000020010000000,433,14850,5000.0,0.037
50070012500000020020000000,431,14850,6145.0,0.046
50070012500000030040000000,591,14850,0.0,0.0
50070011100000090030000000,590,14850,0.0,0.0
50070010900000010030000000,652,14850,1664.0,0.012
50070008800000020180000000,692,14850,0.0,0.0
50070009000000020010000000,822,14850,4580.0,0.034
50070008800000010080000000,822,14850,22297.0,0.167
50070008800000020160000000,650,14850,0.0,0.0
50070010900000020020000000,822,14850,0.0,0.0
50070011000000010020000000,590,14850,0.0,0.0
50070011000000040050000000,650,14850,0.0,0.0
50070008700000010220020000,695,14850,0.0,0.0
50070008500000060140020000,612,14850,15174.0,0.113
50070008600000020010000000,650,14850,0.0,0.0
50070008400000040140000000,620,14850,2294.0,0.017
50070008500000050010000000,612,14850,29469.0,0.22
50070006600000010130000000,591,14850,0.0,0.0
50070006800000060130000000,438,14850,0.0,0.0
50070006300000080130000000,421,14850,3150.0,0.024
50070006300000050070000000,437,14850,72000.0,0.538
50070006300000050090000099,837,14850,0.0,0.0
50070006300000060050000000,421,14850,5128.0,0.038
50070006400000100210000000,484,14850,1764.0,0.013
50070006300000050020000000,482,14850,48003.0,0.358
50070006400000100030000000,613,14850,62730.0,0.468
50070006400000100170020000,662,14850,9676.0,0.072
50070006400000100180000000,482,14850,6768.0,0.051
50070006400000100130000000,438,14850,0.0,0.0
50070006400000020130000000,483,14850,4829.0,0.036
50070006400000020070000000,615,14850,4900.0,0.037
50070006400000020020000000,620,14850,13226.0,0.099
50070006300000050010000000,613,14850,0.0,0.0
50070006300000050080000000,613,14850,0.0,0.0
50070006300000080120000000,482,14850,9000.0,0.067
50070006300000080110000000,482,14850,13275.0,0.099
50070004800000040060000000,415,14850,7034.0,0.053
50070003100000010060000000,613,14850,16440.0,0.123
50070006300000020070000000,438,14850,0.0,0.0
50070006300000040030000000,438,14850,0.0,0.0
50070006300000080240000000,421,14850,3880.0,0.029
50070006200000020400000000,613,14850,0.0,0.0
50070004800000040040000000,695,14850,0.0,0.0
50070006200000020390000000,613,14850,0.0,0.0
50070006200000010070000000,438,14850,0.0,0.0
50070006200000010150000000,632,14850,4136.0,0.031
50070006200000010140000000,464,14850,3392.0,0.025
50070006200000010110000000,438,14850,0.0,0.0
50070006900000020190000000,414,14850,7810.0,0.058
50070006900000020180000000,485,14850,8704.0,0.065
50070006900000030050000000,438,14850,0.0,0.0
50070006300000100030000000,482,14850,7200.0,0.054
50070006300000080230000000,464,14850,2690.0,0.02
50070006300000080140000000,482,14850,7056.0,0.053
50070006800000010090000000,483,14850,3445.0,0.026
50070006900000010040000000,482,14850,22867.0,0.171
50070006900000010110000000,481,14850,42512.0,0.317
50070006900000010070000000,482,14850,28500.0,0.213
50070006900000010140000000,482,14850,3569.0,0.027
50070006900000010010000000,481,14850,12911.0,0.096
50070006900000010060020000,414,14850,74475.0,0.556
50070006900000020010000000,464,14850,6196.0,0.046
50070006900000020210000000,438,14850,0.0,0.0
50070006200000050120000000,482,14850,4482.0,0.033
50070006200000050150000000,481,14850,7571.0,0.057
50070006200000050140000000,482,14850,3192.0,0.024
50070006200000050010000000,433,14850,1949.0,0.015
50070006200000050030000000,485,14850,1640.0,0.012
50070006200000050160000000,481,14850,5751.0,0.043
50070006200000050180000000,464,14850,16324.0,0.122
50070006100000040010000000,650,14850,13887.0,0.104
50070006200000050170000000,464,14850,2116.0,0.016
50070006100000040050000000,650,14850,177840.0,1.328
50070007000000020100000000,463,14850,47826.0,0.357
50070007000000030160000000,464,14850,8752.0,0.065
50070007000000030130000000,481,14850,13768.0,0.103
50070007000000030010000000,438,14850,0.0,0.0
50070007000000030020000000,464,14850,4038.0,0.03
50070007000000030030000000,481,14850,15842.0,0.118
50070007000000030040000000,481,14850,1894.0,0.014
50070007000000030050000000,481,14850,4000.0,0.03
50070007000000030060000000,481,14850,6228.0,0.047
50070007000000030070000000,481,14850,9660.0,0.072
50070007000000030080000000,481,14850,4448.0,0.033
50070007000000030090000000,481,14850,4448.0,0.033
50070007000000030110000000,481,14850,10430.0,0.078
50070007000000030100000000,481,14850,2574.0,0.019
50070007000000030120000000,481,14850,6090.0,0.045
50070007000000030150000000,463,14850,33584.0,0.251
50070007000000040040220000,464,14850,57955.0,0.433
50070007000000040040210001,437,14850,48380.0,0.361
50070007000000040050010000,452,14850,107671.0,0.804
50070007000000040050210000,438,14850,0.0,0.0
50070007000000050100000000,481,14850,9672.0,0.072
50070007000000020130000000,650,14850,0.0,0.0
50070007000000020110000000,681,14850,18826.0,0.141
50070007000000020150000000,481,14850,3264.0,0.024
50070007000000020140000000,481,14850,5336.0,0.04
50070007000000020160000000,481,14850,2618.0,0.02
50070007000000020170000000,481,14850,6960.0,0.052
50070007000000020200000000,481,14850,5796.0,0.043
50070007000000020210000000,481,14850,9120.0,0.068
50070007000000020050000000,464,14850,21280.0,0.159
50070007000000020090000000,464,14850,18802.0,0.14
50070007000000020240000000,481,14850,12936.0,0.097
50070007000000020260000000,481,14850,11066.0,0.083
50070007000000020300000000,481,14850,3120.0,0.023
50070007000000020270000000,481,14850,3294.0,0.025
50070007000000020250000000,481,14850,13523.0,0.101
50070007000000020220000000,481,14850,3380.0,0.025
50070007000000050040000000,481,14850,7491.0,0.056
50070007000000050030000000,481,14850,8323.0,0.062
50070007000000050020000000,481,14850,14792.0,0.11
50070007000000050010000000,481,14850,50994.0,0.381
50070007000000060100000000,481,14850,6460.0,0.048
50070007000000060110000000,481,14850,9619.0,0.072
50070007000000060120020000,481,14850,3000.0,0.022
50070007000000060120010000,481,14850,2672.0,0.02
50070007000000050250000000,481,14850,14150.0,0.106
50070007000000050240000000,481,14850,8784.0,0.066
50070007000000050230000000,652,14850,29500.0,0.22
50070007000000080010000000,611,14850,69034.0,0.516
50070007000000080110000000,642,14850,46677.0,0.349
50070007000000040050230000,437,14850,168315.0,1.257
50070007000000040052210000,514,14850,56888.0,0.425
50070007000000040050230001,512,14850,10947.0,0.082
50070007000000040040030000,414,14850,100735.0,0.752
50070008100000030020020000,410,14850,20783.0,0.155
50070008100000030020030000,484,14850,2808.0,0.021
50070008100000100010000000,662,14850,1860.0,0.014
50070008100000030010000000,662,14850,28710.0,0.214
50070008100000110060000000,438,14850,0.0,0.0
50070008100000110050000000,438,14850,0.0,0.0
50070008100000110040000000,433,14850,3600.0,0.027
50070008100000110030000000,515,14850,2800.0,0.021
50070008100000120050000000,431,14850,13080.0,0.098
50070008100000120060000000,438,14850,0.0,0.0
50070008100000120040000000,433,14850,1046.0,0.008
50070008100000110020000000,433,14850,3384.0,0.025
50070008100000110010000000,438,14850,0.0,0.0
50070008100000020010000000,437,14850,222572.0,1.662
50070008100000020010000001,464,14850,22000.0,0.164
50070007000000070040010000,486,14850,1680.0,0.013
50070007000000060130000000,481,14850,5360.0,0.04
50070007000000060140000000,484,14850,2496.0,0.019
50070007000000070020000000,464,14850,2451.0,0.018
50070007000000070030000000,464,14850,5218.0,0.039
50070007000000070150000000,484,14850,2000.0,0.015
50070008000000100050000000,438,14850,0.0,0.0
50070008000000100010000000,633,14850,72660.0,0.543
50070007000000070040020099,837,14850,0.0,0.0
50070007000000070040020000,414,14850,142987.0,1.068
50070008000000100080000000,438,14850,0.0,0.0
50070008000000090080010000,465,14850,2200.0,0.016
50070008000000070010000000,642,14850,54876.0,0.41
50070009300000010100000000,483,14850,4216.0,0.031
50070009300000030010000000,483,14850,2500.0,0.019
50070008100000120090000000,438,14850,0.0,0.0
50070009200000010010000000,483,14850,1400.0,0.01
50070008100000110090000000,483,14850,2496.0,0.019
50070010700000010030000000,642,14850,22740.0,0.17
50070010600000010080020000,710,14850,462839.0,3.457
50070009100000050020000000,438,14850,0.0,0.0
50070010700000010010000000,612,14850,70298.0,0.525
50070008300000020230000000,822,14850,0.0,0.0
50070009000000010010000000,650,14850,0.0,0.0
50070010700000010080000000,620,14850,2104.0,0.016
50070011300000020040000000,438,14850,0.0,0.0
50070011300000010010020000,620,14850,3174.0,0.024
50070011400000010010000000,449,14850,21450.0,0.16
50070011400000010050000000,534,14850,5288.0,0.039
50070011400000010190000000,822,14850,0.0,0.0
50070011500000010150000099,837,14850,400.0,0.003
50070011600000010040000000,421,14850,4565.0,0.034
50070011600000010060020000,485,14850,5986.0,0.045
50070010600000010050000000,872,14850,0.0,0.0
50070010600000010040010000,873,14850,264.0,0.002
50070010500000080010000000,873,14850,0.0,0.0
50070010400000010010020000,452,14850,26634.0,0.199
50070010300000030120000000,591,14850,0.0,0.0
50070010300000010010010000,456,14850,11099.0,0.083
50070010200000010020040000,462,14850,3624.0,0.027
50070010400000010010010000,457,14850,7508.0,0.056
50070010400000010010030000,421,14850,8200.0,0.061
50070010200000010020060000,453,14850,13476.0,0.101
50070011700000010010020000,452,14850,150641.0,1.125
50070011700000010030000000,452,14850,17664.0,0.132
50070011700000020010010000,426,14850,2074.0,0.015
50070011700000020020000000,462,14850,2730.0,0.02
50070011700000010050000000,452,14850,10750.0,0.08
50070011700000030030000000,433,14850,6778.0,0.051
50070011700000030040000000,433,14850,14676.0,0.11
50070011700000030020000000,433,14850,5000.0,0.037
50070011700000030010000000,485,14850,21944.0,0.164
50070010400000010090000000,464,14850,18980.0,0.142
50070011700000020010020000,452,14850,41340.0,0.309
50070011600000010100000000,431,14850,1928.0,0.014
50070011600000010090000000,422,14850,1038.0,0.008
50070011600000010070000000,436,14850,6000.0,0.045
50070011600000010080000000,484,14850,3012.0,0.022
50070012400000020110000000,692,14850,0.0,0.0
50070012400000010030000000,432,14850,4550.0,0.034
50070012200000020030000000,457,14850,7000.0,0.052
50070012200000020020000000,431,14850,27558.0,0.206
50070012200000020060000000,620,14850,2880.0,0.022
50070012200000020040000000,432,14850,800.0,0.006
50070011700000010060000000,462,14850,2092.0,0.016
50070012200000010030000000,431,14850,17714.0,0.132
50070012200000010040000000,431,14850,18444.0,0.138
50070011800000010010020000,453,14850,191292.0,1.429
50070011800000010020040000,452,14850,39992.0,0.299
50070012100000010010000000,426,14850,2117.0,0.016
50070011800000010010010000,452,14850,10395.0,0.078
50070012400000010020000000,484,14850,5499.0,0.041
50070012400000010190000000,452,14850,14780.0,0.11
50070012500000020040000000,414,14850,38400.0,0.287
50070012500000010010010000,452,14850,32743.0,0.245
50070012100000010040000000,433,14850,1176.0,0.009
50070012100000010020000000,433,14850,9245.0,0.069
50070012500000010030010000,415,14850,32120.0,0.24
50070011800000010020020000,453,14850,134574.0,1.005
50070011800000010020030000,452,14850,12300.0,0.092
50070010000000030010000000,852,14850,0.0,0.0
50070009600000020010230000,484,14850,2000.0,0.015
50070009600000020010220000,546,14850,10384.0,0.078
50070009600000020010210000,484,14850,6442.0,0.048
50070010000000020010260000,692,14850,0.0,0.0
50070009600000010010000000,650,14850,0.0,0.0
50070009600000020010010000,712,14850,15494.0,0.116
50070009600000020010030000,712,14850,13512.0,0.101
50070009600000020010040000,710,14850,9500.0,0.071
50070009600000020010050000,484,14850,6180.0,0.046
50070009600000020070000000,449,14850,4650.0,0.035
50070007800000030010000000,710,14850,17337.0,0.129
50070009600000020010080000,485,14850,7520.0,0.056
50070009600000020010090000,712,14850,44375.0,0.331
50070009600000020060000000,484,14850,10760.0,0.08
50070007800000030020000000,449,14850,20617.0,0.154
50070007800000030070000000,534,14850,7500.0,0.056
50070010200000010020050000,421,14850,5677.0,0.042
50070010300000010030000000,650,14850,312.0,0.002
50070010200000010020030000,452,14850,58296.0,0.435
50070009500000010010210000,462,14850,3415.0,0.026
50070009500000010010220000,454,14850,123090.0,0.919
50070010200000010020010000,452,14850,112045.0,0.837
50070009500000010010010000,431,14850,24110.0,0.18
50070009400000010010000000,434,14850,3500.0,0.026
50070009400000010150000000,484,14850,1015.0,0.008
50070009400000010220000000,415,14850,39380.0,0.294
50070007900000060080010000,456,14850,11988.0,0.09
50070009400000030300000000,483,14850,3546.0,0.026
50070008000000030010000000,464,14850,1690.0,0.013
50070007900000060080020000,452,14850,38989.0,0.291
50070007200000080010000000,426,14850,1856.0,0.014
50070007900000040010000000,421,14850,2332.0,0.017
50070007900000030010000000,456,14850,13578.0,0.101
50070007900000050010010000,485,14850,3272.0,0.024
50070007900000010030000000,620,14850,1900.0,0.014
50070007900000100010000000,415,14850,23720.0,0.177
50070007900000010020010000,465,14850,5182.0,0.039
50070007900000010010000000,464,14850,6588.0,0.049
50070007900000010020020000,464,14850,10224.0,0.076
50070007900000020010020000,485,14850,6680.0,0.05
50070007800000020040000000,449,14850,16120.0,0.12
50070007200000070100000000,455,14850,32134.0,0.24
50070007200000060020000000,691,14850,12414.0,0.093
50070007200000050180000000,438,14850,0.0,0.0
50070007200000050170000000,483,14850,3400.0,0.025
50070007200000050020000000,485,14850,11260.0,0.084
50070007200000050150000000,484,14850,4091.0,0.031
50070007200000050160000000,484,14850,2914.0,0.022
50070007200000050110000000,483,14850,2024.0,0.015
50070007200000050130000000,449,14850,4180.0,0.031
50070007200000050030000000,438,14850,0.0,0.0
50070007200000050040000000,481,14850,2508.0,0.019
50070007200000050050000000,481,14850,3762.0,0.028
50070007200000050120000000,449,14850,5836.0,0.044
50070007200000050060000000,484,14850,7162.0,0.053
50070007200000050080000000,422,14850,1198.0,0.009
50070007200000040030000000,484,14850,13904.0,0.104
50070007200000040010000000,485,14850,4945.0,0.037
50070007200000020160000000,482,14850,2202.0,0.016
50070007200000020120000000,462,14850,5628.0,0.042
50070007200000020130000000,438,14850,0.0,0.0
50070007200000020110000000,438,14850,0.0,0.0
50070007200000020150000000,483,14850,2498.0,0.019
50070007200000020030000000,484,14850,4216.0,0.031
50070007200000020200000000,482,14850,5866.0,0.044
50070007200000020010000000,461,14850,18444.0,0.138
50070007200000020190000000,457,14850,4848.0,0.036
50070007200000020180000000,484,14850,2432.0,0.018
50070007200000050010000000,421,14850,5038.0,0.038
50070007300000060010000000,444,14850,22264.0,0.166
50070007300000050020010000,462,14850,5195.0,0.039
50070005900000080010000000,454,14850,9966.0,0.074
50070005900000070250000000,425,14850,2384.0,0.018
50070005900000070270000000,484,14850,1500.0,0.011
50070005900000070010000000,484,14850,6728.0,0.05
50070005900000070240000000,438,14850,0.0,0.0
50070005900000010020000000,456,14850,18299.0,0.137
50070005800000040010130000,438,14850,0.0,0.0
50070005800000040100020000,485,14850,7030.0,0.053
50070005800000050010000000,482,14850,17340.0,0.129
50070005800000060010000000,484,14850,2808.0,0.021
50070005800000070030110000,464,14850,12605.0,0.094
50070005800000070030130000,464,14850,384.0,0.003
50070005800000070030120000,464,14850,409.0,0.003
50070005800000070010020000,486,14850,6729.0,0.05
50070005800000070050000000,482,14850,6348.0,0.047
50070007300000030010000000,438,14850,0.0,0.0
50070007300000030020000000,482,14850,5004.0,0.037
50070007300000030030000000,484,14850,1538.0,0.011
50070007300000050030000000,485,14850,1666.0,0.012
50070007300000020030000000,438,14850,0.0,0.0
50070007300000020010000000,433,14850,6120.0,0.046
50070007300000090120000000,464,14850,14568.0,0.109
50070007300000110020000000,457,14850,3636.0,0.027
50070007300000110050000000,484,14850,3650.0,0.027
50070007800000020060000000,449,14850,13440.0,0.1
50070007800000010010020000,710,14850,49826.0,0.372
50070007700000060010010000,650,14850,312.0,0.002
50070007700000060030000000,714,14850,4800.0,0.036
50070007300000100030010000,484,14850,3098.0,0.023
50070007800000010010010000,710,14850,23115.0,0.173
50070005700000020010000000,612,14850,26239.0,0.196
50070005700000040010000000,873,14850,264.0,0.002
50070007300000090040000000,484,14850,6163.0,0.046
50070007300000010110000000,464,14850,30660.0,0.229
50070005800000010020000000,484,14850,5094.0,0.038
50070005800000010040000000,423,14850,1181.0,0.009
50070005800000010030000000,483,14850,1552.0,0.012
50070005800000010010000000,590,14850,0.0,0.0
50070005800000020010030000,438,14850,0.0,0.0
50070005800000020010010000,462,14850,5316.0,0.04
50070005800000030070000000,484,14850,922.0,0.007
50070005800000030040000000,484,14850,3024.0,0.023
50070005800000030030000000,421,14850,2609.0,0.019
50070005800000030020000000,484,14850,2380.0,0.018
50070005800000020010020000,544,14850,60216.0,0.45
50070005800000020010020099,837,14850,0.0,0.0
50070005200000020070000000,653,14850,0.0,0.0
50070004200000020050000000,710,14850,24232.0,0.181
50070005300000040010000000,661,14850,7659.0,0.057
50070002200000010010010000,650,14850,1712.0,0.013
50070004300000010030000000,650,14850,0.0,0.0
50070004300000010010000000,421,14850,7819.0,0.058
50070004300000010050000000,650,14850,2905.0,0.022
50070004300000010060000000,438,14850,0.0,0.0
50070005200000010010030000,438,14850,0.0,0.0
50070004300000020110000000,570,14850,0.0,0.0
50070004300000010020000000,570,14850,3330.0,0.025
50070005200000010010020000,438,14850,0.0,0.0
50070005200000010010010000,438,14850,0.0,0.0
50070005200000020040000000,650,14850,0.0,0.0
50070005200000020030000000,482,14850,12313.0,0.092
50070005200000030010120000,448,14850,0.0,0.0
50070005800000040010020000,448,14850,0.0,0.0
50070005800000040020020000,421,14850,5604.0,0.042
50070005200000030170000000,438,14850,0.0,0.0
50070005200000030140000000,464,14850,15600.0,0.117
50070005200000030160000000,438,14850,0.0,0.0
50070005200000030020000000,464,14850,7560.0,0.056
50070004300000020040000000,455,14850,4541.0,0.034
50070005200000030050020000,484,14850,6539.0,0.049
50070004300000030010000000,421,14850,10421.0,0.078
50070004400000090010020000,457,14850,4896.0,0.037
50070004300000020080000000,486,14850,3318.0,0.025
50070004300000020050220000,454,14850,35000.0,0.261
50070004300000020010020000,464,14850,18271.0,0.136
50070004300000020120000000,570,14850,8550.0,0.064
50070003700000010030000000,570,14850,0.0,0.0
50070003700000010040010000,440,14850,1080.0,0.008
50070004400000020020000000,481,14850,18714.0,0.14
50070004400000010010020000,457,14850,3870.0,0.029
50070004400000010010120000,465,14850,7210.0,0.054
50070004400000020010030000,484,14850,1800.0,0.013
50070004400000020010110000,464,14850,6237.0,0.047
50070004400000020010020000,457,14850,12009.0,0.09
50070003600000010060000000,485,14850,12821.0,0.096
50070003600000010070000000,872,14850,0.0,0.0
50070003500000010010000000,452,14850,19584.0,0.146
50070003500000050120000000,484,14850,1636.0,0.012
50070004400000060030000000,620,14850,4292.0,0.032
50070004400000060020000000,438,14850,0.0,0.0
50070004400000070010000000,591,14850,0.0,0.0
50070005100000030150000000,484,14850,3252.0,0.024
50070005000000020010000000,682,14850,0.0,0.0
50070005100000040110000000,484,14850,2742.0,0.02
50070005900000040010000000,593,14850,0.0,0.0
50070005100000010050000000,642,14850,6598.0,0.049
50070005100000010010000000,438,14850,0.0,0.0
50070005100000010180010000,485,14850,3750.0,0.028
50070005100000010180020000,421,14850,1369.0,0.01
50070005200000030060000000,456,14850,24873.0,0.186
50070005200000030050010000,438,14850,0.0,0.0
50070005200000040100000000,422,14850,12061.0,0.09
50070005200000040060020000,482,14850,4005.0,0.03
50070005100000060010000000,462,14850,3504.0,0.026
50070005900000030260000000,482,14850,1489.0,0.011
50070005900000030010000000,484,14850,3751.0,0.028
50070005200000040110000000,472,14850,3660.0,0.027
50070005200000040040000000,449,14850,11718.0,0.088
50070005200000030150000000,484,14850,19662.0,0.147
50070005200000030200000000,653,14850,0.0,0.0
50070005900000020280000000,482,14850,2566.0,0.019
50070005900000020210000000,484,14850,4882.0,0.036
50070005900000070200000000,465,14850,18200.0,0.136
50070005900000070090000000,653,14850,0.0,0.0
50070005900000030220000000,650,14850,1053.0,0.008
50070005900000030250000000,464,14850,1166.0,0.009
50070005900000060010000000,421,14850,3200.0,0.024
50070005900000070130000000,486,14850,3280.0,0.024
50070005900000070160000000,483,14850,2342.0,0.017
50070007200000030010000000,484,14850,2229.0,0.017
50070005900000060210000000,464,14850,2232.0,0.017
50070007200000030240000000,484,14850,8626.0,0.064
50070007200000030260000000,482,14850,6240.0,0.047
50070007200000030030000000,484,14850,2501.0,0.019
50070007200000030020000000,484,14850,4582.0,0.034
50070007200000030280000000,438,14850,0.0,0.0
50070007200000030270000000,486,14850,1305.0,0.01
50070007200000030230020000,483,14850,2608.0,0.019
50070007200000030190000000,482,14850,5342.0,0.04
50070007200000030180010000,482,14850,3024.0,0.023
50070007200000030070000000,464,14850,3328.0,0.025
50070007200000030200000000,485,14850,8424.0,0.063
50070007200000030060000000,464,14850,2236.0,0.017
50070007200000030120000000,438,14850,0.0,0.0
50070005900000060180000000,642,14850,5760.0,0.043
50070006000000010170000000,483,14850,1690.0,0.013
50070006000000010160000000,483,14850,3091.0,0.023
50070006000000060180000000,483,14850,1818.0,0.014
50070007100000010090000000,482,14850,4118.0,0.031
50070007100000010080000000,483,14850,2952.0,0.022
50070007100000010150000000,483,14850,2784.0,0.021
50070007100000010100000000,484,14850,869.0,0.006
50070007100000010130000000,481,14850,4480.0,0.033
50070007100000010140000000,484,14850,1792.0,0.013
50070007100000050020000000,484,14850,1720.0,0.013
50070007100000050010000000,484,14850,1364.0,0.01
50070007100000060090000000,483,14850,4969.0,0.037
50070007100000060110000000,483,14850,2220.0,0.017
50070007100000060080000000,449,14850,5392.0,0.04
50070007100000060070000000,484,14850,5625.0,0.042
50070007100000060050000000,438,14850,0.0,0.0
50070007100000010190010000,422,14850,3813.0,0.028
50070007100000010180000000,438,14850,0.0,0.0
50070007100000010170000000,483,14850,2950.0,0.022
50070007100000010160000000,483,14850,2332.0,0.017
50070007100000010070000000,464,14850,1412.0,0.011
50070007100000010190020000,484,14850,9752.0,0.073
50070007100000010050000000,482,14850,6360.0,0.047
50070007100000010040000000,455,14850,9460.0,0.071
50070007100000010220000000,484,14850,4879.0,0.036
50070007100000060010000000,430,14850,1920.0,0.014
50070007200000040090000000,433,14850,7182.0,0.054
50070007200000030160000000,484,14850,2772.0,0.021
50070007200000030150000000,482,14850,5704.0,0.043
50070007200000030170000000,425,14850,1507.0,0.011
50070007200000040040000000,835,14850,10224.0,0.076
50070007200000040050000000,464,14850,5112.0,0.038
50070007200000040130000000,484,14850,5640.0,0.042
50070007200000040100000000,484,14850,2256.0,0.017
50070007100000060260000000,534,14850,3931.0,0.029
50070007100000060230000000,484,14850,1533.0,0.011
50070007100000060210000000,438,14850,0.0,0.0
50070007100000060060000000,632,14850,10950.0,0.082
50070007100000060200000000,465,14850,1584.0,0.012
50070007100000050200000000,438,14850,0.0,0.0
50070008000000010060000000,620,14850,2873.0,0.021
50070008000000010050000000,620,14850,0.0,0.0
50070008000000040150000000,449,14850,7414.0,0.055
50070008000000060030000000,483,14850,3950.0,0.029
50070008000000050150000000,681,14850,7801.0,0.058
50070007100000050130000000,425,14850,4040.0,0.03
50070007100000090020000000,484,14850,5150.0,0.038
50070007100000090050000000,483,14850,2837.0,0.021
50070007100000100010000000,471,14850,4725.0,0.035
50070007100000100040000000,632,14850,2260.0,0.017
50070007100000100020000000,464,14850,2972.0,0.022
50070007100000040070000000,483,14850,3915.0,0.029
50070007100000040090000000,483,14850,2735.0,0.02
50070007100000040100000000,464,14850,1576.0,0.012
50070007100000040080000000,483,14850,3327.0,0.025
50070007100000040060000000,471,14850,6639.0,0.05
50070007000000060190000000,438,14850,0.0,0.0
50070007000000060200000000,438,14850,0.0,0.0
50070007000000060030000000,482,14850,18522.0,0.138
50070007000000060010020000,534,14850,6506.0,0.049
50070007000000060020000000,464,14850,18603.0,0.139
50070007100000040010020000,653,14850,0.0,0.0
50070007100000040010010000,465,14850,4578.0,0.034
50070007100000030050000000,438,14850,0.0,0.0
50070007100000030030000000,483,14850,4796.0,0.036
50070007100000020120000000,620,14850,7486.0,0.056
50070007100000030070000000,464,14850,7233.0,0.054
50070007100000050120000000,464,14850,5365.0,0.04
50070007100000050110000000,483,14850,2692.0,0.02
50070007100000050100000000,465,14850,3185.0,0.024
50070007100000050080000000,662,14850,17603.0,0.131
50070007100000050090000000,483,14850,2990.0,0.022
50070007100000020150000000,464,14850,5103.0,0.038
50070007100000050070000000,483,14850,2302.0,0.017
50070007100000050170020000,425,14850,7995.0,0.06
50070007100000050050000000,438,14850,0.0,0.0
50070007100000050040000000,438,14850,0.0,0.0
50070007100000020180000000,482,14850,6690.0,0.05
50070007100000020190000000,465,14850,7590.0,0.057
50070007100000020050000000,652,14850,64708.0,0.483
50070006000000050120000000,465,14850,2749.0,0.021
50070006000000020050040000,483,14850,5331.0,0.04
50070006000000020080000000,612,14850,68968.0,0.515
50070006000000030090010000,483,14850,4118.0,0.031
50070006000000030100000000,483,14850,2301.0,0.017
50070006100000010120000000,464,14850,3886.0,0.029
50070006100000010110000000,465,14850,9990.0,0.075
50070006100000010100000000,483,14850,2978.0,0.022
50070006100000060050000000,438,14850,0.0,0.0
50070006100000060060000000,438,14850,0.0,0.0
50070006100000060100000000,484,14850,538.0,0.004
50070006100000060130000000,620,14850,8529.0,0.064
50070006100000060150000000,483,14850,2209.0,0.016
50070006100000060010000000,464,14850,3463.0,0.026
50070006000000040070000000,484,14850,2586.0,0.019
50070006000000040060000000,484,14850,1643.0,0.012
50070007000000010150000000,482,14850,7770.0,0.058
50070007000000010160000000,620,14850,0.0,0.0
50070007000000010020000000,483,14850,2888.0,0.022
50070007000000010010000000,620,14850,10157.0,0.076
50070007000000010130000000,438,14850,0.0,0.0
50070007000000010120000000,438,14850,0.0,0.0
50070007000000060040000000,421,14850,1800.0,0.013
50070007000000010110020000,482,14850,5934.0,0.044
50070007000000010100000000,481,14850,13204.0,0.099
50070007000000010090000000,481,14850,4886.0,0.036
50070007000000060150000000,482,14850,10476.0,0.078
50070007000000060070000000,481,14850,3690.0,0.028
50070007000000060050020000,511,14850,32410.0,0.242
50070007000000060080000000,481,14850,4500.0,0.034
50070007000000010060000000,481,14850,8640.0,0.065
50070007000000020370000000,481,14850,8250.0,0.062
50070007000000020360000000,481,14850,5066.0,0.038
50070007000000020350000000,481,14850,5605.0,0.042
50070007000000010050000000,481,14850,12304.0,0.092
50070007000000010080000000,482,14850,11416.0,0.085
50070007000000010030000000,464,14850,27267.0,0.204
50070007000000020380000000,482,14850,7195.0,0.054
50070007000000020310000000,484,14850,9924.0,0.074
50070007000000020290000000,481,14850,10543.0,0.079
50070007000000020280000000,481,14850,3510.0,0.026
50070007000000020040000000,464,14850,1636.0,0.012
50070007000000020030010000,464,14850,2529.0,0.019
50070007000000020340000000,481,14850,19986.0,0.149
50070006100000050110000000,463,14850,94429.0,0.705
50070006100000060070000000,620,14850,13629.0,0.102
50070006100000060080000000,534,14850,6080.0,0.045
50070006100000020100010000,464,14850,5976.0,0.045
50070006100000020080000000,461,14850,8130.0,0.061
50070006100000050010000000,452,14850,117500.0,0.878
50070006100000050030000000,482,14850,3606.0,0.027
50070006100000050040000000,482,14850,2554.0,0.019
50070006100000050050000000,462,14850,264.0,0.002
50070006100000050060000000,438,14850,0.0,0.0
50070006100000050100000000,414,14850,185997.0,1.389
50070006100000050070000000,831,14850,20200.0,0.151
50070006100000020040000000,652,14850,72130.0,0.539
50070006100000020060000000,464,14850,6616.0,0.049
50070006100000030140000000,464,14850,29605.0,0.221
50070006100000030160000000,483,14850,3704.0,0.028
50070006100000030100000000,464,14850,17542.0,0.131
50070006100000030120000000,620,14850,16985.0,0.127
50070006100000030090000000,438,14850,0.0,0.0
50070006100000030080000000,438,14850,0.0,0.0
50070006100000030210000000,464,14850,4228.0,0.032
50070006100000030190000000,464,14850,2806.0,0.021
50070006100000030200000000,483,14850,4045.0,0.03
50070006100000030220000000,483,14850,3366.0,0.025
50070004900000020080000000,620,14850,4307.0,0.032
50070004900000020090000000,620,14850,7344.0,0.055
50070004900000020130000000,483,14850,3860.0,0.029
50070006100000020030000000,620,14850,11706.0,0.087
50070006100000020110000000,590,14850,0.0,0.0
50070006100000020010000000,620,14850,22933.0,0.171
50070004900000010160000000,483,14850,3879.0,0.029
50070005000000040200000000,483,14850,3882.0,0.029
50070004900000010150000000,482,14850,2475.0,0.018
50070004900000010230000000,483,14850,3132.0,0.023
50070005000000040210000000,464,14850,3177.0,0.024
50070005000000040260000000,464,14850,4848.0,0.036
50070006100000010030000000,465,14850,4972.0,0.037
50070006100000010020000000,483,14850,4518.0,0.034
50070006000000020070020000,591,14850,0.0,0.0
50070006000000020070010000,615,14850,19393.0,0.145
50070006000000020050010000,612,14850,9444.0,0.071
50070006000000020050220000,465,14850,9720.0,0.073
50070005000000010160000000,438,14850,0.0,0.0
50070005000000030260000000,620,14850,2592.0,0.019
50070003400000010010000000,483,14850,3024.0,0.023
50070004500000030010000000,590,14850,0.0,0.0
50070004600000010010000000,485,14850,945.0,0.007
50070004600000010170000000,482,14850,8432.0,0.063
50070004600000010150000000,465,14850,5616.0,0.042
50070004600000070010000000,438,14850,0.0,0.0
50070004900000010010000000,483,14850,5247.0,0.039
50070004900000020030000000,464,14850,3425.0,0.026
50070004600000060150000000,620,14850,2242.0,0.017
50070004600000060030000000,483,14850,3147.0,0.024
50070004600000060090000000,438,14850,0.0,0.0
50070004600000060080000000,483,14850,1722.0,0.013
50070004900000040010000000,464,14850,3816.0,0.028
50070004900000020040000000,464,14850,1602.0,0.012
50070004900000020060220000,438,14850,0.0,0.0
50070004900000040070000000,483,14850,6252.0,0.047
50070004900000040090000000,464,14850,1568.0,0.012
50070004900000040100000000,464,14850,2938.0,0.022
50070004900000040050000000,620,14850,23110.0,0.173
50070006100000030050000000,464,14850,2152.0,0.016
50070006100000030040000000,464,14850,2080.0,0.016
50070006100000030060000000,483,14850,2414.0,0.018
50070006200000010160000000,464,14850,5364.0,0.04
50070006200000010170000000,483,14850,2656.0,0.02
50070004900000060070000000,483,14850,2308.0,0.017
50070004900000060050000000,483,14850,2532.0,0.019
50070004800000030010000000,620,14850,2320.0,0.017
50070004900000050060000000,438,14850,0.0,0.0
50070004900000050110000000,464,14850,3816.0,0.028
50070004700000030020000000,695,14850,0.0,0.0
50070004600000040010000000,464,14850,4176.0,0.031
50070004700000040020000000,438,14850,0.0,0.0
50070003200000030040000000,613,14850,8103.0,0.061
50070002900000010070000000,620,14850,8720.0,0.065
50070003200000030110000000,438,14850,0.0,0.0
50070002800000030050020000,438,14850,0.0,0.0
50070002800000020010000000,612,14850,37263.0,0.278
50070001200000030100000000,438,14850,0.0,0.0
50070001200000030090000000,438,14850,0.0,0.0
50070001200000030110000000,425,14850,3780.0,0.028
50070001200000050010000000,483,14850,3048.0,0.023
50070001200000050050000000,484,14850,1450.0,0.011
50070001200000050040000000,483,14850,5224.0,0.039
50070001400000040130000000,484,14850,960.0,0.007
50070002700000040110000000,484,14850,1320.0,0.01
50070003400000050010000000,483,14850,3920.0,0.029
50070002700000010040000000,457,14850,2064.0,0.015
50070002600000040010000000,591,14850,0.0,0.0
50070003500000030030010000,438,14850,0.0,0.0
50070003500000020050000000,620,14850,4390.0,0.033
50070002500000030010220000,590,14850,0.0,0.0
50070002600000020080000000,482,14850,27100.0,0.202
50070001500000010080000000,642,14850,4615.0,0.034
50070001500000040010000000,464,14850,12588.0,0.094
50070001600000010080000000,710,14850,10404.0,0.078
50070001600000010040010000,438,14850,0.0,0.0
50070001600000010030000000,651,14850,99806.0,0.745
50070001600000010120010000,485,14850,12309.0,0.092
50070001300000020080000000,438,14850,0.0,0.0
50070001300000020090000000,620,14850,4614.0,0.034
50070001400000040160000000,438,14850,0.0,0.0
50070001400000040010000000,620,14850,8662.0,0.065
50070001200000020190000000,421,14850,2214.0,0.017
50070001200000020010000000,484,14850,10193.0,0.076
50070000500000020100020000,438,14850,0.0,0.0
50070000200000020020000000,590,14850,2996.0,0.022
50070000200000020070000000,593,14850,0.0,0.0
50070002400000010010020000,650,14850,5555.0,0.041
50070001700000010010030000,570,14850,8448.0,0.063
50070001700000010010020000,465,14850,60489.0,0.452
50070001700000010020000000,485,14850,6900.0,0.052
50070001600000010050020000,480,14850,8821.0,0.066
50070001600000010050010000,484,14850,5289.0,0.039
50070001600000010060000000,710,14850,4544.0,0.034
50070002500000020010010000,615,14850,5180.0,0.039
50070002500000040010000000,650,14850,27295.0,0.204
50070002500000040020020000,591,14850,0.0,0.0
50070002500000040040000000,438,14850,0.0,0.0
50070002500000050010000000,452,14850,9374.0,0.07
50070002500000050030000000,541,14850,17295.0,0.129
50070002500000050040010000,484,14850,2494.0,0.019
50070002500000010050000000,650,14850,0.0,0.0
50070002500000010080000000,454,14850,18483.0,0.138
50070002300000010020000000,650,14850,0.0,0.0
50070003700000010010000000,485,14850,15180.0,0.113
50070003600000010040000000,456,14850,23616.0,0.176
50070003600000010030510000,465,14850,64050.0,0.478
50070002300000010010000000,455,14850,25400.0,0.19
50070002200000020010000000,650,14850,0.0,0.0
50070000200000010010020000,556,14850,34277.0,0.256
50070002100000040040010000,650,14850,0.0,0.0
50070002100000040010020000,465,14850,11656.0,0.087
50070000200000010010030000,650,14850,0.0,0.0
50070000200000010010010000,570,14850,6917.0,0.052
50070000200000020040000000,650,14850,0.0,0.0
50070000200000020050000000,650,14850,0.0,0.0
50070000100000010150000000,650,14850,20000.0,0.149
50070000500000010010000000,612,14850,255371.0,1.907
50070000600000010010000000,695,14850,0.0,0.0
50070001200000020030000000,590,14850,0.0,0.0
50070001200000070010000000,590,14850,0.0,0.0
50070001100000030010210000,590,14850,0.0,0.0
50070002900000040030000000,438,14850,0.0,0.0
50070002900000030100000000,438,14850,0.0,0.0
50070002900000030080000000,613,14850,8640.0,0.065
50070002900000030090000000,438,14850,0.0,0.0
50070001000000020030000000,483,14850,1632.0,0.012
50070000900000050010000000,464,14850,8722.0,0.065
50070000900000060030000000,613,14850,0.0,0.0
50070000900000060040000000,438,14850,0.0,0.0
50070000900000060110000000,438,14850,0.0,0.0
50070000900000060100000000,613,14850,21888.0,0.163
50070000800000010080000000,438,14850,0.0,0.0
50070000900000070010000000,613,14850,11424.0,0.085
50070000900000070030000000,692,14850,0.0,0.0
50070000900000070080000000,613,14850,0.0,0.0
50070000900000070070000000,613,14850,0.0,0.0
50070003000000010010020000,613,14850,4252863.0,31.761
50070006500000030010010000,613,14850,115853.0,0.865
50070006500000030030000000,613,14850,51163.0,0.382
50070006500000030060000000,432,14850,689.0,0.005
50070000400000020010000000,822,14850,0.0,0.0
50070000300000010140000000,822,14850,0.0,0.0
50070005600000010010000000,650,14850,0.0,0.0
50070007600000020170000000,650,14850,285.0,0.002
50070009900000020030000000,484,14850,1640.0,0.012
50070009900000010090000000,484,14850,2368.0,0.018
50070052500000060010000000,842,14850,0.0,0.0
50070012700000010040000000,692,14850,0.0,0.0
50070012600000010020020000,652,14850,36180.0,0.27
50070012600000010030020000,431,14850,69218.0,0.517
50070013000000020010110000,452,14850,19480.0,0.145
50070013000000020010120000,426,14850,2200.0,0.016
50070013000000020010130000,426,14850,2542.0,0.019
50070013000000020010020000,433,14850,10182.0,0.076
50070013100000010060020000,452,14850,18292.0,0.137
50070013100000010060010000,453,14850,97230.0,0.726
50070013100000010060020001,452,14850,68890.0,0.514
50070013100000010060030000,461,14850,3320.0,0.025
50070013100000010030000000,692,14850,0.0,0.0
50070013100000010020000000,485,14850,4000.0,0.03
50070013000000040070020000,692,14850,0.0,0.0
50308906100000010080120000,590,14850,0.0,0.0
50308905700000020010010000,590,14850,0.0,0.0
50308905700000020010020000,590,14850,0.0,0.0
50308905700000010080440000,591,14850,0.0,0.0
50308905100000010020000000,590,14850,0.0,0.0
50308904800000010150000000,590,14850,0.0,0.0
50308904600000010090000000,695,14850,0.0,0.0
50308905500000010010000000,822,14850,0.0,0.0
50308904400000010050010000,822,14850,0.0,0.0
50308904900000010250000000,872,14850,0.0,0.0
50308904700000010110030000,632,14850,15698.0,0.117
50308904500000010020010000,822,14850,0.0,0.0
50308903600000030010010000,620,14850,4792.0,0.036
50308904300000020100000000,620,14850,22312.0,0.167
50308903600000010040050000,414,14850,43696.0,0.326
50308904300000010030050000,612,14850,13768.0,0.103
50308904300000020070000000,612,14850,2103.0,0.016
50308904300000020020020000,486,14850,3458.0,0.026
50308904300000010050000000,484,14850,18170.0,0.136
50308903900000010160010000,422,14850,964.0,0.007
50308903900000010170000000,457,14850,1603.0,0.012
50308903700100010090000099,837,14850,0.0,0.0
50308903700100010090000000,415,14850,40904.0,0.305
50308903800000030090000000,695,14850,0.0,0.0
50308903900000010010320000,613,14850,0.0,0.0
50308903900000010010310000,633,14850,144586.0,1.08
50308904100000010300070000,662,14850,9128.0,0.068
50308903900000010010220000,710,14850,214517.0,1.602
50308903900000010010010000,464,14850,66508.0,0.497
50308904400000010030000000,613,14850,0.0,0.0
50308904100000010300020000,613,14850,2212226.0,16.521
50308904100000010300020993,837,14850,0.0,0.0
50308904100000010300020991,837,14850,0.0,0.0
50308904100000010300020992,837,14850,0.0,0.0
50308904400000010043130000,613,14850,0.0,0.0
50308904400000010043140000,590,14850,0.0,0.0
50308904400200010020000000,642,14850,7638.0,0.057
50308904400000011230000000,822,14850,0.0,0.0
50308904400000011250000000,590,14850,0.0,0.0
50308904400000011220020000,590,14850,0.0,0.0
50308905000000010050060000,822,14850,420.0,0.003
50308905300000010220030000,590,14850,0.0,0.0
50308905800000020220030000,620,14850,2604.0,0.019
50308905800000020280000000,485,14850,3308.0,0.025
50308905700000010100000000,822,14850,0.0,0.0
50308905800000020040000000,620,14850,8460.0,0.063
50308905800000020390700000,591,14850,0.0,0.0
50308905800000020390030000,620,14850,4940.0,0.037
50308906000000010190000000,590,14850,0.0,0.0
50308905800000010040000000,822,14850,0.0,0.0
50308905300000010220020000,590,14850,0.0,0.0
50308905400000020010000000,710,14850,139113.0,1.039
50308905900000020250020000,590,14850,0.0,0.0
50308905900000020250010000,590,14850,0.0,0.0
50308905400000020130000000,822,14850,495.0,0.004
50308905400000070500000000,590,14850,0.0,0.0
50308904000000040020000000,486,14850,6496.0,0.049
50308904000000030090020000,464,14850,2500.0,0.019
50308904000000030030000000,710,14850,0.0,0.0
50308901800000020100000000,465,14850,6508.0,0.049
50308901800000010010010000,853,14850,0.0,0.0
50308901700000010010020000,612,14850,115796.0,0.865
50308901600000010050000000,612,14850,0.0,0.0
50308901600000010030000000,433,14850,1786.0,0.013
50308901600000020050000000,695,14850,1536.0,0.011
50308907100000070010000000,553,14850,0.0,0.0
50308906800000010010020000,553,14850,15152.0,0.113
50308907100000010100030000,620,14850,0.0,0.0
50308907100000010100020000,620,14850,16085.0,0.12
50308906900000010010000000,610,14850,0.0,0.0
50308906500000010050010000,613,14850,15025.0,0.112
50308906500000010050030000,613,14850,17241.0,0.129
50308906500000010050040000,615,14850,7595.0,0.057
50308906600000030140000000,613,14850,0.0,0.0
50308906700000010100010000,613,14850,12288.0,0.092
50308906700000010100040000,613,14850,0.0,0.0
50308906700000010120000000,613,14850,35071.0,0.262
50308906600000010060000000,483,14850,3974.0,0.03
50308906600000040020000000,613,14850,0.0,0.0
50308906700000010080000000,613,14850,5341.0,0.04
50308906600000030170000000,620,14850,1504.0,0.011
50308906600000020150000000,590,14850,0.0,0.0
50308906800000010090000000,552,14850,11201.0,0.084
50308906700000010040000000,613,14850,0.0,0.0
50308906700000010020010000,613,14850,0.0,0.0
50308906700000010010010000,613,14850,0.0,0.0
50308906700000010030020000,613,14850,4330.0,0.032
50308906700000010060000000,613,14850,17284.0,0.129
50308905900000020160000000,484,14850,1152.0,0.009
50308906000000010010000000,590,14850,0.0,0.0
50308906000000010020000000,464,14850,15510.0,0.116
50308906300000020150000000,822,14850,0.0,0.0
50308906300000010050000000,613,14850,0.0,0.0
50308906300000010080010000,613,14850,218789.0,1.634
50308906300000010070000000,449,14850,18638.0,0.139
50308906700000010130010000,613,14850,93573.0,0.699
50308906700000010130020000,613,14850,0.0,0.0
50308906300000010010000000,613,14850,140488.0,1.049
50308906300000010020040000,613,14850,4080.0,0.03
50308906700000010100020000,613,14850,125336.0,0.936
50308906700000010100050000,613,14850,116854.0,0.873
50308906700000010110000000,650,14850,28431.0,0.212
50308906700000010100030000,610,14850,125460.0,0.937
50308906300000010020020000,613,14850,75168.0,0.561
50308906300000010030010000,613,14850,0.0,0.0
50308906300000010120000000,613,14850,0.0,0.0
50308906700000010100060000,613,14850,378445.0,2.826
50308906300000010030030000,613,14850,15305.0,0.114
50308906400000010010000000,613,14850,88844.0,0.664
50308906300000010100000000,613,14850,5352.0,0.04
50308906300000010030040000,464,14850,77378.0,0.578
50308906200000020020000000,613,14850,0.0,0.0
50308906200000020130010000,465,14850,6104.0,0.046
50308906200000020130070000,415,14850,46340.0,0.346
50308906200000020011210000,452,14850,117658.0,0.879
50308906200000020011250000,462,14850,4808.0,0.036
50308906200000020130060000,435,14850,3061.0,0.023
50308906300000020090000000,695,14850,0.0,0.0
50308906200000020011230000,421,14850,3040.0,0.023
50308906200000010030220000,456,14850,14564.0,0.109
50308906200000020010130000,486,14850,600.0,0.004
50308906200000010020010000,426,14850,3549.0,0.027
50308906000000010090020000,613,14850,0.0,0.0
50308906000000010070000000,464,14850,1344.0,0.01
50308906000000010080010000,873,14850,0.0,0.0
50308906000000010090010000,613,14850,33554.0,0.251
50308906000000010080020000,613,14850,61835.0,0.462
50308906200000020010220000,426,14850,2934.0,0.022
50308906200000020010210000,462,14850,848.0,0.006
50308905700000010110130000,590,14850,0.0,0.0
50308906000000010090030000,464,14850,2008.0,0.015
50308906100000010190000000,613,14850,0.0,0.0
50308905700000010080560000,822,14850,0.0,0.0
50308906100000010070010000,613,14850,10776.0,0.08
50308906100000010070020991,613,14850,0.0,0.0
50308906100000010070020000,613,14850,0.0,0.0
50308906100000010070020099,613,14850,0.0,0.0
50308906200000020040000000,613,14850,0.0,0.0
50308906400000010020020000,613,14850,0.0,0.0
50308906200000020050000000,592,14850,3640.0,0.027
50308906500000010050050000,433,14850,6946.0,0.052
50308906500000010040010000,613,14850,6912.0,0.052
50308906400000010020010000,613,14850,0.0,0.0
50308906500000010050020991,837,14850,0.0,0.0
50308906500000010050020000,613,14850,117890.0,0.88
50308906500000010050020992,837,14850,0.0,0.0
50308906500000010050020993,837,14850,0.0,0.0
50308907000000100020000000,822,14850,0.0,0.0
50308907300000010030000000,613,14850,0.0,0.0
50308907300000010010040000,612,14850,22276.0,0.166
50308907300000010010310000,612,14850,184180.0,1.375
50308907200000010100000000,650,14850,0.0,0.0
50308907200000010110000000,612,14850,55848.0,0.417
50308907200000010020020000,612,14850,130781.0,0.977
50308907200000010011700000,620,14850,16126.0,0.12
50308907200000010012060000,692,14850,0.0,0.0
50308901900000010050220000,613,14850,11000.0,0.082
50308952500000060010000000,842,14850,0.0,0.0
50308902100000010080000000,870,14850,0.0,0.0
50308902200000010010340000,692,14850,0.0,0.0
50308902300000010111350000,862,14850,0.0,0.0
50308902300000010400000000,590,14850,0.0,0.0
50308902700000010240320000,440,14850,9600.0,0.072
50308902400000050010020000,710,14850,26057.0,0.195
50308902700000010150020099,837,14850,0.0,0.0
50308902400000010250230000,695,14850,0.0,0.0
50308902400000040130000000,822,14850,0.0,0.0
50308902400000040140220000,464,14850,3729.0,0.028
50308902400000030040000000,465,14850,26823.0,0.2
50308902400000030024120000,465,14850,34406.0,0.257
50308902400000040050010000,872,14850,0.0,0.0
50308902400000040050040000,662,14850,9423.0,0.07
50308902400000030030040000,465,14850,15739.0,0.118
50308902600000040460010000,633,14850,115636.0,0.864
50308902400000030030050000,614,14850,11960.0,0.089
50308902400000030030010000,615,14850,24572.0,0.184
50308902400000030020010000,641,14850,36275.0,0.271
50308902600000040420000000,620,14850,3588.0,0.027
50308902700000010110030000,633,14850,72400.0,0.541
50308902600000030080020000,464,14850,3350.0,0.025
50308902700000010110050000,590,14850,0.0,0.0
50308902700000010130150000,590,14850,0.0,0.0
50308902700000010110060000,590,14850,0.0,0.0
50308902800000010260240000,822,14850,0.0,0.0
50308902800000010282260000,590,14850,0.0,0.0
50308902900000060110000000,861,14850,0.0,0.0
50308903100000020300000000,449,14850,8374.0,0.063
50308903200000010070000000,590,14850,0.0,0.0
50308903300000010080000000,695,14850,0.0,0.0
50308903300000010070010000,449,14850,624.0,0.005
50308903300000020070010000,472,14850,3380.0,0.025
50308903300000030070000000,415,14850,3160.0,0.024
50308903300000020060220000,484,14850,1980.0,0.015
50308903500000010190000000,415,14850,7888.0,0.059
50308903500000010200000000,695,14850,0.0,0.0
50308903300000030060000000,415,14850,17019.0,0.127
50308903300000020060010000,651,14850,45808.0,0.342
50308903300000030010030000,590,14850,0.0,0.0
50308903300000030050010000,484,14850,3160.0,0.024
50308903300000030030000000,484,14850,4957.0,0.037
50308903100000050010050000,822,14850,0.0,0.0
50308903300000030020030000,449,14850,6812.0,0.051
50308903300000030020920000,449,14850,9800.0,0.073
50308903300000030020070000,449,14850,5000.0,0.037
50308903300000030020010000,484,14850,9456.0,0.071
50308903300000030020420000,484,14850,2400.0,0.018
50308903300000030020080000,449,14850,12000.0,0.09
50308903300000030020060000,449,14850,5960.0,0.045
50308903300000030020100000,714,14850,42284.0,0.316
50308903100000040060010000,590,14850,0.0,0.0
50308903100000040060020000,620,14850,16470.0,0.123
50308903100000010100010000,651,14850,53648.0,0.401
50308903100000010100020000,612,14850,9816.0,0.073
50308903100000010050000000,695,14850,0.0,0.0
50308903100000010060000000,695,14850,0.0,0.0
50308903100000040020000000,633,14850,2728.0,0.02
50308903100000020250030099,837,14850,0.0,0.0
50308903800000010030000000,449,14850,4400.0,0.033
50308903500000010100120000,484,14850,4880.0,0.036
50308903500000010070120000,441,14850,1760.0,0.013
50328904400000010500020089,613,14850,0.0,0.0
50328904400000010500020000,613,14850,49834.0,0.372
50328904400000010060000000,613,14850,0.0,0.0
50328903900000010500140000,712,14850,6000.0,0.045
50328903900000010380190000,822,14850,0.0,0.0
50328903900000010500120000,710,14850,19198.0,0.143
50328903900000010500080000,464,14850,13294.0,0.099
50328903900000010500060000,710,14850,71660.0,0.535
50328903900000010500100000,710,14850,65310.0,0.488
50328903900000010500050000,710,14850,17400.0,0.13
50328903900000010500030000,449,14850,13590.0,0.101
50328904400000010500030000,650,14850,0.0,0.0
50328904400000010450010000,844,14850,0.0,0.0
50328904400000010470000000,844,14850,0.0,0.0
50328904400000010440020000,650,14850,0.0,0.0
50328904400000010480000000,695,14850,0.0,0.0
50328904400000010500010000,613,14850,4631.0,0.035
50328904400000010180000000,613,14850,0.0,0.0
50328904400000010190000000,442,14850,10800.0,0.081
50328904400000010200030000,714,14850,30000.0,0.224
50328904400000010530020000,710,14850,0.0,0.0
50328904400000010530110000,710,14850,185000.0,1.382
50328952500000060030000000,842,14850,0.0,0.0
50328904200000010540010000,546,14850,16092.0,0.12
50328903700100060060060000,440,14850,2304.0,0.017
50328903700100060050000000,484,14850,13208.0,0.099
50328904200000010011300000,442,14850,6000.0,0.045
50328903700100060090000000,542,14850,94501.0,0.706
50328903700100060030050000,484,14850,1800.0,0.013
50328904200000010200000000,455,14850,4440.0,0.033
50328904400000010380010000,822,14850,0.0,0.0
50328904100000010110720000,590,14850,0.0,0.0
50328904000000030350020000,822,14850,0.0,0.0
50328904000000010100010000,620,14850,0.0,0.0
50328904000000010010220000,484,14850,8224.0,0.061
50328903700100060030340000,455,14850,3441.0,0.026
50328903700100090150000000,433,14850,1250.0,0.009
50328903600000010080010000,448,14850,0.0,0.0
50320104500100010550040000,613,14850,106323.0,0.794
50320104500100010530220000,844,14850,86397.0,0.645
50320104400100010530020000,438,14850,0.0,0.0
50320104500200010460210000,461,14850,20772.0,0.155
50320104500200010460130000,464,14850,10905.0,0.081
50320104500200010460140000,465,14850,7541.0,0.056
50320104500200011150000000,590,14850,0.0,0.0
50320104500200011160000000,590,14850,0.0,0.0
50320104500200011120000000,590,14850,0.0,0.0
50320104500200020270000000,650,14850,0.0,0.0
50320104600100071000000000,682,14850,0.0,0.0
50320104600100010060220000,712,14850,0.0,0.0
50320104500100010510130000,710,14850,73825.0,0.551
50320104600100010040020000,464,14850,17832.0,0.133
50320104600100010040030000,710,14850,26040.0,0.194
50320104500100010520060000,449,14850,23200.0,0.173
50320104400100010530110000,710,14850,59716.0,0.446
50320104500100010520040000,464,14850,17364.0,0.13
50320104400100010531220000,710,14850,221598.0,1.655
50320104500100010520320000,464,14850,14700.0,0.11
50320104500100010530210000,484,14850,4800.0,0.036
50320104500100010530030000,844,14850,0.0,0.0
50320104500100010530060000,844,14850,3600.0,0.027
50320104500100010520050000,652,14850,34924.0,0.261
50320104500100010530070000,844,14850,14560.0,0.109
50320104500100010550070000,822,14850,0.0,0.0
50320104500100010550030000,613,14850,38086.0,0.284
50320104500100010550060000,613,14850,0.0,0.0
50320104500100010530010000,534,14850,5700.0,0.043
50320104500100010530110000,844,14850,23400.0,0.175
50320104500100010530100000,464,14850,9000.0,0.067
50320104500100010530080000,844,14850,22500.0,0.168
50320104500100010550200000,464,14850,39748.0,0.297
50320104500100010550100000,613,14850,0.0,0.0
50320104500100010530090099,837,14850,0.0,0.0
50320104500100010530090000,662,14850,12608.0,0.094
50320104500100010550080000,464,14850,75906.0,0.567
50320104500100010550140000,613,14850,33460.0,0.25
50320104500100010550180000,464,14850,20820.0,0.155
50320104500100010550120000,464,14850,20000.0,0.149
50320104500100010550150000,613,14850,18160.0,0.136
50320104500100010550110000,464,14850,20576.0,0.154
50320104500100010550190000,414,14850,67180.0,0.502
50320104500100010550020000,613,14850,0.0,0.0
50320104500100010550130000,464,14850,24776.0,0.185
50320104500100010520210000,464,14850,22742.0,0.17
50320104500100010520220000,464,14850,40400.0,0.302
50320104500100010550170000,464,14850,18245.0,0.136
50320104500100010550090000,464,14850,11424.0,0.085
50320104500100010550220000,464,14850,33388.0,0.249
50320104500100010570030000,642,14850,33280.0,0.249
50320104500100010570040000,642,14850,9400.0,0.07
50320104500100010570060000,642,14850,12654.0,0.095
50320104500100010570520000,642,14850,9460.0,0.071
50320104500100010570510000,642,14850,13630.0,0.102
50320104500100010590010000,465,14850,16785.0,0.125
50320104500100010550210000,613,14850,35350.0,0.264
50320104600100060060210000,465,14850,7119.0,0.053
50320104600100060060110000,554,14850,702.0,0.005
50320104600100060060030000,590,14850,0.0,0.0
50320104600100060050410000,590,14850,0.0,0.0
50320104600100060050060000,452,14850,37473.0,0.28
50320104700100040110000000,462,14850,2728.0,0.02
50320104700100010200020000,415,14850,84169.0,0.629
50320104700100010210010000,454,14850,47963.0,0.358
50320104700100010210020000,452,14850,20740.0,0.155
50320104600100050040030000,426,14850,2610.0,0.019
50320104600100050040040000,415,14850,28496.0,0.213
50320104600100060020020000,462,14850,3304.0,0.025
50320104600100060040030000,462,14850,3668.0,0.027
50320104600100060030000000,882,14850,0.0,0.0
50320104600100060020320000,452,14850,158959.0,1.187
50320104600100060020010000,414,14850,80675.0,0.602
50320104600100060040010000,414,14850,70600.0,0.527
50320104600100060050120000,431,14850,19857.0,0.148
50320104600100060050110000,431,14850,25235.0,0.188
50320104600100010050020000,695,14850,0.0,0.0
50320104600100050040020000,452,14850,202602.0,1.513
50320104600100050040020099,837,14850,0.0,0.0
50320104600100010070000000,484,14850,6420.0,0.048
50320104700300030010010000,464,14850,3053.0,0.023
50320104700300050010020000,464,14850,1957.0,0.015
50320104700300050010010000,464,14850,4343.0,0.032
50320104700300040010020000,464,14850,1566.0,0.012
50320104700300040010010000,464,14850,2016.0,0.015
50320104700300040010030000,464,14850,2072.0,0.015
50320104700300020010010000,464,14850,1945.0,0.015
50320104700300020010030000,464,14850,1529.0,0.011
50320104700300020010020000,464,14850,2054.0,0.015
50320104700300010010000000,464,14850,6268.0,0.047
50320104700100030050000000,465,14850,6951.0,0.052
50320104700100010170050000,434,14850,3000.0,0.022
50320104700100030060000000,465,14850,1421.0,0.011
50320104700300030010030000,464,14850,1577.0,0.012
50320104700300030010040000,464,14850,1637.0,0.012
50320104600100050040010000,462,14850,2400.0,0.018
50320104700100030080010000,432,14850,1575.0,0.012
50320104700100010220050000,451,14850,21814.0,0.163
50320104700100010170070000,452,14850,37600.0,0.281
50320104700100010170120000,465,14850,5744.0,0.043
50320104700100010170110000,464,14850,2474.0,0.018
50320104700100010170820000,426,14850,4066.0,0.03
50320104700100010170820099,837,14850,0.0,0.0
50320104700100030010000000,464,14850,8700.0,0.065
50320104700100030040010000,465,14850,19312.0,0.144
50320104700100020170000000,472,14850,11632.0,0.087
50320104700100020190000000,464,14850,7496.0,0.056
50320104700100010170130000,421,14850,4194.0,0.031
50320104700100020160000000,465,14850,3196.0,0.024
50320104500200010460110000,822,14850,3928.0,0.029
50320104500200010460120000,652,14850,2712.0,0.02
50320104500200010460030000,464,14850,26829.0,0.2
50320104700100030040020000,620,14850,6600.0,0.049
50320104500200010460150000,464,14850,10929.0,0.082
50320104500200010460160000,464,14850,5688.0,0.042
50320104500200010460190000,465,14850,4137.0,0.031
50320104500200010460180000,612,14850,16298.0,0.122
50320104500200010460100000,651,14850,6844.0,0.051
50320104500200010460060000,464,14850,14601.0,0.109
50320104500200010460040000,465,14850,15058.0,0.112
50320104500200010460050000,465,14850,14200.0,0.106
50320104300100010430020000,465,14850,8190.0,0.061
50320104300100010430010000,465,14850,8005.0,0.06
50320104300100010410010000,472,14850,2145.0,0.016
50320104300100010440000000,464,14850,1644.0,0.012
50320104300100010460020000,465,14850,1752.0,0.013
50320104300100010450000000,485,14850,3900.0,0.029
50320104700100010170220000,453,14850,89664.0,0.67
50320104700100010170040000,662,14850,6432.0,0.048
50320104700100010170140000,421,14850,3792.0,0.028
50320104700100010170090000,543,14850,30200.0,0.226
50320104700100010240000000,453,14850,124650.0,0.931
50320104700100010220010000,464,14850,52443.0,0.392
50320104700100010220090000,451,14850,18344.0,0.137
50320104700100010220020000,451,14850,328538.0,2.454
50320104700100010220030000,464,14850,622822.0,4.651
50320104700100060590000000,590,14850,0.0,0.0
50320104700100060580020000,590,14850,0.0,0.0
50320104700100010220040000,512,14850,61815.0,0.462
50320104700100060570000000,591,14850,0.0,0.0
50320104700100010220060000,451,14850,81290.0,0.607
50320104800100020020080000,590,14850,0.0,0.0
50320104800100020110000000,620,14850,0.0,0.0
50320104300100010260130000,464,14850,4177.0,0.031
50320104200100010500230000,620,14850,2170.0,0.016
50320104300100010180000000,695,14850,0.0,0.0
50320104200100010500030000,822,14850,7616.0,0.057
50320152500000060010000000,842,14850,0.0,0.0
50320152500000060020000000,842,14850,0.0,0.0
50320104200100010370010000,822,14850,1440.0,0.011
50320104200100010070000000,557,14850,2155.0,0.016
50320104200100010280010000,424,14850,3952.0,0.03
50320104200100010280020000,424,14850,6488.0,0.048
50320104200100010530030000,464,14850,8872.0,0.066
50320104200100010530210000,620,14850,3708.0,0.028
50368901800000040110000000,682,14850,6318.0,0.047
50368901800000020010000000,581,14850,0.0,0.0
50368901800000040170220000,682,14850,0.0,0.0
50368901800000040180010000,682,14850,0.0,0.0
50368903000000030030020000,570,14850,7887.0,0.059
50368903000000020010000000,421,14850,2828.0,0.021
50368903200000020080220000,455,14850,5000.0,0.037
50368903300000050030040000,484,14850,10256.0,0.077
50368903300000050030030000,484,14850,2600.0,0.019
50368903300000050030020000,712,14850,19765.0,0.148
50368903300000010080120000,442,14850,14087.0,0.105
50368903300000050030010000,710,14850,5852.0,0.044
50368903300000010080020000,710,14850,25392.0,0.19
50368903300000010080140000,464,14850,11184.0,0.084
50368903300000010080110000,473,14850,180992.0,1.352
50368903300000030010030000,455,14850,7250.0,0.054
50368903300000040030060000,485,14850,15239.0,0.114
50368903300000020110000000,614,14850,41191.0,0.308
50368902700000020180110000,455,14850,3150.0,0.024
50368903300000020010020000,464,14850,4871.0,0.036
50368903400000030020010000,455,14850,3972.0,0.03
50368903400000010090000000,425,14850,3908.0,0.029
50368903400000010080140000,474,14850,0.0,0.0
50368903400000030110010000,442,14850,10500.0,0.078
50368903400000030270010000,862,14850,0.0,0.0
50368903400000010270000000,620,14850,6625.0,0.049
50368902600000010052220000,582,14850,952.0,0.007
50070003000000010010050000,613,14853,150015.0,0.601
50070003000000010010010000,650,14853,0.0,0.0
50070003100000010010060000,613,14853,37165.0,0.149
50070003100000010010010000,613,14853,338706.0,1.356
50070003100000010010090000,613,14853,0.0,0.0
50070003100000010010080000,613,14853,131532.0,0.527
50070003100000010010020000,613,14853,4087489.0,16.368
50220001800000010170110000,662,14867,5797.0,0.08
50220001800000010170120000,822,14867,0.0,0.0
50260001600000010220220000,510,14867,6336.0,0.087
50260001700000010050020000,421,14867,4352.0,0.06
50260001400000030060040000,682,14867,1680.0,0.023
50260001400000030060020000,582,14867,7568.0,0.104
50260001800000020130020000,557,14867,3138.0,0.043
50260001800000010060000000,449,14867,7448.0,0.102
50340003100000010340000000,873,14867,0.0,0.0
50340000800000010060000000,695,14867,0.0,0.0
50340003000000010150000000,485,14867,3216.0,0.044
50340003000000010050000000,695,14867,0.0,0.0
50340002300000010090020000,430,14867,2400.0,0.033
50340002200000010190000000,450,14867,8388.0,0.115
50340003200000010020110000,695,14867,528.0,0.007
50340003200000010040000099,833,14867,0.0,0.0
50340003200000010030010000,695,14867,0.0,0.0
50340002800000010150000000,695,14867,0.0,0.0
50340001100000010520020000,449,14867,2560.0,0.035
50340001100000010280010000,484,14867,1896.0,0.026
50340002100000010150040000,557,14867,3072.0,0.042
50340001000000010200000000,695,14867,0.0,0.0
50340001000000010220010000,425,14867,1843.0,0.025
50340001100000010280030000,442,14867,55252.0,0.758
50340001100000010260030000,720,14867,0.0,0.0
50340000700000010170000000,695,14867,0.0,0.0
50340000700000010050580000,440,14867,2392.0,0.033
50340000700000010053720000,440,14867,11064.0,0.152
50340000700000010190010000,845,14867,0.0,0.0
50340001100000010250010000,720,14867,0.0,0.0
50340001100000010020020000,836,14867,168.0,0.002
50340000600000010010140000,433,14867,2500.0,0.034
50340000600000010340210000,662,14867,0.0,0.0
50340001700000060070050000,662,14867,13888.0,0.191
50340001700000060070320000,446,14867,3300.0,0.045
50340001700000060050000000,651,14867,13646.0,0.187
50340001700000040010000000,484,14867,2084.0,0.029
50340001700000040060000000,652,14867,3840.0,0.053
50340001700000040050010000,590,14867,0.0,0.0
50340001700000040050020000,484,14867,3056.0,0.042
50340001700000040030000000,590,14867,0.0,0.0
50340001300000030130000000,534,14867,3640.0,0.05
50340001300000030140000000,481,14867,1620.0,0.022
50340001300000030150000000,481,14867,2866.0,0.039
50340001300000030170000000,611,14867,3900.0,0.054
50340001400000020060000000,462,14867,1735.0,0.024
50340001400000020120000000,653,14867,0.0,0.0
50340001400000020110000000,653,14867,0.0,0.0
50340001700000040070000000,695,14867,0.0,0.0
50340000600000010310410000,853,14867,0.0,0.0
50340001500000010040000000,681,14867,1816.0,0.025
50340001800000010010010000,872,14867,0.0,0.0
50340001400000010180010000,612,14867,2304.0,0.032
50340001300000040040000000,620,14867,7917.0,0.109
50340001300000040050000000,831,14867,0.0,0.0
50340001200000010040000000,612,14867,205970.0,2.826
50340001300000050010000000,436,14867,1680.0,0.023
50340001100000010170010000,485,14867,4200.0,0.058
50340001200000010020030000,633,14867,25812.0,0.354
50340001200000010160000000,873,14867,0.0,0.0
50340001100000010220000000,695,14867,0.0,0.0
50340001100000010431010000,620,14867,11682.0,0.16
50340001100000010150000000,455,14867,7860.0,0.108
50340001100000010230030000,822,14867,452.0,0.006
50340001100000010439110000,433,14867,4300.0,0.059
50340001100000010430020000,474,14867,0.0,0.0
50340001100000010430340000,484,14867,1182.0,0.016
50340001100000010450230000,590,14867,0.0,0.0
50340001900000010010000000,852,14867,0.0,0.0
50340000500000010200010000,853,14867,0.0,0.0
50340000600000010310340000,822,14867,400.0,0.005
50340000600000010200030000,486,14867,2366.0,0.032
50340000500000010200210000,822,14867,0.0,0.0
50340000400000010750230000,442,14867,800.0,0.011
50340052500000060010000000,842,14867,0.0,0.0
50340000500000010280000000,843,14867,0.0,0.0
50340002000000010300000000,695,14867,0.0,0.0
50340003400000010280220000,430,14867,6560.0,0.09
50340002700000010141310000,710,14867,48400.0,0.664
50340000400000010291360000,486,14867,4840.0,0.066
50340000400000010230220000,837,14867,0.0,0.0
50340000400000010291350000,464,14867,4624.0,0.063
50340000400000010230230000,441,14867,2016.0,0.028
50340000400000010190000000,455,14867,4560.0,0.063
50340000400000010160030000,485,14867,7680.0,0.105
50340000400000010291340000,442,14867,11000.0,0.151
50340000400000010290100000,442,14867,28704.0,0.394
50340000400000010792110000,442,14867,18200.0,0.25
50340000400000010390320000,450,14867,1960.0,0.027
50340000400000010611320000,433,14867,4800.0,0.066
50340000400000010530240000,422,14867,3816.0,0.052
50340000600000010180000000,484,14867,5200.0,0.071
50340000300000010422550000,877,14867,0.0,0.0
50340000400000010100000000,440,14867,4865.0,0.067
50340000400000010120110000,851,14867,25830.0,0.354
50340000300000010422540000,877,14867,0.0,0.0
50340000300000010260120000,878,14867,0.0,0.0
50340000300000010260110000,878,14867,0.0,0.0
50340000300000010211390000,440,14867,0.0,0.0
50340000300000010260130000,877,14867,0.0,0.0
50340000200000010510000000,695,14867,1200.0,0.016
50340000200000010400000000,620,14867,2400.0,0.033
50340000200000010630210000,455,14867,3740.0,0.051
50340000100000010160020099,837,14867,0.0,0.0
50340000100000010040000994,837,14867,0.0,0.0
50340000100000010040000993,837,14867,0.0,0.0
50340000100000010040000991,837,14867,1536.0,0.021
50340000100000010040000992,837,14867,0.0,0.0
50200000200000010030060000,484,14881,4000.0,0.121
50200000200000010030010000,633,14881,19840.0,0.599
50200000200000010040150000,486,14881,4936.0,0.149
50200000300000020020000000,464,14881,392.0,0.012
50200000300000020060000000,620,14881,2796.0,0.084
50200000300000030060000000,662,14881,6975.0,0.211
50200000300000010020000000,652,14881,7100.0,0.214
50200000100000010580000000,695,14881,0.0,0.0
50200000900000010230000000,612,14881,53288.0,1.609
50328952500000060020000000,842,14882,0.0,0.0
50328903000000010160250000,441,14882,5600.0,0.028
50328903000000010160120099,837,14882,0.0,0.0
50328903000000010160120000,652,14882,42432.0,0.211
50328903000000010160240000,454,14882,15060.0,0.075
50328903000000010160040000,432,14882,3600.0,0.018
50328903700100030010220000,464,14882,16300.0,0.081
50328903100000070030000000,421,14882,3264.0,0.016
50328903700100020210000000,484,14882,3792.0,0.019
50328903700100020230010000,485,14882,7000.0,0.035
50328903700100030180020000,456,14882,9600.0,0.048
50328903700100030180010000,462,14882,3336.0,0.017
50328903700100020532210000,710,14882,30526.0,0.152
50328903700100020532110000,456,14882,9100.0,0.045
50328903700100080020000000,442,14882,8700.0,0.043
50328903700100080010000000,442,14882,2600.0,0.013
50328903700100010120000000,422,14882,2403.0,0.012
50328903700100080030010000,485,14882,11505.0,0.057
50328903700100050230110000,485,14882,6575.0,0.033
50328903700100080040010000,436,14882,2920.0,0.015
50328903700100070060000000,457,14882,4212.0,0.021
50328903700100050090000000,620,14882,4824.0,0.024
50328903700100040050000000,695,14882,0.0,0.0
50328903600000010090020000,720,14882,267351.0,1.328
50328903500000030020010000,433,14882,12784.0,0.064
50328903500000030160000000,720,14882,432.0,0.002
50328903500000030010020000,720,14882,0.0,0.0
50328903100000060070000000,486,14882,2400.0,0.012
50328903500000020080020000,662,14882,29722.0,0.148
50328903100000060100000000,485,14882,6536.0,0.032
50328903700100020500000000,433,14882,3572.0,0.018
50328903700100020530030000,557,14882,192.0,0.001
50328903700100020530040000,431,14882,5540.0,0.028
50328903700100020520000000,485,14882,3028.0,0.015
50328903700100020510000000,633,14882,36468.0,0.181
50328903700100020530230000,620,14882,8860.0,0.044
50328903700100020090000000,591,14882,0.0,0.0
50328903700100020080020000,652,14882,13666.0,0.068
50328903700100020530010000,620,14882,0.0,0.0
50328903700100020460000000,620,14882,5376.0,0.027
50328903700100020010000000,484,14882,1440.0,0.007
50328903700100020020000000,421,14882,8856.0,0.044
50328903700100020040000000,484,14882,1452.0,0.007
50328903700100020080010000,652,14882,2552.0,0.013
50328903100000050130000000,471,14882,3921.0,0.019
50328903100000050090000000,483,14882,3110.0,0.015
50328903100000010160060000,421,14882,4600.0,0.023
50328903700100020190000000,430,14882,6600.0,0.033
50328903100000070010000000,433,14882,2830.0,0.014
50328903100000070020000000,872,14882,0.0,0.0
50328903100000010180000000,440,14882,3156.0,0.016
50328903100000010140020000,670,14882,52670.0,0.262
50328903500000020020020000,710,14882,18777.0,0.093
50328902600000100080000000,590,14882,0.0,0.0
50328902700000010380000000,822,14882,0.0,0.0
50328903200000010080240000,590,14882,0.0,0.0
50328903200000010190000000,612,14882,164725.0,0.818
50328903200000010560000000,474,14882,0.0,0.0
50328903200000010180000000,620,14882,14340.0,0.071
50328903200000010530000000,484,14882,2320.0,0.012
50328903200000010200000000,612,14882,1576.0,0.008
50328903200000010500000000,831,14882,0.0,0.0
50328903200000010520000000,612,14882,6588.0,0.033
50328903200000010280000000,612,14882,51077.0,0.254
50328903200000010460000000,620,14882,15790.0,0.078
50328903300000010170000000,620,14882,950.0,0.005
50328903200000010390000000,872,14882,0.0,0.0
50328903300000010040020000,650,14882,0.0,0.0
50328903300000010740000000,582,14882,2500.0,0.012
50328903300000010670000000,570,14882,3424.0,0.017
50328903600000010010010000,872,14882,0.0,0.0
50328903600000010010000000,720,14882,111283.0,0.553
50328903200000010030000000,449,14882,70626.0,0.351
50328902600000050200000000,695,14882,0.0,0.0
50328902200000010290040000,695,14882,0.0,0.0
50328902600000070090000000,590,14882,0.0,0.0
50328902600000070010000000,557,14882,2436.0,0.012
50328902200000010090000000,433,14882,2192.0,0.011
50328901600000010220010000,695,14882,0.0,0.0
50328901600000010510010099,833,14882,286.0,0.001
50328902200000010200000000,695,14882,0.0,0.0
50328902300000010060020000,720,14882,15600.0,0.078
50328902300000010180410000,440,14882,8400.0,0.042
50328901600000010420020000,425,14882,2710.0,0.013
50328901600000010402260000,456,14882,10640.0,0.053
50328901500000010300020000,484,14882,1500.0,0.007
50328901600000010330010000,695,14882,0.0,0.0
50328901600000010530000000,822,14882,0.0,0.0
50328901600000010100010000,878,14882,0.0,0.0
50328901500000010110130000,440,14882,7150.0,0.036
50328901500000010120010000,662,14882,6244.0,0.031
50328902300000010230020000,613,14882,1400.0,0.007
50328901100000010030230000,872,14882,0.0,0.0
50328901100000010032110000,875,14882,0.0,0.0
50328901200000010160020000,720,14882,384.0,0.002
50328901000000010140010000,695,14882,0.0,0.0
50328901200000010180050000,424,14882,6696.0,0.033
50328900200000010160000000,695,14882,0.0,0.0
50328900200000010110000000,484,14882,5000.0,0.025
50328900100000010150010000,695,14882,0.0,0.0
50328900400000010040020000,720,14882,0.0,0.0
50328900300000010220000000,695,14882,0.0,0.0
50328900900000010190010000,695,14882,0.0,0.0
50328900900000010170000000,695,14882,0.0,0.0
50328900900000010060010000,695,14882,0.0,0.0
50328900900000010560000000,650,14882,0.0,0.0
50328902800000010280370000,442,14882,9250.0,0.046
50328902800000010280360000,440,14882,4000.0,0.02
50328902800000010300000000,695,14882,0.0,0.0
50328903100000010130000000,670,14882,108331.0,0.538
50328903000000010160310000,449,14882,24000.0,0.119
50328903000000010160320000,449,14882,40584.0,0.202
50328903000000010230000000,440,14882,7600.0,0.038
50220052500000060010000000,842,14883,0.0,0.0
50220001600000010070010000,593,14883,0.0,0.0
50220001700000010280000000,695,14883,0.0,0.0
50220001600000010180010000,620,14883,17072.0,0.278
50220001700000010500000000,485,14883,0.0,0.0
50220001700000010470000000,695,14883,0.0,0.0
50220002700000010340050000,852,14883,0.0,0.0
50220002600000010170010000,852,14883,0.0,0.0
50220002600000010260010000,852,14883,0.0,0.0
50220003100000010090220000,614,14883,2852.0,0.046
50220002900000010040220000,455,14883,16680.0,0.272
50220002800000010210000000,695,14883,0.0,0.0
50220002800000010200000000,695,14883,0.0,0.0
50220052500000060020000000,842,14883,0.0,0.0
50220001000000010390000000,651,14883,0.0,0.0
50220001000000010380000000,695,14883,0.0,0.0
50220001000000010570320000,544,14883,0.0,0.0
50220000900000010110430000,433,14883,3152.0,0.051
50220000900000010090120000,464,14883,21615.0,0.352
50340002600000010100010000,837,14883,0.0,0.0
50260000200000010080340000,837,14886,0.0,0.0
50260000600000020140000000,852,14886,0.0,0.0
50260000100000030100030000,443,14886,6876.0,0.131
50360100300000010060000000,440,14886,1980.0,0.038
50360100300000020080000000,872,14886,0.0,0.0
50360100300000010030020000,464,14886,2880.0,0.055
50360101000000010040000000,612,14886,0.0,0.0
50360101000000010110020000,612,14886,246015.0,4.698
50360100500000010170000000,444,14886,4890.0,0.093
50360100500000010540000000,534,14886,14538.0,0.278
50360100500000010490020000,483,14886,0.0,0.0
50360100500000010510000000,620,14886,7960.0,0.152
50360100600000030010020000,620,14886,5346.0,0.102
50360100600000020080010000,611,14886,7232.0,0.138
50360100600000020130000000,620,14886,3112.0,0.059
50360100600000020030000000,652,14886,3701.0,0.071
50360100600000020040000000,483,14886,2152.0,0.041
50360100600000020020000000,620,14886,2453.0,0.047
50360100600000010080000000,436,14886,572.0,0.011
50360100600000010200000000,438,14886,0.0,0.0
50360100600000010250000000,457,14886,2564.0,0.049
50360100600000010240000000,652,14886,3564.0,0.068
50360100600000010260000000,440,14886,3600.0,0.069
50360100600000010210000000,438,14886,0.0,0.0
50360100600000010230000000,483,14886,2184.0,0.042
50360100600000020010020000,438,14886,0.0,0.0
50360100600000020010010000,465,14886,3420.0,0.065
50360100500000010590020000,483,14886,2884.0,0.055
50360100500000010670000000,483,14886,2332.0,0.045
50360100500000010660000000,483,14886,4516.0,0.086
50360100200000050040000000,681,14886,5549.0,0.106
50360100200000050060000000,836,14886,0.0,0.0
50360100200000050050000000,836,14886,0.0,0.0
50360100500000010010000000,484,14886,4690.0,0.09
50360100500000010680000000,481,14886,4514.0,0.086
50360100500000010700000000,481,14886,1184.0,0.023
50360100600000010190000000,484,14886,2335.0,0.045
50360100600000010180000000,481,14886,2082.0,0.04
50360100600000010150000000,483,14886,8775.0,0.168
50360100600000010170000000,483,14886,7020.0,0.134
50360100600000010120000000,483,14886,4992.0,0.095
50360100600000010140000000,483,14886,4154.0,0.079
50360100600000010130000000,483,14886,15404.0,0.294
50360100600000010110000000,483,14886,4992.0,0.095
50360100600000010100000000,482,14886,2480.0,0.047
50360100200000050140000000,464,14886,3442.0,0.066
50360100200000050090000000,461,14886,4384.0,0.084
50360100500000010580020000,483,14886,7648.0,0.146
50360100500000010570000000,481,14886,3264.0,0.062
50360100500000010560000000,481,14886,2880.0,0.055
50360100500000010710000000,534,14886,1920.0,0.037
50360100500000010550000000,481,14886,3600.0,0.069
50360100100000010120000000,620,14886,6582.0,0.126
50360100100000010130000000,662,14886,7569.0,0.145
50360100100000010110000000,438,14886,0.0,0.0
50360100100000050070000000,485,14886,3980.0,0.076
50360100600000010050010000,457,14886,11222.0,0.214
50360100600000010010000000,484,14886,5033.0,0.096
50360100700000020020000000,590,14886,0.0,0.0
50360100100000050010000000,590,14886,0.0,0.0
50360100700000020030000000,590,14886,0.0,0.0
50360100700000030010000000,590,14886,0.0,0.0
50360100700000010150000000,822,14886,667.0,0.013
50360100600000010280010000,633,14886,41808.0,0.798
50360100600000010050020000,485,14886,14840.0,0.283
50360100600000010070000000,436,14886,1352.0,0.026
50360100600000010360020000,633,14886,21948.0,0.419
50360100800000050020000000,695,14886,0.0,0.0
50360100800000020210000000,590,14886,0.0,0.0
50360100800000020200000000,822,14886,0.0,0.0
50360100800000040010320000,552,14886,2880.0,0.055
50360100900000010020070000,612,14886,4200.0,0.08
50360100600000050110000000,438,14886,0.0,0.0
50360100600000040070000000,471,14886,4299.0,0.082
50360101000000010110010000,615,14886,5720.0,0.109
50360101000000010070000000,486,14886,3960.0,0.076
50360101000000010080000000,421,14886,3298.0,0.063
50360101000000010090000000,531,14886,0.0,0.0
50360101000000020040020000,485,14886,2236.0,0.043
50360101000000020040010000,457,14886,552.0,0.011
50360100400000030080000000,433,14886,930.0,0.018
50360100400000020040000000,695,14886,0.0,0.0
50360100400000030050000000,853,14886,800.0,0.015
50360100300000020030000000,483,14886,6224.0,0.119
50368902600000020130010000,484,14886,21758.0,0.415
50368901100000020280000000,557,14886,2080.0,0.04
50368901100000030010000000,441,14886,5038.0,0.096
50368901100000020060020000,484,14886,620.0,0.012
50368901100000040050000000,695,14886,0.0,0.0
50368901200000010010020000,552,14886,0.0,0.0
50368901200000020090040000,620,14886,3960.0,0.076
50368901200000030150000000,612,14886,0.0,0.0
50368901200000010050000000,852,14886,0.0,0.0
50368902200000010050030000,464,14886,5454.0,0.104
50368902200000020040000000,642,14886,20085.0,0.384
50368902200000040180000000,845,14886,0.0,0.0
50368902300000010180000000,692,14886,0.0,0.0
50368902300000020040000000,433,14886,3780.0,0.072
50368902200000040120000000,695,14886,0.0,0.0
50368902200000040090000000,845,14886,0.0,0.0
50368902200000050040000000,433,14886,6372.0,0.122
50368902300000040040000000,695,14886,0.0,0.0
50368902500000020010040000,485,14886,9834.0,0.188
50368902500000020010520000,455,14886,1728.0,0.033
50368902500000020010060000,485,14886,3200.0,0.061
50368902500000030010000000,620,14886,7540.0,0.144
50368902500000060070000000,593,14886,0.0,0.0
50368902500000060100020000,484,14886,3228.0,0.062
50368902400000020050210099,837,14886,0.0,0.0
50368902400000030090000000,620,14886,1008.0,0.019
50368902400000030070000000,695,14886,0.0,0.0
50368902500000060200000000,633,14886,2082.0,0.04
50368902500000030090000000,484,14886,1400.0,0.027
50368902000000010060010000,531,14886,0.0,0.0
50368902000000030090210000,612,14886,11628.0,0.222
50368902000000030090220000,440,14886,6288.0,0.12
50368902000000030090230000,612,14886,6600.0,0.126
50368902000000020020020000,444,14886,10140.0,0.194
50368902000000030010000000,449,14886,2240.0,0.043
50368901200000040150230000,449,14886,9216.0,0.176
50368901300000030030010000,431,14886,25960.0,0.496
50368901200000030210010000,423,14886,784.0,0.015
50368901200000030170000000,531,14886,900.0,0.017
50368901200000030210020000,442,14886,4000.0,0.076
50368901200000030190000000,472,14886,1300.0,0.025
50368901200000030180020000,446,14886,12720.0,0.243
50368901200000030180010000,456,14886,12075.0,0.231
50368901300000030020010000,454,14886,47126.0,0.9
50368901300000040020040000,443,14886,35323.0,0.675
50368901300000050170000000,449,14886,3528.0,0.067
50368901300000020140000000,695,14886,0.0,0.0
50368901400000030180020000,414,14886,7780.0,0.149
50368901400000030180010000,414,14886,3859.0,0.074
50368901400000010130000000,695,14886,0.0,0.0
50368901400000010110000000,414,14886,9461.0,0.181
