site_type,site_id,name,lat,lon,ports_2026,ports_scaled,annual_kwh,peak_kw,kwh_per_port_day
public_l2,afdc_114957,La Tourelle Hotel & Spa - Tesla Destination,42.402,-76.503,2.0,22.231,45817.07,28.671,5.647
public_l2,afdc_114959,William Henry Miller Inn - Tesla Destination,42.442,-76.495,1.0,11.115,22908.535,14.336,5.647
public_l2,afdc_117739,Maguire Chevrolet,42.481,-76.478,2.0,22.231,45817.07,28.671,5.647
public_l2,afdc_123135,Allan H. Treman State Park,42.458,-76.52,4.0,44.461,91634.141,57.343,5.647
public_l2,afdc_123137,Cayuga Heights,42.469,-76.479,2.0,22.231,45817.07,28.671,5.647
public_l2,afdc_162227,NORTH WOOD STATION 1,42.487,-76.471,2.0,22.231,45817.07,28.671,5.647
public_l2,afdc_162263,ITHACA VISITORS COLLEGE CIRCLE,42.412,-76.501,2.0,22.231,45817.07,28.671,5.647
public_l2,afdc_162290,HOLT1 HOLT,42.439,-76.51,2.0,22.231,45817.07,28.671,5.647
public_l2,afdc_162296,CITY OF ITHACA DRYDEN,42.442,-76.486,2.0,22.231,45817.07,28.671,5.647
public_l2,afdc_162304,INHS 210 HANCOCK,42.448,-76.503,2.0,22.231,45817.07,28.671,5.647
public_l2,afdc_162307,CITY OF ITHACA SENECA STREET,42.44,-76.496,2.0,22.231,45817.07,28.671,5.647
public_l2,afdc_162315,ITHACA VISITORS ITHACA COLLEGE,42.421,-76.5,2.0,22.231,45817.07,28.671,5.647
public_l2,afdc_162323,CAYUGA STATION ALL PRO GARAGE,42.437,-76.499,2.0,22.231,45817.07,28.671,5.647
public_l2,afdc_162327,ULYSSES TOWN ULYSSES,42.541,-76.661,2.0,22.231,45817.07,28.671,5.647
public_l2,afdc_164859,DRYDEN STATION 1,42.492,-76.287,2.0,22.231,45817.07,28.671,5.647
public_l2,afdc_165558,CCE TOMPKINS STATION ONE,42.451,-76.503,2.0,22.231,45817.07,28.671,5.647
public_l2,afdc_182683,SCIENCENTER SCIENCENTER,42.45,-76.504,2.0,22.231,45817.07,28.671,5.647
public_l2,afdc_186535,CAYUGA MED CTR. CAYUGA MEDICAL,42.469,-76.538,2.0,22.231,45817.07,28.671,5.647
public_l2,afdc_191606,THE MEADOWS STATION 01,42.484,-76.482,2.0,22.231,45817.07,28.671,5.647
public_l2,afdc_226519,BJ'S Wholesale Shopping Club,42.486,-76.493,2.0,22.231,45817.07,28.671,5.647
public_l2,afdc_226520,The Dorm Hotel,42.444,-76.49,1.0,11.115,22908.535,14.336,5.647
public_l2,afdc_226521,Maguire Honda of Ithaca,42.426,-76.509,1.0,11.115,22908.535,14.336,5.647
public_l2,afdc_226539,Inn at Taughannock Falls - Tesla Destination,42.545,-76.598,2.0,22.231,45817.07,28.671,5.647
public_l2,afdc_227121,CORNELL STATION4,42.445,-76.481,2.0,22.231,45817.07,28.671,5.647
public_l2,afdc_229267,CORNELL STATION6,42.445,-76.481,2.0,22.231,45817.07,28.671,5.647
public_l2,afdc_229268,CORNELL STATION2,42.45,-76.479,2.0,22.231,45817.07,28.671,5.647
public_l2,afdc_229269,CORNELL STATION1,42.45,-76.478,2.0,22.231,45817.07,28.671,5.647
public_l2,afdc_229400,CORNELL STATION3,42.443,-76.479,2.0,22.231,45817.07,28.671,5.647
public_l2,afdc_229476,CORNELL STATION5,42.45,-76.479,2.0,22.231,45817.07,28.671,5.647
public_l2,afdc_230851,Village of Dryden,42.49,-76.298,2.0,22.231,45817.07,28.671,5.647
public_l2,afdc_256948,MAGUIRE IMPORTS VOLKS CLIENT,42.422,-76.517,2.0,22.231,45817.07,28.671,5.647
public_l2,afdc_302246,CORNELL CORNELLSTATION7,42.443,-76.48,2.0,22.231,45817.07,28.671,5.647
public_l2,afdc_311780,ITHACAN B,42.439,-76.496,2.0,22.231,45817.07,28.671,5.647
public_l2,afdc_311781,ITHACAN A,42.439,-76.496,2.0,22.231,45817.07,28.671,5.647
public_l2,afdc_311782,ITHACAN C,42.439,-76.496,2.0,22.231,45817.07,28.671,5.647
public_l2,afdc_311783,ITHACAN D,42.439,-76.496,2.0,22.231,45817.07,28.671,5.647
public_l2,afdc_324859,Spruce Row Campground & RV Park,42.516,-76.587,4.0,44.461,91634.141,57.343,5.647
public_l2,afdc_326300,CORNELL STATION10,42.436,-76.455,2.0,22.231,45817.07,28.671,5.647
public_l2,afdc_326305,CORNELL STATION11,42.436,-76.455,2.0,22.231,45817.07,28.671,5.647
public_l2,afdc_326306,CORNELL STATION12,42.436,-76.455,2.0,22.231,45817.07,28.671,5.647
public_l2,afdc_326447,CORNELL STATION8,42.444,-76.484,2.0,22.231,45817.07,28.671,5.647
public_l2,afdc_326448,CORNELL STATION9,42.444,-76.484,2.0,22.231,45817.07,28.671,5.647
public_l2,afdc_333805,Holiday Inn Express Ithaca,42.421,-76.518,4.0,44.461,91634.141,57.343,5.647
public_l2,afdc_333826,Ithaca Bakery,42.443,-76.509,6.0,66.692,137451.211,86.014,5.647
public_l2,afdc_334127,Kendal at Ithaca 3,42.474,-76.488,2.0,22.231,45817.07,28.671,5.647
public_l2,afdc_334240,Rodeway Inn & Suites,42.41,-76.54,4.0,44.461,91634.141,57.343,5.647
public_l2,afdc_341691,SWTCH Energy Inc.,42.437,-76.46,4.0,44.461,91634.141,57.343,5.647
public_l2,afdc_341704,SWTCH Energy Inc.,42.439,-76.46,4.0,44.461,91634.141,57.343,5.647
public_l2,afdc_341740,SWTCH Energy Inc.,42.538,-76.654,2.0,22.231,45817.07,28.671,5.647
public_l2,afdc_341778,SWTCH Energy Inc.,42.501,-76.311,2.0,22.231,45817.07,28.671,5.647
public_l2,afdc_347356,Kendal at Ithaca 2 (North Lot),42.476,-76.486,4.0,44.461,91634.141,57.343,5.647
public_l2,afdc_347357,Kendal at Ithaca 1 (South Lot),42.475,-76.485,4.0,44.461,91634.141,57.343,5.647
public_l2,afdc_347365,Best Western University Inn,42.439,-76.462,8.0,88.923,183268.281,114.685,5.647
public_l2,afdc_347945,Fairview Apartments East,42.44,-76.476,12.0,133.384,274902.422,172.028,5.647
public_l2,afdc_347946,Fairview Apartments West,42.44,-76.476,8.0,88.923,183268.281,114.685,5.647
public_l2,afdc_350529,GREENSTARCOOPER GREENSTAR 1,42.445,-76.51,2.0,22.231,45817.07,28.671,5.647
public_l2,afdc_360737,Ithaca College - Farm Pond Road - North Row,42.428,-76.496,12.0,133.384,274902.422,172.028,5.647
public_l2,afdc_360738,Ithaca College -  Terrace Hall,42.417,-76.498,2.0,22.231,45817.07,28.671,5.647
public_l2,afdc_360739,Ithaca College - Farm Pond Road - South Row,42.427,-76.496,14.0,155.615,320719.492,200.699,5.647
public_l2,afdc_372446,GREENSTARCOOPER GREENSTAR 2,42.445,-76.51,2.0,22.231,45817.07,28.671,5.647
public_l2,afdc_376246,Northside Apartments Site 1,42.445,-76.506,2.0,22.231,45817.07,28.671,5.647
public_l2,afdc_376247,Northside Apartments Site 2,42.445,-76.506,2.0,22.231,45817.07,28.671,5.647
public_l2,afdc_384284,INHS VILLAGE GROVE 6,42.536,-76.661,1.0,11.115,22908.535,14.336,5.647
public_l2,afdc_384285,INHS VILLAGE GROVE 3,42.536,-76.661,1.0,11.115,22908.535,14.336,5.647
public_l2,afdc_384286,INHS VILLAGE GROVE 2,42.536,-76.661,1.0,11.115,22908.535,14.336,5.647
public_l2,afdc_384287,INHS VILLAGE GROVE 5,42.536,-76.661,1.0,11.115,22908.535,14.336,5.647
public_l2,afdc_384288,INHS VILLAGE GROVE 4,42.536,-76.661,1.0,11.115,22908.535,14.336,5.647
public_l2,afdc_384289,INHS VILLAGE GROVE 1,42.536,-76.661,1.0,11.115,22908.535,14.336,5.647
public_l2,afdc_420749,ORLY ITHACA 1,42.432,-76.51,1.0,11.115,22908.535,14.336,5.647
public_l2,afdc_420750,ORLY ITHACA 3,42.432,-76.51,1.0,11.115,22908.535,14.336,5.647
public_l2,afdc_429747,Chrysler L2s,42.428,-76.51,2.0,22.231,45817.07,28.671,5.647
public_l2,afdc_439836,Springwater Inn,42.459,-76.428,4.0,44.461,91634.141,57.343,5.647
public_l2,afdc_447078,Village Hall,42.541,-76.661,2.0,22.231,45817.07,28.671,5.647
public_l2,afdc_452497,308 Main Street,42.586,-76.366,2.0,22.231,45817.07,28.671,5.647
public_l2,afdc_455979,Honda L2's,42.427,-76.51,1.0,11.115,22908.535,14.336,5.647
public_l2,afdc_455980,Imports L2s,42.423,-76.518,1.0,11.115,22908.535,14.336,5.647
public_l2,afdc_455983,Ford Ithaca L2s,42.435,-76.509,4.0,44.461,91634.141,57.343,5.647
public_l2,afdc_456594,HOUSE OF ALPHA STATION 1,42.456,-76.487,2.0,22.231,45817.07,28.671,5.647
public_l2,afdc_456595,HOUSE OF ALPHA STATION 2,42.456,-76.487,2.0,22.231,45817.07,28.671,5.647
public_l2,afdc_458593,ORLY ITHACA 2,42.432,-76.51,1.0,11.115,22908.535,14.336,5.647
public_l2,afdc_458594,ORLY ITHACA 4,42.432,-76.51,1.0,11.115,22908.535,14.336,5.647
public_l2,afdc_460294,FERGUSON ELEC AURORA 2,42.447,-76.509,2.0,22.231,45817.07,28.671,5.647
public_l2,afdc_460295,FERGUSON ELEC AURORA 5,42.447,-76.509,2.0,22.231,45817.07,28.671,5.647
public_l2,afdc_460296,FERGUSON ELEC AURORA 4,42.447,-76.509,2.0,22.231,45817.07,28.671,5.647
public_l2,afdc_460298,FERGUSON ELEC AURORA 1,42.447,-76.509,2.0,22.231,45817.07,28.671,5.647
public_l2,afdc_460299,FERGUSON ELEC AURORA 6,42.447,-76.509,2.0,22.231,45817.07,28.671,5.647
public_l2,afdc_462029,GT-Dryden Mutual Insurance,42.5,-76.3,6.0,66.692,137451.211,86.014,5.647
public_l2,afdc_467971,Parking Lot,42.541,-76.66,2.0,22.231,45817.07,28.671,5.647
public_l2,afdc_467972,Parking Lot,42.542,-76.666,2.0,22.231,45817.07,28.671,5.647
public_l2,afdc_468044,Parking Lot,42.436,-76.465,2.0,22.231,45817.07,28.671,5.647
dcfc,afdc_117739,Maguire Chevrolet,42.481,-76.478,1.0,11.115,877590.335,1195.763,216.309
dcfc,afdc_149318,"Ithaca, NY - Tesla Supercharger",42.429,-76.509,8.0,88.923,7020722.681,9566.104,216.309
dcfc,afdc_333805,Holiday Inn Express Ithaca,42.421,-76.518,8.0,88.923,7020722.681,9566.104,216.309
dcfc,afdc_398514,Ithaca College - Athletic Center,42.422,-76.49,4.0,44.461,3510361.341,4783.052,216.309
dcfc,afdc_440986,Chrysler L3s,42.428,-76.51,2.0,22.231,1755180.67,2391.526,216.309
dcfc,afdc_447078,Village Hall,42.541,-76.661,2.0,22.231,1755180.67,2391.526,216.309
dcfc,afdc_449494,Parking Lot DCFC,42.542,-76.666,2.0,22.231,1755180.67,2391.526,216.309
dcfc,afdc_455981,Chevrolet Cadillac L3s,42.481,-76.478,3.0,33.346,2632771.006,3587.289,216.309
dcfc,afdc_455982,Ford Ithaca L3s,42.435,-76.509,4.0,44.461,3510361.341,4783.052,216.309
dcfc,afdc_455985,Chevy of Trumansburg L3's,42.533,-76.639,2.0,22.231,1755180.67,2391.526,216.309
dcfc,afdc_459357,Parking Lot DCFC,42.541,-76.66,2.0,22.231,1755180.67,2391.526,216.309
dcfc,afdc_463625,Ithaca Ford,42.435,-76.509,2.0,22.231,1755180.67,2391.526,216.309
workplace_listed,afdc_44339,Maguire Family of Dealerships,42.435,-76.509,1.0,,266973.033,261.291,
workplace_listed,afdc_157971,Maguire Family of Dealerships,42.423,-76.519,0.0,,0.0,0.0,
workplace_listed,afdc_168427,Village of Dryden,42.485,-76.297,2.0,,533946.067,522.582,
workplace_listed,afdc_168458,Tompkins-Seneca-Tioga BOCES,42.476,-76.464,4.0,,1067892.133,1045.164,
workplace_listed,afdc_303228,Swtch Energy,42.501,-76.31,2.0,,533946.067,522.582,
workplace_listed,chargeready_56A260F38E53CE12C012D52A07908D7966D69E4F5ECBF7043EB7681EEBF1A5E2,Dryden Mutual Insurance Company,,,6.0,,1601838.2,1567.746,
workplace_listed,chargeready_FE9A4C96FFF5CD08C8B5BD7CCC15E73D25CA8C3C1ECA4AA6B308C63B6D0B77BE,TST BOCES Ithaca,,,4.0,,1067892.133,1045.164,
workplace_listed,chargeready_498FEA00DD2D4B8B227D6D6A6B07F9F52AFE255CB81F23F2E051B39205B0D39F,Cornell Cooperative Extension Association of Tompkins County,,,2.0,,533946.067,522.582,
workplace_unlisted_parcel,parcel_50200000900000010230000000,612,42.393,-76.371,,,10024.565,9.811,
workplace_unlisted_parcel,parcel_50200000900000010070040000,442,42.395,-76.401,,,3837.658,3.756,
workplace_unlisted_parcel,parcel_50200003100000010010050000,670,42.327,-76.319,,,11155.546,10.918,
workplace_unlisted_parcel,parcel_50300101400000060010000000,613,42.458,-76.484,,,4803.093,4.701,
workplace_unlisted_parcel,parcel_50300101400000040020020000,613,42.459,-76.479,,,18003.885,17.621,
workplace_unlisted_parcel,parcel_50300100900000060010000000,612,42.466,-76.489,,,9259.856,9.063,
workplace_unlisted_parcel,parcel_50300101000000040010020000,452,42.469,-76.48,,,9687.265,9.481,
workplace_unlisted_parcel,parcel_50300101000000040010020002,465,42.469,-76.48,,,5304.998,5.192,
workplace_unlisted_parcel,parcel_50300100500000030180010000,464,42.47,-76.478,,,4136.206,4.048,
workplace_unlisted_parcel,parcel_50300100300000010010000000,633,42.475,-76.486,,,68499.943,67.042,
workplace_unlisted_parcel,parcel_50220000900000010090120000,464,42.358,-76.512,,,4066.225,3.98,
workplace_unlisted_parcel,parcel_50220001000000010050000000,614,42.359,-76.49,,,4638.299,4.54,
workplace_unlisted_parcel,parcel_50220000200000010350110000,442,42.384,-76.492,,,5416.742,5.301,
workplace_unlisted_parcel,parcel_50220000100000010250010000,710,42.381,-76.51,,,13809.174,13.515,
workplace_unlisted_parcel,parcel_50248907300000020040020000,714,42.403,-76.422,,,4524.11,4.428,
workplace_unlisted_parcel,parcel_50248905400000010090050000,440,42.461,-76.421,,,3948.273,3.864,
workplace_unlisted_parcel,parcel_50248905200000010040320000,710,42.471,-76.41,,,38381.85,37.565,
workplace_unlisted_parcel,parcel_50248905200000010041110000,440,42.472,-76.408,,,6251.244,6.118,
workplace_unlisted_parcel,parcel_50248905200000010080050000,442,42.472,-76.403,,,7719.337,7.555,
workplace_unlisted_parcel,parcel_50248905200000010080020000,442,42.471,-76.401,,,9029.784,8.838,
workplace_unlisted_parcel,parcel_50248904200000010350020000,442,42.473,-76.424,,,8092.944,7.921,
workplace_unlisted_parcel,parcel_50248904200000010350030000,440,42.474,-76.425,,,4608.952,4.511,
workplace_unlisted_parcel,parcel_50248904200000010310060000,710,42.474,-76.428,,,9126.854,8.933,
workplace_unlisted_parcel,parcel_50248904200000010310030000,661,42.475,-76.428,,,5928.053,5.802,
workplace_unlisted_parcel,parcel_50248904300000010290060000,440,42.475,-76.433,,,3809.44,3.728,
workplace_unlisted_parcel,parcel_50248904300000010330020000,642,42.477,-76.432,,,4703.201,4.603,
workplace_unlisted_parcel,parcel_50248904300000010331210000,442,42.477,-76.435,,,12359.517,12.096,
workplace_unlisted_parcel,parcel_50248903900000010010000000,712,42.497,-76.372,,,11287.23,11.047,
workplace_unlisted_parcel,parcel_50248903400000020030030000,449,42.505,-76.359,,,5609.001,5.49,
workplace_unlisted_parcel,parcel_50248903700000010100120000,613,42.499,-76.282,,,31371.728,30.704,
workplace_unlisted_parcel,parcel_50248903700000010080030000,613,42.501,-76.288,,,52512.71,51.395,
workplace_unlisted_parcel,parcel_50248903700000010101120000,613,42.5,-76.285,,,12006.603,11.751,
workplace_unlisted_parcel,parcel_50248903700000010101110000,613,42.5,-76.286,,,12054.009,11.797,
workplace_unlisted_parcel,parcel_50248903800000010260000000,612,42.502,-76.309,,,35451.685,34.697,
workplace_unlisted_parcel,parcel_50248903900000010220020000,449,42.5,-76.349,,,4153.701,4.065,
workplace_unlisted_parcel,parcel_50248903900000010220050000,440,42.497,-76.349,,,3809.064,3.728,
workplace_unlisted_parcel,parcel_50240100800100010020000000,464,42.5,-76.3,,,5885.538,5.76,
workplace_unlisted_parcel,parcel_50240101100000010080070000,449,42.491,-76.292,,,3880.55,3.798,
workplace_unlisted_parcel,parcel_50240101600000020010000000,612,42.488,-76.292,,,22370.35,21.894,
workplace_unlisted_parcel,parcel_50240101100000010090000000,651,42.492,-76.29,,,4815.885,4.713,
workplace_unlisted_parcel,parcel_50240101200000040010010000,633,42.492,-76.295,,,7417.592,7.26,
workplace_unlisted_parcel,parcel_50240100900000010060000000,452,42.495,-76.299,,,4323.009,4.231,
workplace_unlisted_parcel,parcel_50240101300000010110020000,710,42.492,-76.304,,,4552.516,4.456,
workplace_unlisted_parcel,parcel_50260000400000020070040000,710,42.461,-76.574,,,8115.707,7.943,
workplace_unlisted_parcel,parcel_50260001400000020020080000,651,42.418,-76.623,,,4608.2,4.51,
workplace_unlisted_parcel,parcel_50260000800000010100000000,612,42.449,-76.632,,,8025.785,7.855,
workplace_unlisted_parcel,parcel_50240300400000050110110000,633,42.515,-76.344,,,4451.307,4.357,
workplace_unlisted_parcel,parcel_50288903500000010250020000,442,42.552,-76.403,,,6095.104,5.965,
workplace_unlisted_parcel,parcel_50280130800000010030010000,455,42.589,-76.348,,,7701.653,7.538,
workplace_unlisted_parcel,parcel_50280130800000010010010000,715,42.591,-76.35,,,3816.024,3.735,
workplace_unlisted_parcel,parcel_50280130800000010010030000,440,42.59,-76.352,,,6306.552,6.172,
workplace_unlisted_parcel,parcel_50280110800000020370000000,612,42.584,-76.359,,,18783.832,18.384,
workplace_unlisted_parcel,parcel_50280100700000020250040000,633,42.585,-76.368,,,9033.547,8.841,
workplace_unlisted_parcel,parcel_50280100700000020250030000,633,42.585,-76.369,,,6524.395,6.386,
workplace_unlisted_parcel,parcel_50280101100000010010020000,612,42.58,-76.371,,,26550.011,25.985,
workplace_unlisted_parcel,parcel_50280100600000010310000000,652,42.59,-76.37,,,4484.793,4.389,
workplace_unlisted_parcel,parcel_50280100500000010020000000,444,42.592,-76.369,,,3846.124,3.764,
workplace_unlisted_parcel,parcel_50070013000000040050000000,690,42.419,-76.518,,,8085.419,7.913,
workplace_unlisted_parcel,parcel_50070013000000030010000000,456,42.42,-76.519,,,4044.591,3.959,
workplace_unlisted_parcel,parcel_50070012800000010060010000,452,42.421,-76.519,,,9327.767,9.129,
workplace_unlisted_parcel,parcel_50070012900000010100020000,414,42.422,-76.516,,,10642.729,10.416,
workplace_unlisted_parcel,parcel_50070008500000050010000000,612,42.437,-76.478,,,5543.723,5.426,
workplace_unlisted_parcel,parcel_50070006300000050070000000,437,42.442,-76.486,,,13544.676,13.256,
workplace_unlisted_parcel,parcel_50070006300000050020000000,482,42.442,-76.486,,,9030.349,8.838,
workplace_unlisted_parcel,parcel_50070006400000100030000000,613,42.441,-76.485,,,11800.799,11.55,
workplace_unlisted_parcel,parcel_50070006900000010040000000,482,42.44,-76.494,,,4301.752,4.21,
workplace_unlisted_parcel,parcel_50070006900000010110000000,481,42.44,-76.495,,,7997.379,7.827,
workplace_unlisted_parcel,parcel_50070006900000010070000000,482,42.44,-76.495,,,5361.434,5.247,
workplace_unlisted_parcel,parcel_50070006900000010060020000,414,42.44,-76.495,,,14010.275,13.712,
workplace_unlisted_parcel,parcel_50070006100000040050000000,650,42.441,-76.496,,,33455.351,32.743,
workplace_unlisted_parcel,parcel_50070007000000020100000000,463,42.44,-76.497,,,8997.051,8.806,
workplace_unlisted_parcel,parcel_50070007000000030150000000,463,42.44,-76.497,,,6317.839,6.183,
workplace_unlisted_parcel,parcel_50070007000000040040220000,464,42.439,-76.496,,,10902.524,10.67,
workplace_unlisted_parcel,parcel_50070007000000040040210001,437,42.439,-76.496,,,9101.27,8.908,
workplace_unlisted_parcel,parcel_50070007000000040050010000,452,42.439,-76.497,,,20255.123,19.824,
workplace_unlisted_parcel,parcel_50070007000000020050000000,464,42.44,-76.498,,,4003.204,3.918,
workplace_unlisted_parcel,parcel_50070007000000050010000000,481,42.439,-76.499,,,9593.017,9.389,
workplace_unlisted_parcel,parcel_50070007000000050230000000,652,42.439,-76.499,,,5549.555,5.431,
workplace_unlisted_parcel,parcel_50070007000000080010000000,611,42.438,-76.498,,,12986.711,12.71,
workplace_unlisted_parcel,parcel_50070007000000080110000000,642,42.438,-76.497,,,8780.901,8.594,
workplace_unlisted_parcel,parcel_50070007000000040050230000,437,42.439,-76.497,,,31663.503,30.99,
workplace_unlisted_parcel,parcel_50070007000000040040030000,414,42.439,-76.496,,,18950.319,18.547,
workplace_unlisted_parcel,parcel_50070008100000030020020000,410,42.437,-76.497,,,3909.708,3.826,
workplace_unlisted_parcel,parcel_50070008100000030010000000,662,42.437,-76.498,,,5400.94,5.286,
workplace_unlisted_parcel,parcel_50070008100000020010000000,437,42.437,-76.499,,,41870.357,40.979,
workplace_unlisted_parcel,parcel_50070008100000020010000001,464,42.437,-76.499,,,4138.651,4.051,
workplace_unlisted_parcel,parcel_50070008000000100010000000,633,42.438,-76.5,,,13668.836,13.378,
workplace_unlisted_parcel,parcel_50070007000000070040020000,414,42.438,-76.499,,,26898.787,26.326,
workplace_unlisted_parcel,parcel_50070008000000070010000000,642,42.436,-76.502,,,10323.301,10.104,
workplace_unlisted_parcel,parcel_50070010700000010030000000,642,42.433,-76.492,,,4277.86,4.187,
workplace_unlisted_parcel,parcel_50070010600000010080020000,710,42.43,-76.501,,,87069.506,85.216,
workplace_unlisted_parcel,parcel_50070010700000010010000000,612,42.434,-76.494,,,13224.495,12.943,
workplace_unlisted_parcel,parcel_50070011400000010010000000,449,42.428,-76.493,,,4035.185,3.949,
workplace_unlisted_parcel,parcel_50070010400000010010020000,452,42.431,-76.507,,,5010.402,4.904,
workplace_unlisted_parcel,parcel_50070011700000010010020000,452,42.429,-76.51,,,28338.661,27.736,
workplace_unlisted_parcel,parcel_50070011700000030010000000,485,42.429,-76.506,,,4128.116,4.04,
workplace_unlisted_parcel,parcel_50070011700000020010020000,452,42.43,-76.507,,,7776.902,7.611,
workplace_unlisted_parcel,parcel_50070012200000020020000000,431,42.427,-76.509,,,5184.225,5.074,
workplace_unlisted_parcel,parcel_50070011800000010010020000,453,42.427,-76.513,,,35985.948,35.22,
workplace_unlisted_parcel,parcel_50070011800000010020040000,452,42.429,-76.513,,,7523.315,7.363,
workplace_unlisted_parcel,parcel_50070012500000020040000000,414,42.425,-76.513,,,7223.827,7.07,
workplace_unlisted_parcel,parcel_50070012500000010010010000,452,42.425,-76.515,,,6159.63,6.029,
workplace_unlisted_parcel,parcel_50070012500000010030010000,415,42.424,-76.516,,,6042.431,5.914,
workplace_unlisted_parcel,parcel_50070011800000010020020000,453,42.431,-76.514,,,25316.129,24.777,
workplace_unlisted_parcel,parcel_50070009600000020010090000,712,42.434,-76.516,,,8347.847,8.17,
workplace_unlisted_parcel,parcel_50070007800000030020000000,449,42.436,-76.515,,,3878.48,3.796,
workplace_unlisted_parcel,parcel_50070010200000010020030000,452,42.433,-76.509,,,10966.673,10.733,
workplace_unlisted_parcel,parcel_50070009500000010010220000,454,42.435,-76.51,,,23155.753,22.663,
workplace_unlisted_parcel,parcel_50070010200000010020010000,452,42.432,-76.51,,,21077.962,20.629,
workplace_unlisted_parcel,parcel_50070009500000010010010000,431,42.435,-76.509,,,4535.585,4.439,
workplace_unlisted_parcel,parcel_50070009400000010220000000,415,42.434,-76.507,,,7408.185,7.251,
workplace_unlisted_parcel,parcel_50070007900000060080020000,452,42.436,-76.506,,,7334.63,7.179,
workplace_unlisted_parcel,parcel_50070007900000100010000000,415,42.436,-76.509,,,4462.218,4.367,
workplace_unlisted_parcel,parcel_50070007200000070100000000,455,42.438,-76.509,,,6045.064,5.916,
workplace_unlisted_parcel,parcel_50070007300000060010000000,444,42.439,-76.512,,,4188.315,4.099,
workplace_unlisted_parcel,parcel_50070007800000010010020000,710,42.437,-76.515,,,9373.292,9.174,
workplace_unlisted_parcel,parcel_50070007800000010010010000,710,42.437,-76.514,,,4348.405,4.256,
workplace_unlisted_parcel,parcel_50070005700000020010000000,612,42.44,-76.518,,,4936.094,4.831,
workplace_unlisted_parcel,parcel_50070007300000010110000000,464,42.44,-76.514,,,5767.775,5.645,
workplace_unlisted_parcel,parcel_50070004200000020050000000,710,42.445,-76.516,,,4558.536,4.462,
workplace_unlisted_parcel,parcel_50070004300000020050220000,454,42.445,-76.51,,,6584.218,6.444,
workplace_unlisted_parcel,parcel_50070005200000030060000000,456,42.444,-76.509,,,4679.121,4.58,
workplace_unlisted_parcel,parcel_50070007100000020050000000,652,42.44,-76.503,,,12172.902,11.914,
workplace_unlisted_parcel,parcel_50070006000000020080000000,612,42.442,-76.502,,,12974.295,12.698,
workplace_unlisted_parcel,parcel_50070007000000010030000000,464,42.44,-76.499,,,5129.482,5.02,
workplace_unlisted_parcel,parcel_50070006100000050110000000,463,42.441,-76.498,,,17764.031,17.386,
workplace_unlisted_parcel,parcel_50070006100000050010000000,452,42.441,-76.499,,,22104.159,21.634,
workplace_unlisted_parcel,parcel_50070006100000050100000000,414,42.441,-76.497,,,34989.85,34.245,
workplace_unlisted_parcel,parcel_50070006100000020040000000,652,42.442,-76.497,,,13569.132,13.28,
workplace_unlisted_parcel,parcel_50070006100000030140000000,464,42.442,-76.497,,,5569.308,5.451,
workplace_unlisted_parcel,parcel_50070006100000020010000000,620,42.442,-76.499,,,4314.168,4.222,
workplace_unlisted_parcel,parcel_50070004900000040050000000,620,42.443,-76.496,,,4347.465,4.255,
workplace_unlisted_parcel,parcel_50070002800000020010000000,612,42.451,-76.496,,,7009.934,6.861,
workplace_unlisted_parcel,parcel_50070002600000020080000000,482,42.45,-76.501,,,5098.066,4.99,
workplace_unlisted_parcel,parcel_50070001600000010030000000,651,42.453,-76.504,,,18775.555,18.376,
workplace_unlisted_parcel,parcel_50070001700000010010020000,465,42.452,-76.506,,,11379.221,11.137,
workplace_unlisted_parcel,parcel_50070002500000040010000000,650,42.449,-76.505,,,5134.749,5.025,
workplace_unlisted_parcel,parcel_50070003600000010040000000,456,42.448,-76.507,,,4442.654,4.348,
workplace_unlisted_parcel,parcel_50070003600000010030510000,465,42.447,-76.509,,,12049.118,11.793,
workplace_unlisted_parcel,parcel_50070002300000010010000000,455,42.451,-76.509,,,4778.261,4.677,
workplace_unlisted_parcel,parcel_50070000100000010150000000,650,42.464,-76.5,,,3762.41,3.682,
workplace_unlisted_parcel,parcel_50070000500000010010000000,612,42.455,-76.498,,,48040.522,47.018,
workplace_unlisted_parcel,parcel_50070000900000060100000000,613,42.454,-76.482,,,4117.582,4.03,
workplace_unlisted_parcel,parcel_50070003000000010010050000,613,42.449,-76.479,,,28220.898,27.62,
workplace_unlisted_parcel,parcel_50070003000000010010020000,613,42.454,-76.478,,,800050.736,783.023,
workplace_unlisted_parcel,parcel_50070003100000010010060000,613,42.447,-76.484,,,6991.499,6.843,
workplace_unlisted_parcel,parcel_50070003100000010010010000,613,42.446,-76.482,,,63717.544,62.361,
workplace_unlisted_parcel,parcel_50070003100000010010080000,613,42.447,-76.479,,,24743.866,24.217,
workplace_unlisted_parcel,parcel_50070003100000010010020000,613,42.444,-76.478,,,768940.495,752.575,
workplace_unlisted_parcel,parcel_50070006500000030010010000,613,42.443,-76.476,,,21794.325,21.33,
workplace_unlisted_parcel,parcel_50070006500000030030000000,613,42.442,-76.475,,,9624.809,9.42,
workplace_unlisted_parcel,parcel_50070012600000010020020000,652,42.424,-76.519,,,6806.2,6.661,
workplace_unlisted_parcel,parcel_50070012600000010030020000,431,42.423,-76.518,,,13021.325,12.744,
workplace_unlisted_parcel,parcel_50070013100000010060010000,453,42.42,-76.523,,,18290.957,17.902,
workplace_unlisted_parcel,parcel_50070013100000010060020001,452,42.42,-76.522,,,12959.622,12.684,
workplace_unlisted_parcel,parcel_50308904300000020100000000,620,42.404,-76.499,,,4197.345,4.108,
workplace_unlisted_parcel,parcel_50308903600000010040050000,414,42.401,-76.503,,,8220.114,8.045,
workplace_unlisted_parcel,parcel_50308903700100010090000000,415,42.407,-76.504,,,7694.881,7.531,
workplace_unlisted_parcel,parcel_50308903900000010010310000,633,42.416,-76.506,,,27199.591,26.621,
workplace_unlisted_parcel,parcel_50308903900000010010220000,710,42.421,-76.505,,,40355.046,39.496,
workplace_unlisted_parcel,parcel_50308903900000010010010000,464,42.422,-76.502,,,12511.519,12.245,
workplace_unlisted_parcel,parcel_50308904100000010300020000,613,42.418,-76.491,,,416165.073,407.308,
workplace_unlisted_parcel,parcel_50308905400000020010000000,710,42.428,-76.485,,,26170.008,25.613,
workplace_unlisted_parcel,parcel_50308901700000010010020000,612,42.46,-76.499,,,21783.602,21.32,
workplace_unlisted_parcel,parcel_50308906700000010120000000,613,42.448,-76.469,,,6597.574,6.457,
workplace_unlisted_parcel,parcel_50308906300000010080010000,613,42.444,-76.472,,,41158.697,40.283,
workplace_unlisted_parcel,parcel_50308906700000010130010000,613,42.447,-76.471,,,17603.0,17.228,
workplace_unlisted_parcel,parcel_50308906300000010010000000,613,42.447,-76.469,,,26428.674,25.866,
workplace_unlisted_parcel,parcel_50308906700000010100020000,613,42.448,-76.465,,,23578.272,23.076,
workplace_unlisted_parcel,parcel_50308906700000010100050000,613,42.447,-76.467,,,21982.634,21.515,
workplace_unlisted_parcel,parcel_50308906700000010110000000,650,42.448,-76.468,,,5348.454,5.235,
workplace_unlisted_parcel,parcel_50308906700000010100030000,610,42.447,-76.466,,,23601.599,23.099,
workplace_unlisted_parcel,parcel_50308906300000010020020000,613,42.445,-76.468,,,14140.642,13.84,
workplace_unlisted_parcel,parcel_50308906700000010100060000,613,42.447,-76.465,,,71193.265,69.678,
workplace_unlisted_parcel,parcel_50308906400000010010000000,613,42.444,-76.459,,,16713.378,16.358,
workplace_unlisted_parcel,parcel_50308906300000010030040000,464,42.44,-76.463,,,14556.388,14.247,
workplace_unlisted_parcel,parcel_50308906200000020130070000,415,42.438,-76.461,,,8717.504,8.532,
workplace_unlisted_parcel,parcel_50308906200000020011210000,452,42.437,-76.463,,,22133.882,21.663,
workplace_unlisted_parcel,parcel_50308906000000010090010000,613,42.434,-76.465,,,6312.195,6.178,
workplace_unlisted_parcel,parcel_50308906000000010080020000,613,42.436,-76.466,,,11632.431,11.385,
workplace_unlisted_parcel,parcel_50308906500000010050020000,613,42.451,-76.458,,,22177.526,21.706,
workplace_unlisted_parcel,parcel_50308907300000010010040000,612,42.478,-76.466,,,4190.572,4.101,
workplace_unlisted_parcel,parcel_50308907300000010010310000,612,42.476,-76.464,,,34648.035,33.911,
workplace_unlisted_parcel,parcel_50308907200000010110000000,612,42.473,-76.469,,,10506.154,10.283,
workplace_unlisted_parcel,parcel_50308907200000010020020000,612,42.476,-76.469,,,24602.588,24.079,
workplace_unlisted_parcel,parcel_50308902400000050010020000,710,42.463,-76.569,,,4901.856,4.798,
workplace_unlisted_parcel,parcel_50308902400000030040000000,465,42.469,-76.541,,,5045.956,4.939,
workplace_unlisted_parcel,parcel_50308902400000030024120000,465,42.47,-76.537,,,6472.474,6.335,
workplace_unlisted_parcel,parcel_50308902600000040460010000,633,42.463,-76.532,,,21753.503,21.291,
workplace_unlisted_parcel,parcel_50308902400000030030010000,615,42.466,-76.537,,,4622.497,4.524,
workplace_unlisted_parcel,parcel_50308902400000030020010000,641,42.471,-76.535,,,6824.071,6.679,
workplace_unlisted_parcel,parcel_50308902700000010110030000,633,42.46,-76.53,,,13619.925,13.33,
workplace_unlisted_parcel,parcel_50308903300000020060010000,651,42.41,-76.545,,,8617.424,8.434,
workplace_unlisted_parcel,parcel_50308903300000030020100000,714,42.416,-76.535,,,7954.487,7.785,
workplace_unlisted_parcel,parcel_50308903100000010100010000,651,42.425,-76.535,,,10092.289,9.877,
workplace_unlisted_parcel,parcel_50328904400000010500020000,613,42.499,-76.459,,,9374.797,9.175,
workplace_unlisted_parcel,parcel_50328903900000010500060000,710,42.508,-76.469,,,13480.715,13.194,
workplace_unlisted_parcel,parcel_50328903900000010500100000,710,42.508,-76.464,,,12286.15,12.025,
workplace_unlisted_parcel,parcel_50328904400000010200030000,714,42.505,-76.474,,,5643.615,5.524,
workplace_unlisted_parcel,parcel_50328904400000010530110000,710,42.497,-76.472,,,34802.293,34.062,
workplace_unlisted_parcel,parcel_50328903000000010160120000,652,42.54,-76.488,,,7982.329,7.812,
workplace_unlisted_parcel,parcel_50328903700100020532210000,710,42.534,-76.498,,,5742.567,5.62,
workplace_unlisted_parcel,parcel_50328903600000010090020000,720,42.531,-76.519,,,50294.205,49.224,
workplace_unlisted_parcel,parcel_50328903500000020080020000,662,42.54,-76.513,,,5591.318,5.472,
workplace_unlisted_parcel,parcel_50328903700100020510000000,633,42.535,-76.501,,,6860.379,6.714,
workplace_unlisted_parcel,parcel_50328903100000010140020000,670,42.544,-76.496,,,9908.307,9.697,
workplace_unlisted_parcel,parcel_50328903200000010190000000,612,42.546,-76.532,,,30988.15,30.329,
workplace_unlisted_parcel,parcel_50328903200000010280000000,612,42.544,-76.538,,,9608.631,9.404,
workplace_unlisted_parcel,parcel_50328903600000010010000000,720,42.533,-76.531,,,20934.614,20.489,
workplace_unlisted_parcel,parcel_50328903200000010030000000,449,42.549,-76.541,,,13286.199,13.003,
workplace_unlisted_parcel,parcel_50328900800000010110050000,449,42.609,-76.5,,,5675.219,5.554,
workplace_unlisted_parcel,parcel_50328903100000010130000000,670,42.549,-76.496,,,20379.282,19.946,
workplace_unlisted_parcel,parcel_50328903000000010160310000,449,42.542,-76.491,,,4514.892,4.419,
workplace_unlisted_parcel,parcel_50328903000000010160320000,449,42.542,-76.489,,,7634.683,7.472,
workplace_unlisted_parcel,parcel_50320104500100010550040000,613,42.481,-76.454,,,20001.536,19.576,
workplace_unlisted_parcel,parcel_50320104500200010460210000,461,42.492,-76.486,,,3907.639,3.824,
workplace_unlisted_parcel,parcel_50320104500100010510130000,710,42.489,-76.47,,,13887.996,13.592,
workplace_unlisted_parcel,parcel_50320104600100010040030000,710,42.488,-76.468,,,4898.658,4.794,
workplace_unlisted_parcel,parcel_50320104500100010520060000,449,42.489,-76.467,,,4364.396,4.272,
workplace_unlisted_parcel,parcel_50320104400100010530110000,710,42.491,-76.47,,,11233.804,10.995,
workplace_unlisted_parcel,parcel_50320104400100010531220000,710,42.493,-76.47,,,41687.128,40.8,
workplace_unlisted_parcel,parcel_50320104500100010520050000,652,42.49,-76.466,,,6569.921,6.43,
workplace_unlisted_parcel,parcel_50320104500100010550030000,613,42.486,-76.461,,,7164.758,7.012,
workplace_unlisted_parcel,parcel_50320104500100010550200000,464,42.485,-76.461,,,7477.414,7.318,
workplace_unlisted_parcel,parcel_50320104500100010550080000,464,42.485,-76.459,,,14279.475,13.976,
workplace_unlisted_parcel,parcel_50320104500100010550140000,613,42.487,-76.462,,,6294.512,6.161,
workplace_unlisted_parcel,parcel_50320104500100010550180000,464,42.485,-76.462,,,3916.669,3.833,
workplace_unlisted_parcel,parcel_50320104500100010550120000,464,42.483,-76.463,,,3762.41,3.682,
workplace_unlisted_parcel,parcel_50320104500100010550110000,464,42.485,-76.464,,,3870.768,3.788,
workplace_unlisted_parcel,parcel_50320104500100010550190000,414,42.484,-76.465,,,12637.936,12.369,
workplace_unlisted_parcel,parcel_50320104500100010550130000,464,42.487,-76.464,,,4660.874,4.562,
workplace_unlisted_parcel,parcel_50320104500100010520210000,464,42.488,-76.465,,,4278.237,4.187,
workplace_unlisted_parcel,parcel_50320104500100010520220000,464,42.488,-76.467,,,7600.068,7.438,
workplace_unlisted_parcel,parcel_50320104500100010550220000,464,42.487,-76.466,,,6280.967,6.147,
workplace_unlisted_parcel,parcel_50320104500100010570030000,642,42.479,-76.466,,,6260.65,6.127,
workplace_unlisted_parcel,parcel_50320104500100010550210000,613,42.483,-76.462,,,6650.06,6.509,
workplace_unlisted_parcel,parcel_50320104600100060050060000,452,42.48,-76.477,,,7049.44,6.899,
workplace_unlisted_parcel,parcel_50320104700100010200020000,415,42.483,-76.487,,,15833.915,15.497,
workplace_unlisted_parcel,parcel_50320104700100010210010000,454,42.482,-76.487,,,9022.824,8.831,
workplace_unlisted_parcel,parcel_50320104700100010210020000,452,42.482,-76.485,,,3901.619,3.819,
workplace_unlisted_parcel,parcel_50320104600100050040040000,415,42.482,-76.483,,,5360.682,5.247,
workplace_unlisted_parcel,parcel_50320104600100060020320000,452,42.48,-76.481,,,29903.447,29.267,
workplace_unlisted_parcel,parcel_50320104600100060020010000,414,42.479,-76.48,,,15176.622,14.854,
workplace_unlisted_parcel,parcel_50320104600100060040010000,414,42.48,-76.479,,,13281.308,12.999,
workplace_unlisted_parcel,parcel_50320104600100060050110000,431,42.481,-76.477,,,4747.221,4.646,
workplace_unlisted_parcel,parcel_50320104600100050040020000,452,42.483,-76.482,,,38113.591,37.302,
workplace_unlisted_parcel,parcel_50320104700100010220050000,451,42.484,-76.489,,,4103.661,4.016,
workplace_unlisted_parcel,parcel_50320104700100010170070000,452,42.484,-76.488,,,7073.331,6.923,
workplace_unlisted_parcel,parcel_50320104500200010460030000,464,42.489,-76.488,,,5047.085,4.94,
workplace_unlisted_parcel,parcel_50320104700100010170220000,453,42.487,-76.492,,,16867.637,16.509,
workplace_unlisted_parcel,parcel_50320104700100010240000000,453,42.485,-76.49,,,23449.221,22.95,
workplace_unlisted_parcel,parcel_50320104700100010220010000,464,42.483,-76.49,,,9865.604,9.656,
workplace_unlisted_parcel,parcel_50320104700100010220020000,451,42.483,-76.49,,,61804.735,60.489,
workplace_unlisted_parcel,parcel_50320104700100010220030000,464,42.483,-76.493,,,117165.589,114.672,
workplace_unlisted_parcel,parcel_50320104700100010220060000,451,42.481,-76.49,,,15292.316,14.967,
workplace_unlisted_parcel,parcel_50340001100000010280030000,442,42.347,-76.621,,,10394.034,10.173,
workplace_unlisted_parcel,parcel_50340001200000010040000000,612,42.358,-76.597,,,38747.18,37.923,
workplace_unlisted_parcel,parcel_50340001200000010020030000,633,42.359,-76.598,,,4855.766,4.752,
workplace_unlisted_parcel,parcel_50340002700000010141310000,710,42.306,-76.564,,,9105.032,8.911,
workplace_unlisted_parcel,parcel_50340000400000010290100000,442,42.387,-76.553,,,5399.811,5.285,
workplace_unlisted_parcel,parcel_50360101000000010110020000,612,42.537,-76.654,,,46280.466,45.295,
workplace_unlisted_parcel,parcel_50360100600000010280010000,633,42.54,-76.664,,,7864.942,7.698,
workplace_unlisted_parcel,parcel_50360100600000010360020000,633,42.54,-76.665,,,4128.869,4.041,
workplace_unlisted_parcel,parcel_50368903300000010080020000,710,42.489,-76.579,,,4776.756,4.675,
workplace_unlisted_parcel,parcel_50368903300000010080110000,473,42.489,-76.576,,,34048.306,33.324,
workplace_unlisted_parcel,parcel_50368903300000020110000000,614,42.493,-76.558,,,7748.872,7.584,
workplace_unlisted_parcel,parcel_50368902600000020130010000,484,42.497,-76.593,,,4093.126,4.006,
workplace_unlisted_parcel,parcel_50368902200000020040000000,642,42.513,-76.694,,,3778.4,3.698,
workplace_unlisted_parcel,parcel_50368901300000030030010000,431,42.533,-76.638,,,4883.608,4.78,
workplace_unlisted_parcel,parcel_50368901300000030020010000,454,42.534,-76.641,,,8865.367,8.677,
workplace_unlisted_parcel,parcel_50368901300000040020040000,443,42.531,-76.636,,,6644.981,6.504,
fleet_depot,parcel_50248902500000010200000000,695,,,,,0.0,0.0,
fleet_depot,parcel_50248902500000010130020000,440,,,,,44600.81,38.12,
fleet_depot,parcel_50288903800000050100000000,421,,,,,44068.792,37.666,
fleet_depot,parcel_50288903800000050040010000,831,,,,,0.0,0.0,
fleet_depot,parcel_50288903800000050150000000,695,,,,,0.0,0.0,
fleet_depot,parcel_50288903800000020050000000,695,,,,,0.0,0.0,
fleet_depot,parcel_50248902600000010140040000,449,,,,,0.0,0.0,
fleet_depot,parcel_50248903500000010060010000,720,,,,,1684.722,1.44,
fleet_depot,parcel_50248903500000010150030000,612,,,,,4344.81,3.714,
fleet_depot,parcel_50248903800000010300110000,456,,,,,7093.568,6.063,
fleet_depot,parcel_50248903800000010300150000,442,,,,,5852.194,5.002,
fleet_depot,parcel_50248903800000010300020000,831,,,,,1684.722,1.44,
fleet_depot,parcel_50248903800000010320000000,421,,,,,3103.436,2.653,
fleet_depot,parcel_50248903700000010060000000,484,,,,,354.678,0.303,
fleet_depot,parcel_50248903700000010040020000,472,,,,,3280.775,2.804,
fleet_depot,parcel_50248903800000010310010000,462,,,,,1152.705,0.985,
fleet_depot,parcel_50248903700000010020010000,485,,,,,2305.41,1.97,
fleet_depot,parcel_50248903700000010100030000,449,,,,,3014.766,2.577,
fleet_depot,parcel_50248903800000010281110000,485,,,,,1241.374,1.061,
fleet_depot,parcel_50248903800000010281120000,485,,,,,975.366,0.834,
fleet_depot,parcel_50248903700000010010020000,455,,,,,709.357,0.606,
fleet_depot,parcel_50248903500000010230000000,484,,,,,1152.705,0.985,
fleet_depot,parcel_50248903600000010090020000,449,,,,,5586.185,4.775,
fleet_depot,parcel_50248903600000010180030000,484,,,,,88.67,0.076,
fleet_depot,parcel_50248903600000010170410000,449,,,,,3192.106,2.728,
fleet_depot,parcel_50248903600000010170420000,442,,,,,5054.167,4.32,
fleet_depot,parcel_50248903600000010170030000,449,,,,,3812.793,3.259,
fleet_depot,parcel_50248903600000010120010000,484,,,,,886.696,0.758,
fleet_depot,parcel_50248903600000010120310000,433,,,,,1064.035,0.909,
fleet_depot,parcel_50248903700000010080020000,613,,,,,4167.471,3.562,
fleet_depot,parcel_50248903700000010080020099,837,,,,,0.0,0.0,
fleet_depot,parcel_50248903700000010100120000,613,,,,,70048.985,59.871,
fleet_depot,parcel_50248903700000010080040000,613,,,,,0.0,0.0,
fleet_depot,parcel_50248903600000010190020000,613,,,,,3812.793,3.259,
fleet_depot,parcel_50248903600000010040040000,877,,,,,0.0,0.0,
fleet_depot,parcel_50248903700000010080030000,613,,,,,117309.883,100.265,
fleet_depot,parcel_50248903700000010101120000,613,,,,,26778.22,22.887,
fleet_depot,parcel_50248903700000010101110000,613,,,,,26955.559,23.039,
fleet_depot,parcel_50248903700000010050000000,462,,,,,620.687,0.531,
fleet_depot,parcel_50248903700000010070000000,433,,,,,1418.714,1.213,
fleet_depot,parcel_50248904800000010660010000,620,,,,,6206.872,5.305,
fleet_depot,parcel_50248904700000010070330000,878,,,,,0.0,0.0,
fleet_depot,parcel_50248904700000010070310000,878,,,,,0.0,0.0,
fleet_depot,parcel_50248904700000010070010000,872,,,,,0.0,0.0,
fleet_depot,parcel_50248904700000010010390000,457,,,,,620.687,0.531,
fleet_depot,parcel_50248904700000010010310000,457,,,,,4876.828,4.168,
fleet_depot,parcel_50248903800000010120020000,620,,,,,6029.533,5.153,
fleet_depot,parcel_50248903800000010180050000,534,,,,,2128.07,1.819,
fleet_depot,parcel_50248903800000010260000000,612,,,,,79181.954,67.677,
fleet_depot,parcel_50248904800000010830000000,484,,,,,443.348,0.379,
fleet_depot,parcel_50248906100000010110410000,440,,,,,1596.053,1.364,
fleet_depot,parcel_50248906200000010210000000,837,,,,,177.339,0.152,
fleet_depot,parcel_50248906100000010070020000,650,,,,,0.0,0.0,
fleet_depot,parcel_50248904800000010730010000,650,,,,,0.0,0.0,
fleet_depot,parcel_50248903600000010310010099,837,,,,,0.0,0.0,
fleet_depot,parcel_50240100800100010010010000,464,,,,,3192.106,2.728,
fleet_depot,parcel_50240100900000010010010000,433,,,,,3724.123,3.183,
fleet_depot,parcel_50240100900000010020000000,422,,,,,1330.044,1.137,
fleet_depot,parcel_50240100800100010080000000,465,,,,,1152.705,0.985,
fleet_depot,parcel_50240100800100010020000000,464,,,,,13123.101,11.216,
fleet_depot,parcel_50240100800100010050000000,421,,,,,1862.062,1.592,
fleet_depot,parcel_50240100800100010060010000,456,,,,,3812.793,3.259,
fleet_depot,parcel_50240100900000020010000000,484,,,,,354.678,0.303,
fleet_depot,parcel_50240100900000030210010000,464,,,,,443.348,0.379,
fleet_depot,parcel_50240100900000010030000000,456,,,,,4788.158,4.092,
fleet_depot,parcel_50240100900000030180020000,485,,,,,3014.766,2.577,
fleet_depot,parcel_50240100900000010040020000,486,,,,,4078.802,3.486,
fleet_depot,parcel_50240100900000030190020000,455,,,,,3990.132,3.41,
fleet_depot,parcel_50240100900000030180030000,456,,,,,5940.863,5.078,
fleet_depot,parcel_50240100900000030250000000,662,,,,,0.0,0.0,
fleet_depot,parcel_50240101100000010080020000,652,,,,,4876.828,4.168,
fleet_depot,parcel_50240101100000010080040000,651,,,,,3369.445,2.88,
fleet_depot,parcel_50240101100000010080070000,449,,,,,8689.621,7.427,
fleet_depot,parcel_50240101600000020010000000,612,,,,,50009.655,42.743,
fleet_depot,parcel_50240101100000010090000000,651,,,,,10729.022,9.17,
fleet_depot,parcel_50240101100000010100000000,652,,,,,1330.044,1.137,
fleet_depot,parcel_50240101800000020180000000,845,,,,,0.0,0.0,
fleet_depot,parcel_50240101600000010100020000,484,,,,,2660.088,2.274,
fleet_depot,parcel_50240101800000010030000000,651,,,,,4433.48,3.789,
fleet_depot,parcel_50240101500000070140000000,438,,,,,0.0,0.0,
fleet_depot,parcel_50240101500000070090110000,614,,,,,2128.07,1.819,
fleet_depot,parcel_50240101500000070090120000,465,,,,,2039.401,1.743,
fleet_depot,parcel_50240101500000070130000000,662,,,,,2482.749,2.122,
fleet_depot,parcel_50240101500000020170000000,481,,,,,2128.07,1.819,
fleet_depot,parcel_50240101500000020150010000,482,,,,,1241.374,1.061,
fleet_depot,parcel_50240101500000020140000000,481,,,,,1152.705,0.985,
fleet_depot,parcel_50240101500000020080000000,464,,,,,1241.374,1.061,
fleet_depot,parcel_50240101500000020110000000,481,,,,,1241.374,1.061,
fleet_depot,parcel_50240101500000020230000000,438,,,,,0.0,0.0,
fleet_depot,parcel_50240101500000020100000000,481,,,,,1152.705,0.985,
fleet_depot,parcel_50240101500000020130000000,481,,,,,886.696,0.758,
fleet_depot,parcel_50240101500000020120000000,481,,,,,975.366,0.834,
fleet_depot,parcel_50240101200000050150000000,482,,,,,3014.766,2.577,
fleet_depot,parcel_50240101200000050110000000,481,,,,,886.696,0.758,
fleet_depot,parcel_50240101200000050120000000,481,,,,,1241.374,1.061,
fleet_depot,parcel_50240101200000050080000000,590,,,,,0.0,0.0,
fleet_depot,parcel_50240101500000020190000000,481,,,,,2660.088,2.274,
fleet_depot,parcel_50240101500000020200000000,831,,,,,0.0,0.0,
fleet_depot,parcel_50240101500000020180000000,461,,,,,3103.436,2.653,
fleet_depot,parcel_50240101500000020210000000,464,,,,,1507.383,1.288,
fleet_depot,parcel_50240101500000030010000000,482,,,,,886.696,0.758,
fleet_depot,parcel_50240101500000030230000000,464,,,,,1064.035,0.909,
fleet_depot,parcel_50240101200000040070000000,620,,,,,3546.784,3.031,
fleet_depot,parcel_50240101200000040060000000,620,,,,,5763.524,4.926,
fleet_depot,parcel_50240101200000040050000000,484,,,,,3280.775,2.804,
fleet_depot,parcel_50240101100000010070000000,650,,,,,0.0,0.0,
fleet_depot,parcel_50240101200000040010010000,633,,,,,16581.216,14.172,
fleet_depot,parcel_50240100900000030240000000,662,,,,,0.0,0.0,
fleet_depot,parcel_50240101200000040010020000,681,,,,,2128.07,1.819,
fleet_depot,parcel_50240101200000050100000000,482,,,,,3458.114,2.956,
fleet_depot,parcel_50240101200000050140020000,482,,,,,1773.392,1.516,
fleet_depot,parcel_50240101200000050140010000,449,,,,,1773.392,1.516,
fleet_depot,parcel_50240101200000050040000000,422,,,,,798.026,0.682,
fleet_depot,parcel_50240101200000050160000000,611,,,,,2571.418,2.198,
fleet_depot,parcel_50240101200000030020000000,710,,,,,4433.48,3.789,
fleet_depot,parcel_50240100900000030220000000,662,,,,,6827.559,5.836,
fleet_depot,parcel_50240100900000030180110000,426,,,,,1241.374,1.061,
fleet_depot,parcel_50240100900000010050010000,438,,,,,0.0,0.0,
fleet_depot,parcel_50240100900000010060000000,452,,,,,9664.987,8.261,
fleet_depot,parcel_50240101200000060100000000,486,,,,,1418.714,1.213,
fleet_depot,parcel_50240101200000060030000000,590,,,,,266.009,0.227,
fleet_depot,parcel_50240101200000060160020000,449,,,,,1596.053,1.364,
fleet_depot,parcel_50240101300000010430000000,710,,,,,5054.167,4.32,
fleet_depot,parcel_50240101300000010110010000,449,,,,,8334.943,7.124,
fleet_depot,parcel_50240101300000010110020000,710,,,,,10197.004,8.715,
fleet_depot,parcel_50240101300000010150000000,449,,,,,4344.81,3.714,
fleet_depot,parcel_50240101300000010130000000,449,,,,,975.366,0.834,
fleet_depot,parcel_50240101300000010200000000,449,,,,,975.366,0.834,
fleet_depot,parcel_50240101300000010060000000,433,,,,,1950.731,1.667,
fleet_depot,parcel_50240101300000010160000000,485,,,,,1418.714,1.213,
fleet_depot,parcel_50240101400000030080020000,484,,,,,4788.158,4.092,
fleet_depot,parcel_50240101500000010010000000,485,,,,,3635.454,3.107,
fleet_depot,parcel_50240101500000010020000000,471,,,,,5142.837,4.396,
fleet_depot,parcel_50240101200000060020000000,591,,,,,0.0,0.0,
fleet_depot,parcel_50240101200000060140000000,425,,,,,2926.097,2.501,
fleet_depot,parcel_50240101200000060130010000,483,,,,,709.357,0.606,
fleet_depot,parcel_50240101400000030230000000,620,,,,,4344.81,3.714,
fleet_depot,parcel_50240101400000010170100000,591,,,,,0.0,0.0,
fleet_depot,parcel_50240101900000010020000000,822,,,,,0.0,0.0,
fleet_depot,parcel_50240101900000020100020000,695,,,,,0.0,0.0,
fleet_depot,parcel_50240101300000010280000000,431,,,,,1064.035,0.909,
fleet_depot,parcel_50240101300000010050010000,853,,,,,0.0,0.0,
fleet_depot,parcel_50240100800000010100000000,464,,,,,1152.705,0.985,
fleet_depot,parcel_50240100900000010010210000,484,,,,,2128.07,1.819,
fleet_depot,parcel_50240100800100010010050000,456,,,,,3369.445,2.88,
fleet_depot,parcel_50240100800000010020000000,484,,,,,2128.07,1.819,
fleet_depot,parcel_50248906400000010290000099,837,,,,,0.0,0.0,
fleet_depot,parcel_50248905200000010520000000,613,,,,,0.0,0.0,
fleet_depot,parcel_50248905800000010140000000,615,,,,,709.357,0.606,
fleet_depot,parcel_50248905200000010420000000,613,,,,,0.0,0.0,
fleet_depot,parcel_50248905800000010200000000,871,,,,,0.0,0.0,
fleet_depot,parcel_50248905700000010400000000,590,,,,,0.0,0.0,
fleet_depot,parcel_50248905200000010570000000,695,,,,,0.0,0.0,
fleet_depot,parcel_50248905200000010140020000,455,,,,,16137.868,13.793,
fleet_depot,parcel_50248905200000010140010000,486,,,,,2837.427,2.425,
fleet_depot,parcel_50248905200000010080020000,442,,,,,54177.127,46.305,
fleet_depot,parcel_50248905200000010130000000,870,,,,,209171.59,178.779,
fleet_depot,parcel_50248905200000010490040000,449,,,,,4522.15,3.865,
fleet_depot,parcel_50248905200000010490010000,465,,,,,6472.881,5.532,
fleet_depot,parcel_50248903000000010050210000,555,,,,,18088.599,15.46,
fleet_depot,parcel_50248903000000010010030000,822,,,,,0.0,0.0,
fleet_depot,parcel_50248902100000010430000000,433,,,,,5763.524,4.926,
fleet_depot,parcel_50248905200000010490030000,433,,,,,1330.044,1.137,
fleet_depot,parcel_50248904000000010340010000,591,,,,,0.0,0.0,
fleet_depot,parcel_50248903900000010010000000,712,,,,,67743.576,57.9,
fleet_depot,parcel_50248903200000010210000000,555,,,,,19063.964,16.294,
fleet_depot,parcel_50248903900000010120130000,449,,,,,15339.841,13.111,
fleet_depot,parcel_50248903400000020030030000,449,,,,,33694.449,28.799,
fleet_depot,parcel_50248903300000010240000000,591,,,,,0.0,0.0,
fleet_depot,parcel_50248903300000010220000000,591,,,,,0.0,0.0,
fleet_depot,parcel_50248902800000010020010000,852,,,,,0.0,0.0,
fleet_depot,parcel_50248902400000010160040000,720,,,,,0.0,0.0,
fleet_depot,parcel_50248902500000010090000000,486,,,,,3014.766,2.577,
fleet_depot,parcel_50248902700000010270020000,440,,,,,17290.572,14.778,
fleet_depot,parcel_50248902700000010270010000,613,,,,,0.0,0.0,
fleet_depot,parcel_50248903500000010070030000,720,,,,,0.0,0.0,
fleet_depot,parcel_50248903500000010130010000,720,,,,,0.0,0.0,
fleet_depot,parcel_50248903500000010110140000,720,,,,,0.0,0.0,
fleet_depot,parcel_50248903600000010120050000,447,,,,,6472.881,5.532,
fleet_depot,parcel_50248903800000010070010000,485,,,,,5054.167,4.32,
fleet_depot,parcel_50248903800000010230220000,615,,,,,0.0,0.0,
fleet_depot,parcel_50248903800000010180040000,433,,,,,2216.74,1.895,
fleet_depot,parcel_50248903800000010010000000,615,,,,,0.0,0.0,
fleet_depot,parcel_50248903800000010230210000,615,,,,,0.0,0.0,
fleet_depot,parcel_50248903500000010030020000,615,,,,,14719.154,12.58,
fleet_depot,parcel_50248903900000010220020000,449,,,,,24916.158,21.296,
fleet_depot,parcel_50248903900000010220050000,440,,,,,22876.757,19.553,
fleet_depot,parcel_50248903900000010140020000,485,,,,,4965.498,4.244,
fleet_depot,parcel_50248903900000010150000000,455,,,,,2660.088,2.274,
fleet_depot,parcel_50248903900000010160000000,433,,,,,12502.414,10.686,
fleet_depot,parcel_50248903900000010170310000,484,,,,,2748.758,2.349,
fleet_depot,parcel_50248904600000010950000000,714,,,,,9487.647,8.109,
fleet_depot,parcel_50248903900000010170410000,484,,,,,1773.392,1.516,
fleet_depot,parcel_50248903900000010170050000,449,,,,,5586.185,4.775,
fleet_depot,parcel_50248903900000010180020000,620,,,,,9842.326,8.412,
fleet_depot,parcel_50248903900000010190000000,534,,,,,0.0,0.0,
fleet_depot,parcel_50248903900000010200000000,720,,,,,0.0,0.0,
fleet_depot,parcel_50248903800000010050000000,695,,,,,0.0,0.0,
fleet_depot,parcel_50248904700000010010380000,465,,,,,4167.471,3.562,
fleet_depot,parcel_50248904700000010010010000,433,,,,,3724.123,3.183,
fleet_depot,parcel_50248904600000010691910000,465,,,,,3724.123,3.183,
fleet_depot,parcel_50248904600000010691620000,456,,,,,20837.356,17.81,
fleet_depot,parcel_50248903900000010280040000,472,,,,,2482.749,2.122,
fleet_depot,parcel_50248903900000010280020000,695,,,,,0.0,0.0,
fleet_depot,parcel_50248904600000010691610000,440,,,,,4078.802,3.486,
fleet_depot,parcel_50248904600000010690170000,442,,,,,18709.286,15.991,
fleet_depot,parcel_50248904600000010560010000,820,,,,,0.0,0.0,
fleet_depot,parcel_50248904600000010040210000,464,,,,,4699.489,4.017,
fleet_depot,parcel_50248904600000010360070000,522,,,,,532.018,0.455,
fleet_depot,parcel_50248904600000010140310000,464,,,,,18088.599,15.46,
fleet_depot,parcel_50248904600000010020030000,620,,,,,14009.797,11.974,
fleet_depot,parcel_50248904600000010150020000,425,,,,,5763.524,4.926,
fleet_depot,parcel_50248905100000010010000000,613,,,,,0.0,0.0,
fleet_depot,parcel_50248904400000010260000000,474,,,,,0.0,0.0,
fleet_depot,parcel_50248905200000010510010099,833,,,,,1152.705,0.985,
fleet_depot,parcel_50248905100000010020000000,613,,,,,0.0,0.0,
fleet_depot,parcel_50248905200000010530000000,613,,,,,0.0,0.0,
fleet_depot,parcel_50248905200000010530000991,837,,,,,0.0,0.0,
fleet_depot,parcel_50248905200000010530000992,837,,,,,0.0,0.0,
fleet_depot,parcel_50248905900000010020000000,613,,,,,0.0,0.0,
fleet_depot,parcel_50248905100000010200520000,555,,,,,24384.14,20.841,
fleet_depot,parcel_50248905000000010330510000,714,,,,,798.026,0.682,
fleet_depot,parcel_50248906000000010070000099,837,,,,,0.0,0.0,
fleet_depot,parcel_50248906300000010150510000,438,,,,,0.0,0.0,
fleet_depot,parcel_50248906300000010150030000,581,,,,,0.0,0.0,
fleet_depot,parcel_50248902600000010230000000,441,,,,,2216.74,1.895,
fleet_depot,parcel_50240300500000040050000000,433,,,,,2216.74,1.895,
fleet_depot,parcel_50240300100000020010630000,472,,,,,3103.436,2.653,
fleet_depot,parcel_50240300400000020010000000,591,,,,,0.0,0.0,
fleet_depot,parcel_50240300100000010040000000,591,,,,,0.0,0.0,
fleet_depot,parcel_50240300400000010090000000,464,,,,,2216.74,1.895,
fleet_depot,parcel_50240300400000010080000000,620,,,,,0.0,0.0,
fleet_depot,parcel_50240300400000020110000000,485,,,,,4078.802,3.486,
fleet_depot,parcel_50240300400000020190000000,483,,,,,2837.427,2.425,
fleet_depot,parcel_50240300500000020080000000,612,,,,,14098.467,12.05,
fleet_depot,parcel_50240300500000020090000000,620,,,,,2305.41,1.97,
fleet_depot,parcel_50240300500000020280000000,440,,,,,7359.577,6.29,
fleet_depot,parcel_50240300400000040120000000,710,,,,,4167.471,3.562,
fleet_depot,parcel_50240300400000040010000000,483,,,,,2216.74,1.895,
fleet_depot,parcel_50240300400000040110000000,662,,,,,9132.969,7.806,
fleet_depot,parcel_50240300400000040100000000,590,,,,,0.0,0.0,
fleet_depot,parcel_50240300400000050110220000,591,,,,,0.0,0.0,
fleet_depot,parcel_50240300400000050180000000,485,,,,,6916.229,5.911,
fleet_depot,parcel_50240300300000020040000000,652,,,,,2039.401,1.743,
fleet_depot,parcel_50240300300000020050030000,651,,,,,2748.758,2.349,
fleet_depot,parcel_50240300300000020080220000,433,,,,,2039.401,1.743,
fleet_depot,parcel_50240300300000010050020000,620,,,,,1418.714,1.213,
fleet_depot,parcel_50240300400000050110110000,633,,,,,26689.55,22.812,
fleet_depot,parcel_50240300400000050080000000,831,,,,,0.0,0.0,
fleet_depot,parcel_50240300100000020010640000,465,,,,,2837.427,2.425,
fleet_depot,parcel_50240300100000020016110000,449,,,,,4788.158,4.092,
fleet_depot,parcel_50240300300000020050010000,650,,,,,0.0,0.0,
fleet_depot,parcel_50240300300000020050020000,650,,,,,0.0,0.0,
fleet_depot,parcel_50240300700000010020010000,853,,,,,0.0,0.0,
fleet_depot,parcel_50240300700000010020020000,612,,,,,7891.595,6.745,
fleet_depot,parcel_50288903600000010210010000,449,,,,,4344.81,3.714,
fleet_depot,parcel_50288903700000010010220000,552,,,,,4522.15,3.865,
fleet_depot,parcel_50288903800000080150020000,431,,,,,3014.766,2.577,
fleet_depot,parcel_50288903800000080140010000,431,,,,,6295.542,5.381,
fleet_depot,parcel_50288903800000080160000000,612,,,,,15162.502,12.959,
fleet_depot,parcel_50288903800000080090000000,662,,,,,11793.057,10.08,
fleet_depot,parcel_50248902100000010020040000,440,,,,,620.687,0.531,
fleet_depot,parcel_50248902200000010060030000,484,,,,,620.687,0.531,
fleet_depot,parcel_50288901800000010040000000,620,,,,,886.696,0.758,
fleet_depot,parcel_50288901700000010040010000,449,,,,,6650.22,5.684,
fleet_depot,parcel_50288901900000010100000099,837,,,,,0.0,0.0,
fleet_depot,parcel_50288902800000010030020000,440,,,,,1064.035,0.909,
fleet_depot,parcel_50288902800000010290020000,522,,,,,0.0,0.0,
fleet_depot,parcel_50288902800000010070010000,873,,,,,0.0,0.0,
fleet_depot,parcel_50288902000000010380000000,695,,,,,0.0,0.0,
fleet_depot,parcel_50288902000000010360110000,472,,,,,1064.035,0.909,
fleet_depot,parcel_50288902000000010350000000,440,,,,,1596.053,1.364,
fleet_depot,parcel_50288902700000010270000000,557,,,,,1064.035,0.909,
fleet_depot,parcel_50288902000000010240000000,822,,,,,0.0,0.0,
fleet_depot,parcel_50288912100000010200120000,710,,,,,2571.418,2.198,
fleet_depot,parcel_50288912100000010200110000,433,,,,,886.696,0.758,
fleet_depot,parcel_50288912100000010200040000,433,,,,,620.687,0.531,
fleet_depot,parcel_50288912100000010200030000,433,,,,,798.026,0.682,
fleet_depot,parcel_50288912100000010200060000,442,,,,,2482.749,2.122,
fleet_depot,parcel_50288902700000010280030000,822,,,,,0.0,0.0,
fleet_depot,parcel_50288903100000010100020000,484,,,,,3369.445,2.88,
fleet_depot,parcel_50288902600000010180000000,592,,,,,0.0,0.0,
fleet_depot,parcel_50288932100000040020000000,720,,,,,709.357,0.606,
fleet_depot,parcel_50288932100000030020000000,720,,,,,0.0,0.0,
fleet_depot,parcel_50288922100000020010220000,546,,,,,3812.793,3.259,
fleet_depot,parcel_50288901600000010320440000,695,,,,,0.0,0.0,
fleet_depot,parcel_50288922100000010070010000,620,,,,,4699.489,4.017,
fleet_depot,parcel_50288922100000010020000000,425,,,,,709.357,0.606,
fleet_depot,parcel_50288912100000010050000000,449,,,,,266.009,0.227,
fleet_depot,parcel_50288922100000030050000000,822,,,,,0.0,0.0,
fleet_depot,parcel_50288922100000030060000000,822,,,,,0.0,0.0,
fleet_depot,parcel_50288901600000010040620000,449,,,,,4699.489,4.017,
fleet_depot,parcel_50288901600000010040420000,440,,,,,2216.74,1.895,
fleet_depot,parcel_50288901600000010040710000,720,,,,,1418.714,1.213,
fleet_depot,parcel_50288901600000010040740000,720,,,,,0.0,0.0,
fleet_depot,parcel_50288901600000010030020000,720,,,,,0.0,0.0,
fleet_depot,parcel_50288901600000010030030000,720,,,,,0.0,0.0,
fleet_depot,parcel_50288901600000010030010000,720,,,,,0.0,0.0,
fleet_depot,parcel_50288901400000010330000000,620,,,,,2305.41,1.97,
fleet_depot,parcel_50288902500000010040010000,682,,,,,5940.863,5.078,
fleet_depot,parcel_50288902400000010120000000,695,,,,,0.0,0.0,
fleet_depot,parcel_50288902300000010190010000,695,,,,,0.0,0.0,
fleet_depot,parcel_50288903500000010250020000,442,,,,,11172.37,9.549,
fleet_depot,parcel_50288903500000010270010099,837,,,,,0.0,0.0,
fleet_depot,parcel_50288903100000010050000099,837,,,,,0.0,0.0,
fleet_depot,parcel_50288903600000010430000000,695,,,,,0.0,0.0,
fleet_depot,parcel_50288903600000010230000000,872,,,,,0.0,0.0,
fleet_depot,parcel_50288903600000010210030000,620,,,,,3369.445,2.88,
fleet_depot,parcel_50280130800000010020020000,485,,,,,3014.766,2.577,
fleet_depot,parcel_50280130800000010030010000,455,,,,,14098.467,12.05,
fleet_depot,parcel_50280130800000010010010000,715,,,,,7004.899,5.987,
fleet_depot,parcel_50280100300000020050000000,695,,,,,0.0,0.0,
fleet_depot,parcel_50280100300000020030010000,822,,,,,0.0,0.0,
fleet_depot,parcel_50280100300000020040000000,822,,,,,177.339,0.152,
fleet_depot,parcel_50280100400000020190000000,471,,,,,1507.383,1.288,
fleet_depot,parcel_50280130800000010010030000,440,,,,,11527.048,9.852,
fleet_depot,parcel_50280120800000020040120000,642,,,,,3635.454,3.107,
fleet_depot,parcel_50280110800000020390020000,592,,,,,0.0,0.0,
fleet_depot,parcel_50280101300000020010000000,620,,,,,3724.123,3.183,
fleet_depot,parcel_50280100900000050100000000,620,,,,,532.018,0.455,
fleet_depot,parcel_50280110800000020060000000,592,,,,,0.0,0.0,
fleet_depot,parcel_50280110800000020370000000,612,,,,,34315.136,29.329,
fleet_depot,parcel_50280110800000020090000000,438,,,,,0.0,0.0,
fleet_depot,parcel_50280100700000030020000000,438,,,,,0.0,0.0,
fleet_depot,parcel_50280100500000040190010000,438,,,,,0.0,0.0,
fleet_depot,parcel_50280100700000030030000000,620,,,,,975.366,0.834,
fleet_depot,parcel_50280100700000030210020000,471,,,,,1241.374,1.061,
fleet_depot,parcel_50280100700000030220010000,457,,,,,709.357,0.606,
fleet_depot,parcel_50280100700000030240000000,433,,,,,1507.383,1.288,
fleet_depot,parcel_50280100700000030230000000,485,,,,,1241.374,1.061,
fleet_depot,parcel_50280100700000030010000000,484,,,,,266.009,0.227,
fleet_depot,parcel_50280100700000020140000000,449,,,,,1064.035,0.909,
fleet_depot,parcel_50280100700000020240000000,456,,,,,2837.427,2.425,
fleet_depot,parcel_50280100700000020130120000,449,,,,,975.366,0.834,
fleet_depot,parcel_50280100700000020150000000,486,,,,,1950.731,1.667,
fleet_depot,parcel_50280100700000020220010000,485,,,,,3280.775,2.804,
fleet_depot,parcel_50280100700000020180000000,652,,,,,5320.176,4.547,
fleet_depot,parcel_50280100700000040010000000,482,,,,,1507.383,1.288,
fleet_depot,parcel_50280100700000040270000000,632,,,,,1773.392,1.516,
fleet_depot,parcel_50280101000000040040000000,433,,,,,1596.053,1.364,
fleet_depot,parcel_50280101000000040070000000,831,,,,,0.0,0.0,
fleet_depot,parcel_50280101000000040050000000,484,,,,,798.026,0.682,
fleet_depot,parcel_50280100700000020250040000,633,,,,,16492.546,14.096,
fleet_depot,parcel_50280101000000040020000000,465,,,,,798.026,0.682,
fleet_depot,parcel_50280100700000020130110000,423,,,,,177.339,0.152,
fleet_depot,parcel_50280100700000020250030000,633,,,,,11970.396,10.231,
fleet_depot,parcel_50280100700000020250010000,614,,,,,4876.828,4.168,
fleet_depot,parcel_50280100700000020250020000,642,,,,,4788.158,4.092,
fleet_depot,parcel_50280101000000020190000000,710,,,,,4522.15,3.865,
fleet_depot,parcel_50280101100000010010020000,612,,,,,48590.942,41.531,
fleet_depot,parcel_50280101000000040230010000,422,,,,,443.348,0.379,
fleet_depot,parcel_50280101000000040230020000,433,,,,,798.026,0.682,
fleet_depot,parcel_50280101000000040240000000,449,,,,,709.357,0.606,
fleet_depot,parcel_50280101000000040010010000,436,,,,,443.348,0.379,
fleet_depot,parcel_50280101100000020030010000,590,,,,,0.0,0.0,
fleet_depot,parcel_50280100700000010010020000,554,,,,,354.678,0.303,
fleet_depot,parcel_50280100600000010320000000,651,,,,,4256.141,3.638,
fleet_depot,parcel_50280100500000050240010000,450,,,,,443.348,0.379,
fleet_depot,parcel_50280100500000050210000000,438,,,,,0.0,0.0,
fleet_depot,parcel_50280100500000050150000000,691,,,,,1064.035,0.909,
fleet_depot,parcel_50280100500000050160000000,483,,,,,443.348,0.379,
fleet_depot,parcel_50280100500000050170010000,486,,,,,620.687,0.531,
fleet_depot,parcel_50280100500000050190000000,456,,,,,2748.758,2.349,
fleet_depot,parcel_50280100500000050230000000,541,,,,,2926.097,2.501,
fleet_depot,parcel_50280100500000050220000000,482,,,,,1596.053,1.364,
fleet_depot,parcel_50280100500000040230000000,438,,,,,0.0,0.0,
fleet_depot,parcel_50280100500000040240000000,461,,,,,3546.784,3.031,
fleet_depot,parcel_50280100500000040290000000,485,,,,,2394.079,2.046,
fleet_depot,parcel_50280100500000040030000000,611,,,,,1152.705,0.985,
fleet_depot,parcel_50280100500000040330000000,438,,,,,0.0,0.0,
fleet_depot,parcel_50280100500000040050220000,662,,,,,975.366,0.834,
fleet_depot,parcel_50280100500000040320020000,482,,,,,2039.401,1.743,
fleet_depot,parcel_50280100500000040310000000,483,,,,,1862.062,1.592,
fleet_depot,parcel_50280100500000040300000000,483,,,,,709.357,0.606,
fleet_depot,parcel_50280100500000050100000000,481,,,,,1241.374,1.061,
fleet_depot,parcel_50280100500000050070000000,438,,,,,0.0,0.0,
fleet_depot,parcel_50280100500000050130000000,483,,,,,1507.383,1.288,
fleet_depot,parcel_50280100500000050110000000,483,,,,,1330.044,1.137,
fleet_depot,parcel_50280100500000050040000000,481,,,,,1241.374,1.061,
fleet_depot,parcel_50280100500000050030000099,837,,,,,0.0,0.0,
fleet_depot,parcel_50280100500000050030000000,481,,,,,2305.41,1.97,
fleet_depot,parcel_50280100500000050050000000,481,,,,,1684.722,1.44,
fleet_depot,parcel_50280100500000050060020000,481,,,,,443.348,0.379,
fleet_depot,parcel_50280100500000050060010000,481,,,,,620.687,0.531,
fleet_depot,parcel_50280100500000040340000000,481,,,,,975.366,0.834,
fleet_depot,parcel_50280100500000040350000000,481,,,,,709.357,0.606,
fleet_depot,parcel_50280100500000040360000000,481,,,,,266.009,0.227,
fleet_depot,parcel_50280100500000040010000000,483,,,,,2394.079,2.046,
fleet_depot,parcel_50280100500000040020000000,652,,,,,2305.41,1.97,
fleet_depot,parcel_50280100500000020110000000,484,,,,,798.026,0.682,
fleet_depot,parcel_50280100500000010090000000,483,,,,,1064.035,0.909,
fleet_depot,parcel_50280100600000010310000000,652,,,,,8246.273,7.048,
fleet_depot,parcel_50280100500000010020000000,444,,,,,7004.899,5.987,
fleet_depot,parcel_50280100600000010010000000,720,,,,,0.0,0.0,
fleet_depot,parcel_50280100200000020190020000,485,,,,,975.366,0.834,
fleet_depot,parcel_50280100100000020030030000,421,,,,,2394.079,2.046,
fleet_depot,parcel_50280100200000010020000000,853,,,,,532.018,0.455,
fleet_depot,parcel_50280100200000020100010000,442,,,,,1064.035,0.909,
fleet_depot,parcel_50280100500000010030000000,651,,,,,0.0,0.0,
fleet_depot,parcel_50280100500000010070000000,483,,,,,1152.705,0.985,
fleet_depot,parcel_50280100500000020140010000,484,,,,,4078.802,3.486,
fleet_depot,parcel_50280100500000020060000000,650,,,,,886.696,0.758,
fleet_depot,parcel_50280100500000020050000000,483,,,,,709.357,0.606,
fleet_depot,parcel_50280100500000030010000000,620,,,,,1330.044,1.137,
fleet_depot,parcel_50280100300000010020000000,695,,,,,266.009,0.227,
fleet_depot,parcel_50328901900000010210030000,472,,,,,4965.498,4.244,
fleet_depot,parcel_50328900800000010240010000,695,,,,,0.0,0.0,
fleet_depot,parcel_50328900800000010190020000,455,,,,,709.357,0.606,
fleet_depot,parcel_50328900800000010160000000,422,,,,,1064.035,0.909,
fleet_depot,parcel_50328900700000010220000000,695,,,,,0.0,0.0,
fleet_depot,parcel_50328900800000010290000000,534,,,,,620.687,0.531,
fleet_depot,parcel_50328902000000010080010000,695,,,,,0.0,0.0,
fleet_depot,parcel_50328902000000010150010000,695,,,,,0.0,0.0,
fleet_depot,parcel_50328902000000010280000000,695,,,,,0.0,0.0,
fleet_depot,parcel_50328902800000010010000099,837,,,,,0.0,0.0,
fleet_depot,parcel_50328903000000010262320000,465,,,,,975.366,0.834,
fleet_depot,parcel_50328903000000010300010000,682,,,,,709.357,0.606,
fleet_depot,parcel_50328903000000010260270000,712,,,,,1684.722,1.44,
fleet_depot,parcel_50328903000000010282130000,440,,,,,1418.714,1.213,
fleet_depot,parcel_50328903000000010282120000,440,,,,,1152.705,0.985,
fleet_depot,parcel_50288903800000040050000000,483,,,,,35822.519,30.618,
fleet_depot,parcel_50288903800000030030000000,620,,,,,52847.083,45.168,
fleet_depot,parcel_50200001400000010240000000,695,,,,,0.0,0.0,
fleet_depot,parcel_50200001500000010070000000,720,,,,,0.0,0.0,
fleet_depot,parcel_50200001500000010240000000,720,,,,,0.0,0.0,
fleet_depot,parcel_50200001500000010060000000,720,,,,,0.0,0.0,
fleet_depot,parcel_50200001500000010100000000,620,,,,,29349.638,25.085,
fleet_depot,parcel_50200001500000010140000000,620,,,,,5674.855,4.85,
fleet_depot,parcel_50200001000000040010000000,695,,,,,0.0,0.0,
fleet_depot,parcel_50200003300000010060000000,695,,,,,0.0,0.0,
fleet_depot,parcel_50200001500000010580000099,837,,,,,0.0,0.0,
fleet_depot,parcel_50200002400000010190020000,613,,,,,0.0,0.0,
fleet_depot,parcel_50200001700000010292510000,472,,,,,7536.916,6.442,
fleet_depot,parcel_50200002200000010280000000,695,,,,,0.0,0.0,
fleet_depot,parcel_50200002100000010270000000,620,,,,,4078.802,3.486,
fleet_depot,parcel_50200002100000010030020991,837,,,,,0.0,0.0,
fleet_depot,parcel_50200002100000010030020992,837,,,,,0.0,0.0,
fleet_depot,parcel_50200002100000010260000000,695,,,,,0.0,0.0,
fleet_depot,parcel_50200000700000010410000000,695,,,,,0.0,0.0,
fleet_depot,parcel_50200000800000010640000000,449,,,,,17290.572,14.778,
fleet_depot,parcel_50200000800000010140000000,449,,,,,10108.335,8.64,
fleet_depot,parcel_50200000300000040040000000,472,,,,,2571.418,2.198,
fleet_depot,parcel_50200000300000040010000000,831,,,,,2216.74,1.895,
fleet_depot,parcel_50200000800000010230000000,695,,,,,0.0,0.0,
fleet_depot,parcel_50200000800000010410000000,692,,,,,0.0,0.0,
fleet_depot,parcel_50200000900000010290020000,484,,,,,12502.414,10.686,
fleet_depot,parcel_50200000800000010480020000,651,,,,,8157.603,6.972,
fleet_depot,parcel_50200000800000010470020000,651,,,,,2394.079,2.046,
fleet_depot,parcel_50200000900000010350240000,662,,,,,16669.885,14.248,
fleet_depot,parcel_50200001000000020020000000,695,,,,,0.0,0.0,
fleet_depot,parcel_50200001000000030150020000,682,,,,,0.0,0.0,
fleet_depot,parcel_50200001000000030150010000,682,,,,,0.0,0.0,
fleet_depot,parcel_50200001000000050100020000,620,,,,,3724.123,3.183,
fleet_depot,parcel_50200001000000050080000000,682,,,,,10019.665,8.564,
fleet_depot,parcel_50200001200000010240000000,484,,,,,5142.837,4.396,
fleet_depot,parcel_50200001200000010320000000,483,,,,,3990.132,3.41,
fleet_depot,parcel_50200001100000010140000000,485,,,,,6650.22,5.684,
fleet_depot,parcel_50200001400000010140000000,872,,,,,0.0,0.0,
fleet_depot,parcel_50200001200000010010130000,714,,,,,5054.167,4.32,
fleet_depot,parcel_50200001200000010010120000,442,,,,,12768.423,10.913,
fleet_depot,parcel_50200001300000010270000000,695,,,,,0.0,0.0,
fleet_depot,parcel_50200002100000010120060000,877,,,,,0.0,0.0,
fleet_depot,parcel_50200003100000010010050000,670,,,,,93014.412,79.499,
fleet_depot,parcel_50220001200000010080010000,455,,,,,7004.899,5.987,
fleet_depot,parcel_50200000100000010440000000,695,,,,,0.0,0.0,
fleet_depot,parcel_50200000900000010393210000,424,,,,,6650.22,5.684,
fleet_depot,parcel_50200000900000010170010000,620,,,,,12059.066,10.307,
fleet_depot,parcel_50200000900000010590000000,485,,,,,7182.238,6.139,
fleet_depot,parcel_50200000100000010420000000,433,,,,,1418.714,1.213,
fleet_depot,parcel_50200000100000010430000000,449,,,,,5408.846,4.623,
fleet_depot,parcel_50200001100000010020020000,484,,,,,1773.392,1.516,
fleet_depot,parcel_50200000900000010680020000,877,,,,,0.0,0.0,
fleet_depot,parcel_50200000900000010070040000,442,,,,,13477.779,11.519,
fleet_depot,parcel_50300100700000010010000000,853,,,,,3635.454,3.107,
fleet_depot,parcel_50300101300000060070000000,590,,,,,0.0,0.0,
fleet_depot,parcel_50300101500000010010020000,695,,,,,0.0,0.0,
fleet_depot,parcel_50300101400000080010000000,620,,,,,13123.101,11.216,
fleet_depot,parcel_50300101400000060030000000,613,,,,,10729.022,9.17,
fleet_depot,parcel_50300101400000060010000000,613,,,,,16935.894,14.475,
fleet_depot,parcel_50300101400000040020020000,613,,,,,63398.765,54.187,
fleet_depot,parcel_50300101100000020250000000,822,,,,,0.0,0.0,
fleet_depot,parcel_50300101100000020240000000,651,,,,,4344.81,3.714,
fleet_depot,parcel_50300100900000060010000000,612,,,,,32630.413,27.889,
fleet_depot,parcel_50300101000000030030000000,483,,,,,975.366,0.834,
fleet_depot,parcel_50300101000000030050040000,485,,,,,5054.167,4.32,
fleet_depot,parcel_50300101000000030060000000,465,,,,,3635.454,3.107,
fleet_depot,parcel_50300101000000040030000000,662,,,,,11349.709,9.701,
fleet_depot,parcel_50300101000000040020000000,883,,,,,88.67,0.076,
fleet_depot,parcel_50300101000000040010020000,452,,,,,34137.797,29.178,
fleet_depot,parcel_50300101000000040010020001,462,,,,,1684.722,1.44,
fleet_depot,parcel_50300101000000040010020002,465,,,,,18709.286,15.991,
fleet_depot,parcel_50300100500000030180020000,486,,,,,798.026,0.682,
fleet_depot,parcel_50300100500000030180030000,652,,,,,3014.766,2.577,
fleet_depot,parcel_50300101000000030050220000,457,,,,,1241.374,1.061,
fleet_depot,parcel_50300101000000030050210000,465,,,,,3724.123,3.183,
fleet_depot,parcel_50300100500000030190020000,464,,,,,3458.114,2.956,
fleet_depot,parcel_50300100500000030190010000,465,,,,,5497.515,4.699,
fleet_depot,parcel_50300100500000030180010000,464,,,,,14541.815,12.429,
fleet_depot,parcel_50300101000000050050000000,553,,,,,1330.044,1.137,
fleet_depot,parcel_50300101000000050010000000,483,,,,,975.366,0.834,
fleet_depot,parcel_50300101000000040060020000,464,,,,,1507.383,1.288,
fleet_depot,parcel_50300101000000040060010000,831,,,,,6118.203,5.229,
fleet_depot,parcel_50300101000000040060010099,837,,,,,0.0,0.0,
fleet_depot,parcel_50300101100000020050000000,695,,,,,266.009,0.227,
fleet_depot,parcel_50300100300000010010000000,633,,,,,241092.647,206.062,
fleet_depot,parcel_50220002300000010160000000,534,,,,,2482.749,2.122,
fleet_depot,parcel_50220001500000010200020000,557,,,,,975.366,0.834,
fleet_depot,parcel_50220001400000010140000000,695,,,,,0.0,0.0,
fleet_depot,parcel_50220000800000010120150000,472,,,,,1064.035,0.909,
fleet_depot,parcel_50220001000000010050000000,614,,,,,16315.207,13.945,
fleet_depot,parcel_50220001000000010160000000,662,,,,,5940.863,5.078,
fleet_depot,parcel_50220001000000010130000000,485,,,,,2837.427,2.425,
fleet_depot,parcel_50220000700000010920210000,440,,,,,2926.097,2.501,
fleet_depot,parcel_50220000700000010481220000,475,,,,,1330.044,1.137,
fleet_depot,parcel_50220001000000010820020000,449,,,,,6827.559,5.836,
fleet_depot,parcel_50220001000000010820010000,651,,,,,5586.185,4.775,
fleet_depot,parcel_50220001000000010780000000,590,,,,,0.0,0.0,
fleet_depot,parcel_50220001000000010270000000,433,,,,,1330.044,1.137,
fleet_depot,parcel_50220001000000010230000000,652,,,,,3103.436,2.653,
fleet_depot,parcel_50220001000000010450000000,620,,,,,6029.533,5.153,
fleet_depot,parcel_50220000600000010190000000,695,,,,,0.0,0.0,
fleet_depot,parcel_50220000600000010212220099,837,,,,,0.0,0.0,
fleet_depot,parcel_50220001300000010012220000,837,,,,,354.678,0.303,
fleet_depot,parcel_50220000300000010060000000,833,,,,,0.0,0.0,
fleet_depot,parcel_50220000200000010170320000,614,,,,,7093.568,6.063,
fleet_depot,parcel_50220000200000010070000000,534,,,,,1684.722,1.44,
fleet_depot,parcel_50220000200000010330000000,474,,,,,0.0,0.0,
fleet_depot,parcel_50220000200000010350110000,442,,,,,19063.964,16.294,
fleet_depot,parcel_50220000200000010370000000,484,,,,,2482.749,2.122,
fleet_depot,parcel_50220000100000010250010000,710,,,,,48590.942,41.531,
fleet_depot,parcel_50220000100000010240010000,871,,,,,0.0,0.0,
fleet_depot,parcel_50220000100000010030320000,484,,,,,2128.07,1.819,
fleet_depot,parcel_50248907500000010460000000,695,,,,,0.0,0.0,
fleet_depot,parcel_50248907500000010430820000,695,,,,,0.0,0.0,
fleet_depot,parcel_50248906600000010180000000,883,,,,,13034.431,11.141,
fleet_depot,parcel_50248906600000010170030000,613,,,,,0.0,0.0,
fleet_depot,parcel_50248906600000010170040000,613,,,,,0.0,0.0,
fleet_depot,parcel_50248906600000010220000000,883,,,,,2128.07,1.819,
fleet_depot,parcel_50248906600000010090010000,613,,,,,0.0,0.0,
fleet_depot,parcel_50248906600000010070020000,613,,,,,0.0,0.0,
fleet_depot,parcel_50248906600000010040010000,590,,,,,0.0,0.0,
fleet_depot,parcel_50248906700000010760000000,613,,,,,0.0,0.0,
fleet_depot,parcel_50248905700000010320000000,613,,,,,0.0,0.0,
fleet_depot,parcel_50248905700000010060010000,613,,,,,1152.705,0.985,
fleet_depot,parcel_50248906700000010070030000,613,,,,,0.0,0.0,
fleet_depot,parcel_50248906700000010070020000,613,,,,,3901.462,3.335,
fleet_depot,parcel_50248906700000010730000000,613,,,,,8512.282,7.275,
fleet_depot,parcel_50248906700000010710080000,620,,,,,3014.766,2.577,
fleet_depot,parcel_50248906700000010670030000,464,,,,,2660.088,2.274,
fleet_depot,parcel_50248906700000010670020000,720,,,,,1862.062,1.592,
fleet_depot,parcel_50248906700000010630150000,720,,,,,0.0,0.0,
fleet_depot,parcel_50248906700000010230010000,613,,,,,0.0,0.0,
fleet_depot,parcel_50248906800000010050000000,835,,,,,620.687,0.531,
fleet_depot,parcel_50248906800000010130010000,695,,,,,0.0,0.0,
fleet_depot,parcel_50248907300000020040020000,714,,,,,15960.528,13.641,
fleet_depot,parcel_50248907200000040050000000,620,,,,,1241.374,1.061,
fleet_depot,parcel_50248907100000010110030000,620,,,,,2926.097,2.501,
fleet_depot,parcel_50248907100000010120000000,464,,,,,1862.062,1.592,
fleet_depot,parcel_50248907100000010130000000,620,,,,,9487.647,8.109,
fleet_depot,parcel_50248905700000010010000000,650,,,,,0.0,0.0,
fleet_depot,parcel_50248905700000010050000000,613,,,,,0.0,0.0,
fleet_depot,parcel_50248905700000010060040000,613,,,,,0.0,0.0,
fleet_depot,parcel_50248905600000050190020000,613,,,,,0.0,0.0,
fleet_depot,parcel_50248905700000010060020000,613,,,,,0.0,0.0,
fleet_depot,parcel_50248905700000010060030000,613,,,,,0.0,0.0,
fleet_depot,parcel_50248905600000050050000000,430,,,,,4344.81,3.714,
fleet_depot,parcel_50248905600000050080010000,433,,,,,2216.74,1.895,
fleet_depot,parcel_50248905600000040020000000,482,,,,,6738.89,5.76,
fleet_depot,parcel_50248905600000030070000000,440,,,,,1684.722,1.44,
fleet_depot,parcel_50248905600000050130000000,620,,,,,2039.401,1.743,
fleet_depot,parcel_50248905600000050080020000,662,,,,,2482.749,2.122,
fleet_depot,parcel_50248905600000030130000000,464,,,,,2039.401,1.743,
fleet_depot,parcel_50248905300000010030030000,845,,,,,0.0,0.0,
fleet_depot,parcel_50248905300000010020000000,613,,,,,7182.238,6.139,
fleet_depot,parcel_50248905600000030220000000,613,,,,,0.0,0.0,
fleet_depot,parcel_50248905600000020020020000,613,,,,,0.0,0.0,
fleet_depot,parcel_50248905300000010010000000,613,,,,,0.0,0.0,
fleet_depot,parcel_50248905300000010080000000,613,,,,,0.0,0.0,
fleet_depot,parcel_50248905300000010110000000,613,,,,,0.0,0.0,
fleet_depot,parcel_50248905300000010120000000,613,,,,,0.0,0.0,
fleet_depot,parcel_50248905300000010090020000,613,,,,,0.0,0.0,
fleet_depot,parcel_50248905300000010100000000,613,,,,,0.0,0.0,
fleet_depot,parcel_50248905300000010030010000,613,,,,,0.0,0.0,
fleet_depot,parcel_50248905500000010130130000,662,,,,,6384.211,5.457,
fleet_depot,parcel_50248905500000010130120000,415,,,,,5497.515,4.699,
fleet_depot,parcel_50248905700000010310000000,613,,,,,0.0,0.0,
fleet_depot,parcel_50248905400000010090050000,440,,,,,13921.127,11.898,
fleet_depot,parcel_50248905400000010120000000,421,,,,,2039.401,1.743,
fleet_depot,parcel_50248905400000010090060000,442,,,,,4876.828,4.168,
fleet_depot,parcel_50248905400000010080000000,464,,,,,620.687,0.531,
fleet_depot,parcel_50248905300000010160000000,613,,,,,0.0,0.0,
fleet_depot,parcel_50248905200000010040110000,457,,,,,2748.758,2.349,
fleet_depot,parcel_50248905200000010040060000,465,,,,,6029.533,5.153,
fleet_depot,parcel_50248905200000010040090000,464,,,,,2305.41,1.97,
fleet_depot,parcel_50248905200000010040420000,457,,,,,4788.158,4.092,
fleet_depot,parcel_50248905200000010040100000,433,,,,,13123.101,11.216,
fleet_depot,parcel_50248905200000010040320000,710,,,,,135132.473,115.498,
fleet_depot,parcel_50248905200000010040120000,449,,,,,11261.039,9.625,
fleet_depot,parcel_50248905200000010040020000,455,,,,,11083.7,9.473,
fleet_depot,parcel_50248905200000010050000000,872,,,,,0.0,0.0,
fleet_depot,parcel_50248905200000010040520000,449,,,,,8512.282,7.275,
fleet_depot,parcel_50248905200000010041110000,440,,,,,21990.061,18.795,
fleet_depot,parcel_50248905200000010080050000,442,,,,,27132.898,23.191,
fleet_depot,parcel_50248905200000010130010000,421,,,,,2128.07,1.819,
fleet_depot,parcel_50248905200000010080010000,484,,,,,3280.775,2.804,
fleet_depot,parcel_50248905200000010080060000,456,,,,,6029.533,5.153,
fleet_depot,parcel_50248905200000010080030000,486,,,,,1773.392,1.516,
fleet_depot,parcel_50248905200000010080040000,457,,,,,798.026,0.682,
fleet_depot,parcel_50248904400000010023320000,442,,,,,7980.264,6.821,
fleet_depot,parcel_50248904400000010023310000,831,,,,,620.687,0.531,
fleet_depot,parcel_50248905200000010010110000,720,,,,,9664.987,8.261,
fleet_depot,parcel_50248904400000010023210000,590,,,,,0.0,0.0,
fleet_depot,parcel_50248904200000010390030000,682,,,,,2926.097,2.501,
fleet_depot,parcel_50248904200000010350020000,442,,,,,28462.942,24.327,
fleet_depot,parcel_50248904200000010350030000,440,,,,,16226.537,13.869,
fleet_depot,parcel_50248904200000010300000000,613,,,,,0.0,0.0,
fleet_depot,parcel_50248904200000010120000000,615,,,,,0.0,0.0,
fleet_depot,parcel_50248904200000010090110000,444,,,,,7004.899,5.987,
fleet_depot,parcel_50248904200000010290000000,440,,,,,5320.176,4.547,
fleet_depot,parcel_50248904200000010440000000,615,,,,,0.0,0.0,
fleet_depot,parcel_50248904200000010090120000,455,,,,,4788.158,4.092,
fleet_depot,parcel_50248904200000010100000000,485,,,,,2482.749,2.122,
fleet_depot,parcel_50248904300000020010020000,710,,,,,12059.066,10.307,
fleet_depot,parcel_50248904200000010310060000,710,,,,,32098.396,27.435,
fleet_depot,parcel_50248904200000010310030000,661,,,,,20837.356,17.81,
fleet_depot,parcel_50248904200000010310050000,650,,,,,3369.445,2.88,
fleet_depot,parcel_50248904200000010310210000,465,,,,,2748.758,2.349,
fleet_depot,parcel_50248904300000010290060000,440,,,,,13389.11,11.444,
fleet_depot,parcel_50248904300000010300000000,681,,,,,0.0,0.0,
fleet_depot,parcel_50248904300000020030020000,464,,,,,5586.185,4.775,
fleet_depot,parcel_50248904300000020010030000,710,,,,,3458.114,2.956,
fleet_depot,parcel_50248904300000010330020000,642,,,,,16581.216,14.172,
fleet_depot,parcel_50248904300000010330110000,449,,,,,3103.436,2.653,
fleet_depot,parcel_50248904300000010331210000,442,,,,,43536.774,37.211,
fleet_depot,parcel_50248904300000010230020000,449,,,,,6295.542,5.381,
fleet_depot,parcel_50248904200000010090020000,615,,,,,0.0,0.0,
fleet_depot,parcel_50248904300000010220000000,694,,,,,10285.674,8.791,
fleet_depot,parcel_50248904200000010110000000,615,,,,,0.0,0.0,
fleet_depot,parcel_50248904200000010050000000,615,,,,,0.0,0.0,
fleet_depot,parcel_50248904300000010030000000,615,,,,,0.0,0.0,
fleet_depot,parcel_50248904300000010190020000,449,,,,,8246.273,7.048,
fleet_depot,parcel_50248904300000010010000000,613,,,,,4078.802,3.486,
fleet_depot,parcel_50248904200000010070000000,615,,,,,0.0,0.0,
fleet_depot,parcel_50248904200000010060000000,615,,,,,0.0,0.0,
fleet_depot,parcel_50248904200000010010000000,650,,,,,0.0,0.0,
fleet_depot,parcel_50248904200000010020000000,844,,,,,0.0,0.0,
fleet_depot,parcel_50248904200000010030000000,613,,,,,0.0,0.0,
fleet_depot,parcel_50248904100000010080000000,844,,,,,0.0,0.0,
fleet_depot,parcel_50248904100000010180000000,613,,,,,0.0,0.0,
fleet_depot,parcel_50248904100000010190000000,613,,,,,0.0,0.0,
fleet_depot,parcel_50248904100000010240020000,613,,,,,1684.722,1.44,
fleet_depot,parcel_50248904100000010030000000,613,,,,,0.0,0.0,
fleet_depot,parcel_50248904100000010010000000,613,,,,,0.0,0.0,
fleet_depot,parcel_50248903100000010110000000,613,,,,,0.0,0.0,
fleet_depot,parcel_50248904400000010070000000,823,,,,,798.026,0.682,
fleet_depot,parcel_50248904500000010130000000,620,,,,,1596.053,1.364,
fleet_depot,parcel_50248904500000010140000000,650,,,,,1507.383,1.288,
fleet_depot,parcel_50248904400000010030170000,662,,,,,4610.819,3.941,
fleet_depot,parcel_50248905900000010220000000,613,,,,,0.0,0.0,
fleet_depot,parcel_50248906400000010080000000,695,,,,,0.0,0.0,
fleet_depot,parcel_50260000300000030110520099,837,,,,,0.0,0.0,
fleet_depot,parcel_50260000200000030100000000,552,,,,,0.0,0.0,
fleet_depot,parcel_50260000400000010210000000,695,,,,,0.0,0.0,
fleet_depot,parcel_50260000300000010060030000,552,,,,,0.0,0.0,
fleet_depot,parcel_50260000300000010100000000,552,,,,,5940.863,5.078,
fleet_depot,parcel_50260000400000020024150000,442,,,,,3103.436,2.653,
fleet_depot,parcel_50260000900000020040060000,484,,,,,886.696,0.758,
fleet_depot,parcel_50260000900000020030000000,433,,,,,709.357,0.606,
fleet_depot,parcel_50260000400000010080310000,442,,,,,3990.132,3.41,
fleet_depot,parcel_50260000400000010080320000,877,,,,,0.0,0.0,
fleet_depot,parcel_50260000400000010080420000,440,,,,,2748.758,2.349,
fleet_depot,parcel_50260000400000010120710000,484,,,,,1152.705,0.985,
fleet_depot,parcel_50260000900000010110010000,877,,,,,0.0,0.0,
fleet_depot,parcel_50260000800000030040210000,449,,,,,8068.934,6.897,
fleet_depot,parcel_50260000900000010260020000,440,,,,,2926.097,2.501,
fleet_depot,parcel_50260000400000020150000000,710,,,,,1684.722,1.44,
fleet_depot,parcel_50260000400000020070040000,710,,,,,28551.612,24.403,
fleet_depot,parcel_50260001000000010140030000,868,,,,,177.339,0.152,
fleet_depot,parcel_50260001500000020050050000,442,,,,,3369.445,2.88,
fleet_depot,parcel_50260001600000020120030000,440,,,,,798.026,0.682,
fleet_depot,parcel_50260001500000010120060000,720,,,,,0.0,0.0,
fleet_depot,parcel_50260001500000010100000000,431,,,,,5320.176,4.547,
fleet_depot,parcel_50260001600000020030000000,695,,,,,0.0,0.0,
fleet_depot,parcel_50260001400000040060000000,695,,,,,0.0,0.0,
fleet_depot,parcel_50260001400000020020080000,651,,,,,16226.537,13.869,
fleet_depot,parcel_50260001500000020010110000,472,,,,,2305.41,1.97,
fleet_depot,parcel_50260001100000020080030000,620,,,,,3192.106,2.728,
fleet_depot,parcel_50260001000000010020210000,440,,,,,2128.07,1.819,
fleet_depot,parcel_50260001100000020150010000,484,,,,,2128.07,1.819,
fleet_depot,parcel_50260001100000020220000000,695,,,,,0.0,0.0,
fleet_depot,parcel_50260000800000010120000000,695,,,,,0.0,0.0,
fleet_depot,parcel_50260000800000020091110000,438,,,,,0.0,0.0,
fleet_depot,parcel_50260000800000020090100000,484,,,,,4344.81,3.714,
fleet_depot,parcel_50260000800000030220000000,651,,,,,1507.383,1.288,
fleet_depot,parcel_50260000800000020120000000,652,,,,,3369.445,2.88,
fleet_depot,parcel_50260000800000020110000000,534,,,,,2926.097,2.501,
fleet_depot,parcel_50260000800000020090030000,651,,,,,4256.141,3.638,
fleet_depot,parcel_50260000800000020090060000,662,,,,,12147.735,10.383,
fleet_depot,parcel_50260000800000030280000000,692,,,,,0.0,0.0,
fleet_depot,parcel_50260000500000010130010000,456,,,,,6029.533,5.153,
fleet_depot,parcel_50260000800000010090000000,485,,,,,3724.123,3.183,
fleet_depot,parcel_50260000500000010120000000,486,,,,,3724.123,3.183,
fleet_depot,parcel_50260000800000010100000000,612,,,,,28285.603,24.176,
fleet_depot,parcel_50260000800000010070010000,484,,,,,2571.418,2.198,
fleet_depot,parcel_50260000700000030020000000,484,,,,,4167.471,3.562,
fleet_depot,parcel_50260001300000020020110000,424,,,,,1862.062,1.592,
fleet_depot,parcel_50070013000000040050000000,690,,,,,28462.942,24.327,
fleet_depot,parcel_50070013000000030010000000,456,,,,,14275.806,12.202,
fleet_depot,parcel_50070012800000020090020000,434,,,,,1418.714,1.213,
fleet_depot,parcel_50070012800000030030000000,692,,,,,0.0,0.0,
fleet_depot,parcel_50070013000000040070030000,692,,,,,0.0,0.0,
fleet_depot,parcel_50070012800000020070010000,414,,,,,7802.925,6.669,
fleet_depot,parcel_50070012900000020070000000,692,,,,,0.0,0.0,
fleet_depot,parcel_50070012800000020070020000,534,,,,,2394.079,2.046,
fleet_depot,parcel_50070012800000020010220000,484,,,,,4788.158,4.092,
fleet_depot,parcel_50070012900000010100110000,433,,,,,2748.758,2.349,
fleet_depot,parcel_50070012800000010040000000,426,,,,,2571.418,2.198,
fleet_depot,parcel_50070012800000010050000000,484,,,,,2128.07,1.819,
fleet_depot,parcel_50070012800000010060010000,452,,,,,32807.753,28.041,
fleet_depot,parcel_50070012600000010020130000,485,,,,,3192.106,2.728,
fleet_depot,parcel_50070012600000010020140000,546,,,,,5586.185,4.775,
fleet_depot,parcel_50070012500000010030030000,433,,,,,1330.044,1.137,
fleet_depot,parcel_50070012900000010010000000,421,,,,,6118.203,5.229,
fleet_depot,parcel_50070012600000010050010000,486,,,,,2128.07,1.819,
fleet_depot,parcel_50070012900000010100020000,414,,,,,37507.242,32.057,
fleet_depot,parcel_50070012500000020010000000,433,,,,,3280.775,2.804,
fleet_depot,parcel_50070012500000020020000000,431,,,,,4078.802,3.486,
fleet_depot,parcel_50070012500000030040000000,591,,,,,0.0,0.0,
fleet_depot,parcel_50070011100000090030000000,590,,,,,0.0,0.0,
fleet_depot,parcel_50070010900000010030000000,652,,,,,1064.035,0.909,
fleet_depot,parcel_50070008800000020180000000,692,,,,,0.0,0.0,
fleet_depot,parcel_50070009000000020010000000,822,,,,,3014.766,2.577,
fleet_depot,parcel_50070008800000010080000000,822,,,,,14807.823,12.656,
fleet_depot,parcel_50070008800000020160000000,650,,,,,0.0,0.0,
fleet_depot,parcel_50070010900000020020000000,822,,,,,0.0,0.0,
fleet_depot,parcel_50070011000000010020000000,590,,,,,0.0,0.0,
fleet_depot,parcel_50070011000000040050000000,650,,,,,0.0,0.0,
fleet_depot,parcel_50070008700000010220020000,695,,,,,0.0,0.0,
fleet_depot,parcel_50070008500000060140020000,612,,,,,10019.665,8.564,
fleet_depot,parcel_50070008600000020010000000,650,,,,,0.0,0.0,
fleet_depot,parcel_50070008400000040140000000,620,,,,,1507.383,1.288,
fleet_depot,parcel_50070008500000050010000000,612,,,,,19507.312,16.673,
fleet_depot,parcel_50070006600000010130000000,591,,,,,0.0,0.0,
fleet_depot,parcel_50070006800000060130000000,438,,,,,0.0,0.0,
fleet_depot,parcel_50070006300000080130000000,421,,,,,2128.07,1.819,
fleet_depot,parcel_50070006300000050070000000,437,,,,,47704.246,40.773,
fleet_depot,parcel_50070006300000050090000099,837,,,,,0.0,0.0,
fleet_depot,parcel_50070006300000060050000000,421,,,,,3369.445,2.88,
fleet_depot,parcel_50070006400000100210000000,484,,,,,1152.705,0.985,
fleet_depot,parcel_50070006300000050020000000,482,,,,,31743.717,27.131,
fleet_depot,parcel_50070006400000100030000000,613,,,,,41497.374,35.468,
fleet_depot,parcel_50070006400000100170020000,662,,,,,6384.211,5.457,
fleet_depot,parcel_50070006400000100180000000,482,,,,,4522.15,3.865,
fleet_depot,parcel_50070006400000100130000000,438,,,,,0.0,0.0,
fleet_depot,parcel_50070006400000020130000000,483,,,,,3192.106,2.728,
fleet_depot,parcel_50070006400000020070000000,615,,,,,3280.775,2.804,
fleet_depot,parcel_50070006400000020020000000,620,,,,,8778.291,7.503,
fleet_depot,parcel_50070006300000050010000000,613,,,,,0.0,0.0,
fleet_depot,parcel_50070006300000050080000000,613,,,,,0.0,0.0,
fleet_depot,parcel_50070006300000080120000000,482,,,,,5940.863,5.078,
fleet_depot,parcel_50070006300000080110000000,482,,,,,8778.291,7.503,
fleet_depot,parcel_50070004800000040060000000,415,,,,,4699.489,4.017,
fleet_depot,parcel_50070003100000010060000000,613,,,,,10906.361,9.322,
fleet_depot,parcel_50070006300000020070000000,438,,,,,0.0,0.0,
fleet_depot,parcel_50070006300000040030000000,438,,,,,0.0,0.0,
fleet_depot,parcel_50070006300000080240000000,421,,,,,2571.418,2.198,
fleet_depot,parcel_50070006200000020400000000,613,,,,,0.0,0.0,
fleet_depot,parcel_50070004800000040040000000,695,,,,,0.0,0.0,
fleet_depot,parcel_50070006200000020390000000,613,,,,,0.0,0.0,
fleet_depot,parcel_50070006200000010070000000,438,,,,,0.0,0.0,
fleet_depot,parcel_50070006200000010150000000,632,,,,,2748.758,2.349,
fleet_depot,parcel_50070006200000010140000000,464,,,,,2216.74,1.895,
fleet_depot,parcel_50070006200000010110000000,438,,,,,0.0,0.0,
fleet_depot,parcel_50070006900000020190000000,414,,,,,5142.837,4.396,
fleet_depot,parcel_50070006900000020180000000,485,,,,,5763.524,4.926,
fleet_depot,parcel_50070006900000030050000000,438,,,,,0.0,0.0,
fleet_depot,parcel_50070006300000100030000000,482,,,,,4788.158,4.092,
fleet_depot,parcel_50070006300000080230000000,464,,,,,1773.392,1.516,
fleet_depot,parcel_50070006300000080140000000,482,,,,,4699.489,4.017,
fleet_depot,parcel_50070006800000010090000000,483,,,,,2305.41,1.97,
fleet_depot,parcel_50070006900000010040000000,482,,,,,15162.502,12.959,
fleet_depot,parcel_50070006900000010110000000,481,,,,,28108.264,24.024,
fleet_depot,parcel_50070006900000010070000000,482,,,,,18886.625,16.142,
fleet_depot,parcel_50070006900000010140000000,482,,,,,2394.079,2.046,
fleet_depot,parcel_50070006900000010010000000,481,,,,,8512.282,7.275,
fleet_depot,parcel_50070006900000010060020000,414,,,,,49300.299,42.137,
fleet_depot,parcel_50070006900000020010000000,464,,,,,4078.802,3.486,
fleet_depot,parcel_50070006900000020210000000,438,,,,,0.0,0.0,
fleet_depot,parcel_50070006200000050120000000,482,,,,,2926.097,2.501,
fleet_depot,parcel_50070006200000050150000000,481,,,,,5054.167,4.32,
fleet_depot,parcel_50070006200000050140000000,482,,,,,2128.07,1.819,
fleet_depot,parcel_50070006200000050010000000,433,,,,,1330.044,1.137,
fleet_depot,parcel_50070006200000050030000000,485,,,,,1064.035,0.909,
fleet_depot,parcel_50070006200000050160000000,481,,,,,3812.793,3.259,
fleet_depot,parcel_50070006200000050180000000,464,,,,,10817.691,9.246,
fleet_depot,parcel_50070006100000040010000000,650,,,,,9221.639,7.882,
fleet_depot,parcel_50070006200000050170000000,464,,,,,1418.714,1.213,
fleet_depot,parcel_50070006100000040050000000,650,,,,,117753.231,100.644,
fleet_depot,parcel_50070007000000020100000000,463,,,,,31655.048,27.056,
fleet_depot,parcel_50070007000000030160000000,464,,,,,5763.524,4.926,
fleet_depot,parcel_50070007000000030130000000,481,,,,,9132.969,7.806,
fleet_depot,parcel_50070007000000030010000000,438,,,,,0.0,0.0,
fleet_depot,parcel_50070007000000030020000000,464,,,,,2660.088,2.274,
fleet_depot,parcel_50070007000000030030000000,481,,,,,10463.013,8.943,
fleet_depot,parcel_50070007000000030040000000,481,,,,,1241.374,1.061,
fleet_depot,parcel_50070007000000030050000000,481,,,,,2660.088,2.274,
fleet_depot,parcel_50070007000000030060000000,481,,,,,4167.471,3.562,
fleet_depot,parcel_50070007000000030070000000,481,,,,,6384.211,5.457,
fleet_depot,parcel_50070007000000030080000000,481,,,,,2926.097,2.501,
fleet_depot,parcel_50070007000000030090000000,481,,,,,2926.097,2.501,
fleet_depot,parcel_50070007000000030110000000,481,,,,,6916.229,5.911,
fleet_depot,parcel_50070007000000030100000000,481,,,,,1684.722,1.44,
fleet_depot,parcel_50070007000000030120000000,481,,,,,3990.132,3.41,
fleet_depot,parcel_50070007000000030150000000,463,,,,,22256.07,19.022,
fleet_depot,parcel_50070007000000040040220000,464,,,,,38393.938,32.815,
fleet_depot,parcel_50070007000000040040210001,437,,,,,32009.726,27.359,
fleet_depot,parcel_50070007000000040050010000,452,,,,,71290.36,60.932,
fleet_depot,parcel_50070007000000040050210000,438,,,,,0.0,0.0,
fleet_depot,parcel_50070007000000050100000000,481,,,,,6384.211,5.457,
fleet_depot,parcel_50070007000000020130000000,650,,,,,0.0,0.0,
fleet_depot,parcel_50070007000000020110000000,681,,,,,12502.414,10.686,
fleet_depot,parcel_50070007000000020150000000,481,,,,,2128.07,1.819,
fleet_depot,parcel_50070007000000020140000000,481,,,,,3546.784,3.031,
fleet_depot,parcel_50070007000000020160000000,481,,,,,1773.392,1.516,
fleet_depot,parcel_50070007000000020170000000,481,,,,,4610.819,3.941,
fleet_depot,parcel_50070007000000020200000000,481,,,,,3812.793,3.259,
fleet_depot,parcel_50070007000000020210000000,481,,,,,6029.533,5.153,
fleet_depot,parcel_50070007000000020050000000,464,,,,,14098.467,12.05,
fleet_depot,parcel_50070007000000020090000000,464,,,,,12413.744,10.61,
fleet_depot,parcel_50070007000000020240000000,481,,,,,8600.951,7.351,
fleet_depot,parcel_50070007000000020260000000,481,,,,,7359.577,6.29,
fleet_depot,parcel_50070007000000020300000000,481,,,,,2039.401,1.743,
fleet_depot,parcel_50070007000000020270000000,481,,,,,2216.74,1.895,
fleet_depot,parcel_50070007000000020250000000,481,,,,,8955.63,7.654,
fleet_depot,parcel_50070007000000020220000000,481,,,,,2216.74,1.895,
fleet_depot,parcel_50070007000000050040000000,481,,,,,4965.498,4.244,
fleet_depot,parcel_50070007000000050030000000,481,,,,,5497.515,4.699,
fleet_depot,parcel_50070007000000050020000000,481,,,,,9753.656,8.336,
fleet_depot,parcel_50070007000000050010000000,481,,,,,33783.118,28.874,
fleet_depot,parcel_50070007000000060100000000,481,,,,,4256.141,3.638,
fleet_depot,parcel_50070007000000060110000000,481,,,,,6384.211,5.457,
fleet_depot,parcel_50070007000000060120020000,481,,,,,1950.731,1.667,
fleet_depot,parcel_50070007000000060120010000,481,,,,,1773.392,1.516,
fleet_depot,parcel_50070007000000050250000000,481,,,,,9398.978,8.033,
fleet_depot,parcel_50070007000000050240000000,481,,,,,5852.194,5.002,
fleet_depot,parcel_50070007000000050230000000,652,,,,,19507.312,16.673,
fleet_depot,parcel_50070007000000080010000000,611,,,,,45753.514,39.106,
fleet_depot,parcel_50070007000000080110000000,642,,,,,30945.691,26.449,
fleet_depot,parcel_50070007000000040050230000,437,,,,,111457.689,95.263,
fleet_depot,parcel_50070007000000040052210000,514,,,,,37684.581,32.209,
fleet_depot,parcel_50070007000000040050230001,512,,,,,7270.907,6.214,
fleet_depot,parcel_50070007000000040040030000,414,,,,,66679.541,56.991,
fleet_depot,parcel_50070008100000030020020000,410,,,,,13743.788,11.747,
fleet_depot,parcel_50070008100000030020030000,484,,,,,1862.062,1.592,
fleet_depot,parcel_50070008100000100010000000,662,,,,,1241.374,1.061,
fleet_depot,parcel_50070008100000030010000000,662,,,,,18975.295,16.218,
fleet_depot,parcel_50070008100000110060000000,438,,,,,0.0,0.0,
fleet_depot,parcel_50070008100000110050000000,438,,,,,0.0,0.0,
fleet_depot,parcel_50070008100000110040000000,433,,,,,2394.079,2.046,
fleet_depot,parcel_50070008100000110030000000,515,,,,,1862.062,1.592,
fleet_depot,parcel_50070008100000120050000000,431,,,,,8689.621,7.427,
fleet_depot,parcel_50070008100000120060000000,438,,,,,0.0,0.0,
fleet_depot,parcel_50070008100000120040000000,433,,,,,709.357,0.606,
fleet_depot,parcel_50070008100000110020000000,433,,,,,2216.74,1.895,
fleet_depot,parcel_50070008100000110010000000,438,,,,,0.0,0.0,
fleet_depot,parcel_50070008100000020010000000,437,,,,,147368.878,125.956,
fleet_depot,parcel_50070008100000020010000001,464,,,,,14541.815,12.429,
fleet_depot,parcel_50070007000000070040010000,486,,,,,1152.705,0.985,
fleet_depot,parcel_50070007000000060130000000,481,,,,,3546.784,3.031,
fleet_depot,parcel_50070007000000060140000000,484,,,,,1684.722,1.44,
fleet_depot,parcel_50070007000000070020000000,464,,,,,1596.053,1.364,
fleet_depot,parcel_50070007000000070030000000,464,,,,,3458.114,2.956,
fleet_depot,parcel_50070007000000070150000000,484,,,,,1330.044,1.137,
fleet_depot,parcel_50070008000000100050000000,438,,,,,0.0,0.0,
fleet_depot,parcel_50070008000000100010000000,633,,,,,48147.594,41.152,
fleet_depot,parcel_50070007000000070040020099,837,,,,,0.0,0.0,
fleet_depot,parcel_50070007000000070040020000,414,,,,,94699.135,80.939,
fleet_depot,parcel_50070008000000100080000000,438,,,,,0.0,0.0,
fleet_depot,parcel_50070008000000090080010000,465,,,,,1418.714,1.213,
fleet_depot,parcel_50070008000000070010000000,642,,,,,36354.537,31.072,
fleet_depot,parcel_50070009300000010100000000,483,,,,,2748.758,2.349,
fleet_depot,parcel_50070009300000030010000000,483,,,,,1684.722,1.44,
fleet_depot,parcel_50070008100000120090000000,438,,,,,0.0,0.0,
fleet_depot,parcel_50070009200000010010000000,483,,,,,886.696,0.758,
fleet_depot,parcel_50070008100000110090000000,483,,,,,1684.722,1.44,
fleet_depot,parcel_50070010700000010030000000,642,,,,,15073.832,12.884,
fleet_depot,parcel_50070010600000010080020000,710,,,,,306530.813,261.992,
fleet_depot,parcel_50070009100000050020000000,438,,,,,0.0,0.0,
fleet_depot,parcel_50070010700000010010000000,612,,,,,46551.541,39.788,
fleet_depot,parcel_50070008300000020230000000,822,,,,,0.0,0.0,
fleet_depot,parcel_50070009000000010010000000,650,,,,,0.0,0.0,
fleet_depot,parcel_50070010700000010080000000,620,,,,,1418.714,1.213,
fleet_depot,parcel_50070011300000020040000000,438,,,,,0.0,0.0,
fleet_depot,parcel_50070011300000010010020000,620,,,,,2128.07,1.819,
fleet_depot,parcel_50070011400000010010000000,449,,,,,14187.136,12.126,
fleet_depot,parcel_50070011400000010050000000,534,,,,,3458.114,2.956,
fleet_depot,parcel_50070011400000010190000000,822,,,,,0.0,0.0,
fleet_depot,parcel_50070011500000010150000099,837,,,,,266.009,0.227,
fleet_depot,parcel_50070011600000010040000000,421,,,,,3014.766,2.577,
fleet_depot,parcel_50070011600000010060020000,485,,,,,3990.132,3.41,
fleet_depot,parcel_50070010600000010050000000,872,,,,,0.0,0.0,
fleet_depot,parcel_50070010600000010040010000,873,,,,,177.339,0.152,
fleet_depot,parcel_50070010500000080010000000,873,,,,,0.0,0.0,
fleet_depot,parcel_50070010400000010010020000,452,,,,,17645.251,15.081,
fleet_depot,parcel_50070010300000030120000000,591,,,,,0.0,0.0,
fleet_depot,parcel_50070010300000010010010000,456,,,,,7359.577,6.29,
fleet_depot,parcel_50070010200000010020040000,462,,,,,2394.079,2.046,
fleet_depot,parcel_50070010400000010010010000,457,,,,,4965.498,4.244,
fleet_depot,parcel_50070010400000010010030000,421,,,,,5408.846,4.623,
fleet_depot,parcel_50070010200000010020060000,453,,,,,8955.63,7.654,
fleet_depot,parcel_50070011700000010010020000,452,,,,,99753.302,85.259,
fleet_depot,parcel_50070011700000010030000000,452,,,,,11704.387,10.004,
fleet_depot,parcel_50070011700000020010010000,426,,,,,1330.044,1.137,
fleet_depot,parcel_50070011700000020020000000,462,,,,,1773.392,1.516,
fleet_depot,parcel_50070011700000010050000000,452,,,,,7093.568,6.063,
fleet_depot,parcel_50070011700000030030000000,433,,,,,4522.15,3.865,
fleet_depot,parcel_50070011700000030040000000,433,,,,,9753.656,8.336,
fleet_depot,parcel_50070011700000030020000000,433,,,,,3280.775,2.804,
fleet_depot,parcel_50070011700000030010000000,485,,,,,14541.815,12.429,
fleet_depot,parcel_50070010400000010090000000,464,,,,,12591.083,10.762,
fleet_depot,parcel_50070011700000020010020000,452,,,,,27398.907,23.418,
fleet_depot,parcel_50070011600000010100000000,431,,,,,1241.374,1.061,
fleet_depot,parcel_50070011600000010090000000,422,,,,,709.357,0.606,
fleet_depot,parcel_50070011600000010070000000,436,,,,,3990.132,3.41,
fleet_depot,parcel_50070011600000010080000000,484,,,,,1950.731,1.667,
fleet_depot,parcel_50070012400000020110000000,692,,,,,0.0,0.0,
fleet_depot,parcel_50070012400000010030000000,432,,,,,3014.766,2.577,
fleet_depot,parcel_50070012200000020030000000,457,,,,,4610.819,3.941,
fleet_depot,parcel_50070012200000020020000000,431,,,,,18265.938,15.612,
fleet_depot,parcel_50070012200000020060000000,620,,,,,1950.731,1.667,
fleet_depot,parcel_50070012200000020040000000,432,,,,,532.018,0.455,
fleet_depot,parcel_50070011700000010060000000,462,,,,,1418.714,1.213,
fleet_depot,parcel_50070012200000010030000000,431,,,,,11704.387,10.004,
fleet_depot,parcel_50070012200000010040000000,431,,,,,12236.405,10.458,
fleet_depot,parcel_50070011800000010010020000,453,,,,,126708.861,108.298,
fleet_depot,parcel_50070011800000010020040000,452,,,,,26512.211,22.66,
fleet_depot,parcel_50070012100000010010000000,426,,,,,1418.714,1.213,
fleet_depot,parcel_50070011800000010010010000,452,,,,,6916.229,5.911,
fleet_depot,parcel_50070012400000010020000000,484,,,,,3635.454,3.107,
fleet_depot,parcel_50070012400000010190000000,452,,,,,9753.656,8.336,
fleet_depot,parcel_50070012500000020040000000,414,,,,,25448.176,21.751,
fleet_depot,parcel_50070012500000010010010000,452,,,,,21724.052,18.568,
fleet_depot,parcel_50070012100000010040000000,433,,,,,798.026,0.682,
fleet_depot,parcel_50070012100000010020000000,433,,,,,6118.203,5.229,
fleet_depot,parcel_50070012500000010030010000,415,,,,,21280.704,18.189,
fleet_depot,parcel_50070011800000010020020000,453,,,,,89112.95,76.165,
fleet_depot,parcel_50070011800000010020030000,452,,,,,8157.603,6.972,
fleet_depot,parcel_50070010000000030010000000,852,,,,,0.0,0.0,
fleet_depot,parcel_50070009600000020010230000,484,,,,,1330.044,1.137,
fleet_depot,parcel_50070009600000020010220000,546,,,,,6916.229,5.911,
fleet_depot,parcel_50070009600000020010210000,484,,,,,4256.141,3.638,
fleet_depot,parcel_50070010000000020010260000,692,,,,,0.0,0.0,
fleet_depot,parcel_50070009600000010010000000,650,,,,,0.0,0.0,
fleet_depot,parcel_50070009600000020010010000,712,,,,,10285.674,8.791,
fleet_depot,parcel_50070009600000020010030000,712,,,,,8955.63,7.654,
fleet_depot,parcel_50070009600000020010040000,710,,,,,6295.542,5.381,
fleet_depot,parcel_50070009600000020010050000,484,,,,,4078.802,3.486,
fleet_depot,parcel_50070009600000020070000000,449,,,,,3103.436,2.653,
fleet_depot,parcel_50070007800000030010000000,710,,,,,11438.379,9.776,
fleet_depot,parcel_50070009600000020010080000,485,,,,,4965.498,4.244,
fleet_depot,parcel_50070009600000020010090000,712,,,,,29349.638,25.085,
fleet_depot,parcel_50070009600000020060000000,484,,,,,7093.568,6.063,
fleet_depot,parcel_50070007800000030020000000,449,,,,,13655.119,11.671,
fleet_depot,parcel_50070007800000030070000000,534,,,,,4965.498,4.244,
fleet_depot,parcel_50070010200000010020050000,421,,,,,3724.123,3.183,
fleet_depot,parcel_50070010300000010030000000,650,,,,,177.339,0.152,
fleet_depot,parcel_50070010200000010020030000,452,,,,,38571.277,32.967,
fleet_depot,parcel_50070009500000010010210000,462,,,,,2305.41,1.97,
fleet_depot,parcel_50070009500000010010220000,454,,,,,81487.364,69.647,
fleet_depot,parcel_50070010200000010020010000,452,,,,,74216.457,63.433,
fleet_depot,parcel_50070009500000010010010000,431,,,,,15960.528,13.641,
fleet_depot,parcel_50070009400000010010000000,434,,,,,2305.41,1.97,
fleet_depot,parcel_50070009400000010150000000,484,,,,,709.357,0.606,
fleet_depot,parcel_50070009400000010220000000,415,,,,,26068.863,22.281,
fleet_depot,parcel_50070007900000060080010000,456,,,,,7980.264,6.821,
fleet_depot,parcel_50070009400000030300000000,483,,,,,2305.41,1.97,
fleet_depot,parcel_50070008000000030010000000,464,,,,,1152.705,0.985,
fleet_depot,parcel_50070007900000060080020000,452,,,,,25802.854,22.054,
fleet_depot,parcel_50070007200000080010000000,426,,,,,1241.374,1.061,
fleet_depot,parcel_50070007900000040010000000,421,,,,,1507.383,1.288,
fleet_depot,parcel_50070007900000030010000000,456,,,,,8955.63,7.654,
fleet_depot,parcel_50070007900000050010010000,485,,,,,2128.07,1.819,
fleet_depot,parcel_50070007900000010030000000,620,,,,,1241.374,1.061,
fleet_depot,parcel_50070007900000100010000000,415,,,,,15694.52,13.414,
fleet_depot,parcel_50070007900000010020010000,465,,,,,3458.114,2.956,
fleet_depot,parcel_50070007900000010010000000,464,,,,,4344.81,3.714,
fleet_depot,parcel_50070007900000010020020000,464,,,,,6738.89,5.76,
fleet_depot,parcel_50070007900000020010020000,485,,,,,4433.48,3.789,
fleet_depot,parcel_50070007800000020040000000,449,,,,,10640.352,9.094,
fleet_depot,parcel_50070007200000070100000000,455,,,,,21280.704,18.189,
fleet_depot,parcel_50070007200000060020000000,691,,,,,8246.273,7.048,
fleet_depot,parcel_50070007200000050180000000,438,,,,,0.0,0.0,
fleet_depot,parcel_50070007200000050170000000,483,,,,,2216.74,1.895,
fleet_depot,parcel_50070007200000050020000000,485,,,,,7448.247,6.366,
fleet_depot,parcel_50070007200000050150000000,484,,,,,2748.758,2.349,
fleet_depot,parcel_50070007200000050160000000,484,,,,,1950.731,1.667,
fleet_depot,parcel_50070007200000050110000000,483,,,,,1330.044,1.137,
fleet_depot,parcel_50070007200000050130000000,449,,,,,2748.758,2.349,
fleet_depot,parcel_50070007200000050030000000,438,,,,,0.0,0.0,
fleet_depot,parcel_50070007200000050040000000,481,,,,,1684.722,1.44,
fleet_depot,parcel_50070007200000050050000000,481,,,,,2482.749,2.122,
fleet_depot,parcel_50070007200000050120000000,449,,,,,3901.462,3.335,
fleet_depot,parcel_50070007200000050060000000,484,,,,,4699.489,4.017,
fleet_depot,parcel_50070007200000050080000000,422,,,,,798.026,0.682,
fleet_depot,parcel_50070007200000040030000000,484,,,,,9221.639,7.882,
fleet_depot,parcel_50070007200000040010000000,485,,,,,3280.775,2.804,
fleet_depot,parcel_50070007200000020160000000,482,,,,,1418.714,1.213,
fleet_depot,parcel_50070007200000020120000000,462,,,,,3724.123,3.183,
fleet_depot,parcel_50070007200000020130000000,438,,,,,0.0,0.0,
fleet_depot,parcel_50070007200000020110000000,438,,,,,0.0,0.0,
fleet_depot,parcel_50070007200000020150000000,483,,,,,1684.722,1.44,
fleet_depot,parcel_50070007200000020030000000,484,,,,,2748.758,2.349,
fleet_depot,parcel_50070007200000020200000000,482,,,,,3901.462,3.335,
fleet_depot,parcel_50070007200000020010000000,461,,,,,12236.405,10.458,
fleet_depot,parcel_50070007200000020190000000,457,,,,,3192.106,2.728,
fleet_depot,parcel_50070007200000020180000000,484,,,,,1596.053,1.364,
fleet_depot,parcel_50070007200000050010000000,421,,,,,3369.445,2.88,
fleet_depot,parcel_50070007300000060010000000,444,,,,,14719.154,12.58,
fleet_depot,parcel_50070007300000050020010000,462,,,,,3458.114,2.956,
fleet_depot,parcel_50070005900000080010000000,454,,,,,6561.551,5.608,
fleet_depot,parcel_50070005900000070250000000,425,,,,,1596.053,1.364,
fleet_depot,parcel_50070005900000070270000000,484,,,,,975.366,0.834,
fleet_depot,parcel_50070005900000070010000000,484,,,,,4433.48,3.789,
fleet_depot,parcel_50070005900000070240000000,438,,,,,0.0,0.0,
fleet_depot,parcel_50070005900000010020000000,456,,,,,12147.735,10.383,
fleet_depot,parcel_50070005800000040010130000,438,,,,,0.0,0.0,
fleet_depot,parcel_50070005800000040100020000,485,,,,,4699.489,4.017,
fleet_depot,parcel_50070005800000050010000000,482,,,,,11438.379,9.776,
fleet_depot,parcel_50070005800000060010000000,484,,,,,1862.062,1.592,
fleet_depot,parcel_50070005800000070030110000,464,,,,,8334.943,7.124,
fleet_depot,parcel_50070005800000070030130000,464,,,,,266.009,0.227,
fleet_depot,parcel_50070005800000070030120000,464,,,,,266.009,0.227,
fleet_depot,parcel_50070005800000070010020000,486,,,,,4433.48,3.789,
fleet_depot,parcel_50070005800000070050000000,482,,,,,4167.471,3.562,
fleet_depot,parcel_50070007300000030010000000,438,,,,,0.0,0.0,
fleet_depot,parcel_50070007300000030020000000,482,,,,,3280.775,2.804,
fleet_depot,parcel_50070007300000030030000000,484,,,,,975.366,0.834,
fleet_depot,parcel_50070007300000050030000000,485,,,,,1064.035,0.909,
fleet_depot,parcel_50070007300000020030000000,438,,,,,0.0,0.0,
fleet_depot,parcel_50070007300000020010000000,433,,,,,4078.802,3.486,
fleet_depot,parcel_50070007300000090120000000,464,,,,,9664.987,8.261,
fleet_depot,parcel_50070007300000110020000000,457,,,,,2394.079,2.046,
fleet_depot,parcel_50070007300000110050000000,484,,,,,2394.079,2.046,
fleet_depot,parcel_50070007800000020060000000,449,,,,,8866.96,7.579,
fleet_depot,parcel_50070007800000010010020000,710,,,,,32985.092,28.192,
fleet_depot,parcel_50070007700000060010010000,650,,,,,177.339,0.152,
fleet_depot,parcel_50070007700000060030000000,714,,,,,3192.106,2.728,
fleet_depot,parcel_50070007300000100030010000,484,,,,,2039.401,1.743,
fleet_depot,parcel_50070007800000010010010000,710,,,,,15339.841,13.111,
fleet_depot,parcel_50070005700000020010000000,612,,,,,17379.242,14.854,
fleet_depot,parcel_50070005700000040010000000,873,,,,,177.339,0.152,
fleet_depot,parcel_50070007300000090040000000,484,,,,,4078.802,3.486,
fleet_depot,parcel_50070007300000010110000000,464,,,,,20305.339,17.355,
fleet_depot,parcel_50070005800000010020000000,484,,,,,3369.445,2.88,
fleet_depot,parcel_50070005800000010040000000,423,,,,,798.026,0.682,
fleet_depot,parcel_50070005800000010030000000,483,,,,,1064.035,0.909,
fleet_depot,parcel_50070005800000010010000000,590,,,,,0.0,0.0,
fleet_depot,parcel_50070005800000020010030000,438,,,,,0.0,0.0,
fleet_depot,parcel_50070005800000020010010000,462,,,,,3546.784,3.031,
fleet_depot,parcel_50070005800000030070000000,484,,,,,620.687,0.531,
fleet_depot,parcel_50070005800000030040000000,484,,,,,2039.401,1.743,
fleet_depot,parcel_50070005800000030030000000,421,,,,,1684.722,1.44,
fleet_depot,parcel_50070005800000030020000000,484,,,,,1596.053,1.364,
fleet_depot,parcel_50070005800000020010020000,544,,,,,39901.321,34.104,
fleet_depot,parcel_50070005800000020010020099,837,,,,,0.0,0.0,
fleet_depot,parcel_50070005200000020070000000,653,,,,,0.0,0.0,
fleet_depot,parcel_50070004200000020050000000,710,,,,,16049.198,13.717,
fleet_depot,parcel_50070005300000040010000000,661,,,,,5054.167,4.32,
fleet_depot,parcel_50070002200000010010010000,650,,,,,1152.705,0.985,
fleet_depot,parcel_50070004300000010030000000,650,,,,,0.0,0.0,
fleet_depot,parcel_50070004300000010010000000,421,,,,,5142.837,4.396,
fleet_depot,parcel_50070004300000010050000000,650,,,,,1950.731,1.667,
fleet_depot,parcel_50070004300000010060000000,438,,,,,0.0,0.0,
fleet_depot,parcel_50070005200000010010030000,438,,,,,0.0,0.0,
fleet_depot,parcel_50070004300000020110000000,570,,,,,0.0,0.0,
fleet_depot,parcel_50070004300000010020000000,570,,,,,2216.74,1.895,
fleet_depot,parcel_50070005200000010010020000,438,,,,,0.0,0.0,
fleet_depot,parcel_50070005200000010010010000,438,,,,,0.0,0.0,
fleet_depot,parcel_50070005200000020040000000,650,,,,,0.0,0.0,
fleet_depot,parcel_50070005200000020030000000,482,,,,,8157.603,6.972,
fleet_depot,parcel_50070005200000030010120000,448,,,,,0.0,0.0,
fleet_depot,parcel_50070005800000040010020000,448,,,,,0.0,0.0,
fleet_depot,parcel_50070005800000040020020000,421,,,,,3724.123,3.183,
fleet_depot,parcel_50070005200000030170000000,438,,,,,0.0,0.0,
fleet_depot,parcel_50070005200000030140000000,464,,,,,10374.343,8.867,
fleet_depot,parcel_50070005200000030160000000,438,,,,,0.0,0.0,
fleet_depot,parcel_50070005200000030020000000,464,,,,,4965.498,4.244,
fleet_depot,parcel_50070004300000020040000000,455,,,,,3014.766,2.577,
fleet_depot,parcel_50070005200000030050020000,484,,,,,4344.81,3.714,
fleet_depot,parcel_50070004300000030010000000,421,,,,,6916.229,5.911,
fleet_depot,parcel_50070004400000090010020000,457,,,,,3280.775,2.804,
fleet_depot,parcel_50070004300000020080000000,486,,,,,2216.74,1.895,
fleet_depot,parcel_50070004300000020050220000,454,,,,,23142.766,19.78,
fleet_depot,parcel_50070004300000020010020000,464,,,,,12059.066,10.307,
fleet_depot,parcel_50070004300000020120000000,570,,,,,5674.855,4.85,
fleet_depot,parcel_50070003700000010030000000,570,,,,,0.0,0.0,
fleet_depot,parcel_50070003700000010040010000,440,,,,,709.357,0.606,
fleet_depot,parcel_50070004400000020020000000,481,,,,,12413.744,10.61,
fleet_depot,parcel_50070004400000010010020000,457,,,,,2571.418,2.198,
fleet_depot,parcel_50070004400000010010120000,465,,,,,4788.158,4.092,
fleet_depot,parcel_50070004400000020010030000,484,,,,,1152.705,0.985,
fleet_depot,parcel_50070004400000020010110000,464,,,,,4167.471,3.562,
fleet_depot,parcel_50070004400000020010020000,457,,,,,7980.264,6.821,
fleet_depot,parcel_50070003600000010060000000,485,,,,,8512.282,7.275,
fleet_depot,parcel_50070003600000010070000000,872,,,,,0.0,0.0,
fleet_depot,parcel_50070003500000010010000000,452,,,,,12945.762,11.065,
fleet_depot,parcel_50070003500000050120000000,484,,,,,1064.035,0.909,
fleet_depot,parcel_50070004400000060030000000,620,,,,,2837.427,2.425,
fleet_depot,parcel_50070004400000060020000000,438,,,,,0.0,0.0,
fleet_depot,parcel_50070004400000070010000000,591,,,,,0.0,0.0,
fleet_depot,parcel_50070005100000030150000000,484,,,,,2128.07,1.819,
fleet_depot,parcel_50070005000000020010000000,682,,,,,0.0,0.0,
fleet_depot,parcel_50070005100000040110000000,484,,,,,1773.392,1.516,
fleet_depot,parcel_50070005900000040010000000,593,,,,,0.0,0.0,
fleet_depot,parcel_50070005100000010050000000,642,,,,,4344.81,3.714,
fleet_depot,parcel_50070005100000010010000000,438,,,,,0.0,0.0,
fleet_depot,parcel_50070005100000010180010000,485,,,,,2482.749,2.122,
fleet_depot,parcel_50070005100000010180020000,421,,,,,886.696,0.758,
fleet_depot,parcel_50070005200000030060000000,456,,,,,16492.546,14.096,
fleet_depot,parcel_50070005200000030050010000,438,,,,,0.0,0.0,
fleet_depot,parcel_50070005200000040100000000,422,,,,,7980.264,6.821,
fleet_depot,parcel_50070005200000040060020000,482,,,,,2660.088,2.274,
fleet_depot,parcel_50070005100000060010000000,462,,,,,2305.41,1.97,
fleet_depot,parcel_50070005900000030260000000,482,,,,,975.366,0.834,
fleet_depot,parcel_50070005900000030010000000,484,,,,,2482.749,2.122,
fleet_depot,parcel_50070005200000040110000000,472,,,,,2394.079,2.046,
fleet_depot,parcel_50070005200000040040000000,449,,,,,7802.925,6.669,
fleet_depot,parcel_50070005200000030150000000,484,,,,,13034.431,11.141,
fleet_depot,parcel_50070005200000030200000000,653,,,,,0.0,0.0,
fleet_depot,parcel_50070005900000020280000000,482,,,,,1684.722,1.44,
fleet_depot,parcel_50070005900000020210000000,484,,,,,3192.106,2.728,
fleet_depot,parcel_50070005900000070200000000,465,,,,,12059.066,10.307,
fleet_depot,parcel_50070005900000070090000000,653,,,,,0.0,0.0,
fleet_depot,parcel_50070005900000030220000000,650,,,,,709.357,0.606,
fleet_depot,parcel_50070005900000030250000000,464,,,,,798.026,0.682,
fleet_depot,parcel_50070005900000060010000000,421,,,,,2128.07,1.819,
fleet_depot,parcel_50070005900000070130000000,486,,,,,2128.07,1.819,
fleet_depot,parcel_50070005900000070160000000,483,,,,,1507.383,1.288,
fleet_depot,parcel_50070007200000030010000000,484,,,,,1507.383,1.288,
fleet_depot,parcel_50070005900000060210000000,464,,,,,1507.383,1.288,
fleet_depot,parcel_50070007200000030240000000,484,,,,,5674.855,4.85,
fleet_depot,parcel_50070007200000030260000000,482,,,,,4167.471,3.562,
fleet_depot,parcel_50070007200000030030000000,484,,,,,1684.722,1.44,
fleet_depot,parcel_50070007200000030020000000,484,,,,,3014.766,2.577,
fleet_depot,parcel_50070007200000030280000000,438,,,,,0.0,0.0,
fleet_depot,parcel_50070007200000030270000000,486,,,,,886.696,0.758,
fleet_depot,parcel_50070007200000030230020000,483,,,,,1684.722,1.44,
fleet_depot,parcel_50070007200000030190000000,482,,,,,3546.784,3.031,
fleet_depot,parcel_50070007200000030180010000,482,,,,,2039.401,1.743,
fleet_depot,parcel_50070007200000030070000000,464,,,,,2216.74,1.895,
fleet_depot,parcel_50070007200000030200000000,485,,,,,5586.185,4.775,
fleet_depot,parcel_50070007200000030060000000,464,,,,,1507.383,1.288,
fleet_depot,parcel_50070007200000030120000000,438,,,,,0.0,0.0,
fleet_depot,parcel_50070005900000060180000000,642,,,,,3812.793,3.259,
fleet_depot,parcel_50070006000000010170000000,483,,,,,1152.705,0.985,
fleet_depot,parcel_50070006000000010160000000,483,,,,,2039.401,1.743,
fleet_depot,parcel_50070006000000060180000000,483,,,,,1241.374,1.061,
fleet_depot,parcel_50070007100000010090000000,482,,,,,2748.758,2.349,
fleet_depot,parcel_50070007100000010080000000,483,,,,,1950.731,1.667,
fleet_depot,parcel_50070007100000010150000000,483,,,,,1862.062,1.592,
fleet_depot,parcel_50070007100000010100000000,484,,,,,532.018,0.455,
fleet_depot,parcel_50070007100000010130000000,481,,,,,2926.097,2.501,
fleet_depot,parcel_50070007100000010140000000,484,,,,,1152.705,0.985,
fleet_depot,parcel_50070007100000050020000000,484,,,,,1152.705,0.985,
fleet_depot,parcel_50070007100000050010000000,484,,,,,886.696,0.758,
fleet_depot,parcel_50070007100000060090000000,483,,,,,3280.775,2.804,
fleet_depot,parcel_50070007100000060110000000,483,,,,,1507.383,1.288,
fleet_depot,parcel_50070007100000060080000000,449,,,,,3546.784,3.031,
fleet_depot,parcel_50070007100000060070000000,484,,,,,3724.123,3.183,
fleet_depot,parcel_50070007100000060050000000,438,,,,,0.0,0.0,
fleet_depot,parcel_50070007100000010190010000,422,,,,,2482.749,2.122,
fleet_depot,parcel_50070007100000010180000000,438,,,,,0.0,0.0,
fleet_depot,parcel_50070007100000010170000000,483,,,,,1950.731,1.667,
fleet_depot,parcel_50070007100000010160000000,483,,,,,1507.383,1.288,
fleet_depot,parcel_50070007100000010070000000,464,,,,,975.366,0.834,
fleet_depot,parcel_50070007100000010190020000,484,,,,,6472.881,5.532,
fleet_depot,parcel_50070007100000010050000000,482,,,,,4167.471,3.562,
fleet_depot,parcel_50070007100000010040000000,455,,,,,6295.542,5.381,
fleet_depot,parcel_50070007100000010220000000,484,,,,,3192.106,2.728,
fleet_depot,parcel_50070007100000060010000000,430,,,,,1241.374,1.061,
fleet_depot,parcel_50070007200000040090000000,433,,,,,4788.158,4.092,
fleet_depot,parcel_50070007200000030160000000,484,,,,,1862.062,1.592,
fleet_depot,parcel_50070007200000030150000000,482,,,,,3812.793,3.259,
fleet_depot,parcel_50070007200000030170000000,425,,,,,975.366,0.834,
fleet_depot,parcel_50070007200000040040000000,835,,,,,6738.89,5.76,
fleet_depot,parcel_50070007200000040050000000,464,,,,,3369.445,2.88,
fleet_depot,parcel_50070007200000040130000000,484,,,,,3724.123,3.183,
fleet_depot,parcel_50070007200000040100000000,484,,,,,1507.383,1.288,
fleet_depot,parcel_50070007100000060260000000,534,,,,,2571.418,2.198,
fleet_depot,parcel_50070007100000060230000000,484,,,,,975.366,0.834,
fleet_depot,parcel_50070007100000060210000000,438,,,,,0.0,0.0,
fleet_depot,parcel_50070007100000060060000000,632,,,,,7270.907,6.214,
fleet_depot,parcel_50070007100000060200000000,465,,,,,1064.035,0.909,
fleet_depot,parcel_50070007100000050200000000,438,,,,,0.0,0.0,
fleet_depot,parcel_50070008000000010060000000,620,,,,,1862.062,1.592,
fleet_depot,parcel_50070008000000010050000000,620,,,,,0.0,0.0,
fleet_depot,parcel_50070008000000040150000000,449,,,,,4876.828,4.168,
fleet_depot,parcel_50070008000000060030000000,483,,,,,2571.418,2.198,
fleet_depot,parcel_50070008000000050150000000,681,,,,,5142.837,4.396,
fleet_depot,parcel_50070007100000050130000000,425,,,,,2660.088,2.274,
fleet_depot,parcel_50070007100000090020000000,484,,,,,3369.445,2.88,
fleet_depot,parcel_50070007100000090050000000,483,,,,,1862.062,1.592,
fleet_depot,parcel_50070007100000100010000000,471,,,,,3103.436,2.653,
fleet_depot,parcel_50070007100000100040000000,632,,,,,1507.383,1.288,
fleet_depot,parcel_50070007100000100020000000,464,,,,,1950.731,1.667,
fleet_depot,parcel_50070007100000040070000000,483,,,,,2571.418,2.198,
fleet_depot,parcel_50070007100000040090000000,483,,,,,1773.392,1.516,
fleet_depot,parcel_50070007100000040100000000,464,,,,,1064.035,0.909,
fleet_depot,parcel_50070007100000040080000000,483,,,,,2216.74,1.895,
fleet_depot,parcel_50070007100000040060000000,471,,,,,4433.48,3.789,
fleet_depot,parcel_50070007000000060190000000,438,,,,,0.0,0.0,
fleet_depot,parcel_50070007000000060200000000,438,,,,,0.0,0.0,
fleet_depot,parcel_50070007000000060030000000,482,,,,,12236.405,10.458,
fleet_depot,parcel_50070007000000060010020000,534,,,,,4344.81,3.714,
fleet_depot,parcel_50070007000000060020000000,464,,,,,12325.075,10.534,
fleet_depot,parcel_50070007100000040010020000,653,,,,,0.0,0.0,
fleet_depot,parcel_50070007100000040010010000,465,,,,,3014.766,2.577,
fleet_depot,parcel_50070007100000030050000000,438,,,,,0.0,0.0,
fleet_depot,parcel_50070007100000030030000000,483,,,,,3192.106,2.728,
fleet_depot,parcel_50070007100000020120000000,620,,,,,4965.498,4.244,
fleet_depot,parcel_50070007100000030070000000,464,,,,,4788.158,4.092,
fleet_depot,parcel_50070007100000050120000000,464,,,,,3546.784,3.031,
fleet_depot,parcel_50070007100000050110000000,483,,,,,1773.392,1.516,
fleet_depot,parcel_50070007100000050100000000,465,,,,,2128.07,1.819,
fleet_depot,parcel_50070007100000050080000000,662,,,,,11615.718,9.928,
fleet_depot,parcel_50070007100000050090000000,483,,,,,1950.731,1.667,
fleet_depot,parcel_50070007100000020150000000,464,,,,,3369.445,2.88,
fleet_depot,parcel_50070007100000050070000000,483,,,,,1507.383,1.288,
fleet_depot,parcel_50070007100000050170020000,425,,,,,5320.176,4.547,
fleet_depot,parcel_50070007100000050050000000,438,,,,,0.0,0.0,
fleet_depot,parcel_50070007100000050040000000,438,,,,,0.0,0.0,
fleet_depot,parcel_50070007100000020180000000,482,,,,,4433.48,3.789,
fleet_depot,parcel_50070007100000020190000000,465,,,,,5054.167,4.32,
fleet_depot,parcel_50070007100000020050000000,652,,,,,42827.418,36.605,
fleet_depot,parcel_50070006000000050120000000,465,,,,,1862.062,1.592,
fleet_depot,parcel_50070006000000020050040000,483,,,,,3546.784,3.031,
fleet_depot,parcel_50070006000000020080000000,612,,,,,45664.845,39.03,
fleet_depot,parcel_50070006000000030090010000,483,,,,,2748.758,2.349,
fleet_depot,parcel_50070006000000030100000000,483,,,,,1507.383,1.288,
fleet_depot,parcel_50070006100000010120000000,464,,,,,2571.418,2.198,
fleet_depot,parcel_50070006100000010110000000,465,,,,,6650.22,5.684,
fleet_depot,parcel_50070006100000010100000000,483,,,,,1950.731,1.667,
fleet_depot,parcel_50070006100000060050000000,438,,,,,0.0,0.0,
fleet_depot,parcel_50070006100000060060000000,438,,,,,0.0,0.0,
fleet_depot,parcel_50070006100000060100000000,484,,,,,354.678,0.303,
fleet_depot,parcel_50070006100000060130000000,620,,,,,5674.855,4.85,
fleet_depot,parcel_50070006100000060150000000,483,,,,,1418.714,1.213,
fleet_depot,parcel_50070006100000060010000000,464,,,,,2305.41,1.97,
fleet_depot,parcel_50070006000000040070000000,484,,,,,1684.722,1.44,
fleet_depot,parcel_50070006000000040060000000,484,,,,,1064.035,0.909,
fleet_depot,parcel_50070007000000010150000000,482,,,,,5142.837,4.396,
fleet_depot,parcel_50070007000000010160000000,620,,,,,0.0,0.0,
fleet_depot,parcel_50070007000000010020000000,483,,,,,1950.731,1.667,
fleet_depot,parcel_50070007000000010010000000,620,,,,,6738.89,5.76,
fleet_depot,parcel_50070007000000010130000000,438,,,,,0.0,0.0,
fleet_depot,parcel_50070007000000010120000000,438,,,,,0.0,0.0,
fleet_depot,parcel_50070007000000060040000000,421,,,,,1152.705,0.985,
fleet_depot,parcel_50070007000000010110020000,482,,,,,3901.462,3.335,
fleet_depot,parcel_50070007000000010100000000,481,,,,,8778.291,7.503,
fleet_depot,parcel_50070007000000010090000000,481,,,,,3192.106,2.728,
fleet_depot,parcel_50070007000000060150000000,482,,,,,6916.229,5.911,
fleet_depot,parcel_50070007000000060070000000,481,,,,,2482.749,2.122,
fleet_depot,parcel_50070007000000060050020000,511,,,,,21458.044,18.34,
fleet_depot,parcel_50070007000000060080000000,481,,,,,3014.766,2.577,
fleet_depot,parcel_50070007000000010060000000,481,,,,,5763.524,4.926,
fleet_depot,parcel_50070007000000020370000000,481,,,,,5497.515,4.699,
fleet_depot,parcel_50070007000000020360000000,481,,,,,3369.445,2.88,
fleet_depot,parcel_50070007000000020350000000,481,,,,,3724.123,3.183,
fleet_depot,parcel_50070007000000010050000000,481,,,,,8157.603,6.972,
fleet_depot,parcel_50070007000000010080000000,482,,,,,7536.916,6.442,
fleet_depot,parcel_50070007000000010030000000,464,,,,,18088.599,15.46,
fleet_depot,parcel_50070007000000020380000000,482,,,,,4788.158,4.092,
fleet_depot,parcel_50070007000000020310000000,484,,,,,6561.551,5.608,
fleet_depot,parcel_50070007000000020290000000,481,,,,,7004.899,5.987,
fleet_depot,parcel_50070007000000020280000000,481,,,,,2305.41,1.97,
fleet_depot,parcel_50070007000000020040000000,464,,,,,1064.035,0.909,
fleet_depot,parcel_50070007000000020030010000,464,,,,,1684.722,1.44,
fleet_depot,parcel_50070007000000020340000000,481,,,,,13211.771,11.292,
fleet_depot,parcel_50070006100000050110000000,463,,,,,62512.069,53.429,
fleet_depot,parcel_50070006100000060070000000,620,,,,,9044.299,7.73,
fleet_depot,parcel_50070006100000060080000000,534,,,,,3990.132,3.41,
fleet_depot,parcel_50070006100000020100010000,464,,,,,3990.132,3.41,
fleet_depot,parcel_50070006100000020080000000,461,,,,,5408.846,4.623,
fleet_depot,parcel_50070006100000050010000000,452,,,,,77851.91,66.54,
fleet_depot,parcel_50070006100000050030000000,482,,,,,2394.079,2.046,
fleet_depot,parcel_50070006100000050040000000,482,,,,,1684.722,1.44,
fleet_depot,parcel_50070006100000050050000000,462,,,,,177.339,0.152,
fleet_depot,parcel_50070006100000050060000000,438,,,,,0.0,0.0,
fleet_depot,parcel_50070006100000050100000000,414,,,,,123162.077,105.267,
fleet_depot,parcel_50070006100000050070000000,831,,,,,13389.11,11.444,
fleet_depot,parcel_50070006100000020040000000,652,,,,,47792.915,40.849,
fleet_depot,parcel_50070006100000020060000000,464,,,,,4344.81,3.714,
fleet_depot,parcel_50070006100000030140000000,464,,,,,19595.982,16.749,
fleet_depot,parcel_50070006100000030160000000,483,,,,,2482.749,2.122,
fleet_depot,parcel_50070006100000030100000000,464,,,,,11615.718,9.928,
fleet_depot,parcel_50070006100000030120000000,620,,,,,11261.039,9.625,
fleet_depot,parcel_50070006100000030090000000,438,,,,,0.0,0.0,
fleet_depot,parcel_50070006100000030080000000,438,,,,,0.0,0.0,
fleet_depot,parcel_50070006100000030210000000,464,,,,,2837.427,2.425,
fleet_depot,parcel_50070006100000030190000000,464,,,,,1862.062,1.592,
fleet_depot,parcel_50070006100000030200000000,483,,,,,2660.088,2.274,
fleet_depot,parcel_50070006100000030220000000,483,,,,,2216.74,1.895,
fleet_depot,parcel_50070004900000020080000000,620,,,,,2837.427,2.425,
fleet_depot,parcel_50070004900000020090000000,620,,,,,4876.828,4.168,
fleet_depot,parcel_50070004900000020130000000,483,,,,,2571.418,2.198,
fleet_depot,parcel_50070006100000020030000000,620,,,,,7714.255,6.593,
fleet_depot,parcel_50070006100000020110000000,590,,,,,0.0,0.0,
fleet_depot,parcel_50070006100000020010000000,620,,,,,15162.502,12.959,
fleet_depot,parcel_50070004900000010160000000,483,,,,,2571.418,2.198,
fleet_depot,parcel_50070005000000040200000000,483,,,,,2571.418,2.198,
fleet_depot,parcel_50070004900000010150000000,482,,,,,1596.053,1.364,
fleet_depot,parcel_50070004900000010230000000,483,,,,,2039.401,1.743,
fleet_depot,parcel_50070005000000040210000000,464,,,,,2128.07,1.819,
fleet_depot,parcel_50070005000000040260000000,464,,,,,3192.106,2.728,
fleet_depot,parcel_50070006100000010030000000,465,,,,,3280.775,2.804,
fleet_depot,parcel_50070006100000010020000000,483,,,,,3014.766,2.577,
fleet_depot,parcel_50070006000000020070020000,591,,,,,0.0,0.0,
fleet_depot,parcel_50070006000000020070010000,615,,,,,12857.092,10.989,
fleet_depot,parcel_50070006000000020050010000,612,,,,,6295.542,5.381,
fleet_depot,parcel_50070006000000020050220000,465,,,,,6472.881,5.532,
fleet_depot,parcel_50070005000000010160000000,438,,,,,0.0,0.0,
fleet_depot,parcel_50070005000000030260000000,620,,,,,1684.722,1.44,
fleet_depot,parcel_50070003400000010010000000,483,,,,,2039.401,1.743,
fleet_depot,parcel_50070004500000030010000000,590,,,,,0.0,0.0,
fleet_depot,parcel_50070004600000010010000000,485,,,,,620.687,0.531,
fleet_depot,parcel_50070004600000010170000000,482,,,,,5586.185,4.775,
fleet_depot,parcel_50070004600000010150000000,465,,,,,3724.123,3.183,
fleet_depot,parcel_50070004600000070010000000,438,,,,,0.0,0.0,
fleet_depot,parcel_50070004900000010010000000,483,,,,,3458.114,2.956,
fleet_depot,parcel_50070004900000020030000000,464,,,,,2305.41,1.97,
fleet_depot,parcel_50070004600000060150000000,620,,,,,1507.383,1.288,
fleet_depot,parcel_50070004600000060030000000,483,,,,,2128.07,1.819,
fleet_depot,parcel_50070004600000060090000000,438,,,,,0.0,0.0,
fleet_depot,parcel_50070004600000060080000000,483,,,,,1152.705,0.985,
fleet_depot,parcel_50070004900000040010000000,464,,,,,2482.749,2.122,
fleet_depot,parcel_50070004900000020040000000,464,,,,,1064.035,0.909,
fleet_depot,parcel_50070004900000020060220000,438,,,,,0.0,0.0,
fleet_depot,parcel_50070004900000040070000000,483,,,,,4167.471,3.562,
fleet_depot,parcel_50070004900000040090000000,464,,,,,1064.035,0.909,
fleet_depot,parcel_50070004900000040100000000,464,,,,,1950.731,1.667,
fleet_depot,parcel_50070004900000040050000000,620,,,,,15339.841,13.111,
fleet_depot,parcel_50070006100000030050000000,464,,,,,1418.714,1.213,
fleet_depot,parcel_50070006100000030040000000,464,,,,,1418.714,1.213,
fleet_depot,parcel_50070006100000030060000000,483,,,,,1596.053,1.364,
fleet_depot,parcel_50070006200000010160000000,464,,,,,3546.784,3.031,
fleet_depot,parcel_50070006200000010170000000,483,,,,,1773.392,1.516,
fleet_depot,parcel_50070004900000060070000000,483,,,,,1507.383,1.288,
fleet_depot,parcel_50070004900000060050000000,483,,,,,1684.722,1.44,
fleet_depot,parcel_50070004800000030010000000,620,,,,,1507.383,1.288,
fleet_depot,parcel_50070004900000050060000000,438,,,,,0.0,0.0,
fleet_depot,parcel_50070004900000050110000000,464,,,,,2482.749,2.122,
fleet_depot,parcel_50070004700000030020000000,695,,,,,0.0,0.0,
fleet_depot,parcel_50070004600000040010000000,464,,,,,2748.758,2.349,
fleet_depot,parcel_50070004700000040020000000,438,,,,,0.0,0.0,
fleet_depot,parcel_50070003200000030040000000,613,,,,,5408.846,4.623,
fleet_depot,parcel_50070002900000010070000000,620,,,,,5763.524,4.926,
fleet_depot,parcel_50070003200000030110000000,438,,,,,0.0,0.0,
fleet_depot,parcel_50070002800000030050020000,438,,,,,0.0,0.0,
fleet_depot,parcel_50070002800000020010000000,612,,,,,24650.149,21.069,
fleet_depot,parcel_50070001200000030100000000,438,,,,,0.0,0.0,
fleet_depot,parcel_50070001200000030090000000,438,,,,,0.0,0.0,
fleet_depot,parcel_50070001200000030110000000,425,,,,,2482.749,2.122,
fleet_depot,parcel_50070001200000050010000000,483,,,,,2039.401,1.743,
fleet_depot,parcel_50070001200000050050000000,484,,,,,975.366,0.834,
fleet_depot,parcel_50070001200000050040000000,483,,,,,3458.114,2.956,
fleet_depot,parcel_50070001400000040130000000,484,,,,,620.687,0.531,
fleet_depot,parcel_50070002700000040110000000,484,,,,,886.696,0.758,
fleet_depot,parcel_50070003400000050010000000,483,,,,,2571.418,2.198,
fleet_depot,parcel_50070002700000010040000000,457,,,,,1330.044,1.137,
fleet_depot,parcel_50070002600000040010000000,591,,,,,0.0,0.0,
fleet_depot,parcel_50070003500000030030010000,438,,,,,0.0,0.0,
fleet_depot,parcel_50070003500000020050000000,620,,,,,2926.097,2.501,
fleet_depot,parcel_50070002500000030010220000,590,,,,,0.0,0.0,
fleet_depot,parcel_50070002600000020080000000,482,,,,,17911.26,15.309,
fleet_depot,parcel_50070001500000010080000000,642,,,,,3014.766,2.577,
fleet_depot,parcel_50070001500000040010000000,464,,,,,8334.943,7.124,
fleet_depot,parcel_50070001600000010080000000,710,,,,,6916.229,5.911,
fleet_depot,parcel_50070001600000010040010000,438,,,,,0.0,0.0,
fleet_depot,parcel_50070001600000010030000000,651,,,,,66058.853,56.461,
fleet_depot,parcel_50070001600000010120010000,485,,,,,8157.603,6.972,
fleet_depot,parcel_50070001300000020080000000,438,,,,,0.0,0.0,
fleet_depot,parcel_50070001300000020090000000,620,,,,,3014.766,2.577,
fleet_depot,parcel_50070001400000040160000000,438,,,,,0.0,0.0,
fleet_depot,parcel_50070001400000040010000000,620,,,,,5763.524,4.926,
fleet_depot,parcel_50070001200000020190000000,421,,,,,1507.383,1.288,
fleet_depot,parcel_50070001200000020010000000,484,,,,,6738.89,5.76,
fleet_depot,parcel_50070000500000020100020000,438,,,,,0.0,0.0,
fleet_depot,parcel_50070000200000020020000000,590,,,,,1950.731,1.667,
fleet_depot,parcel_50070000200000020070000000,593,,,,,0.0,0.0,
fleet_depot,parcel_50070002400000010010020000,650,,,,,3635.454,3.107,
fleet_depot,parcel_50070001700000010010030000,570,,,,,5586.185,4.775,
fleet_depot,parcel_50070001700000010010020000,465,,,,,40078.66,34.255,
fleet_depot,parcel_50070001700000010020000000,485,,,,,4610.819,3.941,
fleet_depot,parcel_50070001600000010050020000,480,,,,,5852.194,5.002,
fleet_depot,parcel_50070001600000010050010000,484,,,,,3458.114,2.956,
fleet_depot,parcel_50070001600000010060000000,710,,,,,3014.766,2.577,
fleet_depot,parcel_50070002500000020010010000,615,,,,,3458.114,2.956,
fleet_depot,parcel_50070002500000040010000000,650,,,,,18088.599,15.46,
fleet_depot,parcel_50070002500000040020020000,591,,,,,0.0,0.0,
fleet_depot,parcel_50070002500000040040000000,438,,,,,0.0,0.0,
fleet_depot,parcel_50070002500000050010000000,452,,,,,6206.872,5.305,
fleet_depot,parcel_50070002500000050030000000,541,,,,,11438.379,9.776,
fleet_depot,parcel_50070002500000050040010000,484,,,,,1684.722,1.44,
fleet_depot,parcel_50070002500000010050000000,650,,,,,0.0,0.0,
fleet_depot,parcel_50070002500000010080000000,454,,,,,12236.405,10.458,
fleet_depot,parcel_50070002300000010020000000,650,,,,,0.0,0.0,
fleet_depot,parcel_50070003700000010010000000,485,,,,,10019.665,8.564,
fleet_depot,parcel_50070003600000010040000000,456,,,,,15605.85,13.338,
fleet_depot,parcel_50070003600000010030510000,465,,,,,42384.07,36.226,
fleet_depot,parcel_50070002300000010010000000,455,,,,,16847.224,14.399,
fleet_depot,parcel_50070002200000020010000000,650,,,,,0.0,0.0,
fleet_depot,parcel_50070000200000010010020000,556,,,,,22699.418,19.401,
fleet_depot,parcel_50070002100000040040010000,650,,,,,0.0,0.0,
fleet_depot,parcel_50070002100000040010020000,465,,,,,7714.255,6.593,
fleet_depot,parcel_50070000200000010010030000,650,,,,,0.0,0.0,
fleet_depot,parcel_50070000200000010010010000,570,,,,,4610.819,3.941,
fleet_depot,parcel_50070000200000020040000000,650,,,,,0.0,0.0,
fleet_depot,parcel_50070000200000020050000000,650,,,,,0.0,0.0,
fleet_depot,parcel_50070000100000010150000000,650,,,,,13211.771,11.292,
fleet_depot,parcel_50070000500000010010000000,612,,,,,169092.931,144.524,
fleet_depot,parcel_50070000600000010010000000,695,,,,,0.0,0.0,
fleet_depot,parcel_50070001200000020030000000,590,,,,,0.0,0.0,
fleet_depot,parcel_50070001200000070010000000,590,,,,,0.0,0.0,
fleet_depot,parcel_50070001100000030010210000,590,,,,,0.0,0.0,
fleet_depot,parcel_50070002900000040030000000,438,,,,,0.0,0.0,
fleet_depot,parcel_50070002900000030100000000,438,,,,,0.0,0.0,
fleet_depot,parcel_50070002900000030080000000,613,,,,,5763.524,4.926,
fleet_depot,parcel_50070002900000030090000000,438,,,,,0.0,0.0,
fleet_depot,parcel_50070001000000020030000000,483,,,,,1064.035,0.909,
fleet_depot,parcel_50070000900000050010000000,464,,,,,5763.524,4.926,
fleet_depot,parcel_50070000900000060030000000,613,,,,,0.0,0.0,
fleet_depot,parcel_50070000900000060040000000,438,,,,,0.0,0.0,
fleet_depot,parcel_50070000900000060110000000,438,,,,,0.0,0.0,
fleet_depot,parcel_50070000900000060100000000,613,,,,,14453.145,12.353,
fleet_depot,parcel_50070000800000010080000000,438,,,,,0.0,0.0,
fleet_depot,parcel_50070000900000070010000000,613,,,,,7536.916,6.442,
fleet_depot,parcel_50070000900000070030000000,692,,,,,0.0,0.0,
fleet_depot,parcel_50070000900000070080000000,613,,,,,0.0,0.0,
fleet_depot,parcel_50070000900000070070000000,613,,,,,0.0,0.0,
fleet_depot,parcel_50070003000000010010020000,613,,,,,2816235.221,2407.039,
fleet_depot,parcel_50070006500000030010010000,613,,,,,76699.205,65.555,
fleet_depot,parcel_50070006500000030030000000,613,,,,,33871.788,28.95,
fleet_depot,parcel_50070006500000030060000000,432,,,,,443.348,0.379,
fleet_depot,parcel_50070000400000020010000000,822,,,,,0.0,0.0,
fleet_depot,parcel_50070000300000010140000000,822,,,,,0.0,0.0,
fleet_depot,parcel_50070005600000010010000000,650,,,,,0.0,0.0,
fleet_depot,parcel_50070007600000020170000000,650,,,,,177.339,0.152,
fleet_depot,parcel_50070009900000020030000000,484,,,,,1064.035,0.909,
fleet_depot,parcel_50070009900000010090000000,484,,,,,1596.053,1.364,
fleet_depot,parcel_50070052500000060010000000,842,,,,,0.0,0.0,
fleet_depot,parcel_50070012700000010040000000,692,,,,,0.0,0.0,
fleet_depot,parcel_50070012600000010020020000,652,,,,,23940.792,20.462,
fleet_depot,parcel_50070012600000010030020000,431,,,,,45842.184,39.181,
fleet_depot,parcel_50070013000000020010110000,452,,,,,12857.092,10.989,
fleet_depot,parcel_50070013000000020010120000,426,,,,,1418.714,1.213,
fleet_depot,parcel_50070013000000020010130000,426,,,,,1684.722,1.44,
fleet_depot,parcel_50070013000000020010020000,433,,,,,6738.89,5.76,
fleet_depot,parcel_50070013100000010060020000,452,,,,,12147.735,10.383,
fleet_depot,parcel_50070013100000010060010000,453,,,,,64374.131,55.021,
fleet_depot,parcel_50070013100000010060020001,452,,,,,45576.175,38.954,
fleet_depot,parcel_50070013100000010060030000,461,,,,,2216.74,1.895,
fleet_depot,parcel_50070013100000010030000000,692,,,,,0.0,0.0,
fleet_depot,parcel_50070013100000010020000000,485,,,,,2660.088,2.274,
fleet_depot,parcel_50070013000000040070020000,692,,,,,0.0,0.0,
fleet_depot,parcel_50308906100000010080120000,590,,,,,0.0,0.0,
fleet_depot,parcel_50308905700000020010010000,590,,,,,0.0,0.0,
fleet_depot,parcel_50308905700000020010020000,590,,,,,0.0,0.0,
fleet_depot,parcel_50308905700000010080440000,591,,,,,0.0,0.0,
fleet_depot,parcel_50308905100000010020000000,590,,,,,0.0,0.0,
fleet_depot,parcel_50308904800000010150000000,590,,,,,0.0,0.0,
fleet_depot,parcel_50308904600000010090000000,695,,,,,0.0,0.0,
fleet_depot,parcel_50308905500000010010000000,822,,,,,0.0,0.0,
fleet_depot,parcel_50308904400000010050010000,822,,,,,0.0,0.0,
fleet_depot,parcel_50308904900000010250000000,872,,,,,0.0,0.0,
fleet_depot,parcel_50308904700000010110030000,632,,,,,10374.343,8.867,
fleet_depot,parcel_50308904500000010020010000,822,,,,,0.0,0.0,
fleet_depot,parcel_50308903600000030010010000,620,,,,,3192.106,2.728,
fleet_depot,parcel_50308904300000020100000000,620,,,,,14807.823,12.656,
fleet_depot,parcel_50308903600000010040050000,414,,,,,28906.29,24.706,
fleet_depot,parcel_50308904300000010030050000,612,,,,,9132.969,7.806,
fleet_depot,parcel_50308904300000020070000000,612,,,,,1418.714,1.213,
fleet_depot,parcel_50308904300000020020020000,486,,,,,2305.41,1.97,
fleet_depot,parcel_50308904300000010050000000,484,,,,,12059.066,10.307,
fleet_depot,parcel_50308903900000010160010000,422,,,,,620.687,0.531,
fleet_depot,parcel_50308903900000010170000000,457,,,,,1064.035,0.909,
fleet_depot,parcel_50308903700100010090000099,837,,,,,0.0,0.0,
fleet_depot,parcel_50308903700100010090000000,415,,,,,27044.229,23.115,
fleet_depot,parcel_50308903800000030090000000,695,,,,,0.0,0.0,
fleet_depot,parcel_50308903900000010010320000,613,,,,,0.0,0.0,
fleet_depot,parcel_50308903900000010010310000,633,,,,,95763.17,81.849,
fleet_depot,parcel_50308904100000010300070000,662,,,,,6029.533,5.153,
fleet_depot,parcel_50308903900000010010220000,710,,,,,142048.702,121.409,
fleet_depot,parcel_50308903900000010010010000,464,,,,,44068.792,37.666,
fleet_depot,parcel_50308904400000010030000000,613,,,,,0.0,0.0,
fleet_depot,parcel_50308904100000010300020000,613,,,,,1464910.49,1252.06,
fleet_depot,parcel_50308904100000010300020993,837,,,,,0.0,0.0,
fleet_depot,parcel_50308904100000010300020991,837,,,,,0.0,0.0,
fleet_depot,parcel_50308904100000010300020992,837,,,,,0.0,0.0,
fleet_depot,parcel_50308904400000010043130000,613,,,,,0.0,0.0,
fleet_depot,parcel_50308904400000010043140000,590,,,,,0.0,0.0,
fleet_depot,parcel_50308904400200010020000000,642,,,,,5054.167,4.32,
fleet_depot,parcel_50308904400000011230000000,822,,,,,0.0,0.0,
fleet_depot,parcel_50308904400000011250000000,590,,,,,0.0,0.0,
fleet_depot,parcel_50308904400000011220020000,590,,,,,0.0,0.0,
fleet_depot,parcel_50308905000000010050060000,822,,,,,266.009,0.227,
fleet_depot,parcel_50308905300000010220030000,590,,,,,0.0,0.0,
fleet_depot,parcel_50308905800000020220030000,620,,,,,1684.722,1.44,
fleet_depot,parcel_50308905800000020280000000,485,,,,,2216.74,1.895,
fleet_depot,parcel_50308905700000010100000000,822,,,,,0.0,0.0,
fleet_depot,parcel_50308905800000020040000000,620,,,,,5586.185,4.775,
fleet_depot,parcel_50308905800000020390700000,591,,,,,0.0,0.0,
fleet_depot,parcel_50308905800000020390030000,620,,,,,3280.775,2.804,
fleet_depot,parcel_50308906000000010190000000,590,,,,,0.0,0.0,
fleet_depot,parcel_50308905800000010040000000,822,,,,,0.0,0.0,
fleet_depot,parcel_50308905300000010220020000,590,,,,,0.0,0.0,
fleet_depot,parcel_50308905400000020010000000,710,,,,,92127.716,78.742,
fleet_depot,parcel_50308905900000020250020000,590,,,,,0.0,0.0,
fleet_depot,parcel_50308905900000020250010000,590,,,,,0.0,0.0,
fleet_depot,parcel_50308905400000020130000000,822,,,,,354.678,0.303,
fleet_depot,parcel_50308905400000070500000000,590,,,,,0.0,0.0,
fleet_depot,parcel_50308904000000040020000000,486,,,,,4344.81,3.714,
fleet_depot,parcel_50308904000000030090020000,464,,,,,1684.722,1.44,
fleet_depot,parcel_50308904000000030030000000,710,,,,,0.0,0.0,
fleet_depot,parcel_50308901800000020100000000,465,,,,,4344.81,3.714,
fleet_depot,parcel_50308901800000010010010000,853,,,,,0.0,0.0,
fleet_depot,parcel_50308901700000010010020000,612,,,,,76699.205,65.555,
fleet_depot,parcel_50308901600000010050000000,612,,,,,0.0,0.0,
fleet_depot,parcel_50308901600000010030000000,433,,,,,1152.705,0.985,
fleet_depot,parcel_50308901600000020050000000,695,,,,,975.366,0.834,
fleet_depot,parcel_50308907100000070010000000,553,,,,,0.0,0.0,
fleet_depot,parcel_50308906800000010010020000,553,,,,,10019.665,8.564,
fleet_depot,parcel_50308907100000010100030000,620,,,,,0.0,0.0,
fleet_depot,parcel_50308907100000010100020000,620,,,,,10640.352,9.094,
fleet_depot,parcel_50308906900000010010000000,610,,,,,0.0,0.0,
fleet_depot,parcel_50308906500000010050010000,613,,,,,9930.995,8.488,
fleet_depot,parcel_50308906500000010050030000,613,,,,,11438.379,9.776,
fleet_depot,parcel_50308906500000010050040000,615,,,,,5054.167,4.32,
fleet_depot,parcel_50308906600000030140000000,613,,,,,0.0,0.0,
fleet_depot,parcel_50308906700000010100010000,613,,,,,8157.603,6.972,
fleet_depot,parcel_50308906700000010100040000,613,,,,,0.0,0.0,
fleet_depot,parcel_50308906700000010120000000,613,,,,,23231.436,19.856,
fleet_depot,parcel_50308906600000010060000000,483,,,,,2660.088,2.274,
fleet_depot,parcel_50308906600000040020000000,613,,,,,0.0,0.0,
fleet_depot,parcel_50308906700000010080000000,613,,,,,3546.784,3.031,
fleet_depot,parcel_50308906600000030170000000,620,,,,,975.366,0.834,
fleet_depot,parcel_50308906600000020150000000,590,,,,,0.0,0.0,
fleet_depot,parcel_50308906800000010090000000,552,,,,,7448.247,6.366,
fleet_depot,parcel_50308906700000010040000000,613,,,,,0.0,0.0,
fleet_depot,parcel_50308906700000010020010000,613,,,,,0.0,0.0,
fleet_depot,parcel_50308906700000010010010000,613,,,,,0.0,0.0,
fleet_depot,parcel_50308906700000010030020000,613,,,,,2837.427,2.425,
fleet_depot,parcel_50308906700000010060000000,613,,,,,11438.379,9.776,
fleet_depot,parcel_50308905900000020160000000,484,,,,,798.026,0.682,
fleet_depot,parcel_50308906000000010010000000,590,,,,,0.0,0.0,
fleet_depot,parcel_50308906000000010020000000,464,,,,,10285.674,8.791,
fleet_depot,parcel_50308906300000020150000000,822,,,,,0.0,0.0,
fleet_depot,parcel_50308906300000010050000000,613,,,,,0.0,0.0,
fleet_depot,parcel_50308906300000010080010000,613,,,,,144886.129,123.834,
fleet_depot,parcel_50308906300000010070000000,449,,,,,12325.075,10.534,
fleet_depot,parcel_50308906700000010130010000,613,,,,,61980.052,52.974,
fleet_depot,parcel_50308906700000010130020000,613,,,,,0.0,0.0,
fleet_depot,parcel_50308906300000010010000000,613,,,,,93014.412,79.499,
fleet_depot,parcel_50308906300000010020040000,613,,,,,2660.088,2.274,
fleet_depot,parcel_50308906700000010100020000,613,,,,,82994.747,70.936,
fleet_depot,parcel_50308906700000010100050000,613,,,,,77408.562,66.161,
fleet_depot,parcel_50308906700000010110000000,650,,,,,18797.956,16.067,
fleet_depot,parcel_50308906700000010100030000,610,,,,,83083.417,71.011,
fleet_depot,parcel_50308906300000010020020000,613,,,,,49743.647,42.516,
fleet_depot,parcel_50308906300000010030010000,613,,,,,0.0,0.0,
fleet_depot,parcel_50308906300000010120000000,613,,,,,0.0,0.0,
fleet_depot,parcel_50308906700000010100060000,613,,,,,250580.294,214.171,
fleet_depot,parcel_50308906300000010030030000,613,,,,,10108.335,8.64,
fleet_depot,parcel_50308906400000010010000000,613,,,,,58876.616,50.322,
fleet_depot,parcel_50308906300000010100000000,613,,,,,3546.784,3.031,
fleet_depot,parcel_50308906300000010030040000,464,,,,,51251.03,43.804,
fleet_depot,parcel_50308906200000020020000000,613,,,,,0.0,0.0,
fleet_depot,parcel_50308906200000020130010000,465,,,,,4078.802,3.486,
fleet_depot,parcel_50308906200000020130070000,415,,,,,30679.682,26.222,
fleet_depot,parcel_50308906200000020011210000,452,,,,,77940.58,66.616,
fleet_depot,parcel_50308906200000020011250000,462,,,,,3192.106,2.728,
fleet_depot,parcel_50308906200000020130060000,435,,,,,2039.401,1.743,
fleet_depot,parcel_50308906300000020090000000,695,,,,,0.0,0.0,
fleet_depot,parcel_50308906200000020011230000,421,,,,,2039.401,1.743,
fleet_depot,parcel_50308906200000010030220000,456,,,,,9664.987,8.261,
fleet_depot,parcel_50308906200000020010130000,486,,,,,354.678,0.303,
fleet_depot,parcel_50308906200000010020010000,426,,,,,2394.079,2.046,
fleet_depot,parcel_50308906000000010090020000,613,,,,,0.0,0.0,
fleet_depot,parcel_50308906000000010070000000,464,,,,,886.696,0.758,
fleet_depot,parcel_50308906000000010080010000,873,,,,,0.0,0.0,
fleet_depot,parcel_50308906000000010090010000,613,,,,,22256.07,19.022,
fleet_depot,parcel_50308906000000010080020000,613,,,,,40965.356,35.013,
fleet_depot,parcel_50308906200000020010220000,426,,,,,1950.731,1.667,
fleet_depot,parcel_50308906200000020010210000,462,,,,,532.018,0.455,
fleet_depot,parcel_50308905700000010110130000,590,,,,,0.0,0.0,
fleet_depot,parcel_50308906000000010090030000,464,,,,,1330.044,1.137,
fleet_depot,parcel_50308906100000010190000000,613,,,,,0.0,0.0,
fleet_depot,parcel_50308905700000010080560000,822,,,,,0.0,0.0,
fleet_depot,parcel_50308906100000010070010000,613,,,,,7093.568,6.063,
fleet_depot,parcel_50308906100000010070020991,613,,,,,0.0,0.0,
fleet_depot,parcel_50308906100000010070020000,613,,,,,0.0,0.0,
fleet_depot,parcel_50308906100000010070020099,613,,,,,0.0,0.0,
fleet_depot,parcel_50308906200000020040000000,613,,,,,0.0,0.0,
fleet_depot,parcel_50308906400000010020020000,613,,,,,0.0,0.0,
fleet_depot,parcel_50308906200000020050000000,592,,,,,2394.079,2.046,
fleet_depot,parcel_50308906500000010050050000,433,,,,,4610.819,3.941,
fleet_depot,parcel_50308906500000010040010000,613,,,,,4610.819,3.941,
fleet_depot,parcel_50308906400000010020010000,613,,,,,0.0,0.0,
fleet_depot,parcel_50308906500000010050020991,837,,,,,0.0,0.0,
fleet_depot,parcel_50308906500000010050020000,613,,,,,78029.25,66.692,
fleet_depot,parcel_50308906500000010050020992,837,,,,,0.0,0.0,
fleet_depot,parcel_50308906500000010050020993,837,,,,,0.0,0.0,
fleet_depot,parcel_50308907000000100020000000,822,,,,,0.0,0.0,
fleet_depot,parcel_50308907300000010030000000,613,,,,,0.0,0.0,
fleet_depot,parcel_50308907300000010010040000,612,,,,,14719.154,12.58,
fleet_depot,parcel_50308907300000010010310000,612,,,,,121920.702,104.206,
fleet_depot,parcel_50308907200000010100000000,650,,,,,0.0,0.0,
fleet_depot,parcel_50308907200000010110000000,612,,,,,36975.224,31.603,
fleet_depot,parcel_50308907200000010020020000,612,,,,,86630.201,74.043,
fleet_depot,parcel_50308907200000010011700000,620,,,,,10640.352,9.094,
fleet_depot,parcel_50308907200000010012060000,692,,,,,0.0,0.0,
fleet_depot,parcel_50308901900000010050220000,613,,,,,7270.907,6.214,
fleet_depot,parcel_50308952500000060010000000,842,,,,,0.0,0.0,
fleet_depot,parcel_50308902100000010080000000,870,,,,,0.0,0.0,
fleet_depot,parcel_50308902200000010010340000,692,,,,,0.0,0.0,
fleet_depot,parcel_50308902300000010111350000,862,,,,,0.0,0.0,
fleet_depot,parcel_50308902300000010400000000,590,,,,,0.0,0.0,
fleet_depot,parcel_50308902700000010240320000,440,,,,,6384.211,5.457,
fleet_depot,parcel_50308902400000050010020000,710,,,,,17290.572,14.778,
fleet_depot,parcel_50308902700000010150020099,837,,,,,0.0,0.0,
fleet_depot,parcel_50308902400000010250230000,695,,,,,0.0,0.0,
fleet_depot,parcel_50308902400000040130000000,822,,,,,0.0,0.0,
fleet_depot,parcel_50308902400000040140220000,464,,,,,2482.749,2.122,
fleet_depot,parcel_50308902400000030040000000,465,,,,,17733.92,15.157,
fleet_depot,parcel_50308902400000030024120000,465,,,,,22788.088,19.477,
fleet_depot,parcel_50308902400000040050010000,872,,,,,0.0,0.0,
fleet_depot,parcel_50308902400000040050040000,662,,,,,6206.872,5.305,
fleet_depot,parcel_50308902400000030030040000,465,,,,,10463.013,8.943,
fleet_depot,parcel_50308902600000040460010000,633,,,,,76610.536,65.479,
fleet_depot,parcel_50308902400000030030050000,614,,,,,7891.595,6.745,
fleet_depot,parcel_50308902400000030030010000,615,,,,,16315.207,13.945,
fleet_depot,parcel_50308902400000030020010000,641,,,,,24029.462,20.538,
fleet_depot,parcel_50308902600000040420000000,620,,,,,2394.079,2.046,
fleet_depot,parcel_50308902700000010110030000,633,,,,,47970.255,41.0,
fleet_depot,parcel_50308902600000030080020000,464,,,,,2216.74,1.895,
fleet_depot,parcel_50308902700000010110050000,590,,,,,0.0,0.0,
fleet_depot,parcel_50308902700000010130150000,590,,,,,0.0,0.0,
fleet_depot,parcel_50308902700000010110060000,590,,,,,0.0,0.0,
fleet_depot,parcel_50308902800000010260240000,822,,,,,0.0,0.0,
fleet_depot,parcel_50308902800000010282260000,590,,,,,0.0,0.0,
fleet_depot,parcel_50308902900000060110000000,861,,,,,0.0,0.0,
fleet_depot,parcel_50308903100000020300000000,449,,,,,5586.185,4.775,
fleet_depot,parcel_50308903200000010070000000,590,,,,,0.0,0.0,
fleet_depot,parcel_50308903300000010080000000,695,,,,,0.0,0.0,
fleet_depot,parcel_50308903300000010070010000,449,,,,,443.348,0.379,
fleet_depot,parcel_50308903300000020070010000,472,,,,,2216.74,1.895,
fleet_depot,parcel_50308903300000030070000000,415,,,,,2128.07,1.819,
fleet_depot,parcel_50308903300000020060220000,484,,,,,1330.044,1.137,
fleet_depot,parcel_50308903500000010190000000,415,,,,,5231.507,4.471,
fleet_depot,parcel_50308903500000010200000000,695,,,,,0.0,0.0,
fleet_depot,parcel_50308903300000030060000000,415,,,,,11261.039,9.625,
fleet_depot,parcel_50308903300000020060010000,651,,,,,30325.004,25.919,
fleet_depot,parcel_50308903300000030010030000,590,,,,,0.0,0.0,
fleet_depot,parcel_50308903300000030050010000,484,,,,,2128.07,1.819,
fleet_depot,parcel_50308903300000030030000000,484,,,,,3280.775,2.804,
fleet_depot,parcel_50308903100000050010050000,822,,,,,0.0,0.0,
fleet_depot,parcel_50308903300000030020030000,449,,,,,4522.15,3.865,
fleet_depot,parcel_50308903300000030020920000,449,,,,,6472.881,5.532,
fleet_depot,parcel_50308903300000030020070000,449,,,,,3280.775,2.804,
fleet_depot,parcel_50308903300000030020010000,484,,,,,6295.542,5.381,
fleet_depot,parcel_50308903300000030020420000,484,,,,,1596.053,1.364,
fleet_depot,parcel_50308903300000030020080000,449,,,,,7980.264,6.821,
fleet_depot,parcel_50308903300000030020060000,449,,,,,3990.132,3.41,
fleet_depot,parcel_50308903300000030020100000,714,,,,,28019.594,23.948,
fleet_depot,parcel_50308903100000040060010000,590,,,,,0.0,0.0,
fleet_depot,parcel_50308903100000040060020000,620,,,,,10906.361,9.322,
fleet_depot,parcel_50308903100000010100010000,651,,,,,35556.51,30.39,
fleet_depot,parcel_50308903100000010100020000,612,,,,,6472.881,5.532,
fleet_depot,parcel_50308903100000010050000000,695,,,,,0.0,0.0,
fleet_depot,parcel_50308903100000010060000000,695,,,,,0.0,0.0,
fleet_depot,parcel_50308903100000040020000000,633,,,,,1773.392,1.516,
fleet_depot,parcel_50308903100000020250030099,837,,,,,0.0,0.0,
fleet_depot,parcel_50308903800000010030000000,449,,,,,2926.097,2.501,
fleet_depot,parcel_50308903500000010100120000,484,,,,,3192.106,2.728,
fleet_depot,parcel_50308903500000010070120000,441,,,,,1152.705,0.985,
fleet_depot,parcel_50328904400000010500020089,613,,,,,0.0,0.0,
fleet_depot,parcel_50328904400000010500020000,613,,,,,32985.092,28.192,
fleet_depot,parcel_50328904400000010060000000,613,,,,,0.0,0.0,
fleet_depot,parcel_50328903900000010500140000,712,,,,,3990.132,3.41,
fleet_depot,parcel_50328903900000010380190000,822,,,,,0.0,0.0,
fleet_depot,parcel_50328903900000010500120000,710,,,,,12679.753,10.837,
fleet_depot,parcel_50328903900000010500080000,464,,,,,8778.291,7.503,
fleet_depot,parcel_50328903900000010500060000,710,,,,,47438.237,40.546,
fleet_depot,parcel_50328903900000010500100000,710,,,,,43270.766,36.984,
fleet_depot,parcel_50328903900000010500050000,710,,,,,11527.048,9.852,
fleet_depot,parcel_50328903900000010500030000,449,,,,,8955.63,7.654,
fleet_depot,parcel_50328904400000010500030000,650,,,,,0.0,0.0,
fleet_depot,parcel_50328904400000010450010000,844,,,,,0.0,0.0,
fleet_depot,parcel_50328904400000010470000000,844,,,,,0.0,0.0,
fleet_depot,parcel_50328904400000010440020000,650,,,,,0.0,0.0,
fleet_depot,parcel_50328904400000010480000000,695,,,,,0.0,0.0,
fleet_depot,parcel_50328904400000010500010000,613,,,,,3103.436,2.653,
fleet_depot,parcel_50328904400000010180000000,613,,,,,0.0,0.0,
fleet_depot,parcel_50328904400000010190000000,442,,,,,7182.238,6.139,
fleet_depot,parcel_50328904400000010200030000,714,,,,,19861.991,16.976,
fleet_depot,parcel_50328904400000010530020000,710,,,,,0.0,0.0,
fleet_depot,parcel_50328904400000010530110000,710,,,,,122541.39,104.736,
fleet_depot,parcel_50328952500000060030000000,842,,,,,0.0,0.0,
fleet_depot,parcel_50328904200000010540010000,546,,,,,10640.352,9.094,
fleet_depot,parcel_50328903700100060060060000,440,,,,,1507.383,1.288,
fleet_depot,parcel_50328903700100060050000000,484,,,,,8778.291,7.503,
fleet_depot,parcel_50328904200000010011300000,442,,,,,3990.132,3.41,
fleet_depot,parcel_50328903700100060090000000,542,,,,,62600.739,53.505,
fleet_depot,parcel_50328903700100060030050000,484,,,,,1152.705,0.985,
fleet_depot,parcel_50328904200000010200000000,455,,,,,2926.097,2.501,
fleet_depot,parcel_50328904400000010380010000,822,,,,,0.0,0.0,
fleet_depot,parcel_50328904100000010110720000,590,,,,,0.0,0.0,
fleet_depot,parcel_50328904000000030350020000,822,,,,,0.0,0.0,
fleet_depot,parcel_50328904000000010100010000,620,,,,,0.0,0.0,
fleet_depot,parcel_50328904000000010010220000,484,,,,,5408.846,4.623,
fleet_depot,parcel_50328903700100060030340000,455,,,,,2305.41,1.97,
fleet_depot,parcel_50328903700100090150000000,433,,,,,798.026,0.682,
fleet_depot,parcel_50328903600000010080010000,448,,,,,0.0,0.0,
fleet_depot,parcel_50320104500100010550040000,613,,,,,70403.664,60.174,
fleet_depot,parcel_50320104500100010530220000,844,,,,,57191.893,48.882,
fleet_depot,parcel_50320104400100010530020000,438,,,,,0.0,0.0,
fleet_depot,parcel_50320104500200010460210000,461,,,,,13743.788,11.747,
fleet_depot,parcel_50320104500200010460130000,464,,,,,7182.238,6.139,
fleet_depot,parcel_50320104500200010460140000,465,,,,,4965.498,4.244,
fleet_depot,parcel_50320104500200011150000000,590,,,,,0.0,0.0,
fleet_depot,parcel_50320104500200011160000000,590,,,,,0.0,0.0,
fleet_depot,parcel_50320104500200011120000000,590,,,,,0.0,0.0,
fleet_depot,parcel_50320104500200020270000000,650,,,,,0.0,0.0,
fleet_depot,parcel_50320104600100071000000000,682,,,,,0.0,0.0,
fleet_depot,parcel_50320104600100010060220000,712,,,,,0.0,0.0,
fleet_depot,parcel_50320104500100010510130000,710,,,,,48856.951,41.758,
fleet_depot,parcel_50320104600100010040020000,464,,,,,11793.057,10.08,
fleet_depot,parcel_50320104600100010040030000,710,,,,,17201.903,14.702,
fleet_depot,parcel_50320104500100010520060000,449,,,,,15339.841,13.111,
fleet_depot,parcel_50320104400100010530110000,710,,,,,39546.642,33.801,
fleet_depot,parcel_50320104500100010520040000,464,,,,,11527.048,9.852,
fleet_depot,parcel_50320104400100010531220000,710,,,,,146748.191,125.426,
fleet_depot,parcel_50320104500100010520320000,464,,,,,9753.656,8.336,
fleet_depot,parcel_50320104500100010530210000,484,,,,,3192.106,2.728,
fleet_depot,parcel_50320104500100010530030000,844,,,,,0.0,0.0,
fleet_depot,parcel_50320104500100010530060000,844,,,,,2394.079,2.046,
fleet_depot,parcel_50320104500100010520050000,652,,,,,23142.766,19.78,
fleet_depot,parcel_50320104500100010530070000,844,,,,,9664.987,8.261,
fleet_depot,parcel_50320104500100010550070000,822,,,,,0.0,0.0,
fleet_depot,parcel_50320104500100010550030000,613,,,,,25182.167,21.523,
fleet_depot,parcel_50320104500100010550060000,613,,,,,0.0,0.0,
fleet_depot,parcel_50320104500100010530010000,534,,,,,3812.793,3.259,
fleet_depot,parcel_50320104500100010530110000,844,,,,,15517.18,13.263,
fleet_depot,parcel_50320104500100010530100000,464,,,,,5940.863,5.078,
fleet_depot,parcel_50320104500100010530080000,844,,,,,14896.493,12.732,
fleet_depot,parcel_50320104500100010550200000,464,,,,,26334.872,22.508,
fleet_depot,parcel_50320104500100010550100000,613,,,,,0.0,0.0,
fleet_depot,parcel_50320104500100010530090099,837,,,,,0.0,0.0,
fleet_depot,parcel_50320104500100010530090000,662,,,,,8334.943,7.124,
fleet_depot,parcel_50320104500100010550080000,464,,,,,50275.664,42.971,
fleet_depot,parcel_50320104500100010550140000,613,,,,,22167.4,18.946,
fleet_depot,parcel_50320104500100010550180000,464,,,,,13743.788,11.747,
fleet_depot,parcel_50320104500100010550120000,464,,,,,13211.771,11.292,
fleet_depot,parcel_50320104500100010550150000,613,,,,,12059.066,10.307,
fleet_depot,parcel_50320104500100010550110000,464,,,,,13655.119,11.671,
fleet_depot,parcel_50320104500100010550190000,414,,,,,44512.14,38.045,
fleet_depot,parcel_50320104500100010550020000,613,,,,,0.0,0.0,
fleet_depot,parcel_50320104500100010550130000,464,,,,,16403.876,14.02,
fleet_depot,parcel_50320104500100010520210000,464,,,,,15073.832,12.884,
fleet_depot,parcel_50320104500100010520220000,464,,,,,26778.22,22.887,
fleet_depot,parcel_50320104500100010550170000,464,,,,,12059.066,10.307,
fleet_depot,parcel_50320104500100010550090000,464,,,,,7536.916,6.442,
fleet_depot,parcel_50320104500100010550220000,464,,,,,22078.731,18.871,
fleet_depot,parcel_50320104500100010570030000,642,,,,,22078.731,18.871,
fleet_depot,parcel_50320104500100010570040000,642,,,,,6206.872,5.305,
fleet_depot,parcel_50320104500100010570060000,642,,,,,8423.612,7.2,
fleet_depot,parcel_50320104500100010570520000,642,,,,,6295.542,5.381,
fleet_depot,parcel_50320104500100010570510000,642,,,,,9044.299,7.73,
fleet_depot,parcel_50320104500100010590010000,465,,,,,11083.7,9.473,
fleet_depot,parcel_50320104500100010550210000,613,,,,,23408.775,20.007,
fleet_depot,parcel_50320104600100060060210000,465,,,,,4699.489,4.017,
fleet_depot,parcel_50320104600100060060110000,554,,,,,443.348,0.379,
fleet_depot,parcel_50320104600100060060030000,590,,,,,0.0,0.0,
fleet_depot,parcel_50320104600100060050410000,590,,,,,0.0,0.0,
fleet_depot,parcel_50320104600100060050060000,452,,,,,24827.488,21.22,
fleet_depot,parcel_50320104700100040110000000,462,,,,,1773.392,1.516,
fleet_depot,parcel_50320104700100010200020000,415,,,,,55773.179,47.669,
fleet_depot,parcel_50320104700100010210010000,454,,,,,31743.717,27.131,
fleet_depot,parcel_50320104700100010210020000,452,,,,,13743.788,11.747,
fleet_depot,parcel_50320104600100050040030000,426,,,,,1684.722,1.44,
fleet_depot,parcel_50320104600100050040040000,415,,,,,18886.625,16.142,
fleet_depot,parcel_50320104600100060020020000,462,,,,,2216.74,1.895,
fleet_depot,parcel_50320104600100060040030000,462,,,,,2394.079,2.046,
fleet_depot,parcel_50320104600100060030000000,882,,,,,0.0,0.0,
fleet_depot,parcel_50320104600100060020320000,452,,,,,105250.817,89.958,
fleet_depot,parcel_50320104600100060020010000,414,,,,,53379.1,45.623,
fleet_depot,parcel_50320104600100060040010000,414,,,,,46728.88,39.939,
fleet_depot,parcel_50320104600100060050120000,431,,,,,13123.101,11.216,
fleet_depot,parcel_50320104600100060050110000,431,,,,,16669.885,14.248,
fleet_depot,parcel_50320104600100010050020000,695,,,,,0.0,0.0,
fleet_depot,parcel_50320104600100050040020000,452,,,,,134157.107,114.664,
fleet_depot,parcel_50320104600100050040020099,837,,,,,0.0,0.0,
fleet_depot,parcel_50320104600100010070000000,484,,,,,4256.141,3.638,
fleet_depot,parcel_50320104700300030010010000,464,,,,,2039.401,1.743,
fleet_depot,parcel_50320104700300050010020000,464,,,,,1330.044,1.137,
fleet_depot,parcel_50320104700300050010010000,464,,,,,2837.427,2.425,
fleet_depot,parcel_50320104700300040010020000,464,,,,,1064.035,0.909,
fleet_depot,parcel_50320104700300040010010000,464,,,,,1330.044,1.137,
fleet_depot,parcel_50320104700300040010030000,464,,,,,1330.044,1.137,
fleet_depot,parcel_50320104700300020010010000,464,,,,,1330.044,1.137,
fleet_depot,parcel_50320104700300020010030000,464,,,,,975.366,0.834,
fleet_depot,parcel_50320104700300020010020000,464,,,,,1330.044,1.137,
fleet_depot,parcel_50320104700300010010000000,464,,,,,4167.471,3.562,
fleet_depot,parcel_50320104700100030050000000,465,,,,,4610.819,3.941,
fleet_depot,parcel_50320104700100010170050000,434,,,,,1950.731,1.667,
fleet_depot,parcel_50320104700100030060000000,465,,,,,975.366,0.834,
fleet_depot,parcel_50320104700300030010030000,464,,,,,1064.035,0.909,
fleet_depot,parcel_50320104700300030010040000,464,,,,,1064.035,0.909,
fleet_depot,parcel_50320104600100050040010000,462,,,,,1596.053,1.364,
fleet_depot,parcel_50320104700100030080010000,432,,,,,1064.035,0.909,
fleet_depot,parcel_50320104700100010220050000,451,,,,,14453.145,12.353,
fleet_depot,parcel_50320104700100010170070000,452,,,,,24916.158,21.296,
fleet_depot,parcel_50320104700100010170120000,465,,,,,3812.793,3.259,
fleet_depot,parcel_50320104700100010170110000,464,,,,,1596.053,1.364,
fleet_depot,parcel_50320104700100010170820000,426,,,,,2660.088,2.274,
fleet_depot,parcel_50320104700100010170820099,837,,,,,0.0,0.0,
fleet_depot,parcel_50320104700100030010000000,464,,,,,5763.524,4.926,
fleet_depot,parcel_50320104700100030040010000,465,,,,,12768.423,10.913,
fleet_depot,parcel_50320104700100020170000000,472,,,,,7714.255,6.593,
fleet_depot,parcel_50320104700100020190000000,464,,,,,4965.498,4.244,
fleet_depot,parcel_50320104700100010170130000,421,,,,,2748.758,2.349,
fleet_depot,parcel_50320104700100020160000000,465,,,,,2128.07,1.819,
fleet_depot,parcel_50320104500200010460110000,822,,,,,2571.418,2.198,
fleet_depot,parcel_50320104500200010460120000,652,,,,,1773.392,1.516,
fleet_depot,parcel_50320104500200010460030000,464,,,,,17733.92,15.157,
fleet_depot,parcel_50320104700100030040020000,620,,,,,4344.81,3.714,
fleet_depot,parcel_50320104500200010460150000,464,,,,,7270.907,6.214,
fleet_depot,parcel_50320104500200010460160000,464,,,,,3724.123,3.183,
fleet_depot,parcel_50320104500200010460190000,465,,,,,2748.758,2.349,
fleet_depot,parcel_50320104500200010460180000,612,,,,,10817.691,9.246,
fleet_depot,parcel_50320104500200010460100000,651,,,,,4522.15,3.865,
fleet_depot,parcel_50320104500200010460060000,464,,,,,9664.987,8.261,
fleet_depot,parcel_50320104500200010460040000,465,,,,,9930.995,8.488,
fleet_depot,parcel_50320104500200010460050000,465,,,,,9398.978,8.033,
fleet_depot,parcel_50320104300100010430020000,465,,,,,5408.846,4.623,
fleet_depot,parcel_50320104300100010430010000,465,,,,,5320.176,4.547,
fleet_depot,parcel_50320104300100010410010000,472,,,,,1418.714,1.213,
fleet_depot,parcel_50320104300100010440000000,464,,,,,1064.035,0.909,
fleet_depot,parcel_50320104300100010460020000,465,,,,,1152.705,0.985,
fleet_depot,parcel_50320104300100010450000000,485,,,,,2571.418,2.198,
fleet_depot,parcel_50320104700100010170220000,453,,,,,59408.633,50.777,
fleet_depot,parcel_50320104700100010170040000,662,,,,,4256.141,3.638,
fleet_depot,parcel_50320104700100010170140000,421,,,,,2482.749,2.122,
fleet_depot,parcel_50320104700100010170090000,543,,,,,20039.33,17.128,
fleet_depot,parcel_50320104700100010240000000,453,,,,,82551.399,70.557,
fleet_depot,parcel_50320104700100010220010000,464,,,,,34758.484,29.708,
fleet_depot,parcel_50320104700100010220090000,451,,,,,12147.735,10.383,
fleet_depot,parcel_50320104700100010220020000,451,,,,,217595.203,185.979,
fleet_depot,parcel_50320104700100010220030000,464,,,,,412402.318,352.481,
fleet_depot,parcel_50320104700100060590000000,590,,,,,0.0,0.0,
fleet_depot,parcel_50320104700100060580020000,590,,,,,0.0,0.0,
fleet_depot,parcel_50320104700100010220040000,512,,,,,40965.356,35.013,
fleet_depot,parcel_50320104700100060570000000,591,,,,,0.0,0.0,
fleet_depot,parcel_50320104700100010220060000,451,,,,,53822.448,46.002,
fleet_depot,parcel_50320104800100020020080000,590,,,,,0.0,0.0,
fleet_depot,parcel_50320104800100020110000000,620,,,,,0.0,0.0,
fleet_depot,parcel_50320104300100010260130000,464,,,,,2748.758,2.349,
fleet_depot,parcel_50320104200100010500230000,620,,,,,1418.714,1.213,
fleet_depot,parcel_50320104300100010180000000,695,,,,,0.0,0.0,
fleet_depot,parcel_50320104200100010500030000,822,,,,,5054.167,4.32,
fleet_depot,parcel_50320152500000060010000000,842,,,,,0.0,0.0,
fleet_depot,parcel_50320152500000060020000000,842,,,,,0.0,0.0,
fleet_depot,parcel_50320104200100010370010000,822,,,,,975.366,0.834,
fleet_depot,parcel_50320104200100010070000000,557,,,,,1418.714,1.213,
fleet_depot,parcel_50320104200100010280010000,424,,,,,2660.088,2.274,
fleet_depot,parcel_50320104200100010280020000,424,,,,,4256.141,3.638,
fleet_depot,parcel_50320104200100010530030000,464,,,,,5852.194,5.002,
fleet_depot,parcel_50320104200100010530210000,620,,,,,2482.749,2.122,
fleet_depot,parcel_50368901800000040110000000,682,,,,,4167.471,3.562,
fleet_depot,parcel_50368901800000020010000000,581,,,,,0.0,0.0,
fleet_depot,parcel_50368901800000040170220000,682,,,,,0.0,0.0,
fleet_depot,parcel_50368901800000040180010000,682,,,,,0.0,0.0,
fleet_depot,parcel_50368903000000030030020000,570,,,,,5231.507,4.471,
fleet_depot,parcel_50368903000000020010000000,421,,,,,1862.062,1.592,
fleet_depot,parcel_50368903200000020080220000,455,,,,,3280.775,2.804,
fleet_depot,parcel_50368903300000050030040000,484,,,,,6827.559,5.836,
fleet_depot,parcel_50368903300000050030030000,484,,,,,1684.722,1.44,
fleet_depot,parcel_50368903300000050030020000,712,,,,,13123.101,11.216,
fleet_depot,parcel_50368903300000010080120000,442,,,,,9310.308,7.958,
fleet_depot,parcel_50368903300000050030010000,710,,,,,3901.462,3.335,
fleet_depot,parcel_50368903300000010080020000,710,,,,,16847.224,14.399,
fleet_depot,parcel_50368903300000010080140000,464,,,,,7448.247,6.366,
fleet_depot,parcel_50368903300000010080110000,473,,,,,119881.302,102.463,
fleet_depot,parcel_50368903300000030010030000,455,,,,,4788.158,4.092,
fleet_depot,parcel_50368903300000040030060000,485,,,,,10108.335,8.64,
fleet_depot,parcel_50368903300000020110000000,614,,,,,27310.237,23.342,
fleet_depot,parcel_50368902700000020180110000,455,,,,,2128.07,1.819,
fleet_depot,parcel_50368903300000020010020000,464,,,,,3192.106,2.728,
fleet_depot,parcel_50368903400000030020010000,455,,,,,2660.088,2.274,
fleet_depot,parcel_50368903400000010090000000,425,,,,,2571.418,2.198,
fleet_depot,parcel_50368903400000010080140000,474,,,,,0.0,0.0,
fleet_depot,parcel_50368903400000030110010000,442,,,,,6916.229,5.911,
fleet_depot,parcel_50368903400000030270010000,862,,,,,0.0,0.0,
fleet_depot,parcel_50368903400000010270000000,620,,,,,4344.81,3.714,
fleet_depot,parcel_50368902600000010052220000,582,,,,,620.687,0.531,
fleet_depot,parcel_50070003000000010010050000,613,,,,,53290.431,45.547,
fleet_depot,parcel_50070003000000010010010000,650,,,,,0.0,0.0,
fleet_depot,parcel_50070003100000010010060000,613,,,,,13211.771,11.292,
fleet_depot,parcel_50070003100000010010010000,613,,,,,120235.98,102.766,
fleet_depot,parcel_50070003100000010010090000,613,,,,,0.0,0.0,
fleet_depot,parcel_50070003100000010010080000,613,,,,,46728.88,39.939,
fleet_depot,parcel_50070003100000010010020000,613,,,,,1451344.041,1240.465,
fleet_depot,parcel_50220001800000010170110000,662,,,,,7093.568,6.063,
fleet_depot,parcel_50220001800000010170120000,822,,,,,0.0,0.0,
fleet_depot,parcel_50260001600000010220220000,510,,,,,7714.255,6.593,
fleet_depot,parcel_50260001700000010050020000,421,,,,,5320.176,4.547,
fleet_depot,parcel_50260001400000030060040000,682,,,,,2039.401,1.743,
fleet_depot,parcel_50260001400000030060020000,582,,,,,9221.639,7.882,
fleet_depot,parcel_50260001800000020130020000,557,,,,,3812.793,3.259,
fleet_depot,parcel_50260001800000010060000000,449,,,,,9044.299,7.73,
fleet_depot,parcel_50340003100000010340000000,873,,,,,0.0,0.0,
fleet_depot,parcel_50340000800000010060000000,695,,,,,0.0,0.0,
fleet_depot,parcel_50340003000000010150000000,485,,,,,3901.462,3.335,
fleet_depot,parcel_50340003000000010050000000,695,,,,,0.0,0.0,
fleet_depot,parcel_50340002300000010090020000,430,,,,,2926.097,2.501,
fleet_depot,parcel_50340002200000010190000000,450,,,,,10197.004,8.715,
fleet_depot,parcel_50340003200000010020110000,695,,,,,620.687,0.531,
fleet_depot,parcel_50340003200000010040000099,833,,,,,0.0,0.0,
fleet_depot,parcel_50340003200000010030010000,695,,,,,0.0,0.0,
fleet_depot,parcel_50340002800000010150000000,695,,,,,0.0,0.0,
fleet_depot,parcel_50340001100000010520020000,449,,,,,3103.436,2.653,
fleet_depot,parcel_50340001100000010280010000,484,,,,,2305.41,1.97,
fleet_depot,parcel_50340002100000010150040000,557,,,,,3724.123,3.183,
fleet_depot,parcel_50340001000000010200000000,695,,,,,0.0,0.0,
fleet_depot,parcel_50340001000000010220010000,425,,,,,2216.74,1.895,
fleet_depot,parcel_50340001100000010280030000,442,,,,,67211.558,57.446,
fleet_depot,parcel_50340001100000010260030000,720,,,,,0.0,0.0,
fleet_depot,parcel_50340000700000010170000000,695,,,,,0.0,0.0,
fleet_depot,parcel_50340000700000010050580000,440,,,,,2926.097,2.501,
fleet_depot,parcel_50340000700000010053720000,440,,,,,13477.779,11.519,
fleet_depot,parcel_50340000700000010190010000,845,,,,,0.0,0.0,
fleet_depot,parcel_50340001100000010250010000,720,,,,,0.0,0.0,
fleet_depot,parcel_50340001100000010020020000,836,,,,,177.339,0.152,
fleet_depot,parcel_50340000600000010010140000,433,,,,,3014.766,2.577,
fleet_depot,parcel_50340000600000010340210000,662,,,,,0.0,0.0,
fleet_depot,parcel_50340001700000060070050000,662,,,,,16935.894,14.475,
fleet_depot,parcel_50340001700000060070320000,446,,,,,3990.132,3.41,
fleet_depot,parcel_50340001700000060050000000,651,,,,,16581.216,14.172,
fleet_depot,parcel_50340001700000040010000000,484,,,,,2571.418,2.198,
fleet_depot,parcel_50340001700000040060000000,652,,,,,4699.489,4.017,
fleet_depot,parcel_50340001700000040050010000,590,,,,,0.0,0.0,
fleet_depot,parcel_50340001700000040050020000,484,,,,,3724.123,3.183,
fleet_depot,parcel_50340001700000040030000000,590,,,,,0.0,0.0,
fleet_depot,parcel_50340001300000030130000000,534,,,,,4433.48,3.789,
fleet_depot,parcel_50340001300000030140000000,481,,,,,1950.731,1.667,
fleet_depot,parcel_50340001300000030150000000,481,,,,,3458.114,2.956,
fleet_depot,parcel_50340001300000030170000000,611,,,,,4788.158,4.092,
fleet_depot,parcel_50340001400000020060000000,462,,,,,2128.07,1.819,
fleet_depot,parcel_50340001400000020120000000,653,,,,,0.0,0.0,
fleet_depot,parcel_50340001400000020110000000,653,,,,,0.0,0.0,
fleet_depot,parcel_50340001700000040070000000,695,,,,,0.0,0.0,
fleet_depot,parcel_50340000600000010310410000,853,,,,,0.0,0.0,
fleet_depot,parcel_50340001500000010040000000,681,,,,,2216.74,1.895,
fleet_depot,parcel_50340001800000010010010000,872,,,,,0.0,0.0,
fleet_depot,parcel_50340001400000010180010000,612,,,,,2837.427,2.425,
fleet_depot,parcel_50340001300000040040000000,620,,,,,9664.987,8.261,
fleet_depot,parcel_50340001300000040050000000,831,,,,,0.0,0.0,
fleet_depot,parcel_50340001200000010040000000,612,,,,,250580.294,214.171,
fleet_depot,parcel_50340001300000050010000000,436,,,,,2039.401,1.743,
fleet_depot,parcel_50340001100000010170010000,485,,,,,5142.837,4.396,
fleet_depot,parcel_50340001200000010020030000,633,,,,,31389.039,26.828,
fleet_depot,parcel_50340001200000010160000000,873,,,,,0.0,0.0,
fleet_depot,parcel_50340001100000010220000000,695,,,,,0.0,0.0,
fleet_depot,parcel_50340001100000010431010000,620,,,,,14187.136,12.126,
fleet_depot,parcel_50340001100000010150000000,455,,,,,9576.317,8.185,
fleet_depot,parcel_50340001100000010230030000,822,,,,,532.018,0.455,
fleet_depot,parcel_50340001100000010439110000,433,,,,,5231.507,4.471,
fleet_depot,parcel_50340001100000010430020000,474,,,,,0.0,0.0,
fleet_depot,parcel_50340001100000010430340000,484,,,,,1418.714,1.213,
fleet_depot,parcel_50340001100000010450230000,590,,,,,0.0,0.0,
fleet_depot,parcel_50340001900000010010000000,852,,,,,0.0,0.0,
fleet_depot,parcel_50340000500000010200010000,853,,,,,0.0,0.0,
fleet_depot,parcel_50340000600000010310340000,822,,,,,443.348,0.379,
fleet_depot,parcel_50340000600000010200030000,486,,,,,2837.427,2.425,
fleet_depot,parcel_50340000500000010200210000,822,,,,,0.0,0.0,
fleet_depot,parcel_50340000400000010750230000,442,,,,,975.366,0.834,
fleet_depot,parcel_50340052500000060010000000,842,,,,,0.0,0.0,
fleet_depot,parcel_50340000500000010280000000,843,,,,,0.0,0.0,
fleet_depot,parcel_50340002000000010300000000,695,,,,,0.0,0.0,
fleet_depot,parcel_50340003400000010280220000,430,,,,,7980.264,6.821,
fleet_depot,parcel_50340002700000010141310000,710,,,,,58876.616,50.322,
fleet_depot,parcel_50340000400000010291360000,486,,,,,5852.194,5.002,
fleet_depot,parcel_50340000400000010230220000,837,,,,,0.0,0.0,
fleet_depot,parcel_50340000400000010291350000,464,,,,,5586.185,4.775,
fleet_depot,parcel_50340000400000010230230000,441,,,,,2482.749,2.122,
fleet_depot,parcel_50340000400000010190000000,455,,,,,5586.185,4.775,
fleet_depot,parcel_50340000400000010160030000,485,,,,,9310.308,7.958,
fleet_depot,parcel_50340000400000010291340000,442,,,,,13389.11,11.444,
fleet_depot,parcel_50340000400000010290100000,442,,,,,34935.823,29.86,
fleet_depot,parcel_50340000400000010792110000,442,,,,,22167.4,18.946,
fleet_depot,parcel_50340000400000010390320000,450,,,,,2394.079,2.046,
fleet_depot,parcel_50340000400000010611320000,433,,,,,5852.194,5.002,
fleet_depot,parcel_50340000400000010530240000,422,,,,,4610.819,3.941,
fleet_depot,parcel_50340000600000010180000000,484,,,,,6295.542,5.381,
fleet_depot,parcel_50340000300000010422550000,877,,,,,0.0,0.0,
fleet_depot,parcel_50340000400000010100000000,440,,,,,5940.863,5.078,
fleet_depot,parcel_50340000400000010120110000,851,,,,,31389.039,26.828,
fleet_depot,parcel_50340000300000010422540000,877,,,,,0.0,0.0,
fleet_depot,parcel_50340000300000010260120000,878,,,,,0.0,0.0,
fleet_depot,parcel_50340000300000010260110000,878,,,,,0.0,0.0,
fleet_depot,parcel_50340000300000010211390000,440,,,,,0.0,0.0,
fleet_depot,parcel_50340000300000010260130000,877,,,,,0.0,0.0,
fleet_depot,parcel_50340000200000010510000000,695,,,,,1418.714,1.213,
fleet_depot,parcel_50340000200000010400000000,620,,,,,2926.097,2.501,
fleet_depot,parcel_50340000200000010630210000,455,,,,,4522.15,3.865,
fleet_depot,parcel_50340000100000010160020099,837,,,,,0.0,0.0,
fleet_depot,parcel_50340000100000010040000994,837,,,,,0.0,0.0,
fleet_depot,parcel_50340000100000010040000993,837,,,,,0.0,0.0,
fleet_depot,parcel_50340000100000010040000991,837,,,,,1862.062,1.592,
fleet_depot,parcel_50340000100000010040000992,837,,,,,0.0,0.0,
fleet_depot,parcel_50200000200000010030060000,484,,,,,10729.022,9.17,
fleet_depot,parcel_50200000200000010030010000,633,,,,,53113.091,45.396,
fleet_depot,parcel_50200000200000010040150000,486,,,,,13211.771,11.292,
fleet_depot,parcel_50200000300000020020000000,464,,,,,1064.035,0.909,
fleet_depot,parcel_50200000300000020060000000,620,,,,,7448.247,6.366,
fleet_depot,parcel_50200000300000030060000000,662,,,,,18709.286,15.991,
fleet_depot,parcel_50200000300000010020000000,652,,,,,18975.295,16.218,
fleet_depot,parcel_50200000100000010580000000,695,,,,,0.0,0.0,
fleet_depot,parcel_50200000900000010230000000,612,,,,,142669.389,121.94,
fleet_depot,parcel_50328952500000060020000000,842,,,,,0.0,0.0,
fleet_depot,parcel_50328903000000010160250000,441,,,,,2482.749,2.122,
fleet_depot,parcel_50328903000000010160120099,837,,,,,0.0,0.0,
fleet_depot,parcel_50328903000000010160120000,652,,,,,18709.286,15.991,
fleet_depot,parcel_50328903000000010160240000,454,,,,,6650.22,5.684,
fleet_depot,parcel_50328903000000010160040000,432,,,,,1596.053,1.364,
fleet_depot,parcel_50328903700100030010220000,464,,,,,7182.238,6.139,
fleet_depot,parcel_50328903100000070030000000,421,,,,,1418.714,1.213,
fleet_depot,parcel_50328903700100020210000000,484,,,,,1684.722,1.44,
fleet_depot,parcel_50328903700100020230010000,485,,,,,3103.436,2.653,
fleet_depot,parcel_50328903700100030180020000,456,,,,,4256.141,3.638,
fleet_depot,parcel_50328903700100030180010000,462,,,,,1507.383,1.288,
fleet_depot,parcel_50328903700100020532210000,710,,,,,13477.779,11.519,
fleet_depot,parcel_50328903700100020532110000,456,,,,,3990.132,3.41,
fleet_depot,parcel_50328903700100080020000000,442,,,,,3812.793,3.259,
fleet_depot,parcel_50328903700100080010000000,442,,,,,1152.705,0.985,
fleet_depot,parcel_50328903700100010120000000,422,,,,,1064.035,0.909,
fleet_depot,parcel_50328903700100080030010000,485,,,,,5054.167,4.32,
fleet_depot,parcel_50328903700100050230110000,485,,,,,2926.097,2.501,
fleet_depot,parcel_50328903700100080040010000,436,,,,,1330.044,1.137,
fleet_depot,parcel_50328903700100070060000000,457,,,,,1862.062,1.592,
fleet_depot,parcel_50328903700100050090000000,620,,,,,2128.07,1.819,
fleet_depot,parcel_50328903700100040050000000,695,,,,,0.0,0.0,
fleet_depot,parcel_50328903600000010090020000,720,,,,,117753.231,100.644,
fleet_depot,parcel_50328903500000030020010000,433,,,,,5674.855,4.85,
fleet_depot,parcel_50328903500000030160000000,720,,,,,177.339,0.152,
fleet_depot,parcel_50328903500000030010020000,720,,,,,0.0,0.0,
fleet_depot,parcel_50328903100000060070000000,486,,,,,1064.035,0.909,
fleet_depot,parcel_50328903500000020080020000,662,,,,,13123.101,11.216,
fleet_depot,parcel_50328903100000060100000000,485,,,,,2837.427,2.425,
fleet_depot,parcel_50328903700100020500000000,433,,,,,1596.053,1.364,
fleet_depot,parcel_50328903700100020530030000,557,,,,,88.67,0.076,
fleet_depot,parcel_50328903700100020530040000,431,,,,,2482.749,2.122,
fleet_depot,parcel_50328903700100020520000000,485,,,,,1330.044,1.137,
fleet_depot,parcel_50328903700100020510000000,633,,,,,16049.198,13.717,
fleet_depot,parcel_50328903700100020530230000,620,,,,,3901.462,3.335,
fleet_depot,parcel_50328903700100020090000000,591,,,,,0.0,0.0,
fleet_depot,parcel_50328903700100020080020000,652,,,,,6029.533,5.153,
fleet_depot,parcel_50328903700100020530010000,620,,,,,0.0,0.0,
fleet_depot,parcel_50328903700100020460000000,620,,,,,2394.079,2.046,
fleet_depot,parcel_50328903700100020010000000,484,,,,,620.687,0.531,
fleet_depot,parcel_50328903700100020020000000,421,,,,,3901.462,3.335,
fleet_depot,parcel_50328903700100020040000000,484,,,,,620.687,0.531,
fleet_depot,parcel_50328903700100020080010000,652,,,,,1152.705,0.985,
fleet_depot,parcel_50328903100000050130000000,471,,,,,1684.722,1.44,
fleet_depot,parcel_50328903100000050090000000,483,,,,,1330.044,1.137,
fleet_depot,parcel_50328903100000010160060000,421,,,,,2039.401,1.743,
fleet_depot,parcel_50328903700100020190000000,430,,,,,2926.097,2.501,
fleet_depot,parcel_50328903100000070010000000,433,,,,,1241.374,1.061,
fleet_depot,parcel_50328903100000070020000000,872,,,,,0.0,0.0,
fleet_depot,parcel_50328903100000010180000000,440,,,,,1418.714,1.213,
fleet_depot,parcel_50328903100000010140020000,670,,,,,23231.436,19.856,
fleet_depot,parcel_50328903500000020020020000,710,,,,,8246.273,7.048,
fleet_depot,parcel_50328902600000100080000000,590,,,,,0.0,0.0,
fleet_depot,parcel_50328902700000010380000000,822,,,,,0.0,0.0,
fleet_depot,parcel_50328903200000010080240000,590,,,,,0.0,0.0,
fleet_depot,parcel_50328903200000010190000000,612,,,,,72531.734,61.993,
fleet_depot,parcel_50328903200000010560000000,474,,,,,0.0,0.0,
fleet_depot,parcel_50328903200000010180000000,620,,,,,6295.542,5.381,
fleet_depot,parcel_50328903200000010530000000,484,,,,,1064.035,0.909,
fleet_depot,parcel_50328903200000010200000000,612,,,,,709.357,0.606,
fleet_depot,parcel_50328903200000010500000000,831,,,,,0.0,0.0,
fleet_depot,parcel_50328903200000010520000000,612,,,,,2926.097,2.501,
fleet_depot,parcel_50328903200000010280000000,612,,,,,22522.079,19.25,
fleet_depot,parcel_50328903200000010460000000,620,,,,,6916.229,5.911,
fleet_depot,parcel_50328903300000010170000000,620,,,,,443.348,0.379,
fleet_depot,parcel_50328903200000010390000000,872,,,,,0.0,0.0,
fleet_depot,parcel_50328903300000010040020000,650,,,,,0.0,0.0,
fleet_depot,parcel_50328903300000010740000000,582,,,,,1064.035,0.909,
fleet_depot,parcel_50328903300000010670000000,570,,,,,1507.383,1.288,
fleet_depot,parcel_50328903600000010010010000,872,,,,,0.0,0.0,
fleet_depot,parcel_50328903600000010010000000,720,,,,,49034.29,41.91,
fleet_depot,parcel_50328903200000010030000000,449,,,,,31123.03,26.601,
fleet_depot,parcel_50328902600000050200000000,695,,,,,0.0,0.0,
fleet_depot,parcel_50328902200000010290040000,695,,,,,0.0,0.0,
fleet_depot,parcel_50328902600000070090000000,590,,,,,0.0,0.0,
fleet_depot,parcel_50328902600000070010000000,557,,,,,1064.035,0.909,
fleet_depot,parcel_50328902200000010090000000,433,,,,,975.366,0.834,
fleet_depot,parcel_50328901600000010220010000,695,,,,,0.0,0.0,
fleet_depot,parcel_50328901600000010510010099,833,,,,,88.67,0.076,
fleet_depot,parcel_50328902200000010200000000,695,,,,,0.0,0.0,
fleet_depot,parcel_50328902300000010060020000,720,,,,,6916.229,5.911,
fleet_depot,parcel_50328902300000010180410000,440,,,,,3724.123,3.183,
fleet_depot,parcel_50328901600000010420020000,425,,,,,1152.705,0.985,
fleet_depot,parcel_50328901600000010402260000,456,,,,,4699.489,4.017,
fleet_depot,parcel_50328901500000010300020000,484,,,,,620.687,0.531,
fleet_depot,parcel_50328901600000010330010000,695,,,,,0.0,0.0,
fleet_depot,parcel_50328901600000010530000000,822,,,,,0.0,0.0,
fleet_depot,parcel_50328901600000010100010000,878,,,,,0.0,0.0,
fleet_depot,parcel_50328901500000010110130000,440,,,,,3192.106,2.728,
fleet_depot,parcel_50328901500000010120010000,662,,,,,2748.758,2.349,
fleet_depot,parcel_50328902300000010230020000,613,,,,,620.687,0.531,
fleet_depot,parcel_50328901100000010030230000,872,,,,,0.0,0.0,
fleet_depot,parcel_50328901100000010032110000,875,,,,,0.0,0.0,
fleet_depot,parcel_50328901200000010160020000,720,,,,,177.339,0.152,
fleet_depot,parcel_50328901000000010140010000,695,,,,,0.0,0.0,
fleet_depot,parcel_50328901200000010180050000,424,,,,,2926.097,2.501,
fleet_depot,parcel_50328900200000010160000000,695,,,,,0.0,0.0,
fleet_depot,parcel_50328900200000010110000000,484,,,,,2216.74,1.895,
fleet_depot,parcel_50328900100000010150010000,695,,,,,0.0,0.0,
fleet_depot,parcel_50328900400000010040020000,720,,,,,0.0,0.0,
fleet_depot,parcel_50328900300000010220000000,695,,,,,0.0,0.0,
fleet_depot,parcel_50328900900000010190010000,695,,,,,0.0,0.0,
fleet_depot,parcel_50328900900000010170000000,695,,,,,0.0,0.0,
fleet_depot,parcel_50328900900000010060010000,695,,,,,0.0,0.0,
fleet_depot,parcel_50328900900000010560000000,650,,,,,0.0,0.0,
fleet_depot,parcel_50328902800000010280370000,442,,,,,4078.802,3.486,
fleet_depot,parcel_50328902800000010280360000,440,,,,,1773.392,1.516,
fleet_depot,parcel_50328902800000010300000000,695,,,,,0.0,0.0,
fleet_depot,parcel_50328903100000010130000000,670,,,,,47704.246,40.773,
fleet_depot,parcel_50328903000000010160310000,449,,,,,10551.683,9.019,
fleet_depot,parcel_50328903000000010160320000,449,,,,,17911.26,15.309,
fleet_depot,parcel_50328903000000010230000000,440,,,,,3369.445,2.88,
fleet_depot,parcel_50220052500000060010000000,842,,,,,0.0,0.0,
fleet_depot,parcel_50220001600000010070010000,593,,,,,0.0,0.0,
fleet_depot,parcel_50220001700000010280000000,695,,,,,0.0,0.0,
fleet_depot,parcel_50220001600000010180010000,620,,,,,24650.149,21.069,
fleet_depot,parcel_50220001700000010500000000,485,,,,,0.0,0.0,
fleet_depot,parcel_50220001700000010470000000,695,,,,,0.0,0.0,
fleet_depot,parcel_50220002700000010340050000,852,,,,,0.0,0.0,
fleet_depot,parcel_50220002600000010170010000,852,,,,,0.0,0.0,
fleet_depot,parcel_50220002600000010260010000,852,,,,,0.0,0.0,
fleet_depot,parcel_50220003100000010090220000,614,,,,,4078.802,3.486,
fleet_depot,parcel_50220002900000010040220000,455,,,,,24118.132,20.614,
fleet_depot,parcel_50220002800000010210000000,695,,,,,0.0,0.0,
fleet_depot,parcel_50220002800000010200000000,695,,,,,0.0,0.0,
fleet_depot,parcel_50220052500000060020000000,842,,,,,0.0,0.0,
fleet_depot,parcel_50220001000000010390000000,651,,,,,0.0,0.0,
fleet_depot,parcel_50220001000000010380000000,695,,,,,0.0,0.0,
fleet_depot,parcel_50220001000000010570320000,544,,,,,0.0,0.0,
fleet_depot,parcel_50220000900000010110430000,433,,,,,4522.15,3.865,
fleet_depot,parcel_50220000900000010090120000,464,,,,,31211.7,26.677,
fleet_depot,parcel_50340002600000010100010000,837,,,,,0.0,0.0,
fleet_depot,parcel_50260000200000010080340000,837,,,,,0.0,0.0,
fleet_depot,parcel_50260000600000020140000000,852,,,,,0.0,0.0,
fleet_depot,parcel_50260000100000030100030000,443,,,,,11615.718,9.928,
fleet_depot,parcel_50360100300000010060000000,440,,,,,3369.445,2.88,
fleet_depot,parcel_50360100300000020080000000,872,,,,,0.0,0.0,
fleet_depot,parcel_50360100300000010030020000,464,,,,,4876.828,4.168,
fleet_depot,parcel_50360101000000010040000000,612,,,,,0.0,0.0,
fleet_depot,parcel_50360101000000010110020000,612,,,,,416569.789,356.043,
fleet_depot,parcel_50360100500000010170000000,444,,,,,8246.273,7.048,
fleet_depot,parcel_50360100500000010540000000,534,,,,,24650.149,21.069,
fleet_depot,parcel_50360100500000010490020000,483,,,,,0.0,0.0,
fleet_depot,parcel_50360100500000010510000000,620,,,,,13477.779,11.519,
fleet_depot,parcel_50360100600000030010020000,620,,,,,9044.299,7.73,
fleet_depot,parcel_50360100600000020080010000,611,,,,,12236.405,10.458,
fleet_depot,parcel_50360100600000020130000000,620,,,,,5231.507,4.471,
fleet_depot,parcel_50360100600000020030000000,652,,,,,6295.542,5.381,
fleet_depot,parcel_50360100600000020040000000,483,,,,,3635.454,3.107,
fleet_depot,parcel_50360100600000020020000000,620,,,,,4167.471,3.562,
fleet_depot,parcel_50360100600000010080000000,436,,,,,975.366,0.834,
fleet_depot,parcel_50360100600000010200000000,438,,,,,0.0,0.0,
fleet_depot,parcel_50360100600000010250000000,457,,,,,4344.81,3.714,
fleet_depot,parcel_50360100600000010240000000,652,,,,,6029.533,5.153,
fleet_depot,parcel_50360100600000010260000000,440,,,,,6118.203,5.229,
fleet_depot,parcel_50360100600000010210000000,438,,,,,0.0,0.0,
fleet_depot,parcel_50360100600000010230000000,483,,,,,3724.123,3.183,
fleet_depot,parcel_50360100600000020010020000,438,,,,,0.0,0.0,
fleet_depot,parcel_50360100600000020010010000,465,,,,,5763.524,4.926,
fleet_depot,parcel_50360100500000010590020000,483,,,,,4876.828,4.168,
fleet_depot,parcel_50360100500000010670000000,483,,,,,3990.132,3.41,
fleet_depot,parcel_50360100500000010660000000,483,,,,,7625.586,6.518,
fleet_depot,parcel_50360100200000050040000000,681,,,,,9398.978,8.033,
fleet_depot,parcel_50360100200000050060000000,836,,,,,0.0,0.0,
fleet_depot,parcel_50360100200000050050000000,836,,,,,0.0,0.0,
fleet_depot,parcel_50360100500000010010000000,484,,,,,7980.264,6.821,
fleet_depot,parcel_50360100500000010680000000,481,,,,,7625.586,6.518,
fleet_depot,parcel_50360100500000010700000000,481,,,,,2039.401,1.743,
fleet_depot,parcel_50360100600000010190000000,484,,,,,3990.132,3.41,
fleet_depot,parcel_50360100600000010180000000,481,,,,,3546.784,3.031,
fleet_depot,parcel_50360100600000010150000000,483,,,,,14896.493,12.732,
fleet_depot,parcel_50360100600000010170000000,483,,,,,11881.727,10.155,
fleet_depot,parcel_50360100600000010120000000,483,,,,,8423.612,7.2,
fleet_depot,parcel_50360100600000010140000000,483,,,,,7004.899,5.987,
fleet_depot,parcel_50360100600000010130000000,483,,,,,26068.863,22.281,
fleet_depot,parcel_50360100600000010110000000,483,,,,,8423.612,7.2,
fleet_depot,parcel_50360100600000010100000000,482,,,,,4167.471,3.562,
fleet_depot,parcel_50360100200000050140000000,464,,,,,5852.194,5.002,
fleet_depot,parcel_50360100200000050090000000,461,,,,,7448.247,6.366,
fleet_depot,parcel_50360100500000010580020000,483,,,,,12945.762,11.065,
fleet_depot,parcel_50360100500000010570000000,481,,,,,5497.515,4.699,
fleet_depot,parcel_50360100500000010560000000,481,,,,,4876.828,4.168,
fleet_depot,parcel_50360100500000010710000000,534,,,,,3280.775,2.804,
fleet_depot,parcel_50360100500000010550000000,481,,,,,6118.203,5.229,
fleet_depot,parcel_50360100100000010120000000,620,,,,,11172.37,9.549,
fleet_depot,parcel_50360100100000010130000000,662,,,,,12857.092,10.989,
fleet_depot,parcel_50360100100000010110000000,438,,,,,0.0,0.0,
fleet_depot,parcel_50360100100000050070000000,485,,,,,6738.89,5.76,
fleet_depot,parcel_50360100600000010050010000,457,,,,,18975.295,16.218,
fleet_depot,parcel_50360100600000010010000000,484,,,,,8512.282,7.275,
fleet_depot,parcel_50360100700000020020000000,590,,,,,0.0,0.0,
fleet_depot,parcel_50360100100000050010000000,590,,,,,0.0,0.0,
fleet_depot,parcel_50360100700000020030000000,590,,,,,0.0,0.0,
fleet_depot,parcel_50360100700000030010000000,590,,,,,0.0,0.0,
fleet_depot,parcel_50360100700000010150000000,822,,,,,1152.705,0.985,
fleet_depot,parcel_50360100600000010280010000,633,,,,,70758.342,60.477,
fleet_depot,parcel_50360100600000010050020000,485,,,,,25093.497,21.447,
fleet_depot,parcel_50360100600000010070000000,436,,,,,2305.41,1.97,
fleet_depot,parcel_50360100600000010360020000,633,,,,,37152.563,31.754,
fleet_depot,parcel_50360100800000050020000000,695,,,,,0.0,0.0,
fleet_depot,parcel_50360100800000020210000000,590,,,,,0.0,0.0,
fleet_depot,parcel_50360100800000020200000000,822,,,,,0.0,0.0,
fleet_depot,parcel_50360100800000040010320000,552,,,,,4876.828,4.168,
fleet_depot,parcel_50360100900000010020070000,612,,,,,7093.568,6.063,
fleet_depot,parcel_50360100600000050110000000,438,,,,,0.0,0.0,
fleet_depot,parcel_50360100600000040070000000,471,,,,,7270.907,6.214,
fleet_depot,parcel_50360101000000010110010000,615,,,,,9664.987,8.261,
fleet_depot,parcel_50360101000000010070000000,486,,,,,6738.89,5.76,
fleet_depot,parcel_50360101000000010080000000,421,,,,,5586.185,4.775,
fleet_depot,parcel_50360101000000010090000000,531,,,,,0.0,0.0,
fleet_depot,parcel_50360101000000020040020000,485,,,,,3812.793,3.259,
fleet_depot,parcel_50360101000000020040010000,457,,,,,975.366,0.834,
fleet_depot,parcel_50360100400000030080000000,433,,,,,1596.053,1.364,
fleet_depot,parcel_50360100400000020040000000,695,,,,,0.0,0.0,
fleet_depot,parcel_50360100400000030050000000,853,,,,,1330.044,1.137,
fleet_depot,parcel_50360100300000020030000000,483,,,,,10551.683,9.019,
fleet_depot,parcel_50368902600000020130010000,484,,,,,36797.885,31.451,
fleet_depot,parcel_50368901100000020280000000,557,,,,,3546.784,3.031,
fleet_depot,parcel_50368901100000030010000000,441,,,,,8512.282,7.275,
fleet_depot,parcel_50368901100000020060020000,484,,,,,1064.035,0.909,
fleet_depot,parcel_50368901100000040050000000,695,,,,,0.0,0.0,
fleet_depot,parcel_50368901200000010010020000,552,,,,,0.0,0.0,
fleet_depot,parcel_50368901200000020090040000,620,,,,,6738.89,5.76,
fleet_depot,parcel_50368901200000030150000000,612,,,,,0.0,0.0,
fleet_depot,parcel_50368901200000010050000000,852,,,,,0.0,0.0,
fleet_depot,parcel_50368902200000010050030000,464,,,,,9221.639,7.882,
fleet_depot,parcel_50368902200000020040000000,642,,,,,34049.127,29.102,
fleet_depot,parcel_50368902200000040180000000,845,,,,,0.0,0.0,
fleet_depot,parcel_50368902300000010180000000,692,,,,,0.0,0.0,
fleet_depot,parcel_50368902300000020040000000,433,,,,,6384.211,5.457,
fleet_depot,parcel_50368902200000040120000000,695,,,,,0.0,0.0,
fleet_depot,parcel_50368902200000040090000000,845,,,,,0.0,0.0,
fleet_depot,parcel_50368902200000050040000000,433,,,,,10817.691,9.246,
fleet_depot,parcel_50368902300000040040000000,695,,,,,0.0,0.0,
fleet_depot,parcel_50368902500000020010040000,485,,,,,16669.885,14.248,
fleet_depot,parcel_50368902500000020010520000,455,,,,,2926.097,2.501,
fleet_depot,parcel_50368902500000020010060000,485,,,,,5408.846,4.623,
fleet_depot,parcel_50368902500000030010000000,620,,,,,12768.423,10.913,
fleet_depot,parcel_50368902500000060070000000,593,,,,,0.0,0.0,
fleet_depot,parcel_50368902500000060100020000,484,,,,,5497.515,4.699,
fleet_depot,parcel_50368902400000020050210099,837,,,,,0.0,0.0,
fleet_depot,parcel_50368902400000030090000000,620,,,,,1684.722,1.44,
fleet_depot,parcel_50368902400000030070000000,695,,,,,0.0,0.0,
fleet_depot,parcel_50368902500000060200000000,633,,,,,3546.784,3.031,
fleet_depot,parcel_50368902500000030090000000,484,,,,,2394.079,2.046,
fleet_depot,parcel_50368902000000010060010000,531,,,,,0.0,0.0,
fleet_depot,parcel_50368902000000030090210000,612,,,,,19684.652,16.824,
fleet_depot,parcel_50368902000000030090220000,440,,,,,10640.352,9.094,
fleet_depot,parcel_50368902000000030090230000,612,,,,,11172.37,9.549,
fleet_depot,parcel_50368902000000020020020000,444,,,,,17201.903,14.702,
fleet_depot,parcel_50368902000000030010000000,449,,,,,3812.793,3.259,
fleet_depot,parcel_50368901200000040150230000,449,,,,,15605.85,13.338,
fleet_depot,parcel_50368901300000030030010000,431,,,,,43980.122,37.59,
fleet_depot,parcel_50368901200000030210010000,423,,,,,1330.044,1.137,
fleet_depot,parcel_50368901200000030170000000,531,,,,,1507.383,1.288,
fleet_depot,parcel_50368901200000030210020000,442,,,,,6738.89,5.76,
fleet_depot,parcel_50368901200000030190000000,472,,,,,2216.74,1.895,
fleet_depot,parcel_50368901200000030180020000,446,,,,,21546.713,18.416,
fleet_depot,parcel_50368901200000030180010000,456,,,,,20482.678,17.507,
fleet_depot,parcel_50368901300000030020010000,454,,,,,79802.642,68.207,
fleet_depot,parcel_50368901300000040020040000,443,,,,,59851.981,51.156,
fleet_depot,parcel_50368901300000050170000000,449,,,,,5940.863,5.078,
fleet_depot,parcel_50368901300000020140000000,695,,,,,0.0,0.0,
fleet_depot,parcel_50368901400000030180020000,414,,,,,13211.771,11.292,
fleet_depot,parcel_50368901400000030180010000,414,,,,,6561.551,5.608,
fleet_depot,parcel_50368901400000010130000000,695,,,,,0.0,0.0,
fleet_depot,parcel_50368901400000010110000000,414,,,,,16049.198,13.717,
