site_type,site_id,name,lat,lon,ports_2026,ports_scaled,annual_kwh,peak_kw,kwh_per_port_day
public_l2,afdc_114957,La Tourelle Hotel & Spa - Tesla Destination,42.402,-76.503,2.0,2.0,7237.504,3.432,9.914
public_l2,afdc_114959,William Henry Miller Inn - Tesla Destination,42.442,-76.495,1.0,1.0,3618.752,1.716,9.914
public_l2,afdc_117739,Maguire Chevrolet,42.481,-76.478,2.0,2.0,7237.504,3.432,9.914
public_l2,afdc_123135,Allan H. Treman State Park,42.458,-76.52,4.0,4.0,14475.009,6.863,9.914
public_l2,afdc_123137,Cayuga Heights,42.469,-76.479,2.0,2.0,7237.504,3.432,9.914
public_l2,afdc_162227,NORTH WOOD STATION 1,42.487,-76.471,2.0,2.0,7237.504,3.432,9.914
public_l2,afdc_162263,ITHACA VISITORS COLLEGE CIRCLE,42.412,-76.501,2.0,2.0,7237.504,3.432,9.914
public_l2,afdc_162290,HOLT1 HOLT,42.439,-76.51,2.0,2.0,7237.504,3.432,9.914
public_l2,afdc_162296,CITY OF ITHACA DRYDEN,42.442,-76.486,2.0,2.0,7237.504,3.432,9.914
public_l2,afdc_162304,INHS 210 HANCOCK,42.448,-76.503,2.0,2.0,7237.504,3.432,9.914
public_l2,afdc_162307,CITY OF ITHACA SENECA STREET,42.44,-76.496,2.0,2.0,7237.504,3.432,9.914
public_l2,afdc_162315,ITHACA VISITORS ITHACA COLLEGE,42.421,-76.5,2.0,2.0,7237.504,3.432,9.914
public_l2,afdc_162323,CAYUGA STATION ALL PRO GARAGE,42.437,-76.499,2.0,2.0,7237.504,3.432,9.914
public_l2,afdc_162327,ULYSSES TOWN ULYSSES,42.541,-76.661,2.0,2.0,7237.504,3.432,9.914
public_l2,afdc_164859,DRYDEN STATION 1,42.492,-76.287,2.0,2.0,7237.504,3.432,9.914
public_l2,afdc_165558,CCE TOMPKINS STATION ONE,42.451,-76.503,2.0,2.0,7237.504,3.432,9.914
public_l2,afdc_182683,SCIENCENTER SCIENCENTER,42.45,-76.504,2.0,2.0,7237.504,3.432,9.914
public_l2,afdc_186535,CAYUGA MED CTR. CAYUGA MEDICAL,42.469,-76.538,2.0,2.0,7237.504,3.432,9.914
public_l2,afdc_191606,THE MEADOWS STATION 01,42.484,-76.482,2.0,2.0,7237.504,3.432,9.914
public_l2,afdc_226519,BJ'S Wholesale Shopping Club,42.486,-76.493,2.0,2.0,7237.504,3.432,9.914
public_l2,afdc_226520,The Dorm Hotel,42.444,-76.49,1.0,1.0,3618.752,1.716,9.914
public_l2,afdc_226521,Maguire Honda of Ithaca,42.426,-76.509,1.0,1.0,3618.752,1.716,9.914
public_l2,afdc_226539,Inn at Taughannock Falls - Tesla Destination,42.545,-76.598,2.0,2.0,7237.504,3.432,9.914
public_l2,afdc_227121,CORNELL STATION4,42.445,-76.481,2.0,2.0,7237.504,3.432,9.914
public_l2,afdc_229267,CORNELL STATION6,42.445,-76.481,2.0,2.0,7237.504,3.432,9.914
public_l2,afdc_229268,CORNELL STATION2,42.45,-76.479,2.0,2.0,7237.504,3.432,9.914
public_l2,afdc_229269,CORNELL STATION1,42.45,-76.478,2.0,2.0,7237.504,3.432,9.914
public_l2,afdc_229400,CORNELL STATION3,42.443,-76.479,2.0,2.0,7237.504,3.432,9.914
public_l2,afdc_229476,CORNELL STATION5,42.45,-76.479,2.0,2.0,7237.504,3.432,9.914
public_l2,afdc_230851,Village of Dryden,42.49,-76.298,2.0,2.0,7237.504,3.432,9.914
public_l2,afdc_256948,MAGUIRE IMPORTS VOLKS CLIENT,42.422,-76.517,2.0,2.0,7237.504,3.432,9.914
public_l2,afdc_302246,CORNELL CORNELLSTATION7,42.443,-76.48,2.0,2.0,7237.504,3.432,9.914
public_l2,afdc_311780,ITHACAN B,42.439,-76.496,2.0,2.0,7237.504,3.432,9.914
public_l2,afdc_311781,ITHACAN A,42.439,-76.496,2.0,2.0,7237.504,3.432,9.914
public_l2,afdc_311782,ITHACAN C,42.439,-76.496,2.0,2.0,7237.504,3.432,9.914
public_l2,afdc_311783,ITHACAN D,42.439,-76.496,2.0,2.0,7237.504,3.432,9.914
public_l2,afdc_324859,Spruce Row Campground & RV Park,42.516,-76.587,4.0,4.0,14475.009,6.863,9.914
public_l2,afdc_326300,CORNELL STATION10,42.436,-76.455,2.0,2.0,7237.504,3.432,9.914
public_l2,afdc_326305,CORNELL STATION11,42.436,-76.455,2.0,2.0,7237.504,3.432,9.914
public_l2,afdc_326306,CORNELL STATION12,42.436,-76.455,2.0,2.0,7237.504,3.432,9.914
public_l2,afdc_326447,CORNELL STATION8,42.444,-76.484,2.0,2.0,7237.504,3.432,9.914
public_l2,afdc_326448,CORNELL STATION9,42.444,-76.484,2.0,2.0,7237.504,3.432,9.914
public_l2,afdc_333805,Holiday Inn Express Ithaca,42.421,-76.518,4.0,4.0,14475.009,6.863,9.914
public_l2,afdc_333826,Ithaca Bakery,42.443,-76.509,6.0,6.0,21712.513,10.295,9.914
public_l2,afdc_334127,Kendal at Ithaca 3,42.474,-76.488,2.0,2.0,7237.504,3.432,9.914
public_l2,afdc_334240,Rodeway Inn & Suites,42.41,-76.54,4.0,4.0,14475.009,6.863,9.914
public_l2,afdc_341691,SWTCH Energy Inc.,42.437,-76.46,4.0,4.0,14475.009,6.863,9.914
public_l2,afdc_341704,SWTCH Energy Inc.,42.439,-76.46,4.0,4.0,14475.009,6.863,9.914
public_l2,afdc_341740,SWTCH Energy Inc.,42.538,-76.654,2.0,2.0,7237.504,3.432,9.914
public_l2,afdc_341778,SWTCH Energy Inc.,42.501,-76.311,2.0,2.0,7237.504,3.432,9.914
public_l2,afdc_347356,Kendal at Ithaca 2 (North Lot),42.476,-76.486,4.0,4.0,14475.009,6.863,9.914
public_l2,afdc_347357,Kendal at Ithaca 1 (South Lot),42.475,-76.485,4.0,4.0,14475.009,6.863,9.914
public_l2,afdc_347365,Best Western University Inn,42.439,-76.462,8.0,8.0,28950.017,13.727,9.914
public_l2,afdc_347945,Fairview Apartments East,42.44,-76.476,12.0,12.0,43425.026,20.59,9.914
public_l2,afdc_347946,Fairview Apartments West,42.44,-76.476,8.0,8.0,28950.017,13.727,9.914
public_l2,afdc_350529,GREENSTARCOOPER GREENSTAR 1,42.445,-76.51,2.0,2.0,7237.504,3.432,9.914
public_l2,afdc_360737,Ithaca College - Farm Pond Road - North Row,42.428,-76.496,12.0,12.0,43425.026,20.59,9.914
public_l2,afdc_360738,Ithaca College -  Terrace Hall,42.417,-76.498,2.0,2.0,7237.504,3.432,9.914
public_l2,afdc_360739,Ithaca College - Farm Pond Road - South Row,42.427,-76.496,14.0,14.0,50662.53,24.021,9.914
public_l2,afdc_372446,GREENSTARCOOPER GREENSTAR 2,42.445,-76.51,2.0,2.0,7237.504,3.432,9.914
public_l2,afdc_376246,Northside Apartments Site 1,42.445,-76.506,2.0,2.0,7237.504,3.432,9.914
public_l2,afdc_376247,Northside Apartments Site 2,42.445,-76.506,2.0,2.0,7237.504,3.432,9.914
public_l2,afdc_384284,INHS VILLAGE GROVE 6,42.536,-76.661,1.0,1.0,3618.752,1.716,9.914
public_l2,afdc_384285,INHS VILLAGE GROVE 3,42.536,-76.661,1.0,1.0,3618.752,1.716,9.914
public_l2,afdc_384286,INHS VILLAGE GROVE 2,42.536,-76.661,1.0,1.0,3618.752,1.716,9.914
public_l2,afdc_384287,INHS VILLAGE GROVE 5,42.536,-76.661,1.0,1.0,3618.752,1.716,9.914
public_l2,afdc_384288,INHS VILLAGE GROVE 4,42.536,-76.661,1.0,1.0,3618.752,1.716,9.914
public_l2,afdc_384289,INHS VILLAGE GROVE 1,42.536,-76.661,1.0,1.0,3618.752,1.716,9.914
public_l2,afdc_420749,ORLY ITHACA 1,42.432,-76.51,1.0,1.0,3618.752,1.716,9.914
public_l2,afdc_420750,ORLY ITHACA 3,42.432,-76.51,1.0,1.0,3618.752,1.716,9.914
public_l2,afdc_429747,Chrysler L2s,42.428,-76.51,2.0,2.0,7237.504,3.432,9.914
public_l2,afdc_439836,Springwater Inn,42.459,-76.428,4.0,4.0,14475.009,6.863,9.914
public_l2,afdc_447078,Village Hall,42.541,-76.661,2.0,2.0,7237.504,3.432,9.914
public_l2,afdc_452497,308 Main Street,42.586,-76.366,2.0,2.0,7237.504,3.432,9.914
public_l2,afdc_455979,Honda L2's,42.427,-76.51,1.0,1.0,3618.752,1.716,9.914
public_l2,afdc_455980,Imports L2s,42.423,-76.518,1.0,1.0,3618.752,1.716,9.914
public_l2,afdc_455983,Ford Ithaca L2s,42.435,-76.509,4.0,4.0,14475.009,6.863,9.914
public_l2,afdc_456594,HOUSE OF ALPHA STATION 1,42.456,-76.487,2.0,2.0,7237.504,3.432,9.914
public_l2,afdc_456595,HOUSE OF ALPHA STATION 2,42.456,-76.487,2.0,2.0,7237.504,3.432,9.914
public_l2,afdc_458593,ORLY ITHACA 2,42.432,-76.51,1.0,1.0,3618.752,1.716,9.914
public_l2,afdc_458594,ORLY ITHACA 4,42.432,-76.51,1.0,1.0,3618.752,1.716,9.914
public_l2,afdc_460294,FERGUSON ELEC AURORA 2,42.447,-76.509,2.0,2.0,7237.504,3.432,9.914
public_l2,afdc_460295,FERGUSON ELEC AURORA 5,42.447,-76.509,2.0,2.0,7237.504,3.432,9.914
public_l2,afdc_460296,FERGUSON ELEC AURORA 4,42.447,-76.509,2.0,2.0,7237.504,3.432,9.914
public_l2,afdc_460298,FERGUSON ELEC AURORA 1,42.447,-76.509,2.0,2.0,7237.504,3.432,9.914
public_l2,afdc_460299,FERGUSON ELEC AURORA 6,42.447,-76.509,2.0,2.0,7237.504,3.432,9.914
public_l2,afdc_462029,GT-Dryden Mutual Insurance,42.5,-76.3,6.0,6.0,21712.513,10.295,9.914
public_l2,afdc_467971,Parking Lot,42.541,-76.66,2.0,2.0,7237.504,3.432,9.914
public_l2,afdc_467972,Parking Lot,42.542,-76.666,2.0,2.0,7237.504,3.432,9.914
public_l2,afdc_468044,Parking Lot,42.436,-76.465,2.0,2.0,7237.504,3.432,9.914
dcfc,afdc_117739,Maguire Chevrolet,42.481,-76.478,1.0,1.0,57183.615,60.299,156.667
dcfc,afdc_149318,"Ithaca, NY - Tesla Supercharger",42.429,-76.509,8.0,8.0,457468.923,482.392,156.667
dcfc,afdc_333805,Holiday Inn Express Ithaca,42.421,-76.518,8.0,8.0,457468.923,482.392,156.667
dcfc,afdc_398514,Ithaca College - Athletic Center,42.422,-76.49,4.0,4.0,228734.462,241.196,156.667
dcfc,afdc_440986,Chrysler L3s,42.428,-76.51,2.0,2.0,114367.231,120.598,156.667
dcfc,afdc_447078,Village Hall,42.541,-76.661,2.0,2.0,114367.231,120.598,156.667
dcfc,afdc_449494,Parking Lot DCFC,42.542,-76.666,2.0,2.0,114367.231,120.598,156.667
dcfc,afdc_455981,Chevrolet Cadillac L3s,42.481,-76.478,3.0,3.0,171550.846,180.897,156.667
dcfc,afdc_455982,Ford Ithaca L3s,42.435,-76.509,4.0,4.0,228734.462,241.196,156.667
dcfc,afdc_455985,Chevy of Trumansburg L3's,42.533,-76.639,2.0,2.0,114367.231,120.598,156.667
dcfc,afdc_459357,Parking Lot DCFC,42.541,-76.66,2.0,2.0,114367.231,120.598,156.667
dcfc,afdc_463625,Ithaca Ford,42.435,-76.509,2.0,2.0,114367.231,120.598,156.667
workplace_listed,afdc_44339,Maguire Family of Dealerships,42.435,-76.509,1.0,,10416.733,11.087,
workplace_listed,afdc_157971,Maguire Family of Dealerships,42.423,-76.519,0.0,,0.0,0.0,
workplace_listed,afdc_168427,Village of Dryden,42.485,-76.297,2.0,,20833.467,22.174,
workplace_listed,afdc_168458,Tompkins-Seneca-Tioga BOCES,42.476,-76.464,4.0,,41666.934,44.349,
workplace_listed,afdc_303228,Swtch Energy,42.501,-76.31,2.0,,20833.467,22.174,
workplace_listed,chargeready_56A260F38E53CE12C012D52A07908D7966D69E4F5ECBF7043EB7681EEBF1A5E2,Dryden Mutual Insurance Company,,,6.0,,62500.401,66.523,
workplace_listed,chargeready_FE9A4C96FFF5CD08C8B5BD7CCC15E73D25CA8C3C1ECA4AA6B308C63B6D0B77BE,TST BOCES Ithaca,,,4.0,,41666.934,44.349,
workplace_listed,chargeready_498FEA00DD2D4B8B227D6D6A6B07F9F52AFE255CB81F23F2E051B39205B0D39F,Cornell Cooperative Extension Association of Tompkins County,,,2.0,,20833.467,22.174,
workplace_unlisted_parcel,parcel_50200000900000010230000000,612,42.393,-76.371,,,391.138,0.416,
workplace_unlisted_parcel,parcel_50200000900000010070040000,442,42.395,-76.401,,,149.737,0.159,
workplace_unlisted_parcel,parcel_50200003100000010010050000,670,42.327,-76.319,,,435.266,0.463,
workplace_unlisted_parcel,parcel_50300101400000060010000000,613,42.458,-76.484,,,187.407,0.199,
workplace_unlisted_parcel,parcel_50300101400000040020020000,613,42.459,-76.479,,,702.474,0.748,
workplace_unlisted_parcel,parcel_50300100900000060010000000,612,42.466,-76.489,,,361.3,0.385,
workplace_unlisted_parcel,parcel_50300101000000040010020000,452,42.469,-76.48,,,377.977,0.402,
workplace_unlisted_parcel,parcel_50300101000000040010020002,465,42.469,-76.48,,,206.99,0.22,
workplace_unlisted_parcel,parcel_50300100500000030180010000,464,42.47,-76.478,,,161.386,0.172,
workplace_unlisted_parcel,parcel_50300100300000010010000000,633,42.475,-76.486,,,2672.726,2.845,
workplace_unlisted_parcel,parcel_50220000900000010090120000,464,42.358,-76.512,,,158.656,0.169,
workplace_unlisted_parcel,parcel_50220001000000010050000000,614,42.359,-76.49,,,180.977,0.193,
workplace_unlisted_parcel,parcel_50220000200000010350110000,442,42.384,-76.492,,,211.35,0.225,
workplace_unlisted_parcel,parcel_50220000100000010250010000,710,42.381,-76.51,,,538.805,0.573,
workplace_unlisted_parcel,parcel_50248907300000020040020000,714,42.403,-76.422,,,176.521,0.188,
workplace_unlisted_parcel,parcel_50248905400000010090050000,440,42.461,-76.421,,,154.053,0.164,
workplace_unlisted_parcel,parcel_50248905200000010040320000,710,42.471,-76.41,,,1497.58,1.594,
workplace_unlisted_parcel,parcel_50248905200000010041110000,440,42.472,-76.408,,,243.911,0.26,
workplace_unlisted_parcel,parcel_50248905200000010080050000,442,42.472,-76.403,,,301.192,0.321,
workplace_unlisted_parcel,parcel_50248905200000010080020000,442,42.471,-76.401,,,352.323,0.375,
workplace_unlisted_parcel,parcel_50248904200000010350020000,442,42.473,-76.424,,,315.77,0.336,
workplace_unlisted_parcel,parcel_50248904200000010350030000,440,42.474,-76.425,,,179.832,0.191,
workplace_unlisted_parcel,parcel_50248904200000010310060000,710,42.474,-76.428,,,356.111,0.379,
workplace_unlisted_parcel,parcel_50248904200000010310030000,661,42.475,-76.428,,,231.3,0.246,
workplace_unlisted_parcel,parcel_50248904300000010290060000,440,42.475,-76.433,,,148.636,0.158,
workplace_unlisted_parcel,parcel_50248904300000010330020000,642,42.477,-76.432,,,183.509,0.195,
workplace_unlisted_parcel,parcel_50248904300000010331210000,442,42.477,-76.435,,,482.243,0.513,
workplace_unlisted_parcel,parcel_50248903900000010010000000,712,42.497,-76.372,,,440.404,0.469,
workplace_unlisted_parcel,parcel_50248903400000020030030000,449,42.505,-76.359,,,218.852,0.233,
workplace_unlisted_parcel,parcel_50248903700000010100120000,613,42.499,-76.282,,,1224.06,1.303,
workplace_unlisted_parcel,parcel_50248903700000010080030000,613,42.501,-76.288,,,2048.937,2.181,
workplace_unlisted_parcel,parcel_50248903700000010101120000,613,42.5,-76.285,,,468.473,0.499,
workplace_unlisted_parcel,parcel_50248903700000010101110000,613,42.5,-76.286,,,470.322,0.501,
workplace_unlisted_parcel,parcel_50248903800000010260000000,612,42.502,-76.309,,,1383.251,1.472,
workplace_unlisted_parcel,parcel_50248903900000010220020000,449,42.5,-76.349,,,162.069,0.172,
workplace_unlisted_parcel,parcel_50248903900000010220050000,440,42.497,-76.349,,,148.622,0.158,
workplace_unlisted_parcel,parcel_50240100800100010020000000,464,42.5,-76.3,,,229.641,0.244,
workplace_unlisted_parcel,parcel_50240101100000010080070000,449,42.491,-76.292,,,151.411,0.161,
workplace_unlisted_parcel,parcel_50240101600000020010000000,612,42.488,-76.292,,,872.845,0.929,
workplace_unlisted_parcel,parcel_50240101100000010090000000,651,42.492,-76.29,,,187.906,0.2,
workplace_unlisted_parcel,parcel_50240101200000040010010000,633,42.492,-76.295,,,289.419,0.308,
workplace_unlisted_parcel,parcel_50240100900000010060000000,452,42.495,-76.299,,,168.675,0.18,
workplace_unlisted_parcel,parcel_50240101300000010110020000,710,42.492,-76.304,,,177.63,0.189,
workplace_unlisted_parcel,parcel_50260000400000020070040000,710,42.461,-76.574,,,316.658,0.337,
workplace_unlisted_parcel,parcel_50260001400000020020080000,651,42.418,-76.623,,,179.802,0.191,
workplace_unlisted_parcel,parcel_50260000800000010100000000,612,42.449,-76.632,,,313.149,0.333,
workplace_unlisted_parcel,parcel_50240300400000050110110000,633,42.515,-76.344,,,173.681,0.185,
workplace_unlisted_parcel,parcel_50288903500000010250020000,442,42.552,-76.403,,,237.818,0.253,
workplace_unlisted_parcel,parcel_50280130800000010030010000,455,42.589,-76.348,,,300.503,0.32,
workplace_unlisted_parcel,parcel_50280130800000010010010000,715,42.591,-76.35,,,148.893,0.158,
workplace_unlisted_parcel,parcel_50280130800000010010030000,440,42.59,-76.352,,,246.069,0.262,
workplace_unlisted_parcel,parcel_50280110800000020370000000,612,42.584,-76.359,,,732.906,0.78,
workplace_unlisted_parcel,parcel_50280100700000020250040000,633,42.585,-76.368,,,352.47,0.375,
workplace_unlisted_parcel,parcel_50280100700000020250030000,633,42.585,-76.369,,,254.568,0.271,
workplace_unlisted_parcel,parcel_50280101100000010010020000,612,42.58,-76.371,,,1035.926,1.103,
workplace_unlisted_parcel,parcel_50280100600000010310000000,652,42.59,-76.37,,,174.987,0.186,
workplace_unlisted_parcel,parcel_50280100500000010020000000,444,42.592,-76.369,,,150.068,0.16,
workplace_unlisted_parcel,parcel_50070013000000040050000000,690,42.419,-76.518,,,315.476,0.336,
workplace_unlisted_parcel,parcel_50070013000000030010000000,456,42.42,-76.519,,,157.812,0.168,
workplace_unlisted_parcel,parcel_50070012800000010060010000,452,42.421,-76.519,,,363.95,0.387,
workplace_unlisted_parcel,parcel_50070012900000010100020000,414,42.422,-76.516,,,415.257,0.442,
workplace_unlisted_parcel,parcel_50070008500000050010000000,612,42.437,-76.478,,,216.305,0.23,
workplace_unlisted_parcel,parcel_50070006300000050070000000,437,42.442,-76.486,,,528.485,0.562,
workplace_unlisted_parcel,parcel_50070006300000050020000000,482,42.442,-76.486,,,352.345,0.375,
workplace_unlisted_parcel,parcel_50070006400000100030000000,613,42.441,-76.485,,,460.443,0.49,
workplace_unlisted_parcel,parcel_50070006900000010040000000,482,42.44,-76.494,,,167.845,0.179,
workplace_unlisted_parcel,parcel_50070006900000010110000000,481,42.44,-76.495,,,312.041,0.332,
workplace_unlisted_parcel,parcel_50070006900000010070000000,482,42.44,-76.495,,,209.192,0.223,
workplace_unlisted_parcel,parcel_50070006900000010060020000,414,42.44,-76.495,,,546.652,0.582,
workplace_unlisted_parcel,parcel_50070006100000040050000000,650,42.441,-76.496,,,1305.358,1.389,
workplace_unlisted_parcel,parcel_50070007000000020100000000,463,42.44,-76.497,,,351.046,0.374,
workplace_unlisted_parcel,parcel_50070007000000030150000000,463,42.44,-76.497,,,246.509,0.262,
workplace_unlisted_parcel,parcel_50070007000000040040220000,464,42.439,-76.496,,,425.394,0.453,
workplace_unlisted_parcel,parcel_50070007000000040040210001,437,42.439,-76.496,,,355.113,0.378,
workplace_unlisted_parcel,parcel_50070007000000040050010000,452,42.439,-76.497,,,790.313,0.841,
workplace_unlisted_parcel,parcel_50070007000000020050000000,464,42.44,-76.498,,,156.197,0.166,
workplace_unlisted_parcel,parcel_50070007000000050010000000,481,42.439,-76.499,,,374.3,0.398,
workplace_unlisted_parcel,parcel_50070007000000050230000000,652,42.439,-76.499,,,216.532,0.23,
workplace_unlisted_parcel,parcel_50070007000000080010000000,611,42.438,-76.498,,,506.714,0.539,
workplace_unlisted_parcel,parcel_50070007000000080110000000,642,42.438,-76.497,,,342.613,0.365,
workplace_unlisted_parcel,parcel_50070007000000040050230000,437,42.439,-76.497,,,1235.444,1.315,
workplace_unlisted_parcel,parcel_50070007000000040040030000,414,42.439,-76.496,,,739.402,0.787,
workplace_unlisted_parcel,parcel_50070008100000030020020000,410,42.437,-76.497,,,152.549,0.162,
workplace_unlisted_parcel,parcel_50070008100000030010000000,662,42.437,-76.498,,,210.733,0.224,
workplace_unlisted_parcel,parcel_50070008100000020010000000,437,42.437,-76.499,,,1633.694,1.739,
workplace_unlisted_parcel,parcel_50070008100000020010000001,464,42.437,-76.499,,,161.482,0.172,
workplace_unlisted_parcel,parcel_50070008000000100010000000,633,42.438,-76.5,,,533.33,0.568,
workplace_unlisted_parcel,parcel_50070007000000070040020000,414,42.438,-76.499,,,1049.535,1.117,
workplace_unlisted_parcel,parcel_50070008000000070010000000,642,42.436,-76.502,,,402.794,0.429,
workplace_unlisted_parcel,parcel_50070010700000010030000000,642,42.433,-76.492,,,166.913,0.178,
workplace_unlisted_parcel,parcel_50070010600000010080020000,710,42.43,-76.501,,,3397.271,3.616,
workplace_unlisted_parcel,parcel_50070010700000010010000000,612,42.434,-76.494,,,515.992,0.549,
workplace_unlisted_parcel,parcel_50070011400000010010000000,449,42.428,-76.493,,,157.445,0.168,
workplace_unlisted_parcel,parcel_50070010400000010010020000,452,42.431,-76.507,,,195.495,0.208,
workplace_unlisted_parcel,parcel_50070011700000010010020000,452,42.429,-76.51,,,1105.716,1.177,
workplace_unlisted_parcel,parcel_50070011700000030010000000,485,42.429,-76.506,,,161.071,0.171,
workplace_unlisted_parcel,parcel_50070011700000020010020000,452,42.43,-76.507,,,303.439,0.323,
workplace_unlisted_parcel,parcel_50070012200000020020000000,431,42.427,-76.509,,,202.278,0.215,
workplace_unlisted_parcel,parcel_50070011800000010010020000,453,42.427,-76.513,,,1404.097,1.494,
workplace_unlisted_parcel,parcel_50070011800000010020040000,452,42.429,-76.513,,,293.544,0.312,
workplace_unlisted_parcel,parcel_50070012500000020040000000,414,42.425,-76.513,,,281.859,0.3,
workplace_unlisted_parcel,parcel_50070012500000010010010000,452,42.425,-76.515,,,240.336,0.256,
workplace_unlisted_parcel,parcel_50070012500000010030010000,415,42.424,-76.516,,,235.763,0.251,
workplace_unlisted_parcel,parcel_50070011800000010020020000,453,42.431,-76.514,,,987.783,1.051,
workplace_unlisted_parcel,parcel_50070009600000020010090000,712,42.434,-76.516,,,325.716,0.347,
workplace_unlisted_parcel,parcel_50070007800000030020000000,449,42.436,-76.515,,,151.33,0.161,
workplace_unlisted_parcel,parcel_50070010200000010020030000,452,42.433,-76.509,,,427.897,0.455,
workplace_unlisted_parcel,parcel_50070009500000010010220000,454,42.435,-76.51,,,903.489,0.962,
workplace_unlisted_parcel,parcel_50070010200000010020010000,452,42.432,-76.51,,,822.418,0.875,
workplace_unlisted_parcel,parcel_50070009500000010010010000,431,42.435,-76.509,,,176.969,0.188,
workplace_unlisted_parcel,parcel_50070009400000010220000000,415,42.434,-76.507,,,289.052,0.308,
workplace_unlisted_parcel,parcel_50070007900000060080020000,452,42.436,-76.506,,,286.182,0.305,
workplace_unlisted_parcel,parcel_50070007900000100010000000,415,42.436,-76.509,,,174.106,0.185,
workplace_unlisted_parcel,parcel_50070007200000070100000000,455,42.438,-76.509,,,235.866,0.251,
workplace_unlisted_parcel,parcel_50070007300000060010000000,444,42.439,-76.512,,,163.419,0.174,
workplace_unlisted_parcel,parcel_50070007800000010010020000,710,42.437,-76.515,,,365.726,0.389,
workplace_unlisted_parcel,parcel_50070007800000010010010000,710,42.437,-76.514,,,169.666,0.181,
workplace_unlisted_parcel,parcel_50070005700000020010000000,612,42.44,-76.518,,,192.596,0.205,
workplace_unlisted_parcel,parcel_50070007300000010110000000,464,42.44,-76.514,,,225.047,0.24,
workplace_unlisted_parcel,parcel_50070004200000020050000000,710,42.445,-76.516,,,177.865,0.189,
workplace_unlisted_parcel,parcel_50070004300000020050220000,454,42.445,-76.51,,,256.903,0.273,
workplace_unlisted_parcel,parcel_50070005200000030060000000,456,42.444,-76.509,,,182.57,0.194,
workplace_unlisted_parcel,parcel_50070007100000020050000000,652,42.44,-76.503,,,474.961,0.506,
workplace_unlisted_parcel,parcel_50070006000000020080000000,612,42.442,-76.502,,,506.23,0.539,
workplace_unlisted_parcel,parcel_50070007000000010030000000,464,42.44,-76.499,,,200.142,0.213,
workplace_unlisted_parcel,parcel_50070006100000050110000000,463,42.441,-76.498,,,693.116,0.738,
workplace_unlisted_parcel,parcel_50070006100000050010000000,452,42.441,-76.499,,,862.458,0.918,
workplace_unlisted_parcel,parcel_50070006100000050100000000,414,42.441,-76.497,,,1365.231,1.453,
workplace_unlisted_parcel,parcel_50070006100000020040000000,652,42.442,-76.497,,,529.439,0.564,
workplace_unlisted_parcel,parcel_50070006100000030140000000,464,42.442,-76.497,,,217.303,0.231,
workplace_unlisted_parcel,parcel_50070006100000020010000000,620,42.442,-76.499,,,168.33,0.179,
workplace_unlisted_parcel,parcel_50070004900000040050000000,620,42.443,-76.496,,,169.629,0.181,
workplace_unlisted_parcel,parcel_50070002800000020010000000,612,42.451,-76.496,,,273.513,0.291,
workplace_unlisted_parcel,parcel_50070002600000020080000000,482,42.45,-76.501,,,198.916,0.212,
workplace_unlisted_parcel,parcel_50070001600000010030000000,651,42.453,-76.504,,,732.583,0.78,
workplace_unlisted_parcel,parcel_50070001700000010010020000,465,42.452,-76.506,,,443.994,0.473,
workplace_unlisted_parcel,parcel_50070002500000040010000000,650,42.449,-76.505,,,200.347,0.213,
workplace_unlisted_parcel,parcel_50070003600000010040000000,456,42.448,-76.507,,,173.343,0.184,
workplace_unlisted_parcel,parcel_50070003600000010030510000,465,42.447,-76.509,,,470.132,0.5,
workplace_unlisted_parcel,parcel_50070002300000010010000000,455,42.451,-76.509,,,186.438,0.198,
workplace_unlisted_parcel,parcel_50070000100000010150000000,650,42.464,-76.5,,,146.801,0.156,
workplace_unlisted_parcel,parcel_50070000500000010010000000,612,42.455,-76.498,,,1874.441,1.995,
workplace_unlisted_parcel,parcel_50070000900000060100000000,613,42.454,-76.482,,,160.659,0.171,
workplace_unlisted_parcel,parcel_50070003000000010010050000,613,42.449,-76.479,,,1101.121,1.172,
workplace_unlisted_parcel,parcel_50070003000000010010020000,613,42.454,-76.478,,,31216.319,33.225,
workplace_unlisted_parcel,parcel_50070003100000010010060000,613,42.447,-76.484,,,272.794,0.29,
workplace_unlisted_parcel,parcel_50070003100000010010010000,613,42.446,-76.482,,,2486.126,2.646,
workplace_unlisted_parcel,parcel_50070003100000010010080000,613,42.447,-76.479,,,965.454,1.028,
workplace_unlisted_parcel,parcel_50070003100000010010020000,613,42.444,-76.478,,,30002.462,31.933,
workplace_unlisted_parcel,parcel_50070006500000030010010000,613,42.443,-76.476,,,850.369,0.905,
workplace_unlisted_parcel,parcel_50070006500000030030000000,613,42.442,-76.475,,,375.54,0.4,
workplace_unlisted_parcel,parcel_50070012600000010020020000,652,42.424,-76.519,,,265.564,0.283,
workplace_unlisted_parcel,parcel_50070012600000010030020000,431,42.423,-76.518,,,508.065,0.541,
workplace_unlisted_parcel,parcel_50070013100000010060010000,453,42.42,-76.523,,,713.675,0.76,
workplace_unlisted_parcel,parcel_50070013100000010060020001,452,42.42,-76.522,,,505.658,0.538,
workplace_unlisted_parcel,parcel_50308904300000020100000000,620,42.404,-76.499,,,163.772,0.174,
workplace_unlisted_parcel,parcel_50308903600000010040050000,414,42.401,-76.503,,,320.732,0.341,
workplace_unlisted_parcel,parcel_50308903700100010090000000,415,42.407,-76.504,,,300.238,0.32,
workplace_unlisted_parcel,parcel_50308903900000010010310000,633,42.416,-76.506,,,1061.272,1.13,
workplace_unlisted_parcel,parcel_50308903900000010010220000,710,42.421,-76.505,,,1574.57,1.676,
workplace_unlisted_parcel,parcel_50308903900000010010010000,464,42.422,-76.502,,,488.173,0.52,
workplace_unlisted_parcel,parcel_50308904100000010300020000,613,42.418,-76.491,,,16237.897,17.283,
workplace_unlisted_parcel,parcel_50308905400000020010000000,710,42.428,-76.485,,,1021.099,1.087,
workplace_unlisted_parcel,parcel_50308901700000010010020000,612,42.46,-76.499,,,849.951,0.905,
workplace_unlisted_parcel,parcel_50308906700000010120000000,613,42.448,-76.469,,,257.424,0.274,
workplace_unlisted_parcel,parcel_50308906300000010080010000,613,42.444,-76.472,,,1605.927,1.709,
workplace_unlisted_parcel,parcel_50308906700000010130010000,613,42.447,-76.471,,,686.833,0.731,
workplace_unlisted_parcel,parcel_50308906300000010010000000,613,42.447,-76.469,,,1031.192,1.098,
workplace_unlisted_parcel,parcel_50308906700000010100020000,613,42.448,-76.465,,,919.975,0.979,
workplace_unlisted_parcel,parcel_50308906700000010100050000,613,42.447,-76.467,,,857.717,0.913,
workplace_unlisted_parcel,parcel_50308906700000010110000000,650,42.448,-76.468,,,208.686,0.222,
workplace_unlisted_parcel,parcel_50308906700000010100030000,610,42.447,-76.466,,,920.885,0.98,
workplace_unlisted_parcel,parcel_50308906300000010020020000,613,42.445,-76.468,,,551.738,0.587,
workplace_unlisted_parcel,parcel_50308906700000010100060000,613,42.447,-76.465,,,2777.813,2.957,
workplace_unlisted_parcel,parcel_50308906400000010010000000,613,42.444,-76.459,,,652.121,0.694,
workplace_unlisted_parcel,parcel_50308906300000010030040000,464,42.44,-76.463,,,567.96,0.605,
workplace_unlisted_parcel,parcel_50308906200000020130070000,415,42.438,-76.461,,,340.139,0.362,
workplace_unlisted_parcel,parcel_50308906200000020011210000,452,42.437,-76.463,,,863.618,0.919,
workplace_unlisted_parcel,parcel_50308906000000010090010000,613,42.434,-76.465,,,246.289,0.262,
workplace_unlisted_parcel,parcel_50308906000000010080020000,613,42.436,-76.466,,,453.873,0.483,
workplace_unlisted_parcel,parcel_50308906500000010050020000,613,42.451,-76.458,,,865.321,0.921,
workplace_unlisted_parcel,parcel_50308907300000010010040000,612,42.478,-76.466,,,163.507,0.174,
workplace_unlisted_parcel,parcel_50308907300000010010310000,612,42.476,-76.464,,,1351.894,1.439,
workplace_unlisted_parcel,parcel_50308907200000010110000000,612,42.473,-76.469,,,409.928,0.436,
workplace_unlisted_parcel,parcel_50308907200000010020020000,612,42.476,-76.469,,,959.942,1.022,
workplace_unlisted_parcel,parcel_50308902400000050010020000,710,42.463,-76.569,,,191.26,0.204,
workplace_unlisted_parcel,parcel_50308902400000030040000000,465,42.469,-76.541,,,196.883,0.21,
workplace_unlisted_parcel,parcel_50308902400000030024120000,465,42.47,-76.537,,,252.543,0.269,
workplace_unlisted_parcel,parcel_50308902600000040460010000,633,42.463,-76.532,,,848.777,0.903,
workplace_unlisted_parcel,parcel_50308902400000030030010000,615,42.466,-76.537,,,180.36,0.192,
workplace_unlisted_parcel,parcel_50308902400000030020010000,641,42.471,-76.535,,,266.261,0.283,
workplace_unlisted_parcel,parcel_50308902700000010110030000,633,42.46,-76.53,,,531.421,0.566,
workplace_unlisted_parcel,parcel_50308903300000020060010000,651,42.41,-76.545,,,336.234,0.358,
workplace_unlisted_parcel,parcel_50308903300000030020100000,714,42.416,-76.535,,,310.368,0.33,
workplace_unlisted_parcel,parcel_50308903100000010100010000,651,42.425,-76.535,,,393.78,0.419,
workplace_unlisted_parcel,parcel_50328904400000010500020000,613,42.499,-76.459,,,365.785,0.389,
workplace_unlisted_parcel,parcel_50328903900000010500060000,710,42.508,-76.469,,,525.99,0.56,
workplace_unlisted_parcel,parcel_50328903900000010500100000,710,42.508,-76.464,,,479.38,0.51,
workplace_unlisted_parcel,parcel_50328904400000010200030000,714,42.505,-76.474,,,220.202,0.234,
workplace_unlisted_parcel,parcel_50328904400000010530110000,710,42.497,-76.472,,,1357.913,1.445,
workplace_unlisted_parcel,parcel_50328903000000010160120000,652,42.54,-76.488,,,311.454,0.331,
workplace_unlisted_parcel,parcel_50328903700100020532210000,710,42.534,-76.498,,,224.063,0.238,
workplace_unlisted_parcel,parcel_50328903600000010090020000,720,42.531,-76.519,,,1962.375,2.089,
workplace_unlisted_parcel,parcel_50328903500000020080020000,662,42.54,-76.513,,,218.162,0.232,
workplace_unlisted_parcel,parcel_50328903700100020510000000,633,42.535,-76.501,,,267.678,0.285,
workplace_unlisted_parcel,parcel_50328903100000010140020000,670,42.544,-76.496,,,386.602,0.411,
workplace_unlisted_parcel,parcel_50328903200000010190000000,612,42.546,-76.532,,,1209.093,1.287,
workplace_unlisted_parcel,parcel_50328903200000010280000000,612,42.544,-76.538,,,374.909,0.399,
workplace_unlisted_parcel,parcel_50328903600000010010000000,720,42.533,-76.531,,,816.825,0.869,
workplace_unlisted_parcel,parcel_50328903200000010030000000,449,42.549,-76.541,,,518.4,0.552,
workplace_unlisted_parcel,parcel_50328900800000010110050000,449,42.609,-76.5,,,221.435,0.236,
workplace_unlisted_parcel,parcel_50328903100000010130000000,670,42.549,-76.496,,,795.157,0.846,
workplace_unlisted_parcel,parcel_50328903000000010160310000,449,42.542,-76.491,,,176.162,0.187,
workplace_unlisted_parcel,parcel_50328903000000010160320000,449,42.542,-76.489,,,297.889,0.317,
workplace_unlisted_parcel,parcel_50320104500100010550040000,613,42.481,-76.454,,,780.418,0.831,
workplace_unlisted_parcel,parcel_50320104500200010460210000,461,42.492,-76.486,,,152.468,0.162,
workplace_unlisted_parcel,parcel_50320104500100010510130000,710,42.489,-76.47,,,541.881,0.577,
workplace_unlisted_parcel,parcel_50320104600100010040030000,710,42.488,-76.468,,,191.135,0.203,
workplace_unlisted_parcel,parcel_50320104500100010520060000,449,42.489,-76.467,,,170.29,0.181,
workplace_unlisted_parcel,parcel_50320104400100010530110000,710,42.491,-76.47,,,438.32,0.467,
workplace_unlisted_parcel,parcel_50320104400100010531220000,710,42.493,-76.47,,,1626.545,1.731,
workplace_unlisted_parcel,parcel_50320104500100010520050000,652,42.49,-76.466,,,256.345,0.273,
workplace_unlisted_parcel,parcel_50320104500100010550030000,613,42.486,-76.461,,,279.554,0.298,
workplace_unlisted_parcel,parcel_50320104500100010550200000,464,42.485,-76.461,,,291.753,0.311,
workplace_unlisted_parcel,parcel_50320104500100010550080000,464,42.485,-76.459,,,557.155,0.593,
workplace_unlisted_parcel,parcel_50320104500100010550140000,613,42.487,-76.462,,,245.599,0.261,
workplace_unlisted_parcel,parcel_50320104500100010550180000,464,42.485,-76.462,,,152.82,0.163,
workplace_unlisted_parcel,parcel_50320104500100010550120000,464,42.483,-76.463,,,146.801,0.156,
workplace_unlisted_parcel,parcel_50320104500100010550110000,464,42.485,-76.464,,,151.029,0.161,
workplace_unlisted_parcel,parcel_50320104500100010550190000,414,42.484,-76.465,,,493.106,0.525,
workplace_unlisted_parcel,parcel_50320104500100010550130000,464,42.487,-76.464,,,181.858,0.194,
workplace_unlisted_parcel,parcel_50320104500100010520210000,464,42.488,-76.465,,,166.928,0.178,
workplace_unlisted_parcel,parcel_50320104500100010520220000,464,42.488,-76.467,,,296.539,0.316,
workplace_unlisted_parcel,parcel_50320104500100010550220000,464,42.487,-76.466,,,245.07,0.261,
workplace_unlisted_parcel,parcel_50320104500100010570030000,642,42.479,-76.466,,,244.278,0.26,
workplace_unlisted_parcel,parcel_50320104500100010550210000,613,42.483,-76.462,,,259.472,0.276,
workplace_unlisted_parcel,parcel_50320104600100060050060000,452,42.48,-76.477,,,275.055,0.293,
workplace_unlisted_parcel,parcel_50320104700100010200020000,415,42.483,-76.487,,,617.806,0.658,
workplace_unlisted_parcel,parcel_50320104700100010210010000,454,42.482,-76.487,,,352.052,0.375,
workplace_unlisted_parcel,parcel_50320104700100010210020000,452,42.482,-76.485,,,152.233,0.162,
workplace_unlisted_parcel,parcel_50320104600100050040040000,415,42.482,-76.483,,,209.163,0.223,
workplace_unlisted_parcel,parcel_50320104600100060020320000,452,42.48,-76.481,,,1166.77,1.242,
workplace_unlisted_parcel,parcel_50320104600100060020010000,414,42.479,-76.48,,,592.16,0.63,
workplace_unlisted_parcel,parcel_50320104600100060040010000,414,42.48,-76.479,,,518.209,0.552,
workplace_unlisted_parcel,parcel_50320104600100060050110000,431,42.481,-76.477,,,185.227,0.197,
workplace_unlisted_parcel,parcel_50320104600100050040020000,452,42.483,-76.482,,,1487.113,1.583,
workplace_unlisted_parcel,parcel_50320104700100010220050000,451,42.484,-76.489,,,160.116,0.17,
workplace_unlisted_parcel,parcel_50320104700100010170070000,452,42.484,-76.488,,,275.987,0.294,
workplace_unlisted_parcel,parcel_50320104500200010460030000,464,42.489,-76.488,,,196.927,0.21,
workplace_unlisted_parcel,parcel_50320104700100010170220000,453,42.487,-76.492,,,658.14,0.7,
workplace_unlisted_parcel,parcel_50320104700100010240000000,453,42.485,-76.49,,,914.94,0.974,
workplace_unlisted_parcel,parcel_50320104700100010220010000,464,42.483,-76.49,,,384.935,0.41,
workplace_unlisted_parcel,parcel_50320104700100010220020000,451,42.483,-76.49,,,2411.492,2.567,
workplace_unlisted_parcel,parcel_50320104700100010220030000,464,42.483,-76.493,,,4571.558,4.866,
workplace_unlisted_parcel,parcel_50320104700100010220060000,451,42.481,-76.49,,,596.674,0.635,
workplace_unlisted_parcel,parcel_50340001100000010280030000,442,42.347,-76.621,,,405.554,0.432,
workplace_unlisted_parcel,parcel_50340001200000010040000000,612,42.358,-76.597,,,1511.835,1.609,
workplace_unlisted_parcel,parcel_50340001200000010020030000,633,42.359,-76.598,,,189.462,0.202,
workplace_unlisted_parcel,parcel_50340002700000010141310000,710,42.306,-76.564,,,355.259,0.378,
workplace_unlisted_parcel,parcel_50340000400000010290100000,442,42.387,-76.553,,,210.689,0.224,
workplace_unlisted_parcel,parcel_50360101000000010110020000,612,42.537,-76.654,,,1805.768,1.922,
workplace_unlisted_parcel,parcel_50360100600000010280010000,633,42.54,-76.664,,,306.874,0.327,
workplace_unlisted_parcel,parcel_50360100600000010360020000,633,42.54,-76.665,,,161.1,0.171,
workplace_unlisted_parcel,parcel_50368903300000010080020000,710,42.489,-76.579,,,186.379,0.198,
workplace_unlisted_parcel,parcel_50368903300000010080110000,473,42.489,-76.576,,,1328.494,1.414,
workplace_unlisted_parcel,parcel_50368903300000020110000000,614,42.493,-76.558,,,302.345,0.322,
workplace_unlisted_parcel,parcel_50368902600000020130010000,484,42.497,-76.593,,,159.705,0.17,
workplace_unlisted_parcel,parcel_50368902200000020040000000,642,42.513,-76.694,,,147.425,0.157,
workplace_unlisted_parcel,parcel_50368901300000030030010000,431,42.533,-76.638,,,190.548,0.203,
workplace_unlisted_parcel,parcel_50368901300000030020010000,454,42.534,-76.641,,,345.908,0.368,
workplace_unlisted_parcel,parcel_50368901300000040020040000,443,42.531,-76.636,,,259.273,0.276,
fleet_depot,parcel_50248902500000010200000000,695,,,,,0.0,0.0,
fleet_depot,parcel_50248902500000010130020000,440,,,,,3129.778,2.665,
fleet_depot,parcel_50288903800000050100000000,421,,,,,3092.444,2.633,
fleet_depot,parcel_50288903800000050040010000,831,,,,,0.0,0.0,
fleet_depot,parcel_50288903800000050150000000,695,,,,,0.0,0.0,
fleet_depot,parcel_50288903800000020050000000,695,,,,,0.0,0.0,
fleet_depot,parcel_50248902600000010140040000,449,,,,,0.0,0.0,
fleet_depot,parcel_50248903500000010060010000,720,,,,,118.222,0.101,
fleet_depot,parcel_50248903500000010150030000,612,,,,,304.889,0.26,
fleet_depot,parcel_50248903800000010300110000,456,,,,,497.778,0.424,
fleet_depot,parcel_50248903800000010300150000,442,,,,,410.667,0.35,
fleet_depot,parcel_50248903800000010300020000,831,,,,,118.222,0.101,
fleet_depot,parcel_50248903800000010320000000,421,,,,,217.778,0.185,
fleet_depot,parcel_50248903700000010060000000,484,,,,,24.889,0.021,
fleet_depot,parcel_50248903700000010040020000,472,,,,,230.222,0.196,
fleet_depot,parcel_50248903800000010310010000,462,,,,,80.889,0.069,
fleet_depot,parcel_50248903700000010020010000,485,,,,,161.778,0.138,
fleet_depot,parcel_50248903700000010100030000,449,,,,,211.556,0.18,
fleet_depot,parcel_50248903800000010281110000,485,,,,,87.111,0.074,
fleet_depot,parcel_50248903800000010281120000,485,,,,,68.444,0.058,
fleet_depot,parcel_50248903700000010010020000,455,,,,,49.778,0.042,
fleet_depot,parcel_50248903500000010230000000,484,,,,,80.889,0.069,
fleet_depot,parcel_50248903600000010090020000,449,,,,,392.0,0.334,
fleet_depot,parcel_50248903600000010180030000,484,,,,,6.222,0.005,
fleet_depot,parcel_50248903600000010170410000,449,,,,,224.0,0.191,
fleet_depot,parcel_50248903600000010170420000,442,,,,,354.667,0.302,
fleet_depot,parcel_50248903600000010170030000,449,,,,,267.556,0.228,
fleet_depot,parcel_50248903600000010120010000,484,,,,,62.222,0.053,
fleet_depot,parcel_50248903600000010120310000,433,,,,,74.667,0.064,
fleet_depot,parcel_50248903700000010080020000,613,,,,,292.444,0.249,
fleet_depot,parcel_50248903700000010080020099,837,,,,,0.0,0.0,
fleet_depot,parcel_50248903700000010100120000,613,,,,,4915.556,4.185,
fleet_depot,parcel_50248903700000010080040000,613,,,,,0.0,0.0,
fleet_depot,parcel_50248903600000010190020000,613,,,,,267.556,0.228,
fleet_depot,parcel_50248903600000010040040000,877,,,,,0.0,0.0,
fleet_depot,parcel_50248903700000010080030000,613,,,,,8232.0,7.009,
fleet_depot,parcel_50248903700000010101120000,613,,,,,1879.111,1.6,
fleet_depot,parcel_50248903700000010101110000,613,,,,,1891.556,1.611,
fleet_depot,parcel_50248903700000010050000000,462,,,,,43.556,0.037,
fleet_depot,parcel_50248903700000010070000000,433,,,,,99.556,0.085,
fleet_depot,parcel_50248904800000010660010000,620,,,,,435.556,0.371,
fleet_depot,parcel_50248904700000010070330000,878,,,,,0.0,0.0,
fleet_depot,parcel_50248904700000010070310000,878,,,,,0.0,0.0,
fleet_depot,parcel_50248904700000010070010000,872,,,,,0.0,0.0,
fleet_depot,parcel_50248904700000010010390000,457,,,,,43.556,0.037,
fleet_depot,parcel_50248904700000010010310000,457,,,,,342.222,0.291,
fleet_depot,parcel_50248903800000010120020000,620,,,,,423.111,0.36,
fleet_depot,parcel_50248903800000010180050000,534,,,,,149.333,0.127,
fleet_depot,parcel_50248903800000010260000000,612,,,,,5556.444,4.731,
fleet_depot,parcel_50248904800000010830000000,484,,,,,31.111,0.026,
fleet_depot,parcel_50248906100000010110410000,440,,,,,112.0,0.095,
fleet_depot,parcel_50248906200000010210000000,837,,,,,12.444,0.011,
fleet_depot,parcel_50248906100000010070020000,650,,,,,0.0,0.0,
fleet_depot,parcel_50248904800000010730010000,650,,,,,0.0,0.0,
fleet_depot,parcel_50248903600000010310010099,837,,,,,0.0,0.0,
fleet_depot,parcel_50240100800100010010010000,464,,,,,224.0,0.191,
fleet_depot,parcel_50240100900000010010010000,433,,,,,261.333,0.223,
fleet_depot,parcel_50240100900000010020000000,422,,,,,93.333,0.079,
fleet_depot,parcel_50240100800100010080000000,465,,,,,80.889,0.069,
fleet_depot,parcel_50240100800100010020000000,464,,,,,920.889,0.784,
fleet_depot,parcel_50240100800100010050000000,421,,,,,130.667,0.111,
fleet_depot,parcel_50240100800100010060010000,456,,,,,267.556,0.228,
fleet_depot,parcel_50240100900000020010000000,484,,,,,24.889,0.021,
fleet_depot,parcel_50240100900000030210010000,464,,,,,31.111,0.026,
fleet_depot,parcel_50240100900000010030000000,456,,,,,336.0,0.286,
fleet_depot,parcel_50240100900000030180020000,485,,,,,211.556,0.18,
fleet_depot,parcel_50240100900000010040020000,486,,,,,286.222,0.244,
fleet_depot,parcel_50240100900000030190020000,455,,,,,280.0,0.238,
fleet_depot,parcel_50240100900000030180030000,456,,,,,416.889,0.355,
fleet_depot,parcel_50240100900000030250000000,662,,,,,0.0,0.0,
fleet_depot,parcel_50240101100000010080020000,652,,,,,342.222,0.291,
fleet_depot,parcel_50240101100000010080040000,651,,,,,236.444,0.201,
fleet_depot,parcel_50240101100000010080070000,449,,,,,609.778,0.519,
fleet_depot,parcel_50240101600000020010000000,612,,,,,3509.333,2.988,
fleet_depot,parcel_50240101100000010090000000,651,,,,,752.889,0.641,
fleet_depot,parcel_50240101100000010100000000,652,,,,,93.333,0.079,
fleet_depot,parcel_50240101800000020180000000,845,,,,,0.0,0.0,
fleet_depot,parcel_50240101600000010100020000,484,,,,,186.667,0.159,
fleet_depot,parcel_50240101800000010030000000,651,,,,,311.111,0.265,
fleet_depot,parcel_50240101500000070140000000,438,,,,,0.0,0.0,
fleet_depot,parcel_50240101500000070090110000,614,,,,,149.333,0.127,
fleet_depot,parcel_50240101500000070090120000,465,,,,,143.111,0.122,
fleet_depot,parcel_50240101500000070130000000,662,,,,,174.222,0.148,
fleet_depot,parcel_50240101500000020170000000,481,,,,,149.333,0.127,
fleet_depot,parcel_50240101500000020150010000,482,,,,,87.111,0.074,
fleet_depot,parcel_50240101500000020140000000,481,,,,,80.889,0.069,
fleet_depot,parcel_50240101500000020080000000,464,,,,,87.111,0.074,
fleet_depot,parcel_50240101500000020110000000,481,,,,,87.111,0.074,
fleet_depot,parcel_50240101500000020230000000,438,,,,,0.0,0.0,
fleet_depot,parcel_50240101500000020100000000,481,,,,,80.889,0.069,
fleet_depot,parcel_50240101500000020130000000,481,,,,,62.222,0.053,
fleet_depot,parcel_50240101500000020120000000,481,,,,,68.444,0.058,
fleet_depot,parcel_50240101200000050150000000,482,,,,,211.556,0.18,
fleet_depot,parcel_50240101200000050110000000,481,,,,,62.222,0.053,
fleet_depot,parcel_50240101200000050120000000,481,,,,,87.111,0.074,
fleet_depot,parcel_50240101200000050080000000,590,,,,,0.0,0.0,
fleet_depot,parcel_50240101500000020190000000,481,,,,,186.667,0.159,
fleet_depot,parcel_50240101500000020200000000,831,,,,,0.0,0.0,
fleet_depot,parcel_50240101500000020180000000,461,,,,,217.778,0.185,
fleet_depot,parcel_50240101500000020210000000,464,,,,,105.778,0.09,
fleet_depot,parcel_50240101500000030010000000,482,,,,,62.222,0.053,
fleet_depot,parcel_50240101500000030230000000,464,,,,,74.667,0.064,
fleet_depot,parcel_50240101200000040070000000,620,,,,,248.889,0.212,
fleet_depot,parcel_50240101200000040060000000,620,,,,,404.444,0.344,
fleet_depot,parcel_50240101200000040050000000,484,,,,,230.222,0.196,
fleet_depot,parcel_50240101100000010070000000,650,,,,,0.0,0.0,
fleet_depot,parcel_50240101200000040010010000,633,,,,,1163.556,0.991,
fleet_depot,parcel_50240100900000030240000000,662,,,,,0.0,0.0,
fleet_depot,parcel_50240101200000040010020000,681,,,,,149.333,0.127,
fleet_depot,parcel_50240101200000050100000000,482,,,,,242.667,0.207,
fleet_depot,parcel_50240101200000050140020000,482,,,,,124.444,0.106,
fleet_depot,parcel_50240101200000050140010000,449,,,,,124.444,0.106,
fleet_depot,parcel_50240101200000050040000000,422,,,,,56.0,0.048,
fleet_depot,parcel_50240101200000050160000000,611,,,,,180.444,0.154,
fleet_depot,parcel_50240101200000030020000000,710,,,,,311.111,0.265,
fleet_depot,parcel_50240100900000030220000000,662,,,,,479.111,0.408,
fleet_depot,parcel_50240100900000030180110000,426,,,,,87.111,0.074,
fleet_depot,parcel_50240100900000010050010000,438,,,,,0.0,0.0,
fleet_depot,parcel_50240100900000010060000000,452,,,,,678.222,0.577,
fleet_depot,parcel_50240101200000060100000000,486,,,,,99.556,0.085,
fleet_depot,parcel_50240101200000060030000000,590,,,,,18.667,0.016,
fleet_depot,parcel_50240101200000060160020000,449,,,,,112.0,0.095,
fleet_depot,parcel_50240101300000010430000000,710,,,,,354.667,0.302,
fleet_depot,parcel_50240101300000010110010000,449,,,,,584.889,0.498,
fleet_depot,parcel_50240101300000010110020000,710,,,,,715.556,0.609,
fleet_depot,parcel_50240101300000010150000000,449,,,,,304.889,0.26,
fleet_depot,parcel_50240101300000010130000000,449,,,,,68.444,0.058,
fleet_depot,parcel_50240101300000010200000000,449,,,,,68.444,0.058,
fleet_depot,parcel_50240101300000010060000000,433,,,,,136.889,0.117,
fleet_depot,parcel_50240101300000010160000000,485,,,,,99.556,0.085,
fleet_depot,parcel_50240101400000030080020000,484,,,,,336.0,0.286,
fleet_depot,parcel_50240101500000010010000000,485,,,,,255.111,0.217,
fleet_depot,parcel_50240101500000010020000000,471,,,,,360.889,0.307,
fleet_depot,parcel_50240101200000060020000000,591,,,,,0.0,0.0,
fleet_depot,parcel_50240101200000060140000000,425,,,,,205.333,0.175,
fleet_depot,parcel_50240101200000060130010000,483,,,,,49.778,0.042,
fleet_depot,parcel_50240101400000030230000000,620,,,,,304.889,0.26,
fleet_depot,parcel_50240101400000010170100000,591,,,,,0.0,0.0,
fleet_depot,parcel_50240101900000010020000000,822,,,,,0.0,0.0,
fleet_depot,parcel_50240101900000020100020000,695,,,,,0.0,0.0,
fleet_depot,parcel_50240101300000010280000000,431,,,,,74.667,0.064,
fleet_depot,parcel_50240101300000010050010000,853,,,,,0.0,0.0,
fleet_depot,parcel_50240100800000010100000000,464,,,,,80.889,0.069,
fleet_depot,parcel_50240100900000010010210000,484,,,,,149.333,0.127,
fleet_depot,parcel_50240100800100010010050000,456,,,,,236.444,0.201,
fleet_depot,parcel_50240100800000010020000000,484,,,,,149.333,0.127,
fleet_depot,parcel_50248906400000010290000099,837,,,,,0.0,0.0,
fleet_depot,parcel_50248905200000010520000000,613,,,,,0.0,0.0,
fleet_depot,parcel_50248905800000010140000000,615,,,,,49.778,0.042,
fleet_depot,parcel_50248905200000010420000000,613,,,,,0.0,0.0,
fleet_depot,parcel_50248905800000010200000000,871,,,,,0.0,0.0,
fleet_depot,parcel_50248905700000010400000000,590,,,,,0.0,0.0,
fleet_depot,parcel_50248905200000010570000000,695,,,,,0.0,0.0,
fleet_depot,parcel_50248905200000010140020000,455,,,,,1132.444,0.964,
fleet_depot,parcel_50248905200000010140010000,486,,,,,199.111,0.17,
fleet_depot,parcel_50248905200000010080020000,442,,,,,3801.778,3.237,
fleet_depot,parcel_50248905200000010130000000,870,,,,,14678.222,12.497,
fleet_depot,parcel_50248905200000010490040000,449,,,,,317.333,0.27,
fleet_depot,parcel_50248905200000010490010000,465,,,,,454.222,0.387,
fleet_depot,parcel_50248903000000010050210000,555,,,,,1269.333,1.081,
fleet_depot,parcel_50248903000000010010030000,822,,,,,0.0,0.0,
fleet_depot,parcel_50248902100000010430000000,433,,,,,404.444,0.344,
fleet_depot,parcel_50248905200000010490030000,433,,,,,93.333,0.079,
fleet_depot,parcel_50248904000000010340010000,591,,,,,0.0,0.0,
fleet_depot,parcel_50248903900000010010000000,712,,,,,4753.778,4.047,
fleet_depot,parcel_50248903200000010210000000,555,,,,,1337.778,1.139,
fleet_depot,parcel_50248903900000010120130000,449,,,,,1076.444,0.917,
fleet_depot,parcel_50248903400000020030030000,449,,,,,2364.444,2.013,
fleet_depot,parcel_50248903300000010240000000,591,,,,,0.0,0.0,
fleet_depot,parcel_50248903300000010220000000,591,,,,,0.0,0.0,
fleet_depot,parcel_50248902800000010020010000,852,,,,,0.0,0.0,
fleet_depot,parcel_50248902400000010160040000,720,,,,,0.0,0.0,
fleet_depot,parcel_50248902500000010090000000,486,,,,,211.556,0.18,
fleet_depot,parcel_50248902700000010270020000,440,,,,,1213.333,1.033,
fleet_depot,parcel_50248902700000010270010000,613,,,,,0.0,0.0,
fleet_depot,parcel_50248903500000010070030000,720,,,,,0.0,0.0,
fleet_depot,parcel_50248903500000010130010000,720,,,,,0.0,0.0,
fleet_depot,parcel_50248903500000010110140000,720,,,,,0.0,0.0,
fleet_depot,parcel_50248903600000010120050000,447,,,,,454.222,0.387,
fleet_depot,parcel_50248903800000010070010000,485,,,,,354.667,0.302,
fleet_depot,parcel_50248903800000010230220000,615,,,,,0.0,0.0,
fleet_depot,parcel_50248903800000010180040000,433,,,,,155.556,0.132,
fleet_depot,parcel_50248903800000010010000000,615,,,,,0.0,0.0,
fleet_depot,parcel_50248903800000010230210000,615,,,,,0.0,0.0,
fleet_depot,parcel_50248903500000010030020000,615,,,,,1032.889,0.879,
fleet_depot,parcel_50248903900000010220020000,449,,,,,1748.444,1.489,
fleet_depot,parcel_50248903900000010220050000,440,,,,,1605.333,1.367,
fleet_depot,parcel_50248903900000010140020000,485,,,,,348.444,0.297,
fleet_depot,parcel_50248903900000010150000000,455,,,,,186.667,0.159,
fleet_depot,parcel_50248903900000010160000000,433,,,,,877.333,0.747,
fleet_depot,parcel_50248903900000010170310000,484,,,,,192.889,0.164,
fleet_depot,parcel_50248904600000010950000000,714,,,,,665.778,0.567,
fleet_depot,parcel_50248903900000010170410000,484,,,,,124.444,0.106,
fleet_depot,parcel_50248903900000010170050000,449,,,,,392.0,0.334,
fleet_depot,parcel_50248903900000010180020000,620,,,,,690.667,0.588,
fleet_depot,parcel_50248903900000010190000000,534,,,,,0.0,0.0,
fleet_depot,parcel_50248903900000010200000000,720,,,,,0.0,0.0,
fleet_depot,parcel_50248903800000010050000000,695,,,,,0.0,0.0,
fleet_depot,parcel_50248904700000010010380000,465,,,,,292.444,0.249,
fleet_depot,parcel_50248904700000010010010000,433,,,,,261.333,0.223,
fleet_depot,parcel_50248904600000010691910000,465,,,,,261.333,0.223,
fleet_depot,parcel_50248904600000010691620000,456,,,,,1462.222,1.245,
fleet_depot,parcel_50248903900000010280040000,472,,,,,174.222,0.148,
fleet_depot,parcel_50248903900000010280020000,695,,,,,0.0,0.0,
fleet_depot,parcel_50248904600000010691610000,440,,,,,286.222,0.244,
fleet_depot,parcel_50248904600000010690170000,442,,,,,1312.889,1.118,
fleet_depot,parcel_50248904600000010560010000,820,,,,,0.0,0.0,
fleet_depot,parcel_50248904600000010040210000,464,,,,,329.778,0.281,
fleet_depot,parcel_50248904600000010360070000,522,,,,,37.333,0.032,
fleet_depot,parcel_50248904600000010140310000,464,,,,,1269.333,1.081,
fleet_depot,parcel_50248904600000010020030000,620,,,,,983.111,0.837,
fleet_depot,parcel_50248904600000010150020000,425,,,,,404.444,0.344,
fleet_depot,parcel_50248905100000010010000000,613,,,,,0.0,0.0,
fleet_depot,parcel_50248904400000010260000000,474,,,,,0.0,0.0,
fleet_depot,parcel_50248905200000010510010099,833,,,,,80.889,0.069,
fleet_depot,parcel_50248905100000010020000000,613,,,,,0.0,0.0,
fleet_depot,parcel_50248905200000010530000000,613,,,,,0.0,0.0,
fleet_depot,parcel_50248905200000010530000991,837,,,,,0.0,0.0,
fleet_depot,parcel_50248905200000010530000992,837,,,,,0.0,0.0,
fleet_depot,parcel_50248905900000010020000000,613,,,,,0.0,0.0,
fleet_depot,parcel_50248905100000010200520000,555,,,,,1711.111,1.457,
fleet_depot,parcel_50248905000000010330510000,714,,,,,56.0,0.048,
fleet_depot,parcel_50248906000000010070000099,837,,,,,0.0,0.0,
fleet_depot,parcel_50248906300000010150510000,438,,,,,0.0,0.0,
fleet_depot,parcel_50248906300000010150030000,581,,,,,0.0,0.0,
fleet_depot,parcel_50248902600000010230000000,441,,,,,155.556,0.132,
fleet_depot,parcel_50240300500000040050000000,433,,,,,155.556,0.132,
fleet_depot,parcel_50240300100000020010630000,472,,,,,217.778,0.185,
fleet_depot,parcel_50240300400000020010000000,591,,,,,0.0,0.0,
fleet_depot,parcel_50240300100000010040000000,591,,,,,0.0,0.0,
fleet_depot,parcel_50240300400000010090000000,464,,,,,155.556,0.132,
fleet_depot,parcel_50240300400000010080000000,620,,,,,0.0,0.0,
fleet_depot,parcel_50240300400000020110000000,485,,,,,286.222,0.244,
fleet_depot,parcel_50240300400000020190000000,483,,,,,199.111,0.17,
fleet_depot,parcel_50240300500000020080000000,612,,,,,989.333,0.842,
fleet_depot,parcel_50240300500000020090000000,620,,,,,161.778,0.138,
fleet_depot,parcel_50240300500000020280000000,440,,,,,516.444,0.44,
fleet_depot,parcel_50240300400000040120000000,710,,,,,292.444,0.249,
fleet_depot,parcel_50240300400000040010000000,483,,,,,155.556,0.132,
fleet_depot,parcel_50240300400000040110000000,662,,,,,640.889,0.546,
fleet_depot,parcel_50240300400000040100000000,590,,,,,0.0,0.0,
fleet_depot,parcel_50240300400000050110220000,591,,,,,0.0,0.0,
fleet_depot,parcel_50240300400000050180000000,485,,,,,485.333,0.413,
fleet_depot,parcel_50240300300000020040000000,652,,,,,143.111,0.122,
fleet_depot,parcel_50240300300000020050030000,651,,,,,192.889,0.164,
fleet_depot,parcel_50240300300000020080220000,433,,,,,143.111,0.122,
fleet_depot,parcel_50240300300000010050020000,620,,,,,99.556,0.085,
fleet_depot,parcel_50240300400000050110110000,633,,,,,1872.889,1.595,
fleet_depot,parcel_50240300400000050080000000,831,,,,,0.0,0.0,
fleet_depot,parcel_50240300100000020010640000,465,,,,,199.111,0.17,
fleet_depot,parcel_50240300100000020016110000,449,,,,,336.0,0.286,
fleet_depot,parcel_50240300300000020050010000,650,,,,,0.0,0.0,
fleet_depot,parcel_50240300300000020050020000,650,,,,,0.0,0.0,
fleet_depot,parcel_50240300700000010020010000,853,,,,,0.0,0.0,
fleet_depot,parcel_50240300700000010020020000,612,,,,,553.778,0.472,
fleet_depot,parcel_50288903600000010210010000,449,,,,,304.889,0.26,
fleet_depot,parcel_50288903700000010010220000,552,,,,,317.333,0.27,
fleet_depot,parcel_50288903800000080150020000,431,,,,,211.556,0.18,
fleet_depot,parcel_50288903800000080140010000,431,,,,,441.778,0.376,
fleet_depot,parcel_50288903800000080160000000,612,,,,,1064.0,0.906,
fleet_depot,parcel_50288903800000080090000000,662,,,,,827.556,0.705,
fleet_depot,parcel_50248902100000010020040000,440,,,,,43.556,0.037,
fleet_depot,parcel_50248902200000010060030000,484,,,,,43.556,0.037,
fleet_depot,parcel_50288901800000010040000000,620,,,,,62.222,0.053,
fleet_depot,parcel_50288901700000010040010000,449,,,,,466.667,0.397,
fleet_depot,parcel_50288901900000010100000099,837,,,,,0.0,0.0,
fleet_depot,parcel_50288902800000010030020000,440,,,,,74.667,0.064,
fleet_depot,parcel_50288902800000010290020000,522,,,,,0.0,0.0,
fleet_depot,parcel_50288902800000010070010000,873,,,,,0.0,0.0,
fleet_depot,parcel_50288902000000010380000000,695,,,,,0.0,0.0,
fleet_depot,parcel_50288902000000010360110000,472,,,,,74.667,0.064,
fleet_depot,parcel_50288902000000010350000000,440,,,,,112.0,0.095,
fleet_depot,parcel_50288902700000010270000000,557,,,,,74.667,0.064,
fleet_depot,parcel_50288902000000010240000000,822,,,,,0.0,0.0,
fleet_depot,parcel_50288912100000010200120000,710,,,,,180.444,0.154,
fleet_depot,parcel_50288912100000010200110000,433,,,,,62.222,0.053,
fleet_depot,parcel_50288912100000010200040000,433,,,,,43.556,0.037,
fleet_depot,parcel_50288912100000010200030000,433,,,,,56.0,0.048,
fleet_depot,parcel_50288912100000010200060000,442,,,,,174.222,0.148,
fleet_depot,parcel_50288902700000010280030000,822,,,,,0.0,0.0,
fleet_depot,parcel_50288903100000010100020000,484,,,,,236.444,0.201,
fleet_depot,parcel_50288902600000010180000000,592,,,,,0.0,0.0,
fleet_depot,parcel_50288932100000040020000000,720,,,,,49.778,0.042,
fleet_depot,parcel_50288932100000030020000000,720,,,,,0.0,0.0,
fleet_depot,parcel_50288922100000020010220000,546,,,,,267.556,0.228,
fleet_depot,parcel_50288901600000010320440000,695,,,,,0.0,0.0,
fleet_depot,parcel_50288922100000010070010000,620,,,,,329.778,0.281,
fleet_depot,parcel_50288922100000010020000000,425,,,,,49.778,0.042,
fleet_depot,parcel_50288912100000010050000000,449,,,,,18.667,0.016,
fleet_depot,parcel_50288922100000030050000000,822,,,,,0.0,0.0,
fleet_depot,parcel_50288922100000030060000000,822,,,,,0.0,0.0,
fleet_depot,parcel_50288901600000010040620000,449,,,,,329.778,0.281,
fleet_depot,parcel_50288901600000010040420000,440,,,,,155.556,0.132,
fleet_depot,parcel_50288901600000010040710000,720,,,,,99.556,0.085,
fleet_depot,parcel_50288901600000010040740000,720,,,,,0.0,0.0,
fleet_depot,parcel_50288901600000010030020000,720,,,,,0.0,0.0,
fleet_depot,parcel_50288901600000010030030000,720,,,,,0.0,0.0,
fleet_depot,parcel_50288901600000010030010000,720,,,,,0.0,0.0,
fleet_depot,parcel_50288901400000010330000000,620,,,,,161.778,0.138,
fleet_depot,parcel_50288902500000010040010000,682,,,,,416.889,0.355,
fleet_depot,parcel_50288902400000010120000000,695,,,,,0.0,0.0,
fleet_depot,parcel_50288902300000010190010000,695,,,,,0.0,0.0,
fleet_depot,parcel_50288903500000010250020000,442,,,,,784.0,0.668,
fleet_depot,parcel_50288903500000010270010099,837,,,,,0.0,0.0,
fleet_depot,parcel_50288903100000010050000099,837,,,,,0.0,0.0,
fleet_depot,parcel_50288903600000010430000000,695,,,,,0.0,0.0,
fleet_depot,parcel_50288903600000010230000000,872,,,,,0.0,0.0,
fleet_depot,parcel_50288903600000010210030000,620,,,,,236.444,0.201,
fleet_depot,parcel_50280130800000010020020000,485,,,,,211.556,0.18,
fleet_depot,parcel_50280130800000010030010000,455,,,,,989.333,0.842,
fleet_depot,parcel_50280130800000010010010000,715,,,,,491.556,0.419,
fleet_depot,parcel_50280100300000020050000000,695,,,,,0.0,0.0,
fleet_depot,parcel_50280100300000020030010000,822,,,,,0.0,0.0,
fleet_depot,parcel_50280100300000020040000000,822,,,,,12.444,0.011,
fleet_depot,parcel_50280100400000020190000000,471,,,,,105.778,0.09,
fleet_depot,parcel_50280130800000010010030000,440,,,,,808.889,0.689,
fleet_depot,parcel_50280120800000020040120000,642,,,,,255.111,0.217,
fleet_depot,parcel_50280110800000020390020000,592,,,,,0.0,0.0,
fleet_depot,parcel_50280101300000020010000000,620,,,,,261.333,0.223,
fleet_depot,parcel_50280100900000050100000000,620,,,,,37.333,0.032,
fleet_depot,parcel_50280110800000020060000000,592,,,,,0.0,0.0,
fleet_depot,parcel_50280110800000020370000000,612,,,,,2408.0,2.05,
fleet_depot,parcel_50280110800000020090000000,438,,,,,0.0,0.0,
fleet_depot,parcel_50280100700000030020000000,438,,,,,0.0,0.0,
fleet_depot,parcel_50280100500000040190010000,438,,,,,0.0,0.0,
fleet_depot,parcel_50280100700000030030000000,620,,,,,68.444,0.058,
fleet_depot,parcel_50280100700000030210020000,471,,,,,87.111,0.074,
fleet_depot,parcel_50280100700000030220010000,457,,,,,49.778,0.042,
fleet_depot,parcel_50280100700000030240000000,433,,,,,105.778,0.09,
fleet_depot,parcel_50280100700000030230000000,485,,,,,87.111,0.074,
fleet_depot,parcel_50280100700000030010000000,484,,,,,18.667,0.016,
fleet_depot,parcel_50280100700000020140000000,449,,,,,74.667,0.064,
fleet_depot,parcel_50280100700000020240000000,456,,,,,199.111,0.17,
fleet_depot,parcel_50280100700000020130120000,449,,,,,68.444,0.058,
fleet_depot,parcel_50280100700000020150000000,486,,,,,136.889,0.117,
fleet_depot,parcel_50280100700000020220010000,485,,,,,230.222,0.196,
fleet_depot,parcel_50280100700000020180000000,652,,,,,373.333,0.318,
fleet_depot,parcel_50280100700000040010000000,482,,,,,105.778,0.09,
fleet_depot,parcel_50280100700000040270000000,632,,,,,124.444,0.106,
fleet_depot,parcel_50280101000000040040000000,433,,,,,112.0,0.095,
fleet_depot,parcel_50280101000000040070000000,831,,,,,0.0,0.0,
fleet_depot,parcel_50280101000000040050000000,484,,,,,56.0,0.048,
fleet_depot,parcel_50280100700000020250040000,633,,,,,1157.333,0.985,
fleet_depot,parcel_50280101000000040020000000,465,,,,,56.0,0.048,
fleet_depot,parcel_50280100700000020130110000,423,,,,,12.444,0.011,
fleet_depot,parcel_50280100700000020250030000,633,,,,,840.0,0.715,
fleet_depot,parcel_50280100700000020250010000,614,,,,,342.222,0.291,
fleet_depot,parcel_50280100700000020250020000,642,,,,,336.0,0.286,
fleet_depot,parcel_50280101000000020190000000,710,,,,,317.333,0.27,
fleet_depot,parcel_50280101100000010010020000,612,,,,,3409.778,2.903,
fleet_depot,parcel_50280101000000040230010000,422,,,,,31.111,0.026,
fleet_depot,parcel_50280101000000040230020000,433,,,,,56.0,0.048,
fleet_depot,parcel_50280101000000040240000000,449,,,,,49.778,0.042,
fleet_depot,parcel_50280101000000040010010000,436,,,,,31.111,0.026,
fleet_depot,parcel_50280101100000020030010000,590,,,,,0.0,0.0,
fleet_depot,parcel_50280100700000010010020000,554,,,,,24.889,0.021,
fleet_depot,parcel_50280100600000010320000000,651,,,,,298.667,0.254,
fleet_depot,parcel_50280100500000050240010000,450,,,,,31.111,0.026,
fleet_depot,parcel_50280100500000050210000000,438,,,,,0.0,0.0,
fleet_depot,parcel_50280100500000050150000000,691,,,,,74.667,0.064,
fleet_depot,parcel_50280100500000050160000000,483,,,,,31.111,0.026,
fleet_depot,parcel_50280100500000050170010000,486,,,,,43.556,0.037,
fleet_depot,parcel_50280100500000050190000000,456,,,,,192.889,0.164,
fleet_depot,parcel_50280100500000050230000000,541,,,,,205.333,0.175,
fleet_depot,parcel_50280100500000050220000000,482,,,,,112.0,0.095,
fleet_depot,parcel_50280100500000040230000000,438,,,,,0.0,0.0,
fleet_depot,parcel_50280100500000040240000000,461,,,,,248.889,0.212,
fleet_depot,parcel_50280100500000040290000000,485,,,,,168.0,0.143,
fleet_depot,parcel_50280100500000040030000000,611,,,,,80.889,0.069,
fleet_depot,parcel_50280100500000040330000000,438,,,,,0.0,0.0,
fleet_depot,parcel_50280100500000040050220000,662,,,,,68.444,0.058,
fleet_depot,parcel_50280100500000040320020000,482,,,,,143.111,0.122,
fleet_depot,parcel_50280100500000040310000000,483,,,,,130.667,0.111,
fleet_depot,parcel_50280100500000040300000000,483,,,,,49.778,0.042,
fleet_depot,parcel_50280100500000050100000000,481,,,,,87.111,0.074,
fleet_depot,parcel_50280100500000050070000000,438,,,,,0.0,0.0,
fleet_depot,parcel_50280100500000050130000000,483,,,,,105.778,0.09,
fleet_depot,parcel_50280100500000050110000000,483,,,,,93.333,0.079,
fleet_depot,parcel_50280100500000050040000000,481,,,,,87.111,0.074,
fleet_depot,parcel_50280100500000050030000099,837,,,,,0.0,0.0,
fleet_depot,parcel_50280100500000050030000000,481,,,,,161.778,0.138,
fleet_depot,parcel_50280100500000050050000000,481,,,,,118.222,0.101,
fleet_depot,parcel_50280100500000050060020000,481,,,,,31.111,0.026,
fleet_depot,parcel_50280100500000050060010000,481,,,,,43.556,0.037,
fleet_depot,parcel_50280100500000040340000000,481,,,,,68.444,0.058,
fleet_depot,parcel_50280100500000040350000000,481,,,,,49.778,0.042,
fleet_depot,parcel_50280100500000040360000000,481,,,,,18.667,0.016,
fleet_depot,parcel_50280100500000040010000000,483,,,,,168.0,0.143,
fleet_depot,parcel_50280100500000040020000000,652,,,,,161.778,0.138,
fleet_depot,parcel_50280100500000020110000000,484,,,,,56.0,0.048,
fleet_depot,parcel_50280100500000010090000000,483,,,,,74.667,0.064,
fleet_depot,parcel_50280100600000010310000000,652,,,,,578.667,0.493,
fleet_depot,parcel_50280100500000010020000000,444,,,,,491.556,0.419,
fleet_depot,parcel_50280100600000010010000000,720,,,,,0.0,0.0,
fleet_depot,parcel_50280100200000020190020000,485,,,,,68.444,0.058,
fleet_depot,parcel_50280100100000020030030000,421,,,,,168.0,0.143,
fleet_depot,parcel_50280100200000010020000000,853,,,,,37.333,0.032,
fleet_depot,parcel_50280100200000020100010000,442,,,,,74.667,0.064,
fleet_depot,parcel_50280100500000010030000000,651,,,,,0.0,0.0,
fleet_depot,parcel_50280100500000010070000000,483,,,,,80.889,0.069,
fleet_depot,parcel_50280100500000020140010000,484,,,,,286.222,0.244,
fleet_depot,parcel_50280100500000020060000000,650,,,,,62.222,0.053,
fleet_depot,parcel_50280100500000020050000000,483,,,,,49.778,0.042,
fleet_depot,parcel_50280100500000030010000000,620,,,,,93.333,0.079,
fleet_depot,parcel_50280100300000010020000000,695,,,,,18.667,0.016,
fleet_depot,parcel_50328901900000010210030000,472,,,,,348.444,0.297,
fleet_depot,parcel_50328900800000010240010000,695,,,,,0.0,0.0,
fleet_depot,parcel_50328900800000010190020000,455,,,,,49.778,0.042,
fleet_depot,parcel_50328900800000010160000000,422,,,,,74.667,0.064,
fleet_depot,parcel_50328900700000010220000000,695,,,,,0.0,0.0,
fleet_depot,parcel_50328900800000010290000000,534,,,,,43.556,0.037,
fleet_depot,parcel_50328902000000010080010000,695,,,,,0.0,0.0,
fleet_depot,parcel_50328902000000010150010000,695,,,,,0.0,0.0,
fleet_depot,parcel_50328902000000010280000000,695,,,,,0.0,0.0,
fleet_depot,parcel_50328902800000010010000099,837,,,,,0.0,0.0,
fleet_depot,parcel_50328903000000010262320000,465,,,,,68.444,0.058,
fleet_depot,parcel_50328903000000010300010000,682,,,,,49.778,0.042,
fleet_depot,parcel_50328903000000010260270000,712,,,,,118.222,0.101,
fleet_depot,parcel_50328903000000010282130000,440,,,,,99.556,0.085,
fleet_depot,parcel_50328903000000010282120000,440,,,,,80.889,0.069,
fleet_depot,parcel_50288903800000040050000000,483,,,,,2513.778,2.14,
fleet_depot,parcel_50288903800000030030000000,620,,,,,3708.444,3.157,
fleet_depot,parcel_50200001400000010240000000,695,,,,,0.0,0.0,
fleet_depot,parcel_50200001500000010070000000,720,,,,,0.0,0.0,
fleet_depot,parcel_50200001500000010240000000,720,,,,,0.0,0.0,
fleet_depot,parcel_50200001500000010060000000,720,,,,,0.0,0.0,
fleet_depot,parcel_50200001500000010100000000,620,,,,,2059.556,1.754,
fleet_depot,parcel_50200001500000010140000000,620,,,,,398.222,0.339,
fleet_depot,parcel_50200001000000040010000000,695,,,,,0.0,0.0,
fleet_depot,parcel_50200003300000010060000000,695,,,,,0.0,0.0,
fleet_depot,parcel_50200001500000010580000099,837,,,,,0.0,0.0,
fleet_depot,parcel_50200002400000010190020000,613,,,,,0.0,0.0,
fleet_depot,parcel_50200001700000010292510000,472,,,,,528.889,0.45,
fleet_depot,parcel_50200002200000010280000000,695,,,,,0.0,0.0,
fleet_depot,parcel_50200002100000010270000000,620,,,,,286.222,0.244,
fleet_depot,parcel_50200002100000010030020991,837,,,,,0.0,0.0,
fleet_depot,parcel_50200002100000010030020992,837,,,,,0.0,0.0,
fleet_depot,parcel_50200002100000010260000000,695,,,,,0.0,0.0,
fleet_depot,parcel_50200000700000010410000000,695,,,,,0.0,0.0,
fleet_depot,parcel_50200000800000010640000000,449,,,,,1213.333,1.033,
fleet_depot,parcel_50200000800000010140000000,449,,,,,709.333,0.604,
fleet_depot,parcel_50200000300000040040000000,472,,,,,180.444,0.154,
fleet_depot,parcel_50200000300000040010000000,831,,,,,155.556,0.132,
fleet_depot,parcel_50200000800000010230000000,695,,,,,0.0,0.0,
fleet_depot,parcel_50200000800000010410000000,692,,,,,0.0,0.0,
fleet_depot,parcel_50200000900000010290020000,484,,,,,877.333,0.747,
fleet_depot,parcel_50200000800000010480020000,651,,,,,572.444,0.487,
fleet_depot,parcel_50200000800000010470020000,651,,,,,168.0,0.143,
fleet_depot,parcel_50200000900000010350240000,662,,,,,1169.778,0.996,
fleet_depot,parcel_50200001000000020020000000,695,,,,,0.0,0.0,
fleet_depot,parcel_50200001000000030150020000,682,,,,,0.0,0.0,
fleet_depot,parcel_50200001000000030150010000,682,,,,,0.0,0.0,
fleet_depot,parcel_50200001000000050100020000,620,,,,,261.333,0.223,
fleet_depot,parcel_50200001000000050080000000,682,,,,,703.111,0.599,
fleet_depot,parcel_50200001200000010240000000,484,,,,,360.889,0.307,
fleet_depot,parcel_50200001200000010320000000,483,,,,,280.0,0.238,
fleet_depot,parcel_50200001100000010140000000,485,,,,,466.667,0.397,
fleet_depot,parcel_50200001400000010140000000,872,,,,,0.0,0.0,
fleet_depot,parcel_50200001200000010010130000,714,,,,,354.667,0.302,
fleet_depot,parcel_50200001200000010010120000,442,,,,,896.0,0.763,
fleet_depot,parcel_50200001300000010270000000,695,,,,,0.0,0.0,
fleet_depot,parcel_50200002100000010120060000,877,,,,,0.0,0.0,
fleet_depot,parcel_50200003100000010010050000,670,,,,,6527.111,5.557,
fleet_depot,parcel_50220001200000010080010000,455,,,,,491.556,0.419,
fleet_depot,parcel_50200000100000010440000000,695,,,,,0.0,0.0,
fleet_depot,parcel_50200000900000010393210000,424,,,,,466.667,0.397,
fleet_depot,parcel_50200000900000010170010000,620,,,,,846.222,0.72,
fleet_depot,parcel_50200000900000010590000000,485,,,,,504.0,0.429,
fleet_depot,parcel_50200000100000010420000000,433,,,,,99.556,0.085,
fleet_depot,parcel_50200000100000010430000000,449,,,,,379.556,0.323,
fleet_depot,parcel_50200001100000010020020000,484,,,,,124.444,0.106,
fleet_depot,parcel_50200000900000010680020000,877,,,,,0.0,0.0,
fleet_depot,parcel_50200000900000010070040000,442,,,,,945.778,0.805,
fleet_depot,parcel_50300100700000010010000000,853,,,,,255.111,0.217,
fleet_depot,parcel_50300101300000060070000000,590,,,,,0.0,0.0,
fleet_depot,parcel_50300101500000010010020000,695,,,,,0.0,0.0,
fleet_depot,parcel_50300101400000080010000000,620,,,,,920.889,0.784,
fleet_depot,parcel_50300101400000060030000000,613,,,,,752.889,0.641,
fleet_depot,parcel_50300101400000060010000000,613,,,,,1188.444,1.012,
fleet_depot,parcel_50300101400000040020020000,613,,,,,4448.889,3.788,
fleet_depot,parcel_50300101100000020250000000,822,,,,,0.0,0.0,
fleet_depot,parcel_50300101100000020240000000,651,,,,,304.889,0.26,
fleet_depot,parcel_50300100900000060010000000,612,,,,,2289.778,1.95,
fleet_depot,parcel_50300101000000030030000000,483,,,,,68.444,0.058,
fleet_depot,parcel_50300101000000030050040000,485,,,,,354.667,0.302,
fleet_depot,parcel_50300101000000030060000000,465,,,,,255.111,0.217,
fleet_depot,parcel_50300101000000040030000000,662,,,,,796.444,0.678,
fleet_depot,parcel_50300101000000040020000000,883,,,,,6.222,0.005,
fleet_depot,parcel_50300101000000040010020000,452,,,,,2395.556,2.04,
fleet_depot,parcel_50300101000000040010020001,462,,,,,118.222,0.101,
fleet_depot,parcel_50300101000000040010020002,465,,,,,1312.889,1.118,
fleet_depot,parcel_50300100500000030180020000,486,,,,,56.0,0.048,
fleet_depot,parcel_50300100500000030180030000,652,,,,,211.556,0.18,
fleet_depot,parcel_50300101000000030050220000,457,,,,,87.111,0.074,
fleet_depot,parcel_50300101000000030050210000,465,,,,,261.333,0.223,
fleet_depot,parcel_50300100500000030190020000,464,,,,,242.667,0.207,
fleet_depot,parcel_50300100500000030190010000,465,,,,,385.778,0.328,
fleet_depot,parcel_50300100500000030180010000,464,,,,,1020.444,0.869,
fleet_depot,parcel_50300101000000050050000000,553,,,,,93.333,0.079,
fleet_depot,parcel_50300101000000050010000000,483,,,,,68.444,0.058,
fleet_depot,parcel_50300101000000040060020000,464,,,,,105.778,0.09,
fleet_depot,parcel_50300101000000040060010000,831,,,,,429.333,0.366,
fleet_depot,parcel_50300101000000040060010099,837,,,,,0.0,0.0,
fleet_depot,parcel_50300101100000020050000000,695,,,,,18.667,0.016,
fleet_depot,parcel_50300100300000010010000000,633,,,,,16918.222,14.405,
fleet_depot,parcel_50220002300000010160000000,534,,,,,174.222,0.148,
fleet_depot,parcel_50220001500000010200020000,557,,,,,68.444,0.058,
fleet_depot,parcel_50220001400000010140000000,695,,,,,0.0,0.0,
fleet_depot,parcel_50220000800000010120150000,472,,,,,74.667,0.064,
fleet_depot,parcel_50220001000000010050000000,614,,,,,1144.889,0.975,
fleet_depot,parcel_50220001000000010160000000,662,,,,,416.889,0.355,
fleet_depot,parcel_50220001000000010130000000,485,,,,,199.111,0.17,
fleet_depot,parcel_50220000700000010920210000,440,,,,,205.333,0.175,
fleet_depot,parcel_50220000700000010481220000,475,,,,,93.333,0.079,
fleet_depot,parcel_50220001000000010820020000,449,,,,,479.111,0.408,
fleet_depot,parcel_50220001000000010820010000,651,,,,,392.0,0.334,
fleet_depot,parcel_50220001000000010780000000,590,,,,,0.0,0.0,
fleet_depot,parcel_50220001000000010270000000,433,,,,,93.333,0.079,
fleet_depot,parcel_50220001000000010230000000,652,,,,,217.778,0.185,
fleet_depot,parcel_50220001000000010450000000,620,,,,,423.111,0.36,
fleet_depot,parcel_50220000600000010190000000,695,,,,,0.0,0.0,
fleet_depot,parcel_50220000600000010212220099,837,,,,,0.0,0.0,
fleet_depot,parcel_50220001300000010012220000,837,,,,,24.889,0.021,
fleet_depot,parcel_50220000300000010060000000,833,,,,,0.0,0.0,
fleet_depot,parcel_50220000200000010170320000,614,,,,,497.778,0.424,
fleet_depot,parcel_50220000200000010070000000,534,,,,,118.222,0.101,
fleet_depot,parcel_50220000200000010330000000,474,,,,,0.0,0.0,
fleet_depot,parcel_50220000200000010350110000,442,,,,,1337.778,1.139,
fleet_depot,parcel_50220000200000010370000000,484,,,,,174.222,0.148,
fleet_depot,parcel_50220000100000010250010000,710,,,,,3409.778,2.903,
fleet_depot,parcel_50220000100000010240010000,871,,,,,0.0,0.0,
fleet_depot,parcel_50220000100000010030320000,484,,,,,149.333,0.127,
fleet_depot,parcel_50248907500000010460000000,695,,,,,0.0,0.0,
fleet_depot,parcel_50248907500000010430820000,695,,,,,0.0,0.0,
fleet_depot,parcel_50248906600000010180000000,883,,,,,914.667,0.779,
fleet_depot,parcel_50248906600000010170030000,613,,,,,0.0,0.0,
fleet_depot,parcel_50248906600000010170040000,613,,,,,0.0,0.0,
fleet_depot,parcel_50248906600000010220000000,883,,,,,149.333,0.127,
fleet_depot,parcel_50248906600000010090010000,613,,,,,0.0,0.0,
fleet_depot,parcel_50248906600000010070020000,613,,,,,0.0,0.0,
fleet_depot,parcel_50248906600000010040010000,590,,,,,0.0,0.0,
fleet_depot,parcel_50248906700000010760000000,613,,,,,0.0,0.0,
fleet_depot,parcel_50248905700000010320000000,613,,,,,0.0,0.0,
fleet_depot,parcel_50248905700000010060010000,613,,,,,80.889,0.069,
fleet_depot,parcel_50248906700000010070030000,613,,,,,0.0,0.0,
fleet_depot,parcel_50248906700000010070020000,613,,,,,273.778,0.233,
fleet_depot,parcel_50248906700000010730000000,613,,,,,597.333,0.509,
fleet_depot,parcel_50248906700000010710080000,620,,,,,211.556,0.18,
fleet_depot,parcel_50248906700000010670030000,464,,,,,186.667,0.159,
fleet_depot,parcel_50248906700000010670020000,720,,,,,130.667,0.111,
fleet_depot,parcel_50248906700000010630150000,720,,,,,0.0,0.0,
fleet_depot,parcel_50248906700000010230010000,613,,,,,0.0,0.0,
fleet_depot,parcel_50248906800000010050000000,835,,,,,43.556,0.037,
fleet_depot,parcel_50248906800000010130010000,695,,,,,0.0,0.0,
fleet_depot,parcel_50248907300000020040020000,714,,,,,1120.0,0.954,
fleet_depot,parcel_50248907200000040050000000,620,,,,,87.111,0.074,
fleet_depot,parcel_50248907100000010110030000,620,,,,,205.333,0.175,
fleet_depot,parcel_50248907100000010120000000,464,,,,,130.667,0.111,
fleet_depot,parcel_50248907100000010130000000,620,,,,,665.778,0.567,
fleet_depot,parcel_50248905700000010010000000,650,,,,,0.0,0.0,
fleet_depot,parcel_50248905700000010050000000,613,,,,,0.0,0.0,
fleet_depot,parcel_50248905700000010060040000,613,,,,,0.0,0.0,
fleet_depot,parcel_50248905600000050190020000,613,,,,,0.0,0.0,
fleet_depot,parcel_50248905700000010060020000,613,,,,,0.0,0.0,
fleet_depot,parcel_50248905700000010060030000,613,,,,,0.0,0.0,
fleet_depot,parcel_50248905600000050050000000,430,,,,,304.889,0.26,
fleet_depot,parcel_50248905600000050080010000,433,,,,,155.556,0.132,
fleet_depot,parcel_50248905600000040020000000,482,,,,,472.889,0.403,
fleet_depot,parcel_50248905600000030070000000,440,,,,,118.222,0.101,
fleet_depot,parcel_50248905600000050130000000,620,,,,,143.111,0.122,
fleet_depot,parcel_50248905600000050080020000,662,,,,,174.222,0.148,
fleet_depot,parcel_50248905600000030130000000,464,,,,,143.111,0.122,
fleet_depot,parcel_50248905300000010030030000,845,,,,,0.0,0.0,
fleet_depot,parcel_50248905300000010020000000,613,,,,,504.0,0.429,
fleet_depot,parcel_50248905600000030220000000,613,,,,,0.0,0.0,
fleet_depot,parcel_50248905600000020020020000,613,,,,,0.0,0.0,
fleet_depot,parcel_50248905300000010010000000,613,,,,,0.0,0.0,
fleet_depot,parcel_50248905300000010080000000,613,,,,,0.0,0.0,
fleet_depot,parcel_50248905300000010110000000,613,,,,,0.0,0.0,
fleet_depot,parcel_50248905300000010120000000,613,,,,,0.0,0.0,
fleet_depot,parcel_50248905300000010090020000,613,,,,,0.0,0.0,
fleet_depot,parcel_50248905300000010100000000,613,,,,,0.0,0.0,
fleet_depot,parcel_50248905300000010030010000,613,,,,,0.0,0.0,
fleet_depot,parcel_50248905500000010130130000,662,,,,,448.0,0.381,
fleet_depot,parcel_50248905500000010130120000,415,,,,,385.778,0.328,
fleet_depot,parcel_50248905700000010310000000,613,,,,,0.0,0.0,
fleet_depot,parcel_50248905400000010090050000,440,,,,,976.889,0.832,
fleet_depot,parcel_50248905400000010120000000,421,,,,,143.111,0.122,
fleet_depot,parcel_50248905400000010090060000,442,,,,,342.222,0.291,
fleet_depot,parcel_50248905400000010080000000,464,,,,,43.556,0.037,
fleet_depot,parcel_50248905300000010160000000,613,,,,,0.0,0.0,
fleet_depot,parcel_50248905200000010040110000,457,,,,,192.889,0.164,
fleet_depot,parcel_50248905200000010040060000,465,,,,,423.111,0.36,
fleet_depot,parcel_50248905200000010040090000,464,,,,,161.778,0.138,
fleet_depot,parcel_50248905200000010040420000,457,,,,,336.0,0.286,
fleet_depot,parcel_50248905200000010040100000,433,,,,,920.889,0.784,
fleet_depot,parcel_50248905200000010040320000,710,,,,,9482.667,8.074,
fleet_depot,parcel_50248905200000010040120000,449,,,,,790.222,0.673,
fleet_depot,parcel_50248905200000010040020000,455,,,,,777.778,0.662,
fleet_depot,parcel_50248905200000010050000000,872,,,,,0.0,0.0,
fleet_depot,parcel_50248905200000010040520000,449,,,,,597.333,0.509,
fleet_depot,parcel_50248905200000010041110000,440,,,,,1543.111,1.314,
fleet_depot,parcel_50248905200000010080050000,442,,,,,1904.0,1.621,
fleet_depot,parcel_50248905200000010130010000,421,,,,,149.333,0.127,
fleet_depot,parcel_50248905200000010080010000,484,,,,,230.222,0.196,
fleet_depot,parcel_50248905200000010080060000,456,,,,,423.111,0.36,
fleet_depot,parcel_50248905200000010080030000,486,,,,,124.444,0.106,
fleet_depot,parcel_50248905200000010080040000,457,,,,,56.0,0.048,
fleet_depot,parcel_50248904400000010023320000,442,,,,,560.0,0.477,
fleet_depot,parcel_50248904400000010023310000,831,,,,,43.556,0.037,
fleet_depot,parcel_50248905200000010010110000,720,,,,,678.222,0.577,
fleet_depot,parcel_50248904400000010023210000,590,,,,,0.0,0.0,
fleet_depot,parcel_50248904200000010390030000,682,,,,,205.333,0.175,
fleet_depot,parcel_50248904200000010350020000,442,,,,,1997.333,1.701,
fleet_depot,parcel_50248904200000010350030000,440,,,,,1138.667,0.969,
fleet_depot,parcel_50248904200000010300000000,613,,,,,0.0,0.0,
fleet_depot,parcel_50248904200000010120000000,615,,,,,0.0,0.0,
fleet_depot,parcel_50248904200000010090110000,444,,,,,491.556,0.419,
fleet_depot,parcel_50248904200000010290000000,440,,,,,373.333,0.318,
fleet_depot,parcel_50248904200000010440000000,615,,,,,0.0,0.0,
fleet_depot,parcel_50248904200000010090120000,455,,,,,336.0,0.286,
fleet_depot,parcel_50248904200000010100000000,485,,,,,174.222,0.148,
fleet_depot,parcel_50248904300000020010020000,710,,,,,846.222,0.72,
fleet_depot,parcel_50248904200000010310060000,710,,,,,2252.444,1.918,
fleet_depot,parcel_50248904200000010310030000,661,,,,,1462.222,1.245,
fleet_depot,parcel_50248904200000010310050000,650,,,,,236.444,0.201,
fleet_depot,parcel_50248904200000010310210000,465,,,,,192.889,0.164,
fleet_depot,parcel_50248904300000010290060000,440,,,,,939.556,0.8,
fleet_depot,parcel_50248904300000010300000000,681,,,,,0.0,0.0,
fleet_depot,parcel_50248904300000020030020000,464,,,,,392.0,0.334,
fleet_depot,parcel_50248904300000020010030000,710,,,,,242.667,0.207,
fleet_depot,parcel_50248904300000010330020000,642,,,,,1163.556,0.991,
fleet_depot,parcel_50248904300000010330110000,449,,,,,217.778,0.185,
fleet_depot,parcel_50248904300000010331210000,442,,,,,3055.111,2.601,
fleet_depot,parcel_50248904300000010230020000,449,,,,,441.778,0.376,
fleet_depot,parcel_50248904200000010090020000,615,,,,,0.0,0.0,
fleet_depot,parcel_50248904300000010220000000,694,,,,,721.778,0.615,
fleet_depot,parcel_50248904200000010110000000,615,,,,,0.0,0.0,
fleet_depot,parcel_50248904200000010050000000,615,,,,,0.0,0.0,
fleet_depot,parcel_50248904300000010030000000,615,,,,,0.0,0.0,
fleet_depot,parcel_50248904300000010190020000,449,,,,,578.667,0.493,
fleet_depot,parcel_50248904300000010010000000,613,,,,,286.222,0.244,
fleet_depot,parcel_50248904200000010070000000,615,,,,,0.0,0.0,
fleet_depot,parcel_50248904200000010060000000,615,,,,,0.0,0.0,
fleet_depot,parcel_50248904200000010010000000,650,,,,,0.0,0.0,
fleet_depot,parcel_50248904200000010020000000,844,,,,,0.0,0.0,
fleet_depot,parcel_50248904200000010030000000,613,,,,,0.0,0.0,
fleet_depot,parcel_50248904100000010080000000,844,,,,,0.0,0.0,
fleet_depot,parcel_50248904100000010180000000,613,,,,,0.0,0.0,
fleet_depot,parcel_50248904100000010190000000,613,,,,,0.0,0.0,
fleet_depot,parcel_50248904100000010240020000,613,,,,,118.222,0.101,
fleet_depot,parcel_50248904100000010030000000,613,,,,,0.0,0.0,
fleet_depot,parcel_50248904100000010010000000,613,,,,,0.0,0.0,
fleet_depot,parcel_50248903100000010110000000,613,,,,,0.0,0.0,
fleet_depot,parcel_50248904400000010070000000,823,,,,,56.0,0.048,
fleet_depot,parcel_50248904500000010130000000,620,,,,,112.0,0.095,
fleet_depot,parcel_50248904500000010140000000,650,,,,,105.778,0.09,
fleet_depot,parcel_50248904400000010030170000,662,,,,,323.556,0.275,
fleet_depot,parcel_50248905900000010220000000,613,,,,,0.0,0.0,
fleet_depot,parcel_50248906400000010080000000,695,,,,,0.0,0.0,
fleet_depot,parcel_50260000300000030110520099,837,,,,,0.0,0.0,
fleet_depot,parcel_50260000200000030100000000,552,,,,,0.0,0.0,
fleet_depot,parcel_50260000400000010210000000,695,,,,,0.0,0.0,
fleet_depot,parcel_50260000300000010060030000,552,,,,,0.0,0.0,
fleet_depot,parcel_50260000300000010100000000,552,,,,,416.889,0.355,
fleet_depot,parcel_50260000400000020024150000,442,,,,,217.778,0.185,
fleet_depot,parcel_50260000900000020040060000,484,,,,,62.222,0.053,
fleet_depot,parcel_50260000900000020030000000,433,,,,,49.778,0.042,
fleet_depot,parcel_50260000400000010080310000,442,,,,,280.0,0.238,
fleet_depot,parcel_50260000400000010080320000,877,,,,,0.0,0.0,
fleet_depot,parcel_50260000400000010080420000,440,,,,,192.889,0.164,
fleet_depot,parcel_50260000400000010120710000,484,,,,,80.889,0.069,
fleet_depot,parcel_50260000900000010110010000,877,,,,,0.0,0.0,
fleet_depot,parcel_50260000800000030040210000,449,,,,,566.222,0.482,
fleet_depot,parcel_50260000900000010260020000,440,,,,,205.333,0.175,
fleet_depot,parcel_50260000400000020150000000,710,,,,,118.222,0.101,
fleet_depot,parcel_50260000400000020070040000,710,,,,,2003.556,1.706,
fleet_depot,parcel_50260001000000010140030000,868,,,,,12.444,0.011,
fleet_depot,parcel_50260001500000020050050000,442,,,,,236.444,0.201,
fleet_depot,parcel_50260001600000020120030000,440,,,,,56.0,0.048,
fleet_depot,parcel_50260001500000010120060000,720,,,,,0.0,0.0,
fleet_depot,parcel_50260001500000010100000000,431,,,,,373.333,0.318,
fleet_depot,parcel_50260001600000020030000000,695,,,,,0.0,0.0,
fleet_depot,parcel_50260001400000040060000000,695,,,,,0.0,0.0,
fleet_depot,parcel_50260001400000020020080000,651,,,,,1138.667,0.969,
fleet_depot,parcel_50260001500000020010110000,472,,,,,161.778,0.138,
fleet_depot,parcel_50260001100000020080030000,620,,,,,224.0,0.191,
fleet_depot,parcel_50260001000000010020210000,440,,,,,149.333,0.127,
fleet_depot,parcel_50260001100000020150010000,484,,,,,149.333,0.127,
fleet_depot,parcel_50260001100000020220000000,695,,,,,0.0,0.0,
fleet_depot,parcel_50260000800000010120000000,695,,,,,0.0,0.0,
fleet_depot,parcel_50260000800000020091110000,438,,,,,0.0,0.0,
fleet_depot,parcel_50260000800000020090100000,484,,,,,304.889,0.26,
fleet_depot,parcel_50260000800000030220000000,651,,,,,105.778,0.09,
fleet_depot,parcel_50260000800000020120000000,652,,,,,236.444,0.201,
fleet_depot,parcel_50260000800000020110000000,534,,,,,205.333,0.175,
fleet_depot,parcel_50260000800000020090030000,651,,,,,298.667,0.254,
fleet_depot,parcel_50260000800000020090060000,662,,,,,852.444,0.726,
fleet_depot,parcel_50260000800000030280000000,692,,,,,0.0,0.0,
fleet_depot,parcel_50260000500000010130010000,456,,,,,423.111,0.36,
fleet_depot,parcel_50260000800000010090000000,485,,,,,261.333,0.223,
fleet_depot,parcel_50260000500000010120000000,486,,,,,261.333,0.223,
fleet_depot,parcel_50260000800000010100000000,612,,,,,1984.889,1.69,
fleet_depot,parcel_50260000800000010070010000,484,,,,,180.444,0.154,
fleet_depot,parcel_50260000700000030020000000,484,,,,,292.444,0.249,
fleet_depot,parcel_50260001300000020020110000,424,,,,,130.667,0.111,
fleet_depot,parcel_50070013000000040050000000,690,,,,,1997.333,1.701,
fleet_depot,parcel_50070013000000030010000000,456,,,,,1001.778,0.853,
fleet_depot,parcel_50070012800000020090020000,434,,,,,99.556,0.085,
fleet_depot,parcel_50070012800000030030000000,692,,,,,0.0,0.0,
fleet_depot,parcel_50070013000000040070030000,692,,,,,0.0,0.0,
fleet_depot,parcel_50070012800000020070010000,414,,,,,547.556,0.466,
fleet_depot,parcel_50070012900000020070000000,692,,,,,0.0,0.0,
fleet_depot,parcel_50070012800000020070020000,534,,,,,168.0,0.143,
fleet_depot,parcel_50070012800000020010220000,484,,,,,336.0,0.286,
fleet_depot,parcel_50070012900000010100110000,433,,,,,192.889,0.164,
fleet_depot,parcel_50070012800000010040000000,426,,,,,180.444,0.154,
fleet_depot,parcel_50070012800000010050000000,484,,,,,149.333,0.127,
fleet_depot,parcel_50070012800000010060010000,452,,,,,2302.222,1.96,
fleet_depot,parcel_50070012600000010020130000,485,,,,,224.0,0.191,
fleet_depot,parcel_50070012600000010020140000,546,,,,,392.0,0.334,
fleet_depot,parcel_50070012500000010030030000,433,,,,,93.333,0.079,
fleet_depot,parcel_50070012900000010010000000,421,,,,,429.333,0.366,
fleet_depot,parcel_50070012600000010050010000,486,,,,,149.333,0.127,
fleet_depot,parcel_50070012900000010100020000,414,,,,,2632.0,2.241,
fleet_depot,parcel_50070012500000020010000000,433,,,,,230.222,0.196,
fleet_depot,parcel_50070012500000020020000000,431,,,,,286.222,0.244,
fleet_depot,parcel_50070012500000030040000000,591,,,,,0.0,0.0,
fleet_depot,parcel_50070011100000090030000000,590,,,,,0.0,0.0,
fleet_depot,parcel_50070010900000010030000000,652,,,,,74.667,0.064,
fleet_depot,parcel_50070008800000020180000000,692,,,,,0.0,0.0,
fleet_depot,parcel_50070009000000020010000000,822,,,,,211.556,0.18,
fleet_depot,parcel_50070008800000010080000000,822,,,,,1039.111,0.885,
fleet_depot,parcel_50070008800000020160000000,650,,,,,0.0,0.0,
fleet_depot,parcel_50070010900000020020000000,822,,,,,0.0,0.0,
fleet_depot,parcel_50070011000000010020000000,590,,,,,0.0,0.0,
fleet_depot,parcel_50070011000000040050000000,650,,,,,0.0,0.0,
fleet_depot,parcel_50070008700000010220020000,695,,,,,0.0,0.0,
fleet_depot,parcel_50070008500000060140020000,612,,,,,703.111,0.599,
fleet_depot,parcel_50070008600000020010000000,650,,,,,0.0,0.0,
fleet_depot,parcel_50070008400000040140000000,620,,,,,105.778,0.09,
fleet_depot,parcel_50070008500000050010000000,612,,,,,1368.889,1.166,
fleet_depot,parcel_50070006600000010130000000,591,,,,,0.0,0.0,
fleet_depot,parcel_50070006800000060130000000,438,,,,,0.0,0.0,
fleet_depot,parcel_50070006300000080130000000,421,,,,,149.333,0.127,
fleet_depot,parcel_50070006300000050070000000,437,,,,,3347.556,2.85,
fleet_depot,parcel_50070006300000050090000099,837,,,,,0.0,0.0,
fleet_depot,parcel_50070006300000060050000000,421,,,,,236.444,0.201,
fleet_depot,parcel_50070006400000100210000000,484,,,,,80.889,0.069,
fleet_depot,parcel_50070006300000050020000000,482,,,,,2227.556,1.897,
fleet_depot,parcel_50070006400000100030000000,613,,,,,2912.0,2.479,
fleet_depot,parcel_50070006400000100170020000,662,,,,,448.0,0.381,
fleet_depot,parcel_50070006400000100180000000,482,,,,,317.333,0.27,
fleet_depot,parcel_50070006400000100130000000,438,,,,,0.0,0.0,
fleet_depot,parcel_50070006400000020130000000,483,,,,,224.0,0.191,
fleet_depot,parcel_50070006400000020070000000,615,,,,,230.222,0.196,
fleet_depot,parcel_50070006400000020020000000,620,,,,,616.0,0.524,
fleet_depot,parcel_50070006300000050010000000,613,,,,,0.0,0.0,
fleet_depot,parcel_50070006300000050080000000,613,,,,,0.0,0.0,
fleet_depot,parcel_50070006300000080120000000,482,,,,,416.889,0.355,
fleet_depot,parcel_50070006300000080110000000,482,,,,,616.0,0.524,
fleet_depot,parcel_50070004800000040060000000,415,,,,,329.778,0.281,
fleet_depot,parcel_50070003100000010060000000,613,,,,,765.333,0.652,
fleet_depot,parcel_50070006300000020070000000,438,,,,,0.0,0.0,
fleet_depot,parcel_50070006300000040030000000,438,,,,,0.0,0.0,
fleet_depot,parcel_50070006300000080240000000,421,,,,,180.444,0.154,
fleet_depot,parcel_50070006200000020400000000,613,,,,,0.0,0.0,
fleet_depot,parcel_50070004800000040040000000,695,,,,,0.0,0.0,
fleet_depot,parcel_50070006200000020390000000,613,,,,,0.0,0.0,
fleet_depot,parcel_50070006200000010070000000,438,,,,,0.0,0.0,
fleet_depot,parcel_50070006200000010150000000,632,,,,,192.889,0.164,
fleet_depot,parcel_50070006200000010140000000,464,,,,,155.556,0.132,
fleet_depot,parcel_50070006200000010110000000,438,,,,,0.0,0.0,
fleet_depot,parcel_50070006900000020190000000,414,,,,,360.889,0.307,
fleet_depot,parcel_50070006900000020180000000,485,,,,,404.444,0.344,
fleet_depot,parcel_50070006900000030050000000,438,,,,,0.0,0.0,
fleet_depot,parcel_50070006300000100030000000,482,,,,,336.0,0.286,
fleet_depot,parcel_50070006300000080230000000,464,,,,,124.444,0.106,
fleet_depot,parcel_50070006300000080140000000,482,,,,,329.778,0.281,
fleet_depot,parcel_50070006800000010090000000,483,,,,,161.778,0.138,
fleet_depot,parcel_50070006900000010040000000,482,,,,,1064.0,0.906,
fleet_depot,parcel_50070006900000010110000000,481,,,,,1972.444,1.679,
fleet_depot,parcel_50070006900000010070000000,482,,,,,1325.333,1.128,
fleet_depot,parcel_50070006900000010140000000,482,,,,,168.0,0.143,
fleet_depot,parcel_50070006900000010010000000,481,,,,,597.333,0.509,
fleet_depot,parcel_50070006900000010060020000,414,,,,,3459.556,2.946,
fleet_depot,parcel_50070006900000020010000000,464,,,,,286.222,0.244,
fleet_depot,parcel_50070006900000020210000000,438,,,,,0.0,0.0,
fleet_depot,parcel_50070006200000050120000000,482,,,,,205.333,0.175,
fleet_depot,parcel_50070006200000050150000000,481,,,,,354.667,0.302,
fleet_depot,parcel_50070006200000050140000000,482,,,,,149.333,0.127,
fleet_depot,parcel_50070006200000050010000000,433,,,,,93.333,0.079,
fleet_depot,parcel_50070006200000050030000000,485,,,,,74.667,0.064,
fleet_depot,parcel_50070006200000050160000000,481,,,,,267.556,0.228,
fleet_depot,parcel_50070006200000050180000000,464,,,,,759.111,0.646,
fleet_depot,parcel_50070006100000040010000000,650,,,,,647.111,0.551,
fleet_depot,parcel_50070006200000050170000000,464,,,,,99.556,0.085,
fleet_depot,parcel_50070006100000040050000000,650,,,,,8263.111,7.035,
fleet_depot,parcel_50070007000000020100000000,463,,,,,2221.333,1.891,
fleet_depot,parcel_50070007000000030160000000,464,,,,,404.444,0.344,
fleet_depot,parcel_50070007000000030130000000,481,,,,,640.889,0.546,
fleet_depot,parcel_50070007000000030010000000,438,,,,,0.0,0.0,
fleet_depot,parcel_50070007000000030020000000,464,,,,,186.667,0.159,
fleet_depot,parcel_50070007000000030030000000,481,,,,,734.222,0.625,
fleet_depot,parcel_50070007000000030040000000,481,,,,,87.111,0.074,
fleet_depot,parcel_50070007000000030050000000,481,,,,,186.667,0.159,
fleet_depot,parcel_50070007000000030060000000,481,,,,,292.444,0.249,
fleet_depot,parcel_50070007000000030070000000,481,,,,,448.0,0.381,
fleet_depot,parcel_50070007000000030080000000,481,,,,,205.333,0.175,
fleet_depot,parcel_50070007000000030090000000,481,,,,,205.333,0.175,
fleet_depot,parcel_50070007000000030110000000,481,,,,,485.333,0.413,
fleet_depot,parcel_50070007000000030100000000,481,,,,,118.222,0.101,
fleet_depot,parcel_50070007000000030120000000,481,,,,,280.0,0.238,
fleet_depot,parcel_50070007000000030150000000,463,,,,,1561.778,1.33,
fleet_depot,parcel_50070007000000040040220000,464,,,,,2694.222,2.294,
fleet_depot,parcel_50070007000000040040210001,437,,,,,2246.222,1.912,
fleet_depot,parcel_50070007000000040050010000,452,,,,,5002.667,4.259,
fleet_depot,parcel_50070007000000040050210000,438,,,,,0.0,0.0,
fleet_depot,parcel_50070007000000050100000000,481,,,,,448.0,0.381,
fleet_depot,parcel_50070007000000020130000000,650,,,,,0.0,0.0,
fleet_depot,parcel_50070007000000020110000000,681,,,,,877.333,0.747,
fleet_depot,parcel_50070007000000020150000000,481,,,,,149.333,0.127,
fleet_depot,parcel_50070007000000020140000000,481,,,,,248.889,0.212,
fleet_depot,parcel_50070007000000020160000000,481,,,,,124.444,0.106,
fleet_depot,parcel_50070007000000020170000000,481,,,,,323.556,0.275,
fleet_depot,parcel_50070007000000020200000000,481,,,,,267.556,0.228,
fleet_depot,parcel_50070007000000020210000000,481,,,,,423.111,0.36,
fleet_depot,parcel_50070007000000020050000000,464,,,,,989.333,0.842,
fleet_depot,parcel_50070007000000020090000000,464,,,,,871.111,0.742,
fleet_depot,parcel_50070007000000020240000000,481,,,,,603.556,0.514,
fleet_depot,parcel_50070007000000020260000000,481,,,,,516.444,0.44,
fleet_depot,parcel_50070007000000020300000000,481,,,,,143.111,0.122,
fleet_depot,parcel_50070007000000020270000000,481,,,,,155.556,0.132,
fleet_depot,parcel_50070007000000020250000000,481,,,,,628.444,0.535,
fleet_depot,parcel_50070007000000020220000000,481,,,,,155.556,0.132,
fleet_depot,parcel_50070007000000050040000000,481,,,,,348.444,0.297,
fleet_depot,parcel_50070007000000050030000000,481,,,,,385.778,0.328,
fleet_depot,parcel_50070007000000050020000000,481,,,,,684.444,0.583,
fleet_depot,parcel_50070007000000050010000000,481,,,,,2370.667,2.018,
fleet_depot,parcel_50070007000000060100000000,481,,,,,298.667,0.254,
fleet_depot,parcel_50070007000000060110000000,481,,,,,448.0,0.381,
fleet_depot,parcel_50070007000000060120020000,481,,,,,136.889,0.117,
fleet_depot,parcel_50070007000000060120010000,481,,,,,124.444,0.106,
fleet_depot,parcel_50070007000000050250000000,481,,,,,659.556,0.562,
fleet_depot,parcel_50070007000000050240000000,481,,,,,410.667,0.35,
fleet_depot,parcel_50070007000000050230000000,652,,,,,1368.889,1.166,
fleet_depot,parcel_50070007000000080010000000,611,,,,,3210.667,2.734,
fleet_depot,parcel_50070007000000080110000000,642,,,,,2171.556,1.849,
fleet_depot,parcel_50070007000000040050230000,437,,,,,7821.333,6.659,
fleet_depot,parcel_50070007000000040052210000,514,,,,,2644.444,2.252,
fleet_depot,parcel_50070007000000040050230001,512,,,,,510.222,0.434,
fleet_depot,parcel_50070007000000040040030000,414,,,,,4679.111,3.984,
fleet_depot,parcel_50070008100000030020020000,410,,,,,964.444,0.821,
fleet_depot,parcel_50070008100000030020030000,484,,,,,130.667,0.111,
fleet_depot,parcel_50070008100000100010000000,662,,,,,87.111,0.074,
fleet_depot,parcel_50070008100000030010000000,662,,,,,1331.556,1.134,
fleet_depot,parcel_50070008100000110060000000,438,,,,,0.0,0.0,
fleet_depot,parcel_50070008100000110050000000,438,,,,,0.0,0.0,
fleet_depot,parcel_50070008100000110040000000,433,,,,,168.0,0.143,
fleet_depot,parcel_50070008100000110030000000,515,,,,,130.667,0.111,
fleet_depot,parcel_50070008100000120050000000,431,,,,,609.778,0.519,
fleet_depot,parcel_50070008100000120060000000,438,,,,,0.0,0.0,
fleet_depot,parcel_50070008100000120040000000,433,,,,,49.778,0.042,
fleet_depot,parcel_50070008100000110020000000,433,,,,,155.556,0.132,
fleet_depot,parcel_50070008100000110010000000,438,,,,,0.0,0.0,
fleet_depot,parcel_50070008100000020010000000,437,,,,,10341.333,8.805,
fleet_depot,parcel_50070008100000020010000001,464,,,,,1020.444,0.869,
fleet_depot,parcel_50070007000000070040010000,486,,,,,80.889,0.069,
fleet_depot,parcel_50070007000000060130000000,481,,,,,248.889,0.212,
fleet_depot,parcel_50070007000000060140000000,484,,,,,118.222,0.101,
fleet_depot,parcel_50070007000000070020000000,464,,,,,112.0,0.095,
fleet_depot,parcel_50070007000000070030000000,464,,,,,242.667,0.207,
fleet_depot,parcel_50070007000000070150000000,484,,,,,93.333,0.079,
fleet_depot,parcel_50070008000000100050000000,438,,,,,0.0,0.0,
fleet_depot,parcel_50070008000000100010000000,633,,,,,3378.667,2.877,
fleet_depot,parcel_50070007000000070040020099,837,,,,,0.0,0.0,
fleet_depot,parcel_50070007000000070040020000,414,,,,,6645.333,5.658,
fleet_depot,parcel_50070008000000100080000000,438,,,,,0.0,0.0,
fleet_depot,parcel_50070008000000090080010000,465,,,,,99.556,0.085,
fleet_depot,parcel_50070008000000070010000000,642,,,,,2551.111,2.172,
fleet_depot,parcel_50070009300000010100000000,483,,,,,192.889,0.164,
fleet_depot,parcel_50070009300000030010000000,483,,,,,118.222,0.101,
fleet_depot,parcel_50070008100000120090000000,438,,,,,0.0,0.0,
fleet_depot,parcel_50070009200000010010000000,483,,,,,62.222,0.053,
fleet_depot,parcel_50070008100000110090000000,483,,,,,118.222,0.101,
fleet_depot,parcel_50070010700000010030000000,642,,,,,1057.778,0.901,
fleet_depot,parcel_50070010600000010080020000,710,,,,,21510.222,18.314,
fleet_depot,parcel_50070009100000050020000000,438,,,,,0.0,0.0,
fleet_depot,parcel_50070010700000010010000000,612,,,,,3266.667,2.781,
fleet_depot,parcel_50070008300000020230000000,822,,,,,0.0,0.0,
fleet_depot,parcel_50070009000000010010000000,650,,,,,0.0,0.0,
fleet_depot,parcel_50070010700000010080000000,620,,,,,99.556,0.085,
fleet_depot,parcel_50070011300000020040000000,438,,,,,0.0,0.0,
fleet_depot,parcel_50070011300000010010020000,620,,,,,149.333,0.127,
fleet_depot,parcel_50070011400000010010000000,449,,,,,995.556,0.848,
fleet_depot,parcel_50070011400000010050000000,534,,,,,242.667,0.207,
fleet_depot,parcel_50070011400000010190000000,822,,,,,0.0,0.0,
fleet_depot,parcel_50070011500000010150000099,837,,,,,18.667,0.016,
fleet_depot,parcel_50070011600000010040000000,421,,,,,211.556,0.18,
fleet_depot,parcel_50070011600000010060020000,485,,,,,280.0,0.238,
fleet_depot,parcel_50070010600000010050000000,872,,,,,0.0,0.0,
fleet_depot,parcel_50070010600000010040010000,873,,,,,12.444,0.011,
fleet_depot,parcel_50070010500000080010000000,873,,,,,0.0,0.0,
fleet_depot,parcel_50070010400000010010020000,452,,,,,1238.222,1.054,
fleet_depot,parcel_50070010300000030120000000,591,,,,,0.0,0.0,
fleet_depot,parcel_50070010300000010010010000,456,,,,,516.444,0.44,
fleet_depot,parcel_50070010200000010020040000,462,,,,,168.0,0.143,
fleet_depot,parcel_50070010400000010010010000,457,,,,,348.444,0.297,
fleet_depot,parcel_50070010400000010010030000,421,,,,,379.556,0.323,
fleet_depot,parcel_50070010200000010020060000,453,,,,,628.444,0.535,
fleet_depot,parcel_50070011700000010010020000,452,,,,,7000.0,5.96,
fleet_depot,parcel_50070011700000010030000000,452,,,,,821.333,0.699,
fleet_depot,parcel_50070011700000020010010000,426,,,,,93.333,0.079,
fleet_depot,parcel_50070011700000020020000000,462,,,,,124.444,0.106,
fleet_depot,parcel_50070011700000010050000000,452,,,,,497.778,0.424,
fleet_depot,parcel_50070011700000030030000000,433,,,,,317.333,0.27,
fleet_depot,parcel_50070011700000030040000000,433,,,,,684.444,0.583,
fleet_depot,parcel_50070011700000030020000000,433,,,,,230.222,0.196,
fleet_depot,parcel_50070011700000030010000000,485,,,,,1020.444,0.869,
fleet_depot,parcel_50070010400000010090000000,464,,,,,883.556,0.752,
fleet_depot,parcel_50070011700000020010020000,452,,,,,1922.667,1.637,
fleet_depot,parcel_50070011600000010100000000,431,,,,,87.111,0.074,
fleet_depot,parcel_50070011600000010090000000,422,,,,,49.778,0.042,
fleet_depot,parcel_50070011600000010070000000,436,,,,,280.0,0.238,
fleet_depot,parcel_50070011600000010080000000,484,,,,,136.889,0.117,
fleet_depot,parcel_50070012400000020110000000,692,,,,,0.0,0.0,
fleet_depot,parcel_50070012400000010030000000,432,,,,,211.556,0.18,
fleet_depot,parcel_50070012200000020030000000,457,,,,,323.556,0.275,
fleet_depot,parcel_50070012200000020020000000,431,,,,,1281.778,1.091,
fleet_depot,parcel_50070012200000020060000000,620,,,,,136.889,0.117,
fleet_depot,parcel_50070012200000020040000000,432,,,,,37.333,0.032,
fleet_depot,parcel_50070011700000010060000000,462,,,,,99.556,0.085,
fleet_depot,parcel_50070012200000010030000000,431,,,,,821.333,0.699,
fleet_depot,parcel_50070012200000010040000000,431,,,,,858.667,0.731,
fleet_depot,parcel_50070011800000010010020000,453,,,,,8891.556,7.571,
fleet_depot,parcel_50070011800000010020040000,452,,,,,1860.444,1.584,
fleet_depot,parcel_50070012100000010010000000,426,,,,,99.556,0.085,
fleet_depot,parcel_50070011800000010010010000,452,,,,,485.333,0.413,
fleet_depot,parcel_50070012400000010020000000,484,,,,,255.111,0.217,
fleet_depot,parcel_50070012400000010190000000,452,,,,,684.444,0.583,
fleet_depot,parcel_50070012500000020040000000,414,,,,,1785.778,1.52,
fleet_depot,parcel_50070012500000010010010000,452,,,,,1524.444,1.298,
fleet_depot,parcel_50070012100000010040000000,433,,,,,56.0,0.048,
fleet_depot,parcel_50070012100000010020000000,433,,,,,429.333,0.366,
fleet_depot,parcel_50070012500000010030010000,415,,,,,1493.333,1.271,
fleet_depot,parcel_50070011800000010020020000,453,,,,,6253.333,5.324,
fleet_depot,parcel_50070011800000010020030000,452,,,,,572.444,0.487,
fleet_depot,parcel_50070010000000030010000000,852,,,,,0.0,0.0,
fleet_depot,parcel_50070009600000020010230000,484,,,,,93.333,0.079,
fleet_depot,parcel_50070009600000020010220000,546,,,,,485.333,0.413,
fleet_depot,parcel_50070009600000020010210000,484,,,,,298.667,0.254,
fleet_depot,parcel_50070010000000020010260000,692,,,,,0.0,0.0,
fleet_depot,parcel_50070009600000010010000000,650,,,,,0.0,0.0,
fleet_depot,parcel_50070009600000020010010000,712,,,,,721.778,0.615,
fleet_depot,parcel_50070009600000020010030000,712,,,,,628.444,0.535,
fleet_depot,parcel_50070009600000020010040000,710,,,,,441.778,0.376,
fleet_depot,parcel_50070009600000020010050000,484,,,,,286.222,0.244,
fleet_depot,parcel_50070009600000020070000000,449,,,,,217.778,0.185,
fleet_depot,parcel_50070007800000030010000000,710,,,,,802.667,0.683,
fleet_depot,parcel_50070009600000020010080000,485,,,,,348.444,0.297,
fleet_depot,parcel_50070009600000020010090000,712,,,,,2059.556,1.754,
fleet_depot,parcel_50070009600000020060000000,484,,,,,497.778,0.424,
fleet_depot,parcel_50070007800000030020000000,449,,,,,958.222,0.816,
fleet_depot,parcel_50070007800000030070000000,534,,,,,348.444,0.297,
fleet_depot,parcel_50070010200000010020050000,421,,,,,261.333,0.223,
fleet_depot,parcel_50070010300000010030000000,650,,,,,12.444,0.011,
fleet_depot,parcel_50070010200000010020030000,452,,,,,2706.667,2.305,
fleet_depot,parcel_50070009500000010010210000,462,,,,,161.778,0.138,
fleet_depot,parcel_50070009500000010010220000,454,,,,,5718.222,4.869,
fleet_depot,parcel_50070010200000010020010000,452,,,,,5208.0,4.434,
fleet_depot,parcel_50070009500000010010010000,431,,,,,1120.0,0.954,
fleet_depot,parcel_50070009400000010010000000,434,,,,,161.778,0.138,
fleet_depot,parcel_50070009400000010150000000,484,,,,,49.778,0.042,
fleet_depot,parcel_50070009400000010220000000,415,,,,,1829.333,1.558,
fleet_depot,parcel_50070007900000060080010000,456,,,,,560.0,0.477,
fleet_depot,parcel_50070009400000030300000000,483,,,,,161.778,0.138,
fleet_depot,parcel_50070008000000030010000000,464,,,,,80.889,0.069,
fleet_depot,parcel_50070007900000060080020000,452,,,,,1810.667,1.542,
fleet_depot,parcel_50070007200000080010000000,426,,,,,87.111,0.074,
fleet_depot,parcel_50070007900000040010000000,421,,,,,105.778,0.09,
fleet_depot,parcel_50070007900000030010000000,456,,,,,628.444,0.535,
fleet_depot,parcel_50070007900000050010010000,485,,,,,149.333,0.127,
fleet_depot,parcel_50070007900000010030000000,620,,,,,87.111,0.074,
fleet_depot,parcel_50070007900000100010000000,415,,,,,1101.333,0.938,
fleet_depot,parcel_50070007900000010020010000,465,,,,,242.667,0.207,
fleet_depot,parcel_50070007900000010010000000,464,,,,,304.889,0.26,
fleet_depot,parcel_50070007900000010020020000,464,,,,,472.889,0.403,
fleet_depot,parcel_50070007900000020010020000,485,,,,,311.111,0.265,
fleet_depot,parcel_50070007800000020040000000,449,,,,,746.667,0.636,
fleet_depot,parcel_50070007200000070100000000,455,,,,,1493.333,1.271,
fleet_depot,parcel_50070007200000060020000000,691,,,,,578.667,0.493,
fleet_depot,parcel_50070007200000050180000000,438,,,,,0.0,0.0,
fleet_depot,parcel_50070007200000050170000000,483,,,,,155.556,0.132,
fleet_depot,parcel_50070007200000050020000000,485,,,,,522.667,0.445,
fleet_depot,parcel_50070007200000050150000000,484,,,,,192.889,0.164,
fleet_depot,parcel_50070007200000050160000000,484,,,,,136.889,0.117,
fleet_depot,parcel_50070007200000050110000000,483,,,,,93.333,0.079,
fleet_depot,parcel_50070007200000050130000000,449,,,,,192.889,0.164,
fleet_depot,parcel_50070007200000050030000000,438,,,,,0.0,0.0,
fleet_depot,parcel_50070007200000050040000000,481,,,,,118.222,0.101,
fleet_depot,parcel_50070007200000050050000000,481,,,,,174.222,0.148,
fleet_depot,parcel_50070007200000050120000000,449,,,,,273.778,0.233,
fleet_depot,parcel_50070007200000050060000000,484,,,,,329.778,0.281,
fleet_depot,parcel_50070007200000050080000000,422,,,,,56.0,0.048,
fleet_depot,parcel_50070007200000040030000000,484,,,,,647.111,0.551,
fleet_depot,parcel_50070007200000040010000000,485,,,,,230.222,0.196,
fleet_depot,parcel_50070007200000020160000000,482,,,,,99.556,0.085,
fleet_depot,parcel_50070007200000020120000000,462,,,,,261.333,0.223,
fleet_depot,parcel_50070007200000020130000000,438,,,,,0.0,0.0,
fleet_depot,parcel_50070007200000020110000000,438,,,,,0.0,0.0,
fleet_depot,parcel_50070007200000020150000000,483,,,,,118.222,0.101,
fleet_depot,parcel_50070007200000020030000000,484,,,,,192.889,0.164,
fleet_depot,parcel_50070007200000020200000000,482,,,,,273.778,0.233,
fleet_depot,parcel_50070007200000020010000000,461,,,,,858.667,0.731,
fleet_depot,parcel_50070007200000020190000000,457,,,,,224.0,0.191,
fleet_depot,parcel_50070007200000020180000000,484,,,,,112.0,0.095,
fleet_depot,parcel_50070007200000050010000000,421,,,,,236.444,0.201,
fleet_depot,parcel_50070007300000060010000000,444,,,,,1032.889,0.879,
fleet_depot,parcel_50070007300000050020010000,462,,,,,242.667,0.207,
fleet_depot,parcel_50070005900000080010000000,454,,,,,460.444,0.392,
fleet_depot,parcel_50070005900000070250000000,425,,,,,112.0,0.095,
fleet_depot,parcel_50070005900000070270000000,484,,,,,68.444,0.058,
fleet_depot,parcel_50070005900000070010000000,484,,,,,311.111,0.265,
fleet_depot,parcel_50070005900000070240000000,438,,,,,0.0,0.0,
fleet_depot,parcel_50070005900000010020000000,456,,,,,852.444,0.726,
fleet_depot,parcel_50070005800000040010130000,438,,,,,0.0,0.0,
fleet_depot,parcel_50070005800000040100020000,485,,,,,329.778,0.281,
fleet_depot,parcel_50070005800000050010000000,482,,,,,802.667,0.683,
fleet_depot,parcel_50070005800000060010000000,484,,,,,130.667,0.111,
fleet_depot,parcel_50070005800000070030110000,464,,,,,584.889,0.498,
fleet_depot,parcel_50070005800000070030130000,464,,,,,18.667,0.016,
fleet_depot,parcel_50070005800000070030120000,464,,,,,18.667,0.016,
fleet_depot,parcel_50070005800000070010020000,486,,,,,311.111,0.265,
fleet_depot,parcel_50070005800000070050000000,482,,,,,292.444,0.249,
fleet_depot,parcel_50070007300000030010000000,438,,,,,0.0,0.0,
fleet_depot,parcel_50070007300000030020000000,482,,,,,230.222,0.196,
fleet_depot,parcel_50070007300000030030000000,484,,,,,68.444,0.058,
fleet_depot,parcel_50070007300000050030000000,485,,,,,74.667,0.064,
fleet_depot,parcel_50070007300000020030000000,438,,,,,0.0,0.0,
fleet_depot,parcel_50070007300000020010000000,433,,,,,286.222,0.244,
fleet_depot,parcel_50070007300000090120000000,464,,,,,678.222,0.577,
fleet_depot,parcel_50070007300000110020000000,457,,,,,168.0,0.143,
fleet_depot,parcel_50070007300000110050000000,484,,,,,168.0,0.143,
fleet_depot,parcel_50070007800000020060000000,449,,,,,622.222,0.53,
fleet_depot,parcel_50070007800000010010020000,710,,,,,2314.667,1.971,
fleet_depot,parcel_50070007700000060010010000,650,,,,,12.444,0.011,
fleet_depot,parcel_50070007700000060030000000,714,,,,,224.0,0.191,
fleet_depot,parcel_50070007300000100030010000,484,,,,,143.111,0.122,
fleet_depot,parcel_50070007800000010010010000,710,,,,,1076.444,0.917,
fleet_depot,parcel_50070005700000020010000000,612,,,,,1219.556,1.038,
fleet_depot,parcel_50070005700000040010000000,873,,,,,12.444,0.011,
fleet_depot,parcel_50070007300000090040000000,484,,,,,286.222,0.244,
fleet_depot,parcel_50070007300000010110000000,464,,,,,1424.889,1.213,
fleet_depot,parcel_50070005800000010020000000,484,,,,,236.444,0.201,
fleet_depot,parcel_50070005800000010040000000,423,,,,,56.0,0.048,
fleet_depot,parcel_50070005800000010030000000,483,,,,,74.667,0.064,
fleet_depot,parcel_50070005800000010010000000,590,,,,,0.0,0.0,
fleet_depot,parcel_50070005800000020010030000,438,,,,,0.0,0.0,
fleet_depot,parcel_50070005800000020010010000,462,,,,,248.889,0.212,
fleet_depot,parcel_50070005800000030070000000,484,,,,,43.556,0.037,
fleet_depot,parcel_50070005800000030040000000,484,,,,,143.111,0.122,
fleet_depot,parcel_50070005800000030030000000,421,,,,,118.222,0.101,
fleet_depot,parcel_50070005800000030020000000,484,,,,,112.0,0.095,
fleet_depot,parcel_50070005800000020010020000,544,,,,,2800.0,2.384,
fleet_depot,parcel_50070005800000020010020099,837,,,,,0.0,0.0,
fleet_depot,parcel_50070005200000020070000000,653,,,,,0.0,0.0,
fleet_depot,parcel_50070004200000020050000000,710,,,,,1126.222,0.959,
fleet_depot,parcel_50070005300000040010000000,661,,,,,354.667,0.302,
fleet_depot,parcel_50070002200000010010010000,650,,,,,80.889,0.069,
fleet_depot,parcel_50070004300000010030000000,650,,,,,0.0,0.0,
fleet_depot,parcel_50070004300000010010000000,421,,,,,360.889,0.307,
fleet_depot,parcel_50070004300000010050000000,650,,,,,136.889,0.117,
fleet_depot,parcel_50070004300000010060000000,438,,,,,0.0,0.0,
fleet_depot,parcel_50070005200000010010030000,438,,,,,0.0,0.0,
fleet_depot,parcel_50070004300000020110000000,570,,,,,0.0,0.0,
fleet_depot,parcel_50070004300000010020000000,570,,,,,155.556,0.132,
fleet_depot,parcel_50070005200000010010020000,438,,,,,0.0,0.0,
fleet_depot,parcel_50070005200000010010010000,438,,,,,0.0,0.0,
fleet_depot,parcel_50070005200000020040000000,650,,,,,0.0,0.0,
fleet_depot,parcel_50070005200000020030000000,482,,,,,572.444,0.487,
fleet_depot,parcel_50070005200000030010120000,448,,,,,0.0,0.0,
fleet_depot,parcel_50070005800000040010020000,448,,,,,0.0,0.0,
fleet_depot,parcel_50070005800000040020020000,421,,,,,261.333,0.223,
fleet_depot,parcel_50070005200000030170000000,438,,,,,0.0,0.0,
fleet_depot,parcel_50070005200000030140000000,464,,,,,728.0,0.62,
fleet_depot,parcel_50070005200000030160000000,438,,,,,0.0,0.0,
fleet_depot,parcel_50070005200000030020000000,464,,,,,348.444,0.297,
fleet_depot,parcel_50070004300000020040000000,455,,,,,211.556,0.18,
fleet_depot,parcel_50070005200000030050020000,484,,,,,304.889,0.26,
fleet_depot,parcel_50070004300000030010000000,421,,,,,485.333,0.413,
fleet_depot,parcel_50070004400000090010020000,457,,,,,230.222,0.196,
fleet_depot,parcel_50070004300000020080000000,486,,,,,155.556,0.132,
fleet_depot,parcel_50070004300000020050220000,454,,,,,1624.0,1.383,
fleet_depot,parcel_50070004300000020010020000,464,,,,,846.222,0.72,
fleet_depot,parcel_50070004300000020120000000,570,,,,,398.222,0.339,
fleet_depot,parcel_50070003700000010030000000,570,,,,,0.0,0.0,
fleet_depot,parcel_50070003700000010040010000,440,,,,,49.778,0.042,
fleet_depot,parcel_50070004400000020020000000,481,,,,,871.111,0.742,
fleet_depot,parcel_50070004400000010010020000,457,,,,,180.444,0.154,
fleet_depot,parcel_50070004400000010010120000,465,,,,,336.0,0.286,
fleet_depot,parcel_50070004400000020010030000,484,,,,,80.889,0.069,
fleet_depot,parcel_50070004400000020010110000,464,,,,,292.444,0.249,
fleet_depot,parcel_50070004400000020010020000,457,,,,,560.0,0.477,
fleet_depot,parcel_50070003600000010060000000,485,,,,,597.333,0.509,
fleet_depot,parcel_50070003600000010070000000,872,,,,,0.0,0.0,
fleet_depot,parcel_50070003500000010010000000,452,,,,,908.444,0.773,
fleet_depot,parcel_50070003500000050120000000,484,,,,,74.667,0.064,
fleet_depot,parcel_50070004400000060030000000,620,,,,,199.111,0.17,
fleet_depot,parcel_50070004400000060020000000,438,,,,,0.0,0.0,
fleet_depot,parcel_50070004400000070010000000,591,,,,,0.0,0.0,
fleet_depot,parcel_50070005100000030150000000,484,,,,,149.333,0.127,
fleet_depot,parcel_50070005000000020010000000,682,,,,,0.0,0.0,
fleet_depot,parcel_50070005100000040110000000,484,,,,,124.444,0.106,
fleet_depot,parcel_50070005900000040010000000,593,,,,,0.0,0.0,
fleet_depot,parcel_50070005100000010050000000,642,,,,,304.889,0.26,
fleet_depot,parcel_50070005100000010010000000,438,,,,,0.0,0.0,
fleet_depot,parcel_50070005100000010180010000,485,,,,,174.222,0.148,
fleet_depot,parcel_50070005100000010180020000,421,,,,,62.222,0.053,
fleet_depot,parcel_50070005200000030060000000,456,,,,,1157.333,0.985,
fleet_depot,parcel_50070005200000030050010000,438,,,,,0.0,0.0,
fleet_depot,parcel_50070005200000040100000000,422,,,,,560.0,0.477,
fleet_depot,parcel_50070005200000040060020000,482,,,,,186.667,0.159,
fleet_depot,parcel_50070005100000060010000000,462,,,,,161.778,0.138,
fleet_depot,parcel_50070005900000030260000000,482,,,,,68.444,0.058,
fleet_depot,parcel_50070005900000030010000000,484,,,,,174.222,0.148,
fleet_depot,parcel_50070005200000040110000000,472,,,,,168.0,0.143,
fleet_depot,parcel_50070005200000040040000000,449,,,,,547.556,0.466,
fleet_depot,parcel_50070005200000030150000000,484,,,,,914.667,0.779,
fleet_depot,parcel_50070005200000030200000000,653,,,,,0.0,0.0,
fleet_depot,parcel_50070005900000020280000000,482,,,,,118.222,0.101,
fleet_depot,parcel_50070005900000020210000000,484,,,,,224.0,0.191,
fleet_depot,parcel_50070005900000070200000000,465,,,,,846.222,0.72,
fleet_depot,parcel_50070005900000070090000000,653,,,,,0.0,0.0,
fleet_depot,parcel_50070005900000030220000000,650,,,,,49.778,0.042,
fleet_depot,parcel_50070005900000030250000000,464,,,,,56.0,0.048,
fleet_depot,parcel_50070005900000060010000000,421,,,,,149.333,0.127,
fleet_depot,parcel_50070005900000070130000000,486,,,,,149.333,0.127,
fleet_depot,parcel_50070005900000070160000000,483,,,,,105.778,0.09,
fleet_depot,parcel_50070007200000030010000000,484,,,,,105.778,0.09,
fleet_depot,parcel_50070005900000060210000000,464,,,,,105.778,0.09,
fleet_depot,parcel_50070007200000030240000000,484,,,,,398.222,0.339,
fleet_depot,parcel_50070007200000030260000000,482,,,,,292.444,0.249,
fleet_depot,parcel_50070007200000030030000000,484,,,,,118.222,0.101,
fleet_depot,parcel_50070007200000030020000000,484,,,,,211.556,0.18,
fleet_depot,parcel_50070007200000030280000000,438,,,,,0.0,0.0,
fleet_depot,parcel_50070007200000030270000000,486,,,,,62.222,0.053,
fleet_depot,parcel_50070007200000030230020000,483,,,,,118.222,0.101,
fleet_depot,parcel_50070007200000030190000000,482,,,,,248.889,0.212,
fleet_depot,parcel_50070007200000030180010000,482,,,,,143.111,0.122,
fleet_depot,parcel_50070007200000030070000000,464,,,,,155.556,0.132,
fleet_depot,parcel_50070007200000030200000000,485,,,,,392.0,0.334,
fleet_depot,parcel_50070007200000030060000000,464,,,,,105.778,0.09,
fleet_depot,parcel_50070007200000030120000000,438,,,,,0.0,0.0,
fleet_depot,parcel_50070005900000060180000000,642,,,,,267.556,0.228,
fleet_depot,parcel_50070006000000010170000000,483,,,,,80.889,0.069,
fleet_depot,parcel_50070006000000010160000000,483,,,,,143.111,0.122,
fleet_depot,parcel_50070006000000060180000000,483,,,,,87.111,0.074,
fleet_depot,parcel_50070007100000010090000000,482,,,,,192.889,0.164,
fleet_depot,parcel_50070007100000010080000000,483,,,,,136.889,0.117,
fleet_depot,parcel_50070007100000010150000000,483,,,,,130.667,0.111,
fleet_depot,parcel_50070007100000010100000000,484,,,,,37.333,0.032,
fleet_depot,parcel_50070007100000010130000000,481,,,,,205.333,0.175,
fleet_depot,parcel_50070007100000010140000000,484,,,,,80.889,0.069,
fleet_depot,parcel_50070007100000050020000000,484,,,,,80.889,0.069,
fleet_depot,parcel_50070007100000050010000000,484,,,,,62.222,0.053,
fleet_depot,parcel_50070007100000060090000000,483,,,,,230.222,0.196,
fleet_depot,parcel_50070007100000060110000000,483,,,,,105.778,0.09,
fleet_depot,parcel_50070007100000060080000000,449,,,,,248.889,0.212,
fleet_depot,parcel_50070007100000060070000000,484,,,,,261.333,0.223,
fleet_depot,parcel_50070007100000060050000000,438,,,,,0.0,0.0,
fleet_depot,parcel_50070007100000010190010000,422,,,,,174.222,0.148,
fleet_depot,parcel_50070007100000010180000000,438,,,,,0.0,0.0,
fleet_depot,parcel_50070007100000010170000000,483,,,,,136.889,0.117,
fleet_depot,parcel_50070007100000010160000000,483,,,,,105.778,0.09,
fleet_depot,parcel_50070007100000010070000000,464,,,,,68.444,0.058,
fleet_depot,parcel_50070007100000010190020000,484,,,,,454.222,0.387,
fleet_depot,parcel_50070007100000010050000000,482,,,,,292.444,0.249,
fleet_depot,parcel_50070007100000010040000000,455,,,,,441.778,0.376,
fleet_depot,parcel_50070007100000010220000000,484,,,,,224.0,0.191,
fleet_depot,parcel_50070007100000060010000000,430,,,,,87.111,0.074,
fleet_depot,parcel_50070007200000040090000000,433,,,,,336.0,0.286,
fleet_depot,parcel_50070007200000030160000000,484,,,,,130.667,0.111,
fleet_depot,parcel_50070007200000030150000000,482,,,,,267.556,0.228,
fleet_depot,parcel_50070007200000030170000000,425,,,,,68.444,0.058,
fleet_depot,parcel_50070007200000040040000000,835,,,,,472.889,0.403,
fleet_depot,parcel_50070007200000040050000000,464,,,,,236.444,0.201,
fleet_depot,parcel_50070007200000040130000000,484,,,,,261.333,0.223,
fleet_depot,parcel_50070007200000040100000000,484,,,,,105.778,0.09,
fleet_depot,parcel_50070007100000060260000000,534,,,,,180.444,0.154,
fleet_depot,parcel_50070007100000060230000000,484,,,,,68.444,0.058,
fleet_depot,parcel_50070007100000060210000000,438,,,,,0.0,0.0,
fleet_depot,parcel_50070007100000060060000000,632,,,,,510.222,0.434,
fleet_depot,parcel_50070007100000060200000000,465,,,,,74.667,0.064,
fleet_depot,parcel_50070007100000050200000000,438,,,,,0.0,0.0,
fleet_depot,parcel_50070008000000010060000000,620,,,,,130.667,0.111,
fleet_depot,parcel_50070008000000010050000000,620,,,,,0.0,0.0,
fleet_depot,parcel_50070008000000040150000000,449,,,,,342.222,0.291,
fleet_depot,parcel_50070008000000060030000000,483,,,,,180.444,0.154,
fleet_depot,parcel_50070008000000050150000000,681,,,,,360.889,0.307,
fleet_depot,parcel_50070007100000050130000000,425,,,,,186.667,0.159,
fleet_depot,parcel_50070007100000090020000000,484,,,,,236.444,0.201,
fleet_depot,parcel_50070007100000090050000000,483,,,,,130.667,0.111,
fleet_depot,parcel_50070007100000100010000000,471,,,,,217.778,0.185,
fleet_depot,parcel_50070007100000100040000000,632,,,,,105.778,0.09,
fleet_depot,parcel_50070007100000100020000000,464,,,,,136.889,0.117,
fleet_depot,parcel_50070007100000040070000000,483,,,,,180.444,0.154,
fleet_depot,parcel_50070007100000040090000000,483,,,,,124.444,0.106,
fleet_depot,parcel_50070007100000040100000000,464,,,,,74.667,0.064,
fleet_depot,parcel_50070007100000040080000000,483,,,,,155.556,0.132,
fleet_depot,parcel_50070007100000040060000000,471,,,,,311.111,0.265,
fleet_depot,parcel_50070007000000060190000000,438,,,,,0.0,0.0,
fleet_depot,parcel_50070007000000060200000000,438,,,,,0.0,0.0,
fleet_depot,parcel_50070007000000060030000000,482,,,,,858.667,0.731,
fleet_depot,parcel_50070007000000060010020000,534,,,,,304.889,0.26,
fleet_depot,parcel_50070007000000060020000000,464,,,,,864.889,0.736,
fleet_depot,parcel_50070007100000040010020000,653,,,,,0.0,0.0,
fleet_depot,parcel_50070007100000040010010000,465,,,,,211.556,0.18,
fleet_depot,parcel_50070007100000030050000000,438,,,,,0.0,0.0,
fleet_depot,parcel_50070007100000030030000000,483,,,,,224.0,0.191,
fleet_depot,parcel_50070007100000020120000000,620,,,,,348.444,0.297,
fleet_depot,parcel_50070007100000030070000000,464,,,,,336.0,0.286,
fleet_depot,parcel_50070007100000050120000000,464,,,,,248.889,0.212,
fleet_depot,parcel_50070007100000050110000000,483,,,,,124.444,0.106,
fleet_depot,parcel_50070007100000050100000000,465,,,,,149.333,0.127,
fleet_depot,parcel_50070007100000050080000000,662,,,,,815.111,0.694,
fleet_depot,parcel_50070007100000050090000000,483,,,,,136.889,0.117,
fleet_depot,parcel_50070007100000020150000000,464,,,,,236.444,0.201,
fleet_depot,parcel_50070007100000050070000000,483,,,,,105.778,0.09,
fleet_depot,parcel_50070007100000050170020000,425,,,,,373.333,0.318,
fleet_depot,parcel_50070007100000050050000000,438,,,,,0.0,0.0,
fleet_depot,parcel_50070007100000050040000000,438,,,,,0.0,0.0,
fleet_depot,parcel_50070007100000020180000000,482,,,,,311.111,0.265,
fleet_depot,parcel_50070007100000020190000000,465,,,,,354.667,0.302,
fleet_depot,parcel_50070007100000020050000000,652,,,,,3005.333,2.559,
fleet_depot,parcel_50070006000000050120000000,465,,,,,130.667,0.111,
fleet_depot,parcel_50070006000000020050040000,483,,,,,248.889,0.212,
fleet_depot,parcel_50070006000000020080000000,612,,,,,3204.444,2.728,
fleet_depot,parcel_50070006000000030090010000,483,,,,,192.889,0.164,
fleet_depot,parcel_50070006000000030100000000,483,,,,,105.778,0.09,
fleet_depot,parcel_50070006100000010120000000,464,,,,,180.444,0.154,
fleet_depot,parcel_50070006100000010110000000,465,,,,,466.667,0.397,
fleet_depot,parcel_50070006100000010100000000,483,,,,,136.889,0.117,
fleet_depot,parcel_50070006100000060050000000,438,,,,,0.0,0.0,
fleet_depot,parcel_50070006100000060060000000,438,,,,,0.0,0.0,
fleet_depot,parcel_50070006100000060100000000,484,,,,,24.889,0.021,
fleet_depot,parcel_50070006100000060130000000,620,,,,,398.222,0.339,
fleet_depot,parcel_50070006100000060150000000,483,,,,,99.556,0.085,
fleet_depot,parcel_50070006100000060010000000,464,,,,,161.778,0.138,
fleet_depot,parcel_50070006000000040070000000,484,,,,,118.222,0.101,
fleet_depot,parcel_50070006000000040060000000,484,,,,,74.667,0.064,
fleet_depot,parcel_50070007000000010150000000,482,,,,,360.889,0.307,
fleet_depot,parcel_50070007000000010160000000,620,,,,,0.0,0.0,
fleet_depot,parcel_50070007000000010020000000,483,,,,,136.889,0.117,
fleet_depot,parcel_50070007000000010010000000,620,,,,,472.889,0.403,
fleet_depot,parcel_50070007000000010130000000,438,,,,,0.0,0.0,
fleet_depot,parcel_50070007000000010120000000,438,,,,,0.0,0.0,
fleet_depot,parcel_50070007000000060040000000,421,,,,,80.889,0.069,
fleet_depot,parcel_50070007000000010110020000,482,,,,,273.778,0.233,
fleet_depot,parcel_50070007000000010100000000,481,,,,,616.0,0.524,
fleet_depot,parcel_50070007000000010090000000,481,,,,,224.0,0.191,
fleet_depot,parcel_50070007000000060150000000,482,,,,,485.333,0.413,
fleet_depot,parcel_50070007000000060070000000,481,,,,,174.222,0.148,
fleet_depot,parcel_50070007000000060050020000,511,,,,,1505.778,1.282,
fleet_depot,parcel_50070007000000060080000000,481,,,,,211.556,0.18,
fleet_depot,parcel_50070007000000010060000000,481,,,,,404.444,0.344,
fleet_depot,parcel_50070007000000020370000000,481,,,,,385.778,0.328,
fleet_depot,parcel_50070007000000020360000000,481,,,,,236.444,0.201,
fleet_depot,parcel_50070007000000020350000000,481,,,,,261.333,0.223,
fleet_depot,parcel_50070007000000010050000000,481,,,,,572.444,0.487,
fleet_depot,parcel_50070007000000010080000000,482,,,,,528.889,0.45,
fleet_depot,parcel_50070007000000010030000000,464,,,,,1269.333,1.081,
fleet_depot,parcel_50070007000000020380000000,482,,,,,336.0,0.286,
fleet_depot,parcel_50070007000000020310000000,484,,,,,460.444,0.392,
fleet_depot,parcel_50070007000000020290000000,481,,,,,491.556,0.419,
fleet_depot,parcel_50070007000000020280000000,481,,,,,161.778,0.138,
fleet_depot,parcel_50070007000000020040000000,464,,,,,74.667,0.064,
fleet_depot,parcel_50070007000000020030010000,464,,,,,118.222,0.101,
fleet_depot,parcel_50070007000000020340000000,481,,,,,927.111,0.789,
fleet_depot,parcel_50070006100000050110000000,463,,,,,4386.667,3.735,
fleet_depot,parcel_50070006100000060070000000,620,,,,,634.667,0.54,
fleet_depot,parcel_50070006100000060080000000,534,,,,,280.0,0.238,
fleet_depot,parcel_50070006100000020100010000,464,,,,,280.0,0.238,
fleet_depot,parcel_50070006100000020080000000,461,,,,,379.556,0.323,
fleet_depot,parcel_50070006100000050010000000,452,,,,,5463.111,4.651,
fleet_depot,parcel_50070006100000050030000000,482,,,,,168.0,0.143,
fleet_depot,parcel_50070006100000050040000000,482,,,,,118.222,0.101,
fleet_depot,parcel_50070006100000050050000000,462,,,,,12.444,0.011,
fleet_depot,parcel_50070006100000050060000000,438,,,,,0.0,0.0,
fleet_depot,parcel_50070006100000050100000000,414,,,,,8642.667,7.359,
fleet_depot,parcel_50070006100000050070000000,831,,,,,939.556,0.8,
fleet_depot,parcel_50070006100000020040000000,652,,,,,3353.778,2.855,
fleet_depot,parcel_50070006100000020060000000,464,,,,,304.889,0.26,
fleet_depot,parcel_50070006100000030140000000,464,,,,,1375.111,1.171,
fleet_depot,parcel_50070006100000030160000000,483,,,,,174.222,0.148,
fleet_depot,parcel_50070006100000030100000000,464,,,,,815.111,0.694,
fleet_depot,parcel_50070006100000030120000000,620,,,,,790.222,0.673,
fleet_depot,parcel_50070006100000030090000000,438,,,,,0.0,0.0,
fleet_depot,parcel_50070006100000030080000000,438,,,,,0.0,0.0,
fleet_depot,parcel_50070006100000030210000000,464,,,,,199.111,0.17,
fleet_depot,parcel_50070006100000030190000000,464,,,,,130.667,0.111,
fleet_depot,parcel_50070006100000030200000000,483,,,,,186.667,0.159,
fleet_depot,parcel_50070006100000030220000000,483,,,,,155.556,0.132,
fleet_depot,parcel_50070004900000020080000000,620,,,,,199.111,0.17,
fleet_depot,parcel_50070004900000020090000000,620,,,,,342.222,0.291,
fleet_depot,parcel_50070004900000020130000000,483,,,,,180.444,0.154,
fleet_depot,parcel_50070006100000020030000000,620,,,,,541.333,0.461,
fleet_depot,parcel_50070006100000020110000000,590,,,,,0.0,0.0,
fleet_depot,parcel_50070006100000020010000000,620,,,,,1064.0,0.906,
fleet_depot,parcel_50070004900000010160000000,483,,,,,180.444,0.154,
fleet_depot,parcel_50070005000000040200000000,483,,,,,180.444,0.154,
fleet_depot,parcel_50070004900000010150000000,482,,,,,112.0,0.095,
fleet_depot,parcel_50070004900000010230000000,483,,,,,143.111,0.122,
fleet_depot,parcel_50070005000000040210000000,464,,,,,149.333,0.127,
fleet_depot,parcel_50070005000000040260000000,464,,,,,224.0,0.191,
fleet_depot,parcel_50070006100000010030000000,465,,,,,230.222,0.196,
fleet_depot,parcel_50070006100000010020000000,483,,,,,211.556,0.18,
fleet_depot,parcel_50070006000000020070020000,591,,,,,0.0,0.0,
fleet_depot,parcel_50070006000000020070010000,615,,,,,902.222,0.768,
fleet_depot,parcel_50070006000000020050010000,612,,,,,441.778,0.376,
fleet_depot,parcel_50070006000000020050220000,465,,,,,454.222,0.387,
fleet_depot,parcel_50070005000000010160000000,438,,,,,0.0,0.0,
fleet_depot,parcel_50070005000000030260000000,620,,,,,118.222,0.101,
fleet_depot,parcel_50070003400000010010000000,483,,,,,143.111,0.122,
fleet_depot,parcel_50070004500000030010000000,590,,,,,0.0,0.0,
fleet_depot,parcel_50070004600000010010000000,485,,,,,43.556,0.037,
fleet_depot,parcel_50070004600000010170000000,482,,,,,392.0,0.334,
fleet_depot,parcel_50070004600000010150000000,465,,,,,261.333,0.223,
fleet_depot,parcel_50070004600000070010000000,438,,,,,0.0,0.0,
fleet_depot,parcel_50070004900000010010000000,483,,,,,242.667,0.207,
fleet_depot,parcel_50070004900000020030000000,464,,,,,161.778,0.138,
fleet_depot,parcel_50070004600000060150000000,620,,,,,105.778,0.09,
fleet_depot,parcel_50070004600000060030000000,483,,,,,149.333,0.127,
fleet_depot,parcel_50070004600000060090000000,438,,,,,0.0,0.0,
fleet_depot,parcel_50070004600000060080000000,483,,,,,80.889,0.069,
fleet_depot,parcel_50070004900000040010000000,464,,,,,174.222,0.148,
fleet_depot,parcel_50070004900000020040000000,464,,,,,74.667,0.064,
fleet_depot,parcel_50070004900000020060220000,438,,,,,0.0,0.0,
fleet_depot,parcel_50070004900000040070000000,483,,,,,292.444,0.249,
fleet_depot,parcel_50070004900000040090000000,464,,,,,74.667,0.064,
fleet_depot,parcel_50070004900000040100000000,464,,,,,136.889,0.117,
fleet_depot,parcel_50070004900000040050000000,620,,,,,1076.444,0.917,
fleet_depot,parcel_50070006100000030050000000,464,,,,,99.556,0.085,
fleet_depot,parcel_50070006100000030040000000,464,,,,,99.556,0.085,
fleet_depot,parcel_50070006100000030060000000,483,,,,,112.0,0.095,
fleet_depot,parcel_50070006200000010160000000,464,,,,,248.889,0.212,
fleet_depot,parcel_50070006200000010170000000,483,,,,,124.444,0.106,
fleet_depot,parcel_50070004900000060070000000,483,,,,,105.778,0.09,
fleet_depot,parcel_50070004900000060050000000,483,,,,,118.222,0.101,
fleet_depot,parcel_50070004800000030010000000,620,,,,,105.778,0.09,
fleet_depot,parcel_50070004900000050060000000,438,,,,,0.0,0.0,
fleet_depot,parcel_50070004900000050110000000,464,,,,,174.222,0.148,
fleet_depot,parcel_50070004700000030020000000,695,,,,,0.0,0.0,
fleet_depot,parcel_50070004600000040010000000,464,,,,,192.889,0.164,
fleet_depot,parcel_50070004700000040020000000,438,,,,,0.0,0.0,
fleet_depot,parcel_50070003200000030040000000,613,,,,,379.556,0.323,
fleet_depot,parcel_50070002900000010070000000,620,,,,,404.444,0.344,
fleet_depot,parcel_50070003200000030110000000,438,,,,,0.0,0.0,
fleet_depot,parcel_50070002800000030050020000,438,,,,,0.0,0.0,
fleet_depot,parcel_50070002800000020010000000,612,,,,,1729.778,1.473,
fleet_depot,parcel_50070001200000030100000000,438,,,,,0.0,0.0,
fleet_depot,parcel_50070001200000030090000000,438,,,,,0.0,0.0,
fleet_depot,parcel_50070001200000030110000000,425,,,,,174.222,0.148,
fleet_depot,parcel_50070001200000050010000000,483,,,,,143.111,0.122,
fleet_depot,parcel_50070001200000050050000000,484,,,,,68.444,0.058,
fleet_depot,parcel_50070001200000050040000000,483,,,,,242.667,0.207,
fleet_depot,parcel_50070001400000040130000000,484,,,,,43.556,0.037,
fleet_depot,parcel_50070002700000040110000000,484,,,,,62.222,0.053,
fleet_depot,parcel_50070003400000050010000000,483,,,,,180.444,0.154,
fleet_depot,parcel_50070002700000010040000000,457,,,,,93.333,0.079,
fleet_depot,parcel_50070002600000040010000000,591,,,,,0.0,0.0,
fleet_depot,parcel_50070003500000030030010000,438,,,,,0.0,0.0,
fleet_depot,parcel_50070003500000020050000000,620,,,,,205.333,0.175,
fleet_depot,parcel_50070002500000030010220000,590,,,,,0.0,0.0,
fleet_depot,parcel_50070002600000020080000000,482,,,,,1256.889,1.07,
fleet_depot,parcel_50070001500000010080000000,642,,,,,211.556,0.18,
fleet_depot,parcel_50070001500000040010000000,464,,,,,584.889,0.498,
fleet_depot,parcel_50070001600000010080000000,710,,,,,485.333,0.413,
fleet_depot,parcel_50070001600000010040010000,438,,,,,0.0,0.0,
fleet_depot,parcel_50070001600000010030000000,651,,,,,4635.556,3.947,
fleet_depot,parcel_50070001600000010120010000,485,,,,,572.444,0.487,
fleet_depot,parcel_50070001300000020080000000,438,,,,,0.0,0.0,
fleet_depot,parcel_50070001300000020090000000,620,,,,,211.556,0.18,
fleet_depot,parcel_50070001400000040160000000,438,,,,,0.0,0.0,
fleet_depot,parcel_50070001400000040010000000,620,,,,,404.444,0.344,
fleet_depot,parcel_50070001200000020190000000,421,,,,,105.778,0.09,
fleet_depot,parcel_50070001200000020010000000,484,,,,,472.889,0.403,
fleet_depot,parcel_50070000500000020100020000,438,,,,,0.0,0.0,
fleet_depot,parcel_50070000200000020020000000,590,,,,,136.889,0.117,
fleet_depot,parcel_50070000200000020070000000,593,,,,,0.0,0.0,
fleet_depot,parcel_50070002400000010010020000,650,,,,,255.111,0.217,
fleet_depot,parcel_50070001700000010010030000,570,,,,,392.0,0.334,
fleet_depot,parcel_50070001700000010010020000,465,,,,,2812.444,2.395,
fleet_depot,parcel_50070001700000010020000000,485,,,,,323.556,0.275,
fleet_depot,parcel_50070001600000010050020000,480,,,,,410.667,0.35,
fleet_depot,parcel_50070001600000010050010000,484,,,,,242.667,0.207,
fleet_depot,parcel_50070001600000010060000000,710,,,,,211.556,0.18,
fleet_depot,parcel_50070002500000020010010000,615,,,,,242.667,0.207,
fleet_depot,parcel_50070002500000040010000000,650,,,,,1269.333,1.081,
fleet_depot,parcel_50070002500000040020020000,591,,,,,0.0,0.0,
fleet_depot,parcel_50070002500000040040000000,438,,,,,0.0,0.0,
fleet_depot,parcel_50070002500000050010000000,452,,,,,435.556,0.371,
fleet_depot,parcel_50070002500000050030000000,541,,,,,802.667,0.683,
fleet_depot,parcel_50070002500000050040010000,484,,,,,118.222,0.101,
fleet_depot,parcel_50070002500000010050000000,650,,,,,0.0,0.0,
fleet_depot,parcel_50070002500000010080000000,454,,,,,858.667,0.731,
fleet_depot,parcel_50070002300000010020000000,650,,,,,0.0,0.0,
fleet_depot,parcel_50070003700000010010000000,485,,,,,703.111,0.599,
fleet_depot,parcel_50070003600000010040000000,456,,,,,1095.111,0.932,
fleet_depot,parcel_50070003600000010030510000,465,,,,,2974.222,2.532,
fleet_depot,parcel_50070002300000010010000000,455,,,,,1182.222,1.007,
fleet_depot,parcel_50070002200000020010000000,650,,,,,0.0,0.0,
fleet_depot,parcel_50070000200000010010020000,556,,,,,1592.889,1.356,
fleet_depot,parcel_50070002100000040040010000,650,,,,,0.0,0.0,
fleet_depot,parcel_50070002100000040010020000,465,,,,,541.333,0.461,
fleet_depot,parcel_50070000200000010010030000,650,,,,,0.0,0.0,
fleet_depot,parcel_50070000200000010010010000,570,,,,,323.556,0.275,
fleet_depot,parcel_50070000200000020040000000,650,,,,,0.0,0.0,
fleet_depot,parcel_50070000200000020050000000,650,,,,,0.0,0.0,
fleet_depot,parcel_50070000100000010150000000,650,,,,,927.111,0.789,
fleet_depot,parcel_50070000500000010010000000,612,,,,,11865.778,10.103,
fleet_depot,parcel_50070000600000010010000000,695,,,,,0.0,0.0,
fleet_depot,parcel_50070001200000020030000000,590,,,,,0.0,0.0,
fleet_depot,parcel_50070001200000070010000000,590,,,,,0.0,0.0,
fleet_depot,parcel_50070001100000030010210000,590,,,,,0.0,0.0,
fleet_depot,parcel_50070002900000040030000000,438,,,,,0.0,0.0,
fleet_depot,parcel_50070002900000030100000000,438,,,,,0.0,0.0,
fleet_depot,parcel_50070002900000030080000000,613,,,,,404.444,0.344,
fleet_depot,parcel_50070002900000030090000000,438,,,,,0.0,0.0,
fleet_depot,parcel_50070001000000020030000000,483,,,,,74.667,0.064,
fleet_depot,parcel_50070000900000050010000000,464,,,,,404.444,0.344,
fleet_depot,parcel_50070000900000060030000000,613,,,,,0.0,0.0,
fleet_depot,parcel_50070000900000060040000000,438,,,,,0.0,0.0,
fleet_depot,parcel_50070000900000060110000000,438,,,,,0.0,0.0,
fleet_depot,parcel_50070000900000060100000000,613,,,,,1014.222,0.864,
fleet_depot,parcel_50070000800000010080000000,438,,,,,0.0,0.0,
fleet_depot,parcel_50070000900000070010000000,613,,,,,528.889,0.45,
fleet_depot,parcel_50070000900000070030000000,692,,,,,0.0,0.0,
fleet_depot,parcel_50070000900000070080000000,613,,,,,0.0,0.0,
fleet_depot,parcel_50070000900000070070000000,613,,,,,0.0,0.0,
fleet_depot,parcel_50070003000000010010020000,613,,,,,197624.0,168.262,
fleet_depot,parcel_50070006500000030010010000,613,,,,,5382.222,4.583,
fleet_depot,parcel_50070006500000030030000000,613,,,,,2376.889,2.024,
fleet_depot,parcel_50070006500000030060000000,432,,,,,31.111,0.026,
fleet_depot,parcel_50070000400000020010000000,822,,,,,0.0,0.0,
fleet_depot,parcel_50070000300000010140000000,822,,,,,0.0,0.0,
fleet_depot,parcel_50070005600000010010000000,650,,,,,0.0,0.0,
fleet_depot,parcel_50070007600000020170000000,650,,,,,12.444,0.011,
fleet_depot,parcel_50070009900000020030000000,484,,,,,74.667,0.064,
fleet_depot,parcel_50070009900000010090000000,484,,,,,112.0,0.095,
fleet_depot,parcel_50070052500000060010000000,842,,,,,0.0,0.0,
fleet_depot,parcel_50070012700000010040000000,692,,,,,0.0,0.0,
fleet_depot,parcel_50070012600000010020020000,652,,,,,1680.0,1.43,
fleet_depot,parcel_50070012600000010030020000,431,,,,,3216.889,2.739,
fleet_depot,parcel_50070013000000020010110000,452,,,,,902.222,0.768,
fleet_depot,parcel_50070013000000020010120000,426,,,,,99.556,0.085,
fleet_depot,parcel_50070013000000020010130000,426,,,,,118.222,0.101,
fleet_depot,parcel_50070013000000020010020000,433,,,,,472.889,0.403,
fleet_depot,parcel_50070013100000010060020000,452,,,,,852.444,0.726,
fleet_depot,parcel_50070013100000010060010000,453,,,,,4517.333,3.846,
fleet_depot,parcel_50070013100000010060020001,452,,,,,3198.222,2.723,
fleet_depot,parcel_50070013100000010060030000,461,,,,,155.556,0.132,
fleet_depot,parcel_50070013100000010030000000,692,,,,,0.0,0.0,
fleet_depot,parcel_50070013100000010020000000,485,,,,,186.667,0.159,
fleet_depot,parcel_50070013000000040070020000,692,,,,,0.0,0.0,
fleet_depot,parcel_50308906100000010080120000,590,,,,,0.0,0.0,
fleet_depot,parcel_50308905700000020010010000,590,,,,,0.0,0.0,
fleet_depot,parcel_50308905700000020010020000,590,,,,,0.0,0.0,
fleet_depot,parcel_50308905700000010080440000,591,,,,,0.0,0.0,
fleet_depot,parcel_50308905100000010020000000,590,,,,,0.0,0.0,
fleet_depot,parcel_50308904800000010150000000,590,,,,,0.0,0.0,
fleet_depot,parcel_50308904600000010090000000,695,,,,,0.0,0.0,
fleet_depot,parcel_50308905500000010010000000,822,,,,,0.0,0.0,
fleet_depot,parcel_50308904400000010050010000,822,,,,,0.0,0.0,
fleet_depot,parcel_50308904900000010250000000,872,,,,,0.0,0.0,
fleet_depot,parcel_50308904700000010110030000,632,,,,,728.0,0.62,
fleet_depot,parcel_50308904500000010020010000,822,,,,,0.0,0.0,
fleet_depot,parcel_50308903600000030010010000,620,,,,,224.0,0.191,
fleet_depot,parcel_50308904300000020100000000,620,,,,,1039.111,0.885,
fleet_depot,parcel_50308903600000010040050000,414,,,,,2028.444,1.727,
fleet_depot,parcel_50308904300000010030050000,612,,,,,640.889,0.546,
fleet_depot,parcel_50308904300000020070000000,612,,,,,99.556,0.085,
fleet_depot,parcel_50308904300000020020020000,486,,,,,161.778,0.138,
fleet_depot,parcel_50308904300000010050000000,484,,,,,846.222,0.72,
fleet_depot,parcel_50308903900000010160010000,422,,,,,43.556,0.037,
fleet_depot,parcel_50308903900000010170000000,457,,,,,74.667,0.064,
fleet_depot,parcel_50308903700100010090000099,837,,,,,0.0,0.0,
fleet_depot,parcel_50308903700100010090000000,415,,,,,1897.778,1.616,
fleet_depot,parcel_50308903800000030090000000,695,,,,,0.0,0.0,
fleet_depot,parcel_50308903900000010010320000,613,,,,,0.0,0.0,
fleet_depot,parcel_50308903900000010010310000,633,,,,,6720.0,5.722,
fleet_depot,parcel_50308904100000010300070000,662,,,,,423.111,0.36,
fleet_depot,parcel_50308903900000010010220000,710,,,,,9968.0,8.487,
fleet_depot,parcel_50308903900000010010010000,464,,,,,3092.444,2.633,
fleet_depot,parcel_50308904400000010030000000,613,,,,,0.0,0.0,
fleet_depot,parcel_50308904100000010300020000,613,,,,,102797.333,87.524,
fleet_depot,parcel_50308904100000010300020993,837,,,,,0.0,0.0,
fleet_depot,parcel_50308904100000010300020991,837,,,,,0.0,0.0,
fleet_depot,parcel_50308904100000010300020992,837,,,,,0.0,0.0,
fleet_depot,parcel_50308904400000010043130000,613,,,,,0.0,0.0,
fleet_depot,parcel_50308904400000010043140000,590,,,,,0.0,0.0,
fleet_depot,parcel_50308904400200010020000000,642,,,,,354.667,0.302,
fleet_depot,parcel_50308904400000011230000000,822,,,,,0.0,0.0,
fleet_depot,parcel_50308904400000011250000000,590,,,,,0.0,0.0,
fleet_depot,parcel_50308904400000011220020000,590,,,,,0.0,0.0,
fleet_depot,parcel_50308905000000010050060000,822,,,,,18.667,0.016,
fleet_depot,parcel_50308905300000010220030000,590,,,,,0.0,0.0,
fleet_depot,parcel_50308905800000020220030000,620,,,,,118.222,0.101,
fleet_depot,parcel_50308905800000020280000000,485,,,,,155.556,0.132,
fleet_depot,parcel_50308905700000010100000000,822,,,,,0.0,0.0,
fleet_depot,parcel_50308905800000020040000000,620,,,,,392.0,0.334,
fleet_depot,parcel_50308905800000020390700000,591,,,,,0.0,0.0,
fleet_depot,parcel_50308905800000020390030000,620,,,,,230.222,0.196,
fleet_depot,parcel_50308906000000010190000000,590,,,,,0.0,0.0,
fleet_depot,parcel_50308905800000010040000000,822,,,,,0.0,0.0,
fleet_depot,parcel_50308905300000010220020000,590,,,,,0.0,0.0,
fleet_depot,parcel_50308905400000020010000000,710,,,,,6464.889,5.504,
fleet_depot,parcel_50308905900000020250020000,590,,,,,0.0,0.0,
fleet_depot,parcel_50308905900000020250010000,590,,,,,0.0,0.0,
fleet_depot,parcel_50308905400000020130000000,822,,,,,24.889,0.021,
fleet_depot,parcel_50308905400000070500000000,590,,,,,0.0,0.0,
fleet_depot,parcel_50308904000000040020000000,486,,,,,304.889,0.26,
fleet_depot,parcel_50308904000000030090020000,464,,,,,118.222,0.101,
fleet_depot,parcel_50308904000000030030000000,710,,,,,0.0,0.0,
fleet_depot,parcel_50308901800000020100000000,465,,,,,304.889,0.26,
fleet_depot,parcel_50308901800000010010010000,853,,,,,0.0,0.0,
fleet_depot,parcel_50308901700000010010020000,612,,,,,5382.222,4.583,
fleet_depot,parcel_50308901600000010050000000,612,,,,,0.0,0.0,
fleet_depot,parcel_50308901600000010030000000,433,,,,,80.889,0.069,
fleet_depot,parcel_50308901600000020050000000,695,,,,,68.444,0.058,
fleet_depot,parcel_50308907100000070010000000,553,,,,,0.0,0.0,
fleet_depot,parcel_50308906800000010010020000,553,,,,,703.111,0.599,
fleet_depot,parcel_50308907100000010100030000,620,,,,,0.0,0.0,
fleet_depot,parcel_50308907100000010100020000,620,,,,,746.667,0.636,
fleet_depot,parcel_50308906900000010010000000,610,,,,,0.0,0.0,
fleet_depot,parcel_50308906500000010050010000,613,,,,,696.889,0.593,
fleet_depot,parcel_50308906500000010050030000,613,,,,,802.667,0.683,
fleet_depot,parcel_50308906500000010050040000,615,,,,,354.667,0.302,
fleet_depot,parcel_50308906600000030140000000,613,,,,,0.0,0.0,
fleet_depot,parcel_50308906700000010100010000,613,,,,,572.444,0.487,
fleet_depot,parcel_50308906700000010100040000,613,,,,,0.0,0.0,
fleet_depot,parcel_50308906700000010120000000,613,,,,,1630.222,1.388,
fleet_depot,parcel_50308906600000010060000000,483,,,,,186.667,0.159,
fleet_depot,parcel_50308906600000040020000000,613,,,,,0.0,0.0,
fleet_depot,parcel_50308906700000010080000000,613,,,,,248.889,0.212,
fleet_depot,parcel_50308906600000030170000000,620,,,,,68.444,0.058,
fleet_depot,parcel_50308906600000020150000000,590,,,,,0.0,0.0,
fleet_depot,parcel_50308906800000010090000000,552,,,,,522.667,0.445,
fleet_depot,parcel_50308906700000010040000000,613,,,,,0.0,0.0,
fleet_depot,parcel_50308906700000010020010000,613,,,,,0.0,0.0,
fleet_depot,parcel_50308906700000010010010000,613,,,,,0.0,0.0,
fleet_depot,parcel_50308906700000010030020000,613,,,,,199.111,0.17,
fleet_depot,parcel_50308906700000010060000000,613,,,,,802.667,0.683,
fleet_depot,parcel_50308905900000020160000000,484,,,,,56.0,0.048,
fleet_depot,parcel_50308906000000010010000000,590,,,,,0.0,0.0,
fleet_depot,parcel_50308906000000010020000000,464,,,,,721.778,0.615,
fleet_depot,parcel_50308906300000020150000000,822,,,,,0.0,0.0,
fleet_depot,parcel_50308906300000010050000000,613,,,,,0.0,0.0,
fleet_depot,parcel_50308906300000010080010000,613,,,,,10167.111,8.657,
fleet_depot,parcel_50308906300000010070000000,449,,,,,864.889,0.736,
fleet_depot,parcel_50308906700000010130010000,613,,,,,4349.333,3.703,
fleet_depot,parcel_50308906700000010130020000,613,,,,,0.0,0.0,
fleet_depot,parcel_50308906300000010010000000,613,,,,,6527.111,5.557,
fleet_depot,parcel_50308906300000010020040000,613,,,,,186.667,0.159,
fleet_depot,parcel_50308906700000010100020000,613,,,,,5824.0,4.959,
fleet_depot,parcel_50308906700000010100050000,613,,,,,5432.0,4.625,
fleet_depot,parcel_50308906700000010110000000,650,,,,,1319.111,1.123,
fleet_depot,parcel_50308906700000010100030000,610,,,,,5830.222,4.964,
fleet_depot,parcel_50308906300000010020020000,613,,,,,3490.667,2.972,
fleet_depot,parcel_50308906300000010030010000,613,,,,,0.0,0.0,
fleet_depot,parcel_50308906300000010120000000,613,,,,,0.0,0.0,
fleet_depot,parcel_50308906700000010100060000,613,,,,,17584.0,14.971,
fleet_depot,parcel_50308906300000010030030000,613,,,,,709.333,0.604,
fleet_depot,parcel_50308906400000010010000000,613,,,,,4131.556,3.518,
fleet_depot,parcel_50308906300000010100000000,613,,,,,248.889,0.212,
fleet_depot,parcel_50308906300000010030040000,464,,,,,3596.444,3.062,
fleet_depot,parcel_50308906200000020020000000,613,,,,,0.0,0.0,
fleet_depot,parcel_50308906200000020130010000,465,,,,,286.222,0.244,
fleet_depot,parcel_50308906200000020130070000,415,,,,,2152.889,1.833,
fleet_depot,parcel_50308906200000020011210000,452,,,,,5469.333,4.657,
fleet_depot,parcel_50308906200000020011250000,462,,,,,224.0,0.191,
fleet_depot,parcel_50308906200000020130060000,435,,,,,143.111,0.122,
fleet_depot,parcel_50308906300000020090000000,695,,,,,0.0,0.0,
fleet_depot,parcel_50308906200000020011230000,421,,,,,143.111,0.122,
fleet_depot,parcel_50308906200000010030220000,456,,,,,678.222,0.577,
fleet_depot,parcel_50308906200000020010130000,486,,,,,24.889,0.021,
fleet_depot,parcel_50308906200000010020010000,426,,,,,168.0,0.143,
fleet_depot,parcel_50308906000000010090020000,613,,,,,0.0,0.0,
fleet_depot,parcel_50308906000000010070000000,464,,,,,62.222,0.053,
fleet_depot,parcel_50308906000000010080010000,873,,,,,0.0,0.0,
fleet_depot,parcel_50308906000000010090010000,613,,,,,1561.778,1.33,
fleet_depot,parcel_50308906000000010080020000,613,,,,,2874.667,2.448,
fleet_depot,parcel_50308906200000020010220000,426,,,,,136.889,0.117,
fleet_depot,parcel_50308906200000020010210000,462,,,,,37.333,0.032,
fleet_depot,parcel_50308905700000010110130000,590,,,,,0.0,0.0,
fleet_depot,parcel_50308906000000010090030000,464,,,,,93.333,0.079,
fleet_depot,parcel_50308906100000010190000000,613,,,,,0.0,0.0,
fleet_depot,parcel_50308905700000010080560000,822,,,,,0.0,0.0,
fleet_depot,parcel_50308906100000010070010000,613,,,,,497.778,0.424,
fleet_depot,parcel_50308906100000010070020991,613,,,,,0.0,0.0,
fleet_depot,parcel_50308906100000010070020000,613,,,,,0.0,0.0,
fleet_depot,parcel_50308906100000010070020099,613,,,,,0.0,0.0,
fleet_depot,parcel_50308906200000020040000000,613,,,,,0.0,0.0,
fleet_depot,parcel_50308906400000010020020000,613,,,,,0.0,0.0,
fleet_depot,parcel_50308906200000020050000000,592,,,,,168.0,0.143,
fleet_depot,parcel_50308906500000010050050000,433,,,,,323.556,0.275,
fleet_depot,parcel_50308906500000010040010000,613,,,,,323.556,0.275,
fleet_depot,parcel_50308906400000010020010000,613,,,,,0.0,0.0,
fleet_depot,parcel_50308906500000010050020991,837,,,,,0.0,0.0,
fleet_depot,parcel_50308906500000010050020000,613,,,,,5475.556,4.662,
fleet_depot,parcel_50308906500000010050020992,837,,,,,0.0,0.0,
fleet_depot,parcel_50308906500000010050020993,837,,,,,0.0,0.0,
fleet_depot,parcel_50308907000000100020000000,822,,,,,0.0,0.0,
fleet_depot,parcel_50308907300000010030000000,613,,,,,0.0,0.0,
fleet_depot,parcel_50308907300000010010040000,612,,,,,1032.889,0.879,
fleet_depot,parcel_50308907300000010010310000,612,,,,,8555.556,7.284,
fleet_depot,parcel_50308907200000010100000000,650,,,,,0.0,0.0,
fleet_depot,parcel_50308907200000010110000000,612,,,,,2594.667,2.209,
fleet_depot,parcel_50308907200000010020020000,612,,,,,6079.111,5.176,
fleet_depot,parcel_50308907200000010011700000,620,,,,,746.667,0.636,
fleet_depot,parcel_50308907200000010012060000,692,,,,,0.0,0.0,
fleet_depot,parcel_50308901900000010050220000,613,,,,,510.222,0.434,
fleet_depot,parcel_50308952500000060010000000,842,,,,,0.0,0.0,
fleet_depot,parcel_50308902100000010080000000,870,,,,,0.0,0.0,
fleet_depot,parcel_50308902200000010010340000,692,,,,,0.0,0.0,
fleet_depot,parcel_50308902300000010111350000,862,,,,,0.0,0.0,
fleet_depot,parcel_50308902300000010400000000,590,,,,,0.0,0.0,
fleet_depot,parcel_50308902700000010240320000,440,,,,,448.0,0.381,
fleet_depot,parcel_50308902400000050010020000,710,,,,,1213.333,1.033,
fleet_depot,parcel_50308902700000010150020099,837,,,,,0.0,0.0,
fleet_depot,parcel_50308902400000010250230000,695,,,,,0.0,0.0,
fleet_depot,parcel_50308902400000040130000000,822,,,,,0.0,0.0,
fleet_depot,parcel_50308902400000040140220000,464,,,,,174.222,0.148,
fleet_depot,parcel_50308902400000030040000000,465,,,,,1244.444,1.06,
fleet_depot,parcel_50308902400000030024120000,465,,,,,1599.111,1.362,
fleet_depot,parcel_50308902400000040050010000,872,,,,,0.0,0.0,
fleet_depot,parcel_50308902400000040050040000,662,,,,,435.556,0.371,
fleet_depot,parcel_50308902400000030030040000,465,,,,,734.222,0.625,
fleet_depot,parcel_50308902600000040460010000,633,,,,,5376.0,4.577,
fleet_depot,parcel_50308902400000030030050000,614,,,,,553.778,0.472,
fleet_depot,parcel_50308902400000030030010000,615,,,,,1144.889,0.975,
fleet_depot,parcel_50308902400000030020010000,641,,,,,1686.222,1.436,
fleet_depot,parcel_50308902600000040420000000,620,,,,,168.0,0.143,
fleet_depot,parcel_50308902700000010110030000,633,,,,,3366.222,2.866,
fleet_depot,parcel_50308902600000030080020000,464,,,,,155.556,0.132,
fleet_depot,parcel_50308902700000010110050000,590,,,,,0.0,0.0,
fleet_depot,parcel_50308902700000010130150000,590,,,,,0.0,0.0,
fleet_depot,parcel_50308902700000010110060000,590,,,,,0.0,0.0,
fleet_depot,parcel_50308902800000010260240000,822,,,,,0.0,0.0,
fleet_depot,parcel_50308902800000010282260000,590,,,,,0.0,0.0,
fleet_depot,parcel_50308902900000060110000000,861,,,,,0.0,0.0,
fleet_depot,parcel_50308903100000020300000000,449,,,,,392.0,0.334,
fleet_depot,parcel_50308903200000010070000000,590,,,,,0.0,0.0,
fleet_depot,parcel_50308903300000010080000000,695,,,,,0.0,0.0,
fleet_depot,parcel_50308903300000010070010000,449,,,,,31.111,0.026,
fleet_depot,parcel_50308903300000020070010000,472,,,,,155.556,0.132,
fleet_depot,parcel_50308903300000030070000000,415,,,,,149.333,0.127,
fleet_depot,parcel_50308903300000020060220000,484,,,,,93.333,0.079,
fleet_depot,parcel_50308903500000010190000000,415,,,,,367.111,0.313,
fleet_depot,parcel_50308903500000010200000000,695,,,,,0.0,0.0,
fleet_depot,parcel_50308903300000030060000000,415,,,,,790.222,0.673,
fleet_depot,parcel_50308903300000020060010000,651,,,,,2128.0,1.812,
fleet_depot,parcel_50308903300000030010030000,590,,,,,0.0,0.0,
fleet_depot,parcel_50308903300000030050010000,484,,,,,149.333,0.127,
fleet_depot,parcel_50308903300000030030000000,484,,,,,230.222,0.196,
fleet_depot,parcel_50308903100000050010050000,822,,,,,0.0,0.0,
fleet_depot,parcel_50308903300000030020030000,449,,,,,317.333,0.27,
fleet_depot,parcel_50308903300000030020920000,449,,,,,454.222,0.387,
fleet_depot,parcel_50308903300000030020070000,449,,,,,230.222,0.196,
fleet_depot,parcel_50308903300000030020010000,484,,,,,441.778,0.376,
fleet_depot,parcel_50308903300000030020420000,484,,,,,112.0,0.095,
fleet_depot,parcel_50308903300000030020080000,449,,,,,560.0,0.477,
fleet_depot,parcel_50308903300000030020060000,449,,,,,280.0,0.238,
fleet_depot,parcel_50308903300000030020100000,714,,,,,1966.222,1.674,
fleet_depot,parcel_50308903100000040060010000,590,,,,,0.0,0.0,
fleet_depot,parcel_50308903100000040060020000,620,,,,,765.333,0.652,
fleet_depot,parcel_50308903100000010100010000,651,,,,,2495.111,2.124,
fleet_depot,parcel_50308903100000010100020000,612,,,,,454.222,0.387,
fleet_depot,parcel_50308903100000010050000000,695,,,,,0.0,0.0,
fleet_depot,parcel_50308903100000010060000000,695,,,,,0.0,0.0,
fleet_depot,parcel_50308903100000040020000000,633,,,,,124.444,0.106,
fleet_depot,parcel_50308903100000020250030099,837,,,,,0.0,0.0,
fleet_depot,parcel_50308903800000010030000000,449,,,,,205.333,0.175,
fleet_depot,parcel_50308903500000010100120000,484,,,,,224.0,0.191,
fleet_depot,parcel_50308903500000010070120000,441,,,,,80.889,0.069,
fleet_depot,parcel_50328904400000010500020089,613,,,,,0.0,0.0,
fleet_depot,parcel_50328904400000010500020000,613,,,,,2314.667,1.971,
fleet_depot,parcel_50328904400000010060000000,613,,,,,0.0,0.0,
fleet_depot,parcel_50328903900000010500140000,712,,,,,280.0,0.238,
fleet_depot,parcel_50328903900000010380190000,822,,,,,0.0,0.0,
fleet_depot,parcel_50328903900000010500120000,710,,,,,889.778,0.758,
fleet_depot,parcel_50328903900000010500080000,464,,,,,616.0,0.524,
fleet_depot,parcel_50328903900000010500060000,710,,,,,3328.889,2.834,
fleet_depot,parcel_50328903900000010500100000,710,,,,,3036.444,2.585,
fleet_depot,parcel_50328903900000010500050000,710,,,,,808.889,0.689,
fleet_depot,parcel_50328903900000010500030000,449,,,,,628.444,0.535,
fleet_depot,parcel_50328904400000010500030000,650,,,,,0.0,0.0,
fleet_depot,parcel_50328904400000010450010000,844,,,,,0.0,0.0,
fleet_depot,parcel_50328904400000010470000000,844,,,,,0.0,0.0,
fleet_depot,parcel_50328904400000010440020000,650,,,,,0.0,0.0,
fleet_depot,parcel_50328904400000010480000000,695,,,,,0.0,0.0,
fleet_depot,parcel_50328904400000010500010000,613,,,,,217.778,0.185,
fleet_depot,parcel_50328904400000010180000000,613,,,,,0.0,0.0,
fleet_depot,parcel_50328904400000010190000000,442,,,,,504.0,0.429,
fleet_depot,parcel_50328904400000010200030000,714,,,,,1393.778,1.187,
fleet_depot,parcel_50328904400000010530020000,710,,,,,0.0,0.0,
fleet_depot,parcel_50328904400000010530110000,710,,,,,8599.111,7.322,
fleet_depot,parcel_50328952500000060030000000,842,,,,,0.0,0.0,
fleet_depot,parcel_50328904200000010540010000,546,,,,,746.667,0.636,
fleet_depot,parcel_50328903700100060060060000,440,,,,,105.778,0.09,
fleet_depot,parcel_50328903700100060050000000,484,,,,,616.0,0.524,
fleet_depot,parcel_50328904200000010011300000,442,,,,,280.0,0.238,
fleet_depot,parcel_50328903700100060090000000,542,,,,,4392.889,3.74,
fleet_depot,parcel_50328903700100060030050000,484,,,,,80.889,0.069,
fleet_depot,parcel_50328904200000010200000000,455,,,,,205.333,0.175,
fleet_depot,parcel_50328904400000010380010000,822,,,,,0.0,0.0,
fleet_depot,parcel_50328904100000010110720000,590,,,,,0.0,0.0,
fleet_depot,parcel_50328904000000030350020000,822,,,,,0.0,0.0,
fleet_depot,parcel_50328904000000010100010000,620,,,,,0.0,0.0,
fleet_depot,parcel_50328904000000010010220000,484,,,,,379.556,0.323,
fleet_depot,parcel_50328903700100060030340000,455,,,,,161.778,0.138,
fleet_depot,parcel_50328903700100090150000000,433,,,,,56.0,0.048,
fleet_depot,parcel_50328903600000010080010000,448,,,,,0.0,0.0,
fleet_depot,parcel_50320104500100010550040000,613,,,,,4940.444,4.206,
fleet_depot,parcel_50320104500100010530220000,844,,,,,4013.333,3.417,
fleet_depot,parcel_50320104400100010530020000,438,,,,,0.0,0.0,
fleet_depot,parcel_50320104500200010460210000,461,,,,,964.444,0.821,
fleet_depot,parcel_50320104500200010460130000,464,,,,,504.0,0.429,
fleet_depot,parcel_50320104500200010460140000,465,,,,,348.444,0.297,
fleet_depot,parcel_50320104500200011150000000,590,,,,,0.0,0.0,
fleet_depot,parcel_50320104500200011160000000,590,,,,,0.0,0.0,
fleet_depot,parcel_50320104500200011120000000,590,,,,,0.0,0.0,
fleet_depot,parcel_50320104500200020270000000,650,,,,,0.0,0.0,
fleet_depot,parcel_50320104600100071000000000,682,,,,,0.0,0.0,
fleet_depot,parcel_50320104600100010060220000,712,,,,,0.0,0.0,
fleet_depot,parcel_50320104500100010510130000,710,,,,,3428.444,2.919,
fleet_depot,parcel_50320104600100010040020000,464,,,,,827.556,0.705,
fleet_depot,parcel_50320104600100010040030000,710,,,,,1207.111,1.028,
fleet_depot,parcel_50320104500100010520060000,449,,,,,1076.444,0.917,
fleet_depot,parcel_50320104400100010530110000,710,,,,,2775.111,2.363,
fleet_depot,parcel_50320104500100010520040000,464,,,,,808.889,0.689,
fleet_depot,parcel_50320104400100010531220000,710,,,,,10297.778,8.768,
fleet_depot,parcel_50320104500100010520320000,464,,,,,684.444,0.583,
fleet_depot,parcel_50320104500100010530210000,484,,,,,224.0,0.191,
fleet_depot,parcel_50320104500100010530030000,844,,,,,0.0,0.0,
fleet_depot,parcel_50320104500100010530060000,844,,,,,168.0,0.143,
fleet_depot,parcel_50320104500100010520050000,652,,,,,1624.0,1.383,
fleet_depot,parcel_50320104500100010530070000,844,,,,,678.222,0.577,
fleet_depot,parcel_50320104500100010550070000,822,,,,,0.0,0.0,
fleet_depot,parcel_50320104500100010550030000,613,,,,,1767.111,1.505,
fleet_depot,parcel_50320104500100010550060000,613,,,,,0.0,0.0,
fleet_depot,parcel_50320104500100010530010000,534,,,,,267.556,0.228,
fleet_depot,parcel_50320104500100010530110000,844,,,,,1088.889,0.927,
fleet_depot,parcel_50320104500100010530100000,464,,,,,416.889,0.355,
fleet_depot,parcel_50320104500100010530080000,844,,,,,1045.333,0.89,
fleet_depot,parcel_50320104500100010550200000,464,,,,,1848.0,1.573,
fleet_depot,parcel_50320104500100010550100000,613,,,,,0.0,0.0,
fleet_depot,parcel_50320104500100010530090099,837,,,,,0.0,0.0,
fleet_depot,parcel_50320104500100010530090000,662,,,,,584.889,0.498,
fleet_depot,parcel_50320104500100010550080000,464,,,,,3528.0,3.004,
fleet_depot,parcel_50320104500100010550140000,613,,,,,1555.556,1.324,
fleet_depot,parcel_50320104500100010550180000,464,,,,,964.444,0.821,
fleet_depot,parcel_50320104500100010550120000,464,,,,,927.111,0.789,
fleet_depot,parcel_50320104500100010550150000,613,,,,,846.222,0.72,
fleet_depot,parcel_50320104500100010550110000,464,,,,,958.222,0.816,
fleet_depot,parcel_50320104500100010550190000,414,,,,,3123.556,2.659,
fleet_depot,parcel_50320104500100010550020000,613,,,,,0.0,0.0,
fleet_depot,parcel_50320104500100010550130000,464,,,,,1151.111,0.98,
fleet_depot,parcel_50320104500100010520210000,464,,,,,1057.778,0.901,
fleet_depot,parcel_50320104500100010520220000,464,,,,,1879.111,1.6,
fleet_depot,parcel_50320104500100010550170000,464,,,,,846.222,0.72,
fleet_depot,parcel_50320104500100010550090000,464,,,,,528.889,0.45,
fleet_depot,parcel_50320104500100010550220000,464,,,,,1549.333,1.319,
fleet_depot,parcel_50320104500100010570030000,642,,,,,1549.333,1.319,
fleet_depot,parcel_50320104500100010570040000,642,,,,,435.556,0.371,
fleet_depot,parcel_50320104500100010570060000,642,,,,,591.111,0.503,
fleet_depot,parcel_50320104500100010570520000,642,,,,,441.778,0.376,
fleet_depot,parcel_50320104500100010570510000,642,,,,,634.667,0.54,
fleet_depot,parcel_50320104500100010590010000,465,,,,,777.778,0.662,
fleet_depot,parcel_50320104500100010550210000,613,,,,,1642.667,1.399,
fleet_depot,parcel_50320104600100060060210000,465,,,,,329.778,0.281,
fleet_depot,parcel_50320104600100060060110000,554,,,,,31.111,0.026,
fleet_depot,parcel_50320104600100060060030000,590,,,,,0.0,0.0,
fleet_depot,parcel_50320104600100060050410000,590,,,,,0.0,0.0,
fleet_depot,parcel_50320104600100060050060000,452,,,,,1742.222,1.483,
fleet_depot,parcel_50320104700100040110000000,462,,,,,124.444,0.106,
fleet_depot,parcel_50320104700100010200020000,415,,,,,3913.778,3.332,
fleet_depot,parcel_50320104700100010210010000,454,,,,,2227.556,1.897,
fleet_depot,parcel_50320104700100010210020000,452,,,,,964.444,0.821,
fleet_depot,parcel_50320104600100050040030000,426,,,,,118.222,0.101,
fleet_depot,parcel_50320104600100050040040000,415,,,,,1325.333,1.128,
fleet_depot,parcel_50320104600100060020020000,462,,,,,155.556,0.132,
fleet_depot,parcel_50320104600100060040030000,462,,,,,168.0,0.143,
fleet_depot,parcel_50320104600100060030000000,882,,,,,0.0,0.0,
fleet_depot,parcel_50320104600100060020320000,452,,,,,7385.778,6.288,
fleet_depot,parcel_50320104600100060020010000,414,,,,,3745.778,3.189,
fleet_depot,parcel_50320104600100060040010000,414,,,,,3279.111,2.792,
fleet_depot,parcel_50320104600100060050120000,431,,,,,920.889,0.784,
fleet_depot,parcel_50320104600100060050110000,431,,,,,1169.778,0.996,
fleet_depot,parcel_50320104600100010050020000,695,,,,,0.0,0.0,
fleet_depot,parcel_50320104600100050040020000,452,,,,,9414.222,8.016,
fleet_depot,parcel_50320104600100050040020099,837,,,,,0.0,0.0,
fleet_depot,parcel_50320104600100010070000000,484,,,,,298.667,0.254,
fleet_depot,parcel_50320104700300030010010000,464,,,,,143.111,0.122,
fleet_depot,parcel_50320104700300050010020000,464,,,,,93.333,0.079,
fleet_depot,parcel_50320104700300050010010000,464,,,,,199.111,0.17,
fleet_depot,parcel_50320104700300040010020000,464,,,,,74.667,0.064,
fleet_depot,parcel_50320104700300040010010000,464,,,,,93.333,0.079,
fleet_depot,parcel_50320104700300040010030000,464,,,,,93.333,0.079,
fleet_depot,parcel_50320104700300020010010000,464,,,,,93.333,0.079,
fleet_depot,parcel_50320104700300020010030000,464,,,,,68.444,0.058,
fleet_depot,parcel_50320104700300020010020000,464,,,,,93.333,0.079,
fleet_depot,parcel_50320104700300010010000000,464,,,,,292.444,0.249,
fleet_depot,parcel_50320104700100030050000000,465,,,,,323.556,0.275,
fleet_depot,parcel_50320104700100010170050000,434,,,,,136.889,0.117,
fleet_depot,parcel_50320104700100030060000000,465,,,,,68.444,0.058,
fleet_depot,parcel_50320104700300030010030000,464,,,,,74.667,0.064,
fleet_depot,parcel_50320104700300030010040000,464,,,,,74.667,0.064,
fleet_depot,parcel_50320104600100050040010000,462,,,,,112.0,0.095,
fleet_depot,parcel_50320104700100030080010000,432,,,,,74.667,0.064,
fleet_depot,parcel_50320104700100010220050000,451,,,,,1014.222,0.864,
fleet_depot,parcel_50320104700100010170070000,452,,,,,1748.444,1.489,
fleet_depot,parcel_50320104700100010170120000,465,,,,,267.556,0.228,
fleet_depot,parcel_50320104700100010170110000,464,,,,,112.0,0.095,
fleet_depot,parcel_50320104700100010170820000,426,,,,,186.667,0.159,
fleet_depot,parcel_50320104700100010170820099,837,,,,,0.0,0.0,
fleet_depot,parcel_50320104700100030010000000,464,,,,,404.444,0.344,
fleet_depot,parcel_50320104700100030040010000,465,,,,,896.0,0.763,
fleet_depot,parcel_50320104700100020170000000,472,,,,,541.333,0.461,
fleet_depot,parcel_50320104700100020190000000,464,,,,,348.444,0.297,
fleet_depot,parcel_50320104700100010170130000,421,,,,,192.889,0.164,
fleet_depot,parcel_50320104700100020160000000,465,,,,,149.333,0.127,
fleet_depot,parcel_50320104500200010460110000,822,,,,,180.444,0.154,
fleet_depot,parcel_50320104500200010460120000,652,,,,,124.444,0.106,
fleet_depot,parcel_50320104500200010460030000,464,,,,,1244.444,1.06,
fleet_depot,parcel_50320104700100030040020000,620,,,,,304.889,0.26,
fleet_depot,parcel_50320104500200010460150000,464,,,,,510.222,0.434,
fleet_depot,parcel_50320104500200010460160000,464,,,,,261.333,0.223,
fleet_depot,parcel_50320104500200010460190000,465,,,,,192.889,0.164,
fleet_depot,parcel_50320104500200010460180000,612,,,,,759.111,0.646,
fleet_depot,parcel_50320104500200010460100000,651,,,,,317.333,0.27,
fleet_depot,parcel_50320104500200010460060000,464,,,,,678.222,0.577,
fleet_depot,parcel_50320104500200010460040000,465,,,,,696.889,0.593,
fleet_depot,parcel_50320104500200010460050000,465,,,,,659.556,0.562,
fleet_depot,parcel_50320104300100010430020000,465,,,,,379.556,0.323,
fleet_depot,parcel_50320104300100010430010000,465,,,,,373.333,0.318,
fleet_depot,parcel_50320104300100010410010000,472,,,,,99.556,0.085,
fleet_depot,parcel_50320104300100010440000000,464,,,,,74.667,0.064,
fleet_depot,parcel_50320104300100010460020000,465,,,,,80.889,0.069,
fleet_depot,parcel_50320104300100010450000000,485,,,,,180.444,0.154,
fleet_depot,parcel_50320104700100010170220000,453,,,,,4168.889,3.55,
fleet_depot,parcel_50320104700100010170040000,662,,,,,298.667,0.254,
fleet_depot,parcel_50320104700100010170140000,421,,,,,174.222,0.148,
fleet_depot,parcel_50320104700100010170090000,543,,,,,1406.222,1.197,
fleet_depot,parcel_50320104700100010240000000,453,,,,,5792.889,4.932,
fleet_depot,parcel_50320104700100010220010000,464,,,,,2439.111,2.077,
fleet_depot,parcel_50320104700100010220090000,451,,,,,852.444,0.726,
fleet_depot,parcel_50320104700100010220020000,451,,,,,15269.333,13.001,
fleet_depot,parcel_50320104700100010220030000,464,,,,,28939.556,24.64,
fleet_depot,parcel_50320104700100060590000000,590,,,,,0.0,0.0,
fleet_depot,parcel_50320104700100060580020000,590,,,,,0.0,0.0,
fleet_depot,parcel_50320104700100010220040000,512,,,,,2874.667,2.448,
fleet_depot,parcel_50320104700100060570000000,591,,,,,0.0,0.0,
fleet_depot,parcel_50320104700100010220060000,451,,,,,3776.889,3.216,
fleet_depot,parcel_50320104800100020020080000,590,,,,,0.0,0.0,
fleet_depot,parcel_50320104800100020110000000,620,,,,,0.0,0.0,
fleet_depot,parcel_50320104300100010260130000,464,,,,,192.889,0.164,
fleet_depot,parcel_50320104200100010500230000,620,,,,,99.556,0.085,
fleet_depot,parcel_50320104300100010180000000,695,,,,,0.0,0.0,
fleet_depot,parcel_50320104200100010500030000,822,,,,,354.667,0.302,
fleet_depot,parcel_50320152500000060010000000,842,,,,,0.0,0.0,
fleet_depot,parcel_50320152500000060020000000,842,,,,,0.0,0.0,
fleet_depot,parcel_50320104200100010370010000,822,,,,,68.444,0.058,
fleet_depot,parcel_50320104200100010070000000,557,,,,,99.556,0.085,
fleet_depot,parcel_50320104200100010280010000,424,,,,,186.667,0.159,
fleet_depot,parcel_50320104200100010280020000,424,,,,,298.667,0.254,
fleet_depot,parcel_50320104200100010530030000,464,,,,,410.667,0.35,
fleet_depot,parcel_50320104200100010530210000,620,,,,,174.222,0.148,
fleet_depot,parcel_50368901800000040110000000,682,,,,,292.444,0.249,
fleet_depot,parcel_50368901800000020010000000,581,,,,,0.0,0.0,
fleet_depot,parcel_50368901800000040170220000,682,,,,,0.0,0.0,
fleet_depot,parcel_50368901800000040180010000,682,,,,,0.0,0.0,
fleet_depot,parcel_50368903000000030030020000,570,,,,,367.111,0.313,
fleet_depot,parcel_50368903000000020010000000,421,,,,,130.667,0.111,
fleet_depot,parcel_50368903200000020080220000,455,,,,,230.222,0.196,
fleet_depot,parcel_50368903300000050030040000,484,,,,,479.111,0.408,
fleet_depot,parcel_50368903300000050030030000,484,,,,,118.222,0.101,
fleet_depot,parcel_50368903300000050030020000,712,,,,,920.889,0.784,
fleet_depot,parcel_50368903300000010080120000,442,,,,,653.333,0.556,
fleet_depot,parcel_50368903300000050030010000,710,,,,,273.778,0.233,
fleet_depot,parcel_50368903300000010080020000,710,,,,,1182.222,1.007,
fleet_depot,parcel_50368903300000010080140000,464,,,,,522.667,0.445,
fleet_depot,parcel_50368903300000010080110000,473,,,,,8412.444,7.163,
fleet_depot,parcel_50368903300000030010030000,455,,,,,336.0,0.286,
fleet_depot,parcel_50368903300000040030060000,485,,,,,709.333,0.604,
fleet_depot,parcel_50368903300000020110000000,614,,,,,1916.444,1.632,
fleet_depot,parcel_50368902700000020180110000,455,,,,,149.333,0.127,
fleet_depot,parcel_50368903300000020010020000,464,,,,,224.0,0.191,
fleet_depot,parcel_50368903400000030020010000,455,,,,,186.667,0.159,
fleet_depot,parcel_50368903400000010090000000,425,,,,,180.444,0.154,
fleet_depot,parcel_50368903400000010080140000,474,,,,,0.0,0.0,
fleet_depot,parcel_50368903400000030110010000,442,,,,,485.333,0.413,
fleet_depot,parcel_50368903400000030270010000,862,,,,,0.0,0.0,
fleet_depot,parcel_50368903400000010270000000,620,,,,,304.889,0.26,
fleet_depot,parcel_50368902600000010052220000,582,,,,,43.556,0.037,
fleet_depot,parcel_50070003000000010010050000,613,,,,,3739.556,3.184,
fleet_depot,parcel_50070003000000010010010000,650,,,,,0.0,0.0,
fleet_depot,parcel_50070003100000010010060000,613,,,,,927.111,0.789,
fleet_depot,parcel_50070003100000010010010000,613,,,,,8437.333,7.184,
fleet_depot,parcel_50070003100000010010090000,613,,,,,0.0,0.0,
fleet_depot,parcel_50070003100000010010080000,613,,,,,3279.111,2.792,
fleet_depot,parcel_50070003100000010010020000,613,,,,,101845.333,86.714,
fleet_depot,parcel_50220001800000010170110000,662,,,,,497.778,0.424,
fleet_depot,parcel_50220001800000010170120000,822,,,,,0.0,0.0,
fleet_depot,parcel_50260001600000010220220000,510,,,,,541.333,0.461,
fleet_depot,parcel_50260001700000010050020000,421,,,,,373.333,0.318,
fleet_depot,parcel_50260001400000030060040000,682,,,,,143.111,0.122,
fleet_depot,parcel_50260001400000030060020000,582,,,,,647.111,0.551,
fleet_depot,parcel_50260001800000020130020000,557,,,,,267.556,0.228,
fleet_depot,parcel_50260001800000010060000000,449,,,,,634.667,0.54,
fleet_depot,parcel_50340003100000010340000000,873,,,,,0.0,0.0,
fleet_depot,parcel_50340000800000010060000000,695,,,,,0.0,0.0,
fleet_depot,parcel_50340003000000010150000000,485,,,,,273.778,0.233,
fleet_depot,parcel_50340003000000010050000000,695,,,,,0.0,0.0,
fleet_depot,parcel_50340002300000010090020000,430,,,,,205.333,0.175,
fleet_depot,parcel_50340002200000010190000000,450,,,,,715.556,0.609,
fleet_depot,parcel_50340003200000010020110000,695,,,,,43.556,0.037,
fleet_depot,parcel_50340003200000010040000099,833,,,,,0.0,0.0,
fleet_depot,parcel_50340003200000010030010000,695,,,,,0.0,0.0,
fleet_depot,parcel_50340002800000010150000000,695,,,,,0.0,0.0,
fleet_depot,parcel_50340001100000010520020000,449,,,,,217.778,0.185,
fleet_depot,parcel_50340001100000010280010000,484,,,,,161.778,0.138,
fleet_depot,parcel_50340002100000010150040000,557,,,,,261.333,0.223,
fleet_depot,parcel_50340001000000010200000000,695,,,,,0.0,0.0,
fleet_depot,parcel_50340001000000010220010000,425,,,,,155.556,0.132,
fleet_depot,parcel_50340001100000010280030000,442,,,,,4716.444,4.016,
fleet_depot,parcel_50340001100000010260030000,720,,,,,0.0,0.0,
fleet_depot,parcel_50340000700000010170000000,695,,,,,0.0,0.0,
fleet_depot,parcel_50340000700000010050580000,440,,,,,205.333,0.175,
fleet_depot,parcel_50340000700000010053720000,440,,,,,945.778,0.805,
fleet_depot,parcel_50340000700000010190010000,845,,,,,0.0,0.0,
fleet_depot,parcel_50340001100000010250010000,720,,,,,0.0,0.0,
fleet_depot,parcel_50340001100000010020020000,836,,,,,12.444,0.011,
fleet_depot,parcel_50340000600000010010140000,433,,,,,211.556,0.18,
fleet_depot,parcel_50340000600000010340210000,662,,,,,0.0,0.0,
fleet_depot,parcel_50340001700000060070050000,662,,,,,1188.444,1.012,
fleet_depot,parcel_50340001700000060070320000,446,,,,,280.0,0.238,
fleet_depot,parcel_50340001700000060050000000,651,,,,,1163.556,0.991,
fleet_depot,parcel_50340001700000040010000000,484,,,,,180.444,0.154,
fleet_depot,parcel_50340001700000040060000000,652,,,,,329.778,0.281,
fleet_depot,parcel_50340001700000040050010000,590,,,,,0.0,0.0,
fleet_depot,parcel_50340001700000040050020000,484,,,,,261.333,0.223,
fleet_depot,parcel_50340001700000040030000000,590,,,,,0.0,0.0,
fleet_depot,parcel_50340001300000030130000000,534,,,,,311.111,0.265,
fleet_depot,parcel_50340001300000030140000000,481,,,,,136.889,0.117,
fleet_depot,parcel_50340001300000030150000000,481,,,,,242.667,0.207,
fleet_depot,parcel_50340001300000030170000000,611,,,,,336.0,0.286,
fleet_depot,parcel_50340001400000020060000000,462,,,,,149.333,0.127,
fleet_depot,parcel_50340001400000020120000000,653,,,,,0.0,0.0,
fleet_depot,parcel_50340001400000020110000000,653,,,,,0.0,0.0,
fleet_depot,parcel_50340001700000040070000000,695,,,,,0.0,0.0,
fleet_depot,parcel_50340000600000010310410000,853,,,,,0.0,0.0,
fleet_depot,parcel_50340001500000010040000000,681,,,,,155.556,0.132,
fleet_depot,parcel_50340001800000010010010000,872,,,,,0.0,0.0,
fleet_depot,parcel_50340001400000010180010000,612,,,,,199.111,0.17,
fleet_depot,parcel_50340001300000040040000000,620,,,,,678.222,0.577,
fleet_depot,parcel_50340001300000040050000000,831,,,,,0.0,0.0,
fleet_depot,parcel_50340001200000010040000000,612,,,,,17584.0,14.971,
fleet_depot,parcel_50340001300000050010000000,436,,,,,143.111,0.122,
fleet_depot,parcel_50340001100000010170010000,485,,,,,360.889,0.307,
fleet_depot,parcel_50340001200000010020030000,633,,,,,2202.667,1.875,
fleet_depot,parcel_50340001200000010160000000,873,,,,,0.0,0.0,
fleet_depot,parcel_50340001100000010220000000,695,,,,,0.0,0.0,
fleet_depot,parcel_50340001100000010431010000,620,,,,,995.556,0.848,
fleet_depot,parcel_50340001100000010150000000,455,,,,,672.0,0.572,
fleet_depot,parcel_50340001100000010230030000,822,,,,,37.333,0.032,
fleet_depot,parcel_50340001100000010439110000,433,,,,,367.111,0.313,
fleet_depot,parcel_50340001100000010430020000,474,,,,,0.0,0.0,
fleet_depot,parcel_50340001100000010430340000,484,,,,,99.556,0.085,
fleet_depot,parcel_50340001100000010450230000,590,,,,,0.0,0.0,
fleet_depot,parcel_50340001900000010010000000,852,,,,,0.0,0.0,
fleet_depot,parcel_50340000500000010200010000,853,,,,,0.0,0.0,
fleet_depot,parcel_50340000600000010310340000,822,,,,,31.111,0.026,
fleet_depot,parcel_50340000600000010200030000,486,,,,,199.111,0.17,
fleet_depot,parcel_50340000500000010200210000,822,,,,,0.0,0.0,
fleet_depot,parcel_50340000400000010750230000,442,,,,,68.444,0.058,
fleet_depot,parcel_50340052500000060010000000,842,,,,,0.0,0.0,
fleet_depot,parcel_50340000500000010280000000,843,,,,,0.0,0.0,
fleet_depot,parcel_50340002000000010300000000,695,,,,,0.0,0.0,
fleet_depot,parcel_50340003400000010280220000,430,,,,,560.0,0.477,
fleet_depot,parcel_50340002700000010141310000,710,,,,,4131.556,3.518,
fleet_depot,parcel_50340000400000010291360000,486,,,,,410.667,0.35,
fleet_depot,parcel_50340000400000010230220000,837,,,,,0.0,0.0,
fleet_depot,parcel_50340000400000010291350000,464,,,,,392.0,0.334,
fleet_depot,parcel_50340000400000010230230000,441,,,,,174.222,0.148,
fleet_depot,parcel_50340000400000010190000000,455,,,,,392.0,0.334,
fleet_depot,parcel_50340000400000010160030000,485,,,,,653.333,0.556,
fleet_depot,parcel_50340000400000010291340000,442,,,,,939.556,0.8,
fleet_depot,parcel_50340000400000010290100000,442,,,,,2451.556,2.087,
fleet_depot,parcel_50340000400000010792110000,442,,,,,1555.556,1.324,
fleet_depot,parcel_50340000400000010390320000,450,,,,,168.0,0.143,
fleet_depot,parcel_50340000400000010611320000,433,,,,,410.667,0.35,
fleet_depot,parcel_50340000400000010530240000,422,,,,,323.556,0.275,
fleet_depot,parcel_50340000600000010180000000,484,,,,,441.778,0.376,
fleet_depot,parcel_50340000300000010422550000,877,,,,,0.0,0.0,
fleet_depot,parcel_50340000400000010100000000,440,,,,,416.889,0.355,
fleet_depot,parcel_50340000400000010120110000,851,,,,,2202.667,1.875,
fleet_depot,parcel_50340000300000010422540000,877,,,,,0.0,0.0,
fleet_depot,parcel_50340000300000010260120000,878,,,,,0.0,0.0,
fleet_depot,parcel_50340000300000010260110000,878,,,,,0.0,0.0,
fleet_depot,parcel_50340000300000010211390000,440,,,,,0.0,0.0,
fleet_depot,parcel_50340000300000010260130000,877,,,,,0.0,0.0,
fleet_depot,parcel_50340000200000010510000000,695,,,,,99.556,0.085,
fleet_depot,parcel_50340000200000010400000000,620,,,,,205.333,0.175,
fleet_depot,parcel_50340000200000010630210000,455,,,,,317.333,0.27,
fleet_depot,parcel_50340000100000010160020099,837,,,,,0.0,0.0,
fleet_depot,parcel_50340000100000010040000994,837,,,,,0.0,0.0,
fleet_depot,parcel_50340000100000010040000993,837,,,,,0.0,0.0,
fleet_depot,parcel_50340000100000010040000991,837,,,,,130.667,0.111,
fleet_depot,parcel_50340000100000010040000992,837,,,,,0.0,0.0,
fleet_depot,parcel_50200000200000010030060000,484,,,,,752.889,0.641,
fleet_depot,parcel_50200000200000010030010000,633,,,,,3727.111,3.173,
fleet_depot,parcel_50200000200000010040150000,486,,,,,927.111,0.789,
fleet_depot,parcel_50200000300000020020000000,464,,,,,74.667,0.064,
fleet_depot,parcel_50200000300000020060000000,620,,,,,522.667,0.445,
fleet_depot,parcel_50200000300000030060000000,662,,,,,1312.889,1.118,
fleet_depot,parcel_50200000300000010020000000,652,,,,,1331.556,1.134,
fleet_depot,parcel_50200000100000010580000000,695,,,,,0.0,0.0,
fleet_depot,parcel_50200000900000010230000000,612,,,,,10011.556,8.524,
fleet_depot,parcel_50328952500000060020000000,842,,,,,0.0,0.0,
fleet_depot,parcel_50328903000000010160250000,441,,,,,174.222,0.148,
fleet_depot,parcel_50328903000000010160120099,837,,,,,0.0,0.0,
fleet_depot,parcel_50328903000000010160120000,652,,,,,1312.889,1.118,
fleet_depot,parcel_50328903000000010160240000,454,,,,,466.667,0.397,
fleet_depot,parcel_50328903000000010160040000,432,,,,,112.0,0.095,
fleet_depot,parcel_50328903700100030010220000,464,,,,,504.0,0.429,
fleet_depot,parcel_50328903100000070030000000,421,,,,,99.556,0.085,
fleet_depot,parcel_50328903700100020210000000,484,,,,,118.222,0.101,
fleet_depot,parcel_50328903700100020230010000,485,,,,,217.778,0.185,
fleet_depot,parcel_50328903700100030180020000,456,,,,,298.667,0.254,
fleet_depot,parcel_50328903700100030180010000,462,,,,,105.778,0.09,
fleet_depot,parcel_50328903700100020532210000,710,,,,,945.778,0.805,
fleet_depot,parcel_50328903700100020532110000,456,,,,,280.0,0.238,
fleet_depot,parcel_50328903700100080020000000,442,,,,,267.556,0.228,
fleet_depot,parcel_50328903700100080010000000,442,,,,,80.889,0.069,
fleet_depot,parcel_50328903700100010120000000,422,,,,,74.667,0.064,
fleet_depot,parcel_50328903700100080030010000,485,,,,,354.667,0.302,
fleet_depot,parcel_50328903700100050230110000,485,,,,,205.333,0.175,
fleet_depot,parcel_50328903700100080040010000,436,,,,,93.333,0.079,
fleet_depot,parcel_50328903700100070060000000,457,,,,,130.667,0.111,
fleet_depot,parcel_50328903700100050090000000,620,,,,,149.333,0.127,
fleet_depot,parcel_50328903700100040050000000,695,,,,,0.0,0.0,
fleet_depot,parcel_50328903600000010090020000,720,,,,,8263.111,7.035,
fleet_depot,parcel_50328903500000030020010000,433,,,,,398.222,0.339,
fleet_depot,parcel_50328903500000030160000000,720,,,,,12.444,0.011,
fleet_depot,parcel_50328903500000030010020000,720,,,,,0.0,0.0,
fleet_depot,parcel_50328903100000060070000000,486,,,,,74.667,0.064,
fleet_depot,parcel_50328903500000020080020000,662,,,,,920.889,0.784,
fleet_depot,parcel_50328903100000060100000000,485,,,,,199.111,0.17,
fleet_depot,parcel_50328903700100020500000000,433,,,,,112.0,0.095,
fleet_depot,parcel_50328903700100020530030000,557,,,,,6.222,0.005,
fleet_depot,parcel_50328903700100020530040000,431,,,,,174.222,0.148,
fleet_depot,parcel_50328903700100020520000000,485,,,,,93.333,0.079,
fleet_depot,parcel_50328903700100020510000000,633,,,,,1126.222,0.959,
fleet_depot,parcel_50328903700100020530230000,620,,,,,273.778,0.233,
fleet_depot,parcel_50328903700100020090000000,591,,,,,0.0,0.0,
fleet_depot,parcel_50328903700100020080020000,652,,,,,423.111,0.36,
fleet_depot,parcel_50328903700100020530010000,620,,,,,0.0,0.0,
fleet_depot,parcel_50328903700100020460000000,620,,,,,168.0,0.143,
fleet_depot,parcel_50328903700100020010000000,484,,,,,43.556,0.037,
fleet_depot,parcel_50328903700100020020000000,421,,,,,273.778,0.233,
fleet_depot,parcel_50328903700100020040000000,484,,,,,43.556,0.037,
fleet_depot,parcel_50328903700100020080010000,652,,,,,80.889,0.069,
fleet_depot,parcel_50328903100000050130000000,471,,,,,118.222,0.101,
fleet_depot,parcel_50328903100000050090000000,483,,,,,93.333,0.079,
fleet_depot,parcel_50328903100000010160060000,421,,,,,143.111,0.122,
fleet_depot,parcel_50328903700100020190000000,430,,,,,205.333,0.175,
fleet_depot,parcel_50328903100000070010000000,433,,,,,87.111,0.074,
fleet_depot,parcel_50328903100000070020000000,872,,,,,0.0,0.0,
fleet_depot,parcel_50328903100000010180000000,440,,,,,99.556,0.085,
fleet_depot,parcel_50328903100000010140020000,670,,,,,1630.222,1.388,
fleet_depot,parcel_50328903500000020020020000,710,,,,,578.667,0.493,
fleet_depot,parcel_50328902600000100080000000,590,,,,,0.0,0.0,
fleet_depot,parcel_50328902700000010380000000,822,,,,,0.0,0.0,
fleet_depot,parcel_50328903200000010080240000,590,,,,,0.0,0.0,
fleet_depot,parcel_50328903200000010190000000,612,,,,,5089.778,4.334,
fleet_depot,parcel_50328903200000010560000000,474,,,,,0.0,0.0,
fleet_depot,parcel_50328903200000010180000000,620,,,,,441.778,0.376,
fleet_depot,parcel_50328903200000010530000000,484,,,,,74.667,0.064,
fleet_depot,parcel_50328903200000010200000000,612,,,,,49.778,0.042,
fleet_depot,parcel_50328903200000010500000000,831,,,,,0.0,0.0,
fleet_depot,parcel_50328903200000010520000000,612,,,,,205.333,0.175,
fleet_depot,parcel_50328903200000010280000000,612,,,,,1580.444,1.346,
fleet_depot,parcel_50328903200000010460000000,620,,,,,485.333,0.413,
fleet_depot,parcel_50328903300000010170000000,620,,,,,31.111,0.026,
fleet_depot,parcel_50328903200000010390000000,872,,,,,0.0,0.0,
fleet_depot,parcel_50328903300000010040020000,650,,,,,0.0,0.0,
fleet_depot,parcel_50328903300000010740000000,582,,,,,74.667,0.064,
fleet_depot,parcel_50328903300000010670000000,570,,,,,105.778,0.09,
fleet_depot,parcel_50328903600000010010010000,872,,,,,0.0,0.0,
fleet_depot,parcel_50328903600000010010000000,720,,,,,3440.889,2.93,
fleet_depot,parcel_50328903200000010030000000,449,,,,,2184.0,1.86,
fleet_depot,parcel_50328902600000050200000000,695,,,,,0.0,0.0,
fleet_depot,parcel_50328902200000010290040000,695,,,,,0.0,0.0,
fleet_depot,parcel_50328902600000070090000000,590,,,,,0.0,0.0,
fleet_depot,parcel_50328902600000070010000000,557,,,,,74.667,0.064,
fleet_depot,parcel_50328902200000010090000000,433,,,,,68.444,0.058,
fleet_depot,parcel_50328901600000010220010000,695,,,,,0.0,0.0,
fleet_depot,parcel_50328901600000010510010099,833,,,,,6.222,0.005,
fleet_depot,parcel_50328902200000010200000000,695,,,,,0.0,0.0,
fleet_depot,parcel_50328902300000010060020000,720,,,,,485.333,0.413,
fleet_depot,parcel_50328902300000010180410000,440,,,,,261.333,0.223,
fleet_depot,parcel_50328901600000010420020000,425,,,,,80.889,0.069,
fleet_depot,parcel_50328901600000010402260000,456,,,,,329.778,0.281,
fleet_depot,parcel_50328901500000010300020000,484,,,,,43.556,0.037,
fleet_depot,parcel_50328901600000010330010000,695,,,,,0.0,0.0,
fleet_depot,parcel_50328901600000010530000000,822,,,,,0.0,0.0,
fleet_depot,parcel_50328901600000010100010000,878,,,,,0.0,0.0,
fleet_depot,parcel_50328901500000010110130000,440,,,,,224.0,0.191,
fleet_depot,parcel_50328901500000010120010000,662,,,,,192.889,0.164,
fleet_depot,parcel_50328902300000010230020000,613,,,,,43.556,0.037,
fleet_depot,parcel_50328901100000010030230000,872,,,,,0.0,0.0,
fleet_depot,parcel_50328901100000010032110000,875,,,,,0.0,0.0,
fleet_depot,parcel_50328901200000010160020000,720,,,,,12.444,0.011,
fleet_depot,parcel_50328901000000010140010000,695,,,,,0.0,0.0,
fleet_depot,parcel_50328901200000010180050000,424,,,,,205.333,0.175,
fleet_depot,parcel_50328900200000010160000000,695,,,,,0.0,0.0,
fleet_depot,parcel_50328900200000010110000000,484,,,,,155.556,0.132,
fleet_depot,parcel_50328900100000010150010000,695,,,,,0.0,0.0,
fleet_depot,parcel_50328900400000010040020000,720,,,,,0.0,0.0,
fleet_depot,parcel_50328900300000010220000000,695,,,,,0.0,0.0,
fleet_depot,parcel_50328900900000010190010000,695,,,,,0.0,0.0,
fleet_depot,parcel_50328900900000010170000000,695,,,,,0.0,0.0,
fleet_depot,parcel_50328900900000010060010000,695,,,,,0.0,0.0,
fleet_depot,parcel_50328900900000010560000000,650,,,,,0.0,0.0,
fleet_depot,parcel_50328902800000010280370000,442,,,,,286.222,0.244,
fleet_depot,parcel_50328902800000010280360000,440,,,,,124.444,0.106,
fleet_depot,parcel_50328902800000010300000000,695,,,,,0.0,0.0,
fleet_depot,parcel_50328903100000010130000000,670,,,,,3347.556,2.85,
fleet_depot,parcel_50328903000000010160310000,449,,,,,740.444,0.63,
fleet_depot,parcel_50328903000000010160320000,449,,,,,1256.889,1.07,
fleet_depot,parcel_50328903000000010230000000,440,,,,,236.444,0.201,
fleet_depot,parcel_50220052500000060010000000,842,,,,,0.0,0.0,
fleet_depot,parcel_50220001600000010070010000,593,,,,,0.0,0.0,
fleet_depot,parcel_50220001700000010280000000,695,,,,,0.0,0.0,
fleet_depot,parcel_50220001600000010180010000,620,,,,,1729.778,1.473,
fleet_depot,parcel_50220001700000010500000000,485,,,,,0.0,0.0,
fleet_depot,parcel_50220001700000010470000000,695,,,,,0.0,0.0,
fleet_depot,parcel_50220002700000010340050000,852,,,,,0.0,0.0,
fleet_depot,parcel_50220002600000010170010000,852,,,,,0.0,0.0,
fleet_depot,parcel_50220002600000010260010000,852,,,,,0.0,0.0,
fleet_depot,parcel_50220003100000010090220000,614,,,,,286.222,0.244,
fleet_depot,parcel_50220002900000010040220000,455,,,,,1692.444,1.441,
fleet_depot,parcel_50220002800000010210000000,695,,,,,0.0,0.0,
fleet_depot,parcel_50220002800000010200000000,695,,,,,0.0,0.0,
fleet_depot,parcel_50220052500000060020000000,842,,,,,0.0,0.0,
fleet_depot,parcel_50220001000000010390000000,651,,,,,0.0,0.0,
fleet_depot,parcel_50220001000000010380000000,695,,,,,0.0,0.0,
fleet_depot,parcel_50220001000000010570320000,544,,,,,0.0,0.0,
fleet_depot,parcel_50220000900000010110430000,433,,,,,317.333,0.27,
fleet_depot,parcel_50220000900000010090120000,464,,,,,2190.222,1.865,
fleet_depot,parcel_50340002600000010100010000,837,,,,,0.0,0.0,
fleet_depot,parcel_50260000200000010080340000,837,,,,,0.0,0.0,
fleet_depot,parcel_50260000600000020140000000,852,,,,,0.0,0.0,
fleet_depot,parcel_50260000100000030100030000,443,,,,,815.111,0.694,
fleet_depot,parcel_50360100300000010060000000,440,,,,,236.444,0.201,
fleet_depot,parcel_50360100300000020080000000,872,,,,,0.0,0.0,
fleet_depot,parcel_50360100300000010030020000,464,,,,,342.222,0.291,
fleet_depot,parcel_50360101000000010040000000,612,,,,,0.0,0.0,
fleet_depot,parcel_50360101000000010110020000,612,,,,,29232.0,24.889,
fleet_depot,parcel_50360100500000010170000000,444,,,,,578.667,0.493,
fleet_depot,parcel_50360100500000010540000000,534,,,,,1729.778,1.473,
fleet_depot,parcel_50360100500000010490020000,483,,,,,0.0,0.0,
fleet_depot,parcel_50360100500000010510000000,620,,,,,945.778,0.805,
fleet_depot,parcel_50360100600000030010020000,620,,,,,634.667,0.54,
fleet_depot,parcel_50360100600000020080010000,611,,,,,858.667,0.731,
fleet_depot,parcel_50360100600000020130000000,620,,,,,367.111,0.313,
fleet_depot,parcel_50360100600000020030000000,652,,,,,441.778,0.376,
fleet_depot,parcel_50360100600000020040000000,483,,,,,255.111,0.217,
fleet_depot,parcel_50360100600000020020000000,620,,,,,292.444,0.249,
fleet_depot,parcel_50360100600000010080000000,436,,,,,68.444,0.058,
fleet_depot,parcel_50360100600000010200000000,438,,,,,0.0,0.0,
fleet_depot,parcel_50360100600000010250000000,457,,,,,304.889,0.26,
fleet_depot,parcel_50360100600000010240000000,652,,,,,423.111,0.36,
fleet_depot,parcel_50360100600000010260000000,440,,,,,429.333,0.366,
fleet_depot,parcel_50360100600000010210000000,438,,,,,0.0,0.0,
fleet_depot,parcel_50360100600000010230000000,483,,,,,261.333,0.223,
fleet_depot,parcel_50360100600000020010020000,438,,,,,0.0,0.0,
fleet_depot,parcel_50360100600000020010010000,465,,,,,404.444,0.344,
fleet_depot,parcel_50360100500000010590020000,483,,,,,342.222,0.291,
fleet_depot,parcel_50360100500000010670000000,483,,,,,280.0,0.238,
fleet_depot,parcel_50360100500000010660000000,483,,,,,535.111,0.456,
fleet_depot,parcel_50360100200000050040000000,681,,,,,659.556,0.562,
fleet_depot,parcel_50360100200000050060000000,836,,,,,0.0,0.0,
fleet_depot,parcel_50360100200000050050000000,836,,,,,0.0,0.0,
fleet_depot,parcel_50360100500000010010000000,484,,,,,560.0,0.477,
fleet_depot,parcel_50360100500000010680000000,481,,,,,535.111,0.456,
fleet_depot,parcel_50360100500000010700000000,481,,,,,143.111,0.122,
fleet_depot,parcel_50360100600000010190000000,484,,,,,280.0,0.238,
fleet_depot,parcel_50360100600000010180000000,481,,,,,248.889,0.212,
fleet_depot,parcel_50360100600000010150000000,483,,,,,1045.333,0.89,
fleet_depot,parcel_50360100600000010170000000,483,,,,,833.778,0.71,
fleet_depot,parcel_50360100600000010120000000,483,,,,,591.111,0.503,
fleet_depot,parcel_50360100600000010140000000,483,,,,,491.556,0.419,
fleet_depot,parcel_50360100600000010130000000,483,,,,,1829.333,1.558,
fleet_depot,parcel_50360100600000010110000000,483,,,,,591.111,0.503,
fleet_depot,parcel_50360100600000010100000000,482,,,,,292.444,0.249,
fleet_depot,parcel_50360100200000050140000000,464,,,,,410.667,0.35,
fleet_depot,parcel_50360100200000050090000000,461,,,,,522.667,0.445,
fleet_depot,parcel_50360100500000010580020000,483,,,,,908.444,0.773,
fleet_depot,parcel_50360100500000010570000000,481,,,,,385.778,0.328,
fleet_depot,parcel_50360100500000010560000000,481,,,,,342.222,0.291,
fleet_depot,parcel_50360100500000010710000000,534,,,,,230.222,0.196,
fleet_depot,parcel_50360100500000010550000000,481,,,,,429.333,0.366,
fleet_depot,parcel_50360100100000010120000000,620,,,,,784.0,0.668,
fleet_depot,parcel_50360100100000010130000000,662,,,,,902.222,0.768,
fleet_depot,parcel_50360100100000010110000000,438,,,,,0.0,0.0,
fleet_depot,parcel_50360100100000050070000000,485,,,,,472.889,0.403,
fleet_depot,parcel_50360100600000010050010000,457,,,,,1331.556,1.134,
fleet_depot,parcel_50360100600000010010000000,484,,,,,597.333,0.509,
fleet_depot,parcel_50360100700000020020000000,590,,,,,0.0,0.0,
fleet_depot,parcel_50360100100000050010000000,590,,,,,0.0,0.0,
fleet_depot,parcel_50360100700000020030000000,590,,,,,0.0,0.0,
fleet_depot,parcel_50360100700000030010000000,590,,,,,0.0,0.0,
fleet_depot,parcel_50360100700000010150000000,822,,,,,80.889,0.069,
fleet_depot,parcel_50360100600000010280010000,633,,,,,4965.333,4.228,
fleet_depot,parcel_50360100600000010050020000,485,,,,,1760.889,1.499,
fleet_depot,parcel_50360100600000010070000000,436,,,,,161.778,0.138,
fleet_depot,parcel_50360100600000010360020000,633,,,,,2607.111,2.22,
fleet_depot,parcel_50360100800000050020000000,695,,,,,0.0,0.0,
fleet_depot,parcel_50360100800000020210000000,590,,,,,0.0,0.0,
fleet_depot,parcel_50360100800000020200000000,822,,,,,0.0,0.0,
fleet_depot,parcel_50360100800000040010320000,552,,,,,342.222,0.291,
fleet_depot,parcel_50360100900000010020070000,612,,,,,497.778,0.424,
fleet_depot,parcel_50360100600000050110000000,438,,,,,0.0,0.0,
fleet_depot,parcel_50360100600000040070000000,471,,,,,510.222,0.434,
fleet_depot,parcel_50360101000000010110010000,615,,,,,678.222,0.577,
fleet_depot,parcel_50360101000000010070000000,486,,,,,472.889,0.403,
fleet_depot,parcel_50360101000000010080000000,421,,,,,392.0,0.334,
fleet_depot,parcel_50360101000000010090000000,531,,,,,0.0,0.0,
fleet_depot,parcel_50360101000000020040020000,485,,,,,267.556,0.228,
fleet_depot,parcel_50360101000000020040010000,457,,,,,68.444,0.058,
fleet_depot,parcel_50360100400000030080000000,433,,,,,112.0,0.095,
fleet_depot,parcel_50360100400000020040000000,695,,,,,0.0,0.0,
fleet_depot,parcel_50360100400000030050000000,853,,,,,93.333,0.079,
fleet_depot,parcel_50360100300000020030000000,483,,,,,740.444,0.63,
fleet_depot,parcel_50368902600000020130010000,484,,,,,2582.222,2.199,
fleet_depot,parcel_50368901100000020280000000,557,,,,,248.889,0.212,
fleet_depot,parcel_50368901100000030010000000,441,,,,,597.333,0.509,
fleet_depot,parcel_50368901100000020060020000,484,,,,,74.667,0.064,
fleet_depot,parcel_50368901100000040050000000,695,,,,,0.0,0.0,
fleet_depot,parcel_50368901200000010010020000,552,,,,,0.0,0.0,
fleet_depot,parcel_50368901200000020090040000,620,,,,,472.889,0.403,
fleet_depot,parcel_50368901200000030150000000,612,,,,,0.0,0.0,
fleet_depot,parcel_50368901200000010050000000,852,,,,,0.0,0.0,
fleet_depot,parcel_50368902200000010050030000,464,,,,,647.111,0.551,
fleet_depot,parcel_50368902200000020040000000,642,,,,,2389.333,2.034,
fleet_depot,parcel_50368902200000040180000000,845,,,,,0.0,0.0,
fleet_depot,parcel_50368902300000010180000000,692,,,,,0.0,0.0,
fleet_depot,parcel_50368902300000020040000000,433,,,,,448.0,0.381,
fleet_depot,parcel_50368902200000040120000000,695,,,,,0.0,0.0,
fleet_depot,parcel_50368902200000040090000000,845,,,,,0.0,0.0,
fleet_depot,parcel_50368902200000050040000000,433,,,,,759.111,0.646,
fleet_depot,parcel_50368902300000040040000000,695,,,,,0.0,0.0,
fleet_depot,parcel_50368902500000020010040000,485,,,,,1169.778,0.996,
fleet_depot,parcel_50368902500000020010520000,455,,,,,205.333,0.175,
fleet_depot,parcel_50368902500000020010060000,485,,,,,379.556,0.323,
fleet_depot,parcel_50368902500000030010000000,620,,,,,896.0,0.763,
fleet_depot,parcel_50368902500000060070000000,593,,,,,0.0,0.0,
fleet_depot,parcel_50368902500000060100020000,484,,,,,385.778,0.328,
fleet_depot,parcel_50368902400000020050210099,837,,,,,0.0,0.0,
fleet_depot,parcel_50368902400000030090000000,620,,,,,118.222,0.101,
fleet_depot,parcel_50368902400000030070000000,695,,,,,0.0,0.0,
fleet_depot,parcel_50368902500000060200000000,633,,,,,248.889,0.212,
fleet_depot,parcel_50368902500000030090000000,484,,,,,168.0,0.143,
fleet_depot,parcel_50368902000000010060010000,531,,,,,0.0,0.0,
fleet_depot,parcel_50368902000000030090210000,612,,,,,1381.333,1.176,
fleet_depot,parcel_50368902000000030090220000,440,,,,,746.667,0.636,
fleet_depot,parcel_50368902000000030090230000,612,,,,,784.0,0.668,
fleet_depot,parcel_50368902000000020020020000,444,,,,,1207.111,1.028,
fleet_depot,parcel_50368902000000030010000000,449,,,,,267.556,0.228,
fleet_depot,parcel_50368901200000040150230000,449,,,,,1095.111,0.932,
fleet_depot,parcel_50368901300000030030010000,431,,,,,3086.222,2.628,
fleet_depot,parcel_50368901200000030210010000,423,,,,,93.333,0.079,
fleet_depot,parcel_50368901200000030170000000,531,,,,,105.778,0.09,
fleet_depot,parcel_50368901200000030210020000,442,,,,,472.889,0.403,
fleet_depot,parcel_50368901200000030190000000,472,,,,,155.556,0.132,
fleet_depot,parcel_50368901200000030180020000,446,,,,,1512.0,1.287,
fleet_depot,parcel_50368901200000030180010000,456,,,,,1437.333,1.224,
fleet_depot,parcel_50368901300000030020010000,454,,,,,5600.0,4.768,
fleet_depot,parcel_50368901300000040020040000,443,,,,,4200.0,3.576,
fleet_depot,parcel_50368901300000050170000000,449,,,,,416.889,0.355,
fleet_depot,parcel_50368901300000020140000000,695,,,,,0.0,0.0,
fleet_depot,parcel_50368901400000030180020000,414,,,,,927.111,0.789,
fleet_depot,parcel_50368901400000030180010000,414,,,,,460.444,0.392,
fleet_depot,parcel_50368901400000010130000000,695,,,,,0.0,0.0,
fleet_depot,parcel_50368901400000010110000000,414,,,,,1126.222,0.959,
