site_type,site_id,name,lat,lon,ports_2026,ports_scaled,annual_kwh,peak_kw,kwh_per_port_day
public_l2,afdc_114957,La Tourelle Hotel & Spa - Tesla Destination,42.402,-76.503,2.0,12.564,31904.485,21.815,6.957
public_l2,afdc_114959,William Henry Miller Inn - Tesla Destination,42.442,-76.495,1.0,6.282,15952.242,10.907,6.957
public_l2,afdc_117739,Maguire Chevrolet,42.481,-76.478,2.0,12.564,31904.485,21.815,6.957
public_l2,afdc_123135,Allan H. Treman State Park,42.458,-76.52,4.0,25.129,63808.97,43.63,6.957
public_l2,afdc_123137,Cayuga Heights,42.469,-76.479,2.0,12.564,31904.485,21.815,6.957
public_l2,afdc_162227,NORTH WOOD STATION 1,42.487,-76.471,2.0,12.564,31904.485,21.815,6.957
public_l2,afdc_162263,ITHACA VISITORS COLLEGE CIRCLE,42.412,-76.501,2.0,12.564,31904.485,21.815,6.957
public_l2,afdc_162290,HOLT1 HOLT,42.439,-76.51,2.0,12.564,31904.485,21.815,6.957
public_l2,afdc_162296,CITY OF ITHACA DRYDEN,42.442,-76.486,2.0,12.564,31904.485,21.815,6.957
public_l2,afdc_162304,INHS 210 HANCOCK,42.448,-76.503,2.0,12.564,31904.485,21.815,6.957
public_l2,afdc_162307,CITY OF ITHACA SENECA STREET,42.44,-76.496,2.0,12.564,31904.485,21.815,6.957
public_l2,afdc_162315,ITHACA VISITORS ITHACA COLLEGE,42.421,-76.5,2.0,12.564,31904.485,21.815,6.957
public_l2,afdc_162323,CAYUGA STATION ALL PRO GARAGE,42.437,-76.499,2.0,12.564,31904.485,21.815,6.957
public_l2,afdc_162327,ULYSSES TOWN ULYSSES,42.541,-76.661,2.0,12.564,31904.485,21.815,6.957
public_l2,afdc_164859,DRYDEN STATION 1,42.492,-76.287,2.0,12.564,31904.485,21.815,6.957
public_l2,afdc_165558,CCE TOMPKINS STATION ONE,42.451,-76.503,2.0,12.564,31904.485,21.815,6.957
public_l2,afdc_182683,SCIENCENTER SCIENCENTER,42.45,-76.504,2.0,12.564,31904.485,21.815,6.957
public_l2,afdc_186535,CAYUGA MED CTR. CAYUGA MEDICAL,42.469,-76.538,2.0,12.564,31904.485,21.815,6.957
public_l2,afdc_191606,THE MEADOWS STATION 01,42.484,-76.482,2.0,12.564,31904.485,21.815,6.957
public_l2,afdc_226519,BJ'S Wholesale Shopping Club,42.486,-76.493,2.0,12.564,31904.485,21.815,6.957
public_l2,afdc_226520,The Dorm Hotel,42.444,-76.49,1.0,6.282,15952.242,10.907,6.957
public_l2,afdc_226521,Maguire Honda of Ithaca,42.426,-76.509,1.0,6.282,15952.242,10.907,6.957
public_l2,afdc_226539,Inn at Taughannock Falls - Tesla Destination,42.545,-76.598,2.0,12.564,31904.485,21.815,6.957
public_l2,afdc_227121,CORNELL STATION4,42.445,-76.481,2.0,12.564,31904.485,21.815,6.957
public_l2,afdc_229267,CORNELL STATION6,42.445,-76.481,2.0,12.564,31904.485,21.815,6.957
public_l2,afdc_229268,CORNELL STATION2,42.45,-76.479,2.0,12.564,31904.485,21.815,6.957
public_l2,afdc_229269,CORNELL STATION1,42.45,-76.478,2.0,12.564,31904.485,21.815,6.957
public_l2,afdc_229400,CORNELL STATION3,42.443,-76.479,2.0,12.564,31904.485,21.815,6.957
public_l2,afdc_229476,CORNELL STATION5,42.45,-76.479,2.0,12.564,31904.485,21.815,6.957
public_l2,afdc_230851,Village of Dryden,42.49,-76.298,2.0,12.564,31904.485,21.815,6.957
public_l2,afdc_256948,MAGUIRE IMPORTS VOLKS CLIENT,42.422,-76.517,2.0,12.564,31904.485,21.815,6.957
public_l2,afdc_302246,CORNELL CORNELLSTATION7,42.443,-76.48,2.0,12.564,31904.485,21.815,6.957
public_l2,afdc_311780,ITHACAN B,42.439,-76.496,2.0,12.564,31904.485,21.815,6.957
public_l2,afdc_311781,ITHACAN A,42.439,-76.496,2.0,12.564,31904.485,21.815,6.957
public_l2,afdc_311782,ITHACAN C,42.439,-76.496,2.0,12.564,31904.485,21.815,6.957
public_l2,afdc_311783,ITHACAN D,42.439,-76.496,2.0,12.564,31904.485,21.815,6.957
public_l2,afdc_324859,Spruce Row Campground & RV Park,42.516,-76.587,4.0,25.129,63808.97,43.63,6.957
public_l2,afdc_326300,CORNELL STATION10,42.436,-76.455,2.0,12.564,31904.485,21.815,6.957
public_l2,afdc_326305,CORNELL STATION11,42.436,-76.455,2.0,12.564,31904.485,21.815,6.957
public_l2,afdc_326306,CORNELL STATION12,42.436,-76.455,2.0,12.564,31904.485,21.815,6.957
public_l2,afdc_326447,CORNELL STATION8,42.444,-76.484,2.0,12.564,31904.485,21.815,6.957
public_l2,afdc_326448,CORNELL STATION9,42.444,-76.484,2.0,12.564,31904.485,21.815,6.957
public_l2,afdc_333805,Holiday Inn Express Ithaca,42.421,-76.518,4.0,25.129,63808.97,43.63,6.957
public_l2,afdc_333826,Ithaca Bakery,42.443,-76.509,6.0,37.693,95713.454,65.445,6.957
public_l2,afdc_334127,Kendal at Ithaca 3,42.474,-76.488,2.0,12.564,31904.485,21.815,6.957
public_l2,afdc_334240,Rodeway Inn & Suites,42.41,-76.54,4.0,25.129,63808.97,43.63,6.957
public_l2,afdc_341691,SWTCH Energy Inc.,42.437,-76.46,4.0,25.129,63808.97,43.63,6.957
public_l2,afdc_341704,SWTCH Energy Inc.,42.439,-76.46,4.0,25.129,63808.97,43.63,6.957
public_l2,afdc_341740,SWTCH Energy Inc.,42.538,-76.654,2.0,12.564,31904.485,21.815,6.957
public_l2,afdc_341778,SWTCH Energy Inc.,42.501,-76.311,2.0,12.564,31904.485,21.815,6.957
public_l2,afdc_347356,Kendal at Ithaca 2 (North Lot),42.476,-76.486,4.0,25.129,63808.97,43.63,6.957
public_l2,afdc_347357,Kendal at Ithaca 1 (South Lot),42.475,-76.485,4.0,25.129,63808.97,43.63,6.957
public_l2,afdc_347365,Best Western University Inn,42.439,-76.462,8.0,50.258,127617.939,87.26,6.957
public_l2,afdc_347945,Fairview Apartments East,42.44,-76.476,12.0,75.387,191426.909,130.89,6.957
public_l2,afdc_347946,Fairview Apartments West,42.44,-76.476,8.0,50.258,127617.939,87.26,6.957
public_l2,afdc_350529,GREENSTARCOOPER GREENSTAR 1,42.445,-76.51,2.0,12.564,31904.485,21.815,6.957
public_l2,afdc_360737,Ithaca College - Farm Pond Road - North Row,42.428,-76.496,12.0,75.387,191426.909,130.89,6.957
public_l2,afdc_360738,Ithaca College -  Terrace Hall,42.417,-76.498,2.0,12.564,31904.485,21.815,6.957
public_l2,afdc_360739,Ithaca College - Farm Pond Road - South Row,42.427,-76.496,14.0,87.951,223331.394,152.705,6.957
public_l2,afdc_372446,GREENSTARCOOPER GREENSTAR 2,42.445,-76.51,2.0,12.564,31904.485,21.815,6.957
public_l2,afdc_376246,Northside Apartments Site 1,42.445,-76.506,2.0,12.564,31904.485,21.815,6.957
public_l2,afdc_376247,Northside Apartments Site 2,42.445,-76.506,2.0,12.564,31904.485,21.815,6.957
public_l2,afdc_384284,INHS VILLAGE GROVE 6,42.536,-76.661,1.0,6.282,15952.242,10.907,6.957
public_l2,afdc_384285,INHS VILLAGE GROVE 3,42.536,-76.661,1.0,6.282,15952.242,10.907,6.957
public_l2,afdc_384286,INHS VILLAGE GROVE 2,42.536,-76.661,1.0,6.282,15952.242,10.907,6.957
public_l2,afdc_384287,INHS VILLAGE GROVE 5,42.536,-76.661,1.0,6.282,15952.242,10.907,6.957
public_l2,afdc_384288,INHS VILLAGE GROVE 4,42.536,-76.661,1.0,6.282,15952.242,10.907,6.957
public_l2,afdc_384289,INHS VILLAGE GROVE 1,42.536,-76.661,1.0,6.282,15952.242,10.907,6.957
public_l2,afdc_420749,ORLY ITHACA 1,42.432,-76.51,1.0,6.282,15952.242,10.907,6.957
public_l2,afdc_420750,ORLY ITHACA 3,42.432,-76.51,1.0,6.282,15952.242,10.907,6.957
public_l2,afdc_429747,Chrysler L2s,42.428,-76.51,2.0,12.564,31904.485,21.815,6.957
public_l2,afdc_439836,Springwater Inn,42.459,-76.428,4.0,25.129,63808.97,43.63,6.957
public_l2,afdc_447078,Village Hall,42.541,-76.661,2.0,12.564,31904.485,21.815,6.957
public_l2,afdc_452497,308 Main Street,42.586,-76.366,2.0,12.564,31904.485,21.815,6.957
public_l2,afdc_455979,Honda L2's,42.427,-76.51,1.0,6.282,15952.242,10.907,6.957
public_l2,afdc_455980,Imports L2s,42.423,-76.518,1.0,6.282,15952.242,10.907,6.957
public_l2,afdc_455983,Ford Ithaca L2s,42.435,-76.509,4.0,25.129,63808.97,43.63,6.957
public_l2,afdc_456594,HOUSE OF ALPHA STATION 1,42.456,-76.487,2.0,12.564,31904.485,21.815,6.957
public_l2,afdc_456595,HOUSE OF ALPHA STATION 2,42.456,-76.487,2.0,12.564,31904.485,21.815,6.957
public_l2,afdc_458593,ORLY ITHACA 2,42.432,-76.51,1.0,6.282,15952.242,10.907,6.957
public_l2,afdc_458594,ORLY ITHACA 4,42.432,-76.51,1.0,6.282,15952.242,10.907,6.957
public_l2,afdc_460294,FERGUSON ELEC AURORA 2,42.447,-76.509,2.0,12.564,31904.485,21.815,6.957
public_l2,afdc_460295,FERGUSON ELEC AURORA 5,42.447,-76.509,2.0,12.564,31904.485,21.815,6.957
public_l2,afdc_460296,FERGUSON ELEC AURORA 4,42.447,-76.509,2.0,12.564,31904.485,21.815,6.957
public_l2,afdc_460298,FERGUSON ELEC AURORA 1,42.447,-76.509,2.0,12.564,31904.485,21.815,6.957
public_l2,afdc_460299,FERGUSON ELEC AURORA 6,42.447,-76.509,2.0,12.564,31904.485,21.815,6.957
public_l2,afdc_462029,GT-Dryden Mutual Insurance,42.5,-76.3,6.0,37.693,95713.454,65.445,6.957
public_l2,afdc_467971,Parking Lot,42.541,-76.66,2.0,12.564,31904.485,21.815,6.957
public_l2,afdc_467972,Parking Lot,42.542,-76.666,2.0,12.564,31904.485,21.815,6.957
public_l2,afdc_468044,Parking Lot,42.436,-76.465,2.0,12.564,31904.485,21.815,6.957
dcfc,afdc_117739,Maguire Chevrolet,42.481,-76.478,1.0,6.282,520491.411,692.434,226.99
dcfc,afdc_149318,"Ithaca, NY - Tesla Supercharger",42.429,-76.509,8.0,50.258,4163931.289,5539.47,226.99
dcfc,afdc_333805,Holiday Inn Express Ithaca,42.421,-76.518,8.0,50.258,4163931.289,5539.47,226.99
dcfc,afdc_398514,Ithaca College - Athletic Center,42.422,-76.49,4.0,25.129,2081965.644,2769.735,226.99
dcfc,afdc_440986,Chrysler L3s,42.428,-76.51,2.0,12.564,1040982.822,1384.868,226.99
dcfc,afdc_447078,Village Hall,42.541,-76.661,2.0,12.564,1040982.822,1384.868,226.99
dcfc,afdc_449494,Parking Lot DCFC,42.542,-76.666,2.0,12.564,1040982.822,1384.868,226.99
dcfc,afdc_455981,Chevrolet Cadillac L3s,42.481,-76.478,3.0,18.847,1561474.233,2077.301,226.99
dcfc,afdc_455982,Ford Ithaca L3s,42.435,-76.509,4.0,25.129,2081965.644,2769.735,226.99
dcfc,afdc_455985,Chevy of Trumansburg L3's,42.533,-76.639,2.0,12.564,1040982.822,1384.868,226.99
dcfc,afdc_459357,Parking Lot DCFC,42.541,-76.66,2.0,12.564,1040982.822,1384.868,226.99
dcfc,afdc_463625,Ithaca Ford,42.435,-76.509,2.0,12.564,1040982.822,1384.868,226.99
workplace_listed,afdc_44339,Maguire Family of Dealerships,42.435,-76.509,1.0,,132870.848,131.74,
workplace_listed,afdc_157971,Maguire Family of Dealerships,42.423,-76.519,0.0,,0.0,0.0,
workplace_listed,afdc_168427,Village of Dryden,42.485,-76.297,2.0,,265741.696,263.481,
workplace_listed,afdc_168458,Tompkins-Seneca-Tioga BOCES,42.476,-76.464,4.0,,531483.391,526.962,
workplace_listed,afdc_303228,Swtch Energy,42.501,-76.31,2.0,,265741.696,263.481,
workplace_listed,chargeready_56A260F38E53CE12C012D52A07908D7966D69E4F5ECBF7043EB7681EEBF1A5E2,Dryden Mutual Insurance Company,,,6.0,,797225.087,790.443,
workplace_listed,chargeready_FE9A4C96FFF5CD08C8B5BD7CCC15E73D25CA8C3C1ECA4AA6B308C63B6D0B77BE,TST BOCES Ithaca,,,4.0,,531483.391,526.962,
workplace_listed,chargeready_498FEA00DD2D4B8B227D6D6A6B07F9F52AFE255CB81F23F2E051B39205B0D39F,Cornell Cooperative Extension Association of Tompkins County,,,2.0,,265741.696,263.481,
workplace_unlisted_parcel,parcel_50200000900000010230000000,612,42.393,-76.371,,,4989.165,4.947,
workplace_unlisted_parcel,parcel_50200000900000010070040000,442,42.395,-76.401,,,1909.979,1.894,
workplace_unlisted_parcel,parcel_50200003100000010010050000,670,42.327,-76.319,,,5552.047,5.505,
workplace_unlisted_parcel,parcel_50300101400000060010000000,613,42.458,-76.484,,,2390.47,2.37,
workplace_unlisted_parcel,parcel_50300101400000040020020000,613,42.459,-76.479,,,8960.423,8.884,
workplace_unlisted_parcel,parcel_50300100900000060010000000,612,42.466,-76.489,,,4608.574,4.569,
workplace_unlisted_parcel,parcel_50300101000000040010020000,452,42.469,-76.48,,,4821.293,4.78,
workplace_unlisted_parcel,parcel_50300101000000040010020002,465,42.469,-76.48,,,2640.265,2.618,
workplace_unlisted_parcel,parcel_50300100500000030180010000,464,42.47,-76.478,,,2058.564,2.041,
workplace_unlisted_parcel,parcel_50300100300000010010000000,633,42.475,-76.486,,,34092.003,33.802,
workplace_unlisted_parcel,parcel_50220000900000010090120000,464,42.358,-76.512,,,2023.735,2.007,
workplace_unlisted_parcel,parcel_50220001000000010050000000,614,42.359,-76.49,,,2308.453,2.289,
workplace_unlisted_parcel,parcel_50220000200000010350110000,442,42.384,-76.492,,,2695.879,2.673,
workplace_unlisted_parcel,parcel_50220000100000010250010000,710,42.381,-76.51,,,6872.741,6.814,
workplace_unlisted_parcel,parcel_50248907300000020040020000,714,42.403,-76.422,,,2251.622,2.232,
workplace_unlisted_parcel,parcel_50248905400000010090050000,440,42.461,-76.421,,,1965.031,1.948,
workplace_unlisted_parcel,parcel_50248905200000010040320000,710,42.471,-76.41,,,19102.412,18.94,
workplace_unlisted_parcel,parcel_50248905200000010041110000,440,42.472,-76.408,,,3111.206,3.085,
workplace_unlisted_parcel,parcel_50248905200000010080050000,442,42.472,-76.403,,,3841.867,3.809,
workplace_unlisted_parcel,parcel_50248905200000010080020000,442,42.471,-76.401,,,4494.068,4.456,
workplace_unlisted_parcel,parcel_50248904200000010350020000,442,42.473,-76.424,,,4027.809,3.994,
workplace_unlisted_parcel,parcel_50248904200000010350030000,440,42.474,-76.425,,,2293.847,2.274,
workplace_unlisted_parcel,parcel_50248904200000010310060000,710,42.474,-76.428,,,4542.38,4.504,
workplace_unlisted_parcel,parcel_50248904200000010310030000,661,42.475,-76.428,,,2950.356,2.925,
workplace_unlisted_parcel,parcel_50248904300000010290060000,440,42.475,-76.433,,,1895.935,1.88,
workplace_unlisted_parcel,parcel_50248904300000010330020000,642,42.477,-76.432,,,2340.754,2.321,
workplace_unlisted_parcel,parcel_50248904300000010331210000,442,42.477,-76.435,,,6151.256,6.099,
workplace_unlisted_parcel,parcel_50248903900000010010000000,712,42.497,-76.372,,,5617.586,5.57,
workplace_unlisted_parcel,parcel_50248903400000020030030000,449,42.505,-76.359,,,2791.566,2.768,
workplace_unlisted_parcel,parcel_50248903700000010100120000,613,42.499,-76.282,,,15613.517,15.481,
workplace_unlisted_parcel,parcel_50248903700000010080030000,613,42.501,-76.288,,,26135.255,25.913,
workplace_unlisted_parcel,parcel_50248903700000010101120000,613,42.5,-76.285,,,5975.613,5.925,
workplace_unlisted_parcel,parcel_50248903700000010101110000,613,42.5,-76.286,,,5999.207,5.948,
workplace_unlisted_parcel,parcel_50248903800000010260000000,612,42.502,-76.309,,,17644.087,17.494,
workplace_unlisted_parcel,parcel_50248903900000010220020000,449,42.5,-76.349,,,2067.271,2.05,
workplace_unlisted_parcel,parcel_50248903900000010220050000,440,42.497,-76.349,,,1895.748,1.88,
workplace_unlisted_parcel,parcel_50240100800100010020000000,464,42.5,-76.3,,,2929.196,2.904,
workplace_unlisted_parcel,parcel_50240101100000010080070000,449,42.491,-76.292,,,1931.326,1.915,
workplace_unlisted_parcel,parcel_50240101600000020010000000,612,42.488,-76.292,,,11133.586,11.039,
workplace_unlisted_parcel,parcel_50240101100000010090000000,651,42.492,-76.29,,,2396.837,2.376,
workplace_unlisted_parcel,parcel_50240101200000040010010000,633,42.492,-76.295,,,3691.69,3.66,
workplace_unlisted_parcel,parcel_50240100900000010060000000,452,42.495,-76.299,,,2151.535,2.133,
workplace_unlisted_parcel,parcel_50240101300000010110020000,710,42.492,-76.304,,,2265.76,2.246,
workplace_unlisted_parcel,parcel_50260000400000020070040000,710,42.461,-76.574,,,4039.138,4.005,
workplace_unlisted_parcel,parcel_50260001400000020020080000,651,42.418,-76.623,,,2293.473,2.274,
workplace_unlisted_parcel,parcel_50260000800000010100000000,612,42.449,-76.632,,,3994.384,3.96,
workplace_unlisted_parcel,parcel_50240300400000050110110000,633,42.515,-76.344,,,2215.388,2.197,
workplace_unlisted_parcel,parcel_50288903500000010250020000,442,42.552,-76.403,,,3033.496,3.008,
workplace_unlisted_parcel,parcel_50280130800000010030010000,455,42.589,-76.348,,,3833.066,3.8,
workplace_unlisted_parcel,parcel_50280130800000010010010000,715,42.591,-76.35,,,1899.212,1.883,
workplace_unlisted_parcel,parcel_50280130800000010010030000,440,42.59,-76.352,,,3138.732,3.112,
workplace_unlisted_parcel,parcel_50280110800000020370000000,612,42.584,-76.359,,,9348.599,9.269,
workplace_unlisted_parcel,parcel_50280100700000020250040000,633,42.585,-76.368,,,4495.941,4.458,
workplace_unlisted_parcel,parcel_50280100700000020250030000,633,42.585,-76.369,,,3247.152,3.22,
workplace_unlisted_parcel,parcel_50280101100000010010020000,612,42.58,-76.371,,,13213.778,13.101,
workplace_unlisted_parcel,parcel_50280100600000010310000000,652,42.59,-76.37,,,2232.054,2.213,
workplace_unlisted_parcel,parcel_50280100500000010020000000,444,42.592,-76.369,,,1914.192,1.898,
workplace_unlisted_parcel,parcel_50070013000000040050000000,690,42.419,-76.518,,,4024.064,3.99,
workplace_unlisted_parcel,parcel_50070013000000030010000000,456,42.42,-76.519,,,2012.968,1.996,
workplace_unlisted_parcel,parcel_50070012800000010060010000,452,42.421,-76.519,,,4642.373,4.603,
workplace_unlisted_parcel,parcel_50070012900000010100020000,414,42.422,-76.516,,,5296.821,5.252,
workplace_unlisted_parcel,parcel_50070008500000050010000000,612,42.437,-76.478,,,2759.077,2.736,
workplace_unlisted_parcel,parcel_50070006300000050070000000,437,42.442,-76.486,,,6741.103,6.684,
workplace_unlisted_parcel,parcel_50070006300000050020000000,482,42.442,-76.486,,,4494.349,4.456,
workplace_unlisted_parcel,parcel_50070006400000100030000000,613,42.441,-76.485,,,5873.186,5.823,
workplace_unlisted_parcel,parcel_50070006900000010040000000,482,42.44,-76.494,,,2140.955,2.123,
workplace_unlisted_parcel,parcel_50070006900000010110000000,481,42.44,-76.495,,,3980.247,3.946,
workplace_unlisted_parcel,parcel_50070006900000010070000000,482,42.44,-76.495,,,2668.353,2.646,
workplace_unlisted_parcel,parcel_50070006900000010060020000,414,42.44,-76.495,,,6972.828,6.914,
workplace_unlisted_parcel,parcel_50070006100000040050000000,650,42.441,-76.496,,,16650.524,16.509,
workplace_unlisted_parcel,parcel_50070007000000020100000000,463,42.44,-76.497,,,4477.777,4.44,
workplace_unlisted_parcel,parcel_50070007000000030150000000,463,42.44,-76.497,,,3144.35,3.118,
workplace_unlisted_parcel,parcel_50070007000000040040220000,464,42.439,-76.496,,,5426.12,5.38,
workplace_unlisted_parcel,parcel_50070007000000040040210001,437,42.439,-76.496,,,4529.646,4.491,
workplace_unlisted_parcel,parcel_50070007000000040050010000,452,42.439,-76.497,,,10080.851,9.995,
workplace_unlisted_parcel,parcel_50070007000000020050000000,464,42.44,-76.498,,,1992.37,1.975,
workplace_unlisted_parcel,parcel_50070007000000050010000000,481,42.439,-76.499,,,4774.386,4.734,
workplace_unlisted_parcel,parcel_50070007000000050230000000,652,42.439,-76.499,,,2761.98,2.738,
workplace_unlisted_parcel,parcel_50070007000000080010000000,611,42.438,-76.498,,,6463.407,6.408,
workplace_unlisted_parcel,parcel_50070007000000080110000000,642,42.438,-76.497,,,4370.201,4.333,
workplace_unlisted_parcel,parcel_50070007000000040050230000,437,42.439,-76.497,,,15758.732,15.625,
workplace_unlisted_parcel,parcel_50070007000000040040030000,414,42.439,-76.496,,,9431.458,9.351,
workplace_unlisted_parcel,parcel_50070008100000030020020000,410,42.437,-76.497,,,1945.838,1.929,
workplace_unlisted_parcel,parcel_50070008100000030010000000,662,42.437,-76.498,,,2688.015,2.665,
workplace_unlisted_parcel,parcel_50070008100000020010000000,437,42.437,-76.499,,,20838.621,20.661,
workplace_unlisted_parcel,parcel_50070008100000020010000001,464,42.437,-76.499,,,2059.781,2.042,
workplace_unlisted_parcel,parcel_50070008000000100010000000,633,42.438,-76.5,,,6802.896,6.745,
workplace_unlisted_parcel,parcel_50070007000000070040020000,414,42.438,-76.499,,,13387.362,13.273,
workplace_unlisted_parcel,parcel_50070008000000070010000000,642,42.436,-76.502,,,5137.844,5.094,
workplace_unlisted_parcel,parcel_50070010700000010030000000,642,42.433,-76.492,,,2129.065,2.111,
workplace_unlisted_parcel,parcel_50070010600000010080020000,710,42.43,-76.501,,,43333.961,42.965,
workplace_unlisted_parcel,parcel_50070010700000010010000000,612,42.434,-76.494,,,6581.751,6.526,
workplace_unlisted_parcel,parcel_50070011400000010010000000,449,42.428,-76.493,,,2008.287,1.991,
workplace_unlisted_parcel,parcel_50070010400000010010020000,452,42.431,-76.507,,,2493.646,2.472,
workplace_unlisted_parcel,parcel_50070011700000010010020000,452,42.429,-76.51,,,14103.978,13.984,
workplace_unlisted_parcel,parcel_50070011700000030010000000,485,42.429,-76.506,,,2054.538,2.037,
workplace_unlisted_parcel,parcel_50070011700000020010020000,452,42.43,-76.507,,,3870.516,3.838,
workplace_unlisted_parcel,parcel_50070012200000020020000000,431,42.427,-76.509,,,2580.157,2.558,
workplace_unlisted_parcel,parcel_50070011800000010010020000,453,42.427,-76.513,,,17909.986,17.758,
workplace_unlisted_parcel,parcel_50070011800000010020040000,452,42.429,-76.513,,,3744.308,3.712,
workplace_unlisted_parcel,parcel_50070012500000020040000000,414,42.425,-76.513,,,3595.255,3.565,
workplace_unlisted_parcel,parcel_50070012500000010010010000,452,42.425,-76.515,,,3065.61,3.04,
workplace_unlisted_parcel,parcel_50070012500000010030010000,415,42.424,-76.516,,,3007.281,2.982,
workplace_unlisted_parcel,parcel_50070011800000010020020000,453,42.431,-76.514,,,12599.683,12.492,
workplace_unlisted_parcel,parcel_50070009600000020010090000,712,42.434,-76.516,,,4154.673,4.119,
workplace_unlisted_parcel,parcel_50070007800000030020000000,449,42.436,-76.515,,,1930.296,1.914,
workplace_unlisted_parcel,parcel_50070010200000010020030000,452,42.433,-76.509,,,5458.046,5.412,
workplace_unlisted_parcel,parcel_50070009500000010010220000,454,42.435,-76.51,,,11524.477,11.426,
workplace_unlisted_parcel,parcel_50070010200000010020010000,452,42.432,-76.51,,,10490.373,10.401,
workplace_unlisted_parcel,parcel_50070009500000010010010000,431,42.435,-76.509,,,2257.333,2.238,
workplace_unlisted_parcel,parcel_50070009400000010220000000,415,42.434,-76.507,,,3687.009,3.656,
workplace_unlisted_parcel,parcel_50070007900000060080020000,452,42.436,-76.506,,,3650.401,3.619,
workplace_unlisted_parcel,parcel_50070007900000100010000000,415,42.436,-76.509,,,2220.819,2.202,
workplace_unlisted_parcel,parcel_50070007200000070100000000,455,42.438,-76.509,,,3008.592,2.983,
workplace_unlisted_parcel,parcel_50070007300000060010000000,444,42.439,-76.512,,,2084.499,2.067,
workplace_unlisted_parcel,parcel_50070007800000010010020000,710,42.437,-76.515,,,4665.03,4.625,
workplace_unlisted_parcel,parcel_50070007800000010010010000,710,42.437,-76.514,,,2164.175,2.146,
workplace_unlisted_parcel,parcel_50070005700000020010000000,612,42.44,-76.518,,,2456.664,2.436,
workplace_unlisted_parcel,parcel_50070007300000010110000000,464,42.44,-76.514,,,2870.586,2.846,
workplace_unlisted_parcel,parcel_50070004200000020050000000,710,42.445,-76.516,,,2268.756,2.249,
workplace_unlisted_parcel,parcel_50070004300000020050220000,454,42.445,-76.51,,,3276.925,3.249,
workplace_unlisted_parcel,parcel_50070005200000030060000000,456,42.444,-76.509,,,2328.77,2.309,
workplace_unlisted_parcel,parcel_50070007100000020050000000,652,42.44,-76.503,,,6058.379,6.007,
workplace_unlisted_parcel,parcel_50070006000000020080000000,612,42.442,-76.502,,,6457.227,6.402,
workplace_unlisted_parcel,parcel_50070007000000010030000000,464,42.44,-76.499,,,2552.912,2.531,
workplace_unlisted_parcel,parcel_50070006100000050110000000,463,42.441,-76.498,,,8841.05,8.766,
workplace_unlisted_parcel,parcel_50070006100000050010000000,452,42.441,-76.499,,,11001.105,10.908,
workplace_unlisted_parcel,parcel_50070006100000050100000000,414,42.441,-76.497,,,17414.234,17.266,
workplace_unlisted_parcel,parcel_50070006100000020040000000,652,42.442,-76.497,,,6753.274,6.696,
workplace_unlisted_parcel,parcel_50070006100000030140000000,464,42.442,-76.497,,,2771.81,2.748,
workplace_unlisted_parcel,parcel_50070006100000020010000000,620,42.442,-76.499,,,2147.135,2.129,
workplace_unlisted_parcel,parcel_50070004900000040050000000,620,42.443,-76.496,,,2163.707,2.145,
workplace_unlisted_parcel,parcel_50070002800000020010000000,612,42.451,-76.496,,,3488.802,3.459,
workplace_unlisted_parcel,parcel_50070002600000020080000000,482,42.45,-76.501,,,2537.276,2.516,
workplace_unlisted_parcel,parcel_50070001600000010030000000,651,42.453,-76.504,,,9344.479,9.265,
workplace_unlisted_parcel,parcel_50070001700000010010020000,465,42.452,-76.506,,,5663.369,5.615,
workplace_unlisted_parcel,parcel_50070002500000040010000000,650,42.449,-76.505,,,2555.533,2.534,
workplace_unlisted_parcel,parcel_50070003600000010040000000,456,42.448,-76.507,,,2211.082,2.192,
workplace_unlisted_parcel,parcel_50070003600000010030510000,465,42.447,-76.509,,,5996.773,5.946,
workplace_unlisted_parcel,parcel_50070002300000010010000000,455,42.451,-76.509,,,2378.111,2.358,
workplace_unlisted_parcel,parcel_50070000100000010150000000,650,42.464,-76.5,,,1872.529,1.857,
workplace_unlisted_parcel,parcel_50070000500000010010000000,612,42.455,-76.498,,,23909.474,23.706,
workplace_unlisted_parcel,parcel_50070000900000060100000000,613,42.454,-76.482,,,2049.295,2.032,
workplace_unlisted_parcel,parcel_50070003000000010010050000,613,42.449,-76.479,,,14045.368,13.926,
workplace_unlisted_parcel,parcel_50070003000000010010020000,613,42.454,-76.478,,,398180.364,394.793,
workplace_unlisted_parcel,parcel_50070003100000010010060000,613,42.447,-76.484,,,3479.626,3.45,
workplace_unlisted_parcel,parcel_50070003100000010010010000,613,42.446,-76.482,,,31711.832,31.442,
workplace_unlisted_parcel,parcel_50070003100000010010080000,613,42.447,-76.479,,,12314.871,12.21,
workplace_unlisted_parcel,parcel_50070003100000010010020000,613,42.444,-76.478,,,382696.987,379.441,
workplace_unlisted_parcel,parcel_50070006500000030010010000,613,42.443,-76.476,,,10846.902,10.755,
workplace_unlisted_parcel,parcel_50070006500000030030000000,613,42.442,-76.475,,,4790.209,4.749,
workplace_unlisted_parcel,parcel_50070012600000010020020000,652,42.424,-76.519,,,3387.404,3.359,
workplace_unlisted_parcel,parcel_50070012600000010030020000,431,42.423,-76.518,,,6480.634,6.425,
workplace_unlisted_parcel,parcel_50070013100000010060010000,453,42.42,-76.523,,,9103.297,9.026,
workplace_unlisted_parcel,parcel_50070013100000010060020001,452,42.42,-76.522,,,6449.924,6.395,
workplace_unlisted_parcel,parcel_50308904300000020100000000,620,42.404,-76.499,,,2088.993,2.071,
workplace_unlisted_parcel,parcel_50308903600000010040050000,414,42.401,-76.503,,,4091.1,4.056,
workplace_unlisted_parcel,parcel_50308903700100010090000000,415,42.407,-76.504,,,3829.695,3.797,
workplace_unlisted_parcel,parcel_50308903900000010010310000,633,42.416,-76.506,,,13537.07,13.422,
workplace_unlisted_parcel,parcel_50308903900000010010220000,710,42.421,-76.505,,,20084.46,19.914,
workplace_unlisted_parcel,parcel_50308903900000010010010000,464,42.422,-76.502,,,6226.906,6.174,
workplace_unlisted_parcel,parcel_50308904100000010300020000,613,42.418,-76.491,,,207122.814,205.361,
workplace_unlisted_parcel,parcel_50308905400000020010000000,710,42.428,-76.485,,,13024.653,12.914,
workplace_unlisted_parcel,parcel_50308901700000010010020000,612,42.46,-76.499,,,10841.566,10.749,
workplace_unlisted_parcel,parcel_50308906700000010120000000,613,42.448,-76.469,,,3283.572,3.256,
workplace_unlisted_parcel,parcel_50308906300000010080010000,613,42.444,-76.472,,,20484.432,20.31,
workplace_unlisted_parcel,parcel_50308906700000010130010000,613,42.447,-76.471,,,8760.906,8.686,
workplace_unlisted_parcel,parcel_50308906300000010010000000,613,42.447,-76.469,,,13153.389,13.041,
workplace_unlisted_parcel,parcel_50308906700000010100020000,613,42.448,-76.465,,,11734.762,11.635,
workplace_unlisted_parcel,parcel_50308906700000010100050000,613,42.447,-76.467,,,10940.622,10.848,
workplace_unlisted_parcel,parcel_50308906700000010110000000,650,42.448,-76.468,,,2661.893,2.639,
workplace_unlisted_parcel,parcel_50308906700000010100030000,610,42.447,-76.466,,,11746.371,11.646,
workplace_unlisted_parcel,parcel_50308906300000010020020000,613,42.445,-76.468,,,7037.711,6.978,
workplace_unlisted_parcel,parcel_50308906700000010100060000,613,42.447,-76.465,,,35432.453,35.131,
workplace_unlisted_parcel,parcel_50308906400000010010000000,613,42.444,-76.459,,,8318.146,8.247,
workplace_unlisted_parcel,parcel_50308906300000010030040000,464,42.44,-76.463,,,7244.626,7.183,
workplace_unlisted_parcel,parcel_50308906200000020130070000,415,42.438,-76.461,,,4338.649,4.302,
workplace_unlisted_parcel,parcel_50308906200000020011210000,452,42.437,-76.463,,,11015.898,10.922,
workplace_unlisted_parcel,parcel_50308906000000010090010000,613,42.434,-76.465,,,3141.541,3.115,
workplace_unlisted_parcel,parcel_50308906000000010080020000,613,42.436,-76.466,,,5789.39,5.74,
workplace_unlisted_parcel,parcel_50308906500000010050020000,613,42.451,-76.458,,,11037.619,10.944,
workplace_unlisted_parcel,parcel_50308907300000010010040000,612,42.478,-76.466,,,2085.622,2.068,
workplace_unlisted_parcel,parcel_50308907300000010010310000,612,42.476,-76.464,,,17244.115,17.097,
workplace_unlisted_parcel,parcel_50308907200000010110000000,612,42.473,-76.469,,,5228.849,5.184,
workplace_unlisted_parcel,parcel_50308907200000010020020000,612,42.476,-76.469,,,12244.558,12.14,
workplace_unlisted_parcel,parcel_50308902400000050010020000,710,42.463,-76.569,,,2439.624,2.419,
workplace_unlisted_parcel,parcel_50308902400000030040000000,465,42.469,-76.541,,,2511.342,2.49,
workplace_unlisted_parcel,parcel_50308902400000030024120000,465,42.47,-76.537,,,3221.311,3.194,
workplace_unlisted_parcel,parcel_50308902600000040460010000,633,42.463,-76.532,,,10826.585,10.734,
workplace_unlisted_parcel,parcel_50308902400000030030010000,615,42.466,-76.537,,,2300.589,2.281,
workplace_unlisted_parcel,parcel_50308902400000030020010000,641,42.471,-76.535,,,3396.299,3.367,
workplace_unlisted_parcel,parcel_50308902700000010110030000,633,42.46,-76.53,,,6778.553,6.721,
workplace_unlisted_parcel,parcel_50308903300000020060010000,651,42.41,-76.545,,,4288.839,4.252,
workplace_unlisted_parcel,parcel_50308903300000030020100000,714,42.416,-76.535,,,3958.9,3.925,
workplace_unlisted_parcel,parcel_50308903100000010100010000,651,42.425,-76.535,,,5022.871,4.98,
workplace_unlisted_parcel,parcel_50328904400000010500020000,613,42.499,-76.459,,,4665.779,4.626,
workplace_unlisted_parcel,parcel_50328903900000010500060000,710,42.508,-76.469,,,6709.27,6.652,
workplace_unlisted_parcel,parcel_50328903900000010500100000,710,42.508,-76.464,,,6114.742,6.063,
workplace_unlisted_parcel,parcel_50328904400000010200030000,714,42.505,-76.474,,,2808.793,2.785,
workplace_unlisted_parcel,parcel_50328904400000010530110000,710,42.497,-76.472,,,17320.889,17.174,
workplace_unlisted_parcel,parcel_50328903000000010160120000,652,42.54,-76.488,,,3972.757,3.939,
workplace_unlisted_parcel,parcel_50328903700100020532210000,710,42.534,-76.498,,,2858.04,2.834,
workplace_unlisted_parcel,parcel_50328903600000010090020000,720,42.531,-76.519,,,25031.119,24.818,
workplace_unlisted_parcel,parcel_50328903500000020080020000,662,42.54,-76.513,,,2782.765,2.759,
workplace_unlisted_parcel,parcel_50328903700100020510000000,633,42.535,-76.501,,,3414.369,3.385,
workplace_unlisted_parcel,parcel_50328903100000010140020000,670,42.544,-76.496,,,4931.304,4.889,
workplace_unlisted_parcel,parcel_50328903200000010190000000,612,42.546,-76.532,,,15422.613,15.291,
workplace_unlisted_parcel,parcel_50328903200000010280000000,612,42.544,-76.538,,,4782.157,4.741,
workplace_unlisted_parcel,parcel_50328903600000010010000000,720,42.533,-76.531,,,10419.03,10.33,
workplace_unlisted_parcel,parcel_50328903200000010030000000,449,42.549,-76.541,,,6612.46,6.556,
workplace_unlisted_parcel,parcel_50328900800000010110050000,449,42.609,-76.5,,,2824.522,2.8,
workplace_unlisted_parcel,parcel_50328903100000010130000000,670,42.549,-76.496,,,10142.644,10.056,
workplace_unlisted_parcel,parcel_50328903000000010160310000,449,42.542,-76.491,,,2247.034,2.228,
workplace_unlisted_parcel,parcel_50328903000000010160320000,449,42.542,-76.489,,,3799.735,3.767,
workplace_unlisted_parcel,parcel_50320104500100010550040000,613,42.481,-76.454,,,9954.643,9.87,
workplace_unlisted_parcel,parcel_50320104500200010460210000,461,42.492,-76.486,,,1944.808,1.928,
workplace_unlisted_parcel,parcel_50320104500100010510130000,710,42.489,-76.47,,,6911.971,6.853,
workplace_unlisted_parcel,parcel_50320104600100010040030000,710,42.488,-76.468,,,2438.032,2.417,
workplace_unlisted_parcel,parcel_50320104500100010520060000,449,42.489,-76.467,,,2172.133,2.154,
workplace_unlisted_parcel,parcel_50320104400100010530110000,710,42.491,-76.47,,,5590.996,5.543,
workplace_unlisted_parcel,parcel_50320104400100010531220000,710,42.493,-76.47,,,20747.429,20.571,
workplace_unlisted_parcel,parcel_50320104500100010520050000,652,42.49,-76.466,,,3269.809,3.242,
workplace_unlisted_parcel,parcel_50320104500100010550030000,613,42.486,-76.461,,,3565.856,3.536,
workplace_unlisted_parcel,parcel_50320104500100010550200000,464,42.485,-76.461,,,3721.463,3.69,
workplace_unlisted_parcel,parcel_50320104500100010550080000,464,42.485,-76.459,,,7106.808,7.046,
workplace_unlisted_parcel,parcel_50320104500100010550140000,613,42.487,-76.462,,,3132.74,3.106,
workplace_unlisted_parcel,parcel_50320104500100010550180000,464,42.485,-76.462,,,1949.302,1.933,
workplace_unlisted_parcel,parcel_50320104500100010550120000,464,42.483,-76.463,,,1872.529,1.857,
workplace_unlisted_parcel,parcel_50320104500100010550110000,464,42.485,-76.464,,,1926.457,1.91,
workplace_unlisted_parcel,parcel_50320104500100010550190000,414,42.484,-76.465,,,6289.823,6.236,
workplace_unlisted_parcel,parcel_50320104500100010550130000,464,42.487,-76.464,,,2319.688,2.3,
workplace_unlisted_parcel,parcel_50320104500100010520210000,464,42.488,-76.465,,,2129.252,2.111,
workplace_unlisted_parcel,parcel_50320104500100010520220000,464,42.488,-76.467,,,3782.508,3.75,
workplace_unlisted_parcel,parcel_50320104500100010550220000,464,42.487,-76.466,,,3125.999,3.099,
workplace_unlisted_parcel,parcel_50320104500100010570030000,642,42.479,-76.466,,,3115.887,3.089,
workplace_unlisted_parcel,parcel_50320104500100010550210000,613,42.483,-76.462,,,3309.694,3.282,
workplace_unlisted_parcel,parcel_50320104600100060050060000,452,42.48,-76.477,,,3508.463,3.479,
workplace_unlisted_parcel,parcel_50320104700100010200020000,415,42.483,-76.487,,,7880.443,7.813,
workplace_unlisted_parcel,parcel_50320104700100010210010000,454,42.482,-76.487,,,4490.604,4.452,
workplace_unlisted_parcel,parcel_50320104700100010210020000,452,42.482,-76.485,,,1941.812,1.925,
workplace_unlisted_parcel,parcel_50320104600100050040040000,415,42.482,-76.483,,,2667.979,2.645,
workplace_unlisted_parcel,parcel_50320104600100060020320000,452,42.48,-76.481,,,14882.763,14.756,
workplace_unlisted_parcel,parcel_50320104600100060020010000,414,42.479,-76.48,,,7553.312,7.489,
workplace_unlisted_parcel,parcel_50320104600100060040010000,414,42.48,-76.479,,,6610.026,6.554,
workplace_unlisted_parcel,parcel_50320104600100060050110000,431,42.481,-76.477,,,2362.663,2.343,
workplace_unlisted_parcel,parcel_50320104600100050040020000,452,42.483,-76.482,,,18968.901,18.808,
workplace_unlisted_parcel,parcel_50320104700100010220050000,451,42.484,-76.489,,,2042.367,2.025,
workplace_unlisted_parcel,parcel_50320104700100010170070000,452,42.484,-76.488,,,3520.354,3.49,
workplace_unlisted_parcel,parcel_50320104500200010460030000,464,42.489,-76.488,,,2511.903,2.491,
workplace_unlisted_parcel,parcel_50320104700100010170220000,453,42.487,-76.492,,,8394.92,8.323,
workplace_unlisted_parcel,parcel_50320104700100010240000000,453,42.485,-76.49,,,11670.534,11.571,
workplace_unlisted_parcel,parcel_50320104700100010220010000,464,42.483,-76.49,,,4910.051,4.868,
workplace_unlisted_parcel,parcel_50320104700100010220020000,451,42.483,-76.49,,,30759.839,30.498,
workplace_unlisted_parcel,parcel_50320104700100010220030000,464,42.483,-76.493,,,58312.598,57.816,
workplace_unlisted_parcel,parcel_50320104700100010220060000,451,42.481,-76.49,,,7610.892,7.546,
workplace_unlisted_parcel,parcel_50340001100000010280030000,442,42.347,-76.621,,,5173.047,5.129,
workplace_unlisted_parcel,parcel_50340001200000010040000000,612,42.358,-76.597,,,19284.235,19.12,
workplace_unlisted_parcel,parcel_50340001200000010020030000,633,42.359,-76.598,,,2416.685,2.396,
workplace_unlisted_parcel,parcel_50340002700000010141310000,710,42.306,-76.564,,,4531.519,4.493,
workplace_unlisted_parcel,parcel_50340000400000010290100000,442,42.387,-76.553,,,2687.453,2.665,
workplace_unlisted_parcel,parcel_50360101000000010110020000,612,42.537,-76.654,,,23033.505,22.838,
workplace_unlisted_parcel,parcel_50360100600000010280010000,633,42.54,-76.664,,,3914.334,3.881,
workplace_unlisted_parcel,parcel_50360100600000010360020000,633,42.54,-76.665,,,2054.913,2.037,
workplace_unlisted_parcel,parcel_50368903300000010080020000,710,42.489,-76.579,,,2377.362,2.357,
workplace_unlisted_parcel,parcel_50368903300000010080110000,473,42.489,-76.576,,,16945.634,16.801,
workplace_unlisted_parcel,parcel_50368903300000020110000000,614,42.493,-76.558,,,3856.566,3.824,
workplace_unlisted_parcel,parcel_50368902600000020130010000,484,42.497,-76.593,,,2037.124,2.02,
workplace_unlisted_parcel,parcel_50368902200000020040000000,642,42.513,-76.694,,,1880.487,1.864,
workplace_unlisted_parcel,parcel_50368901300000030030010000,431,42.533,-76.638,,,2430.542,2.41,
workplace_unlisted_parcel,parcel_50368901300000030020010000,454,42.534,-76.641,,,4412.239,4.375,
workplace_unlisted_parcel,parcel_50368901300000040020040000,443,42.531,-76.636,,,3307.166,3.279,
fleet_depot,parcel_50248902500000010200000000,695,,,,,0.0,0.0,
fleet_depot,parcel_50248902500000010130020000,440,,,,,22896.945,19.57,
fleet_depot,parcel_50288903800000050100000000,421,,,,,22623.821,19.337,
fleet_depot,parcel_50288903800000050040010000,831,,,,,0.0,0.0,
fleet_depot,parcel_50288903800000050150000000,695,,,,,0.0,0.0,
fleet_depot,parcel_50288903800000020050000000,695,,,,,0.0,0.0,
fleet_depot,parcel_50248902600000010140040000,449,,,,,0.0,0.0,
fleet_depot,parcel_50248903500000010060010000,720,,,,,864.895,0.739,
fleet_depot,parcel_50248903500000010150030000,612,,,,,2230.518,1.906,
fleet_depot,parcel_50248903800000010300110000,456,,,,,3641.661,3.113,
fleet_depot,parcel_50248903800000010300150000,442,,,,,3004.371,2.568,
fleet_depot,parcel_50248903800000010300020000,831,,,,,864.895,0.739,
fleet_depot,parcel_50248903800000010320000000,421,,,,,1593.227,1.362,
fleet_depot,parcel_50248903700000010060000000,484,,,,,182.083,0.156,
fleet_depot,parcel_50248903700000010040020000,472,,,,,1684.268,1.44,
fleet_depot,parcel_50248903800000010310010000,462,,,,,591.77,0.506,
fleet_depot,parcel_50248903700000010020010000,485,,,,,1183.54,1.012,
fleet_depot,parcel_50248903700000010100030000,449,,,,,1547.706,1.323,
fleet_depot,parcel_50248903800000010281110000,485,,,,,637.291,0.545,
fleet_depot,parcel_50248903800000010281120000,485,,,,,500.728,0.428,
fleet_depot,parcel_50248903700000010010020000,455,,,,,364.166,0.311,
fleet_depot,parcel_50248903500000010230000000,484,,,,,591.77,0.506,
fleet_depot,parcel_50248903600000010090020000,449,,,,,2867.808,2.451,
fleet_depot,parcel_50248903600000010180030000,484,,,,,45.521,0.039,
fleet_depot,parcel_50248903600000010170410000,449,,,,,1638.748,1.401,
fleet_depot,parcel_50248903600000010170420000,442,,,,,2594.684,2.218,
fleet_depot,parcel_50248903600000010170030000,449,,,,,1957.393,1.673,
fleet_depot,parcel_50248903600000010120010000,484,,,,,455.208,0.389,
fleet_depot,parcel_50248903600000010120310000,433,,,,,546.249,0.467,
fleet_depot,parcel_50248903700000010080020000,613,,,,,2139.476,1.829,
fleet_depot,parcel_50248903700000010080020099,837,,,,,0.0,0.0,
fleet_depot,parcel_50248903700000010100120000,613,,,,,35961.405,30.736,
fleet_depot,parcel_50248903700000010080040000,613,,,,,0.0,0.0,
fleet_depot,parcel_50248903600000010190020000,613,,,,,1957.393,1.673,
fleet_depot,parcel_50248903600000010040040000,877,,,,,0.0,0.0,
fleet_depot,parcel_50248903700000010080030000,613,,,,,60223.973,51.473,
fleet_depot,parcel_50248903700000010101120000,613,,,,,13747.271,11.75,
fleet_depot,parcel_50248903700000010101110000,613,,,,,13838.313,11.828,
fleet_depot,parcel_50248903700000010050000000,462,,,,,318.645,0.272,
fleet_depot,parcel_50248903700000010070000000,433,,,,,728.332,0.623,
fleet_depot,parcel_50248904800000010660010000,620,,,,,3186.454,2.723,
fleet_depot,parcel_50248904700000010070330000,878,,,,,0.0,0.0,
fleet_depot,parcel_50248904700000010070310000,878,,,,,0.0,0.0,
fleet_depot,parcel_50248904700000010070010000,872,,,,,0.0,0.0,
fleet_depot,parcel_50248904700000010010390000,457,,,,,318.645,0.272,
fleet_depot,parcel_50248904700000010010310000,457,,,,,2503.642,2.14,
fleet_depot,parcel_50248903800000010120020000,620,,,,,3095.412,2.646,
fleet_depot,parcel_50248903800000010180050000,534,,,,,1092.498,0.934,
fleet_depot,parcel_50248903800000010260000000,612,,,,,40650.044,34.744,
fleet_depot,parcel_50248904800000010830000000,484,,,,,227.604,0.195,
fleet_depot,parcel_50248906100000010110410000,440,,,,,819.374,0.7,
fleet_depot,parcel_50248906200000010210000000,837,,,,,91.042,0.078,
fleet_depot,parcel_50248906100000010070020000,650,,,,,0.0,0.0,
fleet_depot,parcel_50248904800000010730010000,650,,,,,0.0,0.0,
fleet_depot,parcel_50248903600000010310010099,837,,,,,0.0,0.0,
fleet_depot,parcel_50240100800100010010010000,464,,,,,1638.748,1.401,
fleet_depot,parcel_50240100900000010010010000,433,,,,,1911.872,1.634,
fleet_depot,parcel_50240100900000010020000000,422,,,,,682.811,0.584,
fleet_depot,parcel_50240100800100010080000000,465,,,,,591.77,0.506,
fleet_depot,parcel_50240100800100010020000000,464,,,,,6737.073,5.758,
fleet_depot,parcel_50240100800100010050000000,421,,,,,955.936,0.817,
fleet_depot,parcel_50240100800100010060010000,456,,,,,1957.393,1.673,
fleet_depot,parcel_50240100900000020010000000,484,,,,,182.083,0.156,
fleet_depot,parcel_50240100900000030210010000,464,,,,,227.604,0.195,
fleet_depot,parcel_50240100900000010030000000,456,,,,,2458.121,2.101,
fleet_depot,parcel_50240100900000030180020000,485,,,,,1547.706,1.323,
fleet_depot,parcel_50240100900000010040020000,486,,,,,2093.955,1.79,
fleet_depot,parcel_50240100900000030190020000,455,,,,,2048.434,1.751,
fleet_depot,parcel_50240100900000030180030000,456,,,,,3049.891,2.607,
fleet_depot,parcel_50240100900000030250000000,662,,,,,0.0,0.0,
fleet_depot,parcel_50240101100000010080020000,652,,,,,2503.642,2.14,
fleet_depot,parcel_50240101100000010080040000,651,,,,,1729.789,1.478,
fleet_depot,parcel_50240101100000010080070000,449,,,,,4461.035,3.813,
fleet_depot,parcel_50240101600000020010000000,612,,,,,25673.712,21.943,
fleet_depot,parcel_50240101100000010090000000,651,,,,,5508.013,4.708,
fleet_depot,parcel_50240101100000010100000000,652,,,,,682.811,0.584,
fleet_depot,parcel_50240101800000020180000000,845,,,,,0.0,0.0,
fleet_depot,parcel_50240101600000010100020000,484,,,,,1365.623,1.167,
fleet_depot,parcel_50240101800000010030000000,651,,,,,2276.038,1.945,
fleet_depot,parcel_50240101500000070140000000,438,,,,,0.0,0.0,
fleet_depot,parcel_50240101500000070090110000,614,,,,,1092.498,0.934,
fleet_depot,parcel_50240101500000070090120000,465,,,,,1046.978,0.895,
fleet_depot,parcel_50240101500000070130000000,662,,,,,1274.581,1.089,
fleet_depot,parcel_50240101500000020170000000,481,,,,,1092.498,0.934,
fleet_depot,parcel_50240101500000020150010000,482,,,,,637.291,0.545,
fleet_depot,parcel_50240101500000020140000000,481,,,,,591.77,0.506,
fleet_depot,parcel_50240101500000020080000000,464,,,,,637.291,0.545,
fleet_depot,parcel_50240101500000020110000000,481,,,,,637.291,0.545,
fleet_depot,parcel_50240101500000020230000000,438,,,,,0.0,0.0,
fleet_depot,parcel_50240101500000020100000000,481,,,,,591.77,0.506,
fleet_depot,parcel_50240101500000020130000000,481,,,,,455.208,0.389,
fleet_depot,parcel_50240101500000020120000000,481,,,,,500.728,0.428,
fleet_depot,parcel_50240101200000050150000000,482,,,,,1547.706,1.323,
fleet_depot,parcel_50240101200000050110000000,481,,,,,455.208,0.389,
fleet_depot,parcel_50240101200000050120000000,481,,,,,637.291,0.545,
fleet_depot,parcel_50240101200000050080000000,590,,,,,0.0,0.0,
fleet_depot,parcel_50240101500000020190000000,481,,,,,1365.623,1.167,
fleet_depot,parcel_50240101500000020200000000,831,,,,,0.0,0.0,
fleet_depot,parcel_50240101500000020180000000,461,,,,,1593.227,1.362,
fleet_depot,parcel_50240101500000020210000000,464,,,,,773.853,0.661,
fleet_depot,parcel_50240101500000030010000000,482,,,,,455.208,0.389,
fleet_depot,parcel_50240101500000030230000000,464,,,,,546.249,0.467,
fleet_depot,parcel_50240101200000040070000000,620,,,,,1820.831,1.556,
fleet_depot,parcel_50240101200000040060000000,620,,,,,2958.85,2.529,
fleet_depot,parcel_50240101200000040050000000,484,,,,,1684.268,1.44,
fleet_depot,parcel_50240101100000010070000000,650,,,,,0.0,0.0,
fleet_depot,parcel_50240101200000040010010000,633,,,,,8512.383,7.276,
fleet_depot,parcel_50240100900000030240000000,662,,,,,0.0,0.0,
fleet_depot,parcel_50240101200000040010020000,681,,,,,1092.498,0.934,
fleet_depot,parcel_50240101200000050100000000,482,,,,,1775.31,1.517,
fleet_depot,parcel_50240101200000050140020000,482,,,,,910.415,0.778,
fleet_depot,parcel_50240101200000050140010000,449,,,,,910.415,0.778,
fleet_depot,parcel_50240101200000050040000000,422,,,,,409.687,0.35,
fleet_depot,parcel_50240101200000050160000000,611,,,,,1320.102,1.128,
fleet_depot,parcel_50240101200000030020000000,710,,,,,2276.038,1.945,
fleet_depot,parcel_50240100900000030220000000,662,,,,,3505.099,2.996,
fleet_depot,parcel_50240100900000030180110000,426,,,,,637.291,0.545,
fleet_depot,parcel_50240100900000010050010000,438,,,,,0.0,0.0,
fleet_depot,parcel_50240100900000010060000000,452,,,,,4961.763,4.241,
fleet_depot,parcel_50240101200000060100000000,486,,,,,728.332,0.623,
fleet_depot,parcel_50240101200000060030000000,590,,,,,136.562,0.117,
fleet_depot,parcel_50240101200000060160020000,449,,,,,819.374,0.7,
fleet_depot,parcel_50240101300000010430000000,710,,,,,2594.684,2.218,
fleet_depot,parcel_50240101300000010110010000,449,,,,,4278.952,3.657,
fleet_depot,parcel_50240101300000010110020000,710,,,,,5234.888,4.474,
fleet_depot,parcel_50240101300000010150000000,449,,,,,2230.518,1.906,
fleet_depot,parcel_50240101300000010130000000,449,,,,,500.728,0.428,
fleet_depot,parcel_50240101300000010200000000,449,,,,,500.728,0.428,
fleet_depot,parcel_50240101300000010060000000,433,,,,,1001.457,0.856,
fleet_depot,parcel_50240101300000010160000000,485,,,,,728.332,0.623,
fleet_depot,parcel_50240101400000030080020000,484,,,,,2458.121,2.101,
fleet_depot,parcel_50240101500000010010000000,485,,,,,1866.351,1.595,
fleet_depot,parcel_50240101500000010020000000,471,,,,,2640.204,2.257,
fleet_depot,parcel_50240101200000060020000000,591,,,,,0.0,0.0,
fleet_depot,parcel_50240101200000060140000000,425,,,,,1502.185,1.284,
fleet_depot,parcel_50240101200000060130010000,483,,,,,364.166,0.311,
fleet_depot,parcel_50240101400000030230000000,620,,,,,2230.518,1.906,
fleet_depot,parcel_50240101400000010170100000,591,,,,,0.0,0.0,
fleet_depot,parcel_50240101900000010020000000,822,,,,,0.0,0.0,
fleet_depot,parcel_50240101900000020100020000,695,,,,,0.0,0.0,
fleet_depot,parcel_50240101300000010280000000,431,,,,,546.249,0.467,
fleet_depot,parcel_50240101300000010050010000,853,,,,,0.0,0.0,
fleet_depot,parcel_50240100800000010100000000,464,,,,,591.77,0.506,
fleet_depot,parcel_50240100900000010010210000,484,,,,,1092.498,0.934,
fleet_depot,parcel_50240100800100010010050000,456,,,,,1729.789,1.478,
fleet_depot,parcel_50240100800000010020000000,484,,,,,1092.498,0.934,
fleet_depot,parcel_50248906400000010290000099,837,,,,,0.0,0.0,
fleet_depot,parcel_50248905200000010520000000,613,,,,,0.0,0.0,
fleet_depot,parcel_50248905800000010140000000,615,,,,,364.166,0.311,
fleet_depot,parcel_50248905200000010420000000,613,,,,,0.0,0.0,
fleet_depot,parcel_50248905800000010200000000,871,,,,,0.0,0.0,
fleet_depot,parcel_50248905700000010400000000,590,,,,,0.0,0.0,
fleet_depot,parcel_50248905200000010570000000,695,,,,,0.0,0.0,
fleet_depot,parcel_50248905200000010140020000,455,,,,,8284.779,7.081,
fleet_depot,parcel_50248905200000010140010000,486,,,,,1456.665,1.245,
fleet_depot,parcel_50248905200000010080020000,442,,,,,27813.188,23.772,
fleet_depot,parcel_50248905200000010130000000,870,,,,,107383.487,91.781,
fleet_depot,parcel_50248905200000010490040000,449,,,,,2321.559,1.984,
fleet_depot,parcel_50248905200000010490010000,465,,,,,3323.016,2.84,
fleet_depot,parcel_50248903000000010050210000,555,,,,,9286.236,7.937,
fleet_depot,parcel_50248903000000010010030000,822,,,,,0.0,0.0,
fleet_depot,parcel_50248902100000010430000000,433,,,,,2958.85,2.529,
fleet_depot,parcel_50248905200000010490030000,433,,,,,682.811,0.584,
fleet_depot,parcel_50248904000000010340010000,591,,,,,0.0,0.0,
fleet_depot,parcel_50248903900000010010000000,712,,,,,34777.865,29.725,
fleet_depot,parcel_50248903200000010210000000,555,,,,,9786.965,8.365,
fleet_depot,parcel_50248903900000010120130000,449,,,,,7875.093,6.731,
fleet_depot,parcel_50248903400000020030030000,449,,,,,17297.891,14.785,
fleet_depot,parcel_50248903300000010240000000,591,,,,,0.0,0.0,
fleet_depot,parcel_50248903300000010220000000,591,,,,,0.0,0.0,
fleet_depot,parcel_50248902800000010020010000,852,,,,,0.0,0.0,
fleet_depot,parcel_50248902400000010160040000,720,,,,,0.0,0.0,
fleet_depot,parcel_50248902500000010090000000,486,,,,,1547.706,1.323,
fleet_depot,parcel_50248902700000010270020000,440,,,,,8876.549,7.587,
fleet_depot,parcel_50248902700000010270010000,613,,,,,0.0,0.0,
fleet_depot,parcel_50248903500000010070030000,720,,,,,0.0,0.0,
fleet_depot,parcel_50248903500000010130010000,720,,,,,0.0,0.0,
fleet_depot,parcel_50248903500000010110140000,720,,,,,0.0,0.0,
fleet_depot,parcel_50248903600000010120050000,447,,,,,3323.016,2.84,
fleet_depot,parcel_50248903800000010070010000,485,,,,,2594.684,2.218,
fleet_depot,parcel_50248903800000010230220000,615,,,,,0.0,0.0,
fleet_depot,parcel_50248903800000010180040000,433,,,,,1138.019,0.973,
fleet_depot,parcel_50248903800000010010000000,615,,,,,0.0,0.0,
fleet_depot,parcel_50248903800000010230210000,615,,,,,0.0,0.0,
fleet_depot,parcel_50248903500000010030020000,615,,,,,7556.447,6.459,
fleet_depot,parcel_50248903900000010220020000,449,,,,,12791.335,10.933,
fleet_depot,parcel_50248903900000010220050000,440,,,,,11744.358,10.038,
fleet_depot,parcel_50248903900000010140020000,485,,,,,2549.163,2.179,
fleet_depot,parcel_50248903900000010150000000,455,,,,,1365.623,1.167,
fleet_depot,parcel_50248903900000010160000000,433,,,,,6418.428,5.486,
fleet_depot,parcel_50248903900000010170310000,484,,,,,1411.144,1.206,
fleet_depot,parcel_50248904600000010950000000,714,,,,,4870.722,4.163,
fleet_depot,parcel_50248903900000010170410000,484,,,,,910.415,0.778,
fleet_depot,parcel_50248903900000010170050000,449,,,,,2867.808,2.451,
fleet_depot,parcel_50248903900000010180020000,620,,,,,5052.805,4.319,
fleet_depot,parcel_50248903900000010190000000,534,,,,,0.0,0.0,
fleet_depot,parcel_50248903900000010200000000,720,,,,,0.0,0.0,
fleet_depot,parcel_50248903800000010050000000,695,,,,,0.0,0.0,
fleet_depot,parcel_50248904700000010010380000,465,,,,,2139.476,1.829,
fleet_depot,parcel_50248904700000010010010000,433,,,,,1911.872,1.634,
fleet_depot,parcel_50248904600000010691910000,465,,,,,1911.872,1.634,
fleet_depot,parcel_50248904600000010691620000,456,,,,,10697.38,9.143,
fleet_depot,parcel_50248903900000010280040000,472,,,,,1274.581,1.089,
fleet_depot,parcel_50248903900000010280020000,695,,,,,0.0,0.0,
fleet_depot,parcel_50248904600000010691610000,440,,,,,2093.955,1.79,
fleet_depot,parcel_50248904600000010690170000,442,,,,,9604.882,8.209,
fleet_depot,parcel_50248904600000010560010000,820,,,,,0.0,0.0,
fleet_depot,parcel_50248904600000010040210000,464,,,,,2412.601,2.062,
fleet_depot,parcel_50248904600000010360070000,522,,,,,273.125,0.233,
fleet_depot,parcel_50248904600000010140310000,464,,,,,9286.236,7.937,
fleet_depot,parcel_50248904600000010020030000,620,,,,,7192.281,6.147,
fleet_depot,parcel_50248904600000010150020000,425,,,,,2958.85,2.529,
fleet_depot,parcel_50248905100000010010000000,613,,,,,0.0,0.0,
fleet_depot,parcel_50248904400000010260000000,474,,,,,0.0,0.0,
fleet_depot,parcel_50248905200000010510010099,833,,,,,591.77,0.506,
fleet_depot,parcel_50248905100000010020000000,613,,,,,0.0,0.0,
fleet_depot,parcel_50248905200000010530000000,613,,,,,0.0,0.0,
fleet_depot,parcel_50248905200000010530000991,837,,,,,0.0,0.0,
fleet_depot,parcel_50248905200000010530000992,837,,,,,0.0,0.0,
fleet_depot,parcel_50248905900000010020000000,613,,,,,0.0,0.0,
fleet_depot,parcel_50248905100000010200520000,555,,,,,12518.211,10.699,
fleet_depot,parcel_50248905000000010330510000,714,,,,,409.687,0.35,
fleet_depot,parcel_50248906000000010070000099,837,,,,,0.0,0.0,
fleet_depot,parcel_50248906300000010150510000,438,,,,,0.0,0.0,
fleet_depot,parcel_50248906300000010150030000,581,,,,,0.0,0.0,
fleet_depot,parcel_50248902600000010230000000,441,,,,,1138.019,0.973,
fleet_depot,parcel_50240300500000040050000000,433,,,,,1138.019,0.973,
fleet_depot,parcel_50240300100000020010630000,472,,,,,1593.227,1.362,
fleet_depot,parcel_50240300400000020010000000,591,,,,,0.0,0.0,
fleet_depot,parcel_50240300100000010040000000,591,,,,,0.0,0.0,
fleet_depot,parcel_50240300400000010090000000,464,,,,,1138.019,0.973,
fleet_depot,parcel_50240300400000010080000000,620,,,,,0.0,0.0,
fleet_depot,parcel_50240300400000020110000000,485,,,,,2093.955,1.79,
fleet_depot,parcel_50240300400000020190000000,483,,,,,1456.665,1.245,
fleet_depot,parcel_50240300500000020080000000,612,,,,,7237.802,6.186,
fleet_depot,parcel_50240300500000020090000000,620,,,,,1183.54,1.012,
fleet_depot,parcel_50240300500000020280000000,440,,,,,3778.224,3.229,
fleet_depot,parcel_50240300400000040120000000,710,,,,,2139.476,1.829,
fleet_depot,parcel_50240300400000040010000000,483,,,,,1138.019,0.973,
fleet_depot,parcel_50240300400000040110000000,662,,,,,4688.639,4.007,
fleet_depot,parcel_50240300400000040100000000,590,,,,,0.0,0.0,
fleet_depot,parcel_50240300400000050110220000,591,,,,,0.0,0.0,
fleet_depot,parcel_50240300400000050180000000,485,,,,,3550.62,3.035,
fleet_depot,parcel_50240300300000020040000000,652,,,,,1046.978,0.895,
fleet_depot,parcel_50240300300000020050030000,651,,,,,1411.144,1.206,
fleet_depot,parcel_50240300300000020080220000,433,,,,,1046.978,0.895,
fleet_depot,parcel_50240300300000010050020000,620,,,,,728.332,0.623,
fleet_depot,parcel_50240300400000050110110000,633,,,,,13701.751,11.711,
fleet_depot,parcel_50240300400000050080000000,831,,,,,0.0,0.0,
fleet_depot,parcel_50240300100000020010640000,465,,,,,1456.665,1.245,
fleet_depot,parcel_50240300100000020016110000,449,,,,,2458.121,2.101,
fleet_depot,parcel_50240300300000020050010000,650,,,,,0.0,0.0,
fleet_depot,parcel_50240300300000020050020000,650,,,,,0.0,0.0,
fleet_depot,parcel_50240300700000010020010000,853,,,,,0.0,0.0,
fleet_depot,parcel_50240300700000010020020000,612,,,,,4051.348,3.463,
fleet_depot,parcel_50288903600000010210010000,449,,,,,2230.518,1.906,
fleet_depot,parcel_50288903700000010010220000,552,,,,,2321.559,1.984,
fleet_depot,parcel_50288903800000080150020000,431,,,,,1547.706,1.323,
fleet_depot,parcel_50288903800000080140010000,431,,,,,3231.974,2.762,
fleet_depot,parcel_50288903800000080160000000,612,,,,,7784.051,6.653,
fleet_depot,parcel_50288903800000080090000000,662,,,,,6054.262,5.175,
fleet_depot,parcel_50248902100000010020040000,440,,,,,318.645,0.272,
fleet_depot,parcel_50248902200000010060030000,484,,,,,318.645,0.272,
fleet_depot,parcel_50288901800000010040000000,620,,,,,455.208,0.389,
fleet_depot,parcel_50288901700000010040010000,449,,,,,3414.057,2.918,
fleet_depot,parcel_50288901900000010100000099,837,,,,,0.0,0.0,
fleet_depot,parcel_50288902800000010030020000,440,,,,,546.249,0.467,
fleet_depot,parcel_50288902800000010290020000,522,,,,,0.0,0.0,
fleet_depot,parcel_50288902800000010070010000,873,,,,,0.0,0.0,
fleet_depot,parcel_50288902000000010380000000,695,,,,,0.0,0.0,
fleet_depot,parcel_50288902000000010360110000,472,,,,,546.249,0.467,
fleet_depot,parcel_50288902000000010350000000,440,,,,,819.374,0.7,
fleet_depot,parcel_50288902700000010270000000,557,,,,,546.249,0.467,
fleet_depot,parcel_50288902000000010240000000,822,,,,,0.0,0.0,
fleet_depot,parcel_50288912100000010200120000,710,,,,,1320.102,1.128,
fleet_depot,parcel_50288912100000010200110000,433,,,,,455.208,0.389,
fleet_depot,parcel_50288912100000010200040000,433,,,,,318.645,0.272,
fleet_depot,parcel_50288912100000010200030000,433,,,,,409.687,0.35,
fleet_depot,parcel_50288912100000010200060000,442,,,,,1274.581,1.089,
fleet_depot,parcel_50288902700000010280030000,822,,,,,0.0,0.0,
fleet_depot,parcel_50288903100000010100020000,484,,,,,1729.789,1.478,
fleet_depot,parcel_50288902600000010180000000,592,,,,,0.0,0.0,
fleet_depot,parcel_50288932100000040020000000,720,,,,,364.166,0.311,
fleet_depot,parcel_50288932100000030020000000,720,,,,,0.0,0.0,
fleet_depot,parcel_50288922100000020010220000,546,,,,,1957.393,1.673,
fleet_depot,parcel_50288901600000010320440000,695,,,,,0.0,0.0,
fleet_depot,parcel_50288922100000010070010000,620,,,,,2412.601,2.062,
fleet_depot,parcel_50288922100000010020000000,425,,,,,364.166,0.311,
fleet_depot,parcel_50288912100000010050000000,449,,,,,136.562,0.117,
fleet_depot,parcel_50288922100000030050000000,822,,,,,0.0,0.0,
fleet_depot,parcel_50288922100000030060000000,822,,,,,0.0,0.0,
fleet_depot,parcel_50288901600000010040620000,449,,,,,2412.601,2.062,
fleet_depot,parcel_50288901600000010040420000,440,,,,,1138.019,0.973,
fleet_depot,parcel_50288901600000010040710000,720,,,,,728.332,0.623,
fleet_depot,parcel_50288901600000010040740000,720,,,,,0.0,0.0,
fleet_depot,parcel_50288901600000010030020000,720,,,,,0.0,0.0,
fleet_depot,parcel_50288901600000010030030000,720,,,,,0.0,0.0,
fleet_depot,parcel_50288901600000010030010000,720,,,,,0.0,0.0,
fleet_depot,parcel_50288901400000010330000000,620,,,,,1183.54,1.012,
fleet_depot,parcel_50288902500000010040010000,682,,,,,3049.891,2.607,
fleet_depot,parcel_50288902400000010120000000,695,,,,,0.0,0.0,
fleet_depot,parcel_50288902300000010190010000,695,,,,,0.0,0.0,
fleet_depot,parcel_50288903500000010250020000,442,,,,,5735.617,4.902,
fleet_depot,parcel_50288903500000010270010099,837,,,,,0.0,0.0,
fleet_depot,parcel_50288903100000010050000099,837,,,,,0.0,0.0,
fleet_depot,parcel_50288903600000010430000000,695,,,,,0.0,0.0,
fleet_depot,parcel_50288903600000010230000000,872,,,,,0.0,0.0,
fleet_depot,parcel_50288903600000010210030000,620,,,,,1729.789,1.478,
fleet_depot,parcel_50280130800000010020020000,485,,,,,1547.706,1.323,
fleet_depot,parcel_50280130800000010030010000,455,,,,,7237.802,6.186,
fleet_depot,parcel_50280130800000010010010000,715,,,,,3596.141,3.074,
fleet_depot,parcel_50280100300000020050000000,695,,,,,0.0,0.0,
fleet_depot,parcel_50280100300000020030010000,822,,,,,0.0,0.0,
fleet_depot,parcel_50280100300000020040000000,822,,,,,91.042,0.078,
fleet_depot,parcel_50280100400000020190000000,471,,,,,773.853,0.661,
fleet_depot,parcel_50280130800000010010030000,440,,,,,5917.7,5.058,
fleet_depot,parcel_50280120800000020040120000,642,,,,,1866.351,1.595,
fleet_depot,parcel_50280110800000020390020000,592,,,,,0.0,0.0,
fleet_depot,parcel_50280101300000020010000000,620,,,,,1911.872,1.634,
fleet_depot,parcel_50280100900000050100000000,620,,,,,273.125,0.233,
fleet_depot,parcel_50280110800000020060000000,592,,,,,0.0,0.0,
fleet_depot,parcel_50280110800000020370000000,612,,,,,17616.536,15.057,
fleet_depot,parcel_50280110800000020090000000,438,,,,,0.0,0.0,
fleet_depot,parcel_50280100700000030020000000,438,,,,,0.0,0.0,
fleet_depot,parcel_50280100500000040190010000,438,,,,,0.0,0.0,
fleet_depot,parcel_50280100700000030030000000,620,,,,,500.728,0.428,
fleet_depot,parcel_50280100700000030210020000,471,,,,,637.291,0.545,
fleet_depot,parcel_50280100700000030220010000,457,,,,,364.166,0.311,
fleet_depot,parcel_50280100700000030240000000,433,,,,,773.853,0.661,
fleet_depot,parcel_50280100700000030230000000,485,,,,,637.291,0.545,
fleet_depot,parcel_50280100700000030010000000,484,,,,,136.562,0.117,
fleet_depot,parcel_50280100700000020140000000,449,,,,,546.249,0.467,
fleet_depot,parcel_50280100700000020240000000,456,,,,,1456.665,1.245,
fleet_depot,parcel_50280100700000020130120000,449,,,,,500.728,0.428,
fleet_depot,parcel_50280100700000020150000000,486,,,,,1001.457,0.856,
fleet_depot,parcel_50280100700000020220010000,485,,,,,1684.268,1.44,
fleet_depot,parcel_50280100700000020180000000,652,,,,,2731.246,2.334,
fleet_depot,parcel_50280100700000040010000000,482,,,,,773.853,0.661,
fleet_depot,parcel_50280100700000040270000000,632,,,,,910.415,0.778,
fleet_depot,parcel_50280101000000040040000000,433,,,,,819.374,0.7,
fleet_depot,parcel_50280101000000040070000000,831,,,,,0.0,0.0,
fleet_depot,parcel_50280101000000040050000000,484,,,,,409.687,0.35,
fleet_depot,parcel_50280100700000020250040000,633,,,,,8466.862,7.237,
fleet_depot,parcel_50280101000000040020000000,465,,,,,409.687,0.35,
fleet_depot,parcel_50280100700000020130110000,423,,,,,91.042,0.078,
fleet_depot,parcel_50280100700000020250030000,633,,,,,6145.303,5.252,
fleet_depot,parcel_50280100700000020250010000,614,,,,,2503.642,2.14,
fleet_depot,parcel_50280100700000020250020000,642,,,,,2458.121,2.101,
fleet_depot,parcel_50280101000000020190000000,710,,,,,2321.559,1.984,
fleet_depot,parcel_50280101100000010010020000,612,,,,,24945.38,21.321,
fleet_depot,parcel_50280101000000040230010000,422,,,,,227.604,0.195,
fleet_depot,parcel_50280101000000040230020000,433,,,,,409.687,0.35,
fleet_depot,parcel_50280101000000040240000000,449,,,,,364.166,0.311,
fleet_depot,parcel_50280101000000040010010000,436,,,,,227.604,0.195,
fleet_depot,parcel_50280101100000020030010000,590,,,,,0.0,0.0,
fleet_depot,parcel_50280100700000010010020000,554,,,,,182.083,0.156,
fleet_depot,parcel_50280100600000010320000000,651,,,,,2184.997,1.868,
fleet_depot,parcel_50280100500000050240010000,450,,,,,227.604,0.195,
fleet_depot,parcel_50280100500000050210000000,438,,,,,0.0,0.0,
fleet_depot,parcel_50280100500000050150000000,691,,,,,546.249,0.467,
fleet_depot,parcel_50280100500000050160000000,483,,,,,227.604,0.195,
fleet_depot,parcel_50280100500000050170010000,486,,,,,318.645,0.272,
fleet_depot,parcel_50280100500000050190000000,456,,,,,1411.144,1.206,
fleet_depot,parcel_50280100500000050230000000,541,,,,,1502.185,1.284,
fleet_depot,parcel_50280100500000050220000000,482,,,,,819.374,0.7,
fleet_depot,parcel_50280100500000040230000000,438,,,,,0.0,0.0,
fleet_depot,parcel_50280100500000040240000000,461,,,,,1820.831,1.556,
fleet_depot,parcel_50280100500000040290000000,485,,,,,1229.061,1.05,
fleet_depot,parcel_50280100500000040030000000,611,,,,,591.77,0.506,
fleet_depot,parcel_50280100500000040330000000,438,,,,,0.0,0.0,
fleet_depot,parcel_50280100500000040050220000,662,,,,,500.728,0.428,
fleet_depot,parcel_50280100500000040320020000,482,,,,,1046.978,0.895,
fleet_depot,parcel_50280100500000040310000000,483,,,,,955.936,0.817,
fleet_depot,parcel_50280100500000040300000000,483,,,,,364.166,0.311,
fleet_depot,parcel_50280100500000050100000000,481,,,,,637.291,0.545,
fleet_depot,parcel_50280100500000050070000000,438,,,,,0.0,0.0,
fleet_depot,parcel_50280100500000050130000000,483,,,,,773.853,0.661,
fleet_depot,parcel_50280100500000050110000000,483,,,,,682.811,0.584,
fleet_depot,parcel_50280100500000050040000000,481,,,,,637.291,0.545,
fleet_depot,parcel_50280100500000050030000099,837,,,,,0.0,0.0,
fleet_depot,parcel_50280100500000050030000000,481,,,,,1183.54,1.012,
fleet_depot,parcel_50280100500000050050000000,481,,,,,864.895,0.739,
fleet_depot,parcel_50280100500000050060020000,481,,,,,227.604,0.195,
fleet_depot,parcel_50280100500000050060010000,481,,,,,318.645,0.272,
fleet_depot,parcel_50280100500000040340000000,481,,,,,500.728,0.428,
fleet_depot,parcel_50280100500000040350000000,481,,,,,364.166,0.311,
fleet_depot,parcel_50280100500000040360000000,481,,,,,136.562,0.117,
fleet_depot,parcel_50280100500000040010000000,483,,,,,1229.061,1.05,
fleet_depot,parcel_50280100500000040020000000,652,,,,,1183.54,1.012,
fleet_depot,parcel_50280100500000020110000000,484,,,,,409.687,0.35,
fleet_depot,parcel_50280100500000010090000000,483,,,,,546.249,0.467,
fleet_depot,parcel_50280100600000010310000000,652,,,,,4233.431,3.618,
fleet_depot,parcel_50280100500000010020000000,444,,,,,3596.141,3.074,
fleet_depot,parcel_50280100600000010010000000,720,,,,,0.0,0.0,
fleet_depot,parcel_50280100200000020190020000,485,,,,,500.728,0.428,
fleet_depot,parcel_50280100100000020030030000,421,,,,,1229.061,1.05,
fleet_depot,parcel_50280100200000010020000000,853,,,,,273.125,0.233,
fleet_depot,parcel_50280100200000020100010000,442,,,,,546.249,0.467,
fleet_depot,parcel_50280100500000010030000000,651,,,,,0.0,0.0,
fleet_depot,parcel_50280100500000010070000000,483,,,,,591.77,0.506,
fleet_depot,parcel_50280100500000020140010000,484,,,,,2093.955,1.79,
fleet_depot,parcel_50280100500000020060000000,650,,,,,455.208,0.389,
fleet_depot,parcel_50280100500000020050000000,483,,,,,364.166,0.311,
fleet_depot,parcel_50280100500000030010000000,620,,,,,682.811,0.584,
fleet_depot,parcel_50280100300000010020000000,695,,,,,136.562,0.117,
fleet_depot,parcel_50328901900000010210030000,472,,,,,2549.163,2.179,
fleet_depot,parcel_50328900800000010240010000,695,,,,,0.0,0.0,
fleet_depot,parcel_50328900800000010190020000,455,,,,,364.166,0.311,
fleet_depot,parcel_50328900800000010160000000,422,,,,,546.249,0.467,
fleet_depot,parcel_50328900700000010220000000,695,,,,,0.0,0.0,
fleet_depot,parcel_50328900800000010290000000,534,,,,,318.645,0.272,
fleet_depot,parcel_50328902000000010080010000,695,,,,,0.0,0.0,
fleet_depot,parcel_50328902000000010150010000,695,,,,,0.0,0.0,
fleet_depot,parcel_50328902000000010280000000,695,,,,,0.0,0.0,
fleet_depot,parcel_50328902800000010010000099,837,,,,,0.0,0.0,
fleet_depot,parcel_50328903000000010262320000,465,,,,,500.728,0.428,
fleet_depot,parcel_50328903000000010300010000,682,,,,,364.166,0.311,
fleet_depot,parcel_50328903000000010260270000,712,,,,,864.895,0.739,
fleet_depot,parcel_50328903000000010282130000,440,,,,,728.332,0.623,
fleet_depot,parcel_50328903000000010282120000,440,,,,,591.77,0.506,
fleet_depot,parcel_50288903800000040050000000,483,,,,,18390.389,15.718,
fleet_depot,parcel_50288903800000030030000000,620,,,,,27130.377,23.188,
fleet_depot,parcel_50200001400000010240000000,695,,,,,0.0,0.0,
fleet_depot,parcel_50200001500000010070000000,720,,,,,0.0,0.0,
fleet_depot,parcel_50200001500000010240000000,720,,,,,0.0,0.0,
fleet_depot,parcel_50200001500000010060000000,720,,,,,0.0,0.0,
fleet_depot,parcel_50200001500000010100000000,620,,,,,15067.374,12.878,
fleet_depot,parcel_50200001500000010140000000,620,,,,,2913.329,2.49,
fleet_depot,parcel_50200001000000040010000000,695,,,,,0.0,0.0,
fleet_depot,parcel_50200003300000010060000000,695,,,,,0.0,0.0,
fleet_depot,parcel_50200001500000010580000099,837,,,,,0.0,0.0,
fleet_depot,parcel_50200002400000010190020000,613,,,,,0.0,0.0,
fleet_depot,parcel_50200001700000010292510000,472,,,,,3869.265,3.307,
fleet_depot,parcel_50200002200000010280000000,695,,,,,0.0,0.0,
fleet_depot,parcel_50200002100000010270000000,620,,,,,2093.955,1.79,
fleet_depot,parcel_50200002100000010030020991,837,,,,,0.0,0.0,
fleet_depot,parcel_50200002100000010030020992,837,,,,,0.0,0.0,
fleet_depot,parcel_50200002100000010260000000,695,,,,,0.0,0.0,
fleet_depot,parcel_50200000700000010410000000,695,,,,,0.0,0.0,
fleet_depot,parcel_50200000800000010640000000,449,,,,,8876.549,7.587,
fleet_depot,parcel_50200000800000010140000000,449,,,,,5189.367,4.435,
fleet_depot,parcel_50200000300000040040000000,472,,,,,1320.102,1.128,
fleet_depot,parcel_50200000300000040010000000,831,,,,,1138.019,0.973,
fleet_depot,parcel_50200000800000010230000000,695,,,,,0.0,0.0,
fleet_depot,parcel_50200000800000010410000000,692,,,,,0.0,0.0,
fleet_depot,parcel_50200000900000010290020000,484,,,,,6418.428,5.486,
fleet_depot,parcel_50200000800000010480020000,651,,,,,4187.91,3.579,
fleet_depot,parcel_50200000800000010470020000,651,,,,,1229.061,1.05,
fleet_depot,parcel_50200000900000010350240000,662,,,,,8557.904,7.314,
fleet_depot,parcel_50200001000000020020000000,695,,,,,0.0,0.0,
fleet_depot,parcel_50200001000000030150020000,682,,,,,0.0,0.0,
fleet_depot,parcel_50200001000000030150010000,682,,,,,0.0,0.0,
fleet_depot,parcel_50200001000000050100020000,620,,,,,1911.872,1.634,
fleet_depot,parcel_50200001000000050080000000,682,,,,,5143.847,4.396,
fleet_depot,parcel_50200001200000010240000000,484,,,,,2640.204,2.257,
fleet_depot,parcel_50200001200000010320000000,483,,,,,2048.434,1.751,
fleet_depot,parcel_50200001100000010140000000,485,,,,,3414.057,2.918,
fleet_depot,parcel_50200001400000010140000000,872,,,,,0.0,0.0,
fleet_depot,parcel_50200001200000010010130000,714,,,,,2594.684,2.218,
fleet_depot,parcel_50200001200000010010120000,442,,,,,6554.99,5.603,
fleet_depot,parcel_50200001300000010270000000,695,,,,,0.0,0.0,
fleet_depot,parcel_50200002100000010120060000,877,,,,,0.0,0.0,
fleet_depot,parcel_50200003100000010010050000,670,,,,,47751.284,40.813,
fleet_depot,parcel_50220001200000010080010000,455,,,,,3596.141,3.074,
fleet_depot,parcel_50200000100000010440000000,695,,,,,0.0,0.0,
fleet_depot,parcel_50200000900000010393210000,424,,,,,3414.057,2.918,
fleet_depot,parcel_50200000900000010170010000,620,,,,,6190.824,5.291,
fleet_depot,parcel_50200000900000010590000000,485,,,,,3687.182,3.151,
fleet_depot,parcel_50200000100000010420000000,433,,,,,728.332,0.623,
fleet_depot,parcel_50200000100000010430000000,449,,,,,2776.767,2.373,
fleet_depot,parcel_50200001100000010020020000,484,,,,,910.415,0.778,
fleet_depot,parcel_50200000900000010680020000,877,,,,,0.0,0.0,
fleet_depot,parcel_50200000900000010070040000,442,,,,,6919.156,5.914,
fleet_depot,parcel_50300100700000010010000000,853,,,,,1866.351,1.595,
fleet_depot,parcel_50300101300000060070000000,590,,,,,0.0,0.0,
fleet_depot,parcel_50300101500000010010020000,695,,,,,0.0,0.0,
fleet_depot,parcel_50300101400000080010000000,620,,,,,6737.073,5.758,
fleet_depot,parcel_50300101400000060030000000,613,,,,,5508.013,4.708,
fleet_depot,parcel_50300101400000060010000000,613,,,,,8694.466,7.431,
fleet_depot,parcel_50300101400000040020020000,613,,,,,32547.348,27.818,
fleet_depot,parcel_50300101100000020250000000,822,,,,,0.0,0.0,
fleet_depot,parcel_50300101100000020240000000,651,,,,,2230.518,1.906,
fleet_depot,parcel_50300100900000060010000000,612,,,,,16751.642,14.318,
fleet_depot,parcel_50300101000000030030000000,483,,,,,500.728,0.428,
fleet_depot,parcel_50300101000000030050040000,485,,,,,2594.684,2.218,
fleet_depot,parcel_50300101000000030060000000,465,,,,,1866.351,1.595,
fleet_depot,parcel_50300101000000040030000000,662,,,,,5826.658,4.98,
fleet_depot,parcel_50300101000000040020000000,883,,,,,45.521,0.039,
fleet_depot,parcel_50300101000000040010020000,452,,,,,17525.495,14.979,
fleet_depot,parcel_50300101000000040010020001,462,,,,,864.895,0.739,
fleet_depot,parcel_50300101000000040010020002,465,,,,,9604.882,8.209,
fleet_depot,parcel_50300100500000030180020000,486,,,,,409.687,0.35,
fleet_depot,parcel_50300100500000030180030000,652,,,,,1547.706,1.323,
fleet_depot,parcel_50300101000000030050220000,457,,,,,637.291,0.545,
fleet_depot,parcel_50300101000000030050210000,465,,,,,1911.872,1.634,
fleet_depot,parcel_50300100500000030190020000,464,,,,,1775.31,1.517,
fleet_depot,parcel_50300100500000030190010000,465,,,,,2822.287,2.412,
fleet_depot,parcel_50300100500000030180010000,464,,,,,7465.406,6.381,
fleet_depot,parcel_50300101000000050050000000,553,,,,,682.811,0.584,
fleet_depot,parcel_50300101000000050010000000,483,,,,,500.728,0.428,
fleet_depot,parcel_50300101000000040060020000,464,,,,,773.853,0.661,
fleet_depot,parcel_50300101000000040060010000,831,,,,,3140.933,2.685,
fleet_depot,parcel_50300101000000040060010099,837,,,,,0.0,0.0,
fleet_depot,parcel_50300101100000020050000000,695,,,,,136.562,0.117,
fleet_depot,parcel_50300100300000010010000000,633,,,,,123770.963,105.787,
fleet_depot,parcel_50220002300000010160000000,534,,,,,1274.581,1.089,
fleet_depot,parcel_50220001500000010200020000,557,,,,,500.728,0.428,
fleet_depot,parcel_50220001400000010140000000,695,,,,,0.0,0.0,
fleet_depot,parcel_50220000800000010120150000,472,,,,,546.249,0.467,
fleet_depot,parcel_50220001000000010050000000,614,,,,,8375.821,7.159,
fleet_depot,parcel_50220001000000010160000000,662,,,,,3049.891,2.607,
fleet_depot,parcel_50220001000000010130000000,485,,,,,1456.665,1.245,
fleet_depot,parcel_50220000700000010920210000,440,,,,,1502.185,1.284,
fleet_depot,parcel_50220000700000010481220000,475,,,,,682.811,0.584,
fleet_depot,parcel_50220001000000010820020000,449,,,,,3505.099,2.996,
fleet_depot,parcel_50220001000000010820010000,651,,,,,2867.808,2.451,
fleet_depot,parcel_50220001000000010780000000,590,,,,,0.0,0.0,
fleet_depot,parcel_50220001000000010270000000,433,,,,,682.811,0.584,
fleet_depot,parcel_50220001000000010230000000,652,,,,,1593.227,1.362,
fleet_depot,parcel_50220001000000010450000000,620,,,,,3095.412,2.646,
fleet_depot,parcel_50220000600000010190000000,695,,,,,0.0,0.0,
fleet_depot,parcel_50220000600000010212220099,837,,,,,0.0,0.0,
fleet_depot,parcel_50220001300000010012220000,837,,,,,182.083,0.156,
fleet_depot,parcel_50220000300000010060000000,833,,,,,0.0,0.0,
fleet_depot,parcel_50220000200000010170320000,614,,,,,3641.661,3.113,
fleet_depot,parcel_50220000200000010070000000,534,,,,,864.895,0.739,
fleet_depot,parcel_50220000200000010330000000,474,,,,,0.0,0.0,
fleet_depot,parcel_50220000200000010350110000,442,,,,,9786.965,8.365,
fleet_depot,parcel_50220000200000010370000000,484,,,,,1274.581,1.089,
fleet_depot,parcel_50220000100000010250010000,710,,,,,24945.38,21.321,
fleet_depot,parcel_50220000100000010240010000,871,,,,,0.0,0.0,
fleet_depot,parcel_50220000100000010030320000,484,,,,,1092.498,0.934,
fleet_depot,parcel_50248907500000010460000000,695,,,,,0.0,0.0,
fleet_depot,parcel_50248907500000010430820000,695,,,,,0.0,0.0,
fleet_depot,parcel_50248906600000010180000000,883,,,,,6691.553,5.719,
fleet_depot,parcel_50248906600000010170030000,613,,,,,0.0,0.0,
fleet_depot,parcel_50248906600000010170040000,613,,,,,0.0,0.0,
fleet_depot,parcel_50248906600000010220000000,883,,,,,1092.498,0.934,
fleet_depot,parcel_50248906600000010090010000,613,,,,,0.0,0.0,
fleet_depot,parcel_50248906600000010070020000,613,,,,,0.0,0.0,
fleet_depot,parcel_50248906600000010040010000,590,,,,,0.0,0.0,
fleet_depot,parcel_50248906700000010760000000,613,,,,,0.0,0.0,
fleet_depot,parcel_50248905700000010320000000,613,,,,,0.0,0.0,
fleet_depot,parcel_50248905700000010060010000,613,,,,,591.77,0.506,
fleet_depot,parcel_50248906700000010070030000,613,,,,,0.0,0.0,
fleet_depot,parcel_50248906700000010070020000,613,,,,,2002.914,1.712,
fleet_depot,parcel_50248906700000010730000000,613,,,,,4369.994,3.735,
fleet_depot,parcel_50248906700000010710080000,620,,,,,1547.706,1.323,
fleet_depot,parcel_50248906700000010670030000,464,,,,,1365.623,1.167,
fleet_depot,parcel_50248906700000010670020000,720,,,,,955.936,0.817,
fleet_depot,parcel_50248906700000010630150000,720,,,,,0.0,0.0,
fleet_depot,parcel_50248906700000010230010000,613,,,,,0.0,0.0,
fleet_depot,parcel_50248906800000010050000000,835,,,,,318.645,0.272,
fleet_depot,parcel_50248906800000010130010000,695,,,,,0.0,0.0,
fleet_depot,parcel_50248907300000020040020000,714,,,,,8193.738,7.003,
fleet_depot,parcel_50248907200000040050000000,620,,,,,637.291,0.545,
fleet_depot,parcel_50248907100000010110030000,620,,,,,1502.185,1.284,
fleet_depot,parcel_50248907100000010120000000,464,,,,,955.936,0.817,
fleet_depot,parcel_50248907100000010130000000,620,,,,,4870.722,4.163,
fleet_depot,parcel_50248905700000010010000000,650,,,,,0.0,0.0,
fleet_depot,parcel_50248905700000010050000000,613,,,,,0.0,0.0,
fleet_depot,parcel_50248905700000010060040000,613,,,,,0.0,0.0,
fleet_depot,parcel_50248905600000050190020000,613,,,,,0.0,0.0,
fleet_depot,parcel_50248905700000010060020000,613,,,,,0.0,0.0,
fleet_depot,parcel_50248905700000010060030000,613,,,,,0.0,0.0,
fleet_depot,parcel_50248905600000050050000000,430,,,,,2230.518,1.906,
fleet_depot,parcel_50248905600000050080010000,433,,,,,1138.019,0.973,
fleet_depot,parcel_50248905600000040020000000,482,,,,,3459.578,2.957,
fleet_depot,parcel_50248905600000030070000000,440,,,,,864.895,0.739,
fleet_depot,parcel_50248905600000050130000000,620,,,,,1046.978,0.895,
fleet_depot,parcel_50248905600000050080020000,662,,,,,1274.581,1.089,
fleet_depot,parcel_50248905600000030130000000,464,,,,,1046.978,0.895,
fleet_depot,parcel_50248905300000010030030000,845,,,,,0.0,0.0,
fleet_depot,parcel_50248905300000010020000000,613,,,,,3687.182,3.151,
fleet_depot,parcel_50248905600000030220000000,613,,,,,0.0,0.0,
fleet_depot,parcel_50248905600000020020020000,613,,,,,0.0,0.0,
fleet_depot,parcel_50248905300000010010000000,613,,,,,0.0,0.0,
fleet_depot,parcel_50248905300000010080000000,613,,,,,0.0,0.0,
fleet_depot,parcel_50248905300000010110000000,613,,,,,0.0,0.0,
fleet_depot,parcel_50248905300000010120000000,613,,,,,0.0,0.0,
fleet_depot,parcel_50248905300000010090020000,613,,,,,0.0,0.0,
fleet_depot,parcel_50248905300000010100000000,613,,,,,0.0,0.0,
fleet_depot,parcel_50248905300000010030010000,613,,,,,0.0,0.0,
fleet_depot,parcel_50248905500000010130130000,662,,,,,3277.495,2.801,
fleet_depot,parcel_50248905500000010130120000,415,,,,,2822.287,2.412,
fleet_depot,parcel_50248905700000010310000000,613,,,,,0.0,0.0,
fleet_depot,parcel_50248905400000010090050000,440,,,,,7146.76,6.108,
fleet_depot,parcel_50248905400000010120000000,421,,,,,1046.978,0.895,
fleet_depot,parcel_50248905400000010090060000,442,,,,,2503.642,2.14,
fleet_depot,parcel_50248905400000010080000000,464,,,,,318.645,0.272,
fleet_depot,parcel_50248905300000010160000000,613,,,,,0.0,0.0,
fleet_depot,parcel_50248905200000010040110000,457,,,,,1411.144,1.206,
fleet_depot,parcel_50248905200000010040060000,465,,,,,3095.412,2.646,
fleet_depot,parcel_50248905200000010040090000,464,,,,,1183.54,1.012,
fleet_depot,parcel_50248905200000010040420000,457,,,,,2458.121,2.101,
fleet_depot,parcel_50248905200000010040100000,433,,,,,6737.073,5.758,
fleet_depot,parcel_50248905200000010040320000,710,,,,,69373.647,59.294,
fleet_depot,parcel_50248905200000010040120000,449,,,,,5781.137,4.941,
fleet_depot,parcel_50248905200000010040020000,455,,,,,5690.096,4.863,
fleet_depot,parcel_50248905200000010050000000,872,,,,,0.0,0.0,
fleet_depot,parcel_50248905200000010040520000,449,,,,,4369.994,3.735,
fleet_depot,parcel_50248905200000010041110000,440,,,,,11289.15,9.649,
fleet_depot,parcel_50248905200000010080050000,442,,,,,13929.354,11.905,
fleet_depot,parcel_50248905200000010130010000,421,,,,,1092.498,0.934,
fleet_depot,parcel_50248905200000010080010000,484,,,,,1684.268,1.44,
fleet_depot,parcel_50248905200000010080060000,456,,,,,3095.412,2.646,
fleet_depot,parcel_50248905200000010080030000,486,,,,,910.415,0.778,
fleet_depot,parcel_50248905200000010080040000,457,,,,,409.687,0.35,
fleet_depot,parcel_50248904400000010023320000,442,,,,,4096.869,3.502,
fleet_depot,parcel_50248904400000010023310000,831,,,,,318.645,0.272,
fleet_depot,parcel_50248905200000010010110000,720,,,,,4961.763,4.241,
fleet_depot,parcel_50248904400000010023210000,590,,,,,0.0,0.0,
fleet_depot,parcel_50248904200000010390030000,682,,,,,1502.185,1.284,
fleet_depot,parcel_50248904200000010350020000,442,,,,,14612.166,12.489,
fleet_depot,parcel_50248904200000010350030000,440,,,,,8330.3,7.12,
fleet_depot,parcel_50248904200000010300000000,613,,,,,0.0,0.0,
fleet_depot,parcel_50248904200000010120000000,615,,,,,0.0,0.0,
fleet_depot,parcel_50248904200000010090110000,444,,,,,3596.141,3.074,
fleet_depot,parcel_50248904200000010290000000,440,,,,,2731.246,2.334,
fleet_depot,parcel_50248904200000010440000000,615,,,,,0.0,0.0,
fleet_depot,parcel_50248904200000010090120000,455,,,,,2458.121,2.101,
fleet_depot,parcel_50248904200000010100000000,485,,,,,1274.581,1.089,
fleet_depot,parcel_50248904300000020010020000,710,,,,,6190.824,5.291,
fleet_depot,parcel_50248904200000010310060000,710,,,,,16478.517,14.084,
fleet_depot,parcel_50248904200000010310030000,661,,,,,10697.38,9.143,
fleet_depot,parcel_50248904200000010310050000,650,,,,,1729.789,1.478,
fleet_depot,parcel_50248904200000010310210000,465,,,,,1411.144,1.206,
fleet_depot,parcel_50248904300000010290060000,440,,,,,6873.636,5.875,
fleet_depot,parcel_50248904300000010300000000,681,,,,,0.0,0.0,
fleet_depot,parcel_50248904300000020030020000,464,,,,,2867.808,2.451,
fleet_depot,parcel_50248904300000020010030000,710,,,,,1775.31,1.517,
fleet_depot,parcel_50248904300000010330020000,642,,,,,8512.383,7.276,
fleet_depot,parcel_50248904300000010330110000,449,,,,,1593.227,1.362,
fleet_depot,parcel_50248904300000010331210000,442,,,,,22350.696,19.103,
fleet_depot,parcel_50248904300000010230020000,449,,,,,3231.974,2.762,
fleet_depot,parcel_50248904200000010090020000,615,,,,,0.0,0.0,
fleet_depot,parcel_50248904300000010220000000,694,,,,,5280.409,4.513,
fleet_depot,parcel_50248904200000010110000000,615,,,,,0.0,0.0,
fleet_depot,parcel_50248904200000010050000000,615,,,,,0.0,0.0,
fleet_depot,parcel_50248904300000010030000000,615,,,,,0.0,0.0,
fleet_depot,parcel_50248904300000010190020000,449,,,,,4233.431,3.618,
fleet_depot,parcel_50248904300000010010000000,613,,,,,2093.955,1.79,
fleet_depot,parcel_50248904200000010070000000,615,,,,,0.0,0.0,
fleet_depot,parcel_50248904200000010060000000,615,,,,,0.0,0.0,
fleet_depot,parcel_50248904200000010010000000,650,,,,,0.0,0.0,
fleet_depot,parcel_50248904200000010020000000,844,,,,,0.0,0.0,
fleet_depot,parcel_50248904200000010030000000,613,,,,,0.0,0.0,
fleet_depot,parcel_50248904100000010080000000,844,,,,,0.0,0.0,
fleet_depot,parcel_50248904100000010180000000,613,,,,,0.0,0.0,
fleet_depot,parcel_50248904100000010190000000,613,,,,,0.0,0.0,
fleet_depot,parcel_50248904100000010240020000,613,,,,,864.895,0.739,
fleet_depot,parcel_50248904100000010030000000,613,,,,,0.0,0.0,
fleet_depot,parcel_50248904100000010010000000,613,,,,,0.0,0.0,
fleet_depot,parcel_50248903100000010110000000,613,,,,,0.0,0.0,
fleet_depot,parcel_50248904400000010070000000,823,,,,,409.687,0.35,
fleet_depot,parcel_50248904500000010130000000,620,,,,,819.374,0.7,
fleet_depot,parcel_50248904500000010140000000,650,,,,,773.853,0.661,
fleet_depot,parcel_50248904400000010030170000,662,,,,,2367.08,2.023,
fleet_depot,parcel_50248905900000010220000000,613,,,,,0.0,0.0,
fleet_depot,parcel_50248906400000010080000000,695,,,,,0.0,0.0,
fleet_depot,parcel_50260000300000030110520099,837,,,,,0.0,0.0,
fleet_depot,parcel_50260000200000030100000000,552,,,,,0.0,0.0,
fleet_depot,parcel_50260000400000010210000000,695,,,,,0.0,0.0,
fleet_depot,parcel_50260000300000010060030000,552,,,,,0.0,0.0,
fleet_depot,parcel_50260000300000010100000000,552,,,,,3049.891,2.607,
fleet_depot,parcel_50260000400000020024150000,442,,,,,1593.227,1.362,
fleet_depot,parcel_50260000900000020040060000,484,,,,,455.208,0.389,
fleet_depot,parcel_50260000900000020030000000,433,,,,,364.166,0.311,
fleet_depot,parcel_50260000400000010080310000,442,,,,,2048.434,1.751,
fleet_depot,parcel_50260000400000010080320000,877,,,,,0.0,0.0,
fleet_depot,parcel_50260000400000010080420000,440,,,,,1411.144,1.206,
fleet_depot,parcel_50260000400000010120710000,484,,,,,591.77,0.506,
fleet_depot,parcel_50260000900000010110010000,877,,,,,0.0,0.0,
fleet_depot,parcel_50260000800000030040210000,449,,,,,4142.39,3.541,
fleet_depot,parcel_50260000900000010260020000,440,,,,,1502.185,1.284,
fleet_depot,parcel_50260000400000020150000000,710,,,,,864.895,0.739,
fleet_depot,parcel_50260000400000020070040000,710,,,,,14657.687,12.528,
fleet_depot,parcel_50260001000000010140030000,868,,,,,91.042,0.078,
fleet_depot,parcel_50260001500000020050050000,442,,,,,1729.789,1.478,
fleet_depot,parcel_50260001600000020120030000,440,,,,,409.687,0.35,
fleet_depot,parcel_50260001500000010120060000,720,,,,,0.0,0.0,
fleet_depot,parcel_50260001500000010100000000,431,,,,,2731.246,2.334,
fleet_depot,parcel_50260001600000020030000000,695,,,,,0.0,0.0,
fleet_depot,parcel_50260001400000040060000000,695,,,,,0.0,0.0,
fleet_depot,parcel_50260001400000020020080000,651,,,,,8330.3,7.12,
fleet_depot,parcel_50260001500000020010110000,472,,,,,1183.54,1.012,
fleet_depot,parcel_50260001100000020080030000,620,,,,,1638.748,1.401,
fleet_depot,parcel_50260001000000010020210000,440,,,,,1092.498,0.934,
fleet_depot,parcel_50260001100000020150010000,484,,,,,1092.498,0.934,
fleet_depot,parcel_50260001100000020220000000,695,,,,,0.0,0.0,
fleet_depot,parcel_50260000800000010120000000,695,,,,,0.0,0.0,
fleet_depot,parcel_50260000800000020091110000,438,,,,,0.0,0.0,
fleet_depot,parcel_50260000800000020090100000,484,,,,,2230.518,1.906,
fleet_depot,parcel_50260000800000030220000000,651,,,,,773.853,0.661,
fleet_depot,parcel_50260000800000020120000000,652,,,,,1729.789,1.478,
fleet_depot,parcel_50260000800000020110000000,534,,,,,1502.185,1.284,
fleet_depot,parcel_50260000800000020090030000,651,,,,,2184.997,1.868,
fleet_depot,parcel_50260000800000020090060000,662,,,,,6236.345,5.33,
fleet_depot,parcel_50260000800000030280000000,692,,,,,0.0,0.0,
fleet_depot,parcel_50260000500000010130010000,456,,,,,3095.412,2.646,
fleet_depot,parcel_50260000800000010090000000,485,,,,,1911.872,1.634,
fleet_depot,parcel_50260000500000010120000000,486,,,,,1911.872,1.634,
fleet_depot,parcel_50260000800000010100000000,612,,,,,14521.124,12.411,
fleet_depot,parcel_50260000800000010070010000,484,,,,,1320.102,1.128,
fleet_depot,parcel_50260000700000030020000000,484,,,,,2139.476,1.829,
fleet_depot,parcel_50260001300000020020110000,424,,,,,955.936,0.817,
fleet_depot,parcel_50070013000000040050000000,690,,,,,14612.166,12.489,
fleet_depot,parcel_50070013000000030010000000,456,,,,,7328.843,6.264,
fleet_depot,parcel_50070012800000020090020000,434,,,,,728.332,0.623,
fleet_depot,parcel_50070012800000030030000000,692,,,,,0.0,0.0,
fleet_depot,parcel_50070013000000040070030000,692,,,,,0.0,0.0,
fleet_depot,parcel_50070012800000020070010000,414,,,,,4005.827,3.424,
fleet_depot,parcel_50070012900000020070000000,692,,,,,0.0,0.0,
fleet_depot,parcel_50070012800000020070020000,534,,,,,1229.061,1.05,
fleet_depot,parcel_50070012800000020010220000,484,,,,,2458.121,2.101,
fleet_depot,parcel_50070012900000010100110000,433,,,,,1411.144,1.206,
fleet_depot,parcel_50070012800000010040000000,426,,,,,1320.102,1.128,
fleet_depot,parcel_50070012800000010050000000,484,,,,,1092.498,0.934,
fleet_depot,parcel_50070012800000010060010000,452,,,,,16842.683,14.395,
fleet_depot,parcel_50070012600000010020130000,485,,,,,1638.748,1.401,
fleet_depot,parcel_50070012600000010020140000,546,,,,,2867.808,2.451,
fleet_depot,parcel_50070012500000010030030000,433,,,,,682.811,0.584,
fleet_depot,parcel_50070012900000010010000000,421,,,,,3140.933,2.685,
fleet_depot,parcel_50070012600000010050010000,486,,,,,1092.498,0.934,
fleet_depot,parcel_50070012900000010100020000,414,,,,,19255.284,16.458,
fleet_depot,parcel_50070012500000020010000000,433,,,,,1684.268,1.44,
fleet_depot,parcel_50070012500000020020000000,431,,,,,2093.955,1.79,
fleet_depot,parcel_50070012500000030040000000,591,,,,,0.0,0.0,
fleet_depot,parcel_50070011100000090030000000,590,,,,,0.0,0.0,
fleet_depot,parcel_50070010900000010030000000,652,,,,,546.249,0.467,
fleet_depot,parcel_50070008800000020180000000,692,,,,,0.0,0.0,
fleet_depot,parcel_50070009000000020010000000,822,,,,,1547.706,1.323,
fleet_depot,parcel_50070008800000010080000000,822,,,,,7601.968,6.497,
fleet_depot,parcel_50070008800000020160000000,650,,,,,0.0,0.0,
fleet_depot,parcel_50070010900000020020000000,822,,,,,0.0,0.0,
fleet_depot,parcel_50070011000000010020000000,590,,,,,0.0,0.0,
fleet_depot,parcel_50070011000000040050000000,650,,,,,0.0,0.0,
fleet_depot,parcel_50070008700000010220020000,695,,,,,0.0,0.0,
fleet_depot,parcel_50070008500000060140020000,612,,,,,5143.847,4.396,
fleet_depot,parcel_50070008600000020010000000,650,,,,,0.0,0.0,
fleet_depot,parcel_50070008400000040140000000,620,,,,,773.853,0.661,
fleet_depot,parcel_50070008500000050010000000,612,,,,,10014.569,8.559,
fleet_depot,parcel_50070006600000010130000000,591,,,,,0.0,0.0,
fleet_depot,parcel_50070006800000060130000000,438,,,,,0.0,0.0,
fleet_depot,parcel_50070006300000080130000000,421,,,,,1092.498,0.934,
fleet_depot,parcel_50070006300000050070000000,437,,,,,24490.172,20.932,
fleet_depot,parcel_50070006300000050090000099,837,,,,,0.0,0.0,
fleet_depot,parcel_50070006300000060050000000,421,,,,,1729.789,1.478,
fleet_depot,parcel_50070006400000100210000000,484,,,,,591.77,0.506,
fleet_depot,parcel_50070006300000050020000000,482,,,,,16296.434,13.929,
fleet_depot,parcel_50070006400000100030000000,613,,,,,21303.718,18.208,
fleet_depot,parcel_50070006400000100170020000,662,,,,,3277.495,2.801,
fleet_depot,parcel_50070006400000100180000000,482,,,,,2321.559,1.984,
fleet_depot,parcel_50070006400000100130000000,438,,,,,0.0,0.0,
fleet_depot,parcel_50070006400000020130000000,483,,,,,1638.748,1.401,
fleet_depot,parcel_50070006400000020070000000,615,,,,,1684.268,1.44,
fleet_depot,parcel_50070006400000020020000000,620,,,,,4506.556,3.852,
fleet_depot,parcel_50070006300000050010000000,613,,,,,0.0,0.0,
fleet_depot,parcel_50070006300000050080000000,613,,,,,0.0,0.0,
fleet_depot,parcel_50070006300000080120000000,482,,,,,3049.891,2.607,
fleet_depot,parcel_50070006300000080110000000,482,,,,,4506.556,3.852,
fleet_depot,parcel_50070004800000040060000000,415,,,,,2412.601,2.062,
fleet_depot,parcel_50070003100000010060000000,613,,,,,5599.054,4.786,
fleet_depot,parcel_50070006300000020070000000,438,,,,,0.0,0.0,
fleet_depot,parcel_50070006300000040030000000,438,,,,,0.0,0.0,
fleet_depot,parcel_50070006300000080240000000,421,,,,,1320.102,1.128,
fleet_depot,parcel_50070006200000020400000000,613,,,,,0.0,0.0,
fleet_depot,parcel_50070004800000040040000000,695,,,,,0.0,0.0,
fleet_depot,parcel_50070006200000020390000000,613,,,,,0.0,0.0,
fleet_depot,parcel_50070006200000010070000000,438,,,,,0.0,0.0,
fleet_depot,parcel_50070006200000010150000000,632,,,,,1411.144,1.206,
fleet_depot,parcel_50070006200000010140000000,464,,,,,1138.019,0.973,
fleet_depot,parcel_50070006200000010110000000,438,,,,,0.0,0.0,
fleet_depot,parcel_50070006900000020190000000,414,,,,,2640.204,2.257,
fleet_depot,parcel_50070006900000020180000000,485,,,,,2958.85,2.529,
fleet_depot,parcel_50070006900000030050000000,438,,,,,0.0,0.0,
fleet_depot,parcel_50070006300000100030000000,482,,,,,2458.121,2.101,
fleet_depot,parcel_50070006300000080230000000,464,,,,,910.415,0.778,
fleet_depot,parcel_50070006300000080140000000,482,,,,,2412.601,2.062,
fleet_depot,parcel_50070006800000010090000000,483,,,,,1183.54,1.012,
fleet_depot,parcel_50070006900000010040000000,482,,,,,7784.051,6.653,
fleet_depot,parcel_50070006900000010110000000,481,,,,,14430.083,12.333,
fleet_depot,parcel_50070006900000010070000000,482,,,,,9695.923,8.287,
fleet_depot,parcel_50070006900000010140000000,482,,,,,1229.061,1.05,
fleet_depot,parcel_50070006900000010010000000,481,,,,,4369.994,3.735,
fleet_depot,parcel_50070006900000010060020000,414,,,,,25309.546,21.632,
fleet_depot,parcel_50070006900000020010000000,464,,,,,2093.955,1.79,
fleet_depot,parcel_50070006900000020210000000,438,,,,,0.0,0.0,
fleet_depot,parcel_50070006200000050120000000,482,,,,,1502.185,1.284,
fleet_depot,parcel_50070006200000050150000000,481,,,,,2594.684,2.218,
fleet_depot,parcel_50070006200000050140000000,482,,,,,1092.498,0.934,
fleet_depot,parcel_50070006200000050010000000,433,,,,,682.811,0.584,
fleet_depot,parcel_50070006200000050030000000,485,,,,,546.249,0.467,
fleet_depot,parcel_50070006200000050160000000,481,,,,,1957.393,1.673,
fleet_depot,parcel_50070006200000050180000000,464,,,,,5553.533,4.747,
fleet_depot,parcel_50070006100000040010000000,650,,,,,4734.16,4.046,
fleet_depot,parcel_50070006200000050170000000,464,,,,,728.332,0.623,
fleet_depot,parcel_50070006100000040050000000,650,,,,,60451.577,51.668,
fleet_depot,parcel_50070007000000020100000000,463,,,,,16250.913,13.89,
fleet_depot,parcel_50070007000000030160000000,464,,,,,2958.85,2.529,
fleet_depot,parcel_50070007000000030130000000,481,,,,,4688.639,4.007,
fleet_depot,parcel_50070007000000030010000000,438,,,,,0.0,0.0,
fleet_depot,parcel_50070007000000030020000000,464,,,,,1365.623,1.167,
fleet_depot,parcel_50070007000000030030000000,481,,,,,5371.45,4.591,
fleet_depot,parcel_50070007000000030040000000,481,,,,,637.291,0.545,
fleet_depot,parcel_50070007000000030050000000,481,,,,,1365.623,1.167,
fleet_depot,parcel_50070007000000030060000000,481,,,,,2139.476,1.829,
fleet_depot,parcel_50070007000000030070000000,481,,,,,3277.495,2.801,
fleet_depot,parcel_50070007000000030080000000,481,,,,,1502.185,1.284,
fleet_depot,parcel_50070007000000030090000000,481,,,,,1502.185,1.284,
fleet_depot,parcel_50070007000000030110000000,481,,,,,3550.62,3.035,
fleet_depot,parcel_50070007000000030100000000,481,,,,,864.895,0.739,
fleet_depot,parcel_50070007000000030120000000,481,,,,,2048.434,1.751,
fleet_depot,parcel_50070007000000030150000000,463,,,,,11425.712,9.766,
fleet_depot,parcel_50070007000000040040220000,464,,,,,19710.492,16.847,
fleet_depot,parcel_50070007000000040040210001,437,,,,,16432.997,14.045,
fleet_depot,parcel_50070007000000040050010000,452,,,,,36598.696,31.281,
fleet_depot,parcel_50070007000000040050210000,438,,,,,0.0,0.0,
fleet_depot,parcel_50070007000000050100000000,481,,,,,3277.495,2.801,
fleet_depot,parcel_50070007000000020130000000,650,,,,,0.0,0.0,
fleet_depot,parcel_50070007000000020110000000,681,,,,,6418.428,5.486,
fleet_depot,parcel_50070007000000020150000000,481,,,,,1092.498,0.934,
fleet_depot,parcel_50070007000000020140000000,481,,,,,1820.831,1.556,
fleet_depot,parcel_50070007000000020160000000,481,,,,,910.415,0.778,
fleet_depot,parcel_50070007000000020170000000,481,,,,,2367.08,2.023,
fleet_depot,parcel_50070007000000020200000000,481,,,,,1957.393,1.673,
fleet_depot,parcel_50070007000000020210000000,481,,,,,3095.412,2.646,
fleet_depot,parcel_50070007000000020050000000,464,,,,,7237.802,6.186,
fleet_depot,parcel_50070007000000020090000000,464,,,,,6372.907,5.447,
fleet_depot,parcel_50070007000000020240000000,481,,,,,4415.514,3.774,
fleet_depot,parcel_50070007000000020260000000,481,,,,,3778.224,3.229,
fleet_depot,parcel_50070007000000020300000000,481,,,,,1046.978,0.895,
fleet_depot,parcel_50070007000000020270000000,481,,,,,1138.019,0.973,
fleet_depot,parcel_50070007000000020250000000,481,,,,,4597.597,3.93,
fleet_depot,parcel_50070007000000020220000000,481,,,,,1138.019,0.973,
fleet_depot,parcel_50070007000000050040000000,481,,,,,2549.163,2.179,
fleet_depot,parcel_50070007000000050030000000,481,,,,,2822.287,2.412,
fleet_depot,parcel_50070007000000050020000000,481,,,,,5007.284,4.28,
fleet_depot,parcel_50070007000000050010000000,481,,,,,17343.412,14.823,
fleet_depot,parcel_50070007000000060100000000,481,,,,,2184.997,1.868,
fleet_depot,parcel_50070007000000060110000000,481,,,,,3277.495,2.801,
fleet_depot,parcel_50070007000000060120020000,481,,,,,1001.457,0.856,
fleet_depot,parcel_50070007000000060120010000,481,,,,,910.415,0.778,
fleet_depot,parcel_50070007000000050250000000,481,,,,,4825.201,4.124,
fleet_depot,parcel_50070007000000050240000000,481,,,,,3004.371,2.568,
fleet_depot,parcel_50070007000000050230000000,652,,,,,10014.569,8.559,
fleet_depot,parcel_50070007000000080010000000,611,,,,,23488.715,20.076,
fleet_depot,parcel_50070007000000080110000000,642,,,,,15886.747,13.578,
fleet_depot,parcel_50070007000000040050230000,437,,,,,57219.603,48.906,
fleet_depot,parcel_50070007000000040052210000,514,,,,,19346.326,16.535,
fleet_depot,parcel_50070007000000040050230001,512,,,,,3732.703,3.19,
fleet_depot,parcel_50070007000000040040030000,414,,,,,34231.616,29.258,
fleet_depot,parcel_50070008100000030020020000,410,,,,,7055.719,6.031,
fleet_depot,parcel_50070008100000030020030000,484,,,,,955.936,0.817,
fleet_depot,parcel_50070008100000100010000000,662,,,,,637.291,0.545,
fleet_depot,parcel_50070008100000030010000000,662,,,,,9741.444,8.326,
fleet_depot,parcel_50070008100000110060000000,438,,,,,0.0,0.0,
fleet_depot,parcel_50070008100000110050000000,438,,,,,0.0,0.0,
fleet_depot,parcel_50070008100000110040000000,433,,,,,1229.061,1.05,
fleet_depot,parcel_50070008100000110030000000,515,,,,,955.936,0.817,
fleet_depot,parcel_50070008100000120050000000,431,,,,,4461.035,3.813,
fleet_depot,parcel_50070008100000120060000000,438,,,,,0.0,0.0,
fleet_depot,parcel_50070008100000120040000000,433,,,,,364.166,0.311,
fleet_depot,parcel_50070008100000110020000000,433,,,,,1138.019,0.973,
fleet_depot,parcel_50070008100000110010000000,438,,,,,0.0,0.0,
fleet_depot,parcel_50070008100000020010000000,437,,,,,75655.513,64.663,
fleet_depot,parcel_50070008100000020010000001,464,,,,,7465.406,6.381,
fleet_depot,parcel_50070007000000070040010000,486,,,,,591.77,0.506,
fleet_depot,parcel_50070007000000060130000000,481,,,,,1820.831,1.556,
fleet_depot,parcel_50070007000000060140000000,484,,,,,864.895,0.739,
fleet_depot,parcel_50070007000000070020000000,464,,,,,819.374,0.7,
fleet_depot,parcel_50070007000000070030000000,464,,,,,1775.31,1.517,
fleet_depot,parcel_50070007000000070150000000,484,,,,,682.811,0.584,
fleet_depot,parcel_50070008000000100050000000,438,,,,,0.0,0.0,
fleet_depot,parcel_50070008000000100010000000,633,,,,,24717.776,21.126,
fleet_depot,parcel_50070007000000070040020099,837,,,,,0.0,0.0,
fleet_depot,parcel_50070007000000070040020000,414,,,,,48616.178,41.552,
fleet_depot,parcel_50070008000000100080000000,438,,,,,0.0,0.0,
fleet_depot,parcel_50070008000000090080010000,465,,,,,728.332,0.623,
fleet_depot,parcel_50070008000000070010000000,642,,,,,18663.514,15.952,
fleet_depot,parcel_50070009300000010100000000,483,,,,,1411.144,1.206,
fleet_depot,parcel_50070009300000030010000000,483,,,,,864.895,0.739,
fleet_depot,parcel_50070008100000120090000000,438,,,,,0.0,0.0,
fleet_depot,parcel_50070009200000010010000000,483,,,,,455.208,0.389,
fleet_depot,parcel_50070008100000110090000000,483,,,,,864.895,0.739,
fleet_depot,parcel_50070010700000010030000000,642,,,,,7738.53,6.614,
fleet_depot,parcel_50070010600000010080020000,710,,,,,157365.288,134.5,
fleet_depot,parcel_50070009100000050020000000,438,,,,,0.0,0.0,
fleet_depot,parcel_50070010700000010010000000,612,,,,,23898.402,20.426,
fleet_depot,parcel_50070008300000020230000000,822,,,,,0.0,0.0,
fleet_depot,parcel_50070009000000010010000000,650,,,,,0.0,0.0,
fleet_depot,parcel_50070010700000010080000000,620,,,,,728.332,0.623,
fleet_depot,parcel_50070011300000020040000000,438,,,,,0.0,0.0,
fleet_depot,parcel_50070011300000010010020000,620,,,,,1092.498,0.934,
fleet_depot,parcel_50070011400000010010000000,449,,,,,7283.323,6.225,
fleet_depot,parcel_50070011400000010050000000,534,,,,,1775.31,1.517,
fleet_depot,parcel_50070011400000010190000000,822,,,,,0.0,0.0,
fleet_depot,parcel_50070011500000010150000099,837,,,,,136.562,0.117,
fleet_depot,parcel_50070011600000010040000000,421,,,,,1547.706,1.323,
fleet_depot,parcel_50070011600000010060020000,485,,,,,2048.434,1.751,
fleet_depot,parcel_50070010600000010050000000,872,,,,,0.0,0.0,
fleet_depot,parcel_50070010600000010040010000,873,,,,,91.042,0.078,
fleet_depot,parcel_50070010500000080010000000,873,,,,,0.0,0.0,
fleet_depot,parcel_50070010400000010010020000,452,,,,,9058.632,7.742,
fleet_depot,parcel_50070010300000030120000000,591,,,,,0.0,0.0,
fleet_depot,parcel_50070010300000010010010000,456,,,,,3778.224,3.229,
fleet_depot,parcel_50070010200000010020040000,462,,,,,1229.061,1.05,
fleet_depot,parcel_50070010400000010010010000,457,,,,,2549.163,2.179,
fleet_depot,parcel_50070010400000010010030000,421,,,,,2776.767,2.373,
fleet_depot,parcel_50070010200000010020060000,453,,,,,4597.597,3.93,
fleet_depot,parcel_50070011700000010010020000,452,,,,,51210.862,43.77,
fleet_depot,parcel_50070011700000010030000000,452,,,,,6008.741,5.136,
fleet_depot,parcel_50070011700000020010010000,426,,,,,682.811,0.584,
fleet_depot,parcel_50070011700000020020000000,462,,,,,910.415,0.778,
fleet_depot,parcel_50070011700000010050000000,452,,,,,3641.661,3.113,
fleet_depot,parcel_50070011700000030030000000,433,,,,,2321.559,1.984,
fleet_depot,parcel_50070011700000030040000000,433,,,,,5007.284,4.28,
fleet_depot,parcel_50070011700000030020000000,433,,,,,1684.268,1.44,
fleet_depot,parcel_50070011700000030010000000,485,,,,,7465.406,6.381,
fleet_depot,parcel_50070010400000010090000000,464,,,,,6463.949,5.525,
fleet_depot,parcel_50070011700000020010020000,452,,,,,14065.917,12.022,
fleet_depot,parcel_50070011600000010100000000,431,,,,,637.291,0.545,
fleet_depot,parcel_50070011600000010090000000,422,,,,,364.166,0.311,
fleet_depot,parcel_50070011600000010070000000,436,,,,,2048.434,1.751,
fleet_depot,parcel_50070011600000010080000000,484,,,,,1001.457,0.856,
fleet_depot,parcel_50070012400000020110000000,692,,,,,0.0,0.0,
fleet_depot,parcel_50070012400000010030000000,432,,,,,1547.706,1.323,
fleet_depot,parcel_50070012200000020030000000,457,,,,,2367.08,2.023,
fleet_depot,parcel_50070012200000020020000000,431,,,,,9377.278,8.015,
fleet_depot,parcel_50070012200000020060000000,620,,,,,1001.457,0.856,
fleet_depot,parcel_50070012200000020040000000,432,,,,,273.125,0.233,
fleet_depot,parcel_50070011700000010060000000,462,,,,,728.332,0.623,
fleet_depot,parcel_50070012200000010030000000,431,,,,,6008.741,5.136,
fleet_depot,parcel_50070012200000010040000000,431,,,,,6281.866,5.369,
fleet_depot,parcel_50070011800000010010020000,453,,,,,65049.175,55.598,
fleet_depot,parcel_50070011800000010020040000,452,,,,,13610.709,11.633,
fleet_depot,parcel_50070012100000010010000000,426,,,,,728.332,0.623,
fleet_depot,parcel_50070011800000010010010000,452,,,,,3550.62,3.035,
fleet_depot,parcel_50070012400000010020000000,484,,,,,1866.351,1.595,
fleet_depot,parcel_50070012400000010190000000,452,,,,,5007.284,4.28,
fleet_depot,parcel_50070012500000020040000000,414,,,,,13064.46,11.166,
fleet_depot,parcel_50070012500000010010010000,452,,,,,11152.588,9.532,
fleet_depot,parcel_50070012100000010040000000,433,,,,,409.687,0.35,
fleet_depot,parcel_50070012100000010020000000,433,,,,,3140.933,2.685,
fleet_depot,parcel_50070012500000010030010000,415,,,,,10924.984,9.338,
fleet_depot,parcel_50070011800000010020020000,453,,,,,45748.37,39.101,
fleet_depot,parcel_50070011800000010020030000,452,,,,,4187.91,3.579,
fleet_depot,parcel_50070010000000030010000000,852,,,,,0.0,0.0,
fleet_depot,parcel_50070009600000020010230000,484,,,,,682.811,0.584,
fleet_depot,parcel_50070009600000020010220000,546,,,,,3550.62,3.035,
fleet_depot,parcel_50070009600000020010210000,484,,,,,2184.997,1.868,
fleet_depot,parcel_50070010000000020010260000,692,,,,,0.0,0.0,
fleet_depot,parcel_50070009600000010010000000,650,,,,,0.0,0.0,
fleet_depot,parcel_50070009600000020010010000,712,,,,,5280.409,4.513,
fleet_depot,parcel_50070009600000020010030000,712,,,,,4597.597,3.93,
fleet_depot,parcel_50070009600000020010040000,710,,,,,3231.974,2.762,
fleet_depot,parcel_50070009600000020010050000,484,,,,,2093.955,1.79,
fleet_depot,parcel_50070009600000020070000000,449,,,,,1593.227,1.362,
fleet_depot,parcel_50070007800000030010000000,710,,,,,5872.179,5.019,
fleet_depot,parcel_50070009600000020010080000,485,,,,,2549.163,2.179,
fleet_depot,parcel_50070009600000020010090000,712,,,,,15067.374,12.878,
fleet_depot,parcel_50070009600000020060000000,484,,,,,3641.661,3.113,
fleet_depot,parcel_50070007800000030020000000,449,,,,,7010.198,5.992,
fleet_depot,parcel_50070007800000030070000000,534,,,,,2549.163,2.179,
fleet_depot,parcel_50070010200000010020050000,421,,,,,1911.872,1.634,
fleet_depot,parcel_50070010300000010030000000,650,,,,,91.042,0.078,
fleet_depot,parcel_50070010200000010020030000,452,,,,,19801.533,16.924,
fleet_depot,parcel_50070009500000010010210000,462,,,,,1183.54,1.012,
fleet_depot,parcel_50070009500000010010220000,454,,,,,41833.584,35.755,
fleet_depot,parcel_50070010200000010020010000,452,,,,,38100.881,32.565,
fleet_depot,parcel_50070009500000010010010000,431,,,,,8193.738,7.003,
fleet_depot,parcel_50070009400000010010000000,434,,,,,1183.54,1.012,
fleet_depot,parcel_50070009400000010150000000,484,,,,,364.166,0.311,
fleet_depot,parcel_50070009400000010220000000,415,,,,,13383.105,11.439,
fleet_depot,parcel_50070007900000060080010000,456,,,,,4096.869,3.502,
fleet_depot,parcel_50070009400000030300000000,483,,,,,1183.54,1.012,
fleet_depot,parcel_50070008000000030010000000,464,,,,,591.77,0.506,
fleet_depot,parcel_50070007900000060080020000,452,,,,,13246.543,11.322,
fleet_depot,parcel_50070007200000080010000000,426,,,,,637.291,0.545,
fleet_depot,parcel_50070007900000040010000000,421,,,,,773.853,0.661,
fleet_depot,parcel_50070007900000030010000000,456,,,,,4597.597,3.93,
fleet_depot,parcel_50070007900000050010010000,485,,,,,1092.498,0.934,
fleet_depot,parcel_50070007900000010030000000,620,,,,,637.291,0.545,
fleet_depot,parcel_50070007900000100010000000,415,,,,,8057.176,6.886,
fleet_depot,parcel_50070007900000010020010000,465,,,,,1775.31,1.517,
fleet_depot,parcel_50070007900000010010000000,464,,,,,2230.518,1.906,
fleet_depot,parcel_50070007900000010020020000,464,,,,,3459.578,2.957,
fleet_depot,parcel_50070007900000020010020000,485,,,,,2276.038,1.945,
fleet_depot,parcel_50070007800000020040000000,449,,,,,5462.492,4.669,
fleet_depot,parcel_50070007200000070100000000,455,,,,,10924.984,9.338,
fleet_depot,parcel_50070007200000060020000000,691,,,,,4233.431,3.618,
fleet_depot,parcel_50070007200000050180000000,438,,,,,0.0,0.0,
fleet_depot,parcel_50070007200000050170000000,483,,,,,1138.019,0.973,
fleet_depot,parcel_50070007200000050020000000,485,,,,,3823.744,3.268,
fleet_depot,parcel_50070007200000050150000000,484,,,,,1411.144,1.206,
fleet_depot,parcel_50070007200000050160000000,484,,,,,1001.457,0.856,
fleet_depot,parcel_50070007200000050110000000,483,,,,,682.811,0.584,
fleet_depot,parcel_50070007200000050130000000,449,,,,,1411.144,1.206,
fleet_depot,parcel_50070007200000050030000000,438,,,,,0.0,0.0,
fleet_depot,parcel_50070007200000050040000000,481,,,,,864.895,0.739,
fleet_depot,parcel_50070007200000050050000000,481,,,,,1274.581,1.089,
fleet_depot,parcel_50070007200000050120000000,449,,,,,2002.914,1.712,
fleet_depot,parcel_50070007200000050060000000,484,,,,,2412.601,2.062,
fleet_depot,parcel_50070007200000050080000000,422,,,,,409.687,0.35,
fleet_depot,parcel_50070007200000040030000000,484,,,,,4734.16,4.046,
fleet_depot,parcel_50070007200000040010000000,485,,,,,1684.268,1.44,
fleet_depot,parcel_50070007200000020160000000,482,,,,,728.332,0.623,
fleet_depot,parcel_50070007200000020120000000,462,,,,,1911.872,1.634,
fleet_depot,parcel_50070007200000020130000000,438,,,,,0.0,0.0,
fleet_depot,parcel_50070007200000020110000000,438,,,,,0.0,0.0,
fleet_depot,parcel_50070007200000020150000000,483,,,,,864.895,0.739,
fleet_depot,parcel_50070007200000020030000000,484,,,,,1411.144,1.206,
fleet_depot,parcel_50070007200000020200000000,482,,,,,2002.914,1.712,
fleet_depot,parcel_50070007200000020010000000,461,,,,,6281.866,5.369,
fleet_depot,parcel_50070007200000020190000000,457,,,,,1638.748,1.401,
fleet_depot,parcel_50070007200000020180000000,484,,,,,819.374,0.7,
fleet_depot,parcel_50070007200000050010000000,421,,,,,1729.789,1.478,
fleet_depot,parcel_50070007300000060010000000,444,,,,,7556.447,6.459,
fleet_depot,parcel_50070007300000050020010000,462,,,,,1775.31,1.517,
fleet_depot,parcel_50070005900000080010000000,454,,,,,3368.537,2.879,
fleet_depot,parcel_50070005900000070250000000,425,,,,,819.374,0.7,
fleet_depot,parcel_50070005900000070270000000,484,,,,,500.728,0.428,
fleet_depot,parcel_50070005900000070010000000,484,,,,,2276.038,1.945,
fleet_depot,parcel_50070005900000070240000000,438,,,,,0.0,0.0,
fleet_depot,parcel_50070005900000010020000000,456,,,,,6236.345,5.33,
fleet_depot,parcel_50070005800000040010130000,438,,,,,0.0,0.0,
fleet_depot,parcel_50070005800000040100020000,485,,,,,2412.601,2.062,
fleet_depot,parcel_50070005800000050010000000,482,,,,,5872.179,5.019,
fleet_depot,parcel_50070005800000060010000000,484,,,,,955.936,0.817,
fleet_depot,parcel_50070005800000070030110000,464,,,,,4278.952,3.657,
fleet_depot,parcel_50070005800000070030130000,464,,,,,136.562,0.117,
fleet_depot,parcel_50070005800000070030120000,464,,,,,136.562,0.117,
fleet_depot,parcel_50070005800000070010020000,486,,,,,2276.038,1.945,
fleet_depot,parcel_50070005800000070050000000,482,,,,,2139.476,1.829,
fleet_depot,parcel_50070007300000030010000000,438,,,,,0.0,0.0,
fleet_depot,parcel_50070007300000030020000000,482,,,,,1684.268,1.44,
fleet_depot,parcel_50070007300000030030000000,484,,,,,500.728,0.428,
fleet_depot,parcel_50070007300000050030000000,485,,,,,546.249,0.467,
fleet_depot,parcel_50070007300000020030000000,438,,,,,0.0,0.0,
fleet_depot,parcel_50070007300000020010000000,433,,,,,2093.955,1.79,
fleet_depot,parcel_50070007300000090120000000,464,,,,,4961.763,4.241,
fleet_depot,parcel_50070007300000110020000000,457,,,,,1229.061,1.05,
fleet_depot,parcel_50070007300000110050000000,484,,,,,1229.061,1.05,
fleet_depot,parcel_50070007800000020060000000,449,,,,,4552.077,3.891,
fleet_depot,parcel_50070007800000010010020000,710,,,,,16933.725,14.473,
fleet_depot,parcel_50070007700000060010010000,650,,,,,91.042,0.078,
fleet_depot,parcel_50070007700000060030000000,714,,,,,1638.748,1.401,
fleet_depot,parcel_50070007300000100030010000,484,,,,,1046.978,0.895,
fleet_depot,parcel_50070007800000010010010000,710,,,,,7875.093,6.731,
fleet_depot,parcel_50070005700000020010000000,612,,,,,8922.07,7.626,
fleet_depot,parcel_50070005700000040010000000,873,,,,,91.042,0.078,
fleet_depot,parcel_50070007300000090040000000,484,,,,,2093.955,1.79,
fleet_depot,parcel_50070007300000010110000000,464,,,,,10424.255,8.91,
fleet_depot,parcel_50070005800000010020000000,484,,,,,1729.789,1.478,
fleet_depot,parcel_50070005800000010040000000,423,,,,,409.687,0.35,
fleet_depot,parcel_50070005800000010030000000,483,,,,,546.249,0.467,
fleet_depot,parcel_50070005800000010010000000,590,,,,,0.0,0.0,
fleet_depot,parcel_50070005800000020010030000,438,,,,,0.0,0.0,
fleet_depot,parcel_50070005800000020010010000,462,,,,,1820.831,1.556,
fleet_depot,parcel_50070005800000030070000000,484,,,,,318.645,0.272,
fleet_depot,parcel_50070005800000030040000000,484,,,,,1046.978,0.895,
fleet_depot,parcel_50070005800000030030000000,421,,,,,864.895,0.739,
fleet_depot,parcel_50070005800000030020000000,484,,,,,819.374,0.7,
fleet_depot,parcel_50070005800000020010020000,544,,,,,20484.345,17.508,
fleet_depot,parcel_50070005800000020010020099,837,,,,,0.0,0.0,
fleet_depot,parcel_50070005200000020070000000,653,,,,,0.0,0.0,
fleet_depot,parcel_50070004200000020050000000,710,,,,,8239.259,7.042,
fleet_depot,parcel_50070005300000040010000000,661,,,,,2594.684,2.218,
fleet_depot,parcel_50070002200000010010010000,650,,,,,591.77,0.506,
fleet_depot,parcel_50070004300000010030000000,650,,,,,0.0,0.0,
fleet_depot,parcel_50070004300000010010000000,421,,,,,2640.204,2.257,
fleet_depot,parcel_50070004300000010050000000,650,,,,,1001.457,0.856,
fleet_depot,parcel_50070004300000010060000000,438,,,,,0.0,0.0,
fleet_depot,parcel_50070005200000010010030000,438,,,,,0.0,0.0,
fleet_depot,parcel_50070004300000020110000000,570,,,,,0.0,0.0,
fleet_depot,parcel_50070004300000010020000000,570,,,,,1138.019,0.973,
fleet_depot,parcel_50070005200000010010020000,438,,,,,0.0,0.0,
fleet_depot,parcel_50070005200000010010010000,438,,,,,0.0,0.0,
fleet_depot,parcel_50070005200000020040000000,650,,,,,0.0,0.0,
fleet_depot,parcel_50070005200000020030000000,482,,,,,4187.91,3.579,
fleet_depot,parcel_50070005200000030010120000,448,,,,,0.0,0.0,
fleet_depot,parcel_50070005800000040010020000,448,,,,,0.0,0.0,
fleet_depot,parcel_50070005800000040020020000,421,,,,,1911.872,1.634,
fleet_depot,parcel_50070005200000030170000000,438,,,,,0.0,0.0,
fleet_depot,parcel_50070005200000030140000000,464,,,,,5325.93,4.552,
fleet_depot,parcel_50070005200000030160000000,438,,,,,0.0,0.0,
fleet_depot,parcel_50070005200000030020000000,464,,,,,2549.163,2.179,
fleet_depot,parcel_50070004300000020040000000,455,,,,,1547.706,1.323,
fleet_depot,parcel_50070005200000030050020000,484,,,,,2230.518,1.906,
fleet_depot,parcel_50070004300000030010000000,421,,,,,3550.62,3.035,
fleet_depot,parcel_50070004400000090010020000,457,,,,,1684.268,1.44,
fleet_depot,parcel_50070004300000020080000000,486,,,,,1138.019,0.973,
fleet_depot,parcel_50070004300000020050220000,454,,,,,11880.92,10.155,
fleet_depot,parcel_50070004300000020010020000,464,,,,,6190.824,5.291,
fleet_depot,parcel_50070004300000020120000000,570,,,,,2913.329,2.49,
fleet_depot,parcel_50070003700000010030000000,570,,,,,0.0,0.0,
fleet_depot,parcel_50070003700000010040010000,440,,,,,364.166,0.311,
fleet_depot,parcel_50070004400000020020000000,481,,,,,6372.907,5.447,
fleet_depot,parcel_50070004400000010010020000,457,,,,,1320.102,1.128,
fleet_depot,parcel_50070004400000010010120000,465,,,,,2458.121,2.101,
fleet_depot,parcel_50070004400000020010030000,484,,,,,591.77,0.506,
fleet_depot,parcel_50070004400000020010110000,464,,,,,2139.476,1.829,
fleet_depot,parcel_50070004400000020010020000,457,,,,,4096.869,3.502,
fleet_depot,parcel_50070003600000010060000000,485,,,,,4369.994,3.735,
fleet_depot,parcel_50070003600000010070000000,872,,,,,0.0,0.0,
fleet_depot,parcel_50070003500000010010000000,452,,,,,6646.032,5.68,
fleet_depot,parcel_50070003500000050120000000,484,,,,,546.249,0.467,
fleet_depot,parcel_50070004400000060030000000,620,,,,,1456.665,1.245,
fleet_depot,parcel_50070004400000060020000000,438,,,,,0.0,0.0,
fleet_depot,parcel_50070004400000070010000000,591,,,,,0.0,0.0,
fleet_depot,parcel_50070005100000030150000000,484,,,,,1092.498,0.934,
fleet_depot,parcel_50070005000000020010000000,682,,,,,0.0,0.0,
fleet_depot,parcel_50070005100000040110000000,484,,,,,910.415,0.778,
fleet_depot,parcel_50070005900000040010000000,593,,,,,0.0,0.0,
fleet_depot,parcel_50070005100000010050000000,642,,,,,2230.518,1.906,
fleet_depot,parcel_50070005100000010010000000,438,,,,,0.0,0.0,
fleet_depot,parcel_50070005100000010180010000,485,,,,,1274.581,1.089,
fleet_depot,parcel_50070005100000010180020000,421,,,,,455.208,0.389,
fleet_depot,parcel_50070005200000030060000000,456,,,,,8466.862,7.237,
fleet_depot,parcel_50070005200000030050010000,438,,,,,0.0,0.0,
fleet_depot,parcel_50070005200000040100000000,422,,,,,4096.869,3.502,
fleet_depot,parcel_50070005200000040060020000,482,,,,,1365.623,1.167,
fleet_depot,parcel_50070005100000060010000000,462,,,,,1183.54,1.012,
fleet_depot,parcel_50070005900000030260000000,482,,,,,500.728,0.428,
fleet_depot,parcel_50070005900000030010000000,484,,,,,1274.581,1.089,
fleet_depot,parcel_50070005200000040110000000,472,,,,,1229.061,1.05,
fleet_depot,parcel_50070005200000040040000000,449,,,,,4005.827,3.424,
fleet_depot,parcel_50070005200000030150000000,484,,,,,6691.553,5.719,
fleet_depot,parcel_50070005200000030200000000,653,,,,,0.0,0.0,
fleet_depot,parcel_50070005900000020280000000,482,,,,,864.895,0.739,
fleet_depot,parcel_50070005900000020210000000,484,,,,,1638.748,1.401,
fleet_depot,parcel_50070005900000070200000000,465,,,,,6190.824,5.291,
fleet_depot,parcel_50070005900000070090000000,653,,,,,0.0,0.0,
fleet_depot,parcel_50070005900000030220000000,650,,,,,364.166,0.311,
fleet_depot,parcel_50070005900000030250000000,464,,,,,409.687,0.35,
fleet_depot,parcel_50070005900000060010000000,421,,,,,1092.498,0.934,
fleet_depot,parcel_50070005900000070130000000,486,,,,,1092.498,0.934,
fleet_depot,parcel_50070005900000070160000000,483,,,,,773.853,0.661,
fleet_depot,parcel_50070007200000030010000000,484,,,,,773.853,0.661,
fleet_depot,parcel_50070005900000060210000000,464,,,,,773.853,0.661,
fleet_depot,parcel_50070007200000030240000000,484,,,,,2913.329,2.49,
fleet_depot,parcel_50070007200000030260000000,482,,,,,2139.476,1.829,
fleet_depot,parcel_50070007200000030030000000,484,,,,,864.895,0.739,
fleet_depot,parcel_50070007200000030020000000,484,,,,,1547.706,1.323,
fleet_depot,parcel_50070007200000030280000000,438,,,,,0.0,0.0,
fleet_depot,parcel_50070007200000030270000000,486,,,,,455.208,0.389,
fleet_depot,parcel_50070007200000030230020000,483,,,,,864.895,0.739,
fleet_depot,parcel_50070007200000030190000000,482,,,,,1820.831,1.556,
fleet_depot,parcel_50070007200000030180010000,482,,,,,1046.978,0.895,
fleet_depot,parcel_50070007200000030070000000,464,,,,,1138.019,0.973,
fleet_depot,parcel_50070007200000030200000000,485,,,,,2867.808,2.451,
fleet_depot,parcel_50070007200000030060000000,464,,,,,773.853,0.661,
fleet_depot,parcel_50070007200000030120000000,438,,,,,0.0,0.0,
fleet_depot,parcel_50070005900000060180000000,642,,,,,1957.393,1.673,
fleet_depot,parcel_50070006000000010170000000,483,,,,,591.77,0.506,
fleet_depot,parcel_50070006000000010160000000,483,,,,,1046.978,0.895,
fleet_depot,parcel_50070006000000060180000000,483,,,,,637.291,0.545,
fleet_depot,parcel_50070007100000010090000000,482,,,,,1411.144,1.206,
fleet_depot,parcel_50070007100000010080000000,483,,,,,1001.457,0.856,
fleet_depot,parcel_50070007100000010150000000,483,,,,,955.936,0.817,
fleet_depot,parcel_50070007100000010100000000,484,,,,,273.125,0.233,
fleet_depot,parcel_50070007100000010130000000,481,,,,,1502.185,1.284,
fleet_depot,parcel_50070007100000010140000000,484,,,,,591.77,0.506,
fleet_depot,parcel_50070007100000050020000000,484,,,,,591.77,0.506,
fleet_depot,parcel_50070007100000050010000000,484,,,,,455.208,0.389,
fleet_depot,parcel_50070007100000060090000000,483,,,,,1684.268,1.44,
fleet_depot,parcel_50070007100000060110000000,483,,,,,773.853,0.661,
fleet_depot,parcel_50070007100000060080000000,449,,,,,1820.831,1.556,
fleet_depot,parcel_50070007100000060070000000,484,,,,,1911.872,1.634,
fleet_depot,parcel_50070007100000060050000000,438,,,,,0.0,0.0,
fleet_depot,parcel_50070007100000010190010000,422,,,,,1274.581,1.089,
fleet_depot,parcel_50070007100000010180000000,438,,,,,0.0,0.0,
fleet_depot,parcel_50070007100000010170000000,483,,,,,1001.457,0.856,
fleet_depot,parcel_50070007100000010160000000,483,,,,,773.853,0.661,
fleet_depot,parcel_50070007100000010070000000,464,,,,,500.728,0.428,
fleet_depot,parcel_50070007100000010190020000,484,,,,,3323.016,2.84,
fleet_depot,parcel_50070007100000010050000000,482,,,,,2139.476,1.829,
fleet_depot,parcel_50070007100000010040000000,455,,,,,3231.974,2.762,
fleet_depot,parcel_50070007100000010220000000,484,,,,,1638.748,1.401,
fleet_depot,parcel_50070007100000060010000000,430,,,,,637.291,0.545,
fleet_depot,parcel_50070007200000040090000000,433,,,,,2458.121,2.101,
fleet_depot,parcel_50070007200000030160000000,484,,,,,955.936,0.817,
fleet_depot,parcel_50070007200000030150000000,482,,,,,1957.393,1.673,
fleet_depot,parcel_50070007200000030170000000,425,,,,,500.728,0.428,
fleet_depot,parcel_50070007200000040040000000,835,,,,,3459.578,2.957,
fleet_depot,parcel_50070007200000040050000000,464,,,,,1729.789,1.478,
fleet_depot,parcel_50070007200000040130000000,484,,,,,1911.872,1.634,
fleet_depot,parcel_50070007200000040100000000,484,,,,,773.853,0.661,
fleet_depot,parcel_50070007100000060260000000,534,,,,,1320.102,1.128,
fleet_depot,parcel_50070007100000060230000000,484,,,,,500.728,0.428,
fleet_depot,parcel_50070007100000060210000000,438,,,,,0.0,0.0,
fleet_depot,parcel_50070007100000060060000000,632,,,,,3732.703,3.19,
fleet_depot,parcel_50070007100000060200000000,465,,,,,546.249,0.467,
fleet_depot,parcel_50070007100000050200000000,438,,,,,0.0,0.0,
fleet_depot,parcel_50070008000000010060000000,620,,,,,955.936,0.817,
fleet_depot,parcel_50070008000000010050000000,620,,,,,0.0,0.0,
fleet_depot,parcel_50070008000000040150000000,449,,,,,2503.642,2.14,
fleet_depot,parcel_50070008000000060030000000,483,,,,,1320.102,1.128,
fleet_depot,parcel_50070008000000050150000000,681,,,,,2640.204,2.257,
fleet_depot,parcel_50070007100000050130000000,425,,,,,1365.623,1.167,
fleet_depot,parcel_50070007100000090020000000,484,,,,,1729.789,1.478,
fleet_depot,parcel_50070007100000090050000000,483,,,,,955.936,0.817,
fleet_depot,parcel_50070007100000100010000000,471,,,,,1593.227,1.362,
fleet_depot,parcel_50070007100000100040000000,632,,,,,773.853,0.661,
fleet_depot,parcel_50070007100000100020000000,464,,,,,1001.457,0.856,
fleet_depot,parcel_50070007100000040070000000,483,,,,,1320.102,1.128,
fleet_depot,parcel_50070007100000040090000000,483,,,,,910.415,0.778,
fleet_depot,parcel_50070007100000040100000000,464,,,,,546.249,0.467,
fleet_depot,parcel_50070007100000040080000000,483,,,,,1138.019,0.973,
fleet_depot,parcel_50070007100000040060000000,471,,,,,2276.038,1.945,
fleet_depot,parcel_50070007000000060190000000,438,,,,,0.0,0.0,
fleet_depot,parcel_50070007000000060200000000,438,,,,,0.0,0.0,
fleet_depot,parcel_50070007000000060030000000,482,,,,,6281.866,5.369,
fleet_depot,parcel_50070007000000060010020000,534,,,,,2230.518,1.906,
fleet_depot,parcel_50070007000000060020000000,464,,,,,6327.386,5.408,
fleet_depot,parcel_50070007100000040010020000,653,,,,,0.0,0.0,
fleet_depot,parcel_50070007100000040010010000,465,,,,,1547.706,1.323,
fleet_depot,parcel_50070007100000030050000000,438,,,,,0.0,0.0,
fleet_depot,parcel_50070007100000030030000000,483,,,,,1638.748,1.401,
fleet_depot,parcel_50070007100000020120000000,620,,,,,2549.163,2.179,
fleet_depot,parcel_50070007100000030070000000,464,,,,,2458.121,2.101,
fleet_depot,parcel_50070007100000050120000000,464,,,,,1820.831,1.556,
fleet_depot,parcel_50070007100000050110000000,483,,,,,910.415,0.778,
fleet_depot,parcel_50070007100000050100000000,465,,,,,1092.498,0.934,
fleet_depot,parcel_50070007100000050080000000,662,,,,,5963.22,5.097,
fleet_depot,parcel_50070007100000050090000000,483,,,,,1001.457,0.856,
fleet_depot,parcel_50070007100000020150000000,464,,,,,1729.789,1.478,
fleet_depot,parcel_50070007100000050070000000,483,,,,,773.853,0.661,
fleet_depot,parcel_50070007100000050170020000,425,,,,,2731.246,2.334,
fleet_depot,parcel_50070007100000050050000000,438,,,,,0.0,0.0,
fleet_depot,parcel_50070007100000050040000000,438,,,,,0.0,0.0,
fleet_depot,parcel_50070007100000020180000000,482,,,,,2276.038,1.945,
fleet_depot,parcel_50070007100000020190000000,465,,,,,2594.684,2.218,
fleet_depot,parcel_50070007100000020050000000,652,,,,,21986.53,18.792,
fleet_depot,parcel_50070006000000050120000000,465,,,,,955.936,0.817,
fleet_depot,parcel_50070006000000020050040000,483,,,,,1820.831,1.556,
fleet_depot,parcel_50070006000000020080000000,612,,,,,23443.194,20.037,
fleet_depot,parcel_50070006000000030090010000,483,,,,,1411.144,1.206,
fleet_depot,parcel_50070006000000030100000000,483,,,,,773.853,0.661,
fleet_depot,parcel_50070006100000010120000000,464,,,,,1320.102,1.128,
fleet_depot,parcel_50070006100000010110000000,465,,,,,3414.057,2.918,
fleet_depot,parcel_50070006100000010100000000,483,,,,,1001.457,0.856,
fleet_depot,parcel_50070006100000060050000000,438,,,,,0.0,0.0,
fleet_depot,parcel_50070006100000060060000000,438,,,,,0.0,0.0,
fleet_depot,parcel_50070006100000060100000000,484,,,,,182.083,0.156,
fleet_depot,parcel_50070006100000060130000000,620,,,,,2913.329,2.49,
fleet_depot,parcel_50070006100000060150000000,483,,,,,728.332,0.623,
fleet_depot,parcel_50070006100000060010000000,464,,,,,1183.54,1.012,
fleet_depot,parcel_50070006000000040070000000,484,,,,,864.895,0.739,
fleet_depot,parcel_50070006000000040060000000,484,,,,,546.249,0.467,
fleet_depot,parcel_50070007000000010150000000,482,,,,,2640.204,2.257,
fleet_depot,parcel_50070007000000010160000000,620,,,,,0.0,0.0,
fleet_depot,parcel_50070007000000010020000000,483,,,,,1001.457,0.856,
fleet_depot,parcel_50070007000000010010000000,620,,,,,3459.578,2.957,
fleet_depot,parcel_50070007000000010130000000,438,,,,,0.0,0.0,
fleet_depot,parcel_50070007000000010120000000,438,,,,,0.0,0.0,
fleet_depot,parcel_50070007000000060040000000,421,,,,,591.77,0.506,
fleet_depot,parcel_50070007000000010110020000,482,,,,,2002.914,1.712,
fleet_depot,parcel_50070007000000010100000000,481,,,,,4506.556,3.852,
fleet_depot,parcel_50070007000000010090000000,481,,,,,1638.748,1.401,
fleet_depot,parcel_50070007000000060150000000,482,,,,,3550.62,3.035,
fleet_depot,parcel_50070007000000060070000000,481,,,,,1274.581,1.089,
fleet_depot,parcel_50070007000000060050020000,511,,,,,11016.025,9.415,
fleet_depot,parcel_50070007000000060080000000,481,,,,,1547.706,1.323,
fleet_depot,parcel_50070007000000010060000000,481,,,,,2958.85,2.529,
fleet_depot,parcel_50070007000000020370000000,481,,,,,2822.287,2.412,
fleet_depot,parcel_50070007000000020360000000,481,,,,,1729.789,1.478,
fleet_depot,parcel_50070007000000020350000000,481,,,,,1911.872,1.634,
fleet_depot,parcel_50070007000000010050000000,481,,,,,4187.91,3.579,
fleet_depot,parcel_50070007000000010080000000,482,,,,,3869.265,3.307,
fleet_depot,parcel_50070007000000010030000000,464,,,,,9286.236,7.937,
fleet_depot,parcel_50070007000000020380000000,482,,,,,2458.121,2.101,
fleet_depot,parcel_50070007000000020310000000,484,,,,,3368.537,2.879,
fleet_depot,parcel_50070007000000020290000000,481,,,,,3596.141,3.074,
fleet_depot,parcel_50070007000000020280000000,481,,,,,1183.54,1.012,
fleet_depot,parcel_50070007000000020040000000,464,,,,,546.249,0.467,
fleet_depot,parcel_50070007000000020030010000,464,,,,,864.895,0.739,
fleet_depot,parcel_50070007000000020340000000,481,,,,,6782.594,5.797,
fleet_depot,parcel_50070006100000050110000000,463,,,,,32092.14,27.429,
fleet_depot,parcel_50070006100000060070000000,620,,,,,4643.118,3.968,
fleet_depot,parcel_50070006100000060080000000,534,,,,,2048.434,1.751,
fleet_depot,parcel_50070006100000020100010000,464,,,,,2048.434,1.751,
fleet_depot,parcel_50070006100000020080000000,461,,,,,2776.767,2.373,
fleet_depot,parcel_50070006100000050010000000,452,,,,,39967.233,34.16,
fleet_depot,parcel_50070006100000050030000000,482,,,,,1229.061,1.05,
fleet_depot,parcel_50070006100000050040000000,482,,,,,864.895,0.739,
fleet_depot,parcel_50070006100000050050000000,462,,,,,91.042,0.078,
fleet_depot,parcel_50070006100000050060000000,438,,,,,0.0,0.0,
fleet_depot,parcel_50070006100000050100000000,414,,,,,63228.344,54.041,
fleet_depot,parcel_50070006100000050070000000,831,,,,,6873.636,5.875,
fleet_depot,parcel_50070006100000020040000000,652,,,,,24535.693,20.971,
fleet_depot,parcel_50070006100000020060000000,464,,,,,2230.518,1.906,
fleet_depot,parcel_50070006100000030140000000,464,,,,,10060.089,8.598,
fleet_depot,parcel_50070006100000030160000000,483,,,,,1274.581,1.089,
fleet_depot,parcel_50070006100000030100000000,464,,,,,5963.22,5.097,
fleet_depot,parcel_50070006100000030120000000,620,,,,,5781.137,4.941,
fleet_depot,parcel_50070006100000030090000000,438,,,,,0.0,0.0,
fleet_depot,parcel_50070006100000030080000000,438,,,,,0.0,0.0,
fleet_depot,parcel_50070006100000030210000000,464,,,,,1456.665,1.245,
fleet_depot,parcel_50070006100000030190000000,464,,,,,955.936,0.817,
fleet_depot,parcel_50070006100000030200000000,483,,,,,1365.623,1.167,
fleet_depot,parcel_50070006100000030220000000,483,,,,,1138.019,0.973,
fleet_depot,parcel_50070004900000020080000000,620,,,,,1456.665,1.245,
fleet_depot,parcel_50070004900000020090000000,620,,,,,2503.642,2.14,
fleet_depot,parcel_50070004900000020130000000,483,,,,,1320.102,1.128,
fleet_depot,parcel_50070006100000020030000000,620,,,,,3960.307,3.385,
fleet_depot,parcel_50070006100000020110000000,590,,,,,0.0,0.0,
fleet_depot,parcel_50070006100000020010000000,620,,,,,7784.051,6.653,
fleet_depot,parcel_50070004900000010160000000,483,,,,,1320.102,1.128,
fleet_depot,parcel_50070005000000040200000000,483,,,,,1320.102,1.128,
fleet_depot,parcel_50070004900000010150000000,482,,,,,819.374,0.7,
fleet_depot,parcel_50070004900000010230000000,483,,,,,1046.978,0.895,
fleet_depot,parcel_50070005000000040210000000,464,,,,,1092.498,0.934,
fleet_depot,parcel_50070005000000040260000000,464,,,,,1638.748,1.401,
fleet_depot,parcel_50070006100000010030000000,465,,,,,1684.268,1.44,
fleet_depot,parcel_50070006100000010020000000,483,,,,,1547.706,1.323,
fleet_depot,parcel_50070006000000020070020000,591,,,,,0.0,0.0,
fleet_depot,parcel_50070006000000020070010000,615,,,,,6600.511,5.641,
fleet_depot,parcel_50070006000000020050010000,612,,,,,3231.974,2.762,
fleet_depot,parcel_50070006000000020050220000,465,,,,,3323.016,2.84,
fleet_depot,parcel_50070005000000010160000000,438,,,,,0.0,0.0,
fleet_depot,parcel_50070005000000030260000000,620,,,,,864.895,0.739,
fleet_depot,parcel_50070003400000010010000000,483,,,,,1046.978,0.895,
fleet_depot,parcel_50070004500000030010000000,590,,,,,0.0,0.0,
fleet_depot,parcel_50070004600000010010000000,485,,,,,318.645,0.272,
fleet_depot,parcel_50070004600000010170000000,482,,,,,2867.808,2.451,
fleet_depot,parcel_50070004600000010150000000,465,,,,,1911.872,1.634,
fleet_depot,parcel_50070004600000070010000000,438,,,,,0.0,0.0,
fleet_depot,parcel_50070004900000010010000000,483,,,,,1775.31,1.517,
fleet_depot,parcel_50070004900000020030000000,464,,,,,1183.54,1.012,
fleet_depot,parcel_50070004600000060150000000,620,,,,,773.853,0.661,
fleet_depot,parcel_50070004600000060030000000,483,,,,,1092.498,0.934,
fleet_depot,parcel_50070004600000060090000000,438,,,,,0.0,0.0,
fleet_depot,parcel_50070004600000060080000000,483,,,,,591.77,0.506,
fleet_depot,parcel_50070004900000040010000000,464,,,,,1274.581,1.089,
fleet_depot,parcel_50070004900000020040000000,464,,,,,546.249,0.467,
fleet_depot,parcel_50070004900000020060220000,438,,,,,0.0,0.0,
fleet_depot,parcel_50070004900000040070000000,483,,,,,2139.476,1.829,
fleet_depot,parcel_50070004900000040090000000,464,,,,,546.249,0.467,
fleet_depot,parcel_50070004900000040100000000,464,,,,,1001.457,0.856,
fleet_depot,parcel_50070004900000040050000000,620,,,,,7875.093,6.731,
fleet_depot,parcel_50070006100000030050000000,464,,,,,728.332,0.623,
fleet_depot,parcel_50070006100000030040000000,464,,,,,728.332,0.623,
fleet_depot,parcel_50070006100000030060000000,483,,,,,819.374,0.7,
fleet_depot,parcel_50070006200000010160000000,464,,,,,1820.831,1.556,
fleet_depot,parcel_50070006200000010170000000,483,,,,,910.415,0.778,
fleet_depot,parcel_50070004900000060070000000,483,,,,,773.853,0.661,
fleet_depot,parcel_50070004900000060050000000,483,,,,,864.895,0.739,
fleet_depot,parcel_50070004800000030010000000,620,,,,,773.853,0.661,
fleet_depot,parcel_50070004900000050060000000,438,,,,,0.0,0.0,
fleet_depot,parcel_50070004900000050110000000,464,,,,,1274.581,1.089,
fleet_depot,parcel_50070004700000030020000000,695,,,,,0.0,0.0,
fleet_depot,parcel_50070004600000040010000000,464,,,,,1411.144,1.206,
fleet_depot,parcel_50070004700000040020000000,438,,,,,0.0,0.0,
fleet_depot,parcel_50070003200000030040000000,613,,,,,2776.767,2.373,
fleet_depot,parcel_50070002900000010070000000,620,,,,,2958.85,2.529,
fleet_depot,parcel_50070003200000030110000000,438,,,,,0.0,0.0,
fleet_depot,parcel_50070002800000030050020000,438,,,,,0.0,0.0,
fleet_depot,parcel_50070002800000020010000000,612,,,,,12654.773,10.816,
fleet_depot,parcel_50070001200000030100000000,438,,,,,0.0,0.0,
fleet_depot,parcel_50070001200000030090000000,438,,,,,0.0,0.0,
fleet_depot,parcel_50070001200000030110000000,425,,,,,1274.581,1.089,
fleet_depot,parcel_50070001200000050010000000,483,,,,,1046.978,0.895,
fleet_depot,parcel_50070001200000050050000000,484,,,,,500.728,0.428,
fleet_depot,parcel_50070001200000050040000000,483,,,,,1775.31,1.517,
fleet_depot,parcel_50070001400000040130000000,484,,,,,318.645,0.272,
fleet_depot,parcel_50070002700000040110000000,484,,,,,455.208,0.389,
fleet_depot,parcel_50070003400000050010000000,483,,,,,1320.102,1.128,
fleet_depot,parcel_50070002700000010040000000,457,,,,,682.811,0.584,
fleet_depot,parcel_50070002600000040010000000,591,,,,,0.0,0.0,
fleet_depot,parcel_50070003500000030030010000,438,,,,,0.0,0.0,
fleet_depot,parcel_50070003500000020050000000,620,,,,,1502.185,1.284,
fleet_depot,parcel_50070002500000030010220000,590,,,,,0.0,0.0,
fleet_depot,parcel_50070002600000020080000000,482,,,,,9195.195,7.859,
fleet_depot,parcel_50070001500000010080000000,642,,,,,1547.706,1.323,
fleet_depot,parcel_50070001500000040010000000,464,,,,,4278.952,3.657,
fleet_depot,parcel_50070001600000010080000000,710,,,,,3550.62,3.035,
fleet_depot,parcel_50070001600000010040010000,438,,,,,0.0,0.0,
fleet_depot,parcel_50070001600000010030000000,651,,,,,33912.971,28.985,
fleet_depot,parcel_50070001600000010120010000,485,,,,,4187.91,3.579,
fleet_depot,parcel_50070001300000020080000000,438,,,,,0.0,0.0,
fleet_depot,parcel_50070001300000020090000000,620,,,,,1547.706,1.323,
fleet_depot,parcel_50070001400000040160000000,438,,,,,0.0,0.0,
fleet_depot,parcel_50070001400000040010000000,620,,,,,2958.85,2.529,
fleet_depot,parcel_50070001200000020190000000,421,,,,,773.853,0.661,
fleet_depot,parcel_50070001200000020010000000,484,,,,,3459.578,2.957,
fleet_depot,parcel_50070000500000020100020000,438,,,,,0.0,0.0,
fleet_depot,parcel_50070000200000020020000000,590,,,,,1001.457,0.856,
fleet_depot,parcel_50070000200000020070000000,593,,,,,0.0,0.0,
fleet_depot,parcel_50070002400000010010020000,650,,,,,1866.351,1.595,
fleet_depot,parcel_50070001700000010010030000,570,,,,,2867.808,2.451,
fleet_depot,parcel_50070001700000010010020000,465,,,,,20575.386,17.586,
fleet_depot,parcel_50070001700000010020000000,485,,,,,2367.08,2.023,
fleet_depot,parcel_50070001600000010050020000,480,,,,,3004.371,2.568,
fleet_depot,parcel_50070001600000010050010000,484,,,,,1775.31,1.517,
fleet_depot,parcel_50070001600000010060000000,710,,,,,1547.706,1.323,
fleet_depot,parcel_50070002500000020010010000,615,,,,,1775.31,1.517,
fleet_depot,parcel_50070002500000040010000000,650,,,,,9286.236,7.937,
fleet_depot,parcel_50070002500000040020020000,591,,,,,0.0,0.0,
fleet_depot,parcel_50070002500000040040000000,438,,,,,0.0,0.0,
fleet_depot,parcel_50070002500000050010000000,452,,,,,3186.454,2.723,
fleet_depot,parcel_50070002500000050030000000,541,,,,,5872.179,5.019,
fleet_depot,parcel_50070002500000050040010000,484,,,,,864.895,0.739,
fleet_depot,parcel_50070002500000010050000000,650,,,,,0.0,0.0,
fleet_depot,parcel_50070002500000010080000000,454,,,,,6281.866,5.369,
fleet_depot,parcel_50070002300000010020000000,650,,,,,0.0,0.0,
fleet_depot,parcel_50070003700000010010000000,485,,,,,5143.847,4.396,
fleet_depot,parcel_50070003600000010040000000,456,,,,,8011.655,6.848,
fleet_depot,parcel_50070003600000010030510000,465,,,,,21758.926,18.597,
fleet_depot,parcel_50070002300000010010000000,455,,,,,8648.946,7.392,
fleet_depot,parcel_50070002200000020010000000,650,,,,,0.0,0.0,
fleet_depot,parcel_50070000200000010010020000,556,,,,,11653.316,9.96,
fleet_depot,parcel_50070002100000040040010000,650,,,,,0.0,0.0,
fleet_depot,parcel_50070002100000040010020000,465,,,,,3960.307,3.385,
fleet_depot,parcel_50070000200000010010030000,650,,,,,0.0,0.0,
fleet_depot,parcel_50070000200000010010010000,570,,,,,2367.08,2.023,
fleet_depot,parcel_50070000200000020040000000,650,,,,,0.0,0.0,
fleet_depot,parcel_50070000200000020050000000,650,,,,,0.0,0.0,
fleet_depot,parcel_50070000100000010150000000,650,,,,,6782.594,5.797,
fleet_depot,parcel_50070000500000010010000000,612,,,,,86808.101,74.195,
fleet_depot,parcel_50070000600000010010000000,695,,,,,0.0,0.0,
fleet_depot,parcel_50070001200000020030000000,590,,,,,0.0,0.0,
fleet_depot,parcel_50070001200000070010000000,590,,,,,0.0,0.0,
fleet_depot,parcel_50070001100000030010210000,590,,,,,0.0,0.0,
fleet_depot,parcel_50070002900000040030000000,438,,,,,0.0,0.0,
fleet_depot,parcel_50070002900000030100000000,438,,,,,0.0,0.0,
fleet_depot,parcel_50070002900000030080000000,613,,,,,2958.85,2.529,
fleet_depot,parcel_50070002900000030090000000,438,,,,,0.0,0.0,
fleet_depot,parcel_50070001000000020030000000,483,,,,,546.249,0.467,
fleet_depot,parcel_50070000900000050010000000,464,,,,,2958.85,2.529,
fleet_depot,parcel_50070000900000060030000000,613,,,,,0.0,0.0,
fleet_depot,parcel_50070000900000060040000000,438,,,,,0.0,0.0,
fleet_depot,parcel_50070000900000060110000000,438,,,,,0.0,0.0,
fleet_depot,parcel_50070000900000060100000000,613,,,,,7419.885,6.342,
fleet_depot,parcel_50070000800000010080000000,438,,,,,0.0,0.0,
fleet_depot,parcel_50070000900000070010000000,613,,,,,3869.265,3.307,
fleet_depot,parcel_50070000900000070030000000,692,,,,,0.0,0.0,
fleet_depot,parcel_50070000900000070080000000,613,,,,,0.0,0.0,
fleet_depot,parcel_50070000900000070070000000,613,,,,,0.0,0.0,
fleet_depot,parcel_50070003000000010010020000,613,,,,,1445785.049,1235.714,
fleet_depot,parcel_50070006500000030010010000,613,,,,,39375.463,33.654,
fleet_depot,parcel_50070006500000030030000000,613,,,,,17388.933,14.862,
fleet_depot,parcel_50070006500000030060000000,432,,,,,227.604,0.195,
fleet_depot,parcel_50070000400000020010000000,822,,,,,0.0,0.0,
fleet_depot,parcel_50070000300000010140000000,822,,,,,0.0,0.0,
fleet_depot,parcel_50070005600000010010000000,650,,,,,0.0,0.0,
fleet_depot,parcel_50070007600000020170000000,650,,,,,91.042,0.078,
fleet_depot,parcel_50070009900000020030000000,484,,,,,546.249,0.467,
fleet_depot,parcel_50070009900000010090000000,484,,,,,819.374,0.7,
fleet_depot,parcel_50070052500000060010000000,842,,,,,0.0,0.0,
fleet_depot,parcel_50070012700000010040000000,692,,,,,0.0,0.0,
fleet_depot,parcel_50070012600000010020020000,652,,,,,12290.607,10.505,
fleet_depot,parcel_50070012600000010030020000,431,,,,,23534.236,20.115,
fleet_depot,parcel_50070013000000020010110000,452,,,,,6600.511,5.641,
fleet_depot,parcel_50070013000000020010120000,426,,,,,728.332,0.623,
fleet_depot,parcel_50070013000000020010130000,426,,,,,864.895,0.739,
fleet_depot,parcel_50070013000000020010020000,433,,,,,3459.578,2.957,
fleet_depot,parcel_50070013100000010060020000,452,,,,,6236.345,5.33,
fleet_depot,parcel_50070013100000010060010000,453,,,,,33048.076,28.246,
fleet_depot,parcel_50070013100000010060020001,452,,,,,23397.674,19.998,
fleet_depot,parcel_50070013100000010060030000,461,,,,,1138.019,0.973,
fleet_depot,parcel_50070013100000010030000000,692,,,,,0.0,0.0,
fleet_depot,parcel_50070013100000010020000000,485,,,,,1365.623,1.167,
fleet_depot,parcel_50070013000000040070020000,692,,,,,0.0,0.0,
fleet_depot,parcel_50308906100000010080120000,590,,,,,0.0,0.0,
fleet_depot,parcel_50308905700000020010010000,590,,,,,0.0,0.0,
fleet_depot,parcel_50308905700000020010020000,590,,,,,0.0,0.0,
fleet_depot,parcel_50308905700000010080440000,591,,,,,0.0,0.0,
fleet_depot,parcel_50308905100000010020000000,590,,,,,0.0,0.0,
fleet_depot,parcel_50308904800000010150000000,590,,,,,0.0,0.0,
fleet_depot,parcel_50308904600000010090000000,695,,,,,0.0,0.0,
fleet_depot,parcel_50308905500000010010000000,822,,,,,0.0,0.0,
fleet_depot,parcel_50308904400000010050010000,822,,,,,0.0,0.0,
fleet_depot,parcel_50308904900000010250000000,872,,,,,0.0,0.0,
fleet_depot,parcel_50308904700000010110030000,632,,,,,5325.93,4.552,
fleet_depot,parcel_50308904500000010020010000,822,,,,,0.0,0.0,
fleet_depot,parcel_50308903600000030010010000,620,,,,,1638.748,1.401,
fleet_depot,parcel_50308904300000020100000000,620,,,,,7601.968,6.497,
fleet_depot,parcel_50308903600000010040050000,414,,,,,14839.77,12.684,
fleet_depot,parcel_50308904300000010030050000,612,,,,,4688.639,4.007,
fleet_depot,parcel_50308904300000020070000000,612,,,,,728.332,0.623,
fleet_depot,parcel_50308904300000020020020000,486,,,,,1183.54,1.012,
fleet_depot,parcel_50308904300000010050000000,484,,,,,6190.824,5.291,
fleet_depot,parcel_50308903900000010160010000,422,,,,,318.645,0.272,
fleet_depot,parcel_50308903900000010170000000,457,,,,,546.249,0.467,
fleet_depot,parcel_50308903700100010090000099,837,,,,,0.0,0.0,
fleet_depot,parcel_50308903700100010090000000,415,,,,,13883.834,11.867,
fleet_depot,parcel_50308903800000030090000000,695,,,,,0.0,0.0,
fleet_depot,parcel_50308903900000010010320000,613,,,,,0.0,0.0,
fleet_depot,parcel_50308903900000010010310000,633,,,,,49162.427,42.019,
fleet_depot,parcel_50308904100000010300070000,662,,,,,3095.412,2.646,
fleet_depot,parcel_50308903900000010010220000,710,,,,,72924.267,62.328,
fleet_depot,parcel_50308903900000010010010000,464,,,,,22623.821,19.337,
fleet_depot,parcel_50308904400000010030000000,613,,,,,0.0,0.0,
fleet_depot,parcel_50308904100000010300020000,613,,,,,752048.575,642.777,
fleet_depot,parcel_50308904100000010300020993,837,,,,,0.0,0.0,
fleet_depot,parcel_50308904100000010300020991,837,,,,,0.0,0.0,
fleet_depot,parcel_50308904100000010300020992,837,,,,,0.0,0.0,
fleet_depot,parcel_50308904400000010043130000,613,,,,,0.0,0.0,
fleet_depot,parcel_50308904400000010043140000,590,,,,,0.0,0.0,
fleet_depot,parcel_50308904400200010020000000,642,,,,,2594.684,2.218,
fleet_depot,parcel_50308904400000011230000000,822,,,,,0.0,0.0,
fleet_depot,parcel_50308904400000011250000000,590,,,,,0.0,0.0,
fleet_depot,parcel_50308904400000011220020000,590,,,,,0.0,0.0,
fleet_depot,parcel_50308905000000010050060000,822,,,,,136.562,0.117,
fleet_depot,parcel_50308905300000010220030000,590,,,,,0.0,0.0,
fleet_depot,parcel_50308905800000020220030000,620,,,,,864.895,0.739,
fleet_depot,parcel_50308905800000020280000000,485,,,,,1138.019,0.973,
fleet_depot,parcel_50308905700000010100000000,822,,,,,0.0,0.0,
fleet_depot,parcel_50308905800000020040000000,620,,,,,2867.808,2.451,
fleet_depot,parcel_50308905800000020390700000,591,,,,,0.0,0.0,
fleet_depot,parcel_50308905800000020390030000,620,,,,,1684.268,1.44,
fleet_depot,parcel_50308906000000010190000000,590,,,,,0.0,0.0,
fleet_depot,parcel_50308905800000010040000000,822,,,,,0.0,0.0,
fleet_depot,parcel_50308905300000010220020000,590,,,,,0.0,0.0,
fleet_depot,parcel_50308905400000020010000000,710,,,,,47296.076,40.424,
fleet_depot,parcel_50308905900000020250020000,590,,,,,0.0,0.0,
fleet_depot,parcel_50308905900000020250010000,590,,,,,0.0,0.0,
fleet_depot,parcel_50308905400000020130000000,822,,,,,182.083,0.156,
fleet_depot,parcel_50308905400000070500000000,590,,,,,0.0,0.0,
fleet_depot,parcel_50308904000000040020000000,486,,,,,2230.518,1.906,
fleet_depot,parcel_50308904000000030090020000,464,,,,,864.895,0.739,
fleet_depot,parcel_50308904000000030030000000,710,,,,,0.0,0.0,
fleet_depot,parcel_50308901800000020100000000,465,,,,,2230.518,1.906,
fleet_depot,parcel_50308901800000010010010000,853,,,,,0.0,0.0,
fleet_depot,parcel_50308901700000010010020000,612,,,,,39375.463,33.654,
fleet_depot,parcel_50308901600000010050000000,612,,,,,0.0,0.0,
fleet_depot,parcel_50308901600000010030000000,433,,,,,591.77,0.506,
fleet_depot,parcel_50308901600000020050000000,695,,,,,500.728,0.428,
fleet_depot,parcel_50308907100000070010000000,553,,,,,0.0,0.0,
fleet_depot,parcel_50308906800000010010020000,553,,,,,5143.847,4.396,
fleet_depot,parcel_50308907100000010100030000,620,,,,,0.0,0.0,
fleet_depot,parcel_50308907100000010100020000,620,,,,,5462.492,4.669,
fleet_depot,parcel_50308906900000010010000000,610,,,,,0.0,0.0,
fleet_depot,parcel_50308906500000010050010000,613,,,,,5098.326,4.358,
fleet_depot,parcel_50308906500000010050030000,613,,,,,5872.179,5.019,
fleet_depot,parcel_50308906500000010050040000,615,,,,,2594.684,2.218,
fleet_depot,parcel_50308906600000030140000000,613,,,,,0.0,0.0,
fleet_depot,parcel_50308906700000010100010000,613,,,,,4187.91,3.579,
fleet_depot,parcel_50308906700000010100040000,613,,,,,0.0,0.0,
fleet_depot,parcel_50308906700000010120000000,613,,,,,11926.441,10.194,
fleet_depot,parcel_50308906600000010060000000,483,,,,,1365.623,1.167,
fleet_depot,parcel_50308906600000040020000000,613,,,,,0.0,0.0,
fleet_depot,parcel_50308906700000010080000000,613,,,,,1820.831,1.556,
fleet_depot,parcel_50308906600000030170000000,620,,,,,500.728,0.428,
fleet_depot,parcel_50308906600000020150000000,590,,,,,0.0,0.0,
fleet_depot,parcel_50308906800000010090000000,552,,,,,3823.744,3.268,
fleet_depot,parcel_50308906700000010040000000,613,,,,,0.0,0.0,
fleet_depot,parcel_50308906700000010020010000,613,,,,,0.0,0.0,
fleet_depot,parcel_50308906700000010010010000,613,,,,,0.0,0.0,
fleet_depot,parcel_50308906700000010030020000,613,,,,,1456.665,1.245,
fleet_depot,parcel_50308906700000010060000000,613,,,,,5872.179,5.019,
fleet_depot,parcel_50308905900000020160000000,484,,,,,409.687,0.35,
fleet_depot,parcel_50308906000000010010000000,590,,,,,0.0,0.0,
fleet_depot,parcel_50308906000000010020000000,464,,,,,5280.409,4.513,
fleet_depot,parcel_50308906300000020150000000,822,,,,,0.0,0.0,
fleet_depot,parcel_50308906300000010050000000,613,,,,,0.0,0.0,
fleet_depot,parcel_50308906300000010080010000,613,,,,,74380.932,63.573,
fleet_depot,parcel_50308906300000010070000000,449,,,,,6327.386,5.408,
fleet_depot,parcel_50308906700000010130010000,613,,,,,31819.015,27.196,
fleet_depot,parcel_50308906700000010130020000,613,,,,,0.0,0.0,
fleet_depot,parcel_50308906300000010010000000,613,,,,,47751.284,40.813,
fleet_depot,parcel_50308906300000010020040000,613,,,,,1365.623,1.167,
fleet_depot,parcel_50308906700000010100020000,613,,,,,42607.437,36.417,
fleet_depot,parcel_50308906700000010100050000,613,,,,,39739.629,33.965,
fleet_depot,parcel_50308906700000010110000000,650,,,,,9650.402,8.248,
fleet_depot,parcel_50308906700000010100030000,610,,,,,42652.958,36.456,
fleet_depot,parcel_50308906300000010020020000,613,,,,,25537.15,21.827,
fleet_depot,parcel_50308906300000010030010000,613,,,,,0.0,0.0,
fleet_depot,parcel_50308906300000010120000000,613,,,,,0.0,0.0,
fleet_depot,parcel_50308906700000010100060000,613,,,,,128641.685,109.95,
fleet_depot,parcel_50308906300000010030030000,613,,,,,5189.367,4.435,
fleet_depot,parcel_50308906400000010010000000,613,,,,,30225.789,25.834,
fleet_depot,parcel_50308906300000010100000000,613,,,,,1820.831,1.556,
fleet_depot,parcel_50308906300000010030040000,464,,,,,26311.003,22.488,
fleet_depot,parcel_50308906200000020020000000,613,,,,,0.0,0.0,
fleet_depot,parcel_50308906200000020130010000,465,,,,,2093.955,1.79,
fleet_depot,parcel_50308906200000020130070000,415,,,,,15750.185,13.462,
fleet_depot,parcel_50308906200000020011210000,452,,,,,40012.753,34.199,
fleet_depot,parcel_50308906200000020011250000,462,,,,,1638.748,1.401,
fleet_depot,parcel_50308906200000020130060000,435,,,,,1046.978,0.895,
fleet_depot,parcel_50308906300000020090000000,695,,,,,0.0,0.0,
fleet_depot,parcel_50308906200000020011230000,421,,,,,1046.978,0.895,
fleet_depot,parcel_50308906200000010030220000,456,,,,,4961.763,4.241,
fleet_depot,parcel_50308906200000020010130000,486,,,,,182.083,0.156,
fleet_depot,parcel_50308906200000010020010000,426,,,,,1229.061,1.05,
fleet_depot,parcel_50308906000000010090020000,613,,,,,0.0,0.0,
fleet_depot,parcel_50308906000000010070000000,464,,,,,455.208,0.389,
fleet_depot,parcel_50308906000000010080010000,873,,,,,0.0,0.0,
fleet_depot,parcel_50308906000000010090010000,613,,,,,11425.712,9.766,
fleet_depot,parcel_50308906000000010080020000,613,,,,,21030.594,17.975,
fleet_depot,parcel_50308906200000020010220000,426,,,,,1001.457,0.856,
fleet_depot,parcel_50308906200000020010210000,462,,,,,273.125,0.233,
fleet_depot,parcel_50308905700000010110130000,590,,,,,0.0,0.0,
fleet_depot,parcel_50308906000000010090030000,464,,,,,682.811,0.584,
fleet_depot,parcel_50308906100000010190000000,613,,,,,0.0,0.0,
fleet_depot,parcel_50308905700000010080560000,822,,,,,0.0,0.0,
fleet_depot,parcel_50308906100000010070010000,613,,,,,3641.661,3.113,
fleet_depot,parcel_50308906100000010070020991,613,,,,,0.0,0.0,
fleet_depot,parcel_50308906100000010070020000,613,,,,,0.0,0.0,
fleet_depot,parcel_50308906100000010070020099,613,,,,,0.0,0.0,
fleet_depot,parcel_50308906200000020040000000,613,,,,,0.0,0.0,
fleet_depot,parcel_50308906400000010020020000,613,,,,,0.0,0.0,
fleet_depot,parcel_50308906200000020050000000,592,,,,,1229.061,1.05,
fleet_depot,parcel_50308906500000010050050000,433,,,,,2367.08,2.023,
fleet_depot,parcel_50308906500000010040010000,613,,,,,2367.08,2.023,
fleet_depot,parcel_50308906400000010020010000,613,,,,,0.0,0.0,
fleet_depot,parcel_50308906500000010050020991,837,,,,,0.0,0.0,
fleet_depot,parcel_50308906500000010050020000,613,,,,,40058.274,34.238,
fleet_depot,parcel_50308906500000010050020992,837,,,,,0.0,0.0,
fleet_depot,parcel_50308906500000010050020993,837,,,,,0.0,0.0,
fleet_depot,parcel_50308907000000100020000000,822,,,,,0.0,0.0,
fleet_depot,parcel_50308907300000010030000000,613,,,,,0.0,0.0,
fleet_depot,parcel_50308907300000010010040000,612,,,,,7556.447,6.459,
fleet_depot,parcel_50308907300000010010310000,612,,,,,62591.053,53.497,
fleet_depot,parcel_50308907200000010100000000,650,,,,,0.0,0.0,
fleet_depot,parcel_50308907200000010110000000,612,,,,,18982.159,16.224,
fleet_depot,parcel_50308907200000010020020000,612,,,,,44473.788,38.012,
fleet_depot,parcel_50308907200000010011700000,620,,,,,5462.492,4.669,
fleet_depot,parcel_50308907200000010012060000,692,,,,,0.0,0.0,
fleet_depot,parcel_50308901900000010050220000,613,,,,,3732.703,3.19,
fleet_depot,parcel_50308952500000060010000000,842,,,,,0.0,0.0,
fleet_depot,parcel_50308902100000010080000000,870,,,,,0.0,0.0,
fleet_depot,parcel_50308902200000010010340000,692,,,,,0.0,0.0,
fleet_depot,parcel_50308902300000010111350000,862,,,,,0.0,0.0,
fleet_depot,parcel_50308902300000010400000000,590,,,,,0.0,0.0,
fleet_depot,parcel_50308902700000010240320000,440,,,,,3277.495,2.801,
fleet_depot,parcel_50308902400000050010020000,710,,,,,8876.549,7.587,
fleet_depot,parcel_50308902700000010150020099,837,,,,,0.0,0.0,
fleet_depot,parcel_50308902400000010250230000,695,,,,,0.0,0.0,
fleet_depot,parcel_50308902400000040130000000,822,,,,,0.0,0.0,
fleet_depot,parcel_50308902400000040140220000,464,,,,,1274.581,1.089,
fleet_depot,parcel_50308902400000030040000000,465,,,,,9104.153,7.781,
fleet_depot,parcel_50308902400000030024120000,465,,,,,11698.837,9.999,
fleet_depot,parcel_50308902400000040050010000,872,,,,,0.0,0.0,
fleet_depot,parcel_50308902400000040050040000,662,,,,,3186.454,2.723,
fleet_depot,parcel_50308902400000030030040000,465,,,,,5371.45,4.591,
fleet_depot,parcel_50308902600000040460010000,633,,,,,39329.942,33.615,
fleet_depot,parcel_50308902400000030030050000,614,,,,,4051.348,3.463,
fleet_depot,parcel_50308902400000030030010000,615,,,,,8375.821,7.159,
fleet_depot,parcel_50308902400000030020010000,641,,,,,12336.128,10.544,
fleet_depot,parcel_50308902600000040420000000,620,,,,,1229.061,1.05,
fleet_depot,parcel_50308902700000010110030000,633,,,,,24626.734,21.048,
fleet_depot,parcel_50308902600000030080020000,464,,,,,1138.019,0.973,
fleet_depot,parcel_50308902700000010110050000,590,,,,,0.0,0.0,
fleet_depot,parcel_50308902700000010130150000,590,,,,,0.0,0.0,
fleet_depot,parcel_50308902700000010110060000,590,,,,,0.0,0.0,
fleet_depot,parcel_50308902800000010260240000,822,,,,,0.0,0.0,
fleet_depot,parcel_50308902800000010282260000,590,,,,,0.0,0.0,
fleet_depot,parcel_50308902900000060110000000,861,,,,,0.0,0.0,
fleet_depot,parcel_50308903100000020300000000,449,,,,,2867.808,2.451,
fleet_depot,parcel_50308903200000010070000000,590,,,,,0.0,0.0,
fleet_depot,parcel_50308903300000010080000000,695,,,,,0.0,0.0,
fleet_depot,parcel_50308903300000010070010000,449,,,,,227.604,0.195,
fleet_depot,parcel_50308903300000020070010000,472,,,,,1138.019,0.973,
fleet_depot,parcel_50308903300000030070000000,415,,,,,1092.498,0.934,
fleet_depot,parcel_50308903300000020060220000,484,,,,,682.811,0.584,
fleet_depot,parcel_50308903500000010190000000,415,,,,,2685.725,2.295,
fleet_depot,parcel_50308903500000010200000000,695,,,,,0.0,0.0,
fleet_depot,parcel_50308903300000030060000000,415,,,,,5781.137,4.941,
fleet_depot,parcel_50308903300000020060010000,651,,,,,15568.102,13.306,
fleet_depot,parcel_50308903300000030010030000,590,,,,,0.0,0.0,
fleet_depot,parcel_50308903300000030050010000,484,,,,,1092.498,0.934,
fleet_depot,parcel_50308903300000030030000000,484,,,,,1684.268,1.44,
fleet_depot,parcel_50308903100000050010050000,822,,,,,0.0,0.0,
fleet_depot,parcel_50308903300000030020030000,449,,,,,2321.559,1.984,
fleet_depot,parcel_50308903300000030020920000,449,,,,,3323.016,2.84,
fleet_depot,parcel_50308903300000030020070000,449,,,,,1684.268,1.44,
fleet_depot,parcel_50308903300000030020010000,484,,,,,3231.974,2.762,
fleet_depot,parcel_50308903300000030020420000,484,,,,,819.374,0.7,
fleet_depot,parcel_50308903300000030020080000,449,,,,,4096.869,3.502,
fleet_depot,parcel_50308903300000030020060000,449,,,,,2048.434,1.751,
fleet_depot,parcel_50308903300000030020100000,714,,,,,14384.562,12.294,
fleet_depot,parcel_50308903100000040060010000,590,,,,,0.0,0.0,
fleet_depot,parcel_50308903100000040060020000,620,,,,,5599.054,4.786,
fleet_depot,parcel_50308903100000010100010000,651,,,,,18253.827,15.602,
fleet_depot,parcel_50308903100000010100020000,612,,,,,3323.016,2.84,
fleet_depot,parcel_50308903100000010050000000,695,,,,,0.0,0.0,
fleet_depot,parcel_50308903100000010060000000,695,,,,,0.0,0.0,
fleet_depot,parcel_50308903100000040020000000,633,,,,,910.415,0.778,
fleet_depot,parcel_50308903100000020250030099,837,,,,,0.0,0.0,
fleet_depot,parcel_50308903800000010030000000,449,,,,,1502.185,1.284,
fleet_depot,parcel_50308903500000010100120000,484,,,,,1638.748,1.401,
fleet_depot,parcel_50308903500000010070120000,441,,,,,591.77,0.506,
fleet_depot,parcel_50328904400000010500020089,613,,,,,0.0,0.0,
fleet_depot,parcel_50328904400000010500020000,613,,,,,16933.725,14.473,
fleet_depot,parcel_50328904400000010060000000,613,,,,,0.0,0.0,
fleet_depot,parcel_50328903900000010500140000,712,,,,,2048.434,1.751,
fleet_depot,parcel_50328903900000010380190000,822,,,,,0.0,0.0,
fleet_depot,parcel_50328903900000010500120000,710,,,,,6509.47,5.564,
fleet_depot,parcel_50328903900000010500080000,464,,,,,4506.556,3.852,
fleet_depot,parcel_50328903900000010500060000,710,,,,,24353.61,20.815,
fleet_depot,parcel_50328903900000010500100000,710,,,,,22214.134,18.986,
fleet_depot,parcel_50328903900000010500050000,710,,,,,5917.7,5.058,
fleet_depot,parcel_50328903900000010500030000,449,,,,,4597.597,3.93,
fleet_depot,parcel_50328904400000010500030000,650,,,,,0.0,0.0,
fleet_depot,parcel_50328904400000010450010000,844,,,,,0.0,0.0,
fleet_depot,parcel_50328904400000010470000000,844,,,,,0.0,0.0,
fleet_depot,parcel_50328904400000010440020000,650,,,,,0.0,0.0,
fleet_depot,parcel_50328904400000010480000000,695,,,,,0.0,0.0,
fleet_depot,parcel_50328904400000010500010000,613,,,,,1593.227,1.362,
fleet_depot,parcel_50328904400000010180000000,613,,,,,0.0,0.0,
fleet_depot,parcel_50328904400000010190000000,442,,,,,3687.182,3.151,
fleet_depot,parcel_50328904400000010200030000,714,,,,,10196.652,8.715,
fleet_depot,parcel_50328904400000010530020000,710,,,,,0.0,0.0,
fleet_depot,parcel_50328904400000010530110000,710,,,,,62909.699,53.769,
fleet_depot,parcel_50328952500000060030000000,842,,,,,0.0,0.0,
fleet_depot,parcel_50328904200000010540010000,546,,,,,5462.492,4.669,
fleet_depot,parcel_50328903700100060060060000,440,,,,,773.853,0.661,
fleet_depot,parcel_50328903700100060050000000,484,,,,,4506.556,3.852,
fleet_depot,parcel_50328904200000010011300000,442,,,,,2048.434,1.751,
fleet_depot,parcel_50328903700100060090000000,542,,,,,32137.661,27.468,
fleet_depot,parcel_50328903700100060030050000,484,,,,,591.77,0.506,
fleet_depot,parcel_50328904200000010200000000,455,,,,,1502.185,1.284,
fleet_depot,parcel_50328904400000010380010000,822,,,,,0.0,0.0,
fleet_depot,parcel_50328904100000010110720000,590,,,,,0.0,0.0,
fleet_depot,parcel_50328904000000030350020000,822,,,,,0.0,0.0,
fleet_depot,parcel_50328904000000010100010000,620,,,,,0.0,0.0,
fleet_depot,parcel_50328904000000010010220000,484,,,,,2776.767,2.373,
fleet_depot,parcel_50328903700100060030340000,455,,,,,1183.54,1.012,
fleet_depot,parcel_50328903700100090150000000,433,,,,,409.687,0.35,
fleet_depot,parcel_50328903600000010080010000,448,,,,,0.0,0.0,
fleet_depot,parcel_50320104500100010550040000,613,,,,,36143.488,30.892,
fleet_depot,parcel_50320104500100010530220000,844,,,,,29360.894,25.095,
fleet_depot,parcel_50320104400100010530020000,438,,,,,0.0,0.0,
fleet_depot,parcel_50320104500200010460210000,461,,,,,7055.719,6.031,
fleet_depot,parcel_50320104500200010460130000,464,,,,,3687.182,3.151,
fleet_depot,parcel_50320104500200010460140000,465,,,,,2549.163,2.179,
fleet_depot,parcel_50320104500200011150000000,590,,,,,0.0,0.0,
fleet_depot,parcel_50320104500200011160000000,590,,,,,0.0,0.0,
fleet_depot,parcel_50320104500200011120000000,590,,,,,0.0,0.0,
fleet_depot,parcel_50320104500200020270000000,650,,,,,0.0,0.0,
fleet_depot,parcel_50320104600100071000000000,682,,,,,0.0,0.0,
fleet_depot,parcel_50320104600100010060220000,712,,,,,0.0,0.0,
fleet_depot,parcel_50320104500100010510130000,710,,,,,25081.942,21.438,
fleet_depot,parcel_50320104600100010040020000,464,,,,,6054.262,5.175,
fleet_depot,parcel_50320104600100010040030000,710,,,,,8831.029,7.548,
fleet_depot,parcel_50320104500100010520060000,449,,,,,7875.093,6.731,
fleet_depot,parcel_50320104400100010530110000,710,,,,,20302.262,17.352,
fleet_depot,parcel_50320104500100010520040000,464,,,,,5917.7,5.058,
fleet_depot,parcel_50320104400100010531220000,710,,,,,75336.868,64.39,
fleet_depot,parcel_50320104500100010520320000,464,,,,,5007.284,4.28,
fleet_depot,parcel_50320104500100010530210000,484,,,,,1638.748,1.401,
fleet_depot,parcel_50320104500100010530030000,844,,,,,0.0,0.0,
fleet_depot,parcel_50320104500100010530060000,844,,,,,1229.061,1.05,
fleet_depot,parcel_50320104500100010520050000,652,,,,,11880.92,10.155,
fleet_depot,parcel_50320104500100010530070000,844,,,,,4961.763,4.241,
fleet_depot,parcel_50320104500100010550070000,822,,,,,0.0,0.0,
fleet_depot,parcel_50320104500100010550030000,613,,,,,12927.898,11.049,
fleet_depot,parcel_50320104500100010550060000,613,,,,,0.0,0.0,
fleet_depot,parcel_50320104500100010530010000,534,,,,,1957.393,1.673,
fleet_depot,parcel_50320104500100010530110000,844,,,,,7966.134,6.809,
fleet_depot,parcel_50320104500100010530100000,464,,,,,3049.891,2.607,
fleet_depot,parcel_50320104500100010530080000,844,,,,,7647.489,6.536,
fleet_depot,parcel_50320104500100010550200000,464,,,,,13519.668,11.555,
fleet_depot,parcel_50320104500100010550100000,613,,,,,0.0,0.0,
fleet_depot,parcel_50320104500100010530090099,837,,,,,0.0,0.0,
fleet_depot,parcel_50320104500100010530090000,662,,,,,4278.952,3.657,
fleet_depot,parcel_50320104500100010550080000,464,,,,,25810.274,22.06,
fleet_depot,parcel_50320104500100010550140000,613,,,,,11380.191,9.727,
fleet_depot,parcel_50320104500100010550180000,464,,,,,7055.719,6.031,
fleet_depot,parcel_50320104500100010550120000,464,,,,,6782.594,5.797,
fleet_depot,parcel_50320104500100010550150000,613,,,,,6190.824,5.291,
fleet_depot,parcel_50320104500100010550110000,464,,,,,7010.198,5.992,
fleet_depot,parcel_50320104500100010550190000,414,,,,,22851.425,19.531,
fleet_depot,parcel_50320104500100010550020000,613,,,,,0.0,0.0,
fleet_depot,parcel_50320104500100010550130000,464,,,,,8421.342,7.198,
fleet_depot,parcel_50320104500100010520210000,464,,,,,7738.53,6.614,
fleet_depot,parcel_50320104500100010520220000,464,,,,,13747.271,11.75,
fleet_depot,parcel_50320104500100010550170000,464,,,,,6190.824,5.291,
fleet_depot,parcel_50320104500100010550090000,464,,,,,3869.265,3.307,
fleet_depot,parcel_50320104500100010550220000,464,,,,,11334.671,9.688,
fleet_depot,parcel_50320104500100010570030000,642,,,,,11334.671,9.688,
fleet_depot,parcel_50320104500100010570040000,642,,,,,3186.454,2.723,
fleet_depot,parcel_50320104500100010570060000,642,,,,,4324.473,3.696,
fleet_depot,parcel_50320104500100010570520000,642,,,,,3231.974,2.762,
fleet_depot,parcel_50320104500100010570510000,642,,,,,4643.118,3.968,
fleet_depot,parcel_50320104500100010590010000,465,,,,,5690.096,4.863,
fleet_depot,parcel_50320104500100010550210000,613,,,,,12017.482,10.271,
fleet_depot,parcel_50320104600100060060210000,465,,,,,2412.601,2.062,
fleet_depot,parcel_50320104600100060060110000,554,,,,,227.604,0.195,
fleet_depot,parcel_50320104600100060060030000,590,,,,,0.0,0.0,
fleet_depot,parcel_50320104600100060050410000,590,,,,,0.0,0.0,
fleet_depot,parcel_50320104600100060050060000,452,,,,,12745.814,10.894,
fleet_depot,parcel_50320104700100040110000000,462,,,,,910.415,0.778,
fleet_depot,parcel_50320104700100010200020000,415,,,,,28632.562,24.472,
fleet_depot,parcel_50320104700100010210010000,454,,,,,16296.434,13.929,
fleet_depot,parcel_50320104700100010210020000,452,,,,,7055.719,6.031,
fleet_depot,parcel_50320104600100050040030000,426,,,,,864.895,0.739,
fleet_depot,parcel_50320104600100050040040000,415,,,,,9695.923,8.287,
fleet_depot,parcel_50320104600100060020020000,462,,,,,1138.019,0.973,
fleet_depot,parcel_50320104600100060040030000,462,,,,,1229.061,1.05,
fleet_depot,parcel_50320104600100060030000000,882,,,,,0.0,0.0,
fleet_depot,parcel_50320104600100060020320000,452,,,,,54033.149,46.182,
fleet_depot,parcel_50320104600100060020010000,414,,,,,27403.501,23.422,
fleet_depot,parcel_50320104600100060040010000,414,,,,,23989.444,20.504,
fleet_depot,parcel_50320104600100060050120000,431,,,,,6737.073,5.758,
fleet_depot,parcel_50320104600100060050110000,431,,,,,8557.904,7.314,
fleet_depot,parcel_50320104600100010050020000,695,,,,,0.0,0.0,
fleet_depot,parcel_50320104600100050040020000,452,,,,,68872.919,58.866,
fleet_depot,parcel_50320104600100050040020099,837,,,,,0.0,0.0,
fleet_depot,parcel_50320104600100010070000000,484,,,,,2184.997,1.868,
fleet_depot,parcel_50320104700300030010010000,464,,,,,1046.978,0.895,
fleet_depot,parcel_50320104700300050010020000,464,,,,,682.811,0.584,
fleet_depot,parcel_50320104700300050010010000,464,,,,,1456.665,1.245,
fleet_depot,parcel_50320104700300040010020000,464,,,,,546.249,0.467,
fleet_depot,parcel_50320104700300040010010000,464,,,,,682.811,0.584,
fleet_depot,parcel_50320104700300040010030000,464,,,,,682.811,0.584,
fleet_depot,parcel_50320104700300020010010000,464,,,,,682.811,0.584,
fleet_depot,parcel_50320104700300020010030000,464,,,,,500.728,0.428,
fleet_depot,parcel_50320104700300020010020000,464,,,,,682.811,0.584,
fleet_depot,parcel_50320104700300010010000000,464,,,,,2139.476,1.829,
fleet_depot,parcel_50320104700100030050000000,465,,,,,2367.08,2.023,
fleet_depot,parcel_50320104700100010170050000,434,,,,,1001.457,0.856,
fleet_depot,parcel_50320104700100030060000000,465,,,,,500.728,0.428,
fleet_depot,parcel_50320104700300030010030000,464,,,,,546.249,0.467,
fleet_depot,parcel_50320104700300030010040000,464,,,,,546.249,0.467,
fleet_depot,parcel_50320104600100050040010000,462,,,,,819.374,0.7,
fleet_depot,parcel_50320104700100030080010000,432,,,,,546.249,0.467,
fleet_depot,parcel_50320104700100010220050000,451,,,,,7419.885,6.342,
fleet_depot,parcel_50320104700100010170070000,452,,,,,12791.335,10.933,
fleet_depot,parcel_50320104700100010170120000,465,,,,,1957.393,1.673,
fleet_depot,parcel_50320104700100010170110000,464,,,,,819.374,0.7,
fleet_depot,parcel_50320104700100010170820000,426,,,,,1365.623,1.167,
fleet_depot,parcel_50320104700100010170820099,837,,,,,0.0,0.0,
fleet_depot,parcel_50320104700100030010000000,464,,,,,2958.85,2.529,
fleet_depot,parcel_50320104700100030040010000,465,,,,,6554.99,5.603,
fleet_depot,parcel_50320104700100020170000000,472,,,,,3960.307,3.385,
fleet_depot,parcel_50320104700100020190000000,464,,,,,2549.163,2.179,
fleet_depot,parcel_50320104700100010170130000,421,,,,,1411.144,1.206,
fleet_depot,parcel_50320104700100020160000000,465,,,,,1092.498,0.934,
fleet_depot,parcel_50320104500200010460110000,822,,,,,1320.102,1.128,
fleet_depot,parcel_50320104500200010460120000,652,,,,,910.415,0.778,
fleet_depot,parcel_50320104500200010460030000,464,,,,,9104.153,7.781,
fleet_depot,parcel_50320104700100030040020000,620,,,,,2230.518,1.906,
fleet_depot,parcel_50320104500200010460150000,464,,,,,3732.703,3.19,
fleet_depot,parcel_50320104500200010460160000,464,,,,,1911.872,1.634,
fleet_depot,parcel_50320104500200010460190000,465,,,,,1411.144,1.206,
fleet_depot,parcel_50320104500200010460180000,612,,,,,5553.533,4.747,
fleet_depot,parcel_50320104500200010460100000,651,,,,,2321.559,1.984,
fleet_depot,parcel_50320104500200010460060000,464,,,,,4961.763,4.241,
fleet_depot,parcel_50320104500200010460040000,465,,,,,5098.326,4.358,
fleet_depot,parcel_50320104500200010460050000,465,,,,,4825.201,4.124,
fleet_depot,parcel_50320104300100010430020000,465,,,,,2776.767,2.373,
fleet_depot,parcel_50320104300100010430010000,465,,,,,2731.246,2.334,
fleet_depot,parcel_50320104300100010410010000,472,,,,,728.332,0.623,
fleet_depot,parcel_50320104300100010440000000,464,,,,,546.249,0.467,
fleet_depot,parcel_50320104300100010460020000,465,,,,,591.77,0.506,
fleet_depot,parcel_50320104300100010450000000,485,,,,,1320.102,1.128,
fleet_depot,parcel_50320104700100010170220000,453,,,,,30498.913,26.067,
fleet_depot,parcel_50320104700100010170040000,662,,,,,2184.997,1.868,
fleet_depot,parcel_50320104700100010170140000,421,,,,,1274.581,1.089,
fleet_depot,parcel_50320104700100010170090000,543,,,,,10287.693,8.793,
fleet_depot,parcel_50320104700100010240000000,453,,,,,42379.833,36.222,
fleet_depot,parcel_50320104700100010220010000,464,,,,,17844.14,15.251,
fleet_depot,parcel_50320104700100010220090000,451,,,,,6236.345,5.33,
fleet_depot,parcel_50320104700100010220020000,451,,,,,111707.96,95.477,
fleet_depot,parcel_50320104700100010220030000,464,,,,,211717.083,180.955,
fleet_depot,parcel_50320104700100060590000000,590,,,,,0.0,0.0,
fleet_depot,parcel_50320104700100060580020000,590,,,,,0.0,0.0,
fleet_depot,parcel_50320104700100010220040000,512,,,,,21030.594,17.975,
fleet_depot,parcel_50320104700100060570000000,591,,,,,0.0,0.0,
fleet_depot,parcel_50320104700100010220060000,451,,,,,27631.105,23.616,
fleet_depot,parcel_50320104800100020020080000,590,,,,,0.0,0.0,
fleet_depot,parcel_50320104800100020110000000,620,,,,,0.0,0.0,
fleet_depot,parcel_50320104300100010260130000,464,,,,,1411.144,1.206,
fleet_depot,parcel_50320104200100010500230000,620,,,,,728.332,0.623,
fleet_depot,parcel_50320104300100010180000000,695,,,,,0.0,0.0,
fleet_depot,parcel_50320104200100010500030000,822,,,,,2594.684,2.218,
fleet_depot,parcel_50320152500000060010000000,842,,,,,0.0,0.0,
fleet_depot,parcel_50320152500000060020000000,842,,,,,0.0,0.0,
fleet_depot,parcel_50320104200100010370010000,822,,,,,500.728,0.428,
fleet_depot,parcel_50320104200100010070000000,557,,,,,728.332,0.623,
fleet_depot,parcel_50320104200100010280010000,424,,,,,1365.623,1.167,
fleet_depot,parcel_50320104200100010280020000,424,,,,,2184.997,1.868,
fleet_depot,parcel_50320104200100010530030000,464,,,,,3004.371,2.568,
fleet_depot,parcel_50320104200100010530210000,620,,,,,1274.581,1.089,
fleet_depot,parcel_50368901800000040110000000,682,,,,,2139.476,1.829,
fleet_depot,parcel_50368901800000020010000000,581,,,,,0.0,0.0,
fleet_depot,parcel_50368901800000040170220000,682,,,,,0.0,0.0,
fleet_depot,parcel_50368901800000040180010000,682,,,,,0.0,0.0,
fleet_depot,parcel_50368903000000030030020000,570,,,,,2685.725,2.295,
fleet_depot,parcel_50368903000000020010000000,421,,,,,955.936,0.817,
fleet_depot,parcel_50368903200000020080220000,455,,,,,1684.268,1.44,
fleet_depot,parcel_50368903300000050030040000,484,,,,,3505.099,2.996,
fleet_depot,parcel_50368903300000050030030000,484,,,,,864.895,0.739,
fleet_depot,parcel_50368903300000050030020000,712,,,,,6737.073,5.758,
fleet_depot,parcel_50368903300000010080120000,442,,,,,4779.68,4.085,
fleet_depot,parcel_50368903300000050030010000,710,,,,,2002.914,1.712,
fleet_depot,parcel_50368903300000010080020000,710,,,,,8648.946,7.392,
fleet_depot,parcel_50368903300000010080140000,464,,,,,3823.744,3.268,
fleet_depot,parcel_50368903300000010080110000,473,,,,,61544.076,52.602,
fleet_depot,parcel_50368903300000030010030000,455,,,,,2458.121,2.101,
fleet_depot,parcel_50368903300000040030060000,485,,,,,5189.367,4.435,
fleet_depot,parcel_50368903300000020110000000,614,,,,,14020.396,11.983,
fleet_depot,parcel_50368902700000020180110000,455,,,,,1092.498,0.934,
fleet_depot,parcel_50368903300000020010020000,464,,,,,1638.748,1.401,
fleet_depot,parcel_50368903400000030020010000,455,,,,,1365.623,1.167,
fleet_depot,parcel_50368903400000010090000000,425,,,,,1320.102,1.128,
fleet_depot,parcel_50368903400000010080140000,474,,,,,0.0,0.0,
fleet_depot,parcel_50368903400000030110010000,442,,,,,3550.62,3.035,
fleet_depot,parcel_50368903400000030270010000,862,,,,,0.0,0.0,
fleet_depot,parcel_50368903400000010270000000,620,,,,,2230.518,1.906,
fleet_depot,parcel_50368902600000010052220000,582,,,,,318.645,0.272,
fleet_depot,parcel_50070003000000010010050000,613,,,,,27357.98,23.383,
fleet_depot,parcel_50070003000000010010010000,650,,,,,0.0,0.0,
fleet_depot,parcel_50070003100000010010060000,613,,,,,6782.594,5.797,
fleet_depot,parcel_50070003100000010010010000,613,,,,,61726.159,52.757,
fleet_depot,parcel_50070003100000010010090000,613,,,,,0.0,0.0,
fleet_depot,parcel_50070003100000010010080000,613,,,,,23989.444,20.504,
fleet_depot,parcel_50070003100000010010020000,613,,,,,745083.898,636.824,
fleet_depot,parcel_50220001800000010170110000,662,,,,,3641.661,3.113,
fleet_depot,parcel_50220001800000010170120000,822,,,,,0.0,0.0,
fleet_depot,parcel_50260001600000010220220000,510,,,,,3960.307,3.385,
fleet_depot,parcel_50260001700000010050020000,421,,,,,2731.246,2.334,
fleet_depot,parcel_50260001400000030060040000,682,,,,,1046.978,0.895,
fleet_depot,parcel_50260001400000030060020000,582,,,,,4734.16,4.046,
fleet_depot,parcel_50260001800000020130020000,557,,,,,1957.393,1.673,
fleet_depot,parcel_50260001800000010060000000,449,,,,,4643.118,3.968,
fleet_depot,parcel_50340003100000010340000000,873,,,,,0.0,0.0,
fleet_depot,parcel_50340000800000010060000000,695,,,,,0.0,0.0,
fleet_depot,parcel_50340003000000010150000000,485,,,,,2002.914,1.712,
fleet_depot,parcel_50340003000000010050000000,695,,,,,0.0,0.0,
fleet_depot,parcel_50340002300000010090020000,430,,,,,1502.185,1.284,
fleet_depot,parcel_50340002200000010190000000,450,,,,,5234.888,4.474,
fleet_depot,parcel_50340003200000010020110000,695,,,,,318.645,0.272,
fleet_depot,parcel_50340003200000010040000099,833,,,,,0.0,0.0,
fleet_depot,parcel_50340003200000010030010000,695,,,,,0.0,0.0,
fleet_depot,parcel_50340002800000010150000000,695,,,,,0.0,0.0,
fleet_depot,parcel_50340001100000010520020000,449,,,,,1593.227,1.362,
fleet_depot,parcel_50340001100000010280010000,484,,,,,1183.54,1.012,
fleet_depot,parcel_50340002100000010150040000,557,,,,,1911.872,1.634,
fleet_depot,parcel_50340001000000010200000000,695,,,,,0.0,0.0,
fleet_depot,parcel_50340001000000010220010000,425,,,,,1138.019,0.973,
fleet_depot,parcel_50340001100000010280030000,442,,,,,34504.741,29.491,
fleet_depot,parcel_50340001100000010260030000,720,,,,,0.0,0.0,
fleet_depot,parcel_50340000700000010170000000,695,,,,,0.0,0.0,
fleet_depot,parcel_50340000700000010050580000,440,,,,,1502.185,1.284,
fleet_depot,parcel_50340000700000010053720000,440,,,,,6919.156,5.914,
fleet_depot,parcel_50340000700000010190010000,845,,,,,0.0,0.0,
fleet_depot,parcel_50340001100000010250010000,720,,,,,0.0,0.0,
fleet_depot,parcel_50340001100000010020020000,836,,,,,91.042,0.078,
fleet_depot,parcel_50340000600000010010140000,433,,,,,1547.706,1.323,
fleet_depot,parcel_50340000600000010340210000,662,,,,,0.0,0.0,
fleet_depot,parcel_50340001700000060070050000,662,,,,,8694.466,7.431,
fleet_depot,parcel_50340001700000060070320000,446,,,,,2048.434,1.751,
fleet_depot,parcel_50340001700000060050000000,651,,,,,8512.383,7.276,
fleet_depot,parcel_50340001700000040010000000,484,,,,,1320.102,1.128,
fleet_depot,parcel_50340001700000040060000000,652,,,,,2412.601,2.062,
fleet_depot,parcel_50340001700000040050010000,590,,,,,0.0,0.0,
fleet_depot,parcel_50340001700000040050020000,484,,,,,1911.872,1.634,
fleet_depot,parcel_50340001700000040030000000,590,,,,,0.0,0.0,
fleet_depot,parcel_50340001300000030130000000,534,,,,,2276.038,1.945,
fleet_depot,parcel_50340001300000030140000000,481,,,,,1001.457,0.856,
fleet_depot,parcel_50340001300000030150000000,481,,,,,1775.31,1.517,
fleet_depot,parcel_50340001300000030170000000,611,,,,,2458.121,2.101,
fleet_depot,parcel_50340001400000020060000000,462,,,,,1092.498,0.934,
fleet_depot,parcel_50340001400000020120000000,653,,,,,0.0,0.0,
fleet_depot,parcel_50340001400000020110000000,653,,,,,0.0,0.0,
fleet_depot,parcel_50340001700000040070000000,695,,,,,0.0,0.0,
fleet_depot,parcel_50340000600000010310410000,853,,,,,0.0,0.0,
fleet_depot,parcel_50340001500000010040000000,681,,,,,1138.019,0.973,
fleet_depot,parcel_50340001800000010010010000,872,,,,,0.0,0.0,
fleet_depot,parcel_50340001400000010180010000,612,,,,,1456.665,1.245,
fleet_depot,parcel_50340001300000040040000000,620,,,,,4961.763,4.241,
fleet_depot,parcel_50340001300000040050000000,831,,,,,0.0,0.0,
fleet_depot,parcel_50340001200000010040000000,612,,,,,128641.685,109.95,
fleet_depot,parcel_50340001300000050010000000,436,,,,,1046.978,0.895,
fleet_depot,parcel_50340001100000010170010000,485,,,,,2640.204,2.257,
fleet_depot,parcel_50340001200000010020030000,633,,,,,16114.351,13.773,
fleet_depot,parcel_50340001200000010160000000,873,,,,,0.0,0.0,
fleet_depot,parcel_50340001100000010220000000,695,,,,,0.0,0.0,
fleet_depot,parcel_50340001100000010431010000,620,,,,,7283.323,6.225,
fleet_depot,parcel_50340001100000010150000000,455,,,,,4916.243,4.202,
fleet_depot,parcel_50340001100000010230030000,822,,,,,273.125,0.233,
fleet_depot,parcel_50340001100000010439110000,433,,,,,2685.725,2.295,
fleet_depot,parcel_50340001100000010430020000,474,,,,,0.0,0.0,
fleet_depot,parcel_50340001100000010430340000,484,,,,,728.332,0.623,
fleet_depot,parcel_50340001100000010450230000,590,,,,,0.0,0.0,
fleet_depot,parcel_50340001900000010010000000,852,,,,,0.0,0.0,
fleet_depot,parcel_50340000500000010200010000,853,,,,,0.0,0.0,
fleet_depot,parcel_50340000600000010310340000,822,,,,,227.604,0.195,
fleet_depot,parcel_50340000600000010200030000,486,,,,,1456.665,1.245,
fleet_depot,parcel_50340000500000010200210000,822,,,,,0.0,0.0,
fleet_depot,parcel_50340000400000010750230000,442,,,,,500.728,0.428,
fleet_depot,parcel_50340052500000060010000000,842,,,,,0.0,0.0,
fleet_depot,parcel_50340000500000010280000000,843,,,,,0.0,0.0,
fleet_depot,parcel_50340002000000010300000000,695,,,,,0.0,0.0,
fleet_depot,parcel_50340003400000010280220000,430,,,,,4096.869,3.502,
fleet_depot,parcel_50340002700000010141310000,710,,,,,30225.789,25.834,
fleet_depot,parcel_50340000400000010291360000,486,,,,,3004.371,2.568,
fleet_depot,parcel_50340000400000010230220000,837,,,,,0.0,0.0,
fleet_depot,parcel_50340000400000010291350000,464,,,,,2867.808,2.451,
fleet_depot,parcel_50340000400000010230230000,441,,,,,1274.581,1.089,
fleet_depot,parcel_50340000400000010190000000,455,,,,,2867.808,2.451,
fleet_depot,parcel_50340000400000010160030000,485,,,,,4779.68,4.085,
fleet_depot,parcel_50340000400000010291340000,442,,,,,6873.636,5.875,
fleet_depot,parcel_50340000400000010290100000,442,,,,,17935.182,15.329,
fleet_depot,parcel_50340000400000010792110000,442,,,,,11380.191,9.727,
fleet_depot,parcel_50340000400000010390320000,450,,,,,1229.061,1.05,
fleet_depot,parcel_50340000400000010611320000,433,,,,,3004.371,2.568,
fleet_depot,parcel_50340000400000010530240000,422,,,,,2367.08,2.023,
fleet_depot,parcel_50340000600000010180000000,484,,,,,3231.974,2.762,
fleet_depot,parcel_50340000300000010422550000,877,,,,,0.0,0.0,
fleet_depot,parcel_50340000400000010100000000,440,,,,,3049.891,2.607,
fleet_depot,parcel_50340000400000010120110000,851,,,,,16114.351,13.773,
fleet_depot,parcel_50340000300000010422540000,877,,,,,0.0,0.0,
fleet_depot,parcel_50340000300000010260120000,878,,,,,0.0,0.0,
fleet_depot,parcel_50340000300000010260110000,878,,,,,0.0,0.0,
fleet_depot,parcel_50340000300000010211390000,440,,,,,0.0,0.0,
fleet_depot,parcel_50340000300000010260130000,877,,,,,0.0,0.0,
fleet_depot,parcel_50340000200000010510000000,695,,,,,728.332,0.623,
fleet_depot,parcel_50340000200000010400000000,620,,,,,1502.185,1.284,
fleet_depot,parcel_50340000200000010630210000,455,,,,,2321.559,1.984,
fleet_depot,parcel_50340000100000010160020099,837,,,,,0.0,0.0,
fleet_depot,parcel_50340000100000010040000994,837,,,,,0.0,0.0,
fleet_depot,parcel_50340000100000010040000993,837,,,,,0.0,0.0,
fleet_depot,parcel_50340000100000010040000991,837,,,,,955.936,0.817,
fleet_depot,parcel_50340000100000010040000992,837,,,,,0.0,0.0,
fleet_depot,parcel_50200000200000010030060000,484,,,,,5508.013,4.708,
fleet_depot,parcel_50200000200000010030010000,633,,,,,27266.939,23.305,
fleet_depot,parcel_50200000200000010040150000,486,,,,,6782.594,5.797,
fleet_depot,parcel_50200000300000020020000000,464,,,,,546.249,0.467,
fleet_depot,parcel_50200000300000020060000000,620,,,,,3823.744,3.268,
fleet_depot,parcel_50200000300000030060000000,662,,,,,9604.882,8.209,
fleet_depot,parcel_50200000300000010020000000,652,,,,,9741.444,8.326,
fleet_depot,parcel_50200000100000010580000000,695,,,,,0.0,0.0,
fleet_depot,parcel_50200000900000010230000000,612,,,,,73242.912,62.601,
fleet_depot,parcel_50328952500000060020000000,842,,,,,0.0,0.0,
fleet_depot,parcel_50328903000000010160250000,441,,,,,1274.581,1.089,
fleet_depot,parcel_50328903000000010160120099,837,,,,,0.0,0.0,
fleet_depot,parcel_50328903000000010160120000,652,,,,,9604.882,8.209,
fleet_depot,parcel_50328903000000010160240000,454,,,,,3414.057,2.918,
fleet_depot,parcel_50328903000000010160040000,432,,,,,819.374,0.7,
fleet_depot,parcel_50328903700100030010220000,464,,,,,3687.182,3.151,
fleet_depot,parcel_50328903100000070030000000,421,,,,,728.332,0.623,
fleet_depot,parcel_50328903700100020210000000,484,,,,,864.895,0.739,
fleet_depot,parcel_50328903700100020230010000,485,,,,,1593.227,1.362,
fleet_depot,parcel_50328903700100030180020000,456,,,,,2184.997,1.868,
fleet_depot,parcel_50328903700100030180010000,462,,,,,773.853,0.661,
fleet_depot,parcel_50328903700100020532210000,710,,,,,6919.156,5.914,
fleet_depot,parcel_50328903700100020532110000,456,,,,,2048.434,1.751,
fleet_depot,parcel_50328903700100080020000000,442,,,,,1957.393,1.673,
fleet_depot,parcel_50328903700100080010000000,442,,,,,591.77,0.506,
fleet_depot,parcel_50328903700100010120000000,422,,,,,546.249,0.467,
fleet_depot,parcel_50328903700100080030010000,485,,,,,2594.684,2.218,
fleet_depot,parcel_50328903700100050230110000,485,,,,,1502.185,1.284,
fleet_depot,parcel_50328903700100080040010000,436,,,,,682.811,0.584,
fleet_depot,parcel_50328903700100070060000000,457,,,,,955.936,0.817,
fleet_depot,parcel_50328903700100050090000000,620,,,,,1092.498,0.934,
fleet_depot,parcel_50328903700100040050000000,695,,,,,0.0,0.0,
fleet_depot,parcel_50328903600000010090020000,720,,,,,60451.577,51.668,
fleet_depot,parcel_50328903500000030020010000,433,,,,,2913.329,2.49,
fleet_depot,parcel_50328903500000030160000000,720,,,,,91.042,0.078,
fleet_depot,parcel_50328903500000030010020000,720,,,,,0.0,0.0,
fleet_depot,parcel_50328903100000060070000000,486,,,,,546.249,0.467,
fleet_depot,parcel_50328903500000020080020000,662,,,,,6737.073,5.758,
fleet_depot,parcel_50328903100000060100000000,485,,,,,1456.665,1.245,
fleet_depot,parcel_50328903700100020500000000,433,,,,,819.374,0.7,
fleet_depot,parcel_50328903700100020530030000,557,,,,,45.521,0.039,
fleet_depot,parcel_50328903700100020530040000,431,,,,,1274.581,1.089,
fleet_depot,parcel_50328903700100020520000000,485,,,,,682.811,0.584,
fleet_depot,parcel_50328903700100020510000000,633,,,,,8239.259,7.042,
fleet_depot,parcel_50328903700100020530230000,620,,,,,2002.914,1.712,
fleet_depot,parcel_50328903700100020090000000,591,,,,,0.0,0.0,
fleet_depot,parcel_50328903700100020080020000,652,,,,,3095.412,2.646,
fleet_depot,parcel_50328903700100020530010000,620,,,,,0.0,0.0,
fleet_depot,parcel_50328903700100020460000000,620,,,,,1229.061,1.05,
fleet_depot,parcel_50328903700100020010000000,484,,,,,318.645,0.272,
fleet_depot,parcel_50328903700100020020000000,421,,,,,2002.914,1.712,
fleet_depot,parcel_50328903700100020040000000,484,,,,,318.645,0.272,
fleet_depot,parcel_50328903700100020080010000,652,,,,,591.77,0.506,
fleet_depot,parcel_50328903100000050130000000,471,,,,,864.895,0.739,
fleet_depot,parcel_50328903100000050090000000,483,,,,,682.811,0.584,
fleet_depot,parcel_50328903100000010160060000,421,,,,,1046.978,0.895,
fleet_depot,parcel_50328903700100020190000000,430,,,,,1502.185,1.284,
fleet_depot,parcel_50328903100000070010000000,433,,,,,637.291,0.545,
fleet_depot,parcel_50328903100000070020000000,872,,,,,0.0,0.0,
fleet_depot,parcel_50328903100000010180000000,440,,,,,728.332,0.623,
fleet_depot,parcel_50328903100000010140020000,670,,,,,11926.441,10.194,
fleet_depot,parcel_50328903500000020020020000,710,,,,,4233.431,3.618,
fleet_depot,parcel_50328902600000100080000000,590,,,,,0.0,0.0,
fleet_depot,parcel_50328902700000010380000000,822,,,,,0.0,0.0,
fleet_depot,parcel_50328903200000010080240000,590,,,,,0.0,0.0,
fleet_depot,parcel_50328903200000010190000000,612,,,,,37235.987,31.826,
fleet_depot,parcel_50328903200000010560000000,474,,,,,0.0,0.0,
fleet_depot,parcel_50328903200000010180000000,620,,,,,3231.974,2.762,
fleet_depot,parcel_50328903200000010530000000,484,,,,,546.249,0.467,
fleet_depot,parcel_50328903200000010200000000,612,,,,,364.166,0.311,
fleet_depot,parcel_50328903200000010500000000,831,,,,,0.0,0.0,
fleet_depot,parcel_50328903200000010520000000,612,,,,,1502.185,1.284,
fleet_depot,parcel_50328903200000010280000000,612,,,,,11562.275,9.882,
fleet_depot,parcel_50328903200000010460000000,620,,,,,3550.62,3.035,
fleet_depot,parcel_50328903300000010170000000,620,,,,,227.604,0.195,
fleet_depot,parcel_50328903200000010390000000,872,,,,,0.0,0.0,
fleet_depot,parcel_50328903300000010040020000,650,,,,,0.0,0.0,
fleet_depot,parcel_50328903300000010740000000,582,,,,,546.249,0.467,
fleet_depot,parcel_50328903300000010670000000,570,,,,,773.853,0.661,
fleet_depot,parcel_50328903600000010010010000,872,,,,,0.0,0.0,
fleet_depot,parcel_50328903600000010010000000,720,,,,,25172.984,21.515,
fleet_depot,parcel_50328903200000010030000000,449,,,,,15977.789,13.656,
fleet_depot,parcel_50328902600000050200000000,695,,,,,0.0,0.0,
fleet_depot,parcel_50328902200000010290040000,695,,,,,0.0,0.0,
fleet_depot,parcel_50328902600000070090000000,590,,,,,0.0,0.0,
fleet_depot,parcel_50328902600000070010000000,557,,,,,546.249,0.467,
fleet_depot,parcel_50328902200000010090000000,433,,,,,500.728,0.428,
fleet_depot,parcel_50328901600000010220010000,695,,,,,0.0,0.0,
fleet_depot,parcel_50328901600000010510010099,833,,,,,45.521,0.039,
fleet_depot,parcel_50328902200000010200000000,695,,,,,0.0,0.0,
fleet_depot,parcel_50328902300000010060020000,720,,,,,3550.62,3.035,
fleet_depot,parcel_50328902300000010180410000,440,,,,,1911.872,1.634,
fleet_depot,parcel_50328901600000010420020000,425,,,,,591.77,0.506,
fleet_depot,parcel_50328901600000010402260000,456,,,,,2412.601,2.062,
fleet_depot,parcel_50328901500000010300020000,484,,,,,318.645,0.272,
fleet_depot,parcel_50328901600000010330010000,695,,,,,0.0,0.0,
fleet_depot,parcel_50328901600000010530000000,822,,,,,0.0,0.0,
fleet_depot,parcel_50328901600000010100010000,878,,,,,0.0,0.0,
fleet_depot,parcel_50328901500000010110130000,440,,,,,1638.748,1.401,
fleet_depot,parcel_50328901500000010120010000,662,,,,,1411.144,1.206,
fleet_depot,parcel_50328902300000010230020000,613,,,,,318.645,0.272,
fleet_depot,parcel_50328901100000010030230000,872,,,,,0.0,0.0,
fleet_depot,parcel_50328901100000010032110000,875,,,,,0.0,0.0,
fleet_depot,parcel_50328901200000010160020000,720,,,,,91.042,0.078,
fleet_depot,parcel_50328901000000010140010000,695,,,,,0.0,0.0,
fleet_depot,parcel_50328901200000010180050000,424,,,,,1502.185,1.284,
fleet_depot,parcel_50328900200000010160000000,695,,,,,0.0,0.0,
fleet_depot,parcel_50328900200000010110000000,484,,,,,1138.019,0.973,
fleet_depot,parcel_50328900100000010150010000,695,,,,,0.0,0.0,
fleet_depot,parcel_50328900400000010040020000,720,,,,,0.0,0.0,
fleet_depot,parcel_50328900300000010220000000,695,,,,,0.0,0.0,
fleet_depot,parcel_50328900900000010190010000,695,,,,,0.0,0.0,
fleet_depot,parcel_50328900900000010170000000,695,,,,,0.0,0.0,
fleet_depot,parcel_50328900900000010060010000,695,,,,,0.0,0.0,
fleet_depot,parcel_50328900900000010560000000,650,,,,,0.0,0.0,
fleet_depot,parcel_50328902800000010280370000,442,,,,,2093.955,1.79,
fleet_depot,parcel_50328902800000010280360000,440,,,,,910.415,0.778,
fleet_depot,parcel_50328902800000010300000000,695,,,,,0.0,0.0,
fleet_depot,parcel_50328903100000010130000000,670,,,,,24490.172,20.932,
fleet_depot,parcel_50328903000000010160310000,449,,,,,5416.971,4.63,
fleet_depot,parcel_50328903000000010160320000,449,,,,,9195.195,7.859,
fleet_depot,parcel_50328903000000010230000000,440,,,,,1729.789,1.478,
fleet_depot,parcel_50220052500000060010000000,842,,,,,0.0,0.0,
fleet_depot,parcel_50220001600000010070010000,593,,,,,0.0,0.0,
fleet_depot,parcel_50220001700000010280000000,695,,,,,0.0,0.0,
fleet_depot,parcel_50220001600000010180010000,620,,,,,12654.773,10.816,
fleet_depot,parcel_50220001700000010500000000,485,,,,,0.0,0.0,
fleet_depot,parcel_50220001700000010470000000,695,,,,,0.0,0.0,
fleet_depot,parcel_50220002700000010340050000,852,,,,,0.0,0.0,
fleet_depot,parcel_50220002600000010170010000,852,,,,,0.0,0.0,
fleet_depot,parcel_50220002600000010260010000,852,,,,,0.0,0.0,
fleet_depot,parcel_50220003100000010090220000,614,,,,,2093.955,1.79,
fleet_depot,parcel_50220002900000010040220000,455,,,,,12381.648,10.583,
fleet_depot,parcel_50220002800000010210000000,695,,,,,0.0,0.0,
fleet_depot,parcel_50220002800000010200000000,695,,,,,0.0,0.0,
fleet_depot,parcel_50220052500000060020000000,842,,,,,0.0,0.0,
fleet_depot,parcel_50220001000000010390000000,651,,,,,0.0,0.0,
fleet_depot,parcel_50220001000000010380000000,695,,,,,0.0,0.0,
fleet_depot,parcel_50220001000000010570320000,544,,,,,0.0,0.0,
fleet_depot,parcel_50220000900000010110430000,433,,,,,2321.559,1.984,
fleet_depot,parcel_50220000900000010090120000,464,,,,,16023.31,13.695,
fleet_depot,parcel_50340002600000010100010000,837,,,,,0.0,0.0,
fleet_depot,parcel_50260000200000010080340000,837,,,,,0.0,0.0,
fleet_depot,parcel_50260000600000020140000000,852,,,,,0.0,0.0,
fleet_depot,parcel_50260000100000030100030000,443,,,,,5963.22,5.097,
fleet_depot,parcel_50360100300000010060000000,440,,,,,1729.789,1.478,
fleet_depot,parcel_50360100300000020080000000,872,,,,,0.0,0.0,
fleet_depot,parcel_50360100300000010030020000,464,,,,,2503.642,2.14,
fleet_depot,parcel_50360101000000010040000000,612,,,,,0.0,0.0,
fleet_depot,parcel_50360101000000010110020000,612,,,,,213856.559,182.783,
fleet_depot,parcel_50360100500000010170000000,444,,,,,4233.431,3.618,
fleet_depot,parcel_50360100500000010540000000,534,,,,,12654.773,10.816,
fleet_depot,parcel_50360100500000010490020000,483,,,,,0.0,0.0,
fleet_depot,parcel_50360100500000010510000000,620,,,,,6919.156,5.914,
fleet_depot,parcel_50360100600000030010020000,620,,,,,4643.118,3.968,
fleet_depot,parcel_50360100600000020080010000,611,,,,,6281.866,5.369,
fleet_depot,parcel_50360100600000020130000000,620,,,,,2685.725,2.295,
fleet_depot,parcel_50360100600000020030000000,652,,,,,3231.974,2.762,
fleet_depot,parcel_50360100600000020040000000,483,,,,,1866.351,1.595,
fleet_depot,parcel_50360100600000020020000000,620,,,,,2139.476,1.829,
fleet_depot,parcel_50360100600000010080000000,436,,,,,500.728,0.428,
fleet_depot,parcel_50360100600000010200000000,438,,,,,0.0,0.0,
fleet_depot,parcel_50360100600000010250000000,457,,,,,2230.518,1.906,
fleet_depot,parcel_50360100600000010240000000,652,,,,,3095.412,2.646,
fleet_depot,parcel_50360100600000010260000000,440,,,,,3140.933,2.685,
fleet_depot,parcel_50360100600000010210000000,438,,,,,0.0,0.0,
fleet_depot,parcel_50360100600000010230000000,483,,,,,1911.872,1.634,
fleet_depot,parcel_50360100600000020010020000,438,,,,,0.0,0.0,
fleet_depot,parcel_50360100600000020010010000,465,,,,,2958.85,2.529,
fleet_depot,parcel_50360100500000010590020000,483,,,,,2503.642,2.14,
fleet_depot,parcel_50360100500000010670000000,483,,,,,2048.434,1.751,
fleet_depot,parcel_50360100500000010660000000,483,,,,,3914.786,3.346,
fleet_depot,parcel_50360100200000050040000000,681,,,,,4825.201,4.124,
fleet_depot,parcel_50360100200000050060000000,836,,,,,0.0,0.0,
fleet_depot,parcel_50360100200000050050000000,836,,,,,0.0,0.0,
fleet_depot,parcel_50360100500000010010000000,484,,,,,4096.869,3.502,
fleet_depot,parcel_50360100500000010680000000,481,,,,,3914.786,3.346,
fleet_depot,parcel_50360100500000010700000000,481,,,,,1046.978,0.895,
fleet_depot,parcel_50360100600000010190000000,484,,,,,2048.434,1.751,
fleet_depot,parcel_50360100600000010180000000,481,,,,,1820.831,1.556,
fleet_depot,parcel_50360100600000010150000000,483,,,,,7647.489,6.536,
fleet_depot,parcel_50360100600000010170000000,483,,,,,6099.783,5.213,
fleet_depot,parcel_50360100600000010120000000,483,,,,,4324.473,3.696,
fleet_depot,parcel_50360100600000010140000000,483,,,,,3596.141,3.074,
fleet_depot,parcel_50360100600000010130000000,483,,,,,13383.105,11.439,
fleet_depot,parcel_50360100600000010110000000,483,,,,,4324.473,3.696,
fleet_depot,parcel_50360100600000010100000000,482,,,,,2139.476,1.829,
fleet_depot,parcel_50360100200000050140000000,464,,,,,3004.371,2.568,
fleet_depot,parcel_50360100200000050090000000,461,,,,,3823.744,3.268,
fleet_depot,parcel_50360100500000010580020000,483,,,,,6646.032,5.68,
fleet_depot,parcel_50360100500000010570000000,481,,,,,2822.287,2.412,
fleet_depot,parcel_50360100500000010560000000,481,,,,,2503.642,2.14,
fleet_depot,parcel_50360100500000010710000000,534,,,,,1684.268,1.44,
fleet_depot,parcel_50360100500000010550000000,481,,,,,3140.933,2.685,
fleet_depot,parcel_50360100100000010120000000,620,,,,,5735.617,4.902,
fleet_depot,parcel_50360100100000010130000000,662,,,,,6600.511,5.641,
fleet_depot,parcel_50360100100000010110000000,438,,,,,0.0,0.0,
fleet_depot,parcel_50360100100000050070000000,485,,,,,3459.578,2.957,
fleet_depot,parcel_50360100600000010050010000,457,,,,,9741.444,8.326,
fleet_depot,parcel_50360100600000010010000000,484,,,,,4369.994,3.735,
fleet_depot,parcel_50360100700000020020000000,590,,,,,0.0,0.0,
fleet_depot,parcel_50360100100000050010000000,590,,,,,0.0,0.0,
fleet_depot,parcel_50360100700000020030000000,590,,,,,0.0,0.0,
fleet_depot,parcel_50360100700000030010000000,590,,,,,0.0,0.0,
fleet_depot,parcel_50360100700000010150000000,822,,,,,591.77,0.506,
fleet_depot,parcel_50360100600000010280010000,633,,,,,36325.571,31.047,
fleet_depot,parcel_50360100600000010050020000,485,,,,,12882.377,11.011,
fleet_depot,parcel_50360100600000010070000000,436,,,,,1183.54,1.012,
fleet_depot,parcel_50360100600000010360020000,633,,,,,19073.201,16.302,
fleet_depot,parcel_50360100800000050020000000,695,,,,,0.0,0.0,
fleet_depot,parcel_50360100800000020210000000,590,,,,,0.0,0.0,
fleet_depot,parcel_50360100800000020200000000,822,,,,,0.0,0.0,
fleet_depot,parcel_50360100800000040010320000,552,,,,,2503.642,2.14,
fleet_depot,parcel_50360100900000010020070000,612,,,,,3641.661,3.113,
fleet_depot,parcel_50360100600000050110000000,438,,,,,0.0,0.0,
fleet_depot,parcel_50360100600000040070000000,471,,,,,3732.703,3.19,
fleet_depot,parcel_50360101000000010110010000,615,,,,,4961.763,4.241,
fleet_depot,parcel_50360101000000010070000000,486,,,,,3459.578,2.957,
fleet_depot,parcel_50360101000000010080000000,421,,,,,2867.808,2.451,
fleet_depot,parcel_50360101000000010090000000,531,,,,,0.0,0.0,
fleet_depot,parcel_50360101000000020040020000,485,,,,,1957.393,1.673,
fleet_depot,parcel_50360101000000020040010000,457,,,,,500.728,0.428,
fleet_depot,parcel_50360100400000030080000000,433,,,,,819.374,0.7,
fleet_depot,parcel_50360100400000020040000000,695,,,,,0.0,0.0,
fleet_depot,parcel_50360100400000030050000000,853,,,,,682.811,0.584,
fleet_depot,parcel_50360100300000020030000000,483,,,,,5416.971,4.63,
fleet_depot,parcel_50368902600000020130010000,484,,,,,18891.118,16.146,
fleet_depot,parcel_50368901100000020280000000,557,,,,,1820.831,1.556,
fleet_depot,parcel_50368901100000030010000000,441,,,,,4369.994,3.735,
fleet_depot,parcel_50368901100000020060020000,484,,,,,546.249,0.467,
fleet_depot,parcel_50368901100000040050000000,695,,,,,0.0,0.0,
fleet_depot,parcel_50368901200000010010020000,552,,,,,0.0,0.0,
fleet_depot,parcel_50368901200000020090040000,620,,,,,3459.578,2.957,
fleet_depot,parcel_50368901200000030150000000,612,,,,,0.0,0.0,
fleet_depot,parcel_50368901200000010050000000,852,,,,,0.0,0.0,
fleet_depot,parcel_50368902200000010050030000,464,,,,,4734.16,4.046,
fleet_depot,parcel_50368902200000020040000000,642,,,,,17479.974,14.94,
fleet_depot,parcel_50368902200000040180000000,845,,,,,0.0,0.0,
fleet_depot,parcel_50368902300000010180000000,692,,,,,0.0,0.0,
fleet_depot,parcel_50368902300000020040000000,433,,,,,3277.495,2.801,
fleet_depot,parcel_50368902200000040120000000,695,,,,,0.0,0.0,
fleet_depot,parcel_50368902200000040090000000,845,,,,,0.0,0.0,
fleet_depot,parcel_50368902200000050040000000,433,,,,,5553.533,4.747,
fleet_depot,parcel_50368902300000040040000000,695,,,,,0.0,0.0,
fleet_depot,parcel_50368902500000020010040000,485,,,,,8557.904,7.314,
fleet_depot,parcel_50368902500000020010520000,455,,,,,1502.185,1.284,
fleet_depot,parcel_50368902500000020010060000,485,,,,,2776.767,2.373,
fleet_depot,parcel_50368902500000030010000000,620,,,,,6554.99,5.603,
fleet_depot,parcel_50368902500000060070000000,593,,,,,0.0,0.0,
fleet_depot,parcel_50368902500000060100020000,484,,,,,2822.287,2.412,
fleet_depot,parcel_50368902400000020050210099,837,,,,,0.0,0.0,
fleet_depot,parcel_50368902400000030090000000,620,,,,,864.895,0.739,
fleet_depot,parcel_50368902400000030070000000,695,,,,,0.0,0.0,
fleet_depot,parcel_50368902500000060200000000,633,,,,,1820.831,1.556,
fleet_depot,parcel_50368902500000030090000000,484,,,,,1229.061,1.05,
fleet_depot,parcel_50368902000000010060010000,531,,,,,0.0,0.0,
fleet_depot,parcel_50368902000000030090210000,612,,,,,10105.61,8.637,
fleet_depot,parcel_50368902000000030090220000,440,,,,,5462.492,4.669,
fleet_depot,parcel_50368902000000030090230000,612,,,,,5735.617,4.902,
fleet_depot,parcel_50368902000000020020020000,444,,,,,8831.029,7.548,
fleet_depot,parcel_50368902000000030010000000,449,,,,,1957.393,1.673,
fleet_depot,parcel_50368901200000040150230000,449,,,,,8011.655,6.848,
fleet_depot,parcel_50368901300000030030010000,431,,,,,22578.3,19.298,
fleet_depot,parcel_50368901200000030210010000,423,,,,,682.811,0.584,
fleet_depot,parcel_50368901200000030170000000,531,,,,,773.853,0.661,
fleet_depot,parcel_50368901200000030210020000,442,,,,,3459.578,2.957,
fleet_depot,parcel_50368901200000030190000000,472,,,,,1138.019,0.973,
fleet_depot,parcel_50368901200000030180020000,446,,,,,11061.546,9.454,
fleet_depot,parcel_50368901200000030180010000,456,,,,,10515.297,8.987,
fleet_depot,parcel_50368901300000030020010000,454,,,,,40968.689,35.016,
fleet_depot,parcel_50368901300000040020040000,443,,,,,30726.517,26.262,
fleet_depot,parcel_50368901300000050170000000,449,,,,,3049.891,2.607,
fleet_depot,parcel_50368901300000020140000000,695,,,,,0.0,0.0,
fleet_depot,parcel_50368901400000030180020000,414,,,,,6782.594,5.797,
fleet_depot,parcel_50368901400000030180010000,414,,,,,3368.537,2.879,
fleet_depot,parcel_50368901400000010130000000,695,,,,,0.0,0.0,
fleet_depot,parcel_50368901400000010110000000,414,,,,,8239.259,7.042,
