site_type,site_id,name,lat,lon,ports_2026,ports_scaled,annual_kwh,peak_kw,kwh_per_port_day
public_l2,afdc_114957,La Tourelle Hotel & Spa - Tesla Destination,42.402,-76.503,2.0,7.051,20837.669,11.605,8.096
public_l2,afdc_114959,William Henry Miller Inn - Tesla Destination,42.442,-76.495,1.0,3.526,10418.835,5.803,8.096
public_l2,afdc_117739,Maguire Chevrolet,42.481,-76.478,2.0,7.051,20837.669,11.605,8.096
public_l2,afdc_123135,Allan H. Treman State Park,42.458,-76.52,4.0,14.103,41675.339,23.211,8.096
public_l2,afdc_123137,Cayuga Heights,42.469,-76.479,2.0,7.051,20837.669,11.605,8.096
public_l2,afdc_162227,NORTH WOOD STATION 1,42.487,-76.471,2.0,7.051,20837.669,11.605,8.096
public_l2,afdc_162263,ITHACA VISITORS COLLEGE CIRCLE,42.412,-76.501,2.0,7.051,20837.669,11.605,8.096
public_l2,afdc_162290,HOLT1 HOLT,42.439,-76.51,2.0,7.051,20837.669,11.605,8.096
public_l2,afdc_162296,CITY OF ITHACA DRYDEN,42.442,-76.486,2.0,7.051,20837.669,11.605,8.096
public_l2,afdc_162304,INHS 210 HANCOCK,42.448,-76.503,2.0,7.051,20837.669,11.605,8.096
public_l2,afdc_162307,CITY OF ITHACA SENECA STREET,42.44,-76.496,2.0,7.051,20837.669,11.605,8.096
public_l2,afdc_162315,ITHACA VISITORS ITHACA COLLEGE,42.421,-76.5,2.0,7.051,20837.669,11.605,8.096
public_l2,afdc_162323,CAYUGA STATION ALL PRO GARAGE,42.437,-76.499,2.0,7.051,20837.669,11.605,8.096
public_l2,afdc_162327,ULYSSES TOWN ULYSSES,42.541,-76.661,2.0,7.051,20837.669,11.605,8.096
public_l2,afdc_164859,DRYDEN STATION 1,42.492,-76.287,2.0,7.051,20837.669,11.605,8.096
public_l2,afdc_165558,CCE TOMPKINS STATION ONE,42.451,-76.503,2.0,7.051,20837.669,11.605,8.096
public_l2,afdc_182683,SCIENCENTER SCIENCENTER,42.45,-76.504,2.0,7.051,20837.669,11.605,8.096
public_l2,afdc_186535,CAYUGA MED CTR. CAYUGA MEDICAL,42.469,-76.538,2.0,7.051,20837.669,11.605,8.096
public_l2,afdc_191606,THE MEADOWS STATION 01,42.484,-76.482,2.0,7.051,20837.669,11.605,8.096
public_l2,afdc_226519,BJ'S Wholesale Shopping Club,42.486,-76.493,2.0,7.051,20837.669,11.605,8.096
public_l2,afdc_226520,The Dorm Hotel,42.444,-76.49,1.0,3.526,10418.835,5.803,8.096
public_l2,afdc_226521,Maguire Honda of Ithaca,42.426,-76.509,1.0,3.526,10418.835,5.803,8.096
public_l2,afdc_226539,Inn at Taughannock Falls - Tesla Destination,42.545,-76.598,2.0,7.051,20837.669,11.605,8.096
public_l2,afdc_227121,CORNELL STATION4,42.445,-76.481,2.0,7.051,20837.669,11.605,8.096
public_l2,afdc_229267,CORNELL STATION6,42.445,-76.481,2.0,7.051,20837.669,11.605,8.096
public_l2,afdc_229268,CORNELL STATION2,42.45,-76.479,2.0,7.051,20837.669,11.605,8.096
public_l2,afdc_229269,CORNELL STATION1,42.45,-76.478,2.0,7.051,20837.669,11.605,8.096
public_l2,afdc_229400,CORNELL STATION3,42.443,-76.479,2.0,7.051,20837.669,11.605,8.096
public_l2,afdc_229476,CORNELL STATION5,42.45,-76.479,2.0,7.051,20837.669,11.605,8.096
public_l2,afdc_230851,Village of Dryden,42.49,-76.298,2.0,7.051,20837.669,11.605,8.096
public_l2,afdc_256948,MAGUIRE IMPORTS VOLKS CLIENT,42.422,-76.517,2.0,7.051,20837.669,11.605,8.096
public_l2,afdc_302246,CORNELL CORNELLSTATION7,42.443,-76.48,2.0,7.051,20837.669,11.605,8.096
public_l2,afdc_311780,ITHACAN B,42.439,-76.496,2.0,7.051,20837.669,11.605,8.096
public_l2,afdc_311781,ITHACAN A,42.439,-76.496,2.0,7.051,20837.669,11.605,8.096
public_l2,afdc_311782,ITHACAN C,42.439,-76.496,2.0,7.051,20837.669,11.605,8.096
public_l2,afdc_311783,ITHACAN D,42.439,-76.496,2.0,7.051,20837.669,11.605,8.096
public_l2,afdc_324859,Spruce Row Campground & RV Park,42.516,-76.587,4.0,14.103,41675.339,23.211,8.096
public_l2,afdc_326300,CORNELL STATION10,42.436,-76.455,2.0,7.051,20837.669,11.605,8.096
public_l2,afdc_326305,CORNELL STATION11,42.436,-76.455,2.0,7.051,20837.669,11.605,8.096
public_l2,afdc_326306,CORNELL STATION12,42.436,-76.455,2.0,7.051,20837.669,11.605,8.096
public_l2,afdc_326447,CORNELL STATION8,42.444,-76.484,2.0,7.051,20837.669,11.605,8.096
public_l2,afdc_326448,CORNELL STATION9,42.444,-76.484,2.0,7.051,20837.669,11.605,8.096
public_l2,afdc_333805,Holiday Inn Express Ithaca,42.421,-76.518,4.0,14.103,41675.339,23.211,8.096
public_l2,afdc_333826,Ithaca Bakery,42.443,-76.509,6.0,21.154,62513.008,34.816,8.096
public_l2,afdc_334127,Kendal at Ithaca 3,42.474,-76.488,2.0,7.051,20837.669,11.605,8.096
public_l2,afdc_334240,Rodeway Inn & Suites,42.41,-76.54,4.0,14.103,41675.339,23.211,8.096
public_l2,afdc_341691,SWTCH Energy Inc.,42.437,-76.46,4.0,14.103,41675.339,23.211,8.096
public_l2,afdc_341704,SWTCH Energy Inc.,42.439,-76.46,4.0,14.103,41675.339,23.211,8.096
public_l2,afdc_341740,SWTCH Energy Inc.,42.538,-76.654,2.0,7.051,20837.669,11.605,8.096
public_l2,afdc_341778,SWTCH Energy Inc.,42.501,-76.311,2.0,7.051,20837.669,11.605,8.096
public_l2,afdc_347356,Kendal at Ithaca 2 (North Lot),42.476,-76.486,4.0,14.103,41675.339,23.211,8.096
public_l2,afdc_347357,Kendal at Ithaca 1 (South Lot),42.475,-76.485,4.0,14.103,41675.339,23.211,8.096
public_l2,afdc_347365,Best Western University Inn,42.439,-76.462,8.0,28.205,83350.678,46.422,8.096
public_l2,afdc_347945,Fairview Apartments East,42.44,-76.476,12.0,42.308,125026.017,69.632,8.096
public_l2,afdc_347946,Fairview Apartments West,42.44,-76.476,8.0,28.205,83350.678,46.422,8.096
public_l2,afdc_350529,GREENSTARCOOPER GREENSTAR 1,42.445,-76.51,2.0,7.051,20837.669,11.605,8.096
public_l2,afdc_360737,Ithaca College - Farm Pond Road - North Row,42.428,-76.496,12.0,42.308,125026.017,69.632,8.096
public_l2,afdc_360738,Ithaca College -  Terrace Hall,42.417,-76.498,2.0,7.051,20837.669,11.605,8.096
public_l2,afdc_360739,Ithaca College - Farm Pond Road - South Row,42.427,-76.496,14.0,49.359,145863.686,81.238,8.096
public_l2,afdc_372446,GREENSTARCOOPER GREENSTAR 2,42.445,-76.51,2.0,7.051,20837.669,11.605,8.096
public_l2,afdc_376246,Northside Apartments Site 1,42.445,-76.506,2.0,7.051,20837.669,11.605,8.096
public_l2,afdc_376247,Northside Apartments Site 2,42.445,-76.506,2.0,7.051,20837.669,11.605,8.096
public_l2,afdc_384284,INHS VILLAGE GROVE 6,42.536,-76.661,1.0,3.526,10418.835,5.803,8.096
public_l2,afdc_384285,INHS VILLAGE GROVE 3,42.536,-76.661,1.0,3.526,10418.835,5.803,8.096
public_l2,afdc_384286,INHS VILLAGE GROVE 2,42.536,-76.661,1.0,3.526,10418.835,5.803,8.096
public_l2,afdc_384287,INHS VILLAGE GROVE 5,42.536,-76.661,1.0,3.526,10418.835,5.803,8.096
public_l2,afdc_384288,INHS VILLAGE GROVE 4,42.536,-76.661,1.0,3.526,10418.835,5.803,8.096
public_l2,afdc_384289,INHS VILLAGE GROVE 1,42.536,-76.661,1.0,3.526,10418.835,5.803,8.096
public_l2,afdc_420749,ORLY ITHACA 1,42.432,-76.51,1.0,3.526,10418.835,5.803,8.096
public_l2,afdc_420750,ORLY ITHACA 3,42.432,-76.51,1.0,3.526,10418.835,5.803,8.096
public_l2,afdc_429747,Chrysler L2s,42.428,-76.51,2.0,7.051,20837.669,11.605,8.096
public_l2,afdc_439836,Springwater Inn,42.459,-76.428,4.0,14.103,41675.339,23.211,8.096
public_l2,afdc_447078,Village Hall,42.541,-76.661,2.0,7.051,20837.669,11.605,8.096
public_l2,afdc_452497,308 Main Street,42.586,-76.366,2.0,7.051,20837.669,11.605,8.096
public_l2,afdc_455979,Honda L2's,42.427,-76.51,1.0,3.526,10418.835,5.803,8.096
public_l2,afdc_455980,Imports L2s,42.423,-76.518,1.0,3.526,10418.835,5.803,8.096
public_l2,afdc_455983,Ford Ithaca L2s,42.435,-76.509,4.0,14.103,41675.339,23.211,8.096
public_l2,afdc_456594,HOUSE OF ALPHA STATION 1,42.456,-76.487,2.0,7.051,20837.669,11.605,8.096
public_l2,afdc_456595,HOUSE OF ALPHA STATION 2,42.456,-76.487,2.0,7.051,20837.669,11.605,8.096
public_l2,afdc_458593,ORLY ITHACA 2,42.432,-76.51,1.0,3.526,10418.835,5.803,8.096
public_l2,afdc_458594,ORLY ITHACA 4,42.432,-76.51,1.0,3.526,10418.835,5.803,8.096
public_l2,afdc_460294,FERGUSON ELEC AURORA 2,42.447,-76.509,2.0,7.051,20837.669,11.605,8.096
public_l2,afdc_460295,FERGUSON ELEC AURORA 5,42.447,-76.509,2.0,7.051,20837.669,11.605,8.096
public_l2,afdc_460296,FERGUSON ELEC AURORA 4,42.447,-76.509,2.0,7.051,20837.669,11.605,8.096
public_l2,afdc_460298,FERGUSON ELEC AURORA 1,42.447,-76.509,2.0,7.051,20837.669,11.605,8.096
public_l2,afdc_460299,FERGUSON ELEC AURORA 6,42.447,-76.509,2.0,7.051,20837.669,11.605,8.096
public_l2,afdc_462029,GT-Dryden Mutual Insurance,42.5,-76.3,6.0,21.154,62513.008,34.816,8.096
public_l2,afdc_467971,Parking Lot,42.541,-76.66,2.0,7.051,20837.669,11.605,8.096
public_l2,afdc_467972,Parking Lot,42.542,-76.666,2.0,7.051,20837.669,11.605,8.096
public_l2,afdc_468044,Parking Lot,42.436,-76.465,2.0,7.051,20837.669,11.605,8.096
dcfc,afdc_117739,Maguire Chevrolet,42.481,-76.478,1.0,3.526,284149.143,340.752,220.806
dcfc,afdc_149318,"Ithaca, NY - Tesla Supercharger",42.429,-76.509,8.0,28.205,2273193.143,2726.013,220.806
dcfc,afdc_333805,Holiday Inn Express Ithaca,42.421,-76.518,8.0,28.205,2273193.143,2726.013,220.806
dcfc,afdc_398514,Ithaca College - Athletic Center,42.422,-76.49,4.0,14.103,1136596.572,1363.006,220.806
dcfc,afdc_440986,Chrysler L3s,42.428,-76.51,2.0,7.051,568298.286,681.503,220.806
dcfc,afdc_447078,Village Hall,42.541,-76.661,2.0,7.051,568298.286,681.503,220.806
dcfc,afdc_449494,Parking Lot DCFC,42.542,-76.666,2.0,7.051,568298.286,681.503,220.806
dcfc,afdc_455981,Chevrolet Cadillac L3s,42.481,-76.478,3.0,10.577,852447.429,1022.255,220.806
dcfc,afdc_455982,Ford Ithaca L3s,42.435,-76.509,4.0,14.103,1136596.572,1363.006,220.806
dcfc,afdc_455985,Chevy of Trumansburg L3's,42.533,-76.639,2.0,7.051,568298.286,681.503,220.806
dcfc,afdc_459357,Parking Lot DCFC,42.541,-76.66,2.0,7.051,568298.286,681.503,220.806
dcfc,afdc_463625,Ithaca Ford,42.435,-76.509,2.0,7.051,568298.286,681.503,220.806
workplace_listed,afdc_44339,Maguire Family of Dealerships,42.435,-76.509,1.0,,66173.917,61.255,
workplace_listed,afdc_157971,Maguire Family of Dealerships,42.423,-76.519,0.0,,0.0,0.0,
workplace_listed,afdc_168427,Village of Dryden,42.485,-76.297,2.0,,132347.834,122.509,
workplace_listed,afdc_168458,Tompkins-Seneca-Tioga BOCES,42.476,-76.464,4.0,,264695.669,245.018,
workplace_listed,afdc_303228,Swtch Energy,42.501,-76.31,2.0,,132347.834,122.509,
workplace_listed,chargeready_56A260F38E53CE12C012D52A07908D7966D69E4F5ECBF7043EB7681EEBF1A5E2,Dryden Mutual Insurance Company,,,6.0,,397043.503,367.528,
workplace_listed,chargeready_FE9A4C96FFF5CD08C8B5BD7CCC15E73D25CA8C3C1ECA4AA6B308C63B6D0B77BE,TST BOCES Ithaca,,,4.0,,264695.669,245.018,
workplace_listed,chargeready_498FEA00DD2D4B8B227D6D6A6B07F9F52AFE255CB81F23F2E051B39205B0D39F,Cornell Cooperative Extension Association of Tompkins County,,,2.0,,132347.834,122.509,
workplace_unlisted_parcel,parcel_50200000900000010230000000,612,42.393,-76.371,,,2484.763,2.3,
workplace_unlisted_parcel,parcel_50200000900000010070040000,442,42.395,-76.401,,,951.23,0.881,
workplace_unlisted_parcel,parcel_50200003100000010010050000,670,42.327,-76.319,,,2765.096,2.56,
workplace_unlisted_parcel,parcel_50300101400000060010000000,613,42.458,-76.484,,,1190.53,1.102,
workplace_unlisted_parcel,parcel_50300101400000040020020000,613,42.459,-76.479,,,4462.576,4.131,
workplace_unlisted_parcel,parcel_50300100900000060010000000,612,42.466,-76.489,,,2295.217,2.125,
workplace_unlisted_parcel,parcel_50300101000000040010020000,452,42.469,-76.48,,,2401.157,2.223,
workplace_unlisted_parcel,parcel_50300101000000040010020002,465,42.469,-76.48,,,1314.936,1.217,
workplace_unlisted_parcel,parcel_50300100500000030180010000,464,42.47,-76.478,,,1025.231,0.949,
workplace_unlisted_parcel,parcel_50300100300000010010000000,633,42.475,-76.486,,,16978.904,15.717,
workplace_unlisted_parcel,parcel_50220000900000010090120000,464,42.358,-76.512,,,1007.885,0.933,
workplace_unlisted_parcel,parcel_50220001000000010050000000,614,42.359,-76.49,,,1149.683,1.064,
workplace_unlisted_parcel,parcel_50220000200000010350110000,442,42.384,-76.492,,,1342.634,1.243,
workplace_unlisted_parcel,parcel_50220000100000010250010000,710,42.381,-76.51,,,3422.844,3.168,
workplace_unlisted_parcel,parcel_50248907300000020040020000,714,42.403,-76.422,,,1121.379,1.038,
workplace_unlisted_parcel,parcel_50248905400000010090050000,440,42.461,-76.421,,,978.648,0.906,
workplace_unlisted_parcel,parcel_50248905200000010040320000,710,42.471,-76.41,,,9513.61,8.806,
workplace_unlisted_parcel,parcel_50248905200000010041110000,440,42.472,-76.408,,,1549.48,1.434,
workplace_unlisted_parcel,parcel_50248905200000010080050000,442,42.472,-76.403,,,1913.372,1.771,
workplace_unlisted_parcel,parcel_50248905200000010080020000,442,42.471,-76.401,,,2238.189,2.072,
workplace_unlisted_parcel,parcel_50248904200000010350020000,442,42.473,-76.424,,,2005.977,1.857,
workplace_unlisted_parcel,parcel_50248904200000010350030000,440,42.474,-76.425,,,1142.409,1.057,
workplace_unlisted_parcel,parcel_50248904200000010310060000,710,42.474,-76.428,,,2262.25,2.094,
workplace_unlisted_parcel,parcel_50248904200000010310030000,661,42.475,-76.428,,,1469.371,1.36,
workplace_unlisted_parcel,parcel_50248904300000010290060000,440,42.475,-76.433,,,944.236,0.874,
workplace_unlisted_parcel,parcel_50248904300000010330020000,642,42.477,-76.432,,,1165.77,1.079,
workplace_unlisted_parcel,parcel_50248904300000010331210000,442,42.477,-76.435,,,3063.522,2.836,
workplace_unlisted_parcel,parcel_50248903900000010010000000,712,42.497,-76.372,,,2797.737,2.59,
workplace_unlisted_parcel,parcel_50248903400000020030030000,449,42.505,-76.359,,,1390.289,1.287,
workplace_unlisted_parcel,parcel_50248903700000010100120000,613,42.499,-76.282,,,7776.029,7.198,
workplace_unlisted_parcel,parcel_50248903700000010080030000,613,42.501,-76.288,,,13016.19,12.049,
workplace_unlisted_parcel,parcel_50248903700000010101120000,613,42.5,-76.285,,,2976.046,2.755,
workplace_unlisted_parcel,parcel_50248903700000010101110000,613,42.5,-76.286,,,2987.796,2.766,
workplace_unlisted_parcel,parcel_50248903800000010260000000,612,42.502,-76.309,,,8787.318,8.134,
workplace_unlisted_parcel,parcel_50248903900000010220020000,449,42.5,-76.349,,,1029.567,0.953,
workplace_unlisted_parcel,parcel_50248903900000010220050000,440,42.497,-76.349,,,944.143,0.874,
workplace_unlisted_parcel,parcel_50240100800100010020000000,464,42.5,-76.3,,,1458.833,1.35,
workplace_unlisted_parcel,parcel_50240101100000010080070000,449,42.491,-76.292,,,961.862,0.89,
workplace_unlisted_parcel,parcel_50240101600000020010000000,612,42.488,-76.292,,,5544.881,5.133,
workplace_unlisted_parcel,parcel_50240101100000010090000000,651,42.492,-76.29,,,1193.701,1.105,
workplace_unlisted_parcel,parcel_50240101200000040010010000,633,42.492,-76.295,,,1838.579,1.702,
workplace_unlisted_parcel,parcel_50240100900000010060000000,452,42.495,-76.299,,,1071.533,0.992,
workplace_unlisted_parcel,parcel_50240101300000010110020000,710,42.492,-76.304,,,1128.42,1.045,
workplace_unlisted_parcel,parcel_50260000400000020070040000,710,42.461,-76.574,,,2011.619,1.862,
workplace_unlisted_parcel,parcel_50260001400000020020080000,651,42.418,-76.623,,,1142.223,1.057,
workplace_unlisted_parcel,parcel_50260000800000010100000000,612,42.449,-76.632,,,1989.331,1.841,
workplace_unlisted_parcel,parcel_50240300400000050110110000,633,42.515,-76.344,,,1103.334,1.021,
workplace_unlisted_parcel,parcel_50288903500000010250020000,442,42.552,-76.403,,,1510.778,1.398,
workplace_unlisted_parcel,parcel_50280130800000010030010000,455,42.589,-76.348,,,1908.989,1.767,
workplace_unlisted_parcel,parcel_50280130800000010010010000,715,42.591,-76.35,,,945.868,0.876,
workplace_unlisted_parcel,parcel_50280130800000010010030000,440,42.59,-76.352,,,1563.189,1.447,
workplace_unlisted_parcel,parcel_50280110800000020370000000,612,42.584,-76.359,,,4655.9,4.31,
workplace_unlisted_parcel,parcel_50280100700000020250040000,633,42.585,-76.368,,,2239.122,2.073,
workplace_unlisted_parcel,parcel_50280100700000020250030000,633,42.585,-76.369,,,1617.185,1.497,
workplace_unlisted_parcel,parcel_50280101100000010010020000,612,42.58,-76.371,,,6580.883,6.092,
workplace_unlisted_parcel,parcel_50280100600000010310000000,652,42.59,-76.37,,,1111.634,1.029,
workplace_unlisted_parcel,parcel_50280100500000010020000000,444,42.592,-76.369,,,953.329,0.882,
workplace_unlisted_parcel,parcel_50070013000000040050000000,690,42.419,-76.518,,,2004.112,1.855,
workplace_unlisted_parcel,parcel_50070013000000030010000000,456,42.42,-76.519,,,1002.522,0.928,
workplace_unlisted_parcel,parcel_50070012800000010060010000,452,42.421,-76.519,,,2312.05,2.14,
workplace_unlisted_parcel,parcel_50070012900000010100020000,414,42.422,-76.516,,,2637.986,2.442,
workplace_unlisted_parcel,parcel_50070008500000050010000000,612,42.437,-76.478,,,1374.108,1.272,
workplace_unlisted_parcel,parcel_50070006300000050070000000,437,42.442,-76.486,,,3357.284,3.108,
workplace_unlisted_parcel,parcel_50070006300000050020000000,482,42.442,-76.486,,,2238.329,2.072,
workplace_unlisted_parcel,parcel_50070006400000100030000000,613,42.441,-76.485,,,2925.034,2.708,
workplace_unlisted_parcel,parcel_50070006900000010040000000,482,42.44,-76.494,,,1066.264,0.987,
workplace_unlisted_parcel,parcel_50070006900000010110000000,481,42.44,-76.495,,,1982.29,1.835,
workplace_unlisted_parcel,parcel_50070006900000010070000000,482,42.44,-76.495,,,1328.925,1.23,
workplace_unlisted_parcel,parcel_50070006900000010060020000,414,42.44,-76.495,,,3472.691,3.215,
workplace_unlisted_parcel,parcel_50070006100000040050000000,650,42.441,-76.496,,,8292.491,7.676,
workplace_unlisted_parcel,parcel_50070007000000020100000000,463,42.44,-76.497,,,2230.076,2.064,
workplace_unlisted_parcel,parcel_50070007000000030150000000,463,42.44,-76.497,,,1565.986,1.45,
workplace_unlisted_parcel,parcel_50070007000000040040220000,464,42.439,-76.496,,,2702.38,2.501,
workplace_unlisted_parcel,parcel_50070007000000040040210001,437,42.439,-76.496,,,2255.908,2.088,
workplace_unlisted_parcel,parcel_50070007000000040050010000,452,42.439,-76.497,,,5020.585,4.647,
workplace_unlisted_parcel,parcel_50070007000000020050000000,464,42.44,-76.498,,,992.264,0.918,
workplace_unlisted_parcel,parcel_50070007000000050010000000,481,42.439,-76.499,,,2377.796,2.201,
workplace_unlisted_parcel,parcel_50070007000000050230000000,652,42.439,-76.499,,,1375.554,1.273,
workplace_unlisted_parcel,parcel_50070007000000080010000000,611,42.438,-76.498,,,3218.983,2.98,
workplace_unlisted_parcel,parcel_50070007000000080110000000,642,42.438,-76.497,,,2176.499,2.015,
workplace_unlisted_parcel,parcel_50070007000000040050230000,437,42.439,-76.497,,,7848.351,7.265,
workplace_unlisted_parcel,parcel_50070007000000040040030000,414,42.439,-76.496,,,4697.167,4.348,
workplace_unlisted_parcel,parcel_50070008100000030020020000,410,42.437,-76.497,,,969.089,0.897,
workplace_unlisted_parcel,parcel_50070008100000030010000000,662,42.437,-76.498,,,1338.717,1.239,
workplace_unlisted_parcel,parcel_50070008100000020010000000,437,42.437,-76.499,,,10378.297,9.607,
workplace_unlisted_parcel,parcel_50070008100000020010000001,464,42.437,-76.499,,,1025.837,0.95,
workplace_unlisted_parcel,parcel_50070008000000100010000000,633,42.438,-76.5,,,3388.059,3.136,
workplace_unlisted_parcel,parcel_50070007000000070040020000,414,42.438,-76.499,,,6667.333,6.172,
workplace_unlisted_parcel,parcel_50070008000000070010000000,642,42.436,-76.502,,,2558.81,2.369,
workplace_unlisted_parcel,parcel_50070010700000010030000000,642,42.433,-76.492,,,1060.342,0.982,
workplace_unlisted_parcel,parcel_50070010600000010080020000,710,42.43,-76.501,,,21581.694,19.977,
workplace_unlisted_parcel,parcel_50070010700000010010000000,612,42.434,-76.494,,,3277.922,3.034,
workplace_unlisted_parcel,parcel_50070011400000010010000000,449,42.428,-76.493,,,1000.191,0.926,
workplace_unlisted_parcel,parcel_50070010400000010010020000,452,42.431,-76.507,,,1241.915,1.15,
workplace_unlisted_parcel,parcel_50070011700000010010020000,452,42.429,-76.51,,,7024.231,6.502,
workplace_unlisted_parcel,parcel_50070011700000030010000000,485,42.429,-76.506,,,1023.226,0.947,
workplace_unlisted_parcel,parcel_50070011700000020010020000,452,42.43,-76.507,,,1927.641,1.784,
workplace_unlisted_parcel,parcel_50070012200000020020000000,431,42.427,-76.509,,,1285.0,1.189,
workplace_unlisted_parcel,parcel_50070011800000010010020000,453,42.427,-76.513,,,8919.744,8.257,
workplace_unlisted_parcel,parcel_50070011800000010020040000,452,42.429,-76.513,,,1864.785,1.726,
workplace_unlisted_parcel,parcel_50070012500000020040000000,414,42.425,-76.513,,,1790.551,1.657,
workplace_unlisted_parcel,parcel_50070012500000010010010000,452,42.425,-76.515,,,1526.772,1.413,
workplace_unlisted_parcel,parcel_50070012500000010030010000,415,42.424,-76.516,,,1497.722,1.386,
workplace_unlisted_parcel,parcel_50070011800000010020020000,453,42.431,-76.514,,,6275.044,5.809,
workplace_unlisted_parcel,parcel_50070009600000020010090000,712,42.434,-76.516,,,2069.159,1.915,
workplace_unlisted_parcel,parcel_50070007800000030020000000,449,42.436,-76.515,,,961.349,0.89,
workplace_unlisted_parcel,parcel_50070010200000010020030000,452,42.433,-76.509,,,2718.281,2.516,
workplace_unlisted_parcel,parcel_50070009500000010010220000,454,42.435,-76.51,,,5739.557,5.313,
workplace_unlisted_parcel,parcel_50070010200000010020010000,452,42.432,-76.51,,,5224.54,4.836,
workplace_unlisted_parcel,parcel_50070009500000010010010000,431,42.435,-76.509,,,1124.224,1.041,
workplace_unlisted_parcel,parcel_50070009400000010220000000,415,42.434,-76.507,,,1836.248,1.7,
workplace_unlisted_parcel,parcel_50070007900000060080020000,452,42.436,-76.506,,,1818.016,1.683,
workplace_unlisted_parcel,parcel_50070007900000100010000000,415,42.436,-76.509,,,1106.039,1.024,
workplace_unlisted_parcel,parcel_50070007200000070100000000,455,42.438,-76.509,,,1498.374,1.387,
workplace_unlisted_parcel,parcel_50070007300000060010000000,444,42.439,-76.512,,,1038.147,0.961,
workplace_unlisted_parcel,parcel_50070007800000010010020000,710,42.437,-76.515,,,2323.334,2.151,
workplace_unlisted_parcel,parcel_50070007800000010010010000,710,42.437,-76.514,,,1077.828,0.998,
workplace_unlisted_parcel,parcel_50070005700000020010000000,612,42.44,-76.518,,,1223.497,1.133,
workplace_unlisted_parcel,parcel_50070007300000010110000000,464,42.44,-76.514,,,1429.643,1.323,
workplace_unlisted_parcel,parcel_50070004200000020050000000,710,42.445,-76.516,,,1129.913,1.046,
workplace_unlisted_parcel,parcel_50070004300000020050220000,454,42.445,-76.51,,,1632.013,1.511,
workplace_unlisted_parcel,parcel_50070005200000030060000000,456,42.444,-76.509,,,1159.802,1.074,
workplace_unlisted_parcel,parcel_50070007100000020050000000,652,42.44,-76.503,,,3017.266,2.793,
workplace_unlisted_parcel,parcel_50070006000000020080000000,612,42.442,-76.502,,,3215.905,2.977,
workplace_unlisted_parcel,parcel_50070007000000010030000000,464,42.44,-76.499,,,1271.431,1.177,
workplace_unlisted_parcel,parcel_50070006100000050110000000,463,42.441,-76.498,,,4403.125,4.076,
workplace_unlisted_parcel,parcel_50070006100000050010000000,452,42.441,-76.499,,,5478.901,5.072,
workplace_unlisted_parcel,parcel_50070006100000050100000000,414,42.441,-76.497,,,8672.844,8.028,
workplace_unlisted_parcel,parcel_50070006100000020040000000,652,42.442,-76.497,,,3363.346,3.113,
workplace_unlisted_parcel,parcel_50070006100000030140000000,464,42.442,-76.497,,,1380.45,1.278,
workplace_unlisted_parcel,parcel_50070006100000020010000000,620,42.442,-76.499,,,1069.342,0.99,
workplace_unlisted_parcel,parcel_50070004900000040050000000,620,42.443,-76.496,,,1077.595,0.997,
workplace_unlisted_parcel,parcel_50070002800000020010000000,612,42.451,-76.496,,,1737.534,1.608,
workplace_unlisted_parcel,parcel_50070002600000020080000000,482,42.45,-76.501,,,1263.644,1.17,
workplace_unlisted_parcel,parcel_50070001600000010030000000,651,42.453,-76.504,,,4653.848,4.308,
workplace_unlisted_parcel,parcel_50070001700000010010020000,465,42.452,-76.506,,,2820.538,2.611,
workplace_unlisted_parcel,parcel_50070002500000040010000000,650,42.449,-76.505,,,1272.737,1.178,
workplace_unlisted_parcel,parcel_50070003600000010040000000,456,42.448,-76.507,,,1101.189,1.019,
workplace_unlisted_parcel,parcel_50070003600000010030510000,465,42.447,-76.509,,,2986.584,2.765,
workplace_unlisted_parcel,parcel_50070002300000010010000000,455,42.451,-76.509,,,1184.375,1.096,
workplace_unlisted_parcel,parcel_50070000100000010150000000,650,42.464,-76.5,,,932.579,0.863,
workplace_unlisted_parcel,parcel_50070000500000010010000000,612,42.455,-76.498,,,11907.68,11.022,
workplace_unlisted_parcel,parcel_50070000900000060100000000,613,42.454,-76.482,,,1020.614,0.945,
workplace_unlisted_parcel,parcel_50070003000000010010050000,613,42.449,-76.479,,,6995.041,6.475,
workplace_unlisted_parcel,parcel_50070003000000010010020000,613,42.454,-76.478,,,198306.512,183.565,
workplace_unlisted_parcel,parcel_50070003100000010010060000,613,42.447,-76.484,,,1732.965,1.604,
workplace_unlisted_parcel,parcel_50070003100000010010010000,613,42.446,-76.482,,,15793.503,14.619,
workplace_unlisted_parcel,parcel_50070003100000010010080000,613,42.447,-76.479,,,6133.198,5.677,
workplace_unlisted_parcel,parcel_50070003100000010010020000,613,42.444,-76.478,,,190595.297,176.427,
workplace_unlisted_parcel,parcel_50070006500000030010010000,613,42.443,-76.476,,,5402.103,5.001,
workplace_unlisted_parcel,parcel_50070006500000030030000000,613,42.442,-76.475,,,2385.677,2.208,
workplace_unlisted_parcel,parcel_50070012600000010020020000,652,42.424,-76.519,,,1687.035,1.562,
workplace_unlisted_parcel,parcel_50070012600000010030020000,431,42.423,-76.518,,,3227.562,2.988,
workplace_unlisted_parcel,parcel_50070013100000010060010000,453,42.42,-76.523,,,4533.732,4.197,
workplace_unlisted_parcel,parcel_50070013100000010060020001,452,42.42,-76.522,,,3212.268,2.973,
workplace_unlisted_parcel,parcel_50308904300000020100000000,620,42.404,-76.499,,,1040.385,0.963,
workplace_unlisted_parcel,parcel_50308903600000010040050000,414,42.401,-76.503,,,2037.498,1.886,
workplace_unlisted_parcel,parcel_50308903700100010090000000,415,42.407,-76.504,,,1907.31,1.766,
workplace_unlisted_parcel,parcel_50308903900000010010310000,633,42.416,-76.506,,,6741.893,6.241,
workplace_unlisted_parcel,parcel_50308903900000010010220000,710,42.421,-76.505,,,10002.701,9.259,
workplace_unlisted_parcel,parcel_50308903900000010010010000,464,42.422,-76.502,,,3101.198,2.871,
workplace_unlisted_parcel,parcel_50308904100000010300020000,613,42.418,-76.491,,,103153.763,95.485,
workplace_unlisted_parcel,parcel_50308905400000020010000000,710,42.428,-76.485,,,6486.692,6.004,
workplace_unlisted_parcel,parcel_50308901700000010010020000,612,42.46,-76.499,,,5399.445,4.998,
workplace_unlisted_parcel,parcel_50308906700000010120000000,613,42.448,-76.469,,,1635.324,1.514,
workplace_unlisted_parcel,parcel_50308906300000010080010000,613,42.444,-76.472,,,10201.9,9.444,
workplace_unlisted_parcel,parcel_50308906700000010130010000,613,42.447,-76.471,,,4363.21,4.039,
workplace_unlisted_parcel,parcel_50308906300000010010000000,613,42.447,-76.469,,,6550.807,6.064,
workplace_unlisted_parcel,parcel_50308906700000010100020000,613,42.448,-76.465,,,5844.285,5.41,
workplace_unlisted_parcel,parcel_50308906700000010100050000,613,42.447,-76.467,,,5448.779,5.044,
workplace_unlisted_parcel,parcel_50308906700000010110000000,650,42.448,-76.468,,,1325.708,1.227,
workplace_unlisted_parcel,parcel_50308906700000010100030000,610,42.447,-76.466,,,5850.067,5.415,
workplace_unlisted_parcel,parcel_50308906300000010020020000,613,42.445,-76.468,,,3505.004,3.244,
workplace_unlisted_parcel,parcel_50308906700000010100060000,613,42.447,-76.465,,,17646.491,16.335,
workplace_unlisted_parcel,parcel_50308906400000010010000000,613,42.444,-76.459,,,4142.702,3.835,
workplace_unlisted_parcel,parcel_50308906300000010030040000,464,42.44,-76.463,,,3608.054,3.34,
workplace_unlisted_parcel,parcel_50308906200000020130070000,415,42.438,-76.461,,,2160.785,2.0,
workplace_unlisted_parcel,parcel_50308906200000020011210000,452,42.437,-76.463,,,5486.268,5.078,
workplace_unlisted_parcel,parcel_50308906000000010090010000,613,42.434,-76.465,,,1564.588,1.448,
workplace_unlisted_parcel,parcel_50308906000000010080020000,613,42.436,-76.466,,,2883.301,2.669,
workplace_unlisted_parcel,parcel_50308906500000010050020000,613,42.451,-76.458,,,5497.086,5.088,
workplace_unlisted_parcel,parcel_50308907300000010010040000,612,42.478,-76.466,,,1038.706,0.961,
workplace_unlisted_parcel,parcel_50308907300000010010310000,612,42.476,-76.464,,,8588.119,7.95,
workplace_unlisted_parcel,parcel_50308907200000010110000000,612,42.473,-76.469,,,2604.133,2.411,
workplace_unlisted_parcel,parcel_50308907200000010020020000,612,42.476,-76.469,,,6098.18,5.645,
workplace_unlisted_parcel,parcel_50308902400000050010020000,710,42.463,-76.569,,,1215.01,1.125,
workplace_unlisted_parcel,parcel_50308902400000030040000000,465,42.469,-76.541,,,1250.728,1.158,
workplace_unlisted_parcel,parcel_50308902400000030024120000,465,42.47,-76.537,,,1604.315,1.485,
workplace_unlisted_parcel,parcel_50308902600000040460010000,633,42.463,-76.532,,,5391.985,4.991,
workplace_unlisted_parcel,parcel_50308902400000030030010000,615,42.466,-76.537,,,1145.766,1.061,
workplace_unlisted_parcel,parcel_50308902400000030020010000,641,42.471,-76.535,,,1691.465,1.566,
workplace_unlisted_parcel,parcel_50308902700000010110030000,633,42.46,-76.53,,,3375.936,3.125,
workplace_unlisted_parcel,parcel_50308903300000020060010000,651,42.41,-76.545,,,2135.979,1.977,
workplace_unlisted_parcel,parcel_50308903300000030020100000,714,42.416,-76.535,,,1971.658,1.825,
workplace_unlisted_parcel,parcel_50308903100000010100010000,651,42.425,-76.535,,,2501.55,2.316,
workplace_unlisted_parcel,parcel_50328904400000010500020000,613,42.499,-76.459,,,2323.707,2.151,
workplace_unlisted_parcel,parcel_50328903900000010500060000,710,42.508,-76.469,,,3341.43,3.093,
workplace_unlisted_parcel,parcel_50328903900000010500100000,710,42.508,-76.464,,,3045.336,2.819,
workplace_unlisted_parcel,parcel_50328904400000010200030000,714,42.505,-76.474,,,1398.868,1.295,
workplace_unlisted_parcel,parcel_50328904400000010530110000,710,42.497,-76.472,,,8626.355,7.985,
workplace_unlisted_parcel,parcel_50328903000000010160120000,652,42.54,-76.488,,,1978.559,1.831,
workplace_unlisted_parcel,parcel_50328903700100020532210000,710,42.534,-76.498,,,1423.395,1.318,
workplace_unlisted_parcel,parcel_50328903600000010090020000,720,42.531,-76.519,,,12466.295,11.54,
workplace_unlisted_parcel,parcel_50328903500000020080020000,662,42.54,-76.513,,,1385.905,1.283,
workplace_unlisted_parcel,parcel_50328903700100020510000000,633,42.535,-76.501,,,1700.464,1.574,
workplace_unlisted_parcel,parcel_50328903100000010140020000,670,42.544,-76.496,,,2455.947,2.273,
workplace_unlisted_parcel,parcel_50328903200000010190000000,612,42.546,-76.532,,,7680.953,7.11,
workplace_unlisted_parcel,parcel_50328903200000010280000000,612,42.544,-76.538,,,2381.667,2.205,
workplace_unlisted_parcel,parcel_50328903600000010010000000,720,42.533,-76.531,,,5189.009,4.803,
workplace_unlisted_parcel,parcel_50328903200000010030000000,449,42.549,-76.541,,,3293.216,3.048,
workplace_unlisted_parcel,parcel_50328900800000010110050000,449,42.609,-76.5,,,1406.702,1.302,
workplace_unlisted_parcel,parcel_50328903100000010130000000,670,42.549,-76.496,,,5051.36,4.676,
workplace_unlisted_parcel,parcel_50328903000000010160310000,449,42.542,-76.491,,,1119.095,1.036,
workplace_unlisted_parcel,parcel_50328903000000010160320000,449,42.542,-76.489,,,1892.389,1.752,
workplace_unlisted_parcel,parcel_50320104500100010550040000,613,42.481,-76.454,,,4957.729,4.589,
workplace_unlisted_parcel,parcel_50320104500200010460210000,461,42.492,-76.486,,,968.576,0.897,
workplace_unlisted_parcel,parcel_50320104500100010510130000,710,42.489,-76.47,,,3442.382,3.186,
workplace_unlisted_parcel,parcel_50320104600100010040030000,710,42.488,-76.468,,,1214.218,1.124,
workplace_unlisted_parcel,parcel_50320104500100010520060000,449,42.489,-76.467,,,1081.792,1.001,
workplace_unlisted_parcel,parcel_50320104400100010530110000,710,42.491,-76.47,,,2784.494,2.577,
workplace_unlisted_parcel,parcel_50320104400100010531220000,710,42.493,-76.47,,,10332.881,9.565,
workplace_unlisted_parcel,parcel_50320104500100010520050000,652,42.49,-76.466,,,1628.469,1.507,
workplace_unlisted_parcel,parcel_50320104500100010550030000,613,42.486,-76.461,,,1775.91,1.644,
workplace_unlisted_parcel,parcel_50320104500100010550200000,464,42.485,-76.461,,,1853.407,1.716,
workplace_unlisted_parcel,parcel_50320104500100010550080000,464,42.485,-76.459,,,3539.417,3.276,
workplace_unlisted_parcel,parcel_50320104500100010550140000,613,42.487,-76.462,,,1560.204,1.444,
workplace_unlisted_parcel,parcel_50320104500100010550180000,464,42.485,-76.462,,,970.815,0.899,
workplace_unlisted_parcel,parcel_50320104500100010550120000,464,42.483,-76.463,,,932.579,0.863,
workplace_unlisted_parcel,parcel_50320104500100010550110000,464,42.485,-76.464,,,959.437,0.888,
workplace_unlisted_parcel,parcel_50320104500100010550190000,414,42.484,-76.465,,,3132.532,2.9,
workplace_unlisted_parcel,parcel_50320104500100010550130000,464,42.487,-76.464,,,1155.279,1.069,
workplace_unlisted_parcel,parcel_50320104500100010520210000,464,42.488,-76.465,,,1060.435,0.982,
workplace_unlisted_parcel,parcel_50320104500100010520220000,464,42.488,-76.467,,,1883.809,1.744,
workplace_unlisted_parcel,parcel_50320104500100010550220000,464,42.487,-76.466,,,1556.847,1.441,
workplace_unlisted_parcel,parcel_50320104500100010570030000,642,42.479,-76.466,,,1551.811,1.436,
workplace_unlisted_parcel,parcel_50320104500100010550210000,613,42.483,-76.462,,,1648.333,1.526,
workplace_unlisted_parcel,parcel_50320104600100060050060000,452,42.48,-76.477,,,1747.326,1.617,
workplace_unlisted_parcel,parcel_50320104700100010200020000,415,42.483,-76.487,,,3924.712,3.633,
workplace_unlisted_parcel,parcel_50320104700100010210010000,454,42.482,-76.487,,,2236.464,2.07,
workplace_unlisted_parcel,parcel_50320104700100010210020000,452,42.482,-76.485,,,967.084,0.895,
workplace_unlisted_parcel,parcel_50320104600100050040040000,415,42.482,-76.483,,,1328.738,1.23,
workplace_unlisted_parcel,parcel_50320104600100060020320000,452,42.48,-76.481,,,7412.09,6.861,
workplace_unlisted_parcel,parcel_50320104600100060020010000,414,42.479,-76.48,,,3761.79,3.482,
workplace_unlisted_parcel,parcel_50320104600100060040010000,414,42.48,-76.479,,,3292.003,3.047,
workplace_unlisted_parcel,parcel_50320104600100060050110000,431,42.481,-76.477,,,1176.681,1.089,
workplace_unlisted_parcel,parcel_50320104600100050040020000,452,42.483,-76.482,,,9447.117,8.745,
workplace_unlisted_parcel,parcel_50320104700100010220050000,451,42.484,-76.489,,,1017.164,0.942,
workplace_unlisted_parcel,parcel_50320104700100010170070000,452,42.484,-76.488,,,1753.248,1.623,
workplace_unlisted_parcel,parcel_50320104500200010460030000,464,42.489,-76.488,,,1251.008,1.158,
workplace_unlisted_parcel,parcel_50320104700100010170220000,453,42.487,-76.492,,,4180.938,3.87,
workplace_unlisted_parcel,parcel_50320104700100010240000000,453,42.485,-76.49,,,5812.298,5.38,
workplace_unlisted_parcel,parcel_50320104700100010220010000,464,42.483,-76.49,,,2445.362,2.264,
workplace_unlisted_parcel,parcel_50320104700100010220020000,451,42.483,-76.49,,,15319.38,14.181,
workplace_unlisted_parcel,parcel_50320104700100010220030000,464,42.483,-76.493,,,29041.532,26.883,
workplace_unlisted_parcel,parcel_50320104700100010220060000,451,42.481,-76.49,,,3790.467,3.509,
workplace_unlisted_parcel,parcel_50340001100000010280030000,442,42.347,-76.621,,,2576.342,2.385,
workplace_unlisted_parcel,parcel_50340001200000010040000000,612,42.358,-76.597,,,9604.164,8.89,
workplace_unlisted_parcel,parcel_50340001200000010020030000,633,42.359,-76.598,,,1203.586,1.114,
workplace_unlisted_parcel,parcel_50340002700000010141310000,710,42.306,-76.564,,,2256.841,2.089,
workplace_unlisted_parcel,parcel_50340000400000010290100000,442,42.387,-76.553,,,1338.437,1.239,
workplace_unlisted_parcel,parcel_50360101000000010110020000,612,42.537,-76.654,,,11471.42,10.619,
workplace_unlisted_parcel,parcel_50360100600000010280010000,633,42.54,-76.664,,,1949.463,1.805,
workplace_unlisted_parcel,parcel_50360100600000010360020000,633,42.54,-76.665,,,1023.412,0.947,
workplace_unlisted_parcel,parcel_50368903300000010080020000,710,42.489,-76.579,,,1184.002,1.096,
workplace_unlisted_parcel,parcel_50368903300000010080110000,473,42.489,-76.576,,,8439.466,7.812,
workplace_unlisted_parcel,parcel_50368903300000020110000000,614,42.493,-76.558,,,1920.693,1.778,
workplace_unlisted_parcel,parcel_50368902600000020130010000,484,42.497,-76.593,,,1014.553,0.939,
workplace_unlisted_parcel,parcel_50368902200000020040000000,642,42.513,-76.694,,,936.542,0.867,
workplace_unlisted_parcel,parcel_50368901300000030030010000,431,42.533,-76.638,,,1210.487,1.121,
workplace_unlisted_parcel,parcel_50368901300000030020010000,454,42.534,-76.641,,,2197.436,2.034,
workplace_unlisted_parcel,parcel_50368901300000040020040000,443,42.531,-76.636,,,1647.074,1.525,
fleet_depot,parcel_50248902500000010200000000,695,,,,,0.0,0.0,
fleet_depot,parcel_50248902500000010130020000,440,,,,,12201.693,10.389,
fleet_depot,parcel_50288903800000050100000000,421,,,,,12056.146,10.265,
fleet_depot,parcel_50288903800000050040010000,831,,,,,0.0,0.0,
fleet_depot,parcel_50288903800000050150000000,695,,,,,0.0,0.0,
fleet_depot,parcel_50288903800000020050000000,695,,,,,0.0,0.0,
fleet_depot,parcel_50248902600000010140040000,449,,,,,0.0,0.0,
fleet_depot,parcel_50248903500000010060010000,720,,,,,460.899,0.392,
fleet_depot,parcel_50248903500000010150030000,612,,,,,1188.634,1.012,
fleet_depot,parcel_50248903800000010300110000,456,,,,,1940.627,1.652,
fleet_depot,parcel_50248903800000010300150000,442,,,,,1601.017,1.363,
fleet_depot,parcel_50248903800000010300020000,831,,,,,460.899,0.392,
fleet_depot,parcel_50248903800000010320000000,421,,,,,849.024,0.723,
fleet_depot,parcel_50248903700000010060000000,484,,,,,97.031,0.083,
fleet_depot,parcel_50248903700000010040020000,472,,,,,897.54,0.764,
fleet_depot,parcel_50248903800000010310010000,462,,,,,315.352,0.268,
fleet_depot,parcel_50248903700000010020010000,485,,,,,630.704,0.537,
fleet_depot,parcel_50248903700000010100030000,449,,,,,824.767,0.702,
fleet_depot,parcel_50248903800000010281110000,485,,,,,339.61,0.289,
fleet_depot,parcel_50248903800000010281120000,485,,,,,266.836,0.227,
fleet_depot,parcel_50248903700000010010020000,455,,,,,194.063,0.165,
fleet_depot,parcel_50248903500000010230000000,484,,,,,315.352,0.268,
fleet_depot,parcel_50248903600000010090020000,449,,,,,1528.244,1.301,
fleet_depot,parcel_50248903600000010180030000,484,,,,,24.258,0.021,
fleet_depot,parcel_50248903600000010170410000,449,,,,,873.282,0.744,
fleet_depot,parcel_50248903600000010170420000,442,,,,,1382.697,1.177,
fleet_depot,parcel_50248903600000010170030000,449,,,,,1043.087,0.888,
fleet_depot,parcel_50248903600000010120010000,484,,,,,242.578,0.207,
fleet_depot,parcel_50248903600000010120310000,433,,,,,291.094,0.248,
fleet_depot,parcel_50248903700000010080020000,613,,,,,1140.118,0.971,
fleet_depot,parcel_50248903700000010080020099,837,,,,,0.0,0.0,
fleet_depot,parcel_50248903700000010100120000,613,,,,,19163.693,16.316,
fleet_depot,parcel_50248903700000010080040000,613,,,,,0.0,0.0,
fleet_depot,parcel_50248903600000010190020000,613,,,,,1043.087,0.888,
fleet_depot,parcel_50248903600000010040040000,877,,,,,0.0,0.0,
fleet_depot,parcel_50248903700000010080030000,613,,,,,32093.121,27.325,
fleet_depot,parcel_50248903700000010101120000,613,,,,,7325.867,6.237,
fleet_depot,parcel_50248903700000010101110000,613,,,,,7374.383,6.279,
fleet_depot,parcel_50248903700000010050000000,462,,,,,169.805,0.145,
fleet_depot,parcel_50248903700000010070000000,433,,,,,388.125,0.33,
fleet_depot,parcel_50248904800000010660010000,620,,,,,1698.049,1.446,
fleet_depot,parcel_50248904700000010070330000,878,,,,,0.0,0.0,
fleet_depot,parcel_50248904700000010070310000,878,,,,,0.0,0.0,
fleet_depot,parcel_50248904700000010070010000,872,,,,,0.0,0.0,
fleet_depot,parcel_50248904700000010010390000,457,,,,,169.805,0.145,
fleet_depot,parcel_50248904700000010010310000,457,,,,,1334.181,1.136,
fleet_depot,parcel_50248903800000010120020000,620,,,,,1649.533,1.404,
fleet_depot,parcel_50248903800000010180050000,534,,,,,582.188,0.496,
fleet_depot,parcel_50248903800000010260000000,612,,,,,21662.25,18.444,
fleet_depot,parcel_50248904800000010830000000,484,,,,,121.289,0.103,
fleet_depot,parcel_50248906100000010110410000,440,,,,,436.641,0.372,
fleet_depot,parcel_50248906200000010210000000,837,,,,,48.516,0.041,
fleet_depot,parcel_50248906100000010070020000,650,,,,,0.0,0.0,
fleet_depot,parcel_50248904800000010730010000,650,,,,,0.0,0.0,
fleet_depot,parcel_50248903600000010310010099,837,,,,,0.0,0.0,
fleet_depot,parcel_50240100800100010010010000,464,,,,,873.282,0.744,
fleet_depot,parcel_50240100900000010010010000,433,,,,,1018.829,0.867,
fleet_depot,parcel_50240100900000010020000000,422,,,,,363.868,0.31,
fleet_depot,parcel_50240100800100010080000000,465,,,,,315.352,0.268,
fleet_depot,parcel_50240100800100010020000000,464,,,,,3590.16,3.057,
fleet_depot,parcel_50240100800100010050000000,421,,,,,509.415,0.434,
fleet_depot,parcel_50240100800100010060010000,456,,,,,1043.087,0.888,
fleet_depot,parcel_50240100900000020010000000,484,,,,,97.031,0.083,
fleet_depot,parcel_50240100900000030210010000,464,,,,,121.289,0.103,
fleet_depot,parcel_50240100900000010030000000,456,,,,,1309.923,1.115,
fleet_depot,parcel_50240100900000030180020000,485,,,,,824.767,0.702,
fleet_depot,parcel_50240100900000010040020000,486,,,,,1115.861,0.95,
fleet_depot,parcel_50240100900000030190020000,455,,,,,1091.603,0.929,
fleet_depot,parcel_50240100900000030180030000,456,,,,,1625.275,1.384,
fleet_depot,parcel_50240100900000030250000000,662,,,,,0.0,0.0,
fleet_depot,parcel_50240101100000010080020000,652,,,,,1334.181,1.136,
fleet_depot,parcel_50240101100000010080040000,651,,,,,921.798,0.785,
fleet_depot,parcel_50240101100000010080070000,449,,,,,2377.268,2.024,
fleet_depot,parcel_50240101600000020010000000,612,,,,,13681.421,11.649,
fleet_depot,parcel_50240101100000010090000000,651,,,,,2935.199,2.499,
fleet_depot,parcel_50240101100000010100000000,652,,,,,363.868,0.31,
fleet_depot,parcel_50240101800000020180000000,845,,,,,0.0,0.0,
fleet_depot,parcel_50240101600000010100020000,484,,,,,727.735,0.62,
fleet_depot,parcel_50240101800000010030000000,651,,,,,1212.892,1.033,
fleet_depot,parcel_50240101500000070140000000,438,,,,,0.0,0.0,
fleet_depot,parcel_50240101500000070090110000,614,,,,,582.188,0.496,
fleet_depot,parcel_50240101500000070090120000,465,,,,,557.93,0.475,
fleet_depot,parcel_50240101500000070130000000,662,,,,,679.219,0.578,
fleet_depot,parcel_50240101500000020170000000,481,,,,,582.188,0.496,
fleet_depot,parcel_50240101500000020150010000,482,,,,,339.61,0.289,
fleet_depot,parcel_50240101500000020140000000,481,,,,,315.352,0.268,
fleet_depot,parcel_50240101500000020080000000,464,,,,,339.61,0.289,
fleet_depot,parcel_50240101500000020110000000,481,,,,,339.61,0.289,
fleet_depot,parcel_50240101500000020230000000,438,,,,,0.0,0.0,
fleet_depot,parcel_50240101500000020100000000,481,,,,,315.352,0.268,
fleet_depot,parcel_50240101500000020130000000,481,,,,,242.578,0.207,
fleet_depot,parcel_50240101500000020120000000,481,,,,,266.836,0.227,
fleet_depot,parcel_50240101200000050150000000,482,,,,,824.767,0.702,
fleet_depot,parcel_50240101200000050110000000,481,,,,,242.578,0.207,
fleet_depot,parcel_50240101200000050120000000,481,,,,,339.61,0.289,
fleet_depot,parcel_50240101200000050080000000,590,,,,,0.0,0.0,
fleet_depot,parcel_50240101500000020190000000,481,,,,,727.735,0.62,
fleet_depot,parcel_50240101500000020200000000,831,,,,,0.0,0.0,
fleet_depot,parcel_50240101500000020180000000,461,,,,,849.024,0.723,
fleet_depot,parcel_50240101500000020210000000,464,,,,,412.383,0.351,
fleet_depot,parcel_50240101500000030010000000,482,,,,,242.578,0.207,
fleet_depot,parcel_50240101500000030230000000,464,,,,,291.094,0.248,
fleet_depot,parcel_50240101200000040070000000,620,,,,,970.314,0.826,
fleet_depot,parcel_50240101200000040060000000,620,,,,,1576.76,1.342,
fleet_depot,parcel_50240101200000040050000000,484,,,,,897.54,0.764,
fleet_depot,parcel_50240101100000010070000000,650,,,,,0.0,0.0,
fleet_depot,parcel_50240101200000040010010000,633,,,,,4536.216,3.862,
fleet_depot,parcel_50240100900000030240000000,662,,,,,0.0,0.0,
fleet_depot,parcel_50240101200000040010020000,681,,,,,582.188,0.496,
fleet_depot,parcel_50240101200000050100000000,482,,,,,946.056,0.805,
fleet_depot,parcel_50240101200000050140020000,482,,,,,485.157,0.413,
fleet_depot,parcel_50240101200000050140010000,449,,,,,485.157,0.413,
fleet_depot,parcel_50240101200000050040000000,422,,,,,218.321,0.186,
fleet_depot,parcel_50240101200000050160000000,611,,,,,703.477,0.599,
fleet_depot,parcel_50240101200000030020000000,710,,,,,1212.892,1.033,
fleet_depot,parcel_50240100900000030220000000,662,,,,,1867.854,1.59,
fleet_depot,parcel_50240100900000030180110000,426,,,,,339.61,0.289,
fleet_depot,parcel_50240100900000010050010000,438,,,,,0.0,0.0,
fleet_depot,parcel_50240100900000010060000000,452,,,,,2644.104,2.251,
fleet_depot,parcel_50240101200000060100000000,486,,,,,388.125,0.33,
fleet_depot,parcel_50240101200000060030000000,590,,,,,72.774,0.062,
fleet_depot,parcel_50240101200000060160020000,449,,,,,436.641,0.372,
fleet_depot,parcel_50240101300000010430000000,710,,,,,1382.697,1.177,
fleet_depot,parcel_50240101300000010110010000,449,,,,,2280.237,1.941,
fleet_depot,parcel_50240101300000010110020000,710,,,,,2789.652,2.375,
fleet_depot,parcel_50240101300000010150000000,449,,,,,1188.634,1.012,
fleet_depot,parcel_50240101300000010130000000,449,,,,,266.836,0.227,
fleet_depot,parcel_50240101300000010200000000,449,,,,,266.836,0.227,
fleet_depot,parcel_50240101300000010060000000,433,,,,,533.672,0.454,
fleet_depot,parcel_50240101300000010160000000,485,,,,,388.125,0.33,
fleet_depot,parcel_50240101400000030080020000,484,,,,,1309.923,1.115,
fleet_depot,parcel_50240101500000010010000000,485,,,,,994.571,0.847,
fleet_depot,parcel_50240101500000010020000000,471,,,,,1406.955,1.198,
fleet_depot,parcel_50240101200000060020000000,591,,,,,0.0,0.0,
fleet_depot,parcel_50240101200000060140000000,425,,,,,800.509,0.682,
fleet_depot,parcel_50240101200000060130010000,483,,,,,194.063,0.165,
fleet_depot,parcel_50240101400000030230000000,620,,,,,1188.634,1.012,
fleet_depot,parcel_50240101400000010170100000,591,,,,,0.0,0.0,
fleet_depot,parcel_50240101900000010020000000,822,,,,,0.0,0.0,
fleet_depot,parcel_50240101900000020100020000,695,,,,,0.0,0.0,
fleet_depot,parcel_50240101300000010280000000,431,,,,,291.094,0.248,
fleet_depot,parcel_50240101300000010050010000,853,,,,,0.0,0.0,
fleet_depot,parcel_50240100800000010100000000,464,,,,,315.352,0.268,
fleet_depot,parcel_50240100900000010010210000,484,,,,,582.188,0.496,
fleet_depot,parcel_50240100800100010010050000,456,,,,,921.798,0.785,
fleet_depot,parcel_50240100800000010020000000,484,,,,,582.188,0.496,
fleet_depot,parcel_50248906400000010290000099,837,,,,,0.0,0.0,
fleet_depot,parcel_50248905200000010520000000,613,,,,,0.0,0.0,
fleet_depot,parcel_50248905800000010140000000,615,,,,,194.063,0.165,
fleet_depot,parcel_50248905200000010420000000,613,,,,,0.0,0.0,
fleet_depot,parcel_50248905800000010200000000,871,,,,,0.0,0.0,
fleet_depot,parcel_50248905700000010400000000,590,,,,,0.0,0.0,
fleet_depot,parcel_50248905200000010570000000,695,,,,,0.0,0.0,
fleet_depot,parcel_50248905200000010140020000,455,,,,,4414.927,3.759,
fleet_depot,parcel_50248905200000010140010000,486,,,,,776.251,0.661,
fleet_depot,parcel_50248905200000010080020000,442,,,,,14821.54,12.619,
fleet_depot,parcel_50248905200000010130000000,870,,,,,57224.243,48.722,
fleet_depot,parcel_50248905200000010490040000,449,,,,,1237.15,1.053,
fleet_depot,parcel_50248905200000010490010000,465,,,,,1770.822,1.508,
fleet_depot,parcel_50248903000000010050210000,555,,,,,4948.599,4.213,
fleet_depot,parcel_50248903000000010010030000,822,,,,,0.0,0.0,
fleet_depot,parcel_50248902100000010430000000,433,,,,,1576.76,1.342,
fleet_depot,parcel_50248905200000010490030000,433,,,,,363.868,0.31,
fleet_depot,parcel_50248904000000010340010000,591,,,,,0.0,0.0,
fleet_depot,parcel_50248903900000010010000000,712,,,,,18532.989,15.779,
fleet_depot,parcel_50248903200000010210000000,555,,,,,5215.435,4.441,
fleet_depot,parcel_50248903900000010120130000,449,,,,,4196.606,3.573,
fleet_depot,parcel_50248903400000020030030000,449,,,,,9217.979,7.848,
fleet_depot,parcel_50248903300000010240000000,591,,,,,0.0,0.0,
fleet_depot,parcel_50248903300000010220000000,591,,,,,0.0,0.0,
fleet_depot,parcel_50248902800000010020010000,852,,,,,0.0,0.0,
fleet_depot,parcel_50248902400000010160040000,720,,,,,0.0,0.0,
fleet_depot,parcel_50248902500000010090000000,486,,,,,824.767,0.702,
fleet_depot,parcel_50248902700000010270020000,440,,,,,4730.279,4.027,
fleet_depot,parcel_50248902700000010270010000,613,,,,,0.0,0.0,
fleet_depot,parcel_50248903500000010070030000,720,,,,,0.0,0.0,
fleet_depot,parcel_50248903500000010130010000,720,,,,,0.0,0.0,
fleet_depot,parcel_50248903500000010110140000,720,,,,,0.0,0.0,
fleet_depot,parcel_50248903600000010120050000,447,,,,,1770.822,1.508,
fleet_depot,parcel_50248903800000010070010000,485,,,,,1382.697,1.177,
fleet_depot,parcel_50248903800000010230220000,615,,,,,0.0,0.0,
fleet_depot,parcel_50248903800000010180040000,433,,,,,606.446,0.516,
fleet_depot,parcel_50248903800000010010000000,615,,,,,0.0,0.0,
fleet_depot,parcel_50248903800000010230210000,615,,,,,0.0,0.0,
fleet_depot,parcel_50248903500000010030020000,615,,,,,4026.801,3.429,
fleet_depot,parcel_50248903900000010220020000,449,,,,,6816.453,5.804,
fleet_depot,parcel_50248903900000010220050000,440,,,,,6258.523,5.329,
fleet_depot,parcel_50248903900000010140020000,485,,,,,1358.439,1.157,
fleet_depot,parcel_50248903900000010150000000,455,,,,,727.735,0.62,
fleet_depot,parcel_50248903900000010160000000,433,,,,,3420.355,2.912,
fleet_depot,parcel_50248903900000010170310000,484,,,,,751.993,0.64,
fleet_depot,parcel_50248904600000010950000000,714,,,,,2595.589,2.21,
fleet_depot,parcel_50248903900000010170410000,484,,,,,485.157,0.413,
fleet_depot,parcel_50248903900000010170050000,449,,,,,1528.244,1.301,
fleet_depot,parcel_50248903900000010180020000,620,,,,,2692.62,2.293,
fleet_depot,parcel_50248903900000010190000000,534,,,,,0.0,0.0,
fleet_depot,parcel_50248903900000010200000000,720,,,,,0.0,0.0,
fleet_depot,parcel_50248903800000010050000000,695,,,,,0.0,0.0,
fleet_depot,parcel_50248904700000010010380000,465,,,,,1140.118,0.971,
fleet_depot,parcel_50248904700000010010010000,433,,,,,1018.829,0.867,
fleet_depot,parcel_50248904600000010691910000,465,,,,,1018.829,0.867,
fleet_depot,parcel_50248904600000010691620000,456,,,,,5700.592,4.854,
fleet_depot,parcel_50248903900000010280040000,472,,,,,679.219,0.578,
fleet_depot,parcel_50248903900000010280020000,695,,,,,0.0,0.0,
fleet_depot,parcel_50248904600000010691610000,440,,,,,1115.861,0.95,
fleet_depot,parcel_50248904600000010690170000,442,,,,,5118.404,4.358,
fleet_depot,parcel_50248904600000010560010000,820,,,,,0.0,0.0,
fleet_depot,parcel_50248904600000010040210000,464,,,,,1285.665,1.095,
fleet_depot,parcel_50248904600000010360070000,522,,,,,145.547,0.124,
fleet_depot,parcel_50248904600000010140310000,464,,,,,4948.599,4.213,
fleet_depot,parcel_50248904600000010020030000,620,,,,,3832.739,3.263,
fleet_depot,parcel_50248904600000010150020000,425,,,,,1576.76,1.342,
fleet_depot,parcel_50248905100000010010000000,613,,,,,0.0,0.0,
fleet_depot,parcel_50248904400000010260000000,474,,,,,0.0,0.0,
fleet_depot,parcel_50248905200000010510010099,833,,,,,315.352,0.268,
fleet_depot,parcel_50248905100000010020000000,613,,,,,0.0,0.0,
fleet_depot,parcel_50248905200000010530000000,613,,,,,0.0,0.0,
fleet_depot,parcel_50248905200000010530000991,837,,,,,0.0,0.0,
fleet_depot,parcel_50248905200000010530000992,837,,,,,0.0,0.0,
fleet_depot,parcel_50248905900000010020000000,613,,,,,0.0,0.0,
fleet_depot,parcel_50248905100000010200520000,555,,,,,6670.906,5.68,
fleet_depot,parcel_50248905000000010330510000,714,,,,,218.321,0.186,
fleet_depot,parcel_50248906000000010070000099,837,,,,,0.0,0.0,
fleet_depot,parcel_50248906300000010150510000,438,,,,,0.0,0.0,
fleet_depot,parcel_50248906300000010150030000,581,,,,,0.0,0.0,
fleet_depot,parcel_50248902600000010230000000,441,,,,,606.446,0.516,
fleet_depot,parcel_50240300500000040050000000,433,,,,,606.446,0.516,
fleet_depot,parcel_50240300100000020010630000,472,,,,,849.024,0.723,
fleet_depot,parcel_50240300400000020010000000,591,,,,,0.0,0.0,
fleet_depot,parcel_50240300100000010040000000,591,,,,,0.0,0.0,
fleet_depot,parcel_50240300400000010090000000,464,,,,,606.446,0.516,
fleet_depot,parcel_50240300400000010080000000,620,,,,,0.0,0.0,
fleet_depot,parcel_50240300400000020110000000,485,,,,,1115.861,0.95,
fleet_depot,parcel_50240300400000020190000000,483,,,,,776.251,0.661,
fleet_depot,parcel_50240300500000020080000000,612,,,,,3856.996,3.284,
fleet_depot,parcel_50240300500000020090000000,620,,,,,630.704,0.537,
fleet_depot,parcel_50240300500000020280000000,440,,,,,2013.401,1.714,
fleet_depot,parcel_50240300400000040120000000,710,,,,,1140.118,0.971,
fleet_depot,parcel_50240300400000040010000000,483,,,,,606.446,0.516,
fleet_depot,parcel_50240300400000040110000000,662,,,,,2498.557,2.127,
fleet_depot,parcel_50240300400000040100000000,590,,,,,0.0,0.0,
fleet_depot,parcel_50240300400000050110220000,591,,,,,0.0,0.0,
fleet_depot,parcel_50240300400000050180000000,485,,,,,1892.111,1.611,
fleet_depot,parcel_50240300300000020040000000,652,,,,,557.93,0.475,
fleet_depot,parcel_50240300300000020050030000,651,,,,,751.993,0.64,
fleet_depot,parcel_50240300300000020080220000,433,,,,,557.93,0.475,
fleet_depot,parcel_50240300300000010050020000,620,,,,,388.125,0.33,
fleet_depot,parcel_50240300400000050110110000,633,,,,,7301.61,6.217,
fleet_depot,parcel_50240300400000050080000000,831,,,,,0.0,0.0,
fleet_depot,parcel_50240300100000020010640000,465,,,,,776.251,0.661,
fleet_depot,parcel_50240300100000020016110000,449,,,,,1309.923,1.115,
fleet_depot,parcel_50240300300000020050010000,650,,,,,0.0,0.0,
fleet_depot,parcel_50240300300000020050020000,650,,,,,0.0,0.0,
fleet_depot,parcel_50240300700000010020010000,853,,,,,0.0,0.0,
fleet_depot,parcel_50240300700000010020020000,612,,,,,2158.948,1.838,
fleet_depot,parcel_50288903600000010210010000,449,,,,,1188.634,1.012,
fleet_depot,parcel_50288903700000010010220000,552,,,,,1237.15,1.053,
fleet_depot,parcel_50288903800000080150020000,431,,,,,824.767,0.702,
fleet_depot,parcel_50288903800000080140010000,431,,,,,1722.307,1.466,
fleet_depot,parcel_50288903800000080160000000,612,,,,,4148.091,3.532,
fleet_depot,parcel_50288903800000080090000000,662,,,,,3226.293,2.747,
fleet_depot,parcel_50248902100000010020040000,440,,,,,169.805,0.145,
fleet_depot,parcel_50248902200000010060030000,484,,,,,169.805,0.145,
fleet_depot,parcel_50288901800000010040000000,620,,,,,242.578,0.207,
fleet_depot,parcel_50288901700000010040010000,449,,,,,1819.338,1.549,
fleet_depot,parcel_50288901900000010100000099,837,,,,,0.0,0.0,
fleet_depot,parcel_50288902800000010030020000,440,,,,,291.094,0.248,
fleet_depot,parcel_50288902800000010290020000,522,,,,,0.0,0.0,
fleet_depot,parcel_50288902800000010070010000,873,,,,,0.0,0.0,
fleet_depot,parcel_50288902000000010380000000,695,,,,,0.0,0.0,
fleet_depot,parcel_50288902000000010360110000,472,,,,,291.094,0.248,
fleet_depot,parcel_50288902000000010350000000,440,,,,,436.641,0.372,
fleet_depot,parcel_50288902700000010270000000,557,,,,,291.094,0.248,
fleet_depot,parcel_50288902000000010240000000,822,,,,,0.0,0.0,
fleet_depot,parcel_50288912100000010200120000,710,,,,,703.477,0.599,
fleet_depot,parcel_50288912100000010200110000,433,,,,,242.578,0.207,
fleet_depot,parcel_50288912100000010200040000,433,,,,,169.805,0.145,
fleet_depot,parcel_50288912100000010200030000,433,,,,,218.321,0.186,
fleet_depot,parcel_50288912100000010200060000,442,,,,,679.219,0.578,
fleet_depot,parcel_50288902700000010280030000,822,,,,,0.0,0.0,
fleet_depot,parcel_50288903100000010100020000,484,,,,,921.798,0.785,
fleet_depot,parcel_50288902600000010180000000,592,,,,,0.0,0.0,
fleet_depot,parcel_50288932100000040020000000,720,,,,,194.063,0.165,
fleet_depot,parcel_50288932100000030020000000,720,,,,,0.0,0.0,
fleet_depot,parcel_50288922100000020010220000,546,,,,,1043.087,0.888,
fleet_depot,parcel_50288901600000010320440000,695,,,,,0.0,0.0,
fleet_depot,parcel_50288922100000010070010000,620,,,,,1285.665,1.095,
fleet_depot,parcel_50288922100000010020000000,425,,,,,194.063,0.165,
fleet_depot,parcel_50288912100000010050000000,449,,,,,72.774,0.062,
fleet_depot,parcel_50288922100000030050000000,822,,,,,0.0,0.0,
fleet_depot,parcel_50288922100000030060000000,822,,,,,0.0,0.0,
fleet_depot,parcel_50288901600000010040620000,449,,,,,1285.665,1.095,
fleet_depot,parcel_50288901600000010040420000,440,,,,,606.446,0.516,
fleet_depot,parcel_50288901600000010040710000,720,,,,,388.125,0.33,
fleet_depot,parcel_50288901600000010040740000,720,,,,,0.0,0.0,
fleet_depot,parcel_50288901600000010030020000,720,,,,,0.0,0.0,
fleet_depot,parcel_50288901600000010030030000,720,,,,,0.0,0.0,
fleet_depot,parcel_50288901600000010030010000,720,,,,,0.0,0.0,
fleet_depot,parcel_50288901400000010330000000,620,,,,,630.704,0.537,
fleet_depot,parcel_50288902500000010040010000,682,,,,,1625.275,1.384,
fleet_depot,parcel_50288902400000010120000000,695,,,,,0.0,0.0,
fleet_depot,parcel_50288902300000010190010000,695,,,,,0.0,0.0,
fleet_depot,parcel_50288903500000010250020000,442,,,,,3056.488,2.602,
fleet_depot,parcel_50288903500000010270010099,837,,,,,0.0,0.0,
fleet_depot,parcel_50288903100000010050000099,837,,,,,0.0,0.0,
fleet_depot,parcel_50288903600000010430000000,695,,,,,0.0,0.0,
fleet_depot,parcel_50288903600000010230000000,872,,,,,0.0,0.0,
fleet_depot,parcel_50288903600000010210030000,620,,,,,921.798,0.785,
fleet_depot,parcel_50280130800000010020020000,485,,,,,824.767,0.702,
fleet_depot,parcel_50280130800000010030010000,455,,,,,3856.996,3.284,
fleet_depot,parcel_50280130800000010010010000,715,,,,,1916.369,1.632,
fleet_depot,parcel_50280100300000020050000000,695,,,,,0.0,0.0,
fleet_depot,parcel_50280100300000020030010000,822,,,,,0.0,0.0,
fleet_depot,parcel_50280100300000020040000000,822,,,,,48.516,0.041,
fleet_depot,parcel_50280100400000020190000000,471,,,,,412.383,0.351,
fleet_depot,parcel_50280130800000010010030000,440,,,,,3153.519,2.685,
fleet_depot,parcel_50280120800000020040120000,642,,,,,994.571,0.847,
fleet_depot,parcel_50280110800000020390020000,592,,,,,0.0,0.0,
fleet_depot,parcel_50280101300000020010000000,620,,,,,1018.829,0.867,
fleet_depot,parcel_50280100900000050100000000,620,,,,,145.547,0.124,
fleet_depot,parcel_50280110800000020060000000,592,,,,,0.0,0.0,
fleet_depot,parcel_50280110800000020370000000,612,,,,,9387.784,7.993,
fleet_depot,parcel_50280110800000020090000000,438,,,,,0.0,0.0,
fleet_depot,parcel_50280100700000030020000000,438,,,,,0.0,0.0,
fleet_depot,parcel_50280100500000040190010000,438,,,,,0.0,0.0,
fleet_depot,parcel_50280100700000030030000000,620,,,,,266.836,0.227,
fleet_depot,parcel_50280100700000030210020000,471,,,,,339.61,0.289,
fleet_depot,parcel_50280100700000030220010000,457,,,,,194.063,0.165,
fleet_depot,parcel_50280100700000030240000000,433,,,,,412.383,0.351,
fleet_depot,parcel_50280100700000030230000000,485,,,,,339.61,0.289,
fleet_depot,parcel_50280100700000030010000000,484,,,,,72.774,0.062,
fleet_depot,parcel_50280100700000020140000000,449,,,,,291.094,0.248,
fleet_depot,parcel_50280100700000020240000000,456,,,,,776.251,0.661,
fleet_depot,parcel_50280100700000020130120000,449,,,,,266.836,0.227,
fleet_depot,parcel_50280100700000020150000000,486,,,,,533.672,0.454,
fleet_depot,parcel_50280100700000020220010000,485,,,,,897.54,0.764,
fleet_depot,parcel_50280100700000020180000000,652,,,,,1455.47,1.239,
fleet_depot,parcel_50280100700000040010000000,482,,,,,412.383,0.351,
fleet_depot,parcel_50280100700000040270000000,632,,,,,485.157,0.413,
fleet_depot,parcel_50280101000000040040000000,433,,,,,436.641,0.372,
fleet_depot,parcel_50280101000000040070000000,831,,,,,0.0,0.0,
fleet_depot,parcel_50280101000000040050000000,484,,,,,218.321,0.186,
fleet_depot,parcel_50280100700000020250040000,633,,,,,4511.958,3.842,
fleet_depot,parcel_50280101000000040020000000,465,,,,,218.321,0.186,
fleet_depot,parcel_50280100700000020130110000,423,,,,,48.516,0.041,
fleet_depot,parcel_50280100700000020250030000,633,,,,,3274.808,2.788,
fleet_depot,parcel_50280100700000020250010000,614,,,,,1334.181,1.136,
fleet_depot,parcel_50280100700000020250020000,642,,,,,1309.923,1.115,
fleet_depot,parcel_50280101000000020190000000,710,,,,,1237.15,1.053,
fleet_depot,parcel_50280101100000010010020000,612,,,,,13293.296,11.318,
fleet_depot,parcel_50280101000000040230010000,422,,,,,121.289,0.103,
fleet_depot,parcel_50280101000000040230020000,433,,,,,218.321,0.186,
fleet_depot,parcel_50280101000000040240000000,449,,,,,194.063,0.165,
fleet_depot,parcel_50280101000000040010010000,436,,,,,121.289,0.103,
fleet_depot,parcel_50280101100000020030010000,590,,,,,0.0,0.0,
fleet_depot,parcel_50280100700000010010020000,554,,,,,97.031,0.083,
fleet_depot,parcel_50280100600000010320000000,651,,,,,1164.376,0.991,
fleet_depot,parcel_50280100500000050240010000,450,,,,,121.289,0.103,
fleet_depot,parcel_50280100500000050210000000,438,,,,,0.0,0.0,
fleet_depot,parcel_50280100500000050150000000,691,,,,,291.094,0.248,
fleet_depot,parcel_50280100500000050160000000,483,,,,,121.289,0.103,
fleet_depot,parcel_50280100500000050170010000,486,,,,,169.805,0.145,
fleet_depot,parcel_50280100500000050190000000,456,,,,,751.993,0.64,
fleet_depot,parcel_50280100500000050230000000,541,,,,,800.509,0.682,
fleet_depot,parcel_50280100500000050220000000,482,,,,,436.641,0.372,
fleet_depot,parcel_50280100500000040230000000,438,,,,,0.0,0.0,
fleet_depot,parcel_50280100500000040240000000,461,,,,,970.314,0.826,
fleet_depot,parcel_50280100500000040290000000,485,,,,,654.962,0.558,
fleet_depot,parcel_50280100500000040030000000,611,,,,,315.352,0.268,
fleet_depot,parcel_50280100500000040330000000,438,,,,,0.0,0.0,
fleet_depot,parcel_50280100500000040050220000,662,,,,,266.836,0.227,
fleet_depot,parcel_50280100500000040320020000,482,,,,,557.93,0.475,
fleet_depot,parcel_50280100500000040310000000,483,,,,,509.415,0.434,
fleet_depot,parcel_50280100500000040300000000,483,,,,,194.063,0.165,
fleet_depot,parcel_50280100500000050100000000,481,,,,,339.61,0.289,
fleet_depot,parcel_50280100500000050070000000,438,,,,,0.0,0.0,
fleet_depot,parcel_50280100500000050130000000,483,,,,,412.383,0.351,
fleet_depot,parcel_50280100500000050110000000,483,,,,,363.868,0.31,
fleet_depot,parcel_50280100500000050040000000,481,,,,,339.61,0.289,
fleet_depot,parcel_50280100500000050030000099,837,,,,,0.0,0.0,
fleet_depot,parcel_50280100500000050030000000,481,,,,,630.704,0.537,
fleet_depot,parcel_50280100500000050050000000,481,,,,,460.899,0.392,
fleet_depot,parcel_50280100500000050060020000,481,,,,,121.289,0.103,
fleet_depot,parcel_50280100500000050060010000,481,,,,,169.805,0.145,
fleet_depot,parcel_50280100500000040340000000,481,,,,,266.836,0.227,
fleet_depot,parcel_50280100500000040350000000,481,,,,,194.063,0.165,
fleet_depot,parcel_50280100500000040360000000,481,,,,,72.774,0.062,
fleet_depot,parcel_50280100500000040010000000,483,,,,,654.962,0.558,
fleet_depot,parcel_50280100500000040020000000,652,,,,,630.704,0.537,
fleet_depot,parcel_50280100500000020110000000,484,,,,,218.321,0.186,
fleet_depot,parcel_50280100500000010090000000,483,,,,,291.094,0.248,
fleet_depot,parcel_50280100600000010310000000,652,,,,,2255.979,1.921,
fleet_depot,parcel_50280100500000010020000000,444,,,,,1916.369,1.632,
fleet_depot,parcel_50280100600000010010000000,720,,,,,0.0,0.0,
fleet_depot,parcel_50280100200000020190020000,485,,,,,266.836,0.227,
fleet_depot,parcel_50280100100000020030030000,421,,,,,654.962,0.558,
fleet_depot,parcel_50280100200000010020000000,853,,,,,145.547,0.124,
fleet_depot,parcel_50280100200000020100010000,442,,,,,291.094,0.248,
fleet_depot,parcel_50280100500000010030000000,651,,,,,0.0,0.0,
fleet_depot,parcel_50280100500000010070000000,483,,,,,315.352,0.268,
fleet_depot,parcel_50280100500000020140010000,484,,,,,1115.861,0.95,
fleet_depot,parcel_50280100500000020060000000,650,,,,,242.578,0.207,
fleet_depot,parcel_50280100500000020050000000,483,,,,,194.063,0.165,
fleet_depot,parcel_50280100500000030010000000,620,,,,,363.868,0.31,
fleet_depot,parcel_50280100300000010020000000,695,,,,,72.774,0.062,
fleet_depot,parcel_50328901900000010210030000,472,,,,,1358.439,1.157,
fleet_depot,parcel_50328900800000010240010000,695,,,,,0.0,0.0,
fleet_depot,parcel_50328900800000010190020000,455,,,,,194.063,0.165,
fleet_depot,parcel_50328900800000010160000000,422,,,,,291.094,0.248,
fleet_depot,parcel_50328900700000010220000000,695,,,,,0.0,0.0,
fleet_depot,parcel_50328900800000010290000000,534,,,,,169.805,0.145,
fleet_depot,parcel_50328902000000010080010000,695,,,,,0.0,0.0,
fleet_depot,parcel_50328902000000010150010000,695,,,,,0.0,0.0,
fleet_depot,parcel_50328902000000010280000000,695,,,,,0.0,0.0,
fleet_depot,parcel_50328902800000010010000099,837,,,,,0.0,0.0,
fleet_depot,parcel_50328903000000010262320000,465,,,,,266.836,0.227,
fleet_depot,parcel_50328903000000010300010000,682,,,,,194.063,0.165,
fleet_depot,parcel_50328903000000010260270000,712,,,,,460.899,0.392,
fleet_depot,parcel_50328903000000010282130000,440,,,,,388.125,0.33,
fleet_depot,parcel_50328903000000010282120000,440,,,,,315.352,0.268,
fleet_depot,parcel_50288903800000040050000000,483,,,,,9800.167,8.344,
fleet_depot,parcel_50288903800000030030000000,620,,,,,14457.672,12.31,
fleet_depot,parcel_50200001400000010240000000,695,,,,,0.0,0.0,
fleet_depot,parcel_50200001500000010070000000,720,,,,,0.0,0.0,
fleet_depot,parcel_50200001500000010240000000,720,,,,,0.0,0.0,
fleet_depot,parcel_50200001500000010060000000,720,,,,,0.0,0.0,
fleet_depot,parcel_50200001500000010100000000,620,,,,,8029.345,6.836,
fleet_depot,parcel_50200001500000010140000000,620,,,,,1552.502,1.322,
fleet_depot,parcel_50200001000000040010000000,695,,,,,0.0,0.0,
fleet_depot,parcel_50200003300000010060000000,695,,,,,0.0,0.0,
fleet_depot,parcel_50200001500000010580000099,837,,,,,0.0,0.0,
fleet_depot,parcel_50200002400000010190020000,613,,,,,0.0,0.0,
fleet_depot,parcel_50200001700000010292510000,472,,,,,2061.916,1.756,
fleet_depot,parcel_50200002200000010280000000,695,,,,,0.0,0.0,
fleet_depot,parcel_50200002100000010270000000,620,,,,,1115.861,0.95,
fleet_depot,parcel_50200002100000010030020991,837,,,,,0.0,0.0,
fleet_depot,parcel_50200002100000010030020992,837,,,,,0.0,0.0,
fleet_depot,parcel_50200002100000010260000000,695,,,,,0.0,0.0,
fleet_depot,parcel_50200000700000010410000000,695,,,,,0.0,0.0,
fleet_depot,parcel_50200000800000010640000000,449,,,,,4730.279,4.027,
fleet_depot,parcel_50200000800000010140000000,449,,,,,2765.394,2.355,
fleet_depot,parcel_50200000300000040040000000,472,,,,,703.477,0.599,
fleet_depot,parcel_50200000300000040010000000,831,,,,,606.446,0.516,
fleet_depot,parcel_50200000800000010230000000,695,,,,,0.0,0.0,
fleet_depot,parcel_50200000800000010410000000,692,,,,,0.0,0.0,
fleet_depot,parcel_50200000900000010290020000,484,,,,,3420.355,2.912,
fleet_depot,parcel_50200000800000010480020000,651,,,,,2231.721,1.9,
fleet_depot,parcel_50200000800000010470020000,651,,,,,654.962,0.558,
fleet_depot,parcel_50200000900000010350240000,662,,,,,4560.474,3.883,
fleet_depot,parcel_50200001000000020020000000,695,,,,,0.0,0.0,
fleet_depot,parcel_50200001000000030150020000,682,,,,,0.0,0.0,
fleet_depot,parcel_50200001000000030150010000,682,,,,,0.0,0.0,
fleet_depot,parcel_50200001000000050100020000,620,,,,,1018.829,0.867,
fleet_depot,parcel_50200001000000050080000000,682,,,,,2741.136,2.334,
fleet_depot,parcel_50200001200000010240000000,484,,,,,1406.955,1.198,
fleet_depot,parcel_50200001200000010320000000,483,,,,,1091.603,0.929,
fleet_depot,parcel_50200001100000010140000000,485,,,,,1819.338,1.549,
fleet_depot,parcel_50200001400000010140000000,872,,,,,0.0,0.0,
fleet_depot,parcel_50200001200000010010130000,714,,,,,1382.697,1.177,
fleet_depot,parcel_50200001200000010010120000,442,,,,,3493.129,2.974,
fleet_depot,parcel_50200001300000010270000000,695,,,,,0.0,0.0,
fleet_depot,parcel_50200002100000010120060000,877,,,,,0.0,0.0,
fleet_depot,parcel_50200003100000010010050000,670,,,,,25446.473,21.666,
fleet_depot,parcel_50220001200000010080010000,455,,,,,1916.369,1.632,
fleet_depot,parcel_50200000100000010440000000,695,,,,,0.0,0.0,
fleet_depot,parcel_50200000900000010393210000,424,,,,,1819.338,1.549,
fleet_depot,parcel_50200000900000010170010000,620,,,,,3299.066,2.809,
fleet_depot,parcel_50200000900000010590000000,485,,,,,1964.885,1.673,
fleet_depot,parcel_50200000100000010420000000,433,,,,,388.125,0.33,
fleet_depot,parcel_50200000100000010430000000,449,,,,,1479.728,1.26,
fleet_depot,parcel_50200001100000010020020000,484,,,,,485.157,0.413,
fleet_depot,parcel_50200000900000010680020000,877,,,,,0.0,0.0,
fleet_depot,parcel_50200000900000010070040000,442,,,,,3687.192,3.139,
fleet_depot,parcel_50300100700000010010000000,853,,,,,994.571,0.847,
fleet_depot,parcel_50300101300000060070000000,590,,,,,0.0,0.0,
fleet_depot,parcel_50300101500000010010020000,695,,,,,0.0,0.0,
fleet_depot,parcel_50300101400000080010000000,620,,,,,3590.16,3.057,
fleet_depot,parcel_50300101400000060030000000,613,,,,,2935.199,2.499,
fleet_depot,parcel_50300101400000060010000000,613,,,,,4633.247,3.945,
fleet_depot,parcel_50300101400000040020020000,613,,,,,17344.355,14.767,
fleet_depot,parcel_50300101100000020250000000,822,,,,,0.0,0.0,
fleet_depot,parcel_50300101100000020240000000,651,,,,,1188.634,1.012,
fleet_depot,parcel_50300100900000060010000000,612,,,,,8926.885,7.601,
fleet_depot,parcel_50300101000000030030000000,483,,,,,266.836,0.227,
fleet_depot,parcel_50300101000000030050040000,485,,,,,1382.697,1.177,
fleet_depot,parcel_50300101000000030060000000,465,,,,,994.571,0.847,
fleet_depot,parcel_50300101000000040030000000,662,,,,,3105.003,2.644,
fleet_depot,parcel_50300101000000040020000000,883,,,,,24.258,0.021,
fleet_depot,parcel_50300101000000040010020000,452,,,,,9339.268,7.952,
fleet_depot,parcel_50300101000000040010020001,462,,,,,460.899,0.392,
fleet_depot,parcel_50300101000000040010020002,465,,,,,5118.404,4.358,
fleet_depot,parcel_50300100500000030180020000,486,,,,,218.321,0.186,
fleet_depot,parcel_50300100500000030180030000,652,,,,,824.767,0.702,
fleet_depot,parcel_50300101000000030050220000,457,,,,,339.61,0.289,
fleet_depot,parcel_50300101000000030050210000,465,,,,,1018.829,0.867,
fleet_depot,parcel_50300100500000030190020000,464,,,,,946.056,0.805,
fleet_depot,parcel_50300100500000030190010000,465,,,,,1503.986,1.281,
fleet_depot,parcel_50300100500000030180010000,464,,,,,3978.286,3.387,
fleet_depot,parcel_50300101000000050050000000,553,,,,,363.868,0.31,
fleet_depot,parcel_50300101000000050010000000,483,,,,,266.836,0.227,
fleet_depot,parcel_50300101000000040060020000,464,,,,,412.383,0.351,
fleet_depot,parcel_50300101000000040060010000,831,,,,,1673.791,1.425,
fleet_depot,parcel_50300101000000040060010099,837,,,,,0.0,0.0,
fleet_depot,parcel_50300101100000020050000000,695,,,,,72.774,0.062,
fleet_depot,parcel_50300100300000010010000000,633,,,,,65957.065,56.158,
fleet_depot,parcel_50220002300000010160000000,534,,,,,679.219,0.578,
fleet_depot,parcel_50220001500000010200020000,557,,,,,266.836,0.227,
fleet_depot,parcel_50220001400000010140000000,695,,,,,0.0,0.0,
fleet_depot,parcel_50220000800000010120150000,472,,,,,291.094,0.248,
fleet_depot,parcel_50220001000000010050000000,614,,,,,4463.442,3.8,
fleet_depot,parcel_50220001000000010160000000,662,,,,,1625.275,1.384,
fleet_depot,parcel_50220001000000010130000000,485,,,,,776.251,0.661,
fleet_depot,parcel_50220000700000010920210000,440,,,,,800.509,0.682,
fleet_depot,parcel_50220000700000010481220000,475,,,,,363.868,0.31,
fleet_depot,parcel_50220001000000010820020000,449,,,,,1867.854,1.59,
fleet_depot,parcel_50220001000000010820010000,651,,,,,1528.244,1.301,
fleet_depot,parcel_50220001000000010780000000,590,,,,,0.0,0.0,
fleet_depot,parcel_50220001000000010270000000,433,,,,,363.868,0.31,
fleet_depot,parcel_50220001000000010230000000,652,,,,,849.024,0.723,
fleet_depot,parcel_50220001000000010450000000,620,,,,,1649.533,1.404,
fleet_depot,parcel_50220000600000010190000000,695,,,,,0.0,0.0,
fleet_depot,parcel_50220000600000010212220099,837,,,,,0.0,0.0,
fleet_depot,parcel_50220001300000010012220000,837,,,,,97.031,0.083,
fleet_depot,parcel_50220000300000010060000000,833,,,,,0.0,0.0,
fleet_depot,parcel_50220000200000010170320000,614,,,,,1940.627,1.652,
fleet_depot,parcel_50220000200000010070000000,534,,,,,460.899,0.392,
fleet_depot,parcel_50220000200000010330000000,474,,,,,0.0,0.0,
fleet_depot,parcel_50220000200000010350110000,442,,,,,5215.435,4.441,
fleet_depot,parcel_50220000200000010370000000,484,,,,,679.219,0.578,
fleet_depot,parcel_50220000100000010250010000,710,,,,,13293.296,11.318,
fleet_depot,parcel_50220000100000010240010000,871,,,,,0.0,0.0,
fleet_depot,parcel_50220000100000010030320000,484,,,,,582.188,0.496,
fleet_depot,parcel_50248907500000010460000000,695,,,,,0.0,0.0,
fleet_depot,parcel_50248907500000010430820000,695,,,,,0.0,0.0,
fleet_depot,parcel_50248906600000010180000000,883,,,,,3565.902,3.036,
fleet_depot,parcel_50248906600000010170030000,613,,,,,0.0,0.0,
fleet_depot,parcel_50248906600000010170040000,613,,,,,0.0,0.0,
fleet_depot,parcel_50248906600000010220000000,883,,,,,582.188,0.496,
fleet_depot,parcel_50248906600000010090010000,613,,,,,0.0,0.0,
fleet_depot,parcel_50248906600000010070020000,613,,,,,0.0,0.0,
fleet_depot,parcel_50248906600000010040010000,590,,,,,0.0,0.0,
fleet_depot,parcel_50248906700000010760000000,613,,,,,0.0,0.0,
fleet_depot,parcel_50248905700000010320000000,613,,,,,0.0,0.0,
fleet_depot,parcel_50248905700000010060010000,613,,,,,315.352,0.268,
fleet_depot,parcel_50248906700000010070030000,613,,,,,0.0,0.0,
fleet_depot,parcel_50248906700000010070020000,613,,,,,1067.345,0.909,
fleet_depot,parcel_50248906700000010730000000,613,,,,,2328.753,1.983,
fleet_depot,parcel_50248906700000010710080000,620,,,,,824.767,0.702,
fleet_depot,parcel_50248906700000010670030000,464,,,,,727.735,0.62,
fleet_depot,parcel_50248906700000010670020000,720,,,,,509.415,0.434,
fleet_depot,parcel_50248906700000010630150000,720,,,,,0.0,0.0,
fleet_depot,parcel_50248906700000010230010000,613,,,,,0.0,0.0,
fleet_depot,parcel_50248906800000010050000000,835,,,,,169.805,0.145,
fleet_depot,parcel_50248906800000010130010000,695,,,,,0.0,0.0,
fleet_depot,parcel_50248907300000020040020000,714,,,,,4366.411,3.718,
fleet_depot,parcel_50248907200000040050000000,620,,,,,339.61,0.289,
fleet_depot,parcel_50248907100000010110030000,620,,,,,800.509,0.682,
fleet_depot,parcel_50248907100000010120000000,464,,,,,509.415,0.434,
fleet_depot,parcel_50248907100000010130000000,620,,,,,2595.589,2.21,
fleet_depot,parcel_50248905700000010010000000,650,,,,,0.0,0.0,
fleet_depot,parcel_50248905700000010050000000,613,,,,,0.0,0.0,
fleet_depot,parcel_50248905700000010060040000,613,,,,,0.0,0.0,
fleet_depot,parcel_50248905600000050190020000,613,,,,,0.0,0.0,
fleet_depot,parcel_50248905700000010060020000,613,,,,,0.0,0.0,
fleet_depot,parcel_50248905700000010060030000,613,,,,,0.0,0.0,
fleet_depot,parcel_50248905600000050050000000,430,,,,,1188.634,1.012,
fleet_depot,parcel_50248905600000050080010000,433,,,,,606.446,0.516,
fleet_depot,parcel_50248905600000040020000000,482,,,,,1843.596,1.57,
fleet_depot,parcel_50248905600000030070000000,440,,,,,460.899,0.392,
fleet_depot,parcel_50248905600000050130000000,620,,,,,557.93,0.475,
fleet_depot,parcel_50248905600000050080020000,662,,,,,679.219,0.578,
fleet_depot,parcel_50248905600000030130000000,464,,,,,557.93,0.475,
fleet_depot,parcel_50248905300000010030030000,845,,,,,0.0,0.0,
fleet_depot,parcel_50248905300000010020000000,613,,,,,1964.885,1.673,
fleet_depot,parcel_50248905600000030220000000,613,,,,,0.0,0.0,
fleet_depot,parcel_50248905600000020020020000,613,,,,,0.0,0.0,
fleet_depot,parcel_50248905300000010010000000,613,,,,,0.0,0.0,
fleet_depot,parcel_50248905300000010080000000,613,,,,,0.0,0.0,
fleet_depot,parcel_50248905300000010110000000,613,,,,,0.0,0.0,
fleet_depot,parcel_50248905300000010120000000,613,,,,,0.0,0.0,
fleet_depot,parcel_50248905300000010090020000,613,,,,,0.0,0.0,
fleet_depot,parcel_50248905300000010100000000,613,,,,,0.0,0.0,
fleet_depot,parcel_50248905300000010030010000,613,,,,,0.0,0.0,
fleet_depot,parcel_50248905500000010130130000,662,,,,,1746.564,1.487,
fleet_depot,parcel_50248905500000010130120000,415,,,,,1503.986,1.281,
fleet_depot,parcel_50248905700000010310000000,613,,,,,0.0,0.0,
fleet_depot,parcel_50248905400000010090050000,440,,,,,3808.481,3.243,
fleet_depot,parcel_50248905400000010120000000,421,,,,,557.93,0.475,
fleet_depot,parcel_50248905400000010090060000,442,,,,,1334.181,1.136,
fleet_depot,parcel_50248905400000010080000000,464,,,,,169.805,0.145,
fleet_depot,parcel_50248905300000010160000000,613,,,,,0.0,0.0,
fleet_depot,parcel_50248905200000010040110000,457,,,,,751.993,0.64,
fleet_depot,parcel_50248905200000010040060000,465,,,,,1649.533,1.404,
fleet_depot,parcel_50248905200000010040090000,464,,,,,630.704,0.537,
fleet_depot,parcel_50248905200000010040420000,457,,,,,1309.923,1.115,
fleet_depot,parcel_50248905200000010040100000,433,,,,,3590.16,3.057,
fleet_depot,parcel_50248905200000010040320000,710,,,,,36968.947,31.476,
fleet_depot,parcel_50248905200000010040120000,449,,,,,3080.746,2.623,
fleet_depot,parcel_50248905200000010040020000,455,,,,,3032.23,2.582,
fleet_depot,parcel_50248905200000010050000000,872,,,,,0.0,0.0,
fleet_depot,parcel_50248905200000010040520000,449,,,,,2328.753,1.983,
fleet_depot,parcel_50248905200000010041110000,440,,,,,6015.944,5.122,
fleet_depot,parcel_50248905200000010080050000,442,,,,,7422.899,6.32,
fleet_depot,parcel_50248905200000010130010000,421,,,,,582.188,0.496,
fleet_depot,parcel_50248905200000010080010000,484,,,,,897.54,0.764,
fleet_depot,parcel_50248905200000010080060000,456,,,,,1649.533,1.404,
fleet_depot,parcel_50248905200000010080030000,486,,,,,485.157,0.413,
fleet_depot,parcel_50248905200000010080040000,457,,,,,218.321,0.186,
fleet_depot,parcel_50248904400000010023320000,442,,,,,2183.206,1.859,
fleet_depot,parcel_50248904400000010023310000,831,,,,,169.805,0.145,
fleet_depot,parcel_50248905200000010010110000,720,,,,,2644.104,2.251,
fleet_depot,parcel_50248904400000010023210000,590,,,,,0.0,0.0,
fleet_depot,parcel_50248904200000010390030000,682,,,,,800.509,0.682,
fleet_depot,parcel_50248904200000010350020000,442,,,,,7786.766,6.63,
fleet_depot,parcel_50248904200000010350030000,440,,,,,4439.185,3.78,
fleet_depot,parcel_50248904200000010300000000,613,,,,,0.0,0.0,
fleet_depot,parcel_50248904200000010120000000,615,,,,,0.0,0.0,
fleet_depot,parcel_50248904200000010090110000,444,,,,,1916.369,1.632,
fleet_depot,parcel_50248904200000010290000000,440,,,,,1455.47,1.239,
fleet_depot,parcel_50248904200000010440000000,615,,,,,0.0,0.0,
fleet_depot,parcel_50248904200000010090120000,455,,,,,1309.923,1.115,
fleet_depot,parcel_50248904200000010100000000,485,,,,,679.219,0.578,
fleet_depot,parcel_50248904300000020010020000,710,,,,,3299.066,2.809,
fleet_depot,parcel_50248904200000010310060000,710,,,,,8781.338,7.477,
fleet_depot,parcel_50248904200000010310030000,661,,,,,5700.592,4.854,
fleet_depot,parcel_50248904200000010310050000,650,,,,,921.798,0.785,
fleet_depot,parcel_50248904200000010310210000,465,,,,,751.993,0.64,
fleet_depot,parcel_50248904300000010290060000,440,,,,,3662.934,3.119,
fleet_depot,parcel_50248904300000010300000000,681,,,,,0.0,0.0,
fleet_depot,parcel_50248904300000020030020000,464,,,,,1528.244,1.301,
fleet_depot,parcel_50248904300000020010030000,710,,,,,946.056,0.805,
fleet_depot,parcel_50248904300000010330020000,642,,,,,4536.216,3.862,
fleet_depot,parcel_50248904300000010330110000,449,,,,,849.024,0.723,
fleet_depot,parcel_50248904300000010331210000,442,,,,,11910.599,10.141,
fleet_depot,parcel_50248904300000010230020000,449,,,,,1722.307,1.466,
fleet_depot,parcel_50248904200000010090020000,615,,,,,0.0,0.0,
fleet_depot,parcel_50248904300000010220000000,694,,,,,2813.909,2.396,
fleet_depot,parcel_50248904200000010110000000,615,,,,,0.0,0.0,
fleet_depot,parcel_50248904200000010050000000,615,,,,,0.0,0.0,
fleet_depot,parcel_50248904300000010030000000,615,,,,,0.0,0.0,
fleet_depot,parcel_50248904300000010190020000,449,,,,,2255.979,1.921,
fleet_depot,parcel_50248904300000010010000000,613,,,,,1115.861,0.95,
fleet_depot,parcel_50248904200000010070000000,615,,,,,0.0,0.0,
fleet_depot,parcel_50248904200000010060000000,615,,,,,0.0,0.0,
fleet_depot,parcel_50248904200000010010000000,650,,,,,0.0,0.0,
fleet_depot,parcel_50248904200000010020000000,844,,,,,0.0,0.0,
fleet_depot,parcel_50248904200000010030000000,613,,,,,0.0,0.0,
fleet_depot,parcel_50248904100000010080000000,844,,,,,0.0,0.0,
fleet_depot,parcel_50248904100000010180000000,613,,,,,0.0,0.0,
fleet_depot,parcel_50248904100000010190000000,613,,,,,0.0,0.0,
fleet_depot,parcel_50248904100000010240020000,613,,,,,460.899,0.392,
fleet_depot,parcel_50248904100000010030000000,613,,,,,0.0,0.0,
fleet_depot,parcel_50248904100000010010000000,613,,,,,0.0,0.0,
fleet_depot,parcel_50248903100000010110000000,613,,,,,0.0,0.0,
fleet_depot,parcel_50248904400000010070000000,823,,,,,218.321,0.186,
fleet_depot,parcel_50248904500000010130000000,620,,,,,436.641,0.372,
fleet_depot,parcel_50248904500000010140000000,650,,,,,412.383,0.351,
fleet_depot,parcel_50248904400000010030170000,662,,,,,1261.408,1.074,
fleet_depot,parcel_50248905900000010220000000,613,,,,,0.0,0.0,
fleet_depot,parcel_50248906400000010080000000,695,,,,,0.0,0.0,
fleet_depot,parcel_50260000300000030110520099,837,,,,,0.0,0.0,
fleet_depot,parcel_50260000200000030100000000,552,,,,,0.0,0.0,
fleet_depot,parcel_50260000400000010210000000,695,,,,,0.0,0.0,
fleet_depot,parcel_50260000300000010060030000,552,,,,,0.0,0.0,
fleet_depot,parcel_50260000300000010100000000,552,,,,,1625.275,1.384,
fleet_depot,parcel_50260000400000020024150000,442,,,,,849.024,0.723,
fleet_depot,parcel_50260000900000020040060000,484,,,,,242.578,0.207,
fleet_depot,parcel_50260000900000020030000000,433,,,,,194.063,0.165,
fleet_depot,parcel_50260000400000010080310000,442,,,,,1091.603,0.929,
fleet_depot,parcel_50260000400000010080320000,877,,,,,0.0,0.0,
fleet_depot,parcel_50260000400000010080420000,440,,,,,751.993,0.64,
fleet_depot,parcel_50260000400000010120710000,484,,,,,315.352,0.268,
fleet_depot,parcel_50260000900000010110010000,877,,,,,0.0,0.0,
fleet_depot,parcel_50260000800000030040210000,449,,,,,2207.463,1.879,
fleet_depot,parcel_50260000900000010260020000,440,,,,,800.509,0.682,
fleet_depot,parcel_50260000400000020150000000,710,,,,,460.899,0.392,
fleet_depot,parcel_50260000400000020070040000,710,,,,,7811.024,6.651,
fleet_depot,parcel_50260001000000010140030000,868,,,,,48.516,0.041,
fleet_depot,parcel_50260001500000020050050000,442,,,,,921.798,0.785,
fleet_depot,parcel_50260001600000020120030000,440,,,,,218.321,0.186,
fleet_depot,parcel_50260001500000010120060000,720,,,,,0.0,0.0,
fleet_depot,parcel_50260001500000010100000000,431,,,,,1455.47,1.239,
fleet_depot,parcel_50260001600000020030000000,695,,,,,0.0,0.0,
fleet_depot,parcel_50260001400000040060000000,695,,,,,0.0,0.0,
fleet_depot,parcel_50260001400000020020080000,651,,,,,4439.185,3.78,
fleet_depot,parcel_50260001500000020010110000,472,,,,,630.704,0.537,
fleet_depot,parcel_50260001100000020080030000,620,,,,,873.282,0.744,
fleet_depot,parcel_50260001000000010020210000,440,,,,,582.188,0.496,
fleet_depot,parcel_50260001100000020150010000,484,,,,,582.188,0.496,
fleet_depot,parcel_50260001100000020220000000,695,,,,,0.0,0.0,
fleet_depot,parcel_50260000800000010120000000,695,,,,,0.0,0.0,
fleet_depot,parcel_50260000800000020091110000,438,,,,,0.0,0.0,
fleet_depot,parcel_50260000800000020090100000,484,,,,,1188.634,1.012,
fleet_depot,parcel_50260000800000030220000000,651,,,,,412.383,0.351,
fleet_depot,parcel_50260000800000020120000000,652,,,,,921.798,0.785,
fleet_depot,parcel_50260000800000020110000000,534,,,,,800.509,0.682,
fleet_depot,parcel_50260000800000020090030000,651,,,,,1164.376,0.991,
fleet_depot,parcel_50260000800000020090060000,662,,,,,3323.324,2.83,
fleet_depot,parcel_50260000800000030280000000,692,,,,,0.0,0.0,
fleet_depot,parcel_50260000500000010130010000,456,,,,,1649.533,1.404,
fleet_depot,parcel_50260000800000010090000000,485,,,,,1018.829,0.867,
fleet_depot,parcel_50260000500000010120000000,486,,,,,1018.829,0.867,
fleet_depot,parcel_50260000800000010100000000,612,,,,,7738.251,6.589,
fleet_depot,parcel_50260000800000010070010000,484,,,,,703.477,0.599,
fleet_depot,parcel_50260000700000030020000000,484,,,,,1140.118,0.971,
fleet_depot,parcel_50260001300000020020110000,424,,,,,509.415,0.434,
fleet_depot,parcel_50070013000000040050000000,690,,,,,7786.766,6.63,
fleet_depot,parcel_50070013000000030010000000,456,,,,,3905.512,3.325,
fleet_depot,parcel_50070012800000020090020000,434,,,,,388.125,0.33,
fleet_depot,parcel_50070012800000030030000000,692,,,,,0.0,0.0,
fleet_depot,parcel_50070013000000040070030000,692,,,,,0.0,0.0,
fleet_depot,parcel_50070012800000020070010000,414,,,,,2134.69,1.818,
fleet_depot,parcel_50070012900000020070000000,692,,,,,0.0,0.0,
fleet_depot,parcel_50070012800000020070020000,534,,,,,654.962,0.558,
fleet_depot,parcel_50070012800000020010220000,484,,,,,1309.923,1.115,
fleet_depot,parcel_50070012900000010100110000,433,,,,,751.993,0.64,
fleet_depot,parcel_50070012800000010040000000,426,,,,,703.477,0.599,
fleet_depot,parcel_50070012800000010050000000,484,,,,,582.188,0.496,
fleet_depot,parcel_50070012800000010060010000,452,,,,,8975.401,7.642,
fleet_depot,parcel_50070012600000010020130000,485,,,,,873.282,0.744,
fleet_depot,parcel_50070012600000010020140000,546,,,,,1528.244,1.301,
fleet_depot,parcel_50070012500000010030030000,433,,,,,363.868,0.31,
fleet_depot,parcel_50070012900000010010000000,421,,,,,1673.791,1.425,
fleet_depot,parcel_50070012600000010050010000,486,,,,,582.188,0.496,
fleet_depot,parcel_50070012900000010100020000,414,,,,,10261.066,8.737,
fleet_depot,parcel_50070012500000020010000000,433,,,,,897.54,0.764,
fleet_depot,parcel_50070012500000020020000000,431,,,,,1115.861,0.95,
fleet_depot,parcel_50070012500000030040000000,591,,,,,0.0,0.0,
fleet_depot,parcel_50070011100000090030000000,590,,,,,0.0,0.0,
fleet_depot,parcel_50070010900000010030000000,652,,,,,291.094,0.248,
fleet_depot,parcel_50070008800000020180000000,692,,,,,0.0,0.0,
fleet_depot,parcel_50070009000000020010000000,822,,,,,824.767,0.702,
fleet_depot,parcel_50070008800000010080000000,822,,,,,4051.059,3.449,
fleet_depot,parcel_50070008800000020160000000,650,,,,,0.0,0.0,
fleet_depot,parcel_50070010900000020020000000,822,,,,,0.0,0.0,
fleet_depot,parcel_50070011000000010020000000,590,,,,,0.0,0.0,
fleet_depot,parcel_50070011000000040050000000,650,,,,,0.0,0.0,
fleet_depot,parcel_50070008700000010220020000,695,,,,,0.0,0.0,
fleet_depot,parcel_50070008500000060140020000,612,,,,,2741.136,2.334,
fleet_depot,parcel_50070008600000020010000000,650,,,,,0.0,0.0,
fleet_depot,parcel_50070008400000040140000000,620,,,,,412.383,0.351,
fleet_depot,parcel_50070008500000050010000000,612,,,,,5336.725,4.544,
fleet_depot,parcel_50070006600000010130000000,591,,,,,0.0,0.0,
fleet_depot,parcel_50070006800000060130000000,438,,,,,0.0,0.0,
fleet_depot,parcel_50070006300000080130000000,421,,,,,582.188,0.496,
fleet_depot,parcel_50070006300000050070000000,437,,,,,13050.718,11.112,
fleet_depot,parcel_50070006300000050090000099,837,,,,,0.0,0.0,
fleet_depot,parcel_50070006300000060050000000,421,,,,,921.798,0.785,
fleet_depot,parcel_50070006400000100210000000,484,,,,,315.352,0.268,
fleet_depot,parcel_50070006300000050020000000,482,,,,,8684.306,7.394,
fleet_depot,parcel_50070006400000100030000000,613,,,,,11352.669,9.666,
fleet_depot,parcel_50070006400000100170020000,662,,,,,1746.564,1.487,
fleet_depot,parcel_50070006400000100180000000,482,,,,,1237.15,1.053,
fleet_depot,parcel_50070006400000100130000000,438,,,,,0.0,0.0,
fleet_depot,parcel_50070006400000020130000000,483,,,,,873.282,0.744,
fleet_depot,parcel_50070006400000020070000000,615,,,,,897.54,0.764,
fleet_depot,parcel_50070006400000020020000000,620,,,,,2401.526,2.045,
fleet_depot,parcel_50070006300000050010000000,613,,,,,0.0,0.0,
fleet_depot,parcel_50070006300000050080000000,613,,,,,0.0,0.0,
fleet_depot,parcel_50070006300000080120000000,482,,,,,1625.275,1.384,
fleet_depot,parcel_50070006300000080110000000,482,,,,,2401.526,2.045,
fleet_depot,parcel_50070004800000040060000000,415,,,,,1285.665,1.095,
fleet_depot,parcel_50070003100000010060000000,613,,,,,2983.714,2.54,
fleet_depot,parcel_50070006300000020070000000,438,,,,,0.0,0.0,
fleet_depot,parcel_50070006300000040030000000,438,,,,,0.0,0.0,
fleet_depot,parcel_50070006300000080240000000,421,,,,,703.477,0.599,
fleet_depot,parcel_50070006200000020400000000,613,,,,,0.0,0.0,
fleet_depot,parcel_50070004800000040040000000,695,,,,,0.0,0.0,
fleet_depot,parcel_50070006200000020390000000,613,,,,,0.0,0.0,
fleet_depot,parcel_50070006200000010070000000,438,,,,,0.0,0.0,
fleet_depot,parcel_50070006200000010150000000,632,,,,,751.993,0.64,
fleet_depot,parcel_50070006200000010140000000,464,,,,,606.446,0.516,
fleet_depot,parcel_50070006200000010110000000,438,,,,,0.0,0.0,
fleet_depot,parcel_50070006900000020190000000,414,,,,,1406.955,1.198,
fleet_depot,parcel_50070006900000020180000000,485,,,,,1576.76,1.342,
fleet_depot,parcel_50070006900000030050000000,438,,,,,0.0,0.0,
fleet_depot,parcel_50070006300000100030000000,482,,,,,1309.923,1.115,
fleet_depot,parcel_50070006300000080230000000,464,,,,,485.157,0.413,
fleet_depot,parcel_50070006300000080140000000,482,,,,,1285.665,1.095,
fleet_depot,parcel_50070006800000010090000000,483,,,,,630.704,0.537,
fleet_depot,parcel_50070006900000010040000000,482,,,,,4148.091,3.532,
fleet_depot,parcel_50070006900000010110000000,481,,,,,7689.735,6.547,
fleet_depot,parcel_50070006900000010070000000,482,,,,,5166.92,4.399,
fleet_depot,parcel_50070006900000010140000000,482,,,,,654.962,0.558,
fleet_depot,parcel_50070006900000010010000000,481,,,,,2328.753,1.983,
fleet_depot,parcel_50070006900000010060020000,414,,,,,13487.359,11.483,
fleet_depot,parcel_50070006900000020010000000,464,,,,,1115.861,0.95,
fleet_depot,parcel_50070006900000020210000000,438,,,,,0.0,0.0,
fleet_depot,parcel_50070006200000050120000000,482,,,,,800.509,0.682,
fleet_depot,parcel_50070006200000050150000000,481,,,,,1382.697,1.177,
fleet_depot,parcel_50070006200000050140000000,482,,,,,582.188,0.496,
fleet_depot,parcel_50070006200000050010000000,433,,,,,363.868,0.31,
fleet_depot,parcel_50070006200000050030000000,485,,,,,291.094,0.248,
fleet_depot,parcel_50070006200000050160000000,481,,,,,1043.087,0.888,
fleet_depot,parcel_50070006200000050180000000,464,,,,,2959.456,2.52,
fleet_depot,parcel_50070006100000040010000000,650,,,,,2522.815,2.148,
fleet_depot,parcel_50070006200000050170000000,464,,,,,388.125,0.33,
fleet_depot,parcel_50070006100000040050000000,650,,,,,32214.411,27.428,
fleet_depot,parcel_50070007000000020100000000,463,,,,,8660.049,7.373,
fleet_depot,parcel_50070007000000030160000000,464,,,,,1576.76,1.342,
fleet_depot,parcel_50070007000000030130000000,481,,,,,2498.557,2.127,
fleet_depot,parcel_50070007000000030010000000,438,,,,,0.0,0.0,
fleet_depot,parcel_50070007000000030020000000,464,,,,,727.735,0.62,
fleet_depot,parcel_50070007000000030030000000,481,,,,,2862.425,2.437,
fleet_depot,parcel_50070007000000030040000000,481,,,,,339.61,0.289,
fleet_depot,parcel_50070007000000030050000000,481,,,,,727.735,0.62,
fleet_depot,parcel_50070007000000030060000000,481,,,,,1140.118,0.971,
fleet_depot,parcel_50070007000000030070000000,481,,,,,1746.564,1.487,
fleet_depot,parcel_50070007000000030080000000,481,,,,,800.509,0.682,
fleet_depot,parcel_50070007000000030090000000,481,,,,,800.509,0.682,
fleet_depot,parcel_50070007000000030110000000,481,,,,,1892.111,1.611,
fleet_depot,parcel_50070007000000030100000000,481,,,,,460.899,0.392,
fleet_depot,parcel_50070007000000030120000000,481,,,,,1091.603,0.929,
fleet_depot,parcel_50070007000000030150000000,463,,,,,6088.718,5.184,
fleet_depot,parcel_50070007000000040040220000,464,,,,,10503.644,8.943,
fleet_depot,parcel_50070007000000040040210001,437,,,,,8757.08,7.456,
fleet_depot,parcel_50070007000000040050010000,452,,,,,19503.303,16.606,
fleet_depot,parcel_50070007000000040050210000,438,,,,,0.0,0.0,
fleet_depot,parcel_50070007000000050100000000,481,,,,,1746.564,1.487,
fleet_depot,parcel_50070007000000020130000000,650,,,,,0.0,0.0,
fleet_depot,parcel_50070007000000020110000000,681,,,,,3420.355,2.912,
fleet_depot,parcel_50070007000000020150000000,481,,,,,582.188,0.496,
fleet_depot,parcel_50070007000000020140000000,481,,,,,970.314,0.826,
fleet_depot,parcel_50070007000000020160000000,481,,,,,485.157,0.413,
fleet_depot,parcel_50070007000000020170000000,481,,,,,1261.408,1.074,
fleet_depot,parcel_50070007000000020200000000,481,,,,,1043.087,0.888,
fleet_depot,parcel_50070007000000020210000000,481,,,,,1649.533,1.404,
fleet_depot,parcel_50070007000000020050000000,464,,,,,3856.996,3.284,
fleet_depot,parcel_50070007000000020090000000,464,,,,,3396.097,2.892,
fleet_depot,parcel_50070007000000020240000000,481,,,,,2353.01,2.003,
fleet_depot,parcel_50070007000000020260000000,481,,,,,2013.401,1.714,
fleet_depot,parcel_50070007000000020300000000,481,,,,,557.93,0.475,
fleet_depot,parcel_50070007000000020270000000,481,,,,,606.446,0.516,
fleet_depot,parcel_50070007000000020250000000,481,,,,,2450.042,2.086,
fleet_depot,parcel_50070007000000020220000000,481,,,,,606.446,0.516,
fleet_depot,parcel_50070007000000050040000000,481,,,,,1358.439,1.157,
fleet_depot,parcel_50070007000000050030000000,481,,,,,1503.986,1.281,
fleet_depot,parcel_50070007000000050020000000,481,,,,,2668.362,2.272,
fleet_depot,parcel_50070007000000050010000000,481,,,,,9242.237,7.869,
fleet_depot,parcel_50070007000000060100000000,481,,,,,1164.376,0.991,
fleet_depot,parcel_50070007000000060110000000,481,,,,,1746.564,1.487,
fleet_depot,parcel_50070007000000060120020000,481,,,,,533.672,0.454,
fleet_depot,parcel_50070007000000060120010000,481,,,,,485.157,0.413,
fleet_depot,parcel_50070007000000050250000000,481,,,,,2571.331,2.189,
fleet_depot,parcel_50070007000000050240000000,481,,,,,1601.017,1.363,
fleet_depot,parcel_50070007000000050230000000,652,,,,,5336.725,4.544,
fleet_depot,parcel_50070007000000080010000000,611,,,,,12517.045,10.657,
fleet_depot,parcel_50070007000000080110000000,642,,,,,8465.986,7.208,
fleet_depot,parcel_50070007000000040050230000,437,,,,,30492.104,25.962,
fleet_depot,parcel_50070007000000040052210000,514,,,,,10309.582,8.778,
fleet_depot,parcel_50070007000000040050230001,512,,,,,1989.143,1.694,
fleet_depot,parcel_50070007000000040040030000,414,,,,,18241.895,15.532,
fleet_depot,parcel_50070008100000030020020000,410,,,,,3759.965,3.201,
fleet_depot,parcel_50070008100000030020030000,484,,,,,509.415,0.434,
fleet_depot,parcel_50070008100000100010000000,662,,,,,339.61,0.289,
fleet_depot,parcel_50070008100000030010000000,662,,,,,5191.178,4.42,
fleet_depot,parcel_50070008100000110060000000,438,,,,,0.0,0.0,
fleet_depot,parcel_50070008100000110050000000,438,,,,,0.0,0.0,
fleet_depot,parcel_50070008100000110040000000,433,,,,,654.962,0.558,
fleet_depot,parcel_50070008100000110030000000,515,,,,,509.415,0.434,
fleet_depot,parcel_50070008100000120050000000,431,,,,,2377.268,2.024,
fleet_depot,parcel_50070008100000120060000000,438,,,,,0.0,0.0,
fleet_depot,parcel_50070008100000120040000000,433,,,,,194.063,0.165,
fleet_depot,parcel_50070008100000110020000000,433,,,,,606.446,0.516,
fleet_depot,parcel_50070008100000110010000000,438,,,,,0.0,0.0,
fleet_depot,parcel_50070008100000020010000000,437,,,,,40316.529,34.327,
fleet_depot,parcel_50070008100000020010000001,464,,,,,3978.286,3.387,
fleet_depot,parcel_50070007000000070040010000,486,,,,,315.352,0.268,
fleet_depot,parcel_50070007000000060130000000,481,,,,,970.314,0.826,
fleet_depot,parcel_50070007000000060140000000,484,,,,,460.899,0.392,
fleet_depot,parcel_50070007000000070020000000,464,,,,,436.641,0.372,
fleet_depot,parcel_50070007000000070030000000,464,,,,,946.056,0.805,
fleet_depot,parcel_50070007000000070150000000,484,,,,,363.868,0.31,
fleet_depot,parcel_50070008000000100050000000,438,,,,,0.0,0.0,
fleet_depot,parcel_50070008000000100010000000,633,,,,,13172.007,11.215,
fleet_depot,parcel_50070007000000070040020099,837,,,,,0.0,0.0,
fleet_depot,parcel_50070007000000070040020000,414,,,,,25907.372,22.058,
fleet_depot,parcel_50070008000000100080000000,438,,,,,0.0,0.0,
fleet_depot,parcel_50070008000000090080010000,465,,,,,388.125,0.33,
fleet_depot,parcel_50070008000000070010000000,642,,,,,9945.714,8.468,
fleet_depot,parcel_50070009300000010100000000,483,,,,,751.993,0.64,
fleet_depot,parcel_50070009300000030010000000,483,,,,,460.899,0.392,
fleet_depot,parcel_50070008100000120090000000,438,,,,,0.0,0.0,
fleet_depot,parcel_50070009200000010010000000,483,,,,,242.578,0.207,
fleet_depot,parcel_50070008100000110090000000,483,,,,,460.899,0.392,
fleet_depot,parcel_50070010700000010030000000,642,,,,,4123.833,3.511,
fleet_depot,parcel_50070010600000010080020000,710,,,,,83859.35,71.4,
fleet_depot,parcel_50070009100000050020000000,438,,,,,0.0,0.0,
fleet_depot,parcel_50070010700000010010000000,612,,,,,12735.366,10.843,
fleet_depot,parcel_50070008300000020230000000,822,,,,,0.0,0.0,
fleet_depot,parcel_50070009000000010010000000,650,,,,,0.0,0.0,
fleet_depot,parcel_50070010700000010080000000,620,,,,,388.125,0.33,
fleet_depot,parcel_50070011300000020040000000,438,,,,,0.0,0.0,
fleet_depot,parcel_50070011300000010010020000,620,,,,,582.188,0.496,
fleet_depot,parcel_50070011400000010010000000,449,,,,,3881.254,3.305,
fleet_depot,parcel_50070011400000010050000000,534,,,,,946.056,0.805,
fleet_depot,parcel_50070011400000010190000000,822,,,,,0.0,0.0,
fleet_depot,parcel_50070011500000010150000099,837,,,,,72.774,0.062,
fleet_depot,parcel_50070011600000010040000000,421,,,,,824.767,0.702,
fleet_depot,parcel_50070011600000010060020000,485,,,,,1091.603,0.929,
fleet_depot,parcel_50070010600000010050000000,872,,,,,0.0,0.0,
fleet_depot,parcel_50070010600000010040010000,873,,,,,48.516,0.041,
fleet_depot,parcel_50070010500000080010000000,873,,,,,0.0,0.0,
fleet_depot,parcel_50070010400000010010020000,452,,,,,4827.31,4.11,
fleet_depot,parcel_50070010300000030120000000,591,,,,,0.0,0.0,
fleet_depot,parcel_50070010300000010010010000,456,,,,,2013.401,1.714,
fleet_depot,parcel_50070010200000010020040000,462,,,,,654.962,0.558,
fleet_depot,parcel_50070010400000010010010000,457,,,,,1358.439,1.157,
fleet_depot,parcel_50070010400000010010030000,421,,,,,1479.728,1.26,
fleet_depot,parcel_50070010200000010020060000,453,,,,,2450.042,2.086,
fleet_depot,parcel_50070011700000010010020000,452,,,,,27290.069,23.235,
fleet_depot,parcel_50070011700000010030000000,452,,,,,3202.035,2.726,
fleet_depot,parcel_50070011700000020010010000,426,,,,,363.868,0.31,
fleet_depot,parcel_50070011700000020020000000,462,,,,,485.157,0.413,
fleet_depot,parcel_50070011700000010050000000,452,,,,,1940.627,1.652,
fleet_depot,parcel_50070011700000030030000000,433,,,,,1237.15,1.053,
fleet_depot,parcel_50070011700000030040000000,433,,,,,2668.362,2.272,
fleet_depot,parcel_50070011700000030020000000,433,,,,,897.54,0.764,
fleet_depot,parcel_50070011700000030010000000,485,,,,,3978.286,3.387,
fleet_depot,parcel_50070010400000010090000000,464,,,,,3444.613,2.933,
fleet_depot,parcel_50070011700000020010020000,452,,,,,7495.672,6.382,
fleet_depot,parcel_50070011600000010100000000,431,,,,,339.61,0.289,
fleet_depot,parcel_50070011600000010090000000,422,,,,,194.063,0.165,
fleet_depot,parcel_50070011600000010070000000,436,,,,,1091.603,0.929,
fleet_depot,parcel_50070011600000010080000000,484,,,,,533.672,0.454,
fleet_depot,parcel_50070012400000020110000000,692,,,,,0.0,0.0,
fleet_depot,parcel_50070012400000010030000000,432,,,,,824.767,0.702,
fleet_depot,parcel_50070012200000020030000000,457,,,,,1261.408,1.074,
fleet_depot,parcel_50070012200000020020000000,431,,,,,4997.115,4.255,
fleet_depot,parcel_50070012200000020060000000,620,,,,,533.672,0.454,
fleet_depot,parcel_50070012200000020040000000,432,,,,,145.547,0.124,
fleet_depot,parcel_50070011700000010060000000,462,,,,,388.125,0.33,
fleet_depot,parcel_50070012200000010030000000,431,,,,,3202.035,2.726,
fleet_depot,parcel_50070012200000010040000000,431,,,,,3347.582,2.85,
fleet_depot,parcel_50070011800000010010020000,453,,,,,34664.452,29.514,
fleet_depot,parcel_50070011800000010020040000,452,,,,,7253.094,6.175,
fleet_depot,parcel_50070012100000010010000000,426,,,,,388.125,0.33,
fleet_depot,parcel_50070011800000010010010000,452,,,,,1892.111,1.611,
fleet_depot,parcel_50070012400000010020000000,484,,,,,994.571,0.847,
fleet_depot,parcel_50070012400000010190000000,452,,,,,2668.362,2.272,
fleet_depot,parcel_50070012500000020040000000,414,,,,,6962.0,5.928,
fleet_depot,parcel_50070012500000010010010000,452,,,,,5943.171,5.06,
fleet_depot,parcel_50070012100000010040000000,433,,,,,218.321,0.186,
fleet_depot,parcel_50070012100000010020000000,433,,,,,1673.791,1.425,
fleet_depot,parcel_50070012500000010030010000,415,,,,,5821.881,4.957,
fleet_depot,parcel_50070011800000010020020000,453,,,,,24379.128,20.757,
fleet_depot,parcel_50070011800000010020030000,452,,,,,2231.721,1.9,
fleet_depot,parcel_50070010000000030010000000,852,,,,,0.0,0.0,
fleet_depot,parcel_50070009600000020010230000,484,,,,,363.868,0.31,
fleet_depot,parcel_50070009600000020010220000,546,,,,,1892.111,1.611,
fleet_depot,parcel_50070009600000020010210000,484,,,,,1164.376,0.991,
fleet_depot,parcel_50070010000000020010260000,692,,,,,0.0,0.0,
fleet_depot,parcel_50070009600000010010000000,650,,,,,0.0,0.0,
fleet_depot,parcel_50070009600000020010010000,712,,,,,2813.909,2.396,
fleet_depot,parcel_50070009600000020010030000,712,,,,,2450.042,2.086,
fleet_depot,parcel_50070009600000020010040000,710,,,,,1722.307,1.466,
fleet_depot,parcel_50070009600000020010050000,484,,,,,1115.861,0.95,
fleet_depot,parcel_50070009600000020070000000,449,,,,,849.024,0.723,
fleet_depot,parcel_50070007800000030010000000,710,,,,,3129.261,2.664,
fleet_depot,parcel_50070009600000020010080000,485,,,,,1358.439,1.157,
fleet_depot,parcel_50070009600000020010090000,712,,,,,8029.345,6.836,
fleet_depot,parcel_50070009600000020060000000,484,,,,,1940.627,1.652,
fleet_depot,parcel_50070007800000030020000000,449,,,,,3735.707,3.181,
fleet_depot,parcel_50070007800000030070000000,534,,,,,1358.439,1.157,
fleet_depot,parcel_50070010200000010020050000,421,,,,,1018.829,0.867,
fleet_depot,parcel_50070010300000010030000000,650,,,,,48.516,0.041,
fleet_depot,parcel_50070010200000010020030000,452,,,,,10552.16,8.984,
fleet_depot,parcel_50070009500000010010210000,462,,,,,630.704,0.537,
fleet_depot,parcel_50070009500000010010220000,454,,,,,22292.954,18.981,
fleet_depot,parcel_50070010200000010020010000,452,,,,,20303.811,17.287,
fleet_depot,parcel_50070009500000010010010000,431,,,,,4366.411,3.718,
fleet_depot,parcel_50070009400000010010000000,434,,,,,630.704,0.537,
fleet_depot,parcel_50070009400000010150000000,484,,,,,194.063,0.165,
fleet_depot,parcel_50070009400000010220000000,415,,,,,7131.805,6.072,
fleet_depot,parcel_50070007900000060080010000,456,,,,,2183.206,1.859,
fleet_depot,parcel_50070009400000030300000000,483,,,,,630.704,0.537,
fleet_depot,parcel_50070008000000030010000000,464,,,,,315.352,0.268,
fleet_depot,parcel_50070007900000060080020000,452,,,,,7059.031,6.01,
fleet_depot,parcel_50070007200000080010000000,426,,,,,339.61,0.289,
fleet_depot,parcel_50070007900000040010000000,421,,,,,412.383,0.351,
fleet_depot,parcel_50070007900000030010000000,456,,,,,2450.042,2.086,
fleet_depot,parcel_50070007900000050010010000,485,,,,,582.188,0.496,
fleet_depot,parcel_50070007900000010030000000,620,,,,,339.61,0.289,
fleet_depot,parcel_50070007900000100010000000,415,,,,,4293.638,3.656,
fleet_depot,parcel_50070007900000010020010000,465,,,,,946.056,0.805,
fleet_depot,parcel_50070007900000010010000000,464,,,,,1188.634,1.012,
fleet_depot,parcel_50070007900000010020020000,464,,,,,1843.596,1.57,
fleet_depot,parcel_50070007900000020010020000,485,,,,,1212.892,1.033,
fleet_depot,parcel_50070007800000020040000000,449,,,,,2910.941,2.478,
fleet_depot,parcel_50070007200000070100000000,455,,,,,5821.881,4.957,
fleet_depot,parcel_50070007200000060020000000,691,,,,,2255.979,1.921,
fleet_depot,parcel_50070007200000050180000000,438,,,,,0.0,0.0,
fleet_depot,parcel_50070007200000050170000000,483,,,,,606.446,0.516,
fleet_depot,parcel_50070007200000050020000000,485,,,,,2037.658,1.735,
fleet_depot,parcel_50070007200000050150000000,484,,,,,751.993,0.64,
fleet_depot,parcel_50070007200000050160000000,484,,,,,533.672,0.454,
fleet_depot,parcel_50070007200000050110000000,483,,,,,363.868,0.31,
fleet_depot,parcel_50070007200000050130000000,449,,,,,751.993,0.64,
fleet_depot,parcel_50070007200000050030000000,438,,,,,0.0,0.0,
fleet_depot,parcel_50070007200000050040000000,481,,,,,460.899,0.392,
fleet_depot,parcel_50070007200000050050000000,481,,,,,679.219,0.578,
fleet_depot,parcel_50070007200000050120000000,449,,,,,1067.345,0.909,
fleet_depot,parcel_50070007200000050060000000,484,,,,,1285.665,1.095,
fleet_depot,parcel_50070007200000050080000000,422,,,,,218.321,0.186,
fleet_depot,parcel_50070007200000040030000000,484,,,,,2522.815,2.148,
fleet_depot,parcel_50070007200000040010000000,485,,,,,897.54,0.764,
fleet_depot,parcel_50070007200000020160000000,482,,,,,388.125,0.33,
fleet_depot,parcel_50070007200000020120000000,462,,,,,1018.829,0.867,
fleet_depot,parcel_50070007200000020130000000,438,,,,,0.0,0.0,
fleet_depot,parcel_50070007200000020110000000,438,,,,,0.0,0.0,
fleet_depot,parcel_50070007200000020150000000,483,,,,,460.899,0.392,
fleet_depot,parcel_50070007200000020030000000,484,,,,,751.993,0.64,
fleet_depot,parcel_50070007200000020200000000,482,,,,,1067.345,0.909,
fleet_depot,parcel_50070007200000020010000000,461,,,,,3347.582,2.85,
fleet_depot,parcel_50070007200000020190000000,457,,,,,873.282,0.744,
fleet_depot,parcel_50070007200000020180000000,484,,,,,436.641,0.372,
fleet_depot,parcel_50070007200000050010000000,421,,,,,921.798,0.785,
fleet_depot,parcel_50070007300000060010000000,444,,,,,4026.801,3.429,
fleet_depot,parcel_50070007300000050020010000,462,,,,,946.056,0.805,
fleet_depot,parcel_50070005900000080010000000,454,,,,,1795.08,1.528,
fleet_depot,parcel_50070005900000070250000000,425,,,,,436.641,0.372,
fleet_depot,parcel_50070005900000070270000000,484,,,,,266.836,0.227,
fleet_depot,parcel_50070005900000070010000000,484,,,,,1212.892,1.033,
fleet_depot,parcel_50070005900000070240000000,438,,,,,0.0,0.0,
fleet_depot,parcel_50070005900000010020000000,456,,,,,3323.324,2.83,
fleet_depot,parcel_50070005800000040010130000,438,,,,,0.0,0.0,
fleet_depot,parcel_50070005800000040100020000,485,,,,,1285.665,1.095,
fleet_depot,parcel_50070005800000050010000000,482,,,,,3129.261,2.664,
fleet_depot,parcel_50070005800000060010000000,484,,,,,509.415,0.434,
fleet_depot,parcel_50070005800000070030110000,464,,,,,2280.237,1.941,
fleet_depot,parcel_50070005800000070030130000,464,,,,,72.774,0.062,
fleet_depot,parcel_50070005800000070030120000,464,,,,,72.774,0.062,
fleet_depot,parcel_50070005800000070010020000,486,,,,,1212.892,1.033,
fleet_depot,parcel_50070005800000070050000000,482,,,,,1140.118,0.971,
fleet_depot,parcel_50070007300000030010000000,438,,,,,0.0,0.0,
fleet_depot,parcel_50070007300000030020000000,482,,,,,897.54,0.764,
fleet_depot,parcel_50070007300000030030000000,484,,,,,266.836,0.227,
fleet_depot,parcel_50070007300000050030000000,485,,,,,291.094,0.248,
fleet_depot,parcel_50070007300000020030000000,438,,,,,0.0,0.0,
fleet_depot,parcel_50070007300000020010000000,433,,,,,1115.861,0.95,
fleet_depot,parcel_50070007300000090120000000,464,,,,,2644.104,2.251,
fleet_depot,parcel_50070007300000110020000000,457,,,,,654.962,0.558,
fleet_depot,parcel_50070007300000110050000000,484,,,,,654.962,0.558,
fleet_depot,parcel_50070007800000020060000000,449,,,,,2425.784,2.065,
fleet_depot,parcel_50070007800000010010020000,710,,,,,9023.916,7.683,
fleet_depot,parcel_50070007700000060010010000,650,,,,,48.516,0.041,
fleet_depot,parcel_50070007700000060030000000,714,,,,,873.282,0.744,
fleet_depot,parcel_50070007300000100030010000,484,,,,,557.93,0.475,
fleet_depot,parcel_50070007800000010010010000,710,,,,,4196.606,3.573,
fleet_depot,parcel_50070005700000020010000000,612,,,,,4754.536,4.048,
fleet_depot,parcel_50070005700000040010000000,873,,,,,48.516,0.041,
fleet_depot,parcel_50070007300000090040000000,484,,,,,1115.861,0.95,
fleet_depot,parcel_50070007300000010110000000,464,,,,,5555.045,4.73,
fleet_depot,parcel_50070005800000010020000000,484,,,,,921.798,0.785,
fleet_depot,parcel_50070005800000010040000000,423,,,,,218.321,0.186,
fleet_depot,parcel_50070005800000010030000000,483,,,,,291.094,0.248,
fleet_depot,parcel_50070005800000010010000000,590,,,,,0.0,0.0,
fleet_depot,parcel_50070005800000020010030000,438,,,,,0.0,0.0,
fleet_depot,parcel_50070005800000020010010000,462,,,,,970.314,0.826,
fleet_depot,parcel_50070005800000030070000000,484,,,,,169.805,0.145,
fleet_depot,parcel_50070005800000030040000000,484,,,,,557.93,0.475,
fleet_depot,parcel_50070005800000030030000000,421,,,,,460.899,0.392,
fleet_depot,parcel_50070005800000030020000000,484,,,,,436.641,0.372,
fleet_depot,parcel_50070005800000020010020000,544,,,,,10916.028,9.294,
fleet_depot,parcel_50070005800000020010020099,837,,,,,0.0,0.0,
fleet_depot,parcel_50070005200000020070000000,653,,,,,0.0,0.0,
fleet_depot,parcel_50070004200000020050000000,710,,,,,4390.669,3.738,
fleet_depot,parcel_50070005300000040010000000,661,,,,,1382.697,1.177,
fleet_depot,parcel_50070002200000010010010000,650,,,,,315.352,0.268,
fleet_depot,parcel_50070004300000010030000000,650,,,,,0.0,0.0,
fleet_depot,parcel_50070004300000010010000000,421,,,,,1406.955,1.198,
fleet_depot,parcel_50070004300000010050000000,650,,,,,533.672,0.454,
fleet_depot,parcel_50070004300000010060000000,438,,,,,0.0,0.0,
fleet_depot,parcel_50070005200000010010030000,438,,,,,0.0,0.0,
fleet_depot,parcel_50070004300000020110000000,570,,,,,0.0,0.0,
fleet_depot,parcel_50070004300000010020000000,570,,,,,606.446,0.516,
fleet_depot,parcel_50070005200000010010020000,438,,,,,0.0,0.0,
fleet_depot,parcel_50070005200000010010010000,438,,,,,0.0,0.0,
fleet_depot,parcel_50070005200000020040000000,650,,,,,0.0,0.0,
fleet_depot,parcel_50070005200000020030000000,482,,,,,2231.721,1.9,
fleet_depot,parcel_50070005200000030010120000,448,,,,,0.0,0.0,
fleet_depot,parcel_50070005800000040010020000,448,,,,,0.0,0.0,
fleet_depot,parcel_50070005800000040020020000,421,,,,,1018.829,0.867,
fleet_depot,parcel_50070005200000030170000000,438,,,,,0.0,0.0,
fleet_depot,parcel_50070005200000030140000000,464,,,,,2838.167,2.416,
fleet_depot,parcel_50070005200000030160000000,438,,,,,0.0,0.0,
fleet_depot,parcel_50070005200000030020000000,464,,,,,1358.439,1.157,
fleet_depot,parcel_50070004300000020040000000,455,,,,,824.767,0.702,
fleet_depot,parcel_50070005200000030050020000,484,,,,,1188.634,1.012,
fleet_depot,parcel_50070004300000030010000000,421,,,,,1892.111,1.611,
fleet_depot,parcel_50070004400000090010020000,457,,,,,897.54,0.764,
fleet_depot,parcel_50070004300000020080000000,486,,,,,606.446,0.516,
fleet_depot,parcel_50070004300000020050220000,454,,,,,6331.296,5.391,
fleet_depot,parcel_50070004300000020010020000,464,,,,,3299.066,2.809,
fleet_depot,parcel_50070004300000020120000000,570,,,,,1552.502,1.322,
fleet_depot,parcel_50070003700000010030000000,570,,,,,0.0,0.0,
fleet_depot,parcel_50070003700000010040010000,440,,,,,194.063,0.165,
fleet_depot,parcel_50070004400000020020000000,481,,,,,3396.097,2.892,
fleet_depot,parcel_50070004400000010010020000,457,,,,,703.477,0.599,
fleet_depot,parcel_50070004400000010010120000,465,,,,,1309.923,1.115,
fleet_depot,parcel_50070004400000020010030000,484,,,,,315.352,0.268,
fleet_depot,parcel_50070004400000020010110000,464,,,,,1140.118,0.971,
fleet_depot,parcel_50070004400000020010020000,457,,,,,2183.206,1.859,
fleet_depot,parcel_50070003600000010060000000,485,,,,,2328.753,1.983,
fleet_depot,parcel_50070003600000010070000000,872,,,,,0.0,0.0,
fleet_depot,parcel_50070003500000010010000000,452,,,,,3541.645,3.015,
fleet_depot,parcel_50070003500000050120000000,484,,,,,291.094,0.248,
fleet_depot,parcel_50070004400000060030000000,620,,,,,776.251,0.661,
fleet_depot,parcel_50070004400000060020000000,438,,,,,0.0,0.0,
fleet_depot,parcel_50070004400000070010000000,591,,,,,0.0,0.0,
fleet_depot,parcel_50070005100000030150000000,484,,,,,582.188,0.496,
fleet_depot,parcel_50070005000000020010000000,682,,,,,0.0,0.0,
fleet_depot,parcel_50070005100000040110000000,484,,,,,485.157,0.413,
fleet_depot,parcel_50070005900000040010000000,593,,,,,0.0,0.0,
fleet_depot,parcel_50070005100000010050000000,642,,,,,1188.634,1.012,
fleet_depot,parcel_50070005100000010010000000,438,,,,,0.0,0.0,
fleet_depot,parcel_50070005100000010180010000,485,,,,,679.219,0.578,
fleet_depot,parcel_50070005100000010180020000,421,,,,,242.578,0.207,
fleet_depot,parcel_50070005200000030060000000,456,,,,,4511.958,3.842,
fleet_depot,parcel_50070005200000030050010000,438,,,,,0.0,0.0,
fleet_depot,parcel_50070005200000040100000000,422,,,,,2183.206,1.859,
fleet_depot,parcel_50070005200000040060020000,482,,,,,727.735,0.62,
fleet_depot,parcel_50070005100000060010000000,462,,,,,630.704,0.537,
fleet_depot,parcel_50070005900000030260000000,482,,,,,266.836,0.227,
fleet_depot,parcel_50070005900000030010000000,484,,,,,679.219,0.578,
fleet_depot,parcel_50070005200000040110000000,472,,,,,654.962,0.558,
fleet_depot,parcel_50070005200000040040000000,449,,,,,2134.69,1.818,
fleet_depot,parcel_50070005200000030150000000,484,,,,,3565.902,3.036,
fleet_depot,parcel_50070005200000030200000000,653,,,,,0.0,0.0,
fleet_depot,parcel_50070005900000020280000000,482,,,,,460.899,0.392,
fleet_depot,parcel_50070005900000020210000000,484,,,,,873.282,0.744,
fleet_depot,parcel_50070005900000070200000000,465,,,,,3299.066,2.809,
fleet_depot,parcel_50070005900000070090000000,653,,,,,0.0,0.0,
fleet_depot,parcel_50070005900000030220000000,650,,,,,194.063,0.165,
fleet_depot,parcel_50070005900000030250000000,464,,,,,218.321,0.186,
fleet_depot,parcel_50070005900000060010000000,421,,,,,582.188,0.496,
fleet_depot,parcel_50070005900000070130000000,486,,,,,582.188,0.496,
fleet_depot,parcel_50070005900000070160000000,483,,,,,412.383,0.351,
fleet_depot,parcel_50070007200000030010000000,484,,,,,412.383,0.351,
fleet_depot,parcel_50070005900000060210000000,464,,,,,412.383,0.351,
fleet_depot,parcel_50070007200000030240000000,484,,,,,1552.502,1.322,
fleet_depot,parcel_50070007200000030260000000,482,,,,,1140.118,0.971,
fleet_depot,parcel_50070007200000030030000000,484,,,,,460.899,0.392,
fleet_depot,parcel_50070007200000030020000000,484,,,,,824.767,0.702,
fleet_depot,parcel_50070007200000030280000000,438,,,,,0.0,0.0,
fleet_depot,parcel_50070007200000030270000000,486,,,,,242.578,0.207,
fleet_depot,parcel_50070007200000030230020000,483,,,,,460.899,0.392,
fleet_depot,parcel_50070007200000030190000000,482,,,,,970.314,0.826,
fleet_depot,parcel_50070007200000030180010000,482,,,,,557.93,0.475,
fleet_depot,parcel_50070007200000030070000000,464,,,,,606.446,0.516,
fleet_depot,parcel_50070007200000030200000000,485,,,,,1528.244,1.301,
fleet_depot,parcel_50070007200000030060000000,464,,,,,412.383,0.351,
fleet_depot,parcel_50070007200000030120000000,438,,,,,0.0,0.0,
fleet_depot,parcel_50070005900000060180000000,642,,,,,1043.087,0.888,
fleet_depot,parcel_50070006000000010170000000,483,,,,,315.352,0.268,
fleet_depot,parcel_50070006000000010160000000,483,,,,,557.93,0.475,
fleet_depot,parcel_50070006000000060180000000,483,,,,,339.61,0.289,
fleet_depot,parcel_50070007100000010090000000,482,,,,,751.993,0.64,
fleet_depot,parcel_50070007100000010080000000,483,,,,,533.672,0.454,
fleet_depot,parcel_50070007100000010150000000,483,,,,,509.415,0.434,
fleet_depot,parcel_50070007100000010100000000,484,,,,,145.547,0.124,
fleet_depot,parcel_50070007100000010130000000,481,,,,,800.509,0.682,
fleet_depot,parcel_50070007100000010140000000,484,,,,,315.352,0.268,
fleet_depot,parcel_50070007100000050020000000,484,,,,,315.352,0.268,
fleet_depot,parcel_50070007100000050010000000,484,,,,,242.578,0.207,
fleet_depot,parcel_50070007100000060090000000,483,,,,,897.54,0.764,
fleet_depot,parcel_50070007100000060110000000,483,,,,,412.383,0.351,
fleet_depot,parcel_50070007100000060080000000,449,,,,,970.314,0.826,
fleet_depot,parcel_50070007100000060070000000,484,,,,,1018.829,0.867,
fleet_depot,parcel_50070007100000060050000000,438,,,,,0.0,0.0,
fleet_depot,parcel_50070007100000010190010000,422,,,,,679.219,0.578,
fleet_depot,parcel_50070007100000010180000000,438,,,,,0.0,0.0,
fleet_depot,parcel_50070007100000010170000000,483,,,,,533.672,0.454,
fleet_depot,parcel_50070007100000010160000000,483,,,,,412.383,0.351,
fleet_depot,parcel_50070007100000010070000000,464,,,,,266.836,0.227,
fleet_depot,parcel_50070007100000010190020000,484,,,,,1770.822,1.508,
fleet_depot,parcel_50070007100000010050000000,482,,,,,1140.118,0.971,
fleet_depot,parcel_50070007100000010040000000,455,,,,,1722.307,1.466,
fleet_depot,parcel_50070007100000010220000000,484,,,,,873.282,0.744,
fleet_depot,parcel_50070007100000060010000000,430,,,,,339.61,0.289,
fleet_depot,parcel_50070007200000040090000000,433,,,,,1309.923,1.115,
fleet_depot,parcel_50070007200000030160000000,484,,,,,509.415,0.434,
fleet_depot,parcel_50070007200000030150000000,482,,,,,1043.087,0.888,
fleet_depot,parcel_50070007200000030170000000,425,,,,,266.836,0.227,
fleet_depot,parcel_50070007200000040040000000,835,,,,,1843.596,1.57,
fleet_depot,parcel_50070007200000040050000000,464,,,,,921.798,0.785,
fleet_depot,parcel_50070007200000040130000000,484,,,,,1018.829,0.867,
fleet_depot,parcel_50070007200000040100000000,484,,,,,412.383,0.351,
fleet_depot,parcel_50070007100000060260000000,534,,,,,703.477,0.599,
fleet_depot,parcel_50070007100000060230000000,484,,,,,266.836,0.227,
fleet_depot,parcel_50070007100000060210000000,438,,,,,0.0,0.0,
fleet_depot,parcel_50070007100000060060000000,632,,,,,1989.143,1.694,
fleet_depot,parcel_50070007100000060200000000,465,,,,,291.094,0.248,
fleet_depot,parcel_50070007100000050200000000,438,,,,,0.0,0.0,
fleet_depot,parcel_50070008000000010060000000,620,,,,,509.415,0.434,
fleet_depot,parcel_50070008000000010050000000,620,,,,,0.0,0.0,
fleet_depot,parcel_50070008000000040150000000,449,,,,,1334.181,1.136,
fleet_depot,parcel_50070008000000060030000000,483,,,,,703.477,0.599,
fleet_depot,parcel_50070008000000050150000000,681,,,,,1406.955,1.198,
fleet_depot,parcel_50070007100000050130000000,425,,,,,727.735,0.62,
fleet_depot,parcel_50070007100000090020000000,484,,,,,921.798,0.785,
fleet_depot,parcel_50070007100000090050000000,483,,,,,509.415,0.434,
fleet_depot,parcel_50070007100000100010000000,471,,,,,849.024,0.723,
fleet_depot,parcel_50070007100000100040000000,632,,,,,412.383,0.351,
fleet_depot,parcel_50070007100000100020000000,464,,,,,533.672,0.454,
fleet_depot,parcel_50070007100000040070000000,483,,,,,703.477,0.599,
fleet_depot,parcel_50070007100000040090000000,483,,,,,485.157,0.413,
fleet_depot,parcel_50070007100000040100000000,464,,,,,291.094,0.248,
fleet_depot,parcel_50070007100000040080000000,483,,,,,606.446,0.516,
fleet_depot,parcel_50070007100000040060000000,471,,,,,1212.892,1.033,
fleet_depot,parcel_50070007000000060190000000,438,,,,,0.0,0.0,
fleet_depot,parcel_50070007000000060200000000,438,,,,,0.0,0.0,
fleet_depot,parcel_50070007000000060030000000,482,,,,,3347.582,2.85,
fleet_depot,parcel_50070007000000060010020000,534,,,,,1188.634,1.012,
fleet_depot,parcel_50070007000000060020000000,464,,,,,3371.84,2.871,
fleet_depot,parcel_50070007100000040010020000,653,,,,,0.0,0.0,
fleet_depot,parcel_50070007100000040010010000,465,,,,,824.767,0.702,
fleet_depot,parcel_50070007100000030050000000,438,,,,,0.0,0.0,
fleet_depot,parcel_50070007100000030030000000,483,,,,,873.282,0.744,
fleet_depot,parcel_50070007100000020120000000,620,,,,,1358.439,1.157,
fleet_depot,parcel_50070007100000030070000000,464,,,,,1309.923,1.115,
fleet_depot,parcel_50070007100000050120000000,464,,,,,970.314,0.826,
fleet_depot,parcel_50070007100000050110000000,483,,,,,485.157,0.413,
fleet_depot,parcel_50070007100000050100000000,465,,,,,582.188,0.496,
fleet_depot,parcel_50070007100000050080000000,662,,,,,3177.777,2.706,
fleet_depot,parcel_50070007100000050090000000,483,,,,,533.672,0.454,
fleet_depot,parcel_50070007100000020150000000,464,,,,,921.798,0.785,
fleet_depot,parcel_50070007100000050070000000,483,,,,,412.383,0.351,
fleet_depot,parcel_50070007100000050170020000,425,,,,,1455.47,1.239,
fleet_depot,parcel_50070007100000050050000000,438,,,,,0.0,0.0,
fleet_depot,parcel_50070007100000050040000000,438,,,,,0.0,0.0,
fleet_depot,parcel_50070007100000020180000000,482,,,,,1212.892,1.033,
fleet_depot,parcel_50070007100000020190000000,465,,,,,1382.697,1.177,
fleet_depot,parcel_50070007100000020050000000,652,,,,,11716.536,9.976,
fleet_depot,parcel_50070006000000050120000000,465,,,,,509.415,0.434,
fleet_depot,parcel_50070006000000020050040000,483,,,,,970.314,0.826,
fleet_depot,parcel_50070006000000020080000000,612,,,,,12492.787,10.637,
fleet_depot,parcel_50070006000000030090010000,483,,,,,751.993,0.64,
fleet_depot,parcel_50070006000000030100000000,483,,,,,412.383,0.351,
fleet_depot,parcel_50070006100000010120000000,464,,,,,703.477,0.599,
fleet_depot,parcel_50070006100000010110000000,465,,,,,1819.338,1.549,
fleet_depot,parcel_50070006100000010100000000,483,,,,,533.672,0.454,
fleet_depot,parcel_50070006100000060050000000,438,,,,,0.0,0.0,
fleet_depot,parcel_50070006100000060060000000,438,,,,,0.0,0.0,
fleet_depot,parcel_50070006100000060100000000,484,,,,,97.031,0.083,
fleet_depot,parcel_50070006100000060130000000,620,,,,,1552.502,1.322,
fleet_depot,parcel_50070006100000060150000000,483,,,,,388.125,0.33,
fleet_depot,parcel_50070006100000060010000000,464,,,,,630.704,0.537,
fleet_depot,parcel_50070006000000040070000000,484,,,,,460.899,0.392,
fleet_depot,parcel_50070006000000040060000000,484,,,,,291.094,0.248,
fleet_depot,parcel_50070007000000010150000000,482,,,,,1406.955,1.198,
fleet_depot,parcel_50070007000000010160000000,620,,,,,0.0,0.0,
fleet_depot,parcel_50070007000000010020000000,483,,,,,533.672,0.454,
fleet_depot,parcel_50070007000000010010000000,620,,,,,1843.596,1.57,
fleet_depot,parcel_50070007000000010130000000,438,,,,,0.0,0.0,
fleet_depot,parcel_50070007000000010120000000,438,,,,,0.0,0.0,
fleet_depot,parcel_50070007000000060040000000,421,,,,,315.352,0.268,
fleet_depot,parcel_50070007000000010110020000,482,,,,,1067.345,0.909,
fleet_depot,parcel_50070007000000010100000000,481,,,,,2401.526,2.045,
fleet_depot,parcel_50070007000000010090000000,481,,,,,873.282,0.744,
fleet_depot,parcel_50070007000000060150000000,482,,,,,1892.111,1.611,
fleet_depot,parcel_50070007000000060070000000,481,,,,,679.219,0.578,
fleet_depot,parcel_50070007000000060050020000,511,,,,,5870.397,4.998,
fleet_depot,parcel_50070007000000060080000000,481,,,,,824.767,0.702,
fleet_depot,parcel_50070007000000010060000000,481,,,,,1576.76,1.342,
fleet_depot,parcel_50070007000000020370000000,481,,,,,1503.986,1.281,
fleet_depot,parcel_50070007000000020360000000,481,,,,,921.798,0.785,
fleet_depot,parcel_50070007000000020350000000,481,,,,,1018.829,0.867,
fleet_depot,parcel_50070007000000010050000000,481,,,,,2231.721,1.9,
fleet_depot,parcel_50070007000000010080000000,482,,,,,2061.916,1.756,
fleet_depot,parcel_50070007000000010030000000,464,,,,,4948.599,4.213,
fleet_depot,parcel_50070007000000020380000000,482,,,,,1309.923,1.115,
fleet_depot,parcel_50070007000000020310000000,484,,,,,1795.08,1.528,
fleet_depot,parcel_50070007000000020290000000,481,,,,,1916.369,1.632,
fleet_depot,parcel_50070007000000020280000000,481,,,,,630.704,0.537,
fleet_depot,parcel_50070007000000020040000000,464,,,,,291.094,0.248,
fleet_depot,parcel_50070007000000020030010000,464,,,,,460.899,0.392,
fleet_depot,parcel_50070007000000020340000000,481,,,,,3614.418,3.077,
fleet_depot,parcel_50070006100000050110000000,463,,,,,17101.777,14.561,
fleet_depot,parcel_50070006100000060070000000,620,,,,,2474.3,2.107,
fleet_depot,parcel_50070006100000060080000000,534,,,,,1091.603,0.929,
fleet_depot,parcel_50070006100000020100010000,464,,,,,1091.603,0.929,
fleet_depot,parcel_50070006100000020080000000,461,,,,,1479.728,1.26,
fleet_depot,parcel_50070006100000050010000000,452,,,,,21298.383,18.134,
fleet_depot,parcel_50070006100000050030000000,482,,,,,654.962,0.558,
fleet_depot,parcel_50070006100000050040000000,482,,,,,460.899,0.392,
fleet_depot,parcel_50070006100000050050000000,462,,,,,48.516,0.041,
fleet_depot,parcel_50070006100000050060000000,438,,,,,0.0,0.0,
fleet_depot,parcel_50070006100000050100000000,414,,,,,33694.139,28.688,
fleet_depot,parcel_50070006100000050070000000,831,,,,,3662.934,3.119,
fleet_depot,parcel_50070006100000020040000000,652,,,,,13074.975,11.132,
fleet_depot,parcel_50070006100000020060000000,464,,,,,1188.634,1.012,
fleet_depot,parcel_50070006100000030140000000,464,,,,,5360.982,4.564,
fleet_depot,parcel_50070006100000030160000000,483,,,,,679.219,0.578,
fleet_depot,parcel_50070006100000030100000000,464,,,,,3177.777,2.706,
fleet_depot,parcel_50070006100000030120000000,620,,,,,3080.746,2.623,
fleet_depot,parcel_50070006100000030090000000,438,,,,,0.0,0.0,
fleet_depot,parcel_50070006100000030080000000,438,,,,,0.0,0.0,
fleet_depot,parcel_50070006100000030210000000,464,,,,,776.251,0.661,
fleet_depot,parcel_50070006100000030190000000,464,,,,,509.415,0.434,
fleet_depot,parcel_50070006100000030200000000,483,,,,,727.735,0.62,
fleet_depot,parcel_50070006100000030220000000,483,,,,,606.446,0.516,
fleet_depot,parcel_50070004900000020080000000,620,,,,,776.251,0.661,
fleet_depot,parcel_50070004900000020090000000,620,,,,,1334.181,1.136,
fleet_depot,parcel_50070004900000020130000000,483,,,,,703.477,0.599,
fleet_depot,parcel_50070006100000020030000000,620,,,,,2110.432,1.797,
fleet_depot,parcel_50070006100000020110000000,590,,,,,0.0,0.0,
fleet_depot,parcel_50070006100000020010000000,620,,,,,4148.091,3.532,
fleet_depot,parcel_50070004900000010160000000,483,,,,,703.477,0.599,
fleet_depot,parcel_50070005000000040200000000,483,,,,,703.477,0.599,
fleet_depot,parcel_50070004900000010150000000,482,,,,,436.641,0.372,
fleet_depot,parcel_50070004900000010230000000,483,,,,,557.93,0.475,
fleet_depot,parcel_50070005000000040210000000,464,,,,,582.188,0.496,
fleet_depot,parcel_50070005000000040260000000,464,,,,,873.282,0.744,
fleet_depot,parcel_50070006100000010030000000,465,,,,,897.54,0.764,
fleet_depot,parcel_50070006100000010020000000,483,,,,,824.767,0.702,
fleet_depot,parcel_50070006000000020070020000,591,,,,,0.0,0.0,
fleet_depot,parcel_50070006000000020070010000,615,,,,,3517.387,2.995,
fleet_depot,parcel_50070006000000020050010000,612,,,,,1722.307,1.466,
fleet_depot,parcel_50070006000000020050220000,465,,,,,1770.822,1.508,
fleet_depot,parcel_50070005000000010160000000,438,,,,,0.0,0.0,
fleet_depot,parcel_50070005000000030260000000,620,,,,,460.899,0.392,
fleet_depot,parcel_50070003400000010010000000,483,,,,,557.93,0.475,
fleet_depot,parcel_50070004500000030010000000,590,,,,,0.0,0.0,
fleet_depot,parcel_50070004600000010010000000,485,,,,,169.805,0.145,
fleet_depot,parcel_50070004600000010170000000,482,,,,,1528.244,1.301,
fleet_depot,parcel_50070004600000010150000000,465,,,,,1018.829,0.867,
fleet_depot,parcel_50070004600000070010000000,438,,,,,0.0,0.0,
fleet_depot,parcel_50070004900000010010000000,483,,,,,946.056,0.805,
fleet_depot,parcel_50070004900000020030000000,464,,,,,630.704,0.537,
fleet_depot,parcel_50070004600000060150000000,620,,,,,412.383,0.351,
fleet_depot,parcel_50070004600000060030000000,483,,,,,582.188,0.496,
fleet_depot,parcel_50070004600000060090000000,438,,,,,0.0,0.0,
fleet_depot,parcel_50070004600000060080000000,483,,,,,315.352,0.268,
fleet_depot,parcel_50070004900000040010000000,464,,,,,679.219,0.578,
fleet_depot,parcel_50070004900000020040000000,464,,,,,291.094,0.248,
fleet_depot,parcel_50070004900000020060220000,438,,,,,0.0,0.0,
fleet_depot,parcel_50070004900000040070000000,483,,,,,1140.118,0.971,
fleet_depot,parcel_50070004900000040090000000,464,,,,,291.094,0.248,
fleet_depot,parcel_50070004900000040100000000,464,,,,,533.672,0.454,
fleet_depot,parcel_50070004900000040050000000,620,,,,,4196.606,3.573,
fleet_depot,parcel_50070006100000030050000000,464,,,,,388.125,0.33,
fleet_depot,parcel_50070006100000030040000000,464,,,,,388.125,0.33,
fleet_depot,parcel_50070006100000030060000000,483,,,,,436.641,0.372,
fleet_depot,parcel_50070006200000010160000000,464,,,,,970.314,0.826,
fleet_depot,parcel_50070006200000010170000000,483,,,,,485.157,0.413,
fleet_depot,parcel_50070004900000060070000000,483,,,,,412.383,0.351,
fleet_depot,parcel_50070004900000060050000000,483,,,,,460.899,0.392,
fleet_depot,parcel_50070004800000030010000000,620,,,,,412.383,0.351,
fleet_depot,parcel_50070004900000050060000000,438,,,,,0.0,0.0,
fleet_depot,parcel_50070004900000050110000000,464,,,,,679.219,0.578,
fleet_depot,parcel_50070004700000030020000000,695,,,,,0.0,0.0,
fleet_depot,parcel_50070004600000040010000000,464,,,,,751.993,0.64,
fleet_depot,parcel_50070004700000040020000000,438,,,,,0.0,0.0,
fleet_depot,parcel_50070003200000030040000000,613,,,,,1479.728,1.26,
fleet_depot,parcel_50070002900000010070000000,620,,,,,1576.76,1.342,
fleet_depot,parcel_50070003200000030110000000,438,,,,,0.0,0.0,
fleet_depot,parcel_50070002800000030050020000,438,,,,,0.0,0.0,
fleet_depot,parcel_50070002800000020010000000,612,,,,,6743.679,5.742,
fleet_depot,parcel_50070001200000030100000000,438,,,,,0.0,0.0,
fleet_depot,parcel_50070001200000030090000000,438,,,,,0.0,0.0,
fleet_depot,parcel_50070001200000030110000000,425,,,,,679.219,0.578,
fleet_depot,parcel_50070001200000050010000000,483,,,,,557.93,0.475,
fleet_depot,parcel_50070001200000050050000000,484,,,,,266.836,0.227,
fleet_depot,parcel_50070001200000050040000000,483,,,,,946.056,0.805,
fleet_depot,parcel_50070001400000040130000000,484,,,,,169.805,0.145,
fleet_depot,parcel_50070002700000040110000000,484,,,,,242.578,0.207,
fleet_depot,parcel_50070003400000050010000000,483,,,,,703.477,0.599,
fleet_depot,parcel_50070002700000010040000000,457,,,,,363.868,0.31,
fleet_depot,parcel_50070002600000040010000000,591,,,,,0.0,0.0,
fleet_depot,parcel_50070003500000030030010000,438,,,,,0.0,0.0,
fleet_depot,parcel_50070003500000020050000000,620,,,,,800.509,0.682,
fleet_depot,parcel_50070002500000030010220000,590,,,,,0.0,0.0,
fleet_depot,parcel_50070002600000020080000000,482,,,,,4900.084,4.172,
fleet_depot,parcel_50070001500000010080000000,642,,,,,824.767,0.702,
fleet_depot,parcel_50070001500000040010000000,464,,,,,2280.237,1.941,
fleet_depot,parcel_50070001600000010080000000,710,,,,,1892.111,1.611,
fleet_depot,parcel_50070001600000010040010000,438,,,,,0.0,0.0,
fleet_depot,parcel_50070001600000010030000000,651,,,,,18072.09,15.387,
fleet_depot,parcel_50070001600000010120010000,485,,,,,2231.721,1.9,
fleet_depot,parcel_50070001300000020080000000,438,,,,,0.0,0.0,
fleet_depot,parcel_50070001300000020090000000,620,,,,,824.767,0.702,
fleet_depot,parcel_50070001400000040160000000,438,,,,,0.0,0.0,
fleet_depot,parcel_50070001400000040010000000,620,,,,,1576.76,1.342,
fleet_depot,parcel_50070001200000020190000000,421,,,,,412.383,0.351,
fleet_depot,parcel_50070001200000020010000000,484,,,,,1843.596,1.57,
fleet_depot,parcel_50070000500000020100020000,438,,,,,0.0,0.0,
fleet_depot,parcel_50070000200000020020000000,590,,,,,533.672,0.454,
fleet_depot,parcel_50070000200000020070000000,593,,,,,0.0,0.0,
fleet_depot,parcel_50070002400000010010020000,650,,,,,994.571,0.847,
fleet_depot,parcel_50070001700000010010030000,570,,,,,1528.244,1.301,
fleet_depot,parcel_50070001700000010010020000,465,,,,,10964.543,9.335,
fleet_depot,parcel_50070001700000010020000000,485,,,,,1261.408,1.074,
fleet_depot,parcel_50070001600000010050020000,480,,,,,1601.017,1.363,
fleet_depot,parcel_50070001600000010050010000,484,,,,,946.056,0.805,
fleet_depot,parcel_50070001600000010060000000,710,,,,,824.767,0.702,
fleet_depot,parcel_50070002500000020010010000,615,,,,,946.056,0.805,
fleet_depot,parcel_50070002500000040010000000,650,,,,,4948.599,4.213,
fleet_depot,parcel_50070002500000040020020000,591,,,,,0.0,0.0,
fleet_depot,parcel_50070002500000040040000000,438,,,,,0.0,0.0,
fleet_depot,parcel_50070002500000050010000000,452,,,,,1698.049,1.446,
fleet_depot,parcel_50070002500000050030000000,541,,,,,3129.261,2.664,
fleet_depot,parcel_50070002500000050040010000,484,,,,,460.899,0.392,
fleet_depot,parcel_50070002500000010050000000,650,,,,,0.0,0.0,
fleet_depot,parcel_50070002500000010080000000,454,,,,,3347.582,2.85,
fleet_depot,parcel_50070002300000010020000000,650,,,,,0.0,0.0,
fleet_depot,parcel_50070003700000010010000000,485,,,,,2741.136,2.334,
fleet_depot,parcel_50070003600000010040000000,456,,,,,4269.38,3.635,
fleet_depot,parcel_50070003600000010030510000,465,,,,,11595.247,9.872,
fleet_depot,parcel_50070002300000010010000000,455,,,,,4608.989,3.924,
fleet_depot,parcel_50070002200000020010000000,650,,,,,0.0,0.0,
fleet_depot,parcel_50070000200000010010020000,556,,,,,6210.007,5.287,
fleet_depot,parcel_50070002100000040040010000,650,,,,,0.0,0.0,
fleet_depot,parcel_50070002100000040010020000,465,,,,,2110.432,1.797,
fleet_depot,parcel_50070000200000010010030000,650,,,,,0.0,0.0,
fleet_depot,parcel_50070000200000010010010000,570,,,,,1261.408,1.074,
fleet_depot,parcel_50070000200000020040000000,650,,,,,0.0,0.0,
fleet_depot,parcel_50070000200000020050000000,650,,,,,0.0,0.0,
fleet_depot,parcel_50070000100000010150000000,650,,,,,3614.418,3.077,
fleet_depot,parcel_50070000500000010010000000,612,,,,,46259.7,39.387,
fleet_depot,parcel_50070000600000010010000000,695,,,,,0.0,0.0,
fleet_depot,parcel_50070001200000020030000000,590,,,,,0.0,0.0,
fleet_depot,parcel_50070001200000070010000000,590,,,,,0.0,0.0,
fleet_depot,parcel_50070001100000030010210000,590,,,,,0.0,0.0,
fleet_depot,parcel_50070002900000040030000000,438,,,,,0.0,0.0,
fleet_depot,parcel_50070002900000030100000000,438,,,,,0.0,0.0,
fleet_depot,parcel_50070002900000030080000000,613,,,,,1576.76,1.342,
fleet_depot,parcel_50070002900000030090000000,438,,,,,0.0,0.0,
fleet_depot,parcel_50070001000000020030000000,483,,,,,291.094,0.248,
fleet_depot,parcel_50070000900000050010000000,464,,,,,1576.76,1.342,
fleet_depot,parcel_50070000900000060030000000,613,,,,,0.0,0.0,
fleet_depot,parcel_50070000900000060040000000,438,,,,,0.0,0.0,
fleet_depot,parcel_50070000900000060110000000,438,,,,,0.0,0.0,
fleet_depot,parcel_50070000900000060100000000,613,,,,,3954.028,3.367,
fleet_depot,parcel_50070000800000010080000000,438,,,,,0.0,0.0,
fleet_depot,parcel_50070000900000070010000000,613,,,,,2061.916,1.756,
fleet_depot,parcel_50070000900000070030000000,692,,,,,0.0,0.0,
fleet_depot,parcel_50070000900000070080000000,613,,,,,0.0,0.0,
fleet_depot,parcel_50070000900000070070000000,613,,,,,0.0,0.0,
fleet_depot,parcel_50070003000000010010020000,613,,,,,770453.233,655.984,
fleet_depot,parcel_50070006500000030010010000,613,,,,,20983.031,17.866,
fleet_depot,parcel_50070006500000030030000000,613,,,,,9266.495,7.89,
fleet_depot,parcel_50070006500000030060000000,432,,,,,121.289,0.103,
fleet_depot,parcel_50070000400000020010000000,822,,,,,0.0,0.0,
fleet_depot,parcel_50070000300000010140000000,822,,,,,0.0,0.0,
fleet_depot,parcel_50070005600000010010000000,650,,,,,0.0,0.0,
fleet_depot,parcel_50070007600000020170000000,650,,,,,48.516,0.041,
fleet_depot,parcel_50070009900000020030000000,484,,,,,291.094,0.248,
fleet_depot,parcel_50070009900000010090000000,484,,,,,436.641,0.372,
fleet_depot,parcel_50070052500000060010000000,842,,,,,0.0,0.0,
fleet_depot,parcel_50070012700000010040000000,692,,,,,0.0,0.0,
fleet_depot,parcel_50070012600000010020020000,652,,,,,6549.617,5.577,
fleet_depot,parcel_50070012600000010030020000,431,,,,,12541.303,10.678,
fleet_depot,parcel_50070013000000020010110000,452,,,,,3517.387,2.995,
fleet_depot,parcel_50070013000000020010120000,426,,,,,388.125,0.33,
fleet_depot,parcel_50070013000000020010130000,426,,,,,460.899,0.392,
fleet_depot,parcel_50070013000000020010020000,433,,,,,1843.596,1.57,
fleet_depot,parcel_50070013100000010060020000,452,,,,,3323.324,2.83,
fleet_depot,parcel_50070013100000010060010000,453,,,,,17611.191,14.995,
fleet_depot,parcel_50070013100000010060020001,452,,,,,12468.529,10.616,
fleet_depot,parcel_50070013100000010060030000,461,,,,,606.446,0.516,
fleet_depot,parcel_50070013100000010030000000,692,,,,,0.0,0.0,
fleet_depot,parcel_50070013100000010020000000,485,,,,,727.735,0.62,
fleet_depot,parcel_50070013000000040070020000,692,,,,,0.0,0.0,
fleet_depot,parcel_50308906100000010080120000,590,,,,,0.0,0.0,
fleet_depot,parcel_50308905700000020010010000,590,,,,,0.0,0.0,
fleet_depot,parcel_50308905700000020010020000,590,,,,,0.0,0.0,
fleet_depot,parcel_50308905700000010080440000,591,,,,,0.0,0.0,
fleet_depot,parcel_50308905100000010020000000,590,,,,,0.0,0.0,
fleet_depot,parcel_50308904800000010150000000,590,,,,,0.0,0.0,
fleet_depot,parcel_50308904600000010090000000,695,,,,,0.0,0.0,
fleet_depot,parcel_50308905500000010010000000,822,,,,,0.0,0.0,
fleet_depot,parcel_50308904400000010050010000,822,,,,,0.0,0.0,
fleet_depot,parcel_50308904900000010250000000,872,,,,,0.0,0.0,
fleet_depot,parcel_50308904700000010110030000,632,,,,,2838.167,2.416,
fleet_depot,parcel_50308904500000010020010000,822,,,,,0.0,0.0,
fleet_depot,parcel_50308903600000030010010000,620,,,,,873.282,0.744,
fleet_depot,parcel_50308904300000020100000000,620,,,,,4051.059,3.449,
fleet_depot,parcel_50308903600000010040050000,414,,,,,7908.056,6.733,
fleet_depot,parcel_50308904300000010030050000,612,,,,,2498.557,2.127,
fleet_depot,parcel_50308904300000020070000000,612,,,,,388.125,0.33,
fleet_depot,parcel_50308904300000020020020000,486,,,,,630.704,0.537,
fleet_depot,parcel_50308904300000010050000000,484,,,,,3299.066,2.809,
fleet_depot,parcel_50308903900000010160010000,422,,,,,169.805,0.145,
fleet_depot,parcel_50308903900000010170000000,457,,,,,291.094,0.248,
fleet_depot,parcel_50308903700100010090000099,837,,,,,0.0,0.0,
fleet_depot,parcel_50308903700100010090000000,415,,,,,7398.641,6.299,
fleet_depot,parcel_50308903800000030090000000,695,,,,,0.0,0.0,
fleet_depot,parcel_50308903900000010010320000,613,,,,,0.0,0.0,
fleet_depot,parcel_50308903900000010010310000,633,,,,,26198.466,22.306,
fleet_depot,parcel_50308904100000010300070000,662,,,,,1649.533,1.404,
fleet_depot,parcel_50308903900000010010220000,710,,,,,38861.059,33.087,
fleet_depot,parcel_50308903900000010010010000,464,,,,,12056.146,10.265,
fleet_depot,parcel_50308904400000010030000000,613,,,,,0.0,0.0,
fleet_depot,parcel_50308904100000010300020000,613,,,,,400763.763,341.221,
fleet_depot,parcel_50308904100000010300020993,837,,,,,0.0,0.0,
fleet_depot,parcel_50308904100000010300020991,837,,,,,0.0,0.0,
fleet_depot,parcel_50308904100000010300020992,837,,,,,0.0,0.0,
fleet_depot,parcel_50308904400000010043130000,613,,,,,0.0,0.0,
fleet_depot,parcel_50308904400000010043140000,590,,,,,0.0,0.0,
fleet_depot,parcel_50308904400200010020000000,642,,,,,1382.697,1.177,
fleet_depot,parcel_50308904400000011230000000,822,,,,,0.0,0.0,
fleet_depot,parcel_50308904400000011250000000,590,,,,,0.0,0.0,
fleet_depot,parcel_50308904400000011220020000,590,,,,,0.0,0.0,
fleet_depot,parcel_50308905000000010050060000,822,,,,,72.774,0.062,
fleet_depot,parcel_50308905300000010220030000,590,,,,,0.0,0.0,
fleet_depot,parcel_50308905800000020220030000,620,,,,,460.899,0.392,
fleet_depot,parcel_50308905800000020280000000,485,,,,,606.446,0.516,
fleet_depot,parcel_50308905700000010100000000,822,,,,,0.0,0.0,
fleet_depot,parcel_50308905800000020040000000,620,,,,,1528.244,1.301,
fleet_depot,parcel_50308905800000020390700000,591,,,,,0.0,0.0,
fleet_depot,parcel_50308905800000020390030000,620,,,,,897.54,0.764,
fleet_depot,parcel_50308906000000010190000000,590,,,,,0.0,0.0,
fleet_depot,parcel_50308905800000010040000000,822,,,,,0.0,0.0,
fleet_depot,parcel_50308905300000010220020000,590,,,,,0.0,0.0,
fleet_depot,parcel_50308905400000020010000000,710,,,,,25203.895,21.459,
fleet_depot,parcel_50308905900000020250020000,590,,,,,0.0,0.0,
fleet_depot,parcel_50308905900000020250010000,590,,,,,0.0,0.0,
fleet_depot,parcel_50308905400000020130000000,822,,,,,97.031,0.083,
fleet_depot,parcel_50308905400000070500000000,590,,,,,0.0,0.0,
fleet_depot,parcel_50308904000000040020000000,486,,,,,1188.634,1.012,
fleet_depot,parcel_50308904000000030090020000,464,,,,,460.899,0.392,
fleet_depot,parcel_50308904000000030030000000,710,,,,,0.0,0.0,
fleet_depot,parcel_50308901800000020100000000,465,,,,,1188.634,1.012,
fleet_depot,parcel_50308901800000010010010000,853,,,,,0.0,0.0,
fleet_depot,parcel_50308901700000010010020000,612,,,,,20983.031,17.866,
fleet_depot,parcel_50308901600000010050000000,612,,,,,0.0,0.0,
fleet_depot,parcel_50308901600000010030000000,433,,,,,315.352,0.268,
fleet_depot,parcel_50308901600000020050000000,695,,,,,266.836,0.227,
fleet_depot,parcel_50308907100000070010000000,553,,,,,0.0,0.0,
fleet_depot,parcel_50308906800000010010020000,553,,,,,2741.136,2.334,
fleet_depot,parcel_50308907100000010100030000,620,,,,,0.0,0.0,
fleet_depot,parcel_50308907100000010100020000,620,,,,,2910.941,2.478,
fleet_depot,parcel_50308906900000010010000000,610,,,,,0.0,0.0,
fleet_depot,parcel_50308906500000010050010000,613,,,,,2716.878,2.313,
fleet_depot,parcel_50308906500000010050030000,613,,,,,3129.261,2.664,
fleet_depot,parcel_50308906500000010050040000,615,,,,,1382.697,1.177,
fleet_depot,parcel_50308906600000030140000000,613,,,,,0.0,0.0,
fleet_depot,parcel_50308906700000010100010000,613,,,,,2231.721,1.9,
fleet_depot,parcel_50308906700000010100040000,613,,,,,0.0,0.0,
fleet_depot,parcel_50308906700000010120000000,613,,,,,6355.554,5.411,
fleet_depot,parcel_50308906600000010060000000,483,,,,,727.735,0.62,
fleet_depot,parcel_50308906600000040020000000,613,,,,,0.0,0.0,
fleet_depot,parcel_50308906700000010080000000,613,,,,,970.314,0.826,
fleet_depot,parcel_50308906600000030170000000,620,,,,,266.836,0.227,
fleet_depot,parcel_50308906600000020150000000,590,,,,,0.0,0.0,
fleet_depot,parcel_50308906800000010090000000,552,,,,,2037.658,1.735,
fleet_depot,parcel_50308906700000010040000000,613,,,,,0.0,0.0,
fleet_depot,parcel_50308906700000010020010000,613,,,,,0.0,0.0,
fleet_depot,parcel_50308906700000010010010000,613,,,,,0.0,0.0,
fleet_depot,parcel_50308906700000010030020000,613,,,,,776.251,0.661,
fleet_depot,parcel_50308906700000010060000000,613,,,,,3129.261,2.664,
fleet_depot,parcel_50308905900000020160000000,484,,,,,218.321,0.186,
fleet_depot,parcel_50308906000000010010000000,590,,,,,0.0,0.0,
fleet_depot,parcel_50308906000000010020000000,464,,,,,2813.909,2.396,
fleet_depot,parcel_50308906300000020150000000,822,,,,,0.0,0.0,
fleet_depot,parcel_50308906300000010050000000,613,,,,,0.0,0.0,
fleet_depot,parcel_50308906300000010080010000,613,,,,,39637.309,33.748,
fleet_depot,parcel_50308906300000010070000000,449,,,,,3371.84,2.871,
fleet_depot,parcel_50308906700000010130010000,613,,,,,16956.23,14.437,
fleet_depot,parcel_50308906700000010130020000,613,,,,,0.0,0.0,
fleet_depot,parcel_50308906300000010010000000,613,,,,,25446.473,21.666,
fleet_depot,parcel_50308906300000010020040000,613,,,,,727.735,0.62,
fleet_depot,parcel_50308906700000010100020000,613,,,,,22705.338,19.332,
fleet_depot,parcel_50308906700000010100050000,613,,,,,21177.094,18.031,
fleet_depot,parcel_50308906700000010110000000,650,,,,,5142.662,4.379,
fleet_depot,parcel_50308906700000010100030000,610,,,,,22729.595,19.353,
fleet_depot,parcel_50308906300000010020020000,613,,,,,13608.648,11.587,
fleet_depot,parcel_50308906300000010030010000,613,,,,,0.0,0.0,
fleet_depot,parcel_50308906300000010120000000,613,,,,,0.0,0.0,
fleet_depot,parcel_50308906700000010100060000,613,,,,,68552.654,58.368,
fleet_depot,parcel_50308906300000010030030000,613,,,,,2765.394,2.355,
fleet_depot,parcel_50308906400000010010000000,613,,,,,16107.205,13.714,
fleet_depot,parcel_50308906300000010100000000,613,,,,,970.314,0.826,
fleet_depot,parcel_50308906300000010030040000,464,,,,,14021.031,11.938,
fleet_depot,parcel_50308906200000020020000000,613,,,,,0.0,0.0,
fleet_depot,parcel_50308906200000020130010000,465,,,,,1115.861,0.95,
fleet_depot,parcel_50308906200000020130070000,415,,,,,8393.212,7.146,
fleet_depot,parcel_50308906200000020011210000,452,,,,,21322.641,18.155,
fleet_depot,parcel_50308906200000020011250000,462,,,,,873.282,0.744,
fleet_depot,parcel_50308906200000020130060000,435,,,,,557.93,0.475,
fleet_depot,parcel_50308906300000020090000000,695,,,,,0.0,0.0,
fleet_depot,parcel_50308906200000020011230000,421,,,,,557.93,0.475,
fleet_depot,parcel_50308906200000010030220000,456,,,,,2644.104,2.251,
fleet_depot,parcel_50308906200000020010130000,486,,,,,97.031,0.083,
fleet_depot,parcel_50308906200000010020010000,426,,,,,654.962,0.558,
fleet_depot,parcel_50308906000000010090020000,613,,,,,0.0,0.0,
fleet_depot,parcel_50308906000000010070000000,464,,,,,242.578,0.207,
fleet_depot,parcel_50308906000000010080010000,873,,,,,0.0,0.0,
fleet_depot,parcel_50308906000000010090010000,613,,,,,6088.718,5.184,
fleet_depot,parcel_50308906000000010080020000,613,,,,,11207.122,9.542,
fleet_depot,parcel_50308906200000020010220000,426,,,,,533.672,0.454,
fleet_depot,parcel_50308906200000020010210000,462,,,,,145.547,0.124,
fleet_depot,parcel_50308905700000010110130000,590,,,,,0.0,0.0,
fleet_depot,parcel_50308906000000010090030000,464,,,,,363.868,0.31,
fleet_depot,parcel_50308906100000010190000000,613,,,,,0.0,0.0,
fleet_depot,parcel_50308905700000010080560000,822,,,,,0.0,0.0,
fleet_depot,parcel_50308906100000010070010000,613,,,,,1940.627,1.652,
fleet_depot,parcel_50308906100000010070020991,613,,,,,0.0,0.0,
fleet_depot,parcel_50308906100000010070020000,613,,,,,0.0,0.0,
fleet_depot,parcel_50308906100000010070020099,613,,,,,0.0,0.0,
fleet_depot,parcel_50308906200000020040000000,613,,,,,0.0,0.0,
fleet_depot,parcel_50308906400000010020020000,613,,,,,0.0,0.0,
fleet_depot,parcel_50308906200000020050000000,592,,,,,654.962,0.558,
fleet_depot,parcel_50308906500000010050050000,433,,,,,1261.408,1.074,
fleet_depot,parcel_50308906500000010040010000,613,,,,,1261.408,1.074,
fleet_depot,parcel_50308906400000010020010000,613,,,,,0.0,0.0,
fleet_depot,parcel_50308906500000010050020991,837,,,,,0.0,0.0,
fleet_depot,parcel_50308906500000010050020000,613,,,,,21346.899,18.175,
fleet_depot,parcel_50308906500000010050020992,837,,,,,0.0,0.0,
fleet_depot,parcel_50308906500000010050020993,837,,,,,0.0,0.0,
fleet_depot,parcel_50308907000000100020000000,822,,,,,0.0,0.0,
fleet_depot,parcel_50308907300000010030000000,613,,,,,0.0,0.0,
fleet_depot,parcel_50308907300000010010040000,612,,,,,4026.801,3.429,
fleet_depot,parcel_50308907300000010010310000,612,,,,,33354.529,28.399,
fleet_depot,parcel_50308907200000010100000000,650,,,,,0.0,0.0,
fleet_depot,parcel_50308907200000010110000000,612,,,,,10115.519,8.613,
fleet_depot,parcel_50308907200000010020020000,612,,,,,23699.909,20.179,
fleet_depot,parcel_50308907200000010011700000,620,,,,,2910.941,2.478,
fleet_depot,parcel_50308907200000010012060000,692,,,,,0.0,0.0,
fleet_depot,parcel_50308901900000010050220000,613,,,,,1989.143,1.694,
fleet_depot,parcel_50308952500000060010000000,842,,,,,0.0,0.0,
fleet_depot,parcel_50308902100000010080000000,870,,,,,0.0,0.0,
fleet_depot,parcel_50308902200000010010340000,692,,,,,0.0,0.0,
fleet_depot,parcel_50308902300000010111350000,862,,,,,0.0,0.0,
fleet_depot,parcel_50308902300000010400000000,590,,,,,0.0,0.0,
fleet_depot,parcel_50308902700000010240320000,440,,,,,1746.564,1.487,
fleet_depot,parcel_50308902400000050010020000,710,,,,,4730.279,4.027,
fleet_depot,parcel_50308902700000010150020099,837,,,,,0.0,0.0,
fleet_depot,parcel_50308902400000010250230000,695,,,,,0.0,0.0,
fleet_depot,parcel_50308902400000040130000000,822,,,,,0.0,0.0,
fleet_depot,parcel_50308902400000040140220000,464,,,,,679.219,0.578,
fleet_depot,parcel_50308902400000030040000000,465,,,,,4851.568,4.131,
fleet_depot,parcel_50308902400000030024120000,465,,,,,6234.265,5.308,
fleet_depot,parcel_50308902400000040050010000,872,,,,,0.0,0.0,
fleet_depot,parcel_50308902400000040050040000,662,,,,,1698.049,1.446,
fleet_depot,parcel_50308902400000030030040000,465,,,,,2862.425,2.437,
fleet_depot,parcel_50308902600000040460010000,633,,,,,20958.773,17.845,
fleet_depot,parcel_50308902400000030030050000,614,,,,,2158.948,1.838,
fleet_depot,parcel_50308902400000030030010000,615,,,,,4463.442,3.8,
fleet_depot,parcel_50308902400000030020010000,641,,,,,6573.874,5.597,
fleet_depot,parcel_50308902600000040420000000,620,,,,,654.962,0.558,
fleet_depot,parcel_50308902700000010110030000,633,,,,,13123.491,11.174,
fleet_depot,parcel_50308902600000030080020000,464,,,,,606.446,0.516,
fleet_depot,parcel_50308902700000010110050000,590,,,,,0.0,0.0,
fleet_depot,parcel_50308902700000010130150000,590,,,,,0.0,0.0,
fleet_depot,parcel_50308902700000010110060000,590,,,,,0.0,0.0,
fleet_depot,parcel_50308902800000010260240000,822,,,,,0.0,0.0,
fleet_depot,parcel_50308902800000010282260000,590,,,,,0.0,0.0,
fleet_depot,parcel_50308902900000060110000000,861,,,,,0.0,0.0,
fleet_depot,parcel_50308903100000020300000000,449,,,,,1528.244,1.301,
fleet_depot,parcel_50308903200000010070000000,590,,,,,0.0,0.0,
fleet_depot,parcel_50308903300000010080000000,695,,,,,0.0,0.0,
fleet_depot,parcel_50308903300000010070010000,449,,,,,121.289,0.103,
fleet_depot,parcel_50308903300000020070010000,472,,,,,606.446,0.516,
fleet_depot,parcel_50308903300000030070000000,415,,,,,582.188,0.496,
fleet_depot,parcel_50308903300000020060220000,484,,,,,363.868,0.31,
fleet_depot,parcel_50308903500000010190000000,415,,,,,1431.213,1.219,
fleet_depot,parcel_50308903500000010200000000,695,,,,,0.0,0.0,
fleet_depot,parcel_50308903300000030060000000,415,,,,,3080.746,2.623,
fleet_depot,parcel_50308903300000020060010000,651,,,,,8296.181,7.064,
fleet_depot,parcel_50308903300000030010030000,590,,,,,0.0,0.0,
fleet_depot,parcel_50308903300000030050010000,484,,,,,582.188,0.496,
fleet_depot,parcel_50308903300000030030000000,484,,,,,897.54,0.764,
fleet_depot,parcel_50308903100000050010050000,822,,,,,0.0,0.0,
fleet_depot,parcel_50308903300000030020030000,449,,,,,1237.15,1.053,
fleet_depot,parcel_50308903300000030020920000,449,,,,,1770.822,1.508,
fleet_depot,parcel_50308903300000030020070000,449,,,,,897.54,0.764,
fleet_depot,parcel_50308903300000030020010000,484,,,,,1722.307,1.466,
fleet_depot,parcel_50308903300000030020420000,484,,,,,436.641,0.372,
fleet_depot,parcel_50308903300000030020080000,449,,,,,2183.206,1.859,
fleet_depot,parcel_50308903300000030020060000,449,,,,,1091.603,0.929,
fleet_depot,parcel_50308903300000030020100000,714,,,,,7665.477,6.527,
fleet_depot,parcel_50308903100000040060010000,590,,,,,0.0,0.0,
fleet_depot,parcel_50308903100000040060020000,620,,,,,2983.714,2.54,
fleet_depot,parcel_50308903100000010100010000,651,,,,,9727.394,8.282,
fleet_depot,parcel_50308903100000010100020000,612,,,,,1770.822,1.508,
fleet_depot,parcel_50308903100000010050000000,695,,,,,0.0,0.0,
fleet_depot,parcel_50308903100000010060000000,695,,,,,0.0,0.0,
fleet_depot,parcel_50308903100000040020000000,633,,,,,485.157,0.413,
fleet_depot,parcel_50308903100000020250030099,837,,,,,0.0,0.0,
fleet_depot,parcel_50308903800000010030000000,449,,,,,800.509,0.682,
fleet_depot,parcel_50308903500000010100120000,484,,,,,873.282,0.744,
fleet_depot,parcel_50308903500000010070120000,441,,,,,315.352,0.268,
fleet_depot,parcel_50328904400000010500020089,613,,,,,0.0,0.0,
fleet_depot,parcel_50328904400000010500020000,613,,,,,9023.916,7.683,
fleet_depot,parcel_50328904400000010060000000,613,,,,,0.0,0.0,
fleet_depot,parcel_50328903900000010500140000,712,,,,,1091.603,0.929,
fleet_depot,parcel_50328903900000010380190000,822,,,,,0.0,0.0,
fleet_depot,parcel_50328903900000010500120000,710,,,,,3468.871,2.953,
fleet_depot,parcel_50328903900000010500080000,464,,,,,2401.526,2.045,
fleet_depot,parcel_50328903900000010500060000,710,,,,,12977.944,11.05,
fleet_depot,parcel_50328903900000010500100000,710,,,,,11837.826,10.079,
fleet_depot,parcel_50328903900000010500050000,710,,,,,3153.519,2.685,
fleet_depot,parcel_50328903900000010500030000,449,,,,,2450.042,2.086,
fleet_depot,parcel_50328904400000010500030000,650,,,,,0.0,0.0,
fleet_depot,parcel_50328904400000010450010000,844,,,,,0.0,0.0,
fleet_depot,parcel_50328904400000010470000000,844,,,,,0.0,0.0,
fleet_depot,parcel_50328904400000010440020000,650,,,,,0.0,0.0,
fleet_depot,parcel_50328904400000010480000000,695,,,,,0.0,0.0,
fleet_depot,parcel_50328904400000010500010000,613,,,,,849.024,0.723,
fleet_depot,parcel_50328904400000010180000000,613,,,,,0.0,0.0,
fleet_depot,parcel_50328904400000010190000000,442,,,,,1964.885,1.673,
fleet_depot,parcel_50328904400000010200030000,714,,,,,5433.756,4.626,
fleet_depot,parcel_50328904400000010530020000,710,,,,,0.0,0.0,
fleet_depot,parcel_50328904400000010530110000,710,,,,,33524.334,28.543,
fleet_depot,parcel_50328952500000060030000000,842,,,,,0.0,0.0,
fleet_depot,parcel_50328904200000010540010000,546,,,,,2910.941,2.478,
fleet_depot,parcel_50328903700100060060060000,440,,,,,412.383,0.351,
fleet_depot,parcel_50328903700100060050000000,484,,,,,2401.526,2.045,
fleet_depot,parcel_50328904200000010011300000,442,,,,,1091.603,0.929,
fleet_depot,parcel_50328903700100060090000000,542,,,,,17126.035,14.582,
fleet_depot,parcel_50328903700100060030050000,484,,,,,315.352,0.268,
fleet_depot,parcel_50328904200000010200000000,455,,,,,800.509,0.682,
fleet_depot,parcel_50328904400000010380010000,822,,,,,0.0,0.0,
fleet_depot,parcel_50328904100000010110720000,590,,,,,0.0,0.0,
fleet_depot,parcel_50328904000000030350020000,822,,,,,0.0,0.0,
fleet_depot,parcel_50328904000000010100010000,620,,,,,0.0,0.0,
fleet_depot,parcel_50328904000000010010220000,484,,,,,1479.728,1.26,
fleet_depot,parcel_50328903700100060030340000,455,,,,,630.704,0.537,
fleet_depot,parcel_50328903700100090150000000,433,,,,,218.321,0.186,
fleet_depot,parcel_50328903600000010080010000,448,,,,,0.0,0.0,
fleet_depot,parcel_50320104500100010550040000,613,,,,,19260.724,16.399,
fleet_depot,parcel_50320104500100010530220000,844,,,,,15646.306,13.322,
fleet_depot,parcel_50320104400100010530020000,438,,,,,0.0,0.0,
fleet_depot,parcel_50320104500200010460210000,461,,,,,3759.965,3.201,
fleet_depot,parcel_50320104500200010460130000,464,,,,,1964.885,1.673,
fleet_depot,parcel_50320104500200010460140000,465,,,,,1358.439,1.157,
fleet_depot,parcel_50320104500200011150000000,590,,,,,0.0,0.0,
fleet_depot,parcel_50320104500200011160000000,590,,,,,0.0,0.0,
fleet_depot,parcel_50320104500200011120000000,590,,,,,0.0,0.0,
fleet_depot,parcel_50320104500200020270000000,650,,,,,0.0,0.0,
fleet_depot,parcel_50320104600100071000000000,682,,,,,0.0,0.0,
fleet_depot,parcel_50320104600100010060220000,712,,,,,0.0,0.0,
fleet_depot,parcel_50320104500100010510130000,710,,,,,13366.069,11.38,
fleet_depot,parcel_50320104600100010040020000,464,,,,,3226.293,2.747,
fleet_depot,parcel_50320104600100010040030000,710,,,,,4706.021,4.007,
fleet_depot,parcel_50320104500100010520060000,449,,,,,4196.606,3.573,
fleet_depot,parcel_50320104400100010530110000,710,,,,,10818.996,9.212,
fleet_depot,parcel_50320104500100010520040000,464,,,,,3153.519,2.685,
fleet_depot,parcel_50320104400100010531220000,710,,,,,40146.724,34.182,
fleet_depot,parcel_50320104500100010520320000,464,,,,,2668.362,2.272,
fleet_depot,parcel_50320104500100010530210000,484,,,,,873.282,0.744,
fleet_depot,parcel_50320104500100010530030000,844,,,,,0.0,0.0,
fleet_depot,parcel_50320104500100010530060000,844,,,,,654.962,0.558,
fleet_depot,parcel_50320104500100010520050000,652,,,,,6331.296,5.391,
fleet_depot,parcel_50320104500100010530070000,844,,,,,2644.104,2.251,
fleet_depot,parcel_50320104500100010550070000,822,,,,,0.0,0.0,
fleet_depot,parcel_50320104500100010550030000,613,,,,,6889.226,5.866,
fleet_depot,parcel_50320104500100010550060000,613,,,,,0.0,0.0,
fleet_depot,parcel_50320104500100010530010000,534,,,,,1043.087,0.888,
fleet_depot,parcel_50320104500100010530110000,844,,,,,4245.122,3.614,
fleet_depot,parcel_50320104500100010530100000,464,,,,,1625.275,1.384,
fleet_depot,parcel_50320104500100010530080000,844,,,,,4075.317,3.47,
fleet_depot,parcel_50320104500100010550200000,464,,,,,7204.578,6.134,
fleet_depot,parcel_50320104500100010550100000,613,,,,,0.0,0.0,
fleet_depot,parcel_50320104500100010530090099,837,,,,,0.0,0.0,
fleet_depot,parcel_50320104500100010530090000,662,,,,,2280.237,1.941,
fleet_depot,parcel_50320104500100010550080000,464,,,,,13754.195,11.711,
fleet_depot,parcel_50320104500100010550140000,613,,,,,6064.46,5.163,
fleet_depot,parcel_50320104500100010550180000,464,,,,,3759.965,3.201,
fleet_depot,parcel_50320104500100010550120000,464,,,,,3614.418,3.077,
fleet_depot,parcel_50320104500100010550150000,613,,,,,3299.066,2.809,
fleet_depot,parcel_50320104500100010550110000,464,,,,,3735.707,3.181,
fleet_depot,parcel_50320104500100010550190000,414,,,,,12177.435,10.368,
fleet_depot,parcel_50320104500100010550020000,613,,,,,0.0,0.0,
fleet_depot,parcel_50320104500100010550130000,464,,,,,4487.7,3.821,
fleet_depot,parcel_50320104500100010520210000,464,,,,,4123.833,3.511,
fleet_depot,parcel_50320104500100010520220000,464,,,,,7325.867,6.237,
fleet_depot,parcel_50320104500100010550170000,464,,,,,3299.066,2.809,
fleet_depot,parcel_50320104500100010550090000,464,,,,,2061.916,1.756,
fleet_depot,parcel_50320104500100010550220000,464,,,,,6040.202,5.143,
fleet_depot,parcel_50320104500100010570030000,642,,,,,6040.202,5.143,
fleet_depot,parcel_50320104500100010570040000,642,,,,,1698.049,1.446,
fleet_depot,parcel_50320104500100010570060000,642,,,,,2304.495,1.962,
fleet_depot,parcel_50320104500100010570520000,642,,,,,1722.307,1.466,
fleet_depot,parcel_50320104500100010570510000,642,,,,,2474.3,2.107,
fleet_depot,parcel_50320104500100010590010000,465,,,,,3032.23,2.582,
fleet_depot,parcel_50320104500100010550210000,613,,,,,6404.07,5.453,
fleet_depot,parcel_50320104600100060060210000,465,,,,,1285.665,1.095,
fleet_depot,parcel_50320104600100060060110000,554,,,,,121.289,0.103,
fleet_depot,parcel_50320104600100060060030000,590,,,,,0.0,0.0,
fleet_depot,parcel_50320104600100060050410000,590,,,,,0.0,0.0,
fleet_depot,parcel_50320104600100060050060000,452,,,,,6792.195,5.783,
fleet_depot,parcel_50320104700100040110000000,462,,,,,485.157,0.413,
fleet_depot,parcel_50320104700100010200020000,415,,,,,15258.181,12.991,
fleet_depot,parcel_50320104700100010210010000,454,,,,,8684.306,7.394,
fleet_depot,parcel_50320104700100010210020000,452,,,,,3759.965,3.201,
fleet_depot,parcel_50320104600100050040030000,426,,,,,460.899,0.392,
fleet_depot,parcel_50320104600100050040040000,415,,,,,5166.92,4.399,
fleet_depot,parcel_50320104600100060020020000,462,,,,,606.446,0.516,
fleet_depot,parcel_50320104600100060040030000,462,,,,,654.962,0.558,
fleet_depot,parcel_50320104600100060030000000,882,,,,,0.0,0.0,
fleet_depot,parcel_50320104600100060020320000,452,,,,,28794.055,24.516,
fleet_depot,parcel_50320104600100060020010000,414,,,,,14603.219,12.434,
fleet_depot,parcel_50320104600100060040010000,414,,,,,12783.881,10.885,
fleet_depot,parcel_50320104600100060050120000,431,,,,,3590.16,3.057,
fleet_depot,parcel_50320104600100060050110000,431,,,,,4560.474,3.883,
fleet_depot,parcel_50320104600100010050020000,695,,,,,0.0,0.0,
fleet_depot,parcel_50320104600100050040020000,452,,,,,36702.111,31.249,
fleet_depot,parcel_50320104600100050040020099,837,,,,,0.0,0.0,
fleet_depot,parcel_50320104600100010070000000,484,,,,,1164.376,0.991,
fleet_depot,parcel_50320104700300030010010000,464,,,,,557.93,0.475,
fleet_depot,parcel_50320104700300050010020000,464,,,,,363.868,0.31,
fleet_depot,parcel_50320104700300050010010000,464,,,,,776.251,0.661,
fleet_depot,parcel_50320104700300040010020000,464,,,,,291.094,0.248,
fleet_depot,parcel_50320104700300040010010000,464,,,,,363.868,0.31,
fleet_depot,parcel_50320104700300040010030000,464,,,,,363.868,0.31,
fleet_depot,parcel_50320104700300020010010000,464,,,,,363.868,0.31,
fleet_depot,parcel_50320104700300020010030000,464,,,,,266.836,0.227,
fleet_depot,parcel_50320104700300020010020000,464,,,,,363.868,0.31,
fleet_depot,parcel_50320104700300010010000000,464,,,,,1140.118,0.971,
fleet_depot,parcel_50320104700100030050000000,465,,,,,1261.408,1.074,
fleet_depot,parcel_50320104700100010170050000,434,,,,,533.672,0.454,
fleet_depot,parcel_50320104700100030060000000,465,,,,,266.836,0.227,
fleet_depot,parcel_50320104700300030010030000,464,,,,,291.094,0.248,
fleet_depot,parcel_50320104700300030010040000,464,,,,,291.094,0.248,
fleet_depot,parcel_50320104600100050040010000,462,,,,,436.641,0.372,
fleet_depot,parcel_50320104700100030080010000,432,,,,,291.094,0.248,
fleet_depot,parcel_50320104700100010220050000,451,,,,,3954.028,3.367,
fleet_depot,parcel_50320104700100010170070000,452,,,,,6816.453,5.804,
fleet_depot,parcel_50320104700100010170120000,465,,,,,1043.087,0.888,
fleet_depot,parcel_50320104700100010170110000,464,,,,,436.641,0.372,
fleet_depot,parcel_50320104700100010170820000,426,,,,,727.735,0.62,
fleet_depot,parcel_50320104700100010170820099,837,,,,,0.0,0.0,
fleet_depot,parcel_50320104700100030010000000,464,,,,,1576.76,1.342,
fleet_depot,parcel_50320104700100030040010000,465,,,,,3493.129,2.974,
fleet_depot,parcel_50320104700100020170000000,472,,,,,2110.432,1.797,
fleet_depot,parcel_50320104700100020190000000,464,,,,,1358.439,1.157,
fleet_depot,parcel_50320104700100010170130000,421,,,,,751.993,0.64,
fleet_depot,parcel_50320104700100020160000000,465,,,,,582.188,0.496,
fleet_depot,parcel_50320104500200010460110000,822,,,,,703.477,0.599,
fleet_depot,parcel_50320104500200010460120000,652,,,,,485.157,0.413,
fleet_depot,parcel_50320104500200010460030000,464,,,,,4851.568,4.131,
fleet_depot,parcel_50320104700100030040020000,620,,,,,1188.634,1.012,
fleet_depot,parcel_50320104500200010460150000,464,,,,,1989.143,1.694,
fleet_depot,parcel_50320104500200010460160000,464,,,,,1018.829,0.867,
fleet_depot,parcel_50320104500200010460190000,465,,,,,751.993,0.64,
fleet_depot,parcel_50320104500200010460180000,612,,,,,2959.456,2.52,
fleet_depot,parcel_50320104500200010460100000,651,,,,,1237.15,1.053,
fleet_depot,parcel_50320104500200010460060000,464,,,,,2644.104,2.251,
fleet_depot,parcel_50320104500200010460040000,465,,,,,2716.878,2.313,
fleet_depot,parcel_50320104500200010460050000,465,,,,,2571.331,2.189,
fleet_depot,parcel_50320104300100010430020000,465,,,,,1479.728,1.26,
fleet_depot,parcel_50320104300100010430010000,465,,,,,1455.47,1.239,
fleet_depot,parcel_50320104300100010410010000,472,,,,,388.125,0.33,
fleet_depot,parcel_50320104300100010440000000,464,,,,,291.094,0.248,
fleet_depot,parcel_50320104300100010460020000,465,,,,,315.352,0.268,
fleet_depot,parcel_50320104300100010450000000,485,,,,,703.477,0.599,
fleet_depot,parcel_50320104700100010170220000,453,,,,,16252.752,13.838,
fleet_depot,parcel_50320104700100010170040000,662,,,,,1164.376,0.991,
fleet_depot,parcel_50320104700100010170140000,421,,,,,679.219,0.578,
fleet_depot,parcel_50320104700100010170090000,543,,,,,5482.272,4.668,
fleet_depot,parcel_50320104700100010240000000,453,,,,,22584.048,19.229,
fleet_depot,parcel_50320104700100010220010000,464,,,,,9509.073,8.096,
fleet_depot,parcel_50320104700100010220090000,451,,,,,3323.324,2.83,
fleet_depot,parcel_50320104700100010220020000,451,,,,,59528.738,50.684,
fleet_depot,parcel_50320104700100010220030000,464,,,,,112823.211,96.061,
fleet_depot,parcel_50320104700100060590000000,590,,,,,0.0,0.0,
fleet_depot,parcel_50320104700100060580020000,590,,,,,0.0,0.0,
fleet_depot,parcel_50320104700100010220040000,512,,,,,11207.122,9.542,
fleet_depot,parcel_50320104700100060570000000,591,,,,,0.0,0.0,
fleet_depot,parcel_50320104700100010220060000,451,,,,,14724.508,12.537,
fleet_depot,parcel_50320104800100020020080000,590,,,,,0.0,0.0,
fleet_depot,parcel_50320104800100020110000000,620,,,,,0.0,0.0,
fleet_depot,parcel_50320104300100010260130000,464,,,,,751.993,0.64,
fleet_depot,parcel_50320104200100010500230000,620,,,,,388.125,0.33,
fleet_depot,parcel_50320104300100010180000000,695,,,,,0.0,0.0,
fleet_depot,parcel_50320104200100010500030000,822,,,,,1382.697,1.177,
fleet_depot,parcel_50320152500000060010000000,842,,,,,0.0,0.0,
fleet_depot,parcel_50320152500000060020000000,842,,,,,0.0,0.0,
fleet_depot,parcel_50320104200100010370010000,822,,,,,266.836,0.227,
fleet_depot,parcel_50320104200100010070000000,557,,,,,388.125,0.33,
fleet_depot,parcel_50320104200100010280010000,424,,,,,727.735,0.62,
fleet_depot,parcel_50320104200100010280020000,424,,,,,1164.376,0.991,
fleet_depot,parcel_50320104200100010530030000,464,,,,,1601.017,1.363,
fleet_depot,parcel_50320104200100010530210000,620,,,,,679.219,0.578,
fleet_depot,parcel_50368901800000040110000000,682,,,,,1140.118,0.971,
fleet_depot,parcel_50368901800000020010000000,581,,,,,0.0,0.0,
fleet_depot,parcel_50368901800000040170220000,682,,,,,0.0,0.0,
fleet_depot,parcel_50368901800000040180010000,682,,,,,0.0,0.0,
fleet_depot,parcel_50368903000000030030020000,570,,,,,1431.213,1.219,
fleet_depot,parcel_50368903000000020010000000,421,,,,,509.415,0.434,
fleet_depot,parcel_50368903200000020080220000,455,,,,,897.54,0.764,
fleet_depot,parcel_50368903300000050030040000,484,,,,,1867.854,1.59,
fleet_depot,parcel_50368903300000050030030000,484,,,,,460.899,0.392,
fleet_depot,parcel_50368903300000050030020000,712,,,,,3590.16,3.057,
fleet_depot,parcel_50368903300000010080120000,442,,,,,2547.073,2.169,
fleet_depot,parcel_50368903300000050030010000,710,,,,,1067.345,0.909,
fleet_depot,parcel_50368903300000010080020000,710,,,,,4608.989,3.924,
fleet_depot,parcel_50368903300000010080140000,464,,,,,2037.658,1.735,
fleet_depot,parcel_50368903300000010080110000,473,,,,,32796.599,27.924,
fleet_depot,parcel_50368903300000030010030000,455,,,,,1309.923,1.115,
fleet_depot,parcel_50368903300000040030060000,485,,,,,2765.394,2.355,
fleet_depot,parcel_50368903300000020110000000,614,,,,,7471.414,6.361,
fleet_depot,parcel_50368902700000020180110000,455,,,,,582.188,0.496,
fleet_depot,parcel_50368903300000020010020000,464,,,,,873.282,0.744,
fleet_depot,parcel_50368903400000030020010000,455,,,,,727.735,0.62,
fleet_depot,parcel_50368903400000010090000000,425,,,,,703.477,0.599,
fleet_depot,parcel_50368903400000010080140000,474,,,,,0.0,0.0,
fleet_depot,parcel_50368903400000030110010000,442,,,,,1892.111,1.611,
fleet_depot,parcel_50368903400000030270010000,862,,,,,0.0,0.0,
fleet_depot,parcel_50368903400000010270000000,620,,,,,1188.634,1.012,
fleet_depot,parcel_50368902600000010052220000,582,,,,,169.805,0.145,
fleet_depot,parcel_50070003000000010010050000,613,,,,,14578.961,12.413,
fleet_depot,parcel_50070003000000010010010000,650,,,,,0.0,0.0,
fleet_depot,parcel_50070003100000010010060000,613,,,,,3614.418,3.077,
fleet_depot,parcel_50070003100000010010010000,613,,,,,32893.63,28.006,
fleet_depot,parcel_50070003100000010010090000,613,,,,,0.0,0.0,
fleet_depot,parcel_50070003100000010010080000,613,,,,,12783.881,10.885,
fleet_depot,parcel_50070003100000010010020000,613,,,,,397052.313,338.061,
fleet_depot,parcel_50220001800000010170110000,662,,,,,1940.627,1.652,
fleet_depot,parcel_50220001800000010170120000,822,,,,,0.0,0.0,
fleet_depot,parcel_50260001600000010220220000,510,,,,,2110.432,1.797,
fleet_depot,parcel_50260001700000010050020000,421,,,,,1455.47,1.239,
fleet_depot,parcel_50260001400000030060040000,682,,,,,557.93,0.475,
fleet_depot,parcel_50260001400000030060020000,582,,,,,2522.815,2.148,
fleet_depot,parcel_50260001800000020130020000,557,,,,,1043.087,0.888,
fleet_depot,parcel_50260001800000010060000000,449,,,,,2474.3,2.107,
fleet_depot,parcel_50340003100000010340000000,873,,,,,0.0,0.0,
fleet_depot,parcel_50340000800000010060000000,695,,,,,0.0,0.0,
fleet_depot,parcel_50340003000000010150000000,485,,,,,1067.345,0.909,
fleet_depot,parcel_50340003000000010050000000,695,,,,,0.0,0.0,
fleet_depot,parcel_50340002300000010090020000,430,,,,,800.509,0.682,
fleet_depot,parcel_50340002200000010190000000,450,,,,,2789.652,2.375,
fleet_depot,parcel_50340003200000010020110000,695,,,,,169.805,0.145,
fleet_depot,parcel_50340003200000010040000099,833,,,,,0.0,0.0,
fleet_depot,parcel_50340003200000010030010000,695,,,,,0.0,0.0,
fleet_depot,parcel_50340002800000010150000000,695,,,,,0.0,0.0,
fleet_depot,parcel_50340001100000010520020000,449,,,,,849.024,0.723,
fleet_depot,parcel_50340001100000010280010000,484,,,,,630.704,0.537,
fleet_depot,parcel_50340002100000010150040000,557,,,,,1018.829,0.867,
fleet_depot,parcel_50340001000000010200000000,695,,,,,0.0,0.0,
fleet_depot,parcel_50340001000000010220010000,425,,,,,606.446,0.516,
fleet_depot,parcel_50340001100000010280030000,442,,,,,18387.442,15.656,
fleet_depot,parcel_50340001100000010260030000,720,,,,,0.0,0.0,
fleet_depot,parcel_50340000700000010170000000,695,,,,,0.0,0.0,
fleet_depot,parcel_50340000700000010050580000,440,,,,,800.509,0.682,
fleet_depot,parcel_50340000700000010053720000,440,,,,,3687.192,3.139,
fleet_depot,parcel_50340000700000010190010000,845,,,,,0.0,0.0,
fleet_depot,parcel_50340001100000010250010000,720,,,,,0.0,0.0,
fleet_depot,parcel_50340001100000010020020000,836,,,,,48.516,0.041,
fleet_depot,parcel_50340000600000010010140000,433,,,,,824.767,0.702,
fleet_depot,parcel_50340000600000010340210000,662,,,,,0.0,0.0,
fleet_depot,parcel_50340001700000060070050000,662,,,,,4633.247,3.945,
fleet_depot,parcel_50340001700000060070320000,446,,,,,1091.603,0.929,
fleet_depot,parcel_50340001700000060050000000,651,,,,,4536.216,3.862,
fleet_depot,parcel_50340001700000040010000000,484,,,,,703.477,0.599,
fleet_depot,parcel_50340001700000040060000000,652,,,,,1285.665,1.095,
fleet_depot,parcel_50340001700000040050010000,590,,,,,0.0,0.0,
fleet_depot,parcel_50340001700000040050020000,484,,,,,1018.829,0.867,
fleet_depot,parcel_50340001700000040030000000,590,,,,,0.0,0.0,
fleet_depot,parcel_50340001300000030130000000,534,,,,,1212.892,1.033,
fleet_depot,parcel_50340001300000030140000000,481,,,,,533.672,0.454,
fleet_depot,parcel_50340001300000030150000000,481,,,,,946.056,0.805,
fleet_depot,parcel_50340001300000030170000000,611,,,,,1309.923,1.115,
fleet_depot,parcel_50340001400000020060000000,462,,,,,582.188,0.496,
fleet_depot,parcel_50340001400000020120000000,653,,,,,0.0,0.0,
fleet_depot,parcel_50340001400000020110000000,653,,,,,0.0,0.0,
fleet_depot,parcel_50340001700000040070000000,695,,,,,0.0,0.0,
fleet_depot,parcel_50340000600000010310410000,853,,,,,0.0,0.0,
fleet_depot,parcel_50340001500000010040000000,681,,,,,606.446,0.516,
fleet_depot,parcel_50340001800000010010010000,872,,,,,0.0,0.0,
fleet_depot,parcel_50340001400000010180010000,612,,,,,776.251,0.661,
fleet_depot,parcel_50340001300000040040000000,620,,,,,2644.104,2.251,
fleet_depot,parcel_50340001300000040050000000,831,,,,,0.0,0.0,
fleet_depot,parcel_50340001200000010040000000,612,,,,,68552.654,58.368,
fleet_depot,parcel_50340001300000050010000000,436,,,,,557.93,0.475,
fleet_depot,parcel_50340001100000010170010000,485,,,,,1406.955,1.198,
fleet_depot,parcel_50340001200000010020030000,633,,,,,8587.275,7.311,
fleet_depot,parcel_50340001200000010160000000,873,,,,,0.0,0.0,
fleet_depot,parcel_50340001100000010220000000,695,,,,,0.0,0.0,
fleet_depot,parcel_50340001100000010431010000,620,,,,,3881.254,3.305,
fleet_depot,parcel_50340001100000010150000000,455,,,,,2619.847,2.231,
fleet_depot,parcel_50340001100000010230030000,822,,,,,145.547,0.124,
fleet_depot,parcel_50340001100000010439110000,433,,,,,1431.213,1.219,
fleet_depot,parcel_50340001100000010430020000,474,,,,,0.0,0.0,
fleet_depot,parcel_50340001100000010430340000,484,,,,,388.125,0.33,
fleet_depot,parcel_50340001100000010450230000,590,,,,,0.0,0.0,
fleet_depot,parcel_50340001900000010010000000,852,,,,,0.0,0.0,
fleet_depot,parcel_50340000500000010200010000,853,,,,,0.0,0.0,
fleet_depot,parcel_50340000600000010310340000,822,,,,,121.289,0.103,
fleet_depot,parcel_50340000600000010200030000,486,,,,,776.251,0.661,
fleet_depot,parcel_50340000500000010200210000,822,,,,,0.0,0.0,
fleet_depot,parcel_50340000400000010750230000,442,,,,,266.836,0.227,
fleet_depot,parcel_50340052500000060010000000,842,,,,,0.0,0.0,
fleet_depot,parcel_50340000500000010280000000,843,,,,,0.0,0.0,
fleet_depot,parcel_50340002000000010300000000,695,,,,,0.0,0.0,
fleet_depot,parcel_50340003400000010280220000,430,,,,,2183.206,1.859,
fleet_depot,parcel_50340002700000010141310000,710,,,,,16107.205,13.714,
fleet_depot,parcel_50340000400000010291360000,486,,,,,1601.017,1.363,
fleet_depot,parcel_50340000400000010230220000,837,,,,,0.0,0.0,
fleet_depot,parcel_50340000400000010291350000,464,,,,,1528.244,1.301,
fleet_depot,parcel_50340000400000010230230000,441,,,,,679.219,0.578,
fleet_depot,parcel_50340000400000010190000000,455,,,,,1528.244,1.301,
fleet_depot,parcel_50340000400000010160030000,485,,,,,2547.073,2.169,
fleet_depot,parcel_50340000400000010291340000,442,,,,,3662.934,3.119,
fleet_depot,parcel_50340000400000010290100000,442,,,,,9557.589,8.138,
fleet_depot,parcel_50340000400000010792110000,442,,,,,6064.46,5.163,
fleet_depot,parcel_50340000400000010390320000,450,,,,,654.962,0.558,
fleet_depot,parcel_50340000400000010611320000,433,,,,,1601.017,1.363,
fleet_depot,parcel_50340000400000010530240000,422,,,,,1261.408,1.074,
fleet_depot,parcel_50340000600000010180000000,484,,,,,1722.307,1.466,
fleet_depot,parcel_50340000300000010422550000,877,,,,,0.0,0.0,
fleet_depot,parcel_50340000400000010100000000,440,,,,,1625.275,1.384,
fleet_depot,parcel_50340000400000010120110000,851,,,,,8587.275,7.311,
fleet_depot,parcel_50340000300000010422540000,877,,,,,0.0,0.0,
fleet_depot,parcel_50340000300000010260120000,878,,,,,0.0,0.0,
fleet_depot,parcel_50340000300000010260110000,878,,,,,0.0,0.0,
fleet_depot,parcel_50340000300000010211390000,440,,,,,0.0,0.0,
fleet_depot,parcel_50340000300000010260130000,877,,,,,0.0,0.0,
fleet_depot,parcel_50340000200000010510000000,695,,,,,388.125,0.33,
fleet_depot,parcel_50340000200000010400000000,620,,,,,800.509,0.682,
fleet_depot,parcel_50340000200000010630210000,455,,,,,1237.15,1.053,
fleet_depot,parcel_50340000100000010160020099,837,,,,,0.0,0.0,
fleet_depot,parcel_50340000100000010040000994,837,,,,,0.0,0.0,
fleet_depot,parcel_50340000100000010040000993,837,,,,,0.0,0.0,
fleet_depot,parcel_50340000100000010040000991,837,,,,,509.415,0.434,
fleet_depot,parcel_50340000100000010040000992,837,,,,,0.0,0.0,
fleet_depot,parcel_50200000200000010030060000,484,,,,,2935.199,2.499,
fleet_depot,parcel_50200000200000010030010000,633,,,,,14530.446,12.372,
fleet_depot,parcel_50200000200000010040150000,486,,,,,3614.418,3.077,
fleet_depot,parcel_50200000300000020020000000,464,,,,,291.094,0.248,
fleet_depot,parcel_50200000300000020060000000,620,,,,,2037.658,1.735,
fleet_depot,parcel_50200000300000030060000000,662,,,,,5118.404,4.358,
fleet_depot,parcel_50200000300000010020000000,652,,,,,5191.178,4.42,
fleet_depot,parcel_50200000100000010580000000,695,,,,,0.0,0.0,
fleet_depot,parcel_50200000900000010230000000,612,,,,,39030.863,33.232,
fleet_depot,parcel_50328952500000060020000000,842,,,,,0.0,0.0,
fleet_depot,parcel_50328903000000010160250000,441,,,,,679.219,0.578,
fleet_depot,parcel_50328903000000010160120099,837,,,,,0.0,0.0,
fleet_depot,parcel_50328903000000010160120000,652,,,,,5118.404,4.358,
fleet_depot,parcel_50328903000000010160240000,454,,,,,1819.338,1.549,
fleet_depot,parcel_50328903000000010160040000,432,,,,,436.641,0.372,
fleet_depot,parcel_50328903700100030010220000,464,,,,,1964.885,1.673,
fleet_depot,parcel_50328903100000070030000000,421,,,,,388.125,0.33,
fleet_depot,parcel_50328903700100020210000000,484,,,,,460.899,0.392,
fleet_depot,parcel_50328903700100020230010000,485,,,,,849.024,0.723,
fleet_depot,parcel_50328903700100030180020000,456,,,,,1164.376,0.991,
fleet_depot,parcel_50328903700100030180010000,462,,,,,412.383,0.351,
fleet_depot,parcel_50328903700100020532210000,710,,,,,3687.192,3.139,
fleet_depot,parcel_50328903700100020532110000,456,,,,,1091.603,0.929,
fleet_depot,parcel_50328903700100080020000000,442,,,,,1043.087,0.888,
fleet_depot,parcel_50328903700100080010000000,442,,,,,315.352,0.268,
fleet_depot,parcel_50328903700100010120000000,422,,,,,291.094,0.248,
fleet_depot,parcel_50328903700100080030010000,485,,,,,1382.697,1.177,
fleet_depot,parcel_50328903700100050230110000,485,,,,,800.509,0.682,
fleet_depot,parcel_50328903700100080040010000,436,,,,,363.868,0.31,
fleet_depot,parcel_50328903700100070060000000,457,,,,,509.415,0.434,
fleet_depot,parcel_50328903700100050090000000,620,,,,,582.188,0.496,
fleet_depot,parcel_50328903700100040050000000,695,,,,,0.0,0.0,
fleet_depot,parcel_50328903600000010090020000,720,,,,,32214.411,27.428,
fleet_depot,parcel_50328903500000030020010000,433,,,,,1552.502,1.322,
fleet_depot,parcel_50328903500000030160000000,720,,,,,48.516,0.041,
fleet_depot,parcel_50328903500000030010020000,720,,,,,0.0,0.0,
fleet_depot,parcel_50328903100000060070000000,486,,,,,291.094,0.248,
fleet_depot,parcel_50328903500000020080020000,662,,,,,3590.16,3.057,
fleet_depot,parcel_50328903100000060100000000,485,,,,,776.251,0.661,
fleet_depot,parcel_50328903700100020500000000,433,,,,,436.641,0.372,
fleet_depot,parcel_50328903700100020530030000,557,,,,,24.258,0.021,
fleet_depot,parcel_50328903700100020530040000,431,,,,,679.219,0.578,
fleet_depot,parcel_50328903700100020520000000,485,,,,,363.868,0.31,
fleet_depot,parcel_50328903700100020510000000,633,,,,,4390.669,3.738,
fleet_depot,parcel_50328903700100020530230000,620,,,,,1067.345,0.909,
fleet_depot,parcel_50328903700100020090000000,591,,,,,0.0,0.0,
fleet_depot,parcel_50328903700100020080020000,652,,,,,1649.533,1.404,
fleet_depot,parcel_50328903700100020530010000,620,,,,,0.0,0.0,
fleet_depot,parcel_50328903700100020460000000,620,,,,,654.962,0.558,
fleet_depot,parcel_50328903700100020010000000,484,,,,,169.805,0.145,
fleet_depot,parcel_50328903700100020020000000,421,,,,,1067.345,0.909,
fleet_depot,parcel_50328903700100020040000000,484,,,,,169.805,0.145,
fleet_depot,parcel_50328903700100020080010000,652,,,,,315.352,0.268,
fleet_depot,parcel_50328903100000050130000000,471,,,,,460.899,0.392,
fleet_depot,parcel_50328903100000050090000000,483,,,,,363.868,0.31,
fleet_depot,parcel_50328903100000010160060000,421,,,,,557.93,0.475,
fleet_depot,parcel_50328903700100020190000000,430,,,,,800.509,0.682,
fleet_depot,parcel_50328903100000070010000000,433,,,,,339.61,0.289,
fleet_depot,parcel_50328903100000070020000000,872,,,,,0.0,0.0,
fleet_depot,parcel_50328903100000010180000000,440,,,,,388.125,0.33,
fleet_depot,parcel_50328903100000010140020000,670,,,,,6355.554,5.411,
fleet_depot,parcel_50328903500000020020020000,710,,,,,2255.979,1.921,
fleet_depot,parcel_50328902600000100080000000,590,,,,,0.0,0.0,
fleet_depot,parcel_50328902700000010380000000,822,,,,,0.0,0.0,
fleet_depot,parcel_50328903200000010080240000,590,,,,,0.0,0.0,
fleet_depot,parcel_50328903200000010190000000,612,,,,,19842.913,16.895,
fleet_depot,parcel_50328903200000010560000000,474,,,,,0.0,0.0,
fleet_depot,parcel_50328903200000010180000000,620,,,,,1722.307,1.466,
fleet_depot,parcel_50328903200000010530000000,484,,,,,291.094,0.248,
fleet_depot,parcel_50328903200000010200000000,612,,,,,194.063,0.165,
fleet_depot,parcel_50328903200000010500000000,831,,,,,0.0,0.0,
fleet_depot,parcel_50328903200000010520000000,612,,,,,800.509,0.682,
fleet_depot,parcel_50328903200000010280000000,612,,,,,6161.491,5.246,
fleet_depot,parcel_50328903200000010460000000,620,,,,,1892.111,1.611,
fleet_depot,parcel_50328903300000010170000000,620,,,,,121.289,0.103,
fleet_depot,parcel_50328903200000010390000000,872,,,,,0.0,0.0,
fleet_depot,parcel_50328903300000010040020000,650,,,,,0.0,0.0,
fleet_depot,parcel_50328903300000010740000000,582,,,,,291.094,0.248,
fleet_depot,parcel_50328903300000010670000000,570,,,,,412.383,0.351,
fleet_depot,parcel_50328903600000010010010000,872,,,,,0.0,0.0,
fleet_depot,parcel_50328903600000010010000000,720,,,,,13414.585,11.422,
fleet_depot,parcel_50328903200000010030000000,449,,,,,8514.502,7.249,
fleet_depot,parcel_50328902600000050200000000,695,,,,,0.0,0.0,
fleet_depot,parcel_50328902200000010290040000,695,,,,,0.0,0.0,
fleet_depot,parcel_50328902600000070090000000,590,,,,,0.0,0.0,
fleet_depot,parcel_50328902600000070010000000,557,,,,,291.094,0.248,
fleet_depot,parcel_50328902200000010090000000,433,,,,,266.836,0.227,
fleet_depot,parcel_50328901600000010220010000,695,,,,,0.0,0.0,
fleet_depot,parcel_50328901600000010510010099,833,,,,,24.258,0.021,
fleet_depot,parcel_50328902200000010200000000,695,,,,,0.0,0.0,
fleet_depot,parcel_50328902300000010060020000,720,,,,,1892.111,1.611,
fleet_depot,parcel_50328902300000010180410000,440,,,,,1018.829,0.867,
fleet_depot,parcel_50328901600000010420020000,425,,,,,315.352,0.268,
fleet_depot,parcel_50328901600000010402260000,456,,,,,1285.665,1.095,
fleet_depot,parcel_50328901500000010300020000,484,,,,,169.805,0.145,
fleet_depot,parcel_50328901600000010330010000,695,,,,,0.0,0.0,
fleet_depot,parcel_50328901600000010530000000,822,,,,,0.0,0.0,
fleet_depot,parcel_50328901600000010100010000,878,,,,,0.0,0.0,
fleet_depot,parcel_50328901500000010110130000,440,,,,,873.282,0.744,
fleet_depot,parcel_50328901500000010120010000,662,,,,,751.993,0.64,
fleet_depot,parcel_50328902300000010230020000,613,,,,,169.805,0.145,
fleet_depot,parcel_50328901100000010030230000,872,,,,,0.0,0.0,
fleet_depot,parcel_50328901100000010032110000,875,,,,,0.0,0.0,
fleet_depot,parcel_50328901200000010160020000,720,,,,,48.516,0.041,
fleet_depot,parcel_50328901000000010140010000,695,,,,,0.0,0.0,
fleet_depot,parcel_50328901200000010180050000,424,,,,,800.509,0.682,
fleet_depot,parcel_50328900200000010160000000,695,,,,,0.0,0.0,
fleet_depot,parcel_50328900200000010110000000,484,,,,,606.446,0.516,
fleet_depot,parcel_50328900100000010150010000,695,,,,,0.0,0.0,
fleet_depot,parcel_50328900400000010040020000,720,,,,,0.0,0.0,
fleet_depot,parcel_50328900300000010220000000,695,,,,,0.0,0.0,
fleet_depot,parcel_50328900900000010190010000,695,,,,,0.0,0.0,
fleet_depot,parcel_50328900900000010170000000,695,,,,,0.0,0.0,
fleet_depot,parcel_50328900900000010060010000,695,,,,,0.0,0.0,
fleet_depot,parcel_50328900900000010560000000,650,,,,,0.0,0.0,
fleet_depot,parcel_50328902800000010280370000,442,,,,,1115.861,0.95,
fleet_depot,parcel_50328902800000010280360000,440,,,,,485.157,0.413,
fleet_depot,parcel_50328902800000010300000000,695,,,,,0.0,0.0,
fleet_depot,parcel_50328903100000010130000000,670,,,,,13050.718,11.112,
fleet_depot,parcel_50328903000000010160310000,449,,,,,2886.683,2.458,
fleet_depot,parcel_50328903000000010160320000,449,,,,,4900.084,4.172,
fleet_depot,parcel_50328903000000010230000000,440,,,,,921.798,0.785,
fleet_depot,parcel_50220052500000060010000000,842,,,,,0.0,0.0,
fleet_depot,parcel_50220001600000010070010000,593,,,,,0.0,0.0,
fleet_depot,parcel_50220001700000010280000000,695,,,,,0.0,0.0,
fleet_depot,parcel_50220001600000010180010000,620,,,,,6743.679,5.742,
fleet_depot,parcel_50220001700000010500000000,485,,,,,0.0,0.0,
fleet_depot,parcel_50220001700000010470000000,695,,,,,0.0,0.0,
fleet_depot,parcel_50220002700000010340050000,852,,,,,0.0,0.0,
fleet_depot,parcel_50220002600000010170010000,852,,,,,0.0,0.0,
fleet_depot,parcel_50220002600000010260010000,852,,,,,0.0,0.0,
fleet_depot,parcel_50220003100000010090220000,614,,,,,1115.861,0.95,
fleet_depot,parcel_50220002900000010040220000,455,,,,,6598.132,5.618,
fleet_depot,parcel_50220002800000010210000000,695,,,,,0.0,0.0,
fleet_depot,parcel_50220002800000010200000000,695,,,,,0.0,0.0,
fleet_depot,parcel_50220052500000060020000000,842,,,,,0.0,0.0,
fleet_depot,parcel_50220001000000010390000000,651,,,,,0.0,0.0,
fleet_depot,parcel_50220001000000010380000000,695,,,,,0.0,0.0,
fleet_depot,parcel_50220001000000010570320000,544,,,,,0.0,0.0,
fleet_depot,parcel_50220000900000010110430000,433,,,,,1237.15,1.053,
fleet_depot,parcel_50220000900000010090120000,464,,,,,8538.759,7.27,
fleet_depot,parcel_50340002600000010100010000,837,,,,,0.0,0.0,
fleet_depot,parcel_50260000200000010080340000,837,,,,,0.0,0.0,
fleet_depot,parcel_50260000600000020140000000,852,,,,,0.0,0.0,
fleet_depot,parcel_50260000100000030100030000,443,,,,,3177.777,2.706,
fleet_depot,parcel_50360100300000010060000000,440,,,,,921.798,0.785,
fleet_depot,parcel_50360100300000020080000000,872,,,,,0.0,0.0,
fleet_depot,parcel_50360100300000010030020000,464,,,,,1334.181,1.136,
fleet_depot,parcel_50360101000000010040000000,612,,,,,0.0,0.0,
fleet_depot,parcel_50360101000000010110020000,612,,,,,113963.329,97.031,
fleet_depot,parcel_50360100500000010170000000,444,,,,,2255.979,1.921,
fleet_depot,parcel_50360100500000010540000000,534,,,,,6743.679,5.742,
fleet_depot,parcel_50360100500000010490020000,483,,,,,0.0,0.0,
fleet_depot,parcel_50360100500000010510000000,620,,,,,3687.192,3.139,
fleet_depot,parcel_50360100600000030010020000,620,,,,,2474.3,2.107,
fleet_depot,parcel_50360100600000020080010000,611,,,,,3347.582,2.85,
fleet_depot,parcel_50360100600000020130000000,620,,,,,1431.213,1.219,
fleet_depot,parcel_50360100600000020030000000,652,,,,,1722.307,1.466,
fleet_depot,parcel_50360100600000020040000000,483,,,,,994.571,0.847,
fleet_depot,parcel_50360100600000020020000000,620,,,,,1140.118,0.971,
fleet_depot,parcel_50360100600000010080000000,436,,,,,266.836,0.227,
fleet_depot,parcel_50360100600000010200000000,438,,,,,0.0,0.0,
fleet_depot,parcel_50360100600000010250000000,457,,,,,1188.634,1.012,
fleet_depot,parcel_50360100600000010240000000,652,,,,,1649.533,1.404,
fleet_depot,parcel_50360100600000010260000000,440,,,,,1673.791,1.425,
fleet_depot,parcel_50360100600000010210000000,438,,,,,0.0,0.0,
fleet_depot,parcel_50360100600000010230000000,483,,,,,1018.829,0.867,
fleet_depot,parcel_50360100600000020010020000,438,,,,,0.0,0.0,
fleet_depot,parcel_50360100600000020010010000,465,,,,,1576.76,1.342,
fleet_depot,parcel_50360100500000010590020000,483,,,,,1334.181,1.136,
fleet_depot,parcel_50360100500000010670000000,483,,,,,1091.603,0.929,
fleet_depot,parcel_50360100500000010660000000,483,,,,,2086.174,1.776,
fleet_depot,parcel_50360100200000050040000000,681,,,,,2571.331,2.189,
fleet_depot,parcel_50360100200000050060000000,836,,,,,0.0,0.0,
fleet_depot,parcel_50360100200000050050000000,836,,,,,0.0,0.0,
fleet_depot,parcel_50360100500000010010000000,484,,,,,2183.206,1.859,
fleet_depot,parcel_50360100500000010680000000,481,,,,,2086.174,1.776,
fleet_depot,parcel_50360100500000010700000000,481,,,,,557.93,0.475,
fleet_depot,parcel_50360100600000010190000000,484,,,,,1091.603,0.929,
fleet_depot,parcel_50360100600000010180000000,481,,,,,970.314,0.826,
fleet_depot,parcel_50360100600000010150000000,483,,,,,4075.317,3.47,
fleet_depot,parcel_50360100600000010170000000,483,,,,,3250.55,2.768,
fleet_depot,parcel_50360100600000010120000000,483,,,,,2304.495,1.962,
fleet_depot,parcel_50360100600000010140000000,483,,,,,1916.369,1.632,
fleet_depot,parcel_50360100600000010130000000,483,,,,,7131.805,6.072,
fleet_depot,parcel_50360100600000010110000000,483,,,,,2304.495,1.962,
fleet_depot,parcel_50360100600000010100000000,482,,,,,1140.118,0.971,
fleet_depot,parcel_50360100200000050140000000,464,,,,,1601.017,1.363,
fleet_depot,parcel_50360100200000050090000000,461,,,,,2037.658,1.735,
fleet_depot,parcel_50360100500000010580020000,483,,,,,3541.645,3.015,
fleet_depot,parcel_50360100500000010570000000,481,,,,,1503.986,1.281,
fleet_depot,parcel_50360100500000010560000000,481,,,,,1334.181,1.136,
fleet_depot,parcel_50360100500000010710000000,534,,,,,897.54,0.764,
fleet_depot,parcel_50360100500000010550000000,481,,,,,1673.791,1.425,
fleet_depot,parcel_50360100100000010120000000,620,,,,,3056.488,2.602,
fleet_depot,parcel_50360100100000010130000000,662,,,,,3517.387,2.995,
fleet_depot,parcel_50360100100000010110000000,438,,,,,0.0,0.0,
fleet_depot,parcel_50360100100000050070000000,485,,,,,1843.596,1.57,
fleet_depot,parcel_50360100600000010050010000,457,,,,,5191.178,4.42,
fleet_depot,parcel_50360100600000010010000000,484,,,,,2328.753,1.983,
fleet_depot,parcel_50360100700000020020000000,590,,,,,0.0,0.0,
fleet_depot,parcel_50360100100000050010000000,590,,,,,0.0,0.0,
fleet_depot,parcel_50360100700000020030000000,590,,,,,0.0,0.0,
fleet_depot,parcel_50360100700000030010000000,590,,,,,0.0,0.0,
fleet_depot,parcel_50360100700000010150000000,822,,,,,315.352,0.268,
fleet_depot,parcel_50360100600000010280010000,633,,,,,19357.756,16.482,
fleet_depot,parcel_50360100600000010050020000,485,,,,,6864.969,5.845,
fleet_depot,parcel_50360100600000010070000000,436,,,,,630.704,0.537,
fleet_depot,parcel_50360100600000010360020000,633,,,,,10164.035,8.654,
fleet_depot,parcel_50360100800000050020000000,695,,,,,0.0,0.0,
fleet_depot,parcel_50360100800000020210000000,590,,,,,0.0,0.0,
fleet_depot,parcel_50360100800000020200000000,822,,,,,0.0,0.0,
fleet_depot,parcel_50360100800000040010320000,552,,,,,1334.181,1.136,
fleet_depot,parcel_50360100900000010020070000,612,,,,,1940.627,1.652,
fleet_depot,parcel_50360100600000050110000000,438,,,,,0.0,0.0,
fleet_depot,parcel_50360100600000040070000000,471,,,,,1989.143,1.694,
fleet_depot,parcel_50360101000000010110010000,615,,,,,2644.104,2.251,
fleet_depot,parcel_50360101000000010070000000,486,,,,,1843.596,1.57,
fleet_depot,parcel_50360101000000010080000000,421,,,,,1528.244,1.301,
fleet_depot,parcel_50360101000000010090000000,531,,,,,0.0,0.0,
fleet_depot,parcel_50360101000000020040020000,485,,,,,1043.087,0.888,
fleet_depot,parcel_50360101000000020040010000,457,,,,,266.836,0.227,
fleet_depot,parcel_50360100400000030080000000,433,,,,,436.641,0.372,
fleet_depot,parcel_50360100400000020040000000,695,,,,,0.0,0.0,
fleet_depot,parcel_50360100400000030050000000,853,,,,,363.868,0.31,
fleet_depot,parcel_50360100300000020030000000,483,,,,,2886.683,2.458,
fleet_depot,parcel_50368902600000020130010000,484,,,,,10067.003,8.571,
fleet_depot,parcel_50368901100000020280000000,557,,,,,970.314,0.826,
fleet_depot,parcel_50368901100000030010000000,441,,,,,2328.753,1.983,
fleet_depot,parcel_50368901100000020060020000,484,,,,,291.094,0.248,
fleet_depot,parcel_50368901100000040050000000,695,,,,,0.0,0.0,
fleet_depot,parcel_50368901200000010010020000,552,,,,,0.0,0.0,
fleet_depot,parcel_50368901200000020090040000,620,,,,,1843.596,1.57,
fleet_depot,parcel_50368901200000030150000000,612,,,,,0.0,0.0,
fleet_depot,parcel_50368901200000010050000000,852,,,,,0.0,0.0,
fleet_depot,parcel_50368902200000010050030000,464,,,,,2522.815,2.148,
fleet_depot,parcel_50368902200000020040000000,642,,,,,9315.01,7.931,
fleet_depot,parcel_50368902200000040180000000,845,,,,,0.0,0.0,
fleet_depot,parcel_50368902300000010180000000,692,,,,,0.0,0.0,
fleet_depot,parcel_50368902300000020040000000,433,,,,,1746.564,1.487,
fleet_depot,parcel_50368902200000040120000000,695,,,,,0.0,0.0,
fleet_depot,parcel_50368902200000040090000000,845,,,,,0.0,0.0,
fleet_depot,parcel_50368902200000050040000000,433,,,,,2959.456,2.52,
fleet_depot,parcel_50368902300000040040000000,695,,,,,0.0,0.0,
fleet_depot,parcel_50368902500000020010040000,485,,,,,4560.474,3.883,
fleet_depot,parcel_50368902500000020010520000,455,,,,,800.509,0.682,
fleet_depot,parcel_50368902500000020010060000,485,,,,,1479.728,1.26,
fleet_depot,parcel_50368902500000030010000000,620,,,,,3493.129,2.974,
fleet_depot,parcel_50368902500000060070000000,593,,,,,0.0,0.0,
fleet_depot,parcel_50368902500000060100020000,484,,,,,1503.986,1.281,
fleet_depot,parcel_50368902400000020050210099,837,,,,,0.0,0.0,
fleet_depot,parcel_50368902400000030090000000,620,,,,,460.899,0.392,
fleet_depot,parcel_50368902400000030070000000,695,,,,,0.0,0.0,
fleet_depot,parcel_50368902500000060200000000,633,,,,,970.314,0.826,
fleet_depot,parcel_50368902500000030090000000,484,,,,,654.962,0.558,
fleet_depot,parcel_50368902000000010060010000,531,,,,,0.0,0.0,
fleet_depot,parcel_50368902000000030090210000,612,,,,,5385.24,4.585,
fleet_depot,parcel_50368902000000030090220000,440,,,,,2910.941,2.478,
fleet_depot,parcel_50368902000000030090230000,612,,,,,3056.488,2.602,
fleet_depot,parcel_50368902000000020020020000,444,,,,,4706.021,4.007,
fleet_depot,parcel_50368902000000030010000000,449,,,,,1043.087,0.888,
fleet_depot,parcel_50368901200000040150230000,449,,,,,4269.38,3.635,
fleet_depot,parcel_50368901300000030030010000,431,,,,,12031.888,10.244,
fleet_depot,parcel_50368901200000030210010000,423,,,,,363.868,0.31,
fleet_depot,parcel_50368901200000030170000000,531,,,,,412.383,0.351,
fleet_depot,parcel_50368901200000030210020000,442,,,,,1843.596,1.57,
fleet_depot,parcel_50368901200000030190000000,472,,,,,606.446,0.516,
fleet_depot,parcel_50368901200000030180020000,446,,,,,5894.655,5.019,
fleet_depot,parcel_50368901200000030180010000,456,,,,,5603.561,4.771,
fleet_depot,parcel_50368901300000030020010000,454,,,,,21832.055,18.588,
fleet_depot,parcel_50368901300000040020040000,443,,,,,16374.042,13.941,
fleet_depot,parcel_50368901300000050170000000,449,,,,,1625.275,1.384,
fleet_depot,parcel_50368901300000020140000000,695,,,,,0.0,0.0,
fleet_depot,parcel_50368901400000030180020000,414,,,,,3614.418,3.077,
fleet_depot,parcel_50368901400000030180010000,414,,,,,1795.08,1.528,
fleet_depot,parcel_50368901400000010130000000,695,,,,,0.0,0.0,
fleet_depot,parcel_50368901400000010110000000,414,,,,,4390.669,3.738,
