site_type,site_id,name,lat,lon,ports_2026,ports_scaled,annual_kwh,peak_kw,kwh_per_port_day
public_l2,afdc_114957,La Tourelle Hotel & Spa - Tesla Destination,42.402,-76.503,2.0,3.409,11575.223,6.306,9.304
public_l2,afdc_114959,William Henry Miller Inn - Tesla Destination,42.442,-76.495,1.0,1.704,5787.611,3.153,9.304
public_l2,afdc_117739,Maguire Chevrolet,42.481,-76.478,2.0,3.409,11575.223,6.306,9.304
public_l2,afdc_123135,Allan H. Treman State Park,42.458,-76.52,4.0,6.817,23150.445,12.612,9.304
public_l2,afdc_123137,Cayuga Heights,42.469,-76.479,2.0,3.409,11575.223,6.306,9.304
public_l2,afdc_162227,NORTH WOOD STATION 1,42.487,-76.471,2.0,3.409,11575.223,6.306,9.304
public_l2,afdc_162263,ITHACA VISITORS COLLEGE CIRCLE,42.412,-76.501,2.0,3.409,11575.223,6.306,9.304
public_l2,afdc_162290,HOLT1 HOLT,42.439,-76.51,2.0,3.409,11575.223,6.306,9.304
public_l2,afdc_162296,CITY OF ITHACA DRYDEN,42.442,-76.486,2.0,3.409,11575.223,6.306,9.304
public_l2,afdc_162304,INHS 210 HANCOCK,42.448,-76.503,2.0,3.409,11575.223,6.306,9.304
public_l2,afdc_162307,CITY OF ITHACA SENECA STREET,42.44,-76.496,2.0,3.409,11575.223,6.306,9.304
public_l2,afdc_162315,ITHACA VISITORS ITHACA COLLEGE,42.421,-76.5,2.0,3.409,11575.223,6.306,9.304
public_l2,afdc_162323,CAYUGA STATION ALL PRO GARAGE,42.437,-76.499,2.0,3.409,11575.223,6.306,9.304
public_l2,afdc_162327,ULYSSES TOWN ULYSSES,42.541,-76.661,2.0,3.409,11575.223,6.306,9.304
public_l2,afdc_164859,DRYDEN STATION 1,42.492,-76.287,2.0,3.409,11575.223,6.306,9.304
public_l2,afdc_165558,CCE TOMPKINS STATION ONE,42.451,-76.503,2.0,3.409,11575.223,6.306,9.304
public_l2,afdc_182683,SCIENCENTER SCIENCENTER,42.45,-76.504,2.0,3.409,11575.223,6.306,9.304
public_l2,afdc_186535,CAYUGA MED CTR. CAYUGA MEDICAL,42.469,-76.538,2.0,3.409,11575.223,6.306,9.304
public_l2,afdc_191606,THE MEADOWS STATION 01,42.484,-76.482,2.0,3.409,11575.223,6.306,9.304
public_l2,afdc_226519,BJ'S Wholesale Shopping Club,42.486,-76.493,2.0,3.409,11575.223,6.306,9.304
public_l2,afdc_226520,The Dorm Hotel,42.444,-76.49,1.0,1.704,5787.611,3.153,9.304
public_l2,afdc_226521,Maguire Honda of Ithaca,42.426,-76.509,1.0,1.704,5787.611,3.153,9.304
public_l2,afdc_226539,Inn at Taughannock Falls - Tesla Destination,42.545,-76.598,2.0,3.409,11575.223,6.306,9.304
public_l2,afdc_227121,CORNELL STATION4,42.445,-76.481,2.0,3.409,11575.223,6.306,9.304
public_l2,afdc_229267,CORNELL STATION6,42.445,-76.481,2.0,3.409,11575.223,6.306,9.304
public_l2,afdc_229268,CORNELL STATION2,42.45,-76.479,2.0,3.409,11575.223,6.306,9.304
public_l2,afdc_229269,CORNELL STATION1,42.45,-76.478,2.0,3.409,11575.223,6.306,9.304
public_l2,afdc_229400,CORNELL STATION3,42.443,-76.479,2.0,3.409,11575.223,6.306,9.304
public_l2,afdc_229476,CORNELL STATION5,42.45,-76.479,2.0,3.409,11575.223,6.306,9.304
public_l2,afdc_230851,Village of Dryden,42.49,-76.298,2.0,3.409,11575.223,6.306,9.304
public_l2,afdc_256948,MAGUIRE IMPORTS VOLKS CLIENT,42.422,-76.517,2.0,3.409,11575.223,6.306,9.304
public_l2,afdc_302246,CORNELL CORNELLSTATION7,42.443,-76.48,2.0,3.409,11575.223,6.306,9.304
public_l2,afdc_311780,ITHACAN B,42.439,-76.496,2.0,3.409,11575.223,6.306,9.304
public_l2,afdc_311781,ITHACAN A,42.439,-76.496,2.0,3.409,11575.223,6.306,9.304
public_l2,afdc_311782,ITHACAN C,42.439,-76.496,2.0,3.409,11575.223,6.306,9.304
public_l2,afdc_311783,ITHACAN D,42.439,-76.496,2.0,3.409,11575.223,6.306,9.304
public_l2,afdc_324859,Spruce Row Campground & RV Park,42.516,-76.587,4.0,6.817,23150.445,12.612,9.304
public_l2,afdc_326300,CORNELL STATION10,42.436,-76.455,2.0,3.409,11575.223,6.306,9.304
public_l2,afdc_326305,CORNELL STATION11,42.436,-76.455,2.0,3.409,11575.223,6.306,9.304
public_l2,afdc_326306,CORNELL STATION12,42.436,-76.455,2.0,3.409,11575.223,6.306,9.304
public_l2,afdc_326447,CORNELL STATION8,42.444,-76.484,2.0,3.409,11575.223,6.306,9.304
public_l2,afdc_326448,CORNELL STATION9,42.444,-76.484,2.0,3.409,11575.223,6.306,9.304
public_l2,afdc_333805,Holiday Inn Express Ithaca,42.421,-76.518,4.0,6.817,23150.445,12.612,9.304
public_l2,afdc_333826,Ithaca Bakery,42.443,-76.509,6.0,10.226,34725.668,18.919,9.304
public_l2,afdc_334127,Kendal at Ithaca 3,42.474,-76.488,2.0,3.409,11575.223,6.306,9.304
public_l2,afdc_334240,Rodeway Inn & Suites,42.41,-76.54,4.0,6.817,23150.445,12.612,9.304
public_l2,afdc_341691,SWTCH Energy Inc.,42.437,-76.46,4.0,6.817,23150.445,12.612,9.304
public_l2,afdc_341704,SWTCH Energy Inc.,42.439,-76.46,4.0,6.817,23150.445,12.612,9.304
public_l2,afdc_341740,SWTCH Energy Inc.,42.538,-76.654,2.0,3.409,11575.223,6.306,9.304
public_l2,afdc_341778,SWTCH Energy Inc.,42.501,-76.311,2.0,3.409,11575.223,6.306,9.304
public_l2,afdc_347356,Kendal at Ithaca 2 (North Lot),42.476,-76.486,4.0,6.817,23150.445,12.612,9.304
public_l2,afdc_347357,Kendal at Ithaca 1 (South Lot),42.475,-76.485,4.0,6.817,23150.445,12.612,9.304
public_l2,afdc_347365,Best Western University Inn,42.439,-76.462,8.0,13.634,46300.891,25.225,9.304
public_l2,afdc_347945,Fairview Apartments East,42.44,-76.476,12.0,20.451,69451.336,37.837,9.304
public_l2,afdc_347946,Fairview Apartments West,42.44,-76.476,8.0,13.634,46300.891,25.225,9.304
public_l2,afdc_350529,GREENSTARCOOPER GREENSTAR 1,42.445,-76.51,2.0,3.409,11575.223,6.306,9.304
public_l2,afdc_360737,Ithaca College - Farm Pond Road - North Row,42.428,-76.496,12.0,20.451,69451.336,37.837,9.304
public_l2,afdc_360738,Ithaca College -  Terrace Hall,42.417,-76.498,2.0,3.409,11575.223,6.306,9.304
public_l2,afdc_360739,Ithaca College - Farm Pond Road - South Row,42.427,-76.496,14.0,23.86,81026.558,44.143,9.304
public_l2,afdc_372446,GREENSTARCOOPER GREENSTAR 2,42.445,-76.51,2.0,3.409,11575.223,6.306,9.304
public_l2,afdc_376246,Northside Apartments Site 1,42.445,-76.506,2.0,3.409,11575.223,6.306,9.304
public_l2,afdc_376247,Northside Apartments Site 2,42.445,-76.506,2.0,3.409,11575.223,6.306,9.304
public_l2,afdc_384284,INHS VILLAGE GROVE 6,42.536,-76.661,1.0,1.704,5787.611,3.153,9.304
public_l2,afdc_384285,INHS VILLAGE GROVE 3,42.536,-76.661,1.0,1.704,5787.611,3.153,9.304
public_l2,afdc_384286,INHS VILLAGE GROVE 2,42.536,-76.661,1.0,1.704,5787.611,3.153,9.304
public_l2,afdc_384287,INHS VILLAGE GROVE 5,42.536,-76.661,1.0,1.704,5787.611,3.153,9.304
public_l2,afdc_384288,INHS VILLAGE GROVE 4,42.536,-76.661,1.0,1.704,5787.611,3.153,9.304
public_l2,afdc_384289,INHS VILLAGE GROVE 1,42.536,-76.661,1.0,1.704,5787.611,3.153,9.304
public_l2,afdc_420749,ORLY ITHACA 1,42.432,-76.51,1.0,1.704,5787.611,3.153,9.304
public_l2,afdc_420750,ORLY ITHACA 3,42.432,-76.51,1.0,1.704,5787.611,3.153,9.304
public_l2,afdc_429747,Chrysler L2s,42.428,-76.51,2.0,3.409,11575.223,6.306,9.304
public_l2,afdc_439836,Springwater Inn,42.459,-76.428,4.0,6.817,23150.445,12.612,9.304
public_l2,afdc_447078,Village Hall,42.541,-76.661,2.0,3.409,11575.223,6.306,9.304
public_l2,afdc_452497,308 Main Street,42.586,-76.366,2.0,3.409,11575.223,6.306,9.304
public_l2,afdc_455979,Honda L2's,42.427,-76.51,1.0,1.704,5787.611,3.153,9.304
public_l2,afdc_455980,Imports L2s,42.423,-76.518,1.0,1.704,5787.611,3.153,9.304
public_l2,afdc_455983,Ford Ithaca L2s,42.435,-76.509,4.0,6.817,23150.445,12.612,9.304
public_l2,afdc_456594,HOUSE OF ALPHA STATION 1,42.456,-76.487,2.0,3.409,11575.223,6.306,9.304
public_l2,afdc_456595,HOUSE OF ALPHA STATION 2,42.456,-76.487,2.0,3.409,11575.223,6.306,9.304
public_l2,afdc_458593,ORLY ITHACA 2,42.432,-76.51,1.0,1.704,5787.611,3.153,9.304
public_l2,afdc_458594,ORLY ITHACA 4,42.432,-76.51,1.0,1.704,5787.611,3.153,9.304
public_l2,afdc_460294,FERGUSON ELEC AURORA 2,42.447,-76.509,2.0,3.409,11575.223,6.306,9.304
public_l2,afdc_460295,FERGUSON ELEC AURORA 5,42.447,-76.509,2.0,3.409,11575.223,6.306,9.304
public_l2,afdc_460296,FERGUSON ELEC AURORA 4,42.447,-76.509,2.0,3.409,11575.223,6.306,9.304
public_l2,afdc_460298,FERGUSON ELEC AURORA 1,42.447,-76.509,2.0,3.409,11575.223,6.306,9.304
public_l2,afdc_460299,FERGUSON ELEC AURORA 6,42.447,-76.509,2.0,3.409,11575.223,6.306,9.304
public_l2,afdc_462029,GT-Dryden Mutual Insurance,42.5,-76.3,6.0,10.226,34725.668,18.919,9.304
public_l2,afdc_467971,Parking Lot,42.541,-76.66,2.0,3.409,11575.223,6.306,9.304
public_l2,afdc_467972,Parking Lot,42.542,-76.666,2.0,3.409,11575.223,6.306,9.304
public_l2,afdc_468044,Parking Lot,42.436,-76.465,2.0,3.409,11575.223,6.306,9.304
dcfc,afdc_117739,Maguire Chevrolet,42.481,-76.478,1.0,1.704,125591.866,151.658,201.895
dcfc,afdc_149318,"Ithaca, NY - Tesla Supercharger",42.429,-76.509,8.0,13.634,1004734.927,1213.261,201.895
dcfc,afdc_333805,Holiday Inn Express Ithaca,42.421,-76.518,8.0,13.634,1004734.927,1213.261,201.895
dcfc,afdc_398514,Ithaca College - Athletic Center,42.422,-76.49,4.0,6.817,502367.464,606.631,201.895
dcfc,afdc_440986,Chrysler L3s,42.428,-76.51,2.0,3.409,251183.732,303.315,201.895
dcfc,afdc_447078,Village Hall,42.541,-76.661,2.0,3.409,251183.732,303.315,201.895
dcfc,afdc_449494,Parking Lot DCFC,42.542,-76.666,2.0,3.409,251183.732,303.315,201.895
dcfc,afdc_455981,Chevrolet Cadillac L3s,42.481,-76.478,3.0,5.113,376775.598,454.973,201.895
dcfc,afdc_455982,Ford Ithaca L3s,42.435,-76.509,4.0,6.817,502367.464,606.631,201.895
dcfc,afdc_455985,Chevy of Trumansburg L3's,42.533,-76.639,2.0,3.409,251183.732,303.315,201.895
dcfc,afdc_459357,Parking Lot DCFC,42.541,-76.66,2.0,3.409,251183.732,303.315,201.895
dcfc,afdc_463625,Ithaca Ford,42.435,-76.509,2.0,3.409,251183.732,303.315,201.895
workplace_listed,afdc_44339,Maguire Family of Dealerships,42.435,-76.509,1.0,,25385.84,25.386,
workplace_listed,afdc_157971,Maguire Family of Dealerships,42.423,-76.519,0.0,,0.0,0.0,
workplace_listed,afdc_168427,Village of Dryden,42.485,-76.297,2.0,,50771.68,50.772,
workplace_listed,afdc_168458,Tompkins-Seneca-Tioga BOCES,42.476,-76.464,4.0,,101543.359,101.544,
workplace_listed,afdc_303228,Swtch Energy,42.501,-76.31,2.0,,50771.68,50.772,
workplace_listed,chargeready_56A260F38E53CE12C012D52A07908D7966D69E4F5ECBF7043EB7681EEBF1A5E2,Dryden Mutual Insurance Company,,,6.0,,152315.039,152.316,
workplace_listed,chargeready_FE9A4C96FFF5CD08C8B5BD7CCC15E73D25CA8C3C1ECA4AA6B308C63B6D0B77BE,TST BOCES Ithaca,,,4.0,,101543.359,101.544,
workplace_listed,chargeready_498FEA00DD2D4B8B227D6D6A6B07F9F52AFE255CB81F23F2E051B39205B0D39F,Cornell Cooperative Extension Association of Tompkins County,,,2.0,,50771.68,50.772,
workplace_unlisted_parcel,parcel_50200000900000010230000000,612,42.393,-76.371,,,953.212,0.953,
workplace_unlisted_parcel,parcel_50200000900000010070040000,442,42.395,-76.401,,,364.914,0.365,
workplace_unlisted_parcel,parcel_50200003100000010010050000,670,42.327,-76.319,,,1060.755,1.061,
workplace_unlisted_parcel,parcel_50300101400000060010000000,613,42.458,-76.484,,,456.715,0.457,
workplace_unlisted_parcel,parcel_50300101400000040020020000,613,42.459,-76.479,,,1711.947,1.712,
workplace_unlisted_parcel,parcel_50300100900000060010000000,612,42.466,-76.489,,,880.498,0.881,
workplace_unlisted_parcel,parcel_50300101000000040010020000,452,42.469,-76.48,,,921.139,0.921,
workplace_unlisted_parcel,parcel_50300101000000040010020002,465,42.469,-76.48,,,504.44,0.504,
workplace_unlisted_parcel,parcel_50300100500000030180010000,464,42.47,-76.478,,,393.302,0.393,
workplace_unlisted_parcel,parcel_50300100300000010010000000,633,42.475,-76.486,,,6513.499,6.514,
workplace_unlisted_parcel,parcel_50220000900000010090120000,464,42.358,-76.512,,,386.648,0.387,
workplace_unlisted_parcel,parcel_50220001000000010050000000,614,42.359,-76.49,,,441.045,0.441,
workplace_unlisted_parcel,parcel_50220000200000010350110000,442,42.384,-76.492,,,515.065,0.515,
workplace_unlisted_parcel,parcel_50220000100000010250010000,710,42.381,-76.51,,,1313.082,1.313,
workplace_unlisted_parcel,parcel_50248907300000020040020000,714,42.403,-76.422,,,430.187,0.43,
workplace_unlisted_parcel,parcel_50248905400000010090050000,440,42.461,-76.421,,,375.432,0.375,
workplace_unlisted_parcel,parcel_50248905200000010040320000,710,42.471,-76.41,,,3649.64,3.65,
workplace_unlisted_parcel,parcel_50248905200000010041110000,440,42.472,-76.408,,,594.416,0.594,
workplace_unlisted_parcel,parcel_50248905200000010080050000,442,42.472,-76.403,,,734.014,0.734,
workplace_unlisted_parcel,parcel_50248905200000010080020000,442,42.471,-76.401,,,858.621,0.859,
workplace_unlisted_parcel,parcel_50248904200000010350020000,442,42.473,-76.424,,,769.539,0.77,
workplace_unlisted_parcel,parcel_50248904200000010350030000,440,42.474,-76.425,,,438.254,0.438,
workplace_unlisted_parcel,parcel_50248904200000010310060000,710,42.474,-76.428,,,867.851,0.868,
workplace_unlisted_parcel,parcel_50248904200000010310030000,661,42.475,-76.428,,,563.685,0.564,
workplace_unlisted_parcel,parcel_50248904300000010290060000,440,42.475,-76.433,,,362.231,0.362,
workplace_unlisted_parcel,parcel_50248904300000010330020000,642,42.477,-76.432,,,447.216,0.447,
workplace_unlisted_parcel,parcel_50248904300000010331210000,442,42.477,-76.435,,,1175.238,1.175,
workplace_unlisted_parcel,parcel_50248903900000010010000000,712,42.497,-76.372,,,1073.276,1.073,
workplace_unlisted_parcel,parcel_50248903400000020030030000,449,42.505,-76.359,,,533.347,0.533,
workplace_unlisted_parcel,parcel_50248903700000010100120000,613,42.499,-76.282,,,2983.064,2.983,
workplace_unlisted_parcel,parcel_50248903700000010080030000,613,42.501,-76.288,,,4993.311,4.993,
workplace_unlisted_parcel,parcel_50248903700000010101120000,613,42.5,-76.285,,,1141.68,1.142,
workplace_unlisted_parcel,parcel_50248903700000010101110000,613,42.5,-76.286,,,1146.188,1.146,
workplace_unlisted_parcel,parcel_50248903800000010260000000,612,42.502,-76.309,,,3371.018,3.371,
workplace_unlisted_parcel,parcel_50248903900000010220020000,449,42.5,-76.349,,,394.966,0.395,
workplace_unlisted_parcel,parcel_50248903900000010220050000,440,42.497,-76.349,,,362.195,0.362,
workplace_unlisted_parcel,parcel_50240100800100010020000000,464,42.5,-76.3,,,559.642,0.56,
workplace_unlisted_parcel,parcel_50240101100000010080070000,449,42.491,-76.292,,,368.992,0.369,
workplace_unlisted_parcel,parcel_50240101600000020010000000,612,42.488,-76.292,,,2127.144,2.127,
workplace_unlisted_parcel,parcel_50240101100000010090000000,651,42.492,-76.29,,,457.931,0.458,
workplace_unlisted_parcel,parcel_50240101200000040010010000,633,42.492,-76.295,,,705.321,0.705,
workplace_unlisted_parcel,parcel_50240100900000010060000000,452,42.495,-76.299,,,411.065,0.411,
workplace_unlisted_parcel,parcel_50240101300000010110020000,710,42.492,-76.304,,,432.888,0.433,
workplace_unlisted_parcel,parcel_50260000400000020070040000,710,42.461,-76.574,,,771.704,0.772,
workplace_unlisted_parcel,parcel_50260001400000020020080000,651,42.418,-76.623,,,438.183,0.438,
workplace_unlisted_parcel,parcel_50260000800000010100000000,612,42.449,-76.632,,,763.153,0.763,
workplace_unlisted_parcel,parcel_50240300400000050110110000,633,42.515,-76.344,,,423.264,0.423,
workplace_unlisted_parcel,parcel_50288903500000010250020000,442,42.552,-76.403,,,579.569,0.58,
workplace_unlisted_parcel,parcel_50280130800000010030010000,455,42.589,-76.348,,,732.332,0.732,
workplace_unlisted_parcel,parcel_50280130800000010010010000,715,42.591,-76.35,,,362.857,0.363,
workplace_unlisted_parcel,parcel_50280130800000010010030000,440,42.59,-76.352,,,599.675,0.6,
workplace_unlisted_parcel,parcel_50280110800000020370000000,612,42.584,-76.359,,,1786.111,1.786,
workplace_unlisted_parcel,parcel_50280100700000020250040000,633,42.585,-76.368,,,858.979,0.859,
workplace_unlisted_parcel,parcel_50280100700000020250030000,633,42.585,-76.369,,,620.389,0.62,
workplace_unlisted_parcel,parcel_50280101100000010010020000,612,42.58,-76.371,,,2524.578,2.525,
workplace_unlisted_parcel,parcel_50280100600000010310000000,652,42.59,-76.37,,,426.448,0.426,
workplace_unlisted_parcel,parcel_50280100500000010020000000,444,42.592,-76.369,,,365.719,0.366,
workplace_unlisted_parcel,parcel_50070013000000040050000000,690,42.419,-76.518,,,768.824,0.769,
workplace_unlisted_parcel,parcel_50070013000000030010000000,456,42.42,-76.519,,,384.591,0.385,
workplace_unlisted_parcel,parcel_50070012800000010060010000,452,42.421,-76.519,,,886.956,0.887,
workplace_unlisted_parcel,parcel_50070012900000010100020000,414,42.422,-76.516,,,1011.992,1.012,
workplace_unlisted_parcel,parcel_50070008500000050010000000,612,42.437,-76.478,,,527.14,0.527,
workplace_unlisted_parcel,parcel_50070006300000050070000000,437,42.442,-76.486,,,1287.932,1.288,
workplace_unlisted_parcel,parcel_50070006300000050020000000,482,42.442,-76.486,,,858.675,0.859,
workplace_unlisted_parcel,parcel_50070006400000100030000000,613,42.441,-76.485,,,1122.11,1.122,
workplace_unlisted_parcel,parcel_50070006900000010040000000,482,42.44,-76.494,,,409.043,0.409,
workplace_unlisted_parcel,parcel_50070006900000010110000000,481,42.44,-76.495,,,760.452,0.76,
workplace_unlisted_parcel,parcel_50070006900000010070000000,482,42.44,-76.495,,,509.806,0.51,
workplace_unlisted_parcel,parcel_50070006900000010060020000,414,42.44,-76.495,,,1332.204,1.332,
workplace_unlisted_parcel,parcel_50070006100000040050000000,650,42.441,-76.496,,,3181.191,3.181,
workplace_unlisted_parcel,parcel_50070007000000020100000000,463,42.44,-76.497,,,855.509,0.856,
workplace_unlisted_parcel,parcel_50070007000000030150000000,463,42.44,-76.497,,,600.749,0.601,
workplace_unlisted_parcel,parcel_50070007000000040040220000,464,42.439,-76.496,,,1036.695,1.037,
workplace_unlisted_parcel,parcel_50070007000000040040210001,437,42.439,-76.496,,,865.418,0.865,
workplace_unlisted_parcel,parcel_50070007000000040050010000,452,42.439,-76.497,,,1926.012,1.926,
workplace_unlisted_parcel,parcel_50070007000000020050000000,464,42.44,-76.498,,,380.655,0.381,
workplace_unlisted_parcel,parcel_50070007000000050010000000,481,42.439,-76.499,,,912.178,0.912,
workplace_unlisted_parcel,parcel_50070007000000050230000000,652,42.439,-76.499,,,527.694,0.528,
workplace_unlisted_parcel,parcel_50070007000000080010000000,611,42.438,-76.498,,,1234.876,1.235,
workplace_unlisted_parcel,parcel_50070007000000080110000000,642,42.438,-76.497,,,834.955,0.835,
workplace_unlisted_parcel,parcel_50070007000000040050230000,437,42.439,-76.497,,,3010.808,3.011,
workplace_unlisted_parcel,parcel_50070007000000040040030000,414,42.439,-76.496,,,1801.941,1.802,
workplace_unlisted_parcel,parcel_50070008100000030020020000,410,42.437,-76.497,,,371.765,0.372,
workplace_unlisted_parcel,parcel_50070008100000030010000000,662,42.437,-76.498,,,513.563,0.514,
workplace_unlisted_parcel,parcel_50070008100000020010000000,437,42.437,-76.499,,,3981.354,3.981,
workplace_unlisted_parcel,parcel_50070008100000020010000001,464,42.437,-76.499,,,393.535,0.394,
workplace_unlisted_parcel,parcel_50070008000000100010000000,633,42.438,-76.5,,,1299.738,1.3,
workplace_unlisted_parcel,parcel_50070007000000070040020000,414,42.438,-76.499,,,2557.743,2.558,
workplace_unlisted_parcel,parcel_50070008000000070010000000,642,42.436,-76.502,,,981.618,0.982,
workplace_unlisted_parcel,parcel_50070010700000010030000000,642,42.433,-76.492,,,406.772,0.407,
workplace_unlisted_parcel,parcel_50070010600000010080020000,710,42.43,-76.501,,,8279.235,8.279,
workplace_unlisted_parcel,parcel_50070010700000010010000000,612,42.434,-76.494,,,1257.486,1.257,
workplace_unlisted_parcel,parcel_50070011400000010010000000,449,42.428,-76.493,,,383.696,0.384,
workplace_unlisted_parcel,parcel_50070010400000010010020000,452,42.431,-76.507,,,476.427,0.476,
workplace_unlisted_parcel,parcel_50070011700000010010020000,452,42.429,-76.51,,,2694.657,2.695,
workplace_unlisted_parcel,parcel_50070011700000030010000000,485,42.429,-76.506,,,392.533,0.393,
workplace_unlisted_parcel,parcel_50070011700000020010020000,452,42.43,-76.507,,,739.487,0.739,
workplace_unlisted_parcel,parcel_50070012200000020020000000,431,42.427,-76.509,,,492.956,0.493,
workplace_unlisted_parcel,parcel_50070011800000010010020000,453,42.427,-76.513,,,3421.819,3.422,
workplace_unlisted_parcel,parcel_50070011800000010020040000,452,42.429,-76.513,,,715.374,0.715,
workplace_unlisted_parcel,parcel_50070012500000020040000000,414,42.425,-76.513,,,686.897,0.687,
workplace_unlisted_parcel,parcel_50070012500000010010010000,452,42.425,-76.515,,,585.705,0.586,
workplace_unlisted_parcel,parcel_50070012500000010030010000,415,42.424,-76.516,,,574.561,0.575,
workplace_unlisted_parcel,parcel_50070011800000010020020000,453,42.431,-76.514,,,2407.251,2.407,
workplace_unlisted_parcel,parcel_50070009600000020010090000,712,42.434,-76.516,,,793.777,0.794,
workplace_unlisted_parcel,parcel_50070007800000030020000000,449,42.436,-76.515,,,368.796,0.369,
workplace_unlisted_parcel,parcel_50070010200000010020030000,452,42.433,-76.509,,,1042.795,1.043,
workplace_unlisted_parcel,parcel_50070009500000010010220000,454,42.435,-76.51,,,2201.826,2.202,
workplace_unlisted_parcel,parcel_50070010200000010020010000,452,42.432,-76.51,,,2004.254,2.004,
workplace_unlisted_parcel,parcel_50070009500000010010010000,431,42.435,-76.509,,,431.278,0.431,
workplace_unlisted_parcel,parcel_50070009400000010220000000,415,42.434,-76.507,,,704.427,0.704,
workplace_unlisted_parcel,parcel_50070007900000060080020000,452,42.436,-76.506,,,697.433,0.697,
workplace_unlisted_parcel,parcel_50070007900000100010000000,415,42.436,-76.509,,,424.302,0.424,
workplace_unlisted_parcel,parcel_50070007200000070100000000,455,42.438,-76.509,,,574.811,0.575,
workplace_unlisted_parcel,parcel_50070007300000060010000000,444,42.439,-76.512,,,398.257,0.398,
workplace_unlisted_parcel,parcel_50070007800000010010020000,710,42.437,-76.515,,,891.284,0.891,
workplace_unlisted_parcel,parcel_50070007800000010010010000,710,42.437,-76.514,,,413.48,0.413,
workplace_unlisted_parcel,parcel_50070005700000020010000000,612,42.44,-76.518,,,469.362,0.469,
workplace_unlisted_parcel,parcel_50070007300000010110000000,464,42.44,-76.514,,,548.444,0.548,
workplace_unlisted_parcel,parcel_50070004200000020050000000,710,42.445,-76.516,,,433.461,0.433,
workplace_unlisted_parcel,parcel_50070004300000020050220000,454,42.445,-76.51,,,626.078,0.626,
workplace_unlisted_parcel,parcel_50070005200000030060000000,456,42.444,-76.509,,,444.927,0.445,
workplace_unlisted_parcel,parcel_50070007100000020050000000,652,42.44,-76.503,,,1157.493,1.158,
workplace_unlisted_parcel,parcel_50070006000000020080000000,612,42.442,-76.502,,,1233.695,1.234,
workplace_unlisted_parcel,parcel_50070007000000010030000000,464,42.44,-76.499,,,487.75,0.488,
workplace_unlisted_parcel,parcel_50070006100000050110000000,463,42.441,-76.498,,,1689.14,1.689,
workplace_unlisted_parcel,parcel_50070006100000050010000000,452,42.441,-76.499,,,2101.833,2.102,
workplace_unlisted_parcel,parcel_50070006100000050100000000,414,42.441,-76.497,,,3327.103,3.327,
workplace_unlisted_parcel,parcel_50070006100000020040000000,652,42.442,-76.497,,,1290.257,1.29,
workplace_unlisted_parcel,parcel_50070006100000030140000000,464,42.442,-76.497,,,529.572,0.53,
workplace_unlisted_parcel,parcel_50070006100000020010000000,620,42.442,-76.499,,,410.224,0.41,
workplace_unlisted_parcel,parcel_50070004900000040050000000,620,42.443,-76.496,,,413.39,0.413,
workplace_unlisted_parcel,parcel_50070002800000020010000000,612,42.451,-76.496,,,666.558,0.667,
workplace_unlisted_parcel,parcel_50070002600000020080000000,482,42.45,-76.501,,,484.763,0.485,
workplace_unlisted_parcel,parcel_50070001600000010030000000,651,42.453,-76.504,,,1785.324,1.785,
workplace_unlisted_parcel,parcel_50070001700000010010020000,465,42.452,-76.506,,,1082.023,1.082,
workplace_unlisted_parcel,parcel_50070002500000040010000000,650,42.449,-76.505,,,488.251,0.488,
workplace_unlisted_parcel,parcel_50070003600000010040000000,456,42.448,-76.507,,,422.442,0.422,
workplace_unlisted_parcel,parcel_50070003600000010030510000,465,42.447,-76.509,,,1145.722,1.146,
workplace_unlisted_parcel,parcel_50070002300000010010000000,455,42.451,-76.509,,,454.354,0.454,
workplace_unlisted_parcel,parcel_50070000100000010150000000,650,42.464,-76.5,,,357.759,0.358,
workplace_unlisted_parcel,parcel_50070000500000010010000000,612,42.455,-76.498,,,4568.061,4.568,
workplace_unlisted_parcel,parcel_50070000900000060100000000,613,42.454,-76.482,,,391.531,0.392,
workplace_unlisted_parcel,parcel_50070003000000010010050000,613,42.449,-76.479,,,2683.459,2.683,
workplace_unlisted_parcel,parcel_50070003000000010010020000,613,42.454,-76.478,,,76074.949,76.076,
workplace_unlisted_parcel,parcel_50070003100000010010060000,613,42.447,-76.484,,,664.805,0.665,
workplace_unlisted_parcel,parcel_50070003100000010010010000,613,42.446,-76.482,,,6058.752,6.059,
workplace_unlisted_parcel,parcel_50070003100000010010080000,613,42.447,-76.479,,,2352.836,2.353,
workplace_unlisted_parcel,parcel_50070003100000010010020000,613,42.444,-76.478,,,73116.749,73.117,
workplace_unlisted_parcel,parcel_50070006500000030010010000,613,42.443,-76.476,,,2072.371,2.072,
workplace_unlisted_parcel,parcel_50070006500000030030000000,613,42.442,-76.475,,,915.201,0.915,
workplace_unlisted_parcel,parcel_50070012600000010020020000,652,42.424,-76.519,,,647.186,0.647,
workplace_unlisted_parcel,parcel_50070012600000010030020000,431,42.423,-76.518,,,1238.167,1.238,
workplace_unlisted_parcel,parcel_50070013100000010060010000,453,42.42,-76.523,,,1739.244,1.739,
workplace_unlisted_parcel,parcel_50070013100000010060020001,452,42.42,-76.522,,,1232.3,1.232,
workplace_unlisted_parcel,parcel_50308904300000020100000000,620,42.404,-76.499,,,399.116,0.399,
workplace_unlisted_parcel,parcel_50308903600000010040050000,414,42.401,-76.503,,,781.631,0.782,
workplace_unlisted_parcel,parcel_50308903700100010090000000,415,42.407,-76.504,,,731.688,0.732,
workplace_unlisted_parcel,parcel_50308903900000010010310000,633,42.416,-76.506,,,2586.345,2.586,
workplace_unlisted_parcel,parcel_50308903900000010010220000,710,42.421,-76.505,,,3837.267,3.837,
workplace_unlisted_parcel,parcel_50308903900000010010010000,464,42.422,-76.502,,,1189.691,1.19,
workplace_unlisted_parcel,parcel_50308904100000010300020000,613,42.418,-76.491,,,39572.161,39.572,
workplace_unlisted_parcel,parcel_50308905400000020010000000,710,42.428,-76.485,,,2488.445,2.488,
workplace_unlisted_parcel,parcel_50308901700000010010020000,612,42.46,-76.499,,,2071.352,2.071,
workplace_unlisted_parcel,parcel_50308906700000010120000000,613,42.448,-76.469,,,627.348,0.627,
workplace_unlisted_parcel,parcel_50308906300000010080010000,613,42.444,-76.472,,,3913.684,3.914,
workplace_unlisted_parcel,parcel_50308906700000010130010000,613,42.447,-76.471,,,1673.828,1.674,
workplace_unlisted_parcel,parcel_50308906300000010010000000,613,42.447,-76.469,,,2513.041,2.513,
workplace_unlisted_parcel,parcel_50308906700000010100020000,613,42.448,-76.465,,,2242.003,2.242,
workplace_unlisted_parcel,parcel_50308906700000010100050000,613,42.447,-76.467,,,2090.277,2.09,
workplace_unlisted_parcel,parcel_50308906700000010110000000,650,42.448,-76.468,,,508.572,0.509,
workplace_unlisted_parcel,parcel_50308906700000010100030000,610,42.447,-76.466,,,2244.221,2.244,
workplace_unlisted_parcel,parcel_50308906300000010020020000,613,42.445,-76.468,,,1344.601,1.345,
workplace_unlisted_parcel,parcel_50308906700000010100060000,613,42.447,-76.465,,,6769.601,6.77,
workplace_unlisted_parcel,parcel_50308906400000010010000000,613,42.444,-76.459,,,1589.236,1.589,
workplace_unlisted_parcel,parcel_50308906300000010030040000,464,42.44,-76.463,,,1384.133,1.384,
workplace_unlisted_parcel,parcel_50308906200000020130070000,415,42.438,-76.461,,,828.927,0.829,
workplace_unlisted_parcel,parcel_50308906200000020011210000,452,42.437,-76.463,,,2104.659,2.105,
workplace_unlisted_parcel,parcel_50308906000000010090010000,613,42.434,-76.465,,,600.212,0.6,
workplace_unlisted_parcel,parcel_50308906000000010080020000,613,42.436,-76.466,,,1106.101,1.106,
workplace_unlisted_parcel,parcel_50308906500000010050020000,613,42.451,-76.458,,,2108.809,2.109,
workplace_unlisted_parcel,parcel_50308907300000010010040000,612,42.478,-76.466,,,398.472,0.398,
workplace_unlisted_parcel,parcel_50308907300000010010310000,612,42.476,-76.464,,,3294.6,3.295,
workplace_unlisted_parcel,parcel_50308907200000010110000000,612,42.473,-76.469,,,999.006,0.999,
workplace_unlisted_parcel,parcel_50308907200000010020020000,612,42.476,-76.469,,,2339.402,2.339,
workplace_unlisted_parcel,parcel_50308902400000050010020000,710,42.463,-76.569,,,466.106,0.466,
workplace_unlisted_parcel,parcel_50308902400000030040000000,465,42.469,-76.541,,,479.808,0.48,
workplace_unlisted_parcel,parcel_50308902400000030024120000,465,42.47,-76.537,,,615.452,0.615,
workplace_unlisted_parcel,parcel_50308902600000040460010000,633,42.463,-76.532,,,2068.49,2.069,
workplace_unlisted_parcel,parcel_50308902400000030030010000,615,42.466,-76.537,,,439.542,0.44,
workplace_unlisted_parcel,parcel_50308902400000030020010000,641,42.471,-76.535,,,648.885,0.649,
workplace_unlisted_parcel,parcel_50308902700000010110030000,633,42.46,-76.53,,,1295.087,1.295,
workplace_unlisted_parcel,parcel_50308903300000020060010000,651,42.41,-76.545,,,819.411,0.819,
workplace_unlisted_parcel,parcel_50308903300000030020100000,714,42.416,-76.535,,,756.374,0.756,
workplace_unlisted_parcel,parcel_50308903100000010100010000,651,42.425,-76.535,,,959.652,0.96,
workplace_unlisted_parcel,parcel_50328904400000010500020000,613,42.499,-76.459,,,891.427,0.891,
workplace_unlisted_parcel,parcel_50328903900000010500060000,710,42.508,-76.469,,,1281.85,1.282,
workplace_unlisted_parcel,parcel_50328903900000010500100000,710,42.508,-76.464,,,1168.261,1.168,
workplace_unlisted_parcel,parcel_50328904400000010200030000,714,42.505,-76.474,,,536.638,0.537,
workplace_unlisted_parcel,parcel_50328904400000010530110000,710,42.497,-76.472,,,3309.268,3.309,
workplace_unlisted_parcel,parcel_50328903000000010160120000,652,42.54,-76.488,,,759.021,0.759,
workplace_unlisted_parcel,parcel_50328903700100020532210000,710,42.534,-76.498,,,546.047,0.546,
workplace_unlisted_parcel,parcel_50328903600000010090020000,720,42.531,-76.519,,,4782.358,4.782,
workplace_unlisted_parcel,parcel_50328903500000020080020000,662,42.54,-76.513,,,531.665,0.532,
workplace_unlisted_parcel,parcel_50328903700100020510000000,633,42.535,-76.501,,,652.337,0.652,
workplace_unlisted_parcel,parcel_50328903100000010140020000,670,42.544,-76.496,,,942.158,0.942,
workplace_unlisted_parcel,parcel_50328903200000010190000000,612,42.546,-76.532,,,2946.591,2.947,
workplace_unlisted_parcel,parcel_50328903200000010280000000,612,42.544,-76.538,,,913.662,0.914,
workplace_unlisted_parcel,parcel_50328903600000010010000000,720,42.533,-76.531,,,1990.623,1.991,
workplace_unlisted_parcel,parcel_50328903200000010030000000,449,42.549,-76.541,,,1263.353,1.263,
workplace_unlisted_parcel,parcel_50328900800000010110050000,449,42.609,-76.5,,,539.643,0.54,
workplace_unlisted_parcel,parcel_50328903100000010130000000,670,42.549,-76.496,,,1937.818,1.938,
workplace_unlisted_parcel,parcel_50328903000000010160310000,449,42.542,-76.491,,,429.311,0.429,
workplace_unlisted_parcel,parcel_50328903000000010160320000,449,42.542,-76.489,,,725.964,0.726,
workplace_unlisted_parcel,parcel_50320104500100010550040000,613,42.481,-76.454,,,1901.899,1.902,
workplace_unlisted_parcel,parcel_50320104500200010460210000,461,42.492,-76.486,,,371.568,0.372,
workplace_unlisted_parcel,parcel_50320104500100010510130000,710,42.489,-76.47,,,1320.577,1.321,
workplace_unlisted_parcel,parcel_50320104600100010040030000,710,42.488,-76.468,,,465.802,0.466,
workplace_unlisted_parcel,parcel_50320104500100010520060000,449,42.489,-76.467,,,415.0,0.415,
workplace_unlisted_parcel,parcel_50320104400100010530110000,710,42.491,-76.47,,,1068.196,1.068,
workplace_unlisted_parcel,parcel_50320104400100010531220000,710,42.493,-76.47,,,3963.931,3.964,
workplace_unlisted_parcel,parcel_50320104500100010520050000,652,42.49,-76.466,,,624.718,0.625,
workplace_unlisted_parcel,parcel_50320104500100010550030000,613,42.486,-76.461,,,681.28,0.681,
workplace_unlisted_parcel,parcel_50320104500100010550200000,464,42.485,-76.461,,,711.01,0.711,
workplace_unlisted_parcel,parcel_50320104500100010550080000,464,42.485,-76.459,,,1357.802,1.358,
workplace_unlisted_parcel,parcel_50320104500100010550140000,613,42.487,-76.462,,,598.53,0.599,
workplace_unlisted_parcel,parcel_50320104500100010550180000,464,42.485,-76.462,,,372.427,0.372,
workplace_unlisted_parcel,parcel_50320104500100010550120000,464,42.483,-76.463,,,357.759,0.358,
workplace_unlisted_parcel,parcel_50320104500100010550110000,464,42.485,-76.464,,,368.062,0.368,
workplace_unlisted_parcel,parcel_50320104500100010550190000,414,42.484,-76.465,,,1201.712,1.202,
workplace_unlisted_parcel,parcel_50320104500100010550130000,464,42.487,-76.464,,,443.192,0.443,
workplace_unlisted_parcel,parcel_50320104500100010520210000,464,42.488,-76.465,,,406.807,0.407,
workplace_unlisted_parcel,parcel_50320104500100010520220000,464,42.488,-76.467,,,722.673,0.723,
workplace_unlisted_parcel,parcel_50320104500100010550220000,464,42.487,-76.466,,,597.242,0.597,
workplace_unlisted_parcel,parcel_50320104500100010570030000,642,42.479,-76.466,,,595.311,0.595,
workplace_unlisted_parcel,parcel_50320104500100010550210000,613,42.483,-76.462,,,632.339,0.632,
workplace_unlisted_parcel,parcel_50320104600100060050060000,452,42.48,-76.477,,,670.315,0.67,
workplace_unlisted_parcel,parcel_50320104700100010200020000,415,42.483,-76.487,,,1505.61,1.506,
workplace_unlisted_parcel,parcel_50320104700100010210010000,454,42.482,-76.487,,,857.959,0.858,
workplace_unlisted_parcel,parcel_50320104700100010210020000,452,42.482,-76.485,,,370.996,0.371,
workplace_unlisted_parcel,parcel_50320104600100050040040000,415,42.482,-76.483,,,509.735,0.51,
workplace_unlisted_parcel,parcel_50320104600100060020320000,452,42.48,-76.481,,,2843.449,2.843,
workplace_unlisted_parcel,parcel_50320104600100060020010000,414,42.479,-76.48,,,1443.109,1.443,
workplace_unlisted_parcel,parcel_50320104600100060040010000,414,42.48,-76.479,,,1262.888,1.263,
workplace_unlisted_parcel,parcel_50320104600100060050110000,431,42.481,-76.477,,,451.402,0.451,
workplace_unlisted_parcel,parcel_50320104600100050040020000,452,42.483,-76.482,,,3624.132,3.624,
workplace_unlisted_parcel,parcel_50320104700100010220050000,451,42.484,-76.489,,,390.207,0.39,
workplace_unlisted_parcel,parcel_50320104700100010170070000,452,42.484,-76.488,,,672.586,0.673,
workplace_unlisted_parcel,parcel_50320104500200010460030000,464,42.489,-76.488,,,479.915,0.48,
workplace_unlisted_parcel,parcel_50320104700100010170220000,453,42.487,-76.492,,,1603.904,1.604,
workplace_unlisted_parcel,parcel_50320104700100010240000000,453,42.485,-76.49,,,2229.731,2.23,
workplace_unlisted_parcel,parcel_50320104700100010220010000,464,42.483,-76.49,,,938.097,0.938,
workplace_unlisted_parcel,parcel_50320104700100010220020000,451,42.483,-76.49,,,5876.867,5.877,
workplace_unlisted_parcel,parcel_50320104700100010220030000,464,42.483,-76.493,,,11141.001,11.141,
workplace_unlisted_parcel,parcel_50320104700100010220060000,451,42.481,-76.49,,,1454.11,1.454,
workplace_unlisted_parcel,parcel_50340001100000010280030000,442,42.347,-76.621,,,988.344,0.988,
workplace_unlisted_parcel,parcel_50340001200000010040000000,612,42.358,-76.597,,,3684.379,3.684,
workplace_unlisted_parcel,parcel_50340001200000010020030000,633,42.359,-76.598,,,461.723,0.462,
workplace_unlisted_parcel,parcel_50340002700000010141310000,710,42.306,-76.564,,,865.776,0.866,
workplace_unlisted_parcel,parcel_50340000400000010290100000,442,42.387,-76.553,,,513.455,0.513,
workplace_unlisted_parcel,parcel_50360101000000010110020000,612,42.537,-76.654,,,4400.701,4.401,
workplace_unlisted_parcel,parcel_50360100600000010280010000,633,42.54,-76.664,,,747.859,0.748,
workplace_unlisted_parcel,parcel_50360100600000010360020000,633,42.54,-76.665,,,392.604,0.393,
workplace_unlisted_parcel,parcel_50368903300000010080020000,710,42.489,-76.579,,,454.211,0.454,
workplace_unlisted_parcel,parcel_50368903300000010080110000,473,42.489,-76.576,,,3237.574,3.238,
workplace_unlisted_parcel,parcel_50368903300000020110000000,614,42.493,-76.558,,,736.822,0.737,
workplace_unlisted_parcel,parcel_50368902600000020130010000,484,42.497,-76.593,,,389.206,0.389,
workplace_unlisted_parcel,parcel_50368902200000020040000000,642,42.513,-76.694,,,359.279,0.359,
workplace_unlisted_parcel,parcel_50368901300000030030010000,431,42.533,-76.638,,,464.371,0.464,
workplace_unlisted_parcel,parcel_50368901300000030020010000,454,42.534,-76.641,,,842.987,0.843,
workplace_unlisted_parcel,parcel_50368901300000040020040000,443,42.531,-76.636,,,631.856,0.632,
fleet_depot,parcel_50248902500000010200000000,695,,,,,0.0,0.0,
fleet_depot,parcel_50248902500000010130020000,440,,,,,5584.786,4.755,
fleet_depot,parcel_50288903800000050100000000,421,,,,,5518.169,4.698,
fleet_depot,parcel_50288903800000050040010000,831,,,,,0.0,0.0,
fleet_depot,parcel_50288903800000050150000000,695,,,,,0.0,0.0,
fleet_depot,parcel_50288903800000020050000000,695,,,,,0.0,0.0,
fleet_depot,parcel_50248902600000010140040000,449,,,,,0.0,0.0,
fleet_depot,parcel_50248903500000010060010000,720,,,,,210.956,0.18,
fleet_depot,parcel_50248903500000010150030000,612,,,,,544.045,0.463,
fleet_depot,parcel_50248903800000010300110000,456,,,,,888.236,0.756,
fleet_depot,parcel_50248903800000010300150000,442,,,,,732.795,0.624,
fleet_depot,parcel_50248903800000010300020000,831,,,,,210.956,0.18,
fleet_depot,parcel_50248903800000010320000000,421,,,,,388.603,0.331,
fleet_depot,parcel_50248903700000010060000000,484,,,,,44.412,0.038,
fleet_depot,parcel_50248903700000010040020000,472,,,,,410.809,0.35,
fleet_depot,parcel_50248903800000010310010000,462,,,,,144.338,0.123,
fleet_depot,parcel_50248903700000010020010000,485,,,,,288.677,0.246,
fleet_depot,parcel_50248903700000010100030000,449,,,,,377.5,0.321,
fleet_depot,parcel_50248903800000010281110000,485,,,,,155.441,0.132,
fleet_depot,parcel_50248903800000010281120000,485,,,,,122.133,0.104,
fleet_depot,parcel_50248903700000010010020000,455,,,,,88.824,0.076,
fleet_depot,parcel_50248903500000010230000000,484,,,,,144.338,0.123,
fleet_depot,parcel_50248903600000010090020000,449,,,,,699.486,0.596,
fleet_depot,parcel_50248903600000010180030000,484,,,,,11.103,0.009,
fleet_depot,parcel_50248903600000010170410000,449,,,,,399.706,0.34,
fleet_depot,parcel_50248903600000010170420000,442,,,,,632.868,0.539,
fleet_depot,parcel_50248903600000010170030000,449,,,,,477.427,0.406,
fleet_depot,parcel_50248903600000010120010000,484,,,,,111.03,0.095,
fleet_depot,parcel_50248903600000010120310000,433,,,,,133.235,0.113,
fleet_depot,parcel_50248903700000010080020000,613,,,,,521.839,0.444,
fleet_depot,parcel_50248903700000010080020099,837,,,,,0.0,0.0,
fleet_depot,parcel_50248903700000010100120000,613,,,,,8771.334,7.468,
fleet_depot,parcel_50248903700000010080040000,613,,,,,0.0,0.0,
fleet_depot,parcel_50248903600000010190020000,613,,,,,477.427,0.406,
fleet_depot,parcel_50248903600000010040040000,877,,,,,0.0,0.0,
fleet_depot,parcel_50248903700000010080030000,613,,,,,14689.209,12.507,
fleet_depot,parcel_50248903700000010101120000,613,,,,,3353.092,2.855,
fleet_depot,parcel_50248903700000010101110000,613,,,,,3375.298,2.874,
fleet_depot,parcel_50248903700000010050000000,462,,,,,77.721,0.066,
fleet_depot,parcel_50248903700000010070000000,433,,,,,177.647,0.151,
fleet_depot,parcel_50248904800000010660010000,620,,,,,777.207,0.662,
fleet_depot,parcel_50248904700000010070330000,878,,,,,0.0,0.0,
fleet_depot,parcel_50248904700000010070310000,878,,,,,0.0,0.0,
fleet_depot,parcel_50248904700000010070010000,872,,,,,0.0,0.0,
fleet_depot,parcel_50248904700000010010390000,457,,,,,77.721,0.066,
fleet_depot,parcel_50248904700000010010310000,457,,,,,610.663,0.52,
fleet_depot,parcel_50248903800000010120020000,620,,,,,755.001,0.643,
fleet_depot,parcel_50248903800000010180050000,534,,,,,266.471,0.227,
fleet_depot,parcel_50248903800000010260000000,612,,,,,9914.939,8.442,
fleet_depot,parcel_50248904800000010830000000,484,,,,,55.515,0.047,
fleet_depot,parcel_50248906100000010110410000,440,,,,,199.853,0.17,
fleet_depot,parcel_50248906200000010210000000,837,,,,,22.206,0.019,
fleet_depot,parcel_50248906100000010070020000,650,,,,,0.0,0.0,
fleet_depot,parcel_50248904800000010730010000,650,,,,,0.0,0.0,
fleet_depot,parcel_50248903600000010310010099,837,,,,,0.0,0.0,
fleet_depot,parcel_50240100800100010010010000,464,,,,,399.706,0.34,
fleet_depot,parcel_50240100900000010010010000,433,,,,,466.324,0.397,
fleet_depot,parcel_50240100900000010020000000,422,,,,,166.544,0.142,
fleet_depot,parcel_50240100800100010080000000,465,,,,,144.338,0.123,
fleet_depot,parcel_50240100800100010020000000,464,,,,,1643.237,1.399,
fleet_depot,parcel_50240100800100010050000000,421,,,,,233.162,0.199,
fleet_depot,parcel_50240100800100010060010000,456,,,,,477.427,0.406,
fleet_depot,parcel_50240100900000020010000000,484,,,,,44.412,0.038,
fleet_depot,parcel_50240100900000030210010000,464,,,,,55.515,0.047,
fleet_depot,parcel_50240100900000010030000000,456,,,,,599.56,0.51,
fleet_depot,parcel_50240100900000030180020000,485,,,,,377.5,0.321,
fleet_depot,parcel_50240100900000010040020000,486,,,,,510.736,0.435,
fleet_depot,parcel_50240100900000030190020000,455,,,,,499.633,0.425,
fleet_depot,parcel_50240100900000030180030000,456,,,,,743.898,0.633,
fleet_depot,parcel_50240100900000030250000000,662,,,,,0.0,0.0,
fleet_depot,parcel_50240101100000010080020000,652,,,,,610.663,0.52,
fleet_depot,parcel_50240101100000010080040000,651,,,,,421.912,0.359,
fleet_depot,parcel_50240101100000010080070000,449,,,,,1088.09,0.926,
fleet_depot,parcel_50240101600000020010000000,612,,,,,6262.067,5.332,
fleet_depot,parcel_50240101100000010090000000,651,,,,,1343.458,1.144,
fleet_depot,parcel_50240101100000010100000000,652,,,,,166.544,0.142,
fleet_depot,parcel_50240101800000020180000000,845,,,,,0.0,0.0,
fleet_depot,parcel_50240101600000010100020000,484,,,,,333.089,0.284,
fleet_depot,parcel_50240101800000010030000000,651,,,,,555.148,0.473,
fleet_depot,parcel_50240101500000070140000000,438,,,,,0.0,0.0,
fleet_depot,parcel_50240101500000070090110000,614,,,,,266.471,0.227,
fleet_depot,parcel_50240101500000070090120000,465,,,,,255.368,0.217,
fleet_depot,parcel_50240101500000070130000000,662,,,,,310.883,0.265,
fleet_depot,parcel_50240101500000020170000000,481,,,,,266.471,0.227,
fleet_depot,parcel_50240101500000020150010000,482,,,,,155.441,0.132,
fleet_depot,parcel_50240101500000020140000000,481,,,,,144.338,0.123,
fleet_depot,parcel_50240101500000020080000000,464,,,,,155.441,0.132,
fleet_depot,parcel_50240101500000020110000000,481,,,,,155.441,0.132,
fleet_depot,parcel_50240101500000020230000000,438,,,,,0.0,0.0,
fleet_depot,parcel_50240101500000020100000000,481,,,,,144.338,0.123,
fleet_depot,parcel_50240101500000020130000000,481,,,,,111.03,0.095,
fleet_depot,parcel_50240101500000020120000000,481,,,,,122.133,0.104,
fleet_depot,parcel_50240101200000050150000000,482,,,,,377.5,0.321,
fleet_depot,parcel_50240101200000050110000000,481,,,,,111.03,0.095,
fleet_depot,parcel_50240101200000050120000000,481,,,,,155.441,0.132,
fleet_depot,parcel_50240101200000050080000000,590,,,,,0.0,0.0,
fleet_depot,parcel_50240101500000020190000000,481,,,,,333.089,0.284,
fleet_depot,parcel_50240101500000020200000000,831,,,,,0.0,0.0,
fleet_depot,parcel_50240101500000020180000000,461,,,,,388.603,0.331,
fleet_depot,parcel_50240101500000020210000000,464,,,,,188.75,0.161,
fleet_depot,parcel_50240101500000030010000000,482,,,,,111.03,0.095,
fleet_depot,parcel_50240101500000030230000000,464,,,,,133.235,0.113,
fleet_depot,parcel_50240101200000040070000000,620,,,,,444.118,0.378,
fleet_depot,parcel_50240101200000040060000000,620,,,,,721.692,0.614,
fleet_depot,parcel_50240101200000040050000000,484,,,,,410.809,0.35,
fleet_depot,parcel_50240101100000010070000000,650,,,,,0.0,0.0,
fleet_depot,parcel_50240101200000040010010000,633,,,,,2076.253,1.768,
fleet_depot,parcel_50240100900000030240000000,662,,,,,0.0,0.0,
fleet_depot,parcel_50240101200000040010020000,681,,,,,266.471,0.227,
fleet_depot,parcel_50240101200000050100000000,482,,,,,433.015,0.369,
fleet_depot,parcel_50240101200000050140020000,482,,,,,222.059,0.189,
fleet_depot,parcel_50240101200000050140010000,449,,,,,222.059,0.189,
fleet_depot,parcel_50240101200000050040000000,422,,,,,99.927,0.085,
fleet_depot,parcel_50240101200000050160000000,611,,,,,321.986,0.274,
fleet_depot,parcel_50240101200000030020000000,710,,,,,555.148,0.473,
fleet_depot,parcel_50240100900000030220000000,662,,,,,854.928,0.728,
fleet_depot,parcel_50240100900000030180110000,426,,,,,155.441,0.132,
fleet_depot,parcel_50240100900000010050010000,438,,,,,0.0,0.0,
fleet_depot,parcel_50240100900000010060000000,452,,,,,1210.222,1.03,
fleet_depot,parcel_50240101200000060100000000,486,,,,,177.647,0.151,
fleet_depot,parcel_50240101200000060030000000,590,,,,,33.309,0.028,
fleet_depot,parcel_50240101200000060160020000,449,,,,,199.853,0.17,
fleet_depot,parcel_50240101300000010430000000,710,,,,,632.868,0.539,
fleet_depot,parcel_50240101300000010110010000,449,,,,,1043.678,0.889,
fleet_depot,parcel_50240101300000010110020000,710,,,,,1276.84,1.087,
fleet_depot,parcel_50240101300000010150000000,449,,,,,544.045,0.463,
fleet_depot,parcel_50240101300000010130000000,449,,,,,122.133,0.104,
fleet_depot,parcel_50240101300000010200000000,449,,,,,122.133,0.104,
fleet_depot,parcel_50240101300000010060000000,433,,,,,244.265,0.208,
fleet_depot,parcel_50240101300000010160000000,485,,,,,177.647,0.151,
fleet_depot,parcel_50240101400000030080020000,484,,,,,599.56,0.51,
fleet_depot,parcel_50240101500000010010000000,485,,,,,455.221,0.388,
fleet_depot,parcel_50240101500000010020000000,471,,,,,643.971,0.548,
fleet_depot,parcel_50240101200000060020000000,591,,,,,0.0,0.0,
fleet_depot,parcel_50240101200000060140000000,425,,,,,366.398,0.312,
fleet_depot,parcel_50240101200000060130010000,483,,,,,88.824,0.076,
fleet_depot,parcel_50240101400000030230000000,620,,,,,544.045,0.463,
fleet_depot,parcel_50240101400000010170100000,591,,,,,0.0,0.0,
fleet_depot,parcel_50240101900000010020000000,822,,,,,0.0,0.0,
fleet_depot,parcel_50240101900000020100020000,695,,,,,0.0,0.0,
fleet_depot,parcel_50240101300000010280000000,431,,,,,133.235,0.113,
fleet_depot,parcel_50240101300000010050010000,853,,,,,0.0,0.0,
fleet_depot,parcel_50240100800000010100000000,464,,,,,144.338,0.123,
fleet_depot,parcel_50240100900000010010210000,484,,,,,266.471,0.227,
fleet_depot,parcel_50240100800100010010050000,456,,,,,421.912,0.359,
fleet_depot,parcel_50240100800000010020000000,484,,,,,266.471,0.227,
fleet_depot,parcel_50248906400000010290000099,837,,,,,0.0,0.0,
fleet_depot,parcel_50248905200000010520000000,613,,,,,0.0,0.0,
fleet_depot,parcel_50248905800000010140000000,615,,,,,88.824,0.076,
fleet_depot,parcel_50248905200000010420000000,613,,,,,0.0,0.0,
fleet_depot,parcel_50248905800000010200000000,871,,,,,0.0,0.0,
fleet_depot,parcel_50248905700000010400000000,590,,,,,0.0,0.0,
fleet_depot,parcel_50248905200000010570000000,695,,,,,0.0,0.0,
fleet_depot,parcel_50248905200000010140020000,455,,,,,2020.738,1.721,
fleet_depot,parcel_50248905200000010140010000,486,,,,,355.295,0.303,
fleet_depot,parcel_50248905200000010080020000,442,,,,,6783.905,5.776,
fleet_depot,parcel_50248905200000010130000000,870,,,,,26191.871,22.3,
fleet_depot,parcel_50248905200000010490040000,449,,,,,566.251,0.482,
fleet_depot,parcel_50248905200000010490010000,465,,,,,810.516,0.69,
fleet_depot,parcel_50248903000000010050210000,555,,,,,2265.003,1.928,
fleet_depot,parcel_50248903000000010010030000,822,,,,,0.0,0.0,
fleet_depot,parcel_50248902100000010430000000,433,,,,,721.692,0.614,
fleet_depot,parcel_50248905200000010490030000,433,,,,,166.544,0.142,
fleet_depot,parcel_50248904000000010340010000,591,,,,,0.0,0.0,
fleet_depot,parcel_50248903900000010010000000,712,,,,,8482.658,7.222,
fleet_depot,parcel_50248903200000010210000000,555,,,,,2387.135,2.032,
fleet_depot,parcel_50248903900000010120130000,449,,,,,1920.811,1.635,
fleet_depot,parcel_50248903400000020030030000,449,,,,,4219.123,3.592,
fleet_depot,parcel_50248903300000010240000000,591,,,,,0.0,0.0,
fleet_depot,parcel_50248903300000010220000000,591,,,,,0.0,0.0,
fleet_depot,parcel_50248902800000010020010000,852,,,,,0.0,0.0,
fleet_depot,parcel_50248902400000010160040000,720,,,,,0.0,0.0,
fleet_depot,parcel_50248902500000010090000000,486,,,,,377.5,0.321,
fleet_depot,parcel_50248902700000010270020000,440,,,,,2165.076,1.843,
fleet_depot,parcel_50248902700000010270010000,613,,,,,0.0,0.0,
fleet_depot,parcel_50248903500000010070030000,720,,,,,0.0,0.0,
fleet_depot,parcel_50248903500000010130010000,720,,,,,0.0,0.0,
fleet_depot,parcel_50248903500000010110140000,720,,,,,0.0,0.0,
fleet_depot,parcel_50248903600000010120050000,447,,,,,810.516,0.69,
fleet_depot,parcel_50248903800000010070010000,485,,,,,632.868,0.539,
fleet_depot,parcel_50248903800000010230220000,615,,,,,0.0,0.0,
fleet_depot,parcel_50248903800000010180040000,433,,,,,277.574,0.236,
fleet_depot,parcel_50248903800000010010000000,615,,,,,0.0,0.0,
fleet_depot,parcel_50248903800000010230210000,615,,,,,0.0,0.0,
fleet_depot,parcel_50248903500000010030020000,615,,,,,1843.091,1.569,
fleet_depot,parcel_50248903900000010220020000,449,,,,,3119.93,2.656,
fleet_depot,parcel_50248903900000010220050000,440,,,,,2864.562,2.439,
fleet_depot,parcel_50248903900000010140020000,485,,,,,621.765,0.529,
fleet_depot,parcel_50248903900000010150000000,455,,,,,333.089,0.284,
fleet_depot,parcel_50248903900000010160000000,433,,,,,1565.517,1.333,
fleet_depot,parcel_50248903900000010170310000,484,,,,,344.192,0.293,
fleet_depot,parcel_50248904600000010950000000,714,,,,,1188.016,1.012,
fleet_depot,parcel_50248903900000010170410000,484,,,,,222.059,0.189,
fleet_depot,parcel_50248903900000010170050000,449,,,,,699.486,0.596,
fleet_depot,parcel_50248903900000010180020000,620,,,,,1232.428,1.049,
fleet_depot,parcel_50248903900000010190000000,534,,,,,0.0,0.0,
fleet_depot,parcel_50248903900000010200000000,720,,,,,0.0,0.0,
fleet_depot,parcel_50248903800000010050000000,695,,,,,0.0,0.0,
fleet_depot,parcel_50248904700000010010380000,465,,,,,521.839,0.444,
fleet_depot,parcel_50248904700000010010010000,433,,,,,466.324,0.397,
fleet_depot,parcel_50248904600000010691910000,465,,,,,466.324,0.397,
fleet_depot,parcel_50248904600000010691620000,456,,,,,2609.194,2.222,
fleet_depot,parcel_50248903900000010280040000,472,,,,,310.883,0.265,
fleet_depot,parcel_50248903900000010280020000,695,,,,,0.0,0.0,
fleet_depot,parcel_50248904600000010691610000,440,,,,,510.736,0.435,
fleet_depot,parcel_50248904600000010690170000,442,,,,,2342.723,1.995,
fleet_depot,parcel_50248904600000010560010000,820,,,,,0.0,0.0,
fleet_depot,parcel_50248904600000010040210000,464,,,,,588.457,0.501,
fleet_depot,parcel_50248904600000010360070000,522,,,,,66.618,0.057,
fleet_depot,parcel_50248904600000010140310000,464,,,,,2265.003,1.928,
fleet_depot,parcel_50248904600000010020030000,620,,,,,1754.267,1.494,
fleet_depot,parcel_50248904600000010150020000,425,,,,,721.692,0.614,
fleet_depot,parcel_50248905100000010010000000,613,,,,,0.0,0.0,
fleet_depot,parcel_50248904400000010260000000,474,,,,,0.0,0.0,
fleet_depot,parcel_50248905200000010510010099,833,,,,,144.338,0.123,
fleet_depot,parcel_50248905100000010020000000,613,,,,,0.0,0.0,
fleet_depot,parcel_50248905200000010530000000,613,,,,,0.0,0.0,
fleet_depot,parcel_50248905200000010530000991,837,,,,,0.0,0.0,
fleet_depot,parcel_50248905200000010530000992,837,,,,,0.0,0.0,
fleet_depot,parcel_50248905900000010020000000,613,,,,,0.0,0.0,
fleet_depot,parcel_50248905100000010200520000,555,,,,,3053.313,2.6,
fleet_depot,parcel_50248905000000010330510000,714,,,,,99.927,0.085,
fleet_depot,parcel_50248906000000010070000099,837,,,,,0.0,0.0,
fleet_depot,parcel_50248906300000010150510000,438,,,,,0.0,0.0,
fleet_depot,parcel_50248906300000010150030000,581,,,,,0.0,0.0,
fleet_depot,parcel_50248902600000010230000000,441,,,,,277.574,0.236,
fleet_depot,parcel_50240300500000040050000000,433,,,,,277.574,0.236,
fleet_depot,parcel_50240300100000020010630000,472,,,,,388.603,0.331,
fleet_depot,parcel_50240300400000020010000000,591,,,,,0.0,0.0,
fleet_depot,parcel_50240300100000010040000000,591,,,,,0.0,0.0,
fleet_depot,parcel_50240300400000010090000000,464,,,,,277.574,0.236,
fleet_depot,parcel_50240300400000010080000000,620,,,,,0.0,0.0,
fleet_depot,parcel_50240300400000020110000000,485,,,,,510.736,0.435,
fleet_depot,parcel_50240300400000020190000000,483,,,,,355.295,0.303,
fleet_depot,parcel_50240300500000020080000000,612,,,,,1765.37,1.503,
fleet_depot,parcel_50240300500000020090000000,620,,,,,288.677,0.246,
fleet_depot,parcel_50240300500000020280000000,440,,,,,921.545,0.785,
fleet_depot,parcel_50240300400000040120000000,710,,,,,521.839,0.444,
fleet_depot,parcel_50240300400000040010000000,483,,,,,277.574,0.236,
fleet_depot,parcel_50240300400000040110000000,662,,,,,1143.604,0.974,
fleet_depot,parcel_50240300400000040100000000,590,,,,,0.0,0.0,
fleet_depot,parcel_50240300400000050110220000,591,,,,,0.0,0.0,
fleet_depot,parcel_50240300400000050180000000,485,,,,,866.03,0.737,
fleet_depot,parcel_50240300300000020040000000,652,,,,,255.368,0.217,
fleet_depot,parcel_50240300300000020050030000,651,,,,,344.192,0.293,
fleet_depot,parcel_50240300300000020080220000,433,,,,,255.368,0.217,
fleet_depot,parcel_50240300300000010050020000,620,,,,,177.647,0.151,
fleet_depot,parcel_50240300400000050110110000,633,,,,,3341.989,2.845,
fleet_depot,parcel_50240300400000050080000000,831,,,,,0.0,0.0,
fleet_depot,parcel_50240300100000020010640000,465,,,,,355.295,0.303,
fleet_depot,parcel_50240300100000020016110000,449,,,,,599.56,0.51,
fleet_depot,parcel_50240300300000020050010000,650,,,,,0.0,0.0,
fleet_depot,parcel_50240300300000020050020000,650,,,,,0.0,0.0,
fleet_depot,parcel_50240300700000010020010000,853,,,,,0.0,0.0,
fleet_depot,parcel_50240300700000010020020000,612,,,,,988.163,0.841,
fleet_depot,parcel_50288903600000010210010000,449,,,,,544.045,0.463,
fleet_depot,parcel_50288903700000010010220000,552,,,,,566.251,0.482,
fleet_depot,parcel_50288903800000080150020000,431,,,,,377.5,0.321,
fleet_depot,parcel_50288903800000080140010000,431,,,,,788.31,0.671,
fleet_depot,parcel_50288903800000080160000000,612,,,,,1898.605,1.617,
fleet_depot,parcel_50288903800000080090000000,662,,,,,1476.693,1.257,
fleet_depot,parcel_50248902100000010020040000,440,,,,,77.721,0.066,
fleet_depot,parcel_50248902200000010060030000,484,,,,,77.721,0.066,
fleet_depot,parcel_50288901800000010040000000,620,,,,,111.03,0.095,
fleet_depot,parcel_50288901700000010040010000,449,,,,,832.722,0.709,
fleet_depot,parcel_50288901900000010100000099,837,,,,,0.0,0.0,
fleet_depot,parcel_50288902800000010030020000,440,,,,,133.235,0.113,
fleet_depot,parcel_50288902800000010290020000,522,,,,,0.0,0.0,
fleet_depot,parcel_50288902800000010070010000,873,,,,,0.0,0.0,
fleet_depot,parcel_50288902000000010380000000,695,,,,,0.0,0.0,
fleet_depot,parcel_50288902000000010360110000,472,,,,,133.235,0.113,
fleet_depot,parcel_50288902000000010350000000,440,,,,,199.853,0.17,
fleet_depot,parcel_50288902700000010270000000,557,,,,,133.235,0.113,
fleet_depot,parcel_50288902000000010240000000,822,,,,,0.0,0.0,
fleet_depot,parcel_50288912100000010200120000,710,,,,,321.986,0.274,
fleet_depot,parcel_50288912100000010200110000,433,,,,,111.03,0.095,
fleet_depot,parcel_50288912100000010200040000,433,,,,,77.721,0.066,
fleet_depot,parcel_50288912100000010200030000,433,,,,,99.927,0.085,
fleet_depot,parcel_50288912100000010200060000,442,,,,,310.883,0.265,
fleet_depot,parcel_50288902700000010280030000,822,,,,,0.0,0.0,
fleet_depot,parcel_50288903100000010100020000,484,,,,,421.912,0.359,
fleet_depot,parcel_50288902600000010180000000,592,,,,,0.0,0.0,
fleet_depot,parcel_50288932100000040020000000,720,,,,,88.824,0.076,
fleet_depot,parcel_50288932100000030020000000,720,,,,,0.0,0.0,
fleet_depot,parcel_50288922100000020010220000,546,,,,,477.427,0.406,
fleet_depot,parcel_50288901600000010320440000,695,,,,,0.0,0.0,
fleet_depot,parcel_50288922100000010070010000,620,,,,,588.457,0.501,
fleet_depot,parcel_50288922100000010020000000,425,,,,,88.824,0.076,
fleet_depot,parcel_50288912100000010050000000,449,,,,,33.309,0.028,
fleet_depot,parcel_50288922100000030050000000,822,,,,,0.0,0.0,
fleet_depot,parcel_50288922100000030060000000,822,,,,,0.0,0.0,
fleet_depot,parcel_50288901600000010040620000,449,,,,,588.457,0.501,
fleet_depot,parcel_50288901600000010040420000,440,,,,,277.574,0.236,
fleet_depot,parcel_50288901600000010040710000,720,,,,,177.647,0.151,
fleet_depot,parcel_50288901600000010040740000,720,,,,,0.0,0.0,
fleet_depot,parcel_50288901600000010030020000,720,,,,,0.0,0.0,
fleet_depot,parcel_50288901600000010030030000,720,,,,,0.0,0.0,
fleet_depot,parcel_50288901600000010030010000,720,,,,,0.0,0.0,
fleet_depot,parcel_50288901400000010330000000,620,,,,,288.677,0.246,
fleet_depot,parcel_50288902500000010040010000,682,,,,,743.898,0.633,
fleet_depot,parcel_50288902400000010120000000,695,,,,,0.0,0.0,
fleet_depot,parcel_50288902300000010190010000,695,,,,,0.0,0.0,
fleet_depot,parcel_50288903500000010250020000,442,,,,,1398.972,1.191,
fleet_depot,parcel_50288903500000010270010099,837,,,,,0.0,0.0,
fleet_depot,parcel_50288903100000010050000099,837,,,,,0.0,0.0,
fleet_depot,parcel_50288903600000010430000000,695,,,,,0.0,0.0,
fleet_depot,parcel_50288903600000010230000000,872,,,,,0.0,0.0,
fleet_depot,parcel_50288903600000010210030000,620,,,,,421.912,0.359,
fleet_depot,parcel_50280130800000010020020000,485,,,,,377.5,0.321,
fleet_depot,parcel_50280130800000010030010000,455,,,,,1765.37,1.503,
fleet_depot,parcel_50280130800000010010010000,715,,,,,877.133,0.747,
fleet_depot,parcel_50280100300000020050000000,695,,,,,0.0,0.0,
fleet_depot,parcel_50280100300000020030010000,822,,,,,0.0,0.0,
fleet_depot,parcel_50280100300000020040000000,822,,,,,22.206,0.019,
fleet_depot,parcel_50280100400000020190000000,471,,,,,188.75,0.161,
fleet_depot,parcel_50280130800000010010030000,440,,,,,1443.384,1.229,
fleet_depot,parcel_50280120800000020040120000,642,,,,,455.221,0.388,
fleet_depot,parcel_50280110800000020390020000,592,,,,,0.0,0.0,
fleet_depot,parcel_50280101300000020010000000,620,,,,,466.324,0.397,
fleet_depot,parcel_50280100900000050100000000,620,,,,,66.618,0.057,
fleet_depot,parcel_50280110800000020060000000,592,,,,,0.0,0.0,
fleet_depot,parcel_50280110800000020370000000,612,,,,,4296.844,3.658,
fleet_depot,parcel_50280110800000020090000000,438,,,,,0.0,0.0,
fleet_depot,parcel_50280100700000030020000000,438,,,,,0.0,0.0,
fleet_depot,parcel_50280100500000040190010000,438,,,,,0.0,0.0,
fleet_depot,parcel_50280100700000030030000000,620,,,,,122.133,0.104,
fleet_depot,parcel_50280100700000030210020000,471,,,,,155.441,0.132,
fleet_depot,parcel_50280100700000030220010000,457,,,,,88.824,0.076,
fleet_depot,parcel_50280100700000030240000000,433,,,,,188.75,0.161,
fleet_depot,parcel_50280100700000030230000000,485,,,,,155.441,0.132,
fleet_depot,parcel_50280100700000030010000000,484,,,,,33.309,0.028,
fleet_depot,parcel_50280100700000020140000000,449,,,,,133.235,0.113,
fleet_depot,parcel_50280100700000020240000000,456,,,,,355.295,0.303,
fleet_depot,parcel_50280100700000020130120000,449,,,,,122.133,0.104,
fleet_depot,parcel_50280100700000020150000000,486,,,,,244.265,0.208,
fleet_depot,parcel_50280100700000020220010000,485,,,,,410.809,0.35,
fleet_depot,parcel_50280100700000020180000000,652,,,,,666.177,0.567,
fleet_depot,parcel_50280100700000040010000000,482,,,,,188.75,0.161,
fleet_depot,parcel_50280100700000040270000000,632,,,,,222.059,0.189,
fleet_depot,parcel_50280101000000040040000000,433,,,,,199.853,0.17,
fleet_depot,parcel_50280101000000040070000000,831,,,,,0.0,0.0,
fleet_depot,parcel_50280101000000040050000000,484,,,,,99.927,0.085,
fleet_depot,parcel_50280100700000020250040000,633,,,,,2065.15,1.758,
fleet_depot,parcel_50280101000000040020000000,465,,,,,99.927,0.085,
fleet_depot,parcel_50280100700000020130110000,423,,,,,22.206,0.019,
fleet_depot,parcel_50280100700000020250030000,633,,,,,1498.899,1.276,
fleet_depot,parcel_50280100700000020250010000,614,,,,,610.663,0.52,
fleet_depot,parcel_50280100700000020250020000,642,,,,,599.56,0.51,
fleet_depot,parcel_50280101000000020190000000,710,,,,,566.251,0.482,
fleet_depot,parcel_50280101100000010010020000,612,,,,,6084.419,5.18,
fleet_depot,parcel_50280101000000040230010000,422,,,,,55.515,0.047,
fleet_depot,parcel_50280101000000040230020000,433,,,,,99.927,0.085,
fleet_depot,parcel_50280101000000040240000000,449,,,,,88.824,0.076,
fleet_depot,parcel_50280101000000040010010000,436,,,,,55.515,0.047,
fleet_depot,parcel_50280101100000020030010000,590,,,,,0.0,0.0,
fleet_depot,parcel_50280100700000010010020000,554,,,,,44.412,0.038,
fleet_depot,parcel_50280100600000010320000000,651,,,,,532.942,0.454,
fleet_depot,parcel_50280100500000050240010000,450,,,,,55.515,0.047,
fleet_depot,parcel_50280100500000050210000000,438,,,,,0.0,0.0,
fleet_depot,parcel_50280100500000050150000000,691,,,,,133.235,0.113,
fleet_depot,parcel_50280100500000050160000000,483,,,,,55.515,0.047,
fleet_depot,parcel_50280100500000050170010000,486,,,,,77.721,0.066,
fleet_depot,parcel_50280100500000050190000000,456,,,,,344.192,0.293,
fleet_depot,parcel_50280100500000050230000000,541,,,,,366.398,0.312,
fleet_depot,parcel_50280100500000050220000000,482,,,,,199.853,0.17,
fleet_depot,parcel_50280100500000040230000000,438,,,,,0.0,0.0,
fleet_depot,parcel_50280100500000040240000000,461,,,,,444.118,0.378,
fleet_depot,parcel_50280100500000040290000000,485,,,,,299.78,0.255,
fleet_depot,parcel_50280100500000040030000000,611,,,,,144.338,0.123,
fleet_depot,parcel_50280100500000040330000000,438,,,,,0.0,0.0,
fleet_depot,parcel_50280100500000040050220000,662,,,,,122.133,0.104,
fleet_depot,parcel_50280100500000040320020000,482,,,,,255.368,0.217,
fleet_depot,parcel_50280100500000040310000000,483,,,,,233.162,0.199,
fleet_depot,parcel_50280100500000040300000000,483,,,,,88.824,0.076,
fleet_depot,parcel_50280100500000050100000000,481,,,,,155.441,0.132,
fleet_depot,parcel_50280100500000050070000000,438,,,,,0.0,0.0,
fleet_depot,parcel_50280100500000050130000000,483,,,,,188.75,0.161,
fleet_depot,parcel_50280100500000050110000000,483,,,,,166.544,0.142,
fleet_depot,parcel_50280100500000050040000000,481,,,,,155.441,0.132,
fleet_depot,parcel_50280100500000050030000099,837,,,,,0.0,0.0,
fleet_depot,parcel_50280100500000050030000000,481,,,,,288.677,0.246,
fleet_depot,parcel_50280100500000050050000000,481,,,,,210.956,0.18,
fleet_depot,parcel_50280100500000050060020000,481,,,,,55.515,0.047,
fleet_depot,parcel_50280100500000050060010000,481,,,,,77.721,0.066,
fleet_depot,parcel_50280100500000040340000000,481,,,,,122.133,0.104,
fleet_depot,parcel_50280100500000040350000000,481,,,,,88.824,0.076,
fleet_depot,parcel_50280100500000040360000000,481,,,,,33.309,0.028,
fleet_depot,parcel_50280100500000040010000000,483,,,,,299.78,0.255,
fleet_depot,parcel_50280100500000040020000000,652,,,,,288.677,0.246,
fleet_depot,parcel_50280100500000020110000000,484,,,,,99.927,0.085,
fleet_depot,parcel_50280100500000010090000000,483,,,,,133.235,0.113,
fleet_depot,parcel_50280100600000010310000000,652,,,,,1032.575,0.879,
fleet_depot,parcel_50280100500000010020000000,444,,,,,877.133,0.747,
fleet_depot,parcel_50280100600000010010000000,720,,,,,0.0,0.0,
fleet_depot,parcel_50280100200000020190020000,485,,,,,122.133,0.104,
fleet_depot,parcel_50280100100000020030030000,421,,,,,299.78,0.255,
fleet_depot,parcel_50280100200000010020000000,853,,,,,66.618,0.057,
fleet_depot,parcel_50280100200000020100010000,442,,,,,133.235,0.113,
fleet_depot,parcel_50280100500000010030000000,651,,,,,0.0,0.0,
fleet_depot,parcel_50280100500000010070000000,483,,,,,144.338,0.123,
fleet_depot,parcel_50280100500000020140010000,484,,,,,510.736,0.435,
fleet_depot,parcel_50280100500000020060000000,650,,,,,111.03,0.095,
fleet_depot,parcel_50280100500000020050000000,483,,,,,88.824,0.076,
fleet_depot,parcel_50280100500000030010000000,620,,,,,166.544,0.142,
fleet_depot,parcel_50280100300000010020000000,695,,,,,33.309,0.028,
fleet_depot,parcel_50328901900000010210030000,472,,,,,621.765,0.529,
fleet_depot,parcel_50328900800000010240010000,695,,,,,0.0,0.0,
fleet_depot,parcel_50328900800000010190020000,455,,,,,88.824,0.076,
fleet_depot,parcel_50328900800000010160000000,422,,,,,133.235,0.113,
fleet_depot,parcel_50328900700000010220000000,695,,,,,0.0,0.0,
fleet_depot,parcel_50328900800000010290000000,534,,,,,77.721,0.066,
fleet_depot,parcel_50328902000000010080010000,695,,,,,0.0,0.0,
fleet_depot,parcel_50328902000000010150010000,695,,,,,0.0,0.0,
fleet_depot,parcel_50328902000000010280000000,695,,,,,0.0,0.0,
fleet_depot,parcel_50328902800000010010000099,837,,,,,0.0,0.0,
fleet_depot,parcel_50328903000000010262320000,465,,,,,122.133,0.104,
fleet_depot,parcel_50328903000000010300010000,682,,,,,88.824,0.076,
fleet_depot,parcel_50328903000000010260270000,712,,,,,210.956,0.18,
fleet_depot,parcel_50328903000000010282130000,440,,,,,177.647,0.151,
fleet_depot,parcel_50328903000000010282120000,440,,,,,144.338,0.123,
fleet_depot,parcel_50288903800000040050000000,483,,,,,4485.594,3.819,
fleet_depot,parcel_50288903800000030030000000,620,,,,,6617.361,5.634,
fleet_depot,parcel_50200001400000010240000000,695,,,,,0.0,0.0,
fleet_depot,parcel_50200001500000010070000000,720,,,,,0.0,0.0,
fleet_depot,parcel_50200001500000010240000000,720,,,,,0.0,0.0,
fleet_depot,parcel_50200001500000010060000000,720,,,,,0.0,0.0,
fleet_depot,parcel_50200001500000010100000000,620,,,,,3675.078,3.129,
fleet_depot,parcel_50200001500000010140000000,620,,,,,710.589,0.605,
fleet_depot,parcel_50200001000000040010000000,695,,,,,0.0,0.0,
fleet_depot,parcel_50200003300000010060000000,695,,,,,0.0,0.0,
fleet_depot,parcel_50200001500000010580000099,837,,,,,0.0,0.0,
fleet_depot,parcel_50200002400000010190020000,613,,,,,0.0,0.0,
fleet_depot,parcel_50200001700000010292510000,472,,,,,943.751,0.804,
fleet_depot,parcel_50200002200000010280000000,695,,,,,0.0,0.0,
fleet_depot,parcel_50200002100000010270000000,620,,,,,510.736,0.435,
fleet_depot,parcel_50200002100000010030020991,837,,,,,0.0,0.0,
fleet_depot,parcel_50200002100000010030020992,837,,,,,0.0,0.0,
fleet_depot,parcel_50200002100000010260000000,695,,,,,0.0,0.0,
fleet_depot,parcel_50200000700000010410000000,695,,,,,0.0,0.0,
fleet_depot,parcel_50200000800000010640000000,449,,,,,2165.076,1.843,
fleet_depot,parcel_50200000800000010140000000,449,,,,,1265.737,1.078,
fleet_depot,parcel_50200000300000040040000000,472,,,,,321.986,0.274,
fleet_depot,parcel_50200000300000040010000000,831,,,,,277.574,0.236,
fleet_depot,parcel_50200000800000010230000000,695,,,,,0.0,0.0,
fleet_depot,parcel_50200000800000010410000000,692,,,,,0.0,0.0,
fleet_depot,parcel_50200000900000010290020000,484,,,,,1565.517,1.333,
fleet_depot,parcel_50200000800000010480020000,651,,,,,1021.472,0.87,
fleet_depot,parcel_50200000800000010470020000,651,,,,,299.78,0.255,
fleet_depot,parcel_50200000900000010350240000,662,,,,,2087.356,1.777,
fleet_depot,parcel_50200001000000020020000000,695,,,,,0.0,0.0,
fleet_depot,parcel_50200001000000030150020000,682,,,,,0.0,0.0,
fleet_depot,parcel_50200001000000030150010000,682,,,,,0.0,0.0,
fleet_depot,parcel_50200001000000050100020000,620,,,,,466.324,0.397,
fleet_depot,parcel_50200001000000050080000000,682,,,,,1254.634,1.068,
fleet_depot,parcel_50200001200000010240000000,484,,,,,643.971,0.548,
fleet_depot,parcel_50200001200000010320000000,483,,,,,499.633,0.425,
fleet_depot,parcel_50200001100000010140000000,485,,,,,832.722,0.709,
fleet_depot,parcel_50200001400000010140000000,872,,,,,0.0,0.0,
fleet_depot,parcel_50200001200000010010130000,714,,,,,632.868,0.539,
fleet_depot,parcel_50200001200000010010120000,442,,,,,1598.826,1.361,
fleet_depot,parcel_50200001300000010270000000,695,,,,,0.0,0.0,
fleet_depot,parcel_50200002100000010120060000,877,,,,,0.0,0.0,
fleet_depot,parcel_50200003100000010010050000,670,,,,,11647.0,9.917,
fleet_depot,parcel_50220001200000010080010000,455,,,,,877.133,0.747,
fleet_depot,parcel_50200000100000010440000000,695,,,,,0.0,0.0,
fleet_depot,parcel_50200000900000010393210000,424,,,,,832.722,0.709,
fleet_depot,parcel_50200000900000010170010000,620,,,,,1510.002,1.286,
fleet_depot,parcel_50200000900000010590000000,485,,,,,899.339,0.766,
fleet_depot,parcel_50200000100000010420000000,433,,,,,177.647,0.151,
fleet_depot,parcel_50200000100000010430000000,449,,,,,677.28,0.577,
fleet_depot,parcel_50200001100000010020020000,484,,,,,222.059,0.189,
fleet_depot,parcel_50200000900000010680020000,877,,,,,0.0,0.0,
fleet_depot,parcel_50200000900000010070040000,442,,,,,1687.649,1.437,
fleet_depot,parcel_50300100700000010010000000,853,,,,,455.221,0.388,
fleet_depot,parcel_50300101300000060070000000,590,,,,,0.0,0.0,
fleet_depot,parcel_50300101500000010010020000,695,,,,,0.0,0.0,
fleet_depot,parcel_50300101400000080010000000,620,,,,,1643.237,1.399,
fleet_depot,parcel_50300101400000060030000000,613,,,,,1343.458,1.144,
fleet_depot,parcel_50300101400000060010000000,613,,,,,2120.664,1.806,
fleet_depot,parcel_50300101400000040020020000,613,,,,,7938.613,6.759,
fleet_depot,parcel_50300101100000020250000000,822,,,,,0.0,0.0,
fleet_depot,parcel_50300101100000020240000000,651,,,,,544.045,0.463,
fleet_depot,parcel_50300100900000060010000000,612,,,,,4085.887,3.479,
fleet_depot,parcel_50300101000000030030000000,483,,,,,122.133,0.104,
fleet_depot,parcel_50300101000000030050040000,485,,,,,632.868,0.539,
fleet_depot,parcel_50300101000000030060000000,465,,,,,455.221,0.388,
fleet_depot,parcel_50300101000000040030000000,662,,,,,1421.178,1.21,
fleet_depot,parcel_50300101000000040020000000,883,,,,,11.103,0.009,
fleet_depot,parcel_50300101000000040010020000,452,,,,,4274.638,3.64,
fleet_depot,parcel_50300101000000040010020001,462,,,,,210.956,0.18,
fleet_depot,parcel_50300101000000040010020002,465,,,,,2342.723,1.995,
fleet_depot,parcel_50300100500000030180020000,486,,,,,99.927,0.085,
fleet_depot,parcel_50300100500000030180030000,652,,,,,377.5,0.321,
fleet_depot,parcel_50300101000000030050220000,457,,,,,155.441,0.132,
fleet_depot,parcel_50300101000000030050210000,465,,,,,466.324,0.397,
fleet_depot,parcel_50300100500000030190020000,464,,,,,433.015,0.369,
fleet_depot,parcel_50300100500000030190010000,465,,,,,688.383,0.586,
fleet_depot,parcel_50300100500000030180010000,464,,,,,1820.885,1.55,
fleet_depot,parcel_50300101000000050050000000,553,,,,,166.544,0.142,
fleet_depot,parcel_50300101000000050010000000,483,,,,,122.133,0.104,
fleet_depot,parcel_50300101000000040060020000,464,,,,,188.75,0.161,
fleet_depot,parcel_50300101000000040060010000,831,,,,,766.104,0.652,
fleet_depot,parcel_50300101000000040060010099,837,,,,,0.0,0.0,
fleet_depot,parcel_50300101100000020050000000,695,,,,,33.309,0.028,
fleet_depot,parcel_50300100300000010010000000,633,,,,,30188.934,25.704,
fleet_depot,parcel_50220002300000010160000000,534,,,,,310.883,0.265,
fleet_depot,parcel_50220001500000010200020000,557,,,,,122.133,0.104,
fleet_depot,parcel_50220001400000010140000000,695,,,,,0.0,0.0,
fleet_depot,parcel_50220000800000010120150000,472,,,,,133.235,0.113,
fleet_depot,parcel_50220001000000010050000000,614,,,,,2042.944,1.739,
fleet_depot,parcel_50220001000000010160000000,662,,,,,743.898,0.633,
fleet_depot,parcel_50220001000000010130000000,485,,,,,355.295,0.303,
fleet_depot,parcel_50220000700000010920210000,440,,,,,366.398,0.312,
fleet_depot,parcel_50220000700000010481220000,475,,,,,166.544,0.142,
fleet_depot,parcel_50220001000000010820020000,449,,,,,854.928,0.728,
fleet_depot,parcel_50220001000000010820010000,651,,,,,699.486,0.596,
fleet_depot,parcel_50220001000000010780000000,590,,,,,0.0,0.0,
fleet_depot,parcel_50220001000000010270000000,433,,,,,166.544,0.142,
fleet_depot,parcel_50220001000000010230000000,652,,,,,388.603,0.331,
fleet_depot,parcel_50220001000000010450000000,620,,,,,755.001,0.643,
fleet_depot,parcel_50220000600000010190000000,695,,,,,0.0,0.0,
fleet_depot,parcel_50220000600000010212220099,837,,,,,0.0,0.0,
fleet_depot,parcel_50220001300000010012220000,837,,,,,44.412,0.038,
fleet_depot,parcel_50220000300000010060000000,833,,,,,0.0,0.0,
fleet_depot,parcel_50220000200000010170320000,614,,,,,888.236,0.756,
fleet_depot,parcel_50220000200000010070000000,534,,,,,210.956,0.18,
fleet_depot,parcel_50220000200000010330000000,474,,,,,0.0,0.0,
fleet_depot,parcel_50220000200000010350110000,442,,,,,2387.135,2.032,
fleet_depot,parcel_50220000200000010370000000,484,,,,,310.883,0.265,
fleet_depot,parcel_50220000100000010250010000,710,,,,,6084.419,5.18,
fleet_depot,parcel_50220000100000010240010000,871,,,,,0.0,0.0,
fleet_depot,parcel_50220000100000010030320000,484,,,,,266.471,0.227,
fleet_depot,parcel_50248907500000010460000000,695,,,,,0.0,0.0,
fleet_depot,parcel_50248907500000010430820000,695,,,,,0.0,0.0,
fleet_depot,parcel_50248906600000010180000000,883,,,,,1632.134,1.39,
fleet_depot,parcel_50248906600000010170030000,613,,,,,0.0,0.0,
fleet_depot,parcel_50248906600000010170040000,613,,,,,0.0,0.0,
fleet_depot,parcel_50248906600000010220000000,883,,,,,266.471,0.227,
fleet_depot,parcel_50248906600000010090010000,613,,,,,0.0,0.0,
fleet_depot,parcel_50248906600000010070020000,613,,,,,0.0,0.0,
fleet_depot,parcel_50248906600000010040010000,590,,,,,0.0,0.0,
fleet_depot,parcel_50248906700000010760000000,613,,,,,0.0,0.0,
fleet_depot,parcel_50248905700000010320000000,613,,,,,0.0,0.0,
fleet_depot,parcel_50248905700000010060010000,613,,,,,144.338,0.123,
fleet_depot,parcel_50248906700000010070030000,613,,,,,0.0,0.0,
fleet_depot,parcel_50248906700000010070020000,613,,,,,488.53,0.416,
fleet_depot,parcel_50248906700000010730000000,613,,,,,1065.884,0.908,
fleet_depot,parcel_50248906700000010710080000,620,,,,,377.5,0.321,
fleet_depot,parcel_50248906700000010670030000,464,,,,,333.089,0.284,
fleet_depot,parcel_50248906700000010670020000,720,,,,,233.162,0.199,
fleet_depot,parcel_50248906700000010630150000,720,,,,,0.0,0.0,
fleet_depot,parcel_50248906700000010230010000,613,,,,,0.0,0.0,
fleet_depot,parcel_50248906800000010050000000,835,,,,,77.721,0.066,
fleet_depot,parcel_50248906800000010130010000,695,,,,,0.0,0.0,
fleet_depot,parcel_50248907300000020040020000,714,,,,,1998.532,1.702,
fleet_depot,parcel_50248907200000040050000000,620,,,,,155.441,0.132,
fleet_depot,parcel_50248907100000010110030000,620,,,,,366.398,0.312,
fleet_depot,parcel_50248907100000010120000000,464,,,,,233.162,0.199,
fleet_depot,parcel_50248907100000010130000000,620,,,,,1188.016,1.012,
fleet_depot,parcel_50248905700000010010000000,650,,,,,0.0,0.0,
fleet_depot,parcel_50248905700000010050000000,613,,,,,0.0,0.0,
fleet_depot,parcel_50248905700000010060040000,613,,,,,0.0,0.0,
fleet_depot,parcel_50248905600000050190020000,613,,,,,0.0,0.0,
fleet_depot,parcel_50248905700000010060020000,613,,,,,0.0,0.0,
fleet_depot,parcel_50248905700000010060030000,613,,,,,0.0,0.0,
fleet_depot,parcel_50248905600000050050000000,430,,,,,544.045,0.463,
fleet_depot,parcel_50248905600000050080010000,433,,,,,277.574,0.236,
fleet_depot,parcel_50248905600000040020000000,482,,,,,843.825,0.718,
fleet_depot,parcel_50248905600000030070000000,440,,,,,210.956,0.18,
fleet_depot,parcel_50248905600000050130000000,620,,,,,255.368,0.217,
fleet_depot,parcel_50248905600000050080020000,662,,,,,310.883,0.265,
fleet_depot,parcel_50248905600000030130000000,464,,,,,255.368,0.217,
fleet_depot,parcel_50248905300000010030030000,845,,,,,0.0,0.0,
fleet_depot,parcel_50248905300000010020000000,613,,,,,899.339,0.766,
fleet_depot,parcel_50248905600000030220000000,613,,,,,0.0,0.0,
fleet_depot,parcel_50248905600000020020020000,613,,,,,0.0,0.0,
fleet_depot,parcel_50248905300000010010000000,613,,,,,0.0,0.0,
fleet_depot,parcel_50248905300000010080000000,613,,,,,0.0,0.0,
fleet_depot,parcel_50248905300000010110000000,613,,,,,0.0,0.0,
fleet_depot,parcel_50248905300000010120000000,613,,,,,0.0,0.0,
fleet_depot,parcel_50248905300000010090020000,613,,,,,0.0,0.0,
fleet_depot,parcel_50248905300000010100000000,613,,,,,0.0,0.0,
fleet_depot,parcel_50248905300000010030010000,613,,,,,0.0,0.0,
fleet_depot,parcel_50248905500000010130130000,662,,,,,799.413,0.681,
fleet_depot,parcel_50248905500000010130120000,415,,,,,688.383,0.586,
fleet_depot,parcel_50248905700000010310000000,613,,,,,0.0,0.0,
fleet_depot,parcel_50248905400000010090050000,440,,,,,1743.164,1.484,
fleet_depot,parcel_50248905400000010120000000,421,,,,,255.368,0.217,
fleet_depot,parcel_50248905400000010090060000,442,,,,,610.663,0.52,
fleet_depot,parcel_50248905400000010080000000,464,,,,,77.721,0.066,
fleet_depot,parcel_50248905300000010160000000,613,,,,,0.0,0.0,
fleet_depot,parcel_50248905200000010040110000,457,,,,,344.192,0.293,
fleet_depot,parcel_50248905200000010040060000,465,,,,,755.001,0.643,
fleet_depot,parcel_50248905200000010040090000,464,,,,,288.677,0.246,
fleet_depot,parcel_50248905200000010040420000,457,,,,,599.56,0.51,
fleet_depot,parcel_50248905200000010040100000,433,,,,,1643.237,1.399,
fleet_depot,parcel_50248905200000010040320000,710,,,,,16920.903,14.407,
fleet_depot,parcel_50248905200000010040120000,449,,,,,1410.075,1.201,
fleet_depot,parcel_50248905200000010040020000,455,,,,,1387.869,1.182,
fleet_depot,parcel_50248905200000010050000000,872,,,,,0.0,0.0,
fleet_depot,parcel_50248905200000010040520000,449,,,,,1065.884,0.908,
fleet_depot,parcel_50248905200000010041110000,440,,,,,2753.533,2.344,
fleet_depot,parcel_50248905200000010080050000,442,,,,,3397.504,2.893,
fleet_depot,parcel_50248905200000010130010000,421,,,,,266.471,0.227,
fleet_depot,parcel_50248905200000010080010000,484,,,,,410.809,0.35,
fleet_depot,parcel_50248905200000010080060000,456,,,,,755.001,0.643,
fleet_depot,parcel_50248905200000010080030000,486,,,,,222.059,0.189,
fleet_depot,parcel_50248905200000010080040000,457,,,,,99.927,0.085,
fleet_depot,parcel_50248904400000010023320000,442,,,,,999.266,0.851,
fleet_depot,parcel_50248904400000010023310000,831,,,,,77.721,0.066,
fleet_depot,parcel_50248905200000010010110000,720,,,,,1210.222,1.03,
fleet_depot,parcel_50248904400000010023210000,590,,,,,0.0,0.0,
fleet_depot,parcel_50248904200000010390030000,682,,,,,366.398,0.312,
fleet_depot,parcel_50248904200000010350020000,442,,,,,3564.049,3.035,
fleet_depot,parcel_50248904200000010350030000,440,,,,,2031.841,1.73,
fleet_depot,parcel_50248904200000010300000000,613,,,,,0.0,0.0,
fleet_depot,parcel_50248904200000010120000000,615,,,,,0.0,0.0,
fleet_depot,parcel_50248904200000010090110000,444,,,,,877.133,0.747,
fleet_depot,parcel_50248904200000010290000000,440,,,,,666.177,0.567,
fleet_depot,parcel_50248904200000010440000000,615,,,,,0.0,0.0,
fleet_depot,parcel_50248904200000010090120000,455,,,,,599.56,0.51,
fleet_depot,parcel_50248904200000010100000000,485,,,,,310.883,0.265,
fleet_depot,parcel_50248904300000020010020000,710,,,,,1510.002,1.286,
fleet_depot,parcel_50248904200000010310060000,710,,,,,4019.27,3.422,
fleet_depot,parcel_50248904200000010310030000,661,,,,,2609.194,2.222,
fleet_depot,parcel_50248904200000010310050000,650,,,,,421.912,0.359,
fleet_depot,parcel_50248904200000010310210000,465,,,,,344.192,0.293,
fleet_depot,parcel_50248904300000010290060000,440,,,,,1676.546,1.427,
fleet_depot,parcel_50248904300000010300000000,681,,,,,0.0,0.0,
fleet_depot,parcel_50248904300000020030020000,464,,,,,699.486,0.596,
fleet_depot,parcel_50248904300000020010030000,710,,,,,433.015,0.369,
fleet_depot,parcel_50248904300000010330020000,642,,,,,2076.253,1.768,
fleet_depot,parcel_50248904300000010330110000,449,,,,,388.603,0.331,
fleet_depot,parcel_50248904300000010331210000,442,,,,,5451.551,4.642,
fleet_depot,parcel_50248904300000010230020000,449,,,,,788.31,0.671,
fleet_depot,parcel_50248904200000010090020000,615,,,,,0.0,0.0,
fleet_depot,parcel_50248904300000010220000000,694,,,,,1287.943,1.097,
fleet_depot,parcel_50248904200000010110000000,615,,,,,0.0,0.0,
fleet_depot,parcel_50248904200000010050000000,615,,,,,0.0,0.0,
fleet_depot,parcel_50248904300000010030000000,615,,,,,0.0,0.0,
fleet_depot,parcel_50248904300000010190020000,449,,,,,1032.575,0.879,
fleet_depot,parcel_50248904300000010010000000,613,,,,,510.736,0.435,
fleet_depot,parcel_50248904200000010070000000,615,,,,,0.0,0.0,
fleet_depot,parcel_50248904200000010060000000,615,,,,,0.0,0.0,
fleet_depot,parcel_50248904200000010010000000,650,,,,,0.0,0.0,
fleet_depot,parcel_50248904200000010020000000,844,,,,,0.0,0.0,
fleet_depot,parcel_50248904200000010030000000,613,,,,,0.0,0.0,
fleet_depot,parcel_50248904100000010080000000,844,,,,,0.0,0.0,
fleet_depot,parcel_50248904100000010180000000,613,,,,,0.0,0.0,
fleet_depot,parcel_50248904100000010190000000,613,,,,,0.0,0.0,
fleet_depot,parcel_50248904100000010240020000,613,,,,,210.956,0.18,
fleet_depot,parcel_50248904100000010030000000,613,,,,,0.0,0.0,
fleet_depot,parcel_50248904100000010010000000,613,,,,,0.0,0.0,
fleet_depot,parcel_50248903100000010110000000,613,,,,,0.0,0.0,
fleet_depot,parcel_50248904400000010070000000,823,,,,,99.927,0.085,
fleet_depot,parcel_50248904500000010130000000,620,,,,,199.853,0.17,
fleet_depot,parcel_50248904500000010140000000,650,,,,,188.75,0.161,
fleet_depot,parcel_50248904400000010030170000,662,,,,,577.354,0.492,
fleet_depot,parcel_50248905900000010220000000,613,,,,,0.0,0.0,
fleet_depot,parcel_50248906400000010080000000,695,,,,,0.0,0.0,
fleet_depot,parcel_50260000300000030110520099,837,,,,,0.0,0.0,
fleet_depot,parcel_50260000200000030100000000,552,,,,,0.0,0.0,
fleet_depot,parcel_50260000400000010210000000,695,,,,,0.0,0.0,
fleet_depot,parcel_50260000300000010060030000,552,,,,,0.0,0.0,
fleet_depot,parcel_50260000300000010100000000,552,,,,,743.898,0.633,
fleet_depot,parcel_50260000400000020024150000,442,,,,,388.603,0.331,
fleet_depot,parcel_50260000900000020040060000,484,,,,,111.03,0.095,
fleet_depot,parcel_50260000900000020030000000,433,,,,,88.824,0.076,
fleet_depot,parcel_50260000400000010080310000,442,,,,,499.633,0.425,
fleet_depot,parcel_50260000400000010080320000,877,,,,,0.0,0.0,
fleet_depot,parcel_50260000400000010080420000,440,,,,,344.192,0.293,
fleet_depot,parcel_50260000400000010120710000,484,,,,,144.338,0.123,
fleet_depot,parcel_50260000900000010110010000,877,,,,,0.0,0.0,
fleet_depot,parcel_50260000800000030040210000,449,,,,,1010.369,0.86,
fleet_depot,parcel_50260000900000010260020000,440,,,,,366.398,0.312,
fleet_depot,parcel_50260000400000020150000000,710,,,,,210.956,0.18,
fleet_depot,parcel_50260000400000020070040000,710,,,,,3575.151,3.044,
fleet_depot,parcel_50260001000000010140030000,868,,,,,22.206,0.019,
fleet_depot,parcel_50260001500000020050050000,442,,,,,421.912,0.359,
fleet_depot,parcel_50260001600000020120030000,440,,,,,99.927,0.085,
fleet_depot,parcel_50260001500000010120060000,720,,,,,0.0,0.0,
fleet_depot,parcel_50260001500000010100000000,431,,,,,666.177,0.567,
fleet_depot,parcel_50260001600000020030000000,695,,,,,0.0,0.0,
fleet_depot,parcel_50260001400000040060000000,695,,,,,0.0,0.0,
fleet_depot,parcel_50260001400000020020080000,651,,,,,2031.841,1.73,
fleet_depot,parcel_50260001500000020010110000,472,,,,,288.677,0.246,
fleet_depot,parcel_50260001100000020080030000,620,,,,,399.706,0.34,
fleet_depot,parcel_50260001000000010020210000,440,,,,,266.471,0.227,
fleet_depot,parcel_50260001100000020150010000,484,,,,,266.471,0.227,
fleet_depot,parcel_50260001100000020220000000,695,,,,,0.0,0.0,
fleet_depot,parcel_50260000800000010120000000,695,,,,,0.0,0.0,
fleet_depot,parcel_50260000800000020091110000,438,,,,,0.0,0.0,
fleet_depot,parcel_50260000800000020090100000,484,,,,,544.045,0.463,
fleet_depot,parcel_50260000800000030220000000,651,,,,,188.75,0.161,
fleet_depot,parcel_50260000800000020120000000,652,,,,,421.912,0.359,
fleet_depot,parcel_50260000800000020110000000,534,,,,,366.398,0.312,
fleet_depot,parcel_50260000800000020090030000,651,,,,,532.942,0.454,
fleet_depot,parcel_50260000800000020090060000,662,,,,,1521.105,1.295,
fleet_depot,parcel_50260000800000030280000000,692,,,,,0.0,0.0,
fleet_depot,parcel_50260000500000010130010000,456,,,,,755.001,0.643,
fleet_depot,parcel_50260000800000010090000000,485,,,,,466.324,0.397,
fleet_depot,parcel_50260000500000010120000000,486,,,,,466.324,0.397,
fleet_depot,parcel_50260000800000010100000000,612,,,,,3541.843,3.016,
fleet_depot,parcel_50260000800000010070010000,484,,,,,321.986,0.274,
fleet_depot,parcel_50260000700000030020000000,484,,,,,521.839,0.444,
fleet_depot,parcel_50260001300000020020110000,424,,,,,233.162,0.199,
fleet_depot,parcel_50070013000000040050000000,690,,,,,3564.049,3.035,
fleet_depot,parcel_50070013000000030010000000,456,,,,,1787.576,1.522,
fleet_depot,parcel_50070012800000020090020000,434,,,,,177.647,0.151,
fleet_depot,parcel_50070012800000030030000000,692,,,,,0.0,0.0,
fleet_depot,parcel_50070013000000040070030000,692,,,,,0.0,0.0,
fleet_depot,parcel_50070012800000020070010000,414,,,,,977.06,0.832,
fleet_depot,parcel_50070012900000020070000000,692,,,,,0.0,0.0,
fleet_depot,parcel_50070012800000020070020000,534,,,,,299.78,0.255,
fleet_depot,parcel_50070012800000020010220000,484,,,,,599.56,0.51,
fleet_depot,parcel_50070012900000010100110000,433,,,,,344.192,0.293,
fleet_depot,parcel_50070012800000010040000000,426,,,,,321.986,0.274,
fleet_depot,parcel_50070012800000010050000000,484,,,,,266.471,0.227,
fleet_depot,parcel_50070012800000010060010000,452,,,,,4108.093,3.498,
fleet_depot,parcel_50070012600000010020130000,485,,,,,399.706,0.34,
fleet_depot,parcel_50070012600000010020140000,546,,,,,699.486,0.596,
fleet_depot,parcel_50070012500000010030030000,433,,,,,166.544,0.142,
fleet_depot,parcel_50070012900000010010000000,421,,,,,766.104,0.652,
fleet_depot,parcel_50070012600000010050010000,486,,,,,266.471,0.227,
fleet_depot,parcel_50070012900000010100020000,414,,,,,4696.55,3.999,
fleet_depot,parcel_50070012500000020010000000,433,,,,,410.809,0.35,
fleet_depot,parcel_50070012500000020020000000,431,,,,,510.736,0.435,
fleet_depot,parcel_50070012500000030040000000,591,,,,,0.0,0.0,
fleet_depot,parcel_50070011100000090030000000,590,,,,,0.0,0.0,
fleet_depot,parcel_50070010900000010030000000,652,,,,,133.235,0.113,
fleet_depot,parcel_50070008800000020180000000,692,,,,,0.0,0.0,
fleet_depot,parcel_50070009000000020010000000,822,,,,,377.5,0.321,
fleet_depot,parcel_50070008800000010080000000,822,,,,,1854.193,1.579,
fleet_depot,parcel_50070008800000020160000000,650,,,,,0.0,0.0,
fleet_depot,parcel_50070010900000020020000000,822,,,,,0.0,0.0,
fleet_depot,parcel_50070011000000010020000000,590,,,,,0.0,0.0,
fleet_depot,parcel_50070011000000040050000000,650,,,,,0.0,0.0,
fleet_depot,parcel_50070008700000010220020000,695,,,,,0.0,0.0,
fleet_depot,parcel_50070008500000060140020000,612,,,,,1254.634,1.068,
fleet_depot,parcel_50070008600000020010000000,650,,,,,0.0,0.0,
fleet_depot,parcel_50070008400000040140000000,620,,,,,188.75,0.161,
fleet_depot,parcel_50070008500000050010000000,612,,,,,2442.65,2.08,
fleet_depot,parcel_50070006600000010130000000,591,,,,,0.0,0.0,
fleet_depot,parcel_50070006800000060130000000,438,,,,,0.0,0.0,
fleet_depot,parcel_50070006300000080130000000,421,,,,,266.471,0.227,
fleet_depot,parcel_50070006300000050070000000,437,,,,,5973.39,5.086,
fleet_depot,parcel_50070006300000050090000099,837,,,,,0.0,0.0,
fleet_depot,parcel_50070006300000060050000000,421,,,,,421.912,0.359,
fleet_depot,parcel_50070006400000100210000000,484,,,,,144.338,0.123,
fleet_depot,parcel_50070006300000050020000000,482,,,,,3974.858,3.384,
fleet_depot,parcel_50070006400000100030000000,613,,,,,5196.183,4.424,
fleet_depot,parcel_50070006400000100170020000,662,,,,,799.413,0.681,
fleet_depot,parcel_50070006400000100180000000,482,,,,,566.251,0.482,
fleet_depot,parcel_50070006400000100130000000,438,,,,,0.0,0.0,
fleet_depot,parcel_50070006400000020130000000,483,,,,,399.706,0.34,
fleet_depot,parcel_50070006400000020070000000,615,,,,,410.809,0.35,
fleet_depot,parcel_50070006400000020020000000,620,,,,,1099.193,0.936,
fleet_depot,parcel_50070006300000050010000000,613,,,,,0.0,0.0,
fleet_depot,parcel_50070006300000050080000000,613,,,,,0.0,0.0,
fleet_depot,parcel_50070006300000080120000000,482,,,,,743.898,0.633,
fleet_depot,parcel_50070006300000080110000000,482,,,,,1099.193,0.936,
fleet_depot,parcel_50070004800000040060000000,415,,,,,588.457,0.501,
fleet_depot,parcel_50070003100000010060000000,613,,,,,1365.663,1.163,
fleet_depot,parcel_50070006300000020070000000,438,,,,,0.0,0.0,
fleet_depot,parcel_50070006300000040030000000,438,,,,,0.0,0.0,
fleet_depot,parcel_50070006300000080240000000,421,,,,,321.986,0.274,
fleet_depot,parcel_50070006200000020400000000,613,,,,,0.0,0.0,
fleet_depot,parcel_50070004800000040040000000,695,,,,,0.0,0.0,
fleet_depot,parcel_50070006200000020390000000,613,,,,,0.0,0.0,
fleet_depot,parcel_50070006200000010070000000,438,,,,,0.0,0.0,
fleet_depot,parcel_50070006200000010150000000,632,,,,,344.192,0.293,
fleet_depot,parcel_50070006200000010140000000,464,,,,,277.574,0.236,
fleet_depot,parcel_50070006200000010110000000,438,,,,,0.0,0.0,
fleet_depot,parcel_50070006900000020190000000,414,,,,,643.971,0.548,
fleet_depot,parcel_50070006900000020180000000,485,,,,,721.692,0.614,
fleet_depot,parcel_50070006900000030050000000,438,,,,,0.0,0.0,
fleet_depot,parcel_50070006300000100030000000,482,,,,,599.56,0.51,
fleet_depot,parcel_50070006300000080230000000,464,,,,,222.059,0.189,
fleet_depot,parcel_50070006300000080140000000,482,,,,,588.457,0.501,
fleet_depot,parcel_50070006800000010090000000,483,,,,,288.677,0.246,
fleet_depot,parcel_50070006900000010040000000,482,,,,,1898.605,1.617,
fleet_depot,parcel_50070006900000010110000000,481,,,,,3519.637,2.997,
fleet_depot,parcel_50070006900000010070000000,482,,,,,2364.929,2.014,
fleet_depot,parcel_50070006900000010140000000,482,,,,,299.78,0.255,
fleet_depot,parcel_50070006900000010010000000,481,,,,,1065.884,0.908,
fleet_depot,parcel_50070006900000010060020000,414,,,,,6173.243,5.256,
fleet_depot,parcel_50070006900000020010000000,464,,,,,510.736,0.435,
fleet_depot,parcel_50070006900000020210000000,438,,,,,0.0,0.0,
fleet_depot,parcel_50070006200000050120000000,482,,,,,366.398,0.312,
fleet_depot,parcel_50070006200000050150000000,481,,,,,632.868,0.539,
fleet_depot,parcel_50070006200000050140000000,482,,,,,266.471,0.227,
fleet_depot,parcel_50070006200000050010000000,433,,,,,166.544,0.142,
fleet_depot,parcel_50070006200000050030000000,485,,,,,133.235,0.113,
fleet_depot,parcel_50070006200000050160000000,481,,,,,477.427,0.406,
fleet_depot,parcel_50070006200000050180000000,464,,,,,1354.561,1.153,
fleet_depot,parcel_50070006100000040010000000,650,,,,,1154.707,0.983,
fleet_depot,parcel_50070006200000050170000000,464,,,,,177.647,0.151,
fleet_depot,parcel_50070006100000040050000000,650,,,,,14744.724,12.554,
fleet_depot,parcel_50070007000000020100000000,463,,,,,3963.755,3.375,
fleet_depot,parcel_50070007000000030160000000,464,,,,,721.692,0.614,
fleet_depot,parcel_50070007000000030130000000,481,,,,,1143.604,0.974,
fleet_depot,parcel_50070007000000030010000000,438,,,,,0.0,0.0,
fleet_depot,parcel_50070007000000030020000000,464,,,,,333.089,0.284,
fleet_depot,parcel_50070007000000030030000000,481,,,,,1310.149,1.115,
fleet_depot,parcel_50070007000000030040000000,481,,,,,155.441,0.132,
fleet_depot,parcel_50070007000000030050000000,481,,,,,333.089,0.284,
fleet_depot,parcel_50070007000000030060000000,481,,,,,521.839,0.444,
fleet_depot,parcel_50070007000000030070000000,481,,,,,799.413,0.681,
fleet_depot,parcel_50070007000000030080000000,481,,,,,366.398,0.312,
fleet_depot,parcel_50070007000000030090000000,481,,,,,366.398,0.312,
fleet_depot,parcel_50070007000000030110000000,481,,,,,866.03,0.737,
fleet_depot,parcel_50070007000000030100000000,481,,,,,210.956,0.18,
fleet_depot,parcel_50070007000000030120000000,481,,,,,499.633,0.425,
fleet_depot,parcel_50070007000000030150000000,463,,,,,2786.842,2.373,
fleet_depot,parcel_50070007000000040040220000,464,,,,,4807.579,4.093,
fleet_depot,parcel_50070007000000040040210001,437,,,,,4008.167,3.413,
fleet_depot,parcel_50070007000000040050010000,452,,,,,8926.776,7.6,
fleet_depot,parcel_50070007000000040050210000,438,,,,,0.0,0.0,
fleet_depot,parcel_50070007000000050100000000,481,,,,,799.413,0.681,
fleet_depot,parcel_50070007000000020130000000,650,,,,,0.0,0.0,
fleet_depot,parcel_50070007000000020110000000,681,,,,,1565.517,1.333,
fleet_depot,parcel_50070007000000020150000000,481,,,,,266.471,0.227,
fleet_depot,parcel_50070007000000020140000000,481,,,,,444.118,0.378,
fleet_depot,parcel_50070007000000020160000000,481,,,,,222.059,0.189,
fleet_depot,parcel_50070007000000020170000000,481,,,,,577.354,0.492,
fleet_depot,parcel_50070007000000020200000000,481,,,,,477.427,0.406,
fleet_depot,parcel_50070007000000020210000000,481,,,,,755.001,0.643,
fleet_depot,parcel_50070007000000020050000000,464,,,,,1765.37,1.503,
fleet_depot,parcel_50070007000000020090000000,464,,,,,1554.414,1.323,
fleet_depot,parcel_50070007000000020240000000,481,,,,,1076.987,0.917,
fleet_depot,parcel_50070007000000020260000000,481,,,,,921.545,0.785,
fleet_depot,parcel_50070007000000020300000000,481,,,,,255.368,0.217,
fleet_depot,parcel_50070007000000020270000000,481,,,,,277.574,0.236,
fleet_depot,parcel_50070007000000020250000000,481,,,,,1121.398,0.955,
fleet_depot,parcel_50070007000000020220000000,481,,,,,277.574,0.236,
fleet_depot,parcel_50070007000000050040000000,481,,,,,621.765,0.529,
fleet_depot,parcel_50070007000000050030000000,481,,,,,688.383,0.586,
fleet_depot,parcel_50070007000000050020000000,481,,,,,1221.325,1.04,
fleet_depot,parcel_50070007000000050010000000,481,,,,,4230.226,3.602,
fleet_depot,parcel_50070007000000060100000000,481,,,,,532.942,0.454,
fleet_depot,parcel_50070007000000060110000000,481,,,,,799.413,0.681,
fleet_depot,parcel_50070007000000060120020000,481,,,,,244.265,0.208,
fleet_depot,parcel_50070007000000060120010000,481,,,,,222.059,0.189,
fleet_depot,parcel_50070007000000050250000000,481,,,,,1176.913,1.002,
fleet_depot,parcel_50070007000000050240000000,481,,,,,732.795,0.624,
fleet_depot,parcel_50070007000000050230000000,652,,,,,2442.65,2.08,
fleet_depot,parcel_50070007000000080010000000,611,,,,,5729.125,4.878,
fleet_depot,parcel_50070007000000080110000000,642,,,,,3874.931,3.299,
fleet_depot,parcel_50070007000000040050230000,437,,,,,13956.414,11.883,
fleet_depot,parcel_50070007000000040052210000,514,,,,,4718.756,4.018,
fleet_depot,parcel_50070007000000040050230001,512,,,,,910.442,0.775,
fleet_depot,parcel_50070007000000040040030000,414,,,,,8349.422,7.109,
fleet_depot,parcel_50070008100000030020020000,410,,,,,1720.958,1.465,
fleet_depot,parcel_50070008100000030020030000,484,,,,,233.162,0.199,
fleet_depot,parcel_50070008100000100010000000,662,,,,,155.441,0.132,
fleet_depot,parcel_50070008100000030010000000,662,,,,,2376.032,2.023,
fleet_depot,parcel_50070008100000110060000000,438,,,,,0.0,0.0,
fleet_depot,parcel_50070008100000110050000000,438,,,,,0.0,0.0,
fleet_depot,parcel_50070008100000110040000000,433,,,,,299.78,0.255,
fleet_depot,parcel_50070008100000110030000000,515,,,,,233.162,0.199,
fleet_depot,parcel_50070008100000120050000000,431,,,,,1088.09,0.926,
fleet_depot,parcel_50070008100000120060000000,438,,,,,0.0,0.0,
fleet_depot,parcel_50070008100000120040000000,433,,,,,88.824,0.076,
fleet_depot,parcel_50070008100000110020000000,433,,,,,277.574,0.236,
fleet_depot,parcel_50070008100000110010000000,438,,,,,0.0,0.0,
fleet_depot,parcel_50070008100000020010000000,437,,,,,18453.111,15.711,
fleet_depot,parcel_50070008100000020010000001,464,,,,,1820.885,1.55,
fleet_depot,parcel_50070007000000070040010000,486,,,,,144.338,0.123,
fleet_depot,parcel_50070007000000060130000000,481,,,,,444.118,0.378,
fleet_depot,parcel_50070007000000060140000000,484,,,,,210.956,0.18,
fleet_depot,parcel_50070007000000070020000000,464,,,,,199.853,0.17,
fleet_depot,parcel_50070007000000070030000000,464,,,,,433.015,0.369,
fleet_depot,parcel_50070007000000070150000000,484,,,,,166.544,0.142,
fleet_depot,parcel_50070008000000100050000000,438,,,,,0.0,0.0,
fleet_depot,parcel_50070008000000100010000000,633,,,,,6028.905,5.133,
fleet_depot,parcel_50070007000000070040020099,837,,,,,0.0,0.0,
fleet_depot,parcel_50070007000000070040020000,414,,,,,11857.956,10.096,
fleet_depot,parcel_50070008000000100080000000,438,,,,,0.0,0.0,
fleet_depot,parcel_50070008000000090080010000,465,,,,,177.647,0.151,
fleet_depot,parcel_50070008000000070010000000,642,,,,,4552.212,3.876,
fleet_depot,parcel_50070009300000010100000000,483,,,,,344.192,0.293,
fleet_depot,parcel_50070009300000030010000000,483,,,,,210.956,0.18,
fleet_depot,parcel_50070008100000120090000000,438,,,,,0.0,0.0,
fleet_depot,parcel_50070009200000010010000000,483,,,,,111.03,0.095,
fleet_depot,parcel_50070008100000110090000000,483,,,,,210.956,0.18,
fleet_depot,parcel_50070010700000010030000000,642,,,,,1887.502,1.607,
fleet_depot,parcel_50070010600000010080020000,710,,,,,38382.915,32.68,
fleet_depot,parcel_50070009100000050020000000,438,,,,,0.0,0.0,
fleet_depot,parcel_50070010700000010010000000,612,,,,,5829.051,4.963,
fleet_depot,parcel_50070008300000020230000000,822,,,,,0.0,0.0,
fleet_depot,parcel_50070009000000010010000000,650,,,,,0.0,0.0,
fleet_depot,parcel_50070010700000010080000000,620,,,,,177.647,0.151,
fleet_depot,parcel_50070011300000020040000000,438,,,,,0.0,0.0,
fleet_depot,parcel_50070011300000010010020000,620,,,,,266.471,0.227,
fleet_depot,parcel_50070011400000010010000000,449,,,,,1776.473,1.513,
fleet_depot,parcel_50070011400000010050000000,534,,,,,433.015,0.369,
fleet_depot,parcel_50070011400000010190000000,822,,,,,0.0,0.0,
fleet_depot,parcel_50070011500000010150000099,837,,,,,33.309,0.028,
fleet_depot,parcel_50070011600000010040000000,421,,,,,377.5,0.321,
fleet_depot,parcel_50070011600000010060020000,485,,,,,499.633,0.425,
fleet_depot,parcel_50070010600000010050000000,872,,,,,0.0,0.0,
fleet_depot,parcel_50070010600000010040010000,873,,,,,22.206,0.019,
fleet_depot,parcel_50070010500000080010000000,873,,,,,0.0,0.0,
fleet_depot,parcel_50070010400000010010020000,452,,,,,2209.488,1.881,
fleet_depot,parcel_50070010300000030120000000,591,,,,,0.0,0.0,
fleet_depot,parcel_50070010300000010010010000,456,,,,,921.545,0.785,
fleet_depot,parcel_50070010200000010020040000,462,,,,,299.78,0.255,
fleet_depot,parcel_50070010400000010010010000,457,,,,,621.765,0.529,
fleet_depot,parcel_50070010400000010010030000,421,,,,,677.28,0.577,
fleet_depot,parcel_50070010200000010020060000,453,,,,,1121.398,0.955,
fleet_depot,parcel_50070011700000010010020000,452,,,,,12490.824,10.635,
fleet_depot,parcel_50070011700000010030000000,452,,,,,1465.59,1.248,
fleet_depot,parcel_50070011700000020010010000,426,,,,,166.544,0.142,
fleet_depot,parcel_50070011700000020020000000,462,,,,,222.059,0.189,
fleet_depot,parcel_50070011700000010050000000,452,,,,,888.236,0.756,
fleet_depot,parcel_50070011700000030030000000,433,,,,,566.251,0.482,
fleet_depot,parcel_50070011700000030040000000,433,,,,,1221.325,1.04,
fleet_depot,parcel_50070011700000030020000000,433,,,,,410.809,0.35,
fleet_depot,parcel_50070011700000030010000000,485,,,,,1820.885,1.55,
fleet_depot,parcel_50070010400000010090000000,464,,,,,1576.62,1.342,
fleet_depot,parcel_50070011700000020010020000,452,,,,,3430.813,2.921,
fleet_depot,parcel_50070011600000010100000000,431,,,,,155.441,0.132,
fleet_depot,parcel_50070011600000010090000000,422,,,,,88.824,0.076,
fleet_depot,parcel_50070011600000010070000000,436,,,,,499.633,0.425,
fleet_depot,parcel_50070011600000010080000000,484,,,,,244.265,0.208,
fleet_depot,parcel_50070012400000020110000000,692,,,,,0.0,0.0,
fleet_depot,parcel_50070012400000010030000000,432,,,,,377.5,0.321,
fleet_depot,parcel_50070012200000020030000000,457,,,,,577.354,0.492,
fleet_depot,parcel_50070012200000020020000000,431,,,,,2287.209,1.947,
fleet_depot,parcel_50070012200000020060000000,620,,,,,244.265,0.208,
fleet_depot,parcel_50070012200000020040000000,432,,,,,66.618,0.057,
fleet_depot,parcel_50070011700000010060000000,462,,,,,177.647,0.151,
fleet_depot,parcel_50070012200000010030000000,431,,,,,1465.59,1.248,
fleet_depot,parcel_50070012200000010040000000,431,,,,,1532.208,1.305,
fleet_depot,parcel_50070011800000010010020000,453,,,,,15866.123,13.509,
fleet_depot,parcel_50070011800000010020040000,452,,,,,3319.784,2.827,
fleet_depot,parcel_50070012100000010010000000,426,,,,,177.647,0.151,
fleet_depot,parcel_50070011800000010010010000,452,,,,,866.03,0.737,
fleet_depot,parcel_50070012400000010020000000,484,,,,,455.221,0.388,
fleet_depot,parcel_50070012400000010190000000,452,,,,,1221.325,1.04,
fleet_depot,parcel_50070012500000020040000000,414,,,,,3186.548,2.713,
fleet_depot,parcel_50070012500000010010010000,452,,,,,2720.224,2.316,
fleet_depot,parcel_50070012100000010040000000,433,,,,,99.927,0.085,
fleet_depot,parcel_50070012100000010020000000,433,,,,,766.104,0.652,
fleet_depot,parcel_50070012500000010030010000,415,,,,,2664.709,2.269,
fleet_depot,parcel_50070011800000010020020000,453,,,,,11158.47,9.501,
fleet_depot,parcel_50070011800000010020030000,452,,,,,1021.472,0.87,
fleet_depot,parcel_50070010000000030010000000,852,,,,,0.0,0.0,
fleet_depot,parcel_50070009600000020010230000,484,,,,,166.544,0.142,
fleet_depot,parcel_50070009600000020010220000,546,,,,,866.03,0.737,
fleet_depot,parcel_50070009600000020010210000,484,,,,,532.942,0.454,
fleet_depot,parcel_50070010000000020010260000,692,,,,,0.0,0.0,
fleet_depot,parcel_50070009600000010010000000,650,,,,,0.0,0.0,
fleet_depot,parcel_50070009600000020010010000,712,,,,,1287.943,1.097,
fleet_depot,parcel_50070009600000020010030000,712,,,,,1121.398,0.955,
fleet_depot,parcel_50070009600000020010040000,710,,,,,788.31,0.671,
fleet_depot,parcel_50070009600000020010050000,484,,,,,510.736,0.435,
fleet_depot,parcel_50070009600000020070000000,449,,,,,388.603,0.331,
fleet_depot,parcel_50070007800000030010000000,710,,,,,1432.281,1.219,
fleet_depot,parcel_50070009600000020010080000,485,,,,,621.765,0.529,
fleet_depot,parcel_50070009600000020010090000,712,,,,,3675.078,3.129,
fleet_depot,parcel_50070009600000020060000000,484,,,,,888.236,0.756,
fleet_depot,parcel_50070007800000030020000000,449,,,,,1709.855,1.456,
fleet_depot,parcel_50070007800000030070000000,534,,,,,621.765,0.529,
fleet_depot,parcel_50070010200000010020050000,421,,,,,466.324,0.397,
fleet_depot,parcel_50070010300000010030000000,650,,,,,22.206,0.019,
fleet_depot,parcel_50070010200000010020030000,452,,,,,4829.785,4.112,
fleet_depot,parcel_50070009500000010010210000,462,,,,,288.677,0.246,
fleet_depot,parcel_50070009500000010010220000,454,,,,,10203.616,8.688,
fleet_depot,parcel_50070010200000010020010000,452,,,,,9293.173,7.912,
fleet_depot,parcel_50070009500000010010010000,431,,,,,1998.532,1.702,
fleet_depot,parcel_50070009400000010010000000,434,,,,,288.677,0.246,
fleet_depot,parcel_50070009400000010150000000,484,,,,,88.824,0.076,
fleet_depot,parcel_50070009400000010220000000,415,,,,,3264.269,2.779,
fleet_depot,parcel_50070007900000060080010000,456,,,,,999.266,0.851,
fleet_depot,parcel_50070009400000030300000000,483,,,,,288.677,0.246,
fleet_depot,parcel_50070008000000030010000000,464,,,,,144.338,0.123,
fleet_depot,parcel_50070007900000060080020000,452,,,,,3230.96,2.751,
fleet_depot,parcel_50070007200000080010000000,426,,,,,155.441,0.132,
fleet_depot,parcel_50070007900000040010000000,421,,,,,188.75,0.161,
fleet_depot,parcel_50070007900000030010000000,456,,,,,1121.398,0.955,
fleet_depot,parcel_50070007900000050010010000,485,,,,,266.471,0.227,
fleet_depot,parcel_50070007900000010030000000,620,,,,,155.441,0.132,
fleet_depot,parcel_50070007900000100010000000,415,,,,,1965.223,1.673,
fleet_depot,parcel_50070007900000010020010000,465,,,,,433.015,0.369,
fleet_depot,parcel_50070007900000010010000000,464,,,,,544.045,0.463,
fleet_depot,parcel_50070007900000010020020000,464,,,,,843.825,0.718,
fleet_depot,parcel_50070007900000020010020000,485,,,,,555.148,0.473,
fleet_depot,parcel_50070007800000020040000000,449,,,,,1332.355,1.134,
fleet_depot,parcel_50070007200000070100000000,455,,,,,2664.709,2.269,
fleet_depot,parcel_50070007200000060020000000,691,,,,,1032.575,0.879,
fleet_depot,parcel_50070007200000050180000000,438,,,,,0.0,0.0,
fleet_depot,parcel_50070007200000050170000000,483,,,,,277.574,0.236,
fleet_depot,parcel_50070007200000050020000000,485,,,,,932.648,0.794,
fleet_depot,parcel_50070007200000050150000000,484,,,,,344.192,0.293,
fleet_depot,parcel_50070007200000050160000000,484,,,,,244.265,0.208,
fleet_depot,parcel_50070007200000050110000000,483,,,,,166.544,0.142,
fleet_depot,parcel_50070007200000050130000000,449,,,,,344.192,0.293,
fleet_depot,parcel_50070007200000050030000000,438,,,,,0.0,0.0,
fleet_depot,parcel_50070007200000050040000000,481,,,,,210.956,0.18,
fleet_depot,parcel_50070007200000050050000000,481,,,,,310.883,0.265,
fleet_depot,parcel_50070007200000050120000000,449,,,,,488.53,0.416,
fleet_depot,parcel_50070007200000050060000000,484,,,,,588.457,0.501,
fleet_depot,parcel_50070007200000050080000000,422,,,,,99.927,0.085,
fleet_depot,parcel_50070007200000040030000000,484,,,,,1154.707,0.983,
fleet_depot,parcel_50070007200000040010000000,485,,,,,410.809,0.35,
fleet_depot,parcel_50070007200000020160000000,482,,,,,177.647,0.151,
fleet_depot,parcel_50070007200000020120000000,462,,,,,466.324,0.397,
fleet_depot,parcel_50070007200000020130000000,438,,,,,0.0,0.0,
fleet_depot,parcel_50070007200000020110000000,438,,,,,0.0,0.0,
fleet_depot,parcel_50070007200000020150000000,483,,,,,210.956,0.18,
fleet_depot,parcel_50070007200000020030000000,484,,,,,344.192,0.293,
fleet_depot,parcel_50070007200000020200000000,482,,,,,488.53,0.416,
fleet_depot,parcel_50070007200000020010000000,461,,,,,1532.208,1.305,
fleet_depot,parcel_50070007200000020190000000,457,,,,,399.706,0.34,
fleet_depot,parcel_50070007200000020180000000,484,,,,,199.853,0.17,
fleet_depot,parcel_50070007200000050010000000,421,,,,,421.912,0.359,
fleet_depot,parcel_50070007300000060010000000,444,,,,,1843.091,1.569,
fleet_depot,parcel_50070007300000050020010000,462,,,,,433.015,0.369,
fleet_depot,parcel_50070005900000080010000000,454,,,,,821.619,0.7,
fleet_depot,parcel_50070005900000070250000000,425,,,,,199.853,0.17,
fleet_depot,parcel_50070005900000070270000000,484,,,,,122.133,0.104,
fleet_depot,parcel_50070005900000070010000000,484,,,,,555.148,0.473,
fleet_depot,parcel_50070005900000070240000000,438,,,,,0.0,0.0,
fleet_depot,parcel_50070005900000010020000000,456,,,,,1521.105,1.295,
fleet_depot,parcel_50070005800000040010130000,438,,,,,0.0,0.0,
fleet_depot,parcel_50070005800000040100020000,485,,,,,588.457,0.501,
fleet_depot,parcel_50070005800000050010000000,482,,,,,1432.281,1.219,
fleet_depot,parcel_50070005800000060010000000,484,,,,,233.162,0.199,
fleet_depot,parcel_50070005800000070030110000,464,,,,,1043.678,0.889,
fleet_depot,parcel_50070005800000070030130000,464,,,,,33.309,0.028,
fleet_depot,parcel_50070005800000070030120000,464,,,,,33.309,0.028,
fleet_depot,parcel_50070005800000070010020000,486,,,,,555.148,0.473,
fleet_depot,parcel_50070005800000070050000000,482,,,,,521.839,0.444,
fleet_depot,parcel_50070007300000030010000000,438,,,,,0.0,0.0,
fleet_depot,parcel_50070007300000030020000000,482,,,,,410.809,0.35,
fleet_depot,parcel_50070007300000030030000000,484,,,,,122.133,0.104,
fleet_depot,parcel_50070007300000050030000000,485,,,,,133.235,0.113,
fleet_depot,parcel_50070007300000020030000000,438,,,,,0.0,0.0,
fleet_depot,parcel_50070007300000020010000000,433,,,,,510.736,0.435,
fleet_depot,parcel_50070007300000090120000000,464,,,,,1210.222,1.03,
fleet_depot,parcel_50070007300000110020000000,457,,,,,299.78,0.255,
fleet_depot,parcel_50070007300000110050000000,484,,,,,299.78,0.255,
fleet_depot,parcel_50070007800000020060000000,449,,,,,1110.295,0.945,
fleet_depot,parcel_50070007800000010010020000,710,,,,,4130.299,3.517,
fleet_depot,parcel_50070007700000060010010000,650,,,,,22.206,0.019,
fleet_depot,parcel_50070007700000060030000000,714,,,,,399.706,0.34,
fleet_depot,parcel_50070007300000100030010000,484,,,,,255.368,0.217,
fleet_depot,parcel_50070007800000010010010000,710,,,,,1920.811,1.635,
fleet_depot,parcel_50070005700000020010000000,612,,,,,2176.179,1.853,
fleet_depot,parcel_50070005700000040010000000,873,,,,,22.206,0.019,
fleet_depot,parcel_50070007300000090040000000,484,,,,,510.736,0.435,
fleet_depot,parcel_50070007300000010110000000,464,,,,,2542.577,2.165,
fleet_depot,parcel_50070005800000010020000000,484,,,,,421.912,0.359,
fleet_depot,parcel_50070005800000010040000000,423,,,,,99.927,0.085,
fleet_depot,parcel_50070005800000010030000000,483,,,,,133.235,0.113,
fleet_depot,parcel_50070005800000010010000000,590,,,,,0.0,0.0,
fleet_depot,parcel_50070005800000020010030000,438,,,,,0.0,0.0,
fleet_depot,parcel_50070005800000020010010000,462,,,,,444.118,0.378,
fleet_depot,parcel_50070005800000030070000000,484,,,,,77.721,0.066,
fleet_depot,parcel_50070005800000030040000000,484,,,,,255.368,0.217,
fleet_depot,parcel_50070005800000030030000000,421,,,,,210.956,0.18,
fleet_depot,parcel_50070005800000030020000000,484,,,,,199.853,0.17,
fleet_depot,parcel_50070005800000020010020000,544,,,,,4996.33,4.254,
fleet_depot,parcel_50070005800000020010020099,837,,,,,0.0,0.0,
fleet_depot,parcel_50070005200000020070000000,653,,,,,0.0,0.0,
fleet_depot,parcel_50070004200000020050000000,710,,,,,2009.635,1.711,
fleet_depot,parcel_50070005300000040010000000,661,,,,,632.868,0.539,
fleet_depot,parcel_50070002200000010010010000,650,,,,,144.338,0.123,
fleet_depot,parcel_50070004300000010030000000,650,,,,,0.0,0.0,
fleet_depot,parcel_50070004300000010010000000,421,,,,,643.971,0.548,
fleet_depot,parcel_50070004300000010050000000,650,,,,,244.265,0.208,
fleet_depot,parcel_50070004300000010060000000,438,,,,,0.0,0.0,
fleet_depot,parcel_50070005200000010010030000,438,,,,,0.0,0.0,
fleet_depot,parcel_50070004300000020110000000,570,,,,,0.0,0.0,
fleet_depot,parcel_50070004300000010020000000,570,,,,,277.574,0.236,
fleet_depot,parcel_50070005200000010010020000,438,,,,,0.0,0.0,
fleet_depot,parcel_50070005200000010010010000,438,,,,,0.0,0.0,
fleet_depot,parcel_50070005200000020040000000,650,,,,,0.0,0.0,
fleet_depot,parcel_50070005200000020030000000,482,,,,,1021.472,0.87,
fleet_depot,parcel_50070005200000030010120000,448,,,,,0.0,0.0,
fleet_depot,parcel_50070005800000040010020000,448,,,,,0.0,0.0,
fleet_depot,parcel_50070005800000040020020000,421,,,,,466.324,0.397,
fleet_depot,parcel_50070005200000030170000000,438,,,,,0.0,0.0,
fleet_depot,parcel_50070005200000030140000000,464,,,,,1299.046,1.106,
fleet_depot,parcel_50070005200000030160000000,438,,,,,0.0,0.0,
fleet_depot,parcel_50070005200000030020000000,464,,,,,621.765,0.529,
fleet_depot,parcel_50070004300000020040000000,455,,,,,377.5,0.321,
fleet_depot,parcel_50070005200000030050020000,484,,,,,544.045,0.463,
fleet_depot,parcel_50070004300000030010000000,421,,,,,866.03,0.737,
fleet_depot,parcel_50070004400000090010020000,457,,,,,410.809,0.35,
fleet_depot,parcel_50070004300000020080000000,486,,,,,277.574,0.236,
fleet_depot,parcel_50070004300000020050220000,454,,,,,2897.871,2.467,
fleet_depot,parcel_50070004300000020010020000,464,,,,,1510.002,1.286,
fleet_depot,parcel_50070004300000020120000000,570,,,,,710.589,0.605,
fleet_depot,parcel_50070003700000010030000000,570,,,,,0.0,0.0,
fleet_depot,parcel_50070003700000010040010000,440,,,,,88.824,0.076,
fleet_depot,parcel_50070004400000020020000000,481,,,,,1554.414,1.323,
fleet_depot,parcel_50070004400000010010020000,457,,,,,321.986,0.274,
fleet_depot,parcel_50070004400000010010120000,465,,,,,599.56,0.51,
fleet_depot,parcel_50070004400000020010030000,484,,,,,144.338,0.123,
fleet_depot,parcel_50070004400000020010110000,464,,,,,521.839,0.444,
fleet_depot,parcel_50070004400000020010020000,457,,,,,999.266,0.851,
fleet_depot,parcel_50070003600000010060000000,485,,,,,1065.884,0.908,
fleet_depot,parcel_50070003600000010070000000,872,,,,,0.0,0.0,
fleet_depot,parcel_50070003500000010010000000,452,,,,,1621.031,1.38,
fleet_depot,parcel_50070003500000050120000000,484,,,,,133.235,0.113,
fleet_depot,parcel_50070004400000060030000000,620,,,,,355.295,0.303,
fleet_depot,parcel_50070004400000060020000000,438,,,,,0.0,0.0,
fleet_depot,parcel_50070004400000070010000000,591,,,,,0.0,0.0,
fleet_depot,parcel_50070005100000030150000000,484,,,,,266.471,0.227,
fleet_depot,parcel_50070005000000020010000000,682,,,,,0.0,0.0,
fleet_depot,parcel_50070005100000040110000000,484,,,,,222.059,0.189,
fleet_depot,parcel_50070005900000040010000000,593,,,,,0.0,0.0,
fleet_depot,parcel_50070005100000010050000000,642,,,,,544.045,0.463,
fleet_depot,parcel_50070005100000010010000000,438,,,,,0.0,0.0,
fleet_depot,parcel_50070005100000010180010000,485,,,,,310.883,0.265,
fleet_depot,parcel_50070005100000010180020000,421,,,,,111.03,0.095,
fleet_depot,parcel_50070005200000030060000000,456,,,,,2065.15,1.758,
fleet_depot,parcel_50070005200000030050010000,438,,,,,0.0,0.0,
fleet_depot,parcel_50070005200000040100000000,422,,,,,999.266,0.851,
fleet_depot,parcel_50070005200000040060020000,482,,,,,333.089,0.284,
fleet_depot,parcel_50070005100000060010000000,462,,,,,288.677,0.246,
fleet_depot,parcel_50070005900000030260000000,482,,,,,122.133,0.104,
fleet_depot,parcel_50070005900000030010000000,484,,,,,310.883,0.265,
fleet_depot,parcel_50070005200000040110000000,472,,,,,299.78,0.255,
fleet_depot,parcel_50070005200000040040000000,449,,,,,977.06,0.832,
fleet_depot,parcel_50070005200000030150000000,484,,,,,1632.134,1.39,
fleet_depot,parcel_50070005200000030200000000,653,,,,,0.0,0.0,
fleet_depot,parcel_50070005900000020280000000,482,,,,,210.956,0.18,
fleet_depot,parcel_50070005900000020210000000,484,,,,,399.706,0.34,
fleet_depot,parcel_50070005900000070200000000,465,,,,,1510.002,1.286,
fleet_depot,parcel_50070005900000070090000000,653,,,,,0.0,0.0,
fleet_depot,parcel_50070005900000030220000000,650,,,,,88.824,0.076,
fleet_depot,parcel_50070005900000030250000000,464,,,,,99.927,0.085,
fleet_depot,parcel_50070005900000060010000000,421,,,,,266.471,0.227,
fleet_depot,parcel_50070005900000070130000000,486,,,,,266.471,0.227,
fleet_depot,parcel_50070005900000070160000000,483,,,,,188.75,0.161,
fleet_depot,parcel_50070007200000030010000000,484,,,,,188.75,0.161,
fleet_depot,parcel_50070005900000060210000000,464,,,,,188.75,0.161,
fleet_depot,parcel_50070007200000030240000000,484,,,,,710.589,0.605,
fleet_depot,parcel_50070007200000030260000000,482,,,,,521.839,0.444,
fleet_depot,parcel_50070007200000030030000000,484,,,,,210.956,0.18,
fleet_depot,parcel_50070007200000030020000000,484,,,,,377.5,0.321,
fleet_depot,parcel_50070007200000030280000000,438,,,,,0.0,0.0,
fleet_depot,parcel_50070007200000030270000000,486,,,,,111.03,0.095,
fleet_depot,parcel_50070007200000030230020000,483,,,,,210.956,0.18,
fleet_depot,parcel_50070007200000030190000000,482,,,,,444.118,0.378,
fleet_depot,parcel_50070007200000030180010000,482,,,,,255.368,0.217,
fleet_depot,parcel_50070007200000030070000000,464,,,,,277.574,0.236,
fleet_depot,parcel_50070007200000030200000000,485,,,,,699.486,0.596,
fleet_depot,parcel_50070007200000030060000000,464,,,,,188.75,0.161,
fleet_depot,parcel_50070007200000030120000000,438,,,,,0.0,0.0,
fleet_depot,parcel_50070005900000060180000000,642,,,,,477.427,0.406,
fleet_depot,parcel_50070006000000010170000000,483,,,,,144.338,0.123,
fleet_depot,parcel_50070006000000010160000000,483,,,,,255.368,0.217,
fleet_depot,parcel_50070006000000060180000000,483,,,,,155.441,0.132,
fleet_depot,parcel_50070007100000010090000000,482,,,,,344.192,0.293,
fleet_depot,parcel_50070007100000010080000000,483,,,,,244.265,0.208,
fleet_depot,parcel_50070007100000010150000000,483,,,,,233.162,0.199,
fleet_depot,parcel_50070007100000010100000000,484,,,,,66.618,0.057,
fleet_depot,parcel_50070007100000010130000000,481,,,,,366.398,0.312,
fleet_depot,parcel_50070007100000010140000000,484,,,,,144.338,0.123,
fleet_depot,parcel_50070007100000050020000000,484,,,,,144.338,0.123,
fleet_depot,parcel_50070007100000050010000000,484,,,,,111.03,0.095,
fleet_depot,parcel_50070007100000060090000000,483,,,,,410.809,0.35,
fleet_depot,parcel_50070007100000060110000000,483,,,,,188.75,0.161,
fleet_depot,parcel_50070007100000060080000000,449,,,,,444.118,0.378,
fleet_depot,parcel_50070007100000060070000000,484,,,,,466.324,0.397,
fleet_depot,parcel_50070007100000060050000000,438,,,,,0.0,0.0,
fleet_depot,parcel_50070007100000010190010000,422,,,,,310.883,0.265,
fleet_depot,parcel_50070007100000010180000000,438,,,,,0.0,0.0,
fleet_depot,parcel_50070007100000010170000000,483,,,,,244.265,0.208,
fleet_depot,parcel_50070007100000010160000000,483,,,,,188.75,0.161,
fleet_depot,parcel_50070007100000010070000000,464,,,,,122.133,0.104,
fleet_depot,parcel_50070007100000010190020000,484,,,,,810.516,0.69,
fleet_depot,parcel_50070007100000010050000000,482,,,,,521.839,0.444,
fleet_depot,parcel_50070007100000010040000000,455,,,,,788.31,0.671,
fleet_depot,parcel_50070007100000010220000000,484,,,,,399.706,0.34,
fleet_depot,parcel_50070007100000060010000000,430,,,,,155.441,0.132,
fleet_depot,parcel_50070007200000040090000000,433,,,,,599.56,0.51,
fleet_depot,parcel_50070007200000030160000000,484,,,,,233.162,0.199,
fleet_depot,parcel_50070007200000030150000000,482,,,,,477.427,0.406,
fleet_depot,parcel_50070007200000030170000000,425,,,,,122.133,0.104,
fleet_depot,parcel_50070007200000040040000000,835,,,,,843.825,0.718,
fleet_depot,parcel_50070007200000040050000000,464,,,,,421.912,0.359,
fleet_depot,parcel_50070007200000040130000000,484,,,,,466.324,0.397,
fleet_depot,parcel_50070007200000040100000000,484,,,,,188.75,0.161,
fleet_depot,parcel_50070007100000060260000000,534,,,,,321.986,0.274,
fleet_depot,parcel_50070007100000060230000000,484,,,,,122.133,0.104,
fleet_depot,parcel_50070007100000060210000000,438,,,,,0.0,0.0,
fleet_depot,parcel_50070007100000060060000000,632,,,,,910.442,0.775,
fleet_depot,parcel_50070007100000060200000000,465,,,,,133.235,0.113,
fleet_depot,parcel_50070007100000050200000000,438,,,,,0.0,0.0,
fleet_depot,parcel_50070008000000010060000000,620,,,,,233.162,0.199,
fleet_depot,parcel_50070008000000010050000000,620,,,,,0.0,0.0,
fleet_depot,parcel_50070008000000040150000000,449,,,,,610.663,0.52,
fleet_depot,parcel_50070008000000060030000000,483,,,,,321.986,0.274,
fleet_depot,parcel_50070008000000050150000000,681,,,,,643.971,0.548,
fleet_depot,parcel_50070007100000050130000000,425,,,,,333.089,0.284,
fleet_depot,parcel_50070007100000090020000000,484,,,,,421.912,0.359,
fleet_depot,parcel_50070007100000090050000000,483,,,,,233.162,0.199,
fleet_depot,parcel_50070007100000100010000000,471,,,,,388.603,0.331,
fleet_depot,parcel_50070007100000100040000000,632,,,,,188.75,0.161,
fleet_depot,parcel_50070007100000100020000000,464,,,,,244.265,0.208,
fleet_depot,parcel_50070007100000040070000000,483,,,,,321.986,0.274,
fleet_depot,parcel_50070007100000040090000000,483,,,,,222.059,0.189,
fleet_depot,parcel_50070007100000040100000000,464,,,,,133.235,0.113,
fleet_depot,parcel_50070007100000040080000000,483,,,,,277.574,0.236,
fleet_depot,parcel_50070007100000040060000000,471,,,,,555.148,0.473,
fleet_depot,parcel_50070007000000060190000000,438,,,,,0.0,0.0,
fleet_depot,parcel_50070007000000060200000000,438,,,,,0.0,0.0,
fleet_depot,parcel_50070007000000060030000000,482,,,,,1532.208,1.305,
fleet_depot,parcel_50070007000000060010020000,534,,,,,544.045,0.463,
fleet_depot,parcel_50070007000000060020000000,464,,,,,1543.311,1.314,
fleet_depot,parcel_50070007100000040010020000,653,,,,,0.0,0.0,
fleet_depot,parcel_50070007100000040010010000,465,,,,,377.5,0.321,
fleet_depot,parcel_50070007100000030050000000,438,,,,,0.0,0.0,
fleet_depot,parcel_50070007100000030030000000,483,,,,,399.706,0.34,
fleet_depot,parcel_50070007100000020120000000,620,,,,,621.765,0.529,
fleet_depot,parcel_50070007100000030070000000,464,,,,,599.56,0.51,
fleet_depot,parcel_50070007100000050120000000,464,,,,,444.118,0.378,
fleet_depot,parcel_50070007100000050110000000,483,,,,,222.059,0.189,
fleet_depot,parcel_50070007100000050100000000,465,,,,,266.471,0.227,
fleet_depot,parcel_50070007100000050080000000,662,,,,,1454.487,1.238,
fleet_depot,parcel_50070007100000050090000000,483,,,,,244.265,0.208,
fleet_depot,parcel_50070007100000020150000000,464,,,,,421.912,0.359,
fleet_depot,parcel_50070007100000050070000000,483,,,,,188.75,0.161,
fleet_depot,parcel_50070007100000050170020000,425,,,,,666.177,0.567,
fleet_depot,parcel_50070007100000050050000000,438,,,,,0.0,0.0,
fleet_depot,parcel_50070007100000050040000000,438,,,,,0.0,0.0,
fleet_depot,parcel_50070007100000020180000000,482,,,,,555.148,0.473,
fleet_depot,parcel_50070007100000020190000000,465,,,,,632.868,0.539,
fleet_depot,parcel_50070007100000020050000000,652,,,,,5362.727,4.566,
fleet_depot,parcel_50070006000000050120000000,465,,,,,233.162,0.199,
fleet_depot,parcel_50070006000000020050040000,483,,,,,444.118,0.378,
fleet_depot,parcel_50070006000000020080000000,612,,,,,5718.022,4.868,
fleet_depot,parcel_50070006000000030090010000,483,,,,,344.192,0.293,
fleet_depot,parcel_50070006000000030100000000,483,,,,,188.75,0.161,
fleet_depot,parcel_50070006100000010120000000,464,,,,,321.986,0.274,
fleet_depot,parcel_50070006100000010110000000,465,,,,,832.722,0.709,
fleet_depot,parcel_50070006100000010100000000,483,,,,,244.265,0.208,
fleet_depot,parcel_50070006100000060050000000,438,,,,,0.0,0.0,
fleet_depot,parcel_50070006100000060060000000,438,,,,,0.0,0.0,
fleet_depot,parcel_50070006100000060100000000,484,,,,,44.412,0.038,
fleet_depot,parcel_50070006100000060130000000,620,,,,,710.589,0.605,
fleet_depot,parcel_50070006100000060150000000,483,,,,,177.647,0.151,
fleet_depot,parcel_50070006100000060010000000,464,,,,,288.677,0.246,
fleet_depot,parcel_50070006000000040070000000,484,,,,,210.956,0.18,
fleet_depot,parcel_50070006000000040060000000,484,,,,,133.235,0.113,
fleet_depot,parcel_50070007000000010150000000,482,,,,,643.971,0.548,
fleet_depot,parcel_50070007000000010160000000,620,,,,,0.0,0.0,
fleet_depot,parcel_50070007000000010020000000,483,,,,,244.265,0.208,
fleet_depot,parcel_50070007000000010010000000,620,,,,,843.825,0.718,
fleet_depot,parcel_50070007000000010130000000,438,,,,,0.0,0.0,
fleet_depot,parcel_50070007000000010120000000,438,,,,,0.0,0.0,
fleet_depot,parcel_50070007000000060040000000,421,,,,,144.338,0.123,
fleet_depot,parcel_50070007000000010110020000,482,,,,,488.53,0.416,
fleet_depot,parcel_50070007000000010100000000,481,,,,,1099.193,0.936,
fleet_depot,parcel_50070007000000010090000000,481,,,,,399.706,0.34,
fleet_depot,parcel_50070007000000060150000000,482,,,,,866.03,0.737,
fleet_depot,parcel_50070007000000060070000000,481,,,,,310.883,0.265,
fleet_depot,parcel_50070007000000060050020000,511,,,,,2686.915,2.288,
fleet_depot,parcel_50070007000000060080000000,481,,,,,377.5,0.321,
fleet_depot,parcel_50070007000000010060000000,481,,,,,721.692,0.614,
fleet_depot,parcel_50070007000000020370000000,481,,,,,688.383,0.586,
fleet_depot,parcel_50070007000000020360000000,481,,,,,421.912,0.359,
fleet_depot,parcel_50070007000000020350000000,481,,,,,466.324,0.397,
fleet_depot,parcel_50070007000000010050000000,481,,,,,1021.472,0.87,
fleet_depot,parcel_50070007000000010080000000,482,,,,,943.751,0.804,
fleet_depot,parcel_50070007000000010030000000,464,,,,,2265.003,1.928,
fleet_depot,parcel_50070007000000020380000000,482,,,,,599.56,0.51,
fleet_depot,parcel_50070007000000020310000000,484,,,,,821.619,0.7,
fleet_depot,parcel_50070007000000020290000000,481,,,,,877.133,0.747,
fleet_depot,parcel_50070007000000020280000000,481,,,,,288.677,0.246,
fleet_depot,parcel_50070007000000020040000000,464,,,,,133.235,0.113,
fleet_depot,parcel_50070007000000020030010000,464,,,,,210.956,0.18,
fleet_depot,parcel_50070007000000020340000000,481,,,,,1654.34,1.409,
fleet_depot,parcel_50070006100000050110000000,463,,,,,7827.583,6.665,
fleet_depot,parcel_50070006100000060070000000,620,,,,,1132.501,0.964,
fleet_depot,parcel_50070006100000060080000000,534,,,,,499.633,0.425,
fleet_depot,parcel_50070006100000020100010000,464,,,,,499.633,0.425,
fleet_depot,parcel_50070006100000020080000000,461,,,,,677.28,0.577,
fleet_depot,parcel_50070006100000050010000000,452,,,,,9748.394,8.3,
fleet_depot,parcel_50070006100000050030000000,482,,,,,299.78,0.255,
fleet_depot,parcel_50070006100000050040000000,482,,,,,210.956,0.18,
fleet_depot,parcel_50070006100000050050000000,462,,,,,22.206,0.019,
fleet_depot,parcel_50070006100000050060000000,438,,,,,0.0,0.0,
fleet_depot,parcel_50070006100000050100000000,414,,,,,15422.004,13.131,
fleet_depot,parcel_50070006100000050070000000,831,,,,,1676.546,1.427,
fleet_depot,parcel_50070006100000020040000000,652,,,,,5984.493,5.095,
fleet_depot,parcel_50070006100000020060000000,464,,,,,544.045,0.463,
fleet_depot,parcel_50070006100000030140000000,464,,,,,2453.753,2.089,
fleet_depot,parcel_50070006100000030160000000,483,,,,,310.883,0.265,
fleet_depot,parcel_50070006100000030100000000,464,,,,,1454.487,1.238,
fleet_depot,parcel_50070006100000030120000000,620,,,,,1410.075,1.201,
fleet_depot,parcel_50070006100000030090000000,438,,,,,0.0,0.0,
fleet_depot,parcel_50070006100000030080000000,438,,,,,0.0,0.0,
fleet_depot,parcel_50070006100000030210000000,464,,,,,355.295,0.303,
fleet_depot,parcel_50070006100000030190000000,464,,,,,233.162,0.199,
fleet_depot,parcel_50070006100000030200000000,483,,,,,333.089,0.284,
fleet_depot,parcel_50070006100000030220000000,483,,,,,277.574,0.236,
fleet_depot,parcel_50070004900000020080000000,620,,,,,355.295,0.303,
fleet_depot,parcel_50070004900000020090000000,620,,,,,610.663,0.52,
fleet_depot,parcel_50070004900000020130000000,483,,,,,321.986,0.274,
fleet_depot,parcel_50070006100000020030000000,620,,,,,965.957,0.822,
fleet_depot,parcel_50070006100000020110000000,590,,,,,0.0,0.0,
fleet_depot,parcel_50070006100000020010000000,620,,,,,1898.605,1.617,
fleet_depot,parcel_50070004900000010160000000,483,,,,,321.986,0.274,
fleet_depot,parcel_50070005000000040200000000,483,,,,,321.986,0.274,
fleet_depot,parcel_50070004900000010150000000,482,,,,,199.853,0.17,
fleet_depot,parcel_50070004900000010230000000,483,,,,,255.368,0.217,
fleet_depot,parcel_50070005000000040210000000,464,,,,,266.471,0.227,
fleet_depot,parcel_50070005000000040260000000,464,,,,,399.706,0.34,
fleet_depot,parcel_50070006100000010030000000,465,,,,,410.809,0.35,
fleet_depot,parcel_50070006100000010020000000,483,,,,,377.5,0.321,
fleet_depot,parcel_50070006000000020070020000,591,,,,,0.0,0.0,
fleet_depot,parcel_50070006000000020070010000,615,,,,,1609.928,1.371,
fleet_depot,parcel_50070006000000020050010000,612,,,,,788.31,0.671,
fleet_depot,parcel_50070006000000020050220000,465,,,,,810.516,0.69,
fleet_depot,parcel_50070005000000010160000000,438,,,,,0.0,0.0,
fleet_depot,parcel_50070005000000030260000000,620,,,,,210.956,0.18,
fleet_depot,parcel_50070003400000010010000000,483,,,,,255.368,0.217,
fleet_depot,parcel_50070004500000030010000000,590,,,,,0.0,0.0,
fleet_depot,parcel_50070004600000010010000000,485,,,,,77.721,0.066,
fleet_depot,parcel_50070004600000010170000000,482,,,,,699.486,0.596,
fleet_depot,parcel_50070004600000010150000000,465,,,,,466.324,0.397,
fleet_depot,parcel_50070004600000070010000000,438,,,,,0.0,0.0,
fleet_depot,parcel_50070004900000010010000000,483,,,,,433.015,0.369,
fleet_depot,parcel_50070004900000020030000000,464,,,,,288.677,0.246,
fleet_depot,parcel_50070004600000060150000000,620,,,,,188.75,0.161,
fleet_depot,parcel_50070004600000060030000000,483,,,,,266.471,0.227,
fleet_depot,parcel_50070004600000060090000000,438,,,,,0.0,0.0,
fleet_depot,parcel_50070004600000060080000000,483,,,,,144.338,0.123,
fleet_depot,parcel_50070004900000040010000000,464,,,,,310.883,0.265,
fleet_depot,parcel_50070004900000020040000000,464,,,,,133.235,0.113,
fleet_depot,parcel_50070004900000020060220000,438,,,,,0.0,0.0,
fleet_depot,parcel_50070004900000040070000000,483,,,,,521.839,0.444,
fleet_depot,parcel_50070004900000040090000000,464,,,,,133.235,0.113,
fleet_depot,parcel_50070004900000040100000000,464,,,,,244.265,0.208,
fleet_depot,parcel_50070004900000040050000000,620,,,,,1920.811,1.635,
fleet_depot,parcel_50070006100000030050000000,464,,,,,177.647,0.151,
fleet_depot,parcel_50070006100000030040000000,464,,,,,177.647,0.151,
fleet_depot,parcel_50070006100000030060000000,483,,,,,199.853,0.17,
fleet_depot,parcel_50070006200000010160000000,464,,,,,444.118,0.378,
fleet_depot,parcel_50070006200000010170000000,483,,,,,222.059,0.189,
fleet_depot,parcel_50070004900000060070000000,483,,,,,188.75,0.161,
fleet_depot,parcel_50070004900000060050000000,483,,,,,210.956,0.18,
fleet_depot,parcel_50070004800000030010000000,620,,,,,188.75,0.161,
fleet_depot,parcel_50070004900000050060000000,438,,,,,0.0,0.0,
fleet_depot,parcel_50070004900000050110000000,464,,,,,310.883,0.265,
fleet_depot,parcel_50070004700000030020000000,695,,,,,0.0,0.0,
fleet_depot,parcel_50070004600000040010000000,464,,,,,344.192,0.293,
fleet_depot,parcel_50070004700000040020000000,438,,,,,0.0,0.0,
fleet_depot,parcel_50070003200000030040000000,613,,,,,677.28,0.577,
fleet_depot,parcel_50070002900000010070000000,620,,,,,721.692,0.614,
fleet_depot,parcel_50070003200000030110000000,438,,,,,0.0,0.0,
fleet_depot,parcel_50070002800000030050020000,438,,,,,0.0,0.0,
fleet_depot,parcel_50070002800000020010000000,612,,,,,3086.621,2.628,
fleet_depot,parcel_50070001200000030100000000,438,,,,,0.0,0.0,
fleet_depot,parcel_50070001200000030090000000,438,,,,,0.0,0.0,
fleet_depot,parcel_50070001200000030110000000,425,,,,,310.883,0.265,
fleet_depot,parcel_50070001200000050010000000,483,,,,,255.368,0.217,
fleet_depot,parcel_50070001200000050050000000,484,,,,,122.133,0.104,
fleet_depot,parcel_50070001200000050040000000,483,,,,,433.015,0.369,
fleet_depot,parcel_50070001400000040130000000,484,,,,,77.721,0.066,
fleet_depot,parcel_50070002700000040110000000,484,,,,,111.03,0.095,
fleet_depot,parcel_50070003400000050010000000,483,,,,,321.986,0.274,
fleet_depot,parcel_50070002700000010040000000,457,,,,,166.544,0.142,
fleet_depot,parcel_50070002600000040010000000,591,,,,,0.0,0.0,
fleet_depot,parcel_50070003500000030030010000,438,,,,,0.0,0.0,
fleet_depot,parcel_50070003500000020050000000,620,,,,,366.398,0.312,
fleet_depot,parcel_50070002500000030010220000,590,,,,,0.0,0.0,
fleet_depot,parcel_50070002600000020080000000,482,,,,,2242.797,1.91,
fleet_depot,parcel_50070001500000010080000000,642,,,,,377.5,0.321,
fleet_depot,parcel_50070001500000040010000000,464,,,,,1043.678,0.889,
fleet_depot,parcel_50070001600000010080000000,710,,,,,866.03,0.737,
fleet_depot,parcel_50070001600000010040010000,438,,,,,0.0,0.0,
fleet_depot,parcel_50070001600000010030000000,651,,,,,8271.701,7.043,
fleet_depot,parcel_50070001600000010120010000,485,,,,,1021.472,0.87,
fleet_depot,parcel_50070001300000020080000000,438,,,,,0.0,0.0,
fleet_depot,parcel_50070001300000020090000000,620,,,,,377.5,0.321,
fleet_depot,parcel_50070001400000040160000000,438,,,,,0.0,0.0,
fleet_depot,parcel_50070001400000040010000000,620,,,,,721.692,0.614,
fleet_depot,parcel_50070001200000020190000000,421,,,,,188.75,0.161,
fleet_depot,parcel_50070001200000020010000000,484,,,,,843.825,0.718,
fleet_depot,parcel_50070000500000020100020000,438,,,,,0.0,0.0,
fleet_depot,parcel_50070000200000020020000000,590,,,,,244.265,0.208,
fleet_depot,parcel_50070000200000020070000000,593,,,,,0.0,0.0,
fleet_depot,parcel_50070002400000010010020000,650,,,,,455.221,0.388,
fleet_depot,parcel_50070001700000010010030000,570,,,,,699.486,0.596,
fleet_depot,parcel_50070001700000010010020000,465,,,,,5018.536,4.273,
fleet_depot,parcel_50070001700000010020000000,485,,,,,577.354,0.492,
fleet_depot,parcel_50070001600000010050020000,480,,,,,732.795,0.624,
fleet_depot,parcel_50070001600000010050010000,484,,,,,433.015,0.369,
fleet_depot,parcel_50070001600000010060000000,710,,,,,377.5,0.321,
fleet_depot,parcel_50070002500000020010010000,615,,,,,433.015,0.369,
fleet_depot,parcel_50070002500000040010000000,650,,,,,2265.003,1.928,
fleet_depot,parcel_50070002500000040020020000,591,,,,,0.0,0.0,
fleet_depot,parcel_50070002500000040040000000,438,,,,,0.0,0.0,
fleet_depot,parcel_50070002500000050010000000,452,,,,,777.207,0.662,
fleet_depot,parcel_50070002500000050030000000,541,,,,,1432.281,1.219,
fleet_depot,parcel_50070002500000050040010000,484,,,,,210.956,0.18,
fleet_depot,parcel_50070002500000010050000000,650,,,,,0.0,0.0,
fleet_depot,parcel_50070002500000010080000000,454,,,,,1532.208,1.305,
fleet_depot,parcel_50070002300000010020000000,650,,,,,0.0,0.0,
fleet_depot,parcel_50070003700000010010000000,485,,,,,1254.634,1.068,
fleet_depot,parcel_50070003600000010040000000,456,,,,,1954.12,1.664,
fleet_depot,parcel_50070003600000010030510000,465,,,,,5307.212,4.519,
fleet_depot,parcel_50070002300000010010000000,455,,,,,2109.561,1.796,
fleet_depot,parcel_50070002200000020010000000,650,,,,,0.0,0.0,
fleet_depot,parcel_50070000200000010010020000,556,,,,,2842.356,2.42,
fleet_depot,parcel_50070002100000040040010000,650,,,,,0.0,0.0,
fleet_depot,parcel_50070002100000040010020000,465,,,,,965.957,0.822,
fleet_depot,parcel_50070000200000010010030000,650,,,,,0.0,0.0,
fleet_depot,parcel_50070000200000010010010000,570,,,,,577.354,0.492,
fleet_depot,parcel_50070000200000020040000000,650,,,,,0.0,0.0,
fleet_depot,parcel_50070000200000020050000000,650,,,,,0.0,0.0,
fleet_depot,parcel_50070000100000010150000000,650,,,,,1654.34,1.409,
fleet_depot,parcel_50070000500000010010000000,612,,,,,21173.335,18.028,
fleet_depot,parcel_50070000600000010010000000,695,,,,,0.0,0.0,
fleet_depot,parcel_50070001200000020030000000,590,,,,,0.0,0.0,
fleet_depot,parcel_50070001200000070010000000,590,,,,,0.0,0.0,
fleet_depot,parcel_50070001100000030010210000,590,,,,,0.0,0.0,
fleet_depot,parcel_50070002900000040030000000,438,,,,,0.0,0.0,
fleet_depot,parcel_50070002900000030100000000,438,,,,,0.0,0.0,
fleet_depot,parcel_50070002900000030080000000,613,,,,,721.692,0.614,
fleet_depot,parcel_50070002900000030090000000,438,,,,,0.0,0.0,
fleet_depot,parcel_50070001000000020030000000,483,,,,,133.235,0.113,
fleet_depot,parcel_50070000900000050010000000,464,,,,,721.692,0.614,
fleet_depot,parcel_50070000900000060030000000,613,,,,,0.0,0.0,
fleet_depot,parcel_50070000900000060040000000,438,,,,,0.0,0.0,
fleet_depot,parcel_50070000900000060110000000,438,,,,,0.0,0.0,
fleet_depot,parcel_50070000900000060100000000,613,,,,,1809.782,1.541,
fleet_depot,parcel_50070000800000010080000000,438,,,,,0.0,0.0,
fleet_depot,parcel_50070000900000070010000000,613,,,,,943.751,0.804,
fleet_depot,parcel_50070000900000070030000000,692,,,,,0.0,0.0,
fleet_depot,parcel_50070000900000070080000000,613,,,,,0.0,0.0,
fleet_depot,parcel_50070000900000070070000000,613,,,,,0.0,0.0,
fleet_depot,parcel_50070003000000010010020000,613,,,,,352640.951,300.248,
fleet_depot,parcel_50070006500000030010010000,613,,,,,9604.056,8.177,
fleet_depot,parcel_50070006500000030030000000,613,,,,,4241.329,3.611,
fleet_depot,parcel_50070006500000030060000000,432,,,,,55.515,0.047,
fleet_depot,parcel_50070000400000020010000000,822,,,,,0.0,0.0,
fleet_depot,parcel_50070000300000010140000000,822,,,,,0.0,0.0,
fleet_depot,parcel_50070005600000010010000000,650,,,,,0.0,0.0,
fleet_depot,parcel_50070007600000020170000000,650,,,,,22.206,0.019,
fleet_depot,parcel_50070009900000020030000000,484,,,,,133.235,0.113,
fleet_depot,parcel_50070009900000010090000000,484,,,,,199.853,0.17,
fleet_depot,parcel_50070052500000060010000000,842,,,,,0.0,0.0,
fleet_depot,parcel_50070012700000010040000000,692,,,,,0.0,0.0,
fleet_depot,parcel_50070012600000010020020000,652,,,,,2997.798,2.552,
fleet_depot,parcel_50070012600000010030020000,431,,,,,5740.228,4.887,
fleet_depot,parcel_50070013000000020010110000,452,,,,,1609.928,1.371,
fleet_depot,parcel_50070013000000020010120000,426,,,,,177.647,0.151,
fleet_depot,parcel_50070013000000020010130000,426,,,,,210.956,0.18,
fleet_depot,parcel_50070013000000020010020000,433,,,,,843.825,0.718,
fleet_depot,parcel_50070013100000010060020000,452,,,,,1521.105,1.295,
fleet_depot,parcel_50070013100000010060010000,453,,,,,8060.745,6.863,
fleet_depot,parcel_50070013100000010060020001,452,,,,,5706.919,4.859,
fleet_depot,parcel_50070013100000010060030000,461,,,,,277.574,0.236,
fleet_depot,parcel_50070013100000010030000000,692,,,,,0.0,0.0,
fleet_depot,parcel_50070013100000010020000000,485,,,,,333.089,0.284,
fleet_depot,parcel_50070013000000040070020000,692,,,,,0.0,0.0,
fleet_depot,parcel_50308906100000010080120000,590,,,,,0.0,0.0,
fleet_depot,parcel_50308905700000020010010000,590,,,,,0.0,0.0,
fleet_depot,parcel_50308905700000020010020000,590,,,,,0.0,0.0,
fleet_depot,parcel_50308905700000010080440000,591,,,,,0.0,0.0,
fleet_depot,parcel_50308905100000010020000000,590,,,,,0.0,0.0,
fleet_depot,parcel_50308904800000010150000000,590,,,,,0.0,0.0,
fleet_depot,parcel_50308904600000010090000000,695,,,,,0.0,0.0,
fleet_depot,parcel_50308905500000010010000000,822,,,,,0.0,0.0,
fleet_depot,parcel_50308904400000010050010000,822,,,,,0.0,0.0,
fleet_depot,parcel_50308904900000010250000000,872,,,,,0.0,0.0,
fleet_depot,parcel_50308904700000010110030000,632,,,,,1299.046,1.106,
fleet_depot,parcel_50308904500000010020010000,822,,,,,0.0,0.0,
fleet_depot,parcel_50308903600000030010010000,620,,,,,399.706,0.34,
fleet_depot,parcel_50308904300000020100000000,620,,,,,1854.193,1.579,
fleet_depot,parcel_50308903600000010040050000,414,,,,,3619.563,3.082,
fleet_depot,parcel_50308904300000010030050000,612,,,,,1143.604,0.974,
fleet_depot,parcel_50308904300000020070000000,612,,,,,177.647,0.151,
fleet_depot,parcel_50308904300000020020020000,486,,,,,288.677,0.246,
fleet_depot,parcel_50308904300000010050000000,484,,,,,1510.002,1.286,
fleet_depot,parcel_50308903900000010160010000,422,,,,,77.721,0.066,
fleet_depot,parcel_50308903900000010170000000,457,,,,,133.235,0.113,
fleet_depot,parcel_50308903700100010090000099,837,,,,,0.0,0.0,
fleet_depot,parcel_50308903700100010090000000,415,,,,,3386.401,2.883,
fleet_depot,parcel_50308903800000030090000000,695,,,,,0.0,0.0,
fleet_depot,parcel_50308903900000010010320000,613,,,,,0.0,0.0,
fleet_depot,parcel_50308903900000010010310000,633,,,,,11991.191,10.21,
fleet_depot,parcel_50308904100000010300070000,662,,,,,755.001,0.643,
fleet_depot,parcel_50308903900000010010220000,710,,,,,17786.934,15.144,
fleet_depot,parcel_50308903900000010010010000,464,,,,,5518.169,4.698,
fleet_depot,parcel_50308904400000010030000000,613,,,,,0.0,0.0,
fleet_depot,parcel_50308904100000010300020000,613,,,,,183431.918,156.179,
fleet_depot,parcel_50308904100000010300020993,837,,,,,0.0,0.0,
fleet_depot,parcel_50308904100000010300020991,837,,,,,0.0,0.0,
fleet_depot,parcel_50308904100000010300020992,837,,,,,0.0,0.0,
fleet_depot,parcel_50308904400000010043130000,613,,,,,0.0,0.0,
fleet_depot,parcel_50308904400000010043140000,590,,,,,0.0,0.0,
fleet_depot,parcel_50308904400200010020000000,642,,,,,632.868,0.539,
fleet_depot,parcel_50308904400000011230000000,822,,,,,0.0,0.0,
fleet_depot,parcel_50308904400000011250000000,590,,,,,0.0,0.0,
fleet_depot,parcel_50308904400000011220020000,590,,,,,0.0,0.0,
fleet_depot,parcel_50308905000000010050060000,822,,,,,33.309,0.028,
fleet_depot,parcel_50308905300000010220030000,590,,,,,0.0,0.0,
fleet_depot,parcel_50308905800000020220030000,620,,,,,210.956,0.18,
fleet_depot,parcel_50308905800000020280000000,485,,,,,277.574,0.236,
fleet_depot,parcel_50308905700000010100000000,822,,,,,0.0,0.0,
fleet_depot,parcel_50308905800000020040000000,620,,,,,699.486,0.596,
fleet_depot,parcel_50308905800000020390700000,591,,,,,0.0,0.0,
fleet_depot,parcel_50308905800000020390030000,620,,,,,410.809,0.35,
fleet_depot,parcel_50308906000000010190000000,590,,,,,0.0,0.0,
fleet_depot,parcel_50308905800000010040000000,822,,,,,0.0,0.0,
fleet_depot,parcel_50308905300000010220020000,590,,,,,0.0,0.0,
fleet_depot,parcel_50308905400000020010000000,710,,,,,11535.97,9.822,
fleet_depot,parcel_50308905900000020250020000,590,,,,,0.0,0.0,
fleet_depot,parcel_50308905900000020250010000,590,,,,,0.0,0.0,
fleet_depot,parcel_50308905400000020130000000,822,,,,,44.412,0.038,
fleet_depot,parcel_50308905400000070500000000,590,,,,,0.0,0.0,
fleet_depot,parcel_50308904000000040020000000,486,,,,,544.045,0.463,
fleet_depot,parcel_50308904000000030090020000,464,,,,,210.956,0.18,
fleet_depot,parcel_50308904000000030030000000,710,,,,,0.0,0.0,
fleet_depot,parcel_50308901800000020100000000,465,,,,,544.045,0.463,
fleet_depot,parcel_50308901800000010010010000,853,,,,,0.0,0.0,
fleet_depot,parcel_50308901700000010010020000,612,,,,,9604.056,8.177,
fleet_depot,parcel_50308901600000010050000000,612,,,,,0.0,0.0,
fleet_depot,parcel_50308901600000010030000000,433,,,,,144.338,0.123,
fleet_depot,parcel_50308901600000020050000000,695,,,,,122.133,0.104,
fleet_depot,parcel_50308907100000070010000000,553,,,,,0.0,0.0,
fleet_depot,parcel_50308906800000010010020000,553,,,,,1254.634,1.068,
fleet_depot,parcel_50308907100000010100030000,620,,,,,0.0,0.0,
fleet_depot,parcel_50308907100000010100020000,620,,,,,1332.355,1.134,
fleet_depot,parcel_50308906900000010010000000,610,,,,,0.0,0.0,
fleet_depot,parcel_50308906500000010050010000,613,,,,,1243.531,1.059,
fleet_depot,parcel_50308906500000010050030000,613,,,,,1432.281,1.219,
fleet_depot,parcel_50308906500000010050040000,615,,,,,632.868,0.539,
fleet_depot,parcel_50308906600000030140000000,613,,,,,0.0,0.0,
fleet_depot,parcel_50308906700000010100010000,613,,,,,1021.472,0.87,
fleet_depot,parcel_50308906700000010100040000,613,,,,,0.0,0.0,
fleet_depot,parcel_50308906700000010120000000,613,,,,,2908.974,2.477,
fleet_depot,parcel_50308906600000010060000000,483,,,,,333.089,0.284,
fleet_depot,parcel_50308906600000040020000000,613,,,,,0.0,0.0,
fleet_depot,parcel_50308906700000010080000000,613,,,,,444.118,0.378,
fleet_depot,parcel_50308906600000030170000000,620,,,,,122.133,0.104,
fleet_depot,parcel_50308906600000020150000000,590,,,,,0.0,0.0,
fleet_depot,parcel_50308906800000010090000000,552,,,,,932.648,0.794,
fleet_depot,parcel_50308906700000010040000000,613,,,,,0.0,0.0,
fleet_depot,parcel_50308906700000010020010000,613,,,,,0.0,0.0,
fleet_depot,parcel_50308906700000010010010000,613,,,,,0.0,0.0,
fleet_depot,parcel_50308906700000010030020000,613,,,,,355.295,0.303,
fleet_depot,parcel_50308906700000010060000000,613,,,,,1432.281,1.219,
fleet_depot,parcel_50308905900000020160000000,484,,,,,99.927,0.085,
fleet_depot,parcel_50308906000000010010000000,590,,,,,0.0,0.0,
fleet_depot,parcel_50308906000000010020000000,464,,,,,1287.943,1.097,
fleet_depot,parcel_50308906300000020150000000,822,,,,,0.0,0.0,
fleet_depot,parcel_50308906300000010050000000,613,,,,,0.0,0.0,
fleet_depot,parcel_50308906300000010080010000,613,,,,,18142.228,15.447,
fleet_depot,parcel_50308906300000010070000000,449,,,,,1543.311,1.314,
fleet_depot,parcel_50308906700000010130010000,613,,,,,7760.965,6.608,
fleet_depot,parcel_50308906700000010130020000,613,,,,,0.0,0.0,
fleet_depot,parcel_50308906300000010010000000,613,,,,,11647.0,9.917,
fleet_depot,parcel_50308906300000010020040000,613,,,,,333.089,0.284,
fleet_depot,parcel_50308906700000010100020000,613,,,,,10392.366,8.848,
fleet_depot,parcel_50308906700000010100050000,613,,,,,9692.88,8.253,
fleet_depot,parcel_50308906700000010110000000,650,,,,,2353.826,2.004,
fleet_depot,parcel_50308906700000010100030000,610,,,,,10403.469,8.858,
fleet_depot,parcel_50308906300000010020020000,613,,,,,6228.758,5.303,
fleet_depot,parcel_50308906300000010030010000,613,,,,,0.0,0.0,
fleet_depot,parcel_50308906300000010120000000,613,,,,,0.0,0.0,
fleet_depot,parcel_50308906700000010100060000,613,,,,,31376.951,26.715,
fleet_depot,parcel_50308906300000010030030000,613,,,,,1265.737,1.078,
fleet_depot,parcel_50308906400000010010000000,613,,,,,7372.362,6.277,
fleet_depot,parcel_50308906300000010100000000,613,,,,,444.118,0.378,
fleet_depot,parcel_50308906300000010030040000,464,,,,,6417.508,5.464,
fleet_depot,parcel_50308906200000020020000000,613,,,,,0.0,0.0,
fleet_depot,parcel_50308906200000020130010000,465,,,,,510.736,0.435,
fleet_depot,parcel_50308906200000020130070000,415,,,,,3841.622,3.271,
fleet_depot,parcel_50308906200000020011210000,452,,,,,9759.497,8.309,
fleet_depot,parcel_50308906200000020011250000,462,,,,,399.706,0.34,
fleet_depot,parcel_50308906200000020130060000,435,,,,,255.368,0.217,
fleet_depot,parcel_50308906300000020090000000,695,,,,,0.0,0.0,
fleet_depot,parcel_50308906200000020011230000,421,,,,,255.368,0.217,
fleet_depot,parcel_50308906200000010030220000,456,,,,,1210.222,1.03,
fleet_depot,parcel_50308906200000020010130000,486,,,,,44.412,0.038,
fleet_depot,parcel_50308906200000010020010000,426,,,,,299.78,0.255,
fleet_depot,parcel_50308906000000010090020000,613,,,,,0.0,0.0,
fleet_depot,parcel_50308906000000010070000000,464,,,,,111.03,0.095,
fleet_depot,parcel_50308906000000010080010000,873,,,,,0.0,0.0,
fleet_depot,parcel_50308906000000010090010000,613,,,,,2786.842,2.373,
fleet_depot,parcel_50308906000000010080020000,613,,,,,5129.565,4.367,
fleet_depot,parcel_50308906200000020010220000,426,,,,,244.265,0.208,
fleet_depot,parcel_50308906200000020010210000,462,,,,,66.618,0.057,
fleet_depot,parcel_50308905700000010110130000,590,,,,,0.0,0.0,
fleet_depot,parcel_50308906000000010090030000,464,,,,,166.544,0.142,
fleet_depot,parcel_50308906100000010190000000,613,,,,,0.0,0.0,
fleet_depot,parcel_50308905700000010080560000,822,,,,,0.0,0.0,
fleet_depot,parcel_50308906100000010070010000,613,,,,,888.236,0.756,
fleet_depot,parcel_50308906100000010070020991,613,,,,,0.0,0.0,
fleet_depot,parcel_50308906100000010070020000,613,,,,,0.0,0.0,
fleet_depot,parcel_50308906100000010070020099,613,,,,,0.0,0.0,
fleet_depot,parcel_50308906200000020040000000,613,,,,,0.0,0.0,
fleet_depot,parcel_50308906400000010020020000,613,,,,,0.0,0.0,
fleet_depot,parcel_50308906200000020050000000,592,,,,,299.78,0.255,
fleet_depot,parcel_50308906500000010050050000,433,,,,,577.354,0.492,
fleet_depot,parcel_50308906500000010040010000,613,,,,,577.354,0.492,
fleet_depot,parcel_50308906400000010020010000,613,,,,,0.0,0.0,
fleet_depot,parcel_50308906500000010050020991,837,,,,,0.0,0.0,
fleet_depot,parcel_50308906500000010050020000,613,,,,,9770.6,8.319,
fleet_depot,parcel_50308906500000010050020992,837,,,,,0.0,0.0,
fleet_depot,parcel_50308906500000010050020993,837,,,,,0.0,0.0,
fleet_depot,parcel_50308907000000100020000000,822,,,,,0.0,0.0,
fleet_depot,parcel_50308907300000010030000000,613,,,,,0.0,0.0,
fleet_depot,parcel_50308907300000010010040000,612,,,,,1843.091,1.569,
fleet_depot,parcel_50308907300000010010310000,612,,,,,15266.563,12.998,
fleet_depot,parcel_50308907200000010100000000,650,,,,,0.0,0.0,
fleet_depot,parcel_50308907200000010110000000,612,,,,,4629.932,3.942,
fleet_depot,parcel_50308907200000010020020000,612,,,,,10847.587,9.236,
fleet_depot,parcel_50308907200000010011700000,620,,,,,1332.355,1.134,
fleet_depot,parcel_50308907200000010012060000,692,,,,,0.0,0.0,
fleet_depot,parcel_50308901900000010050220000,613,,,,,910.442,0.775,
fleet_depot,parcel_50308952500000060010000000,842,,,,,0.0,0.0,
fleet_depot,parcel_50308902100000010080000000,870,,,,,0.0,0.0,
fleet_depot,parcel_50308902200000010010340000,692,,,,,0.0,0.0,
fleet_depot,parcel_50308902300000010111350000,862,,,,,0.0,0.0,
fleet_depot,parcel_50308902300000010400000000,590,,,,,0.0,0.0,
fleet_depot,parcel_50308902700000010240320000,440,,,,,799.413,0.681,
fleet_depot,parcel_50308902400000050010020000,710,,,,,2165.076,1.843,
fleet_depot,parcel_50308902700000010150020099,837,,,,,0.0,0.0,
fleet_depot,parcel_50308902400000010250230000,695,,,,,0.0,0.0,
fleet_depot,parcel_50308902400000040130000000,822,,,,,0.0,0.0,
fleet_depot,parcel_50308902400000040140220000,464,,,,,310.883,0.265,
fleet_depot,parcel_50308902400000030040000000,465,,,,,2220.591,1.891,
fleet_depot,parcel_50308902400000030024120000,465,,,,,2853.459,2.43,
fleet_depot,parcel_50308902400000040050010000,872,,,,,0.0,0.0,
fleet_depot,parcel_50308902400000040050040000,662,,,,,777.207,0.662,
fleet_depot,parcel_50308902400000030030040000,465,,,,,1310.149,1.115,
fleet_depot,parcel_50308902600000040460010000,633,,,,,9592.953,8.168,
fleet_depot,parcel_50308902400000030030050000,614,,,,,988.163,0.841,
fleet_depot,parcel_50308902400000030030010000,615,,,,,2042.944,1.739,
fleet_depot,parcel_50308902400000030020010000,641,,,,,3008.901,2.562,
fleet_depot,parcel_50308902600000040420000000,620,,,,,299.78,0.255,
fleet_depot,parcel_50308902700000010110030000,633,,,,,6006.699,5.114,
fleet_depot,parcel_50308902600000030080020000,464,,,,,277.574,0.236,
fleet_depot,parcel_50308902700000010110050000,590,,,,,0.0,0.0,
fleet_depot,parcel_50308902700000010130150000,590,,,,,0.0,0.0,
fleet_depot,parcel_50308902700000010110060000,590,,,,,0.0,0.0,
fleet_depot,parcel_50308902800000010260240000,822,,,,,0.0,0.0,
fleet_depot,parcel_50308902800000010282260000,590,,,,,0.0,0.0,
fleet_depot,parcel_50308902900000060110000000,861,,,,,0.0,0.0,
fleet_depot,parcel_50308903100000020300000000,449,,,,,699.486,0.596,
fleet_depot,parcel_50308903200000010070000000,590,,,,,0.0,0.0,
fleet_depot,parcel_50308903300000010080000000,695,,,,,0.0,0.0,
fleet_depot,parcel_50308903300000010070010000,449,,,,,55.515,0.047,
fleet_depot,parcel_50308903300000020070010000,472,,,,,277.574,0.236,
fleet_depot,parcel_50308903300000030070000000,415,,,,,266.471,0.227,
fleet_depot,parcel_50308903300000020060220000,484,,,,,166.544,0.142,
fleet_depot,parcel_50308903500000010190000000,415,,,,,655.074,0.558,
fleet_depot,parcel_50308903500000010200000000,695,,,,,0.0,0.0,
fleet_depot,parcel_50308903300000030060000000,415,,,,,1410.075,1.201,
fleet_depot,parcel_50308903300000020060010000,651,,,,,3797.211,3.233,
fleet_depot,parcel_50308903300000030010030000,590,,,,,0.0,0.0,
fleet_depot,parcel_50308903300000030050010000,484,,,,,266.471,0.227,
fleet_depot,parcel_50308903300000030030000000,484,,,,,410.809,0.35,
fleet_depot,parcel_50308903100000050010050000,822,,,,,0.0,0.0,
fleet_depot,parcel_50308903300000030020030000,449,,,,,566.251,0.482,
fleet_depot,parcel_50308903300000030020920000,449,,,,,810.516,0.69,
fleet_depot,parcel_50308903300000030020070000,449,,,,,410.809,0.35,
fleet_depot,parcel_50308903300000030020010000,484,,,,,788.31,0.671,
fleet_depot,parcel_50308903300000030020420000,484,,,,,199.853,0.17,
fleet_depot,parcel_50308903300000030020080000,449,,,,,999.266,0.851,
fleet_depot,parcel_50308903300000030020060000,449,,,,,499.633,0.425,
fleet_depot,parcel_50308903300000030020100000,714,,,,,3508.534,2.987,
fleet_depot,parcel_50308903100000040060010000,590,,,,,0.0,0.0,
fleet_depot,parcel_50308903100000040060020000,620,,,,,1365.663,1.163,
fleet_depot,parcel_50308903100000010100010000,651,,,,,4452.285,3.791,
fleet_depot,parcel_50308903100000010100020000,612,,,,,810.516,0.69,
fleet_depot,parcel_50308903100000010050000000,695,,,,,0.0,0.0,
fleet_depot,parcel_50308903100000010060000000,695,,,,,0.0,0.0,
fleet_depot,parcel_50308903100000040020000000,633,,,,,222.059,0.189,
fleet_depot,parcel_50308903100000020250030099,837,,,,,0.0,0.0,
fleet_depot,parcel_50308903800000010030000000,449,,,,,366.398,0.312,
fleet_depot,parcel_50308903500000010100120000,484,,,,,399.706,0.34,
fleet_depot,parcel_50308903500000010070120000,441,,,,,144.338,0.123,
fleet_depot,parcel_50328904400000010500020089,613,,,,,0.0,0.0,
fleet_depot,parcel_50328904400000010500020000,613,,,,,4130.299,3.517,
fleet_depot,parcel_50328904400000010060000000,613,,,,,0.0,0.0,
fleet_depot,parcel_50328903900000010500140000,712,,,,,499.633,0.425,
fleet_depot,parcel_50328903900000010380190000,822,,,,,0.0,0.0,
fleet_depot,parcel_50328903900000010500120000,710,,,,,1587.723,1.352,
fleet_depot,parcel_50328903900000010500080000,464,,,,,1099.193,0.936,
fleet_depot,parcel_50328903900000010500060000,710,,,,,5940.081,5.058,
fleet_depot,parcel_50328903900000010500100000,710,,,,,5418.242,4.613,
fleet_depot,parcel_50328903900000010500050000,710,,,,,1443.384,1.229,
fleet_depot,parcel_50328903900000010500030000,449,,,,,1121.398,0.955,
fleet_depot,parcel_50328904400000010500030000,650,,,,,0.0,0.0,
fleet_depot,parcel_50328904400000010450010000,844,,,,,0.0,0.0,
fleet_depot,parcel_50328904400000010470000000,844,,,,,0.0,0.0,
fleet_depot,parcel_50328904400000010440020000,650,,,,,0.0,0.0,
fleet_depot,parcel_50328904400000010480000000,695,,,,,0.0,0.0,
fleet_depot,parcel_50328904400000010500010000,613,,,,,388.603,0.331,
fleet_depot,parcel_50328904400000010180000000,613,,,,,0.0,0.0,
fleet_depot,parcel_50328904400000010190000000,442,,,,,899.339,0.766,
fleet_depot,parcel_50328904400000010200030000,714,,,,,2487.062,2.118,
fleet_depot,parcel_50328904400000010530020000,710,,,,,0.0,0.0,
fleet_depot,parcel_50328904400000010530110000,710,,,,,15344.284,13.065,
fleet_depot,parcel_50328952500000060030000000,842,,,,,0.0,0.0,
fleet_depot,parcel_50328904200000010540010000,546,,,,,1332.355,1.134,
fleet_depot,parcel_50328903700100060060060000,440,,,,,188.75,0.161,
fleet_depot,parcel_50328903700100060050000000,484,,,,,1099.193,0.936,
fleet_depot,parcel_50328904200000010011300000,442,,,,,499.633,0.425,
fleet_depot,parcel_50328903700100060090000000,542,,,,,7838.686,6.674,
fleet_depot,parcel_50328903700100060030050000,484,,,,,144.338,0.123,
fleet_depot,parcel_50328904200000010200000000,455,,,,,366.398,0.312,
fleet_depot,parcel_50328904400000010380010000,822,,,,,0.0,0.0,
fleet_depot,parcel_50328904100000010110720000,590,,,,,0.0,0.0,
fleet_depot,parcel_50328904000000030350020000,822,,,,,0.0,0.0,
fleet_depot,parcel_50328904000000010100010000,620,,,,,0.0,0.0,
fleet_depot,parcel_50328904000000010010220000,484,,,,,677.28,0.577,
fleet_depot,parcel_50328903700100060030340000,455,,,,,288.677,0.246,
fleet_depot,parcel_50328903700100090150000000,433,,,,,99.927,0.085,
fleet_depot,parcel_50328903600000010080010000,448,,,,,0.0,0.0,
fleet_depot,parcel_50320104500100010550040000,613,,,,,8815.746,7.506,
fleet_depot,parcel_50320104500100010530220000,844,,,,,7161.406,6.097,
fleet_depot,parcel_50320104400100010530020000,438,,,,,0.0,0.0,
fleet_depot,parcel_50320104500200010460210000,461,,,,,1720.958,1.465,
fleet_depot,parcel_50320104500200010460130000,464,,,,,899.339,0.766,
fleet_depot,parcel_50320104500200010460140000,465,,,,,621.765,0.529,
fleet_depot,parcel_50320104500200011150000000,590,,,,,0.0,0.0,
fleet_depot,parcel_50320104500200011160000000,590,,,,,0.0,0.0,
fleet_depot,parcel_50320104500200011120000000,590,,,,,0.0,0.0,
fleet_depot,parcel_50320104500200020270000000,650,,,,,0.0,0.0,
fleet_depot,parcel_50320104600100071000000000,682,,,,,0.0,0.0,
fleet_depot,parcel_50320104600100010060220000,712,,,,,0.0,0.0,
fleet_depot,parcel_50320104500100010510130000,710,,,,,6117.728,5.209,
fleet_depot,parcel_50320104600100010040020000,464,,,,,1476.693,1.257,
fleet_depot,parcel_50320104600100010040030000,710,,,,,2153.973,1.834,
fleet_depot,parcel_50320104500100010520060000,449,,,,,1920.811,1.635,
fleet_depot,parcel_50320104400100010530110000,710,,,,,4951.918,4.216,
fleet_depot,parcel_50320104500100010520040000,464,,,,,1443.384,1.229,
fleet_depot,parcel_50320104400100010531220000,710,,,,,18375.39,15.645,
fleet_depot,parcel_50320104500100010520320000,464,,,,,1221.325,1.04,
fleet_depot,parcel_50320104500100010530210000,484,,,,,399.706,0.34,
fleet_depot,parcel_50320104500100010530030000,844,,,,,0.0,0.0,
fleet_depot,parcel_50320104500100010530060000,844,,,,,299.78,0.255,
fleet_depot,parcel_50320104500100010520050000,652,,,,,2897.871,2.467,
fleet_depot,parcel_50320104500100010530070000,844,,,,,1210.222,1.03,
fleet_depot,parcel_50320104500100010550070000,822,,,,,0.0,0.0,
fleet_depot,parcel_50320104500100010550030000,613,,,,,3153.239,2.685,
fleet_depot,parcel_50320104500100010550060000,613,,,,,0.0,0.0,
fleet_depot,parcel_50320104500100010530010000,534,,,,,477.427,0.406,
fleet_depot,parcel_50320104500100010530110000,844,,,,,1943.017,1.654,
fleet_depot,parcel_50320104500100010530100000,464,,,,,743.898,0.633,
fleet_depot,parcel_50320104500100010530080000,844,,,,,1865.296,1.588,
fleet_depot,parcel_50320104500100010550200000,464,,,,,3297.578,2.808,
fleet_depot,parcel_50320104500100010550100000,613,,,,,0.0,0.0,
fleet_depot,parcel_50320104500100010530090099,837,,,,,0.0,0.0,
fleet_depot,parcel_50320104500100010530090000,662,,,,,1043.678,0.889,
fleet_depot,parcel_50320104500100010550080000,464,,,,,6295.375,5.36,
fleet_depot,parcel_50320104500100010550140000,613,,,,,2775.739,2.363,
fleet_depot,parcel_50320104500100010550180000,464,,,,,1720.958,1.465,
fleet_depot,parcel_50320104500100010550120000,464,,,,,1654.34,1.409,
fleet_depot,parcel_50320104500100010550150000,613,,,,,1510.002,1.286,
fleet_depot,parcel_50320104500100010550110000,464,,,,,1709.855,1.456,
fleet_depot,parcel_50320104500100010550190000,414,,,,,5573.683,4.746,
fleet_depot,parcel_50320104500100010550020000,613,,,,,0.0,0.0,
fleet_depot,parcel_50320104500100010550130000,464,,,,,2054.047,1.749,
fleet_depot,parcel_50320104500100010520210000,464,,,,,1887.502,1.607,
fleet_depot,parcel_50320104500100010520220000,464,,,,,3353.092,2.855,
fleet_depot,parcel_50320104500100010550170000,464,,,,,1510.002,1.286,
fleet_depot,parcel_50320104500100010550090000,464,,,,,943.751,0.804,
fleet_depot,parcel_50320104500100010550220000,464,,,,,2764.636,2.354,
fleet_depot,parcel_50320104500100010570030000,642,,,,,2764.636,2.354,
fleet_depot,parcel_50320104500100010570040000,642,,,,,777.207,0.662,
fleet_depot,parcel_50320104500100010570060000,642,,,,,1054.781,0.898,
fleet_depot,parcel_50320104500100010570520000,642,,,,,788.31,0.671,
fleet_depot,parcel_50320104500100010570510000,642,,,,,1132.501,0.964,
fleet_depot,parcel_50320104500100010590010000,465,,,,,1387.869,1.182,
fleet_depot,parcel_50320104500100010550210000,613,,,,,2931.18,2.496,
fleet_depot,parcel_50320104600100060060210000,465,,,,,588.457,0.501,
fleet_depot,parcel_50320104600100060060110000,554,,,,,55.515,0.047,
fleet_depot,parcel_50320104600100060060030000,590,,,,,0.0,0.0,
fleet_depot,parcel_50320104600100060050410000,590,,,,,0.0,0.0,
fleet_depot,parcel_50320104600100060050060000,452,,,,,3108.827,2.647,
fleet_depot,parcel_50320104700100040110000000,462,,,,,222.059,0.189,
fleet_depot,parcel_50320104700100010200020000,415,,,,,6983.759,5.946,
fleet_depot,parcel_50320104700100010210010000,454,,,,,3974.858,3.384,
fleet_depot,parcel_50320104700100010210020000,452,,,,,1720.958,1.465,
fleet_depot,parcel_50320104600100050040030000,426,,,,,210.956,0.18,
fleet_depot,parcel_50320104600100050040040000,415,,,,,2364.929,2.014,
fleet_depot,parcel_50320104600100060020020000,462,,,,,277.574,0.236,
fleet_depot,parcel_50320104600100060040030000,462,,,,,299.78,0.255,
fleet_depot,parcel_50320104600100060030000000,882,,,,,0.0,0.0,
fleet_depot,parcel_50320104600100060020320000,452,,,,,13179.207,11.221,
fleet_depot,parcel_50320104600100060020010000,414,,,,,6683.979,5.691,
fleet_depot,parcel_50320104600100060040010000,414,,,,,5851.257,4.982,
fleet_depot,parcel_50320104600100060050120000,431,,,,,1643.237,1.399,
fleet_depot,parcel_50320104600100060050110000,431,,,,,2087.356,1.777,
fleet_depot,parcel_50320104600100010050020000,695,,,,,0.0,0.0,
fleet_depot,parcel_50320104600100050040020000,452,,,,,16798.771,14.303,
fleet_depot,parcel_50320104600100050040020099,837,,,,,0.0,0.0,
fleet_depot,parcel_50320104600100010070000000,484,,,,,532.942,0.454,
fleet_depot,parcel_50320104700300030010010000,464,,,,,255.368,0.217,
fleet_depot,parcel_50320104700300050010020000,464,,,,,166.544,0.142,
fleet_depot,parcel_50320104700300050010010000,464,,,,,355.295,0.303,
fleet_depot,parcel_50320104700300040010020000,464,,,,,133.235,0.113,
fleet_depot,parcel_50320104700300040010010000,464,,,,,166.544,0.142,
fleet_depot,parcel_50320104700300040010030000,464,,,,,166.544,0.142,
fleet_depot,parcel_50320104700300020010010000,464,,,,,166.544,0.142,
fleet_depot,parcel_50320104700300020010030000,464,,,,,122.133,0.104,
fleet_depot,parcel_50320104700300020010020000,464,,,,,166.544,0.142,
fleet_depot,parcel_50320104700300010010000000,464,,,,,521.839,0.444,
fleet_depot,parcel_50320104700100030050000000,465,,,,,577.354,0.492,
fleet_depot,parcel_50320104700100010170050000,434,,,,,244.265,0.208,
fleet_depot,parcel_50320104700100030060000000,465,,,,,122.133,0.104,
fleet_depot,parcel_50320104700300030010030000,464,,,,,133.235,0.113,
fleet_depot,parcel_50320104700300030010040000,464,,,,,133.235,0.113,
fleet_depot,parcel_50320104600100050040010000,462,,,,,199.853,0.17,
fleet_depot,parcel_50320104700100030080010000,432,,,,,133.235,0.113,
fleet_depot,parcel_50320104700100010220050000,451,,,,,1809.782,1.541,
fleet_depot,parcel_50320104700100010170070000,452,,,,,3119.93,2.656,
fleet_depot,parcel_50320104700100010170120000,465,,,,,477.427,0.406,
fleet_depot,parcel_50320104700100010170110000,464,,,,,199.853,0.17,
fleet_depot,parcel_50320104700100010170820000,426,,,,,333.089,0.284,
fleet_depot,parcel_50320104700100010170820099,837,,,,,0.0,0.0,
fleet_depot,parcel_50320104700100030010000000,464,,,,,721.692,0.614,
fleet_depot,parcel_50320104700100030040010000,465,,,,,1598.826,1.361,
fleet_depot,parcel_50320104700100020170000000,472,,,,,965.957,0.822,
fleet_depot,parcel_50320104700100020190000000,464,,,,,621.765,0.529,
fleet_depot,parcel_50320104700100010170130000,421,,,,,344.192,0.293,
fleet_depot,parcel_50320104700100020160000000,465,,,,,266.471,0.227,
fleet_depot,parcel_50320104500200010460110000,822,,,,,321.986,0.274,
fleet_depot,parcel_50320104500200010460120000,652,,,,,222.059,0.189,
fleet_depot,parcel_50320104500200010460030000,464,,,,,2220.591,1.891,
fleet_depot,parcel_50320104700100030040020000,620,,,,,544.045,0.463,
fleet_depot,parcel_50320104500200010460150000,464,,,,,910.442,0.775,
fleet_depot,parcel_50320104500200010460160000,464,,,,,466.324,0.397,
fleet_depot,parcel_50320104500200010460190000,465,,,,,344.192,0.293,
fleet_depot,parcel_50320104500200010460180000,612,,,,,1354.561,1.153,
fleet_depot,parcel_50320104500200010460100000,651,,,,,566.251,0.482,
fleet_depot,parcel_50320104500200010460060000,464,,,,,1210.222,1.03,
fleet_depot,parcel_50320104500200010460040000,465,,,,,1243.531,1.059,
fleet_depot,parcel_50320104500200010460050000,465,,,,,1176.913,1.002,
fleet_depot,parcel_50320104300100010430020000,465,,,,,677.28,0.577,
fleet_depot,parcel_50320104300100010430010000,465,,,,,666.177,0.567,
fleet_depot,parcel_50320104300100010410010000,472,,,,,177.647,0.151,
fleet_depot,parcel_50320104300100010440000000,464,,,,,133.235,0.113,
fleet_depot,parcel_50320104300100010460020000,465,,,,,144.338,0.123,
fleet_depot,parcel_50320104300100010450000000,485,,,,,321.986,0.274,
fleet_depot,parcel_50320104700100010170220000,453,,,,,7438.98,6.334,
fleet_depot,parcel_50320104700100010170040000,662,,,,,532.942,0.454,
fleet_depot,parcel_50320104700100010170140000,421,,,,,310.883,0.265,
fleet_depot,parcel_50320104700100010170090000,543,,,,,2509.268,2.136,
fleet_depot,parcel_50320104700100010240000000,453,,,,,10336.851,8.801,
fleet_depot,parcel_50320104700100010220010000,464,,,,,4352.358,3.706,
fleet_depot,parcel_50320104700100010220090000,451,,,,,1521.105,1.295,
fleet_depot,parcel_50320104700100010220020000,451,,,,,27246.651,23.199,
fleet_depot,parcel_50320104700100010220030000,464,,,,,51639.843,43.968,
fleet_depot,parcel_50320104700100060590000000,590,,,,,0.0,0.0,
fleet_depot,parcel_50320104700100060580020000,590,,,,,0.0,0.0,
fleet_depot,parcel_50320104700100010220040000,512,,,,,5129.565,4.367,
fleet_depot,parcel_50320104700100060570000000,591,,,,,0.0,0.0,
fleet_depot,parcel_50320104700100010220060000,451,,,,,6739.494,5.738,
fleet_depot,parcel_50320104800100020020080000,590,,,,,0.0,0.0,
fleet_depot,parcel_50320104800100020110000000,620,,,,,0.0,0.0,
fleet_depot,parcel_50320104300100010260130000,464,,,,,344.192,0.293,
fleet_depot,parcel_50320104200100010500230000,620,,,,,177.647,0.151,
fleet_depot,parcel_50320104300100010180000000,695,,,,,0.0,0.0,
fleet_depot,parcel_50320104200100010500030000,822,,,,,632.868,0.539,
fleet_depot,parcel_50320152500000060010000000,842,,,,,0.0,0.0,
fleet_depot,parcel_50320152500000060020000000,842,,,,,0.0,0.0,
fleet_depot,parcel_50320104200100010370010000,822,,,,,122.133,0.104,
fleet_depot,parcel_50320104200100010070000000,557,,,,,177.647,0.151,
fleet_depot,parcel_50320104200100010280010000,424,,,,,333.089,0.284,
fleet_depot,parcel_50320104200100010280020000,424,,,,,532.942,0.454,
fleet_depot,parcel_50320104200100010530030000,464,,,,,732.795,0.624,
fleet_depot,parcel_50320104200100010530210000,620,,,,,310.883,0.265,
fleet_depot,parcel_50368901800000040110000000,682,,,,,521.839,0.444,
fleet_depot,parcel_50368901800000020010000000,581,,,,,0.0,0.0,
fleet_depot,parcel_50368901800000040170220000,682,,,,,0.0,0.0,
fleet_depot,parcel_50368901800000040180010000,682,,,,,0.0,0.0,
fleet_depot,parcel_50368903000000030030020000,570,,,,,655.074,0.558,
fleet_depot,parcel_50368903000000020010000000,421,,,,,233.162,0.199,
fleet_depot,parcel_50368903200000020080220000,455,,,,,410.809,0.35,
fleet_depot,parcel_50368903300000050030040000,484,,,,,854.928,0.728,
fleet_depot,parcel_50368903300000050030030000,484,,,,,210.956,0.18,
fleet_depot,parcel_50368903300000050030020000,712,,,,,1643.237,1.399,
fleet_depot,parcel_50368903300000010080120000,442,,,,,1165.81,0.993,
fleet_depot,parcel_50368903300000050030010000,710,,,,,488.53,0.416,
fleet_depot,parcel_50368903300000010080020000,710,,,,,2109.561,1.796,
fleet_depot,parcel_50368903300000010080140000,464,,,,,932.648,0.794,
fleet_depot,parcel_50368903300000010080110000,473,,,,,15011.195,12.781,
fleet_depot,parcel_50368903300000030010030000,455,,,,,599.56,0.51,
fleet_depot,parcel_50368903300000040030060000,485,,,,,1265.737,1.078,
fleet_depot,parcel_50368903300000020110000000,614,,,,,3419.71,2.912,
fleet_depot,parcel_50368902700000020180110000,455,,,,,266.471,0.227,
fleet_depot,parcel_50368903300000020010020000,464,,,,,399.706,0.34,
fleet_depot,parcel_50368903400000030020010000,455,,,,,333.089,0.284,
fleet_depot,parcel_50368903400000010090000000,425,,,,,321.986,0.274,
fleet_depot,parcel_50368903400000010080140000,474,,,,,0.0,0.0,
fleet_depot,parcel_50368903400000030110010000,442,,,,,866.03,0.737,
fleet_depot,parcel_50368903400000030270010000,862,,,,,0.0,0.0,
fleet_depot,parcel_50368903400000010270000000,620,,,,,544.045,0.463,
fleet_depot,parcel_50368902600000010052220000,582,,,,,77.721,0.066,
fleet_depot,parcel_50070003000000010010050000,613,,,,,6672.876,5.681,
fleet_depot,parcel_50070003000000010010010000,650,,,,,0.0,0.0,
fleet_depot,parcel_50070003100000010010060000,613,,,,,1654.34,1.409,
fleet_depot,parcel_50070003100000010010010000,613,,,,,15055.607,12.819,
fleet_depot,parcel_50070003100000010010090000,613,,,,,0.0,0.0,
fleet_depot,parcel_50070003100000010010080000,613,,,,,5851.257,4.982,
fleet_depot,parcel_50070003100000010010020000,613,,,,,181733.166,154.732,
fleet_depot,parcel_50220001800000010170110000,662,,,,,888.236,0.756,
fleet_depot,parcel_50220001800000010170120000,822,,,,,0.0,0.0,
fleet_depot,parcel_50260001600000010220220000,510,,,,,965.957,0.822,
fleet_depot,parcel_50260001700000010050020000,421,,,,,666.177,0.567,
fleet_depot,parcel_50260001400000030060040000,682,,,,,255.368,0.217,
fleet_depot,parcel_50260001400000030060020000,582,,,,,1154.707,0.983,
fleet_depot,parcel_50260001800000020130020000,557,,,,,477.427,0.406,
fleet_depot,parcel_50260001800000010060000000,449,,,,,1132.501,0.964,
fleet_depot,parcel_50340003100000010340000000,873,,,,,0.0,0.0,
fleet_depot,parcel_50340000800000010060000000,695,,,,,0.0,0.0,
fleet_depot,parcel_50340003000000010150000000,485,,,,,488.53,0.416,
fleet_depot,parcel_50340003000000010050000000,695,,,,,0.0,0.0,
fleet_depot,parcel_50340002300000010090020000,430,,,,,366.398,0.312,
fleet_depot,parcel_50340002200000010190000000,450,,,,,1276.84,1.087,
fleet_depot,parcel_50340003200000010020110000,695,,,,,77.721,0.066,
fleet_depot,parcel_50340003200000010040000099,833,,,,,0.0,0.0,
fleet_depot,parcel_50340003200000010030010000,695,,,,,0.0,0.0,
fleet_depot,parcel_50340002800000010150000000,695,,,,,0.0,0.0,
fleet_depot,parcel_50340001100000010520020000,449,,,,,388.603,0.331,
fleet_depot,parcel_50340001100000010280010000,484,,,,,288.677,0.246,
fleet_depot,parcel_50340002100000010150040000,557,,,,,466.324,0.397,
fleet_depot,parcel_50340001000000010200000000,695,,,,,0.0,0.0,
fleet_depot,parcel_50340001000000010220010000,425,,,,,277.574,0.236,
fleet_depot,parcel_50340001100000010280030000,442,,,,,8416.04,7.166,
fleet_depot,parcel_50340001100000010260030000,720,,,,,0.0,0.0,
fleet_depot,parcel_50340000700000010170000000,695,,,,,0.0,0.0,
fleet_depot,parcel_50340000700000010050580000,440,,,,,366.398,0.312,
fleet_depot,parcel_50340000700000010053720000,440,,,,,1687.649,1.437,
fleet_depot,parcel_50340000700000010190010000,845,,,,,0.0,0.0,
fleet_depot,parcel_50340001100000010250010000,720,,,,,0.0,0.0,
fleet_depot,parcel_50340001100000010020020000,836,,,,,22.206,0.019,
fleet_depot,parcel_50340000600000010010140000,433,,,,,377.5,0.321,
fleet_depot,parcel_50340000600000010340210000,662,,,,,0.0,0.0,
fleet_depot,parcel_50340001700000060070050000,662,,,,,2120.664,1.806,
fleet_depot,parcel_50340001700000060070320000,446,,,,,499.633,0.425,
fleet_depot,parcel_50340001700000060050000000,651,,,,,2076.253,1.768,
fleet_depot,parcel_50340001700000040010000000,484,,,,,321.986,0.274,
fleet_depot,parcel_50340001700000040060000000,652,,,,,588.457,0.501,
fleet_depot,parcel_50340001700000040050010000,590,,,,,0.0,0.0,
fleet_depot,parcel_50340001700000040050020000,484,,,,,466.324,0.397,
fleet_depot,parcel_50340001700000040030000000,590,,,,,0.0,0.0,
fleet_depot,parcel_50340001300000030130000000,534,,,,,555.148,0.473,
fleet_depot,parcel_50340001300000030140000000,481,,,,,244.265,0.208,
fleet_depot,parcel_50340001300000030150000000,481,,,,,433.015,0.369,
fleet_depot,parcel_50340001300000030170000000,611,,,,,599.56,0.51,
fleet_depot,parcel_50340001400000020060000000,462,,,,,266.471,0.227,
fleet_depot,parcel_50340001400000020120000000,653,,,,,0.0,0.0,
fleet_depot,parcel_50340001400000020110000000,653,,,,,0.0,0.0,
fleet_depot,parcel_50340001700000040070000000,695,,,,,0.0,0.0,
fleet_depot,parcel_50340000600000010310410000,853,,,,,0.0,0.0,
fleet_depot,parcel_50340001500000010040000000,681,,,,,277.574,0.236,
fleet_depot,parcel_50340001800000010010010000,872,,,,,0.0,0.0,
fleet_depot,parcel_50340001400000010180010000,612,,,,,355.295,0.303,
fleet_depot,parcel_50340001300000040040000000,620,,,,,1210.222,1.03,
fleet_depot,parcel_50340001300000040050000000,831,,,,,0.0,0.0,
fleet_depot,parcel_50340001200000010040000000,612,,,,,31376.951,26.715,
fleet_depot,parcel_50340001300000050010000000,436,,,,,255.368,0.217,
fleet_depot,parcel_50340001100000010170010000,485,,,,,643.971,0.548,
fleet_depot,parcel_50340001200000010020030000,633,,,,,3930.446,3.346,
fleet_depot,parcel_50340001200000010160000000,873,,,,,0.0,0.0,
fleet_depot,parcel_50340001100000010220000000,695,,,,,0.0,0.0,
fleet_depot,parcel_50340001100000010431010000,620,,,,,1776.473,1.513,
fleet_depot,parcel_50340001100000010150000000,455,,,,,1199.119,1.021,
fleet_depot,parcel_50340001100000010230030000,822,,,,,66.618,0.057,
fleet_depot,parcel_50340001100000010439110000,433,,,,,655.074,0.558,
fleet_depot,parcel_50340001100000010430020000,474,,,,,0.0,0.0,
fleet_depot,parcel_50340001100000010430340000,484,,,,,177.647,0.151,
fleet_depot,parcel_50340001100000010450230000,590,,,,,0.0,0.0,
fleet_depot,parcel_50340001900000010010000000,852,,,,,0.0,0.0,
fleet_depot,parcel_50340000500000010200010000,853,,,,,0.0,0.0,
fleet_depot,parcel_50340000600000010310340000,822,,,,,55.515,0.047,
fleet_depot,parcel_50340000600000010200030000,486,,,,,355.295,0.303,
fleet_depot,parcel_50340000500000010200210000,822,,,,,0.0,0.0,
fleet_depot,parcel_50340000400000010750230000,442,,,,,122.133,0.104,
fleet_depot,parcel_50340052500000060010000000,842,,,,,0.0,0.0,
fleet_depot,parcel_50340000500000010280000000,843,,,,,0.0,0.0,
fleet_depot,parcel_50340002000000010300000000,695,,,,,0.0,0.0,
fleet_depot,parcel_50340003400000010280220000,430,,,,,999.266,0.851,
fleet_depot,parcel_50340002700000010141310000,710,,,,,7372.362,6.277,
fleet_depot,parcel_50340000400000010291360000,486,,,,,732.795,0.624,
fleet_depot,parcel_50340000400000010230220000,837,,,,,0.0,0.0,
fleet_depot,parcel_50340000400000010291350000,464,,,,,699.486,0.596,
fleet_depot,parcel_50340000400000010230230000,441,,,,,310.883,0.265,
fleet_depot,parcel_50340000400000010190000000,455,,,,,699.486,0.596,
fleet_depot,parcel_50340000400000010160030000,485,,,,,1165.81,0.993,
fleet_depot,parcel_50340000400000010291340000,442,,,,,1676.546,1.427,
fleet_depot,parcel_50340000400000010290100000,442,,,,,4374.564,3.725,
fleet_depot,parcel_50340000400000010792110000,442,,,,,2775.739,2.363,
fleet_depot,parcel_50340000400000010390320000,450,,,,,299.78,0.255,
fleet_depot,parcel_50340000400000010611320000,433,,,,,732.795,0.624,
fleet_depot,parcel_50340000400000010530240000,422,,,,,577.354,0.492,
fleet_depot,parcel_50340000600000010180000000,484,,,,,788.31,0.671,
fleet_depot,parcel_50340000300000010422550000,877,,,,,0.0,0.0,
fleet_depot,parcel_50340000400000010100000000,440,,,,,743.898,0.633,
fleet_depot,parcel_50340000400000010120110000,851,,,,,3930.446,3.346,
fleet_depot,parcel_50340000300000010422540000,877,,,,,0.0,0.0,
fleet_depot,parcel_50340000300000010260120000,878,,,,,0.0,0.0,
fleet_depot,parcel_50340000300000010260110000,878,,,,,0.0,0.0,
fleet_depot,parcel_50340000300000010211390000,440,,,,,0.0,0.0,
fleet_depot,parcel_50340000300000010260130000,877,,,,,0.0,0.0,
fleet_depot,parcel_50340000200000010510000000,695,,,,,177.647,0.151,
fleet_depot,parcel_50340000200000010400000000,620,,,,,366.398,0.312,
fleet_depot,parcel_50340000200000010630210000,455,,,,,566.251,0.482,
fleet_depot,parcel_50340000100000010160020099,837,,,,,0.0,0.0,
fleet_depot,parcel_50340000100000010040000994,837,,,,,0.0,0.0,
fleet_depot,parcel_50340000100000010040000993,837,,,,,0.0,0.0,
fleet_depot,parcel_50340000100000010040000991,837,,,,,233.162,0.199,
fleet_depot,parcel_50340000100000010040000992,837,,,,,0.0,0.0,
fleet_depot,parcel_50200000200000010030060000,484,,,,,1343.458,1.144,
fleet_depot,parcel_50200000200000010030010000,633,,,,,6650.67,5.663,
fleet_depot,parcel_50200000200000010040150000,486,,,,,1654.34,1.409,
fleet_depot,parcel_50200000300000020020000000,464,,,,,133.235,0.113,
fleet_depot,parcel_50200000300000020060000000,620,,,,,932.648,0.794,
fleet_depot,parcel_50200000300000030060000000,662,,,,,2342.723,1.995,
fleet_depot,parcel_50200000300000010020000000,652,,,,,2376.032,2.023,
fleet_depot,parcel_50200000100000010580000000,695,,,,,0.0,0.0,
fleet_depot,parcel_50200000900000010230000000,612,,,,,17864.654,15.21,
fleet_depot,parcel_50328952500000060020000000,842,,,,,0.0,0.0,
fleet_depot,parcel_50328903000000010160250000,441,,,,,310.883,0.265,
fleet_depot,parcel_50328903000000010160120099,837,,,,,0.0,0.0,
fleet_depot,parcel_50328903000000010160120000,652,,,,,2342.723,1.995,
fleet_depot,parcel_50328903000000010160240000,454,,,,,832.722,0.709,
fleet_depot,parcel_50328903000000010160040000,432,,,,,199.853,0.17,
fleet_depot,parcel_50328903700100030010220000,464,,,,,899.339,0.766,
fleet_depot,parcel_50328903100000070030000000,421,,,,,177.647,0.151,
fleet_depot,parcel_50328903700100020210000000,484,,,,,210.956,0.18,
fleet_depot,parcel_50328903700100020230010000,485,,,,,388.603,0.331,
fleet_depot,parcel_50328903700100030180020000,456,,,,,532.942,0.454,
fleet_depot,parcel_50328903700100030180010000,462,,,,,188.75,0.161,
fleet_depot,parcel_50328903700100020532210000,710,,,,,1687.649,1.437,
fleet_depot,parcel_50328903700100020532110000,456,,,,,499.633,0.425,
fleet_depot,parcel_50328903700100080020000000,442,,,,,477.427,0.406,
fleet_depot,parcel_50328903700100080010000000,442,,,,,144.338,0.123,
fleet_depot,parcel_50328903700100010120000000,422,,,,,133.235,0.113,
fleet_depot,parcel_50328903700100080030010000,485,,,,,632.868,0.539,
fleet_depot,parcel_50328903700100050230110000,485,,,,,366.398,0.312,
fleet_depot,parcel_50328903700100080040010000,436,,,,,166.544,0.142,
fleet_depot,parcel_50328903700100070060000000,457,,,,,233.162,0.199,
fleet_depot,parcel_50328903700100050090000000,620,,,,,266.471,0.227,
fleet_depot,parcel_50328903700100040050000000,695,,,,,0.0,0.0,
fleet_depot,parcel_50328903600000010090020000,720,,,,,14744.724,12.554,
fleet_depot,parcel_50328903500000030020010000,433,,,,,710.589,0.605,
fleet_depot,parcel_50328903500000030160000000,720,,,,,22.206,0.019,
fleet_depot,parcel_50328903500000030010020000,720,,,,,0.0,0.0,
fleet_depot,parcel_50328903100000060070000000,486,,,,,133.235,0.113,
fleet_depot,parcel_50328903500000020080020000,662,,,,,1643.237,1.399,
fleet_depot,parcel_50328903100000060100000000,485,,,,,355.295,0.303,
fleet_depot,parcel_50328903700100020500000000,433,,,,,199.853,0.17,
fleet_depot,parcel_50328903700100020530030000,557,,,,,11.103,0.009,
fleet_depot,parcel_50328903700100020530040000,431,,,,,310.883,0.265,
fleet_depot,parcel_50328903700100020520000000,485,,,,,166.544,0.142,
fleet_depot,parcel_50328903700100020510000000,633,,,,,2009.635,1.711,
fleet_depot,parcel_50328903700100020530230000,620,,,,,488.53,0.416,
fleet_depot,parcel_50328903700100020090000000,591,,,,,0.0,0.0,
fleet_depot,parcel_50328903700100020080020000,652,,,,,755.001,0.643,
fleet_depot,parcel_50328903700100020530010000,620,,,,,0.0,0.0,
fleet_depot,parcel_50328903700100020460000000,620,,,,,299.78,0.255,
fleet_depot,parcel_50328903700100020010000000,484,,,,,77.721,0.066,
fleet_depot,parcel_50328903700100020020000000,421,,,,,488.53,0.416,
fleet_depot,parcel_50328903700100020040000000,484,,,,,77.721,0.066,
fleet_depot,parcel_50328903700100020080010000,652,,,,,144.338,0.123,
fleet_depot,parcel_50328903100000050130000000,471,,,,,210.956,0.18,
fleet_depot,parcel_50328903100000050090000000,483,,,,,166.544,0.142,
fleet_depot,parcel_50328903100000010160060000,421,,,,,255.368,0.217,
fleet_depot,parcel_50328903700100020190000000,430,,,,,366.398,0.312,
fleet_depot,parcel_50328903100000070010000000,433,,,,,155.441,0.132,
fleet_depot,parcel_50328903100000070020000000,872,,,,,0.0,0.0,
fleet_depot,parcel_50328903100000010180000000,440,,,,,177.647,0.151,
fleet_depot,parcel_50328903100000010140020000,670,,,,,2908.974,2.477,
fleet_depot,parcel_50328903500000020020020000,710,,,,,1032.575,0.879,
fleet_depot,parcel_50328902600000100080000000,590,,,,,0.0,0.0,
fleet_depot,parcel_50328902700000010380000000,822,,,,,0.0,0.0,
fleet_depot,parcel_50328903200000010080240000,590,,,,,0.0,0.0,
fleet_depot,parcel_50328903200000010190000000,612,,,,,9082.217,7.733,
fleet_depot,parcel_50328903200000010560000000,474,,,,,0.0,0.0,
fleet_depot,parcel_50328903200000010180000000,620,,,,,788.31,0.671,
fleet_depot,parcel_50328903200000010530000000,484,,,,,133.235,0.113,
fleet_depot,parcel_50328903200000010200000000,612,,,,,88.824,0.076,
fleet_depot,parcel_50328903200000010500000000,831,,,,,0.0,0.0,
fleet_depot,parcel_50328903200000010520000000,612,,,,,366.398,0.312,
fleet_depot,parcel_50328903200000010280000000,612,,,,,2820.151,2.401,
fleet_depot,parcel_50328903200000010460000000,620,,,,,866.03,0.737,
fleet_depot,parcel_50328903300000010170000000,620,,,,,55.515,0.047,
fleet_depot,parcel_50328903200000010390000000,872,,,,,0.0,0.0,
fleet_depot,parcel_50328903300000010040020000,650,,,,,0.0,0.0,
fleet_depot,parcel_50328903300000010740000000,582,,,,,133.235,0.113,
fleet_depot,parcel_50328903300000010670000000,570,,,,,188.75,0.161,
fleet_depot,parcel_50328903600000010010010000,872,,,,,0.0,0.0,
fleet_depot,parcel_50328903600000010010000000,720,,,,,6139.934,5.228,
fleet_depot,parcel_50328903200000010030000000,449,,,,,3897.137,3.318,
fleet_depot,parcel_50328902600000050200000000,695,,,,,0.0,0.0,
fleet_depot,parcel_50328902200000010290040000,695,,,,,0.0,0.0,
fleet_depot,parcel_50328902600000070090000000,590,,,,,0.0,0.0,
fleet_depot,parcel_50328902600000070010000000,557,,,,,133.235,0.113,
fleet_depot,parcel_50328902200000010090000000,433,,,,,122.133,0.104,
fleet_depot,parcel_50328901600000010220010000,695,,,,,0.0,0.0,
fleet_depot,parcel_50328901600000010510010099,833,,,,,11.103,0.009,
fleet_depot,parcel_50328902200000010200000000,695,,,,,0.0,0.0,
fleet_depot,parcel_50328902300000010060020000,720,,,,,866.03,0.737,
fleet_depot,parcel_50328902300000010180410000,440,,,,,466.324,0.397,
fleet_depot,parcel_50328901600000010420020000,425,,,,,144.338,0.123,
fleet_depot,parcel_50328901600000010402260000,456,,,,,588.457,0.501,
fleet_depot,parcel_50328901500000010300020000,484,,,,,77.721,0.066,
fleet_depot,parcel_50328901600000010330010000,695,,,,,0.0,0.0,
fleet_depot,parcel_50328901600000010530000000,822,,,,,0.0,0.0,
fleet_depot,parcel_50328901600000010100010000,878,,,,,0.0,0.0,
fleet_depot,parcel_50328901500000010110130000,440,,,,,399.706,0.34,
fleet_depot,parcel_50328901500000010120010000,662,,,,,344.192,0.293,
fleet_depot,parcel_50328902300000010230020000,613,,,,,77.721,0.066,
fleet_depot,parcel_50328901100000010030230000,872,,,,,0.0,0.0,
fleet_depot,parcel_50328901100000010032110000,875,,,,,0.0,0.0,
fleet_depot,parcel_50328901200000010160020000,720,,,,,22.206,0.019,
fleet_depot,parcel_50328901000000010140010000,695,,,,,0.0,0.0,
fleet_depot,parcel_50328901200000010180050000,424,,,,,366.398,0.312,
fleet_depot,parcel_50328900200000010160000000,695,,,,,0.0,0.0,
fleet_depot,parcel_50328900200000010110000000,484,,,,,277.574,0.236,
fleet_depot,parcel_50328900100000010150010000,695,,,,,0.0,0.0,
fleet_depot,parcel_50328900400000010040020000,720,,,,,0.0,0.0,
fleet_depot,parcel_50328900300000010220000000,695,,,,,0.0,0.0,
fleet_depot,parcel_50328900900000010190010000,695,,,,,0.0,0.0,
fleet_depot,parcel_50328900900000010170000000,695,,,,,0.0,0.0,
fleet_depot,parcel_50328900900000010060010000,695,,,,,0.0,0.0,
fleet_depot,parcel_50328900900000010560000000,650,,,,,0.0,0.0,
fleet_depot,parcel_50328902800000010280370000,442,,,,,510.736,0.435,
fleet_depot,parcel_50328902800000010280360000,440,,,,,222.059,0.189,
fleet_depot,parcel_50328902800000010300000000,695,,,,,0.0,0.0,
fleet_depot,parcel_50328903100000010130000000,670,,,,,5973.39,5.086,
fleet_depot,parcel_50328903000000010160310000,449,,,,,1321.252,1.125,
fleet_depot,parcel_50328903000000010160320000,449,,,,,2242.797,1.91,
fleet_depot,parcel_50328903000000010230000000,440,,,,,421.912,0.359,
fleet_depot,parcel_50220052500000060010000000,842,,,,,0.0,0.0,
fleet_depot,parcel_50220001600000010070010000,593,,,,,0.0,0.0,
fleet_depot,parcel_50220001700000010280000000,695,,,,,0.0,0.0,
fleet_depot,parcel_50220001600000010180010000,620,,,,,3086.621,2.628,
fleet_depot,parcel_50220001700000010500000000,485,,,,,0.0,0.0,
fleet_depot,parcel_50220001700000010470000000,695,,,,,0.0,0.0,
fleet_depot,parcel_50220002700000010340050000,852,,,,,0.0,0.0,
fleet_depot,parcel_50220002600000010170010000,852,,,,,0.0,0.0,
fleet_depot,parcel_50220002600000010260010000,852,,,,,0.0,0.0,
fleet_depot,parcel_50220003100000010090220000,614,,,,,510.736,0.435,
fleet_depot,parcel_50220002900000010040220000,455,,,,,3020.004,2.571,
fleet_depot,parcel_50220002800000010210000000,695,,,,,0.0,0.0,
fleet_depot,parcel_50220002800000010200000000,695,,,,,0.0,0.0,
fleet_depot,parcel_50220052500000060020000000,842,,,,,0.0,0.0,
fleet_depot,parcel_50220001000000010390000000,651,,,,,0.0,0.0,
fleet_depot,parcel_50220001000000010380000000,695,,,,,0.0,0.0,
fleet_depot,parcel_50220001000000010570320000,544,,,,,0.0,0.0,
fleet_depot,parcel_50220000900000010110430000,433,,,,,566.251,0.482,
fleet_depot,parcel_50220000900000010090120000,464,,,,,3908.24,3.328,
fleet_depot,parcel_50340002600000010100010000,837,,,,,0.0,0.0,
fleet_depot,parcel_50260000200000010080340000,837,,,,,0.0,0.0,
fleet_depot,parcel_50260000600000020140000000,852,,,,,0.0,0.0,
fleet_depot,parcel_50260000100000030100030000,443,,,,,1454.487,1.238,
fleet_depot,parcel_50360100300000010060000000,440,,,,,421.912,0.359,
fleet_depot,parcel_50360100300000020080000000,872,,,,,0.0,0.0,
fleet_depot,parcel_50360100300000010030020000,464,,,,,610.663,0.52,
fleet_depot,parcel_50360101000000010040000000,612,,,,,0.0,0.0,
fleet_depot,parcel_50360101000000010110020000,612,,,,,52161.682,44.412,
fleet_depot,parcel_50360100500000010170000000,444,,,,,1032.575,0.879,
fleet_depot,parcel_50360100500000010540000000,534,,,,,3086.621,2.628,
fleet_depot,parcel_50360100500000010490020000,483,,,,,0.0,0.0,
fleet_depot,parcel_50360100500000010510000000,620,,,,,1687.649,1.437,
fleet_depot,parcel_50360100600000030010020000,620,,,,,1132.501,0.964,
fleet_depot,parcel_50360100600000020080010000,611,,,,,1532.208,1.305,
fleet_depot,parcel_50360100600000020130000000,620,,,,,655.074,0.558,
fleet_depot,parcel_50360100600000020030000000,652,,,,,788.31,0.671,
fleet_depot,parcel_50360100600000020040000000,483,,,,,455.221,0.388,
fleet_depot,parcel_50360100600000020020000000,620,,,,,521.839,0.444,
fleet_depot,parcel_50360100600000010080000000,436,,,,,122.133,0.104,
fleet_depot,parcel_50360100600000010200000000,438,,,,,0.0,0.0,
fleet_depot,parcel_50360100600000010250000000,457,,,,,544.045,0.463,
fleet_depot,parcel_50360100600000010240000000,652,,,,,755.001,0.643,
fleet_depot,parcel_50360100600000010260000000,440,,,,,766.104,0.652,
fleet_depot,parcel_50360100600000010210000000,438,,,,,0.0,0.0,
fleet_depot,parcel_50360100600000010230000000,483,,,,,466.324,0.397,
fleet_depot,parcel_50360100600000020010020000,438,,,,,0.0,0.0,
fleet_depot,parcel_50360100600000020010010000,465,,,,,721.692,0.614,
fleet_depot,parcel_50360100500000010590020000,483,,,,,610.663,0.52,
fleet_depot,parcel_50360100500000010670000000,483,,,,,499.633,0.425,
fleet_depot,parcel_50360100500000010660000000,483,,,,,954.854,0.813,
fleet_depot,parcel_50360100200000050040000000,681,,,,,1176.913,1.002,
fleet_depot,parcel_50360100200000050060000000,836,,,,,0.0,0.0,
fleet_depot,parcel_50360100200000050050000000,836,,,,,0.0,0.0,
fleet_depot,parcel_50360100500000010010000000,484,,,,,999.266,0.851,
fleet_depot,parcel_50360100500000010680000000,481,,,,,954.854,0.813,
fleet_depot,parcel_50360100500000010700000000,481,,,,,255.368,0.217,
fleet_depot,parcel_50360100600000010190000000,484,,,,,499.633,0.425,
fleet_depot,parcel_50360100600000010180000000,481,,,,,444.118,0.378,
fleet_depot,parcel_50360100600000010150000000,483,,,,,1865.296,1.588,
fleet_depot,parcel_50360100600000010170000000,483,,,,,1487.796,1.267,
fleet_depot,parcel_50360100600000010120000000,483,,,,,1054.781,0.898,
fleet_depot,parcel_50360100600000010140000000,483,,,,,877.133,0.747,
fleet_depot,parcel_50360100600000010130000000,483,,,,,3264.269,2.779,
fleet_depot,parcel_50360100600000010110000000,483,,,,,1054.781,0.898,
fleet_depot,parcel_50360100600000010100000000,482,,,,,521.839,0.444,
fleet_depot,parcel_50360100200000050140000000,464,,,,,732.795,0.624,
fleet_depot,parcel_50360100200000050090000000,461,,,,,932.648,0.794,
fleet_depot,parcel_50360100500000010580020000,483,,,,,1621.031,1.38,
fleet_depot,parcel_50360100500000010570000000,481,,,,,688.383,0.586,
fleet_depot,parcel_50360100500000010560000000,481,,,,,610.663,0.52,
fleet_depot,parcel_50360100500000010710000000,534,,,,,410.809,0.35,
fleet_depot,parcel_50360100500000010550000000,481,,,,,766.104,0.652,
fleet_depot,parcel_50360100100000010120000000,620,,,,,1398.972,1.191,
fleet_depot,parcel_50360100100000010130000000,662,,,,,1609.928,1.371,
fleet_depot,parcel_50360100100000010110000000,438,,,,,0.0,0.0,
fleet_depot,parcel_50360100100000050070000000,485,,,,,843.825,0.718,
fleet_depot,parcel_50360100600000010050010000,457,,,,,2376.032,2.023,
fleet_depot,parcel_50360100600000010010000000,484,,,,,1065.884,0.908,
fleet_depot,parcel_50360100700000020020000000,590,,,,,0.0,0.0,
fleet_depot,parcel_50360100100000050010000000,590,,,,,0.0,0.0,
fleet_depot,parcel_50360100700000020030000000,590,,,,,0.0,0.0,
fleet_depot,parcel_50360100700000030010000000,590,,,,,0.0,0.0,
fleet_depot,parcel_50360100700000010150000000,822,,,,,144.338,0.123,
fleet_depot,parcel_50360100600000010280010000,633,,,,,8860.158,7.544,
fleet_depot,parcel_50360100600000010050020000,485,,,,,3142.136,2.675,
fleet_depot,parcel_50360100600000010070000000,436,,,,,288.677,0.246,
fleet_depot,parcel_50360100600000010360020000,633,,,,,4652.138,3.961,
fleet_depot,parcel_50360100800000050020000000,695,,,,,0.0,0.0,
fleet_depot,parcel_50360100800000020210000000,590,,,,,0.0,0.0,
fleet_depot,parcel_50360100800000020200000000,822,,,,,0.0,0.0,
fleet_depot,parcel_50360100800000040010320000,552,,,,,610.663,0.52,
fleet_depot,parcel_50360100900000010020070000,612,,,,,888.236,0.756,
fleet_depot,parcel_50360100600000050110000000,438,,,,,0.0,0.0,
fleet_depot,parcel_50360100600000040070000000,471,,,,,910.442,0.775,
fleet_depot,parcel_50360101000000010110010000,615,,,,,1210.222,1.03,
fleet_depot,parcel_50360101000000010070000000,486,,,,,843.825,0.718,
fleet_depot,parcel_50360101000000010080000000,421,,,,,699.486,0.596,
fleet_depot,parcel_50360101000000010090000000,531,,,,,0.0,0.0,
fleet_depot,parcel_50360101000000020040020000,485,,,,,477.427,0.406,
fleet_depot,parcel_50360101000000020040010000,457,,,,,122.133,0.104,
fleet_depot,parcel_50360100400000030080000000,433,,,,,199.853,0.17,
fleet_depot,parcel_50360100400000020040000000,695,,,,,0.0,0.0,
fleet_depot,parcel_50360100400000030050000000,853,,,,,166.544,0.142,
fleet_depot,parcel_50360100300000020030000000,483,,,,,1321.252,1.125,
fleet_depot,parcel_50368902600000020130010000,484,,,,,4607.726,3.923,
fleet_depot,parcel_50368901100000020280000000,557,,,,,444.118,0.378,
fleet_depot,parcel_50368901100000030010000000,441,,,,,1065.884,0.908,
fleet_depot,parcel_50368901100000020060020000,484,,,,,133.235,0.113,
fleet_depot,parcel_50368901100000040050000000,695,,,,,0.0,0.0,
fleet_depot,parcel_50368901200000010010020000,552,,,,,0.0,0.0,
fleet_depot,parcel_50368901200000020090040000,620,,,,,843.825,0.718,
fleet_depot,parcel_50368901200000030150000000,612,,,,,0.0,0.0,
fleet_depot,parcel_50368901200000010050000000,852,,,,,0.0,0.0,
fleet_depot,parcel_50368902200000010050030000,464,,,,,1154.707,0.983,
fleet_depot,parcel_50368902200000020040000000,642,,,,,4263.535,3.63,
fleet_depot,parcel_50368902200000040180000000,845,,,,,0.0,0.0,
fleet_depot,parcel_50368902300000010180000000,692,,,,,0.0,0.0,
fleet_depot,parcel_50368902300000020040000000,433,,,,,799.413,0.681,
fleet_depot,parcel_50368902200000040120000000,695,,,,,0.0,0.0,
fleet_depot,parcel_50368902200000040090000000,845,,,,,0.0,0.0,
fleet_depot,parcel_50368902200000050040000000,433,,,,,1354.561,1.153,
fleet_depot,parcel_50368902300000040040000000,695,,,,,0.0,0.0,
fleet_depot,parcel_50368902500000020010040000,485,,,,,2087.356,1.777,
fleet_depot,parcel_50368902500000020010520000,455,,,,,366.398,0.312,
fleet_depot,parcel_50368902500000020010060000,485,,,,,677.28,0.577,
fleet_depot,parcel_50368902500000030010000000,620,,,,,1598.826,1.361,
fleet_depot,parcel_50368902500000060070000000,593,,,,,0.0,0.0,
fleet_depot,parcel_50368902500000060100020000,484,,,,,688.383,0.586,
fleet_depot,parcel_50368902400000020050210099,837,,,,,0.0,0.0,
fleet_depot,parcel_50368902400000030090000000,620,,,,,210.956,0.18,
fleet_depot,parcel_50368902400000030070000000,695,,,,,0.0,0.0,
fleet_depot,parcel_50368902500000060200000000,633,,,,,444.118,0.378,
fleet_depot,parcel_50368902500000030090000000,484,,,,,299.78,0.255,
fleet_depot,parcel_50368902000000010060010000,531,,,,,0.0,0.0,
fleet_depot,parcel_50368902000000030090210000,612,,,,,2464.856,2.099,
fleet_depot,parcel_50368902000000030090220000,440,,,,,1332.355,1.134,
fleet_depot,parcel_50368902000000030090230000,612,,,,,1398.972,1.191,
fleet_depot,parcel_50368902000000020020020000,444,,,,,2153.973,1.834,
fleet_depot,parcel_50368902000000030010000000,449,,,,,477.427,0.406,
fleet_depot,parcel_50368901200000040150230000,449,,,,,1954.12,1.664,
fleet_depot,parcel_50368901300000030030010000,431,,,,,5507.066,4.689,
fleet_depot,parcel_50368901200000030210010000,423,,,,,166.544,0.142,
fleet_depot,parcel_50368901200000030170000000,531,,,,,188.75,0.161,
fleet_depot,parcel_50368901200000030210020000,442,,,,,843.825,0.718,
fleet_depot,parcel_50368901200000030190000000,472,,,,,277.574,0.236,
fleet_depot,parcel_50368901200000030180020000,446,,,,,2698.018,2.297,
fleet_depot,parcel_50368901200000030180010000,456,,,,,2564.783,2.184,
fleet_depot,parcel_50368901300000030020010000,454,,,,,9992.659,8.508,
fleet_depot,parcel_50368901300000040020040000,443,,,,,7494.495,6.381,
fleet_depot,parcel_50368901300000050170000000,449,,,,,743.898,0.633,
fleet_depot,parcel_50368901300000020140000000,695,,,,,0.0,0.0,
fleet_depot,parcel_50368901400000030180020000,414,,,,,1654.34,1.409,
fleet_depot,parcel_50368901400000030180010000,414,,,,,821.619,0.7,
fleet_depot,parcel_50368901400000010130000000,695,,,,,0.0,0.0,
fleet_depot,parcel_50368901400000010110000000,414,,,,,2009.635,1.711,
