scenario,year,drivers,income,urbanity,size_class,powertrain,mwh
reference,2024,Single_Driver,High_Income,Rural,Compact,BEV_100,0.0
reference,2024,Single_Driver,High_Income,Rural,Compact,BEV_300,0.0
reference,2024,Single_Driver,High_Income,Rural,Compact,PHEV_25,0.0
reference,2024,Single_Driver,High_Income,Rural,Compact,PHEV_50,0.0
reference,2024,Single_Driver,High_Income,Rural,Midsize,BEV_100,0.0
reference,2024,Single_Driver,High_Income,Rural,Midsize,BEV_300,0.0
reference,2024,Single_Driver,High_Income,Rural,Midsize,PHEV_25,0.0
reference,2024,Single_Driver,High_Income,Rural,Midsize,PHEV_50,0.0
reference,2024,Single_Driver,High_Income,Rural,Pickup,BEV_100,0.0
reference,2024,Single_Driver,High_Income,Rural,Pickup,BEV_300,0.0
reference,2024,Single_Driver,High_Income,Rural,Pickup,PHEV_25,0.0
reference,2024,Single_Driver,High_Income,Rural,Pickup,PHEV_50,0.0
reference,2024,Single_Driver,High_Income,Rural,SUV,BEV_100,0.0
reference,2024,Single_Driver,High_Income,Rural,SUV,BEV_300,0.0
reference,2024,Single_Driver,High_Income,Rural,SUV,PHEV_25,0.0
reference,2024,Single_Driver,High_Income,Rural,SUV,PHEV_50,0.0
reference,2024,Single_Driver,High_Income,Second_City,Compact,BEV_100,0.0
reference,2024,Single_Driver,High_Income,Second_City,Compact,BEV_300,0.0
reference,2024,Single_Driver,High_Income,Second_City,Compact,PHEV_25,0.0
reference,2024,Single_Driver,High_Income,Second_City,Compact,PHEV_50,0.0
reference,2024,Single_Driver,High_Income,Second_City,Midsize,BEV_100,0.0
reference,2024,Single_Driver,High_Income,Second_City,Midsize,BEV_300,0.0
reference,2024,Single_Driver,High_Income,Second_City,Midsize,PHEV_25,32.2214791212678
reference,2024,Single_Driver,High_Income,Second_City,Midsize,PHEV_50,0.0
reference,2024,Single_Driver,High_Income,Second_City,Pickup,BEV_100,0.0
reference,2024,Single_Driver,High_Income,Second_City,Pickup,BEV_300,0.0
reference,2024,Single_Driver,High_Income,Second_City,Pickup,PHEV_25,42.62385164880752
reference,2024,Single_Driver,High_Income,Second_City,Pickup,PHEV_50,0.0
reference,2024,Single_Driver,High_Income,Second_City,SUV,BEV_100,0.0
reference,2024,Single_Driver,High_Income,Second_City,SUV,BEV_300,118.27191149795055
reference,2024,Single_Driver,High_Income,Second_City,SUV,PHEV_25,36.47694278633595
reference,2024,Single_Driver,High_Income,Second_City,SUV,PHEV_50,44.95773716843129
reference,2024,Single_Driver,High_Income,Small_Town,Compact,BEV_100,0.0
reference,2024,Single_Driver,High_Income,Small_Town,Compact,BEV_300,0.0
reference,2024,Single_Driver,High_Income,Small_Town,Compact,PHEV_25,0.0
reference,2024,Single_Driver,High_Income,Small_Town,Compact,PHEV_50,0.0
reference,2024,Single_Driver,High_Income,Small_Town,Midsize,BEV_100,0.0
reference,2024,Single_Driver,High_Income,Small_Town,Midsize,BEV_300,0.0
reference,2024,Single_Driver,High_Income,Small_Town,Midsize,PHEV_25,0.0
reference,2024,Single_Driver,High_Income,Small_Town,Midsize,PHEV_50,55.87328810107708
reference,2024,Single_Driver,High_Income,Small_Town,Pickup,BEV_100,0.0
reference,2024,Single_Driver,High_Income,Small_Town,Pickup,BEV_300,0.0
reference,2024,Single_Driver,High_Income,Small_Town,Pickup,PHEV_25,0.0
reference,2024,Single_Driver,High_Income,Small_Town,Pickup,PHEV_50,58.84122458767891
reference,2024,Single_Driver,High_Income,Small_Town,SUV,BEV_100,0.0
reference,2024,Single_Driver,High_Income,Small_Town,SUV,BEV_300,0.0
reference,2024,Single_Driver,High_Income,Small_Town,SUV,PHEV_25,0.0
reference,2024,Single_Driver,High_Income,Small_Town,SUV,PHEV_50,42.10275591933728
reference,2024,Single_Driver,High_Income,Suburban,Compact,BEV_100,0.0
reference,2024,Single_Driver,High_Income,Suburban,Compact,BEV_300,0.0
reference,2024,Single_Driver,High_Income,Suburban,Compact,PHEV_25,0.0
reference,2024,Single_Driver,High_Income,Suburban,Compact,PHEV_50,0.0
reference,2024,Single_Driver,High_Income,Suburban,Midsize,BEV_100,51.9470488575697
reference,2024,Single_Driver,High_Income,Suburban,Midsize,BEV_300,0.0
reference,2024,Single_Driver,High_Income,Suburban,Midsize,PHEV_25,0.0
reference,2024,Single_Driver,High_Income,Suburban,Midsize,PHEV_50,0.0
reference,2024,Single_Driver,High_Income,Suburban,Pickup,BEV_100,0.0
reference,2024,Single_Driver,High_Income,Suburban,Pickup,BEV_300,0.0
reference,2024,Single_Driver,High_Income,Suburban,Pickup,PHEV_25,0.0
reference,2024,Single_Driver,High_Income,Suburban,Pickup,PHEV_50,0.0
reference,2024,Single_Driver,High_Income,Suburban,SUV,BEV_100,37.53994289678335
reference,2024,Single_Driver,High_Income,Suburban,SUV,BEV_300,0.0
reference,2024,Single_Driver,High_Income,Suburban,SUV,PHEV_25,0.0
reference,2024,Single_Driver,High_Income,Suburban,SUV,PHEV_50,0.0
reference,2024,Single_Driver,High_Income,Urban,Compact,BEV_100,0.0
reference,2024,Single_Driver,High_Income,Urban,Compact,BEV_300,0.0
reference,2024,Single_Driver,High_Income,Urban,Compact,PHEV_25,0.0
reference,2024,Single_Driver,High_Income,Urban,Compact,PHEV_50,0.0
reference,2024,Single_Driver,High_Income,Urban,Midsize,BEV_100,0.0
reference,2024,Single_Driver,High_Income,Urban,Midsize,BEV_300,0.0
reference,2024,Single_Driver,High_Income,Urban,Midsize,PHEV_25,0.0
reference,2024,Single_Driver,High_Income,Urban,Midsize,PHEV_50,0.0
reference,2024,Single_Driver,High_Income,Urban,Pickup,BEV_100,0.0
reference,2024,Single_Driver,High_Income,Urban,Pickup,BEV_300,0.0
reference,2024,Single_Driver,High_Income,Urban,Pickup,PHEV_25,0.0
reference,2024,Single_Driver,High_Income,Urban,Pickup,PHEV_50,0.0
reference,2024,Single_Driver,High_Income,Urban,SUV,BEV_100,0.0
reference,2024,Single_Driver,High_Income,Urban,SUV,BEV_300,0.0
reference,2024,Single_Driver,High_Income,Urban,SUV,PHEV_25,0.0
reference,2024,Single_Driver,High_Income,Urban,SUV,PHEV_50,0.0
reference,2024,Single_Driver,Low_Income,Rural,Compact,BEV_100,0.0
reference,2024,Single_Driver,Low_Income,Rural,Compact,BEV_300,0.0
reference,2024,Single_Driver,Low_Income,Rural,Compact,PHEV_25,0.0
reference,2024,Single_Driver,Low_Income,Rural,Compact,PHEV_50,0.0
reference,2024,Single_Driver,Low_Income,Rural,Midsize,BEV_100,0.0
reference,2024,Single_Driver,Low_Income,Rural,Midsize,BEV_300,0.0
reference,2024,Single_Driver,Low_Income,Rural,Midsize,PHEV_25,0.0
reference,2024,Single_Driver,Low_Income,Rural,Midsize,PHEV_50,0.0
reference,2024,Single_Driver,Low_Income,Rural,Pickup,BEV_100,560.4161147181989
reference,2024,Single_Driver,Low_Income,Rural,Pickup,BEV_300,0.0
reference,2024,Single_Driver,Low_Income,Rural,Pickup,PHEV_25,70.05810554015636
reference,2024,Single_Driver,Low_Income,Rural,Pickup,PHEV_50,267.5847683045864
reference,2024,Single_Driver,Low_Income,Rural,SUV,BEV_100,0.0
reference,2024,Single_Driver,Low_Income,Rural,SUV,BEV_300,0.0
reference,2024,Single_Driver,Low_Income,Rural,SUV,PHEV_25,297.5767357212901
reference,2024,Single_Driver,Low_Income,Rural,SUV,PHEV_50,233.8543523237705
reference,2024,Single_Driver,Low_Income,Second_City,Compact,BEV_100,0.0
reference,2024,Single_Driver,Low_Income,Second_City,Compact,BEV_300,0.0
reference,2024,Single_Driver,Low_Income,Second_City,Compact,PHEV_25,0.0
reference,2024,Single_Driver,Low_Income,Second_City,Compact,PHEV_50,0.0
reference,2024,Single_Driver,Low_Income,Second_City,Midsize,BEV_100,0.0
reference,2024,Single_Driver,Low_Income,Second_City,Midsize,BEV_300,0.0
reference,2024,Single_Driver,Low_Income,Second_City,Midsize,PHEV_25,66.70314029860496
reference,2024,Single_Driver,Low_Income,Second_City,Midsize,PHEV_50,0.0
reference,2024,Single_Driver,Low_Income,Second_City,Pickup,BEV_100,0.0
reference,2024,Single_Driver,Low_Income,Second_City,Pickup,BEV_300,0.0
reference,2024,Single_Driver,Low_Income,Second_City,Pickup,PHEV_25,0.0
reference,2024,Single_Driver,Low_Income,Second_City,Pickup,PHEV_50,0.0
reference,2024,Single_Driver,Low_Income,Second_City,SUV,BEV_100,0.0
reference,2024,Single_Driver,Low_Income,Second_City,SUV,BEV_300,0.0
reference,2024,Single_Driver,Low_Income,Second_City,SUV,PHEV_25,0.0
reference,2024,Single_Driver,Low_Income,Second_City,SUV,PHEV_50,0.0
reference,2024,Single_Driver,Low_Income,Small_Town,Compact,BEV_100,0.0
reference,2024,Single_Driver,Low_Income,Small_Town,Compact,BEV_300,0.0
reference,2024,Single_Driver,Low_Income,Small_Town,Compact,PHEV_25,0.0
reference,2024,Single_Driver,Low_Income,Small_Town,Compact,PHEV_50,0.0
reference,2024,Single_Driver,Low_Income,Small_Town,Midsize,BEV_100,137.49982893002033
reference,2024,Single_Driver,Low_Income,Small_Town,Midsize,BEV_300,0.0
reference,2024,Single_Driver,Low_Income,Small_Town,Midsize,PHEV_25,0.0
reference,2024,Single_Driver,Low_Income,Small_Town,Midsize,PHEV_50,20.553696461722254
reference,2024,Single_Driver,Low_Income,Small_Town,Pickup,BEV_100,41.71212315762043
reference,2024,Single_Driver,Low_Income,Small_Town,Pickup,BEV_300,0.0
reference,2024,Single_Driver,Low_Income,Small_Town,Pickup,PHEV_25,0.0
reference,2024,Single_Driver,Low_Income,Small_Town,Pickup,PHEV_50,124.60633113940806
reference,2024,Single_Driver,Low_Income,Small_Town,SUV,BEV_100,0.0
reference,2024,Single_Driver,Low_Income,Small_Town,SUV,BEV_300,0.0
reference,2024,Single_Driver,Low_Income,Small_Town,SUV,PHEV_25,0.0
reference,2024,Single_Driver,Low_Income,Small_Town,SUV,PHEV_50,0.0
reference,2024,Single_Driver,Low_Income,Suburban,Compact,BEV_100,0.0
reference,2024,Single_Driver,Low_Income,Suburban,Compact,BEV_300,0.0
reference,2024,Single_Driver,Low_Income,Suburban,Compact,PHEV_25,0.0
reference,2024,Single_Driver,Low_Income,Suburban,Compact,PHEV_50,0.0
reference,2024,Single_Driver,Low_Income,Suburban,Midsize,BEV_100,0.0
reference,2024,Single_Driver,Low_Income,Suburban,Midsize,BEV_300,0.0
reference,2024,Single_Driver,Low_Income,Suburban,Midsize,PHEV_25,0.0
reference,2024,Single_Driver,Low_Income,Suburban,Midsize,PHEV_50,0.0
reference,2024,Single_Driver,Low_Income,Suburban,Pickup,BEV_100,0.0
reference,2024,Single_Driver,Low_Income,Suburban,Pickup,BEV_300,0.0
reference,2024,Single_Driver,Low_Income,Suburban,Pickup,PHEV_25,0.0
reference,2024,Single_Driver,Low_Income,Suburban,Pickup,PHEV_50,0.0
reference,2024,Single_Driver,Low_Income,Suburban,SUV,BEV_100,128.00755995321273
reference,2024,Single_Driver,Low_Income,Suburban,SUV,BEV_300,0.0
reference,2024,Single_Driver,Low_Income,Suburban,SUV,PHEV_25,0.0
reference,2024,Single_Driver,Low_Income,Suburban,SUV,PHEV_50,0.0
reference,2024,Single_Driver,Low_Income,Urban,Compact,BEV_100,0.0
reference,2024,Single_Driver,Low_Income,Urban,Compact,BEV_300,0.0
reference,2024,Single_Driver,Low_Income,Urban,Compact,PHEV_25,0.0
reference,2024,Single_Driver,Low_Income,Urban,Compact,PHEV_50,0.0
reference,2024,Single_Driver,Low_Income,Urban,Midsize,BEV_100,0.0
reference,2024,Single_Driver,Low_Income,Urban,Midsize,BEV_300,0.0
reference,2024,Single_Driver,Low_Income,Urban,Midsize,PHEV_25,0.0
reference,2024,Single_Driver,Low_Income,Urban,Midsize,PHEV_50,0.0
reference,2024,Single_Driver,Low_Income,Urban,Pickup,BEV_100,0.0
reference,2024,Single_Driver,Low_Income,Urban,Pickup,BEV_300,0.0
reference,2024,Single_Driver,Low_Income,Urban,Pickup,PHEV_25,0.0
reference,2024,Single_Driver,Low_Income,Urban,Pickup,PHEV_50,0.0
reference,2024,Single_Driver,Low_Income,Urban,SUV,BEV_100,0.0
reference,2024,Single_Driver,Low_Income,Urban,SUV,BEV_300,0.0
reference,2024,Single_Driver,Low_Income,Urban,SUV,PHEV_25,0.0
reference,2024,Single_Driver,Low_Income,Urban,SUV,PHEV_50,0.0
reference,2024,Single_Driver,Middle_Income,Rural,Compact,BEV_100,0.0
reference,2024,Single_Driver,Middle_Income,Rural,Compact,BEV_300,0.0
reference,2024,Single_Driver,Middle_Income,Rural,Compact,PHEV_25,0.0
reference,2024,Single_Driver,Middle_Income,Rural,Compact,PHEV_50,0.0
reference,2024,Single_Driver,Middle_Income,Rural,Midsize,BEV_100,0.0
reference,2024,Single_Driver,Middle_Income,Rural,Midsize,BEV_300,0.0
reference,2024,Single_Driver,Middle_Income,Rural,Midsize,PHEV_25,89.9500337741375
reference,2024,Single_Driver,Middle_Income,Rural,Midsize,PHEV_50,0.0
reference,2024,Single_Driver,Middle_Income,Rural,Pickup,BEV_100,293.93971303543447
reference,2024,Single_Driver,Middle_Income,Rural,Pickup,BEV_300,0.0
reference,2024,Single_Driver,Middle_Income,Rural,Pickup,PHEV_25,97.52074244587868
reference,2024,Single_Driver,Middle_Income,Rural,Pickup,PHEV_50,74.4495049533844
reference,2024,Single_Driver,Middle_Income,Rural,SUV,BEV_100,0.0
reference,2024,Single_Driver,Middle_Income,Rural,SUV,BEV_300,63.87945204670727
reference,2024,Single_Driver,Middle_Income,Rural,SUV,PHEV_25,0.0
reference,2024,Single_Driver,Middle_Income,Rural,SUV,PHEV_50,98.96323308974505
reference,2024,Single_Driver,Middle_Income,Second_City,Compact,BEV_100,0.0
reference,2024,Single_Driver,Middle_Income,Second_City,Compact,BEV_300,0.0
reference,2024,Single_Driver,Middle_Income,Second_City,Compact,PHEV_25,0.0
reference,2024,Single_Driver,Middle_Income,Second_City,Compact,PHEV_50,0.0
reference,2024,Single_Driver,Middle_Income,Second_City,Midsize,BEV_100,42.36475130200386
reference,2024,Single_Driver,Middle_Income,Second_City,Midsize,BEV_300,0.0
reference,2024,Single_Driver,Middle_Income,Second_City,Midsize,PHEV_25,0.0
reference,2024,Single_Driver,Middle_Income,Second_City,Midsize,PHEV_50,0.0
reference,2024,Single_Driver,Middle_Income,Second_City,Pickup,BEV_100,0.0
reference,2024,Single_Driver,Middle_Income,Second_City,Pickup,BEV_300,0.0
reference,2024,Single_Driver,Middle_Income,Second_City,Pickup,PHEV_25,0.0
reference,2024,Single_Driver,Middle_Income,Second_City,Pickup,PHEV_50,0.0
reference,2024,Single_Driver,Middle_Income,Second_City,SUV,BEV_100,21.927441673517222
reference,2024,Single_Driver,Middle_Income,Second_City,SUV,BEV_300,0.0
reference,2024,Single_Driver,Middle_Income,Second_City,SUV,PHEV_25,0.0
reference,2024,Single_Driver,Middle_Income,Second_City,SUV,PHEV_50,0.0
reference,2024,Single_Driver,Middle_Income,Small_Town,Compact,BEV_100,28.34483324354887
reference,2024,Single_Driver,Middle_Income,Small_Town,Compact,BEV_300,0.0
reference,2024,Single_Driver,Middle_Income,Small_Town,Compact,PHEV_25,0.0
reference,2024,Single_Driver,Middle_Income,Small_Town,Compact,PHEV_50,0.0
reference,2024,Single_Driver,Middle_Income,Small_Town,Midsize,BEV_100,0.0
reference,2024,Single_Driver,Middle_Income,Small_Town,Midsize,BEV_300,0.0
reference,2024,Single_Driver,Middle_Income,Small_Town,Midsize,PHEV_25,0.0
reference,2024,Single_Driver,Middle_Income,Small_Town,Midsize,PHEV_50,0.0
reference,2024,Single_Driver,Middle_Income,Small_Town,Pickup,BEV_100,0.0
reference,2024,Single_Driver,Middle_Income,Small_Town,Pickup,BEV_300,0.0
reference,2024,Single_Driver,Middle_Income,Small_Town,Pickup,PHEV_25,0.0
reference,2024,Single_Driver,Middle_Income,Small_Town,Pickup,PHEV_50,95.14340687417985
reference,2024,Single_Driver,Middle_Income,Small_Town,SUV,BEV_100,0.0
reference,2024,Single_Driver,Middle_Income,Small_Town,SUV,BEV_300,0.0
reference,2024,Single_Driver,Middle_Income,Small_Town,SUV,PHEV_25,0.0
reference,2024,Single_Driver,Middle_Income,Small_Town,SUV,PHEV_50,0.0
reference,2024,Single_Driver,Middle_Income,Suburban,Compact,BEV_100,0.0
reference,2024,Single_Driver,Middle_Income,Suburban,Compact,BEV_300,0.0
reference,2024,Single_Driver,Middle_Income,Suburban,Compact,PHEV_25,0.0
reference,2024,Single_Driver,Middle_Income,Suburban,Compact,PHEV_50,0.0
reference,2024,Single_Driver,Middle_Income,Suburban,Midsize,BEV_100,0.0
reference,2024,Single_Driver,Middle_Income,Suburban,Midsize,BEV_300,0.0
reference,2024,Single_Driver,Middle_Income,Suburban,Midsize,PHEV_25,0.0
reference,2024,Single_Driver,Middle_Income,Suburban,Midsize,PHEV_50,75.16789131486416
reference,2024,Single_Driver,Middle_Income,Suburban,Pickup,BEV_100,0.0
reference,2024,Single_Driver,Middle_Income,Suburban,Pickup,BEV_300,0.0
reference,2024,Single_Driver,Middle_Income,Suburban,Pickup,PHEV_25,0.0
reference,2024,Single_Driver,Middle_Income,Suburban,Pickup,PHEV_50,0.0
reference,2024,Single_Driver,Middle_Income,Suburban,SUV,BEV_100,76.21622800669074
reference,2024,Single_Driver,Middle_Income,Suburban,SUV,BEV_300,0.0
reference,2024,Single_Driver,Middle_Income,Suburban,SUV,PHEV_25,0.0
reference,2024,Single_Driver,Middle_Income,Suburban,SUV,PHEV_50,36.94649086749554
reference,2024,Single_Driver,Middle_Income,Urban,Compact,BEV_100,0.0
reference,2024,Single_Driver,Middle_Income,Urban,Compact,BEV_300,0.0
reference,2024,Single_Driver,Middle_Income,Urban,Compact,PHEV_25,0.0
reference,2024,Single_Driver,Middle_Income,Urban,Compact,PHEV_50,0.0
reference,2024,Single_Driver,Middle_Income,Urban,Midsize,BEV_100,0.0
reference,2024,Single_Driver,Middle_Income,Urban,Midsize,BEV_300,0.0
reference,2024,Single_Driver,Middle_Income,Urban,Midsize,PHEV_25,0.0
reference,2024,Single_Driver,Middle_Income,Urban,Midsize,PHEV_50,0.0
reference,2024,Single_Driver,Middle_Income,Urban,Pickup,BEV_100,0.0
reference,2024,Single_Driver,Middle_Income,Urban,Pickup,BEV_300,0.0
reference,2024,Single_Driver,Middle_Income,Urban,Pickup,PHEV_25,0.0
reference,2024,Single_Driver,Middle_Income,Urban,Pickup,PHEV_50,0.0
reference,2024,Single_Driver,Middle_Income,Urban,SUV,BEV_100,0.0
reference,2024,Single_Driver,Middle_Income,Urban,SUV,BEV_300,0.0
reference,2024,Single_Driver,Middle_Income,Urban,SUV,PHEV_25,0.0
reference,2024,Single_Driver,Middle_Income,Urban,SUV,PHEV_50,0.0
reference,2024,Some_Drivers_Larger,High_Income,Rural,Compact,BEV_100,0.0
reference,2024,Some_Drivers_Larger,High_Income,Rural,Compact,BEV_300,0.0
reference,2024,Some_Drivers_Larger,High_Income,Rural,Compact,PHEV_25,147.870356585145
reference,2024,Some_Drivers_Larger,High_Income,Rural,Compact,PHEV_50,0.0
reference,2024,Some_Drivers_Larger,High_Income,Rural,Midsize,BEV_100,0.0
reference,2024,Some_Drivers_Larger,High_Income,Rural,Midsize,BEV_300,0.0
reference,2024,Some_Drivers_Larger,High_Income,Rural,Midsize,PHEV_25,151.18798093700408
reference,2024,Some_Drivers_Larger,High_Income,Rural,Midsize,PHEV_50,0.0
reference,2024,Some_Drivers_Larger,High_Income,Rural,Pickup,BEV_100,266.7049251167774
reference,2024,Some_Drivers_Larger,High_Income,Rural,Pickup,BEV_300,0.0
reference,2024,Some_Drivers_Larger,High_Income,Rural,Pickup,PHEV_25,130.75975649356843
reference,2024,Some_Drivers_Larger,High_Income,Rural,Pickup,PHEV_50,0.0
reference,2024,Some_Drivers_Larger,High_Income,Rural,SUV,BEV_100,383.1337260430456
reference,2024,Some_Drivers_Larger,High_Income,Rural,SUV,BEV_300,0.0
reference,2024,Some_Drivers_Larger,High_Income,Rural,SUV,PHEV_25,89.11635996514559
reference,2024,Some_Drivers_Larger,High_Income,Rural,SUV,PHEV_50,293.4734132819176
reference,2024,Some_Drivers_Larger,High_Income,Second_City,Compact,BEV_100,0.0
reference,2024,Some_Drivers_Larger,High_Income,Second_City,Compact,BEV_300,0.0
reference,2024,Some_Drivers_Larger,High_Income,Second_City,Compact,PHEV_25,0.0
reference,2024,Some_Drivers_Larger,High_Income,Second_City,Compact,PHEV_50,0.0
reference,2024,Some_Drivers_Larger,High_Income,Second_City,Midsize,BEV_100,0.0
reference,2024,Some_Drivers_Larger,High_Income,Second_City,Midsize,BEV_300,120.29952239213348
reference,2024,Some_Drivers_Larger,High_Income,Second_City,Midsize,PHEV_25,0.0
reference,2024,Some_Drivers_Larger,High_Income,Second_City,Midsize,PHEV_50,0.0
reference,2024,Some_Drivers_Larger,High_Income,Second_City,Pickup,BEV_100,0.0
reference,2024,Some_Drivers_Larger,High_Income,Second_City,Pickup,BEV_300,0.0
reference,2024,Some_Drivers_Larger,High_Income,Second_City,Pickup,PHEV_25,0.0
reference,2024,Some_Drivers_Larger,High_Income,Second_City,Pickup,PHEV_50,89.15645397752523
reference,2024,Some_Drivers_Larger,High_Income,Second_City,SUV,BEV_100,72.61184535688162
reference,2024,Some_Drivers_Larger,High_Income,Second_City,SUV,BEV_300,0.0
reference,2024,Some_Drivers_Larger,High_Income,Second_City,SUV,PHEV_25,0.0
reference,2024,Some_Drivers_Larger,High_Income,Second_City,SUV,PHEV_50,0.0
reference,2024,Some_Drivers_Larger,High_Income,Small_Town,Compact,BEV_100,0.0
reference,2024,Some_Drivers_Larger,High_Income,Small_Town,Compact,BEV_300,0.0
reference,2024,Some_Drivers_Larger,High_Income,Small_Town,Compact,PHEV_25,0.0
reference,2024,Some_Drivers_Larger,High_Income,Small_Town,Compact,PHEV_50,0.0
reference,2024,Some_Drivers_Larger,High_Income,Small_Town,Midsize,BEV_100,0.0
reference,2024,Some_Drivers_Larger,High_Income,Small_Town,Midsize,BEV_300,0.0
reference,2024,Some_Drivers_Larger,High_Income,Small_Town,Midsize,PHEV_25,0.0
reference,2024,Some_Drivers_Larger,High_Income,Small_Town,Midsize,PHEV_50,0.0
reference,2024,Some_Drivers_Larger,High_Income,Small_Town,Pickup,BEV_100,0.0
reference,2024,Some_Drivers_Larger,High_Income,Small_Town,Pickup,BEV_300,0.0
reference,2024,Some_Drivers_Larger,High_Income,Small_Town,Pickup,PHEV_25,0.0
reference,2024,Some_Drivers_Larger,High_Income,Small_Town,Pickup,PHEV_50,0.0
reference,2024,Some_Drivers_Larger,High_Income,Small_Town,SUV,BEV_100,145.4924493737072
reference,2024,Some_Drivers_Larger,High_Income,Small_Town,SUV,BEV_300,60.002706224069
reference,2024,Some_Drivers_Larger,High_Income,Small_Town,SUV,PHEV_25,41.2575570833385
reference,2024,Some_Drivers_Larger,High_Income,Small_Town,SUV,PHEV_50,0.0
reference,2024,Some_Drivers_Larger,High_Income,Suburban,Compact,BEV_100,0.0
reference,2024,Some_Drivers_Larger,High_Income,Suburban,Compact,BEV_300,0.0
reference,2024,Some_Drivers_Larger,High_Income,Suburban,Compact,PHEV_25,57.36459578180313
reference,2024,Some_Drivers_Larger,High_Income,Suburban,Compact,PHEV_50,0.0
reference,2024,Some_Drivers_Larger,High_Income,Suburban,Midsize,BEV_100,0.0
reference,2024,Some_Drivers_Larger,High_Income,Suburban,Midsize,BEV_300,0.0
reference,2024,Some_Drivers_Larger,High_Income,Suburban,Midsize,PHEV_25,59.59155552721024
reference,2024,Some_Drivers_Larger,High_Income,Suburban,Midsize,PHEV_50,110.7897465812564
reference,2024,Some_Drivers_Larger,High_Income,Suburban,Pickup,BEV_100,121.45608217144012
reference,2024,Some_Drivers_Larger,High_Income,Suburban,Pickup,BEV_300,0.0
reference,2024,Some_Drivers_Larger,High_Income,Suburban,Pickup,PHEV_25,89.71363583421707
reference,2024,Some_Drivers_Larger,High_Income,Suburban,Pickup,PHEV_50,91.01077959120272
reference,2024,Some_Drivers_Larger,High_Income,Suburban,SUV,BEV_100,0.0
reference,2024,Some_Drivers_Larger,High_Income,Suburban,SUV,BEV_300,150.8338985903263
reference,2024,Some_Drivers_Larger,High_Income,Suburban,SUV,PHEV_25,346.2043737300634
reference,2024,Some_Drivers_Larger,High_Income,Suburban,SUV,PHEV_50,0.0
reference,2024,Some_Drivers_Larger,High_Income,Urban,Compact,BEV_100,0.0
reference,2024,Some_Drivers_Larger,High_Income,Urban,Compact,BEV_300,0.0
reference,2024,Some_Drivers_Larger,High_Income,Urban,Compact,PHEV_25,0.0
reference,2024,Some_Drivers_Larger,High_Income,Urban,Compact,PHEV_50,0.0
reference,2024,Some_Drivers_Larger,High_Income,Urban,Midsize,BEV_100,0.0
reference,2024,Some_Drivers_Larger,High_Income,Urban,Midsize,BEV_300,0.0
reference,2024,Some_Drivers_Larger,High_Income,Urban,Midsize,PHEV_25,0.0
reference,2024,Some_Drivers_Larger,High_Income,Urban,Midsize,PHEV_50,0.0
reference,2024,Some_Drivers_Larger,High_Income,Urban,Pickup,BEV_100,0.0
reference,2024,Some_Drivers_Larger,High_Income,Urban,Pickup,BEV_300,0.0
reference,2024,Some_Drivers_Larger,High_Income,Urban,Pickup,PHEV_25,0.0
reference,2024,Some_Drivers_Larger,High_Income,Urban,Pickup,PHEV_50,0.0
reference,2024,Some_Drivers_Larger,High_Income,Urban,SUV,BEV_100,0.0
reference,2024,Some_Drivers_Larger,High_Income,Urban,SUV,BEV_300,0.0
reference,2024,Some_Drivers_Larger,High_Income,Urban,SUV,PHEV_25,0.0
reference,2024,Some_Drivers_Larger,High_Income,Urban,SUV,PHEV_50,0.0
reference,2024,Some_Drivers_Larger,Low_Income,Rural,Compact,BEV_100,0.0
reference,2024,Some_Drivers_Larger,Low_Income,Rural,Compact,BEV_300,1596.4615907287598
reference,2024,Some_Drivers_Larger,Low_Income,Rural,Compact,PHEV_25,0.0
reference,2024,Some_Drivers_Larger,Low_Income,Rural,Compact,PHEV_50,0.0
reference,2024,Some_Drivers_Larger,Low_Income,Rural,Midsize,BEV_100,0.0
reference,2024,Some_Drivers_Larger,Low_Income,Rural,Midsize,BEV_300,0.0
reference,2024,Some_Drivers_Larger,Low_Income,Rural,Midsize,PHEV_25,0.0
reference,2024,Some_Drivers_Larger,Low_Income,Rural,Midsize,PHEV_50,86.27177038264274
reference,2024,Some_Drivers_Larger,Low_Income,Rural,Pickup,BEV_100,0.0
reference,2024,Some_Drivers_Larger,Low_Income,Rural,Pickup,BEV_300,0.0
reference,2024,Some_Drivers_Larger,Low_Income,Rural,Pickup,PHEV_25,154.16974203275146
reference,2024,Some_Drivers_Larger,Low_Income,Rural,Pickup,PHEV_50,0.0
reference,2024,Some_Drivers_Larger,Low_Income,Rural,SUV,BEV_100,0.0
reference,2024,Some_Drivers_Larger,Low_Income,Rural,SUV,BEV_300,282.98618233469875
reference,2024,Some_Drivers_Larger,Low_Income,Rural,SUV,PHEV_25,0.0
reference,2024,Some_Drivers_Larger,Low_Income,Rural,SUV,PHEV_50,0.0
reference,2024,Some_Drivers_Larger,Low_Income,Second_City,Compact,BEV_100,0.0
reference,2024,Some_Drivers_Larger,Low_Income,Second_City,Compact,BEV_300,0.0
reference,2024,Some_Drivers_Larger,Low_Income,Second_City,Compact,PHEV_25,0.0
reference,2024,Some_Drivers_Larger,Low_Income,Second_City,Compact,PHEV_50,0.0
reference,2024,Some_Drivers_Larger,Low_Income,Second_City,Midsize,BEV_100,0.0
reference,2024,Some_Drivers_Larger,Low_Income,Second_City,Midsize,BEV_300,0.0
reference,2024,Some_Drivers_Larger,Low_Income,Second_City,Midsize,PHEV_25,37.64693135213852
reference,2024,Some_Drivers_Larger,Low_Income,Second_City,Midsize,PHEV_50,0.0
reference,2024,Some_Drivers_Larger,Low_Income,Second_City,Pickup,BEV_100,0.0
reference,2024,Some_Drivers_Larger,Low_Income,Second_City,Pickup,BEV_300,0.0
reference,2024,Some_Drivers_Larger,Low_Income,Second_City,Pickup,PHEV_25,0.0
reference,2024,Some_Drivers_Larger,Low_Income,Second_City,Pickup,PHEV_50,46.99137741082907
reference,2024,Some_Drivers_Larger,Low_Income,Second_City,SUV,BEV_100,0.0
reference,2024,Some_Drivers_Larger,Low_Income,Second_City,SUV,BEV_300,0.0
reference,2024,Some_Drivers_Larger,Low_Income,Second_City,SUV,PHEV_25,0.0
reference,2024,Some_Drivers_Larger,Low_Income,Second_City,SUV,PHEV_50,0.0
reference,2024,Some_Drivers_Larger,Low_Income,Small_Town,Compact,BEV_100,0.0
reference,2024,Some_Drivers_Larger,Low_Income,Small_Town,Compact,BEV_300,0.0
reference,2024,Some_Drivers_Larger,Low_Income,Small_Town,Compact,PHEV_25,0.0
reference,2024,Some_Drivers_Larger,Low_Income,Small_Town,Compact,PHEV_50,0.0
reference,2024,Some_Drivers_Larger,Low_Income,Small_Town,Midsize,BEV_100,0.0
reference,2024,Some_Drivers_Larger,Low_Income,Small_Town,Midsize,BEV_300,0.0
reference,2024,Some_Drivers_Larger,Low_Income,Small_Town,Midsize,PHEV_25,0.0
reference,2024,Some_Drivers_Larger,Low_Income,Small_Town,Midsize,PHEV_50,0.0
reference,2024,Some_Drivers_Larger,Low_Income,Small_Town,Pickup,BEV_100,0.0
reference,2024,Some_Drivers_Larger,Low_Income,Small_Town,Pickup,BEV_300,0.0
reference,2024,Some_Drivers_Larger,Low_Income,Small_Town,Pickup,PHEV_25,0.0
reference,2024,Some_Drivers_Larger,Low_Income,Small_Town,Pickup,PHEV_50,0.0
reference,2024,Some_Drivers_Larger,Low_Income,Small_Town,SUV,BEV_100,0.0
reference,2024,Some_Drivers_Larger,Low_Income,Small_Town,SUV,BEV_300,0.0
reference,2024,Some_Drivers_Larger,Low_Income,Small_Town,SUV,PHEV_25,54.44170547416807
reference,2024,Some_Drivers_Larger,Low_Income,Small_Town,SUV,PHEV_50,0.0
reference,2024,Some_Drivers_Larger,Low_Income,Suburban,Compact,BEV_100,0.0
reference,2024,Some_Drivers_Larger,Low_Income,Suburban,Compact,BEV_300,0.0
reference,2024,Some_Drivers_Larger,Low_Income,Suburban,Compact,PHEV_25,0.0
reference,2024,Some_Drivers_Larger,Low_Income,Suburban,Compact,PHEV_50,0.0
reference,2024,Some_Drivers_Larger,Low_Income,Suburban,Midsize,BEV_100,0.0
reference,2024,Some_Drivers_Larger,Low_Income,Suburban,Midsize,BEV_300,0.0
reference,2024,Some_Drivers_Larger,Low_Income,Suburban,Midsize,PHEV_25,0.0
reference,2024,Some_Drivers_Larger,Low_Income,Suburban,Midsize,PHEV_50,0.0
reference,2024,Some_Drivers_Larger,Low_Income,Suburban,Pickup,BEV_100,0.0
reference,2024,Some_Drivers_Larger,Low_Income,Suburban,Pickup,BEV_300,50.09241060698032
reference,2024,Some_Drivers_Larger,Low_Income,Suburban,Pickup,PHEV_25,49.35108146184683
reference,2024,Some_Drivers_Larger,Low_Income,Suburban,Pickup,PHEV_50,0.0
reference,2024,Some_Drivers_Larger,Low_Income,Suburban,SUV,BEV_100,0.0
reference,2024,Some_Drivers_Larger,Low_Income,Suburban,SUV,BEV_300,0.0
reference,2024,Some_Drivers_Larger,Low_Income,Suburban,SUV,PHEV_25,21.01205652970076
reference,2024,Some_Drivers_Larger,Low_Income,Suburban,SUV,PHEV_50,147.69095849158242
reference,2024,Some_Drivers_Larger,Low_Income,Urban,Compact,BEV_100,0.0
reference,2024,Some_Drivers_Larger,Low_Income,Urban,Compact,BEV_300,0.0
reference,2024,Some_Drivers_Larger,Low_Income,Urban,Compact,PHEV_25,0.0
reference,2024,Some_Drivers_Larger,Low_Income,Urban,Compact,PHEV_50,0.0
reference,2024,Some_Drivers_Larger,Low_Income,Urban,Midsize,BEV_100,0.0
reference,2024,Some_Drivers_Larger,Low_Income,Urban,Midsize,BEV_300,0.0
reference,2024,Some_Drivers_Larger,Low_Income,Urban,Midsize,PHEV_25,0.0
reference,2024,Some_Drivers_Larger,Low_Income,Urban,Midsize,PHEV_50,0.0
reference,2024,Some_Drivers_Larger,Low_Income,Urban,Pickup,BEV_100,0.0
reference,2024,Some_Drivers_Larger,Low_Income,Urban,Pickup,BEV_300,0.0
reference,2024,Some_Drivers_Larger,Low_Income,Urban,Pickup,PHEV_25,0.0
reference,2024,Some_Drivers_Larger,Low_Income,Urban,Pickup,PHEV_50,0.0
reference,2024,Some_Drivers_Larger,Low_Income,Urban,SUV,BEV_100,0.0
reference,2024,Some_Drivers_Larger,Low_Income,Urban,SUV,BEV_300,0.0
reference,2024,Some_Drivers_Larger,Low_Income,Urban,SUV,PHEV_25,0.0
reference,2024,Some_Drivers_Larger,Low_Income,Urban,SUV,PHEV_50,0.0
reference,2024,Some_Drivers_Larger,Middle_Income,Rural,Compact,BEV_100,0.0
reference,2024,Some_Drivers_Larger,Middle_Income,Rural,Compact,BEV_300,0.0
reference,2024,Some_Drivers_Larger,Middle_Income,Rural,Compact,PHEV_25,0.0
reference,2024,Some_Drivers_Larger,Middle_Income,Rural,Compact,PHEV_50,0.0
reference,2024,Some_Drivers_Larger,Middle_Income,Rural,Midsize,BEV_100,0.0
reference,2024,Some_Drivers_Larger,Middle_Income,Rural,Midsize,BEV_300,0.0
reference,2024,Some_Drivers_Larger,Middle_Income,Rural,Midsize,PHEV_25,484.82424745810033
reference,2024,Some_Drivers_Larger,Middle_Income,Rural,Midsize,PHEV_50,0.0
reference,2024,Some_Drivers_Larger,Middle_Income,Rural,Pickup,BEV_100,523.5331657593847
reference,2024,Some_Drivers_Larger,Middle_Income,Rural,Pickup,BEV_300,164.45218980920316
reference,2024,Some_Drivers_Larger,Middle_Income,Rural,Pickup,PHEV_25,0.0
reference,2024,Some_Drivers_Larger,Middle_Income,Rural,Pickup,PHEV_50,0.0
reference,2024,Some_Drivers_Larger,Middle_Income,Rural,SUV,BEV_100,992.6134874396772
reference,2024,Some_Drivers_Larger,Middle_Income,Rural,SUV,BEV_300,0.0
reference,2024,Some_Drivers_Larger,Middle_Income,Rural,SUV,PHEV_25,0.0
reference,2024,Some_Drivers_Larger,Middle_Income,Rural,SUV,PHEV_50,237.8564081845284
reference,2024,Some_Drivers_Larger,Middle_Income,Second_City,Compact,BEV_100,0.0
reference,2024,Some_Drivers_Larger,Middle_Income,Second_City,Compact,BEV_300,0.0
reference,2024,Some_Drivers_Larger,Middle_Income,Second_City,Compact,PHEV_25,0.0
reference,2024,Some_Drivers_Larger,Middle_Income,Second_City,Compact,PHEV_50,0.0
reference,2024,Some_Drivers_Larger,Middle_Income,Second_City,Midsize,BEV_100,0.0
reference,2024,Some_Drivers_Larger,Middle_Income,Second_City,Midsize,BEV_300,0.0
reference,2024,Some_Drivers_Larger,Middle_Income,Second_City,Midsize,PHEV_25,51.4692755946517
reference,2024,Some_Drivers_Larger,Middle_Income,Second_City,Midsize,PHEV_50,0.0
reference,2024,Some_Drivers_Larger,Middle_Income,Second_City,Pickup,BEV_100,0.0
reference,2024,Some_Drivers_Larger,Middle_Income,Second_City,Pickup,BEV_300,0.0
reference,2024,Some_Drivers_Larger,Middle_Income,Second_City,Pickup,PHEV_25,0.0
reference,2024,Some_Drivers_Larger,Middle_Income,Second_City,Pickup,PHEV_50,0.0
reference,2024,Some_Drivers_Larger,Middle_Income,Second_City,SUV,BEV_100,0.0
reference,2024,Some_Drivers_Larger,Middle_Income,Second_City,SUV,BEV_300,0.0
reference,2024,Some_Drivers_Larger,Middle_Income,Second_City,SUV,PHEV_25,0.0
reference,2024,Some_Drivers_Larger,Middle_Income,Second_City,SUV,PHEV_50,0.0
reference,2024,Some_Drivers_Larger,Middle_Income,Small_Town,Compact,BEV_100,0.0
reference,2024,Some_Drivers_Larger,Middle_Income,Small_Town,Compact,BEV_300,0.0
reference,2024,Some_Drivers_Larger,Middle_Income,Small_Town,Compact,PHEV_25,0.0
reference,2024,Some_Drivers_Larger,Middle_Income,Small_Town,Compact,PHEV_50,0.0
reference,2024,Some_Drivers_Larger,Middle_Income,Small_Town,Midsize,BEV_100,0.0
reference,2024,Some_Drivers_Larger,Middle_Income,Small_Town,Midsize,BEV_300,0.0
reference,2024,Some_Drivers_Larger,Middle_Income,Small_Town,Midsize,PHEV_25,0.0
reference,2024,Some_Drivers_Larger,Middle_Income,Small_Town,Midsize,PHEV_50,0.0
reference,2024,Some_Drivers_Larger,Middle_Income,Small_Town,Pickup,BEV_100,0.0
reference,2024,Some_Drivers_Larger,Middle_Income,Small_Town,Pickup,BEV_300,0.0
reference,2024,Some_Drivers_Larger,Middle_Income,Small_Town,Pickup,PHEV_25,42.426601261854174
reference,2024,Some_Drivers_Larger,Middle_Income,Small_Town,Pickup,PHEV_50,0.0
reference,2024,Some_Drivers_Larger,Middle_Income,Small_Town,SUV,BEV_100,0.0
reference,2024,Some_Drivers_Larger,Middle_Income,Small_Town,SUV,BEV_300,0.0
reference,2024,Some_Drivers_Larger,Middle_Income,Small_Town,SUV,PHEV_25,82.83056657212973
reference,2024,Some_Drivers_Larger,Middle_Income,Small_Town,SUV,PHEV_50,0.0
reference,2024,Some_Drivers_Larger,Middle_Income,Suburban,Compact,BEV_100,0.0
reference,2024,Some_Drivers_Larger,Middle_Income,Suburban,Compact,BEV_300,0.0
reference,2024,Some_Drivers_Larger,Middle_Income,Suburban,Compact,PHEV_25,0.0
reference,2024,Some_Drivers_Larger,Middle_Income,Suburban,Compact,PHEV_50,86.54914587074518
reference,2024,Some_Drivers_Larger,Middle_Income,Suburban,Midsize,BEV_100,123.1177778333798
reference,2024,Some_Drivers_Larger,Middle_Income,Suburban,Midsize,BEV_300,0.0
reference,2024,Some_Drivers_Larger,Middle_Income,Suburban,Midsize,PHEV_25,57.97778598713875
reference,2024,Some_Drivers_Larger,Middle_Income,Suburban,Midsize,PHEV_50,97.30161661997438
reference,2024,Some_Drivers_Larger,Middle_Income,Suburban,Pickup,BEV_100,330.9704616326392
reference,2024,Some_Drivers_Larger,Middle_Income,Suburban,Pickup,BEV_300,0.0
reference,2024,Some_Drivers_Larger,Middle_Income,Suburban,Pickup,PHEV_25,98.19453713895751
reference,2024,Some_Drivers_Larger,Middle_Income,Suburban,Pickup,PHEV_50,0.0
reference,2024,Some_Drivers_Larger,Middle_Income,Suburban,SUV,BEV_100,152.41956254541873
reference,2024,Some_Drivers_Larger,Middle_Income,Suburban,SUV,BEV_300,0.0
reference,2024,Some_Drivers_Larger,Middle_Income,Suburban,SUV,PHEV_25,90.54872726503017
reference,2024,Some_Drivers_Larger,Middle_Income,Suburban,SUV,PHEV_50,0.0
reference,2024,Some_Drivers_Larger,Middle_Income,Urban,Compact,BEV_100,0.0
reference,2024,Some_Drivers_Larger,Middle_Income,Urban,Compact,BEV_300,0.0
reference,2024,Some_Drivers_Larger,Middle_Income,Urban,Compact,PHEV_25,0.0
reference,2024,Some_Drivers_Larger,Middle_Income,Urban,Compact,PHEV_50,0.0
reference,2024,Some_Drivers_Larger,Middle_Income,Urban,Midsize,BEV_100,0.0
reference,2024,Some_Drivers_Larger,Middle_Income,Urban,Midsize,BEV_300,0.0
reference,2024,Some_Drivers_Larger,Middle_Income,Urban,Midsize,PHEV_25,0.0
reference,2024,Some_Drivers_Larger,Middle_Income,Urban,Midsize,PHEV_50,0.0
reference,2024,Some_Drivers_Larger,Middle_Income,Urban,Pickup,BEV_100,0.0
reference,2024,Some_Drivers_Larger,Middle_Income,Urban,Pickup,BEV_300,0.0
reference,2024,Some_Drivers_Larger,Middle_Income,Urban,Pickup,PHEV_25,0.0
reference,2024,Some_Drivers_Larger,Middle_Income,Urban,Pickup,PHEV_50,0.0
reference,2024,Some_Drivers_Larger,Middle_Income,Urban,SUV,BEV_100,0.0
reference,2024,Some_Drivers_Larger,Middle_Income,Urban,SUV,BEV_300,0.0
reference,2024,Some_Drivers_Larger,Middle_Income,Urban,SUV,PHEV_25,0.0
reference,2024,Some_Drivers_Larger,Middle_Income,Urban,SUV,PHEV_50,0.0
reference,2024,Some_Drivers_Smaller,High_Income,Rural,Compact,BEV_100,0.0
reference,2024,Some_Drivers_Smaller,High_Income,Rural,Compact,BEV_300,0.0
reference,2024,Some_Drivers_Smaller,High_Income,Rural,Compact,PHEV_25,138.36302187514306
reference,2024,Some_Drivers_Smaller,High_Income,Rural,Compact,PHEV_50,0.0
reference,2024,Some_Drivers_Smaller,High_Income,Rural,Midsize,BEV_100,0.0
reference,2024,Some_Drivers_Smaller,High_Income,Rural,Midsize,BEV_300,0.0
reference,2024,Some_Drivers_Smaller,High_Income,Rural,Midsize,PHEV_25,0.0
reference,2024,Some_Drivers_Smaller,High_Income,Rural,Midsize,PHEV_50,378.8571122226864
reference,2024,Some_Drivers_Smaller,High_Income,Rural,Pickup,BEV_100,0.0
reference,2024,Some_Drivers_Smaller,High_Income,Rural,Pickup,BEV_300,0.0
reference,2024,Some_Drivers_Smaller,High_Income,Rural,Pickup,PHEV_25,0.0
reference,2024,Some_Drivers_Smaller,High_Income,Rural,Pickup,PHEV_50,230.3220013281703
reference,2024,Some_Drivers_Smaller,High_Income,Rural,SUV,BEV_100,776.3224652704597
reference,2024,Some_Drivers_Smaller,High_Income,Rural,SUV,BEV_300,177.41785361433028
reference,2024,Some_Drivers_Smaller,High_Income,Rural,SUV,PHEV_25,97.704938757658
reference,2024,Some_Drivers_Smaller,High_Income,Rural,SUV,PHEV_50,0.0
reference,2024,Some_Drivers_Smaller,High_Income,Second_City,Compact,BEV_100,0.0
reference,2024,Some_Drivers_Smaller,High_Income,Second_City,Compact,BEV_300,0.0
reference,2024,Some_Drivers_Smaller,High_Income,Second_City,Compact,PHEV_25,0.0
reference,2024,Some_Drivers_Smaller,High_Income,Second_City,Compact,PHEV_50,0.0
reference,2024,Some_Drivers_Smaller,High_Income,Second_City,Midsize,BEV_100,0.0
reference,2024,Some_Drivers_Smaller,High_Income,Second_City,Midsize,BEV_300,0.0
reference,2024,Some_Drivers_Smaller,High_Income,Second_City,Midsize,PHEV_25,0.0
reference,2024,Some_Drivers_Smaller,High_Income,Second_City,Midsize,PHEV_50,0.0
reference,2024,Some_Drivers_Smaller,High_Income,Second_City,Pickup,BEV_100,0.0
reference,2024,Some_Drivers_Smaller,High_Income,Second_City,Pickup,BEV_300,0.0
reference,2024,Some_Drivers_Smaller,High_Income,Second_City,Pickup,PHEV_25,0.0
reference,2024,Some_Drivers_Smaller,High_Income,Second_City,Pickup,PHEV_50,0.0
reference,2024,Some_Drivers_Smaller,High_Income,Second_City,SUV,BEV_100,0.0
reference,2024,Some_Drivers_Smaller,High_Income,Second_City,SUV,BEV_300,0.0
reference,2024,Some_Drivers_Smaller,High_Income,Second_City,SUV,PHEV_25,0.0
reference,2024,Some_Drivers_Smaller,High_Income,Second_City,SUV,PHEV_50,0.0
reference,2024,Some_Drivers_Smaller,High_Income,Small_Town,Compact,BEV_100,0.0
reference,2024,Some_Drivers_Smaller,High_Income,Small_Town,Compact,BEV_300,0.0
reference,2024,Some_Drivers_Smaller,High_Income,Small_Town,Compact,PHEV_25,0.0
reference,2024,Some_Drivers_Smaller,High_Income,Small_Town,Compact,PHEV_50,0.0
reference,2024,Some_Drivers_Smaller,High_Income,Small_Town,Midsize,BEV_100,1034.632697927475
reference,2024,Some_Drivers_Smaller,High_Income,Small_Town,Midsize,BEV_300,0.0
reference,2024,Some_Drivers_Smaller,High_Income,Small_Town,Midsize,PHEV_25,0.0
reference,2024,Some_Drivers_Smaller,High_Income,Small_Town,Midsize,PHEV_50,0.0
reference,2024,Some_Drivers_Smaller,High_Income,Small_Town,Pickup,BEV_100,109.0603549577892
reference,2024,Some_Drivers_Smaller,High_Income,Small_Town,Pickup,BEV_300,0.0
reference,2024,Some_Drivers_Smaller,High_Income,Small_Town,Pickup,PHEV_25,0.0
reference,2024,Some_Drivers_Smaller,High_Income,Small_Town,Pickup,PHEV_50,0.0
reference,2024,Some_Drivers_Smaller,High_Income,Small_Town,SUV,BEV_100,0.0
reference,2024,Some_Drivers_Smaller,High_Income,Small_Town,SUV,BEV_300,0.0
reference,2024,Some_Drivers_Smaller,High_Income,Small_Town,SUV,PHEV_25,60.60976952105761
reference,2024,Some_Drivers_Smaller,High_Income,Small_Town,SUV,PHEV_50,0.0
reference,2024,Some_Drivers_Smaller,High_Income,Suburban,Compact,BEV_100,0.0
reference,2024,Some_Drivers_Smaller,High_Income,Suburban,Compact,BEV_300,0.0
reference,2024,Some_Drivers_Smaller,High_Income,Suburban,Compact,PHEV_25,0.0
reference,2024,Some_Drivers_Smaller,High_Income,Suburban,Compact,PHEV_50,132.4642467534542
reference,2024,Some_Drivers_Smaller,High_Income,Suburban,Midsize,BEV_100,0.0
reference,2024,Some_Drivers_Smaller,High_Income,Suburban,Midsize,BEV_300,64.66850874233246
reference,2024,Some_Drivers_Smaller,High_Income,Suburban,Midsize,PHEV_25,88.51888672471047
reference,2024,Some_Drivers_Smaller,High_Income,Suburban,Midsize,PHEV_50,0.0
reference,2024,Some_Drivers_Smaller,High_Income,Suburban,Pickup,BEV_100,0.0
reference,2024,Some_Drivers_Smaller,High_Income,Suburban,Pickup,BEV_300,0.0
reference,2024,Some_Drivers_Smaller,High_Income,Suburban,Pickup,PHEV_25,0.0
reference,2024,Some_Drivers_Smaller,High_Income,Suburban,Pickup,PHEV_50,0.0
reference,2024,Some_Drivers_Smaller,High_Income,Suburban,SUV,BEV_100,0.0
reference,2024,Some_Drivers_Smaller,High_Income,Suburban,SUV,BEV_300,0.0
reference,2024,Some_Drivers_Smaller,High_Income,Suburban,SUV,PHEV_25,50.89384569437802
reference,2024,Some_Drivers_Smaller,High_Income,Suburban,SUV,PHEV_50,82.1334121361971
reference,2024,Some_Drivers_Smaller,High_Income,Urban,Compact,BEV_100,0.0
reference,2024,Some_Drivers_Smaller,High_Income,Urban,Compact,BEV_300,0.0
reference,2024,Some_Drivers_Smaller,High_Income,Urban,Compact,PHEV_25,0.0
reference,2024,Some_Drivers_Smaller,High_Income,Urban,Compact,PHEV_50,0.0
reference,2024,Some_Drivers_Smaller,High_Income,Urban,Midsize,BEV_100,0.0
reference,2024,Some_Drivers_Smaller,High_Income,Urban,Midsize,BEV_300,0.0
reference,2024,Some_Drivers_Smaller,High_Income,Urban,Midsize,PHEV_25,0.0
reference,2024,Some_Drivers_Smaller,High_Income,Urban,Midsize,PHEV_50,0.0
reference,2024,Some_Drivers_Smaller,High_Income,Urban,Pickup,BEV_100,0.0
reference,2024,Some_Drivers_Smaller,High_Income,Urban,Pickup,BEV_300,0.0
reference,2024,Some_Drivers_Smaller,High_Income,Urban,Pickup,PHEV_25,0.0
reference,2024,Some_Drivers_Smaller,High_Income,Urban,Pickup,PHEV_50,0.0
reference,2024,Some_Drivers_Smaller,High_Income,Urban,SUV,BEV_100,0.0
reference,2024,Some_Drivers_Smaller,High_Income,Urban,SUV,BEV_300,0.0
reference,2024,Some_Drivers_Smaller,High_Income,Urban,SUV,PHEV_25,0.0
reference,2024,Some_Drivers_Smaller,High_Income,Urban,SUV,PHEV_50,0.0
reference,2024,Some_Drivers_Smaller,Low_Income,Rural,Compact,BEV_100,0.0
reference,2024,Some_Drivers_Smaller,Low_Income,Rural,Compact,BEV_300,0.0
reference,2024,Some_Drivers_Smaller,Low_Income,Rural,Compact,PHEV_25,0.0
reference,2024,Some_Drivers_Smaller,Low_Income,Rural,Compact,PHEV_50,115.03603314447405
reference,2024,Some_Drivers_Smaller,Low_Income,Rural,Midsize,BEV_100,257.4154299570322
reference,2024,Some_Drivers_Smaller,Low_Income,Rural,Midsize,BEV_300,0.0
reference,2024,Some_Drivers_Smaller,Low_Income,Rural,Midsize,PHEV_25,97.32047038102152
reference,2024,Some_Drivers_Smaller,Low_Income,Rural,Midsize,PHEV_50,0.0
reference,2024,Some_Drivers_Smaller,Low_Income,Rural,Pickup,BEV_100,327.17351378124954
reference,2024,Some_Drivers_Smaller,Low_Income,Rural,Pickup,BEV_300,0.0
reference,2024,Some_Drivers_Smaller,Low_Income,Rural,Pickup,PHEV_25,0.0
reference,2024,Some_Drivers_Smaller,Low_Income,Rural,Pickup,PHEV_50,210.84400606787204
reference,2024,Some_Drivers_Smaller,Low_Income,Rural,SUV,BEV_100,527.1850452144146
reference,2024,Some_Drivers_Smaller,Low_Income,Rural,SUV,BEV_300,0.0
reference,2024,Some_Drivers_Smaller,Low_Income,Rural,SUV,PHEV_25,50.28473657178879
reference,2024,Some_Drivers_Smaller,Low_Income,Rural,SUV,PHEV_50,0.0
reference,2024,Some_Drivers_Smaller,Low_Income,Second_City,Compact,BEV_100,0.0
reference,2024,Some_Drivers_Smaller,Low_Income,Second_City,Compact,BEV_300,0.0
reference,2024,Some_Drivers_Smaller,Low_Income,Second_City,Compact,PHEV_25,0.0
reference,2024,Some_Drivers_Smaller,Low_Income,Second_City,Compact,PHEV_50,0.0
reference,2024,Some_Drivers_Smaller,Low_Income,Second_City,Midsize,BEV_100,0.0
reference,2024,Some_Drivers_Smaller,Low_Income,Second_City,Midsize,BEV_300,0.0
reference,2024,Some_Drivers_Smaller,Low_Income,Second_City,Midsize,PHEV_25,36.75487553605437
reference,2024,Some_Drivers_Smaller,Low_Income,Second_City,Midsize,PHEV_50,63.97746144157648
reference,2024,Some_Drivers_Smaller,Low_Income,Second_City,Pickup,BEV_100,0.0
reference,2024,Some_Drivers_Smaller,Low_Income,Second_City,Pickup,BEV_300,0.0
reference,2024,Some_Drivers_Smaller,Low_Income,Second_City,Pickup,PHEV_25,0.0
reference,2024,Some_Drivers_Smaller,Low_Income,Second_City,Pickup,PHEV_50,0.0
reference,2024,Some_Drivers_Smaller,Low_Income,Second_City,SUV,BEV_100,0.0
reference,2024,Some_Drivers_Smaller,Low_Income,Second_City,SUV,BEV_300,46.87386005452275
reference,2024,Some_Drivers_Smaller,Low_Income,Second_City,SUV,PHEV_25,0.0
reference,2024,Some_Drivers_Smaller,Low_Income,Second_City,SUV,PHEV_50,0.0
reference,2024,Some_Drivers_Smaller,Low_Income,Small_Town,Compact,BEV_100,0.0
reference,2024,Some_Drivers_Smaller,Low_Income,Small_Town,Compact,BEV_300,0.0
reference,2024,Some_Drivers_Smaller,Low_Income,Small_Town,Compact,PHEV_25,0.0
reference,2024,Some_Drivers_Smaller,Low_Income,Small_Town,Compact,PHEV_50,0.0
reference,2024,Some_Drivers_Smaller,Low_Income,Small_Town,Midsize,BEV_100,0.0
reference,2024,Some_Drivers_Smaller,Low_Income,Small_Town,Midsize,BEV_300,0.0
reference,2024,Some_Drivers_Smaller,Low_Income,Small_Town,Midsize,PHEV_25,0.0
reference,2024,Some_Drivers_Smaller,Low_Income,Small_Town,Midsize,PHEV_50,0.0
reference,2024,Some_Drivers_Smaller,Low_Income,Small_Town,Pickup,BEV_100,0.0
reference,2024,Some_Drivers_Smaller,Low_Income,Small_Town,Pickup,BEV_300,0.0
reference,2024,Some_Drivers_Smaller,Low_Income,Small_Town,Pickup,PHEV_25,0.0
reference,2024,Some_Drivers_Smaller,Low_Income,Small_Town,Pickup,PHEV_50,0.0
reference,2024,Some_Drivers_Smaller,Low_Income,Small_Town,SUV,BEV_100,36.48357512921095
reference,2024,Some_Drivers_Smaller,Low_Income,Small_Town,SUV,BEV_300,0.0
reference,2024,Some_Drivers_Smaller,Low_Income,Small_Town,SUV,PHEV_25,43.88979354155064
reference,2024,Some_Drivers_Smaller,Low_Income,Small_Town,SUV,PHEV_50,0.0
reference,2024,Some_Drivers_Smaller,Low_Income,Suburban,Compact,BEV_100,0.0
reference,2024,Some_Drivers_Smaller,Low_Income,Suburban,Compact,BEV_300,0.0
reference,2024,Some_Drivers_Smaller,Low_Income,Suburban,Compact,PHEV_25,0.0
reference,2024,Some_Drivers_Smaller,Low_Income,Suburban,Compact,PHEV_50,0.0
reference,2024,Some_Drivers_Smaller,Low_Income,Suburban,Midsize,BEV_100,0.0
reference,2024,Some_Drivers_Smaller,Low_Income,Suburban,Midsize,BEV_300,0.0
reference,2024,Some_Drivers_Smaller,Low_Income,Suburban,Midsize,PHEV_25,0.0
reference,2024,Some_Drivers_Smaller,Low_Income,Suburban,Midsize,PHEV_50,0.0
reference,2024,Some_Drivers_Smaller,Low_Income,Suburban,Pickup,BEV_100,0.0
reference,2024,Some_Drivers_Smaller,Low_Income,Suburban,Pickup,BEV_300,0.0
reference,2024,Some_Drivers_Smaller,Low_Income,Suburban,Pickup,PHEV_25,0.0
reference,2024,Some_Drivers_Smaller,Low_Income,Suburban,Pickup,PHEV_50,0.0
reference,2024,Some_Drivers_Smaller,Low_Income,Suburban,SUV,BEV_100,0.0
reference,2024,Some_Drivers_Smaller,Low_Income,Suburban,SUV,BEV_300,0.0
reference,2024,Some_Drivers_Smaller,Low_Income,Suburban,SUV,PHEV_25,77.15305679702759
reference,2024,Some_Drivers_Smaller,Low_Income,Suburban,SUV,PHEV_50,0.0
reference,2024,Some_Drivers_Smaller,Low_Income,Urban,Compact,BEV_100,0.0
reference,2024,Some_Drivers_Smaller,Low_Income,Urban,Compact,BEV_300,0.0
reference,2024,Some_Drivers_Smaller,Low_Income,Urban,Compact,PHEV_25,0.0
reference,2024,Some_Drivers_Smaller,Low_Income,Urban,Compact,PHEV_50,0.0
reference,2024,Some_Drivers_Smaller,Low_Income,Urban,Midsize,BEV_100,0.0
reference,2024,Some_Drivers_Smaller,Low_Income,Urban,Midsize,BEV_300,0.0
reference,2024,Some_Drivers_Smaller,Low_Income,Urban,Midsize,PHEV_25,0.0
reference,2024,Some_Drivers_Smaller,Low_Income,Urban,Midsize,PHEV_50,0.0
reference,2024,Some_Drivers_Smaller,Low_Income,Urban,Pickup,BEV_100,0.0
reference,2024,Some_Drivers_Smaller,Low_Income,Urban,Pickup,BEV_300,0.0
reference,2024,Some_Drivers_Smaller,Low_Income,Urban,Pickup,PHEV_25,0.0
reference,2024,Some_Drivers_Smaller,Low_Income,Urban,Pickup,PHEV_50,0.0
reference,2024,Some_Drivers_Smaller,Low_Income,Urban,SUV,BEV_100,0.0
reference,2024,Some_Drivers_Smaller,Low_Income,Urban,SUV,BEV_300,0.0
reference,2024,Some_Drivers_Smaller,Low_Income,Urban,SUV,PHEV_25,0.0
reference,2024,Some_Drivers_Smaller,Low_Income,Urban,SUV,PHEV_50,0.0
reference,2024,Some_Drivers_Smaller,Middle_Income,Rural,Compact,BEV_100,0.0
reference,2024,Some_Drivers_Smaller,Middle_Income,Rural,Compact,BEV_300,0.0
reference,2024,Some_Drivers_Smaller,Middle_Income,Rural,Compact,PHEV_25,0.0
reference,2024,Some_Drivers_Smaller,Middle_Income,Rural,Compact,PHEV_50,0.0
reference,2024,Some_Drivers_Smaller,Middle_Income,Rural,Midsize,BEV_100,0.0
reference,2024,Some_Drivers_Smaller,Middle_Income,Rural,Midsize,BEV_300,0.0
reference,2024,Some_Drivers_Smaller,Middle_Income,Rural,Midsize,PHEV_25,318.2234452385903
reference,2024,Some_Drivers_Smaller,Middle_Income,Rural,Midsize,PHEV_50,0.0
reference,2024,Some_Drivers_Smaller,Middle_Income,Rural,Pickup,BEV_100,0.0
reference,2024,Some_Drivers_Smaller,Middle_Income,Rural,Pickup,BEV_300,0.0
reference,2024,Some_Drivers_Smaller,Middle_Income,Rural,Pickup,PHEV_25,495.7779213080406
reference,2024,Some_Drivers_Smaller,Middle_Income,Rural,Pickup,PHEV_50,565.7594662120938
reference,2024,Some_Drivers_Smaller,Middle_Income,Rural,SUV,BEV_100,0.0
reference,2024,Some_Drivers_Smaller,Middle_Income,Rural,SUV,BEV_300,0.0
reference,2024,Some_Drivers_Smaller,Middle_Income,Rural,SUV,PHEV_25,257.0735403892994
reference,2024,Some_Drivers_Smaller,Middle_Income,Rural,SUV,PHEV_50,440.630001334548
reference,2024,Some_Drivers_Smaller,Middle_Income,Second_City,Compact,BEV_100,0.0
reference,2024,Some_Drivers_Smaller,Middle_Income,Second_City,Compact,BEV_300,0.0
reference,2024,Some_Drivers_Smaller,Middle_Income,Second_City,Compact,PHEV_25,0.0
reference,2024,Some_Drivers_Smaller,Middle_Income,Second_City,Compact,PHEV_50,0.0
reference,2024,Some_Drivers_Smaller,Middle_Income,Second_City,Midsize,BEV_100,50.56745505417884
reference,2024,Some_Drivers_Smaller,Middle_Income,Second_City,Midsize,BEV_300,0.0
reference,2024,Some_Drivers_Smaller,Middle_Income,Second_City,Midsize,PHEV_25,43.12067704926432
reference,2024,Some_Drivers_Smaller,Middle_Income,Second_City,Midsize,PHEV_50,35.742588498272
reference,2024,Some_Drivers_Smaller,Middle_Income,Second_City,Pickup,BEV_100,0.0
reference,2024,Some_Drivers_Smaller,Middle_Income,Second_City,Pickup,BEV_300,0.0
reference,2024,Some_Drivers_Smaller,Middle_Income,Second_City,Pickup,PHEV_25,0.0
reference,2024,Some_Drivers_Smaller,Middle_Income,Second_City,Pickup,PHEV_50,0.0
reference,2024,Some_Drivers_Smaller,Middle_Income,Second_City,SUV,BEV_100,0.0
reference,2024,Some_Drivers_Smaller,Middle_Income,Second_City,SUV,BEV_300,0.0
reference,2024,Some_Drivers_Smaller,Middle_Income,Second_City,SUV,PHEV_25,62.428128725886346
reference,2024,Some_Drivers_Smaller,Middle_Income,Second_City,SUV,PHEV_50,29.114519534558056
reference,2024,Some_Drivers_Smaller,Middle_Income,Small_Town,Compact,BEV_100,0.0
reference,2024,Some_Drivers_Smaller,Middle_Income,Small_Town,Compact,BEV_300,0.0
reference,2024,Some_Drivers_Smaller,Middle_Income,Small_Town,Compact,PHEV_25,0.0
reference,2024,Some_Drivers_Smaller,Middle_Income,Small_Town,Compact,PHEV_50,0.0
reference,2024,Some_Drivers_Smaller,Middle_Income,Small_Town,Midsize,BEV_100,0.0
reference,2024,Some_Drivers_Smaller,Middle_Income,Small_Town,Midsize,BEV_300,0.0
reference,2024,Some_Drivers_Smaller,Middle_Income,Small_Town,Midsize,PHEV_25,132.45512426662447
reference,2024,Some_Drivers_Smaller,Middle_Income,Small_Town,Midsize,PHEV_50,0.0
reference,2024,Some_Drivers_Smaller,Middle_Income,Small_Town,Pickup,BEV_100,0.0
reference,2024,Some_Drivers_Smaller,Middle_Income,Small_Town,Pickup,BEV_300,0.0
reference,2024,Some_Drivers_Smaller,Middle_Income,Small_Town,Pickup,PHEV_25,0.0
reference,2024,Some_Drivers_Smaller,Middle_Income,Small_Town,Pickup,PHEV_50,134.45672397994994
reference,2024,Some_Drivers_Smaller,Middle_Income,Small_Town,SUV,BEV_100,145.62563342380523
reference,2024,Some_Drivers_Smaller,Middle_Income,Small_Town,SUV,BEV_300,0.0
reference,2024,Some_Drivers_Smaller,Middle_Income,Small_Town,SUV,PHEV_25,0.0
reference,2024,Some_Drivers_Smaller,Middle_Income,Small_Town,SUV,PHEV_50,0.0
reference,2024,Some_Drivers_Smaller,Middle_Income,Suburban,Compact,BEV_100,0.0
reference,2024,Some_Drivers_Smaller,Middle_Income,Suburban,Compact,BEV_300,0.0
reference,2024,Some_Drivers_Smaller,Middle_Income,Suburban,Compact,PHEV_25,0.0
reference,2024,Some_Drivers_Smaller,Middle_Income,Suburban,Compact,PHEV_50,0.0
reference,2024,Some_Drivers_Smaller,Middle_Income,Suburban,Midsize,BEV_100,0.0
reference,2024,Some_Drivers_Smaller,Middle_Income,Suburban,Midsize,BEV_300,147.21978769157826
reference,2024,Some_Drivers_Smaller,Middle_Income,Suburban,Midsize,PHEV_25,0.0
reference,2024,Some_Drivers_Smaller,Middle_Income,Suburban,Midsize,PHEV_50,152.853277546525
reference,2024,Some_Drivers_Smaller,Middle_Income,Suburban,Pickup,BEV_100,173.54582275497913
reference,2024,Some_Drivers_Smaller,Middle_Income,Suburban,Pickup,BEV_300,0.0
reference,2024,Some_Drivers_Smaller,Middle_Income,Suburban,Pickup,PHEV_25,0.0
reference,2024,Some_Drivers_Smaller,Middle_Income,Suburban,Pickup,PHEV_50,0.0
reference,2024,Some_Drivers_Smaller,Middle_Income,Suburban,SUV,BEV_100,155.48711590397355
reference,2024,Some_Drivers_Smaller,Middle_Income,Suburban,SUV,BEV_300,0.0
reference,2024,Some_Drivers_Smaller,Middle_Income,Suburban,SUV,PHEV_25,199.79490380969645
reference,2024,Some_Drivers_Smaller,Middle_Income,Suburban,SUV,PHEV_50,0.0
reference,2024,Some_Drivers_Smaller,Middle_Income,Urban,Compact,BEV_100,0.0
reference,2024,Some_Drivers_Smaller,Middle_Income,Urban,Compact,BEV_300,0.0
reference,2024,Some_Drivers_Smaller,Middle_Income,Urban,Compact,PHEV_25,0.0
reference,2024,Some_Drivers_Smaller,Middle_Income,Urban,Compact,PHEV_50,0.0
reference,2024,Some_Drivers_Smaller,Middle_Income,Urban,Midsize,BEV_100,0.0
reference,2024,Some_Drivers_Smaller,Middle_Income,Urban,Midsize,BEV_300,0.0
reference,2024,Some_Drivers_Smaller,Middle_Income,Urban,Midsize,PHEV_25,0.0
reference,2024,Some_Drivers_Smaller,Middle_Income,Urban,Midsize,PHEV_50,0.0
reference,2024,Some_Drivers_Smaller,Middle_Income,Urban,Pickup,BEV_100,0.0
reference,2024,Some_Drivers_Smaller,Middle_Income,Urban,Pickup,BEV_300,0.0
reference,2024,Some_Drivers_Smaller,Middle_Income,Urban,Pickup,PHEV_25,0.0
reference,2024,Some_Drivers_Smaller,Middle_Income,Urban,Pickup,PHEV_50,0.0
reference,2024,Some_Drivers_Smaller,Middle_Income,Urban,SUV,BEV_100,0.0
reference,2024,Some_Drivers_Smaller,Middle_Income,Urban,SUV,BEV_300,0.0
reference,2024,Some_Drivers_Smaller,Middle_Income,Urban,SUV,PHEV_25,0.0
reference,2024,Some_Drivers_Smaller,Middle_Income,Urban,SUV,PHEV_50,0.0
reference,2026,Single_Driver,High_Income,Rural,Compact,BEV_100,0.0
reference,2026,Single_Driver,High_Income,Rural,Compact,BEV_300,0.0
reference,2026,Single_Driver,High_Income,Rural,Compact,PHEV_25,0.0
reference,2026,Single_Driver,High_Income,Rural,Compact,PHEV_50,0.0
reference,2026,Single_Driver,High_Income,Rural,Midsize,BEV_100,0.0
reference,2026,Single_Driver,High_Income,Rural,Midsize,BEV_300,0.0
reference,2026,Single_Driver,High_Income,Rural,Midsize,PHEV_25,0.0
reference,2026,Single_Driver,High_Income,Rural,Midsize,PHEV_50,0.0
reference,2026,Single_Driver,High_Income,Rural,Pickup,BEV_100,0.0
reference,2026,Single_Driver,High_Income,Rural,Pickup,BEV_300,0.0
reference,2026,Single_Driver,High_Income,Rural,Pickup,PHEV_25,0.0
reference,2026,Single_Driver,High_Income,Rural,Pickup,PHEV_50,0.0
reference,2026,Single_Driver,High_Income,Rural,SUV,BEV_100,0.0
reference,2026,Single_Driver,High_Income,Rural,SUV,BEV_300,0.0
reference,2026,Single_Driver,High_Income,Rural,SUV,PHEV_25,0.0
reference,2026,Single_Driver,High_Income,Rural,SUV,PHEV_50,0.0
reference,2026,Single_Driver,High_Income,Second_City,Compact,BEV_100,0.0
reference,2026,Single_Driver,High_Income,Second_City,Compact,BEV_300,0.0
reference,2026,Single_Driver,High_Income,Second_City,Compact,PHEV_25,0.0
reference,2026,Single_Driver,High_Income,Second_City,Compact,PHEV_50,0.0
reference,2026,Single_Driver,High_Income,Second_City,Midsize,BEV_100,0.0
reference,2026,Single_Driver,High_Income,Second_City,Midsize,BEV_300,0.0
reference,2026,Single_Driver,High_Income,Second_City,Midsize,PHEV_25,0.0
reference,2026,Single_Driver,High_Income,Second_City,Midsize,PHEV_50,0.0
reference,2026,Single_Driver,High_Income,Second_City,Pickup,BEV_100,0.0
reference,2026,Single_Driver,High_Income,Second_City,Pickup,BEV_300,39.85137483171373
reference,2026,Single_Driver,High_Income,Second_City,Pickup,PHEV_25,0.0
reference,2026,Single_Driver,High_Income,Second_City,Pickup,PHEV_50,0.0
reference,2026,Single_Driver,High_Income,Second_City,SUV,BEV_100,0.0
reference,2026,Single_Driver,High_Income,Second_City,SUV,BEV_300,0.0
reference,2026,Single_Driver,High_Income,Second_City,SUV,PHEV_25,32.77772296130657
reference,2026,Single_Driver,High_Income,Second_City,SUV,PHEV_50,0.0
reference,2026,Single_Driver,High_Income,Small_Town,Compact,BEV_100,0.0
reference,2026,Single_Driver,High_Income,Small_Town,Compact,BEV_300,0.0
reference,2026,Single_Driver,High_Income,Small_Town,Compact,PHEV_25,0.0
reference,2026,Single_Driver,High_Income,Small_Town,Compact,PHEV_50,0.0
reference,2026,Single_Driver,High_Income,Small_Town,Midsize,BEV_100,0.0
reference,2026,Single_Driver,High_Income,Small_Town,Midsize,BEV_300,0.0
reference,2026,Single_Driver,High_Income,Small_Town,Midsize,PHEV_25,35.21563943397999
reference,2026,Single_Driver,High_Income,Small_Town,Midsize,PHEV_50,0.0
reference,2026,Single_Driver,High_Income,Small_Town,Pickup,BEV_100,0.0
reference,2026,Single_Driver,High_Income,Small_Town,Pickup,BEV_300,0.0
reference,2026,Single_Driver,High_Income,Small_Town,Pickup,PHEV_25,0.0
reference,2026,Single_Driver,High_Income,Small_Town,Pickup,PHEV_50,0.0
reference,2026,Single_Driver,High_Income,Small_Town,SUV,BEV_100,0.0
reference,2026,Single_Driver,High_Income,Small_Town,SUV,BEV_300,0.0
reference,2026,Single_Driver,High_Income,Small_Town,SUV,PHEV_25,0.0
reference,2026,Single_Driver,High_Income,Small_Town,SUV,PHEV_50,0.0
reference,2026,Single_Driver,High_Income,Suburban,Compact,BEV_100,0.0
reference,2026,Single_Driver,High_Income,Suburban,Compact,BEV_300,0.0
reference,2026,Single_Driver,High_Income,Suburban,Compact,PHEV_25,0.0
reference,2026,Single_Driver,High_Income,Suburban,Compact,PHEV_50,0.0
reference,2026,Single_Driver,High_Income,Suburban,Midsize,BEV_100,0.0
reference,2026,Single_Driver,High_Income,Suburban,Midsize,BEV_300,0.0
reference,2026,Single_Driver,High_Income,Suburban,Midsize,PHEV_25,41.61901777505875
reference,2026,Single_Driver,High_Income,Suburban,Midsize,PHEV_50,0.0
reference,2026,Single_Driver,High_Income,Suburban,Pickup,BEV_100,40.50136250633001
reference,2026,Single_Driver,High_Income,Suburban,Pickup,BEV_300,0.0
reference,2026,Single_Driver,High_Income,Suburban,Pickup,PHEV_25,0.0
reference,2026,Single_Driver,High_Income,Suburban,Pickup,PHEV_50,0.0
reference,2026,Single_Driver,High_Income,Suburban,SUV,BEV_100,81.27796307504177
reference,2026,Single_Driver,High_Income,Suburban,SUV,BEV_300,0.0
reference,2026,Single_Driver,High_Income,Suburban,SUV,PHEV_25,0.0
reference,2026,Single_Driver,High_Income,Suburban,SUV,PHEV_50,0.0
reference,2026,Single_Driver,High_Income,Urban,Compact,BEV_100,0.0
reference,2026,Single_Driver,High_Income,Urban,Compact,BEV_300,0.0
reference,2026,Single_Driver,High_Income,Urban,Compact,PHEV_25,0.0
reference,2026,Single_Driver,High_Income,Urban,Compact,PHEV_50,0.0
reference,2026,Single_Driver,High_Income,Urban,Midsize,BEV_100,0.0
reference,2026,Single_Driver,High_Income,Urban,Midsize,BEV_300,0.0
reference,2026,Single_Driver,High_Income,Urban,Midsize,PHEV_25,0.0
reference,2026,Single_Driver,High_Income,Urban,Midsize,PHEV_50,0.0
reference,2026,Single_Driver,High_Income,Urban,Pickup,BEV_100,0.0
reference,2026,Single_Driver,High_Income,Urban,Pickup,BEV_300,0.0
reference,2026,Single_Driver,High_Income,Urban,Pickup,PHEV_25,0.0
reference,2026,Single_Driver,High_Income,Urban,Pickup,PHEV_50,0.0
reference,2026,Single_Driver,High_Income,Urban,SUV,BEV_100,0.0
reference,2026,Single_Driver,High_Income,Urban,SUV,BEV_300,0.0
reference,2026,Single_Driver,High_Income,Urban,SUV,PHEV_25,0.0
reference,2026,Single_Driver,High_Income,Urban,SUV,PHEV_50,0.0
reference,2026,Single_Driver,Low_Income,Rural,Compact,BEV_100,0.0
reference,2026,Single_Driver,Low_Income,Rural,Compact,BEV_300,0.0
reference,2026,Single_Driver,Low_Income,Rural,Compact,PHEV_25,0.0
reference,2026,Single_Driver,Low_Income,Rural,Compact,PHEV_50,0.0
reference,2026,Single_Driver,Low_Income,Rural,Midsize,BEV_100,72.99445150578022
reference,2026,Single_Driver,Low_Income,Rural,Midsize,BEV_300,0.0
reference,2026,Single_Driver,Low_Income,Rural,Midsize,PHEV_25,85.60267511224747
reference,2026,Single_Driver,Low_Income,Rural,Midsize,PHEV_50,0.0
reference,2026,Single_Driver,Low_Income,Rural,Pickup,BEV_100,0.0
reference,2026,Single_Driver,Low_Income,Rural,Pickup,BEV_300,0.0
reference,2026,Single_Driver,Low_Income,Rural,Pickup,PHEV_25,58.452134695053104
reference,2026,Single_Driver,Low_Income,Rural,Pickup,PHEV_50,113.00761831283567
reference,2026,Single_Driver,Low_Income,Rural,SUV,BEV_100,0.0
reference,2026,Single_Driver,Low_Income,Rural,SUV,BEV_300,0.0
reference,2026,Single_Driver,Low_Income,Rural,SUV,PHEV_25,219.5694799607992
reference,2026,Single_Driver,Low_Income,Rural,SUV,PHEV_50,0.0
reference,2026,Single_Driver,Low_Income,Second_City,Compact,BEV_100,0.0
reference,2026,Single_Driver,Low_Income,Second_City,Compact,BEV_300,0.0
reference,2026,Single_Driver,Low_Income,Second_City,Compact,PHEV_25,0.0
reference,2026,Single_Driver,Low_Income,Second_City,Compact,PHEV_50,0.0
reference,2026,Single_Driver,Low_Income,Second_City,Midsize,BEV_100,0.0
reference,2026,Single_Driver,Low_Income,Second_City,Midsize,BEV_300,28.114449763812125
reference,2026,Single_Driver,Low_Income,Second_City,Midsize,PHEV_25,0.0
reference,2026,Single_Driver,Low_Income,Second_City,Midsize,PHEV_50,118.77888073134424
reference,2026,Single_Driver,Low_Income,Second_City,Pickup,BEV_100,0.0
reference,2026,Single_Driver,Low_Income,Second_City,Pickup,BEV_300,0.0
reference,2026,Single_Driver,Low_Income,Second_City,Pickup,PHEV_25,0.0
reference,2026,Single_Driver,Low_Income,Second_City,Pickup,PHEV_50,0.0
reference,2026,Single_Driver,Low_Income,Second_City,SUV,BEV_100,0.0
reference,2026,Single_Driver,Low_Income,Second_City,SUV,BEV_300,0.0
reference,2026,Single_Driver,Low_Income,Second_City,SUV,PHEV_25,0.0
reference,2026,Single_Driver,Low_Income,Second_City,SUV,PHEV_50,0.0
reference,2026,Single_Driver,Low_Income,Small_Town,Compact,BEV_100,0.0
reference,2026,Single_Driver,Low_Income,Small_Town,Compact,BEV_300,0.0
reference,2026,Single_Driver,Low_Income,Small_Town,Compact,PHEV_25,0.0
reference,2026,Single_Driver,Low_Income,Small_Town,Compact,PHEV_50,0.0
reference,2026,Single_Driver,Low_Income,Small_Town,Midsize,BEV_100,0.0
reference,2026,Single_Driver,Low_Income,Small_Town,Midsize,BEV_300,0.0
reference,2026,Single_Driver,Low_Income,Small_Town,Midsize,PHEV_25,0.0
reference,2026,Single_Driver,Low_Income,Small_Town,Midsize,PHEV_50,73.27179213631153
reference,2026,Single_Driver,Low_Income,Small_Town,Pickup,BEV_100,0.0
reference,2026,Single_Driver,Low_Income,Small_Town,Pickup,BEV_300,0.0
reference,2026,Single_Driver,Low_Income,Small_Town,Pickup,PHEV_25,0.0
reference,2026,Single_Driver,Low_Income,Small_Town,Pickup,PHEV_50,0.0
reference,2026,Single_Driver,Low_Income,Small_Town,SUV,BEV_100,60.98177772259712
reference,2026,Single_Driver,Low_Income,Small_Town,SUV,BEV_300,0.0
reference,2026,Single_Driver,Low_Income,Small_Town,SUV,PHEV_25,16.554177606284618
reference,2026,Single_Driver,Low_Income,Small_Town,SUV,PHEV_50,0.0
reference,2026,Single_Driver,Low_Income,Suburban,Compact,BEV_100,0.0
reference,2026,Single_Driver,Low_Income,Suburban,Compact,BEV_300,0.0
reference,2026,Single_Driver,Low_Income,Suburban,Compact,PHEV_25,118.26188401973248
reference,2026,Single_Driver,Low_Income,Suburban,Compact,PHEV_50,67.66657360672951
reference,2026,Single_Driver,Low_Income,Suburban,Midsize,BEV_100,0.0
reference,2026,Single_Driver,Low_Income,Suburban,Midsize,BEV_300,0.0
reference,2026,Single_Driver,Low_Income,Suburban,Midsize,PHEV_25,0.0
reference,2026,Single_Driver,Low_Income,Suburban,Midsize,PHEV_50,0.0
reference,2026,Single_Driver,Low_Income,Suburban,Pickup,BEV_100,0.0
reference,2026,Single_Driver,Low_Income,Suburban,Pickup,BEV_300,0.0
reference,2026,Single_Driver,Low_Income,Suburban,Pickup,PHEV_25,0.0
reference,2026,Single_Driver,Low_Income,Suburban,Pickup,PHEV_50,0.0
reference,2026,Single_Driver,Low_Income,Suburban,SUV,BEV_100,31.78524182391167
reference,2026,Single_Driver,Low_Income,Suburban,SUV,BEV_300,0.0
reference,2026,Single_Driver,Low_Income,Suburban,SUV,PHEV_25,0.0
reference,2026,Single_Driver,Low_Income,Suburban,SUV,PHEV_50,137.96855449610948
reference,2026,Single_Driver,Low_Income,Urban,Compact,BEV_100,0.0
reference,2026,Single_Driver,Low_Income,Urban,Compact,BEV_300,0.0
reference,2026,Single_Driver,Low_Income,Urban,Compact,PHEV_25,0.0
reference,2026,Single_Driver,Low_Income,Urban,Compact,PHEV_50,0.0
reference,2026,Single_Driver,Low_Income,Urban,Midsize,BEV_100,0.0
reference,2026,Single_Driver,Low_Income,Urban,Midsize,BEV_300,0.0
reference,2026,Single_Driver,Low_Income,Urban,Midsize,PHEV_25,0.0
reference,2026,Single_Driver,Low_Income,Urban,Midsize,PHEV_50,0.0
reference,2026,Single_Driver,Low_Income,Urban,Pickup,BEV_100,0.0
reference,2026,Single_Driver,Low_Income,Urban,Pickup,BEV_300,0.0
reference,2026,Single_Driver,Low_Income,Urban,Pickup,PHEV_25,0.0
reference,2026,Single_Driver,Low_Income,Urban,Pickup,PHEV_50,0.0
reference,2026,Single_Driver,Low_Income,Urban,SUV,BEV_100,0.0
reference,2026,Single_Driver,Low_Income,Urban,SUV,BEV_300,0.0
reference,2026,Single_Driver,Low_Income,Urban,SUV,PHEV_25,0.0
reference,2026,Single_Driver,Low_Income,Urban,SUV,PHEV_50,0.0
reference,2026,Single_Driver,Middle_Income,Rural,Compact,BEV_100,0.0
reference,2026,Single_Driver,Middle_Income,Rural,Compact,BEV_300,0.0
reference,2026,Single_Driver,Middle_Income,Rural,Compact,PHEV_25,222.4444916174412
reference,2026,Single_Driver,Middle_Income,Rural,Compact,PHEV_50,0.0
reference,2026,Single_Driver,Middle_Income,Rural,Midsize,BEV_100,165.12682182693482
reference,2026,Single_Driver,Middle_Income,Rural,Midsize,BEV_300,0.0
reference,2026,Single_Driver,Middle_Income,Rural,Midsize,PHEV_25,0.0
reference,2026,Single_Driver,Middle_Income,Rural,Midsize,PHEV_50,0.0
reference,2026,Single_Driver,Middle_Income,Rural,Pickup,BEV_100,252.5957041664421
reference,2026,Single_Driver,Middle_Income,Rural,Pickup,BEV_300,0.0
reference,2026,Single_Driver,Middle_Income,Rural,Pickup,PHEV_25,160.81839304167033
reference,2026,Single_Driver,Middle_Income,Rural,Pickup,PHEV_50,0.0
reference,2026,Single_Driver,Middle_Income,Rural,SUV,BEV_100,215.53142208313943
reference,2026,Single_Driver,Middle_Income,Rural,SUV,BEV_300,0.0
reference,2026,Single_Driver,Middle_Income,Rural,SUV,PHEV_25,0.0
reference,2026,Single_Driver,Middle_Income,Rural,SUV,PHEV_50,292.19720259961485
reference,2026,Single_Driver,Middle_Income,Second_City,Compact,BEV_100,0.0
reference,2026,Single_Driver,Middle_Income,Second_City,Compact,BEV_300,0.0
reference,2026,Single_Driver,Middle_Income,Second_City,Compact,PHEV_25,0.0
reference,2026,Single_Driver,Middle_Income,Second_City,Compact,PHEV_50,0.0
reference,2026,Single_Driver,Middle_Income,Second_City,Midsize,BEV_100,0.0
reference,2026,Single_Driver,Middle_Income,Second_City,Midsize,BEV_300,0.0
reference,2026,Single_Driver,Middle_Income,Second_City,Midsize,PHEV_25,28.55055097234249
reference,2026,Single_Driver,Middle_Income,Second_City,Midsize,PHEV_50,0.0
reference,2026,Single_Driver,Middle_Income,Second_City,Pickup,BEV_100,0.0
reference,2026,Single_Driver,Middle_Income,Second_City,Pickup,BEV_300,0.0
reference,2026,Single_Driver,Middle_Income,Second_City,Pickup,PHEV_25,0.0
reference,2026,Single_Driver,Middle_Income,Second_City,Pickup,PHEV_50,0.0
reference,2026,Single_Driver,Middle_Income,Second_City,SUV,BEV_100,21.36389996290952
reference,2026,Single_Driver,Middle_Income,Second_City,SUV,BEV_300,0.0
reference,2026,Single_Driver,Middle_Income,Second_City,SUV,PHEV_25,41.81095944324136
reference,2026,Single_Driver,Middle_Income,Second_City,SUV,PHEV_50,0.0
reference,2026,Single_Driver,Middle_Income,Small_Town,Compact,BEV_100,0.0
reference,2026,Single_Driver,Middle_Income,Small_Town,Compact,BEV_300,0.0
reference,2026,Single_Driver,Middle_Income,Small_Town,Compact,PHEV_25,62.89361170780659
reference,2026,Single_Driver,Middle_Income,Small_Town,Compact,PHEV_50,0.0
reference,2026,Single_Driver,Middle_Income,Small_Town,Midsize,BEV_100,28.28077726507187
reference,2026,Single_Driver,Middle_Income,Small_Town,Midsize,BEV_300,0.0
reference,2026,Single_Driver,Middle_Income,Small_Town,Midsize,PHEV_25,0.0
reference,2026,Single_Driver,Middle_Income,Small_Town,Midsize,PHEV_50,0.0
reference,2026,Single_Driver,Middle_Income,Small_Town,Pickup,BEV_100,0.0
reference,2026,Single_Driver,Middle_Income,Small_Town,Pickup,BEV_300,0.0
reference,2026,Single_Driver,Middle_Income,Small_Town,Pickup,PHEV_25,0.0
reference,2026,Single_Driver,Middle_Income,Small_Town,Pickup,PHEV_50,0.0
reference,2026,Single_Driver,Middle_Income,Small_Town,SUV,BEV_100,0.0
reference,2026,Single_Driver,Middle_Income,Small_Town,SUV,BEV_300,71.17254176044464
reference,2026,Single_Driver,Middle_Income,Small_Town,SUV,PHEV_25,0.0
reference,2026,Single_Driver,Middle_Income,Small_Town,SUV,PHEV_50,44.02498101388663
reference,2026,Single_Driver,Middle_Income,Suburban,Compact,BEV_100,0.0
reference,2026,Single_Driver,Middle_Income,Suburban,Compact,BEV_300,0.0
reference,2026,Single_Driver,Middle_Income,Suburban,Compact,PHEV_25,0.0
reference,2026,Single_Driver,Middle_Income,Suburban,Compact,PHEV_50,0.0
reference,2026,Single_Driver,Middle_Income,Suburban,Midsize,BEV_100,89.38639141368866
reference,2026,Single_Driver,Middle_Income,Suburban,Midsize,BEV_300,0.0
reference,2026,Single_Driver,Middle_Income,Suburban,Midsize,PHEV_25,0.0
reference,2026,Single_Driver,Middle_Income,Suburban,Midsize,PHEV_50,34.062241994440555
reference,2026,Single_Driver,Middle_Income,Suburban,Pickup,BEV_100,0.0
reference,2026,Single_Driver,Middle_Income,Suburban,Pickup,BEV_300,0.0
reference,2026,Single_Driver,Middle_Income,Suburban,Pickup,PHEV_25,0.0
reference,2026,Single_Driver,Middle_Income,Suburban,Pickup,PHEV_50,0.0
reference,2026,Single_Driver,Middle_Income,Suburban,SUV,BEV_100,40.67401638460159
reference,2026,Single_Driver,Middle_Income,Suburban,SUV,BEV_300,0.0
reference,2026,Single_Driver,Middle_Income,Suburban,SUV,PHEV_25,95.1445162576437
reference,2026,Single_Driver,Middle_Income,Suburban,SUV,PHEV_50,27.19256397646665
reference,2026,Single_Driver,Middle_Income,Urban,Compact,BEV_100,0.0
reference,2026,Single_Driver,Middle_Income,Urban,Compact,BEV_300,0.0
reference,2026,Single_Driver,Middle_Income,Urban,Compact,PHEV_25,0.0
reference,2026,Single_Driver,Middle_Income,Urban,Compact,PHEV_50,0.0
reference,2026,Single_Driver,Middle_Income,Urban,Midsize,BEV_100,0.0
reference,2026,Single_Driver,Middle_Income,Urban,Midsize,BEV_300,0.0
reference,2026,Single_Driver,Middle_Income,Urban,Midsize,PHEV_25,0.0
reference,2026,Single_Driver,Middle_Income,Urban,Midsize,PHEV_50,0.0
reference,2026,Single_Driver,Middle_Income,Urban,Pickup,BEV_100,0.0
reference,2026,Single_Driver,Middle_Income,Urban,Pickup,BEV_300,0.0
reference,2026,Single_Driver,Middle_Income,Urban,Pickup,PHEV_25,0.0
reference,2026,Single_Driver,Middle_Income,Urban,Pickup,PHEV_50,0.0
reference,2026,Single_Driver,Middle_Income,Urban,SUV,BEV_100,0.0
reference,2026,Single_Driver,Middle_Income,Urban,SUV,BEV_300,0.0
reference,2026,Single_Driver,Middle_Income,Urban,SUV,PHEV_25,0.0
reference,2026,Single_Driver,Middle_Income,Urban,SUV,PHEV_50,0.0
reference,2026,Some_Drivers_Larger,High_Income,Rural,Compact,BEV_100,0.0
reference,2026,Some_Drivers_Larger,High_Income,Rural,Compact,BEV_300,0.0
reference,2026,Some_Drivers_Larger,High_Income,Rural,Compact,PHEV_25,0.0
reference,2026,Some_Drivers_Larger,High_Income,Rural,Compact,PHEV_50,0.0
reference,2026,Some_Drivers_Larger,High_Income,Rural,Midsize,BEV_100,270.72339697302505
reference,2026,Some_Drivers_Larger,High_Income,Rural,Midsize,BEV_300,0.0
reference,2026,Some_Drivers_Larger,High_Income,Rural,Midsize,PHEV_25,174.98286186015605
reference,2026,Some_Drivers_Larger,High_Income,Rural,Midsize,PHEV_50,115.76174298478476
reference,2026,Some_Drivers_Larger,High_Income,Rural,Pickup,BEV_100,905.7370354743005
reference,2026,Some_Drivers_Larger,High_Income,Rural,Pickup,BEV_300,620.080408711195
reference,2026,Some_Drivers_Larger,High_Income,Rural,Pickup,PHEV_25,325.54396383179727
reference,2026,Some_Drivers_Larger,High_Income,Rural,Pickup,PHEV_50,0.0
reference,2026,Some_Drivers_Larger,High_Income,Rural,SUV,BEV_100,944.7946574018412
reference,2026,Some_Drivers_Larger,High_Income,Rural,SUV,BEV_300,0.0
reference,2026,Some_Drivers_Larger,High_Income,Rural,SUV,PHEV_25,132.32747769606112
reference,2026,Some_Drivers_Larger,High_Income,Rural,SUV,PHEV_50,139.9573190277815
reference,2026,Some_Drivers_Larger,High_Income,Second_City,Compact,BEV_100,0.0
reference,2026,Some_Drivers_Larger,High_Income,Second_City,Compact,BEV_300,0.0
reference,2026,Some_Drivers_Larger,High_Income,Second_City,Compact,PHEV_25,0.0
reference,2026,Some_Drivers_Larger,High_Income,Second_City,Compact,PHEV_50,0.0
reference,2026,Some_Drivers_Larger,High_Income,Second_City,Midsize,BEV_100,125.70666290205718
reference,2026,Some_Drivers_Larger,High_Income,Second_City,Midsize,BEV_300,0.0
reference,2026,Some_Drivers_Larger,High_Income,Second_City,Midsize,PHEV_25,101.85864725264908
reference,2026,Some_Drivers_Larger,High_Income,Second_City,Midsize,PHEV_50,0.0
reference,2026,Some_Drivers_Larger,High_Income,Second_City,Pickup,BEV_100,0.0
reference,2026,Some_Drivers_Larger,High_Income,Second_City,Pickup,BEV_300,0.0
reference,2026,Some_Drivers_Larger,High_Income,Second_City,Pickup,PHEV_25,0.0
reference,2026,Some_Drivers_Larger,High_Income,Second_City,Pickup,PHEV_50,56.57166657567024
reference,2026,Some_Drivers_Larger,High_Income,Second_City,SUV,BEV_100,0.0
reference,2026,Some_Drivers_Larger,High_Income,Second_City,SUV,BEV_300,0.0
reference,2026,Some_Drivers_Larger,High_Income,Second_City,SUV,PHEV_25,0.0
reference,2026,Some_Drivers_Larger,High_Income,Second_City,SUV,PHEV_50,0.0
reference,2026,Some_Drivers_Larger,High_Income,Small_Town,Compact,BEV_100,0.0
reference,2026,Some_Drivers_Larger,High_Income,Small_Town,Compact,BEV_300,0.0
reference,2026,Some_Drivers_Larger,High_Income,Small_Town,Compact,PHEV_25,0.0
reference,2026,Some_Drivers_Larger,High_Income,Small_Town,Compact,PHEV_50,0.0
reference,2026,Some_Drivers_Larger,High_Income,Small_Town,Midsize,BEV_100,346.9393096346855
reference,2026,Some_Drivers_Larger,High_Income,Small_Town,Midsize,BEV_300,0.0
reference,2026,Some_Drivers_Larger,High_Income,Small_Town,Midsize,PHEV_25,0.0
reference,2026,Some_Drivers_Larger,High_Income,Small_Town,Midsize,PHEV_50,72.38488921535016
reference,2026,Some_Drivers_Larger,High_Income,Small_Town,Pickup,BEV_100,0.0
reference,2026,Some_Drivers_Larger,High_Income,Small_Town,Pickup,BEV_300,0.0
reference,2026,Some_Drivers_Larger,High_Income,Small_Town,Pickup,PHEV_25,0.0
reference,2026,Some_Drivers_Larger,High_Income,Small_Town,Pickup,PHEV_50,0.0
reference,2026,Some_Drivers_Larger,High_Income,Small_Town,SUV,BEV_100,125.94281752294302
reference,2026,Some_Drivers_Larger,High_Income,Small_Town,SUV,BEV_300,0.0
reference,2026,Some_Drivers_Larger,High_Income,Small_Town,SUV,PHEV_25,140.35044951799512
reference,2026,Some_Drivers_Larger,High_Income,Small_Town,SUV,PHEV_50,109.16894558918476
reference,2026,Some_Drivers_Larger,High_Income,Suburban,Compact,BEV_100,0.0
reference,2026,Some_Drivers_Larger,High_Income,Suburban,Compact,BEV_300,0.0
reference,2026,Some_Drivers_Larger,High_Income,Suburban,Compact,PHEV_25,0.0
reference,2026,Some_Drivers_Larger,High_Income,Suburban,Compact,PHEV_50,0.0
reference,2026,Some_Drivers_Larger,High_Income,Suburban,Midsize,BEV_100,61.804477079827336
reference,2026,Some_Drivers_Larger,High_Income,Suburban,Midsize,BEV_300,0.0
reference,2026,Some_Drivers_Larger,High_Income,Suburban,Midsize,PHEV_25,121.459599279657
reference,2026,Some_Drivers_Larger,High_Income,Suburban,Midsize,PHEV_50,0.0
reference,2026,Some_Drivers_Larger,High_Income,Suburban,Pickup,BEV_100,0.0
reference,2026,Some_Drivers_Larger,High_Income,Suburban,Pickup,BEV_300,0.0
reference,2026,Some_Drivers_Larger,High_Income,Suburban,Pickup,PHEV_25,78.75498153805734
reference,2026,Some_Drivers_Larger,High_Income,Suburban,Pickup,PHEV_50,0.0
reference,2026,Some_Drivers_Larger,High_Income,Suburban,SUV,BEV_100,236.500469534576
reference,2026,Some_Drivers_Larger,High_Income,Suburban,SUV,BEV_300,185.0984452585876
reference,2026,Some_Drivers_Larger,High_Income,Suburban,SUV,PHEV_25,168.54143925392628
reference,2026,Some_Drivers_Larger,High_Income,Suburban,SUV,PHEV_50,106.20974266183376
reference,2026,Some_Drivers_Larger,High_Income,Urban,Compact,BEV_100,0.0
reference,2026,Some_Drivers_Larger,High_Income,Urban,Compact,BEV_300,0.0
reference,2026,Some_Drivers_Larger,High_Income,Urban,Compact,PHEV_25,0.0
reference,2026,Some_Drivers_Larger,High_Income,Urban,Compact,PHEV_50,0.0
reference,2026,Some_Drivers_Larger,High_Income,Urban,Midsize,BEV_100,0.0
reference,2026,Some_Drivers_Larger,High_Income,Urban,Midsize,BEV_300,0.0
reference,2026,Some_Drivers_Larger,High_Income,Urban,Midsize,PHEV_25,0.0
reference,2026,Some_Drivers_Larger,High_Income,Urban,Midsize,PHEV_50,0.0
reference,2026,Some_Drivers_Larger,High_Income,Urban,Pickup,BEV_100,0.0
reference,2026,Some_Drivers_Larger,High_Income,Urban,Pickup,BEV_300,0.0
reference,2026,Some_Drivers_Larger,High_Income,Urban,Pickup,PHEV_25,0.0
reference,2026,Some_Drivers_Larger,High_Income,Urban,Pickup,PHEV_50,0.0
reference,2026,Some_Drivers_Larger,High_Income,Urban,SUV,BEV_100,0.0
reference,2026,Some_Drivers_Larger,High_Income,Urban,SUV,BEV_300,0.0
reference,2026,Some_Drivers_Larger,High_Income,Urban,SUV,PHEV_25,0.0
reference,2026,Some_Drivers_Larger,High_Income,Urban,SUV,PHEV_50,0.0
reference,2026,Some_Drivers_Larger,Low_Income,Rural,Compact,BEV_100,181.502948835969
reference,2026,Some_Drivers_Larger,Low_Income,Rural,Compact,BEV_300,0.0
reference,2026,Some_Drivers_Larger,Low_Income,Rural,Compact,PHEV_25,0.0
reference,2026,Some_Drivers_Larger,Low_Income,Rural,Compact,PHEV_50,107.1281456797123
reference,2026,Some_Drivers_Larger,Low_Income,Rural,Midsize,BEV_100,75.53028911018372
reference,2026,Some_Drivers_Larger,Low_Income,Rural,Midsize,BEV_300,0.0
reference,2026,Some_Drivers_Larger,Low_Income,Rural,Midsize,PHEV_25,101.33637034749984
reference,2026,Some_Drivers_Larger,Low_Income,Rural,Midsize,PHEV_50,0.0
reference,2026,Some_Drivers_Larger,Low_Income,Rural,Pickup,BEV_100,0.0
reference,2026,Some_Drivers_Larger,Low_Income,Rural,Pickup,BEV_300,0.0
reference,2026,Some_Drivers_Larger,Low_Income,Rural,Pickup,PHEV_25,0.0
reference,2026,Some_Drivers_Larger,Low_Income,Rural,Pickup,PHEV_50,0.0
reference,2026,Some_Drivers_Larger,Low_Income,Rural,SUV,BEV_100,87.74025012207032
reference,2026,Some_Drivers_Larger,Low_Income,Rural,SUV,BEV_300,0.0
reference,2026,Some_Drivers_Larger,Low_Income,Rural,SUV,PHEV_25,0.0
reference,2026,Some_Drivers_Larger,Low_Income,Rural,SUV,PHEV_50,132.93470639428497
reference,2026,Some_Drivers_Larger,Low_Income,Second_City,Compact,BEV_100,0.0
reference,2026,Some_Drivers_Larger,Low_Income,Second_City,Compact,BEV_300,0.0
reference,2026,Some_Drivers_Larger,Low_Income,Second_City,Compact,PHEV_25,0.0
reference,2026,Some_Drivers_Larger,Low_Income,Second_City,Compact,PHEV_50,0.0
reference,2026,Some_Drivers_Larger,Low_Income,Second_City,Midsize,BEV_100,0.0
reference,2026,Some_Drivers_Larger,Low_Income,Second_City,Midsize,BEV_300,29.10080535504222
reference,2026,Some_Drivers_Larger,Low_Income,Second_City,Midsize,PHEV_25,0.0
reference,2026,Some_Drivers_Larger,Low_Income,Second_City,Midsize,PHEV_50,0.0
reference,2026,Some_Drivers_Larger,Low_Income,Second_City,Pickup,BEV_100,0.0
reference,2026,Some_Drivers_Larger,Low_Income,Second_City,Pickup,BEV_300,0.0
reference,2026,Some_Drivers_Larger,Low_Income,Second_City,Pickup,PHEV_25,0.0
reference,2026,Some_Drivers_Larger,Low_Income,Second_City,Pickup,PHEV_50,0.0
reference,2026,Some_Drivers_Larger,Low_Income,Second_City,SUV,BEV_100,307.0035444968641
reference,2026,Some_Drivers_Larger,Low_Income,Second_City,SUV,BEV_300,0.0
reference,2026,Some_Drivers_Larger,Low_Income,Second_City,SUV,PHEV_25,0.0
reference,2026,Some_Drivers_Larger,Low_Income,Second_City,SUV,PHEV_50,0.0
reference,2026,Some_Drivers_Larger,Low_Income,Small_Town,Compact,BEV_100,0.0
reference,2026,Some_Drivers_Larger,Low_Income,Small_Town,Compact,BEV_300,0.0
reference,2026,Some_Drivers_Larger,Low_Income,Small_Town,Compact,PHEV_25,0.0
reference,2026,Some_Drivers_Larger,Low_Income,Small_Town,Compact,PHEV_50,0.0
reference,2026,Some_Drivers_Larger,Low_Income,Small_Town,Midsize,BEV_100,0.0
reference,2026,Some_Drivers_Larger,Low_Income,Small_Town,Midsize,BEV_300,0.0
reference,2026,Some_Drivers_Larger,Low_Income,Small_Town,Midsize,PHEV_25,0.0
reference,2026,Some_Drivers_Larger,Low_Income,Small_Town,Midsize,PHEV_50,0.0
reference,2026,Some_Drivers_Larger,Low_Income,Small_Town,Pickup,BEV_100,0.0
reference,2026,Some_Drivers_Larger,Low_Income,Small_Town,Pickup,BEV_300,0.0
reference,2026,Some_Drivers_Larger,Low_Income,Small_Town,Pickup,PHEV_25,0.0
reference,2026,Some_Drivers_Larger,Low_Income,Small_Town,Pickup,PHEV_50,0.0
reference,2026,Some_Drivers_Larger,Low_Income,Small_Town,SUV,BEV_100,0.0
reference,2026,Some_Drivers_Larger,Low_Income,Small_Town,SUV,BEV_300,0.0
reference,2026,Some_Drivers_Larger,Low_Income,Small_Town,SUV,PHEV_25,0.0
reference,2026,Some_Drivers_Larger,Low_Income,Small_Town,SUV,PHEV_50,0.0
reference,2026,Some_Drivers_Larger,Low_Income,Suburban,Compact,BEV_100,0.0
reference,2026,Some_Drivers_Larger,Low_Income,Suburban,Compact,BEV_300,0.0
reference,2026,Some_Drivers_Larger,Low_Income,Suburban,Compact,PHEV_25,0.0
reference,2026,Some_Drivers_Larger,Low_Income,Suburban,Compact,PHEV_50,0.0
reference,2026,Some_Drivers_Larger,Low_Income,Suburban,Midsize,BEV_100,0.0
reference,2026,Some_Drivers_Larger,Low_Income,Suburban,Midsize,BEV_300,0.0
reference,2026,Some_Drivers_Larger,Low_Income,Suburban,Midsize,PHEV_25,0.0
reference,2026,Some_Drivers_Larger,Low_Income,Suburban,Midsize,PHEV_50,0.0
reference,2026,Some_Drivers_Larger,Low_Income,Suburban,Pickup,BEV_100,0.0
reference,2026,Some_Drivers_Larger,Low_Income,Suburban,Pickup,BEV_300,0.0
reference,2026,Some_Drivers_Larger,Low_Income,Suburban,Pickup,PHEV_25,0.0
reference,2026,Some_Drivers_Larger,Low_Income,Suburban,Pickup,PHEV_50,0.0
reference,2026,Some_Drivers_Larger,Low_Income,Suburban,SUV,BEV_100,0.0
reference,2026,Some_Drivers_Larger,Low_Income,Suburban,SUV,BEV_300,0.0
reference,2026,Some_Drivers_Larger,Low_Income,Suburban,SUV,PHEV_25,109.51436666262522
reference,2026,Some_Drivers_Larger,Low_Income,Suburban,SUV,PHEV_50,142.43556379163266
reference,2026,Some_Drivers_Larger,Low_Income,Urban,Compact,BEV_100,0.0
reference,2026,Some_Drivers_Larger,Low_Income,Urban,Compact,BEV_300,0.0
reference,2026,Some_Drivers_Larger,Low_Income,Urban,Compact,PHEV_25,0.0
reference,2026,Some_Drivers_Larger,Low_Income,Urban,Compact,PHEV_50,0.0
reference,2026,Some_Drivers_Larger,Low_Income,Urban,Midsize,BEV_100,0.0
reference,2026,Some_Drivers_Larger,Low_Income,Urban,Midsize,BEV_300,0.0
reference,2026,Some_Drivers_Larger,Low_Income,Urban,Midsize,PHEV_25,0.0
reference,2026,Some_Drivers_Larger,Low_Income,Urban,Midsize,PHEV_50,0.0
reference,2026,Some_Drivers_Larger,Low_Income,Urban,Pickup,BEV_100,0.0
reference,2026,Some_Drivers_Larger,Low_Income,Urban,Pickup,BEV_300,0.0
reference,2026,Some_Drivers_Larger,Low_Income,Urban,Pickup,PHEV_25,0.0
reference,2026,Some_Drivers_Larger,Low_Income,Urban,Pickup,PHEV_50,0.0
reference,2026,Some_Drivers_Larger,Low_Income,Urban,SUV,BEV_100,0.0
reference,2026,Some_Drivers_Larger,Low_Income,Urban,SUV,BEV_300,0.0
reference,2026,Some_Drivers_Larger,Low_Income,Urban,SUV,PHEV_25,0.0
reference,2026,Some_Drivers_Larger,Low_Income,Urban,SUV,PHEV_50,0.0
reference,2026,Some_Drivers_Larger,Middle_Income,Rural,Compact,BEV_100,0.0
reference,2026,Some_Drivers_Larger,Middle_Income,Rural,Compact,BEV_300,0.0
reference,2026,Some_Drivers_Larger,Middle_Income,Rural,Compact,PHEV_25,0.0
reference,2026,Some_Drivers_Larger,Middle_Income,Rural,Compact,PHEV_50,0.0
reference,2026,Some_Drivers_Larger,Middle_Income,Rural,Midsize,BEV_100,494.85583121824266
reference,2026,Some_Drivers_Larger,Middle_Income,Rural,Midsize,BEV_300,0.0
reference,2026,Some_Drivers_Larger,Middle_Income,Rural,Midsize,PHEV_25,0.0
reference,2026,Some_Drivers_Larger,Middle_Income,Rural,Midsize,PHEV_50,247.2659590399265
reference,2026,Some_Drivers_Larger,Middle_Income,Rural,Pickup,BEV_100,0.0
reference,2026,Some_Drivers_Larger,Middle_Income,Rural,Pickup,BEV_300,0.0
reference,2026,Some_Drivers_Larger,Middle_Income,Rural,Pickup,PHEV_25,614.7788627040386
reference,2026,Some_Drivers_Larger,Middle_Income,Rural,Pickup,PHEV_50,0.0
reference,2026,Some_Drivers_Larger,Middle_Income,Rural,SUV,BEV_100,967.1713046945334
reference,2026,Some_Drivers_Larger,Middle_Income,Rural,SUV,BEV_300,0.0
reference,2026,Some_Drivers_Larger,Middle_Income,Rural,SUV,PHEV_25,594.5504988010525
reference,2026,Some_Drivers_Larger,Middle_Income,Rural,SUV,PHEV_50,687.3674657484294
reference,2026,Some_Drivers_Larger,Middle_Income,Second_City,Compact,BEV_100,0.0
reference,2026,Some_Drivers_Larger,Middle_Income,Second_City,Compact,BEV_300,0.0
reference,2026,Some_Drivers_Larger,Middle_Income,Second_City,Compact,PHEV_25,0.0
reference,2026,Some_Drivers_Larger,Middle_Income,Second_City,Compact,PHEV_50,0.0
reference,2026,Some_Drivers_Larger,Middle_Income,Second_City,Midsize,BEV_100,0.0
reference,2026,Some_Drivers_Larger,Middle_Income,Second_City,Midsize,BEV_300,81.79960306453705
reference,2026,Some_Drivers_Larger,Middle_Income,Second_City,Midsize,PHEV_25,29.349150434195995
reference,2026,Some_Drivers_Larger,Middle_Income,Second_City,Midsize,PHEV_50,0.0
reference,2026,Some_Drivers_Larger,Middle_Income,Second_City,Pickup,BEV_100,0.0
reference,2026,Some_Drivers_Larger,Middle_Income,Second_City,Pickup,BEV_300,0.0
reference,2026,Some_Drivers_Larger,Middle_Income,Second_City,Pickup,PHEV_25,0.0
reference,2026,Some_Drivers_Larger,Middle_Income,Second_City,Pickup,PHEV_50,0.0
reference,2026,Some_Drivers_Larger,Middle_Income,Second_City,SUV,BEV_100,34.27549382668734
reference,2026,Some_Drivers_Larger,Middle_Income,Second_City,SUV,BEV_300,0.0
reference,2026,Some_Drivers_Larger,Middle_Income,Second_City,SUV,PHEV_25,39.06993781864643
reference,2026,Some_Drivers_Larger,Middle_Income,Second_City,SUV,PHEV_50,0.0
reference,2026,Some_Drivers_Larger,Middle_Income,Small_Town,Compact,BEV_100,0.0
reference,2026,Some_Drivers_Larger,Middle_Income,Small_Town,Compact,BEV_300,0.0
reference,2026,Some_Drivers_Larger,Middle_Income,Small_Town,Compact,PHEV_25,0.0
reference,2026,Some_Drivers_Larger,Middle_Income,Small_Town,Compact,PHEV_50,0.0
reference,2026,Some_Drivers_Larger,Middle_Income,Small_Town,Midsize,BEV_100,200.6215407930352
reference,2026,Some_Drivers_Larger,Middle_Income,Small_Town,Midsize,BEV_300,0.0
reference,2026,Some_Drivers_Larger,Middle_Income,Small_Town,Midsize,PHEV_25,65.78644038874656
reference,2026,Some_Drivers_Larger,Middle_Income,Small_Town,Midsize,PHEV_50,0.0
reference,2026,Some_Drivers_Larger,Middle_Income,Small_Town,Pickup,BEV_100,0.0
reference,2026,Some_Drivers_Larger,Middle_Income,Small_Town,Pickup,BEV_300,0.0
reference,2026,Some_Drivers_Larger,Middle_Income,Small_Town,Pickup,PHEV_25,0.0
reference,2026,Some_Drivers_Larger,Middle_Income,Small_Town,Pickup,PHEV_50,0.0
reference,2026,Some_Drivers_Larger,Middle_Income,Small_Town,SUV,BEV_100,58.58811671295017
reference,2026,Some_Drivers_Larger,Middle_Income,Small_Town,SUV,BEV_300,0.0
reference,2026,Some_Drivers_Larger,Middle_Income,Small_Town,SUV,PHEV_25,65.13964779642224
reference,2026,Some_Drivers_Larger,Middle_Income,Small_Town,SUV,PHEV_50,164.35531863367558
reference,2026,Some_Drivers_Larger,Middle_Income,Suburban,Compact,BEV_100,0.0
reference,2026,Some_Drivers_Larger,Middle_Income,Suburban,Compact,BEV_300,0.0
reference,2026,Some_Drivers_Larger,Middle_Income,Suburban,Compact,PHEV_25,0.0
reference,2026,Some_Drivers_Larger,Middle_Income,Suburban,Compact,PHEV_50,0.0
reference,2026,Some_Drivers_Larger,Middle_Income,Suburban,Midsize,BEV_100,359.2981014994383
reference,2026,Some_Drivers_Larger,Middle_Income,Suburban,Midsize,BEV_300,0.0
reference,2026,Some_Drivers_Larger,Middle_Income,Suburban,Midsize,PHEV_25,82.49114977085591
reference,2026,Some_Drivers_Larger,Middle_Income,Suburban,Midsize,PHEV_50,0.0
reference,2026,Some_Drivers_Larger,Middle_Income,Suburban,Pickup,BEV_100,0.0
reference,2026,Some_Drivers_Larger,Middle_Income,Suburban,Pickup,BEV_300,0.0
reference,2026,Some_Drivers_Larger,Middle_Income,Suburban,Pickup,PHEV_25,0.0
reference,2026,Some_Drivers_Larger,Middle_Income,Suburban,Pickup,PHEV_50,0.0
reference,2026,Some_Drivers_Larger,Middle_Income,Suburban,SUV,BEV_100,0.0
reference,2026,Some_Drivers_Larger,Middle_Income,Suburban,SUV,BEV_300,0.0
reference,2026,Some_Drivers_Larger,Middle_Income,Suburban,SUV,PHEV_25,90.3898477608189
reference,2026,Some_Drivers_Larger,Middle_Income,Suburban,SUV,PHEV_50,0.0
reference,2026,Some_Drivers_Larger,Middle_Income,Urban,Compact,BEV_100,0.0
reference,2026,Some_Drivers_Larger,Middle_Income,Urban,Compact,BEV_300,0.0
reference,2026,Some_Drivers_Larger,Middle_Income,Urban,Compact,PHEV_25,0.0
reference,2026,Some_Drivers_Larger,Middle_Income,Urban,Compact,PHEV_50,0.0
reference,2026,Some_Drivers_Larger,Middle_Income,Urban,Midsize,BEV_100,0.0
reference,2026,Some_Drivers_Larger,Middle_Income,Urban,Midsize,BEV_300,0.0
reference,2026,Some_Drivers_Larger,Middle_Income,Urban,Midsize,PHEV_25,0.0
reference,2026,Some_Drivers_Larger,Middle_Income,Urban,Midsize,PHEV_50,0.0
reference,2026,Some_Drivers_Larger,Middle_Income,Urban,Pickup,BEV_100,0.0
reference,2026,Some_Drivers_Larger,Middle_Income,Urban,Pickup,BEV_300,0.0
reference,2026,Some_Drivers_Larger,Middle_Income,Urban,Pickup,PHEV_25,0.0
reference,2026,Some_Drivers_Larger,Middle_Income,Urban,Pickup,PHEV_50,0.0
reference,2026,Some_Drivers_Larger,Middle_Income,Urban,SUV,BEV_100,0.0
reference,2026,Some_Drivers_Larger,Middle_Income,Urban,SUV,BEV_300,0.0
reference,2026,Some_Drivers_Larger,Middle_Income,Urban,SUV,PHEV_25,0.0
reference,2026,Some_Drivers_Larger,Middle_Income,Urban,SUV,PHEV_50,0.0
reference,2026,Some_Drivers_Smaller,High_Income,Rural,Compact,BEV_100,0.0
reference,2026,Some_Drivers_Smaller,High_Income,Rural,Compact,BEV_300,0.0
reference,2026,Some_Drivers_Smaller,High_Income,Rural,Compact,PHEV_25,0.0
reference,2026,Some_Drivers_Smaller,High_Income,Rural,Compact,PHEV_50,0.0
reference,2026,Some_Drivers_Smaller,High_Income,Rural,Midsize,BEV_100,298.4724707174301
reference,2026,Some_Drivers_Smaller,High_Income,Rural,Midsize,BEV_300,0.0
reference,2026,Some_Drivers_Smaller,High_Income,Rural,Midsize,PHEV_25,0.0
reference,2026,Some_Drivers_Smaller,High_Income,Rural,Midsize,PHEV_50,0.0
reference,2026,Some_Drivers_Smaller,High_Income,Rural,Pickup,BEV_100,0.0
reference,2026,Some_Drivers_Smaller,High_Income,Rural,Pickup,BEV_300,0.0
reference,2026,Some_Drivers_Smaller,High_Income,Rural,Pickup,PHEV_25,0.0
reference,2026,Some_Drivers_Smaller,High_Income,Rural,Pickup,PHEV_50,109.3144811435938
reference,2026,Some_Drivers_Smaller,High_Income,Rural,SUV,BEV_100,309.9231783282757
reference,2026,Some_Drivers_Smaller,High_Income,Rural,SUV,BEV_300,0.0
reference,2026,Some_Drivers_Smaller,High_Income,Rural,SUV,PHEV_25,289.1431709318161
reference,2026,Some_Drivers_Smaller,High_Income,Rural,SUV,PHEV_50,0.0
reference,2026,Some_Drivers_Smaller,High_Income,Second_City,Compact,BEV_100,0.0
reference,2026,Some_Drivers_Smaller,High_Income,Second_City,Compact,BEV_300,0.0
reference,2026,Some_Drivers_Smaller,High_Income,Second_City,Compact,PHEV_25,0.0
reference,2026,Some_Drivers_Smaller,High_Income,Second_City,Compact,PHEV_50,0.0
reference,2026,Some_Drivers_Smaller,High_Income,Second_City,Midsize,BEV_100,0.0
reference,2026,Some_Drivers_Smaller,High_Income,Second_City,Midsize,BEV_300,0.0
reference,2026,Some_Drivers_Smaller,High_Income,Second_City,Midsize,PHEV_25,0.0
reference,2026,Some_Drivers_Smaller,High_Income,Second_City,Midsize,PHEV_50,0.0
reference,2026,Some_Drivers_Smaller,High_Income,Second_City,Pickup,BEV_100,0.0
reference,2026,Some_Drivers_Smaller,High_Income,Second_City,Pickup,BEV_300,0.0
reference,2026,Some_Drivers_Smaller,High_Income,Second_City,Pickup,PHEV_25,0.0
reference,2026,Some_Drivers_Smaller,High_Income,Second_City,Pickup,PHEV_50,0.0
reference,2026,Some_Drivers_Smaller,High_Income,Second_City,SUV,BEV_100,0.0
reference,2026,Some_Drivers_Smaller,High_Income,Second_City,SUV,BEV_300,0.0
reference,2026,Some_Drivers_Smaller,High_Income,Second_City,SUV,PHEV_25,0.0
reference,2026,Some_Drivers_Smaller,High_Income,Second_City,SUV,PHEV_50,0.0
reference,2026,Some_Drivers_Smaller,High_Income,Small_Town,Compact,BEV_100,0.0
reference,2026,Some_Drivers_Smaller,High_Income,Small_Town,Compact,BEV_300,0.0
reference,2026,Some_Drivers_Smaller,High_Income,Small_Town,Compact,PHEV_25,0.0
reference,2026,Some_Drivers_Smaller,High_Income,Small_Town,Compact,PHEV_50,0.0
reference,2026,Some_Drivers_Smaller,High_Income,Small_Town,Midsize,BEV_100,0.0
reference,2026,Some_Drivers_Smaller,High_Income,Small_Town,Midsize,BEV_300,0.0
reference,2026,Some_Drivers_Smaller,High_Income,Small_Town,Midsize,PHEV_25,0.0
reference,2026,Some_Drivers_Smaller,High_Income,Small_Town,Midsize,PHEV_50,26.50160178104043
reference,2026,Some_Drivers_Smaller,High_Income,Small_Town,Pickup,BEV_100,0.0
reference,2026,Some_Drivers_Smaller,High_Income,Small_Town,Pickup,BEV_300,117.12385857056454
reference,2026,Some_Drivers_Smaller,High_Income,Small_Town,Pickup,PHEV_25,0.0
reference,2026,Some_Drivers_Smaller,High_Income,Small_Town,Pickup,PHEV_50,40.5137400379777
reference,2026,Some_Drivers_Smaller,High_Income,Small_Town,SUV,BEV_100,209.0830670183897
reference,2026,Some_Drivers_Smaller,High_Income,Small_Town,SUV,BEV_300,0.0
reference,2026,Some_Drivers_Smaller,High_Income,Small_Town,SUV,PHEV_25,67.56246962809563
reference,2026,Some_Drivers_Smaller,High_Income,Small_Town,SUV,PHEV_50,0.0
reference,2026,Some_Drivers_Smaller,High_Income,Suburban,Compact,BEV_100,44.33027371557057
reference,2026,Some_Drivers_Smaller,High_Income,Suburban,Compact,BEV_300,0.0
reference,2026,Some_Drivers_Smaller,High_Income,Suburban,Compact,PHEV_25,67.32730468511582
reference,2026,Some_Drivers_Smaller,High_Income,Suburban,Compact,PHEV_50,0.0
reference,2026,Some_Drivers_Smaller,High_Income,Suburban,Midsize,BEV_100,47.40716759806872
reference,2026,Some_Drivers_Smaller,High_Income,Suburban,Midsize,BEV_300,0.0
reference,2026,Some_Drivers_Smaller,High_Income,Suburban,Midsize,PHEV_25,43.14796714287996
reference,2026,Some_Drivers_Smaller,High_Income,Suburban,Midsize,PHEV_50,63.65112680578232
reference,2026,Some_Drivers_Smaller,High_Income,Suburban,Pickup,BEV_100,0.0
reference,2026,Some_Drivers_Smaller,High_Income,Suburban,Pickup,BEV_300,0.0
reference,2026,Some_Drivers_Smaller,High_Income,Suburban,Pickup,PHEV_25,0.0
reference,2026,Some_Drivers_Smaller,High_Income,Suburban,Pickup,PHEV_50,0.0
reference,2026,Some_Drivers_Smaller,High_Income,Suburban,SUV,BEV_100,140.45948832118512
reference,2026,Some_Drivers_Smaller,High_Income,Suburban,SUV,BEV_300,0.0
reference,2026,Some_Drivers_Smaller,High_Income,Suburban,SUV,PHEV_25,0.0
reference,2026,Some_Drivers_Smaller,High_Income,Suburban,SUV,PHEV_50,161.52716681301595
reference,2026,Some_Drivers_Smaller,High_Income,Urban,Compact,BEV_100,0.0
reference,2026,Some_Drivers_Smaller,High_Income,Urban,Compact,BEV_300,0.0
reference,2026,Some_Drivers_Smaller,High_Income,Urban,Compact,PHEV_25,0.0
reference,2026,Some_Drivers_Smaller,High_Income,Urban,Compact,PHEV_50,0.0
reference,2026,Some_Drivers_Smaller,High_Income,Urban,Midsize,BEV_100,0.0
reference,2026,Some_Drivers_Smaller,High_Income,Urban,Midsize,BEV_300,0.0
reference,2026,Some_Drivers_Smaller,High_Income,Urban,Midsize,PHEV_25,0.0
reference,2026,Some_Drivers_Smaller,High_Income,Urban,Midsize,PHEV_50,0.0
reference,2026,Some_Drivers_Smaller,High_Income,Urban,Pickup,BEV_100,0.0
reference,2026,Some_Drivers_Smaller,High_Income,Urban,Pickup,BEV_300,0.0
reference,2026,Some_Drivers_Smaller,High_Income,Urban,Pickup,PHEV_25,0.0
reference,2026,Some_Drivers_Smaller,High_Income,Urban,Pickup,PHEV_50,0.0
reference,2026,Some_Drivers_Smaller,High_Income,Urban,SUV,BEV_100,0.0
reference,2026,Some_Drivers_Smaller,High_Income,Urban,SUV,BEV_300,0.0
reference,2026,Some_Drivers_Smaller,High_Income,Urban,SUV,PHEV_25,0.0
reference,2026,Some_Drivers_Smaller,High_Income,Urban,SUV,PHEV_50,0.0
reference,2026,Some_Drivers_Smaller,Low_Income,Rural,Compact,BEV_100,0.0
reference,2026,Some_Drivers_Smaller,Low_Income,Rural,Compact,BEV_300,0.0
reference,2026,Some_Drivers_Smaller,Low_Income,Rural,Compact,PHEV_25,0.0
reference,2026,Some_Drivers_Smaller,Low_Income,Rural,Compact,PHEV_50,0.0
reference,2026,Some_Drivers_Smaller,Low_Income,Rural,Midsize,BEV_100,0.0
reference,2026,Some_Drivers_Smaller,Low_Income,Rural,Midsize,BEV_300,153.55747609496115
reference,2026,Some_Drivers_Smaller,Low_Income,Rural,Midsize,PHEV_25,0.0
reference,2026,Some_Drivers_Smaller,Low_Income,Rural,Midsize,PHEV_50,0.0
reference,2026,Some_Drivers_Smaller,Low_Income,Rural,Pickup,BEV_100,329.4903844686896
reference,2026,Some_Drivers_Smaller,Low_Income,Rural,Pickup,BEV_300,0.0
reference,2026,Some_Drivers_Smaller,Low_Income,Rural,Pickup,PHEV_25,0.0
reference,2026,Some_Drivers_Smaller,Low_Income,Rural,Pickup,PHEV_50,356.16447537469867
reference,2026,Some_Drivers_Smaller,Low_Income,Rural,SUV,BEV_100,353.14208084130286
reference,2026,Some_Drivers_Smaller,Low_Income,Rural,SUV,BEV_300,0.0
reference,2026,Some_Drivers_Smaller,Low_Income,Rural,SUV,PHEV_25,0.0
reference,2026,Some_Drivers_Smaller,Low_Income,Rural,SUV,PHEV_50,0.0
reference,2026,Some_Drivers_Smaller,Low_Income,Second_City,Compact,BEV_100,0.0
reference,2026,Some_Drivers_Smaller,Low_Income,Second_City,Compact,BEV_300,0.0
reference,2026,Some_Drivers_Smaller,Low_Income,Second_City,Compact,PHEV_25,0.0
reference,2026,Some_Drivers_Smaller,Low_Income,Second_City,Compact,PHEV_50,0.0
reference,2026,Some_Drivers_Smaller,Low_Income,Second_City,Midsize,BEV_100,0.0
reference,2026,Some_Drivers_Smaller,Low_Income,Second_City,Midsize,BEV_300,0.0
reference,2026,Some_Drivers_Smaller,Low_Income,Second_City,Midsize,PHEV_25,0.0
reference,2026,Some_Drivers_Smaller,Low_Income,Second_City,Midsize,PHEV_50,30.309545588850973
reference,2026,Some_Drivers_Smaller,Low_Income,Second_City,Pickup,BEV_100,0.0
reference,2026,Some_Drivers_Smaller,Low_Income,Second_City,Pickup,BEV_300,0.0
reference,2026,Some_Drivers_Smaller,Low_Income,Second_City,Pickup,PHEV_25,0.0
reference,2026,Some_Drivers_Smaller,Low_Income,Second_City,Pickup,PHEV_50,0.0
reference,2026,Some_Drivers_Smaller,Low_Income,Second_City,SUV,BEV_100,0.0
reference,2026,Some_Drivers_Smaller,Low_Income,Second_City,SUV,BEV_300,0.0
reference,2026,Some_Drivers_Smaller,Low_Income,Second_City,SUV,PHEV_25,0.0
reference,2026,Some_Drivers_Smaller,Low_Income,Second_City,SUV,PHEV_50,0.0
reference,2026,Some_Drivers_Smaller,Low_Income,Small_Town,Compact,BEV_100,0.0
reference,2026,Some_Drivers_Smaller,Low_Income,Small_Town,Compact,BEV_300,0.0
reference,2026,Some_Drivers_Smaller,Low_Income,Small_Town,Compact,PHEV_25,0.0
reference,2026,Some_Drivers_Smaller,Low_Income,Small_Town,Compact,PHEV_50,0.0
reference,2026,Some_Drivers_Smaller,Low_Income,Small_Town,Midsize,BEV_100,0.0
reference,2026,Some_Drivers_Smaller,Low_Income,Small_Town,Midsize,BEV_300,0.0
reference,2026,Some_Drivers_Smaller,Low_Income,Small_Town,Midsize,PHEV_25,0.0
reference,2026,Some_Drivers_Smaller,Low_Income,Small_Town,Midsize,PHEV_50,0.0
reference,2026,Some_Drivers_Smaller,Low_Income,Small_Town,Pickup,BEV_100,110.92799766441436
reference,2026,Some_Drivers_Smaller,Low_Income,Small_Town,Pickup,BEV_300,0.0
reference,2026,Some_Drivers_Smaller,Low_Income,Small_Town,Pickup,PHEV_25,0.0
reference,2026,Some_Drivers_Smaller,Low_Income,Small_Town,Pickup,PHEV_50,0.0
reference,2026,Some_Drivers_Smaller,Low_Income,Small_Town,SUV,BEV_100,0.0
reference,2026,Some_Drivers_Smaller,Low_Income,Small_Town,SUV,BEV_300,0.0
reference,2026,Some_Drivers_Smaller,Low_Income,Small_Town,SUV,PHEV_25,0.0
reference,2026,Some_Drivers_Smaller,Low_Income,Small_Town,SUV,PHEV_50,0.0
reference,2026,Some_Drivers_Smaller,Low_Income,Suburban,Compact,BEV_100,0.0
reference,2026,Some_Drivers_Smaller,Low_Income,Suburban,Compact,BEV_300,0.0
reference,2026,Some_Drivers_Smaller,Low_Income,Suburban,Compact,PHEV_25,0.0
reference,2026,Some_Drivers_Smaller,Low_Income,Suburban,Compact,PHEV_50,0.0
reference,2026,Some_Drivers_Smaller,Low_Income,Suburban,Midsize,BEV_100,141.6505617427379
reference,2026,Some_Drivers_Smaller,Low_Income,Suburban,Midsize,BEV_300,0.0
reference,2026,Some_Drivers_Smaller,Low_Income,Suburban,Midsize,PHEV_25,0.0
reference,2026,Some_Drivers_Smaller,Low_Income,Suburban,Midsize,PHEV_50,0.0
reference,2026,Some_Drivers_Smaller,Low_Income,Suburban,Pickup,BEV_100,0.0
reference,2026,Some_Drivers_Smaller,Low_Income,Suburban,Pickup,BEV_300,0.0
reference,2026,Some_Drivers_Smaller,Low_Income,Suburban,Pickup,PHEV_25,0.0
reference,2026,Some_Drivers_Smaller,Low_Income,Suburban,Pickup,PHEV_50,0.0
reference,2026,Some_Drivers_Smaller,Low_Income,Suburban,SUV,BEV_100,123.27922421455384
reference,2026,Some_Drivers_Smaller,Low_Income,Suburban,SUV,BEV_300,0.0
reference,2026,Some_Drivers_Smaller,Low_Income,Suburban,SUV,PHEV_25,0.0
reference,2026,Some_Drivers_Smaller,Low_Income,Suburban,SUV,PHEV_50,0.0
reference,2026,Some_Drivers_Smaller,Low_Income,Urban,Compact,BEV_100,0.0
reference,2026,Some_Drivers_Smaller,Low_Income,Urban,Compact,BEV_300,0.0
reference,2026,Some_Drivers_Smaller,Low_Income,Urban,Compact,PHEV_25,0.0
reference,2026,Some_Drivers_Smaller,Low_Income,Urban,Compact,PHEV_50,0.0
reference,2026,Some_Drivers_Smaller,Low_Income,Urban,Midsize,BEV_100,0.0
reference,2026,Some_Drivers_Smaller,Low_Income,Urban,Midsize,BEV_300,0.0
reference,2026,Some_Drivers_Smaller,Low_Income,Urban,Midsize,PHEV_25,0.0
reference,2026,Some_Drivers_Smaller,Low_Income,Urban,Midsize,PHEV_50,0.0
reference,2026,Some_Drivers_Smaller,Low_Income,Urban,Pickup,BEV_100,0.0
reference,2026,Some_Drivers_Smaller,Low_Income,Urban,Pickup,BEV_300,0.0
reference,2026,Some_Drivers_Smaller,Low_Income,Urban,Pickup,PHEV_25,0.0
reference,2026,Some_Drivers_Smaller,Low_Income,Urban,Pickup,PHEV_50,0.0
reference,2026,Some_Drivers_Smaller,Low_Income,Urban,SUV,BEV_100,0.0
reference,2026,Some_Drivers_Smaller,Low_Income,Urban,SUV,BEV_300,0.0
reference,2026,Some_Drivers_Smaller,Low_Income,Urban,SUV,PHEV_25,0.0
reference,2026,Some_Drivers_Smaller,Low_Income,Urban,SUV,PHEV_50,0.0
reference,2026,Some_Drivers_Smaller,Middle_Income,Rural,Compact,BEV_100,0.0
reference,2026,Some_Drivers_Smaller,Middle_Income,Rural,Compact,BEV_300,0.0
reference,2026,Some_Drivers_Smaller,Middle_Income,Rural,Compact,PHEV_25,0.0
reference,2026,Some_Drivers_Smaller,Middle_Income,Rural,Compact,PHEV_50,0.0
reference,2026,Some_Drivers_Smaller,Middle_Income,Rural,Midsize,BEV_100,231.1252997369766
reference,2026,Some_Drivers_Smaller,Middle_Income,Rural,Midsize,BEV_300,0.0
reference,2026,Some_Drivers_Smaller,Middle_Income,Rural,Midsize,PHEV_25,0.0
reference,2026,Some_Drivers_Smaller,Middle_Income,Rural,Midsize,PHEV_50,261.0570273425579
reference,2026,Some_Drivers_Smaller,Middle_Income,Rural,Pickup,BEV_100,568.3166132593155
reference,2026,Some_Drivers_Smaller,Middle_Income,Rural,Pickup,BEV_300,0.0
reference,2026,Some_Drivers_Smaller,Middle_Income,Rural,Pickup,PHEV_25,0.0
reference,2026,Some_Drivers_Smaller,Middle_Income,Rural,Pickup,PHEV_50,0.0
reference,2026,Some_Drivers_Smaller,Middle_Income,Rural,SUV,BEV_100,528.1252631006241
reference,2026,Some_Drivers_Smaller,Middle_Income,Rural,SUV,BEV_300,627.4909414350986
reference,2026,Some_Drivers_Smaller,Middle_Income,Rural,SUV,PHEV_25,0.0
reference,2026,Some_Drivers_Smaller,Middle_Income,Rural,SUV,PHEV_50,959.617852508545
reference,2026,Some_Drivers_Smaller,Middle_Income,Second_City,Compact,BEV_100,0.0
reference,2026,Some_Drivers_Smaller,Middle_Income,Second_City,Compact,BEV_300,0.0
reference,2026,Some_Drivers_Smaller,Middle_Income,Second_City,Compact,PHEV_25,0.0
reference,2026,Some_Drivers_Smaller,Middle_Income,Second_City,Compact,PHEV_50,0.0
reference,2026,Some_Drivers_Smaller,Middle_Income,Second_City,Midsize,BEV_100,161.03462893104555
reference,2026,Some_Drivers_Smaller,Middle_Income,Second_City,Midsize,BEV_300,0.0
reference,2026,Some_Drivers_Smaller,Middle_Income,Second_City,Midsize,PHEV_25,50.06236003547907
reference,2026,Some_Drivers_Smaller,Middle_Income,Second_City,Midsize,PHEV_50,0.0
reference,2026,Some_Drivers_Smaller,Middle_Income,Second_City,Pickup,BEV_100,0.0
reference,2026,Some_Drivers_Smaller,Middle_Income,Second_City,Pickup,BEV_300,0.0
reference,2026,Some_Drivers_Smaller,Middle_Income,Second_City,Pickup,PHEV_25,0.0
reference,2026,Some_Drivers_Smaller,Middle_Income,Second_City,Pickup,PHEV_50,0.0
reference,2026,Some_Drivers_Smaller,Middle_Income,Second_City,SUV,BEV_100,0.0
reference,2026,Some_Drivers_Smaller,Middle_Income,Second_City,SUV,BEV_300,0.0
reference,2026,Some_Drivers_Smaller,Middle_Income,Second_City,SUV,PHEV_25,68.33184779524804
reference,2026,Some_Drivers_Smaller,Middle_Income,Second_City,SUV,PHEV_50,0.0
reference,2026,Some_Drivers_Smaller,Middle_Income,Small_Town,Compact,BEV_100,149.45838184523583
reference,2026,Some_Drivers_Smaller,Middle_Income,Small_Town,Compact,BEV_300,0.0
reference,2026,Some_Drivers_Smaller,Middle_Income,Small_Town,Compact,PHEV_25,0.0
reference,2026,Some_Drivers_Smaller,Middle_Income,Small_Town,Compact,PHEV_50,0.0
reference,2026,Some_Drivers_Smaller,Middle_Income,Small_Town,Midsize,BEV_100,0.0
reference,2026,Some_Drivers_Smaller,Middle_Income,Small_Town,Midsize,BEV_300,0.0
reference,2026,Some_Drivers_Smaller,Middle_Income,Small_Town,Midsize,PHEV_25,0.0
reference,2026,Some_Drivers_Smaller,Middle_Income,Small_Town,Midsize,PHEV_50,0.0
reference,2026,Some_Drivers_Smaller,Middle_Income,Small_Town,Pickup,BEV_100,0.0
reference,2026,Some_Drivers_Smaller,Middle_Income,Small_Town,Pickup,BEV_300,0.0
reference,2026,Some_Drivers_Smaller,Middle_Income,Small_Town,Pickup,PHEV_25,0.0
reference,2026,Some_Drivers_Smaller,Middle_Income,Small_Town,Pickup,PHEV_50,0.0
reference,2026,Some_Drivers_Smaller,Middle_Income,Small_Town,SUV,BEV_100,112.65881717413664
reference,2026,Some_Drivers_Smaller,Middle_Income,Small_Town,SUV,BEV_300,0.0
reference,2026,Some_Drivers_Smaller,Middle_Income,Small_Town,SUV,PHEV_25,222.60252049010992
reference,2026,Some_Drivers_Smaller,Middle_Income,Small_Town,SUV,PHEV_50,181.60313309197127
reference,2026,Some_Drivers_Smaller,Middle_Income,Suburban,Compact,BEV_100,40.287693448781965
reference,2026,Some_Drivers_Smaller,Middle_Income,Suburban,Compact,BEV_300,0.0
reference,2026,Some_Drivers_Smaller,Middle_Income,Suburban,Compact,PHEV_25,0.0
reference,2026,Some_Drivers_Smaller,Middle_Income,Suburban,Compact,PHEV_50,0.0
reference,2026,Some_Drivers_Smaller,Middle_Income,Suburban,Midsize,BEV_100,174.5118486814499
reference,2026,Some_Drivers_Smaller,Middle_Income,Suburban,Midsize,BEV_300,0.0
reference,2026,Some_Drivers_Smaller,Middle_Income,Suburban,Midsize,PHEV_25,207.13760257411005
reference,2026,Some_Drivers_Smaller,Middle_Income,Suburban,Midsize,PHEV_50,269.0184717311859
reference,2026,Some_Drivers_Smaller,Middle_Income,Suburban,Pickup,BEV_100,107.51698066830636
reference,2026,Some_Drivers_Smaller,Middle_Income,Suburban,Pickup,BEV_300,0.0
reference,2026,Some_Drivers_Smaller,Middle_Income,Suburban,Pickup,PHEV_25,160.560278552562
reference,2026,Some_Drivers_Smaller,Middle_Income,Suburban,Pickup,PHEV_50,0.0
reference,2026,Some_Drivers_Smaller,Middle_Income,Suburban,SUV,BEV_100,91.1393032848835
reference,2026,Some_Drivers_Smaller,Middle_Income,Suburban,SUV,BEV_300,0.0
reference,2026,Some_Drivers_Smaller,Middle_Income,Suburban,SUV,PHEV_25,0.0
reference,2026,Some_Drivers_Smaller,Middle_Income,Suburban,SUV,PHEV_50,0.0
reference,2026,Some_Drivers_Smaller,Middle_Income,Urban,Compact,BEV_100,0.0
reference,2026,Some_Drivers_Smaller,Middle_Income,Urban,Compact,BEV_300,0.0
reference,2026,Some_Drivers_Smaller,Middle_Income,Urban,Compact,PHEV_25,0.0
reference,2026,Some_Drivers_Smaller,Middle_Income,Urban,Compact,PHEV_50,0.0
reference,2026,Some_Drivers_Smaller,Middle_Income,Urban,Midsize,BEV_100,0.0
reference,2026,Some_Drivers_Smaller,Middle_Income,Urban,Midsize,BEV_300,0.0
reference,2026,Some_Drivers_Smaller,Middle_Income,Urban,Midsize,PHEV_25,0.0
reference,2026,Some_Drivers_Smaller,Middle_Income,Urban,Midsize,PHEV_50,0.0
reference,2026,Some_Drivers_Smaller,Middle_Income,Urban,Pickup,BEV_100,0.0
reference,2026,Some_Drivers_Smaller,Middle_Income,Urban,Pickup,BEV_300,0.0
reference,2026,Some_Drivers_Smaller,Middle_Income,Urban,Pickup,PHEV_25,0.0
reference,2026,Some_Drivers_Smaller,Middle_Income,Urban,Pickup,PHEV_50,0.0
reference,2026,Some_Drivers_Smaller,Middle_Income,Urban,SUV,BEV_100,0.0
reference,2026,Some_Drivers_Smaller,Middle_Income,Urban,SUV,BEV_300,0.0
reference,2026,Some_Drivers_Smaller,Middle_Income,Urban,SUV,PHEV_25,0.0
reference,2026,Some_Drivers_Smaller,Middle_Income,Urban,SUV,PHEV_50,0.0
reference,2030,Single_Driver,High_Income,Rural,Compact,BEV_100,0.0
reference,2030,Single_Driver,High_Income,Rural,Compact,BEV_300,0.0
reference,2030,Single_Driver,High_Income,Rural,Compact,PHEV_25,0.0
reference,2030,Single_Driver,High_Income,Rural,Compact,PHEV_50,0.0
reference,2030,Single_Driver,High_Income,Rural,Midsize,BEV_100,41.48676720669866
reference,2030,Single_Driver,High_Income,Rural,Midsize,BEV_300,0.0
reference,2030,Single_Driver,High_Income,Rural,Midsize,PHEV_25,0.0
reference,2030,Single_Driver,High_Income,Rural,Midsize,PHEV_50,0.0
reference,2030,Single_Driver,High_Income,Rural,Pickup,BEV_100,69.58414844697714
reference,2030,Single_Driver,High_Income,Rural,Pickup,BEV_300,0.0
reference,2030,Single_Driver,High_Income,Rural,Pickup,PHEV_25,0.0
reference,2030,Single_Driver,High_Income,Rural,Pickup,PHEV_50,0.0
reference,2030,Single_Driver,High_Income,Rural,SUV,BEV_100,0.0
reference,2030,Single_Driver,High_Income,Rural,SUV,BEV_300,0.0
reference,2030,Single_Driver,High_Income,Rural,SUV,PHEV_25,0.0
reference,2030,Single_Driver,High_Income,Rural,SUV,PHEV_50,0.0
reference,2030,Single_Driver,High_Income,Second_City,Compact,BEV_100,0.0
reference,2030,Single_Driver,High_Income,Second_City,Compact,BEV_300,0.0
reference,2030,Single_Driver,High_Income,Second_City,Compact,PHEV_25,0.0
reference,2030,Single_Driver,High_Income,Second_City,Compact,PHEV_50,0.0
reference,2030,Single_Driver,High_Income,Second_City,Midsize,BEV_100,0.0
reference,2030,Single_Driver,High_Income,Second_City,Midsize,BEV_300,0.0
reference,2030,Single_Driver,High_Income,Second_City,Midsize,PHEV_25,0.0
reference,2030,Single_Driver,High_Income,Second_City,Midsize,PHEV_50,0.0
reference,2030,Single_Driver,High_Income,Second_City,Pickup,BEV_100,0.0
reference,2030,Single_Driver,High_Income,Second_City,Pickup,BEV_300,0.0
reference,2030,Single_Driver,High_Income,Second_City,Pickup,PHEV_25,0.0
reference,2030,Single_Driver,High_Income,Second_City,Pickup,PHEV_50,0.0
reference,2030,Single_Driver,High_Income,Second_City,SUV,BEV_100,0.0
reference,2030,Single_Driver,High_Income,Second_City,SUV,BEV_300,0.0
reference,2030,Single_Driver,High_Income,Second_City,SUV,PHEV_25,31.82168220925331
reference,2030,Single_Driver,High_Income,Second_City,SUV,PHEV_50,60.20152265009284
reference,2030,Single_Driver,High_Income,Small_Town,Compact,BEV_100,0.0
reference,2030,Single_Driver,High_Income,Small_Town,Compact,BEV_300,0.0
reference,2030,Single_Driver,High_Income,Small_Town,Compact,PHEV_25,0.0
reference,2030,Single_Driver,High_Income,Small_Town,Compact,PHEV_50,0.0
reference,2030,Single_Driver,High_Income,Small_Town,Midsize,BEV_100,0.0
reference,2030,Single_Driver,High_Income,Small_Town,Midsize,BEV_300,0.0
reference,2030,Single_Driver,High_Income,Small_Town,Midsize,PHEV_25,21.711315280362964
reference,2030,Single_Driver,High_Income,Small_Town,Midsize,PHEV_50,0.0
reference,2030,Single_Driver,High_Income,Small_Town,Pickup,BEV_100,122.49706652792544
reference,2030,Single_Driver,High_Income,Small_Town,Pickup,BEV_300,0.0
reference,2030,Single_Driver,High_Income,Small_Town,Pickup,PHEV_25,0.0
reference,2030,Single_Driver,High_Income,Small_Town,Pickup,PHEV_50,0.0
reference,2030,Single_Driver,High_Income,Small_Town,SUV,BEV_100,0.0
reference,2030,Single_Driver,High_Income,Small_Town,SUV,BEV_300,0.0
reference,2030,Single_Driver,High_Income,Small_Town,SUV,PHEV_25,0.0
reference,2030,Single_Driver,High_Income,Small_Town,SUV,PHEV_50,44.630593603700405
reference,2030,Single_Driver,High_Income,Suburban,Compact,BEV_100,0.0
reference,2030,Single_Driver,High_Income,Suburban,Compact,BEV_300,0.0
reference,2030,Single_Driver,High_Income,Suburban,Compact,PHEV_25,0.0
reference,2030,Single_Driver,High_Income,Suburban,Compact,PHEV_50,0.0
reference,2030,Single_Driver,High_Income,Suburban,Midsize,BEV_100,47.321626537919045
reference,2030,Single_Driver,High_Income,Suburban,Midsize,BEV_300,0.0
reference,2030,Single_Driver,High_Income,Suburban,Midsize,PHEV_25,0.0
reference,2030,Single_Driver,High_Income,Suburban,Midsize,PHEV_50,0.0
reference,2030,Single_Driver,High_Income,Suburban,Pickup,BEV_100,0.0
reference,2030,Single_Driver,High_Income,Suburban,Pickup,BEV_300,0.0
reference,2030,Single_Driver,High_Income,Suburban,Pickup,PHEV_25,0.0
reference,2030,Single_Driver,High_Income,Suburban,Pickup,PHEV_50,0.0
reference,2030,Single_Driver,High_Income,Suburban,SUV,BEV_100,94.17881769526004
reference,2030,Single_Driver,High_Income,Suburban,SUV,BEV_300,0.0
reference,2030,Single_Driver,High_Income,Suburban,SUV,PHEV_25,45.360521440148354
reference,2030,Single_Driver,High_Income,Suburban,SUV,PHEV_50,28.49567715907097
reference,2030,Single_Driver,High_Income,Urban,Compact,BEV_100,0.0
reference,2030,Single_Driver,High_Income,Urban,Compact,BEV_300,0.0
reference,2030,Single_Driver,High_Income,Urban,Compact,PHEV_25,0.0
reference,2030,Single_Driver,High_Income,Urban,Compact,PHEV_50,0.0
reference,2030,Single_Driver,High_Income,Urban,Midsize,BEV_100,0.0
reference,2030,Single_Driver,High_Income,Urban,Midsize,BEV_300,0.0
reference,2030,Single_Driver,High_Income,Urban,Midsize,PHEV_25,0.0
reference,2030,Single_Driver,High_Income,Urban,Midsize,PHEV_50,0.0
reference,2030,Single_Driver,High_Income,Urban,Pickup,BEV_100,0.0
reference,2030,Single_Driver,High_Income,Urban,Pickup,BEV_300,0.0
reference,2030,Single_Driver,High_Income,Urban,Pickup,PHEV_25,0.0
reference,2030,Single_Driver,High_Income,Urban,Pickup,PHEV_50,0.0
reference,2030,Single_Driver,High_Income,Urban,SUV,BEV_100,0.0
reference,2030,Single_Driver,High_Income,Urban,SUV,BEV_300,0.0
reference,2030,Single_Driver,High_Income,Urban,SUV,PHEV_25,0.0
reference,2030,Single_Driver,High_Income,Urban,SUV,PHEV_50,0.0
reference,2030,Single_Driver,Low_Income,Rural,Compact,BEV_100,0.0
reference,2030,Single_Driver,Low_Income,Rural,Compact,BEV_300,0.0
reference,2030,Single_Driver,Low_Income,Rural,Compact,PHEV_25,0.0
reference,2030,Single_Driver,Low_Income,Rural,Compact,PHEV_50,0.0
reference,2030,Single_Driver,Low_Income,Rural,Midsize,BEV_100,235.0592341956645
reference,2030,Single_Driver,Low_Income,Rural,Midsize,BEV_300,0.0
reference,2030,Single_Driver,Low_Income,Rural,Midsize,PHEV_25,0.0
reference,2030,Single_Driver,Low_Income,Rural,Midsize,PHEV_50,0.0
reference,2030,Single_Driver,Low_Income,Rural,Pickup,BEV_100,0.0
reference,2030,Single_Driver,Low_Income,Rural,Pickup,BEV_300,0.0
reference,2030,Single_Driver,Low_Income,Rural,Pickup,PHEV_25,234.7104959337712
reference,2030,Single_Driver,Low_Income,Rural,Pickup,PHEV_50,214.85342840480808
reference,2030,Single_Driver,Low_Income,Rural,SUV,BEV_100,682.2229889760614
reference,2030,Single_Driver,Low_Income,Rural,SUV,BEV_300,0.0
reference,2030,Single_Driver,Low_Income,Rural,SUV,PHEV_25,0.0
reference,2030,Single_Driver,Low_Income,Rural,SUV,PHEV_50,0.0
reference,2030,Single_Driver,Low_Income,Second_City,Compact,BEV_100,0.0
reference,2030,Single_Driver,Low_Income,Second_City,Compact,BEV_300,0.0
reference,2030,Single_Driver,Low_Income,Second_City,Compact,PHEV_25,0.0
reference,2030,Single_Driver,Low_Income,Second_City,Compact,PHEV_50,0.0
reference,2030,Single_Driver,Low_Income,Second_City,Midsize,BEV_100,103.9747694106102
reference,2030,Single_Driver,Low_Income,Second_City,Midsize,BEV_300,0.0
reference,2030,Single_Driver,Low_Income,Second_City,Midsize,PHEV_25,62.1528748896122
reference,2030,Single_Driver,Low_Income,Second_City,Midsize,PHEV_50,96.14561319050192
reference,2030,Single_Driver,Low_Income,Second_City,Pickup,BEV_100,0.0
reference,2030,Single_Driver,Low_Income,Second_City,Pickup,BEV_300,0.0
reference,2030,Single_Driver,Low_Income,Second_City,Pickup,PHEV_25,0.0
reference,2030,Single_Driver,Low_Income,Second_City,Pickup,PHEV_50,0.0
reference,2030,Single_Driver,Low_Income,Second_City,SUV,BEV_100,148.2724909248352
reference,2030,Single_Driver,Low_Income,Second_City,SUV,BEV_300,36.26630410909653
reference,2030,Single_Driver,Low_Income,Second_City,SUV,PHEV_25,79.27981060028077
reference,2030,Single_Driver,Low_Income,Second_City,SUV,PHEV_50,0.0
reference,2030,Single_Driver,Low_Income,Small_Town,Compact,BEV_100,0.0
reference,2030,Single_Driver,Low_Income,Small_Town,Compact,BEV_300,0.0
reference,2030,Single_Driver,Low_Income,Small_Town,Compact,PHEV_25,0.0
reference,2030,Single_Driver,Low_Income,Small_Town,Compact,PHEV_50,0.0
reference,2030,Single_Driver,Low_Income,Small_Town,Midsize,BEV_100,0.0
reference,2030,Single_Driver,Low_Income,Small_Town,Midsize,BEV_300,75.24290761010349
reference,2030,Single_Driver,Low_Income,Small_Town,Midsize,PHEV_25,0.0
reference,2030,Single_Driver,Low_Income,Small_Town,Midsize,PHEV_50,9.030302381277084
reference,2030,Single_Driver,Low_Income,Small_Town,Pickup,BEV_100,13.246899399906397
reference,2030,Single_Driver,Low_Income,Small_Town,Pickup,BEV_300,0.0
reference,2030,Single_Driver,Low_Income,Small_Town,Pickup,PHEV_25,0.0
reference,2030,Single_Driver,Low_Income,Small_Town,Pickup,PHEV_50,0.0
reference,2030,Single_Driver,Low_Income,Small_Town,SUV,BEV_100,78.01721818709373
reference,2030,Single_Driver,Low_Income,Small_Town,SUV,BEV_300,0.0
reference,2030,Single_Driver,Low_Income,Small_Town,SUV,PHEV_25,0.0
reference,2030,Single_Driver,Low_Income,Small_Town,SUV,PHEV_50,0.0
reference,2030,Single_Driver,Low_Income,Suburban,Compact,BEV_100,0.0
reference,2030,Single_Driver,Low_Income,Suburban,Compact,BEV_300,0.0
reference,2030,Single_Driver,Low_Income,Suburban,Compact,PHEV_25,73.75787081098557
reference,2030,Single_Driver,Low_Income,Suburban,Compact,PHEV_50,0.0
reference,2030,Single_Driver,Low_Income,Suburban,Midsize,BEV_100,297.41450592398644
reference,2030,Single_Driver,Low_Income,Suburban,Midsize,BEV_300,0.0
reference,2030,Single_Driver,Low_Income,Suburban,Midsize,PHEV_25,50.9777780001387
reference,2030,Single_Driver,Low_Income,Suburban,Midsize,PHEV_50,0.0
reference,2030,Single_Driver,Low_Income,Suburban,Pickup,BEV_100,0.0
reference,2030,Single_Driver,Low_Income,Suburban,Pickup,BEV_300,0.0
reference,2030,Single_Driver,Low_Income,Suburban,Pickup,PHEV_25,0.0
reference,2030,Single_Driver,Low_Income,Suburban,Pickup,PHEV_50,0.0
reference,2030,Single_Driver,Low_Income,Suburban,SUV,BEV_100,145.65129072034358
reference,2030,Single_Driver,Low_Income,Suburban,SUV,BEV_300,0.0
reference,2030,Single_Driver,Low_Income,Suburban,SUV,PHEV_25,0.0
reference,2030,Single_Driver,Low_Income,Suburban,SUV,PHEV_50,0.0
reference,2030,Single_Driver,Low_Income,Urban,Compact,BEV_100,0.0
reference,2030,Single_Driver,Low_Income,Urban,Compact,BEV_300,0.0
reference,2030,Single_Driver,Low_Income,Urban,Compact,PHEV_25,0.0
reference,2030,Single_Driver,Low_Income,Urban,Compact,PHEV_50,0.0
reference,2030,Single_Driver,Low_Income,Urban,Midsize,BEV_100,0.0
reference,2030,Single_Driver,Low_Income,Urban,Midsize,BEV_300,0.0
reference,2030,Single_Driver,Low_Income,Urban,Midsize,PHEV_25,0.0
reference,2030,Single_Driver,Low_Income,Urban,Midsize,PHEV_50,0.0
reference,2030,Single_Driver,Low_Income,Urban,Pickup,BEV_100,0.0
reference,2030,Single_Driver,Low_Income,Urban,Pickup,BEV_300,0.0
reference,2030,Single_Driver,Low_Income,Urban,Pickup,PHEV_25,0.0
reference,2030,Single_Driver,Low_Income,Urban,Pickup,PHEV_50,0.0
reference,2030,Single_Driver,Low_Income,Urban,SUV,BEV_100,0.0
reference,2030,Single_Driver,Low_Income,Urban,SUV,BEV_300,0.0
reference,2030,Single_Driver,Low_Income,Urban,SUV,PHEV_25,0.0
reference,2030,Single_Driver,Low_Income,Urban,SUV,PHEV_50,0.0
reference,2030,Single_Driver,Middle_Income,Rural,Compact,BEV_100,0.0
reference,2030,Single_Driver,Middle_Income,Rural,Compact,BEV_300,0.0
reference,2030,Single_Driver,Middle_Income,Rural,Compact,PHEV_25,0.0
reference,2030,Single_Driver,Middle_Income,Rural,Compact,PHEV_50,0.0
reference,2030,Single_Driver,Middle_Income,Rural,Midsize,BEV_100,0.0
reference,2030,Single_Driver,Middle_Income,Rural,Midsize,BEV_300,0.0
reference,2030,Single_Driver,Middle_Income,Rural,Midsize,PHEV_25,0.0
reference,2030,Single_Driver,Middle_Income,Rural,Midsize,PHEV_50,0.0
reference,2030,Single_Driver,Middle_Income,Rural,Pickup,BEV_100,443.1585565508604
reference,2030,Single_Driver,Middle_Income,Rural,Pickup,BEV_300,0.0
reference,2030,Single_Driver,Middle_Income,Rural,Pickup,PHEV_25,0.0
reference,2030,Single_Driver,Middle_Income,Rural,Pickup,PHEV_50,0.0
reference,2030,Single_Driver,Middle_Income,Rural,SUV,BEV_100,154.1766833844781
reference,2030,Single_Driver,Middle_Income,Rural,SUV,BEV_300,0.0
reference,2030,Single_Driver,Middle_Income,Rural,SUV,PHEV_25,112.14907923454048
reference,2030,Single_Driver,Middle_Income,Rural,SUV,PHEV_50,98.45927478037775
reference,2030,Single_Driver,Middle_Income,Second_City,Compact,BEV_100,0.0
reference,2030,Single_Driver,Middle_Income,Second_City,Compact,BEV_300,0.0
reference,2030,Single_Driver,Middle_Income,Second_City,Compact,PHEV_25,0.0
reference,2030,Single_Driver,Middle_Income,Second_City,Compact,PHEV_50,0.0
reference,2030,Single_Driver,Middle_Income,Second_City,Midsize,BEV_100,119.59033047232032
reference,2030,Single_Driver,Middle_Income,Second_City,Midsize,BEV_300,0.0
reference,2030,Single_Driver,Middle_Income,Second_City,Midsize,PHEV_25,0.0
reference,2030,Single_Driver,Middle_Income,Second_City,Midsize,PHEV_50,45.10569655847549
reference,2030,Single_Driver,Middle_Income,Second_City,Pickup,BEV_100,0.0
reference,2030,Single_Driver,Middle_Income,Second_City,Pickup,BEV_300,0.0
reference,2030,Single_Driver,Middle_Income,Second_City,Pickup,PHEV_25,38.89643833231926
reference,2030,Single_Driver,Middle_Income,Second_City,Pickup,PHEV_50,53.606178385555744
reference,2030,Single_Driver,Middle_Income,Second_City,SUV,BEV_100,49.70964607232809
reference,2030,Single_Driver,Middle_Income,Second_City,SUV,BEV_300,0.0
reference,2030,Single_Driver,Middle_Income,Second_City,SUV,PHEV_25,0.0
reference,2030,Single_Driver,Middle_Income,Second_City,SUV,PHEV_50,43.9060674277544
reference,2030,Single_Driver,Middle_Income,Small_Town,Compact,BEV_100,0.0
reference,2030,Single_Driver,Middle_Income,Small_Town,Compact,BEV_300,0.0
reference,2030,Single_Driver,Middle_Income,Small_Town,Compact,PHEV_25,0.0
reference,2030,Single_Driver,Middle_Income,Small_Town,Compact,PHEV_50,0.0
reference,2030,Single_Driver,Middle_Income,Small_Town,Midsize,BEV_100,0.0
reference,2030,Single_Driver,Middle_Income,Small_Town,Midsize,BEV_300,0.0
reference,2030,Single_Driver,Middle_Income,Small_Town,Midsize,PHEV_25,0.0
reference,2030,Single_Driver,Middle_Income,Small_Town,Midsize,PHEV_50,0.0
reference,2030,Single_Driver,Middle_Income,Small_Town,Pickup,BEV_100,0.0
reference,2030,Single_Driver,Middle_Income,Small_Town,Pickup,BEV_300,0.0
reference,2030,Single_Driver,Middle_Income,Small_Town,Pickup,PHEV_25,0.0
reference,2030,Single_Driver,Middle_Income,Small_Town,Pickup,PHEV_50,0.0
reference,2030,Single_Driver,Middle_Income,Small_Town,SUV,BEV_100,36.67891340041161
reference,2030,Single_Driver,Middle_Income,Small_Town,SUV,BEV_300,0.0
reference,2030,Single_Driver,Middle_Income,Small_Town,SUV,PHEV_25,34.91005448305607
reference,2030,Single_Driver,Middle_Income,Small_Town,SUV,PHEV_50,41.32250477789342
reference,2030,Single_Driver,Middle_Income,Suburban,Compact,BEV_100,70.57720393902063
reference,2030,Single_Driver,Middle_Income,Suburban,Compact,BEV_300,0.0
reference,2030,Single_Driver,Middle_Income,Suburban,Compact,PHEV_25,24.303333248361945
reference,2030,Single_Driver,Middle_Income,Suburban,Compact,PHEV_50,42.93731509832293
reference,2030,Single_Driver,Middle_Income,Suburban,Midsize,BEV_100,78.35548491129279
reference,2030,Single_Driver,Middle_Income,Suburban,Midsize,BEV_300,0.0
reference,2030,Single_Driver,Middle_Income,Suburban,Midsize,PHEV_25,0.0
reference,2030,Single_Driver,Middle_Income,Suburban,Midsize,PHEV_50,0.0
reference,2030,Single_Driver,Middle_Income,Suburban,Pickup,BEV_100,53.4328919967562
reference,2030,Single_Driver,Middle_Income,Suburban,Pickup,BEV_300,0.0
reference,2030,Single_Driver,Middle_Income,Suburban,Pickup,PHEV_25,65.43038670828567
reference,2030,Single_Driver,Middle_Income,Suburban,Pickup,PHEV_50,0.0
reference,2030,Single_Driver,Middle_Income,Suburban,SUV,BEV_100,38.20313001346588
reference,2030,Single_Driver,Middle_Income,Suburban,SUV,BEV_300,0.0
reference,2030,Single_Driver,Middle_Income,Suburban,SUV,PHEV_25,0.0
reference,2030,Single_Driver,Middle_Income,Suburban,SUV,PHEV_50,33.35868768969923
reference,2030,Single_Driver,Middle_Income,Urban,Compact,BEV_100,0.0
reference,2030,Single_Driver,Middle_Income,Urban,Compact,BEV_300,0.0
reference,2030,Single_Driver,Middle_Income,Urban,Compact,PHEV_25,0.0
reference,2030,Single_Driver,Middle_Income,Urban,Compact,PHEV_50,0.0
reference,2030,Single_Driver,Middle_Income,Urban,Midsize,BEV_100,0.0
reference,2030,Single_Driver,Middle_Income,Urban,Midsize,BEV_300,0.0
reference,2030,Single_Driver,Middle_Income,Urban,Midsize,PHEV_25,0.0
reference,2030,Single_Driver,Middle_Income,Urban,Midsize,PHEV_50,0.0
reference,2030,Single_Driver,Middle_Income,Urban,Pickup,BEV_100,0.0
reference,2030,Single_Driver,Middle_Income,Urban,Pickup,BEV_300,0.0
reference,2030,Single_Driver,Middle_Income,Urban,Pickup,PHEV_25,0.0
reference,2030,Single_Driver,Middle_Income,Urban,Pickup,PHEV_50,0.0
reference,2030,Single_Driver,Middle_Income,Urban,SUV,BEV_100,0.0
reference,2030,Single_Driver,Middle_Income,Urban,SUV,BEV_300,0.0
reference,2030,Single_Driver,Middle_Income,Urban,SUV,PHEV_25,0.0
reference,2030,Single_Driver,Middle_Income,Urban,SUV,PHEV_50,0.0
reference,2030,Some_Drivers_Larger,High_Income,Rural,Compact,BEV_100,0.0
reference,2030,Some_Drivers_Larger,High_Income,Rural,Compact,BEV_300,0.0
reference,2030,Some_Drivers_Larger,High_Income,Rural,Compact,PHEV_25,0.0
reference,2030,Some_Drivers_Larger,High_Income,Rural,Compact,PHEV_50,289.6785034594536
reference,2030,Some_Drivers_Larger,High_Income,Rural,Midsize,BEV_100,130.48258818128704
reference,2030,Some_Drivers_Larger,High_Income,Rural,Midsize,BEV_300,0.0
reference,2030,Some_Drivers_Larger,High_Income,Rural,Midsize,PHEV_25,99.38322032880784
reference,2030,Some_Drivers_Larger,High_Income,Rural,Midsize,PHEV_50,295.53627700316906
reference,2030,Some_Drivers_Larger,High_Income,Rural,Pickup,BEV_100,372.0691848742962
reference,2030,Some_Drivers_Larger,High_Income,Rural,Pickup,BEV_300,0.0
reference,2030,Some_Drivers_Larger,High_Income,Rural,Pickup,PHEV_25,178.72931093192102
reference,2030,Some_Drivers_Larger,High_Income,Rural,Pickup,PHEV_50,0.0
reference,2030,Some_Drivers_Larger,High_Income,Rural,SUV,BEV_100,632.0397151233703
reference,2030,Some_Drivers_Larger,High_Income,Rural,SUV,BEV_300,461.6802240606546
reference,2030,Some_Drivers_Larger,High_Income,Rural,SUV,PHEV_25,194.47693647694587
reference,2030,Some_Drivers_Larger,High_Income,Rural,SUV,PHEV_50,604.5658719036579
reference,2030,Some_Drivers_Larger,High_Income,Second_City,Compact,BEV_100,0.0
reference,2030,Some_Drivers_Larger,High_Income,Second_City,Compact,BEV_300,0.0
reference,2030,Some_Drivers_Larger,High_Income,Second_City,Compact,PHEV_25,0.0
reference,2030,Some_Drivers_Larger,High_Income,Second_City,Compact,PHEV_50,192.29249771696328
reference,2030,Some_Drivers_Larger,High_Income,Second_City,Midsize,BEV_100,0.0
reference,2030,Some_Drivers_Larger,High_Income,Second_City,Midsize,BEV_300,0.0
reference,2030,Some_Drivers_Larger,High_Income,Second_City,Midsize,PHEV_25,0.0
reference,2030,Some_Drivers_Larger,High_Income,Second_City,Midsize,PHEV_50,0.0
reference,2030,Some_Drivers_Larger,High_Income,Second_City,Pickup,BEV_100,0.0
reference,2030,Some_Drivers_Larger,High_Income,Second_City,Pickup,BEV_300,0.0
reference,2030,Some_Drivers_Larger,High_Income,Second_City,Pickup,PHEV_25,0.0
reference,2030,Some_Drivers_Larger,High_Income,Second_City,Pickup,PHEV_50,0.0
reference,2030,Some_Drivers_Larger,High_Income,Second_City,SUV,BEV_100,138.7971050753817
reference,2030,Some_Drivers_Larger,High_Income,Second_City,SUV,BEV_300,0.0
reference,2030,Some_Drivers_Larger,High_Income,Second_City,SUV,PHEV_25,0.0
reference,2030,Some_Drivers_Larger,High_Income,Second_City,SUV,PHEV_50,82.82786847531796
reference,2030,Some_Drivers_Larger,High_Income,Small_Town,Compact,BEV_100,0.0
reference,2030,Some_Drivers_Larger,High_Income,Small_Town,Compact,BEV_300,0.0
reference,2030,Some_Drivers_Larger,High_Income,Small_Town,Compact,PHEV_25,85.9075336022377
reference,2030,Some_Drivers_Larger,High_Income,Small_Town,Compact,PHEV_50,0.0
reference,2030,Some_Drivers_Larger,High_Income,Small_Town,Midsize,BEV_100,233.5171818522811
reference,2030,Some_Drivers_Larger,High_Income,Small_Town,Midsize,BEV_300,0.0
reference,2030,Some_Drivers_Larger,High_Income,Small_Town,Midsize,PHEV_25,93.43179125627876
reference,2030,Some_Drivers_Larger,High_Income,Small_Town,Midsize,PHEV_50,0.0
reference,2030,Some_Drivers_Larger,High_Income,Small_Town,Pickup,BEV_100,150.43152878594398
reference,2030,Some_Drivers_Larger,High_Income,Small_Town,Pickup,BEV_300,0.0
reference,2030,Some_Drivers_Larger,High_Income,Small_Town,Pickup,PHEV_25,46.8516780032441
reference,2030,Some_Drivers_Larger,High_Income,Small_Town,Pickup,PHEV_50,0.0
reference,2030,Some_Drivers_Larger,High_Income,Small_Town,SUV,BEV_100,0.0
reference,2030,Some_Drivers_Larger,High_Income,Small_Town,SUV,BEV_300,0.0
reference,2030,Some_Drivers_Larger,High_Income,Small_Town,SUV,PHEV_25,132.41795267494024
reference,2030,Some_Drivers_Larger,High_Income,Small_Town,SUV,PHEV_50,226.7066456775665
reference,2030,Some_Drivers_Larger,High_Income,Suburban,Compact,BEV_100,97.36908796301483
reference,2030,Some_Drivers_Larger,High_Income,Suburban,Compact,BEV_300,0.0
reference,2030,Some_Drivers_Larger,High_Income,Suburban,Compact,PHEV_25,0.0
reference,2030,Some_Drivers_Larger,High_Income,Suburban,Compact,PHEV_50,0.0
reference,2030,Some_Drivers_Larger,High_Income,Suburban,Midsize,BEV_100,50.64784264448285
reference,2030,Some_Drivers_Larger,High_Income,Suburban,Midsize,BEV_300,0.0
reference,2030,Some_Drivers_Larger,High_Income,Suburban,Midsize,PHEV_25,85.45082626485825
reference,2030,Some_Drivers_Larger,High_Income,Suburban,Midsize,PHEV_50,0.0
reference,2030,Some_Drivers_Larger,High_Income,Suburban,Pickup,BEV_100,0.0
reference,2030,Some_Drivers_Larger,High_Income,Suburban,Pickup,BEV_300,0.0
reference,2030,Some_Drivers_Larger,High_Income,Suburban,Pickup,PHEV_25,0.0
reference,2030,Some_Drivers_Larger,High_Income,Suburban,Pickup,PHEV_50,0.0
reference,2030,Some_Drivers_Larger,High_Income,Suburban,SUV,BEV_100,527.4324461767972
reference,2030,Some_Drivers_Larger,High_Income,Suburban,SUV,BEV_300,236.7649833894372
reference,2030,Some_Drivers_Larger,High_Income,Suburban,SUV,PHEV_25,106.53770423915238
reference,2030,Some_Drivers_Larger,High_Income,Suburban,SUV,PHEV_50,64.52809079802037
reference,2030,Some_Drivers_Larger,High_Income,Urban,Compact,BEV_100,0.0
reference,2030,Some_Drivers_Larger,High_Income,Urban,Compact,BEV_300,0.0
reference,2030,Some_Drivers_Larger,High_Income,Urban,Compact,PHEV_25,0.0
reference,2030,Some_Drivers_Larger,High_Income,Urban,Compact,PHEV_50,0.0
reference,2030,Some_Drivers_Larger,High_Income,Urban,Midsize,BEV_100,0.0
reference,2030,Some_Drivers_Larger,High_Income,Urban,Midsize,BEV_300,0.0
reference,2030,Some_Drivers_Larger,High_Income,Urban,Midsize,PHEV_25,0.0
reference,2030,Some_Drivers_Larger,High_Income,Urban,Midsize,PHEV_50,0.0
reference,2030,Some_Drivers_Larger,High_Income,Urban,Pickup,BEV_100,0.0
reference,2030,Some_Drivers_Larger,High_Income,Urban,Pickup,BEV_300,0.0
reference,2030,Some_Drivers_Larger,High_Income,Urban,Pickup,PHEV_25,0.0
reference,2030,Some_Drivers_Larger,High_Income,Urban,Pickup,PHEV_50,0.0
reference,2030,Some_Drivers_Larger,High_Income,Urban,SUV,BEV_100,0.0
reference,2030,Some_Drivers_Larger,High_Income,Urban,SUV,BEV_300,0.0
reference,2030,Some_Drivers_Larger,High_Income,Urban,SUV,PHEV_25,0.0
reference,2030,Some_Drivers_Larger,High_Income,Urban,SUV,PHEV_50,0.0
reference,2030,Some_Drivers_Larger,Low_Income,Rural,Compact,BEV_100,0.0
reference,2030,Some_Drivers_Larger,Low_Income,Rural,Compact,BEV_300,0.0
reference,2030,Some_Drivers_Larger,Low_Income,Rural,Compact,PHEV_25,0.0
reference,2030,Some_Drivers_Larger,Low_Income,Rural,Compact,PHEV_50,59.41993088319898
reference,2030,Some_Drivers_Larger,Low_Income,Rural,Midsize,BEV_100,250.7387463687808
reference,2030,Some_Drivers_Larger,Low_Income,Rural,Midsize,BEV_300,0.0
reference,2030,Some_Drivers_Larger,Low_Income,Rural,Midsize,PHEV_25,0.0
reference,2030,Some_Drivers_Larger,Low_Income,Rural,Midsize,PHEV_50,127.46627260780336
reference,2030,Some_Drivers_Larger,Low_Income,Rural,Pickup,BEV_100,112.12307439386844
reference,2030,Some_Drivers_Larger,Low_Income,Rural,Pickup,BEV_300,0.0
reference,2030,Some_Drivers_Larger,Low_Income,Rural,Pickup,PHEV_25,0.0
reference,2030,Some_Drivers_Larger,Low_Income,Rural,Pickup,PHEV_50,0.0
reference,2030,Some_Drivers_Larger,Low_Income,Rural,SUV,BEV_100,0.0
reference,2030,Some_Drivers_Larger,Low_Income,Rural,SUV,BEV_300,102.17364179480076
reference,2030,Some_Drivers_Larger,Low_Income,Rural,SUV,PHEV_25,43.39490383954719
reference,2030,Some_Drivers_Larger,Low_Income,Rural,SUV,PHEV_50,138.02822324240208
reference,2030,Some_Drivers_Larger,Low_Income,Second_City,Compact,BEV_100,66.55647347444295
reference,2030,Some_Drivers_Larger,Low_Income,Second_City,Compact,BEV_300,0.0
reference,2030,Some_Drivers_Larger,Low_Income,Second_City,Compact,PHEV_25,0.0
reference,2030,Some_Drivers_Larger,Low_Income,Second_City,Compact,PHEV_50,0.0
reference,2030,Some_Drivers_Larger,Low_Income,Second_City,Midsize,BEV_100,0.0
reference,2030,Some_Drivers_Larger,Low_Income,Second_City,Midsize,BEV_300,0.0
reference,2030,Some_Drivers_Larger,Low_Income,Second_City,Midsize,PHEV_25,0.0
reference,2030,Some_Drivers_Larger,Low_Income,Second_City,Midsize,PHEV_50,0.0
reference,2030,Some_Drivers_Larger,Low_Income,Second_City,Pickup,BEV_100,0.0
reference,2030,Some_Drivers_Larger,Low_Income,Second_City,Pickup,BEV_300,0.0
reference,2030,Some_Drivers_Larger,Low_Income,Second_City,Pickup,PHEV_25,0.0
reference,2030,Some_Drivers_Larger,Low_Income,Second_City,Pickup,PHEV_50,0.0
reference,2030,Some_Drivers_Larger,Low_Income,Second_City,SUV,BEV_100,78.77152658769488
reference,2030,Some_Drivers_Larger,Low_Income,Second_City,SUV,BEV_300,68.3807714139223
reference,2030,Some_Drivers_Larger,Low_Income,Second_City,SUV,PHEV_25,66.45342176729442
reference,2030,Some_Drivers_Larger,Low_Income,Second_City,SUV,PHEV_50,155.85200165012478
reference,2030,Some_Drivers_Larger,Low_Income,Small_Town,Compact,BEV_100,0.0
reference,2030,Some_Drivers_Larger,Low_Income,Small_Town,Compact,BEV_300,0.0
reference,2030,Some_Drivers_Larger,Low_Income,Small_Town,Compact,PHEV_25,48.40037855711579
reference,2030,Some_Drivers_Larger,Low_Income,Small_Town,Compact,PHEV_50,0.0
reference,2030,Some_Drivers_Larger,Low_Income,Small_Town,Midsize,BEV_100,0.0
reference,2030,Some_Drivers_Larger,Low_Income,Small_Town,Midsize,BEV_300,0.0
reference,2030,Some_Drivers_Larger,Low_Income,Small_Town,Midsize,PHEV_25,0.0
reference,2030,Some_Drivers_Larger,Low_Income,Small_Town,Midsize,PHEV_50,0.0
reference,2030,Some_Drivers_Larger,Low_Income,Small_Town,Pickup,BEV_100,0.0
reference,2030,Some_Drivers_Larger,Low_Income,Small_Town,Pickup,BEV_300,0.0
reference,2030,Some_Drivers_Larger,Low_Income,Small_Town,Pickup,PHEV_25,0.0
reference,2030,Some_Drivers_Larger,Low_Income,Small_Town,Pickup,PHEV_50,0.0
reference,2030,Some_Drivers_Larger,Low_Income,Small_Town,SUV,BEV_100,0.0
reference,2030,Some_Drivers_Larger,Low_Income,Small_Town,SUV,BEV_300,32.28729216450453
reference,2030,Some_Drivers_Larger,Low_Income,Small_Town,SUV,PHEV_25,0.0
reference,2030,Some_Drivers_Larger,Low_Income,Small_Town,SUV,PHEV_50,0.0
reference,2030,Some_Drivers_Larger,Low_Income,Suburban,Compact,BEV_100,0.0
reference,2030,Some_Drivers_Larger,Low_Income,Suburban,Compact,BEV_300,0.0
reference,2030,Some_Drivers_Larger,Low_Income,Suburban,Compact,PHEV_25,81.78621311173588
reference,2030,Some_Drivers_Larger,Low_Income,Suburban,Compact,PHEV_50,0.0
reference,2030,Some_Drivers_Larger,Low_Income,Suburban,Midsize,BEV_100,111.84615397322176
reference,2030,Some_Drivers_Larger,Low_Income,Suburban,Midsize,BEV_300,0.0
reference,2030,Some_Drivers_Larger,Low_Income,Suburban,Midsize,PHEV_25,0.0
reference,2030,Some_Drivers_Larger,Low_Income,Suburban,Midsize,PHEV_50,0.0
reference,2030,Some_Drivers_Larger,Low_Income,Suburban,Pickup,BEV_100,0.0
reference,2030,Some_Drivers_Larger,Low_Income,Suburban,Pickup,BEV_300,0.0
reference,2030,Some_Drivers_Larger,Low_Income,Suburban,Pickup,PHEV_25,25.889465880200262
reference,2030,Some_Drivers_Larger,Low_Income,Suburban,Pickup,PHEV_50,0.0
reference,2030,Some_Drivers_Larger,Low_Income,Suburban,SUV,BEV_100,152.94520162290334
reference,2030,Some_Drivers_Larger,Low_Income,Suburban,SUV,BEV_300,122.65376996347308
reference,2030,Some_Drivers_Larger,Low_Income,Suburban,SUV,PHEV_25,0.0
reference,2030,Some_Drivers_Larger,Low_Income,Suburban,SUV,PHEV_50,99.98194654293358
reference,2030,Some_Drivers_Larger,Low_Income,Urban,Compact,BEV_100,0.0
reference,2030,Some_Drivers_Larger,Low_Income,Urban,Compact,BEV_300,0.0
reference,2030,Some_Drivers_Larger,Low_Income,Urban,Compact,PHEV_25,0.0
reference,2030,Some_Drivers_Larger,Low_Income,Urban,Compact,PHEV_50,0.0
reference,2030,Some_Drivers_Larger,Low_Income,Urban,Midsize,BEV_100,0.0
reference,2030,Some_Drivers_Larger,Low_Income,Urban,Midsize,BEV_300,0.0
reference,2030,Some_Drivers_Larger,Low_Income,Urban,Midsize,PHEV_25,0.0
reference,2030,Some_Drivers_Larger,Low_Income,Urban,Midsize,PHEV_50,0.0
reference,2030,Some_Drivers_Larger,Low_Income,Urban,Pickup,BEV_100,0.0
reference,2030,Some_Drivers_Larger,Low_Income,Urban,Pickup,BEV_300,0.0
reference,2030,Some_Drivers_Larger,Low_Income,Urban,Pickup,PHEV_25,0.0
reference,2030,Some_Drivers_Larger,Low_Income,Urban,Pickup,PHEV_50,0.0
reference,2030,Some_Drivers_Larger,Low_Income,Urban,SUV,BEV_100,0.0
reference,2030,Some_Drivers_Larger,Low_Income,Urban,SUV,BEV_300,0.0
reference,2030,Some_Drivers_Larger,Low_Income,Urban,SUV,PHEV_25,0.0
reference,2030,Some_Drivers_Larger,Low_Income,Urban,SUV,PHEV_50,0.0
reference,2030,Some_Drivers_Larger,Middle_Income,Rural,Compact,BEV_100,227.0731608979702
reference,2030,Some_Drivers_Larger,Middle_Income,Rural,Compact,BEV_300,0.0
reference,2030,Some_Drivers_Larger,Middle_Income,Rural,Compact,PHEV_25,0.0
reference,2030,Some_Drivers_Larger,Middle_Income,Rural,Compact,PHEV_50,0.0
reference,2030,Some_Drivers_Larger,Middle_Income,Rural,Midsize,BEV_100,0.0
reference,2030,Some_Drivers_Larger,Middle_Income,Rural,Midsize,BEV_300,0.0
reference,2030,Some_Drivers_Larger,Middle_Income,Rural,Midsize,PHEV_25,0.0
reference,2030,Some_Drivers_Larger,Middle_Income,Rural,Midsize,PHEV_50,555.4141156098246
reference,2030,Some_Drivers_Larger,Middle_Income,Rural,Pickup,BEV_100,669.7898892298937
reference,2030,Some_Drivers_Larger,Middle_Income,Rural,Pickup,BEV_300,0.0
reference,2030,Some_Drivers_Larger,Middle_Income,Rural,Pickup,PHEV_25,529.6232099523843
reference,2030,Some_Drivers_Larger,Middle_Income,Rural,Pickup,PHEV_50,0.0
reference,2030,Some_Drivers_Larger,Middle_Income,Rural,SUV,BEV_100,968.4132522203028
reference,2030,Some_Drivers_Larger,Middle_Income,Rural,SUV,BEV_300,0.0
reference,2030,Some_Drivers_Larger,Middle_Income,Rural,SUV,PHEV_25,0.0
reference,2030,Some_Drivers_Larger,Middle_Income,Rural,SUV,PHEV_50,1563.9919413604737
reference,2030,Some_Drivers_Larger,Middle_Income,Second_City,Compact,BEV_100,0.0
reference,2030,Some_Drivers_Larger,Middle_Income,Second_City,Compact,BEV_300,0.0
reference,2030,Some_Drivers_Larger,Middle_Income,Second_City,Compact,PHEV_25,0.0
reference,2030,Some_Drivers_Larger,Middle_Income,Second_City,Compact,PHEV_50,0.0
reference,2030,Some_Drivers_Larger,Middle_Income,Second_City,Midsize,BEV_100,89.5135025211554
reference,2030,Some_Drivers_Larger,Middle_Income,Second_City,Midsize,BEV_300,0.0
reference,2030,Some_Drivers_Larger,Middle_Income,Second_City,Midsize,PHEV_25,68.1806035054028
reference,2030,Some_Drivers_Larger,Middle_Income,Second_City,Midsize,PHEV_50,65.50676118755341
reference,2030,Some_Drivers_Larger,Middle_Income,Second_City,Pickup,BEV_100,0.0
reference,2030,Some_Drivers_Larger,Middle_Income,Second_City,Pickup,BEV_300,0.0
reference,2030,Some_Drivers_Larger,Middle_Income,Second_City,Pickup,PHEV_25,0.0
reference,2030,Some_Drivers_Larger,Middle_Income,Second_City,Pickup,PHEV_50,0.0
reference,2030,Some_Drivers_Larger,Middle_Income,Second_City,SUV,BEV_100,102.08073275600374
reference,2030,Some_Drivers_Larger,Middle_Income,Second_City,SUV,BEV_300,0.0
reference,2030,Some_Drivers_Larger,Middle_Income,Second_City,SUV,PHEV_25,119.2537831645608
reference,2030,Some_Drivers_Larger,Middle_Income,Second_City,SUV,PHEV_50,68.05269291004538
reference,2030,Some_Drivers_Larger,Middle_Income,Small_Town,Compact,BEV_100,0.0
reference,2030,Some_Drivers_Larger,Middle_Income,Small_Town,Compact,BEV_300,0.0
reference,2030,Some_Drivers_Larger,Middle_Income,Small_Town,Compact,PHEV_25,0.0
reference,2030,Some_Drivers_Larger,Middle_Income,Small_Town,Compact,PHEV_50,0.0
reference,2030,Some_Drivers_Larger,Middle_Income,Small_Town,Midsize,BEV_100,66.8377082863152
reference,2030,Some_Drivers_Larger,Middle_Income,Small_Town,Midsize,BEV_300,0.0
reference,2030,Some_Drivers_Larger,Middle_Income,Small_Town,Midsize,PHEV_25,72.97372897100449
reference,2030,Some_Drivers_Larger,Middle_Income,Small_Town,Midsize,PHEV_50,0.0
reference,2030,Some_Drivers_Larger,Middle_Income,Small_Town,Pickup,BEV_100,0.0
reference,2030,Some_Drivers_Larger,Middle_Income,Small_Town,Pickup,BEV_300,0.0
reference,2030,Some_Drivers_Larger,Middle_Income,Small_Town,Pickup,PHEV_25,0.0
reference,2030,Some_Drivers_Larger,Middle_Income,Small_Town,Pickup,PHEV_50,0.0
reference,2030,Some_Drivers_Larger,Middle_Income,Small_Town,SUV,BEV_100,302.0469635095
reference,2030,Some_Drivers_Larger,Middle_Income,Small_Town,SUV,BEV_300,0.0
reference,2030,Some_Drivers_Larger,Middle_Income,Small_Town,SUV,PHEV_25,117.35292858678103
reference,2030,Some_Drivers_Larger,Middle_Income,Small_Town,SUV,PHEV_50,226.0751446545124
reference,2030,Some_Drivers_Larger,Middle_Income,Suburban,Compact,BEV_100,0.0
reference,2030,Some_Drivers_Larger,Middle_Income,Suburban,Compact,BEV_300,0.0
reference,2030,Some_Drivers_Larger,Middle_Income,Suburban,Compact,PHEV_25,0.0
reference,2030,Some_Drivers_Larger,Middle_Income,Suburban,Compact,PHEV_50,0.0
reference,2030,Some_Drivers_Larger,Middle_Income,Suburban,Midsize,BEV_100,169.2414713962078
reference,2030,Some_Drivers_Larger,Middle_Income,Suburban,Midsize,BEV_300,146.79726241788268
reference,2030,Some_Drivers_Larger,Middle_Income,Suburban,Midsize,PHEV_25,143.6828961330652
reference,2030,Some_Drivers_Larger,Middle_Income,Suburban,Midsize,PHEV_50,113.02242571771146
reference,2030,Some_Drivers_Larger,Middle_Income,Suburban,Pickup,BEV_100,0.0
reference,2030,Some_Drivers_Larger,Middle_Income,Suburban,Pickup,BEV_300,0.0
reference,2030,Some_Drivers_Larger,Middle_Income,Suburban,Pickup,PHEV_25,0.0
reference,2030,Some_Drivers_Larger,Middle_Income,Suburban,Pickup,PHEV_50,0.0
reference,2030,Some_Drivers_Larger,Middle_Income,Suburban,SUV,BEV_100,616.0224458674415
reference,2030,Some_Drivers_Larger,Middle_Income,Suburban,SUV,BEV_300,0.0
reference,2030,Some_Drivers_Larger,Middle_Income,Suburban,SUV,PHEV_25,182.87322385010123
reference,2030,Some_Drivers_Larger,Middle_Income,Suburban,SUV,PHEV_50,0.0
reference,2030,Some_Drivers_Larger,Middle_Income,Urban,Compact,BEV_100,0.0
reference,2030,Some_Drivers_Larger,Middle_Income,Urban,Compact,BEV_300,0.0
reference,2030,Some_Drivers_Larger,Middle_Income,Urban,Compact,PHEV_25,0.0
reference,2030,Some_Drivers_Larger,Middle_Income,Urban,Compact,PHEV_50,0.0
reference,2030,Some_Drivers_Larger,Middle_Income,Urban,Midsize,BEV_100,0.0
reference,2030,Some_Drivers_Larger,Middle_Income,Urban,Midsize,BEV_300,0.0
reference,2030,Some_Drivers_Larger,Middle_Income,Urban,Midsize,PHEV_25,0.0
reference,2030,Some_Drivers_Larger,Middle_Income,Urban,Midsize,PHEV_50,0.0
reference,2030,Some_Drivers_Larger,Middle_Income,Urban,Pickup,BEV_100,0.0
reference,2030,Some_Drivers_Larger,Middle_Income,Urban,Pickup,BEV_300,0.0
reference,2030,Some_Drivers_Larger,Middle_Income,Urban,Pickup,PHEV_25,0.0
reference,2030,Some_Drivers_Larger,Middle_Income,Urban,Pickup,PHEV_50,0.0
reference,2030,Some_Drivers_Larger,Middle_Income,Urban,SUV,BEV_100,0.0
reference,2030,Some_Drivers_Larger,Middle_Income,Urban,SUV,BEV_300,0.0
reference,2030,Some_Drivers_Larger,Middle_Income,Urban,SUV,PHEV_25,0.0
reference,2030,Some_Drivers_Larger,Middle_Income,Urban,SUV,PHEV_50,0.0
reference,2030,Some_Drivers_Smaller,High_Income,Rural,Compact,BEV_100,138.94887126795948
reference,2030,Some_Drivers_Smaller,High_Income,Rural,Compact,BEV_300,0.0
reference,2030,Some_Drivers_Smaller,High_Income,Rural,Compact,PHEV_25,0.0
reference,2030,Some_Drivers_Smaller,High_Income,Rural,Compact,PHEV_50,0.0
reference,2030,Some_Drivers_Smaller,High_Income,Rural,Midsize,BEV_100,0.0
reference,2030,Some_Drivers_Smaller,High_Income,Rural,Midsize,BEV_300,0.0
reference,2030,Some_Drivers_Smaller,High_Income,Rural,Midsize,PHEV_25,102.64035364413262
reference,2030,Some_Drivers_Smaller,High_Income,Rural,Midsize,PHEV_50,0.0
reference,2030,Some_Drivers_Smaller,High_Income,Rural,Pickup,BEV_100,0.0
reference,2030,Some_Drivers_Smaller,High_Income,Rural,Pickup,BEV_300,0.0
reference,2030,Some_Drivers_Smaller,High_Income,Rural,Pickup,PHEV_25,206.6537611606121
reference,2030,Some_Drivers_Smaller,High_Income,Rural,Pickup,PHEV_50,99.24390338742734
reference,2030,Some_Drivers_Smaller,High_Income,Rural,SUV,BEV_100,796.7285400834083
reference,2030,Some_Drivers_Smaller,High_Income,Rural,SUV,BEV_300,0.0
reference,2030,Some_Drivers_Smaller,High_Income,Rural,SUV,PHEV_25,596.5824362251759
reference,2030,Some_Drivers_Smaller,High_Income,Rural,SUV,PHEV_50,336.9782980319858
reference,2030,Some_Drivers_Smaller,High_Income,Second_City,Compact,BEV_100,0.0
reference,2030,Some_Drivers_Smaller,High_Income,Second_City,Compact,BEV_300,0.0
reference,2030,Some_Drivers_Smaller,High_Income,Second_City,Compact,PHEV_25,0.0
reference,2030,Some_Drivers_Smaller,High_Income,Second_City,Compact,PHEV_50,0.0
reference,2030,Some_Drivers_Smaller,High_Income,Second_City,Midsize,BEV_100,0.0
reference,2030,Some_Drivers_Smaller,High_Income,Second_City,Midsize,BEV_300,0.0
reference,2030,Some_Drivers_Smaller,High_Income,Second_City,Midsize,PHEV_25,0.0
reference,2030,Some_Drivers_Smaller,High_Income,Second_City,Midsize,PHEV_50,0.0
reference,2030,Some_Drivers_Smaller,High_Income,Second_City,Pickup,BEV_100,0.0
reference,2030,Some_Drivers_Smaller,High_Income,Second_City,Pickup,BEV_300,0.0
reference,2030,Some_Drivers_Smaller,High_Income,Second_City,Pickup,PHEV_25,0.0
reference,2030,Some_Drivers_Smaller,High_Income,Second_City,Pickup,PHEV_50,0.0
reference,2030,Some_Drivers_Smaller,High_Income,Second_City,SUV,BEV_100,201.7522404134572
reference,2030,Some_Drivers_Smaller,High_Income,Second_City,SUV,BEV_300,57.0883506321907
reference,2030,Some_Drivers_Smaller,High_Income,Second_City,SUV,PHEV_25,43.62714876943826
reference,2030,Some_Drivers_Smaller,High_Income,Second_City,SUV,PHEV_50,43.36886751562357
reference,2030,Some_Drivers_Smaller,High_Income,Small_Town,Compact,BEV_100,0.0
reference,2030,Some_Drivers_Smaller,High_Income,Small_Town,Compact,BEV_300,0.0
reference,2030,Some_Drivers_Smaller,High_Income,Small_Town,Compact,PHEV_25,0.0
reference,2030,Some_Drivers_Smaller,High_Income,Small_Town,Compact,PHEV_50,0.0
reference,2030,Some_Drivers_Smaller,High_Income,Small_Town,Midsize,BEV_100,46.69321055164933
reference,2030,Some_Drivers_Smaller,High_Income,Small_Town,Midsize,BEV_300,0.0
reference,2030,Some_Drivers_Smaller,High_Income,Small_Town,Midsize,PHEV_25,0.0
reference,2030,Some_Drivers_Smaller,High_Income,Small_Town,Midsize,PHEV_50,331.58756297209857
reference,2030,Some_Drivers_Smaller,High_Income,Small_Town,Pickup,BEV_100,0.0
reference,2030,Some_Drivers_Smaller,High_Income,Small_Town,Pickup,BEV_300,0.0
reference,2030,Some_Drivers_Smaller,High_Income,Small_Town,Pickup,PHEV_25,0.0
reference,2030,Some_Drivers_Smaller,High_Income,Small_Town,Pickup,PHEV_50,0.0
reference,2030,Some_Drivers_Smaller,High_Income,Small_Town,SUV,BEV_100,106.66889829432964
reference,2030,Some_Drivers_Smaller,High_Income,Small_Town,SUV,BEV_300,0.0
reference,2030,Some_Drivers_Smaller,High_Income,Small_Town,SUV,PHEV_25,0.0
reference,2030,Some_Drivers_Smaller,High_Income,Small_Town,SUV,PHEV_50,0.0
reference,2030,Some_Drivers_Smaller,High_Income,Suburban,Compact,BEV_100,0.0
reference,2030,Some_Drivers_Smaller,High_Income,Suburban,Compact,BEV_300,0.0
reference,2030,Some_Drivers_Smaller,High_Income,Suburban,Compact,PHEV_25,0.0
reference,2030,Some_Drivers_Smaller,High_Income,Suburban,Compact,PHEV_50,0.0
reference,2030,Some_Drivers_Smaller,High_Income,Suburban,Midsize,BEV_100,199.9766830661595
reference,2030,Some_Drivers_Smaller,High_Income,Suburban,Midsize,BEV_300,0.0
reference,2030,Some_Drivers_Smaller,High_Income,Suburban,Midsize,PHEV_25,0.0
reference,2030,Some_Drivers_Smaller,High_Income,Suburban,Midsize,PHEV_50,0.0
reference,2030,Some_Drivers_Smaller,High_Income,Suburban,Pickup,BEV_100,84.35379156953097
reference,2030,Some_Drivers_Smaller,High_Income,Suburban,Pickup,BEV_300,0.0
reference,2030,Some_Drivers_Smaller,High_Income,Suburban,Pickup,PHEV_25,0.0
reference,2030,Some_Drivers_Smaller,High_Income,Suburban,Pickup,PHEV_50,0.0
reference,2030,Some_Drivers_Smaller,High_Income,Suburban,SUV,BEV_100,18.297726690903307
reference,2030,Some_Drivers_Smaller,High_Income,Suburban,SUV,BEV_300,32.96068349766731
reference,2030,Some_Drivers_Smaller,High_Income,Suburban,SUV,PHEV_25,0.0
reference,2030,Some_Drivers_Smaller,High_Income,Suburban,SUV,PHEV_50,41.26154995870591
reference,2030,Some_Drivers_Smaller,High_Income,Urban,Compact,BEV_100,0.0
reference,2030,Some_Drivers_Smaller,High_Income,Urban,Compact,BEV_300,0.0
reference,2030,Some_Drivers_Smaller,High_Income,Urban,Compact,PHEV_25,0.0
reference,2030,Some_Drivers_Smaller,High_Income,Urban,Compact,PHEV_50,0.0
reference,2030,Some_Drivers_Smaller,High_Income,Urban,Midsize,BEV_100,0.0
reference,2030,Some_Drivers_Smaller,High_Income,Urban,Midsize,BEV_300,0.0
reference,2030,Some_Drivers_Smaller,High_Income,Urban,Midsize,PHEV_25,0.0
reference,2030,Some_Drivers_Smaller,High_Income,Urban,Midsize,PHEV_50,0.0
reference,2030,Some_Drivers_Smaller,High_Income,Urban,Pickup,BEV_100,0.0
reference,2030,Some_Drivers_Smaller,High_Income,Urban,Pickup,BEV_300,0.0
reference,2030,Some_Drivers_Smaller,High_Income,Urban,Pickup,PHEV_25,0.0
reference,2030,Some_Drivers_Smaller,High_Income,Urban,Pickup,PHEV_50,0.0
reference,2030,Some_Drivers_Smaller,High_Income,Urban,SUV,BEV_100,0.0
reference,2030,Some_Drivers_Smaller,High_Income,Urban,SUV,BEV_300,0.0
reference,2030,Some_Drivers_Smaller,High_Income,Urban,SUV,PHEV_25,0.0
reference,2030,Some_Drivers_Smaller,High_Income,Urban,SUV,PHEV_50,0.0
reference,2030,Some_Drivers_Smaller,Low_Income,Rural,Compact,BEV_100,0.0
reference,2030,Some_Drivers_Smaller,Low_Income,Rural,Compact,BEV_300,0.0
reference,2030,Some_Drivers_Smaller,Low_Income,Rural,Compact,PHEV_25,0.0
reference,2030,Some_Drivers_Smaller,Low_Income,Rural,Compact,PHEV_50,200.1630567176342
reference,2030,Some_Drivers_Smaller,Low_Income,Rural,Midsize,BEV_100,0.0
reference,2030,Some_Drivers_Smaller,Low_Income,Rural,Midsize,BEV_300,0.0
reference,2030,Some_Drivers_Smaller,Low_Income,Rural,Midsize,PHEV_25,134.70051938176155
reference,2030,Some_Drivers_Smaller,Low_Income,Rural,Midsize,PHEV_50,0.0
reference,2030,Some_Drivers_Smaller,Low_Income,Rural,Pickup,BEV_100,0.0
reference,2030,Some_Drivers_Smaller,Low_Income,Rural,Pickup,BEV_300,0.0
reference,2030,Some_Drivers_Smaller,Low_Income,Rural,Pickup,PHEV_25,0.0
reference,2030,Some_Drivers_Smaller,Low_Income,Rural,Pickup,PHEV_50,328.2415804663897
reference,2030,Some_Drivers_Smaller,Low_Income,Rural,SUV,BEV_100,180.9690610126257
reference,2030,Some_Drivers_Smaller,Low_Income,Rural,SUV,BEV_300,0.0
reference,2030,Some_Drivers_Smaller,Low_Income,Rural,SUV,PHEV_25,203.3408509079218
reference,2030,Some_Drivers_Smaller,Low_Income,Rural,SUV,PHEV_50,0.0
reference,2030,Some_Drivers_Smaller,Low_Income,Second_City,Compact,BEV_100,0.0
reference,2030,Some_Drivers_Smaller,Low_Income,Second_City,Compact,BEV_300,0.0
reference,2030,Some_Drivers_Smaller,Low_Income,Second_City,Compact,PHEV_25,0.0
reference,2030,Some_Drivers_Smaller,Low_Income,Second_City,Compact,PHEV_50,0.0
reference,2030,Some_Drivers_Smaller,Low_Income,Second_City,Midsize,BEV_100,53.38348577412963
reference,2030,Some_Drivers_Smaller,Low_Income,Second_City,Midsize,BEV_300,52.889953373417256
reference,2030,Some_Drivers_Smaller,Low_Income,Second_City,Midsize,PHEV_25,66.58579467733949
reference,2030,Some_Drivers_Smaller,Low_Income,Second_City,Midsize,PHEV_50,0.0
reference,2030,Some_Drivers_Smaller,Low_Income,Second_City,Pickup,BEV_100,0.0
reference,2030,Some_Drivers_Smaller,Low_Income,Second_City,Pickup,BEV_300,0.0
reference,2030,Some_Drivers_Smaller,Low_Income,Second_City,Pickup,PHEV_25,0.0
reference,2030,Some_Drivers_Smaller,Low_Income,Second_City,Pickup,PHEV_50,0.0
reference,2030,Some_Drivers_Smaller,Low_Income,Second_City,SUV,BEV_100,0.0
reference,2030,Some_Drivers_Smaller,Low_Income,Second_City,SUV,BEV_300,27.34384427833557
reference,2030,Some_Drivers_Smaller,Low_Income,Second_City,SUV,PHEV_25,0.0
reference,2030,Some_Drivers_Smaller,Low_Income,Second_City,SUV,PHEV_50,38.43534759414196
reference,2030,Some_Drivers_Smaller,Low_Income,Small_Town,Compact,BEV_100,0.0
reference,2030,Some_Drivers_Smaller,Low_Income,Small_Town,Compact,BEV_300,0.0
reference,2030,Some_Drivers_Smaller,Low_Income,Small_Town,Compact,PHEV_25,0.0
reference,2030,Some_Drivers_Smaller,Low_Income,Small_Town,Compact,PHEV_50,0.0
reference,2030,Some_Drivers_Smaller,Low_Income,Small_Town,Midsize,BEV_100,0.0
reference,2030,Some_Drivers_Smaller,Low_Income,Small_Town,Midsize,BEV_300,0.0
reference,2030,Some_Drivers_Smaller,Low_Income,Small_Town,Midsize,PHEV_25,0.0
reference,2030,Some_Drivers_Smaller,Low_Income,Small_Town,Midsize,PHEV_50,0.0
reference,2030,Some_Drivers_Smaller,Low_Income,Small_Town,Pickup,BEV_100,0.0
reference,2030,Some_Drivers_Smaller,Low_Income,Small_Town,Pickup,BEV_300,0.0
reference,2030,Some_Drivers_Smaller,Low_Income,Small_Town,Pickup,PHEV_25,0.0
reference,2030,Some_Drivers_Smaller,Low_Income,Small_Town,Pickup,PHEV_50,0.0
reference,2030,Some_Drivers_Smaller,Low_Income,Small_Town,SUV,BEV_100,90.94104864394664
reference,2030,Some_Drivers_Smaller,Low_Income,Small_Town,SUV,BEV_300,0.0
reference,2030,Some_Drivers_Smaller,Low_Income,Small_Town,SUV,PHEV_25,0.0
reference,2030,Some_Drivers_Smaller,Low_Income,Small_Town,SUV,PHEV_50,0.0
reference,2030,Some_Drivers_Smaller,Low_Income,Suburban,Compact,BEV_100,0.0
reference,2030,Some_Drivers_Smaller,Low_Income,Suburban,Compact,BEV_300,0.0
reference,2030,Some_Drivers_Smaller,Low_Income,Suburban,Compact,PHEV_25,0.0
reference,2030,Some_Drivers_Smaller,Low_Income,Suburban,Compact,PHEV_50,51.36246360677481
reference,2030,Some_Drivers_Smaller,Low_Income,Suburban,Midsize,BEV_100,0.0
reference,2030,Some_Drivers_Smaller,Low_Income,Suburban,Midsize,BEV_300,0.0
reference,2030,Some_Drivers_Smaller,Low_Income,Suburban,Midsize,PHEV_25,0.0
reference,2030,Some_Drivers_Smaller,Low_Income,Suburban,Midsize,PHEV_50,0.0
reference,2030,Some_Drivers_Smaller,Low_Income,Suburban,Pickup,BEV_100,0.0
reference,2030,Some_Drivers_Smaller,Low_Income,Suburban,Pickup,BEV_300,0.0
reference,2030,Some_Drivers_Smaller,Low_Income,Suburban,Pickup,PHEV_25,55.54831933680177
reference,2030,Some_Drivers_Smaller,Low_Income,Suburban,Pickup,PHEV_50,0.0
reference,2030,Some_Drivers_Smaller,Low_Income,Suburban,SUV,BEV_100,0.0
reference,2030,Some_Drivers_Smaller,Low_Income,Suburban,SUV,BEV_300,0.0
reference,2030,Some_Drivers_Smaller,Low_Income,Suburban,SUV,PHEV_25,0.0
reference,2030,Some_Drivers_Smaller,Low_Income,Suburban,SUV,PHEV_50,0.0
reference,2030,Some_Drivers_Smaller,Low_Income,Urban,Compact,BEV_100,0.0
reference,2030,Some_Drivers_Smaller,Low_Income,Urban,Compact,BEV_300,0.0
reference,2030,Some_Drivers_Smaller,Low_Income,Urban,Compact,PHEV_25,0.0
reference,2030,Some_Drivers_Smaller,Low_Income,Urban,Compact,PHEV_50,0.0
reference,2030,Some_Drivers_Smaller,Low_Income,Urban,Midsize,BEV_100,0.0
reference,2030,Some_Drivers_Smaller,Low_Income,Urban,Midsize,BEV_300,0.0
reference,2030,Some_Drivers_Smaller,Low_Income,Urban,Midsize,PHEV_25,0.0
reference,2030,Some_Drivers_Smaller,Low_Income,Urban,Midsize,PHEV_50,0.0
reference,2030,Some_Drivers_Smaller,Low_Income,Urban,Pickup,BEV_100,0.0
reference,2030,Some_Drivers_Smaller,Low_Income,Urban,Pickup,BEV_300,0.0
reference,2030,Some_Drivers_Smaller,Low_Income,Urban,Pickup,PHEV_25,0.0
reference,2030,Some_Drivers_Smaller,Low_Income,Urban,Pickup,PHEV_50,0.0
reference,2030,Some_Drivers_Smaller,Low_Income,Urban,SUV,BEV_100,0.0
reference,2030,Some_Drivers_Smaller,Low_Income,Urban,SUV,BEV_300,0.0
reference,2030,Some_Drivers_Smaller,Low_Income,Urban,SUV,PHEV_25,0.0
reference,2030,Some_Drivers_Smaller,Low_Income,Urban,SUV,PHEV_50,0.0
reference,2030,Some_Drivers_Smaller,Middle_Income,Rural,Compact,BEV_100,0.0
reference,2030,Some_Drivers_Smaller,Middle_Income,Rural,Compact,BEV_300,0.0
reference,2030,Some_Drivers_Smaller,Middle_Income,Rural,Compact,PHEV_25,0.0
reference,2030,Some_Drivers_Smaller,Middle_Income,Rural,Compact,PHEV_50,297.357967666626
reference,2030,Some_Drivers_Smaller,Middle_Income,Rural,Midsize,BEV_100,555.5723179047108
reference,2030,Some_Drivers_Smaller,Middle_Income,Rural,Midsize,BEV_300,1836.36045660466
reference,2030,Some_Drivers_Smaller,Middle_Income,Rural,Midsize,PHEV_25,0.0
reference,2030,Some_Drivers_Smaller,Middle_Income,Rural,Midsize,PHEV_50,778.5798160104752
reference,2030,Some_Drivers_Smaller,Middle_Income,Rural,Pickup,BEV_100,588.0196462892443
reference,2030,Some_Drivers_Smaller,Middle_Income,Rural,Pickup,BEV_300,0.0
reference,2030,Some_Drivers_Smaller,Middle_Income,Rural,Pickup,PHEV_25,221.49673520874973
reference,2030,Some_Drivers_Smaller,Middle_Income,Rural,Pickup,PHEV_50,0.0
reference,2030,Some_Drivers_Smaller,Middle_Income,Rural,SUV,BEV_100,878.546787562132
reference,2030,Some_Drivers_Smaller,Middle_Income,Rural,SUV,BEV_300,327.7769091796875
reference,2030,Some_Drivers_Smaller,Middle_Income,Rural,SUV,PHEV_25,1110.1565965000989
reference,2030,Some_Drivers_Smaller,Middle_Income,Rural,SUV,PHEV_50,1440.9509438831806
reference,2030,Some_Drivers_Smaller,Middle_Income,Second_City,Compact,BEV_100,0.0
reference,2030,Some_Drivers_Smaller,Middle_Income,Second_City,Compact,BEV_300,0.0
reference,2030,Some_Drivers_Smaller,Middle_Income,Second_City,Compact,PHEV_25,0.0
reference,2030,Some_Drivers_Smaller,Middle_Income,Second_City,Compact,PHEV_50,0.0
reference,2030,Some_Drivers_Smaller,Middle_Income,Second_City,Midsize,BEV_100,0.0
reference,2030,Some_Drivers_Smaller,Middle_Income,Second_City,Midsize,BEV_300,0.0
reference,2030,Some_Drivers_Smaller,Middle_Income,Second_City,Midsize,PHEV_25,44.8636814904809
reference,2030,Some_Drivers_Smaller,Middle_Income,Second_City,Midsize,PHEV_50,0.0
reference,2030,Some_Drivers_Smaller,Middle_Income,Second_City,Pickup,BEV_100,0.0
reference,2030,Some_Drivers_Smaller,Middle_Income,Second_City,Pickup,BEV_300,0.0
reference,2030,Some_Drivers_Smaller,Middle_Income,Second_City,Pickup,PHEV_25,0.0
reference,2030,Some_Drivers_Smaller,Middle_Income,Second_City,Pickup,PHEV_50,0.0
reference,2030,Some_Drivers_Smaller,Middle_Income,Second_City,SUV,BEV_100,0.0
reference,2030,Some_Drivers_Smaller,Middle_Income,Second_City,SUV,BEV_300,0.0
reference,2030,Some_Drivers_Smaller,Middle_Income,Second_City,SUV,PHEV_25,177.06285029304027
reference,2030,Some_Drivers_Smaller,Middle_Income,Second_City,SUV,PHEV_50,63.279313810586935
reference,2030,Some_Drivers_Smaller,Middle_Income,Small_Town,Compact,BEV_100,66.85094347321987
reference,2030,Some_Drivers_Smaller,Middle_Income,Small_Town,Compact,BEV_300,0.0
reference,2030,Some_Drivers_Smaller,Middle_Income,Small_Town,Compact,PHEV_25,30.118471507549287
reference,2030,Some_Drivers_Smaller,Middle_Income,Small_Town,Compact,PHEV_50,0.0
reference,2030,Some_Drivers_Smaller,Middle_Income,Small_Town,Midsize,BEV_100,0.0
reference,2030,Some_Drivers_Smaller,Middle_Income,Small_Town,Midsize,BEV_300,0.0
reference,2030,Some_Drivers_Smaller,Middle_Income,Small_Town,Midsize,PHEV_25,86.55619760861993
reference,2030,Some_Drivers_Smaller,Middle_Income,Small_Town,Midsize,PHEV_50,0.0
reference,2030,Some_Drivers_Smaller,Middle_Income,Small_Town,Pickup,BEV_100,0.0
reference,2030,Some_Drivers_Smaller,Middle_Income,Small_Town,Pickup,BEV_300,0.0
reference,2030,Some_Drivers_Smaller,Middle_Income,Small_Town,Pickup,PHEV_25,0.0
reference,2030,Some_Drivers_Smaller,Middle_Income,Small_Town,Pickup,PHEV_50,208.59833155334
reference,2030,Some_Drivers_Smaller,Middle_Income,Small_Town,SUV,BEV_100,386.3932286351621
reference,2030,Some_Drivers_Smaller,Middle_Income,Small_Town,SUV,BEV_300,149.20466971960664
reference,2030,Some_Drivers_Smaller,Middle_Income,Small_Town,SUV,PHEV_25,62.89218157577515
reference,2030,Some_Drivers_Smaller,Middle_Income,Small_Town,SUV,PHEV_50,121.79154040288924
reference,2030,Some_Drivers_Smaller,Middle_Income,Suburban,Compact,BEV_100,165.35583120152356
reference,2030,Some_Drivers_Smaller,Middle_Income,Suburban,Compact,BEV_300,0.0
reference,2030,Some_Drivers_Smaller,Middle_Income,Suburban,Compact,PHEV_25,152.4700810250044
reference,2030,Some_Drivers_Smaller,Middle_Income,Suburban,Compact,PHEV_50,118.96237361174822
reference,2030,Some_Drivers_Smaller,Middle_Income,Suburban,Midsize,BEV_100,147.09738929633795
reference,2030,Some_Drivers_Smaller,Middle_Income,Suburban,Midsize,BEV_300,0.0
reference,2030,Some_Drivers_Smaller,Middle_Income,Suburban,Midsize,PHEV_25,0.0
reference,2030,Some_Drivers_Smaller,Middle_Income,Suburban,Midsize,PHEV_50,98.16930821204186
reference,2030,Some_Drivers_Smaller,Middle_Income,Suburban,Pickup,BEV_100,0.0
reference,2030,Some_Drivers_Smaller,Middle_Income,Suburban,Pickup,BEV_300,0.0
reference,2030,Some_Drivers_Smaller,Middle_Income,Suburban,Pickup,PHEV_25,0.0
reference,2030,Some_Drivers_Smaller,Middle_Income,Suburban,Pickup,PHEV_50,89.8453742825985
reference,2030,Some_Drivers_Smaller,Middle_Income,Suburban,SUV,BEV_100,125.7575469199419
reference,2030,Some_Drivers_Smaller,Middle_Income,Suburban,SUV,BEV_300,0.0
reference,2030,Some_Drivers_Smaller,Middle_Income,Suburban,SUV,PHEV_25,453.120375261426
reference,2030,Some_Drivers_Smaller,Middle_Income,Suburban,SUV,PHEV_50,509.0225315415561
reference,2030,Some_Drivers_Smaller,Middle_Income,Urban,Compact,BEV_100,0.0
reference,2030,Some_Drivers_Smaller,Middle_Income,Urban,Compact,BEV_300,0.0
reference,2030,Some_Drivers_Smaller,Middle_Income,Urban,Compact,PHEV_25,0.0
reference,2030,Some_Drivers_Smaller,Middle_Income,Urban,Compact,PHEV_50,0.0
reference,2030,Some_Drivers_Smaller,Middle_Income,Urban,Midsize,BEV_100,0.0
reference,2030,Some_Drivers_Smaller,Middle_Income,Urban,Midsize,BEV_300,0.0
reference,2030,Some_Drivers_Smaller,Middle_Income,Urban,Midsize,PHEV_25,0.0
reference,2030,Some_Drivers_Smaller,Middle_Income,Urban,Midsize,PHEV_50,0.0
reference,2030,Some_Drivers_Smaller,Middle_Income,Urban,Pickup,BEV_100,0.0
reference,2030,Some_Drivers_Smaller,Middle_Income,Urban,Pickup,BEV_300,0.0
reference,2030,Some_Drivers_Smaller,Middle_Income,Urban,Pickup,PHEV_25,0.0
reference,2030,Some_Drivers_Smaller,Middle_Income,Urban,Pickup,PHEV_50,0.0
reference,2030,Some_Drivers_Smaller,Middle_Income,Urban,SUV,BEV_100,0.0
reference,2030,Some_Drivers_Smaller,Middle_Income,Urban,SUV,BEV_300,0.0
reference,2030,Some_Drivers_Smaller,Middle_Income,Urban,SUV,PHEV_25,0.0
reference,2030,Some_Drivers_Smaller,Middle_Income,Urban,SUV,PHEV_50,0.0
efs_high_ldv,2026,Single_Driver,High_Income,Rural,Compact,BEV_100,0.0
efs_high_ldv,2026,Single_Driver,High_Income,Rural,Compact,BEV_300,0.0
efs_high_ldv,2026,Single_Driver,High_Income,Rural,Compact,PHEV_25,0.0
efs_high_ldv,2026,Single_Driver,High_Income,Rural,Compact,PHEV_50,0.0
efs_high_ldv,2026,Single_Driver,High_Income,Rural,Midsize,BEV_100,32.66015494210273
efs_high_ldv,2026,Single_Driver,High_Income,Rural,Midsize,BEV_300,0.0
efs_high_ldv,2026,Single_Driver,High_Income,Rural,Midsize,PHEV_25,0.0
efs_high_ldv,2026,Single_Driver,High_Income,Rural,Midsize,PHEV_50,111.15447809447348
efs_high_ldv,2026,Single_Driver,High_Income,Rural,Pickup,BEV_100,0.0
efs_high_ldv,2026,Single_Driver,High_Income,Rural,Pickup,BEV_300,0.0
efs_high_ldv,2026,Single_Driver,High_Income,Rural,Pickup,PHEV_25,0.0
efs_high_ldv,2026,Single_Driver,High_Income,Rural,Pickup,PHEV_50,0.0
efs_high_ldv,2026,Single_Driver,High_Income,Rural,SUV,BEV_100,0.0
efs_high_ldv,2026,Single_Driver,High_Income,Rural,SUV,BEV_300,0.0
efs_high_ldv,2026,Single_Driver,High_Income,Rural,SUV,PHEV_25,38.35775592327118
efs_high_ldv,2026,Single_Driver,High_Income,Rural,SUV,PHEV_50,0.0
efs_high_ldv,2026,Single_Driver,High_Income,Second_City,Compact,BEV_100,0.0
efs_high_ldv,2026,Single_Driver,High_Income,Second_City,Compact,BEV_300,0.0
efs_high_ldv,2026,Single_Driver,High_Income,Second_City,Compact,PHEV_25,0.0
efs_high_ldv,2026,Single_Driver,High_Income,Second_City,Compact,PHEV_50,0.0
efs_high_ldv,2026,Single_Driver,High_Income,Second_City,Midsize,BEV_100,0.0
efs_high_ldv,2026,Single_Driver,High_Income,Second_City,Midsize,BEV_300,0.0
efs_high_ldv,2026,Single_Driver,High_Income,Second_City,Midsize,PHEV_25,0.0
efs_high_ldv,2026,Single_Driver,High_Income,Second_City,Midsize,PHEV_50,30.620161923885348
efs_high_ldv,2026,Single_Driver,High_Income,Second_City,Pickup,BEV_100,0.0
efs_high_ldv,2026,Single_Driver,High_Income,Second_City,Pickup,BEV_300,0.0
efs_high_ldv,2026,Single_Driver,High_Income,Second_City,Pickup,PHEV_25,0.0
efs_high_ldv,2026,Single_Driver,High_Income,Second_City,Pickup,PHEV_50,0.0
efs_high_ldv,2026,Single_Driver,High_Income,Second_City,SUV,BEV_100,0.0
efs_high_ldv,2026,Single_Driver,High_Income,Second_City,SUV,BEV_300,0.0
efs_high_ldv,2026,Single_Driver,High_Income,Second_City,SUV,PHEV_25,0.0
efs_high_ldv,2026,Single_Driver,High_Income,Second_City,SUV,PHEV_50,0.0
efs_high_ldv,2026,Single_Driver,High_Income,Small_Town,Compact,BEV_100,0.0
efs_high_ldv,2026,Single_Driver,High_Income,Small_Town,Compact,BEV_300,0.0
efs_high_ldv,2026,Single_Driver,High_Income,Small_Town,Compact,PHEV_25,67.75666435420513
efs_high_ldv,2026,Single_Driver,High_Income,Small_Town,Compact,PHEV_50,0.0
efs_high_ldv,2026,Single_Driver,High_Income,Small_Town,Midsize,BEV_100,0.0
efs_high_ldv,2026,Single_Driver,High_Income,Small_Town,Midsize,BEV_300,0.0
efs_high_ldv,2026,Single_Driver,High_Income,Small_Town,Midsize,PHEV_25,35.82510094374418
efs_high_ldv,2026,Single_Driver,High_Income,Small_Town,Midsize,PHEV_50,0.0
efs_high_ldv,2026,Single_Driver,High_Income,Small_Town,Pickup,BEV_100,0.0
efs_high_ldv,2026,Single_Driver,High_Income,Small_Town,Pickup,BEV_300,0.0
efs_high_ldv,2026,Single_Driver,High_Income,Small_Town,Pickup,PHEV_25,0.0
efs_high_ldv,2026,Single_Driver,High_Income,Small_Town,Pickup,PHEV_50,0.0
efs_high_ldv,2026,Single_Driver,High_Income,Small_Town,SUV,BEV_100,0.0
efs_high_ldv,2026,Single_Driver,High_Income,Small_Town,SUV,BEV_300,0.0
efs_high_ldv,2026,Single_Driver,High_Income,Small_Town,SUV,PHEV_25,0.0
efs_high_ldv,2026,Single_Driver,High_Income,Small_Town,SUV,PHEV_50,0.0
efs_high_ldv,2026,Single_Driver,High_Income,Suburban,Compact,BEV_100,0.0
efs_high_ldv,2026,Single_Driver,High_Income,Suburban,Compact,BEV_300,0.0
efs_high_ldv,2026,Single_Driver,High_Income,Suburban,Compact,PHEV_25,0.0
efs_high_ldv,2026,Single_Driver,High_Income,Suburban,Compact,PHEV_50,0.0
efs_high_ldv,2026,Single_Driver,High_Income,Suburban,Midsize,BEV_100,0.0
efs_high_ldv,2026,Single_Driver,High_Income,Suburban,Midsize,BEV_300,0.0
efs_high_ldv,2026,Single_Driver,High_Income,Suburban,Midsize,PHEV_25,0.0
efs_high_ldv,2026,Single_Driver,High_Income,Suburban,Midsize,PHEV_50,0.0
efs_high_ldv,2026,Single_Driver,High_Income,Suburban,Pickup,BEV_100,0.0
efs_high_ldv,2026,Single_Driver,High_Income,Suburban,Pickup,BEV_300,0.0
efs_high_ldv,2026,Single_Driver,High_Income,Suburban,Pickup,PHEV_25,0.0
efs_high_ldv,2026,Single_Driver,High_Income,Suburban,Pickup,PHEV_50,0.0
efs_high_ldv,2026,Single_Driver,High_Income,Suburban,SUV,BEV_100,0.0
efs_high_ldv,2026,Single_Driver,High_Income,Suburban,SUV,BEV_300,0.0
efs_high_ldv,2026,Single_Driver,High_Income,Suburban,SUV,PHEV_25,39.04376593637467
efs_high_ldv,2026,Single_Driver,High_Income,Suburban,SUV,PHEV_50,59.75534101804346
efs_high_ldv,2026,Single_Driver,High_Income,Urban,Compact,BEV_100,0.0
efs_high_ldv,2026,Single_Driver,High_Income,Urban,Compact,BEV_300,0.0
efs_high_ldv,2026,Single_Driver,High_Income,Urban,Compact,PHEV_25,0.0
efs_high_ldv,2026,Single_Driver,High_Income,Urban,Compact,PHEV_50,0.0
efs_high_ldv,2026,Single_Driver,High_Income,Urban,Midsize,BEV_100,0.0
efs_high_ldv,2026,Single_Driver,High_Income,Urban,Midsize,BEV_300,0.0
efs_high_ldv,2026,Single_Driver,High_Income,Urban,Midsize,PHEV_25,0.0
efs_high_ldv,2026,Single_Driver,High_Income,Urban,Midsize,PHEV_50,0.0
efs_high_ldv,2026,Single_Driver,High_Income,Urban,Pickup,BEV_100,0.0
efs_high_ldv,2026,Single_Driver,High_Income,Urban,Pickup,BEV_300,0.0
efs_high_ldv,2026,Single_Driver,High_Income,Urban,Pickup,PHEV_25,0.0
efs_high_ldv,2026,Single_Driver,High_Income,Urban,Pickup,PHEV_50,0.0
efs_high_ldv,2026,Single_Driver,High_Income,Urban,SUV,BEV_100,0.0
efs_high_ldv,2026,Single_Driver,High_Income,Urban,SUV,BEV_300,0.0
efs_high_ldv,2026,Single_Driver,High_Income,Urban,SUV,PHEV_25,0.0
efs_high_ldv,2026,Single_Driver,High_Income,Urban,SUV,PHEV_50,0.0
efs_high_ldv,2026,Single_Driver,Low_Income,Rural,Compact,BEV_100,0.0
efs_high_ldv,2026,Single_Driver,Low_Income,Rural,Compact,BEV_300,0.0
efs_high_ldv,2026,Single_Driver,Low_Income,Rural,Compact,PHEV_25,0.0
efs_high_ldv,2026,Single_Driver,Low_Income,Rural,Compact,PHEV_50,0.0
efs_high_ldv,2026,Single_Driver,Low_Income,Rural,Midsize,BEV_100,0.0
efs_high_ldv,2026,Single_Driver,Low_Income,Rural,Midsize,BEV_300,247.6432196445465
efs_high_ldv,2026,Single_Driver,Low_Income,Rural,Midsize,PHEV_25,0.0
efs_high_ldv,2026,Single_Driver,Low_Income,Rural,Midsize,PHEV_50,0.0
efs_high_ldv,2026,Single_Driver,Low_Income,Rural,Pickup,BEV_100,0.0
efs_high_ldv,2026,Single_Driver,Low_Income,Rural,Pickup,BEV_300,0.0
efs_high_ldv,2026,Single_Driver,Low_Income,Rural,Pickup,PHEV_25,0.0
efs_high_ldv,2026,Single_Driver,Low_Income,Rural,Pickup,PHEV_50,118.43298894619942
efs_high_ldv,2026,Single_Driver,Low_Income,Rural,SUV,BEV_100,0.0
efs_high_ldv,2026,Single_Driver,Low_Income,Rural,SUV,BEV_300,433.0099095964432
efs_high_ldv,2026,Single_Driver,Low_Income,Rural,SUV,PHEV_25,0.0
efs_high_ldv,2026,Single_Driver,Low_Income,Rural,SUV,PHEV_50,237.6478669255525
efs_high_ldv,2026,Single_Driver,Low_Income,Second_City,Compact,BEV_100,144.58463977734746
efs_high_ldv,2026,Single_Driver,Low_Income,Second_City,Compact,BEV_300,0.0
efs_high_ldv,2026,Single_Driver,Low_Income,Second_City,Compact,PHEV_25,0.0
efs_high_ldv,2026,Single_Driver,Low_Income,Second_City,Compact,PHEV_50,0.0
efs_high_ldv,2026,Single_Driver,Low_Income,Second_City,Midsize,BEV_100,0.0
efs_high_ldv,2026,Single_Driver,Low_Income,Second_City,Midsize,BEV_300,0.0
efs_high_ldv,2026,Single_Driver,Low_Income,Second_City,Midsize,PHEV_25,60.69332862186432
efs_high_ldv,2026,Single_Driver,Low_Income,Second_City,Midsize,PHEV_50,0.0
efs_high_ldv,2026,Single_Driver,Low_Income,Second_City,Pickup,BEV_100,0.0
efs_high_ldv,2026,Single_Driver,Low_Income,Second_City,Pickup,BEV_300,0.0
efs_high_ldv,2026,Single_Driver,Low_Income,Second_City,Pickup,PHEV_25,0.0
efs_high_ldv,2026,Single_Driver,Low_Income,Second_City,Pickup,PHEV_50,157.83803599214554
efs_high_ldv,2026,Single_Driver,Low_Income,Second_City,SUV,BEV_100,0.0
efs_high_ldv,2026,Single_Driver,Low_Income,Second_City,SUV,BEV_300,0.0
efs_high_ldv,2026,Single_Driver,Low_Income,Second_City,SUV,PHEV_25,109.93546538829804
efs_high_ldv,2026,Single_Driver,Low_Income,Second_City,SUV,PHEV_50,0.0
efs_high_ldv,2026,Single_Driver,Low_Income,Small_Town,Compact,BEV_100,0.0
efs_high_ldv,2026,Single_Driver,Low_Income,Small_Town,Compact,BEV_300,0.0
efs_high_ldv,2026,Single_Driver,Low_Income,Small_Town,Compact,PHEV_25,0.0
efs_high_ldv,2026,Single_Driver,Low_Income,Small_Town,Compact,PHEV_50,0.0
efs_high_ldv,2026,Single_Driver,Low_Income,Small_Town,Midsize,BEV_100,40.8640715675354
efs_high_ldv,2026,Single_Driver,Low_Income,Small_Town,Midsize,BEV_300,0.0
efs_high_ldv,2026,Single_Driver,Low_Income,Small_Town,Midsize,PHEV_25,0.0
efs_high_ldv,2026,Single_Driver,Low_Income,Small_Town,Midsize,PHEV_50,0.0
efs_high_ldv,2026,Single_Driver,Low_Income,Small_Town,Pickup,BEV_100,0.0
efs_high_ldv,2026,Single_Driver,Low_Income,Small_Town,Pickup,BEV_300,201.09031357574463
efs_high_ldv,2026,Single_Driver,Low_Income,Small_Town,Pickup,PHEV_25,0.0
efs_high_ldv,2026,Single_Driver,Low_Income,Small_Town,Pickup,PHEV_50,0.0
efs_high_ldv,2026,Single_Driver,Low_Income,Small_Town,SUV,BEV_100,0.0
efs_high_ldv,2026,Single_Driver,Low_Income,Small_Town,SUV,BEV_300,0.0
efs_high_ldv,2026,Single_Driver,Low_Income,Small_Town,SUV,PHEV_25,0.0
efs_high_ldv,2026,Single_Driver,Low_Income,Small_Town,SUV,PHEV_50,54.95292989248038
efs_high_ldv,2026,Single_Driver,Low_Income,Suburban,Compact,BEV_100,0.0
efs_high_ldv,2026,Single_Driver,Low_Income,Suburban,Compact,BEV_300,0.0
efs_high_ldv,2026,Single_Driver,Low_Income,Suburban,Compact,PHEV_25,0.0
efs_high_ldv,2026,Single_Driver,Low_Income,Suburban,Compact,PHEV_50,0.0
efs_high_ldv,2026,Single_Driver,Low_Income,Suburban,Midsize,BEV_100,0.0
efs_high_ldv,2026,Single_Driver,Low_Income,Suburban,Midsize,BEV_300,0.0
efs_high_ldv,2026,Single_Driver,Low_Income,Suburban,Midsize,PHEV_25,0.0
efs_high_ldv,2026,Single_Driver,Low_Income,Suburban,Midsize,PHEV_50,116.56422530424597
efs_high_ldv,2026,Single_Driver,Low_Income,Suburban,Pickup,BEV_100,0.0
efs_high_ldv,2026,Single_Driver,Low_Income,Suburban,Pickup,BEV_300,0.0
efs_high_ldv,2026,Single_Driver,Low_Income,Suburban,Pickup,PHEV_25,0.0
efs_high_ldv,2026,Single_Driver,Low_Income,Suburban,Pickup,PHEV_50,0.0
efs_high_ldv,2026,Single_Driver,Low_Income,Suburban,SUV,BEV_100,0.0
efs_high_ldv,2026,Single_Driver,Low_Income,Suburban,SUV,BEV_300,0.0
efs_high_ldv,2026,Single_Driver,Low_Income,Suburban,SUV,PHEV_25,0.0
efs_high_ldv,2026,Single_Driver,Low_Income,Suburban,SUV,PHEV_50,0.0
efs_high_ldv,2026,Single_Driver,Low_Income,Urban,Compact,BEV_100,0.0
efs_high_ldv,2026,Single_Driver,Low_Income,Urban,Compact,BEV_300,0.0
efs_high_ldv,2026,Single_Driver,Low_Income,Urban,Compact,PHEV_25,0.0
efs_high_ldv,2026,Single_Driver,Low_Income,Urban,Compact,PHEV_50,0.0
efs_high_ldv,2026,Single_Driver,Low_Income,Urban,Midsize,BEV_100,0.0
efs_high_ldv,2026,Single_Driver,Low_Income,Urban,Midsize,BEV_300,0.0
efs_high_ldv,2026,Single_Driver,Low_Income,Urban,Midsize,PHEV_25,0.0
efs_high_ldv,2026,Single_Driver,Low_Income,Urban,Midsize,PHEV_50,0.0
efs_high_ldv,2026,Single_Driver,Low_Income,Urban,Pickup,BEV_100,0.0
efs_high_ldv,2026,Single_Driver,Low_Income,Urban,Pickup,BEV_300,0.0
efs_high_ldv,2026,Single_Driver,Low_Income,Urban,Pickup,PHEV_25,0.0
efs_high_ldv,2026,Single_Driver,Low_Income,Urban,Pickup,PHEV_50,0.0
efs_high_ldv,2026,Single_Driver,Low_Income,Urban,SUV,BEV_100,0.0
efs_high_ldv,2026,Single_Driver,Low_Income,Urban,SUV,BEV_300,0.0
efs_high_ldv,2026,Single_Driver,Low_Income,Urban,SUV,PHEV_25,0.0
efs_high_ldv,2026,Single_Driver,Low_Income,Urban,SUV,PHEV_50,0.0
efs_high_ldv,2026,Single_Driver,Middle_Income,Rural,Compact,BEV_100,0.0
efs_high_ldv,2026,Single_Driver,Middle_Income,Rural,Compact,BEV_300,0.0
efs_high_ldv,2026,Single_Driver,Middle_Income,Rural,Compact,PHEV_25,0.0
efs_high_ldv,2026,Single_Driver,Middle_Income,Rural,Compact,PHEV_50,0.0
efs_high_ldv,2026,Single_Driver,Middle_Income,Rural,Midsize,BEV_100,0.0
efs_high_ldv,2026,Single_Driver,Middle_Income,Rural,Midsize,BEV_300,0.0
efs_high_ldv,2026,Single_Driver,Middle_Income,Rural,Midsize,PHEV_25,0.0
efs_high_ldv,2026,Single_Driver,Middle_Income,Rural,Midsize,PHEV_50,144.5383994703293
efs_high_ldv,2026,Single_Driver,Middle_Income,Rural,Pickup,BEV_100,0.0
efs_high_ldv,2026,Single_Driver,Middle_Income,Rural,Pickup,BEV_300,0.0
efs_high_ldv,2026,Single_Driver,Middle_Income,Rural,Pickup,PHEV_25,151.4463735766411
efs_high_ldv,2026,Single_Driver,Middle_Income,Rural,Pickup,PHEV_50,0.0
efs_high_ldv,2026,Single_Driver,Middle_Income,Rural,SUV,BEV_100,0.0
efs_high_ldv,2026,Single_Driver,Middle_Income,Rural,SUV,BEV_300,0.0
efs_high_ldv,2026,Single_Driver,Middle_Income,Rural,SUV,PHEV_25,0.0
efs_high_ldv,2026,Single_Driver,Middle_Income,Rural,SUV,PHEV_50,394.3155098347664
efs_high_ldv,2026,Single_Driver,Middle_Income,Second_City,Compact,BEV_100,0.0
efs_high_ldv,2026,Single_Driver,Middle_Income,Second_City,Compact,BEV_300,0.0
efs_high_ldv,2026,Single_Driver,Middle_Income,Second_City,Compact,PHEV_25,0.0
efs_high_ldv,2026,Single_Driver,Middle_Income,Second_City,Compact,PHEV_50,0.0
efs_high_ldv,2026,Single_Driver,Middle_Income,Second_City,Midsize,BEV_100,0.0
efs_high_ldv,2026,Single_Driver,Middle_Income,Second_City,Midsize,BEV_300,0.0
efs_high_ldv,2026,Single_Driver,Middle_Income,Second_City,Midsize,PHEV_25,0.0
efs_high_ldv,2026,Single_Driver,Middle_Income,Second_City,Midsize,PHEV_50,32.284150473952295
efs_high_ldv,2026,Single_Driver,Middle_Income,Second_City,Pickup,BEV_100,0.0
efs_high_ldv,2026,Single_Driver,Middle_Income,Second_City,Pickup,BEV_300,0.0
efs_high_ldv,2026,Single_Driver,Middle_Income,Second_City,Pickup,PHEV_25,0.0
efs_high_ldv,2026,Single_Driver,Middle_Income,Second_City,Pickup,PHEV_50,0.0
efs_high_ldv,2026,Single_Driver,Middle_Income,Second_City,SUV,BEV_100,0.0
efs_high_ldv,2026,Single_Driver,Middle_Income,Second_City,SUV,BEV_300,0.0
efs_high_ldv,2026,Single_Driver,Middle_Income,Second_City,SUV,PHEV_25,33.20839080023766
efs_high_ldv,2026,Single_Driver,Middle_Income,Second_City,SUV,PHEV_50,58.45482490706444
efs_high_ldv,2026,Single_Driver,Middle_Income,Small_Town,Compact,BEV_100,49.77244022130967
efs_high_ldv,2026,Single_Driver,Middle_Income,Small_Town,Compact,BEV_300,19.6445405177325
efs_high_ldv,2026,Single_Driver,Middle_Income,Small_Town,Compact,PHEV_25,0.0
efs_high_ldv,2026,Single_Driver,Middle_Income,Small_Town,Compact,PHEV_50,0.0
efs_high_ldv,2026,Single_Driver,Middle_Income,Small_Town,Midsize,BEV_100,0.0
efs_high_ldv,2026,Single_Driver,Middle_Income,Small_Town,Midsize,BEV_300,0.0
efs_high_ldv,2026,Single_Driver,Middle_Income,Small_Town,Midsize,PHEV_25,0.0
efs_high_ldv,2026,Single_Driver,Middle_Income,Small_Town,Midsize,PHEV_50,0.0
efs_high_ldv,2026,Single_Driver,Middle_Income,Small_Town,Pickup,BEV_100,0.0
efs_high_ldv,2026,Single_Driver,Middle_Income,Small_Town,Pickup,BEV_300,0.0
efs_high_ldv,2026,Single_Driver,Middle_Income,Small_Town,Pickup,PHEV_25,0.0
efs_high_ldv,2026,Single_Driver,Middle_Income,Small_Town,Pickup,PHEV_50,0.0
efs_high_ldv,2026,Single_Driver,Middle_Income,Small_Town,SUV,BEV_100,48.97482185357809
efs_high_ldv,2026,Single_Driver,Middle_Income,Small_Town,SUV,BEV_300,34.98884964168072
efs_high_ldv,2026,Single_Driver,Middle_Income,Small_Town,SUV,PHEV_25,0.0
efs_high_ldv,2026,Single_Driver,Middle_Income,Small_Town,SUV,PHEV_50,0.0
efs_high_ldv,2026,Single_Driver,Middle_Income,Suburban,Compact,BEV_100,0.0
efs_high_ldv,2026,Single_Driver,Middle_Income,Suburban,Compact,BEV_300,0.0
efs_high_ldv,2026,Single_Driver,Middle_Income,Suburban,Compact,PHEV_25,0.0
efs_high_ldv,2026,Single_Driver,Middle_Income,Suburban,Compact,PHEV_50,0.0
efs_high_ldv,2026,Single_Driver,Middle_Income,Suburban,Midsize,BEV_100,0.0
efs_high_ldv,2026,Single_Driver,Middle_Income,Suburban,Midsize,BEV_300,0.0
efs_high_ldv,2026,Single_Driver,Middle_Income,Suburban,Midsize,PHEV_25,0.0
efs_high_ldv,2026,Single_Driver,Middle_Income,Suburban,Midsize,PHEV_50,34.68626886284351
efs_high_ldv,2026,Single_Driver,Middle_Income,Suburban,Pickup,BEV_100,0.0
efs_high_ldv,2026,Single_Driver,Middle_Income,Suburban,Pickup,BEV_300,0.0
efs_high_ldv,2026,Single_Driver,Middle_Income,Suburban,Pickup,PHEV_25,0.0
efs_high_ldv,2026,Single_Driver,Middle_Income,Suburban,Pickup,PHEV_50,0.0
efs_high_ldv,2026,Single_Driver,Middle_Income,Suburban,SUV,BEV_100,0.0
efs_high_ldv,2026,Single_Driver,Middle_Income,Suburban,SUV,BEV_300,0.0
efs_high_ldv,2026,Single_Driver,Middle_Income,Suburban,SUV,PHEV_25,0.0
efs_high_ldv,2026,Single_Driver,Middle_Income,Suburban,SUV,PHEV_50,67.60075988905132
efs_high_ldv,2026,Single_Driver,Middle_Income,Urban,Compact,BEV_100,0.0
efs_high_ldv,2026,Single_Driver,Middle_Income,Urban,Compact,BEV_300,0.0
efs_high_ldv,2026,Single_Driver,Middle_Income,Urban,Compact,PHEV_25,0.0
efs_high_ldv,2026,Single_Driver,Middle_Income,Urban,Compact,PHEV_50,0.0
efs_high_ldv,2026,Single_Driver,Middle_Income,Urban,Midsize,BEV_100,0.0
efs_high_ldv,2026,Single_Driver,Middle_Income,Urban,Midsize,BEV_300,0.0
efs_high_ldv,2026,Single_Driver,Middle_Income,Urban,Midsize,PHEV_25,0.0
efs_high_ldv,2026,Single_Driver,Middle_Income,Urban,Midsize,PHEV_50,0.0
efs_high_ldv,2026,Single_Driver,Middle_Income,Urban,Pickup,BEV_100,0.0
efs_high_ldv,2026,Single_Driver,Middle_Income,Urban,Pickup,BEV_300,0.0
efs_high_ldv,2026,Single_Driver,Middle_Income,Urban,Pickup,PHEV_25,0.0
efs_high_ldv,2026,Single_Driver,Middle_Income,Urban,Pickup,PHEV_50,0.0
efs_high_ldv,2026,Single_Driver,Middle_Income,Urban,SUV,BEV_100,0.0
efs_high_ldv,2026,Single_Driver,Middle_Income,Urban,SUV,BEV_300,0.0
efs_high_ldv,2026,Single_Driver,Middle_Income,Urban,SUV,PHEV_25,0.0
efs_high_ldv,2026,Single_Driver,Middle_Income,Urban,SUV,PHEV_50,0.0
efs_high_ldv,2026,Some_Drivers_Larger,High_Income,Rural,Compact,BEV_100,0.0
efs_high_ldv,2026,Some_Drivers_Larger,High_Income,Rural,Compact,BEV_300,0.0
efs_high_ldv,2026,Some_Drivers_Larger,High_Income,Rural,Compact,PHEV_25,0.0
efs_high_ldv,2026,Some_Drivers_Larger,High_Income,Rural,Compact,PHEV_50,0.0
efs_high_ldv,2026,Some_Drivers_Larger,High_Income,Rural,Midsize,BEV_100,0.0
efs_high_ldv,2026,Some_Drivers_Larger,High_Income,Rural,Midsize,BEV_300,0.0
efs_high_ldv,2026,Some_Drivers_Larger,High_Income,Rural,Midsize,PHEV_25,198.46112405061723
efs_high_ldv,2026,Some_Drivers_Larger,High_Income,Rural,Midsize,PHEV_50,0.0
efs_high_ldv,2026,Some_Drivers_Larger,High_Income,Rural,Pickup,BEV_100,0.0
efs_high_ldv,2026,Some_Drivers_Larger,High_Income,Rural,Pickup,BEV_300,0.0
efs_high_ldv,2026,Some_Drivers_Larger,High_Income,Rural,Pickup,PHEV_25,0.0
efs_high_ldv,2026,Some_Drivers_Larger,High_Income,Rural,Pickup,PHEV_50,0.0
efs_high_ldv,2026,Some_Drivers_Larger,High_Income,Rural,SUV,BEV_100,629.6856389064789
efs_high_ldv,2026,Some_Drivers_Larger,High_Income,Rural,SUV,BEV_300,0.0
efs_high_ldv,2026,Some_Drivers_Larger,High_Income,Rural,SUV,PHEV_25,272.10172464570405
efs_high_ldv,2026,Some_Drivers_Larger,High_Income,Rural,SUV,PHEV_50,251.40541808378697
efs_high_ldv,2026,Some_Drivers_Larger,High_Income,Second_City,Compact,BEV_100,0.0
efs_high_ldv,2026,Some_Drivers_Larger,High_Income,Second_City,Compact,BEV_300,0.0
efs_high_ldv,2026,Some_Drivers_Larger,High_Income,Second_City,Compact,PHEV_25,0.0
efs_high_ldv,2026,Some_Drivers_Larger,High_Income,Second_City,Compact,PHEV_50,0.0
efs_high_ldv,2026,Some_Drivers_Larger,High_Income,Second_City,Midsize,BEV_100,155.48065706539154
efs_high_ldv,2026,Some_Drivers_Larger,High_Income,Second_City,Midsize,BEV_300,190.3739508262724
efs_high_ldv,2026,Some_Drivers_Larger,High_Income,Second_City,Midsize,PHEV_25,54.16124620312453
efs_high_ldv,2026,Some_Drivers_Larger,High_Income,Second_City,Midsize,PHEV_50,0.0
efs_high_ldv,2026,Some_Drivers_Larger,High_Income,Second_City,Pickup,BEV_100,0.0
efs_high_ldv,2026,Some_Drivers_Larger,High_Income,Second_City,Pickup,BEV_300,0.0
efs_high_ldv,2026,Some_Drivers_Larger,High_Income,Second_City,Pickup,PHEV_25,0.0
efs_high_ldv,2026,Some_Drivers_Larger,High_Income,Second_City,Pickup,PHEV_50,0.0
efs_high_ldv,2026,Some_Drivers_Larger,High_Income,Second_City,SUV,BEV_100,0.0
efs_high_ldv,2026,Some_Drivers_Larger,High_Income,Second_City,SUV,BEV_300,0.0
efs_high_ldv,2026,Some_Drivers_Larger,High_Income,Second_City,SUV,PHEV_25,0.0
efs_high_ldv,2026,Some_Drivers_Larger,High_Income,Second_City,SUV,PHEV_50,90.68323617318272
efs_high_ldv,2026,Some_Drivers_Larger,High_Income,Small_Town,Compact,BEV_100,69.01187921136618
efs_high_ldv,2026,Some_Drivers_Larger,High_Income,Small_Town,Compact,BEV_300,0.0
efs_high_ldv,2026,Some_Drivers_Larger,High_Income,Small_Town,Compact,PHEV_25,62.80302381670475
efs_high_ldv,2026,Some_Drivers_Larger,High_Income,Small_Town,Compact,PHEV_50,0.0
efs_high_ldv,2026,Some_Drivers_Larger,High_Income,Small_Town,Midsize,BEV_100,0.0
efs_high_ldv,2026,Some_Drivers_Larger,High_Income,Small_Town,Midsize,BEV_300,0.0
efs_high_ldv,2026,Some_Drivers_Larger,High_Income,Small_Town,Midsize,PHEV_25,153.35614092342556
efs_high_ldv,2026,Some_Drivers_Larger,High_Income,Small_Town,Midsize,PHEV_50,89.24398852860928
efs_high_ldv,2026,Some_Drivers_Larger,High_Income,Small_Town,Pickup,BEV_100,0.0
efs_high_ldv,2026,Some_Drivers_Larger,High_Income,Small_Town,Pickup,BEV_300,0.0
efs_high_ldv,2026,Some_Drivers_Larger,High_Income,Small_Town,Pickup,PHEV_25,0.0
efs_high_ldv,2026,Some_Drivers_Larger,High_Income,Small_Town,Pickup,PHEV_50,174.15234004421347
efs_high_ldv,2026,Some_Drivers_Larger,High_Income,Small_Town,SUV,BEV_100,52.69229670660384
efs_high_ldv,2026,Some_Drivers_Larger,High_Income,Small_Town,SUV,BEV_300,0.0
efs_high_ldv,2026,Some_Drivers_Larger,High_Income,Small_Town,SUV,PHEV_25,83.73562012854218
efs_high_ldv,2026,Some_Drivers_Larger,High_Income,Small_Town,SUV,PHEV_50,116.07322436848284
efs_high_ldv,2026,Some_Drivers_Larger,High_Income,Suburban,Compact,BEV_100,0.0
efs_high_ldv,2026,Some_Drivers_Larger,High_Income,Suburban,Compact,BEV_300,0.0
efs_high_ldv,2026,Some_Drivers_Larger,High_Income,Suburban,Compact,PHEV_25,0.0
efs_high_ldv,2026,Some_Drivers_Larger,High_Income,Suburban,Compact,PHEV_50,0.0
efs_high_ldv,2026,Some_Drivers_Larger,High_Income,Suburban,Midsize,BEV_100,0.0
efs_high_ldv,2026,Some_Drivers_Larger,High_Income,Suburban,Midsize,BEV_300,0.0
efs_high_ldv,2026,Some_Drivers_Larger,High_Income,Suburban,Midsize,PHEV_25,0.0
efs_high_ldv,2026,Some_Drivers_Larger,High_Income,Suburban,Midsize,PHEV_50,0.0
efs_high_ldv,2026,Some_Drivers_Larger,High_Income,Suburban,Pickup,BEV_100,0.0
efs_high_ldv,2026,Some_Drivers_Larger,High_Income,Suburban,Pickup,BEV_300,102.77639411967994
efs_high_ldv,2026,Some_Drivers_Larger,High_Income,Suburban,Pickup,PHEV_25,0.0
efs_high_ldv,2026,Some_Drivers_Larger,High_Income,Suburban,Pickup,PHEV_50,0.0
efs_high_ldv,2026,Some_Drivers_Larger,High_Income,Suburban,SUV,BEV_100,292.0868327817544
efs_high_ldv,2026,Some_Drivers_Larger,High_Income,Suburban,SUV,BEV_300,339.3187402034402
efs_high_ldv,2026,Some_Drivers_Larger,High_Income,Suburban,SUV,PHEV_25,101.70378851532936
efs_high_ldv,2026,Some_Drivers_Larger,High_Income,Suburban,SUV,PHEV_50,0.0
efs_high_ldv,2026,Some_Drivers_Larger,High_Income,Urban,Compact,BEV_100,0.0
efs_high_ldv,2026,Some_Drivers_Larger,High_Income,Urban,Compact,BEV_300,0.0
efs_high_ldv,2026,Some_Drivers_Larger,High_Income,Urban,Compact,PHEV_25,0.0
efs_high_ldv,2026,Some_Drivers_Larger,High_Income,Urban,Compact,PHEV_50,0.0
efs_high_ldv,2026,Some_Drivers_Larger,High_Income,Urban,Midsize,BEV_100,0.0
efs_high_ldv,2026,Some_Drivers_Larger,High_Income,Urban,Midsize,BEV_300,0.0
efs_high_ldv,2026,Some_Drivers_Larger,High_Income,Urban,Midsize,PHEV_25,0.0
efs_high_ldv,2026,Some_Drivers_Larger,High_Income,Urban,Midsize,PHEV_50,0.0
efs_high_ldv,2026,Some_Drivers_Larger,High_Income,Urban,Pickup,BEV_100,0.0
efs_high_ldv,2026,Some_Drivers_Larger,High_Income,Urban,Pickup,BEV_300,0.0
efs_high_ldv,2026,Some_Drivers_Larger,High_Income,Urban,Pickup,PHEV_25,0.0
efs_high_ldv,2026,Some_Drivers_Larger,High_Income,Urban,Pickup,PHEV_50,0.0
efs_high_ldv,2026,Some_Drivers_Larger,High_Income,Urban,SUV,BEV_100,0.0
efs_high_ldv,2026,Some_Drivers_Larger,High_Income,Urban,SUV,BEV_300,0.0
efs_high_ldv,2026,Some_Drivers_Larger,High_Income,Urban,SUV,PHEV_25,0.0
efs_high_ldv,2026,Some_Drivers_Larger,High_Income,Urban,SUV,PHEV_50,0.0
efs_high_ldv,2026,Some_Drivers_Larger,Low_Income,Rural,Compact,BEV_100,0.0
efs_high_ldv,2026,Some_Drivers_Larger,Low_Income,Rural,Compact,BEV_300,0.0
efs_high_ldv,2026,Some_Drivers_Larger,Low_Income,Rural,Compact,PHEV_25,0.0
efs_high_ldv,2026,Some_Drivers_Larger,Low_Income,Rural,Compact,PHEV_50,0.0
efs_high_ldv,2026,Some_Drivers_Larger,Low_Income,Rural,Midsize,BEV_100,0.0
efs_high_ldv,2026,Some_Drivers_Larger,Low_Income,Rural,Midsize,BEV_300,150.01117499256134
efs_high_ldv,2026,Some_Drivers_Larger,Low_Income,Rural,Midsize,PHEV_25,0.0
efs_high_ldv,2026,Some_Drivers_Larger,Low_Income,Rural,Midsize,PHEV_50,0.0
efs_high_ldv,2026,Some_Drivers_Larger,Low_Income,Rural,Pickup,BEV_100,0.0
efs_high_ldv,2026,Some_Drivers_Larger,Low_Income,Rural,Pickup,BEV_300,0.0
efs_high_ldv,2026,Some_Drivers_Larger,Low_Income,Rural,Pickup,PHEV_25,0.0
efs_high_ldv,2026,Some_Drivers_Larger,Low_Income,Rural,Pickup,PHEV_50,0.0
efs_high_ldv,2026,Some_Drivers_Larger,Low_Income,Rural,SUV,BEV_100,0.0
efs_high_ldv,2026,Some_Drivers_Larger,Low_Income,Rural,SUV,BEV_300,0.0
efs_high_ldv,2026,Some_Drivers_Larger,Low_Income,Rural,SUV,PHEV_25,0.0
efs_high_ldv,2026,Some_Drivers_Larger,Low_Income,Rural,SUV,PHEV_50,285.0385866657831
efs_high_ldv,2026,Some_Drivers_Larger,Low_Income,Second_City,Compact,BEV_100,0.0
efs_high_ldv,2026,Some_Drivers_Larger,Low_Income,Second_City,Compact,BEV_300,0.0
efs_high_ldv,2026,Some_Drivers_Larger,Low_Income,Second_City,Compact,PHEV_25,58.07281216564775
efs_high_ldv,2026,Some_Drivers_Larger,Low_Income,Second_City,Compact,PHEV_50,0.0
efs_high_ldv,2026,Some_Drivers_Larger,Low_Income,Second_City,Midsize,BEV_100,0.0
efs_high_ldv,2026,Some_Drivers_Larger,Low_Income,Second_City,Midsize,BEV_300,0.0
efs_high_ldv,2026,Some_Drivers_Larger,Low_Income,Second_City,Midsize,PHEV_25,0.0
efs_high_ldv,2026,Some_Drivers_Larger,Low_Income,Second_City,Midsize,PHEV_50,55.99878808045387
efs_high_ldv,2026,Some_Drivers_Larger,Low_Income,Second_City,Pickup,BEV_100,0.0
efs_high_ldv,2026,Some_Drivers_Larger,Low_Income,Second_City,Pickup,BEV_300,0.0
efs_high_ldv,2026,Some_Drivers_Larger,Low_Income,Second_City,Pickup,PHEV_25,0.0
efs_high_ldv,2026,Some_Drivers_Larger,Low_Income,Second_City,Pickup,PHEV_50,0.0
efs_high_ldv,2026,Some_Drivers_Larger,Low_Income,Second_City,SUV,BEV_100,51.55251599025726
efs_high_ldv,2026,Some_Drivers_Larger,Low_Income,Second_City,SUV,BEV_300,0.0
efs_high_ldv,2026,Some_Drivers_Larger,Low_Income,Second_City,SUV,PHEV_25,0.0
efs_high_ldv,2026,Some_Drivers_Larger,Low_Income,Second_City,SUV,PHEV_50,25.843472155541185
efs_high_ldv,2026,Some_Drivers_Larger,Low_Income,Small_Town,Compact,BEV_100,0.0
efs_high_ldv,2026,Some_Drivers_Larger,Low_Income,Small_Town,Compact,BEV_300,0.0
efs_high_ldv,2026,Some_Drivers_Larger,Low_Income,Small_Town,Compact,PHEV_25,0.0
efs_high_ldv,2026,Some_Drivers_Larger,Low_Income,Small_Town,Compact,PHEV_50,0.0
efs_high_ldv,2026,Some_Drivers_Larger,Low_Income,Small_Town,Midsize,BEV_100,0.0
efs_high_ldv,2026,Some_Drivers_Larger,Low_Income,Small_Town,Midsize,BEV_300,0.0
efs_high_ldv,2026,Some_Drivers_Larger,Low_Income,Small_Town,Midsize,PHEV_25,0.0
efs_high_ldv,2026,Some_Drivers_Larger,Low_Income,Small_Town,Midsize,PHEV_50,66.16966220629216
efs_high_ldv,2026,Some_Drivers_Larger,Low_Income,Small_Town,Pickup,BEV_100,0.0
efs_high_ldv,2026,Some_Drivers_Larger,Low_Income,Small_Town,Pickup,BEV_300,0.0
efs_high_ldv,2026,Some_Drivers_Larger,Low_Income,Small_Town,Pickup,PHEV_25,0.0
efs_high_ldv,2026,Some_Drivers_Larger,Low_Income,Small_Town,Pickup,PHEV_50,0.0
efs_high_ldv,2026,Some_Drivers_Larger,Low_Income,Small_Town,SUV,BEV_100,0.0
efs_high_ldv,2026,Some_Drivers_Larger,Low_Income,Small_Town,SUV,BEV_300,0.0
efs_high_ldv,2026,Some_Drivers_Larger,Low_Income,Small_Town,SUV,PHEV_25,0.0
efs_high_ldv,2026,Some_Drivers_Larger,Low_Income,Small_Town,SUV,PHEV_50,0.0
efs_high_ldv,2026,Some_Drivers_Larger,Low_Income,Suburban,Compact,BEV_100,0.0
efs_high_ldv,2026,Some_Drivers_Larger,Low_Income,Suburban,Compact,BEV_300,0.0
efs_high_ldv,2026,Some_Drivers_Larger,Low_Income,Suburban,Compact,PHEV_25,0.0
efs_high_ldv,2026,Some_Drivers_Larger,Low_Income,Suburban,Compact,PHEV_50,0.0
efs_high_ldv,2026,Some_Drivers_Larger,Low_Income,Suburban,Midsize,BEV_100,73.5789397187829
efs_high_ldv,2026,Some_Drivers_Larger,Low_Income,Suburban,Midsize,BEV_300,0.0
efs_high_ldv,2026,Some_Drivers_Larger,Low_Income,Suburban,Midsize,PHEV_25,0.0
efs_high_ldv,2026,Some_Drivers_Larger,Low_Income,Suburban,Midsize,PHEV_50,0.0
efs_high_ldv,2026,Some_Drivers_Larger,Low_Income,Suburban,Pickup,BEV_100,0.0
efs_high_ldv,2026,Some_Drivers_Larger,Low_Income,Suburban,Pickup,BEV_300,0.0
efs_high_ldv,2026,Some_Drivers_Larger,Low_Income,Suburban,Pickup,PHEV_25,0.0
efs_high_ldv,2026,Some_Drivers_Larger,Low_Income,Suburban,Pickup,PHEV_50,0.0
efs_high_ldv,2026,Some_Drivers_Larger,Low_Income,Suburban,SUV,BEV_100,103.75251574981426
efs_high_ldv,2026,Some_Drivers_Larger,Low_Income,Suburban,SUV,BEV_300,0.0
efs_high_ldv,2026,Some_Drivers_Larger,Low_Income,Suburban,SUV,PHEV_25,125.9218974572718
efs_high_ldv,2026,Some_Drivers_Larger,Low_Income,Suburban,SUV,PHEV_50,236.10508287552
efs_high_ldv,2026,Some_Drivers_Larger,Low_Income,Urban,Compact,BEV_100,0.0
efs_high_ldv,2026,Some_Drivers_Larger,Low_Income,Urban,Compact,BEV_300,0.0
efs_high_ldv,2026,Some_Drivers_Larger,Low_Income,Urban,Compact,PHEV_25,0.0
efs_high_ldv,2026,Some_Drivers_Larger,Low_Income,Urban,Compact,PHEV_50,0.0
efs_high_ldv,2026,Some_Drivers_Larger,Low_Income,Urban,Midsize,BEV_100,0.0
efs_high_ldv,2026,Some_Drivers_Larger,Low_Income,Urban,Midsize,BEV_300,0.0
efs_high_ldv,2026,Some_Drivers_Larger,Low_Income,Urban,Midsize,PHEV_25,0.0
efs_high_ldv,2026,Some_Drivers_Larger,Low_Income,Urban,Midsize,PHEV_50,0.0
efs_high_ldv,2026,Some_Drivers_Larger,Low_Income,Urban,Pickup,BEV_100,0.0
efs_high_ldv,2026,Some_Drivers_Larger,Low_Income,Urban,Pickup,BEV_300,0.0
efs_high_ldv,2026,Some_Drivers_Larger,Low_Income,Urban,Pickup,PHEV_25,0.0
efs_high_ldv,2026,Some_Drivers_Larger,Low_Income,Urban,Pickup,PHEV_50,0.0
efs_high_ldv,2026,Some_Drivers_Larger,Low_Income,Urban,SUV,BEV_100,0.0
efs_high_ldv,2026,Some_Drivers_Larger,Low_Income,Urban,SUV,BEV_300,0.0
efs_high_ldv,2026,Some_Drivers_Larger,Low_Income,Urban,SUV,PHEV_25,0.0
efs_high_ldv,2026,Some_Drivers_Larger,Low_Income,Urban,SUV,PHEV_50,0.0
efs_high_ldv,2026,Some_Drivers_Larger,Middle_Income,Rural,Compact,BEV_100,0.0
efs_high_ldv,2026,Some_Drivers_Larger,Middle_Income,Rural,Compact,BEV_300,0.0
efs_high_ldv,2026,Some_Drivers_Larger,Middle_Income,Rural,Compact,PHEV_25,0.0
efs_high_ldv,2026,Some_Drivers_Larger,Middle_Income,Rural,Compact,PHEV_50,0.0
efs_high_ldv,2026,Some_Drivers_Larger,Middle_Income,Rural,Midsize,BEV_100,0.0
efs_high_ldv,2026,Some_Drivers_Larger,Middle_Income,Rural,Midsize,BEV_300,0.0
efs_high_ldv,2026,Some_Drivers_Larger,Middle_Income,Rural,Midsize,PHEV_25,204.1435961213112
efs_high_ldv,2026,Some_Drivers_Larger,Middle_Income,Rural,Midsize,PHEV_50,0.0
efs_high_ldv,2026,Some_Drivers_Larger,Middle_Income,Rural,Pickup,BEV_100,0.0
efs_high_ldv,2026,Some_Drivers_Larger,Middle_Income,Rural,Pickup,BEV_300,0.0
efs_high_ldv,2026,Some_Drivers_Larger,Middle_Income,Rural,Pickup,PHEV_25,0.0
efs_high_ldv,2026,Some_Drivers_Larger,Middle_Income,Rural,Pickup,PHEV_50,0.0
efs_high_ldv,2026,Some_Drivers_Larger,Middle_Income,Rural,SUV,BEV_100,799.0600654600859
efs_high_ldv,2026,Some_Drivers_Larger,Middle_Income,Rural,SUV,BEV_300,590.3938631019593
efs_high_ldv,2026,Some_Drivers_Larger,Middle_Income,Rural,SUV,PHEV_25,496.6864271897078
efs_high_ldv,2026,Some_Drivers_Larger,Middle_Income,Rural,SUV,PHEV_50,676.7321009756923
efs_high_ldv,2026,Some_Drivers_Larger,Middle_Income,Second_City,Compact,BEV_100,0.0
efs_high_ldv,2026,Some_Drivers_Larger,Middle_Income,Second_City,Compact,BEV_300,0.0
efs_high_ldv,2026,Some_Drivers_Larger,Middle_Income,Second_City,Compact,PHEV_25,0.0
efs_high_ldv,2026,Some_Drivers_Larger,Middle_Income,Second_City,Compact,PHEV_50,0.0
efs_high_ldv,2026,Some_Drivers_Larger,Middle_Income,Second_City,Midsize,BEV_100,43.509074491858485
efs_high_ldv,2026,Some_Drivers_Larger,Middle_Income,Second_City,Midsize,BEV_300,0.0
efs_high_ldv,2026,Some_Drivers_Larger,Middle_Income,Second_City,Midsize,PHEV_25,0.0
efs_high_ldv,2026,Some_Drivers_Larger,Middle_Income,Second_City,Midsize,PHEV_50,0.0
efs_high_ldv,2026,Some_Drivers_Larger,Middle_Income,Second_City,Pickup,BEV_100,0.0
efs_high_ldv,2026,Some_Drivers_Larger,Middle_Income,Second_City,Pickup,BEV_300,0.0
efs_high_ldv,2026,Some_Drivers_Larger,Middle_Income,Second_City,Pickup,PHEV_25,0.0
efs_high_ldv,2026,Some_Drivers_Larger,Middle_Income,Second_City,Pickup,PHEV_50,0.0
efs_high_ldv,2026,Some_Drivers_Larger,Middle_Income,Second_City,SUV,BEV_100,0.0
efs_high_ldv,2026,Some_Drivers_Larger,Middle_Income,Second_City,SUV,BEV_300,0.0
efs_high_ldv,2026,Some_Drivers_Larger,Middle_Income,Second_City,SUV,PHEV_25,48.97727563631535
efs_high_ldv,2026,Some_Drivers_Larger,Middle_Income,Second_City,SUV,PHEV_50,0.0
efs_high_ldv,2026,Some_Drivers_Larger,Middle_Income,Small_Town,Compact,BEV_100,0.0
efs_high_ldv,2026,Some_Drivers_Larger,Middle_Income,Small_Town,Compact,BEV_300,0.0
efs_high_ldv,2026,Some_Drivers_Larger,Middle_Income,Small_Town,Compact,PHEV_25,0.0
efs_high_ldv,2026,Some_Drivers_Larger,Middle_Income,Small_Town,Compact,PHEV_50,0.0
efs_high_ldv,2026,Some_Drivers_Larger,Middle_Income,Small_Town,Midsize,BEV_100,0.0
efs_high_ldv,2026,Some_Drivers_Larger,Middle_Income,Small_Town,Midsize,BEV_300,0.0
efs_high_ldv,2026,Some_Drivers_Larger,Middle_Income,Small_Town,Midsize,PHEV_25,0.0
efs_high_ldv,2026,Some_Drivers_Larger,Middle_Income,Small_Town,Midsize,PHEV_50,0.0
efs_high_ldv,2026,Some_Drivers_Larger,Middle_Income,Small_Town,Pickup,BEV_100,0.0
efs_high_ldv,2026,Some_Drivers_Larger,Middle_Income,Small_Town,Pickup,BEV_300,0.0
efs_high_ldv,2026,Some_Drivers_Larger,Middle_Income,Small_Town,Pickup,PHEV_25,0.0
efs_high_ldv,2026,Some_Drivers_Larger,Middle_Income,Small_Town,Pickup,PHEV_50,0.0
efs_high_ldv,2026,Some_Drivers_Larger,Middle_Income,Small_Town,SUV,BEV_100,258.39535185027125
efs_high_ldv,2026,Some_Drivers_Larger,Middle_Income,Small_Town,SUV,BEV_300,0.0
efs_high_ldv,2026,Some_Drivers_Larger,Middle_Income,Small_Town,SUV,PHEV_25,236.4993801766038
efs_high_ldv,2026,Some_Drivers_Larger,Middle_Income,Small_Town,SUV,PHEV_50,0.0
efs_high_ldv,2026,Some_Drivers_Larger,Middle_Income,Suburban,Compact,BEV_100,0.0
efs_high_ldv,2026,Some_Drivers_Larger,Middle_Income,Suburban,Compact,BEV_300,0.0
efs_high_ldv,2026,Some_Drivers_Larger,Middle_Income,Suburban,Compact,PHEV_25,0.0
efs_high_ldv,2026,Some_Drivers_Larger,Middle_Income,Suburban,Compact,PHEV_50,0.0
efs_high_ldv,2026,Some_Drivers_Larger,Middle_Income,Suburban,Midsize,BEV_100,0.0
efs_high_ldv,2026,Some_Drivers_Larger,Middle_Income,Suburban,Midsize,BEV_300,0.0
efs_high_ldv,2026,Some_Drivers_Larger,Middle_Income,Suburban,Midsize,PHEV_25,76.51036266589165
efs_high_ldv,2026,Some_Drivers_Larger,Middle_Income,Suburban,Midsize,PHEV_50,321.75691887283324
efs_high_ldv,2026,Some_Drivers_Larger,Middle_Income,Suburban,Pickup,BEV_100,0.0
efs_high_ldv,2026,Some_Drivers_Larger,Middle_Income,Suburban,Pickup,BEV_300,0.0
efs_high_ldv,2026,Some_Drivers_Larger,Middle_Income,Suburban,Pickup,PHEV_25,0.0
efs_high_ldv,2026,Some_Drivers_Larger,Middle_Income,Suburban,Pickup,PHEV_50,0.0
efs_high_ldv,2026,Some_Drivers_Larger,Middle_Income,Suburban,SUV,BEV_100,0.0
efs_high_ldv,2026,Some_Drivers_Larger,Middle_Income,Suburban,SUV,BEV_300,0.0
efs_high_ldv,2026,Some_Drivers_Larger,Middle_Income,Suburban,SUV,PHEV_25,0.0
efs_high_ldv,2026,Some_Drivers_Larger,Middle_Income,Suburban,SUV,PHEV_50,238.01613870847223
efs_high_ldv,2026,Some_Drivers_Larger,Middle_Income,Urban,Compact,BEV_100,0.0
efs_high_ldv,2026,Some_Drivers_Larger,Middle_Income,Urban,Compact,BEV_300,0.0
efs_high_ldv,2026,Some_Drivers_Larger,Middle_Income,Urban,Compact,PHEV_25,0.0
efs_high_ldv,2026,Some_Drivers_Larger,Middle_Income,Urban,Compact,PHEV_50,0.0
efs_high_ldv,2026,Some_Drivers_Larger,Middle_Income,Urban,Midsize,BEV_100,0.0
efs_high_ldv,2026,Some_Drivers_Larger,Middle_Income,Urban,Midsize,BEV_300,0.0
efs_high_ldv,2026,Some_Drivers_Larger,Middle_Income,Urban,Midsize,PHEV_25,0.0
efs_high_ldv,2026,Some_Drivers_Larger,Middle_Income,Urban,Midsize,PHEV_50,0.0
efs_high_ldv,2026,Some_Drivers_Larger,Middle_Income,Urban,Pickup,BEV_100,0.0
efs_high_ldv,2026,Some_Drivers_Larger,Middle_Income,Urban,Pickup,BEV_300,0.0
efs_high_ldv,2026,Some_Drivers_Larger,Middle_Income,Urban,Pickup,PHEV_25,0.0
efs_high_ldv,2026,Some_Drivers_Larger,Middle_Income,Urban,Pickup,PHEV_50,0.0
efs_high_ldv,2026,Some_Drivers_Larger,Middle_Income,Urban,SUV,BEV_100,0.0
efs_high_ldv,2026,Some_Drivers_Larger,Middle_Income,Urban,SUV,BEV_300,0.0
efs_high_ldv,2026,Some_Drivers_Larger,Middle_Income,Urban,SUV,PHEV_25,0.0
efs_high_ldv,2026,Some_Drivers_Larger,Middle_Income,Urban,SUV,PHEV_50,0.0
efs_high_ldv,2026,Some_Drivers_Smaller,High_Income,Rural,Compact,BEV_100,0.0
efs_high_ldv,2026,Some_Drivers_Smaller,High_Income,Rural,Compact,BEV_300,0.0
efs_high_ldv,2026,Some_Drivers_Smaller,High_Income,Rural,Compact,PHEV_25,0.0
efs_high_ldv,2026,Some_Drivers_Smaller,High_Income,Rural,Compact,PHEV_50,0.0
efs_high_ldv,2026,Some_Drivers_Smaller,High_Income,Rural,Midsize,BEV_100,0.0
efs_high_ldv,2026,Some_Drivers_Smaller,High_Income,Rural,Midsize,BEV_300,0.0
efs_high_ldv,2026,Some_Drivers_Smaller,High_Income,Rural,Midsize,PHEV_25,0.0
efs_high_ldv,2026,Some_Drivers_Smaller,High_Income,Rural,Midsize,PHEV_50,0.0
efs_high_ldv,2026,Some_Drivers_Smaller,High_Income,Rural,Pickup,BEV_100,814.2672895667553
efs_high_ldv,2026,Some_Drivers_Smaller,High_Income,Rural,Pickup,BEV_300,432.552271099031
efs_high_ldv,2026,Some_Drivers_Smaller,High_Income,Rural,Pickup,PHEV_25,114.8251366533041
efs_high_ldv,2026,Some_Drivers_Smaller,High_Income,Rural,Pickup,PHEV_50,99.97203156661988
efs_high_ldv,2026,Some_Drivers_Smaller,High_Income,Rural,SUV,BEV_100,143.31363161544502
efs_high_ldv,2026,Some_Drivers_Smaller,High_Income,Rural,SUV,BEV_300,0.0
efs_high_ldv,2026,Some_Drivers_Smaller,High_Income,Rural,SUV,PHEV_25,0.0
efs_high_ldv,2026,Some_Drivers_Smaller,High_Income,Rural,SUV,PHEV_50,0.0
efs_high_ldv,2026,Some_Drivers_Smaller,High_Income,Second_City,Compact,BEV_100,0.0
efs_high_ldv,2026,Some_Drivers_Smaller,High_Income,Second_City,Compact,BEV_300,0.0
efs_high_ldv,2026,Some_Drivers_Smaller,High_Income,Second_City,Compact,PHEV_25,0.0
efs_high_ldv,2026,Some_Drivers_Smaller,High_Income,Second_City,Compact,PHEV_50,0.0
efs_high_ldv,2026,Some_Drivers_Smaller,High_Income,Second_City,Midsize,BEV_100,0.0
efs_high_ldv,2026,Some_Drivers_Smaller,High_Income,Second_City,Midsize,BEV_300,0.0
efs_high_ldv,2026,Some_Drivers_Smaller,High_Income,Second_City,Midsize,PHEV_25,0.0
efs_high_ldv,2026,Some_Drivers_Smaller,High_Income,Second_City,Midsize,PHEV_50,0.0
efs_high_ldv,2026,Some_Drivers_Smaller,High_Income,Second_City,Pickup,BEV_100,0.0
efs_high_ldv,2026,Some_Drivers_Smaller,High_Income,Second_City,Pickup,BEV_300,0.0
efs_high_ldv,2026,Some_Drivers_Smaller,High_Income,Second_City,Pickup,PHEV_25,0.0
efs_high_ldv,2026,Some_Drivers_Smaller,High_Income,Second_City,Pickup,PHEV_50,89.14540912902355
efs_high_ldv,2026,Some_Drivers_Smaller,High_Income,Second_City,SUV,BEV_100,0.0
efs_high_ldv,2026,Some_Drivers_Smaller,High_Income,Second_City,SUV,BEV_300,0.0
efs_high_ldv,2026,Some_Drivers_Smaller,High_Income,Second_City,SUV,PHEV_25,0.0
efs_high_ldv,2026,Some_Drivers_Smaller,High_Income,Second_City,SUV,PHEV_50,0.0
efs_high_ldv,2026,Some_Drivers_Smaller,High_Income,Small_Town,Compact,BEV_100,0.0
efs_high_ldv,2026,Some_Drivers_Smaller,High_Income,Small_Town,Compact,BEV_300,0.0
efs_high_ldv,2026,Some_Drivers_Smaller,High_Income,Small_Town,Compact,PHEV_25,62.358930788755416
efs_high_ldv,2026,Some_Drivers_Smaller,High_Income,Small_Town,Compact,PHEV_50,0.0
efs_high_ldv,2026,Some_Drivers_Smaller,High_Income,Small_Town,Midsize,BEV_100,0.0
efs_high_ldv,2026,Some_Drivers_Smaller,High_Income,Small_Town,Midsize,BEV_300,0.0
efs_high_ldv,2026,Some_Drivers_Smaller,High_Income,Small_Town,Midsize,PHEV_25,0.0
efs_high_ldv,2026,Some_Drivers_Smaller,High_Income,Small_Town,Midsize,PHEV_50,0.0
efs_high_ldv,2026,Some_Drivers_Smaller,High_Income,Small_Town,Pickup,BEV_100,0.0
efs_high_ldv,2026,Some_Drivers_Smaller,High_Income,Small_Town,Pickup,BEV_300,0.0
efs_high_ldv,2026,Some_Drivers_Smaller,High_Income,Small_Town,Pickup,PHEV_25,0.0
efs_high_ldv,2026,Some_Drivers_Smaller,High_Income,Small_Town,Pickup,PHEV_50,0.0
efs_high_ldv,2026,Some_Drivers_Smaller,High_Income,Small_Town,SUV,BEV_100,0.0
efs_high_ldv,2026,Some_Drivers_Smaller,High_Income,Small_Town,SUV,BEV_300,0.0
efs_high_ldv,2026,Some_Drivers_Smaller,High_Income,Small_Town,SUV,PHEV_25,0.0
efs_high_ldv,2026,Some_Drivers_Smaller,High_Income,Small_Town,SUV,PHEV_50,390.2762668893337
efs_high_ldv,2026,Some_Drivers_Smaller,High_Income,Suburban,Compact,BEV_100,0.0
efs_high_ldv,2026,Some_Drivers_Smaller,High_Income,Suburban,Compact,BEV_300,0.0
efs_high_ldv,2026,Some_Drivers_Smaller,High_Income,Suburban,Compact,PHEV_25,0.0
efs_high_ldv,2026,Some_Drivers_Smaller,High_Income,Suburban,Compact,PHEV_50,63.959651445175055
efs_high_ldv,2026,Some_Drivers_Smaller,High_Income,Suburban,Midsize,BEV_100,121.27291911137104
efs_high_ldv,2026,Some_Drivers_Smaller,High_Income,Suburban,Midsize,BEV_300,0.0
efs_high_ldv,2026,Some_Drivers_Smaller,High_Income,Suburban,Midsize,PHEV_25,0.0
efs_high_ldv,2026,Some_Drivers_Smaller,High_Income,Suburban,Midsize,PHEV_50,94.28124211548642
efs_high_ldv,2026,Some_Drivers_Smaller,High_Income,Suburban,Pickup,BEV_100,0.0
efs_high_ldv,2026,Some_Drivers_Smaller,High_Income,Suburban,Pickup,BEV_300,0.0
efs_high_ldv,2026,Some_Drivers_Smaller,High_Income,Suburban,Pickup,PHEV_25,0.0
efs_high_ldv,2026,Some_Drivers_Smaller,High_Income,Suburban,Pickup,PHEV_50,128.17649461126328
efs_high_ldv,2026,Some_Drivers_Smaller,High_Income,Suburban,SUV,BEV_100,0.0
efs_high_ldv,2026,Some_Drivers_Smaller,High_Income,Suburban,SUV,BEV_300,0.0
efs_high_ldv,2026,Some_Drivers_Smaller,High_Income,Suburban,SUV,PHEV_25,75.0497626774311
efs_high_ldv,2026,Some_Drivers_Smaller,High_Income,Suburban,SUV,PHEV_50,94.25563503718377
efs_high_ldv,2026,Some_Drivers_Smaller,High_Income,Urban,Compact,BEV_100,0.0
efs_high_ldv,2026,Some_Drivers_Smaller,High_Income,Urban,Compact,BEV_300,0.0
efs_high_ldv,2026,Some_Drivers_Smaller,High_Income,Urban,Compact,PHEV_25,0.0
efs_high_ldv,2026,Some_Drivers_Smaller,High_Income,Urban,Compact,PHEV_50,0.0
efs_high_ldv,2026,Some_Drivers_Smaller,High_Income,Urban,Midsize,BEV_100,0.0
efs_high_ldv,2026,Some_Drivers_Smaller,High_Income,Urban,Midsize,BEV_300,0.0
efs_high_ldv,2026,Some_Drivers_Smaller,High_Income,Urban,Midsize,PHEV_25,0.0
efs_high_ldv,2026,Some_Drivers_Smaller,High_Income,Urban,Midsize,PHEV_50,0.0
efs_high_ldv,2026,Some_Drivers_Smaller,High_Income,Urban,Pickup,BEV_100,0.0
efs_high_ldv,2026,Some_Drivers_Smaller,High_Income,Urban,Pickup,BEV_300,0.0
efs_high_ldv,2026,Some_Drivers_Smaller,High_Income,Urban,Pickup,PHEV_25,0.0
efs_high_ldv,2026,Some_Drivers_Smaller,High_Income,Urban,Pickup,PHEV_50,0.0
efs_high_ldv,2026,Some_Drivers_Smaller,High_Income,Urban,SUV,BEV_100,0.0
efs_high_ldv,2026,Some_Drivers_Smaller,High_Income,Urban,SUV,BEV_300,0.0
efs_high_ldv,2026,Some_Drivers_Smaller,High_Income,Urban,SUV,PHEV_25,0.0
efs_high_ldv,2026,Some_Drivers_Smaller,High_Income,Urban,SUV,PHEV_50,0.0
efs_high_ldv,2026,Some_Drivers_Smaller,Low_Income,Rural,Compact,BEV_100,0.0
efs_high_ldv,2026,Some_Drivers_Smaller,Low_Income,Rural,Compact,BEV_300,0.0
efs_high_ldv,2026,Some_Drivers_Smaller,Low_Income,Rural,Compact,PHEV_25,0.0
efs_high_ldv,2026,Some_Drivers_Smaller,Low_Income,Rural,Compact,PHEV_50,0.0
efs_high_ldv,2026,Some_Drivers_Smaller,Low_Income,Rural,Midsize,BEV_100,0.0
efs_high_ldv,2026,Some_Drivers_Smaller,Low_Income,Rural,Midsize,BEV_300,0.0
efs_high_ldv,2026,Some_Drivers_Smaller,Low_Income,Rural,Midsize,PHEV_25,139.9035729455948
efs_high_ldv,2026,Some_Drivers_Smaller,Low_Income,Rural,Midsize,PHEV_50,0.0
efs_high_ldv,2026,Some_Drivers_Smaller,Low_Income,Rural,Pickup,BEV_100,0.0
efs_high_ldv,2026,Some_Drivers_Smaller,Low_Income,Rural,Pickup,BEV_300,0.0
efs_high_ldv,2026,Some_Drivers_Smaller,Low_Income,Rural,Pickup,PHEV_25,0.0
efs_high_ldv,2026,Some_Drivers_Smaller,Low_Income,Rural,Pickup,PHEV_50,0.0
efs_high_ldv,2026,Some_Drivers_Smaller,Low_Income,Rural,SUV,BEV_100,0.0
efs_high_ldv,2026,Some_Drivers_Smaller,Low_Income,Rural,SUV,BEV_300,0.0
efs_high_ldv,2026,Some_Drivers_Smaller,Low_Income,Rural,SUV,PHEV_25,0.0
efs_high_ldv,2026,Some_Drivers_Smaller,Low_Income,Rural,SUV,PHEV_50,171.77718839979173
efs_high_ldv,2026,Some_Drivers_Smaller,Low_Income,Second_City,Compact,BEV_100,0.0
efs_high_ldv,2026,Some_Drivers_Smaller,Low_Income,Second_City,Compact,BEV_300,0.0
efs_high_ldv,2026,Some_Drivers_Smaller,Low_Income,Second_City,Compact,PHEV_25,0.0
efs_high_ldv,2026,Some_Drivers_Smaller,Low_Income,Second_City,Compact,PHEV_50,0.0
efs_high_ldv,2026,Some_Drivers_Smaller,Low_Income,Second_City,Midsize,BEV_100,0.0
efs_high_ldv,2026,Some_Drivers_Smaller,Low_Income,Second_City,Midsize,BEV_300,0.0
efs_high_ldv,2026,Some_Drivers_Smaller,Low_Income,Second_City,Midsize,PHEV_25,0.0
efs_high_ldv,2026,Some_Drivers_Smaller,Low_Income,Second_City,Midsize,PHEV_50,0.0
efs_high_ldv,2026,Some_Drivers_Smaller,Low_Income,Second_City,Pickup,BEV_100,0.0
efs_high_ldv,2026,Some_Drivers_Smaller,Low_Income,Second_City,Pickup,BEV_300,0.0
efs_high_ldv,2026,Some_Drivers_Smaller,Low_Income,Second_City,Pickup,PHEV_25,0.0
efs_high_ldv,2026,Some_Drivers_Smaller,Low_Income,Second_City,Pickup,PHEV_50,0.0
efs_high_ldv,2026,Some_Drivers_Smaller,Low_Income,Second_City,SUV,BEV_100,0.0
efs_high_ldv,2026,Some_Drivers_Smaller,Low_Income,Second_City,SUV,BEV_300,0.0
efs_high_ldv,2026,Some_Drivers_Smaller,Low_Income,Second_City,SUV,PHEV_25,0.0
efs_high_ldv,2026,Some_Drivers_Smaller,Low_Income,Second_City,SUV,PHEV_50,0.0
efs_high_ldv,2026,Some_Drivers_Smaller,Low_Income,Small_Town,Compact,BEV_100,0.0
efs_high_ldv,2026,Some_Drivers_Smaller,Low_Income,Small_Town,Compact,BEV_300,0.0
efs_high_ldv,2026,Some_Drivers_Smaller,Low_Income,Small_Town,Compact,PHEV_25,0.0
efs_high_ldv,2026,Some_Drivers_Smaller,Low_Income,Small_Town,Compact,PHEV_50,0.0
efs_high_ldv,2026,Some_Drivers_Smaller,Low_Income,Small_Town,Midsize,BEV_100,0.0
efs_high_ldv,2026,Some_Drivers_Smaller,Low_Income,Small_Town,Midsize,BEV_300,0.0
efs_high_ldv,2026,Some_Drivers_Smaller,Low_Income,Small_Town,Midsize,PHEV_25,0.0
efs_high_ldv,2026,Some_Drivers_Smaller,Low_Income,Small_Town,Midsize,PHEV_50,0.0
efs_high_ldv,2026,Some_Drivers_Smaller,Low_Income,Small_Town,Pickup,BEV_100,0.0
efs_high_ldv,2026,Some_Drivers_Smaller,Low_Income,Small_Town,Pickup,BEV_300,0.0
efs_high_ldv,2026,Some_Drivers_Smaller,Low_Income,Small_Town,Pickup,PHEV_25,0.0
efs_high_ldv,2026,Some_Drivers_Smaller,Low_Income,Small_Town,Pickup,PHEV_50,81.70338779121637
efs_high_ldv,2026,Some_Drivers_Smaller,Low_Income,Small_Town,SUV,BEV_100,0.0
efs_high_ldv,2026,Some_Drivers_Smaller,Low_Income,Small_Town,SUV,BEV_300,0.0
efs_high_ldv,2026,Some_Drivers_Smaller,Low_Income,Small_Town,SUV,PHEV_25,0.0
efs_high_ldv,2026,Some_Drivers_Smaller,Low_Income,Small_Town,SUV,PHEV_50,0.0
efs_high_ldv,2026,Some_Drivers_Smaller,Low_Income,Suburban,Compact,BEV_100,0.0
efs_high_ldv,2026,Some_Drivers_Smaller,Low_Income,Suburban,Compact,BEV_300,0.0
efs_high_ldv,2026,Some_Drivers_Smaller,Low_Income,Suburban,Compact,PHEV_25,0.0
efs_high_ldv,2026,Some_Drivers_Smaller,Low_Income,Suburban,Compact,PHEV_50,0.0
efs_high_ldv,2026,Some_Drivers_Smaller,Low_Income,Suburban,Midsize,BEV_100,13.148467494368552
efs_high_ldv,2026,Some_Drivers_Smaller,Low_Income,Suburban,Midsize,BEV_300,0.0
efs_high_ldv,2026,Some_Drivers_Smaller,Low_Income,Suburban,Midsize,PHEV_25,59.41913737889752
efs_high_ldv,2026,Some_Drivers_Smaller,Low_Income,Suburban,Midsize,PHEV_50,45.605481798172
efs_high_ldv,2026,Some_Drivers_Smaller,Low_Income,Suburban,Pickup,BEV_100,0.0
efs_high_ldv,2026,Some_Drivers_Smaller,Low_Income,Suburban,Pickup,BEV_300,0.0
efs_high_ldv,2026,Some_Drivers_Smaller,Low_Income,Suburban,Pickup,PHEV_25,0.0
efs_high_ldv,2026,Some_Drivers_Smaller,Low_Income,Suburban,Pickup,PHEV_50,0.0
efs_high_ldv,2026,Some_Drivers_Smaller,Low_Income,Suburban,SUV,BEV_100,0.0
efs_high_ldv,2026,Some_Drivers_Smaller,Low_Income,Suburban,SUV,BEV_300,0.0
efs_high_ldv,2026,Some_Drivers_Smaller,Low_Income,Suburban,SUV,PHEV_25,60.285502470672135
efs_high_ldv,2026,Some_Drivers_Smaller,Low_Income,Suburban,SUV,PHEV_50,79.66856326317787
efs_high_ldv,2026,Some_Drivers_Smaller,Low_Income,Urban,Compact,BEV_100,0.0
efs_high_ldv,2026,Some_Drivers_Smaller,Low_Income,Urban,Compact,BEV_300,0.0
efs_high_ldv,2026,Some_Drivers_Smaller,Low_Income,Urban,Compact,PHEV_25,0.0
efs_high_ldv,2026,Some_Drivers_Smaller,Low_Income,Urban,Compact,PHEV_50,0.0
efs_high_ldv,2026,Some_Drivers_Smaller,Low_Income,Urban,Midsize,BEV_100,0.0
efs_high_ldv,2026,Some_Drivers_Smaller,Low_Income,Urban,Midsize,BEV_300,0.0
efs_high_ldv,2026,Some_Drivers_Smaller,Low_Income,Urban,Midsize,PHEV_25,0.0
efs_high_ldv,2026,Some_Drivers_Smaller,Low_Income,Urban,Midsize,PHEV_50,0.0
efs_high_ldv,2026,Some_Drivers_Smaller,Low_Income,Urban,Pickup,BEV_100,0.0
efs_high_ldv,2026,Some_Drivers_Smaller,Low_Income,Urban,Pickup,BEV_300,0.0
efs_high_ldv,2026,Some_Drivers_Smaller,Low_Income,Urban,Pickup,PHEV_25,0.0
efs_high_ldv,2026,Some_Drivers_Smaller,Low_Income,Urban,Pickup,PHEV_50,0.0
efs_high_ldv,2026,Some_Drivers_Smaller,Low_Income,Urban,SUV,BEV_100,0.0
efs_high_ldv,2026,Some_Drivers_Smaller,Low_Income,Urban,SUV,BEV_300,0.0
efs_high_ldv,2026,Some_Drivers_Smaller,Low_Income,Urban,SUV,PHEV_25,0.0
efs_high_ldv,2026,Some_Drivers_Smaller,Low_Income,Urban,SUV,PHEV_50,0.0
efs_high_ldv,2026,Some_Drivers_Smaller,Middle_Income,Rural,Compact,BEV_100,0.0
efs_high_ldv,2026,Some_Drivers_Smaller,Middle_Income,Rural,Compact,BEV_300,0.0
efs_high_ldv,2026,Some_Drivers_Smaller,Middle_Income,Rural,Compact,PHEV_25,0.0
efs_high_ldv,2026,Some_Drivers_Smaller,Middle_Income,Rural,Compact,PHEV_50,0.0
efs_high_ldv,2026,Some_Drivers_Smaller,Middle_Income,Rural,Midsize,BEV_100,0.0
efs_high_ldv,2026,Some_Drivers_Smaller,Middle_Income,Rural,Midsize,BEV_300,0.0
efs_high_ldv,2026,Some_Drivers_Smaller,Middle_Income,Rural,Midsize,PHEV_25,244.0871167588234
efs_high_ldv,2026,Some_Drivers_Smaller,Middle_Income,Rural,Midsize,PHEV_50,566.1085445303917
efs_high_ldv,2026,Some_Drivers_Smaller,Middle_Income,Rural,Pickup,BEV_100,0.0
efs_high_ldv,2026,Some_Drivers_Smaller,Middle_Income,Rural,Pickup,BEV_300,0.0
efs_high_ldv,2026,Some_Drivers_Smaller,Middle_Income,Rural,Pickup,PHEV_25,0.0
efs_high_ldv,2026,Some_Drivers_Smaller,Middle_Income,Rural,Pickup,PHEV_50,616.8440668473839
efs_high_ldv,2026,Some_Drivers_Smaller,Middle_Income,Rural,SUV,BEV_100,0.0
efs_high_ldv,2026,Some_Drivers_Smaller,Middle_Income,Rural,SUV,BEV_300,0.0
efs_high_ldv,2026,Some_Drivers_Smaller,Middle_Income,Rural,SUV,PHEV_25,107.3037522506714
efs_high_ldv,2026,Some_Drivers_Smaller,Middle_Income,Rural,SUV,PHEV_50,414.6768259620667
efs_high_ldv,2026,Some_Drivers_Smaller,Middle_Income,Second_City,Compact,BEV_100,0.0
efs_high_ldv,2026,Some_Drivers_Smaller,Middle_Income,Second_City,Compact,BEV_300,0.0
efs_high_ldv,2026,Some_Drivers_Smaller,Middle_Income,Second_City,Compact,PHEV_25,0.0
efs_high_ldv,2026,Some_Drivers_Smaller,Middle_Income,Second_City,Compact,PHEV_50,117.43728288372048
efs_high_ldv,2026,Some_Drivers_Smaller,Middle_Income,Second_City,Midsize,BEV_100,50.76812430787086
efs_high_ldv,2026,Some_Drivers_Smaller,Middle_Income,Second_City,Midsize,BEV_300,0.0
efs_high_ldv,2026,Some_Drivers_Smaller,Middle_Income,Second_City,Midsize,PHEV_25,0.0
efs_high_ldv,2026,Some_Drivers_Smaller,Middle_Income,Second_City,Midsize,PHEV_50,0.0
efs_high_ldv,2026,Some_Drivers_Smaller,Middle_Income,Second_City,Pickup,BEV_100,25.88985669410229
efs_high_ldv,2026,Some_Drivers_Smaller,Middle_Income,Second_City,Pickup,BEV_300,0.0
efs_high_ldv,2026,Some_Drivers_Smaller,Middle_Income,Second_City,Pickup,PHEV_25,57.02086149707437
efs_high_ldv,2026,Some_Drivers_Smaller,Middle_Income,Second_City,Pickup,PHEV_50,0.0
efs_high_ldv,2026,Some_Drivers_Smaller,Middle_Income,Second_City,SUV,BEV_100,0.0
efs_high_ldv,2026,Some_Drivers_Smaller,Middle_Income,Second_City,SUV,BEV_300,0.0
efs_high_ldv,2026,Some_Drivers_Smaller,Middle_Income,Second_City,SUV,PHEV_25,0.0
efs_high_ldv,2026,Some_Drivers_Smaller,Middle_Income,Second_City,SUV,PHEV_50,0.0
efs_high_ldv,2026,Some_Drivers_Smaller,Middle_Income,Small_Town,Compact,BEV_100,0.0
efs_high_ldv,2026,Some_Drivers_Smaller,Middle_Income,Small_Town,Compact,BEV_300,0.0
efs_high_ldv,2026,Some_Drivers_Smaller,Middle_Income,Small_Town,Compact,PHEV_25,0.0
efs_high_ldv,2026,Some_Drivers_Smaller,Middle_Income,Small_Town,Compact,PHEV_50,0.0
efs_high_ldv,2026,Some_Drivers_Smaller,Middle_Income,Small_Town,Midsize,BEV_100,0.0
efs_high_ldv,2026,Some_Drivers_Smaller,Middle_Income,Small_Town,Midsize,BEV_300,0.0
efs_high_ldv,2026,Some_Drivers_Smaller,Middle_Income,Small_Town,Midsize,PHEV_25,0.0
efs_high_ldv,2026,Some_Drivers_Smaller,Middle_Income,Small_Town,Midsize,PHEV_50,89.45434820537875
efs_high_ldv,2026,Some_Drivers_Smaller,Middle_Income,Small_Town,Pickup,BEV_100,0.0
efs_high_ldv,2026,Some_Drivers_Smaller,Middle_Income,Small_Town,Pickup,BEV_300,0.0
efs_high_ldv,2026,Some_Drivers_Smaller,Middle_Income,Small_Town,Pickup,PHEV_25,0.0
efs_high_ldv,2026,Some_Drivers_Smaller,Middle_Income,Small_Town,Pickup,PHEV_50,92.49733748364449
efs_high_ldv,2026,Some_Drivers_Smaller,Middle_Income,Small_Town,SUV,BEV_100,87.49002793994546
efs_high_ldv,2026,Some_Drivers_Smaller,Middle_Income,Small_Town,SUV,BEV_300,0.0
efs_high_ldv,2026,Some_Drivers_Smaller,Middle_Income,Small_Town,SUV,PHEV_25,81.21772275733947
efs_high_ldv,2026,Some_Drivers_Smaller,Middle_Income,Small_Town,SUV,PHEV_50,157.7966085419655
efs_high_ldv,2026,Some_Drivers_Smaller,Middle_Income,Suburban,Compact,BEV_100,0.0
efs_high_ldv,2026,Some_Drivers_Smaller,Middle_Income,Suburban,Compact,BEV_300,0.0
efs_high_ldv,2026,Some_Drivers_Smaller,Middle_Income,Suburban,Compact,PHEV_25,0.0
efs_high_ldv,2026,Some_Drivers_Smaller,Middle_Income,Suburban,Compact,PHEV_50,0.0
efs_high_ldv,2026,Some_Drivers_Smaller,Middle_Income,Suburban,Midsize,BEV_100,0.0
efs_high_ldv,2026,Some_Drivers_Smaller,Middle_Income,Suburban,Midsize,BEV_300,0.0
efs_high_ldv,2026,Some_Drivers_Smaller,Middle_Income,Suburban,Midsize,PHEV_25,151.6019253988266
efs_high_ldv,2026,Some_Drivers_Smaller,Middle_Income,Suburban,Midsize,PHEV_50,143.0157096760273
efs_high_ldv,2026,Some_Drivers_Smaller,Middle_Income,Suburban,Pickup,BEV_100,0.0
efs_high_ldv,2026,Some_Drivers_Smaller,Middle_Income,Suburban,Pickup,BEV_300,0.0
efs_high_ldv,2026,Some_Drivers_Smaller,Middle_Income,Suburban,Pickup,PHEV_25,0.0
efs_high_ldv,2026,Some_Drivers_Smaller,Middle_Income,Suburban,Pickup,PHEV_50,186.7550337747932
efs_high_ldv,2026,Some_Drivers_Smaller,Middle_Income,Suburban,SUV,BEV_100,233.2203424636424
efs_high_ldv,2026,Some_Drivers_Smaller,Middle_Income,Suburban,SUV,BEV_300,0.0
efs_high_ldv,2026,Some_Drivers_Smaller,Middle_Income,Suburban,SUV,PHEV_25,0.0
efs_high_ldv,2026,Some_Drivers_Smaller,Middle_Income,Suburban,SUV,PHEV_50,300.64061848664284
efs_high_ldv,2026,Some_Drivers_Smaller,Middle_Income,Urban,Compact,BEV_100,0.0
efs_high_ldv,2026,Some_Drivers_Smaller,Middle_Income,Urban,Compact,BEV_300,0.0
efs_high_ldv,2026,Some_Drivers_Smaller,Middle_Income,Urban,Compact,PHEV_25,0.0
efs_high_ldv,2026,Some_Drivers_Smaller,Middle_Income,Urban,Compact,PHEV_50,0.0
efs_high_ldv,2026,Some_Drivers_Smaller,Middle_Income,Urban,Midsize,BEV_100,0.0
efs_high_ldv,2026,Some_Drivers_Smaller,Middle_Income,Urban,Midsize,BEV_300,0.0
efs_high_ldv,2026,Some_Drivers_Smaller,Middle_Income,Urban,Midsize,PHEV_25,0.0
efs_high_ldv,2026,Some_Drivers_Smaller,Middle_Income,Urban,Midsize,PHEV_50,0.0
efs_high_ldv,2026,Some_Drivers_Smaller,Middle_Income,Urban,Pickup,BEV_100,0.0
efs_high_ldv,2026,Some_Drivers_Smaller,Middle_Income,Urban,Pickup,BEV_300,0.0
efs_high_ldv,2026,Some_Drivers_Smaller,Middle_Income,Urban,Pickup,PHEV_25,0.0
efs_high_ldv,2026,Some_Drivers_Smaller,Middle_Income,Urban,Pickup,PHEV_50,0.0
efs_high_ldv,2026,Some_Drivers_Smaller,Middle_Income,Urban,SUV,BEV_100,0.0
efs_high_ldv,2026,Some_Drivers_Smaller,Middle_Income,Urban,SUV,BEV_300,0.0
efs_high_ldv,2026,Some_Drivers_Smaller,Middle_Income,Urban,SUV,PHEV_25,0.0
efs_high_ldv,2026,Some_Drivers_Smaller,Middle_Income,Urban,SUV,PHEV_50,0.0
efs_high_ldv,2030,Single_Driver,High_Income,Rural,Compact,BEV_100,0.0
efs_high_ldv,2030,Single_Driver,High_Income,Rural,Compact,BEV_300,0.0
efs_high_ldv,2030,Single_Driver,High_Income,Rural,Compact,PHEV_25,0.0
efs_high_ldv,2030,Single_Driver,High_Income,Rural,Compact,PHEV_50,0.0
efs_high_ldv,2030,Single_Driver,High_Income,Rural,Midsize,BEV_100,48.27976793062687
efs_high_ldv,2030,Single_Driver,High_Income,Rural,Midsize,BEV_300,0.0
efs_high_ldv,2030,Single_Driver,High_Income,Rural,Midsize,PHEV_25,0.0
efs_high_ldv,2030,Single_Driver,High_Income,Rural,Midsize,PHEV_50,137.96075983288884
efs_high_ldv,2030,Single_Driver,High_Income,Rural,Pickup,BEV_100,0.0
efs_high_ldv,2030,Single_Driver,High_Income,Rural,Pickup,BEV_300,38.554886252880095
efs_high_ldv,2030,Single_Driver,High_Income,Rural,Pickup,PHEV_25,56.81651775866747
efs_high_ldv,2030,Single_Driver,High_Income,Rural,Pickup,PHEV_50,59.77927883577347
efs_high_ldv,2030,Single_Driver,High_Income,Rural,SUV,BEV_100,0.0
efs_high_ldv,2030,Single_Driver,High_Income,Rural,SUV,BEV_300,0.0
efs_high_ldv,2030,Single_Driver,High_Income,Rural,SUV,PHEV_25,40.78720640683174
efs_high_ldv,2030,Single_Driver,High_Income,Rural,SUV,PHEV_50,0.0
efs_high_ldv,2030,Single_Driver,High_Income,Second_City,Compact,BEV_100,0.0
efs_high_ldv,2030,Single_Driver,High_Income,Second_City,Compact,BEV_300,0.0
efs_high_ldv,2030,Single_Driver,High_Income,Second_City,Compact,PHEV_25,0.0
efs_high_ldv,2030,Single_Driver,High_Income,Second_City,Compact,PHEV_50,0.0
efs_high_ldv,2030,Single_Driver,High_Income,Second_City,Midsize,BEV_100,175.41698842012883
efs_high_ldv,2030,Single_Driver,High_Income,Second_City,Midsize,BEV_300,0.0
efs_high_ldv,2030,Single_Driver,High_Income,Second_City,Midsize,PHEV_25,0.0
efs_high_ldv,2030,Single_Driver,High_Income,Second_City,Midsize,PHEV_50,53.980618037104605
efs_high_ldv,2030,Single_Driver,High_Income,Second_City,Pickup,BEV_100,0.0
efs_high_ldv,2030,Single_Driver,High_Income,Second_City,Pickup,BEV_300,0.0
efs_high_ldv,2030,Single_Driver,High_Income,Second_City,Pickup,PHEV_25,0.0
efs_high_ldv,2030,Single_Driver,High_Income,Second_City,Pickup,PHEV_50,0.0
efs_high_ldv,2030,Single_Driver,High_Income,Second_City,SUV,BEV_100,0.0
efs_high_ldv,2030,Single_Driver,High_Income,Second_City,SUV,BEV_300,0.0
efs_high_ldv,2030,Single_Driver,High_Income,Second_City,SUV,PHEV_25,0.0
efs_high_ldv,2030,Single_Driver,High_Income,Second_City,SUV,PHEV_50,0.0
efs_high_ldv,2030,Single_Driver,High_Income,Small_Town,Compact,BEV_100,0.0
efs_high_ldv,2030,Single_Driver,High_Income,Small_Town,Compact,BEV_300,0.0
efs_high_ldv,2030,Single_Driver,High_Income,Small_Town,Compact,PHEV_25,0.0
efs_high_ldv,2030,Single_Driver,High_Income,Small_Town,Compact,PHEV_50,0.0
efs_high_ldv,2030,Single_Driver,High_Income,Small_Town,Midsize,BEV_100,0.0
efs_high_ldv,2030,Single_Driver,High_Income,Small_Town,Midsize,BEV_300,0.0
efs_high_ldv,2030,Single_Driver,High_Income,Small_Town,Midsize,PHEV_25,194.6999916189313
efs_high_ldv,2030,Single_Driver,High_Income,Small_Town,Midsize,PHEV_50,35.67012479424477
efs_high_ldv,2030,Single_Driver,High_Income,Small_Town,Pickup,BEV_100,0.0
efs_high_ldv,2030,Single_Driver,High_Income,Small_Town,Pickup,BEV_300,0.0
efs_high_ldv,2030,Single_Driver,High_Income,Small_Town,Pickup,PHEV_25,0.0
efs_high_ldv,2030,Single_Driver,High_Income,Small_Town,Pickup,PHEV_50,0.0
efs_high_ldv,2030,Single_Driver,High_Income,Small_Town,SUV,BEV_100,55.46351477146149
efs_high_ldv,2030,Single_Driver,High_Income,Small_Town,SUV,BEV_300,0.0
efs_high_ldv,2030,Single_Driver,High_Income,Small_Town,SUV,PHEV_25,48.44656777286529
efs_high_ldv,2030,Single_Driver,High_Income,Small_Town,SUV,PHEV_50,68.03419821488858
efs_high_ldv,2030,Single_Driver,High_Income,Suburban,Compact,BEV_100,0.0
efs_high_ldv,2030,Single_Driver,High_Income,Suburban,Compact,BEV_300,0.0
efs_high_ldv,2030,Single_Driver,High_Income,Suburban,Compact,PHEV_25,0.0
efs_high_ldv,2030,Single_Driver,High_Income,Suburban,Compact,PHEV_50,71.28415798783303
efs_high_ldv,2030,Single_Driver,High_Income,Suburban,Midsize,BEV_100,151.10716973502934
efs_high_ldv,2030,Single_Driver,High_Income,Suburban,Midsize,BEV_300,0.0
efs_high_ldv,2030,Single_Driver,High_Income,Suburban,Midsize,PHEV_25,108.8757681588456
efs_high_ldv,2030,Single_Driver,High_Income,Suburban,Midsize,PHEV_50,0.0
efs_high_ldv,2030,Single_Driver,High_Income,Suburban,Pickup,BEV_100,0.0
efs_high_ldv,2030,Single_Driver,High_Income,Suburban,Pickup,BEV_300,0.0
efs_high_ldv,2030,Single_Driver,High_Income,Suburban,Pickup,PHEV_25,0.0
efs_high_ldv,2030,Single_Driver,High_Income,Suburban,Pickup,PHEV_50,0.0
efs_high_ldv,2030,Single_Driver,High_Income,Suburban,SUV,BEV_100,0.0
efs_high_ldv,2030,Single_Driver,High_Income,Suburban,SUV,BEV_300,0.0
efs_high_ldv,2030,Single_Driver,High_Income,Suburban,SUV,PHEV_25,65.83442561119794
efs_high_ldv,2030,Single_Driver,High_Income,Suburban,SUV,PHEV_50,93.84028449198604
efs_high_ldv,2030,Single_Driver,High_Income,Urban,Compact,BEV_100,0.0
efs_high_ldv,2030,Single_Driver,High_Income,Urban,Compact,BEV_300,0.0
efs_high_ldv,2030,Single_Driver,High_Income,Urban,Compact,PHEV_25,0.0
efs_high_ldv,2030,Single_Driver,High_Income,Urban,Compact,PHEV_50,0.0
efs_high_ldv,2030,Single_Driver,High_Income,Urban,Midsize,BEV_100,0.0
efs_high_ldv,2030,Single_Driver,High_Income,Urban,Midsize,BEV_300,0.0
efs_high_ldv,2030,Single_Driver,High_Income,Urban,Midsize,PHEV_25,0.0
efs_high_ldv,2030,Single_Driver,High_Income,Urban,Midsize,PHEV_50,0.0
efs_high_ldv,2030,Single_Driver,High_Income,Urban,Pickup,BEV_100,0.0
efs_high_ldv,2030,Single_Driver,High_Income,Urban,Pickup,BEV_300,0.0
efs_high_ldv,2030,Single_Driver,High_Income,Urban,Pickup,PHEV_25,0.0
efs_high_ldv,2030,Single_Driver,High_Income,Urban,Pickup,PHEV_50,0.0
efs_high_ldv,2030,Single_Driver,High_Income,Urban,SUV,BEV_100,0.0
efs_high_ldv,2030,Single_Driver,High_Income,Urban,SUV,BEV_300,0.0
efs_high_ldv,2030,Single_Driver,High_Income,Urban,SUV,PHEV_25,0.0
efs_high_ldv,2030,Single_Driver,High_Income,Urban,SUV,PHEV_50,0.0
efs_high_ldv,2030,Single_Driver,Low_Income,Rural,Compact,BEV_100,270.3740699231625
efs_high_ldv,2030,Single_Driver,Low_Income,Rural,Compact,BEV_300,0.0
efs_high_ldv,2030,Single_Driver,Low_Income,Rural,Compact,PHEV_25,333.168087628603
efs_high_ldv,2030,Single_Driver,Low_Income,Rural,Compact,PHEV_50,141.03519159841537
efs_high_ldv,2030,Single_Driver,Low_Income,Rural,Midsize,BEV_100,150.6163730134964
efs_high_ldv,2030,Single_Driver,Low_Income,Rural,Midsize,BEV_300,0.0
efs_high_ldv,2030,Single_Driver,Low_Income,Rural,Midsize,PHEV_25,158.9218543804437
efs_high_ldv,2030,Single_Driver,Low_Income,Rural,Midsize,PHEV_50,234.55909633338453
efs_high_ldv,2030,Single_Driver,Low_Income,Rural,Pickup,BEV_100,0.0
efs_high_ldv,2030,Single_Driver,Low_Income,Rural,Pickup,BEV_300,0.0
efs_high_ldv,2030,Single_Driver,Low_Income,Rural,Pickup,PHEV_25,389.8011795698404
efs_high_ldv,2030,Single_Driver,Low_Income,Rural,Pickup,PHEV_50,407.0166647517681
efs_high_ldv,2030,Single_Driver,Low_Income,Rural,SUV,BEV_100,0.0
efs_high_ldv,2030,Single_Driver,Low_Income,Rural,SUV,BEV_300,0.0
efs_high_ldv,2030,Single_Driver,Low_Income,Rural,SUV,PHEV_25,347.09361722390355
efs_high_ldv,2030,Single_Driver,Low_Income,Rural,SUV,PHEV_50,201.3728648991585
efs_high_ldv,2030,Single_Driver,Low_Income,Second_City,Compact,BEV_100,0.0
efs_high_ldv,2030,Single_Driver,Low_Income,Second_City,Compact,BEV_300,0.0
efs_high_ldv,2030,Single_Driver,Low_Income,Second_City,Compact,PHEV_25,0.0
efs_high_ldv,2030,Single_Driver,Low_Income,Second_City,Compact,PHEV_50,0.0
efs_high_ldv,2030,Single_Driver,Low_Income,Second_City,Midsize,BEV_100,0.0
efs_high_ldv,2030,Single_Driver,Low_Income,Second_City,Midsize,BEV_300,0.0
efs_high_ldv,2030,Single_Driver,Low_Income,Second_City,Midsize,PHEV_25,198.33835581481455
efs_high_ldv,2030,Single_Driver,Low_Income,Second_City,Midsize,PHEV_50,0.0
efs_high_ldv,2030,Single_Driver,Low_Income,Second_City,Pickup,BEV_100,0.0
efs_high_ldv,2030,Single_Driver,Low_Income,Second_City,Pickup,BEV_300,0.0
efs_high_ldv,2030,Single_Driver,Low_Income,Second_City,Pickup,PHEV_25,0.0
efs_high_ldv,2030,Single_Driver,Low_Income,Second_City,Pickup,PHEV_50,0.0
efs_high_ldv,2030,Single_Driver,Low_Income,Second_City,SUV,BEV_100,61.174449978828434
efs_high_ldv,2030,Single_Driver,Low_Income,Second_City,SUV,BEV_300,0.0
efs_high_ldv,2030,Single_Driver,Low_Income,Second_City,SUV,PHEV_25,149.1200583629608
efs_high_ldv,2030,Single_Driver,Low_Income,Second_City,SUV,PHEV_50,0.0
efs_high_ldv,2030,Single_Driver,Low_Income,Small_Town,Compact,BEV_100,0.0
efs_high_ldv,2030,Single_Driver,Low_Income,Small_Town,Compact,BEV_300,0.0
efs_high_ldv,2030,Single_Driver,Low_Income,Small_Town,Compact,PHEV_25,0.0
efs_high_ldv,2030,Single_Driver,Low_Income,Small_Town,Compact,PHEV_50,0.0
efs_high_ldv,2030,Single_Driver,Low_Income,Small_Town,Midsize,BEV_100,0.0
efs_high_ldv,2030,Single_Driver,Low_Income,Small_Town,Midsize,BEV_300,0.0
efs_high_ldv,2030,Single_Driver,Low_Income,Small_Town,Midsize,PHEV_25,59.082366895079616
efs_high_ldv,2030,Single_Driver,Low_Income,Small_Town,Midsize,PHEV_50,0.0
efs_high_ldv,2030,Single_Driver,Low_Income,Small_Town,Pickup,BEV_100,0.0
efs_high_ldv,2030,Single_Driver,Low_Income,Small_Town,Pickup,BEV_300,0.0
efs_high_ldv,2030,Single_Driver,Low_Income,Small_Town,Pickup,PHEV_25,0.0
efs_high_ldv,2030,Single_Driver,Low_Income,Small_Town,Pickup,PHEV_50,0.0
efs_high_ldv,2030,Single_Driver,Low_Income,Small_Town,SUV,BEV_100,80.52857759723068
efs_high_ldv,2030,Single_Driver,Low_Income,Small_Town,SUV,BEV_300,0.0
efs_high_ldv,2030,Single_Driver,Low_Income,Small_Town,SUV,PHEV_25,64.28858962130546
efs_high_ldv,2030,Single_Driver,Low_Income,Small_Town,SUV,PHEV_50,137.97130964398386
efs_high_ldv,2030,Single_Driver,Low_Income,Suburban,Compact,BEV_100,200.201702732563
efs_high_ldv,2030,Single_Driver,Low_Income,Suburban,Compact,BEV_300,0.0
efs_high_ldv,2030,Single_Driver,Low_Income,Suburban,Compact,PHEV_25,0.0
efs_high_ldv,2030,Single_Driver,Low_Income,Suburban,Compact,PHEV_50,0.0
efs_high_ldv,2030,Single_Driver,Low_Income,Suburban,Midsize,BEV_100,0.0
efs_high_ldv,2030,Single_Driver,Low_Income,Suburban,Midsize,BEV_300,0.0
efs_high_ldv,2030,Single_Driver,Low_Income,Suburban,Midsize,PHEV_25,87.20323277139664
efs_high_ldv,2030,Single_Driver,Low_Income,Suburban,Midsize,PHEV_50,273.5195651102066
efs_high_ldv,2030,Single_Driver,Low_Income,Suburban,Pickup,BEV_100,0.0
efs_high_ldv,2030,Single_Driver,Low_Income,Suburban,Pickup,BEV_300,0.0
efs_high_ldv,2030,Single_Driver,Low_Income,Suburban,Pickup,PHEV_25,0.0
efs_high_ldv,2030,Single_Driver,Low_Income,Suburban,Pickup,PHEV_50,0.0
efs_high_ldv,2030,Single_Driver,Low_Income,Suburban,SUV,BEV_100,0.0
efs_high_ldv,2030,Single_Driver,Low_Income,Suburban,SUV,BEV_300,72.55876945966482
efs_high_ldv,2030,Single_Driver,Low_Income,Suburban,SUV,PHEV_25,152.92579307734965
efs_high_ldv,2030,Single_Driver,Low_Income,Suburban,SUV,PHEV_50,136.32952409905195
efs_high_ldv,2030,Single_Driver,Low_Income,Urban,Compact,BEV_100,0.0
efs_high_ldv,2030,Single_Driver,Low_Income,Urban,Compact,BEV_300,0.0
efs_high_ldv,2030,Single_Driver,Low_Income,Urban,Compact,PHEV_25,0.0
efs_high_ldv,2030,Single_Driver,Low_Income,Urban,Compact,PHEV_50,0.0
efs_high_ldv,2030,Single_Driver,Low_Income,Urban,Midsize,BEV_100,0.0
efs_high_ldv,2030,Single_Driver,Low_Income,Urban,Midsize,BEV_300,0.0
efs_high_ldv,2030,Single_Driver,Low_Income,Urban,Midsize,PHEV_25,0.0
efs_high_ldv,2030,Single_Driver,Low_Income,Urban,Midsize,PHEV_50,0.0
efs_high_ldv,2030,Single_Driver,Low_Income,Urban,Pickup,BEV_100,0.0
efs_high_ldv,2030,Single_Driver,Low_Income,Urban,Pickup,BEV_300,0.0
efs_high_ldv,2030,Single_Driver,Low_Income,Urban,Pickup,PHEV_25,0.0
efs_high_ldv,2030,Single_Driver,Low_Income,Urban,Pickup,PHEV_50,0.0
efs_high_ldv,2030,Single_Driver,Low_Income,Urban,SUV,BEV_100,0.0
efs_high_ldv,2030,Single_Driver,Low_Income,Urban,SUV,BEV_300,0.0
efs_high_ldv,2030,Single_Driver,Low_Income,Urban,SUV,PHEV_25,0.0
efs_high_ldv,2030,Single_Driver,Low_Income,Urban,SUV,PHEV_50,0.0
efs_high_ldv,2030,Single_Driver,Middle_Income,Rural,Compact,BEV_100,422.2511628103256
efs_high_ldv,2030,Single_Driver,Middle_Income,Rural,Compact,BEV_300,0.0
efs_high_ldv,2030,Single_Driver,Middle_Income,Rural,Compact,PHEV_25,0.0
efs_high_ldv,2030,Single_Driver,Middle_Income,Rural,Compact,PHEV_50,0.0
efs_high_ldv,2030,Single_Driver,Middle_Income,Rural,Midsize,BEV_100,0.0
efs_high_ldv,2030,Single_Driver,Middle_Income,Rural,Midsize,BEV_300,0.0
efs_high_ldv,2030,Single_Driver,Middle_Income,Rural,Midsize,PHEV_25,152.49380893819034
efs_high_ldv,2030,Single_Driver,Middle_Income,Rural,Midsize,PHEV_50,258.5254961897731
efs_high_ldv,2030,Single_Driver,Middle_Income,Rural,Pickup,BEV_100,266.75150332039595
efs_high_ldv,2030,Single_Driver,Middle_Income,Rural,Pickup,BEV_300,0.0
efs_high_ldv,2030,Single_Driver,Middle_Income,Rural,Pickup,PHEV_25,0.0
efs_high_ldv,2030,Single_Driver,Middle_Income,Rural,Pickup,PHEV_50,132.38558226764204
efs_high_ldv,2030,Single_Driver,Middle_Income,Rural,SUV,BEV_100,205.76299317526815
efs_high_ldv,2030,Single_Driver,Middle_Income,Rural,SUV,BEV_300,0.0
efs_high_ldv,2030,Single_Driver,Middle_Income,Rural,SUV,PHEV_25,280.94630445060136
efs_high_ldv,2030,Single_Driver,Middle_Income,Rural,SUV,PHEV_50,436.57363426172736
efs_high_ldv,2030,Single_Driver,Middle_Income,Second_City,Compact,BEV_100,0.0
efs_high_ldv,2030,Single_Driver,Middle_Income,Second_City,Compact,BEV_300,0.0
efs_high_ldv,2030,Single_Driver,Middle_Income,Second_City,Compact,PHEV_25,0.0
efs_high_ldv,2030,Single_Driver,Middle_Income,Second_City,Compact,PHEV_50,0.0
efs_high_ldv,2030,Single_Driver,Middle_Income,Second_City,Midsize,BEV_100,14.691432174026966
efs_high_ldv,2030,Single_Driver,Middle_Income,Second_City,Midsize,BEV_300,0.0
efs_high_ldv,2030,Single_Driver,Middle_Income,Second_City,Midsize,PHEV_25,17.871398163080215
efs_high_ldv,2030,Single_Driver,Middle_Income,Second_City,Midsize,PHEV_50,17.284101156771182
efs_high_ldv,2030,Single_Driver,Middle_Income,Second_City,Pickup,BEV_100,0.0
efs_high_ldv,2030,Single_Driver,Middle_Income,Second_City,Pickup,BEV_300,0.0
efs_high_ldv,2030,Single_Driver,Middle_Income,Second_City,Pickup,PHEV_25,42.912443468987945
efs_high_ldv,2030,Single_Driver,Middle_Income,Second_City,Pickup,PHEV_50,0.0
efs_high_ldv,2030,Single_Driver,Middle_Income,Second_City,SUV,BEV_100,0.0
efs_high_ldv,2030,Single_Driver,Middle_Income,Second_City,SUV,BEV_300,0.0
efs_high_ldv,2030,Single_Driver,Middle_Income,Second_City,SUV,PHEV_25,22.63775287055969
efs_high_ldv,2030,Single_Driver,Middle_Income,Second_City,SUV,PHEV_50,57.93668321943283
efs_high_ldv,2030,Single_Driver,Middle_Income,Small_Town,Compact,BEV_100,0.0
efs_high_ldv,2030,Single_Driver,Middle_Income,Small_Town,Compact,BEV_300,0.0
efs_high_ldv,2030,Single_Driver,Middle_Income,Small_Town,Compact,PHEV_25,30.82995204341412
efs_high_ldv,2030,Single_Driver,Middle_Income,Small_Town,Compact,PHEV_50,0.0
efs_high_ldv,2030,Single_Driver,Middle_Income,Small_Town,Midsize,BEV_100,63.01606214427948
efs_high_ldv,2030,Single_Driver,Middle_Income,Small_Town,Midsize,BEV_300,0.0
efs_high_ldv,2030,Single_Driver,Middle_Income,Small_Town,Midsize,PHEV_25,24.68014730834961
efs_high_ldv,2030,Single_Driver,Middle_Income,Small_Town,Midsize,PHEV_50,47.70218076920509
efs_high_ldv,2030,Single_Driver,Middle_Income,Small_Town,Pickup,BEV_100,0.0
efs_high_ldv,2030,Single_Driver,Middle_Income,Small_Town,Pickup,BEV_300,0.0
efs_high_ldv,2030,Single_Driver,Middle_Income,Small_Town,Pickup,PHEV_25,0.0
efs_high_ldv,2030,Single_Driver,Middle_Income,Small_Town,Pickup,PHEV_50,64.07480736756325
efs_high_ldv,2030,Single_Driver,Middle_Income,Small_Town,SUV,BEV_100,0.0
efs_high_ldv,2030,Single_Driver,Middle_Income,Small_Town,SUV,BEV_300,0.0
efs_high_ldv,2030,Single_Driver,Middle_Income,Small_Town,SUV,PHEV_25,81.48147721916438
efs_high_ldv,2030,Single_Driver,Middle_Income,Small_Town,SUV,PHEV_50,73.85002230763435
efs_high_ldv,2030,Single_Driver,Middle_Income,Suburban,Compact,BEV_100,0.0
efs_high_ldv,2030,Single_Driver,Middle_Income,Suburban,Compact,BEV_300,0.0
efs_high_ldv,2030,Single_Driver,Middle_Income,Suburban,Compact,PHEV_25,0.0
efs_high_ldv,2030,Single_Driver,Middle_Income,Suburban,Compact,PHEV_50,0.0
efs_high_ldv,2030,Single_Driver,Middle_Income,Suburban,Midsize,BEV_100,102.70987655550988
efs_high_ldv,2030,Single_Driver,Middle_Income,Suburban,Midsize,BEV_300,0.0
efs_high_ldv,2030,Single_Driver,Middle_Income,Suburban,Midsize,PHEV_25,97.4174782808423
efs_high_ldv,2030,Single_Driver,Middle_Income,Suburban,Midsize,PHEV_50,0.0
efs_high_ldv,2030,Single_Driver,Middle_Income,Suburban,Pickup,BEV_100,0.0
efs_high_ldv,2030,Single_Driver,Middle_Income,Suburban,Pickup,BEV_300,0.0
efs_high_ldv,2030,Single_Driver,Middle_Income,Suburban,Pickup,PHEV_25,0.0
efs_high_ldv,2030,Single_Driver,Middle_Income,Suburban,Pickup,PHEV_50,0.0
efs_high_ldv,2030,Single_Driver,Middle_Income,Suburban,SUV,BEV_100,41.17473285147548
efs_high_ldv,2030,Single_Driver,Middle_Income,Suburban,SUV,BEV_300,0.0
efs_high_ldv,2030,Single_Driver,Middle_Income,Suburban,SUV,PHEV_25,116.2804383033514
efs_high_ldv,2030,Single_Driver,Middle_Income,Suburban,SUV,PHEV_50,78.56909556773306
efs_high_ldv,2030,Single_Driver,Middle_Income,Urban,Compact,BEV_100,0.0
efs_high_ldv,2030,Single_Driver,Middle_Income,Urban,Compact,BEV_300,0.0
efs_high_ldv,2030,Single_Driver,Middle_Income,Urban,Compact,PHEV_25,0.0
efs_high_ldv,2030,Single_Driver,Middle_Income,Urban,Compact,PHEV_50,0.0
efs_high_ldv,2030,Single_Driver,Middle_Income,Urban,Midsize,BEV_100,0.0
efs_high_ldv,2030,Single_Driver,Middle_Income,Urban,Midsize,BEV_300,0.0
efs_high_ldv,2030,Single_Driver,Middle_Income,Urban,Midsize,PHEV_25,0.0
efs_high_ldv,2030,Single_Driver,Middle_Income,Urban,Midsize,PHEV_50,0.0
efs_high_ldv,2030,Single_Driver,Middle_Income,Urban,Pickup,BEV_100,0.0
efs_high_ldv,2030,Single_Driver,Middle_Income,Urban,Pickup,BEV_300,0.0
efs_high_ldv,2030,Single_Driver,Middle_Income,Urban,Pickup,PHEV_25,0.0
efs_high_ldv,2030,Single_Driver,Middle_Income,Urban,Pickup,PHEV_50,0.0
efs_high_ldv,2030,Single_Driver,Middle_Income,Urban,SUV,BEV_100,0.0
efs_high_ldv,2030,Single_Driver,Middle_Income,Urban,SUV,BEV_300,0.0
efs_high_ldv,2030,Single_Driver,Middle_Income,Urban,SUV,PHEV_25,0.0
efs_high_ldv,2030,Single_Driver,Middle_Income,Urban,SUV,PHEV_50,0.0
efs_high_ldv,2030,Some_Drivers_Larger,High_Income,Rural,Compact,BEV_100,0.0
efs_high_ldv,2030,Some_Drivers_Larger,High_Income,Rural,Compact,BEV_300,0.0
efs_high_ldv,2030,Some_Drivers_Larger,High_Income,Rural,Compact,PHEV_25,0.0
efs_high_ldv,2030,Some_Drivers_Larger,High_Income,Rural,Compact,PHEV_50,0.0
efs_high_ldv,2030,Some_Drivers_Larger,High_Income,Rural,Midsize,BEV_100,380.9940943223834
efs_high_ldv,2030,Some_Drivers_Larger,High_Income,Rural,Midsize,BEV_300,0.0
efs_high_ldv,2030,Some_Drivers_Larger,High_Income,Rural,Midsize,PHEV_25,0.0
efs_high_ldv,2030,Some_Drivers_Larger,High_Income,Rural,Midsize,PHEV_50,640.7088843141794
efs_high_ldv,2030,Some_Drivers_Larger,High_Income,Rural,Pickup,BEV_100,363.2555781555176
efs_high_ldv,2030,Some_Drivers_Larger,High_Income,Rural,Pickup,BEV_300,0.0
efs_high_ldv,2030,Some_Drivers_Larger,High_Income,Rural,Pickup,PHEV_25,294.4000681318343
efs_high_ldv,2030,Some_Drivers_Larger,High_Income,Rural,Pickup,PHEV_50,459.9740376422108
efs_high_ldv,2030,Some_Drivers_Larger,High_Income,Rural,SUV,BEV_100,478.3933617187217
efs_high_ldv,2030,Some_Drivers_Larger,High_Income,Rural,SUV,BEV_300,0.0
efs_high_ldv,2030,Some_Drivers_Larger,High_Income,Rural,SUV,PHEV_25,873.6354918106795
efs_high_ldv,2030,Some_Drivers_Larger,High_Income,Rural,SUV,PHEV_50,1930.271539365292
efs_high_ldv,2030,Some_Drivers_Larger,High_Income,Second_City,Compact,BEV_100,0.0
efs_high_ldv,2030,Some_Drivers_Larger,High_Income,Second_City,Compact,BEV_300,0.0
efs_high_ldv,2030,Some_Drivers_Larger,High_Income,Second_City,Compact,PHEV_25,0.0
efs_high_ldv,2030,Some_Drivers_Larger,High_Income,Second_City,Compact,PHEV_50,43.20342084698379
efs_high_ldv,2030,Some_Drivers_Larger,High_Income,Second_City,Midsize,BEV_100,0.0
efs_high_ldv,2030,Some_Drivers_Larger,High_Income,Second_City,Midsize,BEV_300,0.0
efs_high_ldv,2030,Some_Drivers_Larger,High_Income,Second_City,Midsize,PHEV_25,36.31060472115875
efs_high_ldv,2030,Some_Drivers_Larger,High_Income,Second_City,Midsize,PHEV_50,0.0
efs_high_ldv,2030,Some_Drivers_Larger,High_Income,Second_City,Pickup,BEV_100,0.0
efs_high_ldv,2030,Some_Drivers_Larger,High_Income,Second_City,Pickup,BEV_300,0.0
efs_high_ldv,2030,Some_Drivers_Larger,High_Income,Second_City,Pickup,PHEV_25,61.55677194750309
efs_high_ldv,2030,Some_Drivers_Larger,High_Income,Second_City,Pickup,PHEV_50,0.0
efs_high_ldv,2030,Some_Drivers_Larger,High_Income,Second_City,SUV,BEV_100,216.41856464874743
efs_high_ldv,2030,Some_Drivers_Larger,High_Income,Second_City,SUV,BEV_300,0.0
efs_high_ldv,2030,Some_Drivers_Larger,High_Income,Second_City,SUV,PHEV_25,49.36715859636292
efs_high_ldv,2030,Some_Drivers_Larger,High_Income,Second_City,SUV,PHEV_50,78.7769283568859
efs_high_ldv,2030,Some_Drivers_Larger,High_Income,Small_Town,Compact,BEV_100,0.0
efs_high_ldv,2030,Some_Drivers_Larger,High_Income,Small_Town,Compact,BEV_300,0.0
efs_high_ldv,2030,Some_Drivers_Larger,High_Income,Small_Town,Compact,PHEV_25,197.33051347601412
efs_high_ldv,2030,Some_Drivers_Larger,High_Income,Small_Town,Compact,PHEV_50,0.0
efs_high_ldv,2030,Some_Drivers_Larger,High_Income,Small_Town,Midsize,BEV_100,171.0277968783155
efs_high_ldv,2030,Some_Drivers_Larger,High_Income,Small_Town,Midsize,BEV_300,0.0
efs_high_ldv,2030,Some_Drivers_Larger,High_Income,Small_Town,Midsize,PHEV_25,65.12292718132957
efs_high_ldv,2030,Some_Drivers_Larger,High_Income,Small_Town,Midsize,PHEV_50,288.1908179219067
efs_high_ldv,2030,Some_Drivers_Larger,High_Income,Small_Town,Pickup,BEV_100,0.0
efs_high_ldv,2030,Some_Drivers_Larger,High_Income,Small_Town,Pickup,BEV_300,0.0
efs_high_ldv,2030,Some_Drivers_Larger,High_Income,Small_Town,Pickup,PHEV_25,0.0
efs_high_ldv,2030,Some_Drivers_Larger,High_Income,Small_Town,Pickup,PHEV_50,130.1740369822532
efs_high_ldv,2030,Some_Drivers_Larger,High_Income,Small_Town,SUV,BEV_100,378.5480459221974
efs_high_ldv,2030,Some_Drivers_Larger,High_Income,Small_Town,SUV,BEV_300,270.7626202157736
efs_high_ldv,2030,Some_Drivers_Larger,High_Income,Small_Town,SUV,PHEV_25,232.28178252750635
efs_high_ldv,2030,Some_Drivers_Larger,High_Income,Small_Town,SUV,PHEV_50,77.09231514263153
efs_high_ldv,2030,Some_Drivers_Larger,High_Income,Suburban,Compact,BEV_100,379.0726304563843
efs_high_ldv,2030,Some_Drivers_Larger,High_Income,Suburban,Compact,BEV_300,0.0
efs_high_ldv,2030,Some_Drivers_Larger,High_Income,Suburban,Compact,PHEV_25,299.73848288333414
efs_high_ldv,2030,Some_Drivers_Larger,High_Income,Suburban,Compact,PHEV_50,188.80660230328888
efs_high_ldv,2030,Some_Drivers_Larger,High_Income,Suburban,Midsize,BEV_100,0.0
efs_high_ldv,2030,Some_Drivers_Larger,High_Income,Suburban,Midsize,BEV_300,0.0
efs_high_ldv,2030,Some_Drivers_Larger,High_Income,Suburban,Midsize,PHEV_25,188.49619407303632
efs_high_ldv,2030,Some_Drivers_Larger,High_Income,Suburban,Midsize,PHEV_50,0.0
efs_high_ldv,2030,Some_Drivers_Larger,High_Income,Suburban,Pickup,BEV_100,0.0
efs_high_ldv,2030,Some_Drivers_Larger,High_Income,Suburban,Pickup,BEV_300,0.0
efs_high_ldv,2030,Some_Drivers_Larger,High_Income,Suburban,Pickup,PHEV_25,0.0
efs_high_ldv,2030,Some_Drivers_Larger,High_Income,Suburban,Pickup,PHEV_50,0.0
efs_high_ldv,2030,Some_Drivers_Larger,High_Income,Suburban,SUV,BEV_100,463.6425166557431
efs_high_ldv,2030,Some_Drivers_Larger,High_Income,Suburban,SUV,BEV_300,0.0
efs_high_ldv,2030,Some_Drivers_Larger,High_Income,Suburban,SUV,PHEV_25,60.02211198163032
efs_high_ldv,2030,Some_Drivers_Larger,High_Income,Suburban,SUV,PHEV_50,664.3799156079292
efs_high_ldv,2030,Some_Drivers_Larger,High_Income,Urban,Compact,BEV_100,0.0
efs_high_ldv,2030,Some_Drivers_Larger,High_Income,Urban,Compact,BEV_300,0.0
efs_high_ldv,2030,Some_Drivers_Larger,High_Income,Urban,Compact,PHEV_25,0.0
efs_high_ldv,2030,Some_Drivers_Larger,High_Income,Urban,Compact,PHEV_50,0.0
efs_high_ldv,2030,Some_Drivers_Larger,High_Income,Urban,Midsize,BEV_100,0.0
efs_high_ldv,2030,Some_Drivers_Larger,High_Income,Urban,Midsize,BEV_300,0.0
efs_high_ldv,2030,Some_Drivers_Larger,High_Income,Urban,Midsize,PHEV_25,0.0
efs_high_ldv,2030,Some_Drivers_Larger,High_Income,Urban,Midsize,PHEV_50,0.0
efs_high_ldv,2030,Some_Drivers_Larger,High_Income,Urban,Pickup,BEV_100,0.0
efs_high_ldv,2030,Some_Drivers_Larger,High_Income,Urban,Pickup,BEV_300,0.0
efs_high_ldv,2030,Some_Drivers_Larger,High_Income,Urban,Pickup,PHEV_25,0.0
efs_high_ldv,2030,Some_Drivers_Larger,High_Income,Urban,Pickup,PHEV_50,0.0
efs_high_ldv,2030,Some_Drivers_Larger,High_Income,Urban,SUV,BEV_100,0.0
efs_high_ldv,2030,Some_Drivers_Larger,High_Income,Urban,SUV,BEV_300,0.0
efs_high_ldv,2030,Some_Drivers_Larger,High_Income,Urban,SUV,PHEV_25,0.0
efs_high_ldv,2030,Some_Drivers_Larger,High_Income,Urban,SUV,PHEV_50,0.0
efs_high_ldv,2030,Some_Drivers_Larger,Low_Income,Rural,Compact,BEV_100,0.0
efs_high_ldv,2030,Some_Drivers_Larger,Low_Income,Rural,Compact,BEV_300,0.0
efs_high_ldv,2030,Some_Drivers_Larger,Low_Income,Rural,Compact,PHEV_25,84.8515904173851
efs_high_ldv,2030,Some_Drivers_Larger,Low_Income,Rural,Compact,PHEV_50,0.0
efs_high_ldv,2030,Some_Drivers_Larger,Low_Income,Rural,Midsize,BEV_100,0.0
efs_high_ldv,2030,Some_Drivers_Larger,Low_Income,Rural,Midsize,BEV_300,118.07413452332467
efs_high_ldv,2030,Some_Drivers_Larger,Low_Income,Rural,Midsize,PHEV_25,420.6223588136435
efs_high_ldv,2030,Some_Drivers_Larger,Low_Income,Rural,Midsize,PHEV_50,249.3566921565533
efs_high_ldv,2030,Some_Drivers_Larger,Low_Income,Rural,Pickup,BEV_100,0.0
efs_high_ldv,2030,Some_Drivers_Larger,Low_Income,Rural,Pickup,BEV_300,0.0
efs_high_ldv,2030,Some_Drivers_Larger,Low_Income,Rural,Pickup,PHEV_25,257.8951467690468
efs_high_ldv,2030,Some_Drivers_Larger,Low_Income,Rural,Pickup,PHEV_50,388.480800420329
efs_high_ldv,2030,Some_Drivers_Larger,Low_Income,Rural,SUV,BEV_100,268.5904149746895
efs_high_ldv,2030,Some_Drivers_Larger,Low_Income,Rural,SUV,BEV_300,112.92397435307504
efs_high_ldv,2030,Some_Drivers_Larger,Low_Income,Rural,SUV,PHEV_25,649.7151726730913
efs_high_ldv,2030,Some_Drivers_Larger,Low_Income,Rural,SUV,PHEV_50,733.3857225391865
efs_high_ldv,2030,Some_Drivers_Larger,Low_Income,Second_City,Compact,BEV_100,0.0
efs_high_ldv,2030,Some_Drivers_Larger,Low_Income,Second_City,Compact,BEV_300,0.0
efs_high_ldv,2030,Some_Drivers_Larger,Low_Income,Second_City,Compact,PHEV_25,0.0
efs_high_ldv,2030,Some_Drivers_Larger,Low_Income,Second_City,Compact,PHEV_50,17.262904401540755
efs_high_ldv,2030,Some_Drivers_Larger,Low_Income,Second_City,Midsize,BEV_100,158.53809479039907
efs_high_ldv,2030,Some_Drivers_Larger,Low_Income,Second_City,Midsize,BEV_300,0.0
efs_high_ldv,2030,Some_Drivers_Larger,Low_Income,Second_City,Midsize,PHEV_25,30.618587438762187
efs_high_ldv,2030,Some_Drivers_Larger,Low_Income,Second_City,Midsize,PHEV_50,38.46372693797946
efs_high_ldv,2030,Some_Drivers_Larger,Low_Income,Second_City,Pickup,BEV_100,0.0
efs_high_ldv,2030,Some_Drivers_Larger,Low_Income,Second_City,Pickup,BEV_300,0.0
efs_high_ldv,2030,Some_Drivers_Larger,Low_Income,Second_City,Pickup,PHEV_25,0.0
efs_high_ldv,2030,Some_Drivers_Larger,Low_Income,Second_City,Pickup,PHEV_50,0.0
efs_high_ldv,2030,Some_Drivers_Larger,Low_Income,Second_City,SUV,BEV_100,244.0885606571138
efs_high_ldv,2030,Some_Drivers_Larger,Low_Income,Second_City,SUV,BEV_300,0.0
efs_high_ldv,2030,Some_Drivers_Larger,Low_Income,Second_City,SUV,PHEV_25,55.406127850271766
efs_high_ldv,2030,Some_Drivers_Larger,Low_Income,Second_City,SUV,PHEV_50,292.7365756946802
efs_high_ldv,2030,Some_Drivers_Larger,Low_Income,Small_Town,Compact,BEV_100,0.0
efs_high_ldv,2030,Some_Drivers_Larger,Low_Income,Small_Town,Compact,BEV_300,0.0
efs_high_ldv,2030,Some_Drivers_Larger,Low_Income,Small_Town,Compact,PHEV_25,0.0
efs_high_ldv,2030,Some_Drivers_Larger,Low_Income,Small_Town,Compact,PHEV_50,0.0
efs_high_ldv,2030,Some_Drivers_Larger,Low_Income,Small_Town,Midsize,BEV_100,28.00075994682312
efs_high_ldv,2030,Some_Drivers_Larger,Low_Income,Small_Town,Midsize,BEV_300,0.0
efs_high_ldv,2030,Some_Drivers_Larger,Low_Income,Small_Town,Midsize,PHEV_25,0.0
efs_high_ldv,2030,Some_Drivers_Larger,Low_Income,Small_Town,Midsize,PHEV_50,0.0
efs_high_ldv,2030,Some_Drivers_Larger,Low_Income,Small_Town,Pickup,BEV_100,26.408431807994845
efs_high_ldv,2030,Some_Drivers_Larger,Low_Income,Small_Town,Pickup,BEV_300,0.0
efs_high_ldv,2030,Some_Drivers_Larger,Low_Income,Small_Town,Pickup,PHEV_25,0.0
efs_high_ldv,2030,Some_Drivers_Larger,Low_Income,Small_Town,Pickup,PHEV_50,67.25026672480256
efs_high_ldv,2030,Some_Drivers_Larger,Low_Income,Small_Town,SUV,BEV_100,53.242506923973565
efs_high_ldv,2030,Some_Drivers_Larger,Low_Income,Small_Town,SUV,BEV_300,83.66918310314418
efs_high_ldv,2030,Some_Drivers_Larger,Low_Income,Small_Town,SUV,PHEV_25,45.661898604273794
efs_high_ldv,2030,Some_Drivers_Larger,Low_Income,Small_Town,SUV,PHEV_50,51.826695677399634
efs_high_ldv,2030,Some_Drivers_Larger,Low_Income,Suburban,Compact,BEV_100,0.0
efs_high_ldv,2030,Some_Drivers_Larger,Low_Income,Suburban,Compact,BEV_300,0.0
efs_high_ldv,2030,Some_Drivers_Larger,Low_Income,Suburban,Compact,PHEV_25,90.85534515464306
efs_high_ldv,2030,Some_Drivers_Larger,Low_Income,Suburban,Compact,PHEV_50,76.89461238718033
efs_high_ldv,2030,Some_Drivers_Larger,Low_Income,Suburban,Midsize,BEV_100,0.0
efs_high_ldv,2030,Some_Drivers_Larger,Low_Income,Suburban,Midsize,BEV_300,63.46802062237263
efs_high_ldv,2030,Some_Drivers_Larger,Low_Income,Suburban,Midsize,PHEV_25,93.2535338228643
efs_high_ldv,2030,Some_Drivers_Larger,Low_Income,Suburban,Midsize,PHEV_50,108.30568369695544
efs_high_ldv,2030,Some_Drivers_Larger,Low_Income,Suburban,Pickup,BEV_100,0.0
efs_high_ldv,2030,Some_Drivers_Larger,Low_Income,Suburban,Pickup,BEV_300,0.0
efs_high_ldv,2030,Some_Drivers_Larger,Low_Income,Suburban,Pickup,PHEV_25,0.0
efs_high_ldv,2030,Some_Drivers_Larger,Low_Income,Suburban,Pickup,PHEV_50,86.18855469048023
efs_high_ldv,2030,Some_Drivers_Larger,Low_Income,Suburban,SUV,BEV_100,131.27641435639373
efs_high_ldv,2030,Some_Drivers_Larger,Low_Income,Suburban,SUV,BEV_300,0.0
efs_high_ldv,2030,Some_Drivers_Larger,Low_Income,Suburban,SUV,PHEV_25,60.97562580949068
efs_high_ldv,2030,Some_Drivers_Larger,Low_Income,Suburban,SUV,PHEV_50,0.0
efs_high_ldv,2030,Some_Drivers_Larger,Low_Income,Urban,Compact,BEV_100,0.0
efs_high_ldv,2030,Some_Drivers_Larger,Low_Income,Urban,Compact,BEV_300,0.0
efs_high_ldv,2030,Some_Drivers_Larger,Low_Income,Urban,Compact,PHEV_25,0.0
efs_high_ldv,2030,Some_Drivers_Larger,Low_Income,Urban,Compact,PHEV_50,0.0
efs_high_ldv,2030,Some_Drivers_Larger,Low_Income,Urban,Midsize,BEV_100,0.0
efs_high_ldv,2030,Some_Drivers_Larger,Low_Income,Urban,Midsize,BEV_300,0.0
efs_high_ldv,2030,Some_Drivers_Larger,Low_Income,Urban,Midsize,PHEV_25,0.0
efs_high_ldv,2030,Some_Drivers_Larger,Low_Income,Urban,Midsize,PHEV_50,0.0
efs_high_ldv,2030,Some_Drivers_Larger,Low_Income,Urban,Pickup,BEV_100,0.0
efs_high_ldv,2030,Some_Drivers_Larger,Low_Income,Urban,Pickup,BEV_300,0.0
efs_high_ldv,2030,Some_Drivers_Larger,Low_Income,Urban,Pickup,PHEV_25,0.0
efs_high_ldv,2030,Some_Drivers_Larger,Low_Income,Urban,Pickup,PHEV_50,0.0
efs_high_ldv,2030,Some_Drivers_Larger,Low_Income,Urban,SUV,BEV_100,0.0
efs_high_ldv,2030,Some_Drivers_Larger,Low_Income,Urban,SUV,BEV_300,0.0
efs_high_ldv,2030,Some_Drivers_Larger,Low_Income,Urban,SUV,PHEV_25,0.0
efs_high_ldv,2030,Some_Drivers_Larger,Low_Income,Urban,SUV,PHEV_50,0.0
efs_high_ldv,2030,Some_Drivers_Larger,Middle_Income,Rural,Compact,BEV_100,0.0
efs_high_ldv,2030,Some_Drivers_Larger,Middle_Income,Rural,Compact,BEV_300,0.0
efs_high_ldv,2030,Some_Drivers_Larger,Middle_Income,Rural,Compact,PHEV_25,0.0
efs_high_ldv,2030,Some_Drivers_Larger,Middle_Income,Rural,Compact,PHEV_50,504.55773390340806
efs_high_ldv,2030,Some_Drivers_Larger,Middle_Income,Rural,Midsize,BEV_100,0.0
efs_high_ldv,2030,Some_Drivers_Larger,Middle_Income,Rural,Midsize,BEV_300,0.0
efs_high_ldv,2030,Some_Drivers_Larger,Middle_Income,Rural,Midsize,PHEV_25,251.76252767038343
efs_high_ldv,2030,Some_Drivers_Larger,Middle_Income,Rural,Midsize,PHEV_50,271.5371421957016
efs_high_ldv,2030,Some_Drivers_Larger,Middle_Income,Rural,Pickup,BEV_100,929.2408104910852
efs_high_ldv,2030,Some_Drivers_Larger,Middle_Income,Rural,Pickup,BEV_300,0.0
efs_high_ldv,2030,Some_Drivers_Larger,Middle_Income,Rural,Pickup,PHEV_25,594.2097960211635
efs_high_ldv,2030,Some_Drivers_Larger,Middle_Income,Rural,Pickup,PHEV_50,978.0678361402752
efs_high_ldv,2030,Some_Drivers_Larger,Middle_Income,Rural,SUV,BEV_100,257.27858934891225
efs_high_ldv,2030,Some_Drivers_Larger,Middle_Income,Rural,SUV,BEV_300,0.0
efs_high_ldv,2030,Some_Drivers_Larger,Middle_Income,Rural,SUV,PHEV_25,1208.4930730436445
efs_high_ldv,2030,Some_Drivers_Larger,Middle_Income,Rural,SUV,PHEV_50,2877.614735161424
efs_high_ldv,2030,Some_Drivers_Larger,Middle_Income,Second_City,Compact,BEV_100,0.0
efs_high_ldv,2030,Some_Drivers_Larger,Middle_Income,Second_City,Compact,BEV_300,0.0
efs_high_ldv,2030,Some_Drivers_Larger,Middle_Income,Second_City,Compact,PHEV_25,0.0
efs_high_ldv,2030,Some_Drivers_Larger,Middle_Income,Second_City,Compact,PHEV_50,47.6594301302433
efs_high_ldv,2030,Some_Drivers_Larger,Middle_Income,Second_City,Midsize,BEV_100,104.2915828718394
efs_high_ldv,2030,Some_Drivers_Larger,Middle_Income,Second_City,Midsize,BEV_300,0.0
efs_high_ldv,2030,Some_Drivers_Larger,Middle_Income,Second_City,Midsize,PHEV_25,187.07091731214524
efs_high_ldv,2030,Some_Drivers_Larger,Middle_Income,Second_City,Midsize,PHEV_50,176.74672182404996
efs_high_ldv,2030,Some_Drivers_Larger,Middle_Income,Second_City,Pickup,BEV_100,0.0
efs_high_ldv,2030,Some_Drivers_Larger,Middle_Income,Second_City,Pickup,BEV_300,0.0
efs_high_ldv,2030,Some_Drivers_Larger,Middle_Income,Second_City,Pickup,PHEV_25,64.4403982822299
efs_high_ldv,2030,Some_Drivers_Larger,Middle_Income,Second_City,Pickup,PHEV_50,64.166630600214
efs_high_ldv,2030,Some_Drivers_Larger,Middle_Income,Second_City,SUV,BEV_100,161.7113093391061
efs_high_ldv,2030,Some_Drivers_Larger,Middle_Income,Second_City,SUV,BEV_300,0.0
efs_high_ldv,2030,Some_Drivers_Larger,Middle_Income,Second_City,SUV,PHEV_25,0.0
efs_high_ldv,2030,Some_Drivers_Larger,Middle_Income,Second_City,SUV,PHEV_50,153.00166388646514
efs_high_ldv,2030,Some_Drivers_Larger,Middle_Income,Small_Town,Compact,BEV_100,0.0
efs_high_ldv,2030,Some_Drivers_Larger,Middle_Income,Small_Town,Compact,BEV_300,0.0
efs_high_ldv,2030,Some_Drivers_Larger,Middle_Income,Small_Town,Compact,PHEV_25,0.0
efs_high_ldv,2030,Some_Drivers_Larger,Middle_Income,Small_Town,Compact,PHEV_50,0.0
efs_high_ldv,2030,Some_Drivers_Larger,Middle_Income,Small_Town,Midsize,BEV_100,149.97926909571888
efs_high_ldv,2030,Some_Drivers_Larger,Middle_Income,Small_Town,Midsize,BEV_300,0.0
efs_high_ldv,2030,Some_Drivers_Larger,Middle_Income,Small_Town,Midsize,PHEV_25,313.4182562645972
efs_high_ldv,2030,Some_Drivers_Larger,Middle_Income,Small_Town,Midsize,PHEV_50,214.1707379770577
efs_high_ldv,2030,Some_Drivers_Larger,Middle_Income,Small_Town,Pickup,BEV_100,63.74049213321693
efs_high_ldv,2030,Some_Drivers_Larger,Middle_Income,Small_Town,Pickup,BEV_300,0.0
efs_high_ldv,2030,Some_Drivers_Larger,Middle_Income,Small_Town,Pickup,PHEV_25,0.0
efs_high_ldv,2030,Some_Drivers_Larger,Middle_Income,Small_Town,Pickup,PHEV_50,45.90780070954561
efs_high_ldv,2030,Some_Drivers_Larger,Middle_Income,Small_Town,SUV,BEV_100,249.12732957059143
efs_high_ldv,2030,Some_Drivers_Larger,Middle_Income,Small_Town,SUV,BEV_300,91.374138317585
efs_high_ldv,2030,Some_Drivers_Larger,Middle_Income,Small_Town,SUV,PHEV_25,91.53945181718468
efs_high_ldv,2030,Some_Drivers_Larger,Middle_Income,Small_Town,SUV,PHEV_50,248.1206384344399
efs_high_ldv,2030,Some_Drivers_Larger,Middle_Income,Suburban,Compact,BEV_100,0.0
efs_high_ldv,2030,Some_Drivers_Larger,Middle_Income,Suburban,Compact,BEV_300,54.34844157120585
efs_high_ldv,2030,Some_Drivers_Larger,Middle_Income,Suburban,Compact,PHEV_25,0.0
efs_high_ldv,2030,Some_Drivers_Larger,Middle_Income,Suburban,Compact,PHEV_50,0.0
efs_high_ldv,2030,Some_Drivers_Larger,Middle_Income,Suburban,Midsize,BEV_100,335.34390006637574
efs_high_ldv,2030,Some_Drivers_Larger,Middle_Income,Suburban,Midsize,BEV_300,114.67048487091066
efs_high_ldv,2030,Some_Drivers_Larger,Middle_Income,Suburban,Midsize,PHEV_25,99.72002130126954
efs_high_ldv,2030,Some_Drivers_Larger,Middle_Income,Suburban,Midsize,PHEV_50,171.6385895882249
efs_high_ldv,2030,Some_Drivers_Larger,Middle_Income,Suburban,Pickup,BEV_100,0.0
efs_high_ldv,2030,Some_Drivers_Larger,Middle_Income,Suburban,Pickup,BEV_300,0.0
efs_high_ldv,2030,Some_Drivers_Larger,Middle_Income,Suburban,Pickup,PHEV_25,246.7623418611586
efs_high_ldv,2030,Some_Drivers_Larger,Middle_Income,Suburban,Pickup,PHEV_50,0.0
efs_high_ldv,2030,Some_Drivers_Larger,Middle_Income,Suburban,SUV,BEV_100,335.53675015151504
efs_high_ldv,2030,Some_Drivers_Larger,Middle_Income,Suburban,SUV,BEV_300,149.63102048158646
efs_high_ldv,2030,Some_Drivers_Larger,Middle_Income,Suburban,SUV,PHEV_25,180.83958185273409
efs_high_ldv,2030,Some_Drivers_Larger,Middle_Income,Suburban,SUV,PHEV_50,0.0
efs_high_ldv,2030,Some_Drivers_Larger,Middle_Income,Urban,Compact,BEV_100,0.0
efs_high_ldv,2030,Some_Drivers_Larger,Middle_Income,Urban,Compact,BEV_300,0.0
efs_high_ldv,2030,Some_Drivers_Larger,Middle_Income,Urban,Compact,PHEV_25,0.0
efs_high_ldv,2030,Some_Drivers_Larger,Middle_Income,Urban,Compact,PHEV_50,0.0
efs_high_ldv,2030,Some_Drivers_Larger,Middle_Income,Urban,Midsize,BEV_100,0.0
efs_high_ldv,2030,Some_Drivers_Larger,Middle_Income,Urban,Midsize,BEV_300,0.0
efs_high_ldv,2030,Some_Drivers_Larger,Middle_Income,Urban,Midsize,PHEV_25,0.0
efs_high_ldv,2030,Some_Drivers_Larger,Middle_Income,Urban,Midsize,PHEV_50,0.0
efs_high_ldv,2030,Some_Drivers_Larger,Middle_Income,Urban,Pickup,BEV_100,0.0
efs_high_ldv,2030,Some_Drivers_Larger,Middle_Income,Urban,Pickup,BEV_300,0.0
efs_high_ldv,2030,Some_Drivers_Larger,Middle_Income,Urban,Pickup,PHEV_25,0.0
efs_high_ldv,2030,Some_Drivers_Larger,Middle_Income,Urban,Pickup,PHEV_50,0.0
efs_high_ldv,2030,Some_Drivers_Larger,Middle_Income,Urban,SUV,BEV_100,0.0
efs_high_ldv,2030,Some_Drivers_Larger,Middle_Income,Urban,SUV,BEV_300,0.0
efs_high_ldv,2030,Some_Drivers_Larger,Middle_Income,Urban,SUV,PHEV_25,0.0
efs_high_ldv,2030,Some_Drivers_Larger,Middle_Income,Urban,SUV,PHEV_50,0.0
efs_high_ldv,2030,Some_Drivers_Smaller,High_Income,Rural,Compact,BEV_100,0.0
efs_high_ldv,2030,Some_Drivers_Smaller,High_Income,Rural,Compact,BEV_300,0.0
efs_high_ldv,2030,Some_Drivers_Smaller,High_Income,Rural,Compact,PHEV_25,271.3527040762007
efs_high_ldv,2030,Some_Drivers_Smaller,High_Income,Rural,Compact,PHEV_50,201.32985361959783
efs_high_ldv,2030,Some_Drivers_Smaller,High_Income,Rural,Midsize,BEV_100,0.0
efs_high_ldv,2030,Some_Drivers_Smaller,High_Income,Rural,Midsize,BEV_300,0.0
efs_high_ldv,2030,Some_Drivers_Smaller,High_Income,Rural,Midsize,PHEV_25,0.0
efs_high_ldv,2030,Some_Drivers_Smaller,High_Income,Rural,Midsize,PHEV_50,330.8838810315132
efs_high_ldv,2030,Some_Drivers_Smaller,High_Income,Rural,Pickup,BEV_100,297.98222703313826
efs_high_ldv,2030,Some_Drivers_Smaller,High_Income,Rural,Pickup,BEV_300,206.2868432098776
efs_high_ldv,2030,Some_Drivers_Smaller,High_Income,Rural,Pickup,PHEV_25,358.4724401397705
efs_high_ldv,2030,Some_Drivers_Smaller,High_Income,Rural,Pickup,PHEV_50,0.0
efs_high_ldv,2030,Some_Drivers_Smaller,High_Income,Rural,SUV,BEV_100,507.6506335858107
efs_high_ldv,2030,Some_Drivers_Smaller,High_Income,Rural,SUV,BEV_300,0.0
efs_high_ldv,2030,Some_Drivers_Smaller,High_Income,Rural,SUV,PHEV_25,263.1867273138538
efs_high_ldv,2030,Some_Drivers_Smaller,High_Income,Rural,SUV,PHEV_50,357.0793587913513
efs_high_ldv,2030,Some_Drivers_Smaller,High_Income,Second_City,Compact,BEV_100,0.0
efs_high_ldv,2030,Some_Drivers_Smaller,High_Income,Second_City,Compact,BEV_300,0.0
efs_high_ldv,2030,Some_Drivers_Smaller,High_Income,Second_City,Compact,PHEV_25,59.13689072680474
efs_high_ldv,2030,Some_Drivers_Smaller,High_Income,Second_City,Compact,PHEV_50,0.0
efs_high_ldv,2030,Some_Drivers_Smaller,High_Income,Second_City,Midsize,BEV_100,0.0
efs_high_ldv,2030,Some_Drivers_Smaller,High_Income,Second_City,Midsize,BEV_300,64.79434396982194
efs_high_ldv,2030,Some_Drivers_Smaller,High_Income,Second_City,Midsize,PHEV_25,0.0
efs_high_ldv,2030,Some_Drivers_Smaller,High_Income,Second_City,Midsize,PHEV_50,0.0
efs_high_ldv,2030,Some_Drivers_Smaller,High_Income,Second_City,Pickup,BEV_100,0.0
efs_high_ldv,2030,Some_Drivers_Smaller,High_Income,Second_City,Pickup,BEV_300,0.0
efs_high_ldv,2030,Some_Drivers_Smaller,High_Income,Second_City,Pickup,PHEV_25,0.0
efs_high_ldv,2030,Some_Drivers_Smaller,High_Income,Second_City,Pickup,PHEV_50,0.0
efs_high_ldv,2030,Some_Drivers_Smaller,High_Income,Second_City,SUV,BEV_100,0.0
efs_high_ldv,2030,Some_Drivers_Smaller,High_Income,Second_City,SUV,BEV_300,0.0
efs_high_ldv,2030,Some_Drivers_Smaller,High_Income,Second_City,SUV,PHEV_25,57.81284933519363
efs_high_ldv,2030,Some_Drivers_Smaller,High_Income,Second_City,SUV,PHEV_50,74.58735525679589
efs_high_ldv,2030,Some_Drivers_Smaller,High_Income,Small_Town,Compact,BEV_100,0.0
efs_high_ldv,2030,Some_Drivers_Smaller,High_Income,Small_Town,Compact,BEV_300,0.0
efs_high_ldv,2030,Some_Drivers_Smaller,High_Income,Small_Town,Compact,PHEV_25,0.0
efs_high_ldv,2030,Some_Drivers_Smaller,High_Income,Small_Town,Compact,PHEV_50,0.0
efs_high_ldv,2030,Some_Drivers_Smaller,High_Income,Small_Town,Midsize,BEV_100,160.31950680288674
efs_high_ldv,2030,Some_Drivers_Smaller,High_Income,Small_Town,Midsize,BEV_300,62.28179568594694
efs_high_ldv,2030,Some_Drivers_Smaller,High_Income,Small_Town,Midsize,PHEV_25,180.36575337756543
efs_high_ldv,2030,Some_Drivers_Smaller,High_Income,Small_Town,Midsize,PHEV_50,50.854131424665454
efs_high_ldv,2030,Some_Drivers_Smaller,High_Income,Small_Town,Pickup,BEV_100,0.0
efs_high_ldv,2030,Some_Drivers_Smaller,High_Income,Small_Town,Pickup,BEV_300,40.41650289827585
efs_high_ldv,2030,Some_Drivers_Smaller,High_Income,Small_Town,Pickup,PHEV_25,0.0
efs_high_ldv,2030,Some_Drivers_Smaller,High_Income,Small_Town,Pickup,PHEV_50,0.0
efs_high_ldv,2030,Some_Drivers_Smaller,High_Income,Small_Town,SUV,BEV_100,1134.4079321283102
efs_high_ldv,2030,Some_Drivers_Smaller,High_Income,Small_Town,SUV,BEV_300,30.435051523774863
efs_high_ldv,2030,Some_Drivers_Smaller,High_Income,Small_Town,SUV,PHEV_25,0.0
efs_high_ldv,2030,Some_Drivers_Smaller,High_Income,Small_Town,SUV,PHEV_50,426.5405852789879
efs_high_ldv,2030,Some_Drivers_Smaller,High_Income,Suburban,Compact,BEV_100,189.7562458871603
efs_high_ldv,2030,Some_Drivers_Smaller,High_Income,Suburban,Compact,BEV_300,0.0
efs_high_ldv,2030,Some_Drivers_Smaller,High_Income,Suburban,Compact,PHEV_25,124.51969161432235
efs_high_ldv,2030,Some_Drivers_Smaller,High_Income,Suburban,Compact,PHEV_50,0.0
efs_high_ldv,2030,Some_Drivers_Smaller,High_Income,Suburban,Midsize,BEV_100,0.0
efs_high_ldv,2030,Some_Drivers_Smaller,High_Income,Suburban,Midsize,BEV_300,58.37126307862008
efs_high_ldv,2030,Some_Drivers_Smaller,High_Income,Suburban,Midsize,PHEV_25,46.39514484144748
efs_high_ldv,2030,Some_Drivers_Smaller,High_Income,Suburban,Midsize,PHEV_50,158.0346284216121
efs_high_ldv,2030,Some_Drivers_Smaller,High_Income,Suburban,Pickup,BEV_100,0.0
efs_high_ldv,2030,Some_Drivers_Smaller,High_Income,Suburban,Pickup,BEV_300,0.0
efs_high_ldv,2030,Some_Drivers_Smaller,High_Income,Suburban,Pickup,PHEV_25,58.19611302787066
efs_high_ldv,2030,Some_Drivers_Smaller,High_Income,Suburban,Pickup,PHEV_50,0.0
efs_high_ldv,2030,Some_Drivers_Smaller,High_Income,Suburban,SUV,BEV_100,71.08388774871827
efs_high_ldv,2030,Some_Drivers_Smaller,High_Income,Suburban,SUV,BEV_300,0.0
efs_high_ldv,2030,Some_Drivers_Smaller,High_Income,Suburban,SUV,PHEV_25,64.16714581882954
efs_high_ldv,2030,Some_Drivers_Smaller,High_Income,Suburban,SUV,PHEV_50,475.5836918543577
efs_high_ldv,2030,Some_Drivers_Smaller,High_Income,Urban,Compact,BEV_100,0.0
efs_high_ldv,2030,Some_Drivers_Smaller,High_Income,Urban,Compact,BEV_300,0.0
efs_high_ldv,2030,Some_Drivers_Smaller,High_Income,Urban,Compact,PHEV_25,0.0
efs_high_ldv,2030,Some_Drivers_Smaller,High_Income,Urban,Compact,PHEV_50,0.0
efs_high_ldv,2030,Some_Drivers_Smaller,High_Income,Urban,Midsize,BEV_100,0.0
efs_high_ldv,2030,Some_Drivers_Smaller,High_Income,Urban,Midsize,BEV_300,0.0
efs_high_ldv,2030,Some_Drivers_Smaller,High_Income,Urban,Midsize,PHEV_25,0.0
efs_high_ldv,2030,Some_Drivers_Smaller,High_Income,Urban,Midsize,PHEV_50,0.0
efs_high_ldv,2030,Some_Drivers_Smaller,High_Income,Urban,Pickup,BEV_100,0.0
efs_high_ldv,2030,Some_Drivers_Smaller,High_Income,Urban,Pickup,BEV_300,0.0
efs_high_ldv,2030,Some_Drivers_Smaller,High_Income,Urban,Pickup,PHEV_25,0.0
efs_high_ldv,2030,Some_Drivers_Smaller,High_Income,Urban,Pickup,PHEV_50,0.0
efs_high_ldv,2030,Some_Drivers_Smaller,High_Income,Urban,SUV,BEV_100,0.0
efs_high_ldv,2030,Some_Drivers_Smaller,High_Income,Urban,SUV,BEV_300,0.0
efs_high_ldv,2030,Some_Drivers_Smaller,High_Income,Urban,SUV,PHEV_25,0.0
efs_high_ldv,2030,Some_Drivers_Smaller,High_Income,Urban,SUV,PHEV_50,0.0
efs_high_ldv,2030,Some_Drivers_Smaller,Low_Income,Rural,Compact,BEV_100,0.0
efs_high_ldv,2030,Some_Drivers_Smaller,Low_Income,Rural,Compact,BEV_300,0.0
efs_high_ldv,2030,Some_Drivers_Smaller,Low_Income,Rural,Compact,PHEV_25,176.02182838296892
efs_high_ldv,2030,Some_Drivers_Smaller,Low_Income,Rural,Compact,PHEV_50,0.0
efs_high_ldv,2030,Some_Drivers_Smaller,Low_Income,Rural,Midsize,BEV_100,116.28742608094215
efs_high_ldv,2030,Some_Drivers_Smaller,Low_Income,Rural,Midsize,BEV_300,0.0
efs_high_ldv,2030,Some_Drivers_Smaller,Low_Income,Rural,Midsize,PHEV_25,386.8301613778882
efs_high_ldv,2030,Some_Drivers_Smaller,Low_Income,Rural,Midsize,PHEV_50,0.0
efs_high_ldv,2030,Some_Drivers_Smaller,Low_Income,Rural,Pickup,BEV_100,0.0
efs_high_ldv,2030,Some_Drivers_Smaller,Low_Income,Rural,Pickup,BEV_300,0.0
efs_high_ldv,2030,Some_Drivers_Smaller,Low_Income,Rural,Pickup,PHEV_25,199.13188556194305
efs_high_ldv,2030,Some_Drivers_Smaller,Low_Income,Rural,Pickup,PHEV_50,573.1122277715207
efs_high_ldv,2030,Some_Drivers_Smaller,Low_Income,Rural,SUV,BEV_100,148.35670210886002
efs_high_ldv,2030,Some_Drivers_Smaller,Low_Income,Rural,SUV,BEV_300,0.0
efs_high_ldv,2030,Some_Drivers_Smaller,Low_Income,Rural,SUV,PHEV_25,219.1964805301428
efs_high_ldv,2030,Some_Drivers_Smaller,Low_Income,Rural,SUV,PHEV_50,384.48001658688486
efs_high_ldv,2030,Some_Drivers_Smaller,Low_Income,Second_City,Compact,BEV_100,0.0
efs_high_ldv,2030,Some_Drivers_Smaller,Low_Income,Second_City,Compact,BEV_300,0.0
efs_high_ldv,2030,Some_Drivers_Smaller,Low_Income,Second_City,Compact,PHEV_25,31.8744749032259
efs_high_ldv,2030,Some_Drivers_Smaller,Low_Income,Second_City,Compact,PHEV_50,0.0
efs_high_ldv,2030,Some_Drivers_Smaller,Low_Income,Second_City,Midsize,BEV_100,17.145891944885253
efs_high_ldv,2030,Some_Drivers_Smaller,Low_Income,Second_City,Midsize,BEV_300,37.10821863150597
efs_high_ldv,2030,Some_Drivers_Smaller,Low_Income,Second_City,Midsize,PHEV_25,0.0
efs_high_ldv,2030,Some_Drivers_Smaller,Low_Income,Second_City,Midsize,PHEV_50,91.40681439571829
efs_high_ldv,2030,Some_Drivers_Smaller,Low_Income,Second_City,Pickup,BEV_100,0.0
efs_high_ldv,2030,Some_Drivers_Smaller,Low_Income,Second_City,Pickup,BEV_300,0.0
efs_high_ldv,2030,Some_Drivers_Smaller,Low_Income,Second_City,Pickup,PHEV_25,61.272258512571455
efs_high_ldv,2030,Some_Drivers_Smaller,Low_Income,Second_City,Pickup,PHEV_50,0.0
efs_high_ldv,2030,Some_Drivers_Smaller,Low_Income,Second_City,SUV,BEV_100,27.695564433053136
efs_high_ldv,2030,Some_Drivers_Smaller,Low_Income,Second_City,SUV,BEV_300,0.0
efs_high_ldv,2030,Some_Drivers_Smaller,Low_Income,Second_City,SUV,PHEV_25,28.52977603507042
efs_high_ldv,2030,Some_Drivers_Smaller,Low_Income,Second_City,SUV,PHEV_50,34.73267332285643
efs_high_ldv,2030,Some_Drivers_Smaller,Low_Income,Small_Town,Compact,BEV_100,0.0
efs_high_ldv,2030,Some_Drivers_Smaller,Low_Income,Small_Town,Compact,BEV_300,0.0
efs_high_ldv,2030,Some_Drivers_Smaller,Low_Income,Small_Town,Compact,PHEV_25,37.07667972059548
efs_high_ldv,2030,Some_Drivers_Smaller,Low_Income,Small_Town,Compact,PHEV_50,42.3104353896603
efs_high_ldv,2030,Some_Drivers_Smaller,Low_Income,Small_Town,Midsize,BEV_100,14.041865239858629
efs_high_ldv,2030,Some_Drivers_Smaller,Low_Income,Small_Town,Midsize,BEV_300,0.0
efs_high_ldv,2030,Some_Drivers_Smaller,Low_Income,Small_Town,Midsize,PHEV_25,169.7313597925904
efs_high_ldv,2030,Some_Drivers_Smaller,Low_Income,Small_Town,Midsize,PHEV_50,70.92631202286482
efs_high_ldv,2030,Some_Drivers_Smaller,Low_Income,Small_Town,Pickup,BEV_100,0.0
efs_high_ldv,2030,Some_Drivers_Smaller,Low_Income,Small_Town,Pickup,BEV_300,0.0
efs_high_ldv,2030,Some_Drivers_Smaller,Low_Income,Small_Town,Pickup,PHEV_25,0.0
efs_high_ldv,2030,Some_Drivers_Smaller,Low_Income,Small_Town,Pickup,PHEV_50,76.73448502624035
efs_high_ldv,2030,Some_Drivers_Smaller,Low_Income,Small_Town,SUV,BEV_100,0.0
efs_high_ldv,2030,Some_Drivers_Smaller,Low_Income,Small_Town,SUV,BEV_300,0.0
efs_high_ldv,2030,Some_Drivers_Smaller,Low_Income,Small_Town,SUV,PHEV_25,55.09811332845688
efs_high_ldv,2030,Some_Drivers_Smaller,Low_Income,Small_Town,SUV,PHEV_50,0.0
efs_high_ldv,2030,Some_Drivers_Smaller,Low_Income,Suburban,Compact,BEV_100,0.0
efs_high_ldv,2030,Some_Drivers_Smaller,Low_Income,Suburban,Compact,BEV_300,0.0
efs_high_ldv,2030,Some_Drivers_Smaller,Low_Income,Suburban,Compact,PHEV_25,44.99540365099907
efs_high_ldv,2030,Some_Drivers_Smaller,Low_Income,Suburban,Compact,PHEV_50,0.0
efs_high_ldv,2030,Some_Drivers_Smaller,Low_Income,Suburban,Midsize,BEV_100,76.23818170022965
efs_high_ldv,2030,Some_Drivers_Smaller,Low_Income,Suburban,Midsize,BEV_300,30.089606668114666
efs_high_ldv,2030,Some_Drivers_Smaller,Low_Income,Suburban,Midsize,PHEV_25,74.21864583325386
efs_high_ldv,2030,Some_Drivers_Smaller,Low_Income,Suburban,Midsize,PHEV_50,173.06087309569122
efs_high_ldv,2030,Some_Drivers_Smaller,Low_Income,Suburban,Pickup,BEV_100,0.0
efs_high_ldv,2030,Some_Drivers_Smaller,Low_Income,Suburban,Pickup,BEV_300,0.0
efs_high_ldv,2030,Some_Drivers_Smaller,Low_Income,Suburban,Pickup,PHEV_25,53.4173833770603
efs_high_ldv,2030,Some_Drivers_Smaller,Low_Income,Suburban,Pickup,PHEV_50,42.0860591749847
efs_high_ldv,2030,Some_Drivers_Smaller,Low_Income,Suburban,SUV,BEV_100,1202.8949599266052
efs_high_ldv,2030,Some_Drivers_Smaller,Low_Income,Suburban,SUV,BEV_300,0.0
efs_high_ldv,2030,Some_Drivers_Smaller,Low_Income,Suburban,SUV,PHEV_25,114.05102826642992
efs_high_ldv,2030,Some_Drivers_Smaller,Low_Income,Suburban,SUV,PHEV_50,0.0
efs_high_ldv,2030,Some_Drivers_Smaller,Low_Income,Urban,Compact,BEV_100,0.0
efs_high_ldv,2030,Some_Drivers_Smaller,Low_Income,Urban,Compact,BEV_300,0.0
efs_high_ldv,2030,Some_Drivers_Smaller,Low_Income,Urban,Compact,PHEV_25,0.0
efs_high_ldv,2030,Some_Drivers_Smaller,Low_Income,Urban,Compact,PHEV_50,0.0
efs_high_ldv,2030,Some_Drivers_Smaller,Low_Income,Urban,Midsize,BEV_100,0.0
efs_high_ldv,2030,Some_Drivers_Smaller,Low_Income,Urban,Midsize,BEV_300,0.0
efs_high_ldv,2030,Some_Drivers_Smaller,Low_Income,Urban,Midsize,PHEV_25,0.0
efs_high_ldv,2030,Some_Drivers_Smaller,Low_Income,Urban,Midsize,PHEV_50,0.0
efs_high_ldv,2030,Some_Drivers_Smaller,Low_Income,Urban,Pickup,BEV_100,0.0
efs_high_ldv,2030,Some_Drivers_Smaller,Low_Income,Urban,Pickup,BEV_300,0.0
efs_high_ldv,2030,Some_Drivers_Smaller,Low_Income,Urban,Pickup,PHEV_25,0.0
efs_high_ldv,2030,Some_Drivers_Smaller,Low_Income,Urban,Pickup,PHEV_50,0.0
efs_high_ldv,2030,Some_Drivers_Smaller,Low_Income,Urban,SUV,BEV_100,0.0
efs_high_ldv,2030,Some_Drivers_Smaller,Low_Income,Urban,SUV,BEV_300,0.0
efs_high_ldv,2030,Some_Drivers_Smaller,Low_Income,Urban,SUV,PHEV_25,0.0
efs_high_ldv,2030,Some_Drivers_Smaller,Low_Income,Urban,SUV,PHEV_50,0.0
efs_high_ldv,2030,Some_Drivers_Smaller,Middle_Income,Rural,Compact,BEV_100,0.0
efs_high_ldv,2030,Some_Drivers_Smaller,Middle_Income,Rural,Compact,BEV_300,0.0
efs_high_ldv,2030,Some_Drivers_Smaller,Middle_Income,Rural,Compact,PHEV_25,0.0
efs_high_ldv,2030,Some_Drivers_Smaller,Middle_Income,Rural,Compact,PHEV_50,0.0
efs_high_ldv,2030,Some_Drivers_Smaller,Middle_Income,Rural,Midsize,BEV_100,1010.5766691608428
efs_high_ldv,2030,Some_Drivers_Smaller,Middle_Income,Rural,Midsize,BEV_300,0.0
efs_high_ldv,2030,Some_Drivers_Smaller,Middle_Income,Rural,Midsize,PHEV_25,942.1488153372408
efs_high_ldv,2030,Some_Drivers_Smaller,Middle_Income,Rural,Midsize,PHEV_50,911.0120780763626
efs_high_ldv,2030,Some_Drivers_Smaller,Middle_Income,Rural,Pickup,BEV_100,547.1733147718907
efs_high_ldv,2030,Some_Drivers_Smaller,Middle_Income,Rural,Pickup,BEV_300,1346.8564617156983
efs_high_ldv,2030,Some_Drivers_Smaller,Middle_Income,Rural,Pickup,PHEV_25,776.1903712635041
efs_high_ldv,2030,Some_Drivers_Smaller,Middle_Income,Rural,Pickup,PHEV_50,379.0234524550438
efs_high_ldv,2030,Some_Drivers_Smaller,Middle_Income,Rural,SUV,BEV_100,2164.2967192001342
efs_high_ldv,2030,Some_Drivers_Smaller,Middle_Income,Rural,SUV,BEV_300,0.0
efs_high_ldv,2030,Some_Drivers_Smaller,Middle_Income,Rural,SUV,PHEV_25,644.4500756189469
efs_high_ldv,2030,Some_Drivers_Smaller,Middle_Income,Rural,SUV,PHEV_50,2693.7239761372807
efs_high_ldv,2030,Some_Drivers_Smaller,Middle_Income,Second_City,Compact,BEV_100,41.374305469550194
efs_high_ldv,2030,Some_Drivers_Smaller,Middle_Income,Second_City,Compact,BEV_300,0.0
efs_high_ldv,2030,Some_Drivers_Smaller,Middle_Income,Second_City,Compact,PHEV_25,95.1855528408885
efs_high_ldv,2030,Some_Drivers_Smaller,Middle_Income,Second_City,Compact,PHEV_50,41.39869129427522
efs_high_ldv,2030,Some_Drivers_Smaller,Middle_Income,Second_City,Midsize,BEV_100,252.27752695761623
efs_high_ldv,2030,Some_Drivers_Smaller,Middle_Income,Second_City,Midsize,BEV_300,75.82041640396416
efs_high_ldv,2030,Some_Drivers_Smaller,Middle_Income,Second_City,Midsize,PHEV_25,39.797222277641296
efs_high_ldv,2030,Some_Drivers_Smaller,Middle_Income,Second_City,Midsize,PHEV_50,190.48601108056303
efs_high_ldv,2030,Some_Drivers_Smaller,Middle_Income,Second_City,Pickup,BEV_100,0.0
efs_high_ldv,2030,Some_Drivers_Smaller,Middle_Income,Second_City,Pickup,BEV_300,0.0
efs_high_ldv,2030,Some_Drivers_Smaller,Middle_Income,Second_City,Pickup,PHEV_25,0.0
efs_high_ldv,2030,Some_Drivers_Smaller,Middle_Income,Second_City,Pickup,PHEV_50,56.79451378789544
efs_high_ldv,2030,Some_Drivers_Smaller,Middle_Income,Second_City,SUV,BEV_100,39.99011404807866
efs_high_ldv,2030,Some_Drivers_Smaller,Middle_Income,Second_City,SUV,BEV_300,0.0
efs_high_ldv,2030,Some_Drivers_Smaller,Middle_Income,Second_City,SUV,PHEV_25,200.74889349210264
efs_high_ldv,2030,Some_Drivers_Smaller,Middle_Income,Second_City,SUV,PHEV_50,98.39107602357493
efs_high_ldv,2030,Some_Drivers_Smaller,Middle_Income,Small_Town,Compact,BEV_100,65.02144540512562
efs_high_ldv,2030,Some_Drivers_Smaller,Middle_Income,Small_Town,Compact,BEV_300,0.0
efs_high_ldv,2030,Some_Drivers_Smaller,Middle_Income,Small_Town,Compact,PHEV_25,94.79144150745869
efs_high_ldv,2030,Some_Drivers_Smaller,Middle_Income,Small_Town,Compact,PHEV_50,0.0
efs_high_ldv,2030,Some_Drivers_Smaller,Middle_Income,Small_Town,Midsize,BEV_100,250.89444786787035
efs_high_ldv,2030,Some_Drivers_Smaller,Middle_Income,Small_Town,Midsize,BEV_300,210.1431530650854
efs_high_ldv,2030,Some_Drivers_Smaller,Middle_Income,Small_Town,Midsize,PHEV_25,133.8506938295886
efs_high_ldv,2030,Some_Drivers_Smaller,Middle_Income,Small_Town,Midsize,PHEV_50,209.16410380077363
efs_high_ldv,2030,Some_Drivers_Smaller,Middle_Income,Small_Town,Pickup,BEV_100,0.0
efs_high_ldv,2030,Some_Drivers_Smaller,Middle_Income,Small_Town,Pickup,BEV_300,0.0
efs_high_ldv,2030,Some_Drivers_Smaller,Middle_Income,Small_Town,Pickup,PHEV_25,43.54746868979931
efs_high_ldv,2030,Some_Drivers_Smaller,Middle_Income,Small_Town,Pickup,PHEV_50,0.0
efs_high_ldv,2030,Some_Drivers_Smaller,Middle_Income,Small_Town,SUV,BEV_100,503.80296708473566
efs_high_ldv,2030,Some_Drivers_Smaller,Middle_Income,Small_Town,SUV,BEV_300,0.0
efs_high_ldv,2030,Some_Drivers_Smaller,Middle_Income,Small_Town,SUV,PHEV_25,186.46250859811903
efs_high_ldv,2030,Some_Drivers_Smaller,Middle_Income,Small_Town,SUV,PHEV_50,117.1986270350218
efs_high_ldv,2030,Some_Drivers_Smaller,Middle_Income,Suburban,Compact,BEV_100,0.0
efs_high_ldv,2030,Some_Drivers_Smaller,Middle_Income,Suburban,Compact,BEV_300,0.0
efs_high_ldv,2030,Some_Drivers_Smaller,Middle_Income,Suburban,Compact,PHEV_25,280.36913420796395
efs_high_ldv,2030,Some_Drivers_Smaller,Middle_Income,Suburban,Compact,PHEV_50,83.41462225365639
efs_high_ldv,2030,Some_Drivers_Smaller,Middle_Income,Suburban,Midsize,BEV_100,114.35178038203716
efs_high_ldv,2030,Some_Drivers_Smaller,Middle_Income,Suburban,Midsize,BEV_300,0.0
efs_high_ldv,2030,Some_Drivers_Smaller,Middle_Income,Suburban,Midsize,PHEV_25,182.42644327783583
efs_high_ldv,2030,Some_Drivers_Smaller,Middle_Income,Suburban,Midsize,PHEV_50,394.9370285474658
efs_high_ldv,2030,Some_Drivers_Smaller,Middle_Income,Suburban,Pickup,BEV_100,0.0
efs_high_ldv,2030,Some_Drivers_Smaller,Middle_Income,Suburban,Pickup,BEV_300,0.0
efs_high_ldv,2030,Some_Drivers_Smaller,Middle_Income,Suburban,Pickup,PHEV_25,0.0
efs_high_ldv,2030,Some_Drivers_Smaller,Middle_Income,Suburban,Pickup,PHEV_50,0.0
efs_high_ldv,2030,Some_Drivers_Smaller,Middle_Income,Suburban,SUV,BEV_100,157.6712854487002
efs_high_ldv,2030,Some_Drivers_Smaller,Middle_Income,Suburban,SUV,BEV_300,0.0
efs_high_ldv,2030,Some_Drivers_Smaller,Middle_Income,Suburban,SUV,PHEV_25,210.0658521373868
efs_high_ldv,2030,Some_Drivers_Smaller,Middle_Income,Suburban,SUV,PHEV_50,332.5829203144312
efs_high_ldv,2030,Some_Drivers_Smaller,Middle_Income,Urban,Compact,BEV_100,0.0
efs_high_ldv,2030,Some_Drivers_Smaller,Middle_Income,Urban,Compact,BEV_300,0.0
efs_high_ldv,2030,Some_Drivers_Smaller,Middle_Income,Urban,Compact,PHEV_25,0.0
efs_high_ldv,2030,Some_Drivers_Smaller,Middle_Income,Urban,Compact,PHEV_50,0.0
efs_high_ldv,2030,Some_Drivers_Smaller,Middle_Income,Urban,Midsize,BEV_100,0.0
efs_high_ldv,2030,Some_Drivers_Smaller,Middle_Income,Urban,Midsize,BEV_300,0.0
efs_high_ldv,2030,Some_Drivers_Smaller,Middle_Income,Urban,Midsize,PHEV_25,0.0
efs_high_ldv,2030,Some_Drivers_Smaller,Middle_Income,Urban,Midsize,PHEV_50,0.0
efs_high_ldv,2030,Some_Drivers_Smaller,Middle_Income,Urban,Pickup,BEV_100,0.0
efs_high_ldv,2030,Some_Drivers_Smaller,Middle_Income,Urban,Pickup,BEV_300,0.0
efs_high_ldv,2030,Some_Drivers_Smaller,Middle_Income,Urban,Pickup,PHEV_25,0.0
efs_high_ldv,2030,Some_Drivers_Smaller,Middle_Income,Urban,Pickup,PHEV_50,0.0
efs_high_ldv,2030,Some_Drivers_Smaller,Middle_Income,Urban,SUV,BEV_100,0.0
efs_high_ldv,2030,Some_Drivers_Smaller,Middle_Income,Urban,SUV,BEV_300,0.0
efs_high_ldv,2030,Some_Drivers_Smaller,Middle_Income,Urban,SUV,PHEV_25,0.0
efs_high_ldv,2030,Some_Drivers_Smaller,Middle_Income,Urban,SUV,PHEV_50,0.0
ldv_sales_evs_2035,2030,Single_Driver,High_Income,Rural,Compact,BEV_100,15.234654674053193
ldv_sales_evs_2035,2030,Single_Driver,High_Income,Rural,Compact,BEV_300,0.0
ldv_sales_evs_2035,2030,Single_Driver,High_Income,Rural,Compact,PHEV_25,0.0
ldv_sales_evs_2035,2030,Single_Driver,High_Income,Rural,Compact,PHEV_50,0.0
ldv_sales_evs_2035,2030,Single_Driver,High_Income,Rural,Midsize,BEV_100,0.0
ldv_sales_evs_2035,2030,Single_Driver,High_Income,Rural,Midsize,BEV_300,0.0
ldv_sales_evs_2035,2030,Single_Driver,High_Income,Rural,Midsize,PHEV_25,0.0
ldv_sales_evs_2035,2030,Single_Driver,High_Income,Rural,Midsize,PHEV_50,73.22423150396347
ldv_sales_evs_2035,2030,Single_Driver,High_Income,Rural,Pickup,BEV_100,0.0
ldv_sales_evs_2035,2030,Single_Driver,High_Income,Rural,Pickup,BEV_300,0.0
ldv_sales_evs_2035,2030,Single_Driver,High_Income,Rural,Pickup,PHEV_25,0.0
ldv_sales_evs_2035,2030,Single_Driver,High_Income,Rural,Pickup,PHEV_50,0.0
ldv_sales_evs_2035,2030,Single_Driver,High_Income,Rural,SUV,BEV_100,0.0
ldv_sales_evs_2035,2030,Single_Driver,High_Income,Rural,SUV,BEV_300,0.0
ldv_sales_evs_2035,2030,Single_Driver,High_Income,Rural,SUV,PHEV_25,0.0
ldv_sales_evs_2035,2030,Single_Driver,High_Income,Rural,SUV,PHEV_50,78.38230098295212
ldv_sales_evs_2035,2030,Single_Driver,High_Income,Second_City,Compact,BEV_100,0.0
ldv_sales_evs_2035,2030,Single_Driver,High_Income,Second_City,Compact,BEV_300,0.0
ldv_sales_evs_2035,2030,Single_Driver,High_Income,Second_City,Compact,PHEV_25,0.0
ldv_sales_evs_2035,2030,Single_Driver,High_Income,Second_City,Compact,PHEV_50,0.0
ldv_sales_evs_2035,2030,Single_Driver,High_Income,Second_City,Midsize,BEV_100,0.0
ldv_sales_evs_2035,2030,Single_Driver,High_Income,Second_City,Midsize,BEV_300,0.0
ldv_sales_evs_2035,2030,Single_Driver,High_Income,Second_City,Midsize,PHEV_25,0.0
ldv_sales_evs_2035,2030,Single_Driver,High_Income,Second_City,Midsize,PHEV_50,69.56536638042331
ldv_sales_evs_2035,2030,Single_Driver,High_Income,Second_City,Pickup,BEV_100,0.0
ldv_sales_evs_2035,2030,Single_Driver,High_Income,Second_City,Pickup,BEV_300,0.0
ldv_sales_evs_2035,2030,Single_Driver,High_Income,Second_City,Pickup,PHEV_25,0.0
ldv_sales_evs_2035,2030,Single_Driver,High_Income,Second_City,Pickup,PHEV_50,0.0
ldv_sales_evs_2035,2030,Single_Driver,High_Income,Second_City,SUV,BEV_100,0.0
ldv_sales_evs_2035,2030,Single_Driver,High_Income,Second_City,SUV,BEV_300,0.0
ldv_sales_evs_2035,2030,Single_Driver,High_Income,Second_City,SUV,PHEV_25,0.0
ldv_sales_evs_2035,2030,Single_Driver,High_Income,Second_City,SUV,PHEV_50,60.35435329180956
ldv_sales_evs_2035,2030,Single_Driver,High_Income,Small_Town,Compact,BEV_100,0.0
ldv_sales_evs_2035,2030,Single_Driver,High_Income,Small_Town,Compact,BEV_300,0.0
ldv_sales_evs_2035,2030,Single_Driver,High_Income,Small_Town,Compact,PHEV_25,0.0
ldv_sales_evs_2035,2030,Single_Driver,High_Income,Small_Town,Compact,PHEV_50,0.0
ldv_sales_evs_2035,2030,Single_Driver,High_Income,Small_Town,Midsize,BEV_100,0.0
ldv_sales_evs_2035,2030,Single_Driver,High_Income,Small_Town,Midsize,BEV_300,0.0
ldv_sales_evs_2035,2030,Single_Driver,High_Income,Small_Town,Midsize,PHEV_25,0.0
ldv_sales_evs_2035,2030,Single_Driver,High_Income,Small_Town,Midsize,PHEV_50,46.546215227477255
ldv_sales_evs_2035,2030,Single_Driver,High_Income,Small_Town,Pickup,BEV_100,0.0
ldv_sales_evs_2035,2030,Single_Driver,High_Income,Small_Town,Pickup,BEV_300,0.0
ldv_sales_evs_2035,2030,Single_Driver,High_Income,Small_Town,Pickup,PHEV_25,0.0
ldv_sales_evs_2035,2030,Single_Driver,High_Income,Small_Town,Pickup,PHEV_50,0.0
ldv_sales_evs_2035,2030,Single_Driver,High_Income,Small_Town,SUV,BEV_100,0.0
ldv_sales_evs_2035,2030,Single_Driver,High_Income,Small_Town,SUV,BEV_300,0.0
ldv_sales_evs_2035,2030,Single_Driver,High_Income,Small_Town,SUV,PHEV_25,0.0
ldv_sales_evs_2035,2030,Single_Driver,High_Income,Small_Town,SUV,PHEV_50,163.3556214751806
ldv_sales_evs_2035,2030,Single_Driver,High_Income,Suburban,Compact,BEV_100,0.0
ldv_sales_evs_2035,2030,Single_Driver,High_Income,Suburban,Compact,BEV_300,0.0
ldv_sales_evs_2035,2030,Single_Driver,High_Income,Suburban,Compact,PHEV_25,0.0
ldv_sales_evs_2035,2030,Single_Driver,High_Income,Suburban,Compact,PHEV_50,0.0
ldv_sales_evs_2035,2030,Single_Driver,High_Income,Suburban,Midsize,BEV_100,0.0
ldv_sales_evs_2035,2030,Single_Driver,High_Income,Suburban,Midsize,BEV_300,0.0
ldv_sales_evs_2035,2030,Single_Driver,High_Income,Suburban,Midsize,PHEV_25,0.0
ldv_sales_evs_2035,2030,Single_Driver,High_Income,Suburban,Midsize,PHEV_50,22.214286185741425
ldv_sales_evs_2035,2030,Single_Driver,High_Income,Suburban,Pickup,BEV_100,0.0
ldv_sales_evs_2035,2030,Single_Driver,High_Income,Suburban,Pickup,BEV_300,0.0
ldv_sales_evs_2035,2030,Single_Driver,High_Income,Suburban,Pickup,PHEV_25,0.0
ldv_sales_evs_2035,2030,Single_Driver,High_Income,Suburban,Pickup,PHEV_50,0.0
ldv_sales_evs_2035,2030,Single_Driver,High_Income,Suburban,SUV,BEV_100,0.0
ldv_sales_evs_2035,2030,Single_Driver,High_Income,Suburban,SUV,BEV_300,0.0
ldv_sales_evs_2035,2030,Single_Driver,High_Income,Suburban,SUV,PHEV_25,0.0
ldv_sales_evs_2035,2030,Single_Driver,High_Income,Suburban,SUV,PHEV_50,395.44401334697756
ldv_sales_evs_2035,2030,Single_Driver,High_Income,Urban,Compact,BEV_100,0.0
ldv_sales_evs_2035,2030,Single_Driver,High_Income,Urban,Compact,BEV_300,0.0
ldv_sales_evs_2035,2030,Single_Driver,High_Income,Urban,Compact,PHEV_25,0.0
ldv_sales_evs_2035,2030,Single_Driver,High_Income,Urban,Compact,PHEV_50,0.0
ldv_sales_evs_2035,2030,Single_Driver,High_Income,Urban,Midsize,BEV_100,0.0
ldv_sales_evs_2035,2030,Single_Driver,High_Income,Urban,Midsize,BEV_300,0.0
ldv_sales_evs_2035,2030,Single_Driver,High_Income,Urban,Midsize,PHEV_25,0.0
ldv_sales_evs_2035,2030,Single_Driver,High_Income,Urban,Midsize,PHEV_50,0.0
ldv_sales_evs_2035,2030,Single_Driver,High_Income,Urban,Pickup,BEV_100,0.0
ldv_sales_evs_2035,2030,Single_Driver,High_Income,Urban,Pickup,BEV_300,0.0
ldv_sales_evs_2035,2030,Single_Driver,High_Income,Urban,Pickup,PHEV_25,0.0
ldv_sales_evs_2035,2030,Single_Driver,High_Income,Urban,Pickup,PHEV_50,0.0
ldv_sales_evs_2035,2030,Single_Driver,High_Income,Urban,SUV,BEV_100,0.0
ldv_sales_evs_2035,2030,Single_Driver,High_Income,Urban,SUV,BEV_300,0.0
ldv_sales_evs_2035,2030,Single_Driver,High_Income,Urban,SUV,PHEV_25,0.0
ldv_sales_evs_2035,2030,Single_Driver,High_Income,Urban,SUV,PHEV_50,0.0
ldv_sales_evs_2035,2030,Single_Driver,Low_Income,Rural,Compact,BEV_100,205.55811289978027
ldv_sales_evs_2035,2030,Single_Driver,Low_Income,Rural,Compact,BEV_300,0.0
ldv_sales_evs_2035,2030,Single_Driver,Low_Income,Rural,Compact,PHEV_25,104.75647871923447
ldv_sales_evs_2035,2030,Single_Driver,Low_Income,Rural,Compact,PHEV_50,0.0
ldv_sales_evs_2035,2030,Single_Driver,Low_Income,Rural,Midsize,BEV_100,0.0
ldv_sales_evs_2035,2030,Single_Driver,Low_Income,Rural,Midsize,BEV_300,264.2927775146961
ldv_sales_evs_2035,2030,Single_Driver,Low_Income,Rural,Midsize,PHEV_25,0.0
ldv_sales_evs_2035,2030,Single_Driver,Low_Income,Rural,Midsize,PHEV_50,863.645621727705
ldv_sales_evs_2035,2030,Single_Driver,Low_Income,Rural,Pickup,BEV_100,0.0
ldv_sales_evs_2035,2030,Single_Driver,Low_Income,Rural,Pickup,BEV_300,55.474537624895575
ldv_sales_evs_2035,2030,Single_Driver,Low_Income,Rural,Pickup,PHEV_25,0.0
ldv_sales_evs_2035,2030,Single_Driver,Low_Income,Rural,Pickup,PHEV_50,372.59522765779496
ldv_sales_evs_2035,2030,Single_Driver,Low_Income,Rural,SUV,BEV_100,0.0
ldv_sales_evs_2035,2030,Single_Driver,Low_Income,Rural,SUV,BEV_300,441.45440448060634
ldv_sales_evs_2035,2030,Single_Driver,Low_Income,Rural,SUV,PHEV_25,0.0
ldv_sales_evs_2035,2030,Single_Driver,Low_Income,Rural,SUV,PHEV_50,1050.6718342354297
ldv_sales_evs_2035,2030,Single_Driver,Low_Income,Second_City,Compact,BEV_100,0.0
ldv_sales_evs_2035,2030,Single_Driver,Low_Income,Second_City,Compact,BEV_300,0.0
ldv_sales_evs_2035,2030,Single_Driver,Low_Income,Second_City,Compact,PHEV_25,0.0
ldv_sales_evs_2035,2030,Single_Driver,Low_Income,Second_City,Compact,PHEV_50,137.11257999992372
ldv_sales_evs_2035,2030,Single_Driver,Low_Income,Second_City,Midsize,BEV_100,0.0
ldv_sales_evs_2035,2030,Single_Driver,Low_Income,Second_City,Midsize,BEV_300,0.0
ldv_sales_evs_2035,2030,Single_Driver,Low_Income,Second_City,Midsize,PHEV_25,0.0
ldv_sales_evs_2035,2030,Single_Driver,Low_Income,Second_City,Midsize,PHEV_50,117.59444763088227
ldv_sales_evs_2035,2030,Single_Driver,Low_Income,Second_City,Pickup,BEV_100,0.0
ldv_sales_evs_2035,2030,Single_Driver,Low_Income,Second_City,Pickup,BEV_300,0.0
ldv_sales_evs_2035,2030,Single_Driver,Low_Income,Second_City,Pickup,PHEV_25,0.0
ldv_sales_evs_2035,2030,Single_Driver,Low_Income,Second_City,Pickup,PHEV_50,0.0
ldv_sales_evs_2035,2030,Single_Driver,Low_Income,Second_City,SUV,BEV_100,0.0
ldv_sales_evs_2035,2030,Single_Driver,Low_Income,Second_City,SUV,BEV_300,0.0
ldv_sales_evs_2035,2030,Single_Driver,Low_Income,Second_City,SUV,PHEV_25,0.0
ldv_sales_evs_2035,2030,Single_Driver,Low_Income,Second_City,SUV,PHEV_50,231.92848179769516
ldv_sales_evs_2035,2030,Single_Driver,Low_Income,Small_Town,Compact,BEV_100,0.0
ldv_sales_evs_2035,2030,Single_Driver,Low_Income,Small_Town,Compact,BEV_300,57.79021923530102
ldv_sales_evs_2035,2030,Single_Driver,Low_Income,Small_Town,Compact,PHEV_25,0.0
ldv_sales_evs_2035,2030,Single_Driver,Low_Income,Small_Town,Compact,PHEV_50,70.854867947042
ldv_sales_evs_2035,2030,Single_Driver,Low_Income,Small_Town,Midsize,BEV_100,0.0
ldv_sales_evs_2035,2030,Single_Driver,Low_Income,Small_Town,Midsize,BEV_300,0.0
ldv_sales_evs_2035,2030,Single_Driver,Low_Income,Small_Town,Midsize,PHEV_25,0.0
ldv_sales_evs_2035,2030,Single_Driver,Low_Income,Small_Town,Midsize,PHEV_50,74.37713985103369
ldv_sales_evs_2035,2030,Single_Driver,Low_Income,Small_Town,Pickup,BEV_100,0.0
ldv_sales_evs_2035,2030,Single_Driver,Low_Income,Small_Town,Pickup,BEV_300,64.03272651313246
ldv_sales_evs_2035,2030,Single_Driver,Low_Income,Small_Town,Pickup,PHEV_25,71.49310332494974
ldv_sales_evs_2035,2030,Single_Driver,Low_Income,Small_Town,Pickup,PHEV_50,0.0
ldv_sales_evs_2035,2030,Single_Driver,Low_Income,Small_Town,SUV,BEV_100,0.0
ldv_sales_evs_2035,2030,Single_Driver,Low_Income,Small_Town,SUV,BEV_300,0.0
ldv_sales_evs_2035,2030,Single_Driver,Low_Income,Small_Town,SUV,PHEV_25,0.0
ldv_sales_evs_2035,2030,Single_Driver,Low_Income,Small_Town,SUV,PHEV_50,126.80308594226837
ldv_sales_evs_2035,2030,Single_Driver,Low_Income,Suburban,Compact,BEV_100,0.0
ldv_sales_evs_2035,2030,Single_Driver,Low_Income,Suburban,Compact,BEV_300,0.0
ldv_sales_evs_2035,2030,Single_Driver,Low_Income,Suburban,Compact,PHEV_25,0.0
ldv_sales_evs_2035,2030,Single_Driver,Low_Income,Suburban,Compact,PHEV_50,99.15537608981133
ldv_sales_evs_2035,2030,Single_Driver,Low_Income,Suburban,Midsize,BEV_100,0.0
ldv_sales_evs_2035,2030,Single_Driver,Low_Income,Suburban,Midsize,BEV_300,0.0
ldv_sales_evs_2035,2030,Single_Driver,Low_Income,Suburban,Midsize,PHEV_25,0.0
ldv_sales_evs_2035,2030,Single_Driver,Low_Income,Suburban,Midsize,PHEV_50,189.60335124516487
ldv_sales_evs_2035,2030,Single_Driver,Low_Income,Suburban,Pickup,BEV_100,0.0
ldv_sales_evs_2035,2030,Single_Driver,Low_Income,Suburban,Pickup,BEV_300,0.0
ldv_sales_evs_2035,2030,Single_Driver,Low_Income,Suburban,Pickup,PHEV_25,0.0
ldv_sales_evs_2035,2030,Single_Driver,Low_Income,Suburban,Pickup,PHEV_50,0.0
ldv_sales_evs_2035,2030,Single_Driver,Low_Income,Suburban,SUV,BEV_100,0.0
ldv_sales_evs_2035,2030,Single_Driver,Low_Income,Suburban,SUV,BEV_300,0.0
ldv_sales_evs_2035,2030,Single_Driver,Low_Income,Suburban,SUV,PHEV_25,0.0
ldv_sales_evs_2035,2030,Single_Driver,Low_Income,Suburban,SUV,PHEV_50,240.5667501795888
ldv_sales_evs_2035,2030,Single_Driver,Low_Income,Urban,Compact,BEV_100,0.0
ldv_sales_evs_2035,2030,Single_Driver,Low_Income,Urban,Compact,BEV_300,0.0
ldv_sales_evs_2035,2030,Single_Driver,Low_Income,Urban,Compact,PHEV_25,0.0
ldv_sales_evs_2035,2030,Single_Driver,Low_Income,Urban,Compact,PHEV_50,0.0
ldv_sales_evs_2035,2030,Single_Driver,Low_Income,Urban,Midsize,BEV_100,0.0
ldv_sales_evs_2035,2030,Single_Driver,Low_Income,Urban,Midsize,BEV_300,0.0
ldv_sales_evs_2035,2030,Single_Driver,Low_Income,Urban,Midsize,PHEV_25,0.0
ldv_sales_evs_2035,2030,Single_Driver,Low_Income,Urban,Midsize,PHEV_50,0.0
ldv_sales_evs_2035,2030,Single_Driver,Low_Income,Urban,Pickup,BEV_100,0.0
ldv_sales_evs_2035,2030,Single_Driver,Low_Income,Urban,Pickup,BEV_300,0.0
ldv_sales_evs_2035,2030,Single_Driver,Low_Income,Urban,Pickup,PHEV_25,0.0
ldv_sales_evs_2035,2030,Single_Driver,Low_Income,Urban,Pickup,PHEV_50,0.0
ldv_sales_evs_2035,2030,Single_Driver,Low_Income,Urban,SUV,BEV_100,0.0
ldv_sales_evs_2035,2030,Single_Driver,Low_Income,Urban,SUV,BEV_300,0.0
ldv_sales_evs_2035,2030,Single_Driver,Low_Income,Urban,SUV,PHEV_25,0.0
ldv_sales_evs_2035,2030,Single_Driver,Low_Income,Urban,SUV,PHEV_50,0.0
ldv_sales_evs_2035,2030,Single_Driver,Middle_Income,Rural,Compact,BEV_100,0.0
ldv_sales_evs_2035,2030,Single_Driver,Middle_Income,Rural,Compact,BEV_300,0.0
ldv_sales_evs_2035,2030,Single_Driver,Middle_Income,Rural,Compact,PHEV_25,0.0
ldv_sales_evs_2035,2030,Single_Driver,Middle_Income,Rural,Compact,PHEV_50,0.0
ldv_sales_evs_2035,2030,Single_Driver,Middle_Income,Rural,Midsize,BEV_100,0.0
ldv_sales_evs_2035,2030,Single_Driver,Middle_Income,Rural,Midsize,BEV_300,335.6345125905871
ldv_sales_evs_2035,2030,Single_Driver,Middle_Income,Rural,Midsize,PHEV_25,0.0
ldv_sales_evs_2035,2030,Single_Driver,Middle_Income,Rural,Midsize,PHEV_50,0.0
ldv_sales_evs_2035,2030,Single_Driver,Middle_Income,Rural,Pickup,BEV_100,0.0
ldv_sales_evs_2035,2030,Single_Driver,Middle_Income,Rural,Pickup,BEV_300,0.0
ldv_sales_evs_2035,2030,Single_Driver,Middle_Income,Rural,Pickup,PHEV_25,0.0
ldv_sales_evs_2035,2030,Single_Driver,Middle_Income,Rural,Pickup,PHEV_50,0.0
ldv_sales_evs_2035,2030,Single_Driver,Middle_Income,Rural,SUV,BEV_100,0.0
ldv_sales_evs_2035,2030,Single_Driver,Middle_Income,Rural,SUV,BEV_300,0.0
ldv_sales_evs_2035,2030,Single_Driver,Middle_Income,Rural,SUV,PHEV_25,153.91093106985093
ldv_sales_evs_2035,2030,Single_Driver,Middle_Income,Rural,SUV,PHEV_50,497.77932115602493
ldv_sales_evs_2035,2030,Single_Driver,Middle_Income,Second_City,Compact,BEV_100,0.0
ldv_sales_evs_2035,2030,Single_Driver,Middle_Income,Second_City,Compact,BEV_300,18.876491034209728
ldv_sales_evs_2035,2030,Single_Driver,Middle_Income,Second_City,Compact,PHEV_25,0.0
ldv_sales_evs_2035,2030,Single_Driver,Middle_Income,Second_City,Compact,PHEV_50,65.54344489622116
ldv_sales_evs_2035,2030,Single_Driver,Middle_Income,Second_City,Midsize,BEV_100,0.0
ldv_sales_evs_2035,2030,Single_Driver,Middle_Income,Second_City,Midsize,BEV_300,0.0
ldv_sales_evs_2035,2030,Single_Driver,Middle_Income,Second_City,Midsize,PHEV_25,0.0
ldv_sales_evs_2035,2030,Single_Driver,Middle_Income,Second_City,Midsize,PHEV_50,22.85092200875282
ldv_sales_evs_2035,2030,Single_Driver,Middle_Income,Second_City,Pickup,BEV_100,0.0
ldv_sales_evs_2035,2030,Single_Driver,Middle_Income,Second_City,Pickup,BEV_300,0.0
ldv_sales_evs_2035,2030,Single_Driver,Middle_Income,Second_City,Pickup,PHEV_25,0.0
ldv_sales_evs_2035,2030,Single_Driver,Middle_Income,Second_City,Pickup,PHEV_50,0.0
ldv_sales_evs_2035,2030,Single_Driver,Middle_Income,Second_City,SUV,BEV_100,0.0
ldv_sales_evs_2035,2030,Single_Driver,Middle_Income,Second_City,SUV,BEV_300,82.7000309689343
ldv_sales_evs_2035,2030,Single_Driver,Middle_Income,Second_City,SUV,PHEV_25,0.0
ldv_sales_evs_2035,2030,Single_Driver,Middle_Income,Second_City,SUV,PHEV_50,27.215731808543204
ldv_sales_evs_2035,2030,Single_Driver,Middle_Income,Small_Town,Compact,BEV_100,0.0
ldv_sales_evs_2035,2030,Single_Driver,Middle_Income,Small_Town,Compact,BEV_300,30.709972548305988
ldv_sales_evs_2035,2030,Single_Driver,Middle_Income,Small_Town,Compact,PHEV_25,0.0
ldv_sales_evs_2035,2030,Single_Driver,Middle_Income,Small_Town,Compact,PHEV_50,0.0
ldv_sales_evs_2035,2030,Single_Driver,Middle_Income,Small_Town,Midsize,BEV_100,0.0
ldv_sales_evs_2035,2030,Single_Driver,Middle_Income,Small_Town,Midsize,BEV_300,0.0
ldv_sales_evs_2035,2030,Single_Driver,Middle_Income,Small_Town,Midsize,PHEV_25,0.0
ldv_sales_evs_2035,2030,Single_Driver,Middle_Income,Small_Town,Midsize,PHEV_50,169.16650961708837
ldv_sales_evs_2035,2030,Single_Driver,Middle_Income,Small_Town,Pickup,BEV_100,0.0
ldv_sales_evs_2035,2030,Single_Driver,Middle_Income,Small_Town,Pickup,BEV_300,108.07623222470284
ldv_sales_evs_2035,2030,Single_Driver,Middle_Income,Small_Town,Pickup,PHEV_25,0.0
ldv_sales_evs_2035,2030,Single_Driver,Middle_Income,Small_Town,Pickup,PHEV_50,0.0
ldv_sales_evs_2035,2030,Single_Driver,Middle_Income,Small_Town,SUV,BEV_100,0.0
ldv_sales_evs_2035,2030,Single_Driver,Middle_Income,Small_Town,SUV,BEV_300,0.0
ldv_sales_evs_2035,2030,Single_Driver,Middle_Income,Small_Town,SUV,PHEV_25,18.432802260398866
ldv_sales_evs_2035,2030,Single_Driver,Middle_Income,Small_Town,SUV,PHEV_50,347.6190818968713
ldv_sales_evs_2035,2030,Single_Driver,Middle_Income,Suburban,Compact,BEV_100,33.733482744932175
ldv_sales_evs_2035,2030,Single_Driver,Middle_Income,Suburban,Compact,BEV_300,0.0
ldv_sales_evs_2035,2030,Single_Driver,Middle_Income,Suburban,Compact,PHEV_25,0.0
ldv_sales_evs_2035,2030,Single_Driver,Middle_Income,Suburban,Compact,PHEV_50,56.64120673462749
ldv_sales_evs_2035,2030,Single_Driver,Middle_Income,Suburban,Midsize,BEV_100,0.0
ldv_sales_evs_2035,2030,Single_Driver,Middle_Income,Suburban,Midsize,BEV_300,0.0
ldv_sales_evs_2035,2030,Single_Driver,Middle_Income,Suburban,Midsize,PHEV_25,0.0
ldv_sales_evs_2035,2030,Single_Driver,Middle_Income,Suburban,Midsize,PHEV_50,21.991632840871812
ldv_sales_evs_2035,2030,Single_Driver,Middle_Income,Suburban,Pickup,BEV_100,0.0
ldv_sales_evs_2035,2030,Single_Driver,Middle_Income,Suburban,Pickup,BEV_300,0.0
ldv_sales_evs_2035,2030,Single_Driver,Middle_Income,Suburban,Pickup,PHEV_25,0.0
ldv_sales_evs_2035,2030,Single_Driver,Middle_Income,Suburban,Pickup,PHEV_50,0.0
ldv_sales_evs_2035,2030,Single_Driver,Middle_Income,Suburban,SUV,BEV_100,0.0
ldv_sales_evs_2035,2030,Single_Driver,Middle_Income,Suburban,SUV,BEV_300,0.0
ldv_sales_evs_2035,2030,Single_Driver,Middle_Income,Suburban,SUV,PHEV_25,20.573607464969157
ldv_sales_evs_2035,2030,Single_Driver,Middle_Income,Suburban,SUV,PHEV_50,401.2836821954053
ldv_sales_evs_2035,2030,Single_Driver,Middle_Income,Urban,Compact,BEV_100,0.0
ldv_sales_evs_2035,2030,Single_Driver,Middle_Income,Urban,Compact,BEV_300,0.0
ldv_sales_evs_2035,2030,Single_Driver,Middle_Income,Urban,Compact,PHEV_25,0.0
ldv_sales_evs_2035,2030,Single_Driver,Middle_Income,Urban,Compact,PHEV_50,0.0
ldv_sales_evs_2035,2030,Single_Driver,Middle_Income,Urban,Midsize,BEV_100,0.0
ldv_sales_evs_2035,2030,Single_Driver,Middle_Income,Urban,Midsize,BEV_300,0.0
ldv_sales_evs_2035,2030,Single_Driver,Middle_Income,Urban,Midsize,PHEV_25,0.0
ldv_sales_evs_2035,2030,Single_Driver,Middle_Income,Urban,Midsize,PHEV_50,0.0
ldv_sales_evs_2035,2030,Single_Driver,Middle_Income,Urban,Pickup,BEV_100,0.0
ldv_sales_evs_2035,2030,Single_Driver,Middle_Income,Urban,Pickup,BEV_300,0.0
ldv_sales_evs_2035,2030,Single_Driver,Middle_Income,Urban,Pickup,PHEV_25,0.0
ldv_sales_evs_2035,2030,Single_Driver,Middle_Income,Urban,Pickup,PHEV_50,0.0
ldv_sales_evs_2035,2030,Single_Driver,Middle_Income,Urban,SUV,BEV_100,0.0
ldv_sales_evs_2035,2030,Single_Driver,Middle_Income,Urban,SUV,BEV_300,0.0
ldv_sales_evs_2035,2030,Single_Driver,Middle_Income,Urban,SUV,PHEV_25,0.0
ldv_sales_evs_2035,2030,Single_Driver,Middle_Income,Urban,SUV,PHEV_50,0.0
ldv_sales_evs_2035,2030,Some_Drivers_Larger,High_Income,Rural,Compact,BEV_100,0.0
ldv_sales_evs_2035,2030,Some_Drivers_Larger,High_Income,Rural,Compact,BEV_300,0.0
ldv_sales_evs_2035,2030,Some_Drivers_Larger,High_Income,Rural,Compact,PHEV_25,0.0
ldv_sales_evs_2035,2030,Some_Drivers_Larger,High_Income,Rural,Compact,PHEV_50,394.822325481534
ldv_sales_evs_2035,2030,Some_Drivers_Larger,High_Income,Rural,Midsize,BEV_100,0.0
ldv_sales_evs_2035,2030,Some_Drivers_Larger,High_Income,Rural,Midsize,BEV_300,0.0
ldv_sales_evs_2035,2030,Some_Drivers_Larger,High_Income,Rural,Midsize,PHEV_25,0.0
ldv_sales_evs_2035,2030,Some_Drivers_Larger,High_Income,Rural,Midsize,PHEV_50,770.4113911332488
ldv_sales_evs_2035,2030,Some_Drivers_Larger,High_Income,Rural,Pickup,BEV_100,0.0
ldv_sales_evs_2035,2030,Some_Drivers_Larger,High_Income,Rural,Pickup,BEV_300,677.8403198013306
ldv_sales_evs_2035,2030,Some_Drivers_Larger,High_Income,Rural,Pickup,PHEV_25,166.00385878857878
ldv_sales_evs_2035,2030,Some_Drivers_Larger,High_Income,Rural,Pickup,PHEV_50,0.0
ldv_sales_evs_2035,2030,Some_Drivers_Larger,High_Income,Rural,SUV,BEV_100,0.0
ldv_sales_evs_2035,2030,Some_Drivers_Larger,High_Income,Rural,SUV,BEV_300,0.0
ldv_sales_evs_2035,2030,Some_Drivers_Larger,High_Income,Rural,SUV,PHEV_25,0.0
ldv_sales_evs_2035,2030,Some_Drivers_Larger,High_Income,Rural,SUV,PHEV_50,1901.3294869781732
ldv_sales_evs_2035,2030,Some_Drivers_Larger,High_Income,Second_City,Compact,BEV_100,0.0
ldv_sales_evs_2035,2030,Some_Drivers_Larger,High_Income,Second_City,Compact,BEV_300,0.0
ldv_sales_evs_2035,2030,Some_Drivers_Larger,High_Income,Second_City,Compact,PHEV_25,0.0
ldv_sales_evs_2035,2030,Some_Drivers_Larger,High_Income,Second_City,Compact,PHEV_50,0.0
ldv_sales_evs_2035,2030,Some_Drivers_Larger,High_Income,Second_City,Midsize,BEV_100,0.0
ldv_sales_evs_2035,2030,Some_Drivers_Larger,High_Income,Second_City,Midsize,BEV_300,0.0
ldv_sales_evs_2035,2030,Some_Drivers_Larger,High_Income,Second_City,Midsize,PHEV_25,0.0
ldv_sales_evs_2035,2030,Some_Drivers_Larger,High_Income,Second_City,Midsize,PHEV_50,141.90475590467454
ldv_sales_evs_2035,2030,Some_Drivers_Larger,High_Income,Second_City,Pickup,BEV_100,0.0
ldv_sales_evs_2035,2030,Some_Drivers_Larger,High_Income,Second_City,Pickup,BEV_300,0.0
ldv_sales_evs_2035,2030,Some_Drivers_Larger,High_Income,Second_City,Pickup,PHEV_25,0.0
ldv_sales_evs_2035,2030,Some_Drivers_Larger,High_Income,Second_City,Pickup,PHEV_50,215.60058047458529
ldv_sales_evs_2035,2030,Some_Drivers_Larger,High_Income,Second_City,SUV,BEV_100,0.0
ldv_sales_evs_2035,2030,Some_Drivers_Larger,High_Income,Second_City,SUV,BEV_300,0.0
ldv_sales_evs_2035,2030,Some_Drivers_Larger,High_Income,Second_City,SUV,PHEV_25,0.0
ldv_sales_evs_2035,2030,Some_Drivers_Larger,High_Income,Second_City,SUV,PHEV_50,279.220183535941
ldv_sales_evs_2035,2030,Some_Drivers_Larger,High_Income,Small_Town,Compact,BEV_100,0.0
ldv_sales_evs_2035,2030,Some_Drivers_Larger,High_Income,Small_Town,Compact,BEV_300,0.0
ldv_sales_evs_2035,2030,Some_Drivers_Larger,High_Income,Small_Town,Compact,PHEV_25,0.0
ldv_sales_evs_2035,2030,Some_Drivers_Larger,High_Income,Small_Town,Compact,PHEV_50,0.0
ldv_sales_evs_2035,2030,Some_Drivers_Larger,High_Income,Small_Town,Midsize,BEV_100,0.0
ldv_sales_evs_2035,2030,Some_Drivers_Larger,High_Income,Small_Town,Midsize,BEV_300,0.0
ldv_sales_evs_2035,2030,Some_Drivers_Larger,High_Income,Small_Town,Midsize,PHEV_25,0.0
ldv_sales_evs_2035,2030,Some_Drivers_Larger,High_Income,Small_Town,Midsize,PHEV_50,382.05560241240266
ldv_sales_evs_2035,2030,Some_Drivers_Larger,High_Income,Small_Town,Pickup,BEV_100,0.0
ldv_sales_evs_2035,2030,Some_Drivers_Larger,High_Income,Small_Town,Pickup,BEV_300,0.0
ldv_sales_evs_2035,2030,Some_Drivers_Larger,High_Income,Small_Town,Pickup,PHEV_25,0.0
ldv_sales_evs_2035,2030,Some_Drivers_Larger,High_Income,Small_Town,Pickup,PHEV_50,119.43126830634475
ldv_sales_evs_2035,2030,Some_Drivers_Larger,High_Income,Small_Town,SUV,BEV_100,0.0
ldv_sales_evs_2035,2030,Some_Drivers_Larger,High_Income,Small_Town,SUV,BEV_300,0.0
ldv_sales_evs_2035,2030,Some_Drivers_Larger,High_Income,Small_Town,SUV,PHEV_25,39.22910139448941
ldv_sales_evs_2035,2030,Some_Drivers_Larger,High_Income,Small_Town,SUV,PHEV_50,296.55757879167794
ldv_sales_evs_2035,2030,Some_Drivers_Larger,High_Income,Suburban,Compact,BEV_100,0.0
ldv_sales_evs_2035,2030,Some_Drivers_Larger,High_Income,Suburban,Compact,BEV_300,0.0
ldv_sales_evs_2035,2030,Some_Drivers_Larger,High_Income,Suburban,Compact,PHEV_25,0.0
ldv_sales_evs_2035,2030,Some_Drivers_Larger,High_Income,Suburban,Compact,PHEV_50,0.0
ldv_sales_evs_2035,2030,Some_Drivers_Larger,High_Income,Suburban,Midsize,BEV_100,0.0
ldv_sales_evs_2035,2030,Some_Drivers_Larger,High_Income,Suburban,Midsize,BEV_300,0.0
ldv_sales_evs_2035,2030,Some_Drivers_Larger,High_Income,Suburban,Midsize,PHEV_25,0.0
ldv_sales_evs_2035,2030,Some_Drivers_Larger,High_Income,Suburban,Midsize,PHEV_50,360.5739636306763
ldv_sales_evs_2035,2030,Some_Drivers_Larger,High_Income,Suburban,Pickup,BEV_100,0.0
ldv_sales_evs_2035,2030,Some_Drivers_Larger,High_Income,Suburban,Pickup,BEV_300,0.0
ldv_sales_evs_2035,2030,Some_Drivers_Larger,High_Income,Suburban,Pickup,PHEV_25,0.0
ldv_sales_evs_2035,2030,Some_Drivers_Larger,High_Income,Suburban,Pickup,PHEV_50,0.0
ldv_sales_evs_2035,2030,Some_Drivers_Larger,High_Income,Suburban,SUV,BEV_100,0.0
ldv_sales_evs_2035,2030,Some_Drivers_Larger,High_Income,Suburban,SUV,BEV_300,430.2900093201548
ldv_sales_evs_2035,2030,Some_Drivers_Larger,High_Income,Suburban,SUV,PHEV_25,0.0
ldv_sales_evs_2035,2030,Some_Drivers_Larger,High_Income,Suburban,SUV,PHEV_50,1072.2924472459854
ldv_sales_evs_2035,2030,Some_Drivers_Larger,High_Income,Urban,Compact,BEV_100,0.0
ldv_sales_evs_2035,2030,Some_Drivers_Larger,High_Income,Urban,Compact,BEV_300,0.0
ldv_sales_evs_2035,2030,Some_Drivers_Larger,High_Income,Urban,Compact,PHEV_25,0.0
ldv_sales_evs_2035,2030,Some_Drivers_Larger,High_Income,Urban,Compact,PHEV_50,0.0
ldv_sales_evs_2035,2030,Some_Drivers_Larger,High_Income,Urban,Midsize,BEV_100,0.0
ldv_sales_evs_2035,2030,Some_Drivers_Larger,High_Income,Urban,Midsize,BEV_300,0.0
ldv_sales_evs_2035,2030,Some_Drivers_Larger,High_Income,Urban,Midsize,PHEV_25,0.0
ldv_sales_evs_2035,2030,Some_Drivers_Larger,High_Income,Urban,Midsize,PHEV_50,0.0
ldv_sales_evs_2035,2030,Some_Drivers_Larger,High_Income,Urban,Pickup,BEV_100,0.0
ldv_sales_evs_2035,2030,Some_Drivers_Larger,High_Income,Urban,Pickup,BEV_300,0.0
ldv_sales_evs_2035,2030,Some_Drivers_Larger,High_Income,Urban,Pickup,PHEV_25,0.0
ldv_sales_evs_2035,2030,Some_Drivers_Larger,High_Income,Urban,Pickup,PHEV_50,0.0
ldv_sales_evs_2035,2030,Some_Drivers_Larger,High_Income,Urban,SUV,BEV_100,0.0
ldv_sales_evs_2035,2030,Some_Drivers_Larger,High_Income,Urban,SUV,BEV_300,0.0
ldv_sales_evs_2035,2030,Some_Drivers_Larger,High_Income,Urban,SUV,PHEV_25,0.0
ldv_sales_evs_2035,2030,Some_Drivers_Larger,High_Income,Urban,SUV,PHEV_50,0.0
ldv_sales_evs_2035,2030,Some_Drivers_Larger,Low_Income,Rural,Compact,BEV_100,0.0
ldv_sales_evs_2035,2030,Some_Drivers_Larger,Low_Income,Rural,Compact,BEV_300,0.0
ldv_sales_evs_2035,2030,Some_Drivers_Larger,Low_Income,Rural,Compact,PHEV_25,0.0
ldv_sales_evs_2035,2030,Some_Drivers_Larger,Low_Income,Rural,Compact,PHEV_50,0.0
ldv_sales_evs_2035,2030,Some_Drivers_Larger,Low_Income,Rural,Midsize,BEV_100,0.0
ldv_sales_evs_2035,2030,Some_Drivers_Larger,Low_Income,Rural,Midsize,BEV_300,330.2858607726693
ldv_sales_evs_2035,2030,Some_Drivers_Larger,Low_Income,Rural,Midsize,PHEV_25,0.0
ldv_sales_evs_2035,2030,Some_Drivers_Larger,Low_Income,Rural,Midsize,PHEV_50,122.67392524069548
ldv_sales_evs_2035,2030,Some_Drivers_Larger,Low_Income,Rural,Pickup,BEV_100,0.0
ldv_sales_evs_2035,2030,Some_Drivers_Larger,Low_Income,Rural,Pickup,BEV_300,0.0
ldv_sales_evs_2035,2030,Some_Drivers_Larger,Low_Income,Rural,Pickup,PHEV_25,0.0
ldv_sales_evs_2035,2030,Some_Drivers_Larger,Low_Income,Rural,Pickup,PHEV_50,815.3984232196808
ldv_sales_evs_2035,2030,Some_Drivers_Larger,Low_Income,Rural,SUV,BEV_100,0.0
ldv_sales_evs_2035,2030,Some_Drivers_Larger,Low_Income,Rural,SUV,BEV_300,0.0
ldv_sales_evs_2035,2030,Some_Drivers_Larger,Low_Income,Rural,SUV,PHEV_25,0.0
ldv_sales_evs_2035,2030,Some_Drivers_Larger,Low_Income,Rural,SUV,PHEV_50,1067.164203298092
ldv_sales_evs_2035,2030,Some_Drivers_Larger,Low_Income,Second_City,Compact,BEV_100,57.60569361197949
ldv_sales_evs_2035,2030,Some_Drivers_Larger,Low_Income,Second_City,Compact,BEV_300,0.0
ldv_sales_evs_2035,2030,Some_Drivers_Larger,Low_Income,Second_City,Compact,PHEV_25,54.90048229849339
ldv_sales_evs_2035,2030,Some_Drivers_Larger,Low_Income,Second_City,Compact,PHEV_50,96.36033883879334
ldv_sales_evs_2035,2030,Some_Drivers_Larger,Low_Income,Second_City,Midsize,BEV_100,0.0
ldv_sales_evs_2035,2030,Some_Drivers_Larger,Low_Income,Second_City,Midsize,BEV_300,0.0
ldv_sales_evs_2035,2030,Some_Drivers_Larger,Low_Income,Second_City,Midsize,PHEV_25,0.0
ldv_sales_evs_2035,2030,Some_Drivers_Larger,Low_Income,Second_City,Midsize,PHEV_50,68.55229708901048
ldv_sales_evs_2035,2030,Some_Drivers_Larger,Low_Income,Second_City,Pickup,BEV_100,0.0
ldv_sales_evs_2035,2030,Some_Drivers_Larger,Low_Income,Second_City,Pickup,BEV_300,0.0
ldv_sales_evs_2035,2030,Some_Drivers_Larger,Low_Income,Second_City,Pickup,PHEV_25,0.0
ldv_sales_evs_2035,2030,Some_Drivers_Larger,Low_Income,Second_City,Pickup,PHEV_50,0.0
ldv_sales_evs_2035,2030,Some_Drivers_Larger,Low_Income,Second_City,SUV,BEV_100,0.0
ldv_sales_evs_2035,2030,Some_Drivers_Larger,Low_Income,Second_City,SUV,BEV_300,0.0
ldv_sales_evs_2035,2030,Some_Drivers_Larger,Low_Income,Second_City,SUV,PHEV_25,0.0
ldv_sales_evs_2035,2030,Some_Drivers_Larger,Low_Income,Second_City,SUV,PHEV_50,265.4085546155572
ldv_sales_evs_2035,2030,Some_Drivers_Larger,Low_Income,Small_Town,Compact,BEV_100,0.0
ldv_sales_evs_2035,2030,Some_Drivers_Larger,Low_Income,Small_Town,Compact,BEV_300,0.0
ldv_sales_evs_2035,2030,Some_Drivers_Larger,Low_Income,Small_Town,Compact,PHEV_25,0.0
ldv_sales_evs_2035,2030,Some_Drivers_Larger,Low_Income,Small_Town,Compact,PHEV_50,0.0
ldv_sales_evs_2035,2030,Some_Drivers_Larger,Low_Income,Small_Town,Midsize,BEV_100,0.0
ldv_sales_evs_2035,2030,Some_Drivers_Larger,Low_Income,Small_Town,Midsize,BEV_300,0.0
ldv_sales_evs_2035,2030,Some_Drivers_Larger,Low_Income,Small_Town,Midsize,PHEV_25,0.0
ldv_sales_evs_2035,2030,Some_Drivers_Larger,Low_Income,Small_Town,Midsize,PHEV_50,117.01550926005841
ldv_sales_evs_2035,2030,Some_Drivers_Larger,Low_Income,Small_Town,Pickup,BEV_100,0.0
ldv_sales_evs_2035,2030,Some_Drivers_Larger,Low_Income,Small_Town,Pickup,BEV_300,174.9315389586687
ldv_sales_evs_2035,2030,Some_Drivers_Larger,Low_Income,Small_Town,Pickup,PHEV_25,0.0
ldv_sales_evs_2035,2030,Some_Drivers_Larger,Low_Income,Small_Town,Pickup,PHEV_50,22.78666539978981
ldv_sales_evs_2035,2030,Some_Drivers_Larger,Low_Income,Small_Town,SUV,BEV_100,0.0
ldv_sales_evs_2035,2030,Some_Drivers_Larger,Low_Income,Small_Town,SUV,BEV_300,124.2002462386787
ldv_sales_evs_2035,2030,Some_Drivers_Larger,Low_Income,Small_Town,SUV,PHEV_25,0.0
ldv_sales_evs_2035,2030,Some_Drivers_Larger,Low_Income,Small_Town,SUV,PHEV_50,124.74481783977151
ldv_sales_evs_2035,2030,Some_Drivers_Larger,Low_Income,Suburban,Compact,BEV_100,0.0
ldv_sales_evs_2035,2030,Some_Drivers_Larger,Low_Income,Suburban,Compact,BEV_300,0.0
ldv_sales_evs_2035,2030,Some_Drivers_Larger,Low_Income,Suburban,Compact,PHEV_25,0.0
ldv_sales_evs_2035,2030,Some_Drivers_Larger,Low_Income,Suburban,Compact,PHEV_50,48.418008008778095
ldv_sales_evs_2035,2030,Some_Drivers_Larger,Low_Income,Suburban,Midsize,BEV_100,0.0
ldv_sales_evs_2035,2030,Some_Drivers_Larger,Low_Income,Suburban,Midsize,BEV_300,0.0
ldv_sales_evs_2035,2030,Some_Drivers_Larger,Low_Income,Suburban,Midsize,PHEV_25,0.0
ldv_sales_evs_2035,2030,Some_Drivers_Larger,Low_Income,Suburban,Midsize,PHEV_50,283.8654597608447
ldv_sales_evs_2035,2030,Some_Drivers_Larger,Low_Income,Suburban,Pickup,BEV_100,0.0
ldv_sales_evs_2035,2030,Some_Drivers_Larger,Low_Income,Suburban,Pickup,BEV_300,0.0
ldv_sales_evs_2035,2030,Some_Drivers_Larger,Low_Income,Suburban,Pickup,PHEV_25,0.0
ldv_sales_evs_2035,2030,Some_Drivers_Larger,Low_Income,Suburban,Pickup,PHEV_50,0.0
ldv_sales_evs_2035,2030,Some_Drivers_Larger,Low_Income,Suburban,SUV,BEV_100,0.0
ldv_sales_evs_2035,2030,Some_Drivers_Larger,Low_Income,Suburban,SUV,BEV_300,56.04421683324873
ldv_sales_evs_2035,2030,Some_Drivers_Larger,Low_Income,Suburban,SUV,PHEV_25,0.0
ldv_sales_evs_2035,2030,Some_Drivers_Larger,Low_Income,Suburban,SUV,PHEV_50,94.83054528657766
ldv_sales_evs_2035,2030,Some_Drivers_Larger,Low_Income,Urban,Compact,BEV_100,0.0
ldv_sales_evs_2035,2030,Some_Drivers_Larger,Low_Income,Urban,Compact,BEV_300,0.0
ldv_sales_evs_2035,2030,Some_Drivers_Larger,Low_Income,Urban,Compact,PHEV_25,0.0
ldv_sales_evs_2035,2030,Some_Drivers_Larger,Low_Income,Urban,Compact,PHEV_50,0.0
ldv_sales_evs_2035,2030,Some_Drivers_Larger,Low_Income,Urban,Midsize,BEV_100,0.0
ldv_sales_evs_2035,2030,Some_Drivers_Larger,Low_Income,Urban,Midsize,BEV_300,0.0
ldv_sales_evs_2035,2030,Some_Drivers_Larger,Low_Income,Urban,Midsize,PHEV_25,0.0
ldv_sales_evs_2035,2030,Some_Drivers_Larger,Low_Income,Urban,Midsize,PHEV_50,0.0
ldv_sales_evs_2035,2030,Some_Drivers_Larger,Low_Income,Urban,Pickup,BEV_100,0.0
ldv_sales_evs_2035,2030,Some_Drivers_Larger,Low_Income,Urban,Pickup,BEV_300,0.0
ldv_sales_evs_2035,2030,Some_Drivers_Larger,Low_Income,Urban,Pickup,PHEV_25,0.0
ldv_sales_evs_2035,2030,Some_Drivers_Larger,Low_Income,Urban,Pickup,PHEV_50,0.0
ldv_sales_evs_2035,2030,Some_Drivers_Larger,Low_Income,Urban,SUV,BEV_100,0.0
ldv_sales_evs_2035,2030,Some_Drivers_Larger,Low_Income,Urban,SUV,BEV_300,0.0
ldv_sales_evs_2035,2030,Some_Drivers_Larger,Low_Income,Urban,SUV,PHEV_25,0.0
ldv_sales_evs_2035,2030,Some_Drivers_Larger,Low_Income,Urban,SUV,PHEV_50,0.0
ldv_sales_evs_2035,2030,Some_Drivers_Larger,Middle_Income,Rural,Compact,BEV_100,0.0
ldv_sales_evs_2035,2030,Some_Drivers_Larger,Middle_Income,Rural,Compact,BEV_300,0.0
ldv_sales_evs_2035,2030,Some_Drivers_Larger,Middle_Income,Rural,Compact,PHEV_25,0.0
ldv_sales_evs_2035,2030,Some_Drivers_Larger,Middle_Income,Rural,Compact,PHEV_50,394.7606492697001
ldv_sales_evs_2035,2030,Some_Drivers_Larger,Middle_Income,Rural,Midsize,BEV_100,0.0
ldv_sales_evs_2035,2030,Some_Drivers_Larger,Middle_Income,Rural,Midsize,BEV_300,0.0
ldv_sales_evs_2035,2030,Some_Drivers_Larger,Middle_Income,Rural,Midsize,PHEV_25,0.0
ldv_sales_evs_2035,2030,Some_Drivers_Larger,Middle_Income,Rural,Midsize,PHEV_50,2050.221403076172
ldv_sales_evs_2035,2030,Some_Drivers_Larger,Middle_Income,Rural,Pickup,BEV_100,0.0
ldv_sales_evs_2035,2030,Some_Drivers_Larger,Middle_Income,Rural,Pickup,BEV_300,0.0
ldv_sales_evs_2035,2030,Some_Drivers_Larger,Middle_Income,Rural,Pickup,PHEV_25,0.0
ldv_sales_evs_2035,2030,Some_Drivers_Larger,Middle_Income,Rural,Pickup,PHEV_50,714.7469469594955
ldv_sales_evs_2035,2030,Some_Drivers_Larger,Middle_Income,Rural,SUV,BEV_100,0.0
ldv_sales_evs_2035,2030,Some_Drivers_Larger,Middle_Income,Rural,SUV,BEV_300,0.0
ldv_sales_evs_2035,2030,Some_Drivers_Larger,Middle_Income,Rural,SUV,PHEV_25,0.0
ldv_sales_evs_2035,2030,Some_Drivers_Larger,Middle_Income,Rural,SUV,PHEV_50,1891.0380592867136
ldv_sales_evs_2035,2030,Some_Drivers_Larger,Middle_Income,Second_City,Compact,BEV_100,0.0
ldv_sales_evs_2035,2030,Some_Drivers_Larger,Middle_Income,Second_City,Compact,BEV_300,0.0
ldv_sales_evs_2035,2030,Some_Drivers_Larger,Middle_Income,Second_City,Compact,PHEV_25,0.0
ldv_sales_evs_2035,2030,Some_Drivers_Larger,Middle_Income,Second_City,Compact,PHEV_50,58.26627283149958
ldv_sales_evs_2035,2030,Some_Drivers_Larger,Middle_Income,Second_City,Midsize,BEV_100,0.0
ldv_sales_evs_2035,2030,Some_Drivers_Larger,Middle_Income,Second_City,Midsize,BEV_300,87.49494579601289
ldv_sales_evs_2035,2030,Some_Drivers_Larger,Middle_Income,Second_City,Midsize,PHEV_25,0.0
ldv_sales_evs_2035,2030,Some_Drivers_Larger,Middle_Income,Second_City,Midsize,PHEV_50,0.0
ldv_sales_evs_2035,2030,Some_Drivers_Larger,Middle_Income,Second_City,Pickup,BEV_100,0.0
ldv_sales_evs_2035,2030,Some_Drivers_Larger,Middle_Income,Second_City,Pickup,BEV_300,0.0
ldv_sales_evs_2035,2030,Some_Drivers_Larger,Middle_Income,Second_City,Pickup,PHEV_25,0.0
ldv_sales_evs_2035,2030,Some_Drivers_Larger,Middle_Income,Second_City,Pickup,PHEV_50,65.09180819129944
ldv_sales_evs_2035,2030,Some_Drivers_Larger,Middle_Income,Second_City,SUV,BEV_100,0.0
ldv_sales_evs_2035,2030,Some_Drivers_Larger,Middle_Income,Second_City,SUV,BEV_300,0.0
ldv_sales_evs_2035,2030,Some_Drivers_Larger,Middle_Income,Second_City,SUV,PHEV_25,0.0
ldv_sales_evs_2035,2030,Some_Drivers_Larger,Middle_Income,Second_City,SUV,PHEV_50,179.73164959350228
ldv_sales_evs_2035,2030,Some_Drivers_Larger,Middle_Income,Small_Town,Compact,BEV_100,0.0
ldv_sales_evs_2035,2030,Some_Drivers_Larger,Middle_Income,Small_Town,Compact,BEV_300,0.0
ldv_sales_evs_2035,2030,Some_Drivers_Larger,Middle_Income,Small_Town,Compact,PHEV_25,0.0
ldv_sales_evs_2035,2030,Some_Drivers_Larger,Middle_Income,Small_Town,Compact,PHEV_50,56.528453138937245
ldv_sales_evs_2035,2030,Some_Drivers_Larger,Middle_Income,Small_Town,Midsize,BEV_100,0.0
ldv_sales_evs_2035,2030,Some_Drivers_Larger,Middle_Income,Small_Town,Midsize,BEV_300,98.48472199313343
ldv_sales_evs_2035,2030,Some_Drivers_Larger,Middle_Income,Small_Town,Midsize,PHEV_25,0.0
ldv_sales_evs_2035,2030,Some_Drivers_Larger,Middle_Income,Small_Town,Midsize,PHEV_50,251.80691082578898
ldv_sales_evs_2035,2030,Some_Drivers_Larger,Middle_Income,Small_Town,Pickup,BEV_100,0.0
ldv_sales_evs_2035,2030,Some_Drivers_Larger,Middle_Income,Small_Town,Pickup,BEV_300,0.0
ldv_sales_evs_2035,2030,Some_Drivers_Larger,Middle_Income,Small_Town,Pickup,PHEV_25,0.0
ldv_sales_evs_2035,2030,Some_Drivers_Larger,Middle_Income,Small_Town,Pickup,PHEV_50,0.0
ldv_sales_evs_2035,2030,Some_Drivers_Larger,Middle_Income,Small_Town,SUV,BEV_100,0.0
ldv_sales_evs_2035,2030,Some_Drivers_Larger,Middle_Income,Small_Town,SUV,BEV_300,52.844080818578604
ldv_sales_evs_2035,2030,Some_Drivers_Larger,Middle_Income,Small_Town,SUV,PHEV_25,0.0
ldv_sales_evs_2035,2030,Some_Drivers_Larger,Middle_Income,Small_Town,SUV,PHEV_50,861.7147809771895
ldv_sales_evs_2035,2030,Some_Drivers_Larger,Middle_Income,Suburban,Compact,BEV_100,0.0
ldv_sales_evs_2035,2030,Some_Drivers_Larger,Middle_Income,Suburban,Compact,BEV_300,0.0
ldv_sales_evs_2035,2030,Some_Drivers_Larger,Middle_Income,Suburban,Compact,PHEV_25,70.80883223176002
ldv_sales_evs_2035,2030,Some_Drivers_Larger,Middle_Income,Suburban,Compact,PHEV_50,125.49394362691045
ldv_sales_evs_2035,2030,Some_Drivers_Larger,Middle_Income,Suburban,Midsize,BEV_100,0.0
ldv_sales_evs_2035,2030,Some_Drivers_Larger,Middle_Income,Suburban,Midsize,BEV_300,0.0
ldv_sales_evs_2035,2030,Some_Drivers_Larger,Middle_Income,Suburban,Midsize,PHEV_25,0.0
ldv_sales_evs_2035,2030,Some_Drivers_Larger,Middle_Income,Suburban,Midsize,PHEV_50,168.09702460098268
ldv_sales_evs_2035,2030,Some_Drivers_Larger,Middle_Income,Suburban,Pickup,BEV_100,0.0
ldv_sales_evs_2035,2030,Some_Drivers_Larger,Middle_Income,Suburban,Pickup,BEV_300,0.0
ldv_sales_evs_2035,2030,Some_Drivers_Larger,Middle_Income,Suburban,Pickup,PHEV_25,0.0
ldv_sales_evs_2035,2030,Some_Drivers_Larger,Middle_Income,Suburban,Pickup,PHEV_50,456.9267017016411
ldv_sales_evs_2035,2030,Some_Drivers_Larger,Middle_Income,Suburban,SUV,BEV_100,0.0
ldv_sales_evs_2035,2030,Some_Drivers_Larger,Middle_Income,Suburban,SUV,BEV_300,173.69346948641538
ldv_sales_evs_2035,2030,Some_Drivers_Larger,Middle_Income,Suburban,SUV,PHEV_25,0.0
ldv_sales_evs_2035,2030,Some_Drivers_Larger,Middle_Income,Suburban,SUV,PHEV_50,833.9099414438606
ldv_sales_evs_2035,2030,Some_Drivers_Larger,Middle_Income,Urban,Compact,BEV_100,0.0
ldv_sales_evs_2035,2030,Some_Drivers_Larger,Middle_Income,Urban,Compact,BEV_300,0.0
ldv_sales_evs_2035,2030,Some_Drivers_Larger,Middle_Income,Urban,Compact,PHEV_25,0.0
ldv_sales_evs_2035,2030,Some_Drivers_Larger,Middle_Income,Urban,Compact,PHEV_50,0.0
ldv_sales_evs_2035,2030,Some_Drivers_Larger,Middle_Income,Urban,Midsize,BEV_100,0.0
ldv_sales_evs_2035,2030,Some_Drivers_Larger,Middle_Income,Urban,Midsize,BEV_300,0.0
ldv_sales_evs_2035,2030,Some_Drivers_Larger,Middle_Income,Urban,Midsize,PHEV_25,0.0
ldv_sales_evs_2035,2030,Some_Drivers_Larger,Middle_Income,Urban,Midsize,PHEV_50,0.0
ldv_sales_evs_2035,2030,Some_Drivers_Larger,Middle_Income,Urban,Pickup,BEV_100,0.0
ldv_sales_evs_2035,2030,Some_Drivers_Larger,Middle_Income,Urban,Pickup,BEV_300,0.0
ldv_sales_evs_2035,2030,Some_Drivers_Larger,Middle_Income,Urban,Pickup,PHEV_25,0.0
ldv_sales_evs_2035,2030,Some_Drivers_Larger,Middle_Income,Urban,Pickup,PHEV_50,0.0
ldv_sales_evs_2035,2030,Some_Drivers_Larger,Middle_Income,Urban,SUV,BEV_100,0.0
ldv_sales_evs_2035,2030,Some_Drivers_Larger,Middle_Income,Urban,SUV,BEV_300,0.0
ldv_sales_evs_2035,2030,Some_Drivers_Larger,Middle_Income,Urban,SUV,PHEV_25,0.0
ldv_sales_evs_2035,2030,Some_Drivers_Larger,Middle_Income,Urban,SUV,PHEV_50,0.0
ldv_sales_evs_2035,2030,Some_Drivers_Smaller,High_Income,Rural,Compact,BEV_100,0.0
ldv_sales_evs_2035,2030,Some_Drivers_Smaller,High_Income,Rural,Compact,BEV_300,0.0
ldv_sales_evs_2035,2030,Some_Drivers_Smaller,High_Income,Rural,Compact,PHEV_25,133.97670470912755
ldv_sales_evs_2035,2030,Some_Drivers_Smaller,High_Income,Rural,Compact,PHEV_50,0.0
ldv_sales_evs_2035,2030,Some_Drivers_Smaller,High_Income,Rural,Midsize,BEV_100,0.0
ldv_sales_evs_2035,2030,Some_Drivers_Smaller,High_Income,Rural,Midsize,BEV_300,0.0
ldv_sales_evs_2035,2030,Some_Drivers_Smaller,High_Income,Rural,Midsize,PHEV_25,0.0
ldv_sales_evs_2035,2030,Some_Drivers_Smaller,High_Income,Rural,Midsize,PHEV_50,0.0
ldv_sales_evs_2035,2030,Some_Drivers_Smaller,High_Income,Rural,Pickup,BEV_100,0.0
ldv_sales_evs_2035,2030,Some_Drivers_Smaller,High_Income,Rural,Pickup,BEV_300,0.0
ldv_sales_evs_2035,2030,Some_Drivers_Smaller,High_Income,Rural,Pickup,PHEV_25,0.0
ldv_sales_evs_2035,2030,Some_Drivers_Smaller,High_Income,Rural,Pickup,PHEV_50,0.0
ldv_sales_evs_2035,2030,Some_Drivers_Smaller,High_Income,Rural,SUV,BEV_100,262.28526862204075
ldv_sales_evs_2035,2030,Some_Drivers_Smaller,High_Income,Rural,SUV,BEV_300,0.0
ldv_sales_evs_2035,2030,Some_Drivers_Smaller,High_Income,Rural,SUV,PHEV_25,0.0
ldv_sales_evs_2035,2030,Some_Drivers_Smaller,High_Income,Rural,SUV,PHEV_50,1070.5204797534943
ldv_sales_evs_2035,2030,Some_Drivers_Smaller,High_Income,Second_City,Compact,BEV_100,0.0
ldv_sales_evs_2035,2030,Some_Drivers_Smaller,High_Income,Second_City,Compact,BEV_300,0.0
ldv_sales_evs_2035,2030,Some_Drivers_Smaller,High_Income,Second_City,Compact,PHEV_25,0.0
ldv_sales_evs_2035,2030,Some_Drivers_Smaller,High_Income,Second_City,Compact,PHEV_50,0.0
ldv_sales_evs_2035,2030,Some_Drivers_Smaller,High_Income,Second_City,Midsize,BEV_100,0.0
ldv_sales_evs_2035,2030,Some_Drivers_Smaller,High_Income,Second_City,Midsize,BEV_300,0.0
ldv_sales_evs_2035,2030,Some_Drivers_Smaller,High_Income,Second_City,Midsize,PHEV_25,0.0
ldv_sales_evs_2035,2030,Some_Drivers_Smaller,High_Income,Second_City,Midsize,PHEV_50,0.0
ldv_sales_evs_2035,2030,Some_Drivers_Smaller,High_Income,Second_City,Pickup,BEV_100,0.0
ldv_sales_evs_2035,2030,Some_Drivers_Smaller,High_Income,Second_City,Pickup,BEV_300,0.0
ldv_sales_evs_2035,2030,Some_Drivers_Smaller,High_Income,Second_City,Pickup,PHEV_25,0.0
ldv_sales_evs_2035,2030,Some_Drivers_Smaller,High_Income,Second_City,Pickup,PHEV_50,0.0
ldv_sales_evs_2035,2030,Some_Drivers_Smaller,High_Income,Second_City,SUV,BEV_100,0.0
ldv_sales_evs_2035,2030,Some_Drivers_Smaller,High_Income,Second_City,SUV,BEV_300,0.0
ldv_sales_evs_2035,2030,Some_Drivers_Smaller,High_Income,Second_City,SUV,PHEV_25,0.0
ldv_sales_evs_2035,2030,Some_Drivers_Smaller,High_Income,Second_City,SUV,PHEV_50,38.71220206515491
ldv_sales_evs_2035,2030,Some_Drivers_Smaller,High_Income,Small_Town,Compact,BEV_100,0.0
ldv_sales_evs_2035,2030,Some_Drivers_Smaller,High_Income,Small_Town,Compact,BEV_300,0.0
ldv_sales_evs_2035,2030,Some_Drivers_Smaller,High_Income,Small_Town,Compact,PHEV_25,0.0
ldv_sales_evs_2035,2030,Some_Drivers_Smaller,High_Income,Small_Town,Compact,PHEV_50,122.35845773823186
ldv_sales_evs_2035,2030,Some_Drivers_Smaller,High_Income,Small_Town,Midsize,BEV_100,0.0
ldv_sales_evs_2035,2030,Some_Drivers_Smaller,High_Income,Small_Town,Midsize,BEV_300,34.520001371383664
ldv_sales_evs_2035,2030,Some_Drivers_Smaller,High_Income,Small_Town,Midsize,PHEV_25,0.0
ldv_sales_evs_2035,2030,Some_Drivers_Smaller,High_Income,Small_Town,Midsize,PHEV_50,66.04447558116912
ldv_sales_evs_2035,2030,Some_Drivers_Smaller,High_Income,Small_Town,Pickup,BEV_100,0.0
ldv_sales_evs_2035,2030,Some_Drivers_Smaller,High_Income,Small_Town,Pickup,BEV_300,0.0
ldv_sales_evs_2035,2030,Some_Drivers_Smaller,High_Income,Small_Town,Pickup,PHEV_25,0.0
ldv_sales_evs_2035,2030,Some_Drivers_Smaller,High_Income,Small_Town,Pickup,PHEV_50,104.12279314732551
ldv_sales_evs_2035,2030,Some_Drivers_Smaller,High_Income,Small_Town,SUV,BEV_100,0.0
ldv_sales_evs_2035,2030,Some_Drivers_Smaller,High_Income,Small_Town,SUV,BEV_300,99.81560468071699
ldv_sales_evs_2035,2030,Some_Drivers_Smaller,High_Income,Small_Town,SUV,PHEV_25,0.0
ldv_sales_evs_2035,2030,Some_Drivers_Smaller,High_Income,Small_Town,SUV,PHEV_50,405.94128241145614
ldv_sales_evs_2035,2030,Some_Drivers_Smaller,High_Income,Suburban,Compact,BEV_100,0.0
ldv_sales_evs_2035,2030,Some_Drivers_Smaller,High_Income,Suburban,Compact,BEV_300,0.0
ldv_sales_evs_2035,2030,Some_Drivers_Smaller,High_Income,Suburban,Compact,PHEV_25,0.0
ldv_sales_evs_2035,2030,Some_Drivers_Smaller,High_Income,Suburban,Compact,PHEV_50,95.78627855738998
ldv_sales_evs_2035,2030,Some_Drivers_Smaller,High_Income,Suburban,Midsize,BEV_100,72.87498353862763
ldv_sales_evs_2035,2030,Some_Drivers_Smaller,High_Income,Suburban,Midsize,BEV_300,0.0
ldv_sales_evs_2035,2030,Some_Drivers_Smaller,High_Income,Suburban,Midsize,PHEV_25,0.0
ldv_sales_evs_2035,2030,Some_Drivers_Smaller,High_Income,Suburban,Midsize,PHEV_50,220.77289939627053
ldv_sales_evs_2035,2030,Some_Drivers_Smaller,High_Income,Suburban,Pickup,BEV_100,0.0
ldv_sales_evs_2035,2030,Some_Drivers_Smaller,High_Income,Suburban,Pickup,BEV_300,0.0
ldv_sales_evs_2035,2030,Some_Drivers_Smaller,High_Income,Suburban,Pickup,PHEV_25,0.0
ldv_sales_evs_2035,2030,Some_Drivers_Smaller,High_Income,Suburban,Pickup,PHEV_50,157.2741243326664
ldv_sales_evs_2035,2030,Some_Drivers_Smaller,High_Income,Suburban,SUV,BEV_100,0.0
ldv_sales_evs_2035,2030,Some_Drivers_Smaller,High_Income,Suburban,SUV,BEV_300,78.38345385276153
ldv_sales_evs_2035,2030,Some_Drivers_Smaller,High_Income,Suburban,SUV,PHEV_25,87.30061303251982
ldv_sales_evs_2035,2030,Some_Drivers_Smaller,High_Income,Suburban,SUV,PHEV_50,597.4250152925254
ldv_sales_evs_2035,2030,Some_Drivers_Smaller,High_Income,Urban,Compact,BEV_100,0.0
ldv_sales_evs_2035,2030,Some_Drivers_Smaller,High_Income,Urban,Compact,BEV_300,0.0
ldv_sales_evs_2035,2030,Some_Drivers_Smaller,High_Income,Urban,Compact,PHEV_25,0.0
ldv_sales_evs_2035,2030,Some_Drivers_Smaller,High_Income,Urban,Compact,PHEV_50,0.0
ldv_sales_evs_2035,2030,Some_Drivers_Smaller,High_Income,Urban,Midsize,BEV_100,0.0
ldv_sales_evs_2035,2030,Some_Drivers_Smaller,High_Income,Urban,Midsize,BEV_300,0.0
ldv_sales_evs_2035,2030,Some_Drivers_Smaller,High_Income,Urban,Midsize,PHEV_25,0.0
ldv_sales_evs_2035,2030,Some_Drivers_Smaller,High_Income,Urban,Midsize,PHEV_50,0.0
ldv_sales_evs_2035,2030,Some_Drivers_Smaller,High_Income,Urban,Pickup,BEV_100,0.0
ldv_sales_evs_2035,2030,Some_Drivers_Smaller,High_Income,Urban,Pickup,BEV_300,0.0
ldv_sales_evs_2035,2030,Some_Drivers_Smaller,High_Income,Urban,Pickup,PHEV_25,0.0
ldv_sales_evs_2035,2030,Some_Drivers_Smaller,High_Income,Urban,Pickup,PHEV_50,0.0
ldv_sales_evs_2035,2030,Some_Drivers_Smaller,High_Income,Urban,SUV,BEV_100,0.0
ldv_sales_evs_2035,2030,Some_Drivers_Smaller,High_Income,Urban,SUV,BEV_300,0.0
ldv_sales_evs_2035,2030,Some_Drivers_Smaller,High_Income,Urban,SUV,PHEV_25,0.0
ldv_sales_evs_2035,2030,Some_Drivers_Smaller,High_Income,Urban,SUV,PHEV_50,0.0
ldv_sales_evs_2035,2030,Some_Drivers_Smaller,Low_Income,Rural,Compact,BEV_100,0.0
ldv_sales_evs_2035,2030,Some_Drivers_Smaller,Low_Income,Rural,Compact,BEV_300,0.0
ldv_sales_evs_2035,2030,Some_Drivers_Smaller,Low_Income,Rural,Compact,PHEV_25,0.0
ldv_sales_evs_2035,2030,Some_Drivers_Smaller,Low_Income,Rural,Compact,PHEV_50,0.0
ldv_sales_evs_2035,2030,Some_Drivers_Smaller,Low_Income,Rural,Midsize,BEV_100,0.0
ldv_sales_evs_2035,2030,Some_Drivers_Smaller,Low_Income,Rural,Midsize,BEV_300,0.0
ldv_sales_evs_2035,2030,Some_Drivers_Smaller,Low_Income,Rural,Midsize,PHEV_25,0.0
ldv_sales_evs_2035,2030,Some_Drivers_Smaller,Low_Income,Rural,Midsize,PHEV_50,891.0725779447556
ldv_sales_evs_2035,2030,Some_Drivers_Smaller,Low_Income,Rural,Pickup,BEV_100,0.0
ldv_sales_evs_2035,2030,Some_Drivers_Smaller,Low_Income,Rural,Pickup,BEV_300,0.0
ldv_sales_evs_2035,2030,Some_Drivers_Smaller,Low_Income,Rural,Pickup,PHEV_25,65.83300641822815
ldv_sales_evs_2035,2030,Some_Drivers_Smaller,Low_Income,Rural,Pickup,PHEV_50,235.14993591117857
ldv_sales_evs_2035,2030,Some_Drivers_Smaller,Low_Income,Rural,SUV,BEV_100,0.0
ldv_sales_evs_2035,2030,Some_Drivers_Smaller,Low_Income,Rural,SUV,BEV_300,251.01464192318917
ldv_sales_evs_2035,2030,Some_Drivers_Smaller,Low_Income,Rural,SUV,PHEV_25,0.0
ldv_sales_evs_2035,2030,Some_Drivers_Smaller,Low_Income,Rural,SUV,PHEV_50,320.8204807651043
ldv_sales_evs_2035,2030,Some_Drivers_Smaller,Low_Income,Second_City,Compact,BEV_100,0.0
ldv_sales_evs_2035,2030,Some_Drivers_Smaller,Low_Income,Second_City,Compact,BEV_300,0.0
ldv_sales_evs_2035,2030,Some_Drivers_Smaller,Low_Income,Second_City,Compact,PHEV_25,42.75032131433487
ldv_sales_evs_2035,2030,Some_Drivers_Smaller,Low_Income,Second_City,Compact,PHEV_50,0.0
ldv_sales_evs_2035,2030,Some_Drivers_Smaller,Low_Income,Second_City,Midsize,BEV_100,0.0
ldv_sales_evs_2035,2030,Some_Drivers_Smaller,Low_Income,Second_City,Midsize,BEV_300,150.77282701289656
ldv_sales_evs_2035,2030,Some_Drivers_Smaller,Low_Income,Second_City,Midsize,PHEV_25,0.0
ldv_sales_evs_2035,2030,Some_Drivers_Smaller,Low_Income,Second_City,Midsize,PHEV_50,126.87585814148188
ldv_sales_evs_2035,2030,Some_Drivers_Smaller,Low_Income,Second_City,Pickup,BEV_100,0.0
ldv_sales_evs_2035,2030,Some_Drivers_Smaller,Low_Income,Second_City,Pickup,BEV_300,0.0
ldv_sales_evs_2035,2030,Some_Drivers_Smaller,Low_Income,Second_City,Pickup,PHEV_25,0.0
ldv_sales_evs_2035,2030,Some_Drivers_Smaller,Low_Income,Second_City,Pickup,PHEV_50,0.0
ldv_sales_evs_2035,2030,Some_Drivers_Smaller,Low_Income,Second_City,SUV,BEV_100,0.0
ldv_sales_evs_2035,2030,Some_Drivers_Smaller,Low_Income,Second_City,SUV,BEV_300,0.0
ldv_sales_evs_2035,2030,Some_Drivers_Smaller,Low_Income,Second_City,SUV,PHEV_25,0.0
ldv_sales_evs_2035,2030,Some_Drivers_Smaller,Low_Income,Second_City,SUV,PHEV_50,61.83237913383544
ldv_sales_evs_2035,2030,Some_Drivers_Smaller,Low_Income,Small_Town,Compact,BEV_100,0.0
ldv_sales_evs_2035,2030,Some_Drivers_Smaller,Low_Income,Small_Town,Compact,BEV_300,0.0
ldv_sales_evs_2035,2030,Some_Drivers_Smaller,Low_Income,Small_Town,Compact,PHEV_25,0.0
ldv_sales_evs_2035,2030,Some_Drivers_Smaller,Low_Income,Small_Town,Compact,PHEV_50,0.0
ldv_sales_evs_2035,2030,Some_Drivers_Smaller,Low_Income,Small_Town,Midsize,BEV_100,0.0
ldv_sales_evs_2035,2030,Some_Drivers_Smaller,Low_Income,Small_Town,Midsize,BEV_300,0.0
ldv_sales_evs_2035,2030,Some_Drivers_Smaller,Low_Income,Small_Town,Midsize,PHEV_25,0.0
ldv_sales_evs_2035,2030,Some_Drivers_Smaller,Low_Income,Small_Town,Midsize,PHEV_50,106.01552190700174
ldv_sales_evs_2035,2030,Some_Drivers_Smaller,Low_Income,Small_Town,Pickup,BEV_100,0.0
ldv_sales_evs_2035,2030,Some_Drivers_Smaller,Low_Income,Small_Town,Pickup,BEV_300,0.0
ldv_sales_evs_2035,2030,Some_Drivers_Smaller,Low_Income,Small_Town,Pickup,PHEV_25,0.0
ldv_sales_evs_2035,2030,Some_Drivers_Smaller,Low_Income,Small_Town,Pickup,PHEV_50,0.0
ldv_sales_evs_2035,2030,Some_Drivers_Smaller,Low_Income,Small_Town,SUV,BEV_100,46.63334709614516
ldv_sales_evs_2035,2030,Some_Drivers_Smaller,Low_Income,Small_Town,SUV,BEV_300,26.187651357471943
ldv_sales_evs_2035,2030,Some_Drivers_Smaller,Low_Income,Small_Town,SUV,PHEV_25,0.0
ldv_sales_evs_2035,2030,Some_Drivers_Smaller,Low_Income,Small_Town,SUV,PHEV_50,59.12231288635731
ldv_sales_evs_2035,2030,Some_Drivers_Smaller,Low_Income,Suburban,Compact,BEV_100,0.0
ldv_sales_evs_2035,2030,Some_Drivers_Smaller,Low_Income,Suburban,Compact,BEV_300,0.0
ldv_sales_evs_2035,2030,Some_Drivers_Smaller,Low_Income,Suburban,Compact,PHEV_25,0.0
ldv_sales_evs_2035,2030,Some_Drivers_Smaller,Low_Income,Suburban,Compact,PHEV_50,0.0
ldv_sales_evs_2035,2030,Some_Drivers_Smaller,Low_Income,Suburban,Midsize,BEV_100,0.0
ldv_sales_evs_2035,2030,Some_Drivers_Smaller,Low_Income,Suburban,Midsize,BEV_300,0.0
ldv_sales_evs_2035,2030,Some_Drivers_Smaller,Low_Income,Suburban,Midsize,PHEV_25,0.0
ldv_sales_evs_2035,2030,Some_Drivers_Smaller,Low_Income,Suburban,Midsize,PHEV_50,81.47924793754518
ldv_sales_evs_2035,2030,Some_Drivers_Smaller,Low_Income,Suburban,Pickup,BEV_100,0.0
ldv_sales_evs_2035,2030,Some_Drivers_Smaller,Low_Income,Suburban,Pickup,BEV_300,0.0
ldv_sales_evs_2035,2030,Some_Drivers_Smaller,Low_Income,Suburban,Pickup,PHEV_25,0.0
ldv_sales_evs_2035,2030,Some_Drivers_Smaller,Low_Income,Suburban,Pickup,PHEV_50,0.0
ldv_sales_evs_2035,2030,Some_Drivers_Smaller,Low_Income,Suburban,SUV,BEV_100,0.0
ldv_sales_evs_2035,2030,Some_Drivers_Smaller,Low_Income,Suburban,SUV,BEV_300,120.02200154565276
ldv_sales_evs_2035,2030,Some_Drivers_Smaller,Low_Income,Suburban,SUV,PHEV_25,0.0
ldv_sales_evs_2035,2030,Some_Drivers_Smaller,Low_Income,Suburban,SUV,PHEV_50,150.4922930609584
ldv_sales_evs_2035,2030,Some_Drivers_Smaller,Low_Income,Urban,Compact,BEV_100,0.0
ldv_sales_evs_2035,2030,Some_Drivers_Smaller,Low_Income,Urban,Compact,BEV_300,0.0
ldv_sales_evs_2035,2030,Some_Drivers_Smaller,Low_Income,Urban,Compact,PHEV_25,0.0
ldv_sales_evs_2035,2030,Some_Drivers_Smaller,Low_Income,Urban,Compact,PHEV_50,0.0
ldv_sales_evs_2035,2030,Some_Drivers_Smaller,Low_Income,Urban,Midsize,BEV_100,0.0
ldv_sales_evs_2035,2030,Some_Drivers_Smaller,Low_Income,Urban,Midsize,BEV_300,0.0
ldv_sales_evs_2035,2030,Some_Drivers_Smaller,Low_Income,Urban,Midsize,PHEV_25,0.0
ldv_sales_evs_2035,2030,Some_Drivers_Smaller,Low_Income,Urban,Midsize,PHEV_50,0.0
ldv_sales_evs_2035,2030,Some_Drivers_Smaller,Low_Income,Urban,Pickup,BEV_100,0.0
ldv_sales_evs_2035,2030,Some_Drivers_Smaller,Low_Income,Urban,Pickup,BEV_300,0.0
ldv_sales_evs_2035,2030,Some_Drivers_Smaller,Low_Income,Urban,Pickup,PHEV_25,0.0
ldv_sales_evs_2035,2030,Some_Drivers_Smaller,Low_Income,Urban,Pickup,PHEV_50,0.0
ldv_sales_evs_2035,2030,Some_Drivers_Smaller,Low_Income,Urban,SUV,BEV_100,0.0
ldv_sales_evs_2035,2030,Some_Drivers_Smaller,Low_Income,Urban,SUV,BEV_300,0.0
ldv_sales_evs_2035,2030,Some_Drivers_Smaller,Low_Income,Urban,SUV,PHEV_25,0.0
ldv_sales_evs_2035,2030,Some_Drivers_Smaller,Low_Income,Urban,SUV,PHEV_50,0.0
ldv_sales_evs_2035,2030,Some_Drivers_Smaller,Middle_Income,Rural,Compact,BEV_100,0.0
ldv_sales_evs_2035,2030,Some_Drivers_Smaller,Middle_Income,Rural,Compact,BEV_300,0.0
ldv_sales_evs_2035,2030,Some_Drivers_Smaller,Middle_Income,Rural,Compact,PHEV_25,0.0
ldv_sales_evs_2035,2030,Some_Drivers_Smaller,Middle_Income,Rural,Compact,PHEV_50,429.63493694615363
ldv_sales_evs_2035,2030,Some_Drivers_Smaller,Middle_Income,Rural,Midsize,BEV_100,0.0
ldv_sales_evs_2035,2030,Some_Drivers_Smaller,Middle_Income,Rural,Midsize,BEV_300,0.0
ldv_sales_evs_2035,2030,Some_Drivers_Smaller,Middle_Income,Rural,Midsize,PHEV_25,0.0
ldv_sales_evs_2035,2030,Some_Drivers_Smaller,Middle_Income,Rural,Midsize,PHEV_50,0.0
ldv_sales_evs_2035,2030,Some_Drivers_Smaller,Middle_Income,Rural,Pickup,BEV_100,0.0
ldv_sales_evs_2035,2030,Some_Drivers_Smaller,Middle_Income,Rural,Pickup,BEV_300,0.0
ldv_sales_evs_2035,2030,Some_Drivers_Smaller,Middle_Income,Rural,Pickup,PHEV_25,0.0
ldv_sales_evs_2035,2030,Some_Drivers_Smaller,Middle_Income,Rural,Pickup,PHEV_50,601.6779353809357
ldv_sales_evs_2035,2030,Some_Drivers_Smaller,Middle_Income,Rural,SUV,BEV_100,0.0
ldv_sales_evs_2035,2030,Some_Drivers_Smaller,Middle_Income,Rural,SUV,BEV_300,0.0
ldv_sales_evs_2035,2030,Some_Drivers_Smaller,Middle_Income,Rural,SUV,PHEV_25,0.0
ldv_sales_evs_2035,2030,Some_Drivers_Smaller,Middle_Income,Rural,SUV,PHEV_50,3203.0561186695695
ldv_sales_evs_2035,2030,Some_Drivers_Smaller,Middle_Income,Second_City,Compact,BEV_100,0.0
ldv_sales_evs_2035,2030,Some_Drivers_Smaller,Middle_Income,Second_City,Compact,BEV_300,0.0
ldv_sales_evs_2035,2030,Some_Drivers_Smaller,Middle_Income,Second_City,Compact,PHEV_25,0.0
ldv_sales_evs_2035,2030,Some_Drivers_Smaller,Middle_Income,Second_City,Compact,PHEV_50,68.5186474967301
ldv_sales_evs_2035,2030,Some_Drivers_Smaller,Middle_Income,Second_City,Midsize,BEV_100,0.0
ldv_sales_evs_2035,2030,Some_Drivers_Smaller,Middle_Income,Second_City,Midsize,BEV_300,0.0
ldv_sales_evs_2035,2030,Some_Drivers_Smaller,Middle_Income,Second_City,Midsize,PHEV_25,0.0
ldv_sales_evs_2035,2030,Some_Drivers_Smaller,Middle_Income,Second_City,Midsize,PHEV_50,42.053700928397475
ldv_sales_evs_2035,2030,Some_Drivers_Smaller,Middle_Income,Second_City,Pickup,BEV_100,0.0
ldv_sales_evs_2035,2030,Some_Drivers_Smaller,Middle_Income,Second_City,Pickup,BEV_300,0.0
ldv_sales_evs_2035,2030,Some_Drivers_Smaller,Middle_Income,Second_City,Pickup,PHEV_25,0.0
ldv_sales_evs_2035,2030,Some_Drivers_Smaller,Middle_Income,Second_City,Pickup,PHEV_50,0.0
ldv_sales_evs_2035,2030,Some_Drivers_Smaller,Middle_Income,Second_City,SUV,BEV_100,0.0
ldv_sales_evs_2035,2030,Some_Drivers_Smaller,Middle_Income,Second_City,SUV,BEV_300,0.0
ldv_sales_evs_2035,2030,Some_Drivers_Smaller,Middle_Income,Second_City,SUV,PHEV_25,0.0
ldv_sales_evs_2035,2030,Some_Drivers_Smaller,Middle_Income,Second_City,SUV,PHEV_50,57.79687357890606
ldv_sales_evs_2035,2030,Some_Drivers_Smaller,Middle_Income,Small_Town,Compact,BEV_100,0.0
ldv_sales_evs_2035,2030,Some_Drivers_Smaller,Middle_Income,Small_Town,Compact,BEV_300,0.0
ldv_sales_evs_2035,2030,Some_Drivers_Smaller,Middle_Income,Small_Town,Compact,PHEV_25,0.0
ldv_sales_evs_2035,2030,Some_Drivers_Smaller,Middle_Income,Small_Town,Compact,PHEV_50,182.62210903810734
ldv_sales_evs_2035,2030,Some_Drivers_Smaller,Middle_Income,Small_Town,Midsize,BEV_100,95.79264654773473
ldv_sales_evs_2035,2030,Some_Drivers_Smaller,Middle_Income,Small_Town,Midsize,BEV_300,0.0
ldv_sales_evs_2035,2030,Some_Drivers_Smaller,Middle_Income,Small_Town,Midsize,PHEV_25,0.0
ldv_sales_evs_2035,2030,Some_Drivers_Smaller,Middle_Income,Small_Town,Midsize,PHEV_50,162.82068273228407
ldv_sales_evs_2035,2030,Some_Drivers_Smaller,Middle_Income,Small_Town,Pickup,BEV_100,0.0
ldv_sales_evs_2035,2030,Some_Drivers_Smaller,Middle_Income,Small_Town,Pickup,BEV_300,90.18041349647939
ldv_sales_evs_2035,2030,Some_Drivers_Smaller,Middle_Income,Small_Town,Pickup,PHEV_25,0.0
ldv_sales_evs_2035,2030,Some_Drivers_Smaller,Middle_Income,Small_Town,Pickup,PHEV_50,246.90961636954546
ldv_sales_evs_2035,2030,Some_Drivers_Smaller,Middle_Income,Small_Town,SUV,BEV_100,0.0
ldv_sales_evs_2035,2030,Some_Drivers_Smaller,Middle_Income,Small_Town,SUV,BEV_300,0.0
ldv_sales_evs_2035,2030,Some_Drivers_Smaller,Middle_Income,Small_Town,SUV,PHEV_25,0.0
ldv_sales_evs_2035,2030,Some_Drivers_Smaller,Middle_Income,Small_Town,SUV,PHEV_50,236.13259783136846
ldv_sales_evs_2035,2030,Some_Drivers_Smaller,Middle_Income,Suburban,Compact,BEV_100,0.0
ldv_sales_evs_2035,2030,Some_Drivers_Smaller,Middle_Income,Suburban,Compact,BEV_300,0.0
ldv_sales_evs_2035,2030,Some_Drivers_Smaller,Middle_Income,Suburban,Compact,PHEV_25,0.0
ldv_sales_evs_2035,2030,Some_Drivers_Smaller,Middle_Income,Suburban,Compact,PHEV_50,185.75777065569162
ldv_sales_evs_2035,2030,Some_Drivers_Smaller,Middle_Income,Suburban,Midsize,BEV_100,0.0
ldv_sales_evs_2035,2030,Some_Drivers_Smaller,Middle_Income,Suburban,Midsize,BEV_300,0.0
ldv_sales_evs_2035,2030,Some_Drivers_Smaller,Middle_Income,Suburban,Midsize,PHEV_25,0.0
ldv_sales_evs_2035,2030,Some_Drivers_Smaller,Middle_Income,Suburban,Midsize,PHEV_50,238.15676576972007
ldv_sales_evs_2035,2030,Some_Drivers_Smaller,Middle_Income,Suburban,Pickup,BEV_100,0.0
ldv_sales_evs_2035,2030,Some_Drivers_Smaller,Middle_Income,Suburban,Pickup,BEV_300,0.0
ldv_sales_evs_2035,2030,Some_Drivers_Smaller,Middle_Income,Suburban,Pickup,PHEV_25,0.0
ldv_sales_evs_2035,2030,Some_Drivers_Smaller,Middle_Income,Suburban,Pickup,PHEV_50,0.0
ldv_sales_evs_2035,2030,Some_Drivers_Smaller,Middle_Income,Suburban,SUV,BEV_100,0.0
ldv_sales_evs_2035,2030,Some_Drivers_Smaller,Middle_Income,Suburban,SUV,BEV_300,0.0
ldv_sales_evs_2035,2030,Some_Drivers_Smaller,Middle_Income,Suburban,SUV,PHEV_25,0.0
ldv_sales_evs_2035,2030,Some_Drivers_Smaller,Middle_Income,Suburban,SUV,PHEV_50,1181.901905172229
ldv_sales_evs_2035,2030,Some_Drivers_Smaller,Middle_Income,Urban,Compact,BEV_100,0.0
ldv_sales_evs_2035,2030,Some_Drivers_Smaller,Middle_Income,Urban,Compact,BEV_300,0.0
ldv_sales_evs_2035,2030,Some_Drivers_Smaller,Middle_Income,Urban,Compact,PHEV_25,0.0
ldv_sales_evs_2035,2030,Some_Drivers_Smaller,Middle_Income,Urban,Compact,PHEV_50,0.0
ldv_sales_evs_2035,2030,Some_Drivers_Smaller,Middle_Income,Urban,Midsize,BEV_100,0.0
ldv_sales_evs_2035,2030,Some_Drivers_Smaller,Middle_Income,Urban,Midsize,BEV_300,0.0
ldv_sales_evs_2035,2030,Some_Drivers_Smaller,Middle_Income,Urban,Midsize,PHEV_25,0.0
ldv_sales_evs_2035,2030,Some_Drivers_Smaller,Middle_Income,Urban,Midsize,PHEV_50,0.0
ldv_sales_evs_2035,2030,Some_Drivers_Smaller,Middle_Income,Urban,Pickup,BEV_100,0.0
ldv_sales_evs_2035,2030,Some_Drivers_Smaller,Middle_Income,Urban,Pickup,BEV_300,0.0
ldv_sales_evs_2035,2030,Some_Drivers_Smaller,Middle_Income,Urban,Pickup,PHEV_25,0.0
ldv_sales_evs_2035,2030,Some_Drivers_Smaller,Middle_Income,Urban,Pickup,PHEV_50,0.0
ldv_sales_evs_2035,2030,Some_Drivers_Smaller,Middle_Income,Urban,SUV,BEV_100,0.0
ldv_sales_evs_2035,2030,Some_Drivers_Smaller,Middle_Income,Urban,SUV,BEV_300,0.0
ldv_sales_evs_2035,2030,Some_Drivers_Smaller,Middle_Income,Urban,SUV,PHEV_25,0.0
ldv_sales_evs_2035,2030,Some_Drivers_Smaller,Middle_Income,Urban,SUV,PHEV_50,0.0
