src_year,month,day,hour_ending,t_drybulb_c,rh_pct,ghi_wh_m2,wind_ms,hour_of_year,hour
2012,1,1,1,4.0,87,0,1.5,0,0
2012,1,1,2,3.3,96,0,0.0,1,1
2012,1,1,3,4.2,100,0,0.0,2,2
2012,1,1,4,4.0,97,0,0.0,3,3
2012,1,1,5,3.0,100,0,1.5,4,4
2012,1,1,6,3.3,85,0,4.1,5,5
2012,1,1,7,3.0,87,0,2.6,6,6
2012,1,1,8,3.3,82,0,7.2,7,7
2012,1,1,9,2.9,79,29,6.7,8,8
2012,1,1,10,3.8,79,79,7.2,9,9
2012,1,1,11,5.5,73,139,9.3,10,10
2012,1,1,12,5.0,66,225,8.8,11,11
2012,1,1,13,7.0,63,332,7.7,12,12
2012,1,1,14,8.8,61,333,7.7,13,13
2012,1,1,15,7.7,68,180,9.3,14,14
2012,1,1,16,7.7,71,80,7.7,15,15
2012,1,1,17,7.2,73,41,7.7,16,16
2012,1,1,18,6.6,76,3,6.2,17,17
2012,1,1,19,7.0,76,0,6.7,18,18
2012,1,1,20,6.0,87,0,5.7,19,19
2012,1,1,21,7.0,81,0,4.6,20,20
2012,1,1,22,5.0,75,0,10.3,21,21
2012,1,1,23,4.4,66,0,5.7,22,22
2012,1,1,24,3.5,68,0,2.6,23,23
2012,1,2,1,2.8,62,0,7.2,24,0
2012,1,2,2,1.9,63,0,3.6,25,1
2012,1,2,3,1.7,67,0,4.6,26,2
2012,1,2,4,1.3,54,0,7.7,27,3
2012,1,2,5,0.8,54,0,7.7,28,4
2012,1,2,6,0.1,63,0,5.1,29,5
2012,1,2,7,-1.0,55,0,7.2,30,6
2012,1,2,8,-1.6,68,0,5.1,31,7
2012,1,2,9,-1.1,69,42,4.6,32,8
2012,1,2,10,-0.5,62,136,6.2,33,9
2012,1,2,11,0.1,63,237,7.2,34,10
2012,1,2,12,0.2,72,301,7.2,35,11
2012,1,2,13,0.3,57,353,4.1,36,12
2012,1,2,14,0.4,60,343,7.2,37,13
2012,1,2,15,0.3,60,266,6.2,38,14
2012,1,2,16,-1.1,54,175,7.7,39,15
2012,1,2,17,-2.2,59,67,6.7,40,16
2012,1,2,18,-3.3,69,9,6.7,41,17
2012,1,2,19,-3.3,65,0,4.6,42,18
2012,1,2,20,-3.8,79,0,6.2,43,19
2012,1,2,21,-4.4,75,0,4.1,44,20
2012,1,2,22,-4.4,68,0,6.7,45,21
2012,1,2,23,-4.0,65,0,6.2,46,22
2012,1,2,24,-6.0,77,0,6.7,47,23
2012,1,3,1,-7.0,84,0,5.7,48,0
2012,1,3,2,-8.8,71,0,7.7,49,1
2012,1,3,3,-9.4,70,0,6.7,50,2
2012,1,3,4,-10.0,76,0,5.7,51,3
2012,1,3,5,-11.0,60,0,7.2,52,4
2012,1,3,6,-11.0,63,0,9.8,53,5
2012,1,3,7,-11.0,70,0,8.8,54,6
2012,1,3,8,-11.1,67,0,5.7,55,7
2012,1,3,9,-11.6,73,28,6.7,56,8
2012,1,3,10,-11.1,70,102,6.7,57,9
2012,1,3,11,-10.5,63,180,8.2,58,10
2012,1,3,12,-11.1,67,241,5.1,59,11
2012,1,3,13,-11.6,56,282,4.6,60,12
2012,1,3,14,-12.0,54,324,4.1,61,13
2012,1,3,15,-12.0,56,300,5.1,62,14
2012,1,3,16,-12.0,58,184,6.7,63,15
2012,1,3,17,-13.0,58,71,7.2,64,16
2012,1,3,18,-14.0,69,9,4.6,65,17
2012,1,3,19,-14.4,77,0,4.1,66,18
2012,1,3,20,-14.0,69,0,3.1,67,19
2012,1,3,21,-15.5,69,0,4.6,68,20
2012,1,3,22,-15.5,73,0,3.1,69,21
2012,1,3,23,-16.1,73,0,2.6,70,22
2012,1,3,24,-17.2,81,0,1.5,71,23
2012,1,4,1,-17.0,83,0,1.5,72,0
2012,1,4,2,-17.0,83,0,2.1,73,1
2012,1,4,3,-17.0,83,0,1.5,74,2
2012,1,4,4,-17.7,80,0,0.0,75,3
2012,1,4,5,-15.5,77,0,2.1,76,4
2012,1,4,6,-15.0,73,0,1.5,77,5
2012,1,4,7,-16.0,75,0,0.0,78,6
2012,1,4,8,-15.0,73,0,3.1,79,7
2012,1,4,9,-13.8,73,41,3.1,80,8
2012,1,4,10,-12.2,70,139,3.1,81,9
2012,1,4,11,-9.4,60,225,5.1,82,10
2012,1,4,12,-8.3,58,245,4.1,83,11
2012,1,4,13,-7.2,56,270,5.1,84,12
2012,1,4,14,-6.1,53,245,3.1,85,13
2012,1,4,15,-5.5,53,203,3.6,86,14
2012,1,4,16,-6.1,50,165,2.6,87,15
2012,1,4,17,-7.2,58,64,3.1,88,16
2012,1,4,18,-6.1,56,6,3.6,89,17
2012,1,4,19,-6.6,58,0,2.6,90,18
2012,1,4,20,-5.5,55,0,3.1,91,19
2012,1,4,21,-5.5,55,0,3.1,92,20
2012,1,4,22,-5.0,56,0,2.6,93,21
2012,1,4,23,-5.0,59,0,2.1,94,22
2012,1,4,24,-4.0,54,0,2.6,95,23
2012,1,5,1,-4.4,65,0,1.5,96,0
2012,1,5,2,-3.8,65,0,2.1,97,1
2012,1,5,3,-3.8,72,0,0.0,98,2
2012,1,5,4,-3.8,75,0,2.1,99,3
2012,1,5,5,-3.8,79,0,0.0,100,4
2012,1,5,6,-3.0,77,0,2.6,101,5
2012,1,5,7,-3.0,77,0,2.6,102,6
2012,1,5,8,-2.7,75,0,2.1,103,7
2012,1,5,9,-1.6,68,33,3.1,104,8
2012,1,5,10,-1.6,75,113,4.6,105,9
2012,1,5,11,-2.2,69,185,3.6,106,10
2012,1,5,12,-2.0,67,227,3.1,107,11
2012,1,5,13,-1.6,62,248,6.7,108,12
2012,1,5,14,0.0,75,230,5.7,109,13
2012,1,5,15,-2.7,65,165,2.6,110,14
2012,1,5,16,-3.0,77,95,1.5,111,15
2012,1,5,17,-3.3,83,40,0.0,112,16
2012,1,5,18,-2.7,82,5,0.0,113,17
2012,1,5,19,-2.7,82,0,0.0,114,18
2012,1,5,20,-2.2,79,0,1.5,115,19
2012,1,5,21,-1.6,72,0,2.6,116,20
2012,1,5,22,-1.1,69,0,3.1,117,21
2012,1,5,23,-1.6,72,0,3.1,118,22
2012,1,5,24,-1.1,69,0,3.6,119,23
2012,1,6,1,-1.1,69,0,3.1,120,0
2012,1,6,2,-1.1,69,0,3.6,121,1
2012,1,6,3,-2.2,76,0,3.1,122,2
2012,1,6,4,-1.6,72,0,5.1,123,3
2012,1,6,5,-1.1,69,0,3.1,124,4
2012,1,6,6,-1.6,72,0,3.1,125,5
2012,1,6,7,-1.0,66,0,3.6,126,6
2012,1,6,8,-0.5,66,0,3.1,127,7
2012,1,6,9,2.2,62,49,3.1,128,8
2012,1,6,10,1.8,58,161,3.6,129,9
2012,1,6,11,5.5,54,285,4.1,130,10
2012,1,6,12,7.2,50,371,3.6,131,11
2012,1,6,13,9.4,47,369,6.2,132,12
2012,1,6,14,10.5,44,342,4.6,133,13
2012,1,6,15,9.6,39,307,4.1,134,14
2012,1,6,16,11.1,42,204,4.1,135,15
2012,1,6,17,8.8,47,81,3.6,136,16
2012,1,6,18,8.3,51,11,4.6,137,17
2012,1,6,19,5.9,48,0,2.1,138,18
2012,1,6,20,5.0,58,0,1.5,139,19
2012,1,6,21,4.4,61,0,1.5,140,20
2012,1,6,22,3.8,61,0,0.0,141,21
2012,1,6,23,3.6,74,0,0.0,142,22
2012,1,6,24,3.2,80,0,1.5,143,23
2012,1,7,1,2.8,80,0,1.5,144,0
2012,1,7,2,3.1,81,0,1.5,145,1
2012,1,7,3,2.7,83,0,1.5,146,2
2012,1,7,4,2.2,75,0,2.1,147,3
2012,1,7,5,2.5,70,0,3.1,148,4
2012,1,7,6,2.0,64,0,4.1,149,5
2012,1,7,7,1.6,81,0,3.6,150,6
2012,1,7,8,1.7,62,0,4.1,151,7
2012,1,7,9,2.2,83,30,3.6,152,8
2012,1,7,10,3.6,57,75,2.6,153,9
2012,1,7,11,5.7,53,120,4.1,154,10
2012,1,7,12,6.4,56,180,4.6,155,11
2012,1,7,13,8.8,54,236,3.6,156,12
2012,1,7,14,10.5,48,256,4.6,157,13
2012,1,7,15,9.4,50,241,7.7,158,14
2012,1,7,16,9.2,52,185,7.7,159,15
2012,1,7,17,8.5,54,82,7.7,160,16
2012,1,7,18,5.8,61,12,2.1,161,17
2012,1,7,19,4.4,61,0,2.1,162,18
2012,1,7,20,4.8,69,0,2.6,163,19
2012,1,7,21,4.7,74,0,3.1,164,20
2012,1,7,22,3.3,69,0,4.6,165,21
2012,1,7,23,3.0,68,0,4.1,166,22
2012,1,7,24,3.3,71,0,3.6,167,23
2012,1,8,1,2.7,65,0,7.2,168,0
2012,1,8,2,2.4,70,0,3.6,169,1
2012,1,8,3,2.0,73,0,6.2,170,2
2012,1,8,4,1.7,67,0,5.1,171,3
2012,1,8,5,1.3,66,0,3.6,172,4
2012,1,8,6,0.1,71,0,5.7,173,5
2012,1,8,7,0.0,66,0,5.7,174,6
2012,1,8,8,0.1,63,0,6.2,175,7
2012,1,8,9,-1.1,60,37,4.6,176,8
2012,1,8,10,-0.5,60,107,6.2,177,9
2012,1,8,11,-2.0,64,153,4.6,178,10
2012,1,8,12,0.0,63,174,4.1,179,11
2012,1,8,13,0.2,58,165,6.7,180,12
2012,1,8,14,-2.7,58,141,5.7,181,13
2012,1,8,15,-1.6,68,117,5.1,182,14
2012,1,8,16,-2.2,69,82,4.1,183,15
2012,1,8,17,-3.8,55,42,2.6,184,16
2012,1,8,18,-5.0,56,8,1.5,185,17
2012,1,8,19,-5.0,55,0,1.5,186,18
2012,1,8,20,-7.7,57,0,0.0,187,19
2012,1,8,21,-8.3,60,0,0.0,188,20
2012,1,8,22,-8.3,62,0,0.0,189,21
2012,1,8,23,-8.3,68,0,0.0,190,22
2012,1,8,24,-8.3,65,0,0.0,191,23
2012,1,9,1,-8.3,91,0,0.0,192,0
2012,1,9,2,-7.7,69,0,1.5,193,1
2012,1,9,3,-7.2,67,0,0.0,194,2
2012,1,9,4,-6.1,67,0,2.1,195,3
2012,1,9,5,-4.4,75,0,2.6,196,4
2012,1,9,6,-4.4,75,0,3.1,197,5
2012,1,9,7,-4.0,71,0,3.1,198,6
2012,1,9,8,-5.5,75,0,3.1,199,7
2012,1,9,9,-2.7,65,53,3.1,200,8
2012,1,9,10,-1.1,57,174,3.1,201,9
2012,1,9,11,0.5,52,304,3.1,202,10
2012,1,9,12,2.2,46,396,2.6,203,11
2012,1,9,13,3.8,40,436,3.1,204,12
2012,1,9,14,4.4,38,413,5.1,205,13
2012,1,9,15,4.4,36,326,4.6,206,14
2012,1,9,16,4.4,37,200,4.6,207,15
2012,1,9,17,3.7,42,77,4.6,208,16
2012,1,9,18,2.4,44,12,5.1,209,17
2012,1,9,19,2.1,44,0,4.6,210,18
2012,1,9,20,2.0,48,0,4.6,211,19
2012,1,9,21,1.7,48,0,5.1,212,20
2012,1,9,22,1.7,50,0,5.1,213,21
2012,1,9,23,1.2,52,0,4.6,214,22
2012,1,9,24,1.4,52,0,4.1,215,23
2012,1,10,1,1.3,57,0,3.1,216,0
2012,1,10,2,1.2,58,0,4.1,217,1
2012,1,10,3,1.5,55,0,5.7,218,2
2012,1,10,4,0.9,58,0,4.1,219,3
2012,1,10,5,0.8,58,0,3.1,220,4
2012,1,10,6,0.4,58,0,3.6,221,5
2012,1,10,7,0.6,56,0,2.1,222,6
2012,1,10,8,0.8,64,0,2.1,223,7
2012,1,10,9,0.9,71,27,3.1,224,8
2012,1,10,10,1.2,72,83,6.2,225,9
2012,1,10,11,2.7,69,155,7.7,226,10
2012,1,10,12,2.5,66,236,7.7,227,11
2012,1,10,13,2.7,63,259,6.7,228,12
2012,1,10,14,2.7,66,237,5.1,229,13
2012,1,10,15,2.7,63,208,5.1,230,14
2012,1,10,16,2.7,63,128,3.6,231,15
2012,1,10,17,3.4,65,45,3.1,232,16
2012,1,10,18,2.3,65,9,3.1,233,17
2012,1,10,19,1.6,65,0,2.6,234,18
2012,1,10,20,1.8,70,0,1.5,235,19
2012,1,10,21,1.7,70,0,1.5,236,20
2012,1,10,22,1.1,67,0,1.5,237,21
2012,1,10,23,0.3,64,0,0.0,238,22
2012,1,10,24,0.3,79,0,0.0,239,23
2012,1,11,1,0.8,83,0,0.0,240,0
2012,1,11,2,0.8,83,0,0.0,241,1
2012,1,11,3,0.3,83,0,0.0,242,2
2012,1,11,4,-3.8,90,0,1.5,243,3
2012,1,11,5,-3.8,87,0,0.0,244,4
2012,1,11,6,-4.4,91,0,0.0,245,5
2012,1,11,7,-5.0,92,0,1.5,246,6
2012,1,11,8,-1.6,75,0,2.6,247,7
2012,1,11,9,0.5,73,52,2.6,248,8
2012,1,11,10,2.7,63,171,4.1,249,9
2012,1,11,11,2.2,55,299,4.6,250,10
2012,1,11,12,3.7,54,390,4.6,251,11
2012,1,11,13,6.6,52,429,6.7,252,12
2012,1,11,14,6.6,52,414,5.1,253,13
2012,1,11,15,6.1,54,342,2.6,254,14
2012,1,11,16,5.5,54,214,4.1,255,15
2012,1,11,17,5.0,56,79,4.6,256,16
2012,1,11,18,5.0,53,10,4.6,257,17
2012,1,11,19,5.0,56,0,6.7,258,18
2012,1,11,20,4.4,58,0,7.7,259,19
2012,1,11,21,2.7,63,0,8.2,260,20
2012,1,11,22,1.6,89,0,7.2,261,21
2012,1,11,23,0.8,87,0,6.7,262,22
2012,1,11,24,0.7,89,0,5.7,263,23
2012,1,12,1,0.8,92,0,4.6,264,0
2012,1,12,2,0.9,89,0,5.7,265,1
2012,1,12,3,1.4,89,0,4.1,266,2
2012,1,12,4,1.6,89,0,4.1,267,3
2012,1,12,5,2.7,92,0,2.6,268,4
2012,1,12,6,2.5,92,0,4.6,269,5
2012,1,12,7,3.0,93,0,2.1,270,6
2012,1,12,8,3.3,96,0,2.6,271,7
2012,1,12,9,2.8,93,0,0.0,272,8
2012,1,12,10,3.0,96,14,4.1,273,9
2012,1,12,11,3.3,96,26,3.6,274,10
2012,1,12,12,3.4,89,35,5.7,275,11
2012,1,12,13,3.7,89,38,5.1,276,12
2012,1,12,14,4.4,89,34,6.7,277,13
2012,1,12,15,4.0,93,27,3.1,278,14
2012,1,12,16,4.4,89,19,5.1,279,15
2012,1,12,17,3.8,93,9,2.6,280,16
2012,1,12,18,3.8,93,2,4.1,281,17
2012,1,12,19,3.5,93,0,5.7,282,18
2012,1,12,20,4.4,93,0,3.6,283,19
2012,1,12,21,4.0,92,0,4.6,284,20
2012,1,12,22,5.0,92,0,5.1,285,21
2012,1,12,23,5.0,93,0,4.6,286,22
2012,1,12,24,5.0,93,0,4.6,287,23
2012,1,13,1,4.0,100,0,3.6,288,0
2012,1,13,2,4.0,100,0,2.6,289,1
2012,1,13,3,4.0,93,0,3.1,290,2
2012,1,13,4,4.0,93,0,2.6,291,3
2012,1,13,5,3.0,100,0,2.1,292,4
2012,1,13,6,1.9,100,0,2.6,293,5
2012,1,13,7,2.2,92,0,8.2,294,6
2012,1,13,8,-2.0,100,0,5.7,295,7
2012,1,13,9,-2.0,92,18,9.3,296,8
2012,1,13,10,-4.0,84,40,8.8,297,9
2012,1,13,11,-6.0,72,71,4.6,298,10
2012,1,13,12,-6.0,84,117,9.3,299,11
2012,1,13,13,-7.2,68,131,6.2,300,12
2012,1,13,14,-7.2,82,141,7.2,301,13
2012,1,13,15,-7.2,87,125,6.2,302,14
2012,1,13,16,-7.2,91,75,4.6,303,15
2012,1,13,17,-7.0,84,36,4.1,304,16
2012,1,13,18,-5.0,75,8,4.6,305,17
2012,1,13,19,-4.4,71,0,7.2,306,18
2012,1,13,20,-4.0,71,0,5.7,307,19
2012,1,13,21,-5.0,75,0,5.1,308,20
2012,1,13,22,-5.0,75,0,5.7,309,21
2012,1,13,23,-5.0,71,0,6.2,310,22
2012,1,13,24,-5.5,71,0,5.7,311,23
2012,1,14,1,-5.5,75,0,5.7,312,0
2012,1,14,2,-6.0,77,0,4.6,313,1
2012,1,14,3,-6.1,83,0,4.6,314,2
2012,1,14,4,-6.1,79,0,5.1,315,3
2012,1,14,5,-7.0,92,0,4.1,316,4
2012,1,14,6,-7.0,92,0,5.7,317,5
2012,1,14,7,-8.0,92,0,6.7,318,6
2012,1,14,8,-8.0,84,0,6.7,319,7
2012,1,14,9,-7.7,78,34,5.1,320,8
2012,1,14,10,-8.0,84,122,6.2,321,9
2012,1,14,11,-8.3,78,239,6.2,322,10
2012,1,14,12,-8.0,70,332,4.6,323,11
2012,1,14,13,-7.7,74,343,6.7,324,12
2012,1,14,14,-7.7,71,307,7.2,325,13
2012,1,14,15,-8.3,78,260,5.7,326,14
2012,1,14,16,-9.4,78,189,5.1,327,15
2012,1,14,17,-10.5,78,96,3.6,328,16
2012,1,14,18,-11.1,78,20,3.1,329,17
2012,1,14,19,-11.6,78,0,3.1,330,18
2012,1,14,20,-12.2,74,0,8.2,331,19
2012,1,14,21,-12.2,74,0,6.2,332,20
2012,1,14,22,-12.7,73,0,7.2,333,21
2012,1,14,23,-12.7,81,0,7.2,334,22
2012,1,14,24,-13.0,83,0,4.6,335,23
2012,1,15,1,-13.0,76,0,3.1,336,0
2012,1,15,2,-14.0,76,0,3.1,337,1
2012,1,15,3,-17.0,83,0,3.1,338,2
2012,1,15,4,-17.0,75,0,0.0,339,3
2012,1,15,5,-19.0,83,0,1.5,340,4
2012,1,15,6,-19.4,81,0,2.1,341,5
2012,1,15,7,-19.0,83,0,0.0,342,6
2012,1,15,8,-19.0,75,0,1.5,343,7
2012,1,15,9,-18.0,75,44,0.0,344,8
2012,1,15,10,-15.5,85,153,2.6,345,9
2012,1,15,11,-14.0,83,289,4.1,346,10
2012,1,15,12,-13.0,76,385,3.6,347,11
2012,1,15,13,-13.0,76,427,5.7,348,12
2012,1,15,14,-12.2,70,398,4.1,349,13
2012,1,15,15,-12.0,69,326,4.1,350,14
2012,1,15,16,-13.0,61,225,3.6,351,15
2012,1,15,17,-13.0,76,98,0.0,352,16
2012,1,15,18,-13.0,83,19,0.0,353,17
2012,1,15,19,-16.1,86,0,0.0,354,18
2012,1,15,20,-17.2,81,0,1.5,355,19
2012,1,15,21,-17.7,80,0,2.1,356,20
2012,1,15,22,-18.3,81,0,2.1,357,21
2012,1,15,23,-18.3,81,0,3.1,358,22
2012,1,15,24,-18.3,81,0,2.6,359,23
2012,1,16,1,-18.8,80,0,2.6,360,0
2012,1,16,2,-18.8,80,0,2.6,361,1
2012,1,16,3,-18.8,80,0,2.6,362,2
2012,1,16,4,-18.3,81,0,2.1,363,3
2012,1,16,5,-17.2,81,0,3.1,364,4
2012,1,16,6,-15.5,81,0,1.5,365,5
2012,1,16,7,-16.0,83,0,1.5,366,6
2012,1,16,8,-12.2,70,0,6.2,367,7
2012,1,16,9,-11.6,66,52,6.2,368,8
2012,1,16,10,-9.4,60,155,9.3,369,9
2012,1,16,11,-8.3,61,268,9.3,370,10
2012,1,16,12,-6.1,58,365,7.2,371,11
2012,1,16,13,-3.8,56,410,7.7,372,12
2012,1,16,14,-2.7,53,392,7.7,373,13
2012,1,16,15,-2.7,53,325,7.7,374,14
2012,1,16,16,-2.2,54,215,6.2,375,15
2012,1,16,17,-2.2,57,90,6.2,376,16
2012,1,16,18,-2.2,59,15,6.7,377,17
2012,1,16,19,-1.1,57,0,6.2,378,18
2012,1,16,20,-1.1,63,0,4.6,379,19
2012,1,16,21,-0.5,62,0,5.1,380,20
2012,1,16,22,-0.5,69,0,4.6,381,21
2012,1,16,23,-0.5,72,0,3.1,382,22
2012,1,16,24,0.1,80,0,4.6,383,23
2012,1,17,1,-0.5,79,0,4.6,384,0
2012,1,17,2,-1.0,85,0,4.1,385,1
2012,1,17,3,0.5,77,0,3.6,386,2
2012,1,17,4,0.7,79,0,4.6,387,3
2012,1,17,5,1.1,81,0,4.6,388,4
2012,1,17,6,1.4,86,0,4.1,389,5
2012,1,17,7,1.6,86,0,4.6,390,6
2012,1,17,8,1.6,89,0,4.1,391,7
2012,1,17,9,1.6,89,0,4.6,392,8
2012,1,17,10,2.2,89,22,6.2,393,9
2012,1,17,11,3.2,89,51,6.7,394,10
2012,1,17,12,3.4,92,82,5.1,395,11
2012,1,17,13,3.3,96,68,5.7,396,12
2012,1,17,14,2.7,97,39,5.7,397,13
2012,1,17,15,3.3,92,33,6.7,398,14
2012,1,17,16,3.3,96,31,6.2,399,15
2012,1,17,17,4.0,93,19,6.7,400,16
2012,1,17,18,4.4,93,4,5.1,401,17
2012,1,17,19,5.5,93,0,5.7,402,18
2012,1,17,20,5.5,93,0,5.7,403,19
2012,1,17,21,6.6,90,0,5.7,404,20
2012,1,17,22,8.0,87,0,7.7,405,21
2012,1,17,23,6.0,65,0,12.9,406,22
2012,1,17,24,2.7,63,0,10.3,407,23
2012,1,18,1,2.2,61,0,12.4,408,0
2012,1,18,2,2.1,60,0,10.8,409,1
2012,1,18,3,1.6,60,0,9.3,410,2
2012,1,18,4,0.9,65,0,6.7,411,3
2012,1,18,5,-2.0,65,0,9.8,412,4
2012,1,18,6,-3.3,59,0,7.7,413,5
2012,1,18,7,-3.0,60,0,6.7,414,6
2012,1,18,8,-4.0,61,0,10.8,415,7
2012,1,18,9,-6.0,62,21,7.2,416,8
2012,1,18,10,-6.1,75,101,7.7,417,9
2012,1,18,11,-6.1,64,238,7.7,418,10
2012,1,18,12,-6.1,58,353,9.8,419,11
2012,1,18,13,-6.6,67,414,5.7,420,12
2012,1,18,14,-7.0,64,421,4.6,421,13
2012,1,18,15,-7.2,68,328,4.1,422,14
2012,1,18,16,-7.7,67,223,3.6,423,15
2012,1,18,17,-8.3,68,122,2.6,424,16
2012,1,18,18,-9.4,70,24,0.0,425,17
2012,1,18,19,-10.0,60,0,0.0,426,18
2012,1,18,20,-11.6,60,0,0.0,427,19
2012,1,18,21,-12.2,61,0,1.5,428,20
2012,1,18,22,-12.2,61,0,2.6,429,21
2012,1,18,23,-12.7,81,0,2.6,430,22
2012,1,18,24,-13.3,67,0,1.5,431,23
2012,1,19,1,-13.8,86,0,0.0,432,0
2012,1,19,2,-13.8,81,0,0.0,433,1
2012,1,19,3,-14.4,85,0,0.0,434,2
2012,1,19,4,-13.8,81,0,1.5,435,3
2012,1,19,5,-11.6,78,0,2.6,436,4
2012,1,19,6,-12.2,82,0,3.1,437,5
2012,1,19,7,-12.0,76,0,2.1,438,6
2012,1,19,8,-11.6,78,0,5.7,439,7
2012,1,19,9,-10.0,74,65,5.7,440,8
2012,1,19,10,-7.7,67,200,7.7,441,9
2012,1,19,11,-5.5,59,339,8.2,442,10
2012,1,19,12,-5.0,56,429,7.2,443,11
2012,1,19,13,-4.4,53,429,7.7,444,12
2012,1,19,14,-3.8,51,294,5.7,445,13
2012,1,19,15,-3.8,48,158,8.8,446,14
2012,1,19,16,-4.4,61,95,9.3,447,15
2012,1,19,17,-4.4,61,40,4.6,448,16
2012,1,19,18,-4.4,65,9,7.2,449,17
2012,1,19,19,-5.0,75,0,4.6,450,18
2012,1,19,20,-5.0,79,0,5.1,451,19
2012,1,19,21,-5.0,79,0,4.6,452,20
2012,1,19,22,-5.0,87,0,3.1,453,21
2012,1,19,23,-4.0,77,0,9.3,454,22
2012,1,19,24,-7.0,84,0,5.7,455,23
2012,1,20,1,-8.0,64,0,6.2,456,0
2012,1,20,2,-9.0,64,0,7.7,457,1
2012,1,20,3,-11.1,63,0,6.2,458,2
2012,1,20,4,-11.6,63,0,3.6,459,3
2012,1,20,5,-11.6,60,0,3.6,460,4
2012,1,20,6,-11.1,57,0,5.1,461,5
2012,1,20,7,-12.0,63,0,5.7,462,6
2012,1,20,8,-11.1,63,0,3.6,463,7
2012,1,20,9,-10.0,64,62,3.6,464,8
2012,1,20,10,-8.8,64,191,6.2,465,9
2012,1,20,11,-9.0,64,309,4.6,466,10
2012,1,20,12,-8.8,67,382,4.1,467,11
2012,1,20,13,-9.4,56,402,3.1,468,12
2012,1,20,14,-8.8,60,381,2.6,469,13
2012,1,20,15,-9.4,58,310,3.1,470,14
2012,1,20,16,-9.4,64,207,1.5,471,15
2012,1,20,17,-10.0,51,101,1.5,472,16
2012,1,20,18,-10.5,55,20,0.0,473,17
2012,1,20,19,-10.5,55,0,1.5,474,18
2012,1,20,20,-10.5,70,0,2.6,475,19
2012,1,20,21,-10.5,70,0,1.5,476,20
2012,1,20,22,-10.0,61,0,3.1,477,21
2012,1,20,23,-10.0,57,0,3.1,478,22
2012,1,20,24,-10.0,57,0,2.6,479,23
2012,1,21,1,-10.0,64,0,3.1,480,0
2012,1,21,2,-11.0,84,0,2.1,481,1
2012,1,21,3,-11.0,91,0,3.1,482,2
2012,1,21,4,-10.0,84,0,3.6,483,3
2012,1,21,5,-11.0,91,0,2.6,484,4
2012,1,21,6,-10.0,84,0,2.1,485,5
2012,1,21,7,-10.0,84,0,2.6,486,6
2012,1,21,8,-10.0,87,0,2.6,487,7
2012,1,21,9,-10.0,84,19,3.6,488,8
2012,1,21,10,-8.8,78,63,2.1,489,9
2012,1,21,11,-7.7,74,124,0.0,490,10
2012,1,21,12,-6.6,71,240,0.0,491,11
2012,1,21,13,-5.5,68,309,0.0,492,12
2012,1,21,14,-5.0,68,292,3.1,493,13
2012,1,21,15,-5.0,65,232,4.1,494,14
2012,1,21,16,-5.5,65,135,5.7,495,15
2012,1,21,17,-7.2,71,57,3.1,496,16
2012,1,21,18,-8.3,71,12,2.1,497,17
2012,1,21,19,-9.4,78,0,2.1,498,18
2012,1,21,20,-13.3,90,0,1.5,499,19
2012,1,21,21,-13.8,86,0,2.1,500,20
2012,1,21,22,-16.6,85,0,0.0,501,21
2012,1,21,23,-16.1,86,0,2.1,502,22
2012,1,21,24,-16.6,81,0,1.5,503,23
2012,1,22,1,-17.7,80,0,2.6,504,0
2012,1,22,2,-15.5,85,0,2.6,505,1
2012,1,22,3,-16.1,86,0,2.6,506,2
2012,1,22,4,-16.6,85,0,3.1,507,3
2012,1,22,5,-15.5,85,0,3.1,508,4
2012,1,22,6,-15.5,85,0,1.5,509,5
2012,1,22,7,-16.0,91,0,2.1,510,6
2012,1,22,8,-15.5,81,0,2.6,511,7
2012,1,22,9,-12.7,86,55,0.0,512,8
2012,1,22,10,-8.3,78,172,5.1,513,9
2012,1,22,11,-6.1,58,303,3.6,514,10
2012,1,22,12,-5.5,55,393,7.2,515,11
2012,1,22,13,-3.8,51,411,8.8,516,12
2012,1,22,14,-3.3,51,377,7.2,517,13
2012,1,22,15,-2.2,49,322,7.2,518,14
2012,1,22,16,-2.7,51,241,8.8,519,15
2012,1,22,17,-2.7,53,120,7.2,520,16
2012,1,22,18,-2.2,69,25,6.7,521,17
2012,1,22,19,-1.6,72,0,5.7,522,18
2012,1,22,20,-1.6,65,0,6.7,523,19
2012,1,22,21,-1.6,68,0,8.8,524,20
2012,1,22,22,-1.6,79,0,6.7,525,21
2012,1,22,23,-1.6,79,0,8.2,526,22
2012,1,22,24,-1.0,78,0,8.8,527,23
2012,1,23,1,-1.1,83,0,8.8,528,0
2012,1,23,2,-0.5,83,0,9.8,529,1
2012,1,23,3,0.0,83,0,7.7,530,2
2012,1,23,4,0.5,84,0,9.3,531,3
2012,1,23,5,0.3,84,0,7.2,532,4
2012,1,23,6,0.7,85,0,7.2,533,5
2012,1,23,7,0.9,80,0,10.3,534,6
2012,1,23,8,1.2,85,0,7.2,535,7
2012,1,23,9,1.5,85,25,11.3,536,8
2012,1,23,10,2.0,83,75,11.3,537,9
2012,1,23,11,3.2,82,150,9.3,538,10
2012,1,23,12,5.0,87,184,8.8,539,11
2012,1,23,13,5.0,89,147,6.2,540,12
2012,1,23,14,5.5,89,80,5.1,541,13
2012,1,23,15,6.1,89,53,9.3,542,14
2012,1,23,16,6.6,90,59,4.1,543,15
2012,1,23,17,5.7,86,27,5.7,544,16
2012,1,23,18,7.2,89,2,4.6,545,17
2012,1,23,19,7.2,89,0,6.7,546,18
2012,1,23,20,7.2,89,0,6.7,547,19
2012,1,23,21,7.0,87,0,6.2,548,20
2012,1,23,22,6.1,89,0,2.6,549,21
2012,1,23,23,6.1,89,0,3.1,550,22
2012,1,23,24,5.5,89,0,5.7,551,23
2012,1,24,1,6.0,87,0,4.6,552,0
2012,1,24,2,5.5,89,0,4.1,553,1
2012,1,24,3,6.0,81,0,4.6,554,2
2012,1,24,4,5.0,87,0,2.6,555,3
2012,1,24,5,4.0,87,0,2.6,556,4
2012,1,24,6,3.8,67,0,6.2,557,5
2012,1,24,7,2.6,64,0,4.6,558,6
2012,1,24,8,2.4,69,0,4.1,559,7
2012,1,24,9,2.2,69,31,3.6,560,8
2012,1,24,10,2.5,72,99,4.1,561,9
2012,1,24,11,3.3,72,144,3.1,562,10
2012,1,24,12,3.3,69,178,4.6,563,11
2012,1,24,13,2.7,72,197,4.6,564,12
2012,1,24,14,3.2,68,161,3.1,565,13
2012,1,24,15,3.0,68,125,2.1,566,14
2012,1,24,16,2.9,68,94,1.5,567,15
2012,1,24,17,2.4,72,53,3.1,568,16
2012,1,24,18,1.6,72,15,2.6,569,17
2012,1,24,19,1.7,85,0,3.6,570,18
2012,1,24,20,1.4,73,0,7.2,571,19
2012,1,24,21,1.5,76,0,4.6,572,20
2012,1,24,22,1.3,67,0,5.1,573,21
2012,1,24,23,1.1,83,0,4.6,574,22
2012,1,24,24,1.0,85,0,5.1,575,23
2012,1,25,1,0.9,72,0,8.8,576,0
2012,1,25,2,0.6,72,0,6.2,577,1
2012,1,25,3,1.0,72,0,7.7,578,2
2012,1,25,4,0.7,72,0,5.1,579,3
2012,1,25,5,0.6,68,0,5.7,580,4
2012,1,25,6,-2.2,72,0,7.2,581,5
2012,1,25,7,-2.0,71,0,4.6,582,6
2012,1,25,8,-2.2,72,0,5.7,583,7
2012,1,25,9,-2.2,72,32,5.7,584,8
2012,1,25,10,-2.2,72,100,4.1,585,9
2012,1,25,11,-2.2,72,153,3.1,586,10
2012,1,25,12,-1.6,68,197,3.1,587,11
2012,1,25,13,-1.6,72,254,3.1,588,12
2012,1,25,14,-1.6,72,267,2.6,589,13
2012,1,25,15,-1.6,72,217,2.1,590,14
2012,1,25,16,0.1,72,141,0.0,591,15
2012,1,25,17,-2.2,76,71,0.0,592,16
2012,1,25,18,-2.2,76,20,1.5,593,17
2012,1,25,19,-2.2,76,0,0.0,594,18
2012,1,25,20,-2.2,79,0,0.0,595,19
2012,1,25,21,-2.2,79,0,0.0,596,20
2012,1,25,22,-2.2,79,0,0.0,597,21
2012,1,25,23,-2.0,78,0,0.0,598,22
2012,1,25,24,-2.2,79,0,0.0,599,23
2012,1,26,1,-2.2,83,0,0.0,600,0
2012,1,26,2,-3.0,92,0,0.0,601,1
2012,1,26,3,-2.7,91,0,0.0,602,2
2012,1,26,4,-2.7,91,0,1.5,603,3
2012,1,26,5,-3.3,91,0,1.5,604,4
2012,1,26,6,-3.3,87,0,2.1,605,5
2012,1,26,7,-3.0,92,0,0.0,606,6
2012,1,26,8,-3.8,90,0,2.1,607,7
2012,1,26,9,-1.6,83,66,2.6,608,8
2012,1,26,10,-0.5,79,188,4.1,609,9
2012,1,26,11,0.8,73,306,4.1,610,10
2012,1,26,12,1.7,72,307,5.1,611,11
2012,1,26,13,1.3,84,236,3.6,612,12
2012,1,26,14,1.0,86,169,4.6,613,13
2012,1,26,15,0.5,96,92,4.1,614,14
2012,1,26,16,0.5,96,40,5.1,615,15
2012,1,26,17,0.3,93,12,5.1,616,16
2012,1,26,18,0.8,96,3,3.1,617,17
2012,1,26,19,0.9,92,0,7.7,618,18
2012,1,26,20,0.9,92,0,7.2,619,19
2012,1,26,21,0.9,92,0,5.7,620,20
2012,1,26,22,1.0,96,0,6.7,621,21
2012,1,26,23,1.6,92,0,6.7,622,22
2012,1,26,24,1.9,97,0,7.2,623,23
2012,1,27,1,2.2,93,0,6.7,624,0
2012,1,27,2,2.6,93,0,7.7,625,1
2012,1,27,3,2.9,93,0,9.3,626,2
2012,1,27,4,3.4,93,0,5.7,627,3
2012,1,27,5,3.4,96,0,5.1,628,4
2012,1,27,6,6.0,100,0,7.2,629,5
2012,1,27,7,5.4,93,0,5.7,630,6
2012,1,27,8,5.9,96,0,4.6,631,7
2012,1,27,9,6.4,93,18,4.6,632,8
2012,1,27,10,6.9,86,52,5.7,633,9
2012,1,27,11,9.4,89,71,3.6,634,10
2012,1,27,12,7.5,93,74,3.6,635,11
2012,1,27,13,7.1,93,97,4.1,636,12
2012,1,27,14,5.6,79,96,7.7,637,13
2012,1,27,15,3.8,79,75,7.7,638,14
2012,1,27,16,3.1,82,64,7.7,639,15
2012,1,27,17,2.5,89,36,7.2,640,16
2012,1,27,18,2.0,89,10,7.2,641,17
2012,1,27,19,2.2,96,0,5.7,642,18
2012,1,27,20,2.5,85,0,6.2,643,19
2012,1,27,21,2.6,84,0,7.7,644,20
2012,1,27,22,2.5,84,0,5.7,645,21
2012,1,27,23,2.0,80,0,8.8,646,22
2012,1,27,24,1.7,72,0,7.2,647,23
2012,1,28,1,1.5,67,0,7.7,648,0
2012,1,28,2,1.1,66,0,5.1,649,1
2012,1,28,3,1.0,66,0,4.6,650,2
2012,1,28,4,0.9,69,0,1.5,651,3
2012,1,28,5,0.6,66,0,2.6,652,4
2012,1,28,6,-1.6,72,0,0.0,653,5
2012,1,28,7,-2.0,78,0,1.5,654,6
2012,1,28,8,-1.1,72,0,2.1,655,7
2012,1,28,9,0.2,69,52,3.1,656,8
2012,1,28,10,0.9,70,143,3.6,657,9
2012,1,28,11,2.2,62,255,5.1,658,10
2012,1,28,12,2.8,58,368,6.2,659,11
2012,1,28,13,3.3,57,432,7.2,660,12
2012,1,28,14,5.5,51,351,8.2,661,13
2012,1,28,15,5.0,51,235,8.2,662,14
2012,1,28,16,5.0,48,198,10.3,663,15
2012,1,28,17,5.4,49,111,9.8,664,16
2012,1,28,18,3.1,68,20,7.7,665,17
2012,1,28,19,2.7,67,0,7.7,666,18
2012,1,28,20,2.4,66,0,7.2,667,19
2012,1,28,21,1.9,69,0,6.7,668,20
2012,1,28,22,1.1,49,0,6.7,669,21
2012,1,28,23,0.2,54,0,5.1,670,22
2012,1,28,24,-2.2,54,0,5.1,671,23
2012,1,29,1,-2.2,63,0,7.7,672,0
2012,1,29,2,-2.2,57,0,6.2,673,1
2012,1,29,3,-2.7,56,0,5.1,674,2
2012,1,29,4,-3.3,56,0,2.1,675,3
2012,1,29,5,-3.8,56,0,2.1,676,4
2012,1,29,6,-4.4,56,0,2.6,677,5
2012,1,29,7,-5.0,59,0,2.6,678,6
2012,1,29,8,-3.8,56,0,4.1,679,7
2012,1,29,9,-2.2,54,77,4.6,680,8
2012,1,29,10,-0.5,51,219,2.1,681,9
2012,1,29,11,0.8,46,358,3.1,682,10
2012,1,29,12,2.2,46,438,8.2,683,11
2012,1,29,13,2.6,43,431,6.7,684,12
2012,1,29,14,2.8,40,392,7.7,685,13
2012,1,29,15,2.7,39,328,4.6,686,14
2012,1,29,16,2.7,39,196,4.1,687,15
2012,1,29,17,2.7,37,81,2.6,688,16
2012,1,29,18,2.0,43,23,2.6,689,17
2012,1,29,19,1.9,50,0,4.1,690,18
2012,1,29,20,1.6,48,0,2.6,691,19
2012,1,29,21,1.2,50,0,2.6,692,20
2012,1,29,22,1.2,60,0,4.1,693,21
2012,1,29,23,-1.0,68,0,4.1,694,22
2012,1,29,24,-2.0,92,0,2.6,695,23
2012,1,30,1,-2.0,85,0,5.1,696,0
2012,1,30,2,-3.0,100,0,9.8,697,1
2012,1,30,3,-4.0,92,0,5.1,698,2
2012,1,30,4,-4.0,71,0,5.7,699,3
2012,1,30,5,-4.4,68,0,3.6,700,4
2012,1,30,6,-5.0,71,0,4.1,701,5
2012,1,30,7,-4.0,71,0,4.1,702,6
2012,1,30,8,-4.4,68,0,4.1,703,7
2012,1,30,9,-4.4,65,59,5.1,704,8
2012,1,30,10,-3.3,65,176,5.7,705,9
2012,1,30,11,-2.7,65,296,6.7,706,10
2012,1,30,12,-3.8,68,372,5.1,707,11
2012,1,30,13,-2.7,59,382,4.1,708,12
2012,1,30,14,-2.2,57,336,4.1,709,13
2012,1,30,15,-1.6,49,279,5.1,710,14
2012,1,30,16,-1.6,46,227,2.6,711,15
2012,1,30,17,-2.2,49,136,0.0,712,16
2012,1,30,18,-2.7,48,36,2.6,713,17
2012,1,30,19,-2.3,47,1,2.3,714,18
2012,1,30,20,-2.0,46,0,2.1,715,19
2012,1,30,21,-2.2,63,0,4.1,716,20
2012,1,30,22,-3.0,71,0,3.6,717,21
2012,1,30,23,-1.6,51,0,2.6,718,22
2012,1,30,24,-1.1,52,0,4.6,719,23
2012,1,31,1,0.0,47,0,5.1,720,0
2012,1,31,2,0.5,50,0,5.7,721,1
2012,1,31,3,1.1,50,0,4.6,722,2
2012,1,31,4,2.2,49,0,6.2,723,3
2012,1,31,5,2.7,49,0,6.7,724,4
2012,1,31,6,2.7,49,0,5.1,725,5
2012,1,31,7,3.0,69,0,6.7,726,6
2012,1,31,8,2.2,54,0,4.6,727,7
2012,1,31,9,4.4,71,77,6.7,728,8
2012,1,31,10,1.6,65,216,4.6,729,9
2012,1,31,11,4.8,45,346,6.2,730,10
2012,1,31,12,5.8,42,439,5.1,731,11
2012,1,31,13,8.1,42,484,5.7,732,12
2012,1,31,14,9.2,43,477,6.2,733,13
2012,1,31,15,9.9,43,412,5.1,734,14
2012,1,31,16,13.3,45,286,5.7,735,15
2012,1,31,17,12.7,49,141,2.6,736,16
2012,1,31,18,11.1,50,36,2.1,737,17
2012,1,31,19,8.2,58,1,3.5,738,18
2012,1,31,20,7.8,59,0,3.6,739,19
2012,1,31,21,7.5,59,0,3.6,740,20
2012,1,31,22,5.6,64,0,2.8,741,21
2012,1,31,23,3.7,67,0,1.7,742,22
2012,1,31,24,2.2,74,0,1.3,743,23
2020,2,1,1,0.3,81,0,0.4,744,0
2020,2,1,2,0.3,81,0,0.9,745,1
2020,2,1,3,-0.3,86,0,1.4,746,2
2020,2,1,4,-0.9,90,0,1.4,747,3
2020,2,1,5,-1.4,95,0,1.9,748,4
2020,2,1,6,-2.0,100,0,2.1,749,5
2020,2,1,7,-2.0,100,0,1.5,750,6
2020,2,1,8,-2.0,100,0,2.0,751,7
2020,2,1,9,-2.0,100,24,2.6,752,8
2020,2,1,10,-2.0,100,79,2.1,753,9
2020,2,1,11,-1.0,92,141,0.0,754,10
2020,2,1,12,-0.6,73,204,3.1,755,11
2020,2,1,13,0.1,73,235,2.6,756,12
2020,2,1,14,0.3,76,221,2.1,757,13
2020,2,1,15,0.2,76,182,2.6,758,14
2020,2,1,16,0.3,79,116,3.1,759,15
2020,2,1,17,0.6,79,54,2.1,760,16
2020,2,1,18,-1.1,79,14,0.0,761,17
2020,2,1,19,-1.7,80,1,1.5,762,18
2020,2,1,20,-2.8,87,0,0.0,763,19
2020,2,1,21,-3.6,89,0,0.0,764,20
2020,2,1,22,-4.4,90,0,0.0,765,21
2020,2,1,23,-4.0,92,0,0.0,766,22
2020,2,1,24,-3.0,92,0,0.0,767,23
2020,2,2,1,-3.0,92,0,0.0,768,0
2020,2,2,2,-3.3,95,0,0.0,769,1
2020,2,2,3,-3.0,92,0,0.0,770,2
2020,2,2,4,-3.0,92,0,0.0,771,3
2020,2,2,5,-2.2,91,0,0.0,772,4
2020,2,2,6,-2.2,95,0,0.0,773,5
2020,2,2,7,-2.0,92,0,1.5,774,6
2020,2,2,8,-2.0,92,0,2.1,775,7
2020,2,2,9,-0.6,91,30,1.5,776,8
2020,2,2,10,-0.6,91,99,1.5,777,9
2020,2,2,11,0.3,83,188,2.6,778,10
2020,2,2,12,0.6,76,234,3.1,779,11
2020,2,2,13,1.0,79,248,3.6,780,12
2020,2,2,14,0.9,84,219,3.6,781,13
2020,2,2,15,1.1,88,163,0.0,782,14
2020,2,2,16,1.0,86,120,1.5,783,15
2020,2,2,17,1.0,100,62,2.6,784,16
2020,2,2,18,0.4,100,15,2.1,785,17
2020,2,2,19,0.3,100,1,2.1,786,18
2020,2,2,20,0.4,100,0,2.1,787,19
2020,2,2,21,0.6,100,0,3.1,788,20
2020,2,2,22,0.7,100,0,2.6,789,21
2020,2,2,23,0.8,93,0,3.1,790,22
2020,2,2,24,1.0,93,0,1.5,791,23
2020,2,3,1,1.0,100,0,2.1,792,0
2020,2,3,2,1.0,100,0,2.1,793,1
2020,2,3,3,1.0,100,0,1.5,794,2
2020,2,3,4,1.0,100,0,1.5,795,3
2020,2,3,5,1.9,100,0,4.6,796,4
2020,2,3,6,3.0,96,0,2.6,797,5
2020,2,3,7,3.1,93,0,2.1,798,6
2020,2,3,8,3.1,88,0,2.6,799,7
2020,2,3,9,2.7,88,60,3.6,800,8
2020,2,3,10,3.3,79,180,4.1,801,9
2020,2,3,11,3.3,79,283,3.1,802,10
2020,2,3,12,5.0,67,374,4.6,803,11
2020,2,3,13,5.6,64,466,4.1,804,12
2020,2,3,14,6.7,62,492,4.6,805,13
2020,2,3,15,7.2,63,432,2.6,806,14
2020,2,3,16,7.2,60,308,3.6,807,15
2020,2,3,17,5.6,67,154,2.6,808,16
2020,2,3,18,4.4,78,39,1.5,809,17
2020,2,3,19,2.7,88,2,1.5,810,18
2020,2,3,20,1.5,91,0,2.1,811,19
2020,2,3,21,0.4,91,0,3.1,812,20
2020,2,3,22,-0.6,91,0,3.1,813,21
2020,2,3,23,-0.6,91,0,0.0,814,22
2020,2,3,24,-1.1,95,0,2.1,815,23
2020,2,4,1,-0.6,96,0,2.1,816,0
2020,2,4,2,-1.1,95,0,0.0,817,1
2020,2,4,3,-0.6,91,0,1.5,818,2
2020,2,4,4,0.6,96,0,2.6,819,3
2020,2,4,5,1.7,95,0,2.1,820,4
2020,2,4,6,3.3,89,0,3.6,821,5
2020,2,4,7,3.3,75,0,2.6,822,6
2020,2,4,8,3.5,70,0,4.1,823,7
2020,2,4,9,3.3,68,43,2.6,824,8
2020,2,4,10,3.9,79,111,3.6,825,9
2020,2,4,11,5.9,82,162,5.1,826,10
2020,2,4,12,5.8,88,144,3.1,827,11
2020,2,4,13,4.9,92,114,3.6,828,12
2020,2,4,14,4.0,92,118,2.6,829,13
2020,2,4,15,3.5,92,101,3.6,830,14
2020,2,4,16,3.0,92,63,2.6,831,15
2020,2,4,17,2.7,92,27,3.1,832,16
2020,2,4,18,1.9,78,7,3.1,833,17
2020,2,4,19,1.6,96,0,2.6,834,18
2020,2,4,20,1.5,91,0,2.1,835,19
2020,2,4,21,1.4,83,0,3.1,836,20
2020,2,4,22,1.2,83,0,3.6,837,21
2020,2,4,23,0.7,85,0,3.1,838,22
2020,2,4,24,0.9,85,0,5.1,839,23
2020,2,5,1,0.6,80,0,4.1,840,0
2020,2,5,2,0.5,72,0,5.1,841,1
2020,2,5,3,0.4,72,0,4.6,842,2
2020,2,5,4,-2.0,78,0,5.1,843,3
2020,2,5,5,-2.8,76,0,5.1,844,4
2020,2,5,6,-3.3,75,0,6.2,845,5
2020,2,5,7,-3.0,71,0,5.1,846,6
2020,2,5,8,-3.9,75,0,3.6,847,7
2020,2,5,9,-3.9,75,29,5.1,848,8
2020,2,5,10,-3.9,79,90,4.6,849,9
2020,2,5,11,-3.3,75,232,4.1,850,10
2020,2,5,12,-2.8,72,357,2.6,851,11
2020,2,5,13,-2.8,69,360,3.6,852,12
2020,2,5,14,-2.8,65,345,2.6,853,13
2020,2,5,15,-2.2,62,325,2.6,854,14
2020,2,5,16,-2.2,62,271,3.1,855,15
2020,2,5,17,-2.8,65,166,2.6,856,16
2020,2,5,18,-3.3,65,48,1.5,857,17
2020,2,5,19,-3.9,71,2,0.0,858,18
2020,2,5,20,-4.4,58,0,0.0,859,19
2020,2,5,21,-3.9,57,0,0.0,860,20
2020,2,5,22,-3.3,72,0,1.5,861,21
2020,2,5,23,-2.8,72,0,2.1,862,22
2020,2,5,24,-3.0,61,0,0.0,863,23
2020,2,6,1,-4.0,68,0,2.6,864,0
2020,2,6,2,-3.0,84,0,2.1,865,1
2020,2,6,3,-3.0,92,0,4.6,866,2
2020,2,6,4,-3.0,92,0,3.1,867,3
2020,2,6,5,-2.0,92,0,3.1,868,4
2020,2,6,6,-2.0,92,0,2.6,869,5
2020,2,6,7,-1.0,92,0,2.6,870,6
2020,2,6,8,-0.6,96,0,3.1,871,7
2020,2,6,9,0.6,96,8,3.6,872,8
2020,2,6,10,0.6,96,20,2.6,873,9
2020,2,6,11,0.3,100,42,2.6,874,10
2020,2,6,12,0.6,96,55,2.6,875,11
2020,2,6,13,1.0,100,55,1.5,876,12
2020,2,6,14,1.2,100,48,1.5,877,13
2020,2,6,15,1.0,100,40,0.0,878,14
2020,2,6,16,0.7,96,33,0.0,879,15
2020,2,6,17,0.6,100,16,0.0,880,16
2020,2,6,18,1.0,96,4,3.6,881,17
2020,2,6,19,1.0,100,0,4.6,882,18
2020,2,6,20,1.1,100,0,2.6,883,19
2020,2,6,21,1.5,100,0,2.6,884,20
2020,2,6,22,1.2,100,0,2.6,885,21
2020,2,6,23,1.1,100,0,0.0,886,22
2020,2,6,24,0.9,100,0,0.0,887,23
2020,2,7,1,0.4,100,0,3.1,888,0
2020,2,7,2,0.0,100,0,5.1,889,1
2020,2,7,3,-2.0,100,0,5.1,890,2
2020,2,7,4,-2.0,100,0,4.1,891,3
2020,2,7,5,-2.0,100,0,3.1,892,4
2020,2,7,6,-2.0,100,0,5.1,893,5
2020,2,7,7,-2.0,100,0,2.6,894,6
2020,2,7,8,-3.0,100,0,4.1,895,7
2020,2,7,9,-4.4,95,4,6.2,896,8
2020,2,7,10,-5.0,95,12,5.7,897,9
2020,2,7,11,-5.0,95,21,7.7,898,10
2020,2,7,12,-5.0,92,32,7.2,899,11
2020,2,7,13,-5.0,86,58,8.2,900,12
2020,2,7,14,-5.0,91,167,9.8,901,13
2020,2,7,15,-6.0,92,216,10.3,902,14
2020,2,7,16,-5.0,86,144,9.3,903,15
2020,2,7,17,-5.0,95,87,8.2,904,16
2020,2,7,18,-5.0,92,33,7.7,905,17
2020,2,7,19,-5.0,86,2,7.2,906,18
2020,2,7,20,-5.6,83,0,8.8,907,19
2020,2,7,21,-5.6,79,0,12.4,908,20
2020,2,7,22,-6.1,78,0,9.8,909,21
2020,2,7,23,-6.7,79,0,10.8,910,22
2020,2,7,24,-7.2,82,0,7.2,911,23
2020,2,8,1,-6.7,79,0,8.2,912,0
2020,2,8,2,-7.2,82,0,7.2,913,1
2020,2,8,3,-8.0,84,0,4.6,914,2
2020,2,8,4,-8.0,84,0,5.1,915,3
2020,2,8,5,-8.0,77,0,3.1,916,4
2020,2,8,6,-8.9,82,0,3.1,917,5
2020,2,8,7,-9.0,77,0,2.1,918,6
2020,2,8,8,-8.0,84,0,2.1,919,7
2020,2,8,9,-7.0,84,71,2.6,920,8
2020,2,8,10,-6.1,83,164,3.1,921,9
2020,2,8,11,-6.7,87,217,4.1,922,10
2020,2,8,12,-6.7,79,263,3.6,923,11
2020,2,8,13,-6.7,75,380,4.1,924,12
2020,2,8,14,-6.7,75,469,2.1,925,13
2020,2,8,15,-6.1,75,430,2.1,926,14
2020,2,8,16,-5.0,71,330,2.6,927,15
2020,2,8,17,-8.9,82,195,2.1,928,16
2020,2,8,18,-10.6,87,63,1.5,929,17
2020,2,8,19,-12.2,82,4,0.0,930,18
2020,2,8,20,-11.1,86,0,1.5,931,19
2020,2,8,21,-12.8,82,0,0.0,932,20
2020,2,8,22,-13.9,86,0,2.1,933,21
2020,2,8,23,-12.0,83,0,1.5,934,22
2020,2,8,24,-12.0,91,0,2.1,935,23
2020,2,9,1,-12.0,91,0,2.6,936,0
2020,2,9,2,-11.0,91,0,2.6,937,1
2020,2,9,3,-10.6,91,0,2.1,938,2
2020,2,9,4,-10.0,91,0,2.6,939,3
2020,2,9,5,-9.0,84,0,2.6,940,4
2020,2,9,6,-9.0,84,0,1.5,941,5
2020,2,9,7,-8.0,84,0,2.6,942,6
2020,2,9,8,-7.2,91,0,2.6,943,7
2020,2,9,9,-5.6,96,96,1.5,944,8
2020,2,9,10,-2.8,87,252,2.1,945,9
2020,2,9,11,-0.6,76,404,2.6,946,10
2020,2,9,12,1.1,70,503,2.6,947,11
2020,2,9,13,1.1,73,520,4.6,948,12
2020,2,9,14,0.1,70,440,5.1,949,13
2020,2,9,15,0.5,64,296,4.6,950,14
2020,2,9,16,1.1,70,182,3.1,951,15
2020,2,9,17,1.6,76,110,3.1,952,16
2020,2,9,18,1.3,76,38,3.1,953,17
2020,2,9,19,1.2,79,2,4.1,954,18
2020,2,9,20,1.0,79,0,5.7,955,19
2020,2,9,21,0.7,79,0,6.2,956,20
2020,2,9,22,0.5,92,0,7.7,957,21
2020,2,9,23,-1.0,92,0,7.2,958,22
2020,2,9,24,-1.0,92,0,7.7,959,23
2020,2,10,1,0.6,87,0,8.2,960,0
2020,2,10,2,0.8,91,0,6.2,961,1
2020,2,10,3,1.0,86,0,5.7,962,2
2020,2,10,4,1.7,84,0,7.7,963,3
2020,2,10,5,2.0,88,0,5.7,964,4
2020,2,10,6,2.0,92,0,5.1,965,5
2020,2,10,7,1.9,93,0,4.6,966,6
2020,2,10,8,1.7,96,0,4.6,967,7
2020,2,10,9,1.7,96,20,3.1,968,8
2020,2,10,10,2.2,96,78,3.6,969,9
2020,2,10,11,2.8,96,115,2.6,970,10
2020,2,10,12,3.3,92,117,2.1,971,11
2020,2,10,13,3.9,93,117,2.6,972,12
2020,2,10,14,3.9,93,120,2.6,973,13
2020,2,10,15,3.6,92,110,3.6,974,14
2020,2,10,16,3.3,92,76,3.1,975,15
2020,2,10,17,3.4,96,46,3.6,976,16
2020,2,10,18,2.0,96,16,0.0,977,17
2020,2,10,19,1.9,92,2,0.0,978,18
2020,2,10,20,1.5,92,0,0.0,979,19
2020,2,10,21,1.5,91,0,0.0,980,20
2020,2,10,22,1.2,91,0,0.0,981,21
2020,2,10,23,0.6,91,0,1.5,982,22
2020,2,10,24,0.6,96,0,0.0,983,23
2020,2,11,1,0.6,96,0,1.5,984,0
2020,2,11,2,1.3,96,0,2.1,985,1
2020,2,11,3,1.6,100,0,0.0,986,2
2020,2,11,4,1.8,100,0,0.0,987,3
2020,2,11,5,1.9,100,0,2.1,988,4
2020,2,11,6,1.8,100,0,1.5,989,5
2020,2,11,7,1.6,100,0,0.0,990,6
2020,2,11,8,1.5,100,0,0.0,991,7
2020,2,11,9,1.5,100,15,3.1,992,8
2020,2,11,10,1.6,100,53,3.1,993,9
2020,2,11,11,1.7,100,135,4.1,994,10
2020,2,11,12,1.7,100,213,3.1,995,11
2020,2,11,13,1.9,100,197,2.1,996,12
2020,2,11,14,1.7,96,173,1.5,997,13
2020,2,11,15,1.8,91,190,3.6,998,14
2020,2,11,16,2.1,91,169,2.6,999,15
2020,2,11,17,2.3,95,121,1.5,1000,16
2020,2,11,18,1.6,95,51,1.5,1001,17
2020,2,11,19,1.1,100,4,0.0,1002,18
2020,2,11,20,1.0,100,0,1.5,1003,19
2020,2,11,21,0.4,76,0,3.6,1004,20
2020,2,11,22,0.6,66,0,4.6,1005,21
2020,2,11,23,0.2,69,0,6.2,1006,22
2020,2,11,24,0.0,72,0,3.6,1007,23
2020,2,12,1,0.0,72,0,10.8,1008,0
2020,2,12,2,0.1,79,0,3.6,1009,1
2020,2,12,3,-1.0,78,0,3.1,1010,2
2020,2,12,4,-1.1,72,0,7.7,1011,3
2020,2,12,5,-2.0,65,0,9.8,1012,4
2020,2,12,6,-2.8,65,0,8.2,1013,5
2020,2,12,7,-3.0,60,0,4.1,1014,6
2020,2,12,8,-4.4,68,0,2.6,1015,7
2020,2,12,9,-2.2,65,95,0.0,1016,8
2020,2,12,10,0.6,72,229,1.5,1017,9
2020,2,12,11,-0.6,60,374,4.1,1018,10
2020,2,12,12,0.6,54,506,5.1,1019,11
2020,2,12,13,0.6,53,585,5.7,1020,12
2020,2,12,14,1.7,53,505,4.1,1021,13
2020,2,12,15,2.2,51,363,3.6,1022,14
2020,2,12,16,2.2,53,259,4.1,1023,15
2020,2,12,17,3.1,53,131,3.6,1024,16
2020,2,12,18,2.5,61,40,4.1,1025,17
2020,2,12,19,1.7,61,3,5.7,1026,18
2020,2,12,20,2.2,56,0,5.1,1027,19
2020,2,12,21,1.7,61,0,5.1,1028,20
2020,2,12,22,1.7,70,0,5.7,1029,21
2020,2,12,23,1.5,79,0,6.2,1030,22
2020,2,12,24,1.1,100,0,4.1,1031,23
2020,2,13,1,0.6,100,0,3.1,1032,0
2020,2,13,2,0.5,100,0,2.1,1033,1
2020,2,13,3,0.4,100,0,3.1,1034,2
2020,2,13,4,0.2,92,0,1.5,1035,3
2020,2,13,5,0.3,95,0,1.7,1036,4
2020,2,13,6,0.4,97,0,1.9,1037,5
2020,2,13,7,0.3,100,0,2.1,1038,6
2020,2,13,8,0.3,100,0,2.1,1039,7
2020,2,13,9,0.3,100,25,3.1,1040,8
2020,2,13,10,0.4,100,68,3.6,1041,9
2020,2,13,11,0.3,100,117,4.1,1042,10
2020,2,13,12,0.2,100,127,4.6,1043,11
2020,2,13,13,0.0,91,126,3.6,1044,12
2020,2,13,14,0.0,91,141,5.1,1045,13
2020,2,13,15,0.5,91,135,4.6,1046,14
2020,2,13,16,0.1,96,130,4.6,1047,15
2020,2,13,17,0.2,96,92,4.6,1048,16
2020,2,13,18,-0.6,96,31,4.1,1049,17
2020,2,13,19,-0.6,100,4,3.1,1050,18
2020,2,13,20,-0.6,91,0,3.6,1051,19
2020,2,13,21,-0.6,91,0,3.6,1052,20
2020,2,13,22,-2.2,91,0,5.1,1053,21
2020,2,13,23,-3.9,96,0,7.2,1054,22
2020,2,13,24,-5.6,87,0,6.7,1055,23
2020,2,14,1,-7.0,84,0,7.7,1056,0
2020,2,14,2,-8.3,86,0,7.7,1057,1
2020,2,14,3,-8.0,77,0,9.3,1058,2
2020,2,14,4,-10.6,82,0,9.3,1059,3
2020,2,14,5,-11.0,84,0,7.2,1060,4
2020,2,14,6,-11.7,74,0,8.8,1061,5
2020,2,14,7,-12.0,69,0,9.3,1062,6
2020,2,14,8,-13.9,82,0,7.2,1063,7
2020,2,14,9,-13.9,82,103,6.2,1064,8
2020,2,14,10,-14.0,83,249,4.1,1065,9
2020,2,14,11,-13.0,69,400,4.6,1066,10
2020,2,14,12,-13.0,69,518,5.1,1067,11
2020,2,14,13,-13.0,69,592,4.6,1068,12
2020,2,14,14,-12.8,63,605,6.2,1069,13
2020,2,14,15,-13.3,70,537,5.1,1070,14
2020,2,14,16,-13.3,70,408,3.1,1071,15
2020,2,14,17,-13.9,70,245,4.1,1072,16
2020,2,14,18,-14.4,66,88,2.6,1073,17
2020,2,14,19,-17.2,65,8,0.0,1074,18
2020,2,14,20,-20.0,73,0,1.5,1075,19
2020,2,14,21,-20.0,75,0,1.5,1076,20
2020,2,14,22,-21.1,81,0,2.6,1077,21
2020,2,14,23,-21.0,82,0,2.6,1078,22
2020,2,14,24,-23.9,80,0,2.6,1079,23
2020,2,15,1,-22.8,80,0,3.1,1080,0
2020,2,15,2,-22.2,85,0,3.1,1081,1
2020,2,15,3,-22.2,85,0,3.6,1082,2
2020,2,15,4,-22.2,85,0,3.6,1083,3
2020,2,15,5,-22.2,81,0,3.1,1084,4
2020,2,15,6,-22.8,85,0,3.1,1085,5
2020,2,15,7,-24.0,82,0,2.6,1086,6
2020,2,15,8,-21.7,86,0,2.6,1087,7
2020,2,15,9,-14.4,77,140,3.1,1088,8
2020,2,15,10,-11.1,60,317,5.1,1089,9
2020,2,15,11,-9.4,57,476,6.2,1090,10
2020,2,15,12,-7.2,55,587,6.2,1091,11
2020,2,15,13,-5.6,51,638,6.2,1092,12
2020,2,15,14,-3.9,48,600,6.7,1093,13
2020,2,15,15,-2.8,42,481,4.6,1094,14
2020,2,15,16,-2.8,42,350,7.2,1095,15
2020,2,15,17,-3.3,46,211,7.7,1096,16
2020,2,15,18,-4.4,53,71,6.7,1097,17
2020,2,15,19,-4.4,50,7,6.2,1098,18
2020,2,15,20,-4.4,56,0,7.2,1099,19
2020,2,15,21,-4.4,56,0,6.7,1100,20
2020,2,15,22,-3.9,56,0,4.1,1101,21
2020,2,15,23,-3.9,59,0,7.7,1102,22
2020,2,15,24,-3.3,56,0,5.7,1103,23
2020,2,16,1,-2.8,57,0,6.2,1104,0
2020,2,16,2,-2.8,57,0,4.6,1105,1
2020,2,16,3,-2.8,57,0,6.2,1106,2
2020,2,16,4,-2.8,59,0,5.1,1107,3
2020,2,16,5,-1.7,57,0,5.7,1108,4
2020,2,16,6,-2.0,60,0,6.2,1109,5
2020,2,16,7,-2.0,60,0,3.6,1110,6
2020,2,16,8,-1.7,63,0,2.6,1111,7
2020,2,16,9,0.0,60,83,4.6,1112,8
2020,2,16,10,0.6,54,215,3.6,1113,9
2020,2,16,11,1.1,58,348,3.6,1114,10
2020,2,16,12,0.5,61,428,3.1,1115,11
2020,2,16,13,1.4,59,443,3.6,1116,12
2020,2,16,14,1.8,57,349,4.1,1117,13
2020,2,16,15,2.1,60,256,4.1,1118,14
2020,2,16,16,2.4,60,222,4.1,1119,15
2020,2,16,17,3.3,60,147,4.6,1120,16
2020,2,16,18,2.2,65,57,3.6,1121,17
2020,2,16,19,1.6,76,5,1.5,1122,18
2020,2,16,20,1.7,68,0,0.0,1123,19
2020,2,16,21,0.8,86,0,0.0,1124,20
2020,2,16,22,-5.6,72,0,0.0,1125,21
2020,2,16,23,-6.0,92,0,0.0,1126,22
2020,2,16,24,-4.0,92,0,0.0,1127,23
2020,2,17,1,-2.2,91,0,1.5,1128,0
2020,2,17,2,-3.0,92,0,0.0,1129,1
2020,2,17,3,-9.4,90,0,1.5,1130,2
2020,2,17,4,-8.0,100,0,1.5,1131,3
2020,2,17,5,-7.0,92,0,0.0,1132,4
2020,2,17,6,-7.0,92,0,0.0,1133,5
2020,2,17,7,-6.0,92,0,0.0,1134,6
2020,2,17,8,-5.6,96,0,0.0,1135,7
2020,2,17,9,-3.0,100,58,0.0,1136,8
2020,2,17,10,-1.7,83,163,3.1,1137,9
2020,2,17,11,-2.0,85,209,3.6,1138,10
2020,2,17,12,-0.6,69,252,2.6,1139,11
2020,2,17,13,-0.6,69,322,3.1,1140,12
2020,2,17,14,1.1,52,303,2.6,1141,13
2020,2,17,15,0.2,60,277,2.1,1142,14
2020,2,17,16,0.2,60,247,2.1,1143,15
2020,2,17,17,0.4,63,176,3.1,1144,16
2020,2,17,18,-2.2,65,75,1.5,1145,17
2020,2,17,19,-5.0,79,10,0.0,1146,18
2020,2,17,20,-4.4,71,0,2.1,1147,19
2020,2,17,21,-3.9,71,0,2.1,1148,20
2020,2,17,22,-3.9,71,0,1.5,1149,21
2020,2,17,23,-2.8,69,0,2.6,1150,22
2020,2,17,24,-2.8,69,0,0.0,1151,23
2020,2,18,1,-0.6,60,0,4.1,1152,0
2020,2,18,2,0.0,60,0,3.6,1153,1
2020,2,18,3,0.6,54,0,4.6,1154,2
2020,2,18,4,0.6,60,0,3.1,1155,3
2020,2,18,5,0.6,57,0,5.7,1156,4
2020,2,18,6,1.0,61,0,9.8,1157,5
2020,2,18,7,0.0,78,0,10.8,1158,6
2020,2,18,8,-1.1,91,0,9.8,1159,7
2020,2,18,9,-0.6,91,18,7.2,1160,8
2020,2,18,10,0.6,87,46,8.8,1161,9
2020,2,18,11,1.5,86,80,10.8,1162,10
2020,2,18,12,1.7,89,109,9.8,1163,11
2020,2,18,13,2.8,89,113,11.3,1164,12
2020,2,18,14,3.3,89,112,8.8,1165,13
2020,2,18,15,3.9,86,97,3.6,1166,14
2020,2,18,16,3.9,89,62,4.1,1167,15
2020,2,18,17,3.9,89,38,4.1,1168,16
2020,2,18,18,3.9,89,15,2.6,1169,17
2020,2,18,19,3.9,93,2,2.1,1170,18
2020,2,18,20,3.3,97,0,2.6,1171,19
2020,2,18,21,3.3,82,0,5.7,1172,20
2020,2,18,22,2.8,71,0,4.1,1173,21
2020,2,18,23,2.2,71,0,6.7,1174,22
2020,2,18,24,2.3,67,0,7.2,1175,23
2020,2,19,1,1.7,64,0,6.7,1176,0
2020,2,19,2,1.5,63,0,6.2,1177,1
2020,2,19,3,1.3,73,0,4.1,1178,2
2020,2,19,4,0.8,78,0,4.6,1179,3
2020,2,19,5,0.3,71,0,8.8,1180,4
2020,2,19,6,-0.6,69,0,5.1,1181,5
2020,2,19,7,-1.0,71,0,6.2,1182,6
2020,2,19,8,-1.1,66,0,10.8,1183,7
2020,2,19,9,-1.7,57,91,12.4,1184,8
2020,2,19,10,-1.7,54,224,9.8,1185,9
2020,2,19,11,-1.1,62,354,9.3,1186,10
2020,2,19,12,-1.7,65,414,8.8,1187,11
2020,2,19,13,-2.0,65,440,8.2,1188,12
2020,2,19,14,-2.8,52,399,7.2,1189,13
2020,2,19,15,-2.8,52,306,8.2,1190,14
2020,2,19,16,-3.0,52,252,8.2,1191,15
2020,2,19,17,-4.4,52,177,5.1,1192,16
2020,2,19,18,-5.0,75,74,2.6,1193,17
2020,2,19,19,-5.6,83,10,2.1,1194,18
2020,2,19,20,-5.6,79,0,1.5,1195,19
2020,2,19,21,-6.1,83,0,0.0,1196,20
2020,2,19,22,-6.0,73,0,1.5,1197,21
2020,2,19,23,-5.0,61,0,5.1,1198,22
2020,2,19,24,-5.6,79,0,4.6,1199,23
2020,2,20,1,-5.6,62,0,6.2,1200,0
2020,2,20,2,-6.1,64,0,6.2,1201,1
2020,2,20,3,-7.2,67,0,5.7,1202,2
2020,2,20,4,-7.2,64,0,5.7,1203,3
2020,2,20,5,-7.8,64,0,4.1,1204,4
2020,2,20,6,-8.9,67,0,3.1,1205,5
2020,2,20,7,-8.0,64,0,2.1,1206,6
2020,2,20,8,-8.3,67,0,0.0,1207,7
2020,2,20,9,-6.7,64,135,4.6,1208,8
2020,2,20,10,-6.7,71,267,5.1,1209,9
2020,2,20,11,-5.6,68,365,6.2,1210,10
2020,2,20,12,-5.6,62,452,6.2,1211,11
2020,2,20,13,-6.7,57,457,5.7,1212,12
2020,2,20,14,-6.1,67,439,4.6,1213,13
2020,2,20,15,-6.7,64,435,5.1,1214,14
2020,2,20,16,-6.7,64,335,3.1,1215,15
2020,2,20,17,-7.2,64,217,3.6,1216,16
2020,2,20,18,-7.8,68,98,3.1,1217,17
2020,2,20,19,-8.3,74,13,2.6,1218,18
2020,2,20,20,-8.9,75,0,0.0,1219,19
2020,2,20,21,-10.0,78,0,1.5,1220,20
2020,2,20,22,-9.4,70,0,2.1,1221,21
2020,2,20,23,-9.4,78,0,3.1,1222,22
2020,2,20,24,-11.0,84,0,3.1,1223,23
2020,2,21,1,-8.9,82,0,2.6,1224,0
2020,2,21,2,-8.3,82,0,3.6,1225,1
2020,2,21,3,-9.0,84,0,5.1,1226,2
2020,2,21,4,-9.0,77,0,5.7,1227,3
2020,2,21,5,-9.4,74,0,3.6,1228,4
2020,2,21,6,-11.1,78,0,3.6,1229,5
2020,2,21,7,-12.0,83,0,2.6,1230,6
2020,2,21,8,-11.1,74,0,2.1,1231,7
2020,2,21,9,-9.4,67,148,2.6,1232,8
2020,2,21,10,-7.2,61,312,4.1,1233,9
2020,2,21,11,-6.1,58,474,4.6,1234,10
2020,2,21,12,-5.6,56,602,2.1,1235,11
2020,2,21,13,-3.3,46,658,3.1,1236,12
2020,2,21,14,-2.8,42,648,4.6,1237,13
2020,2,21,15,-1.7,38,574,4.1,1238,14
2020,2,21,16,-0.6,37,446,4.6,1239,15
2020,2,21,17,-0.6,35,279,4.6,1240,16
2020,2,21,18,-1.7,40,108,2.1,1241,17
2020,2,21,19,-2.2,42,14,2.6,1242,18
2020,2,21,20,-3.9,44,0,2.1,1243,19
2020,2,21,21,-5.0,48,0,2.6,1244,20
2020,2,21,22,-3.3,62,0,3.1,1245,21
2020,2,21,23,-3.3,63,0,4.1,1246,22
2020,2,21,24,-2.8,63,0,3.6,1247,23
2020,2,22,1,-3.9,64,0,3.1,1248,0
2020,2,22,2,-5.0,48,0,3.1,1249,1
2020,2,22,3,-11.1,66,0,1.5,1250,2
2020,2,22,4,-13.3,77,0,1.5,1251,3
2020,2,22,5,-6.1,50,0,2.1,1252,4
2020,2,22,6,-10.6,63,0,2.6,1253,5
2020,2,22,7,-10.0,58,0,2.1,1254,6
2020,2,22,8,-6.1,50,0,2.6,1255,7
2020,2,22,9,-3.3,65,169,2.6,1256,8
2020,2,22,10,-1.7,60,349,3.1,1257,9
2020,2,22,11,-0.6,47,506,4.6,1258,10
2020,2,22,12,0.6,47,615,3.6,1259,11
2020,2,22,13,1.4,46,664,4.6,1260,12
2020,2,22,14,2.2,43,648,3.6,1261,13
2020,2,22,15,3.0,43,573,5.1,1262,14
2020,2,22,16,4.4,44,447,3.6,1263,15
2020,2,22,17,4.4,41,280,3.1,1264,16
2020,2,22,18,3.3,43,109,2.6,1265,17
2020,2,22,19,3.5,48,15,0.0,1266,18
2020,2,22,20,0.6,56,0,0.0,1267,19
2020,2,22,21,-4.4,58,0,0.0,1268,20
2020,2,22,22,-4.4,71,0,0.0,1269,21
2020,2,22,23,-5.6,79,0,1.5,1270,22
2020,2,22,24,-6.7,83,0,1.5,1271,23
2020,2,23,1,-5.0,68,0,1.5,1272,0
2020,2,23,2,-7.8,82,0,0.0,1273,1
2020,2,23,3,-7.2,74,0,2.1,1274,2
2020,2,23,4,-5.6,65,0,0.0,1275,3
2020,2,23,5,-8.9,82,0,0.0,1276,4
2020,2,23,6,-8.3,74,0,0.0,1277,5
2020,2,23,7,-8.0,77,0,1.5,1278,6
2020,2,23,8,-1.7,54,0,1.5,1279,7
2020,2,23,9,0.6,72,159,1.5,1280,8
2020,2,23,10,2.2,64,322,5.1,1281,9
2020,2,23,11,2.5,50,449,5.1,1282,10
2020,2,23,12,4.1,45,556,4.1,1283,11
2020,2,23,13,7.2,30,637,2.6,1284,12
2020,2,23,14,7.8,25,641,4.6,1285,13
2020,2,23,15,8.3,24,574,4.1,1286,14
2020,2,23,16,8.3,25,452,5.7,1287,15
2020,2,23,17,8.3,38,288,4.6,1288,16
2020,2,23,18,6.1,30,114,3.1,1289,17
2020,2,23,19,5.0,33,16,3.1,1290,18
2020,2,23,20,3.3,37,0,2.6,1291,19
2020,2,23,21,2.8,38,0,2.6,1292,20
2020,2,23,22,2.2,40,0,3.1,1293,21
2020,2,23,23,1.3,52,0,3.1,1294,22
2020,2,23,24,1.3,52,0,4.1,1295,23
2020,2,24,1,1.7,52,0,3.6,1296,0
2020,2,24,2,1.4,52,0,3.1,1297,1
2020,2,24,3,1.3,39,0,2.1,1298,2
2020,2,24,4,1.1,54,0,2.6,1299,3
2020,2,24,5,0.7,58,0,3.1,1300,4
2020,2,24,6,2.2,62,0,3.1,1301,5
2020,2,24,7,3.0,60,0,2.6,1302,6
2020,2,24,8,3.3,60,0,4.1,1303,7
2020,2,24,9,0.3,58,171,3.1,1304,8
2020,2,24,10,3.1,55,346,4.1,1305,9
2020,2,24,11,6.1,47,499,4.6,1306,10
2020,2,24,12,7.7,45,604,3.1,1307,11
2020,2,24,13,10.6,46,647,4.6,1308,12
2020,2,24,14,8.6,42,635,4.1,1309,13
2020,2,24,15,11.7,41,566,5.1,1310,14
2020,2,24,16,11.7,42,414,4.1,1311,15
2020,2,24,17,11.1,33,220,1.5,1312,16
2020,2,24,18,11.5,48,72,2.1,1313,17
2020,2,24,19,8.1,58,10,2.1,1314,18
2020,2,24,20,7.8,52,0,3.1,1315,19
2020,2,24,21,8.3,51,0,2.1,1316,20
2020,2,24,22,5.2,79,0,2.6,1317,21
2020,2,24,23,4.6,85,0,0.0,1318,22
2020,2,24,24,4.4,84,0,0.0,1319,23
2020,2,25,1,3.9,84,0,0.0,1320,0
2020,2,25,2,4.1,84,0,0.0,1321,1
2020,2,25,3,4.2,70,0,0.0,1322,2
2020,2,25,4,3.6,88,0,0.0,1323,3
2020,2,25,5,2.9,88,0,3.1,1324,4
2020,2,25,6,2.2,85,0,1.5,1325,5
2020,2,25,7,2.0,87,0,1.5,1326,6
2020,2,25,8,2.7,92,0,1.5,1327,7
2020,2,25,9,3.1,100,55,2.6,1328,8
2020,2,25,10,3.6,100,111,1.5,1329,9
2020,2,25,11,4.7,100,171,2.6,1330,10
2020,2,25,12,3.9,93,261,2.1,1331,11
2020,2,25,13,6.2,73,306,3.6,1332,12
2020,2,25,14,6.5,73,242,4.1,1333,13
2020,2,25,15,7.2,71,184,3.6,1334,14
2020,2,25,16,7.4,68,161,3.6,1335,15
2020,2,25,17,5.4,75,115,3.6,1336,16
2020,2,25,18,4.2,100,50,2.6,1337,17
2020,2,25,19,3.8,100,9,2.6,1338,18
2020,2,25,20,3.5,100,0,3.1,1339,19
2020,2,25,21,3.2,100,0,3.6,1340,20
2020,2,25,22,3.0,100,0,3.6,1341,21
2020,2,25,23,2.3,100,0,1.5,1342,22
2020,2,25,24,2.2,100,0,2.6,1343,23
2020,2,26,1,2.0,100,0,0.0,1344,0
2020,2,26,2,2.0,100,0,0.0,1345,1
2020,2,26,3,1.8,100,0,1.5,1346,2
2020,2,26,4,1.7,100,0,1.5,1347,3
2020,2,26,5,1.8,100,0,0.0,1348,4
2020,2,26,6,1.0,100,0,0.0,1349,5
2020,2,26,7,1.4,100,0,1.5,1350,6
2020,2,26,8,1.5,100,0,0.0,1351,7
2020,2,26,9,1.6,100,26,0.0,1352,8
2020,2,26,10,2.0,100,44,0.0,1353,9
2020,2,26,11,2.7,100,58,2.1,1354,10
2020,2,26,12,3.3,100,101,4.1,1355,11
2020,2,26,13,5.0,100,131,3.1,1356,12
2020,2,26,14,4.7,97,125,4.1,1357,13
2020,2,26,15,5.1,96,126,4.1,1358,14
2020,2,26,16,5.7,93,102,3.6,1359,15
2020,2,26,17,6.7,96,53,4.6,1360,16
2020,2,26,18,5.4,93,20,3.6,1361,17
2020,2,26,19,6.1,97,4,3.1,1362,18
2020,2,26,20,6.1,93,0,5.1,1363,19
2020,2,26,21,5.6,96,0,4.1,1364,20
2020,2,26,22,5.6,92,0,6.7,1365,21
2020,2,26,23,4.4,92,0,7.7,1366,22
2020,2,26,24,4.3,92,0,5.1,1367,23
2020,2,27,1,5.0,100,0,5.7,1368,0
2020,2,27,2,4.0,100,0,4.6,1369,1
2020,2,27,3,3.9,100,0,4.6,1370,2
2020,2,27,4,2.9,100,0,4.1,1371,3
2020,2,27,5,1.6,100,0,4.6,1372,4
2020,2,27,6,0.0,100,0,7.2,1373,5
2020,2,27,7,-2.0,100,0,8.8,1374,6
2020,2,27,8,-3.0,92,0,9.3,1375,7
2020,2,27,9,-4.0,84,44,9.8,1376,8
2020,2,27,10,-3.9,79,136,8.8,1377,9
2020,2,27,11,-3.3,68,233,12.4,1378,10
2020,2,27,12,-3.3,68,349,10.3,1379,11
2020,2,27,13,-2.8,62,425,10.3,1380,12
2020,2,27,14,-3.3,62,478,9.3,1381,13
2020,2,27,15,-3.3,59,511,12.4,1382,14
2020,2,27,16,-3.3,56,419,12.9,1383,15
2020,2,27,17,-3.9,53,263,11.8,1384,16
2020,2,27,18,-4.4,56,107,10.3,1385,17
2020,2,27,19,-6.0,58,18,6.7,1386,18
2020,2,27,20,-5.0,59,0,8.2,1387,19
2020,2,27,21,-6.0,61,0,10.3,1388,20
2020,2,27,22,-6.0,63,0,11.3,1389,21
2020,2,27,23,-6.1,75,0,7.7,1390,22
2020,2,27,24,-6.1,61,0,6.2,1391,23
2020,2,28,1,-6.1,58,0,6.7,1392,0
2020,2,28,2,-6.7,58,0,5.7,1393,1
2020,2,28,3,-6.7,58,0,8.2,1394,2
2020,2,28,4,-6.1,58,0,6.7,1395,3
2020,2,28,5,-6.1,58,0,8.2,1396,4
2020,2,28,6,-6.1,58,0,5.7,1397,5
2020,2,28,7,-6.0,59,0,6.7,1398,6
2020,2,28,8,-6.1,58,40,6.2,1399,7
2020,2,28,9,-5.6,53,157,6.2,1400,8
2020,2,28,10,-5.0,50,302,8.2,1401,9
2020,2,28,11,-3.9,48,390,8.8,1402,10
2020,2,28,12,-3.9,48,439,8.2,1403,11
2020,2,28,13,-3.3,48,470,6.7,1404,12
2020,2,28,14,-2.8,51,454,5.1,1405,13
2020,2,28,15,-2.8,46,395,7.2,1406,14
2020,2,28,16,-2.8,46,309,7.2,1407,15
2020,2,28,17,-2.8,49,206,7.7,1408,16
2020,2,28,18,-4.0,50,89,6.2,1409,17
2020,2,28,19,-4.8,56,15,6.4,1410,18
2020,2,28,20,-4.8,57,0,5.8,1411,19
2020,2,28,21,-4.8,59,0,6.1,1412,20
2020,2,28,22,-5.8,61,0,4.5,1413,21
2020,2,28,23,-6.8,66,0,3.3,1414,22
2020,2,28,24,-7.5,70,0,3.0,1415,23
2019,3,1,1,-8.2,77,0,1.9,1416,0
2019,3,1,2,-8.0,81,0,2.6,1417,1
2019,3,1,3,-7.7,83,0,3.2,1418,2
2019,3,1,4,-7.8,84,0,3.2,1419,3
2019,3,1,5,-7.3,82,0,3.3,1420,4
2019,3,1,6,-6.4,78,0,3.7,1421,5
2019,3,1,7,-8.0,77,0,2.6,1422,6
2019,3,1,8,-6.1,78,52,3.6,1423,7
2019,3,1,9,-4.4,75,192,4.1,1424,8
2019,3,1,10,-1.7,65,371,3.6,1425,9
2019,3,1,11,-1.1,62,531,4.1,1426,10
2019,3,1,12,0.6,57,626,3.6,1427,11
2019,3,1,13,0.6,57,630,4.1,1428,12
2019,3,1,14,0.5,58,565,3.1,1429,13
2019,3,1,15,1.1,58,455,3.1,1430,14
2019,3,1,16,1.1,58,313,2.1,1431,15
2019,3,1,17,1.9,61,185,2.1,1432,16
2019,3,1,18,0.7,61,82,0.0,1433,17
2019,3,1,19,0.6,63,16,1.5,1434,18
2019,3,1,20,0.0,66,0,1.5,1435,19
2019,3,1,21,-1.1,76,0,2.1,1436,20
2019,3,1,22,-0.6,73,0,2.1,1437,21
2019,3,1,23,-0.6,73,0,2.6,1438,22
2019,3,1,24,-1.1,76,0,2.1,1439,23
2019,3,2,1,-1.1,76,0,2.1,1440,0
2019,3,2,2,-1.1,76,0,2.1,1441,1
2019,3,2,3,-1.1,76,0,2.1,1442,2
2019,3,2,4,-1.1,76,0,2.1,1443,3
2019,3,2,5,-1.1,76,0,1.5,1444,4
2019,3,2,6,-1.1,76,0,0.0,1445,5
2019,3,2,7,-2.0,85,0,0.0,1446,6
2019,3,2,8,-1.1,79,21,1.5,1447,7
2019,3,2,9,-0.6,76,77,0.0,1448,8
2019,3,2,10,0.0,72,160,0.0,1449,9
2019,3,2,11,0.6,63,220,0.0,1450,10
2019,3,2,12,0.1,61,272,0.0,1451,11
2019,3,2,13,0.4,61,340,2.1,1452,12
2019,3,2,14,0.9,61,324,0.0,1453,13
2019,3,2,15,1.2,64,274,2.6,1454,14
2019,3,2,16,1.0,76,183,3.6,1455,15
2019,3,2,17,0.7,91,98,3.1,1456,16
2019,3,2,18,0.4,96,62,2.6,1457,17
2019,3,2,19,-0.6,96,13,2.6,1458,18
2019,3,2,20,-0.6,96,0,3.6,1459,19
2019,3,2,21,-1.1,95,0,6.2,1460,20
2019,3,2,22,-1.7,91,0,5.7,1461,21
2019,3,2,23,-2.2,91,0,4.6,1462,22
2019,3,2,24,-2.0,92,0,3.6,1463,23
2019,3,3,1,-2.0,85,0,4.1,1464,0
2019,3,3,2,-3.0,92,0,5.7,1465,1
2019,3,3,3,-3.0,92,0,4.6,1466,2
2019,3,3,4,-3.0,84,0,4.1,1467,3
2019,3,3,5,-3.0,84,0,2.6,1468,4
2019,3,3,6,-4.0,92,0,2.1,1469,5
2019,3,3,7,-4.0,84,0,1.5,1470,6
2019,3,3,8,-4.0,92,35,2.1,1471,7
2019,3,3,9,-3.3,87,136,3.6,1472,8
2019,3,3,10,-3.3,79,244,2.6,1473,9
2019,3,3,11,-2.0,65,335,2.1,1474,10
2019,3,3,12,-1.1,62,422,1.5,1475,11
2019,3,3,13,0.6,52,469,0.0,1476,12
2019,3,3,14,0.0,52,427,0.0,1477,13
2019,3,3,15,0.0,57,316,0.0,1478,14
2019,3,3,16,0.0,57,178,2.1,1479,15
2019,3,3,17,-1.1,62,89,2.1,1480,16
2019,3,3,18,-1.1,66,47,1.5,1481,17
2019,3,3,19,-2.0,78,8,0.0,1482,18
2019,3,3,20,-2.8,79,0,1.5,1483,19
2019,3,3,21,-2.8,79,0,0.0,1484,20
2019,3,3,22,-3.0,92,0,0.0,1485,21
2019,3,3,23,-3.0,92,0,0.0,1486,22
2019,3,3,24,-4.0,100,0,2.1,1487,23
2019,3,4,1,-4.0,100,0,2.1,1488,0
2019,3,4,2,-4.0,92,0,3.1,1489,1
2019,3,4,3,-5.0,92,0,3.6,1490,2
2019,3,4,4,-6.0,100,0,3.1,1491,3
2019,3,4,5,-5.0,91,0,5.1,1492,4
2019,3,4,6,-5.6,91,0,5.1,1493,5
2019,3,4,7,-6.0,92,0,4.1,1494,6
2019,3,4,8,-6.0,92,25,3.1,1495,7
2019,3,4,9,-6.1,86,100,7.2,1496,8
2019,3,4,10,-6.1,86,199,6.7,1497,9
2019,3,4,11,-6.7,75,316,6.2,1498,10
2019,3,4,12,-6.1,64,405,5.7,1499,11
2019,3,4,13,-5.6,56,461,6.2,1500,12
2019,3,4,14,-5.0,56,436,4.6,1501,13
2019,3,4,15,-6.7,64,367,5.7,1502,14
2019,3,4,16,-7.2,67,285,4.6,1503,15
2019,3,4,17,-8.0,52,158,4.1,1504,16
2019,3,4,18,-8.3,67,75,5.1,1505,17
2019,3,4,19,-8.3,61,24,6.7,1506,18
2019,3,4,20,-10.6,57,0,6.7,1507,19
2019,3,4,21,-11.7,57,0,3.6,1508,20
2019,3,4,22,-12.8,60,0,2.6,1509,21
2019,3,4,23,-16.1,62,0,0.0,1510,22
2019,3,4,24,-18.3,69,0,1.5,1511,23
2019,3,5,1,-19.4,76,0,1.5,1512,0
2019,3,5,2,-20.0,76,0,0.0,1513,1
2019,3,5,3,-20.6,81,0,1.5,1514,2
2019,3,5,4,-17.2,66,0,0.0,1515,3
2019,3,5,5,-20.0,81,0,0.0,1516,4
2019,3,5,6,-20.0,81,0,0.0,1517,5
2019,3,5,7,-21.0,82,0,0.0,1518,6
2019,3,5,8,-14.4,81,64,3.1,1519,7
2019,3,5,9,-11.1,60,224,4.6,1520,8
2019,3,5,10,-9.4,49,418,5.1,1521,9
2019,3,5,11,-8.3,49,573,4.6,1522,10
2019,3,5,12,-7.2,47,671,4.6,1523,11
2019,3,5,13,-5.0,43,697,4.1,1524,12
2019,3,5,14,-5.6,43,646,5.7,1525,13
2019,3,5,15,-5.6,46,520,4.1,1526,14
2019,3,5,16,-6.7,53,347,4.6,1527,15
2019,3,5,17,-6.7,53,190,6.7,1528,16
2019,3,5,18,-8.0,58,79,6.2,1529,17
2019,3,5,19,-9.0,60,17,4.1,1530,18
2019,3,5,20,-10.0,64,0,5.1,1531,19
2019,3,5,21,-10.6,71,0,4.6,1532,20
2019,3,5,22,-11.1,63,0,5.1,1533,21
2019,3,5,23,-12.2,66,0,4.1,1534,22
2019,3,5,24,-11.7,67,0,4.1,1535,23
2019,3,6,1,-11.7,78,0,5.1,1536,0
2019,3,6,2,-12.0,83,0,3.1,1537,1
2019,3,6,3,-13.3,73,0,5.1,1538,2
2019,3,6,4,-12.8,70,0,5.1,1539,3
2019,3,6,5,-12.8,67,0,5.7,1540,4
2019,3,6,6,-13.3,70,0,5.7,1541,5
2019,3,6,7,-13.0,69,0,5.1,1542,6
2019,3,6,8,-12.2,70,69,4.1,1543,7
2019,3,6,9,-10.6,61,227,3.6,1544,8
2019,3,6,10,-10.0,60,410,8.8,1545,9
2019,3,6,11,-10.0,60,545,8.2,1546,10
2019,3,6,12,-10.0,58,587,9.3,1547,11
2019,3,6,13,-9.4,57,583,9.3,1548,12
2019,3,6,14,-8.3,49,577,8.2,1549,13
2019,3,6,15,-8.9,42,512,8.8,1550,14
2019,3,6,16,-8.9,40,378,7.2,1551,15
2019,3,6,17,-10.0,38,241,8.2,1552,16
2019,3,6,18,-11.1,44,116,6.2,1553,17
2019,3,6,19,-12.2,48,27,5.1,1554,18
2019,3,6,20,-12.8,54,0,4.1,1555,19
2019,3,6,21,-13.9,63,0,5.1,1556,20
2019,3,6,22,-13.9,63,0,4.1,1557,21
2019,3,6,23,-13.9,66,0,4.1,1558,22
2019,3,6,24,-14.4,70,0,2.1,1559,23
2019,3,7,1,-14.4,70,0,3.1,1560,0
2019,3,7,2,-13.3,70,0,2.1,1561,1
2019,3,7,3,-13.0,69,0,2.6,1562,2
2019,3,7,4,-13.0,76,0,3.1,1563,3
2019,3,7,5,-12.0,83,0,1.5,1564,4
2019,3,7,6,-13.3,86,0,2.1,1565,5
2019,3,7,7,-15.0,83,0,0.0,1566,6
2019,3,7,8,-11.7,87,63,4.1,1567,7
2019,3,7,9,-8.9,67,209,5.7,1568,8
2019,3,7,10,-8.0,64,388,6.7,1569,9
2019,3,7,11,-7.2,64,538,7.7,1570,10
2019,3,7,12,-7.0,70,572,8.2,1571,11
2019,3,7,13,-6.7,51,538,8.8,1572,12
2019,3,7,14,-7.0,64,516,6.2,1573,13
2019,3,7,15,-6.1,58,485,7.2,1574,14
2019,3,7,16,-7.0,59,407,4.6,1575,15
2019,3,7,17,-6.7,58,274,5.1,1576,16
2019,3,7,18,-8.3,61,133,1.5,1577,17
2019,3,7,19,-11.7,74,31,0.0,1578,18
2019,3,7,20,-10.6,61,0,2.6,1579,19
2019,3,7,21,-11.1,66,0,3.6,1580,20
2019,3,7,22,-11.1,70,0,2.6,1581,21
2019,3,7,23,-11.7,70,0,2.6,1582,22
2019,3,7,24,-15.6,67,0,0.0,1583,23
2019,3,8,1,-17.2,85,0,1.5,1584,0
2019,3,8,2,-17.8,86,0,0.0,1585,1
2019,3,8,3,-18.3,85,0,1.5,1586,2
2019,3,8,4,-19.4,85,0,2.1,1587,3
2019,3,8,5,-20.0,85,0,2.1,1588,4
2019,3,8,6,-20.0,85,0,3.1,1589,5
2019,3,8,7,-19.0,83,0,3.1,1590,6
2019,3,8,8,-13.9,82,73,2.1,1591,7
2019,3,8,9,-9.4,67,234,2.1,1592,8
2019,3,8,10,-6.1,71,420,3.6,1593,9
2019,3,8,11,-4.4,46,575,3.1,1594,10
2019,3,8,12,-2.8,44,661,3.1,1595,11
2019,3,8,13,-1.1,40,662,4.6,1596,12
2019,3,8,14,0.6,43,621,4.6,1597,13
2019,3,8,15,1.7,36,581,3.6,1598,14
2019,3,8,16,1.7,38,506,2.6,1599,15
2019,3,8,17,0.5,38,352,3.1,1600,16
2019,3,8,18,0.6,43,163,2.6,1601,17
2019,3,8,19,-1.7,54,34,2.6,1602,18
2019,3,8,20,-2.8,57,0,3.1,1603,19
2019,3,8,21,-2.8,57,0,2.1,1604,20
2019,3,8,22,-4.4,65,0,2.1,1605,21
2019,3,8,23,-7.8,78,0,0.0,1606,22
2019,3,8,24,-8.9,86,0,0.0,1607,23
2019,3,9,1,-11.7,91,0,0.0,1608,0
2019,3,9,2,-11.7,91,0,0.0,1609,1
2019,3,9,3,-13.3,86,0,1.5,1610,2
2019,3,9,4,-13.3,86,0,1.5,1611,3
2019,3,9,5,-13.9,86,0,2.1,1612,4
2019,3,9,6,-13.9,90,0,1.5,1613,5
2019,3,9,7,-16.0,91,0,2.6,1614,6
2019,3,9,8,-10.0,86,82,0.0,1615,7
2019,3,9,9,-4.4,68,249,0.0,1616,8
2019,3,9,10,0.6,62,439,0.0,1617,9
2019,3,9,11,-1.1,51,600,2.1,1618,10
2019,3,9,12,0.6,37,710,0.0,1619,11
2019,3,9,13,1.5,41,759,2.6,1620,12
2019,3,9,14,2.1,52,744,2.1,1621,13
2019,3,9,15,3.0,45,666,0.0,1622,14
2019,3,9,16,3.7,41,532,4.1,1623,15
2019,3,9,17,5.0,35,357,2.6,1624,16
2019,3,9,18,3.3,40,164,2.6,1625,17
2019,3,9,19,2.2,43,34,4.1,1626,18
2019,3,9,20,2.2,47,0,2.6,1627,19
2019,3,9,21,1.8,45,0,4.1,1628,20
2019,3,9,22,2.2,39,0,7.2,1629,21
2019,3,9,23,3.3,41,0,8.8,1630,22
2019,3,9,24,2.5,45,0,7.7,1631,23
2019,3,10,1,2.2,43,0,9.8,1632,0
2019,3,10,2,2.2,62,0,8.2,1633,1
2019,3,10,3,1.4,62,0,6.7,1634,2
2019,3,10,4,1.5,64,0,8.2,1635,3
2019,3,10,5,-1.0,72,0,11.8,1636,4
2019,3,10,6,0.1,85,0,11.8,1637,5
2019,3,10,7,0.6,87,0,8.2,1638,6
2019,3,10,8,1.2,84,12,9.3,1639,7
2019,3,10,9,1.7,88,39,6.7,1640,8
2019,3,10,10,2.2,85,64,8.8,1641,9
2019,3,10,11,2.8,85,97,7.7,1642,10
2019,3,10,12,2.6,85,140,8.8,1643,11
2019,3,10,13,2.8,86,185,7.2,1644,12
2019,3,10,14,3.2,86,196,6.7,1645,13
2019,3,10,15,4.4,86,138,4.1,1646,14
2019,3,10,16,4.4,89,75,4.1,1647,15
2019,3,10,17,5.0,89,48,5.1,1648,16
2019,3,10,18,3.3,97,29,0.0,1649,17
2019,3,10,19,2.8,100,7,0.0,1650,18
2019,3,10,20,3.9,82,0,3.1,1651,19
2019,3,10,21,3.3,85,0,3.1,1652,20
2019,3,10,22,3.0,87,0,3.6,1653,21
2019,3,10,23,2.3,69,0,8.8,1654,22
2019,3,10,24,2.8,68,0,5.7,1655,23
2019,3,11,1,2.2,71,0,6.7,1656,0
2019,3,11,2,2.2,71,0,4.6,1657,1
2019,3,11,3,1.7,68,0,6.7,1658,2
2019,3,11,4,1.7,70,0,6.2,1659,3
2019,3,11,5,0.9,67,0,4.6,1660,4
2019,3,11,6,1.7,72,0,4.6,1661,5
2019,3,11,7,1.6,67,0,5.1,1662,6
2019,3,11,8,1.7,61,62,6.7,1663,7
2019,3,11,9,1.7,61,194,11.3,1664,8
2019,3,11,10,1.5,56,304,10.3,1665,9
2019,3,11,11,2.2,59,419,6.7,1666,10
2019,3,11,12,2.8,59,544,5.1,1667,11
2019,3,11,13,3.3,57,611,5.1,1668,12
2019,3,11,14,3.3,55,560,6.2,1669,13
2019,3,11,15,3.9,57,469,8.2,1670,14
2019,3,11,16,3.8,57,387,6.2,1671,15
2019,3,11,17,3.5,61,246,6.7,1672,16
2019,3,11,18,2.0,62,108,6.7,1673,17
2019,3,11,19,1.5,60,21,4.1,1674,18
2019,3,11,20,0.5,78,0,6.2,1675,19
2019,3,11,21,0.3,71,0,6.2,1676,20
2019,3,11,22,-2.0,71,0,7.7,1677,21
2019,3,11,23,-2.2,65,0,6.2,1678,22
2019,3,11,24,-2.2,65,0,7.2,1679,23
2019,3,12,1,-2.0,65,0,6.2,1680,0
2019,3,12,2,-2.8,72,0,9.3,1681,1
2019,3,12,3,-3.0,71,0,7.7,1682,2
2019,3,12,4,-2.8,72,0,7.7,1683,3
2019,3,12,5,-2.8,72,0,6.7,1684,4
2019,3,12,6,-3.0,77,0,7.7,1685,5
2019,3,12,7,-3.3,87,0,5.1,1686,6
2019,3,12,8,-3.3,87,50,6.7,1687,7
2019,3,12,9,-2.2,68,164,8.2,1688,8
2019,3,12,10,-3.3,79,237,7.2,1689,9
2019,3,12,11,-2.8,76,287,6.7,1690,10
2019,3,12,12,-2.2,72,324,7.2,1691,11
2019,3,12,13,-1.7,69,344,6.2,1692,12
2019,3,12,14,-1.1,66,407,4.1,1693,13
2019,3,12,15,0.6,54,436,4.1,1694,14
2019,3,12,16,0.4,52,408,5.1,1695,15
2019,3,12,17,1.1,52,316,5.1,1696,16
2019,3,12,18,0.2,60,164,2.1,1697,17
2019,3,12,19,-2.2,65,39,1.5,1698,18
2019,3,12,20,-2.8,72,0,1.5,1699,19
2019,3,12,21,-3.9,71,0,0.0,1700,20
2019,3,12,22,-7.2,68,0,0.0,1701,21
2019,3,12,23,-7.8,68,0,0.0,1702,22
2019,3,12,24,-8.9,69,0,0.0,1703,23
2019,3,13,1,-8.9,86,0,1.5,1704,0
2019,3,13,2,-8.3,71,0,3.1,1705,1
2019,3,13,3,-8.3,86,0,2.6,1706,2
2019,3,13,4,-8.9,91,0,2.6,1707,3
2019,3,13,5,-8.9,91,0,2.6,1708,4
2019,3,13,6,-8.0,92,0,3.1,1709,5
2019,3,13,7,-8.3,95,0,2.6,1710,6
2019,3,13,8,-3.9,73,81,2.1,1711,7
2019,3,13,9,0.6,57,240,4.6,1712,8
2019,3,13,10,0.2,53,398,4.6,1713,9
2019,3,13,11,3.3,47,512,4.6,1714,10
2019,3,13,12,4.4,46,533,5.7,1715,11
2019,3,13,13,5.6,34,488,4.1,1716,12
2019,3,13,14,6.7,41,359,4.6,1717,13
2019,3,13,15,7.2,40,254,5.1,1718,14
2019,3,13,16,7.2,38,285,4.6,1719,15
2019,3,13,17,6.7,31,218,3.1,1720,16
2019,3,13,18,6.7,39,72,3.6,1721,17
2019,3,13,19,6.7,41,8,3.6,1722,18
2019,3,13,20,6.1,45,0,5.1,1723,19
2019,3,13,21,6.1,45,0,5.1,1724,20
2019,3,13,22,6.1,49,0,5.7,1725,21
2019,3,13,23,6.1,49,0,4.6,1726,22
2019,3,13,24,4.8,51,0,4.1,1727,23
2019,3,14,1,4.4,51,0,4.6,1728,0
2019,3,14,2,4.4,51,0,4.6,1729,1
2019,3,14,3,4.6,49,0,4.1,1730,2
2019,3,14,4,4.3,49,0,3.1,1731,3
2019,3,14,5,3.8,49,0,3.1,1732,4
2019,3,14,6,4.1,51,0,3.6,1733,5
2019,3,14,7,3.7,53,0,2.6,1734,6
2019,3,14,8,3.8,52,86,4.6,1735,7
2019,3,14,9,5.0,52,244,4.6,1736,8
2019,3,14,10,9.2,49,419,5.3,1737,9
2019,3,14,11,11.3,45,514,6.0,1738,10
2019,3,14,12,13.3,42,494,6.7,1739,11
2019,3,14,13,15.0,39,397,6.2,1740,12
2019,3,14,14,16.1,39,416,4.1,1741,13
2019,3,14,15,16.1,38,421,6.7,1742,14
2019,3,14,16,15.6,40,292,6.2,1743,15
2019,3,14,17,14.4,44,203,3.6,1744,16
2019,3,14,18,13.3,45,108,7.7,1745,17
2019,3,14,19,11.7,50,28,7.2,1746,18
2019,3,14,20,11.1,57,0,7.2,1747,19
2019,3,14,21,11.1,63,0,8.2,1748,20
2019,3,14,22,11.7,68,0,6.7,1749,21
2019,3,14,23,12.2,71,0,8.2,1750,22
2019,3,14,24,12.8,72,0,7.2,1751,23
2019,3,15,1,13.3,72,0,7.2,1752,0
2019,3,15,2,13.3,75,0,7.7,1753,1
2019,3,15,3,13.3,75,0,7.7,1754,2
2019,3,15,4,13.9,72,0,7.7,1755,3
2019,3,15,5,13.9,72,0,6.7,1756,4
2019,3,15,6,13.0,77,0,6.7,1757,5
2019,3,15,7,11.7,89,0,2.6,1758,6
2019,3,15,8,12.2,77,25,6.2,1759,7
2019,3,15,9,13.3,92,68,7.2,1760,8
2019,3,15,10,14.4,90,175,11.8,1761,9
2019,3,15,11,15.6,76,415,9.3,1762,10
2019,3,15,12,15.6,40,575,9.8,1763,11
2019,3,15,13,16.7,38,605,6.2,1764,12
2019,3,15,14,17.8,35,546,8.2,1765,13
2019,3,15,15,15.6,46,408,7.2,1766,14
2019,3,15,16,12.8,45,304,5.1,1767,15
2019,3,15,17,11.1,61,213,4.1,1768,16
2019,3,15,18,12.6,54,118,4.6,1769,17
2019,3,15,19,10.0,74,28,2.6,1770,18
2019,3,15,20,8.6,79,0,2.1,1771,19
2019,3,15,21,7.8,82,0,5.7,1772,20
2019,3,15,22,7.5,87,0,7.2,1773,21
2019,3,15,23,6.2,87,0,5.1,1774,22
2019,3,15,24,5.7,69,0,6.2,1775,23
2019,3,16,1,3.9,63,0,7.2,1776,0
2019,3,16,2,4.4,66,0,5.7,1777,1
2019,3,16,3,4.3,68,0,5.7,1778,2
2019,3,16,4,3.0,68,0,6.2,1779,3
2019,3,16,5,2.0,67,0,9.3,1780,4
2019,3,16,6,1.0,72,0,4.1,1781,5
2019,3,16,7,0.9,83,0,5.7,1782,6
2019,3,16,8,0.4,69,53,5.7,1783,7
2019,3,16,9,0.3,69,150,5.7,1784,8
2019,3,16,10,0.4,60,292,6.2,1785,9
2019,3,16,11,0.6,52,414,9.8,1786,10
2019,3,16,12,1.5,52,459,8.2,1787,11
2019,3,16,13,1.9,52,458,7.2,1788,12
2019,3,16,14,1.7,54,467,8.2,1789,13
2019,3,16,15,1.7,52,479,7.7,1790,14
2019,3,16,16,1.5,52,457,7.7,1791,15
2019,3,16,17,1.0,52,337,7.2,1792,16
2019,3,16,18,0.0,62,155,8.2,1793,17
2019,3,16,19,-2.2,54,38,7.2,1794,18
2019,3,16,20,-2.8,55,0,3.6,1795,19
2019,3,16,21,-2.2,72,0,6.2,1796,20
2019,3,16,22,-2.8,61,0,4.6,1797,21
2019,3,16,23,-3.0,64,0,9.3,1798,22
2019,3,16,24,-3.0,61,0,7.7,1799,23
2019,3,17,1,-4.4,58,0,3.6,1800,0
2019,3,17,2,-3.9,71,0,6.7,1801,1
2019,3,17,3,-3.9,68,0,7.7,1802,2
2019,3,17,4,-4.0,71,0,8.8,1803,3
2019,3,17,5,-4.4,75,0,5.7,1804,4
2019,3,17,6,-4.0,65,0,6.7,1805,5
2019,3,17,7,-5.0,68,0,5.1,1806,6
2019,3,17,8,-5.0,71,56,8.2,1807,7
2019,3,17,9,-4.0,65,145,5.1,1808,8
2019,3,17,10,-3.9,65,236,7.2,1809,9
2019,3,17,11,-2.8,59,289,6.7,1810,10
2019,3,17,12,-1.1,51,418,7.7,1811,11
2019,3,17,13,-0.6,47,576,6.7,1812,12
2019,3,17,14,-1.0,46,590,6.7,1813,13
2019,3,17,15,0.0,40,566,5.7,1814,14
2019,3,17,16,0.8,45,468,5.1,1815,15
2019,3,17,17,0.9,35,286,4.6,1816,16
2019,3,17,18,-2.2,42,139,3.1,1817,17
2019,3,17,19,-2.8,44,38,0.0,1818,18
2019,3,17,20,-5.6,47,1,0.0,1819,19
2019,3,17,21,-6.7,54,0,0.0,1820,20
2019,3,17,22,-7.8,54,0,0.0,1821,21
2019,3,17,23,-8.3,56,0,0.0,1822,22
2019,3,17,24,-8.3,56,0,0.0,1823,23
2019,3,18,1,-5.6,68,0,2.6,1824,0
2019,3,18,2,-4.4,68,0,3.1,1825,1
2019,3,18,3,-5.6,72,0,1.5,1826,2
2019,3,18,4,-8.3,82,0,0.0,1827,3
2019,3,18,5,-8.3,82,0,0.0,1828,4
2019,3,18,6,-8.0,77,0,0.0,1829,5
2019,3,18,7,-6.1,83,0,0.0,1830,6
2019,3,18,8,-5.0,92,114,2.1,1831,7
2019,3,18,9,-2.2,83,296,3.1,1832,8
2019,3,18,10,0.6,60,461,1.5,1833,9
2019,3,18,11,1.1,52,553,2.6,1834,10
2019,3,18,12,1.9,39,538,4.1,1835,11
2019,3,18,13,2.4,38,464,3.6,1836,12
2019,3,18,14,1.7,41,449,4.6,1837,13
2019,3,18,15,2.2,55,474,6.7,1838,14
2019,3,18,16,1.7,50,368,0.0,1839,15
2019,3,18,17,1.9,52,223,2.1,1840,16
2019,3,18,18,0.8,55,135,2.6,1841,17
2019,3,18,19,0.4,57,42,3.1,1842,18
2019,3,18,20,-5.6,63,1,0.0,1843,19
2019,3,18,21,-5.6,69,0,1.5,1844,20
2019,3,18,22,-6.0,70,0,0.0,1845,21
2019,3,18,23,-4.4,90,0,0.0,1846,22
2019,3,18,24,-6.7,87,0,0.0,1847,23
2019,3,19,1,-7.8,91,0,0.0,1848,0
2019,3,19,2,-8.3,86,0,0.0,1849,1
2019,3,19,3,-8.9,91,0,0.0,1850,2
2019,3,19,4,-8.9,91,0,1.5,1851,3
2019,3,19,5,-8.9,91,0,0.0,1852,4
2019,3,19,6,-9.0,84,0,1.5,1853,5
2019,3,19,7,-7.8,91,0,0.0,1854,6
2019,3,19,8,-3.9,91,112,1.5,1855,7
2019,3,19,9,-3.0,92,275,0.0,1856,8
2019,3,19,10,0.0,76,389,1.5,1857,9
2019,3,19,11,1.9,56,529,3.1,1858,10
2019,3,19,12,3.0,65,689,3.6,1859,11
2019,3,19,13,3.9,52,732,3.1,1860,12
2019,3,19,14,5.0,40,669,4.1,1861,13
2019,3,19,15,4.4,44,581,3.6,1862,14
2019,3,19,16,5.0,49,476,3.6,1863,15
2019,3,19,17,3.3,49,327,2.1,1864,16
2019,3,19,18,3.3,55,167,0.0,1865,17
2019,3,19,19,2.2,72,43,1.5,1866,18
2019,3,19,20,2.3,58,1,1.5,1867,19
2019,3,19,21,0.6,65,0,2.6,1868,20
2019,3,19,22,-4.4,71,0,0.0,1869,21
2019,3,19,23,-5.0,86,0,1.5,1870,22
2019,3,19,24,-5.6,91,0,2.1,1871,23
2019,3,20,1,-5.6,91,0,2.1,1872,0
2019,3,20,2,-4.4,90,0,0.0,1873,1
2019,3,20,3,-6.1,91,0,0.0,1874,2
2019,3,20,4,-5.0,91,0,1.5,1875,3
2019,3,20,5,-3.9,86,0,0.0,1876,4
2019,3,20,6,-4.0,84,0,1.5,1877,5
2019,3,20,7,-5.6,91,0,2.6,1878,6
2019,3,20,8,1.7,75,121,2.6,1879,7
2019,3,20,9,4.4,69,305,3.1,1880,8
2019,3,20,10,3.0,54,490,3.1,1881,9
2019,3,20,11,7.8,31,641,5.1,1882,10
2019,3,20,12,8.9,30,743,3.1,1883,11
2019,3,20,13,10.0,28,783,5.1,1884,12
2019,3,20,14,11.1,25,761,5.1,1885,13
2019,3,20,15,11.1,25,683,5.1,1886,14
2019,3,20,16,10.6,25,542,5.1,1887,15
2019,3,20,17,10.0,27,359,6.2,1888,16
2019,3,20,18,7.8,33,178,3.6,1889,17
2019,3,20,19,7.2,40,48,4.6,1890,18
2019,3,20,20,6.1,35,1,4.6,1891,19
2019,3,20,21,5.6,38,0,5.1,1892,20
2019,3,20,22,5.6,40,0,4.6,1893,21
2019,3,20,23,5.6,40,0,5.1,1894,22
2019,3,20,24,4.4,44,0,4.6,1895,23
2019,3,21,1,4.4,46,0,4.1,1896,0
2019,3,21,2,4.4,44,0,3.1,1897,1
2019,3,21,3,3.9,50,0,5.1,1898,2
2019,3,21,4,3.9,52,0,5.1,1899,3
2019,3,21,5,3.3,63,0,4.6,1900,4
2019,3,21,6,3.0,68,0,4.6,1901,5
2019,3,21,7,3.3,69,0,3.1,1902,6
2019,3,21,8,3.0,66,51,3.6,1903,7
2019,3,21,9,3.3,67,122,3.6,1904,8
2019,3,21,10,4.0,69,238,4.1,1905,9
2019,3,21,11,7.2,65,375,5.7,1906,10
2019,3,21,12,8.3,65,378,6.7,1907,11
2019,3,21,13,7.8,68,302,3.6,1908,12
2019,3,21,14,7.2,80,210,5.7,1909,13
2019,3,21,15,6.7,82,123,5.7,1910,14
2019,3,21,16,5.6,92,90,4.1,1911,15
2019,3,21,17,6.0,87,56,4.6,1912,16
2019,3,21,18,3.9,93,24,3.1,1913,17
2019,3,21,19,4.0,87,5,3.6,1914,18
2019,3,21,20,4.2,100,0,0.0,1915,19
2019,3,21,21,4.2,96,0,0.0,1916,20
2019,3,21,22,3.0,93,0,1.5,1917,21
2019,3,21,23,3.0,100,0,2.6,1918,22
2019,3,21,24,3.0,100,0,2.1,1919,23
2019,3,22,1,3.0,100,0,2.1,1920,0
2019,3,22,2,2.6,100,0,1.5,1921,1
2019,3,22,3,2.0,100,0,0.0,1922,2
2019,3,22,4,2.0,100,0,3.1,1923,3
2019,3,22,5,3.0,93,0,7.2,1924,4
2019,3,22,6,3.0,93,0,6.7,1925,5
2019,3,22,7,1.7,96,0,6.7,1926,6
2019,3,22,8,1.9,96,27,6.2,1927,7
2019,3,22,9,1.7,92,84,7.7,1928,8
2019,3,22,10,1.7,89,235,7.2,1929,9
2019,3,22,11,2.0,93,401,8.2,1930,10
2019,3,22,12,3.2,93,472,6.2,1931,11
2019,3,22,13,3.2,89,513,6.7,1932,12
2019,3,22,14,3.4,92,557,6.7,1933,13
2019,3,22,15,2.8,82,531,10.3,1934,14
2019,3,22,16,3.3,85,409,6.7,1935,15
2019,3,22,17,2.4,92,276,10.8,1936,16
2019,3,22,18,0.0,96,128,10.8,1937,17
2019,3,22,19,0.0,85,18,9.3,1938,18
2019,3,22,20,-2.0,92,1,12.4,1939,19
2019,3,22,21,-2.8,91,0,9.3,1940,20
2019,3,22,22,-3.0,92,0,8.2,1941,21
2019,3,22,23,-3.0,84,0,11.3,1942,22
2019,3,22,24,-4.4,90,0,11.3,1943,23
2019,3,23,1,-4.0,84,0,10.3,1944,0
2019,3,23,2,-4.0,84,0,11.8,1945,1
2019,3,23,3,-4.0,84,0,9.8,1946,2
2019,3,23,4,-5.0,75,0,8.2,1947,3
2019,3,23,5,-5.0,71,0,9.3,1948,4
2019,3,23,6,-6.0,77,0,8.8,1949,5
2019,3,23,7,-5.6,72,0,9.3,1950,6
2019,3,23,8,-6.0,64,83,10.8,1951,7
2019,3,23,9,-6.0,64,222,8.2,1952,8
2019,3,23,10,-4.4,61,395,9.3,1953,9
2019,3,23,11,-3.3,62,574,8.2,1954,10
2019,3,23,12,-2.2,56,737,10.3,1955,11
2019,3,23,13,-1.1,54,830,11.3,1956,12
2019,3,23,14,0.0,49,821,9.3,1957,13
2019,3,23,15,0.6,47,739,9.8,1958,14
2019,3,23,16,1.1,46,601,9.3,1959,15
2019,3,23,17,1.7,40,421,7.2,1960,16
2019,3,23,18,1.1,43,221,7.2,1961,17
2019,3,23,19,0.6,44,61,4.1,1962,18
2019,3,23,20,-1.7,57,2,3.6,1963,19
2019,3,23,21,-2.2,56,0,3.1,1964,20
2019,3,23,22,-2.2,56,0,2.6,1965,21
2019,3,23,23,-5.6,58,0,0.0,1966,22
2019,3,23,24,-5.6,58,0,1.5,1967,23
2019,3,24,1,-7.2,58,0,0.0,1968,0
2019,3,24,2,-8.3,58,0,0.0,1969,1
2019,3,24,3,-8.3,58,0,0.0,1970,2
2019,3,24,4,-8.3,58,0,2.1,1971,3
2019,3,24,5,-8.9,58,0,0.0,1972,4
2019,3,24,6,-9.0,66,0,0.0,1973,5
2019,3,24,7,-5.0,64,0,2.1,1974,6
2019,3,24,8,0.6,69,146,3.1,1975,7
2019,3,24,9,0.3,45,329,4.6,1976,8
2019,3,24,10,3.7,40,479,4.1,1977,9
2019,3,24,11,5.6,38,483,3.6,1978,10
2019,3,24,12,6.1,41,446,5.7,1979,11
2019,3,24,13,6.7,37,450,4.1,1980,12
2019,3,24,14,7.2,38,484,3.6,1981,13
2019,3,24,15,7.2,36,468,3.1,1982,14
2019,3,24,16,7.2,34,325,4.6,1983,15
2019,3,24,17,7.8,35,203,2.6,1984,16
2019,3,24,18,6.7,39,119,0.0,1985,17
2019,3,24,19,7.5,41,41,0.0,1986,18
2019,3,24,20,6.2,44,2,0.0,1987,19
2019,3,24,21,5.4,45,0,1.5,1988,20
2019,3,24,22,4.8,51,0,4.1,1989,21
2019,3,24,23,3.9,58,0,0.0,1990,22
2019,3,24,24,3.3,57,0,5.1,1991,23
2019,3,25,1,2.5,67,0,4.1,1992,0
2019,3,25,2,1.5,66,0,3.6,1993,1
2019,3,25,3,1.6,92,0,3.6,1994,2
2019,3,25,4,0.6,85,0,4.6,1995,3
2019,3,25,5,0.1,85,0,4.6,1996,4
2019,3,25,6,-2.0,65,0,4.6,1997,5
2019,3,25,7,-2.2,62,0,4.1,1998,6
2019,3,25,8,-2.2,58,133,4.1,1999,7
2019,3,25,9,-1.1,50,334,4.1,2000,8
2019,3,25,10,0.1,39,535,4.1,2001,9
2019,3,25,11,1.1,26,698,3.6,2002,10
2019,3,25,12,1.7,26,801,5.7,2003,11
2019,3,25,13,2.2,30,845,4.1,2004,12
2019,3,25,14,3.3,26,830,4.6,2005,13
2019,3,25,15,3.2,28,747,3.6,2006,14
2019,3,25,16,2.8,24,605,5.1,2007,15
2019,3,25,17,3.1,28,428,4.6,2008,16
2019,3,25,18,1.6,31,229,2.6,2009,17
2019,3,25,19,0.6,32,66,1.5,2010,18
2019,3,25,20,-1.7,34,3,2.1,2011,19
2019,3,25,21,-3.3,35,0,2.6,2012,20
2019,3,25,22,-4.4,34,0,4.1,2013,21
2019,3,25,23,-4.4,33,0,1.5,2014,22
2019,3,25,24,-4.4,34,0,4.1,2015,23
2019,3,26,1,-4.4,40,0,4.1,2016,0
2019,3,26,2,-4.4,46,0,2.6,2017,1
2019,3,26,3,-5.6,51,0,3.1,2018,2
2019,3,26,4,-6.1,67,0,2.1,2019,3
2019,3,26,5,-6.7,75,0,1.5,2020,4
2019,3,26,6,-7.0,77,0,0.0,2021,5
2019,3,26,7,-5.6,79,0,2.1,2022,6
2019,3,26,8,-3.3,62,154,2.1,2023,7
2019,3,26,9,-1.7,46,348,4.1,2024,8
2019,3,26,10,0.0,41,539,4.6,2025,9
2019,3,26,11,0.7,25,693,5.1,2026,10
2019,3,26,12,1.4,29,797,2.1,2027,11
2019,3,26,13,2.4,28,845,5.7,2028,12
2019,3,26,14,2.2,24,829,6.7,2029,13
2019,3,26,15,2.2,22,750,5.1,2030,14
2019,3,26,16,3.0,23,613,4.6,2031,15
2019,3,26,17,2.8,24,434,4.1,2032,16
2019,3,26,18,1.0,29,234,3.1,2033,17
2019,3,26,19,0.6,25,69,1.5,2034,18
2019,3,26,20,-2.8,30,3,2.1,2035,19
2019,3,26,21,-3.9,34,0,1.5,2036,20
2019,3,26,22,-6.7,37,0,0.0,2037,21
2019,3,26,23,-7.2,38,0,0.0,2038,22
2019,3,26,24,-7.2,38,0,1.5,2039,23
2019,3,27,1,-8.3,45,0,1.5,2040,0
2019,3,27,2,-7.2,43,0,2.1,2041,1
2019,3,27,3,-7.8,43,0,2.1,2042,2
2019,3,27,4,-7.8,50,0,2.6,2043,3
2019,3,27,5,-7.8,51,0,2.6,2044,4
2019,3,27,6,-8.0,60,0,2.6,2045,5
2019,3,27,7,-6.1,67,0,2.1,2046,6
2019,3,27,8,-2.8,57,148,0.0,2047,7
2019,3,27,9,0.6,33,330,3.1,2048,8
2019,3,27,10,0.1,23,516,4.1,2049,9
2019,3,27,11,3.9,19,675,2.6,2050,10
2019,3,27,12,5.6,18,781,2.1,2051,11
2019,3,27,13,7.2,17,832,3.1,2052,12
2019,3,27,14,8.3,16,806,2.6,2053,13
2019,3,27,15,8.9,14,723,2.6,2054,14
2019,3,27,16,9.4,13,599,5.7,2055,15
2019,3,27,17,9.4,16,425,4.1,2056,16
2019,3,27,18,7.8,17,231,4.1,2057,17
2019,3,27,19,5.0,20,69,3.1,2058,18
2019,3,27,20,3.9,25,3,4.1,2059,19
2019,3,27,21,4.4,27,0,5.1,2060,20
2019,3,27,22,3.9,29,0,4.6,2061,21
2019,3,27,23,3.3,32,0,4.6,2062,22
2019,3,27,24,2.8,35,0,6.2,2063,23
2019,3,28,1,2.2,36,0,6.7,2064,0
2019,3,28,2,2.2,36,0,5.1,2065,1
2019,3,28,3,1.7,38,0,6.7,2066,2
2019,3,28,4,1.7,41,0,7.2,2067,3
2019,3,28,5,0.8,46,0,5.1,2068,4
2019,3,28,6,1.5,51,0,5.1,2069,5
2019,3,28,7,1.2,53,0,5.7,2070,6
2019,3,28,8,1.6,54,124,6.7,2071,7
2019,3,28,9,2.6,46,277,7.2,2072,8
2019,3,28,10,5.0,42,455,5.1,2073,9
2019,3,28,11,10.6,36,636,8.2,2074,10
2019,3,28,12,10.5,33,761,5.7,2075,11
2019,3,28,13,14.4,30,800,6.2,2076,12
2019,3,28,14,13.3,30,761,6.7,2077,13
2019,3,28,15,11.7,37,632,5.7,2078,14
2019,3,28,16,9.4,38,405,5.1,2079,15
2019,3,28,17,10.6,41,191,5.1,2080,16
2019,3,28,18,10.6,46,70,5.7,2081,17
2019,3,28,19,10.6,44,14,3.6,2082,18
2019,3,28,20,10.6,46,2,6.2,2083,19
2019,3,28,21,10.6,46,0,5.1,2084,20
2019,3,28,22,10.6,48,0,3.1,2085,21
2019,3,28,23,10.0,52,0,2.6,2086,22
2019,3,28,24,10.0,52,0,3.6,2087,23
2019,3,29,1,10.6,50,0,4.6,2088,0
2019,3,29,2,10.6,50,0,4.6,2089,1
2019,3,29,3,10.6,52,0,4.6,2090,2
2019,3,29,4,8.9,68,0,2.6,2091,3
2019,3,29,5,7.8,89,0,2.1,2092,4
2019,3,29,6,7.0,93,0,3.1,2093,5
2019,3,29,7,7.4,93,0,1.5,2094,6
2019,3,29,8,7.2,97,26,2.1,2095,7
2019,3,29,9,7.0,96,43,2.1,2096,8
2019,3,29,10,6.7,100,47,2.1,2097,9
2019,3,29,11,6.1,96,62,3.6,2098,10
2019,3,29,12,5.4,100,76,3.6,2099,11
2019,3,29,13,4.4,97,101,2.6,2100,12
2019,3,29,14,5.0,93,150,3.1,2101,13
2019,3,29,15,5.6,89,174,2.1,2102,14
2019,3,29,16,6.1,82,166,0.0,2103,15
2019,3,29,17,6.7,79,138,1.5,2104,16
2019,3,29,18,6.7,79,80,0.0,2105,17
2019,3,29,19,5.6,85,22,0.0,2106,18
2019,3,29,20,5.0,89,2,2.1,2107,19
2019,3,29,21,5.6,85,0,0.0,2108,20
2019,3,29,22,6.0,87,0,1.5,2109,21
2019,3,29,23,5.6,89,0,1.5,2110,22
2019,3,29,24,5.6,92,0,0.0,2111,23
2019,3,30,1,6.0,87,0,2.1,2112,0
2019,3,30,2,6.1,93,0,0.0,2113,1
2019,3,30,3,6.1,97,0,2.1,2114,2
2019,3,30,4,6.1,97,0,2.1,2115,3
2019,3,30,5,6.0,100,0,2.1,2116,4
2019,3,30,6,7.0,100,0,3.1,2117,5
2019,3,30,7,9.4,86,0,6.2,2118,6
2019,3,30,8,8.5,79,73,6.7,2119,7
2019,3,30,9,9.3,77,156,4.1,2120,8
2019,3,30,10,12.2,74,181,5.1,2121,9
2019,3,30,11,12.8,72,162,5.7,2122,10
2019,3,30,12,13.9,69,212,4.6,2123,11
2019,3,30,13,16.7,56,314,7.2,2124,12
2019,3,30,14,18.3,50,464,8.2,2125,13
2019,3,30,15,17.8,50,515,7.7,2126,14
2019,3,30,16,17.8,50,323,7.2,2127,15
2019,3,30,17,16.7,56,118,5.1,2128,16
2019,3,30,18,17.8,50,39,6.2,2129,17
2019,3,30,19,17.2,52,12,6.7,2130,18
2019,3,30,20,16.7,52,1,5.7,2131,19
2019,3,30,21,16.7,50,0,8.8,2132,20
2019,3,30,22,16.1,51,0,9.3,2133,21
2019,3,30,23,16.1,54,0,6.7,2134,22
2019,3,30,24,15.6,55,0,5.1,2135,23
2019,3,31,1,15.6,57,0,6.7,2136,0
2019,3,31,2,15.6,57,0,6.2,2137,1
2019,3,31,3,14.0,81,0,9.3,2138,2
2019,3,31,4,13.7,69,0,5.7,2139,3
2019,3,31,5,10.6,100,0,1.5,2140,4
2019,3,31,6,8.0,100,0,7.2,2141,5
2019,3,31,7,3.8,96,0,6.2,2142,6
2019,3,31,8,1.1,92,16,7.2,2143,7
2019,3,31,9,1.8,91,62,5.7,2144,8
2019,3,31,10,2.1,88,152,6.7,2145,9
2019,3,31,11,1.8,84,225,7.7,2146,10
2019,3,31,12,2.1,80,275,7.7,2147,11
2019,3,31,13,2.7,84,374,7.2,2148,12
2019,3,31,14,3.4,78,400,8.8,2149,13
2019,3,31,15,3.0,70,396,6.2,2150,14
2019,3,31,16,2.2,62,423,7.2,2151,15
2019,3,31,17,2.5,58,350,7.2,2152,16
2019,3,31,18,0.9,60,206,9.8,2153,17
2019,3,31,19,-1.5,66,66,8.6,2154,18
2019,3,31,20,-2.3,68,4,8.1,2155,19
2019,3,31,21,-2.8,68,0,7.7,2156,20
2019,3,31,22,-3.8,68,0,5.7,2157,21
2019,3,31,23,-5.1,69,0,4.2,2158,22
2019,3,31,24,-6.0,74,0,2.0,2159,23
2015,4,1,1,-6.8,79,0,0.0,2160,0
2015,4,1,2,-7.1,78,0,0.4,2161,1
2015,4,1,3,-7.0,80,0,0.8,2162,2
2015,4,1,4,-6.2,79,0,1.3,2163,3
2015,4,1,5,-5.1,79,0,2.0,2164,4
2015,4,1,6,-3.7,84,0,2.3,2165,5
2015,4,1,7,-3.3,87,0,2.1,2166,6
2015,4,1,8,-3.0,92,169,3.1,2167,7
2015,4,1,9,-1.6,83,357,2.6,2168,8
2015,4,1,10,0.0,52,546,2.1,2169,9
2015,4,1,11,1.6,38,715,5.1,2170,10
2015,4,1,12,2.2,35,817,4.6,2171,11
2015,4,1,13,2.7,34,859,3.6,2172,12
2015,4,1,14,3.3,35,841,5.7,2173,13
2015,4,1,15,3.8,34,762,4.1,2174,14
2015,4,1,16,4.4,35,628,3.1,2175,15
2015,4,1,17,3.8,36,450,2.6,2176,16
2015,4,1,18,3.3,39,250,1.5,2177,17
2015,4,1,19,3.1,38,80,1.5,2178,18
2015,4,1,20,1.4,52,6,1.5,2179,19
2015,4,1,21,0.3,59,0,2.1,2180,20
2015,4,1,22,-2.7,65,0,2.1,2181,21
2015,4,1,23,-3.8,55,0,1.5,2182,22
2015,4,1,24,-4.4,50,0,2.1,2183,23
2015,4,2,1,-3.8,46,0,0.0,2184,0
2015,4,2,2,-2.7,46,0,2.1,2185,1
2015,4,2,3,1.1,53,0,3.1,2186,2
2015,4,2,4,2.7,54,0,2.6,2187,3
2015,4,2,5,0.5,60,0,3.1,2188,4
2015,4,2,6,1.5,63,0,3.6,2189,5
2015,4,2,7,1.8,61,0,4.1,2190,6
2015,4,2,8,2.2,54,92,5.1,2191,7
2015,4,2,9,3.3,46,296,5.1,2192,8
2015,4,2,10,8.4,37,541,6.2,2193,9
2015,4,2,11,13.8,31,707,7.2,2194,10
2015,4,2,12,15.5,28,808,6.2,2195,11
2015,4,2,13,17.2,26,834,8.2,2196,12
2015,4,2,14,17.7,23,811,8.8,2197,13
2015,4,2,15,17.2,26,729,8.2,2198,14
2015,4,2,16,16.1,29,487,6.7,2199,15
2015,4,2,17,16.6,31,215,9.3,2200,16
2015,4,2,18,15.0,37,88,5.7,2201,17
2015,4,2,19,14.4,44,31,6.7,2202,18
2015,4,2,20,14.4,68,2,7.2,2203,19
2015,4,2,21,13.8,62,0,8.8,2204,20
2015,4,2,22,12.2,77,0,6.2,2205,21
2015,4,2,23,12.0,82,0,5.1,2206,22
2015,4,2,24,12.0,82,0,5.7,2207,23
2015,4,3,1,13.0,77,0,3.1,2208,0
2015,4,3,2,13.0,77,0,3.1,2209,1
2015,4,3,3,12.0,94,0,3.1,2210,2
2015,4,3,4,11.0,100,0,5.1,2211,3
2015,4,3,5,10.0,93,0,3.6,2212,4
2015,4,3,6,9.0,100,0,1.5,2213,5
2015,4,3,7,8.3,100,0,2.1,2214,6
2015,4,3,8,8.3,96,55,0.0,2215,7
2015,4,3,9,8.0,100,124,0.0,2216,8
2015,4,3,10,11.6,80,171,0.0,2217,9
2015,4,3,11,13.3,69,240,0.0,2218,10
2015,4,3,12,14.4,59,342,2.1,2219,11
2015,4,3,13,15.0,51,452,1.5,2220,12
2015,4,3,14,16.6,58,587,0.0,2221,13
2015,4,3,15,15.5,41,624,1.5,2222,14
2015,4,3,16,15.5,41,533,3.1,2223,15
2015,4,3,17,14.4,44,375,2.1,2224,16
2015,4,3,18,13.3,45,189,0.0,2225,17
2015,4,3,19,11.1,59,54,2.1,2226,18
2015,4,3,20,9.4,68,3,1.5,2227,19
2015,4,3,21,8.8,74,0,4.6,2228,20
2015,4,3,22,8.0,81,0,4.1,2229,21
2015,4,3,23,6.0,93,0,3.1,2230,22
2015,4,3,24,6.0,87,0,4.1,2231,23
2015,4,4,1,5.0,93,0,8.2,2232,0
2015,4,4,2,2.7,92,0,6.2,2233,1
2015,4,4,3,3.0,96,0,7.7,2234,2
2015,4,4,4,2.7,100,0,5.1,2235,3
2015,4,4,5,2.0,100,0,5.1,2236,4
2015,4,4,6,2.0,93,0,5.1,2237,5
2015,4,4,7,1.6,96,0,8.8,2238,6
2015,4,4,8,1.5,96,46,6.7,2239,7
2015,4,4,9,0.5,88,148,5.1,2240,8
2015,4,4,10,1.2,74,348,7.2,2241,9
2015,4,4,11,2.7,66,545,9.3,2242,10
2015,4,4,12,2.4,71,670,8.8,2243,11
2015,4,4,13,3.2,44,765,10.3,2244,12
2015,4,4,14,3.7,37,785,11.3,2245,13
2015,4,4,15,4.0,38,692,8.8,2246,14
2015,4,4,16,3.3,43,545,6.7,2247,15
2015,4,4,17,4.2,37,364,5.1,2248,16
2015,4,4,18,2.7,49,186,6.2,2249,17
2015,4,4,19,2.4,55,57,5.1,2250,18
2015,4,4,20,1.8,55,6,3.6,2251,19
2015,4,4,21,1.5,55,0,3.6,2252,20
2015,4,4,22,1.0,58,0,2.1,2253,21
2015,4,4,23,0.5,58,0,3.1,2254,22
2015,4,4,24,0.5,57,0,5.1,2255,23
2015,4,5,1,0.6,56,0,2.1,2256,0
2015,4,5,2,0.4,58,0,2.1,2257,1
2015,4,5,3,0.3,61,0,3.1,2258,2
2015,4,5,4,-0.5,79,0,4.6,2259,3
2015,4,5,5,-2.2,66,0,2.6,2260,4
2015,4,5,6,-2.0,85,0,2.1,2261,5
2015,4,5,7,-1.1,83,26,0.0,2262,6
2015,4,5,8,0.0,69,85,2.6,2263,7
2015,4,5,9,-1.0,71,182,4.1,2264,8
2015,4,5,10,-1.1,62,284,0.0,2265,9
2015,4,5,11,1.2,60,289,2.1,2266,10
2015,4,5,12,0.5,87,267,0.0,2267,11
2015,4,5,13,0.6,87,301,0.0,2268,12
2015,4,5,14,1.2,79,345,0.0,2269,13
2015,4,5,15,1.8,83,374,0.0,2270,14
2015,4,5,16,1.8,80,281,0.0,2271,15
2015,4,5,17,2.2,84,157,0.0,2272,16
2015,4,5,18,1.8,84,98,0.0,2273,17
2015,4,5,19,1.8,91,34,2.1,2274,18
2015,4,5,20,1.5,88,2,1.5,2275,19
2015,4,5,21,1.5,91,0,0.0,2276,20
2015,4,5,22,1.2,91,0,1.5,2277,21
2015,4,5,23,0.5,92,0,1.5,2278,22
2015,4,5,24,0.6,96,0,2.1,2279,23
2015,4,6,1,0.2,95,0,1.5,2280,0
2015,4,6,2,0.4,100,0,2.1,2281,1
2015,4,6,3,0.8,100,0,2.1,2282,2
2015,4,6,4,0.8,100,0,2.1,2283,3
2015,4,6,5,0.2,95,0,2.6,2284,4
2015,4,6,6,-1.0,100,0,2.6,2285,5
2015,4,6,7,0.2,96,43,0.0,2286,6
2015,4,6,8,1.0,83,173,2.6,2287,7
2015,4,6,9,2.2,70,340,2.6,2288,8
2015,4,6,10,6.8,63,513,3.1,2289,9
2015,4,6,11,11.1,56,694,4.6,2290,10
2015,4,6,12,13.8,43,815,5.7,2291,11
2015,4,6,13,15.5,36,860,3.6,2292,12
2015,4,6,14,17.7,30,770,5.1,2293,13
2015,4,6,15,17.2,24,495,7.2,2294,14
2015,4,6,16,16.6,26,244,4.1,2295,15
2015,4,6,17,16.1,33,122,7.2,2296,16
2015,4,6,18,13.7,47,54,7.7,2297,17
2015,4,6,19,12.4,56,20,2.6,2298,18
2015,4,6,20,10.6,62,3,0.0,2299,19
2015,4,6,21,9.2,68,0,0.0,2300,20
2015,4,6,22,8.3,92,0,2.6,2301,21
2015,4,6,23,6.6,92,0,2.1,2302,22
2015,4,6,24,5.8,76,0,0.0,2303,23
2015,4,7,1,5.5,92,0,0.0,2304,0
2015,4,7,2,5.2,96,0,2.1,2305,1
2015,4,7,3,5.0,92,0,0.0,2306,2
2015,4,7,4,4.5,100,0,3.1,2307,3
2015,4,7,5,3.7,96,0,0.0,2308,4
2015,4,7,6,4.1,100,0,0.0,2309,5
2015,4,7,7,3.8,96,0,2.1,2310,6
2015,4,7,8,3.8,100,32,2.1,2311,7
2015,4,7,9,3.5,100,67,2.1,2312,8
2015,4,7,10,3.8,96,107,2.6,2313,9
2015,4,7,11,4.8,96,166,2.6,2314,10
2015,4,7,12,4.9,93,215,2.1,2315,11
2015,4,7,13,5.4,100,260,2.6,2316,12
2015,4,7,14,6.2,93,229,2.6,2317,13
2015,4,7,15,7.4,85,169,3.6,2318,14
2015,4,7,16,8.2,67,169,1.5,2319,15
2015,4,7,17,9.0,61,122,1.5,2320,16
2015,4,7,18,7.0,85,67,0.0,2321,17
2015,4,7,19,7.0,86,28,0.0,2322,18
2015,4,7,20,6.5,86,3,0.0,2323,19
2015,4,7,21,6.0,83,0,0.0,2324,20
2015,4,7,22,5.4,79,0,0.0,2325,21
2015,4,7,23,4.4,72,0,2.1,2326,22
2015,4,7,24,3.3,69,0,0.0,2327,23
2015,4,8,1,3.0,68,0,0.0,2328,0
2015,4,8,2,4.3,74,0,0.0,2329,1
2015,4,8,3,4.4,86,0,2.1,2330,2
2015,4,8,4,4.4,93,0,4.1,2331,3
2015,4,8,5,4.0,93,0,3.6,2332,4
2015,4,8,6,4.0,93,0,3.6,2333,5
2015,4,8,7,3.8,89,0,4.1,2334,6
2015,4,8,8,3.8,86,18,5.7,2335,7
2015,4,8,9,3.3,92,50,4.6,2336,8
2015,4,8,10,3.3,92,72,5.1,2337,9
2015,4,8,11,3.8,89,89,5.7,2338,10
2015,4,8,12,3.8,89,118,7.2,2339,11
2015,4,8,13,4.4,86,130,7.2,2340,12
2015,4,8,14,4.4,82,172,11.3,2341,13
2015,4,8,15,5.5,76,194,7.7,2342,14
2015,4,8,16,4.4,82,204,4.1,2343,15
2015,4,8,17,4.4,89,178,5.1,2344,16
2015,4,8,18,3.8,89,78,5.1,2345,17
2015,4,8,19,3.3,89,19,6.2,2346,18
2015,4,8,20,3.3,85,1,7.2,2347,19
2015,4,8,21,3.3,85,0,6.7,2348,20
2015,4,8,22,3.3,82,0,5.7,2349,21
2015,4,8,23,3.0,87,0,6.2,2350,22
2015,4,8,24,3.3,85,0,6.2,2351,23
2015,4,9,1,2.7,89,0,5.7,2352,0
2015,4,9,2,2.7,89,0,4.1,2353,1
2015,4,9,3,2.7,89,0,4.1,2354,2
2015,4,9,4,2.7,89,0,3.6,2355,3
2015,4,9,5,2.7,89,0,2.6,2356,4
2015,4,9,6,3.0,87,0,3.6,2357,5
2015,4,9,7,2.7,97,0,5.1,2358,6
2015,4,9,8,3.3,96,29,4.6,2359,7
2015,4,9,9,2.9,93,64,5.7,2360,8
2015,4,9,10,4.4,93,114,6.2,2361,9
2015,4,9,11,5.0,89,154,4.1,2362,10
2015,4,9,12,5.5,86,202,6.2,2363,11
2015,4,9,13,6.6,82,231,6.7,2364,12
2015,4,9,14,7.2,79,289,7.2,2365,13
2015,4,9,15,7.2,76,352,6.7,2366,14
2015,4,9,16,6.6,79,292,7.2,2367,15
2015,4,9,17,6.6,79,173,6.2,2368,16
2015,4,9,18,5.5,89,83,7.7,2369,17
2015,4,9,19,5.0,92,28,7.7,2370,18
2015,4,9,20,5.0,89,2,6.7,2371,19
2015,4,9,21,4.0,93,0,9.8,2372,20
2015,4,9,22,3.8,93,0,8.2,2373,21
2015,4,9,23,3.8,93,0,10.3,2374,22
2015,4,9,24,3.8,93,0,8.2,2375,23
2015,4,10,1,4.4,93,0,8.8,2376,0
2015,4,10,2,4.0,93,0,10.3,2377,1
2015,4,10,3,5.0,89,0,8.2,2378,2
2015,4,10,4,5.0,89,0,6.2,2379,3
2015,4,10,5,5.0,89,0,7.7,2380,4
2015,4,10,6,5.0,87,0,8.2,2381,5
2015,4,10,7,6.1,89,16,7.7,2382,6
2015,4,10,8,5.4,86,61,9.8,2383,7
2015,4,10,9,5.7,93,101,6.7,2384,8
2015,4,10,10,7.7,93,165,8.2,2385,9
2015,4,10,11,8.3,93,178,7.2,2386,10
2015,4,10,12,8.8,93,176,6.2,2387,11
2015,4,10,13,9.0,93,251,5.7,2388,12
2015,4,10,14,13.3,80,326,4.6,2389,13
2015,4,10,15,13.3,87,336,5.1,2390,14
2015,4,10,16,13.0,88,237,7.7,2391,15
2015,4,10,17,12.7,75,180,4.1,2392,16
2015,4,10,18,12.2,64,167,6.2,2393,17
2015,4,10,19,9.4,68,80,4.6,2394,18
2015,4,10,20,8.3,65,10,5.1,2395,19
2015,4,10,21,8.3,63,0,6.2,2396,20
2015,4,10,22,7.7,63,0,4.6,2397,21
2015,4,10,23,7.2,62,0,4.1,2398,22
2015,4,10,24,6.6,68,0,3.6,2399,23
2015,4,11,1,6.6,73,0,2.1,2400,0
2015,4,11,2,5.5,79,0,2.1,2401,1
2015,4,11,3,5.5,76,0,4.6,2402,2
2015,4,11,4,6.0,75,0,4.1,2403,3
2015,4,11,5,5.3,85,0,6.7,2404,4
2015,4,11,6,3.0,87,0,5.1,2405,5
2015,4,11,7,2.7,79,35,7.2,2406,6
2015,4,11,8,2.7,75,130,7.7,2407,7
2015,4,11,9,3.3,72,248,7.7,2408,8
2015,4,11,10,4.4,72,322,6.7,2409,9
2015,4,11,11,5.4,69,374,8.2,2410,10
2015,4,11,12,5.7,67,421,6.2,2411,11
2015,4,11,13,6.0,67,430,6.7,2412,12
2015,4,11,14,5.9,64,388,6.7,2413,13
2015,4,11,15,5.0,61,327,6.2,2414,14
2015,4,11,16,5.5,59,280,6.7,2415,15
2015,4,11,17,6.6,55,246,5.1,2416,16
2015,4,11,18,6.1,54,193,5.7,2417,17
2015,4,11,19,6.2,49,87,2.6,2418,18
2015,4,11,20,4.8,56,12,0.0,2419,19
2015,4,11,21,4.1,58,0,0.0,2420,20
2015,4,11,22,3.4,61,0,0.0,2421,21
2015,4,11,23,2.2,67,0,0.0,2422,22
2015,4,11,24,2.0,69,0,0.0,2423,23
2015,4,12,1,1.4,72,0,0.0,2424,0
2015,4,12,2,1.1,91,0,0.0,2425,1
2015,4,12,3,1.1,73,0,0.0,2426,2
2015,4,12,4,0.8,74,0,2.1,2427,3
2015,4,12,5,0.4,75,0,2.6,2428,4
2015,4,12,6,0.6,100,0,2.1,2429,5
2015,4,12,7,0.6,89,72,2.1,2430,6
2015,4,12,8,2.5,67,234,0.0,2431,7
2015,4,12,9,5.6,50,431,0.0,2432,8
2015,4,12,10,9.2,55,612,2.6,2433,9
2015,4,12,11,13.3,33,756,1.5,2434,10
2015,4,12,12,13.8,34,851,1.5,2435,11
2015,4,12,13,16.1,29,888,3.1,2436,12
2015,4,12,14,17.2,28,864,2.6,2437,13
2015,4,12,15,18.3,24,782,1.5,2438,14
2015,4,12,16,18.8,21,647,0.0,2439,15
2015,4,12,17,18.8,19,472,0.0,2440,16
2015,4,12,18,18.3,31,277,2.1,2441,17
2015,4,12,19,14.4,31,101,2.1,2442,18
2015,4,12,20,14.6,44,12,2.6,2443,19
2015,4,12,21,10.5,40,0,3.6,2444,20
2015,4,12,22,11.6,37,0,2.6,2445,21
2015,4,12,23,10.5,46,0,4.1,2446,22
2015,4,12,24,10.5,46,0,5.1,2447,23
2015,4,13,1,10.0,50,0,3.6,2448,0
2015,4,13,2,9.4,52,0,4.1,2449,1
2015,4,13,3,9.4,52,0,3.6,2450,2
2015,4,13,4,6.9,50,0,3.6,2451,3
2015,4,13,5,6.2,66,0,3.6,2452,4
2015,4,13,6,8.5,47,0,4.1,2453,5
2015,4,13,7,8.4,46,39,4.1,2454,6
2015,4,13,8,9.1,57,139,5.1,2455,7
2015,4,13,9,10.5,55,323,4.6,2456,8
2015,4,13,10,14.1,48,556,5.1,2457,9
2015,4,13,11,19.4,33,710,5.7,2458,10
2015,4,13,12,21.6,31,795,4.1,2459,11
2015,4,13,13,23.8,30,849,6.2,2460,12
2015,4,13,14,25.0,29,828,9.8,2461,13
2015,4,13,15,25.0,30,696,9.3,2462,14
2015,4,13,16,23.8,32,539,6.2,2463,15
2015,4,13,17,23.8,33,397,9.8,2464,16
2015,4,13,18,23.3,49,229,7.2,2465,17
2015,4,13,19,21.1,42,84,6.7,2466,18
2015,4,13,20,20.0,47,10,6.7,2467,19
2015,4,13,21,20.0,48,0,7.7,2468,20
2015,4,13,22,19.0,60,0,5.1,2469,21
2015,4,13,23,15.0,88,0,0.0,2470,22
2015,4,13,24,15.4,93,0,6.7,2471,23
2015,4,14,1,12.9,93,0,4.1,2472,0
2015,4,14,2,11.1,89,0,0.0,2473,1
2015,4,14,3,10.9,93,0,0.0,2474,2
2015,4,14,4,9.6,86,0,2.1,2475,3
2015,4,14,5,8.1,92,0,1.5,2476,4
2015,4,14,6,6.3,100,0,0.0,2477,5
2015,4,14,7,6.6,97,76,0.0,2478,6
2015,4,14,8,7.3,85,238,1.5,2479,7
2015,4,14,9,8.6,54,435,0.0,2480,8
2015,4,14,10,11.3,33,610,2.1,2481,9
2015,4,14,11,15.0,28,703,6.7,2482,10
2015,4,14,12,14.4,37,669,5.7,2483,11
2015,4,14,13,16.1,35,574,5.1,2484,12
2015,4,14,14,15.5,35,597,4.1,2485,13
2015,4,14,15,15.5,32,555,5.1,2486,14
2015,4,14,16,15.0,36,361,2.6,2487,15
2015,4,14,17,13.8,31,218,1.5,2488,16
2015,4,14,18,12.7,33,120,2.6,2489,17
2015,4,14,19,11.1,39,47,2.1,2490,18
2015,4,14,20,10.0,40,7,0.0,2491,19
2015,4,14,21,10.6,43,0,0.0,2492,20
2015,4,14,22,10.5,34,0,0.0,2493,21
2015,4,14,23,8.3,43,0,0.0,2494,22
2015,4,14,24,8.2,40,0,0.0,2495,23
2015,4,15,1,6.3,46,0,0.0,2496,0
2015,4,15,2,5.2,51,0,0.0,2497,1
2015,4,15,3,4.5,52,0,0.0,2498,2
2015,4,15,4,4.3,52,0,0.0,2499,3
2015,4,15,5,3.5,50,0,0.0,2500,4
2015,4,15,6,4.8,49,0,0.0,2501,5
2015,4,15,7,5.0,58,84,2.1,2502,6
2015,4,15,8,7.2,46,257,4.6,2503,7
2015,4,15,9,8.8,41,458,4.6,2504,8
2015,4,15,10,10.5,38,636,4.1,2505,9
2015,4,15,11,11.1,39,777,5.1,2506,10
2015,4,15,12,12.7,35,870,5.7,2507,11
2015,4,15,13,13.8,29,906,4.6,2508,12
2015,4,15,14,13.8,29,875,6.7,2509,13
2015,4,15,15,13.8,28,784,4.6,2510,14
2015,4,15,16,13.8,27,653,5.1,2511,15
2015,4,15,17,12.7,27,487,5.1,2512,16
2015,4,15,18,11.6,31,293,4.6,2513,17
2015,4,15,19,9.4,34,111,2.6,2514,18
2015,4,15,20,7.7,44,15,2.1,2515,19
2015,4,15,21,6.6,50,0,2.1,2516,20
2015,4,15,22,6.6,52,0,0.0,2517,21
2015,4,15,23,6.0,52,0,1.5,2518,22
2015,4,15,24,5.5,55,0,0.0,2519,23
2015,4,16,1,3.5,64,0,2.6,2520,0
2015,4,16,2,2.6,74,0,2.6,2521,1
2015,4,16,3,2.5,71,0,3.6,2522,2
2015,4,16,4,1.6,79,0,2.6,2523,3
2015,4,16,5,1.4,79,0,2.6,2524,4
2015,4,16,6,1.4,78,0,3.1,2525,5
2015,4,16,7,2.1,60,71,3.1,2526,6
2015,4,16,8,3.8,60,218,3.1,2527,7
2015,4,16,9,6.4,49,402,7.2,2528,8
2015,4,16,10,10.3,29,565,5.1,2529,9
2015,4,16,11,16.6,22,684,6.2,2530,10
2015,4,16,12,18.3,18,766,7.7,2531,11
2015,4,16,13,20.0,19,822,5.1,2532,12
2015,4,16,14,21.1,19,830,7.2,2533,13
2015,4,16,15,21.1,15,740,7.2,2534,14
2015,4,16,16,19.4,18,581,7.7,2535,15
2015,4,16,17,18.3,21,355,6.7,2536,16
2015,4,16,18,16.6,24,147,5.7,2537,17
2015,4,16,19,16.1,25,45,5.1,2538,18
2015,4,16,20,15.5,28,6,4.6,2539,19
2015,4,16,21,14.4,34,0,5.7,2540,20
2015,4,16,22,15.5,47,0,6.7,2541,21
2015,4,16,23,12.2,52,0,3.6,2542,22
2015,4,16,24,11.6,59,0,5.1,2543,23
2015,4,17,1,11.6,66,0,5.1,2544,0
2015,4,17,2,12.0,67,0,2.6,2545,1
2015,4,17,3,11.1,83,0,3.1,2546,2
2015,4,17,4,11.0,87,0,2.6,2547,3
2015,4,17,5,11.0,87,0,2.1,2548,4
2015,4,17,6,11.0,87,0,2.6,2549,5
2015,4,17,7,11.1,89,7,2.6,2550,6
2015,4,17,8,11.6,90,34,3.1,2551,7
2015,4,17,9,12.2,89,91,2.1,2552,8
2015,4,17,10,12.5,89,133,2.6,2553,9
2015,4,17,11,12.7,88,143,3.1,2554,10
2015,4,17,12,13.0,88,179,3.6,2555,11
2015,4,17,13,12.0,94,272,3.6,2556,12
2015,4,17,14,14.0,82,252,3.6,2557,13
2015,4,17,15,14.5,79,184,3.6,2558,14
2015,4,17,16,15.0,77,206,3.6,2559,15
2015,4,17,17,16.0,68,251,3.6,2560,16
2015,4,17,18,16.0,63,223,3.6,2561,17
2015,4,17,19,13.0,74,94,2.5,2562,18
2015,4,17,20,13.5,87,15,1.5,2563,19
2015,4,17,21,12.4,71,0,0.0,2564,20
2015,4,17,22,8.9,81,0,1.5,2565,21
2015,4,17,23,10.6,78,0,0.0,2566,22
2015,4,17,24,10.2,77,0,0.9,2567,23
2015,4,18,1,9.5,77,0,1.4,2568,0
2015,4,18,2,8.9,78,0,0.0,2569,1
2015,4,18,3,8.4,79,0,0.5,2570,2
2015,4,18,4,7.6,100,0,0.5,2571,3
2015,4,18,5,6.6,100,0,0.5,2572,4
2015,4,18,6,6.6,100,0,1.5,2573,5
2015,4,18,7,7.0,100,88,0.0,2574,6
2015,4,18,8,8.4,72,255,4.1,2575,7
2015,4,18,9,11.1,78,447,3.1,2576,8
2015,4,18,10,15.1,60,622,4.1,2577,9
2015,4,18,11,21.0,30,762,5.2,2578,10
2015,4,18,12,23.0,33,854,6.2,2579,11
2015,4,18,13,23.0,26,833,8.8,2580,12
2015,4,18,14,20.0,37,789,7.7,2581,13
2015,4,18,15,19.0,37,756,7.7,2582,14
2015,4,18,16,18.0,32,648,7.2,2583,15
2015,4,18,17,17.0,27,491,6.7,2584,16
2015,4,18,18,16.0,28,301,5.7,2585,17
2015,4,18,19,13.0,27,119,3.6,2586,18
2015,4,18,20,11.0,39,18,2.6,2587,19
2015,4,18,21,11.0,39,0,1.5,2588,20
2015,4,18,22,11.1,34,0,2.7,2589,21
2015,4,18,23,6.9,46,0,0.8,2590,22
2015,4,18,24,8.2,50,0,1.4,2591,23
2015,4,19,1,7.1,56,0,1.6,2592,0
2015,4,19,2,6.6,62,0,0.0,2593,1
2015,4,19,3,6.1,67,0,0.0,2594,2
2015,4,19,4,5.1,58,0,0.0,2595,3
2015,4,19,5,3.7,63,0,0.0,2596,4
2015,4,19,6,2.6,70,0,0.0,2597,5
2015,4,19,7,3.0,64,96,0.0,2598,6
2015,4,19,8,5.3,52,271,1.5,2599,7
2015,4,19,9,7.0,45,468,4.1,2600,8
2015,4,19,10,9.1,47,647,4.1,2601,9
2015,4,19,11,13.0,29,772,2.6,2602,10
2015,4,19,12,15.5,31,831,2.8,2603,11
2015,4,19,13,18.0,28,853,3.1,2604,12
2015,4,19,14,18.0,26,845,3.6,2605,13
2015,4,19,15,19.0,25,790,5.1,2606,14
2015,4,19,16,20.0,24,660,5.7,2607,15
2015,4,19,17,19.0,25,456,5.1,2608,16
2015,4,19,18,18.0,23,239,4.6,2609,17
2015,4,19,19,17.0,33,80,4.1,2610,18
2015,4,19,20,16.0,28,11,5.1,2611,19
2015,4,19,21,15.0,33,0,5.7,2612,20
2015,4,19,22,15.7,29,0,7.5,2613,21
2015,4,19,23,12.0,38,0,6.3,2614,22
2015,4,19,24,11.0,42,0,7.5,2615,23
2015,4,20,1,10.6,46,0,8.3,2616,0
2015,4,20,2,7.5,50,0,7.3,2617,1
2015,4,20,3,6.4,55,0,7.9,2618,2
2015,4,20,4,5.9,60,0,8.6,2619,3
2015,4,20,5,5.8,65,0,9.2,2620,4
2015,4,20,6,8.0,71,0,9.8,2621,5
2015,4,20,7,8.0,87,5,8.2,2622,6
2015,4,20,8,8.0,93,15,4.6,2623,7
2015,4,20,9,7.8,87,32,9.3,2624,8
2015,4,20,10,8.6,82,52,8.8,2625,9
2015,4,20,11,10.2,67,95,7.7,2626,10
2015,4,20,12,10.8,67,138,8.2,2627,11
2015,4,20,13,11.6,65,177,7.7,2628,12
2015,4,20,14,11.9,85,328,7.2,2629,13
2015,4,20,15,12.7,64,419,6.2,2630,14
2015,4,20,16,13.0,68,322,9.3,2631,15
2015,4,20,17,15.0,77,206,6.2,2632,16
2015,4,20,18,15.0,77,114,7.2,2633,17
2015,4,20,19,15.0,77,44,5.1,2634,18
2015,4,20,20,14.0,82,8,6.2,2635,19
2015,4,20,21,14.0,82,0,4.1,2636,20
2015,4,20,22,14.1,69,0,5.8,2637,21
2015,4,20,23,11.0,78,0,5.0,2638,22
2015,4,20,24,9.9,78,0,6.4,2639,23
2015,4,21,1,9.3,76,0,6.8,2640,0
2015,4,21,2,8.9,76,0,6.5,2641,1
2015,4,21,3,10.4,74,0,6.9,2642,2
2015,4,21,4,6.9,73,0,7.7,2643,3
2015,4,21,5,6.5,72,0,8.1,2644,4
2015,4,21,6,8.0,93,0,9.4,2645,5
2015,4,21,7,8.0,93,43,1.5,2646,6
2015,4,21,8,9.0,81,176,4.1,2647,7
2015,4,21,9,9.0,61,400,4.6,2648,8
2015,4,21,10,10.0,54,545,5.1,2649,9
2015,4,21,11,12.0,40,668,5.7,2650,10
2015,4,21,12,13.0,35,785,5.7,2651,11
2015,4,21,13,13.0,32,828,3.6,2652,12
2015,4,21,14,13.0,32,779,5.1,2653,13
2015,4,21,15,13.0,29,602,6.7,2654,14
2015,4,21,16,11.0,33,495,5.1,2655,15
2015,4,21,17,11.0,31,396,2.6,2656,16
2015,4,21,18,11.0,43,208,2.6,2657,17
2015,4,21,19,9.0,49,73,5.1,2658,18
2015,4,21,20,7.0,66,15,0.0,2659,19
2015,4,21,21,7.0,61,0,3.1,2660,20
2015,4,21,22,7.2,55,0,4.6,2661,21
2015,4,21,23,5.4,60,0,4.3,2662,22
2015,4,21,24,7.1,62,0,5.7,2663,23
2015,4,22,1,4.6,63,0,5.7,2664,0
2015,4,22,2,4.5,65,0,6.0,2665,1
2015,4,22,3,5.2,66,0,6.1,2666,2
2015,4,22,4,5.0,67,0,7.0,2667,3
2015,4,22,5,3.9,69,0,7.1,2668,4
2015,4,22,6,6.0,70,0,9.0,2669,5
2015,4,22,7,6.0,75,76,2.1,2670,6
2015,4,22,8,7.0,70,209,2.6,2671,7
2015,4,22,9,6.0,81,272,3.1,2672,8
2015,4,22,10,5.0,87,332,4.1,2673,9
2015,4,22,11,6.0,81,402,3.6,2674,10
2015,4,22,12,7.0,58,467,3.1,2675,11
2015,4,22,13,9.0,51,546,3.6,2676,12
2015,4,22,14,11.0,62,519,4.1,2677,13
2015,4,22,15,8.0,61,448,7.7,2678,14
2015,4,22,16,7.0,61,436,6.2,2679,15
2015,4,22,17,5.0,75,333,1.5,2680,16
2015,4,22,18,6.1,73,153,2.3,2681,17
2015,4,22,19,5.5,69,57,3.1,2682,18
2015,4,22,20,4.0,69,10,4.6,2683,19
2015,4,22,21,4.6,68,0,4.1,2684,20
2015,4,22,22,2.9,64,0,5.1,2685,21
2015,4,22,23,2.1,65,0,5.1,2686,22
2015,4,22,24,2.2,66,0,6.3,2687,23
2015,4,23,1,1.6,66,0,5.6,2688,0
2015,4,23,2,1.1,68,0,6.3,2689,1
2015,4,23,3,1.1,67,0,6.0,2690,2
2015,4,23,4,0.4,67,0,6.7,2691,3
2015,4,23,5,0.1,69,0,6.3,2692,4
2015,4,23,6,0.2,71,0,8.6,2693,5
2015,4,23,7,0.4,72,75,4.6,2694,6
2015,4,23,8,0.6,70,195,2.6,2695,7
2015,4,23,9,0.6,70,336,6.2,2696,8
2015,4,23,10,0.9,68,506,5.1,2697,9
2015,4,23,11,1.6,64,655,5.1,2698,10
2015,4,23,12,1.7,76,701,4.6,2699,11
2015,4,23,13,2.2,64,654,6.7,2700,12
2015,4,23,14,2.2,62,552,6.2,2701,13
2015,4,23,15,2.2,56,493,6.2,2702,14
2015,4,23,16,2.2,54,418,6.2,2703,15
2015,4,23,17,1.6,59,304,6.7,2704,16
2015,4,23,18,1.6,53,207,7.2,2705,17
2015,4,23,19,1.1,55,92,7.2,2706,18
2015,4,23,20,1.1,58,17,7.2,2707,19
2015,4,23,21,0.7,63,0,6.2,2708,20
2015,4,23,22,0.5,63,0,6.7,2709,21
2015,4,23,23,0.0,60,0,6.7,2710,22
2015,4,23,24,0.1,62,0,7.7,2711,23
2015,4,24,1,-0.5,62,0,6.2,2712,0
2015,4,24,2,-1.0,66,0,7.2,2713,1
2015,4,24,3,-1.1,66,0,6.2,2714,2
2015,4,24,4,-1.0,66,0,6.7,2715,3
2015,4,24,5,-0.5,69,0,5.7,2716,4
2015,4,24,6,-0.5,66,0,8.2,2717,5
2015,4,24,7,-0.5,62,85,9.3,2718,6
2015,4,24,8,-0.5,72,226,6.7,2719,7
2015,4,24,9,0.2,70,354,7.7,2720,8
2015,4,24,10,1.1,55,420,6.2,2721,9
2015,4,24,11,2.4,59,470,9.3,2722,10
2015,4,24,12,2.5,56,490,7.7,2723,11
2015,4,24,13,2.2,56,466,6.7,2724,12
2015,4,24,14,2.3,59,466,7.7,2725,13
2015,4,24,15,2.5,59,454,6.7,2726,14
2015,4,24,16,2.2,54,365,5.7,2727,15
2015,4,24,17,2.2,54,250,5.1,2728,16
2015,4,24,18,1.6,56,155,2.1,2729,17
2015,4,24,19,2.3,61,70,1.5,2730,18
2015,4,24,20,2.1,61,16,1.5,2731,19
2015,4,24,21,2.2,63,0,2.6,2732,20
2015,4,24,22,1.5,66,0,3.1,2733,21
2015,4,24,23,0.6,66,0,3.6,2734,22
2015,4,24,24,0.2,72,0,3.1,2735,23
2015,4,25,1,-2.7,79,0,1.5,2736,0
2015,4,25,2,-2.2,76,0,2.6,2737,1
2015,4,25,3,-2.2,76,0,2.1,2738,2
2015,4,25,4,-2.7,79,0,2.1,2739,3
2015,4,25,5,-4.4,86,0,0.0,2740,4
2015,4,25,6,-4.0,84,0,0.0,2741,5
2015,4,25,7,-0.5,76,111,3.1,2742,6
2015,4,25,8,0.2,67,293,4.1,2743,7
2015,4,25,9,1.5,57,491,4.6,2744,8
2015,4,25,10,3.8,53,635,5.7,2745,9
2015,4,25,11,5.5,51,763,5.1,2746,10
2015,4,25,12,6.6,48,867,4.6,2747,11
2015,4,25,13,7.7,44,887,5.7,2748,12
2015,4,25,14,8.3,45,789,4.1,2749,13
2015,4,25,15,8.8,45,668,5.1,2750,14
2015,4,25,16,9.4,43,547,5.1,2751,15
2015,4,25,17,8.8,43,432,4.1,2752,16
2015,4,25,18,8.3,37,312,3.1,2753,17
2015,4,25,19,6.1,45,131,2.1,2754,18
2015,4,25,20,6.5,53,23,2.1,2755,19
2015,4,25,21,5.4,65,0,2.1,2756,20
2015,4,25,22,4.2,60,0,1.5,2757,21
2015,4,25,23,2.7,77,0,1.5,2758,22
2015,4,25,24,2.1,66,0,0.0,2759,23
2015,4,26,1,1.3,68,0,2.1,2760,0
2015,4,26,2,0.9,69,0,0.0,2761,1
2015,4,26,3,2.0,64,0,0.0,2762,2
2015,4,26,4,1.6,66,0,0.0,2763,3
2015,4,26,5,1.7,67,0,1.5,2764,4
2015,4,26,6,1.4,69,0,0.0,2765,5
2015,4,26,7,2.2,75,114,0.0,2766,6
2015,4,26,8,4.4,61,294,3.1,2767,7
2015,4,26,9,5.5,62,486,3.6,2768,8
2015,4,26,10,7.2,62,659,3.1,2769,9
2015,4,26,11,9.4,54,690,6.2,2770,10
2015,4,26,12,9.4,54,599,4.1,2771,11
2015,4,26,13,10.0,50,529,6.2,2772,12
2015,4,26,14,9.4,52,508,5.1,2773,13
2015,4,26,15,8.3,56,491,3.6,2774,14
2015,4,26,16,8.8,52,446,5.1,2775,15
2015,4,26,17,7.7,53,378,4.1,2776,16
2015,4,26,18,7.7,53,251,4.6,2777,17
2015,4,26,19,6.6,60,107,2.1,2778,18
2015,4,26,20,6.1,62,21,1.5,2779,19
2015,4,26,21,6.8,58,0,0.0,2780,20
2015,4,26,22,6.0,73,0,0.0,2781,21
2015,4,26,23,5.2,83,0,0.0,2782,22
2015,4,26,24,5.0,73,0,2.1,2783,23
2015,4,27,1,5.6,68,0,1.5,2784,0
2015,4,27,2,5.6,69,0,0.0,2785,1
2015,4,27,3,5.6,71,0,0.0,2786,2
2015,4,27,4,5.9,89,0,2.6,2787,3
2015,4,27,5,4.4,82,0,3.6,2788,4
2015,4,27,6,5.4,87,0,4.1,2789,5
2015,4,27,7,4.0,87,43,3.6,2790,6
2015,4,27,8,5.0,85,112,5.1,2791,7
2015,4,27,9,5.5,82,232,5.1,2792,8
2015,4,27,10,6.1,79,430,5.1,2793,9
2015,4,27,11,6.1,76,592,4.6,2794,10
2015,4,27,12,7.2,73,572,6.2,2795,11
2015,4,27,13,7.7,65,544,5.1,2796,12
2015,4,27,14,7.7,65,541,5.1,2797,13
2015,4,27,15,7.7,63,489,6.2,2798,14
2015,4,27,16,8.3,60,449,6.2,2799,15
2015,4,27,17,7.7,65,357,6.2,2800,16
2015,4,27,18,7.2,70,194,5.1,2801,17
2015,4,27,19,6.6,82,61,4.6,2802,18
2015,4,27,20,6.0,87,9,3.6,2803,19
2015,4,27,21,5.5,71,0,4.6,2804,20
2015,4,27,22,6.1,73,0,3.6,2805,21
2015,4,27,23,6.6,90,0,4.1,2806,22
2015,4,27,24,6.6,86,0,5.7,2807,23
2015,4,28,1,6.6,86,0,3.6,2808,0
2015,4,28,2,7.0,81,0,5.1,2809,1
2015,4,28,3,5.5,89,0,5.7,2810,2
2015,4,28,4,5.0,89,0,4.6,2811,3
2015,4,28,5,5.0,89,0,4.1,2812,4
2015,4,28,6,5.9,93,0,3.1,2813,5
2015,4,28,7,6.1,85,93,4.6,2814,6
2015,4,28,8,6.0,87,244,4.6,2815,7
2015,4,28,9,8.8,74,383,3.6,2816,8
2015,4,28,10,11.0,66,479,4.1,2817,9
2015,4,28,11,12.7,62,538,6.7,2818,10
2015,4,28,12,13.8,57,561,7.7,2819,11
2015,4,28,13,15.0,53,532,5.1,2820,12
2015,4,28,14,16.6,48,496,6.2,2821,13
2015,4,28,15,16.6,46,432,9.3,2822,14
2015,4,28,16,15.0,51,356,7.2,2823,15
2015,4,28,17,15.5,50,299,4.6,2824,16
2015,4,28,18,15.0,49,204,3.6,2825,17
2015,4,28,19,13.3,55,97,2.1,2826,18
2015,4,28,20,10.5,69,19,1.5,2827,19
2015,4,28,21,12.2,76,0,1.5,2828,20
2015,4,28,22,9.4,71,0,2.1,2829,21
2015,4,28,23,8.8,74,0,2.6,2830,22
2015,4,28,24,8.3,73,0,2.6,2831,23
2015,4,29,1,7.7,76,0,3.1,2832,0
2015,4,29,2,7.7,76,0,2.6,2833,1
2015,4,29,3,7.7,76,0,2.6,2834,2
2015,4,29,4,6.1,82,0,2.1,2835,3
2015,4,29,5,6.9,97,0,0.0,2836,4
2015,4,29,6,8.8,67,0,0.0,2837,5
2015,4,29,7,9.4,71,104,2.6,2838,6
2015,4,29,8,11.6,61,255,5.1,2839,7
2015,4,29,9,13.3,57,434,5.7,2840,8
2015,4,29,10,15.0,53,626,4.1,2841,9
2015,4,29,11,16.6,48,783,4.1,2842,10
2015,4,29,12,17.7,45,865,5.7,2843,11
2015,4,29,13,18.3,37,874,5.1,2844,12
2015,4,29,14,19.4,34,850,5.7,2845,13
2015,4,29,15,18.8,37,803,2.6,2846,14
2015,4,29,16,18.8,33,691,4.6,2847,15
2015,4,29,17,18.8,33,523,4.6,2848,16
2015,4,29,18,17.7,33,329,3.6,2849,17
2015,4,29,19,15.5,39,142,2.1,2850,18
2015,4,29,20,12.7,51,29,2.1,2851,19
2015,4,29,21,10.5,61,0,2.1,2852,20
2015,4,29,22,11.7,54,0,2.1,2853,21
2015,4,29,23,8.8,68,0,2.6,2854,22
2015,4,29,24,10.8,62,0,0.0,2855,23
2015,4,30,1,6.6,79,0,3.6,2856,0
2015,4,30,2,7.2,76,0,3.1,2857,1
2015,4,30,3,6.9,89,0,0.0,2858,2
2015,4,30,4,5.9,93,0,2.6,2859,3
2015,4,30,5,5.3,96,0,2.6,2860,4
2015,4,30,6,6.1,87,0,2.6,2861,5
2015,4,30,7,6.4,68,123,1.5,2862,6
2015,4,30,8,9.0,73,304,1.5,2863,7
2015,4,30,9,11.8,67,497,0.0,2864,8
2015,4,30,10,17.7,57,667,1.5,2865,9
2015,4,30,11,19.4,32,788,3.1,2866,10
2015,4,30,12,20.0,28,772,2.6,2867,11
2015,4,30,13,19.4,27,615,1.5,2868,12
2015,4,30,14,20.5,27,552,4.1,2869,13
2015,4,30,15,20.5,28,478,2.6,2870,14
2015,4,30,16,20.0,29,320,4.1,2871,15
2015,4,30,17,20.0,33,268,6.2,2872,16
2015,4,30,18,17.7,37,220,4.6,2873,17
2015,4,30,19,12.2,56,108,1.7,2874,18
2015,4,30,20,11.0,65,20,1.4,2875,19
2015,4,30,21,10.1,70,0,0.8,2876,20
2015,4,30,22,10.2,78,0,1.3,2877,21
2015,4,30,23,10.6,84,0,2.2,2878,22
2015,4,30,24,11.0,87,0,2.9,2879,23
2014,5,1,1,11.4,93,0,3.8,2880,0
2014,5,1,2,11.6,93,0,3.8,2881,1
2014,5,1,3,11.6,95,0,3.5,2882,2
2014,5,1,4,11.0,94,0,3.2,2883,3
2014,5,1,5,10.8,90,0,3.5,2884,4
2014,5,1,6,10.9,86,0,3.8,2885,5
2014,5,1,7,9.8,89,85,3.6,2886,6
2014,5,1,8,10.7,80,245,4.6,2887,7
2014,5,1,9,12.0,75,392,5.1,2888,8
2014,5,1,10,13.8,65,438,3.6,2889,9
2014,5,1,11,17.7,63,486,1.5,2890,10
2014,5,1,12,16.0,72,534,6.2,2891,11
2014,5,1,13,15.5,60,558,2.6,2892,12
2014,5,1,14,13.0,62,484,2.6,2893,13
2014,5,1,15,16.6,70,411,1.5,2894,14
2014,5,1,16,14.4,61,448,4.1,2895,15
2014,5,1,17,13.3,69,364,5.1,2896,16
2014,5,1,18,11.6,71,214,3.6,2897,17
2014,5,1,19,10.5,66,103,2.1,2898,18
2014,5,1,20,9.4,66,23,1.5,2899,19
2014,5,1,21,10.5,68,0,1.5,2900,20
2014,5,1,22,9.9,67,0,0.0,2901,21
2014,5,1,23,8.8,70,0,2.1,2902,22
2014,5,1,24,7.7,73,0,0.0,2903,23
2014,5,2,1,6.1,93,0,1.5,2904,0
2014,5,2,2,6.1,89,0,1.5,2905,1
2014,5,2,3,6.1,89,0,1.5,2906,2
2014,5,2,4,5.5,93,0,0.0,2907,3
2014,5,2,5,5.5,77,0,0.0,2908,4
2014,5,2,6,6.0,93,0,0.0,2909,5
2014,5,2,7,6.3,80,88,1.5,2910,6
2014,5,2,8,8.8,74,181,2.1,2911,7
2014,5,2,9,8.7,66,295,4.6,2912,8
2014,5,2,10,10.0,77,432,4.1,2913,9
2014,5,2,11,12.7,57,589,6.7,2914,10
2014,5,2,12,12.1,58,725,5.1,2915,11
2014,5,2,13,13.3,55,762,6.7,2916,12
2014,5,2,14,13.3,53,652,5.1,2917,13
2014,5,2,15,12.7,51,519,3.1,2918,14
2014,5,2,16,13.8,47,383,4.1,2919,15
2014,5,2,17,11.1,43,232,2.6,2920,16
2014,5,2,18,11.6,59,148,2.6,2921,17
2014,5,2,19,10.5,66,72,1.5,2922,18
2014,5,2,20,10.0,68,19,2.1,2923,19
2014,5,2,21,9.4,74,0,0.0,2924,20
2014,5,2,22,9.4,77,0,0.0,2925,21
2014,5,2,23,8.8,67,0,0.0,2926,22
2014,5,2,24,10.0,68,0,0.0,2927,23
2014,5,3,1,7.7,86,0,0.0,2928,0
2014,5,3,2,9.4,71,0,1.5,2929,1
2014,5,3,3,9.4,68,0,1.5,2930,2
2014,5,3,4,9.4,71,0,2.6,2931,3
2014,5,3,5,8.8,74,0,2.6,2932,4
2014,5,3,6,9.0,71,0,2.1,2933,5
2014,5,3,7,7.4,68,101,3.1,2934,6
2014,5,3,8,8.2,66,239,2.6,2935,7
2014,5,3,9,10.5,66,395,3.6,2936,8
2014,5,3,10,11.6,61,533,3.6,2937,9
2014,5,3,11,12.2,59,665,4.1,2938,10
2014,5,3,12,12.7,64,727,4.6,2939,11
2014,5,3,13,14.0,51,645,4.1,2940,12
2014,5,3,14,12.7,62,444,3.1,2941,13
2014,5,3,15,13.8,51,348,5.1,2942,14
2014,5,3,16,13.8,57,378,4.6,2943,15
2014,5,3,17,15.0,49,366,4.6,2944,16
2014,5,3,18,11.1,83,252,3.6,2945,17
2014,5,3,19,9.4,86,86,3.1,2946,18
2014,5,3,20,8.3,93,11,5.1,2947,19
2014,5,3,21,7.7,90,0,2.1,2948,20
2014,5,3,22,7.7,86,0,3.6,2949,21
2014,5,3,23,7.7,90,0,2.1,2950,22
2014,5,3,24,7.2,86,0,0.0,2951,23
2014,5,4,1,6.6,79,0,2.1,2952,0
2014,5,4,2,6.6,79,0,5.1,2953,1
2014,5,4,3,6.1,79,0,3.1,2954,2
2014,5,4,4,5.5,79,0,3.1,2955,3
2014,5,4,5,6.1,76,0,5.7,2956,4
2014,5,4,6,7.0,70,0,6.7,2957,5
2014,5,4,7,6.1,73,122,4.6,2958,6
2014,5,4,8,8.8,61,275,4.1,2959,7
2014,5,4,9,8.4,50,371,6.7,2960,8
2014,5,4,10,9.0,46,504,8.2,2961,9
2014,5,4,11,11.1,48,662,8.8,2962,10
2014,5,4,12,11.6,41,779,9.3,2963,11
2014,5,4,13,12.7,40,865,10.3,2964,12
2014,5,4,14,12.2,45,829,10.3,2965,13
2014,5,4,15,12.7,36,750,11.8,2966,14
2014,5,4,16,12.7,36,643,12.4,2967,15
2014,5,4,17,12.7,38,476,9.8,2968,16
2014,5,4,18,11.6,43,294,7.7,2969,17
2014,5,4,19,9.4,56,131,6.7,2970,18
2014,5,4,20,7.7,60,29,5.7,2971,19
2014,5,4,21,9.0,52,0,4.1,2972,20
2014,5,4,22,6.6,55,0,3.6,2973,21
2014,5,4,23,6.6,76,0,6.7,2974,22
2014,5,4,24,7.0,76,0,7.2,2975,23
2014,5,5,1,6.0,81,0,5.7,2976,0
2014,5,5,2,5.0,82,0,4.1,2977,1
2014,5,5,3,5.9,86,0,4.1,2978,2
2014,5,5,4,5.2,89,0,3.6,2979,3
2014,5,5,5,4.9,89,0,3.1,2980,4
2014,5,5,6,4.5,93,0,4.1,2981,5
2014,5,5,7,6.1,76,122,5.1,2982,6
2014,5,5,8,7.7,65,271,5.7,2983,7
2014,5,5,9,8.8,52,421,5.1,2984,8
2014,5,5,10,10.5,46,598,6.2,2985,9
2014,5,5,11,11.6,43,704,7.7,2986,10
2014,5,5,12,12.7,33,786,4.6,2987,11
2014,5,5,13,13.3,32,873,4.1,2988,12
2014,5,5,14,13.8,32,890,6.7,2989,13
2014,5,5,15,13.3,26,828,5.7,2990,14
2014,5,5,16,12.7,30,636,5.1,2991,15
2014,5,5,17,12.2,27,384,5.1,2992,16
2014,5,5,18,11.6,31,199,4.1,2993,17
2014,5,5,19,9.4,39,107,1.5,2994,18
2014,5,5,20,9.8,41,35,1.5,2995,19
2014,5,5,21,8.2,48,0,0.0,2996,20
2014,5,5,22,6.1,48,0,0.0,2997,21
2014,5,5,23,5.5,52,0,0.0,2998,22
2014,5,5,24,5.0,57,0,0.0,2999,23
2014,5,6,1,4.4,60,0,0.0,3000,0
2014,5,6,2,4.4,57,0,0.0,3001,1
2014,5,6,3,6.4,55,0,0.0,3002,2
2014,5,6,4,5.9,61,0,0.0,3003,3
2014,5,6,5,5.4,66,0,0.0,3004,4
2014,5,6,6,6.0,75,0,2.6,3005,5
2014,5,6,7,6.4,63,130,3.6,3006,6
2014,5,6,8,8.3,65,315,5.1,3007,7
2014,5,6,9,8.3,68,513,2.6,3008,8
2014,5,6,10,11.1,59,688,4.6,3009,9
2014,5,6,11,13.3,47,738,7.7,3010,10
2014,5,6,12,13.8,40,716,6.2,3011,11
2014,5,6,13,15.0,33,719,6.2,3012,12
2014,5,6,14,14.0,35,732,5.7,3013,13
2014,5,6,15,13.3,37,699,5.1,3014,14
2014,5,6,16,13.8,35,616,5.7,3015,15
2014,5,6,17,13.3,35,512,8.2,3016,16
2014,5,6,18,12.2,39,347,4.1,3017,17
2014,5,6,19,10.5,44,162,3.1,3018,18
2014,5,6,20,8.8,49,37,1.5,3019,19
2014,5,6,21,9.3,49,0,1.5,3020,20
2014,5,6,22,7.5,70,0,2.1,3021,21
2014,5,6,23,6.2,79,0,0.0,3022,22
2014,5,6,24,4.8,85,0,0.0,3023,23
2014,5,7,1,5.2,67,0,0.0,3024,0
2014,5,7,2,4.4,70,0,1.5,3025,1
2014,5,7,3,4.1,85,0,2.6,3026,2
2014,5,7,4,3.5,82,0,2.6,3027,3
2014,5,7,5,2.6,85,0,2.6,3028,4
2014,5,7,6,1.2,80,0,2.6,3029,5
2014,5,7,7,3.2,65,150,0.0,3030,6
2014,5,7,8,6.8,48,336,1.5,3031,7
2014,5,7,9,9.1,41,523,0.0,3032,8
2014,5,7,10,13.8,34,653,3.6,3033,9
2014,5,7,11,15.0,29,765,1.5,3034,10
2014,5,7,12,16.6,27,827,1.5,3035,11
2014,5,7,13,17.7,28,772,0.0,3036,12
2014,5,7,14,18.3,23,681,2.6,3037,13
2014,5,7,15,18.8,23,653,1.5,3038,14
2014,5,7,16,18.3,24,575,2.1,3039,15
2014,5,7,17,18.8,35,387,0.0,3040,16
2014,5,7,18,17.7,31,217,2.1,3041,17
2014,5,7,19,15.5,38,98,2.1,3042,18
2014,5,7,20,12.7,47,29,0.0,3043,19
2014,5,7,21,10.5,69,0,2.6,3044,20
2014,5,7,22,10.5,56,0,2.6,3045,21
2014,5,7,23,12.2,68,0,3.1,3046,22
2014,5,7,24,12.7,68,0,2.1,3047,23
2014,5,8,1,12.2,70,0,3.1,3048,0
2014,5,8,2,11.6,64,0,3.6,3049,1
2014,5,8,3,10.5,77,0,2.1,3050,2
2014,5,8,4,10.5,83,0,2.6,3051,3
2014,5,8,5,10.0,86,0,3.1,3052,4
2014,5,8,6,11.0,82,0,2.6,3053,5
2014,5,8,7,12.2,83,106,3.1,3054,6
2014,5,8,8,13.3,77,253,2.1,3055,7
2014,5,8,9,14.4,75,422,0.0,3056,8
2014,5,8,10,16.6,67,570,2.6,3057,9
2014,5,8,11,18.8,61,688,2.1,3058,10
2014,5,8,12,21.6,51,800,1.5,3059,11
2014,5,8,13,22.2,51,824,2.1,3060,12
2014,5,8,14,23.3,46,761,0.0,3061,13
2014,5,8,15,23.8,46,702,0.0,3062,14
2014,5,8,16,23.8,48,583,1.5,3063,15
2014,5,8,17,24.4,48,404,2.6,3064,16
2014,5,8,18,23.8,48,251,2.6,3065,17
2014,5,8,19,22.2,51,121,0.0,3066,18
2014,5,8,20,18.3,70,27,0.0,3067,19
2014,5,8,21,20.0,61,0,1.5,3068,20
2014,5,8,22,18.8,63,0,3.1,3069,21
2014,5,8,23,18.3,68,0,1.5,3070,22
2014,5,8,24,18.3,70,0,4.1,3071,23
2014,5,9,1,19.0,68,0,4.6,3072,0
2014,5,9,2,16.1,90,0,4.6,3073,1
2014,5,9,3,16.0,88,0,6.7,3074,2
2014,5,9,4,16.6,84,0,4.1,3075,3
2014,5,9,5,16.6,81,0,4.1,3076,4
2014,5,9,6,16.6,81,0,5.1,3077,5
2014,5,9,7,17.2,78,99,4.1,3078,6
2014,5,9,8,18.8,73,202,5.7,3079,7
2014,5,9,9,20.5,68,317,4.1,3080,8
2014,5,9,10,21.6,66,484,6.7,3081,9
2014,5,9,11,24.4,58,655,4.1,3082,10
2014,5,9,12,26.1,50,769,5.7,3083,11
2014,5,9,13,27.7,42,837,6.7,3084,12
2014,5,9,14,28.3,41,821,5.7,3085,13
2014,5,9,15,28.3,41,660,4.6,3086,14
2014,5,9,16,27.7,38,453,7.7,3087,15
2014,5,9,17,27.2,39,268,7.2,3088,16
2014,5,9,18,26.1,65,148,5.1,3089,17
2014,5,9,19,25.0,67,80,5.7,3090,18
2014,5,9,20,22.7,55,19,6.7,3091,19
2014,5,9,21,21.6,61,0,4.1,3092,20
2014,5,9,22,18.3,87,0,5.1,3093,21
2014,5,9,23,17.7,87,0,8.2,3094,22
2014,5,9,24,17.7,87,0,6.2,3095,23
2014,5,10,1,17.2,90,0,4.1,3096,0
2014,5,10,2,17.0,94,0,5.1,3097,1
2014,5,10,3,16.6,97,0,4.1,3098,2
2014,5,10,4,17.2,93,0,2.1,3099,3
2014,5,10,5,17.0,100,0,2.1,3100,4
2014,5,10,6,17.0,94,0,2.6,3101,5
2014,5,10,7,19.4,76,49,4.1,3102,6
2014,5,10,8,21.1,86,157,2.6,3103,7
2014,5,10,9,21.6,89,320,6.7,3104,8
2014,5,10,10,22.2,86,411,4.6,3105,9
2014,5,10,11,23.8,54,497,5.1,3106,10
2014,5,10,12,25.0,63,623,6.2,3107,11
2014,5,10,13,25.0,45,693,4.6,3108,12
2014,5,10,14,24.4,43,670,5.7,3109,13
2014,5,10,15,23.3,48,528,3.6,3110,14
2014,5,10,16,22.7,49,407,3.6,3111,15
2014,5,10,17,22.2,49,325,4.6,3112,16
2014,5,10,18,19.4,47,200,6.2,3113,17
2014,5,10,19,17.7,41,85,2.6,3114,18
2014,5,10,20,16.1,44,20,4.6,3115,19
2014,5,10,21,15.0,34,0,3.1,3116,20
2014,5,10,22,12.7,43,0,2.1,3117,21
2014,5,10,23,12.2,47,0,1.5,3118,22
2014,5,10,24,11.6,43,0,1.5,3119,23
2014,5,11,1,12.4,49,0,0.0,3120,0
2014,5,11,2,9.4,52,0,2.6,3121,1
2014,5,11,3,11.1,55,0,1.5,3122,2
2014,5,11,4,10.3,60,0,1.5,3123,3
2014,5,11,5,7.2,64,0,2.1,3124,4
2014,5,11,6,9.0,58,0,2.1,3125,5
2014,5,11,7,12.7,62,159,3.6,3126,6
2014,5,11,8,14.4,49,345,5.1,3127,7
2014,5,11,9,15.5,41,538,4.1,3128,8
2014,5,11,10,16.6,39,711,5.1,3129,9
2014,5,11,11,17.2,35,846,5.1,3130,10
2014,5,11,12,18.3,29,932,4.1,3131,11
2014,5,11,13,20.0,26,962,4.6,3132,12
2014,5,11,14,20.5,27,932,2.1,3133,13
2014,5,11,15,21.6,26,847,0.0,3134,14
2014,5,11,16,21.6,27,714,3.1,3135,15
2014,5,11,17,22.7,26,545,0.0,3136,16
2014,5,11,18,21.6,28,355,3.1,3137,17
2014,5,11,19,20.0,32,170,0.0,3138,18
2014,5,11,20,19.8,60,42,1.5,3139,19
2014,5,11,21,18.5,44,1,2.1,3140,20
2014,5,11,22,14.2,58,0,0.0,3141,21
2014,5,11,23,13.3,69,0,0.0,3142,22
2014,5,11,24,11.6,66,0,2.6,3143,23
2014,5,12,1,11.1,66,0,2.6,3144,0
2014,5,12,2,11.1,71,0,2.6,3145,1
2014,5,12,3,11.6,64,0,3.6,3146,2
2014,5,12,4,11.1,66,0,2.6,3147,3
2014,5,12,5,10.0,74,0,3.1,3148,4
2014,5,12,6,11.0,66,0,3.1,3149,5
2014,5,12,7,14.4,57,150,2.6,3150,6
2014,5,12,8,14.7,64,327,1.5,3151,7
2014,5,12,9,17.8,61,508,1.5,3152,8
2014,5,12,10,25.5,51,632,1.5,3153,9
2014,5,12,11,26.1,35,691,2.1,3154,10
2014,5,12,12,26.1,39,730,4.6,3155,11
2014,5,12,13,26.1,37,786,4.1,3156,12
2014,5,12,14,26.6,44,595,2.1,3157,13
2014,5,12,15,27.2,42,373,3.1,3158,14
2014,5,12,16,26.6,44,353,3.1,3159,15
2014,5,12,17,25.0,48,295,4.1,3160,16
2014,5,12,18,21.6,68,222,3.1,3161,17
2014,5,12,19,20.5,73,122,1.5,3162,18
2014,5,12,20,19.4,78,34,0.0,3163,19
2014,5,12,21,17.7,90,1,0.0,3164,20
2014,5,12,22,16.6,90,0,0.0,3165,21
2014,5,12,23,15.5,97,0,0.0,3166,22
2014,5,12,24,17.7,87,0,1.5,3167,23
2014,5,13,1,16.6,90,0,1.5,3168,0
2014,5,13,2,17.2,87,0,2.1,3169,1
2014,5,13,3,16.6,90,0,2.1,3170,2
2014,5,13,4,16.6,90,0,2.1,3171,3
2014,5,13,5,16.1,93,0,0.0,3172,4
2014,5,13,6,16.0,94,0,0.0,3173,5
2014,5,13,7,20.0,78,76,0.0,3174,6
2014,5,13,8,20.5,76,157,0.0,3175,7
2014,5,13,9,21.6,73,234,1.5,3176,8
2014,5,13,10,23.8,64,265,2.6,3177,9
2014,5,13,11,25.0,60,342,2.6,3178,10
2014,5,13,12,26.1,54,435,3.1,3179,11
2014,5,13,13,27.7,63,466,2.6,3180,12
2014,5,13,14,28.8,46,593,0.0,3181,13
2014,5,13,15,30.0,43,625,3.1,3182,14
2014,5,13,16,30.0,43,495,3.6,3183,15
2014,5,13,17,28.8,48,414,4.6,3184,16
2014,5,13,18,28.3,49,290,4.6,3185,17
2014,5,13,19,26.1,54,121,3.6,3186,18
2014,5,13,20,26.0,54,25,4.6,3187,19
2014,5,13,21,21.6,73,1,6.2,3188,20
2014,5,13,22,18.8,87,0,1.5,3189,21
2014,5,13,23,19.0,78,0,2.1,3190,22
2014,5,13,24,18.0,77,0,4.6,3191,23
2014,5,14,1,17.0,72,0,4.1,3192,0
2014,5,14,2,16.1,64,0,5.1,3193,1
2014,5,14,3,16.0,59,0,7.2,3194,2
2014,5,14,4,15.0,63,0,6.2,3195,3
2014,5,14,5,13.3,72,0,3.6,3196,4
2014,5,14,6,13.0,72,0,4.6,3197,5
2014,5,14,7,13.8,72,102,5.7,3198,6
2014,5,14,8,15.0,72,209,5.1,3199,7
2014,5,14,9,18.3,63,315,4.1,3200,8
2014,5,14,10,21.1,59,424,6.2,3201,9
2014,5,14,11,22.2,57,593,3.1,3202,10
2014,5,14,12,24.4,56,640,6.2,3203,11
2014,5,14,13,26.6,49,585,3.1,3204,12
2014,5,14,14,27.7,47,596,5.7,3205,13
2014,5,14,15,28.3,46,612,5.7,3206,14
2014,5,14,16,27.7,49,568,6.2,3207,15
2014,5,14,17,27.2,51,444,8.2,3208,16
2014,5,14,18,25.5,52,298,5.7,3209,17
2014,5,14,19,24.4,58,143,5.7,3210,18
2014,5,14,20,22.2,66,36,4.6,3211,19
2014,5,14,21,20.5,73,1,7.7,3212,20
2014,5,14,22,21.0,73,0,8.8,3213,21
2014,5,14,23,19.4,78,0,7.2,3214,22
2014,5,14,24,19.4,78,0,6.7,3215,23
2014,5,15,1,19.4,81,0,5.7,3216,0
2014,5,15,2,19.0,83,0,4.6,3217,1
2014,5,15,3,18.8,84,0,6.2,3218,2
2014,5,15,4,19.0,83,0,5.1,3219,3
2014,5,15,5,19.4,81,0,6.7,3220,4
2014,5,15,6,19.0,88,0,6.7,3221,5
2014,5,15,7,19.4,84,59,7.2,3222,6
2014,5,15,8,21.1,78,139,7.2,3223,7
2014,5,15,9,22.2,73,261,6.2,3224,8
2014,5,15,10,24.4,64,504,8.2,3225,9
2014,5,15,11,25.0,54,754,9.3,3226,10
2014,5,15,12,26.1,45,847,8.2,3227,11
2014,5,15,13,25.0,48,816,10.8,3228,12
2014,5,15,14,25.0,52,716,9.3,3229,13
2014,5,15,15,24.4,58,599,9.8,3230,14
2014,5,15,16,24.4,60,527,9.3,3231,15
2014,5,15,17,24.4,60,456,7.7,3232,16
2014,5,15,18,23.8,62,296,10.8,3233,17
2014,5,15,19,23.3,66,124,6.7,3234,18
2014,5,15,20,22.2,68,27,7.2,3235,19
2014,5,15,21,18.3,61,1,4.1,3236,20
2014,5,15,22,18.3,68,0,4.1,3237,21
2014,5,15,23,18.3,90,0,4.6,3238,22
2014,5,15,24,18.3,93,0,4.6,3239,23
2014,5,16,1,19.4,84,0,4.6,3240,0
2014,5,16,2,19.4,81,0,5.7,3241,1
2014,5,16,3,19.4,78,0,3.6,3242,2
2014,5,16,4,18.7,94,0,7.2,3243,3
2014,5,16,5,17.5,94,0,3.6,3244,4
2014,5,16,6,15.6,94,0,6.7,3245,5
2014,5,16,7,14.7,96,14,4.6,3246,6
2014,5,16,8,13.9,97,25,5.1,3247,7
2014,5,16,9,13.3,100,48,3.6,3248,8
2014,5,16,10,9.0,100,82,3.6,3249,9
2014,5,16,11,10.0,96,71,4.6,3250,10
2014,5,16,12,10.0,96,68,4.6,3251,11
2014,5,16,13,10.0,96,124,4.6,3252,12
2014,5,16,14,11.6,86,132,4.1,3253,13
2014,5,16,15,11.1,89,95,3.6,3254,14
2014,5,16,16,11.6,86,88,3.6,3255,15
2014,5,16,17,10.5,86,87,4.6,3256,16
2014,5,16,18,9.4,93,68,4.6,3257,17
2014,5,16,19,9.0,93,40,4.1,3258,18
2014,5,16,20,8.3,96,13,2.1,3259,19
2014,5,16,21,8.3,93,0,1.5,3260,20
2014,5,16,22,8.0,93,0,1.5,3261,21
2014,5,16,23,8.0,93,0,2.1,3262,22
2014,5,16,24,7.2,93,0,2.1,3263,23
2014,5,17,1,6.6,93,0,1.5,3264,0
2014,5,17,2,6.1,93,0,0.0,3265,1
2014,5,17,3,6.1,93,0,1.5,3266,2
2014,5,17,4,6.1,93,0,1.5,3267,3
2014,5,17,5,5.5,86,0,3.1,3268,4
2014,5,17,6,6.0,87,34,3.1,3269,5
2014,5,17,7,6.6,73,140,2.1,3270,6
2014,5,17,8,7.2,70,305,2.1,3271,7
2014,5,17,9,8.8,61,464,2.1,3272,8
2014,5,17,10,10.0,60,530,4.1,3273,9
2014,5,17,11,11.1,56,569,2.1,3274,10
2014,5,17,12,10.5,58,576,4.1,3275,11
2014,5,17,13,12.7,55,560,3.1,3276,12
2014,5,17,14,12.2,52,553,4.1,3277,13
2014,5,17,15,12.7,53,576,4.6,3278,14
2014,5,17,16,12.7,55,597,2.6,3279,15
2014,5,17,17,11.6,54,488,2.6,3280,16
2014,5,17,18,12.2,52,310,3.6,3281,17
2014,5,17,19,10.5,58,149,0.0,3282,18
2014,5,17,20,8.3,56,42,2.1,3283,19
2014,5,17,21,8.8,68,2,1.5,3284,20
2014,5,17,22,6.6,64,0,0.0,3285,21
2014,5,17,23,6.6,90,0,0.0,3286,22
2014,5,17,24,6.6,93,0,0.0,3287,23
2014,5,18,1,5.0,92,0,0.0,3288,0
2014,5,18,2,5.5,93,0,0.0,3289,1
2014,5,18,3,5.5,93,0,1.5,3290,2
2014,5,18,4,5.5,97,0,0.0,3291,3
2014,5,18,5,4.6,89,0,2.1,3292,4
2014,5,18,6,7.0,87,31,2.6,3293,5
2014,5,18,7,6.6,93,125,2.6,3294,6
2014,5,18,8,7.2,89,274,0.0,3295,7
2014,5,18,9,8.3,86,445,0.0,3296,8
2014,5,18,10,9.0,81,608,1.5,3297,9
2014,5,18,11,11.0,66,698,2.1,3298,10
2014,5,18,12,12.2,56,800,3.1,3299,11
2014,5,18,13,13.8,49,895,3.1,3300,12
2014,5,18,14,15.0,42,861,4.6,3301,13
2014,5,18,15,14.4,39,761,5.7,3302,14
2014,5,18,16,14.4,34,652,5.7,3303,15
2014,5,18,17,14.4,36,535,5.1,3304,16
2014,5,18,18,13.3,40,376,4.1,3305,17
2014,5,18,19,11.1,36,191,1.5,3306,18
2014,5,18,20,11.6,42,52,2.1,3307,19
2014,5,18,21,7.7,49,2,2.1,3308,20
2014,5,18,22,8.7,50,0,0.0,3309,21
2014,5,18,23,7.1,57,0,1.5,3310,22
2014,5,18,24,7.1,55,0,0.0,3311,23
2014,5,19,1,4.8,67,0,0.0,3312,0
2014,5,19,2,4.4,72,0,0.0,3313,1
2014,5,19,3,3.8,74,0,2.1,3314,2
2014,5,19,4,3.4,76,0,1.5,3315,3
2014,5,19,5,3.1,76,0,2.1,3316,4
2014,5,19,6,3.6,76,45,2.1,3317,5
2014,5,19,7,5.8,66,177,0.0,3318,6
2014,5,19,8,8.9,71,364,1.5,3319,7
2014,5,19,9,11.1,47,553,3.6,3320,8
2014,5,19,10,15.5,48,719,4.6,3321,9
2014,5,19,11,17.7,41,811,6.2,3322,10
2014,5,19,12,18.3,38,854,6.2,3323,11
2014,5,19,13,17.2,41,862,5.7,3324,12
2014,5,19,14,18.3,41,854,6.2,3325,13
2014,5,19,15,18.3,41,804,4.6,3326,14
2014,5,19,16,18.8,42,686,5.1,3327,15
2014,5,19,17,17.7,30,533,6.7,3328,16
2014,5,19,18,16.1,42,350,3.1,3329,17
2014,5,19,19,13.3,38,182,0.0,3330,18
2014,5,19,20,15.1,43,53,1.5,3331,19
2014,5,19,21,11.6,46,2,6.7,3332,20
2014,5,19,22,11.9,54,0,0.0,3333,21
2014,5,19,23,8.3,65,0,0.0,3334,22
2014,5,19,24,9.7,68,0,0.0,3335,23
2014,5,20,1,8.5,71,0,1.5,3336,0
2014,5,20,2,6.1,72,0,2.1,3337,1
2014,5,20,3,6.1,73,0,2.6,3338,2
2014,5,20,4,6.1,75,0,2.1,3339,3
2014,5,20,5,5.5,76,0,2.1,3340,4
2014,5,20,6,6.0,61,45,2.6,3341,5
2014,5,20,7,10.0,62,170,0.0,3342,6
2014,5,20,8,11.4,55,353,0.0,3343,7
2014,5,20,9,16.6,50,549,1.5,3344,8
2014,5,20,10,18.3,48,721,2.1,3345,9
2014,5,20,11,20.0,39,852,2.1,3346,10
2014,5,20,12,20.5,39,937,3.1,3347,11
2014,5,20,13,20.5,35,956,3.6,3348,12
2014,5,20,14,21.1,29,896,3.1,3349,13
2014,5,20,15,21.1,31,764,3.6,3350,14
2014,5,20,16,20.5,33,545,2.1,3351,15
2014,5,20,17,19.4,36,277,0.0,3352,16
2014,5,20,18,17.2,54,101,0.0,3353,17
2014,5,20,19,16.1,67,40,0.0,3354,18
2014,5,20,20,14.4,77,13,1.5,3355,19
2014,5,20,21,14.4,75,1,0.0,3356,20
2014,5,20,22,15.0,69,0,2.1,3357,21
2014,5,20,23,13.3,83,0,0.0,3358,22
2014,5,20,24,13.3,74,0,0.0,3359,23
2014,5,21,1,12.7,86,0,0.0,3360,0
2014,5,21,2,12.7,80,0,1.5,3361,1
2014,5,21,3,12.7,84,0,0.0,3362,2
2014,5,21,4,12.7,84,0,1.5,3363,3
2014,5,21,5,13.3,80,0,0.0,3364,4
2014,5,21,6,14.0,72,0,2.6,3365,5
2014,5,21,7,15.5,70,46,3.1,3366,6
2014,5,21,8,17.2,63,172,5.7,3367,7
2014,5,21,9,18.3,56,357,7.7,3368,8
2014,5,21,10,18.3,60,497,5.7,3369,9
2014,5,21,11,19.4,61,649,4.1,3370,10
2014,5,21,12,17.7,67,618,3.1,3371,11
2014,5,21,13,16.1,83,455,3.6,3372,12
2014,5,21,14,16.6,84,325,3.6,3373,13
2014,5,21,15,17.2,80,370,2.6,3374,14
2014,5,21,16,18.3,78,395,4.1,3375,15
2014,5,21,17,18.0,77,237,3.1,3376,16
2014,5,21,18,18.3,81,175,3.1,3377,17
2014,5,21,19,17.2,87,99,1.5,3378,18
2014,5,21,20,17.0,88,23,2.6,3379,19
2014,5,21,21,15.5,97,1,2.6,3380,20
2014,5,21,22,15.5,97,0,2.6,3381,21
2014,5,21,23,16.0,88,0,1.5,3382,22
2014,5,21,24,15.0,93,0,1.5,3383,23
2014,5,22,1,14.4,96,0,2.1,3384,0
2014,5,22,2,13.8,97,0,1.5,3385,1
2014,5,22,3,13.3,96,0,1.5,3386,2
2014,5,22,4,13.0,100,0,2.1,3387,3
2014,5,22,5,13.0,100,0,2.1,3388,4
2014,5,22,6,14.0,100,14,0.0,3389,5
2014,5,22,7,15.0,94,49,2.1,3390,6
2014,5,22,8,16.1,96,99,1.5,3391,7
2014,5,22,9,17.0,94,189,1.5,3392,8
2014,5,22,10,20.0,78,250,3.1,3393,9
2014,5,22,11,22.7,82,309,2.6,3394,10
2014,5,22,12,23.3,84,444,2.1,3395,11
2014,5,22,13,21.1,61,549,0.0,3396,12
2014,5,22,14,23.3,78,663,4.1,3397,13
2014,5,22,15,23.3,60,682,6.2,3398,14
2014,5,22,16,21.1,66,540,5.7,3399,15
2014,5,22,17,20.5,68,418,3.6,3400,16
2014,5,22,18,19.4,68,302,3.6,3401,17
2014,5,22,19,17.7,73,154,3.6,3402,18
2014,5,22,20,15.5,87,41,4.1,3403,19
2014,5,22,21,15.0,80,2,4.6,3404,20
2014,5,22,22,14.0,88,0,5.1,3405,21
2014,5,22,23,12.2,83,0,2.6,3406,22
2014,5,22,24,12.7,77,0,2.6,3407,23
2014,5,23,1,12.3,80,0,2.4,3408,0
2014,5,23,2,12.0,83,0,2.3,3409,1
2014,5,23,3,11.6,86,0,2.1,3410,2
2014,5,23,4,11.1,89,0,1.5,3411,3
2014,5,23,5,11.0,87,0,0.0,3412,4
2014,5,23,6,12.0,94,15,2.1,3413,5
2014,5,23,7,12.2,89,53,2.1,3414,6
2014,5,23,8,12.7,86,122,0.0,3415,7
2014,5,23,9,13.0,88,196,2.1,3416,8
2014,5,23,10,13.3,83,246,0.0,3417,9
2014,5,23,11,13.8,80,299,2.1,3418,10
2014,5,23,12,12.7,90,354,3.1,3419,11
2014,5,23,13,12.2,86,347,4.6,3420,12
2014,5,23,14,12.2,89,380,4.6,3421,13
2014,5,23,15,11.6,93,374,4.6,3422,14
2014,5,23,16,11.1,93,332,5.7,3423,15
2014,5,23,17,11.1,89,271,5.1,3424,16
2014,5,23,18,11.1,89,142,2.6,3425,17
2014,5,23,19,10.5,97,65,3.1,3426,18
2014,5,23,20,11.0,94,17,3.6,3427,19
2014,5,23,21,11.1,96,1,2.6,3428,20
2014,5,23,22,11.0,100,0,2.6,3429,21
2014,5,23,23,11.6,93,0,2.1,3430,22
2014,5,23,24,12.0,94,0,2.6,3431,23
2014,5,24,1,11.0,100,0,2.1,3432,0
2014,5,24,2,11.6,93,0,3.6,3433,1
2014,5,24,3,12.0,94,0,3.6,3434,2
2014,5,24,4,11.6,93,0,3.6,3435,3
2014,5,24,5,11.6,93,0,3.6,3436,4
2014,5,24,6,11.6,93,10,3.6,3437,5
2014,5,24,7,12.0,94,39,3.1,3438,6
2014,5,24,8,11.6,93,95,3.6,3439,7
2014,5,24,9,12.0,94,186,4.1,3440,8
2014,5,24,10,13.3,87,316,4.1,3441,9
2014,5,24,11,15.0,80,477,4.6,3442,10
2014,5,24,12,16.6,72,703,2.1,3443,11
2014,5,24,13,17.7,70,821,3.6,3444,12
2014,5,24,14,18.8,65,748,1.5,3445,13
2014,5,24,15,20.0,61,707,3.1,3446,14
2014,5,24,16,20.0,54,663,5.7,3447,15
2014,5,24,17,20.5,53,528,4.1,3448,16
2014,5,24,18,20.0,48,360,3.1,3449,17
2014,5,24,19,17.7,54,185,2.1,3450,18
2014,5,24,20,13.8,61,53,0.0,3451,19
2014,5,24,21,12.7,66,3,1.5,3452,20
2014,5,24,22,11.1,66,0,2.1,3453,21
2014,5,24,23,12.7,97,0,0.0,3454,22
2014,5,24,24,12.2,100,0,0.0,3455,23
2014,5,25,1,11.8,100,0,1.5,3456,0
2014,5,25,2,11.7,77,0,1.5,3457,1
2014,5,25,3,10.9,76,0,1.5,3458,2
2014,5,25,4,10.1,78,0,1.5,3459,3
2014,5,25,5,9.3,79,0,1.5,3460,4
2014,5,25,6,8.8,68,51,1.5,3461,5
2014,5,25,7,13.3,80,186,0.0,3462,6
2014,5,25,8,12.8,54,371,3.1,3463,7
2014,5,25,9,18.8,65,557,4.1,3464,8
2014,5,25,10,20.5,42,721,3.1,3465,9
2014,5,25,11,21.6,39,850,3.1,3466,10
2014,5,25,12,23.3,35,929,5.7,3467,11
2014,5,25,13,23.8,36,947,4.6,3468,12
2014,5,25,14,24.4,36,916,4.6,3469,13
2014,5,25,15,24.4,32,823,3.6,3470,14
2014,5,25,16,23.8,37,659,5.7,3471,15
2014,5,25,17,23.8,28,497,3.1,3472,16
2014,5,25,18,22.7,41,352,2.6,3473,17
2014,5,25,19,20.5,45,185,2.1,3474,18
2014,5,25,20,21.7,48,50,0.0,3475,19
2014,5,25,21,19.4,49,3,0.0,3476,20
2014,5,25,22,13.8,49,0,0.0,3477,21
2014,5,25,23,12.7,57,0,0.0,3478,22
2014,5,25,24,13.8,55,0,0.0,3479,23
2014,5,26,1,13.8,60,0,0.0,3480,0
2014,5,26,2,13.8,63,0,0.0,3481,1
2014,5,26,3,14.4,65,0,0.0,3482,2
2014,5,26,4,15.0,66,0,0.0,3483,3
2014,5,26,5,12.7,84,0,0.0,3484,4
2014,5,26,6,12.0,57,45,0.0,3485,5
2014,5,26,7,14.8,48,162,0.0,3486,6
2014,5,26,8,16.7,61,345,2.6,3487,7
2014,5,26,9,23.3,43,543,4.1,3488,8
2014,5,26,10,25.0,40,706,6.2,3489,9
2014,5,26,11,25.5,42,831,5.1,3490,10
2014,5,26,12,26.6,38,904,6.7,3491,11
2014,5,26,13,27.2,38,912,7.2,3492,12
2014,5,26,14,27.2,39,867,5.1,3493,13
2014,5,26,15,27.7,36,767,7.7,3494,14
2014,5,26,16,27.2,37,640,5.1,3495,15
2014,5,26,17,26.6,41,509,5.1,3496,16
2014,5,26,18,25.0,40,354,5.7,3497,17
2014,5,26,19,23.3,48,188,3.6,3498,18
2014,5,26,20,20.0,53,58,3.6,3499,19
2014,5,26,21,20.0,48,4,3.6,3500,20
2014,5,26,22,18.3,54,0,2.6,3501,21
2014,5,26,23,19.4,50,0,3.1,3502,22
2014,5,26,24,19.4,49,0,2.1,3503,23
2014,5,27,1,18.8,54,0,0.0,3504,0
2014,5,27,2,18.3,63,0,0.0,3505,1
2014,5,27,3,16.6,56,0,0.0,3506,2
2014,5,27,4,16.1,56,0,0.0,3507,3
2014,5,27,5,15.0,64,0,0.0,3508,4
2014,5,27,6,16.0,61,31,1.5,3509,5
2014,5,27,7,21.1,59,110,1.5,3510,6
2014,5,27,8,23.8,52,226,2.6,3511,7
2014,5,27,9,24.4,54,378,2.6,3512,8
2014,5,27,10,25.5,52,568,3.1,3513,9
2014,5,27,11,26.1,54,745,3.1,3514,10
2014,5,27,12,27.2,54,815,4.1,3515,11
2014,5,27,13,28.3,51,793,5.7,3516,12
2014,5,27,14,28.3,51,765,6.7,3517,13
2014,5,27,15,26.6,54,696,4.1,3518,14
2014,5,27,16,25.5,64,531,3.6,3519,15
2014,5,27,17,22.7,76,373,5.1,3520,16
2014,5,27,18,22.2,81,257,3.1,3521,17
2014,5,27,19,21.1,84,140,0.0,3522,18
2014,5,27,20,21.1,84,44,0.0,3523,19
2014,5,27,21,20.5,87,3,0.0,3524,20
2014,5,27,22,19.4,93,0,0.0,3525,21
2014,5,27,23,21.0,88,0,2.6,3526,22
2014,5,27,24,21.0,83,0,1.5,3527,23
2014,5,28,1,19.0,94,0,1.5,3528,0
2014,5,28,2,18.3,100,0,0.0,3529,1
2014,5,28,3,18.8,97,0,3.6,3530,2
2014,5,28,4,19.0,94,0,4.6,3531,3
2014,5,28,5,17.0,94,0,3.1,3532,4
2014,5,28,6,15.0,100,18,4.1,3533,5
2014,5,28,7,13.0,100,63,5.1,3534,6
2014,5,28,8,12.0,100,127,5.1,3535,7
2014,5,28,9,11.6,100,248,4.1,3536,8
2014,5,28,10,12.0,100,452,4.6,3537,9
2014,5,28,11,17.1,70,690,5.1,3538,10
2014,5,28,12,18.2,64,840,5.1,3539,11
2014,5,28,13,18.9,60,855,5.7,3540,12
2014,5,28,14,18.9,61,781,4.1,3541,13
2014,5,28,15,14.4,77,657,4.6,3542,14
2014,5,28,16,18.9,61,572,5.1,3543,15
2014,5,28,17,18.4,58,490,2.1,3544,16
2014,5,28,18,13.3,83,336,3.1,3545,17
2014,5,28,19,12.2,68,167,3.6,3546,18
2014,5,28,20,12.2,89,47,2.6,3547,19
2014,5,28,21,12.2,89,3,1.5,3548,20
2014,5,28,22,12.2,93,0,0.0,3549,21
2014,5,28,23,12.0,94,0,0.0,3550,22
2014,5,28,24,12.0,94,0,0.0,3551,23
2014,5,29,1,12.2,96,0,0.0,3552,0
2014,5,29,2,13.0,94,0,2.1,3553,1
2014,5,29,3,12.2,89,0,1.5,3554,2
2014,5,29,4,12.2,86,0,3.6,3555,3
2014,5,29,5,11.6,86,0,3.6,3556,4
2014,5,29,6,12.0,82,14,3.1,3557,5
2014,5,29,7,11.6,77,45,4.1,3558,6
2014,5,29,8,12.2,77,89,4.1,3559,7
2014,5,29,9,12.0,76,140,3.1,3560,8
2014,5,29,10,14.0,72,178,3.1,3561,9
2014,5,29,11,16.1,67,239,3.6,3562,10
2014,5,29,12,16.1,69,288,3.6,3563,11
2014,5,29,13,16.1,69,318,3.1,3564,12
2014,5,29,14,15.5,72,286,3.1,3565,13
2014,5,29,15,16.1,72,240,4.1,3566,14
2014,5,29,16,16.1,72,204,3.6,3567,15
2014,5,29,17,15.5,72,134,3.1,3568,16
2014,5,29,18,15.0,77,87,3.6,3569,17
2014,5,29,19,14.4,81,42,2.1,3570,18
2014,5,29,20,13.0,88,13,2.1,3571,19
2014,5,29,21,14.9,75,1,0.0,3572,20
2014,5,29,22,14.1,76,0,0.0,3573,21
2014,5,29,23,13.1,93,0,0.0,3574,22
2014,5,29,24,12.6,100,0,1.5,3575,23
2014,5,30,1,12.2,96,0,1.5,3576,0
2014,5,30,2,11.8,100,0,1.5,3577,1
2014,5,30,3,11.8,100,0,2.1,3578,2
2014,5,30,4,11.1,100,0,1.5,3579,3
2014,5,30,5,11.0,100,0,2.1,3580,4
2014,5,30,6,11.2,100,42,0.0,3581,5
2014,5,30,7,11.1,100,167,0.0,3582,6
2014,5,30,8,13.8,87,353,2.6,3583,7
2014,5,30,9,16.1,75,542,3.1,3584,8
2014,5,30,10,18.3,65,694,3.6,3585,9
2014,5,30,11,20.0,58,760,3.1,3586,10
2014,5,30,12,21.6,57,754,2.6,3587,11
2014,5,30,13,22.2,53,750,4.6,3588,12
2014,5,30,14,21.6,49,741,5.7,3589,13
2014,5,30,15,20.5,51,701,5.7,3590,14
2014,5,30,16,20.5,49,632,6.2,3591,15
2014,5,30,17,20.0,48,516,5.7,3592,16
2014,5,30,18,18.3,54,346,3.6,3593,17
2014,5,30,19,18.3,52,167,3.1,3594,18
2014,5,30,20,16.1,62,46,1.5,3595,19
2014,5,30,21,12.7,58,4,0.0,3596,20
2014,5,30,22,13.3,77,0,2.1,3597,21
2014,5,30,23,10.5,93,0,0.0,3598,22
2014,5,30,24,12.0,100,0,0.0,3599,23
2014,5,31,1,11.1,100,0,0.0,3600,0
2014,5,31,2,10.6,100,0,1.5,3601,1
2014,5,31,3,10.1,100,0,0.0,3602,2
2014,5,31,4,9.3,100,0,0.0,3603,3
2014,5,31,5,8.4,93,0,0.0,3604,4
2014,5,31,6,7.0,67,56,0.0,3605,5
2014,5,31,7,9.0,68,195,0.0,3606,6
2014,5,31,8,14.4,77,380,1.5,3607,7
2014,5,31,9,16.6,65,567,4.6,3608,8
2014,5,31,10,19.4,54,733,5.1,3609,9
2014,5,31,11,19.4,37,861,4.1,3610,10
2014,5,31,12,20.0,34,937,3.6,3611,11
2014,5,31,13,20.5,35,935,4.1,3612,12
2014,5,31,14,21.1,35,906,2.6,3613,13
2014,5,31,15,21.1,33,831,3.1,3614,14
2014,5,31,16,21.1,32,679,2.6,3615,15
2014,5,31,17,21.1,38,535,1.5,3616,16
2014,5,31,18,18.3,39,380,4.1,3617,17
2014,5,31,19,16.2,49,203,0.5,3618,18
2014,5,31,20,14.9,57,64,0.4,3619,19
2014,5,31,21,12.4,64,5,1.0,3620,20
2014,5,31,22,11.6,72,0,1.7,3621,21
2014,5,31,23,10.9,80,0,2.2,3622,22
2014,5,31,24,10.4,86,0,2.2,3623,23
2017,6,1,1,11.3,86,0,1.5,3624,0
2017,6,1,2,10.4,90,0,1.4,3625,1
2017,6,1,3,10.6,88,0,0.9,3626,2
2017,6,1,4,11.7,83,0,0.9,3627,3
2017,6,1,5,12.5,81,0,1.3,3628,4
2017,6,1,6,14.4,73,37,1.5,3629,5
2017,6,1,7,13.9,77,118,1.5,3630,6
2017,6,1,8,15.0,72,230,1.5,3631,7
2017,6,1,9,16.7,62,401,3.1,3632,8
2017,6,1,10,16.7,62,549,4.6,3633,9
2017,6,1,11,18.3,56,553,2.6,3634,10
2017,6,1,12,19.4,51,588,6.2,3635,11
2017,6,1,13,18.3,50,667,6.7,3636,12
2017,6,1,14,18.9,50,709,6.7,3637,13
2017,6,1,15,19.4,47,719,7.7,3638,14
2017,6,1,16,18.9,50,624,4.1,3639,15
2017,6,1,17,17.8,52,494,4.6,3640,16
2017,6,1,18,16.1,54,360,4.6,3641,17
2017,6,1,19,13.9,57,190,4.1,3642,18
2017,6,1,20,16.0,50,53,1.5,3643,19
2017,6,1,21,14.8,51,5,2.6,3644,20
2017,6,1,22,13.2,61,0,1.5,3645,21
2017,6,1,23,12.0,65,0,2.1,3646,22
2017,6,1,24,11.2,66,0,2.1,3647,23
2017,6,2,1,10.2,73,0,2.6,3648,0
2017,6,2,2,9.1,74,0,0.0,3649,1
2017,6,2,3,8.9,74,0,1.5,3650,2
2017,6,2,4,8.2,96,0,1.5,3651,3
2017,6,2,5,5.6,96,0,1.5,3652,4
2017,6,2,6,8.8,71,55,2.1,3653,5
2017,6,2,7,9.6,71,192,0.0,3654,6
2017,6,2,8,14.4,60,374,3.6,3655,7
2017,6,2,9,14.4,62,522,4.1,3656,8
2017,6,2,10,15.0,58,566,4.6,3657,9
2017,6,2,11,14.4,47,572,5.1,3658,10
2017,6,2,12,15.0,51,717,6.7,3659,11
2017,6,2,13,15.0,51,796,4.1,3660,12
2017,6,2,14,17.2,46,734,7.7,3661,13
2017,6,2,15,17.2,43,658,7.7,3662,14
2017,6,2,16,17.2,41,558,7.2,3663,15
2017,6,2,17,16.7,44,466,3.6,3664,16
2017,6,2,18,16.1,44,350,4.1,3665,17
2017,6,2,19,14.4,53,210,2.6,3666,18
2017,6,2,20,15.2,51,69,1.5,3667,19
2017,6,2,21,14.7,48,6,0.0,3668,20
2017,6,2,22,13.0,61,0,0.0,3669,21
2017,6,2,23,10.8,70,0,0.0,3670,22
2017,6,2,24,10.4,69,0,0.0,3671,23
2017,6,3,1,9.1,74,0,0.0,3672,0
2017,6,3,2,9.0,72,0,1.5,3673,1
2017,6,3,3,9.0,71,0,1.5,3674,2
2017,6,3,4,6.7,93,0,0.0,3675,3
2017,6,3,5,7.2,93,0,0.0,3676,4
2017,6,3,6,7.0,74,47,0.0,3677,5
2017,6,3,7,10.6,77,159,4.6,3678,6
2017,6,3,8,12.8,69,320,4.1,3679,7
2017,6,3,9,13.9,67,509,4.6,3680,8
2017,6,3,10,15.6,57,681,5.1,3681,9
2017,6,3,11,16.7,56,762,6.2,3682,10
2017,6,3,12,17.8,48,774,7.2,3683,11
2017,6,3,13,17.8,46,848,6.2,3684,12
2017,6,3,14,18.3,43,904,5.7,3685,13
2017,6,3,15,18.9,42,860,5.7,3686,14
2017,6,3,16,18.9,40,756,5.1,3687,15
2017,6,3,17,18.9,40,594,4.6,3688,16
2017,6,3,18,17.8,43,408,3.6,3689,17
2017,6,3,19,16.1,42,221,2.6,3690,18
2017,6,3,20,16.7,47,71,1.5,3691,19
2017,6,3,21,14.4,54,6,1.5,3692,20
2017,6,3,22,12.8,58,0,2.1,3693,21
2017,6,3,23,11.3,58,0,1.5,3694,22
2017,6,3,24,9.9,62,0,2.1,3695,23
2017,6,4,1,9.4,64,0,2.6,3696,0
2017,6,4,2,9.4,65,0,3.1,3697,1
2017,6,4,3,6.7,82,0,3.1,3698,2
2017,6,4,4,8.1,86,0,3.1,3699,3
2017,6,4,5,5.6,89,0,3.1,3700,4
2017,6,4,6,7.0,81,45,2.6,3701,5
2017,6,4,7,10.0,74,94,3.1,3702,6
2017,6,4,8,10.6,86,100,1.5,3703,7
2017,6,4,9,11.1,86,97,2.1,3704,8
2017,6,4,10,10.6,73,108,2.1,3705,9
2017,6,4,11,10.6,92,137,2.6,3706,10
2017,6,4,12,11.1,89,153,4.6,3707,11
2017,6,4,13,11.7,89,123,5.7,3708,12
2017,6,4,14,13.3,90,129,4.6,3709,13
2017,6,4,15,11.4,83,269,3.1,3710,14
2017,6,4,16,13.8,80,361,4.1,3711,15
2017,6,4,17,18.3,81,317,3.6,3712,16
2017,6,4,18,19.4,79,213,2.1,3713,17
2017,6,4,19,17.8,87,98,2.1,3714,18
2017,6,4,20,17.2,87,33,3.6,3715,19
2017,6,4,21,17.2,87,2,3.1,3716,20
2017,6,4,22,16.7,90,0,3.6,3717,21
2017,6,4,23,16.7,90,0,3.1,3718,22
2017,6,4,24,16.7,90,0,3.1,3719,23
2017,6,5,1,16.7,90,0,3.1,3720,0
2017,6,5,2,15.0,96,0,0.0,3721,1
2017,6,5,3,15.0,94,0,1.5,3722,2
2017,6,5,4,15.6,96,0,0.0,3723,3
2017,6,5,5,15.0,94,0,0.0,3724,4
2017,6,5,6,16.0,94,17,0.0,3725,5
2017,6,5,7,17.8,90,63,1.5,3726,6
2017,6,5,8,18.3,87,111,0.0,3727,7
2017,6,5,9,17.8,90,169,1.5,3728,8
2017,6,5,10,20.6,81,236,3.1,3729,9
2017,6,5,11,21.7,76,293,3.1,3730,10
2017,6,5,12,21.7,73,304,3.6,3731,11
2017,6,5,13,19.1,90,403,1.5,3732,12
2017,6,5,14,23.0,65,504,2.5,3733,13
2017,6,5,15,21.0,78,441,3.6,3734,14
2017,6,5,16,19.0,94,354,3.6,3735,15
2017,6,5,17,19.0,88,243,2.1,3736,16
2017,6,5,18,17.0,94,127,2.6,3737,17
2017,6,5,19,15.0,94,53,4.1,3738,18
2017,6,5,20,13.9,96,15,4.6,3739,19
2017,6,5,21,14.0,94,1,2.1,3740,20
2017,6,5,22,13.0,100,0,3.6,3741,21
2017,6,5,23,13.0,99,0,4.0,3742,22
2017,6,5,24,12.8,97,0,3.7,3743,23
2017,6,6,1,12.6,97,0,3.7,3744,0
2017,6,6,2,11.8,99,0,2.3,3745,1
2017,6,6,3,11.8,96,0,2.2,3746,2
2017,6,6,4,12.2,97,0,1.4,3747,3
2017,6,6,5,12.0,95,0,1.1,3748,4
2017,6,6,6,12.5,94,17,1.3,3749,5
2017,6,6,7,13.0,94,56,3.1,3750,6
2017,6,6,8,13.0,100,133,2.1,3751,7
2017,6,6,9,14.0,94,180,3.6,3752,8
2017,6,6,10,14.0,88,228,1.5,3753,9
2017,6,6,11,14.0,88,421,0.0,3754,10
2017,6,6,12,15.0,87,518,0.0,3755,11
2017,6,6,13,15.0,88,508,0.0,3756,12
2017,6,6,14,17.0,77,535,2.6,3757,13
2017,6,6,15,17.0,72,497,2.6,3758,14
2017,6,6,16,13.3,97,383,5.1,3759,15
2017,6,6,17,12.2,97,299,6.2,3760,16
2017,6,6,18,12.0,94,224,5.1,3761,17
2017,6,6,19,11.1,93,108,3.1,3762,18
2017,6,6,20,11.0,94,34,4.6,3763,19
2017,6,6,21,10.6,96,2,4.1,3764,20
2017,6,6,22,10.0,93,0,2.6,3765,21
2017,6,6,23,10.0,93,0,4.1,3766,22
2017,6,6,24,9.4,93,0,3.6,3767,23
2017,6,7,1,9.0,93,0,3.6,3768,0
2017,6,7,2,9.0,93,0,4.1,3769,1
2017,6,7,3,8.9,93,0,2.6,3770,2
2017,6,7,4,9.0,93,0,2.6,3771,3
2017,6,7,5,9.0,93,0,2.1,3772,4
2017,6,7,6,9.0,93,12,2.6,3773,5
2017,6,7,7,10.6,83,56,2.1,3774,6
2017,6,7,8,12.2,77,140,2.1,3775,7
2017,6,7,9,10.6,69,331,0.0,3776,8
2017,6,7,10,15.6,62,525,3.6,3777,9
2017,6,7,11,15.0,72,568,5.7,3778,10
2017,6,7,12,16.0,72,485,5.7,3779,11
2017,6,7,13,16.7,65,437,3.1,3780,12
2017,6,7,14,18.9,50,541,0.0,3781,13
2017,6,7,15,18.9,48,589,3.1,3782,14
2017,6,7,16,19.4,52,484,4.1,3783,15
2017,6,7,17,18.9,56,378,4.6,3784,16
2017,6,7,18,17.8,63,320,4.1,3785,17
2017,6,7,19,16.7,67,214,3.1,3786,18
2017,6,7,20,15.0,69,74,3.1,3787,19
2017,6,7,21,12.2,83,7,0.0,3788,20
2017,6,7,22,10.6,96,0,1.5,3789,21
2017,6,7,23,9.4,97,0,0.0,3790,22
2017,6,7,24,11.9,96,0,0.0,3791,23
2017,6,8,1,8.9,96,0,2.1,3792,0
2017,6,8,2,8.9,96,0,2.6,3793,1
2017,6,8,3,8.9,96,0,2.1,3794,2
2017,6,8,4,8.3,97,0,2.1,3795,3
2017,6,8,5,7.2,97,0,0.0,3796,4
2017,6,8,6,9.0,69,58,1.5,3797,5
2017,6,8,7,12.8,80,197,0.0,3798,6
2017,6,8,8,12.5,64,378,0.0,3799,7
2017,6,8,9,14.2,63,561,1.5,3800,8
2017,6,8,10,18.9,65,725,3.1,3801,9
2017,6,8,11,21.1,59,851,4.1,3802,10
2017,6,8,12,21.7,59,864,3.6,3803,11
2017,6,8,13,21.1,43,838,4.6,3804,12
2017,6,8,14,22.8,42,738,4.6,3805,13
2017,6,8,15,23.0,50,591,3.1,3806,14
2017,6,8,16,22.8,50,466,2.6,3807,15
2017,6,8,17,22.8,50,380,2.1,3808,16
2017,6,8,18,21.7,53,312,1.5,3809,17
2017,6,8,19,20.6,59,183,2.1,3810,18
2017,6,8,20,17.2,70,68,0.0,3811,19
2017,6,8,21,18.9,66,6,0.0,3812,20
2017,6,8,22,13.9,87,0,2.1,3813,21
2017,6,8,23,12.2,90,0,0.0,3814,22
2017,6,8,24,11.1,97,0,1.5,3815,23
2017,6,9,1,10.0,96,0,0.0,3816,0
2017,6,9,2,10.0,96,0,0.0,3817,1
2017,6,9,3,9.4,100,0,0.0,3818,2
2017,6,9,4,8.9,96,0,0.0,3819,3
2017,6,9,5,9.4,100,0,2.1,3820,4
2017,6,9,6,10.0,93,44,1.5,3821,5
2017,6,9,7,13.9,87,156,1.5,3822,6
2017,6,9,8,15.6,78,332,1.5,3823,7
2017,6,9,9,17.8,58,530,3.6,3824,8
2017,6,9,10,20.0,55,709,4.6,3825,9
2017,6,9,11,21.7,51,787,5.7,3826,10
2017,6,9,12,22.2,46,765,4.1,3827,11
2017,6,9,13,23.9,41,730,5.7,3828,12
2017,6,9,14,23.9,40,728,5.7,3829,13
2017,6,9,15,24.4,37,724,6.7,3830,14
2017,6,9,16,24.4,40,641,6.2,3831,15
2017,6,9,17,23.9,41,507,5.1,3832,16
2017,6,9,18,23.3,41,344,3.6,3833,17
2017,6,9,19,20.6,54,183,1.5,3834,18
2017,6,9,20,17.2,65,66,0.0,3835,19
2017,6,9,21,20.7,52,8,0.0,3836,20
2017,6,9,22,19.3,58,0,0.0,3837,21
2017,6,9,23,13.9,64,0,0.0,3838,22
2017,6,9,24,13.9,64,0,0.0,3839,23
2017,6,10,1,12.8,86,0,0.0,3840,0
2017,6,10,2,13.3,90,0,1.5,3841,1
2017,6,10,3,14.4,87,0,0.0,3842,2
2017,6,10,4,15.6,78,0,2.1,3843,3
2017,6,10,5,16.1,78,0,3.6,3844,4
2017,6,10,6,16.0,77,36,3.1,3845,5
2017,6,10,7,16.7,80,117,4.1,3846,6
2017,6,10,8,18.9,73,238,4.1,3847,7
2017,6,10,9,21.1,68,402,4.1,3848,8
2017,6,10,10,22.2,64,599,4.6,3849,9
2017,6,10,11,23.9,60,778,1.5,3850,10
2017,6,10,12,23.9,60,787,2.1,3851,11
2017,6,10,13,26.1,56,723,1.5,3852,12
2017,6,10,14,26.7,52,752,3.6,3853,13
2017,6,10,15,27.2,49,696,2.6,3854,14
2017,6,10,16,27.2,47,589,3.6,3855,15
2017,6,10,17,27.2,49,506,3.1,3856,16
2017,6,10,18,27.2,42,366,4.1,3857,17
2017,6,10,19,24.4,52,204,2.1,3858,18
2017,6,10,20,20.6,56,66,0.0,3859,19
2017,6,10,21,18.3,60,7,1.5,3860,20
2017,6,10,22,17.8,80,0,1.5,3861,21
2017,6,10,23,19.4,76,0,2.1,3862,22
2017,6,10,24,20.6,73,0,3.1,3863,23
2017,6,11,1,20.0,76,0,3.1,3864,0
2017,6,11,2,20.0,76,0,2.6,3865,1
2017,6,11,3,19.4,76,0,1.5,3866,2
2017,6,11,4,18.3,78,0,2.6,3867,3
2017,6,11,5,17.8,78,0,2.6,3868,4
2017,6,11,6,19.0,73,53,2.1,3869,5
2017,6,11,7,22.2,68,182,2.6,3870,6
2017,6,11,8,23.9,64,362,4.6,3871,7
2017,6,11,9,25.0,60,547,4.1,3872,8
2017,6,11,10,26.1,52,710,6.2,3873,9
2017,6,11,11,27.2,47,839,6.2,3874,10
2017,6,11,12,28.3,44,923,6.2,3875,11
2017,6,11,13,28.9,44,955,7.2,3876,12
2017,6,11,14,30.0,43,931,6.2,3877,13
2017,6,11,15,30.6,40,856,5.1,3878,14
2017,6,11,16,30.6,42,736,6.2,3879,15
2017,6,11,17,30.6,43,580,3.6,3880,16
2017,6,11,18,29.4,45,402,3.6,3881,17
2017,6,11,19,27.8,49,222,2.1,3882,18
2017,6,11,20,22.2,55,75,0.0,3883,19
2017,6,11,21,20.0,58,8,0.0,3884,20
2017,6,11,22,18.9,65,0,0.0,3885,21
2017,6,11,23,18.3,90,0,0.0,3886,22
2017,6,11,24,17.8,74,0,1.5,3887,23
2017,6,12,1,16.7,93,0,0.0,3888,0
2017,6,12,2,16.7,93,0,0.0,3889,1
2017,6,12,3,16.7,90,0,0.0,3890,2
2017,6,12,4,17.8,80,0,1.5,3891,3
2017,6,12,5,19.0,78,0,0.0,3892,4
2017,6,12,6,19.0,83,57,0.0,3893,5
2017,6,12,7,23.3,69,191,3.1,3894,6
2017,6,12,8,25.0,62,368,2.1,3895,7
2017,6,12,9,27.2,56,549,3.6,3896,8
2017,6,12,10,28.3,53,709,3.1,3897,9
2017,6,12,11,29.4,50,835,4.1,3898,10
2017,6,12,12,30.0,48,899,5.1,3899,11
2017,6,12,13,30.6,46,789,5.7,3900,12
2017,6,12,14,31.0,46,718,5.7,3901,13
2017,6,12,15,31.1,43,738,4.6,3902,14
2017,6,12,16,31.1,43,621,5.7,3903,15
2017,6,12,17,30.0,48,462,3.1,3904,16
2017,6,12,18,29.4,48,300,3.1,3905,17
2017,6,12,19,27.2,58,156,2.1,3906,18
2017,6,12,20,25.0,62,57,2.1,3907,19
2017,6,12,21,23.3,66,7,2.1,3908,20
2017,6,12,22,20.0,66,0,1.5,3909,21
2017,6,12,23,19.4,72,0,0.0,3910,22
2017,6,12,24,18.9,73,0,2.1,3911,23
2017,6,13,1,19.4,84,0,1.5,3912,0
2017,6,13,2,21.1,76,0,2.1,3913,1
2017,6,13,3,20.0,84,0,0.0,3914,2
2017,6,13,4,19.4,84,0,0.0,3915,3
2017,6,13,5,19.0,70,0,0.0,3916,4
2017,6,13,6,21.0,83,47,0.0,3917,5
2017,6,13,7,25.0,69,158,1.5,3918,6
2017,6,13,8,26.1,65,329,1.5,3919,7
2017,6,13,9,26.7,62,511,7.2,3920,8
2017,6,13,10,26.7,64,642,3.6,3921,9
2017,6,13,11,26.1,55,687,4.1,3922,10
2017,6,13,12,26.7,69,622,3.6,3923,11
2017,6,13,13,27.2,67,585,3.1,3924,12
2017,6,13,14,28.3,59,622,3.6,3925,13
2017,6,13,15,27.8,53,587,4.1,3926,14
2017,6,13,16,27.2,56,500,3.6,3927,15
2017,6,13,17,25.6,58,440,5.7,3928,16
2017,6,13,18,23.9,64,327,2.6,3929,17
2017,6,13,19,22.2,73,175,2.1,3930,18
2017,6,13,20,20.0,69,63,3.6,3931,19
2017,6,13,21,18.3,69,7,2.6,3932,20
2017,6,13,22,18.0,79,0,2.6,3933,21
2017,6,13,23,18.0,100,0,2.1,3934,22
2017,6,13,24,18.0,100,0,2.1,3935,23
2017,6,14,1,16.0,100,0,1.5,3936,0
2017,6,14,2,16.0,100,0,2.6,3937,1
2017,6,14,3,16.0,100,0,1.5,3938,2
2017,6,14,4,15.0,100,0,1.5,3939,3
2017,6,14,5,13.9,100,0,0.0,3940,4
2017,6,14,6,14.0,94,58,0.0,3941,5
2017,6,14,7,14.0,79,193,0.0,3942,6
2017,6,14,8,16.0,78,373,0.0,3943,7
2017,6,14,9,17.8,87,561,0.0,3944,8
2017,6,14,10,20.6,70,729,4.6,3945,9
2017,6,14,11,21.7,41,859,3.6,3946,10
2017,6,14,12,23.3,48,943,4.6,3947,11
2017,6,14,13,23.3,46,975,4.6,3948,12
2017,6,14,14,24.4,45,949,6.2,3949,13
2017,6,14,15,24.4,42,870,7.7,3950,14
2017,6,14,16,23.9,43,748,4.1,3951,15
2017,6,14,17,23.3,36,590,5.1,3952,16
2017,6,14,18,21.7,37,411,4.1,3953,17
2017,6,14,19,20.6,39,229,2.1,3954,18
2017,6,14,20,16.1,45,79,0.0,3955,19
2017,6,14,21,19.0,50,9,0.0,3956,20
2017,6,14,22,12.8,63,0,1.5,3957,21
2017,6,14,23,12.2,66,0,2.1,3958,22
2017,6,14,24,11.7,86,0,2.6,3959,23
2017,6,15,1,12.2,86,0,2.1,3960,0
2017,6,15,2,11.7,86,0,2.6,3961,1
2017,6,15,3,12.2,83,0,0.0,3962,2
2017,6,15,4,12.2,80,0,2.6,3963,3
2017,6,15,5,13.3,77,0,2.1,3964,4
2017,6,15,6,14.0,77,55,2.6,3965,5
2017,6,15,7,16.7,72,186,2.6,3966,6
2017,6,15,8,18.3,70,360,2.6,3967,7
2017,6,15,9,21.7,70,525,3.6,3968,8
2017,6,15,10,23.3,69,607,4.6,3969,9
2017,6,15,11,25.6,67,628,5.1,3970,10
2017,6,15,12,25.6,71,672,6.2,3971,11
2017,6,15,13,24.0,74,740,4.1,3972,12
2017,6,15,14,22.0,61,659,4.1,3973,13
2017,6,15,15,22.8,87,461,3.6,3974,14
2017,6,15,16,25.0,74,329,4.1,3975,15
2017,6,15,17,24.4,71,303,6.2,3976,16
2017,6,15,18,23.9,71,281,4.1,3977,17
2017,6,15,19,22.8,73,166,4.6,3978,18
2017,6,15,20,21.0,68,53,1.5,3979,19
2017,6,15,21,19.4,65,4,2.1,3980,20
2017,6,15,22,18.9,66,0,4.6,3981,21
2017,6,15,23,18.9,87,0,5.1,3982,22
2017,6,15,24,18.9,84,0,4.1,3983,23
2017,6,16,1,18.9,75,0,5.1,3984,0
2017,6,16,2,18.9,65,0,3.1,3985,1
2017,6,16,3,18.3,85,0,5.7,3986,2
2017,6,16,4,15.6,86,0,3.6,3987,3
2017,6,16,5,16.0,88,0,3.1,3988,4
2017,6,16,6,16.0,88,7,3.6,3989,5
2017,6,16,7,15.6,93,31,3.1,3990,6
2017,6,16,8,16.1,90,66,3.6,3991,7
2017,6,16,9,17.8,84,121,4.1,3992,8
2017,6,16,10,18.3,84,175,4.1,3993,9
2017,6,16,11,19.4,84,253,3.6,3994,10
2017,6,16,12,19.0,83,346,4.1,3995,11
2017,6,16,13,22.8,73,401,5.1,3996,12
2017,6,16,14,23.3,74,431,5.1,3997,13
2017,6,16,15,23.3,76,421,3.1,3998,14
2017,6,16,16,23.3,76,353,4.1,3999,15
2017,6,16,17,24.4,74,283,4.1,4000,16
2017,6,16,18,22.8,79,251,4.1,4001,17
2017,6,16,19,21.7,84,164,3.1,4002,18
2017,6,16,20,20.6,87,52,2.1,4003,19
2017,6,16,21,20.0,90,6,3.1,4004,20
2017,6,16,22,19.4,93,0,2.1,4005,21
2017,6,16,23,18.9,93,0,2.1,4006,22
2017,6,16,24,18.3,93,0,1.5,4007,23
2017,6,17,1,18.3,97,0,2.1,4008,0
2017,6,17,2,18.0,94,0,2.1,4009,1
2017,6,17,3,18.9,93,0,1.5,4010,2
2017,6,17,4,19.0,94,0,2.6,4011,3
2017,6,17,5,18.9,93,0,2.6,4012,4
2017,6,17,6,19.0,94,46,2.1,4013,5
2017,6,17,7,20.6,87,156,4.1,4014,6
2017,6,17,8,22.2,82,284,4.1,4015,7
2017,6,17,9,23.9,76,411,4.1,4016,8
2017,6,17,10,25.0,74,563,5.1,4017,9
2017,6,17,11,26.1,69,719,4.6,4018,10
2017,6,17,12,27.2,65,773,4.1,4019,11
2017,6,17,13,27.8,60,707,7.7,4020,12
2017,6,17,14,28.3,61,746,6.7,4021,13
2017,6,17,15,27.2,61,747,5.7,4022,14
2017,6,17,16,27.2,61,573,6.2,4023,15
2017,6,17,17,27.8,58,417,4.6,4024,16
2017,6,17,18,27.8,58,307,4.6,4025,17
2017,6,17,19,26.1,67,191,3.1,4026,18
2017,6,17,20,24.4,74,68,5.1,4027,19
2017,6,17,21,23.3,79,9,5.7,4028,20
2017,6,17,22,22.8,81,0,5.1,4029,21
2017,6,17,23,21.7,87,0,4.6,4030,22
2017,6,17,24,21.7,87,0,4.6,4031,23
2017,6,18,1,21.7,87,0,6.2,4032,0
2017,6,18,2,21.7,90,0,5.1,4033,1
2017,6,18,3,21.1,90,0,4.6,4034,2
2017,6,18,4,21.7,90,0,5.7,4035,3
2017,6,18,5,21.7,90,0,4.6,4036,4
2017,6,18,6,22.0,88,32,5.7,4037,5
2017,6,18,7,23.9,82,111,5.7,4038,6
2017,6,18,8,25.6,76,263,4.6,4039,7
2017,6,18,9,26.0,79,406,5.1,4040,8
2017,6,18,10,27.8,67,526,6.2,4041,9
2017,6,18,11,28.3,65,648,5.7,4042,10
2017,6,18,12,30.0,59,742,5.7,4043,11
2017,6,18,13,30.6,47,785,7.7,4044,12
2017,6,18,14,30.6,45,752,6.7,4045,13
2017,6,18,15,31.1,41,705,7.2,4046,14
2017,6,18,16,30.6,44,629,6.2,4047,15
2017,6,18,17,29.4,46,476,7.2,4048,16
2017,6,18,18,27.7,64,286,5.9,4049,17
2017,6,18,19,26.0,70,140,4.6,4050,18
2017,6,18,20,22.0,78,49,6.7,4051,19
2017,6,18,21,20.6,66,7,4.1,4052,20
2017,6,18,22,21.1,90,0,3.6,4053,21
2017,6,18,23,21.1,90,0,3.3,4054,22
2017,6,18,24,21.1,90,0,2.9,4055,23
2017,6,19,1,21.1,90,0,2.6,4056,0
2017,6,19,2,20.6,93,0,1.5,4057,1
2017,6,19,3,20.6,93,0,1.8,4058,2
2017,6,19,4,20.6,93,0,2.1,4059,3
2017,6,19,5,20.0,100,0,2.6,4060,4
2017,6,19,6,21.0,94,10,2.1,4061,5
2017,6,19,7,20.6,96,31,2.1,4062,6
2017,6,19,8,21.1,93,81,2.1,4063,7
2017,6,19,9,21.1,93,114,2.6,4064,8
2017,6,19,10,20.6,96,104,2.6,4065,9
2017,6,19,11,19.0,94,103,0.0,4066,10
2017,6,19,12,19.0,94,145,0.0,4067,11
2017,6,19,13,19.0,94,144,1.5,4068,12
2017,6,19,14,19.0,94,123,2.1,4069,13
2017,6,19,15,21.0,88,194,2.1,4070,14
2017,6,19,16,22.0,78,388,2.1,4071,15
2017,6,19,17,23.0,69,415,1.5,4072,16
2017,6,19,18,22.0,73,270,2.6,4073,17
2017,6,19,19,19.0,83,167,4.1,4074,18
2017,6,19,20,18.0,94,52,0.0,4075,19
2017,6,19,21,17.0,100,5,0.0,4076,20
2017,6,19,22,17.3,92,0,0.0,4077,21
2017,6,19,23,17.2,91,0,0.2,4078,22
2017,6,19,24,17.0,90,0,0.4,4079,23
2017,6,20,1,16.9,89,0,0.5,4080,0
2017,6,20,2,16.2,91,0,0.0,4081,1
2017,6,20,3,16.1,90,0,0.8,4082,2
2017,6,20,4,15.9,89,0,1.6,4083,3
2017,6,20,5,15.2,95,0,2.6,4084,4
2017,6,20,6,16.0,88,48,2.6,4085,5
2017,6,20,7,17.0,88,148,4.1,4086,6
2017,6,20,8,18.0,77,258,5.1,4087,7
2017,6,20,9,20.0,68,430,4.6,4088,8
2017,6,20,10,21.0,64,617,4.6,4089,9
2017,6,20,11,22.0,60,675,5.7,4090,10
2017,6,20,12,22.0,57,667,7.7,4091,11
2017,6,20,13,23.0,53,699,6.2,4092,12
2017,6,20,14,22.0,57,668,4.1,4093,13
2017,6,20,15,23.0,53,659,5.7,4094,14
2017,6,20,16,23.0,53,599,5.7,4095,15
2017,6,20,17,21.0,49,430,6.2,4096,16
2017,6,20,18,22.0,57,324,5.7,4097,17
2017,6,20,19,21.0,60,197,3.1,4098,18
2017,6,20,20,21.0,60,65,3.1,4099,19
2017,6,20,21,18.0,68,7,2.6,4100,20
2017,6,20,22,18.1,65,0,2.3,4101,21
2017,6,20,23,17.7,67,0,2.1,4102,22
2017,6,20,24,17.4,69,0,1.9,4103,23
2017,6,21,1,17.0,72,0,1.8,4104,0
2017,6,21,2,16.1,76,0,0.9,4105,1
2017,6,21,3,15.7,79,0,1.3,4106,2
2017,6,21,4,15.4,81,0,1.8,4107,3
2017,6,21,5,14.4,91,0,2.4,4108,4
2017,6,21,6,15.0,88,45,2.1,4109,5
2017,6,21,7,17.0,77,172,2.6,4110,6
2017,6,21,8,17.0,77,346,4.6,4111,7
2017,6,21,9,18.0,73,491,3.6,4112,8
2017,6,21,10,19.0,64,626,3.6,4113,9
2017,6,21,11,21.0,56,698,4.6,4114,10
2017,6,21,12,22.0,57,690,3.1,4115,11
2017,6,21,13,23.0,53,668,6.2,4116,12
2017,6,21,14,23.0,53,693,3.1,4117,13
2017,6,21,15,23.0,50,713,2.6,4118,14
2017,6,21,16,23.0,53,626,5.1,4119,15
2017,6,21,17,22.0,53,505,3.6,4120,16
2017,6,21,18,22.0,57,369,4.1,4121,17
2017,6,21,19,20.0,68,206,4.1,4122,18
2017,6,21,20,18.0,77,69,0.0,4123,19
2017,6,21,21,15.0,67,10,2.1,4124,20
2017,6,21,22,15.1,88,0,1.8,4125,21
2017,6,21,23,14.7,89,0,1.7,4126,22
2017,6,21,24,14.4,90,0,1.6,4127,23
2017,6,22,1,14.0,91,0,1.5,4128,0
2017,6,22,2,13.1,95,0,0.7,4129,1
2017,6,22,3,12.7,96,0,1.1,4130,2
2017,6,22,4,12.4,97,0,1.7,4131,3
2017,6,22,5,11.4,100,0,2.4,4132,4
2017,6,22,6,12.0,77,56,2.1,4133,5
2017,6,22,7,17.0,82,190,2.1,4134,6
2017,6,22,8,18.0,77,369,3.6,4135,7
2017,6,22,9,21.0,64,550,3.6,4136,8
2017,6,22,10,22.0,53,708,4.1,4137,9
2017,6,22,11,23.0,50,832,0.0,4138,10
2017,6,22,12,24.0,50,861,5.1,4139,11
2017,6,22,13,25.0,50,810,3.6,4140,12
2017,6,22,14,24.0,50,760,3.1,4141,13
2017,6,22,15,24.0,61,578,2.6,4142,14
2017,6,22,16,27.0,54,410,3.6,4143,15
2017,6,22,17,27.0,51,405,2.6,4144,16
2017,6,22,18,27.0,54,333,3.1,4145,17
2017,6,22,19,26.0,61,186,3.1,4146,18
2017,6,22,20,24.0,69,67,2.6,4147,19
2017,6,22,21,24.0,69,8,3.1,4148,20
2017,6,22,22,24.1,66,0,2.8,4149,21
2017,6,22,23,23.7,68,0,2.6,4150,22
2017,6,22,24,23.4,69,0,2.4,4151,23
2017,6,23,1,23.0,71,0,2.3,4152,0
2017,6,23,2,22.1,75,0,1.4,4153,1
2017,6,23,3,21.7,76,0,1.8,4154,2
2017,6,23,4,21.4,78,0,2.3,4155,3
2017,6,23,5,20.4,82,0,2.9,4156,4
2017,6,23,6,21.0,83,40,2.6,4157,5
2017,6,23,7,22.0,83,154,4.1,4158,6
2017,6,23,8,23.0,83,325,4.1,4159,7
2017,6,23,9,23.0,89,474,2.6,4160,8
2017,6,23,10,24.0,78,560,3.1,4161,9
2017,6,23,11,23.0,78,625,5.1,4162,10
2017,6,23,12,23.0,83,626,4.1,4163,11
2017,6,23,13,25.0,74,589,5.1,4164,12
2017,6,23,14,24.0,83,402,5.1,4165,13
2017,6,23,15,23.0,89,267,2.1,4166,14
2017,6,23,16,23.0,89,298,2.1,4167,15
2017,6,23,17,23.0,73,229,3.1,4168,16
2017,6,23,18,23.0,94,155,3.1,4169,17
2017,6,23,19,23.0,89,105,4.1,4170,18
2017,6,23,20,22.5,91,42,3.1,4171,19
2017,6,23,21,22.0,94,3,2.1,4172,20
2017,6,23,22,21.8,89,0,1.6,4173,21
2017,6,23,23,21.1,90,0,1.2,4174,22
2017,6,23,24,20.4,90,0,0.9,4175,23
2017,6,24,1,19.7,91,0,0.6,4176,0
2017,6,24,2,18.4,95,0,0.0,4177,1
2017,6,24,3,17.7,96,0,0.0,4178,2
2017,6,24,4,17.0,97,0,0.0,4179,3
2017,6,24,5,15.7,100,0,0.5,4180,4
2017,6,24,6,16.0,100,11,0.0,4181,5
2017,6,24,7,18.0,88,66,0.0,4182,6
2017,6,24,8,19.0,83,261,4.1,4183,7
2017,6,24,9,21.0,64,520,5.1,4184,8
2017,6,24,10,22.0,57,711,4.6,4185,9
2017,6,24,11,23.0,53,839,8.2,4186,10
2017,6,24,12,24.0,50,844,5.7,4187,11
2017,6,24,13,24.0,50,642,3.6,4188,12
2017,6,24,14,24.0,50,501,5.7,4189,13
2017,6,24,15,24.0,54,558,4.1,4190,14
2017,6,24,16,25.0,50,572,5.1,4191,15
2017,6,24,17,23.0,45,462,5.7,4192,16
2017,6,24,18,23.0,50,295,6.7,4193,17
2017,6,24,19,20.0,64,165,4.1,4194,18
2017,6,24,20,18.0,68,68,2.6,4195,19
2017,6,24,21,16.0,77,9,2.6,4196,20
2017,6,24,22,16.0,76,0,2.3,4197,21
2017,6,24,23,15.9,77,0,2.0,4198,22
2017,6,24,24,15.7,79,0,2.0,4199,23
2017,6,25,1,15.6,81,0,1.7,4200,0
2017,6,25,2,14.8,87,0,0.7,4201,1
2017,6,25,3,14.6,89,0,0.9,4202,2
2017,6,25,4,14.2,93,0,0.2,4203,3
2017,6,25,5,13.7,98,0,0.5,4204,4
2017,6,25,6,15.0,94,50,0.0,4205,5
2017,6,25,7,18.0,68,165,0.0,4206,6
2017,6,25,8,19.0,68,340,3.1,4207,7
2017,6,25,9,21.0,60,522,3.6,4208,8
2017,6,25,10,22.0,53,676,3.1,4209,9
2017,6,25,11,18.0,50,744,6.7,4210,10
2017,6,25,12,22.0,57,731,4.6,4211,11
2017,6,25,13,23.0,50,701,2.6,4212,12
2017,6,25,14,21.0,53,769,4.6,4213,13
2017,6,25,15,19.0,46,759,6.2,4214,14
2017,6,25,16,22.0,46,605,3.6,4215,15
2017,6,25,17,21.0,49,464,4.6,4216,16
2017,6,25,18,18.0,64,302,11.8,4217,17
2017,6,25,19,14.0,58,168,2.6,4218,18
2017,6,25,20,14.0,60,62,2.6,4219,19
2017,6,25,21,14.0,60,9,2.6,4220,20
2017,6,25,22,13.8,86,0,2.6,4221,21
2017,6,25,23,13.9,87,0,2.3,4222,22
2017,6,25,24,13.6,87,0,2.8,4223,23
2017,6,26,1,13.7,87,0,2.5,4224,0
2017,6,26,2,13.0,92,0,1.1,4225,1
2017,6,26,3,12.9,93,0,1.6,4226,2
2017,6,26,4,12.3,97,0,0.2,4227,3
2017,6,26,5,12.1,100,0,0.3,4228,4
2017,6,26,6,14.0,88,53,0.0,4229,5
2017,6,26,7,15.0,77,182,2.1,4230,6
2017,6,26,8,16.0,72,358,0.0,4231,7
2017,6,26,9,18.0,64,525,3.1,4232,8
2017,6,26,10,19.0,60,618,4.1,4233,9
2017,6,26,11,20.0,56,687,3.6,4234,10
2017,6,26,12,19.0,56,754,4.1,4235,11
2017,6,26,13,18.0,51,741,5.1,4236,12
2017,6,26,14,21.0,53,698,2.6,4237,13
2017,6,26,15,22.0,43,694,4.1,4238,14
2017,6,26,16,21.6,43,657,3.1,4239,15
2017,6,26,17,20.4,47,510,3.1,4240,16
2017,6,26,18,14.0,52,299,0.0,4241,17
2017,6,26,19,14.0,62,139,3.1,4242,18
2017,6,26,20,12.8,64,50,2.1,4243,19
2017,6,26,21,12.8,65,7,1.5,4244,20
2017,6,26,22,12.8,73,0,2.1,4245,21
2017,6,26,23,12.8,93,0,1.5,4246,22
2017,6,26,24,12.8,93,0,0.0,4247,23
2017,6,27,1,11.7,96,0,1.5,4248,0
2017,6,27,2,11.8,96,0,1.5,4249,1
2017,6,27,3,11.8,95,0,1.5,4250,2
2017,6,27,4,11.9,95,0,1.5,4251,3
2017,6,27,5,11.9,94,0,1.5,4252,4
2017,6,27,6,12.0,94,38,1.5,4253,5
2017,6,27,7,12.0,94,93,3.1,4254,6
2017,6,27,8,12.0,94,208,2.6,4255,7
2017,6,27,9,15.0,81,399,3.1,4256,8
2017,6,27,10,16.1,72,553,3.6,4257,9
2017,6,27,11,17.8,65,591,3.6,4258,10
2017,6,27,12,19.0,80,668,7.2,4259,11
2017,6,27,13,17.0,68,799,5.7,4260,12
2017,6,27,14,16.1,72,732,4.6,4261,13
2017,6,27,15,17.7,77,617,2.6,4262,14
2017,6,27,16,17.2,70,562,3.1,4263,15
2017,6,27,17,16.7,67,412,0.0,4264,16
2017,6,27,18,16.7,70,248,2.1,4265,17
2017,6,27,19,16.1,64,137,6.2,4266,18
2017,6,27,20,13.9,80,49,4.1,4267,19
2017,6,27,21,13.9,80,7,1.5,4268,20
2017,6,27,22,12.8,83,0,2.1,4269,21
2017,6,27,23,12.8,83,0,2.1,4270,22
2017,6,27,24,12.2,83,0,3.6,4271,23
2017,6,28,1,12.2,83,0,3.6,4272,0
2017,6,28,2,11.1,89,0,1.5,4273,1
2017,6,28,3,10.6,89,0,2.6,4274,2
2017,6,28,4,9.4,97,0,0.0,4275,3
2017,6,28,5,9.4,100,0,0.0,4276,4
2017,6,28,6,12.0,88,53,0.0,4277,5
2017,6,28,7,14.4,78,185,1.5,4278,6
2017,6,28,8,16.1,72,357,2.5,4279,7
2017,6,28,9,17.8,65,509,3.6,4280,8
2017,6,28,10,19.4,59,634,2.6,4281,9
2017,6,28,11,20.6,54,671,4.1,4282,10
2017,6,28,12,20.6,57,661,1.5,4283,11
2017,6,28,13,21.7,53,747,3.6,4284,12
2017,6,28,14,22.0,50,785,3.1,4285,13
2017,6,28,15,23.3,46,699,2.6,4286,14
2017,6,28,16,23.3,48,585,2.1,4287,15
2017,6,28,17,23.3,46,460,3.1,4288,16
2017,6,28,18,22.2,51,340,2.1,4289,17
2017,6,28,19,21.1,53,202,2.6,4290,18
2017,6,28,20,16.7,64,68,0.0,4291,19
2017,6,28,21,15.6,62,8,0.0,4292,20
2017,6,28,22,15.6,65,0,1.5,4293,21
2017,6,28,23,15.6,78,0,1.5,4294,22
2017,6,28,24,15.0,69,0,1.5,4295,23
2017,6,29,1,16.7,70,0,2.1,4296,0
2017,6,29,2,16.1,72,0,3.1,4297,1
2017,6,29,3,16.7,70,0,3.1,4298,2
2017,6,29,4,16.7,70,0,2.6,4299,3
2017,6,29,5,16.7,70,0,2.6,4300,4
2017,6,29,6,17.0,68,18,3.1,4301,5
2017,6,29,7,17.8,70,68,4.6,4302,6
2017,6,29,8,17.8,73,203,4.6,4303,7
2017,6,29,9,19.4,68,416,4.1,4304,8
2017,6,29,10,22.0,57,581,4.6,4305,9
2017,6,29,11,23.0,57,711,5.1,4306,10
2017,6,29,12,25.6,58,813,4.1,4307,11
2017,6,29,13,25.6,54,813,6.2,4308,12
2017,6,29,14,26.7,52,598,4.1,4309,13
2017,6,29,15,25.6,56,469,4.6,4310,14
2017,6,29,16,26.1,58,493,3.6,4311,15
2017,6,29,17,25.6,62,394,3.6,4312,16
2017,6,29,18,25.6,62,269,4.6,4313,17
2017,6,29,19,24.4,67,153,3.1,4314,18
2017,6,29,20,22.2,73,56,3.1,4315,19
2017,6,29,21,21.7,76,8,3.1,4316,20
2017,6,29,22,21.7,76,0,3.6,4317,21
2017,6,29,23,22.2,73,0,4.1,4318,22
2017,6,29,24,22.2,73,0,3.6,4319,23
2017,6,30,1,21.7,76,0,4.1,4320,0
2017,6,30,2,21.7,76,0,3.6,4321,1
2017,6,30,3,21.7,79,0,2.6,4322,2
2017,6,30,4,21.7,76,0,3.1,4323,3
2017,6,30,5,21.7,79,0,4.1,4324,4
2017,6,30,6,22.0,78,26,3.1,4325,5
2017,6,30,7,22.8,76,87,2.1,4326,6
2017,6,30,8,22.8,76,192,3.1,4327,7
2017,6,30,9,24.4,71,320,5.1,4328,8
2017,6,30,10,26.1,69,369,4.1,4329,9
2017,6,30,11,27.2,69,440,5.7,4330,10
2017,6,30,12,26.7,69,458,4.1,4331,11
2017,6,30,13,25.0,84,311,5.1,4332,12
2017,6,30,14,27.2,72,237,3.1,4333,13
2017,6,30,15,26.7,74,349,3.1,4334,14
2017,6,30,16,23.0,89,428,9.3,4335,15
2017,6,30,17,23.9,84,352,4.6,4336,16
2017,6,30,18,24.4,82,241,0.0,4337,17
2017,6,30,19,21.4,93,155,0.8,4338,18
2017,6,30,20,20.3,97,72,1.1,4339,19
2017,6,30,21,19.6,98,8,1.1,4340,20
2017,6,30,22,18.3,90,0,1.3,4341,21
2017,6,30,23,17.2,84,0,1.8,4342,22
2017,6,30,24,15.1,83,0,2.1,4343,23
2016,7,1,1,13.7,78,0,2.2,4344,0
2016,7,1,2,12.5,85,0,2.3,4345,1
2016,7,1,3,11.5,85,0,2.3,4346,2
2016,7,1,4,12.9,81,0,1.7,4347,3
2016,7,1,5,14.3,77,0,1.2,4348,4
2016,7,1,6,16.9,67,52,0.9,4349,5
2016,7,1,7,16.7,78,185,0.0,4350,6
2016,7,1,8,18.9,63,365,0.0,4351,7
2016,7,1,9,21.1,57,548,1.5,4352,8
2016,7,1,10,23.3,52,710,2.1,4353,9
2016,7,1,11,23.9,41,821,3.6,4354,10
2016,7,1,12,24.4,40,800,1.5,4355,11
2016,7,1,13,25.0,37,838,4.1,4356,12
2016,7,1,14,26.1,35,877,2.6,4357,13
2016,7,1,15,27.2,32,792,4.1,4358,14
2016,7,1,16,25.6,35,696,1.5,4359,15
2016,7,1,17,25.6,35,536,2.6,4360,16
2016,7,1,18,26.1,35,367,3.1,4361,17
2016,7,1,19,25.0,36,204,3.1,4362,18
2016,7,1,20,21.1,51,69,2.1,4363,19
2016,7,1,21,21.5,57,9,0.0,4364,20
2016,7,1,22,18.6,80,0,1.5,4365,21
2016,7,1,23,17.5,86,0,1.5,4366,22
2016,7,1,24,17.1,71,0,2.1,4367,23
2016,7,2,1,13.3,84,0,3.1,4368,0
2016,7,2,2,11.7,89,0,2.6,4369,1
2016,7,2,3,12.2,90,0,3.1,4370,2
2016,7,2,4,13.3,84,0,2.6,4371,3
2016,7,2,5,12.8,86,0,3.1,4372,4
2016,7,2,6,14.0,82,45,2.1,4373,5
2016,7,2,7,15.9,65,120,4.1,4374,6
2016,7,2,8,17.0,61,234,5.1,4375,7
2016,7,2,9,22.8,61,323,4.1,4376,8
2016,7,2,10,22.8,68,410,3.1,4377,9
2016,7,2,11,25.6,60,521,6.2,4378,10
2016,7,2,12,21.1,78,549,5.1,4379,11
2016,7,2,13,21.7,66,597,7.7,4380,12
2016,7,2,14,21.0,58,462,5.1,4381,13
2016,7,2,15,22.8,61,349,2.1,4382,14
2016,7,2,16,23.9,55,481,3.6,4383,15
2016,7,2,17,25.0,48,436,5.1,4384,16
2016,7,2,18,24.4,50,267,5.7,4385,17
2016,7,2,19,21.7,61,146,11.8,4386,18
2016,7,2,20,18.0,58,55,4.1,4387,19
2016,7,2,21,16.7,61,9,3.1,4388,20
2016,7,2,22,16.1,81,0,2.6,4389,21
2016,7,2,23,15.0,87,0,3.1,4390,22
2016,7,2,24,15.6,80,0,5.7,4391,23
2016,7,3,1,16.0,77,0,4.1,4392,0
2016,7,3,2,14.0,88,0,4.6,4393,1
2016,7,3,3,14.4,81,0,5.7,4394,2
2016,7,3,4,13.3,84,0,4.6,4395,3
2016,7,3,5,12.8,86,0,4.1,4396,4
2016,7,3,6,13.0,68,48,3.6,4397,5
2016,7,3,7,14.4,81,175,6.2,4398,6
2016,7,3,8,16.0,72,335,5.1,4399,7
2016,7,3,9,17.2,63,507,6.2,4400,8
2016,7,3,10,19.4,52,666,6.2,4401,9
2016,7,3,11,21.1,46,782,6.7,4402,10
2016,7,3,12,21.7,41,871,8.8,4403,11
2016,7,3,13,23.9,37,875,7.2,4404,12
2016,7,3,14,23.9,34,725,7.7,4405,13
2016,7,3,15,24.4,35,544,6.7,4406,14
2016,7,3,16,22.8,39,472,6.2,4407,15
2016,7,3,17,22.0,42,409,4.9,4408,16
2016,7,3,18,21.1,46,290,3.6,4409,17
2016,7,3,19,20.0,53,178,1.5,4410,18
2016,7,3,20,18.3,44,75,2.1,4411,19
2016,7,3,21,19.8,44,9,0.0,4412,20
2016,7,3,22,17.5,56,0,0.0,4413,21
2016,7,3,23,15.0,69,0,1.5,4414,22
2016,7,3,24,12.2,64,0,0.0,4415,23
2016,7,4,1,15.1,86,0,0.0,4416,0
2016,7,4,2,14.5,69,0,2.1,4417,1
2016,7,4,3,13.8,70,0,2.6,4418,2
2016,7,4,4,12.8,73,0,2.0,4419,3
2016,7,4,5,12.0,75,0,1.5,4420,4
2016,7,4,6,14.2,62,50,0.0,4421,5
2016,7,4,7,17.2,70,181,0.0,4422,6
2016,7,4,8,19.4,54,360,1.5,4423,7
2016,7,4,9,21.1,49,544,2.1,4424,8
2016,7,4,10,23.3,41,709,5.1,4425,9
2016,7,4,11,24.4,40,839,4.6,4426,10
2016,7,4,12,25.0,37,786,6.2,4427,11
2016,7,4,13,25.0,37,644,5.1,4428,12
2016,7,4,14,25.6,35,583,5.7,4429,13
2016,7,4,15,25.0,36,499,3.6,4430,14
2016,7,4,16,25.0,37,412,3.1,4431,15
2016,7,4,17,24.4,31,348,4.1,4432,16
2016,7,4,18,23.9,40,270,5.1,4433,17
2016,7,4,19,22.8,44,157,2.6,4434,18
2016,7,4,20,19.4,57,52,1.5,4435,19
2016,7,4,21,21.5,44,8,2.1,4436,20
2016,7,4,22,18.7,60,0,1.5,4437,21
2016,7,4,23,17.2,68,0,1.5,4438,22
2016,7,4,24,15.9,71,0,1.5,4439,23
2016,7,5,1,14.8,89,0,2.6,4440,0
2016,7,5,2,11.7,70,0,3.1,4441,1
2016,7,5,3,15.0,66,0,3.1,4442,2
2016,7,5,4,11.1,65,0,3.1,4443,3
2016,7,5,5,11.6,67,0,2.6,4444,4
2016,7,5,6,12.0,82,50,2.1,4445,5
2016,7,5,7,16.7,70,182,1.5,4446,6
2016,7,5,8,20.6,59,362,1.5,4447,7
2016,7,5,9,23.9,61,546,1.5,4448,8
2016,7,5,10,25.0,50,711,1.5,4449,9
2016,7,5,11,26.7,35,843,5.1,4450,10
2016,7,5,12,27.5,33,931,4.6,4451,11
2016,7,5,13,28.3,32,969,4.1,4452,12
2016,7,5,14,28.9,29,936,6.7,4453,13
2016,7,5,15,28.9,30,833,3.6,4454,14
2016,7,5,16,28.9,33,677,4.6,4455,15
2016,7,5,17,28.3,38,500,4.6,4456,16
2016,7,5,18,26.1,52,299,4.6,4457,17
2016,7,5,19,24.4,58,134,5.1,4458,18
2016,7,5,20,23.3,50,51,5.1,4459,19
2016,7,5,21,22.2,52,8,4.6,4460,20
2016,7,5,22,22.0,73,0,4.1,4461,21
2016,7,5,23,21.1,81,0,3.1,4462,22
2016,7,5,24,20.6,84,0,3.6,4463,23
2016,7,6,1,20.6,84,0,1.5,4464,0
2016,7,6,2,20.0,83,0,1.5,4465,1
2016,7,6,3,19.4,87,0,0.0,4466,2
2016,7,6,4,18.3,90,0,0.0,4467,3
2016,7,6,5,16.1,97,0,0.0,4468,4
2016,7,6,6,18.0,94,34,1.5,4469,5
2016,7,6,7,21.1,81,146,1.5,4470,6
2016,7,6,8,22.2,76,316,1.8,4471,7
2016,7,6,9,23.3,71,492,2.1,4472,8
2016,7,6,10,25.6,62,653,4.6,4473,9
2016,7,6,11,26.1,56,762,5.1,4474,10
2016,7,6,12,27.8,51,727,3.6,4475,11
2016,7,6,13,27.2,51,583,4.1,4476,12
2016,7,6,14,30.0,45,495,5.7,4477,13
2016,7,6,15,28.9,49,504,4.1,4478,14
2016,7,6,16,28.9,49,446,5.1,4479,15
2016,7,6,17,27.8,51,320,5.1,4480,16
2016,7,6,18,27.8,49,237,4.6,4481,17
2016,7,6,19,26.7,56,154,2.6,4482,18
2016,7,6,20,21.7,52,61,0.0,4483,19
2016,7,6,21,25.5,58,8,0.0,4484,20
2016,7,6,22,17.8,65,0,0.0,4485,21
2016,7,6,23,17.8,70,0,0.0,4486,22
2016,7,6,24,17.2,64,0,0.0,4487,23
2016,7,7,1,16.7,70,0,0.0,4488,0
2016,7,7,2,16.1,72,0,0.0,4489,1
2016,7,7,3,16.1,73,0,0.0,4490,2
2016,7,7,4,15.0,96,0,1.5,4491,3
2016,7,7,5,14.4,97,0,1.5,4492,4
2016,7,7,6,16.0,71,43,2.6,4493,5
2016,7,7,7,21.7,79,162,0.0,4494,6
2016,7,7,8,24.4,67,332,2.1,4495,7
2016,7,7,9,26.1,58,501,1.5,4496,8
2016,7,7,10,27.8,53,632,3.1,4497,9
2016,7,7,11,28.9,49,686,2.1,4498,10
2016,7,7,12,29.4,46,767,3.1,4499,11
2016,7,7,13,30.6,45,730,2.1,4500,12
2016,7,7,14,31.7,44,650,1.5,4501,13
2016,7,7,15,31.7,41,574,2.1,4502,14
2016,7,7,16,32.2,40,458,4.1,4503,15
2016,7,7,17,32.2,38,438,3.1,4504,16
2016,7,7,18,31.1,39,345,1.5,4505,17
2016,7,7,19,27.8,53,200,0.0,4506,18
2016,7,7,20,25.0,66,74,1.5,4507,19
2016,7,7,21,23.4,72,9,0.8,4508,20
2016,7,7,22,21.7,79,0,0.0,4509,21
2016,7,7,23,21.7,79,0,0.0,4510,22
2016,7,7,24,18.9,93,0,1.5,4511,23
2016,7,8,1,19.4,90,0,2.1,4512,0
2016,7,8,2,18.9,93,0,1.5,4513,1
2016,7,8,3,20.6,84,0,2.1,4514,2
2016,7,8,4,20.0,87,0,2.1,4515,3
2016,7,8,5,20.0,87,0,2.1,4516,4
2016,7,8,6,21.0,83,9,2.1,4517,5
2016,7,8,7,21.7,84,32,0.0,4518,6
2016,7,8,8,20.6,96,86,2.1,4519,7
2016,7,8,9,21.4,93,205,2.1,4520,8
2016,7,8,10,22.2,91,314,2.1,4521,9
2016,7,8,11,25.0,77,318,2.1,4522,10
2016,7,8,12,27.8,67,403,3.1,4523,11
2016,7,8,13,28.9,61,628,3.6,4524,12
2016,7,8,14,30.0,55,711,3.6,4525,13
2016,7,8,15,30.6,51,638,4.6,4526,14
2016,7,8,16,30.0,55,559,4.3,4527,15
2016,7,8,17,29.4,59,433,4.1,4528,16
2016,7,8,18,28.3,63,271,2.1,4529,17
2016,7,8,19,26.7,69,144,2.1,4530,18
2016,7,8,20,24.4,74,54,0.0,4531,19
2016,7,8,21,21.1,87,8,0.0,4532,20
2016,7,8,22,19.4,93,0,0.0,4533,21
2016,7,8,23,18.9,93,0,0.0,4534,22
2016,7,8,24,18.3,97,0,0.0,4535,23
2016,7,9,1,18.3,93,0,1.5,4536,0
2016,7,9,2,18.3,97,0,2.1,4537,1
2016,7,9,3,17.8,96,0,1.5,4538,2
2016,7,9,4,17.8,96,0,2.6,4539,3
2016,7,9,5,17.2,97,0,0.0,4540,4
2016,7,9,6,18.0,94,38,2.6,4541,5
2016,7,9,7,20.6,90,146,2.1,4542,6
2016,7,9,8,25.0,71,282,1.5,4543,7
2016,7,9,9,26.7,67,398,3.1,4544,8
2016,7,9,10,27.8,58,485,2.6,4545,9
2016,7,9,11,26.7,64,551,3.1,4546,10
2016,7,9,12,28.9,53,581,2.6,4547,11
2016,7,9,13,28.3,53,505,1.5,4548,12
2016,7,9,14,28.9,57,548,4.1,4549,13
2016,7,9,15,28.3,57,534,3.6,4550,14
2016,7,9,16,22.8,66,288,7.7,4551,15
2016,7,9,17,23.9,70,187,2.1,4552,16
2016,7,9,18,25.0,84,195,2.1,4553,17
2016,7,9,19,24.4,82,139,2.1,4554,18
2016,7,9,20,22.8,87,52,2.6,4555,19
2016,7,9,21,21.7,90,7,2.1,4556,20
2016,7,9,22,21.1,90,0,2.6,4557,21
2016,7,9,23,20.6,93,0,1.5,4558,22
2016,7,9,24,20.0,93,0,2.1,4559,23
2016,7,10,1,20.0,96,0,2.6,4560,0
2016,7,10,2,21.1,93,0,2.1,4561,1
2016,7,10,3,21.7,90,0,2.6,4562,2
2016,7,10,4,21.7,90,0,0.0,4563,3
2016,7,10,5,21.1,97,0,2.6,4564,4
2016,7,10,6,22.0,94,13,3.1,4565,5
2016,7,10,7,22.8,90,41,2.1,4566,6
2016,7,10,8,22.8,90,77,3.1,4567,7
2016,7,10,9,25.0,71,131,4.1,4568,8
2016,7,10,10,26.7,87,296,4.6,4569,9
2016,7,10,11,27.2,80,551,3.1,4570,10
2016,7,10,12,27.8,49,692,5.7,4571,11
2016,7,10,13,25.6,52,693,7.7,4572,12
2016,7,10,14,22.2,48,690,4.1,4573,13
2016,7,10,15,23.3,48,636,2.1,4574,14
2016,7,10,16,26.7,54,526,4.1,4575,15
2016,7,10,17,26.1,50,384,6.2,4576,16
2016,7,10,18,25.6,56,266,3.1,4577,17
2016,7,10,19,23.9,50,173,6.7,4578,18
2016,7,10,20,21.7,59,58,6.2,4579,19
2016,7,10,21,21.1,63,8,3.1,4580,20
2016,7,10,22,20.0,68,0,3.6,4581,21
2016,7,10,23,19.4,73,0,2.1,4582,22
2016,7,10,24,19.0,75,0,2.6,4583,23
2016,7,11,1,18.1,79,0,2.8,4584,0
2016,7,11,2,17.7,82,0,2.5,4585,1
2016,7,11,3,17.4,83,0,2.3,4586,2
2016,7,11,4,17.5,86,0,1.3,4587,3
2016,7,11,5,16.8,92,0,2.5,4588,4
2016,7,11,6,16.9,94,20,2.4,4589,5
2016,7,11,7,19.5,93,59,1.0,4590,6
2016,7,11,8,16.7,96,109,3.6,4591,7
2016,7,11,9,17.0,94,170,4.1,4592,8
2016,7,11,10,17.8,93,240,5.1,4593,9
2016,7,11,11,17.2,87,310,7.2,4594,10
2016,7,11,12,17.8,87,373,6.7,4595,11
2016,7,11,13,18.0,83,451,5.1,4596,12
2016,7,11,14,17.2,66,501,5.7,4597,13
2016,7,11,15,17.8,78,503,5.1,4598,14
2016,7,11,16,19.4,73,462,4.6,4599,15
2016,7,11,17,20.0,54,375,3.1,4600,16
2016,7,11,18,20.6,68,302,2.6,4601,17
2016,7,11,19,20.0,68,197,1.5,4602,18
2016,7,11,20,16.7,64,67,2.1,4603,19
2016,7,11,21,14.4,65,8,2.1,4604,20
2016,7,11,22,17.2,75,0,0.0,4605,21
2016,7,11,23,12.2,97,0,1.5,4606,22
2016,7,11,24,12.8,96,0,2.1,4607,23
2016,7,12,1,11.7,96,0,2.1,4608,0
2016,7,12,2,14.3,100,0,2.1,4609,1
2016,7,12,3,13.8,100,0,1.5,4610,2
2016,7,12,4,11.0,100,0,2.1,4611,3
2016,7,12,5,11.0,100,0,2.1,4612,4
2016,7,12,6,11.0,100,41,1.5,4613,5
2016,7,12,7,16.1,90,147,0.0,4614,6
2016,7,12,8,18.9,78,291,0.0,4615,7
2016,7,12,9,18.9,78,446,0.0,4616,8
2016,7,12,10,21.1,66,598,0.0,4617,9
2016,7,12,11,21.7,63,725,2.6,4618,10
2016,7,12,12,22.2,57,820,2.6,4619,11
2016,7,12,13,25.0,52,879,3.6,4620,12
2016,7,12,14,25.0,52,838,3.6,4621,13
2016,7,12,15,25.6,47,755,4.1,4622,14
2016,7,12,16,26.7,33,679,1.5,4623,15
2016,7,12,17,25.6,37,544,2.1,4624,16
2016,7,12,18,25.0,37,377,2.1,4625,17
2016,7,12,19,23.9,50,216,0.0,4626,18
2016,7,12,20,17.8,58,78,1.5,4627,19
2016,7,12,21,17.8,73,9,2.6,4628,20
2016,7,12,22,16.1,81,0,2.6,4629,21
2016,7,12,23,13.9,87,0,1.5,4630,22
2016,7,12,24,14.4,87,0,1.5,4631,23
2016,7,13,1,13.3,93,0,0.0,4632,0
2016,7,13,2,13.9,89,0,2.1,4633,1
2016,7,13,3,13.3,74,0,2.1,4634,2
2016,7,13,4,13.9,89,0,2.6,4635,3
2016,7,13,5,13.3,90,0,2.1,4636,4
2016,7,13,6,14.0,88,39,2.6,4637,5
2016,7,13,7,19.4,76,158,1.5,4638,6
2016,7,13,8,21.7,66,329,2.0,4639,7
2016,7,13,9,23.3,62,507,2.6,4640,8
2016,7,13,10,25.6,56,665,3.1,4641,9
2016,7,13,11,28.3,44,790,3.6,4642,10
2016,7,13,12,30.0,39,875,4.1,4643,11
2016,7,13,13,30.0,37,856,4.1,4644,12
2016,7,13,14,29.4,40,720,1.5,4645,13
2016,7,13,15,31.1,36,585,2.6,4646,14
2016,7,13,16,31.1,36,475,2.1,4647,15
2016,7,13,17,30.6,37,320,3.1,4648,16
2016,7,13,18,28.9,43,201,4.1,4649,17
2016,7,13,19,28.3,46,114,3.6,4650,18
2016,7,13,20,26.6,52,31,3.3,4651,19
2016,7,13,21,25.0,58,4,3.1,4652,20
2016,7,13,22,23.9,51,0,3.6,4653,21
2016,7,13,23,23.9,66,0,3.6,4654,22
2016,7,13,24,23.9,66,0,4.1,4655,23
2016,7,14,1,22.8,73,0,4.1,4656,0
2016,7,14,2,22.2,76,0,5.1,4657,1
2016,7,14,3,21.7,79,0,4.1,4658,2
2016,7,14,4,21.1,81,0,4.1,4659,3
2016,7,14,5,21.1,81,0,3.6,4660,4
2016,7,14,6,22.0,78,37,3.6,4661,5
2016,7,14,7,23.8,73,151,3.3,4662,6
2016,7,14,8,25.6,69,317,3.1,4663,7
2016,7,14,9,27.8,65,483,3.6,4664,8
2016,7,14,10,29.4,59,637,4.6,4665,9
2016,7,14,11,29.4,57,705,5.1,4666,10
2016,7,14,12,30.6,53,721,5.7,4667,11
2016,7,14,13,31.1,52,777,5.1,4668,12
2016,7,14,14,32.2,50,788,4.6,4669,13
2016,7,14,15,31.1,54,719,5.1,4670,14
2016,7,14,16,31.1,52,622,4.1,4671,15
2016,7,14,17,30.0,55,470,6.7,4672,16
2016,7,14,18,22.0,51,285,2.1,4673,17
2016,7,14,19,23.9,55,147,2.6,4674,18
2016,7,14,20,23.3,58,51,2.6,4675,19
2016,7,14,21,23.3,60,6,3.1,4676,20
2016,7,14,22,23.9,82,0,5.1,4677,21
2016,7,14,23,23.3,85,0,4.1,4678,22
2016,7,14,24,22.8,87,0,4.6,4679,23
2016,7,15,1,22.2,93,0,4.6,4680,0
2016,7,15,2,21.7,93,0,4.6,4681,1
2016,7,15,3,22.2,91,0,4.1,4682,2
2016,7,15,4,22.2,91,0,6.2,4683,3
2016,7,15,5,22.2,91,0,4.1,4684,4
2016,7,15,6,22.0,94,27,4.6,4685,5
2016,7,15,7,24.4,85,78,5.1,4686,6
2016,7,15,8,26.7,71,113,4.1,4687,7
2016,7,15,9,27.8,65,221,5.1,4688,8
2016,7,15,10,28.3,59,401,5.7,4689,9
2016,7,15,11,25.6,60,526,4.1,4690,10
2016,7,15,12,22.0,62,489,3.6,4691,11
2016,7,15,13,27.8,65,323,5.1,4692,12
2016,7,15,14,29.4,91,490,7.2,4693,13
2016,7,15,15,30.0,83,740,5.9,4694,14
2016,7,15,16,30.6,62,697,4.6,4695,15
2016,7,15,17,30.6,45,533,4.6,4696,16
2016,7,15,18,30.0,48,317,5.1,4697,17
2016,7,15,19,29.4,48,165,5.1,4698,18
2016,7,15,20,26.7,56,59,3.1,4699,19
2016,7,15,21,27.2,53,5,3.1,4700,20
2016,7,15,22,25.0,62,0,4.1,4701,21
2016,7,15,23,20.6,81,0,2.1,4702,22
2016,7,15,24,18.9,87,0,0.0,4703,23
2016,7,16,1,18.3,93,0,2.1,4704,0
2016,7,16,2,18.3,93,0,1.5,4705,1
2016,7,16,3,17.2,97,0,1.5,4706,2
2016,7,16,4,17.8,93,0,0.0,4707,3
2016,7,16,5,17.2,97,0,1.5,4708,4
2016,7,16,6,18.0,94,36,1.5,4709,5
2016,7,16,7,22.2,82,151,0.0,4710,6
2016,7,16,8,24.4,67,317,2.6,4711,7
2016,7,16,9,25.6,62,483,3.1,4712,8
2016,7,16,10,26.1,60,573,3.1,4713,9
2016,7,16,11,27.2,53,614,3.1,4714,10
2016,7,16,12,27.2,54,615,3.1,4715,11
2016,7,16,13,30.0,43,617,7.2,4716,12
2016,7,16,14,24.0,48,679,7.7,4717,13
2016,7,16,15,27.2,56,670,4.6,4718,14
2016,7,16,16,28.0,50,554,5.7,4719,15
2016,7,16,17,28.9,44,432,6.7,4720,16
2016,7,16,18,28.3,41,322,7.2,4721,17
2016,7,16,19,26.1,44,189,7.2,4722,18
2016,7,16,20,23.3,52,65,4.6,4723,19
2016,7,16,21,21.7,55,7,4.1,4724,20
2016,7,16,22,20.0,73,0,2.6,4725,21
2016,7,16,23,16.1,87,0,0.0,4726,22
2016,7,16,24,20.1,93,0,0.0,4727,23
2016,7,17,1,19.3,77,0,1.5,4728,0
2016,7,17,2,14.4,97,0,0.0,4729,1
2016,7,17,3,15.0,93,0,1.5,4730,2
2016,7,17,4,13.3,97,0,0.0,4731,3
2016,7,17,5,13.9,96,0,0.0,4732,4
2016,7,17,6,14.0,94,34,1.5,4733,5
2016,7,17,7,18.3,81,138,0.0,4734,6
2016,7,17,8,19.4,79,281,2.6,4735,7
2016,7,17,9,20.0,76,388,1.5,4736,8
2016,7,17,10,21.1,69,469,1.8,4737,9
2016,7,17,11,22.2,64,481,2.1,4738,10
2016,7,17,12,24.4,58,480,1.5,4739,11
2016,7,17,13,25.0,56,533,0.0,4740,12
2016,7,17,14,24.4,58,569,3.1,4741,13
2016,7,17,15,25.6,54,523,2.1,4742,14
2016,7,17,16,26.1,52,435,3.1,4743,15
2016,7,17,17,26.1,47,359,2.1,4744,16
2016,7,17,18,24.4,58,256,4.1,4745,17
2016,7,17,19,22.8,71,139,3.1,4746,18
2016,7,17,20,21.1,64,43,3.1,4747,19
2016,7,17,21,19.4,64,5,3.6,4748,20
2016,7,17,22,17.8,75,0,2.6,4749,21
2016,7,17,23,17.8,93,0,2.1,4750,22
2016,7,17,24,17.0,94,0,0.0,4751,23
2016,7,18,1,16.1,97,0,0.0,4752,0
2016,7,18,2,16.0,94,0,2.1,4753,1
2016,7,18,3,16.1,97,0,0.0,4754,2
2016,7,18,4,14.4,100,0,0.0,4755,3
2016,7,18,5,14.0,94,0,0.0,4756,4
2016,7,18,6,13.0,100,0,0.0,4757,5
2016,7,18,7,17.0,94,138,0.0,4758,6
2016,7,18,8,18.3,87,299,0.0,4759,7
2016,7,18,9,21.1,89,487,1.5,4760,8
2016,7,18,10,22.2,61,666,2.8,4761,9
2016,7,18,11,23.9,50,784,4.1,4762,10
2016,7,18,12,25.0,47,754,2.6,4763,11
2016,7,18,13,27.2,44,599,3.6,4764,12
2016,7,18,14,26.7,45,484,1.5,4765,13
2016,7,18,15,27.8,42,469,2.1,4766,14
2016,7,18,16,28.9,40,525,2.1,4767,15
2016,7,18,17,27.8,40,526,2.6,4768,16
2016,7,18,18,28.3,40,395,1.5,4769,17
2016,7,18,19,26.1,52,210,0.0,4770,18
2016,7,18,20,20.6,73,63,1.5,4771,19
2016,7,18,21,18.3,78,6,2.1,4772,20
2016,7,18,22,20.5,64,0,2.6,4773,21
2016,7,18,23,22.8,53,0,3.1,4774,22
2016,7,18,24,21.7,59,0,2.6,4775,23
2016,7,19,1,21.7,61,0,2.6,4776,0
2016,7,19,2,21.7,63,0,1.5,4777,1
2016,7,19,3,21.1,66,0,0.8,4778,2
2016,7,19,4,19.4,73,0,0.0,4779,3
2016,7,19,5,21.1,73,0,3.1,4780,4
2016,7,19,6,23.0,69,0,2.6,4781,5
2016,7,19,7,23.3,69,104,3.6,4782,6
2016,7,19,8,23.5,71,231,3.3,4783,7
2016,7,19,9,23.7,73,365,2.9,4784,8
2016,7,19,10,23.9,76,497,2.6,4785,9
2016,7,19,11,23.0,58,482,2.6,4786,10
2016,7,19,12,22.0,83,389,2.6,4787,11
2016,7,19,13,25.0,77,401,5.7,4788,12
2016,7,19,14,27.2,69,423,5.1,4789,13
2016,7,19,15,24.4,82,480,4.1,4790,14
2016,7,19,16,25.0,84,519,5.1,4791,15
2016,7,19,17,27.0,62,466,5.7,4792,16
2016,7,19,18,24.4,71,347,2.1,4793,17
2016,7,19,19,23.3,76,179,1.5,4794,18
2016,7,19,20,22.8,63,56,3.1,4795,19
2016,7,19,21,22.8,68,6,4.6,4796,20
2016,7,19,22,20.6,73,0,3.1,4797,21
2016,7,19,23,18.9,73,0,3.1,4798,22
2016,7,19,24,20.1,57,0,0.0,4799,23
2016,7,20,1,15.6,58,0,3.1,4800,0
2016,7,20,2,16.1,58,0,2.1,4801,1
2016,7,20,3,16.7,58,0,4.1,4802,2
2016,7,20,4,15.0,64,0,3.6,4803,3
2016,7,20,5,15.0,82,0,2.6,4804,4
2016,7,20,6,16.0,62,0,2.1,4805,5
2016,7,20,7,17.8,78,151,3.6,4806,6
2016,7,20,8,18.3,78,317,4.1,4807,7
2016,7,20,9,19.4,70,469,3.6,4808,8
2016,7,20,10,21.7,55,596,5.7,4809,9
2016,7,20,11,23.3,48,689,3.6,4810,10
2016,7,20,12,23.9,43,771,6.2,4811,11
2016,7,20,13,25.0,40,722,6.2,4812,12
2016,7,20,14,24.4,43,613,5.1,4813,13
2016,7,20,15,23.9,45,506,5.1,4814,14
2016,7,20,16,23.9,41,439,6.7,4815,15
2016,7,20,17,23.3,43,416,5.1,4816,16
2016,7,20,18,22.8,44,308,7.2,4817,17
2016,7,20,19,20.6,57,189,3.1,4818,18
2016,7,20,20,17.8,48,69,1.5,4819,19
2016,7,20,21,19.6,49,6,0.0,4820,20
2016,7,20,22,13.3,65,0,0.0,4821,21
2016,7,20,23,12.2,90,0,2.6,4822,22
2016,7,20,24,11.7,93,0,2.6,4823,23
2016,7,21,1,11.1,93,0,2.6,4824,0
2016,7,21,2,11.1,93,0,2.6,4825,1
2016,7,21,3,10.6,92,0,2.1,4826,2
2016,7,21,4,10.0,93,0,2.1,4827,3
2016,7,21,5,10.0,96,0,2.6,4828,4
2016,7,21,6,11.0,68,0,2.6,4829,5
2016,7,21,7,15.0,81,151,0.0,4830,6
2016,7,21,8,18.9,65,328,2.6,4831,7
2016,7,21,9,20.6,59,513,2.1,4832,8
2016,7,21,10,22.8,44,681,4.1,4833,9
2016,7,21,11,23.0,47,815,4.6,4834,10
2016,7,21,12,23.9,41,901,5.1,4835,11
2016,7,21,13,24.4,39,936,0.0,4836,12
2016,7,21,14,25.6,37,870,4.1,4837,13
2016,7,21,15,26.7,36,688,4.6,4838,14
2016,7,21,16,26.7,36,602,5.7,4839,15
2016,7,21,17,26.1,38,554,2.6,4840,16
2016,7,21,18,25.6,39,391,1.5,4841,17
2016,7,21,19,23.3,50,214,1.5,4842,18
2016,7,21,20,17.8,51,70,1.5,4843,19
2016,7,21,21,21.1,50,6,0.0,4844,20
2016,7,21,22,18.6,64,0,0.0,4845,21
2016,7,21,23,18.3,69,0,2.1,4846,22
2016,7,21,24,13.3,71,0,2.6,4847,23
2016,7,22,1,12.8,89,0,2.6,4848,0
2016,7,22,2,12.2,93,0,2.6,4849,1
2016,7,22,3,12.2,90,0,3.6,4850,2
2016,7,22,4,11.7,93,0,2.6,4851,3
2016,7,22,5,11.7,93,0,3.6,4852,4
2016,7,22,6,12.0,94,0,3.1,4853,5
2016,7,22,7,17.2,72,149,1.5,4854,6
2016,7,22,8,21.7,59,324,0.0,4855,7
2016,7,22,9,24.4,68,506,0.0,4856,8
2016,7,22,10,26.7,50,673,0.0,4857,9
2016,7,22,11,28.3,31,809,2.6,4858,10
2016,7,22,12,28.9,31,899,2.3,4859,11
2016,7,22,13,29.4,31,937,2.1,4860,12
2016,7,22,14,31.1,27,922,2.6,4861,13
2016,7,22,15,32.2,25,849,3.1,4862,14
2016,7,22,16,32.8,34,722,5.7,4863,15
2016,7,22,17,31.7,32,559,5.1,4864,16
2016,7,22,18,30.6,27,378,2.6,4865,17
2016,7,22,19,28.6,32,196,2.0,4866,18
2016,7,22,20,26.7,38,58,1.5,4867,19
2016,7,22,21,19.4,47,5,2.1,4868,20
2016,7,22,22,22.2,51,0,2.1,4869,21
2016,7,22,23,21.1,55,0,2.1,4870,22
2016,7,22,24,22.8,53,0,3.1,4871,23
2016,7,23,1,24.4,52,0,2.6,4872,0
2016,7,23,2,23.3,53,0,3.6,4873,1
2016,7,23,3,24.4,56,0,3.1,4874,2
2016,7,23,4,24.4,60,0,3.1,4875,3
2016,7,23,5,24.4,64,0,3.1,4876,4
2016,7,23,6,24.0,69,0,3.1,4877,5
2016,7,23,7,26.1,65,120,4.1,4878,6
2016,7,23,8,26.7,62,249,3.1,4879,7
2016,7,23,9,27.8,63,300,5.1,4880,8
2016,7,23,10,27.2,65,337,4.6,4881,9
2016,7,23,11,28.9,61,532,3.6,4882,10
2016,7,23,12,29.4,59,755,4.6,4883,11
2016,7,23,13,31.1,52,868,4.6,4884,12
2016,7,23,14,32.8,47,862,6.7,4885,13
2016,7,23,15,33.3,44,799,6.2,4886,14
2016,7,23,16,32.8,41,689,7.7,4887,15
2016,7,23,17,32.2,32,522,8.2,4888,16
2016,7,23,18,30.6,46,361,6.2,4889,17
2016,7,23,19,28.9,51,199,4.6,4890,18
2016,7,23,20,27.2,56,64,3.6,4891,19
2016,7,23,21,25.6,52,5,3.6,4892,20
2016,7,23,22,26.1,65,0,5.1,4893,21
2016,7,23,23,25.0,69,0,5.1,4894,22
2016,7,23,24,23.9,71,0,3.1,4895,23
2016,7,24,1,22.2,76,0,4.1,4896,0
2016,7,24,2,21.7,76,0,2.6,4897,1
2016,7,24,3,20.0,81,0,2.6,4898,2
2016,7,24,4,18.9,84,0,2.1,4899,3
2016,7,24,5,19.4,79,0,2.1,4900,4
2016,7,24,6,21.0,73,0,1.5,4901,5
2016,7,24,7,23.9,62,144,3.3,4902,6
2016,7,24,8,25.6,50,317,5.1,4903,7
2016,7,24,9,27.8,61,499,5.7,4904,8
2016,7,24,10,29.4,51,666,7.7,4905,9
2016,7,24,11,30.0,37,800,7.2,4906,10
2016,7,24,12,30.0,38,887,9.3,4907,11
2016,7,24,13,31.1,35,887,7.2,4908,12
2016,7,24,14,31.7,33,768,7.7,4909,13
2016,7,24,15,31.1,36,664,7.2,4910,14
2016,7,24,16,30.6,31,644,7.2,4911,15
2016,7,24,17,30.0,40,563,5.7,4912,16
2016,7,24,18,28.9,33,392,5.7,4913,17
2016,7,24,19,27.2,42,209,3.1,4914,18
2016,7,24,20,23.3,38,65,1.5,4915,19
2016,7,24,21,19.4,39,5,0.0,4916,20
2016,7,24,22,17.8,50,0,0.0,4917,21
2016,7,24,23,17.2,60,0,2.1,4918,22
2016,7,24,24,21.7,63,0,3.1,4919,23
2016,7,25,1,18.3,78,0,2.1,4920,0
2016,7,25,2,16.1,87,0,1.5,4921,1
2016,7,25,3,14.4,93,0,2.6,4922,2
2016,7,25,4,15.6,90,0,2.1,4923,3
2016,7,25,5,15.0,93,0,2.1,4924,4
2016,7,25,6,15.0,71,0,2.1,4925,5
2016,7,25,7,18.9,81,110,1.5,4926,6
2016,7,25,8,23.3,64,235,0.0,4927,7
2016,7,25,9,25.6,73,363,0.0,4928,8
2016,7,25,10,26.7,49,515,2.1,4929,9
2016,7,25,11,28.3,43,668,2.6,4930,10
2016,7,25,12,28.9,40,748,3.1,4931,11
2016,7,25,13,30.6,37,669,4.1,4932,12
2016,7,25,14,30.6,36,723,3.8,4933,13
2016,7,25,15,31.1,36,816,3.6,4934,14
2016,7,25,16,30.6,37,681,2.1,4935,15
2016,7,25,17,29.4,40,509,3.1,4936,16
2016,7,25,18,28.9,43,336,2.6,4937,17
2016,7,25,19,26.7,51,171,1.5,4938,18
2016,7,25,20,25.6,56,44,2.6,4939,19
2016,7,25,21,23.9,49,3,2.6,4940,20
2016,7,25,22,22.8,68,0,3.1,4941,21
2016,7,25,23,20.6,75,0,0.0,4942,22
2016,7,25,24,18.3,84,0,1.5,4943,23
2016,7,26,1,18.3,84,0,1.5,4944,0
2016,7,26,2,17.8,87,0,2.6,4945,1
2016,7,26,3,17.8,87,0,2.6,4946,2
2016,7,26,4,17.8,87,0,2.6,4947,3
2016,7,26,5,17.8,87,0,2.6,4948,4
2016,7,26,6,18.0,88,0,2.6,4949,5
2016,7,26,7,22.8,71,86,2.6,4950,6
2016,7,26,8,26.7,62,197,3.1,4951,7
2016,7,26,9,26.7,62,321,3.6,4952,8
2016,7,26,10,22.0,64,391,6.7,4953,9
2016,7,26,11,21.0,68,327,3.1,4954,10
2016,7,26,12,25.6,71,373,2.6,4955,11
2016,7,26,13,27.8,60,547,2.1,4956,12
2016,7,26,14,23.0,63,603,4.1,4957,13
2016,7,26,15,21.7,71,576,2.6,4958,14
2016,7,26,16,23.3,87,347,2.6,4959,15
2016,7,26,17,24.4,85,151,3.6,4960,16
2016,7,26,18,25.0,79,167,4.1,4961,17
2016,7,26,19,23.3,87,138,1.5,4962,18
2016,7,26,20,21.7,93,48,3.1,4963,19
2016,7,26,21,21.1,93,3,3.6,4964,20
2016,7,26,22,22.2,91,0,2.6,4965,21
2016,7,26,23,20.6,96,0,0.0,4966,22
2016,7,26,24,18.9,96,0,0.0,4967,23
2016,7,27,1,18.0,100,0,0.0,4968,0
2016,7,27,2,18.0,94,0,0.0,4969,1
2016,7,27,3,17.0,100,0,0.0,4970,2
2016,7,27,4,17.2,97,0,0.0,4971,3
2016,7,27,5,17.0,94,0,0.0,4972,4
2016,7,27,6,17.0,94,0,0.0,4973,5
2016,7,27,7,21.1,84,133,3.6,4974,6
2016,7,27,8,22.0,78,304,4.6,4975,7
2016,7,27,9,22.2,68,473,6.2,4976,8
2016,7,27,10,22.8,66,624,5.7,4977,9
2016,7,27,11,24.4,62,746,5.1,4978,10
2016,7,27,12,25.0,62,817,5.1,4979,11
2016,7,27,13,25.6,58,849,4.1,4980,12
2016,7,27,14,26.7,56,815,5.7,4981,13
2016,7,27,15,26.7,52,774,4.1,4982,14
2016,7,27,16,27.2,51,711,5.1,4983,15
2016,7,27,17,27.2,49,565,4.1,4984,16
2016,7,27,18,26.1,52,387,4.1,4985,17
2016,7,27,19,24.4,60,205,2.6,4986,18
2016,7,27,20,21.7,52,62,2.1,4987,19
2016,7,27,21,19.4,52,4,1.5,4988,20
2016,7,27,22,16.7,68,0,0.0,4989,21
2016,7,27,23,16.1,69,0,0.0,4990,22
2016,7,27,24,16.7,74,0,2.6,4991,23
2016,7,28,1,16.1,76,0,1.5,4992,0
2016,7,28,2,16.1,76,0,2.1,4993,1
2016,7,28,3,15.0,70,0,2.6,4994,2
2016,7,28,4,14.4,72,0,2.1,4995,3
2016,7,28,5,14.4,70,0,2.6,4996,4
2016,7,28,6,14.0,70,0,2.6,4997,5
2016,7,28,7,18.9,84,134,0.0,4998,6
2016,7,28,8,22.8,68,305,2.1,4999,7
2016,7,28,9,24.4,60,487,2.6,5000,8
2016,7,28,10,26.7,58,655,4.1,5001,9
2016,7,28,11,27.2,51,776,4.6,5002,10
2016,7,28,12,28.3,46,855,3.6,5003,11
2016,7,28,13,29.4,42,903,4.6,5004,12
2016,7,28,14,28.9,41,831,3.1,5005,13
2016,7,28,15,30.0,42,753,5.1,5006,14
2016,7,28,16,30.0,42,697,4.6,5007,15
2016,7,28,17,29.4,35,548,4.1,5008,16
2016,7,28,18,28.9,46,373,2.1,5009,17
2016,7,28,19,26.7,43,197,0.0,5010,18
2016,7,28,20,22.2,52,57,1.5,5011,19
2016,7,28,21,20.0,46,3,1.5,5012,20
2016,7,28,22,18.9,61,0,2.1,5013,21
2016,7,28,23,18.3,58,0,0.0,5014,22
2016,7,28,24,17.2,61,0,1.5,5015,23
2016,7,29,1,18.3,61,0,3.1,5016,0
2016,7,29,2,17.8,63,0,2.6,5017,1
2016,7,29,3,17.2,73,0,3.1,5018,2
2016,7,29,4,17.2,71,0,3.1,5019,3
2016,7,29,5,16.7,70,0,3.1,5020,4
2016,7,29,6,17.0,64,0,1.5,5021,5
2016,7,29,7,19.4,84,114,1.5,5022,6
2016,7,29,8,22.8,73,250,0.0,5023,7
2016,7,29,9,25.6,60,397,2.6,5024,8
2016,7,29,10,26.7,52,548,0.0,5025,9
2016,7,29,11,28.3,46,668,2.6,5026,10
2016,7,29,12,28.3,48,665,1.5,5027,11
2016,7,29,13,28.9,46,648,2.1,5028,12
2016,7,29,14,28.3,49,595,3.6,5029,13
2016,7,29,15,28.3,43,490,3.6,5030,14
2016,7,29,16,27.8,42,371,3.6,5031,15
2016,7,29,17,26.7,41,246,2.1,5032,16
2016,7,29,18,26.7,64,165,0.0,5033,17
2016,7,29,19,24.4,76,79,2.1,5034,18
2016,7,29,20,23.3,71,26,2.6,5035,19
2016,7,29,21,22.2,73,2,0.0,5036,20
2016,7,29,22,21.1,77,0,0.0,5037,21
2016,7,29,23,20.0,81,0,0.0,5038,22
2016,7,29,24,18.9,87,0,0.0,5039,23
2016,7,30,1,18.9,87,0,1.5,5040,0
2016,7,30,2,18.3,90,0,1.5,5041,1
2016,7,30,3,16.7,93,0,0.0,5042,2
2016,7,30,4,15.6,96,0,0.0,5043,3
2016,7,30,5,15.0,96,0,0.0,5044,4
2016,7,30,6,16.0,94,0,0.0,5045,5
2016,7,30,7,19.0,94,110,1.5,5046,6
2016,7,30,8,20.6,93,274,2.6,5047,7
2016,7,30,9,21.0,88,462,2.1,5048,8
2016,7,30,10,25.0,71,631,2.6,5049,9
2016,7,30,11,26.1,52,752,4.1,5050,10
2016,7,30,12,28.9,51,806,4.6,5051,11
2016,7,30,13,29.4,46,793,4.6,5052,12
2016,7,30,14,27.8,51,766,4.6,5053,13
2016,7,30,15,29.4,45,750,4.1,5054,14
2016,7,30,16,28.3,49,662,4.6,5055,15
2016,7,30,17,27.8,47,513,5.1,5056,16
2016,7,30,18,26.7,49,351,4.6,5057,17
2016,7,30,19,24.4,54,183,3.1,5058,18
2016,7,30,20,22.2,44,54,2.1,5059,19
2016,7,30,21,21.1,44,3,1.5,5060,20
2016,7,30,22,17.8,55,0,2.1,5061,21
2016,7,30,23,15.6,65,0,0.0,5062,22
2016,7,30,24,15.6,86,0,0.0,5063,23
2016,7,31,1,16.1,87,0,2.1,5064,0
2016,7,31,2,14.4,90,0,0.0,5065,1
2016,7,31,3,15.0,90,0,2.1,5066,2
2016,7,31,4,14.4,93,0,2.1,5067,3
2016,7,31,5,15.6,90,0,2.1,5068,4
2016,7,31,6,16.0,88,0,0.0,5069,5
2016,7,31,7,16.7,90,101,1.5,5070,6
2016,7,31,8,17.8,87,220,2.1,5071,7
2016,7,31,9,18.3,84,318,1.5,5072,8
2016,7,31,10,18.0,63,368,2.1,5073,9
2016,7,31,11,17.8,58,393,1.5,5074,10
2016,7,31,12,20.0,62,354,3.1,5075,11
2016,7,31,13,21.0,83,293,2.6,5076,12
2016,7,31,14,22.0,78,268,2.6,5077,13
2016,7,31,15,21.7,76,217,1.5,5078,14
2016,7,31,16,20.6,81,208,2.1,5079,15
2016,7,31,17,21.7,76,207,2.1,5080,16
2016,7,31,18,21.7,76,132,2.6,5081,17
2016,7,31,19,20.0,87,55,1.4,5082,18
2016,7,31,20,19.5,90,15,1.5,5083,19
2016,7,31,21,19.2,92,1,1.4,5084,20
2016,7,31,22,18.4,94,0,1.4,5085,21
2016,7,31,23,17.4,96,0,1.8,5086,22
2016,7,31,24,16.4,98,0,1.1,5087,23
2022,8,1,1,15.4,99,0,1.1,5088,0
2022,8,1,2,15.4,100,0,1.1,5089,1
2022,8,1,3,15.5,100,0,1.3,5090,2
2022,8,1,4,16.8,97,0,1.9,5091,3
2022,8,1,5,18.6,90,0,2.4,5092,4
2022,8,1,6,20.5,81,0,3.0,5093,5
2022,8,1,7,20.0,87,121,2.6,5094,6
2022,8,1,8,22.2,76,289,3.6,5095,7
2022,8,1,9,23.9,66,469,3.6,5096,8
2022,8,1,10,23.9,64,635,2.6,5097,9
2022,8,1,11,26.1,56,749,5.7,5098,10
2022,8,1,12,27.2,51,816,3.1,5099,11
2022,8,1,13,28.3,46,841,3.1,5100,12
2022,8,1,14,27.8,47,782,4.6,5101,13
2022,8,1,15,28.9,44,607,3.1,5102,14
2022,8,1,16,29.4,43,361,3.6,5103,15
2022,8,1,17,28.3,40,220,4.6,5104,16
2022,8,1,18,28.9,43,192,3.6,5105,17
2022,8,1,19,26.7,49,131,3.6,5106,18
2022,8,1,20,26.1,52,42,3.1,5107,19
2022,8,1,21,25.0,56,2,4.1,5108,20
2022,8,1,22,23.9,62,0,5.1,5109,21
2022,8,1,23,22.8,66,0,3.6,5110,22
2022,8,1,24,22.2,68,0,3.6,5111,23
2022,8,2,1,21.1,73,0,3.1,5112,0
2022,8,2,2,20.6,78,0,3.1,5113,1
2022,8,2,3,21.1,78,0,2.6,5114,2
2022,8,2,4,21.0,83,0,2.1,5115,3
2022,8,2,5,21.0,83,0,2.1,5116,4
2022,8,2,6,22.2,82,0,2.6,5117,5
2022,8,2,7,22.2,82,49,3.1,5118,6
2022,8,2,8,23.3,82,85,3.6,5119,7
2022,8,2,9,23.9,76,146,4.6,5120,8
2022,8,2,10,25.0,71,350,4.6,5121,9
2022,8,2,11,26.7,62,563,5.7,5122,10
2022,8,2,12,26.1,62,635,3.1,5123,11
2022,8,2,13,26.1,62,706,4.6,5124,12
2022,8,2,14,27.2,53,733,8.2,5125,13
2022,8,2,15,26.7,54,631,6.7,5126,14
2022,8,2,16,26.1,54,523,7.7,5127,15
2022,8,2,17,25.6,54,430,7.7,5128,16
2022,8,2,18,23.9,62,285,4.1,5129,17
2022,8,2,19,22.2,66,134,4.1,5130,18
2022,8,2,20,19.4,63,40,2.1,5131,19
2022,8,2,21,19.4,81,2,2.6,5132,20
2022,8,2,22,18.3,90,0,0.0,5133,21
2022,8,2,23,17.0,100,0,1.5,5134,22
2022,8,2,24,15.6,100,0,0.0,5135,23
2022,8,3,1,15.0,100,0,0.0,5136,0
2022,8,3,2,13.9,100,0,0.0,5137,1
2022,8,3,3,13.9,100,0,2.1,5138,2
2022,8,3,4,13.9,100,0,2.6,5139,3
2022,8,3,5,14.0,100,0,2.1,5140,4
2022,8,3,6,14.4,100,0,2.1,5141,5
2022,8,3,7,17.8,93,122,0.0,5142,6
2022,8,3,8,20.6,81,294,3.1,5143,7
2022,8,3,9,22.8,68,479,2.6,5144,8
2022,8,3,10,25.0,56,645,2.6,5145,9
2022,8,3,11,25.6,50,776,1.5,5146,10
2022,8,3,12,27.2,47,867,0.0,5147,11
2022,8,3,13,29.4,36,907,2.6,5148,12
2022,8,3,14,30.6,32,888,2.6,5149,13
2022,8,3,15,32.2,32,818,5.7,5150,14
2022,8,3,16,32.8,31,700,3.1,5151,15
2022,8,3,17,32.2,33,543,5.1,5152,16
2022,8,3,18,31.1,36,362,4.1,5153,17
2022,8,3,19,28.3,44,182,2.1,5154,18
2022,8,3,20,23.3,45,50,2.6,5155,19
2022,8,3,21,24.4,50,2,4.1,5156,20
2022,8,3,22,23.3,53,0,3.1,5157,21
2022,8,3,23,25.0,52,0,0.0,5158,22
2022,8,3,24,23.9,55,0,2.1,5159,23
2022,8,4,1,23.3,60,0,4.1,5160,0
2022,8,4,2,22.8,64,0,3.1,5161,1
2022,8,4,3,22.8,66,0,4.1,5162,2
2022,8,4,4,22.2,71,0,3.6,5163,3
2022,8,4,5,22.0,73,0,2.1,5164,4
2022,8,4,6,22.8,76,0,3.1,5165,5
2022,8,4,7,24.4,71,104,3.6,5166,6
2022,8,4,8,25.0,74,253,3.6,5167,7
2022,8,4,9,27.8,67,431,3.1,5168,8
2022,8,4,10,30.0,59,593,1.5,5169,9
2022,8,4,11,31.7,54,694,2.6,5170,10
2022,8,4,12,29.4,59,699,3.6,5171,11
2022,8,4,13,27.0,56,672,0.0,5172,12
2022,8,4,14,30.1,57,713,4.1,5173,13
2022,8,4,15,28.4,67,532,2.6,5174,14
2022,8,4,16,29.3,66,321,2.1,5175,15
2022,8,4,17,22.2,70,328,1.5,5176,16
2022,8,4,18,21.7,100,238,1.5,5177,17
2022,8,4,19,21.7,100,103,0.0,5178,18
2022,8,4,20,20.6,100,31,1.5,5179,19
2022,8,4,21,20.6,100,1,2.1,5180,20
2022,8,4,22,20.6,100,0,1.5,5181,21
2022,8,4,23,20.6,100,0,1.5,5182,22
2022,8,4,24,20.6,100,0,1.5,5183,23
2022,8,5,1,20.6,100,0,0.0,5184,0
2022,8,5,2,20.0,100,0,0.0,5185,1
2022,8,5,3,20.0,100,0,0.0,5186,2
2022,8,5,4,20.0,100,0,1.5,5187,3
2022,8,5,5,20.0,100,0,0.0,5188,4
2022,8,5,6,20.0,100,0,0.0,5189,5
2022,8,5,7,21.7,100,62,0.0,5190,6
2022,8,5,8,22.2,100,137,0.0,5191,7
2022,8,5,9,23.3,91,184,0.0,5192,8
2022,8,5,10,24.4,85,225,0.0,5193,9
2022,8,5,11,27.2,69,355,0.0,5194,10
2022,8,5,12,27.8,65,507,0.0,5195,11
2022,8,5,13,30.0,59,626,2.6,5196,12
2022,8,5,14,30.0,57,656,1.5,5197,13
2022,8,5,15,29.0,62,626,2.6,5198,14
2022,8,5,16,23.3,71,550,2.1,5199,15
2022,8,5,17,23.3,94,367,0.0,5200,16
2022,8,5,18,23.9,63,221,0.0,5201,17
2022,8,5,19,23.3,72,113,0.0,5202,18
2022,8,5,20,22.2,79,28,2.1,5203,19
2022,8,5,21,21.7,100,1,1.5,5204,20
2022,8,5,22,21.0,100,0,1.5,5205,21
2022,8,5,23,21.1,100,0,2.1,5206,22
2022,8,5,24,20.6,100,0,0.0,5207,23
2022,8,6,1,20.0,100,0,0.0,5208,0
2022,8,6,2,19.0,100,0,2.1,5209,1
2022,8,6,3,20.0,100,0,0.0,5210,2
2022,8,6,4,19.0,100,0,1.5,5211,3
2022,8,6,5,19.0,100,0,0.0,5212,4
2022,8,6,6,20.6,100,0,2.1,5213,5
2022,8,6,7,22.8,94,89,3.6,5214,6
2022,8,6,8,24.4,85,233,4.1,5215,7
2022,8,6,9,25.6,76,397,2.6,5216,8
2022,8,6,10,27.2,69,525,2.6,5217,9
2022,8,6,11,28.3,67,637,2.6,5218,10
2022,8,6,12,30.0,59,696,4.6,5219,11
2022,8,6,13,31.7,52,719,3.6,5220,12
2022,8,6,14,30.0,55,690,4.6,5221,13
2022,8,6,15,28.9,57,546,3.6,5222,14
2022,8,6,16,31.7,54,434,3.6,5223,15
2022,8,6,17,27.8,50,360,2.1,5224,16
2022,8,6,18,29.4,61,242,1.5,5225,17
2022,8,6,19,26.1,62,121,1.5,5226,18
2022,8,6,20,21.7,66,35,2.1,5227,19
2022,8,6,21,21.7,70,1,2.6,5228,20
2022,8,6,22,22.0,72,0,2.1,5229,21
2022,8,6,23,23.3,76,0,2.6,5230,22
2022,8,6,24,23.3,78,0,3.1,5231,23
2022,8,7,1,23.0,78,0,2.6,5232,0
2022,8,7,2,22.8,100,0,3.1,5233,1
2022,8,7,3,22.8,100,0,2.6,5234,2
2022,8,7,4,22.8,100,0,1.5,5235,3
2022,8,7,5,22.0,100,0,2.1,5236,4
2022,8,7,6,22.8,100,0,3.1,5237,5
2022,8,7,7,23.9,90,81,4.6,5238,6
2022,8,7,8,24.4,88,238,4.1,5239,7
2022,8,7,9,25.0,82,403,3.6,5240,8
2022,8,7,10,27.2,74,466,3.1,5241,9
2022,8,7,11,27.8,69,570,2.6,5242,10
2022,8,7,12,29.4,63,681,2.6,5243,11
2022,8,7,13,30.0,59,674,2.6,5244,12
2022,8,7,14,31.1,55,674,3.6,5245,13
2022,8,7,15,31.7,54,618,5.1,5246,14
2022,8,7,16,31.7,54,510,3.1,5247,15
2022,8,7,17,30.0,57,390,3.1,5248,16
2022,8,7,18,30.6,55,253,3.1,5249,17
2022,8,7,19,28.3,65,132,2.6,5250,18
2022,8,7,20,26.7,69,36,3.1,5251,19
2022,8,7,21,25.6,74,1,2.6,5252,20
2022,8,7,22,25.6,74,0,3.1,5253,21
2022,8,7,23,25.6,76,0,3.6,5254,22
2022,8,7,24,24.4,85,0,3.1,5255,23
2022,8,8,1,23.9,90,0,2.6,5256,0
2022,8,8,2,23.3,94,0,2.1,5257,1
2022,8,8,3,23.0,94,0,2.1,5258,2
2022,8,8,4,22.8,96,0,2.6,5259,3
2022,8,8,5,23.0,94,0,3.1,5260,4
2022,8,8,6,22.8,100,0,3.1,5261,5
2022,8,8,7,24.4,88,101,4.1,5262,6
2022,8,8,8,26.1,79,262,5.7,5263,7
2022,8,8,9,27.2,74,442,4.6,5264,8
2022,8,8,10,26.7,76,604,4.1,5265,9
2022,8,8,11,28.9,67,688,5.1,5266,10
2022,8,8,12,30.6,61,738,6.7,5267,11
2022,8,8,13,30.0,59,734,6.2,5268,12
2022,8,8,14,25.6,48,690,3.1,5269,13
2022,8,8,15,28.3,46,565,9.8,5270,14
2022,8,8,16,26.7,51,326,6.7,5271,15
2022,8,8,17,27.8,67,153,3.6,5272,16
2022,8,8,18,27.2,67,78,4.6,5273,17
2022,8,8,19,27.2,67,52,4.1,5274,18
2022,8,8,20,27.2,67,23,4.1,5275,19
2022,8,8,21,26.7,69,1,5.1,5276,20
2022,8,8,22,26.1,72,0,2.6,5277,21
2022,8,8,23,26.1,74,0,3.6,5278,22
2022,8,8,24,25.6,79,0,3.1,5279,23
2022,8,9,1,25.6,79,0,4.1,5280,0
2022,8,9,2,25.0,84,0,2.6,5281,1
2022,8,9,3,24.0,94,0,2.6,5282,2
2022,8,9,4,25.0,84,0,3.1,5283,3
2022,8,9,5,25.0,83,0,3.1,5284,4
2022,8,9,6,23.3,100,0,4.6,5285,5
2022,8,9,7,20.6,100,12,5.1,5286,6
2022,8,9,8,18.9,100,35,3.1,5287,7
2022,8,9,9,18.9,100,61,5.7,5288,8
2022,8,9,10,19.4,97,86,4.1,5289,9
2022,8,9,11,20.6,87,159,4.6,5290,10
2022,8,9,12,20.6,84,260,4.1,5291,11
2022,8,9,13,21.1,78,405,4.1,5292,12
2022,8,9,14,22.2,73,414,5.1,5293,13
2022,8,9,15,22.8,68,335,5.1,5294,14
2022,8,9,16,22.8,64,302,5.7,5295,15
2022,8,9,17,22.8,61,232,3.6,5296,16
2022,8,9,18,21.7,66,163,4.6,5297,17
2022,8,9,19,20.0,76,82,3.1,5298,18
2022,8,9,20,17.8,93,22,0.0,5299,19
2022,8,9,21,18.3,90,0,0.0,5300,20
2022,8,9,22,18.3,93,0,0.0,5301,21
2022,8,9,23,18.0,100,0,0.0,5302,22
2022,8,9,24,18.3,93,0,0.0,5303,23
2022,8,10,1,17.8,96,0,0.0,5304,0
2022,8,10,2,17.8,96,0,0.0,5305,1
2022,8,10,3,16.7,100,0,0.0,5306,2
2022,8,10,4,16.0,100,0,0.0,5307,3
2022,8,10,5,15.0,100,0,0.0,5308,4
2022,8,10,6,16.7,100,0,0.0,5309,5
2022,8,10,7,17.2,100,87,1.5,5310,6
2022,8,10,8,17.8,100,222,0.0,5311,7
2022,8,10,9,18.3,93,309,0.0,5312,8
2022,8,10,10,18.9,84,326,0.0,5313,9
2022,8,10,11,19.4,76,323,2.6,5314,10
2022,8,10,12,21.7,63,332,3.6,5315,11
2022,8,10,13,22.8,57,384,3.6,5316,12
2022,8,10,14,23.3,55,433,4.1,5317,13
2022,8,10,15,23.9,57,373,2.1,5318,14
2022,8,10,16,24.4,52,315,2.6,5319,15
2022,8,10,17,23.9,55,283,3.1,5320,16
2022,8,10,18,23.3,60,191,2.1,5321,17
2022,8,10,19,20.6,75,103,0.0,5322,18
2022,8,10,20,17.8,65,29,2.1,5323,19
2022,8,10,21,17.2,74,0,1.5,5324,20
2022,8,10,22,18.0,88,0,1.5,5325,21
2022,8,10,23,16.7,93,0,1.5,5326,22
2022,8,10,24,15.6,100,0,1.5,5327,23
2022,8,11,1,15.6,100,0,1.5,5328,0
2022,8,11,2,14.4,100,0,1.5,5329,1
2022,8,11,3,13.0,100,0,0.0,5330,2
2022,8,11,4,13.0,100,0,2.1,5331,3
2022,8,11,5,13.0,100,0,0.0,5332,4
2022,8,11,6,13.3,100,0,0.0,5333,5
2022,8,11,7,17.8,87,103,0.0,5334,6
2022,8,11,8,20.6,73,269,1.5,5335,7
2022,8,11,9,22.8,68,440,2.6,5336,8
2022,8,11,10,22.8,68,597,4.6,5337,9
2022,8,11,11,23.3,58,688,3.6,5338,10
2022,8,11,12,25.6,52,653,4.6,5339,11
2022,8,11,13,25.6,47,644,4.6,5340,12
2022,8,11,14,25.6,42,739,6.7,5341,13
2022,8,11,15,25.6,37,750,6.7,5342,14
2022,8,11,16,24.4,38,631,6.2,5343,15
2022,8,11,17,24.4,52,458,5.7,5344,16
2022,8,11,18,23.3,53,281,5.1,5345,17
2022,8,11,19,21.1,57,136,3.1,5346,18
2022,8,11,20,18.9,63,35,2.6,5347,19
2022,8,11,21,17.2,70,0,2.1,5348,20
2022,8,11,22,15.0,64,0,1.5,5349,21
2022,8,11,23,15.6,80,0,2.6,5350,22
2022,8,11,24,15.0,83,0,1.5,5351,23
2022,8,12,1,12.8,75,0,2.6,5352,0
2022,8,12,2,13.9,89,0,2.1,5353,1
2022,8,12,3,14.4,75,0,2.1,5354,2
2022,8,12,4,12.8,77,0,2.1,5355,3
2022,8,12,5,11.0,100,0,0.0,5356,4
2022,8,12,6,12.2,86,0,2.1,5357,5
2022,8,12,7,14.4,78,105,0.0,5358,6
2022,8,12,8,17.2,65,276,0.0,5359,7
2022,8,12,9,18.9,59,462,4.6,5360,8
2022,8,12,10,20.0,49,632,1.5,5361,9
2022,8,12,11,20.6,45,737,6.7,5362,10
2022,8,12,12,21.7,42,811,4.1,5363,11
2022,8,12,13,21.7,45,863,4.6,5364,12
2022,8,12,14,22.8,42,857,6.2,5365,13
2022,8,12,15,22.8,38,801,5.1,5366,14
2022,8,12,16,22.2,40,682,6.2,5367,15
2022,8,12,17,21.7,39,523,7.2,5368,16
2022,8,12,18,20.6,44,342,4.6,5369,17
2022,8,12,19,18.9,47,160,2.1,5370,18
2022,8,12,20,19.4,45,37,2.1,5371,19
2022,8,12,21,13.0,56,0,2.6,5372,20
2022,8,12,22,15.6,64,0,1.5,5373,21
2022,8,12,23,11.1,89,0,2.6,5374,22
2022,8,12,24,10.0,73,0,1.5,5375,23
2022,8,13,1,10.0,75,0,2.6,5376,0
2022,8,13,2,9.4,78,0,1.7,5377,1
2022,8,13,3,8.3,100,0,0.9,5378,2
2022,8,13,4,8.9,100,0,0.0,5379,3
2022,8,13,5,8.0,100,0,2.6,5380,4
2022,8,13,6,8.9,79,0,2.1,5381,5
2022,8,13,7,12.2,86,106,0.0,5382,6
2022,8,13,8,16.1,67,279,0.0,5383,7
2022,8,13,9,18.9,59,470,2.1,5384,8
2022,8,13,10,20.6,49,646,2.1,5385,9
2022,8,13,11,22.2,46,787,4.1,5386,10
2022,8,13,12,22.8,39,879,3.6,5387,11
2022,8,13,13,23.3,41,915,5.1,5388,12
2022,8,13,14,23.3,41,894,2.6,5389,13
2022,8,13,15,23.9,37,817,3.1,5390,14
2022,8,13,16,24.4,37,692,2.1,5391,15
2022,8,13,17,23.9,38,529,4.1,5392,16
2022,8,13,18,22.8,39,342,1.5,5393,17
2022,8,13,19,20.0,40,157,1.5,5394,18
2022,8,13,20,15.6,45,35,2.1,5395,19
2022,8,13,21,15.6,69,0,2.6,5396,20
2022,8,13,22,15.6,69,0,2.6,5397,21
2022,8,13,23,12.2,71,0,2.6,5398,22
2022,8,13,24,12.2,77,0,2.6,5399,23
2022,8,14,1,11.7,96,0,2.6,5400,0
2022,8,14,2,11.1,97,0,2.3,5401,1
2022,8,14,3,10.6,96,0,2.1,5402,2
2022,8,14,4,10.6,96,0,1.5,5403,3
2022,8,14,5,10.0,93,0,2.1,5404,4
2022,8,14,6,10.6,96,0,3.1,5405,5
2022,8,14,7,13.3,80,98,2.6,5406,6
2022,8,14,8,16.7,70,266,2.6,5407,7
2022,8,14,9,20.0,59,444,0.0,5408,8
2022,8,14,10,22.8,48,618,2.1,5409,9
2022,8,14,11,23.9,43,765,0.0,5410,10
2022,8,14,12,25.6,40,843,0.0,5411,11
2022,8,14,13,27.2,37,775,2.1,5412,12
2022,8,14,14,26.7,35,540,1.5,5413,13
2022,8,14,15,26.7,33,393,2.6,5414,14
2022,8,14,16,26.7,36,379,1.5,5415,15
2022,8,14,17,26.7,30,282,2.6,5416,16
2022,8,14,18,23.9,46,160,4.1,5417,17
2022,8,14,19,22.2,41,82,3.1,5418,18
2022,8,14,20,21.1,55,21,3.6,5419,19
2022,8,14,21,20.6,59,0,2.6,5420,20
2022,8,14,22,19.4,63,0,1.5,5421,21
2022,8,14,23,17.8,67,0,0.0,5422,22
2022,8,14,24,16.7,72,0,1.0,5423,23
2022,8,15,1,15.0,66,0,2.1,5424,0
2022,8,15,2,15.0,81,0,2.1,5425,1
2022,8,15,3,13.9,71,0,0.0,5426,2
2022,8,15,4,12.8,73,0,2.1,5427,3
2022,8,15,5,13.0,94,0,3.1,5428,4
2022,8,15,6,13.3,90,0,2.1,5429,5
2022,8,15,7,16.7,78,91,2.1,5430,6
2022,8,15,8,20.6,63,232,1.5,5431,7
2022,8,15,9,23.3,55,405,2.1,5432,8
2022,8,15,10,23.9,51,589,2.6,5433,9
2022,8,15,11,25.6,48,656,2.6,5434,10
2022,8,15,12,25.6,42,563,0.0,5435,11
2022,8,15,13,24.4,44,485,3.1,5436,12
2022,8,15,14,23.9,44,562,2.1,5437,13
2022,8,15,15,25.6,50,564,3.6,5438,14
2022,8,15,16,26.0,48,352,3.6,5439,15
2022,8,15,17,25.0,42,179,2.6,5440,16
2022,8,15,18,22.8,44,116,2.1,5441,17
2022,8,15,19,21.7,57,65,2.6,5442,18
2022,8,15,20,20.6,65,20,1.5,5443,19
2022,8,15,21,19.4,70,0,1.5,5444,20
2022,8,15,22,19.0,73,0,1.5,5445,21
2022,8,15,23,17.8,80,0,1.5,5446,22
2022,8,15,24,17.8,80,0,0.0,5447,23
2022,8,16,1,16.1,72,0,0.0,5448,0
2022,8,16,2,16.1,73,0,0.0,5449,1
2022,8,16,3,15.6,76,0,2.1,5450,2
2022,8,16,4,16.1,78,0,2.1,5451,3
2022,8,16,5,16.0,100,0,0.0,5452,4
2022,8,16,6,16.1,100,0,2.1,5453,5
2022,8,16,7,17.2,93,61,0.0,5454,6
2022,8,16,8,18.3,84,153,0.0,5455,7
2022,8,16,9,20.6,70,277,0.0,5456,8
2022,8,16,10,23.3,60,414,0.0,5457,9
2022,8,16,11,25.0,58,508,2.1,5458,10
2022,8,16,12,26.0,54,602,3.6,5459,11
2022,8,16,13,23.0,51,625,2.6,5460,12
2022,8,16,14,22.0,64,534,2.1,5461,13
2022,8,16,15,19.4,49,476,3.6,5462,14
2022,8,16,16,20.0,49,436,3.6,5463,15
2022,8,16,17,18.9,52,320,3.6,5464,16
2022,8,16,18,18.3,62,187,2.6,5465,17
2022,8,16,19,17.2,87,88,0.0,5466,18
2022,8,16,20,15.6,76,21,2.1,5467,19
2022,8,16,21,14.4,100,0,0.0,5468,20
2022,8,16,22,14.0,100,0,1.5,5469,21
2022,8,16,23,15.6,93,0,2.6,5470,22
2022,8,16,24,15.0,96,0,1.3,5471,23
2022,8,17,1,13.0,100,0,0.0,5472,0
2022,8,17,2,13.0,100,0,0.0,5473,1
2022,8,17,3,13.0,100,0,0.0,5474,2
2022,8,17,4,14.0,100,0,1.5,5475,3
2022,8,17,5,13.0,78,0,0.0,5476,4
2022,8,17,6,13.3,100,0,0.0,5477,5
2022,8,17,7,14.4,100,60,0.0,5478,6
2022,8,17,8,16.1,100,166,0.0,5479,7
2022,8,17,9,18.3,87,279,0.0,5480,8
2022,8,17,10,20.6,73,434,0.0,5481,9
2022,8,17,11,21.7,68,554,1.5,5482,10
2022,8,17,12,23.3,55,546,0.0,5483,11
2022,8,17,13,25.0,48,560,1.5,5484,12
2022,8,17,14,25.0,50,646,3.1,5485,13
2022,8,17,15,25.0,57,606,4.6,5486,14
2022,8,17,16,16.7,93,476,2.3,5487,15
2022,8,17,17,17.0,82,342,0.0,5488,16
2022,8,17,18,22.3,49,196,2.1,5489,17
2022,8,17,19,21.6,52,90,1.5,5490,18
2022,8,17,20,19.8,64,21,0.0,5491,19
2022,8,17,21,18.8,70,0,0.0,5492,20
2022,8,17,22,17.8,78,0,1.5,5493,21
2022,8,17,23,13.0,100,0,0.0,5494,22
2022,8,17,24,13.0,94,0,1.5,5495,23
2022,8,18,1,11.7,100,0,0.0,5496,0
2022,8,18,2,15.2,100,0,0.0,5497,1
2022,8,18,3,15.1,100,0,1.5,5498,2
2022,8,18,4,14.8,100,0,2.6,5499,3
2022,8,18,5,12.0,100,0,1.5,5500,4
2022,8,18,6,12.0,100,0,2.1,5501,5
2022,8,18,7,14.4,100,67,0.0,5502,6
2022,8,18,8,16.0,100,191,0.0,5503,7
2022,8,18,9,18.0,94,346,1.5,5504,8
2022,8,18,10,21.0,73,513,4.1,5505,9
2022,8,18,11,22.8,61,657,5.1,5506,10
2022,8,18,12,24.4,60,742,6.2,5507,11
2022,8,18,13,25.0,58,752,4.1,5508,12
2022,8,18,14,25.6,52,612,4.1,5509,13
2022,8,18,15,25.0,54,443,4.6,5510,14
2022,8,18,16,20.6,47,377,2.6,5511,15
2022,8,18,17,22.2,68,274,2.6,5512,16
2022,8,18,18,22.8,61,162,1.5,5513,17
2022,8,18,19,20.0,60,79,2.1,5514,18
2022,8,18,20,17.2,67,14,0.0,5515,19
2022,8,18,21,16.1,75,0,0.0,5516,20
2022,8,18,22,15.0,78,0,0.0,5517,21
2022,8,18,23,14.4,100,0,0.0,5518,22
2022,8,18,24,14.4,100,0,1.5,5519,23
2022,8,19,1,13.9,100,0,1.5,5520,0
2022,8,19,2,13.3,100,0,2.1,5521,1
2022,8,19,3,13.3,100,0,2.6,5522,2
2022,8,19,4,13.3,100,0,2.6,5523,3
2022,8,19,5,13.0,100,0,3.1,5524,4
2022,8,19,6,13.3,100,0,1.5,5525,5
2022,8,19,7,16.7,93,87,0.0,5526,6
2022,8,19,8,20.6,68,248,0.0,5527,7
2022,8,19,9,22.8,57,433,1.5,5528,8
2022,8,19,10,24.4,50,601,2.1,5529,9
2022,8,19,11,26.1,42,703,3.1,5530,10
2022,8,19,12,26.7,39,734,3.1,5531,11
2022,8,19,13,27.2,39,743,3.1,5532,12
2022,8,19,14,27.8,41,757,3.6,5533,13
2022,8,19,15,28.3,41,683,4.1,5534,14
2022,8,19,16,28.3,40,554,2.6,5535,15
2022,8,19,17,27.8,37,413,0.0,5536,16
2022,8,19,18,27.2,44,245,0.0,5537,17
2022,8,19,19,22.2,42,106,1.5,5538,18
2022,8,19,20,19.4,55,20,2.1,5539,19
2022,8,19,21,20.0,73,0,2.6,5540,20
2022,8,19,22,19.4,76,0,3.1,5541,21
2022,8,19,23,17.8,80,0,2.1,5542,22
2022,8,19,24,17.2,84,0,2.6,5543,23
2022,8,20,1,16.7,86,0,2.6,5544,0
2022,8,20,2,16.1,87,0,2.1,5545,1
2022,8,20,3,16.1,87,0,2.6,5546,2
2022,8,20,4,15.6,86,0,2.6,5547,3
2022,8,20,5,16.0,82,0,3.1,5548,4
2022,8,20,6,15.6,86,0,2.6,5549,5
2022,8,20,7,18.9,75,79,2.1,5550,6
2022,8,20,8,21.7,70,233,1.5,5551,7
2022,8,20,9,24.4,69,409,2.6,5552,8
2022,8,20,10,26.7,60,497,2.6,5553,9
2022,8,20,11,28.9,55,613,5.1,5554,10
2022,8,20,12,30.0,48,620,5.1,5555,11
2022,8,20,13,29.0,48,489,2.6,5556,12
2022,8,20,14,29.0,48,468,5.7,5557,13
2022,8,20,15,29.4,50,514,3.6,5558,14
2022,8,20,16,28.9,40,496,2.1,5559,15
2022,8,20,17,25.0,39,368,3.6,5560,16
2022,8,20,18,25.0,43,197,4.6,5561,17
2022,8,20,19,24.0,49,64,3.1,5562,18
2022,8,20,20,22.2,54,17,2.1,5563,19
2022,8,20,21,22.0,58,0,2.1,5564,20
2022,8,20,22,21.1,64,0,2.6,5565,21
2022,8,20,23,20.0,71,0,1.5,5566,22
2022,8,20,24,18.3,74,0,0.0,5567,23
2022,8,21,1,17.8,76,0,0.0,5568,0
2022,8,21,2,17.8,96,0,1.5,5569,1
2022,8,21,3,20.0,81,0,2.1,5570,2
2022,8,21,4,20.0,78,0,2.1,5571,3
2022,8,21,5,20.0,78,0,1.5,5572,4
2022,8,21,6,21.1,71,0,2.1,5573,5
2022,8,21,7,21.0,73,43,2.6,5574,6
2022,8,21,8,22.2,73,95,5.1,5575,7
2022,8,21,9,20.0,96,114,3.1,5576,8
2022,8,21,10,22.8,90,148,3.6,5577,9
2022,8,21,11,24.4,79,327,6.7,5578,10
2022,8,21,12,26.1,67,515,5.7,5579,11
2022,8,21,13,27.2,61,598,5.7,5580,12
2022,8,21,14,26.7,60,547,5.7,5581,13
2022,8,21,15,25.6,62,439,5.7,5582,14
2022,8,21,16,21.7,60,391,5.7,5583,15
2022,8,21,17,21.1,58,278,5.1,5584,16
2022,8,21,18,21.1,76,142,2.6,5585,17
2022,8,21,19,19.4,87,61,2.6,5586,18
2022,8,21,20,18.9,90,16,2.6,5587,19
2022,8,21,21,20.0,84,0,3.1,5588,20
2022,8,21,22,19.4,87,0,3.6,5589,21
2022,8,21,23,20.0,84,0,3.6,5590,22
2022,8,21,24,20.0,84,0,3.6,5591,23
2022,8,22,1,20.0,87,0,3.6,5592,0
2022,8,22,2,20.0,87,0,2.1,5593,1
2022,8,22,3,19.0,94,0,2.1,5594,2
2022,8,22,4,19.4,93,0,2.1,5595,3
2022,8,22,5,20.0,88,0,2.1,5596,4
2022,8,22,6,19.4,100,0,2.1,5597,5
2022,8,22,7,19.4,100,14,2.1,5598,6
2022,8,22,8,20.6,100,38,2.1,5599,7
2022,8,22,9,20.6,100,83,2.6,5600,8
2022,8,22,10,22.2,93,182,2.6,5601,9
2022,8,22,11,22.2,93,287,2.1,5602,10
2022,8,22,12,25.0,71,335,2.1,5603,11
2022,8,22,13,22.2,91,393,4.6,5604,12
2022,8,22,14,21.0,100,486,2.1,5605,13
2022,8,22,15,22.0,100,437,3.1,5606,14
2022,8,22,16,21.0,100,362,3.6,5607,15
2022,8,22,17,20.6,100,331,0.0,5608,16
2022,8,22,18,22.0,88,199,1.5,5609,17
2022,8,22,19,20.0,100,71,0.0,5610,18
2022,8,22,20,18.3,100,12,0.0,5611,19
2022,8,22,21,17.8,100,0,1.5,5612,20
2022,8,22,22,17.2,100,0,2.1,5613,21
2022,8,22,23,17.0,100,0,0.0,5614,22
2022,8,22,24,17.2,100,0,1.5,5615,23
2022,8,23,1,16.7,100,0,2.1,5616,0
2022,8,23,2,16.7,100,0,1.5,5617,1
2022,8,23,3,17.0,100,0,0.0,5618,2
2022,8,23,4,17.2,100,0,0.0,5619,3
2022,8,23,5,17.0,100,0,0.0,5620,4
2022,8,23,6,17.8,100,0,0.0,5621,5
2022,8,23,7,18.9,100,31,1.5,5622,6
2022,8,23,8,18.0,100,114,2.1,5623,7
2022,8,23,9,19.6,93,261,2.6,5624,8
2022,8,23,10,21.2,87,351,3.1,5625,9
2022,8,23,11,22.8,81,416,3.6,5626,10
2022,8,23,12,22.0,83,553,3.1,5627,11
2022,8,23,13,20.0,67,649,6.7,5628,12
2022,8,23,14,20.0,69,454,3.1,5629,13
2022,8,23,15,21.7,87,223,4.1,5630,14
2022,8,23,16,22.2,82,222,3.6,5631,15
2022,8,23,17,23.3,79,218,3.1,5632,16
2022,8,23,18,22.8,76,157,4.1,5633,17
2022,8,23,19,20.6,87,70,2.1,5634,18
2022,8,23,20,18.3,100,13,0.0,5635,19
2022,8,23,21,17.8,100,0,0.0,5636,20
2022,8,23,22,17.8,100,0,0.0,5637,21
2022,8,23,23,17.2,100,0,1.5,5638,22
2022,8,23,24,16.1,100,0,0.0,5639,23
2022,8,24,1,15.6,100,0,0.0,5640,0
2022,8,24,2,15.0,100,0,0.0,5641,1
2022,8,24,3,14.4,100,0,0.0,5642,2
2022,8,24,4,14.4,100,0,0.0,5643,3
2022,8,24,5,14.0,100,0,0.0,5644,4
2022,8,24,6,13.9,100,0,0.0,5645,5
2022,8,24,7,16.7,100,77,0.0,5646,6
2022,8,24,8,20.0,81,230,3.1,5647,7
2022,8,24,9,21.7,70,411,3.6,5648,8
2022,8,24,10,22.8,64,579,4.1,5649,9
2022,8,24,11,24.4,60,720,4.6,5650,10
2022,8,24,12,25.0,58,790,4.1,5651,11
2022,8,24,13,25.6,52,745,4.1,5652,12
2022,8,24,14,26.7,49,678,5.1,5653,13
2022,8,24,15,26.7,47,601,3.1,5654,14
2022,8,24,16,26.7,49,466,3.1,5655,15
2022,8,24,17,26.1,50,357,2.6,5656,16
2022,8,24,18,24.4,43,242,2.1,5657,17
2022,8,24,19,20.6,50,98,0.0,5658,18
2022,8,24,20,17.8,64,17,0.0,5659,19
2022,8,24,21,16.7,67,0,1.5,5660,20
2022,8,24,22,16.1,73,0,2.1,5661,21
2022,8,24,23,16.1,76,0,1.5,5662,22
2022,8,24,24,15.0,75,0,1.5,5663,23
2022,8,25,1,15.0,100,0,2.6,5664,0
2022,8,25,2,15.0,100,0,2.1,5665,1
2022,8,25,3,14.4,100,0,2.1,5666,2
2022,8,25,4,14.4,100,0,2.1,5667,3
2022,8,25,5,14.0,100,0,1.5,5668,4
2022,8,25,6,14.4,100,0,0.0,5669,5
2022,8,25,7,16.7,96,72,1.5,5670,6
2022,8,25,8,20.6,84,221,1.5,5671,7
2022,8,25,9,22.8,71,393,1.5,5672,8
2022,8,25,10,23.9,64,557,1.5,5673,9
2022,8,25,11,25.6,62,648,3.1,5674,10
2022,8,25,12,26.1,62,693,0.0,5675,11
2022,8,25,13,26.1,62,698,2.6,5676,12
2022,8,25,14,27.2,54,563,2.6,5677,13
2022,8,25,15,27.8,53,519,1.5,5678,14
2022,8,25,16,27.8,51,451,2.1,5679,15
2022,8,25,17,25.0,62,290,2.1,5680,16
2022,8,25,18,24.4,69,188,2.1,5681,17
2022,8,25,19,21.7,81,70,1.5,5682,18
2022,8,25,20,21.7,81,11,2.1,5683,19
2022,8,25,21,21.1,81,0,2.1,5684,20
2022,8,25,22,19.4,87,0,0.0,5685,21
2022,8,25,23,17.8,96,0,0.0,5686,22
2022,8,25,24,17.2,97,0,0.0,5687,23
2022,8,26,1,17.8,100,0,0.0,5688,0
2022,8,26,2,17.8,100,0,2.1,5689,1
2022,8,26,3,17.8,100,0,0.0,5690,2
2022,8,26,4,17.8,100,0,2.1,5691,3
2022,8,26,5,18.0,100,0,3.1,5692,4
2022,8,26,6,18.9,90,0,2.6,5693,5
2022,8,26,7,20.0,84,48,2.6,5694,6
2022,8,26,8,21.1,81,140,2.6,5695,7
2022,8,26,9,22.8,71,289,2.6,5696,8
2022,8,26,10,24.4,69,431,4.1,5697,9
2022,8,26,11,25.6,64,550,2.1,5698,10
2022,8,26,12,27.2,56,686,3.6,5699,11
2022,8,26,13,25.6,60,629,4.1,5700,12
2022,8,26,14,25.6,64,485,3.1,5701,13
2022,8,26,15,25.6,62,437,2.6,5702,14
2022,8,26,16,25.0,65,353,2.6,5703,15
2022,8,26,17,22.2,79,273,2.6,5704,16
2022,8,26,18,21.7,84,182,2.1,5705,17
2022,8,26,19,21.1,81,65,2.1,5706,18
2022,8,26,20,20.6,84,8,0.0,5707,19
2022,8,26,21,18.9,96,0,0.0,5708,20
2022,8,26,22,17.8,100,0,0.0,5709,21
2022,8,26,23,18.3,100,0,2.1,5710,22
2022,8,26,24,18.3,100,0,2.6,5711,23
2022,8,27,1,18.3,100,0,3.1,5712,0
2022,8,27,2,18.0,100,0,4.1,5713,1
2022,8,27,3,17.0,100,0,2.6,5714,2
2022,8,27,4,16.7,100,0,3.6,5715,3
2022,8,27,5,17.0,100,0,3.1,5716,4
2022,8,27,6,17.2,100,0,2.1,5717,5
2022,8,27,7,17.8,96,48,0.0,5718,6
2022,8,27,8,18.3,93,150,0.0,5719,7
2022,8,27,9,20.6,73,282,2.6,5720,8
2022,8,27,10,21.7,68,451,1.5,5721,9
2022,8,27,11,22.2,61,576,3.6,5722,10
2022,8,27,12,21.7,59,628,3.1,5723,11
2022,8,27,13,23.3,57,741,3.6,5724,12
2022,8,27,14,25.0,56,797,5.1,5725,13
2022,8,27,15,24.5,58,724,5.1,5726,14
2022,8,27,16,23.9,60,615,5.1,5727,15
2022,8,27,17,23.9,57,456,3.6,5728,16
2022,8,27,18,22.2,66,272,3.1,5729,17
2022,8,27,19,20.0,73,103,0.0,5730,18
2022,8,27,20,17.2,66,14,2.1,5731,19
2022,8,27,21,16.1,74,0,2.1,5732,20
2022,8,27,22,16.7,93,0,0.0,5733,21
2022,8,27,23,15.6,100,0,0.0,5734,22
2022,8,27,24,13.9,100,0,0.0,5735,23
2022,8,28,1,13.9,100,0,0.0,5736,0
2022,8,28,2,13.9,100,0,0.0,5737,1
2022,8,28,3,13.3,100,0,0.0,5738,2
2022,8,28,4,12.8,100,0,0.0,5739,3
2022,8,28,5,13.0,100,0,0.0,5740,4
2022,8,28,6,13.3,100,0,2.1,5741,5
2022,8,28,7,16.1,93,69,2.1,5742,6
2022,8,28,8,19.4,79,220,1.5,5743,7
2022,8,28,9,22.2,68,404,2.1,5744,8
2022,8,28,10,25.0,58,576,3.6,5745,9
2022,8,28,11,26.7,56,703,2.6,5746,10
2022,8,28,12,28.3,55,772,3.6,5747,11
2022,8,28,13,28.3,51,708,3.6,5748,12
2022,8,28,14,29.4,48,566,2.6,5749,13
2022,8,28,15,29.4,50,478,3.6,5750,14
2022,8,28,16,29.4,51,403,3.1,5751,15
2022,8,28,17,29.4,50,275,5.1,5752,16
2022,8,28,18,27.8,53,143,3.6,5753,17
2022,8,28,19,25.0,60,58,2.6,5754,18
2022,8,28,20,23.3,66,10,3.1,5755,19
2022,8,28,21,22.2,71,0,3.1,5756,20
2022,8,28,22,22.2,73,0,4.6,5757,21
2022,8,28,23,22.2,76,0,4.6,5758,22
2022,8,28,24,21.7,81,0,4.6,5759,23
2022,8,29,1,21.7,87,0,6.2,5760,0
2022,8,29,2,21.7,87,0,6.2,5761,1
2022,8,29,3,21.1,93,0,4.6,5762,2
2022,8,29,4,21.1,93,0,4.6,5763,3
2022,8,29,5,21.0,94,0,4.1,5764,4
2022,8,29,6,21.1,93,0,5.1,5765,5
2022,8,29,7,22.2,91,43,5.7,5766,6
2022,8,29,8,23.9,82,165,5.1,5767,7
2022,8,29,9,26.1,74,328,3.6,5768,8
2022,8,29,10,28.3,67,471,4.6,5769,9
2022,8,29,11,29.4,63,618,5.1,5770,10
2022,8,29,12,31.1,57,728,4.6,5771,11
2022,8,29,13,31.7,56,750,5.1,5772,12
2022,8,29,14,31.7,54,731,7.7,5773,13
2022,8,29,15,31.7,52,654,7.7,5774,14
2022,8,29,16,31.1,54,521,7.2,5775,15
2022,8,29,17,30.6,55,358,8.2,5776,16
2022,8,29,18,28.0,66,183,11.3,5777,17
2022,8,29,19,22.0,58,62,2.6,5778,18
2022,8,29,20,22.8,79,10,3.6,5779,19
2022,8,29,21,22.2,82,0,2.6,5780,20
2022,8,29,22,22.2,65,0,2.6,5781,21
2022,8,29,23,22.2,79,0,4.6,5782,22
2022,8,29,24,22.8,76,0,4.6,5783,23
2022,8,30,1,22.8,79,0,3.6,5784,0
2022,8,30,2,21.7,67,0,4.6,5785,1
2022,8,30,3,21.1,69,0,4.1,5786,2
2022,8,30,4,21.1,87,0,4.6,5787,3
2022,8,30,5,22.0,83,0,3.6,5788,4
2022,8,30,6,21.7,84,0,2.6,5789,5
2022,8,30,7,22.8,79,43,3.1,5790,6
2022,8,30,8,24.4,74,127,4.1,5791,7
2022,8,30,9,25.0,71,240,3.6,5792,8
2022,8,30,10,26.0,70,285,4.1,5793,9
2022,8,30,11,26.7,67,258,5.1,5794,10
2022,8,30,12,26.1,69,250,2.6,5795,11
2022,8,30,13,25.6,71,373,3.1,5796,12
2022,8,30,14,25.6,71,338,5.1,5797,13
2022,8,30,15,23.3,69,163,3.1,5798,14
2022,8,30,16,17.8,96,113,7.7,5799,15
2022,8,30,17,17.8,100,54,1.5,5800,16
2022,8,30,18,18.3,97,20,0.0,5801,17
2022,8,30,19,17.8,100,7,2.1,5802,18
2022,8,30,20,17.8,100,2,1.5,5803,19
2022,8,30,21,17.0,100,0,3.1,5804,20
2022,8,30,22,17.0,100,0,3.1,5805,21
2022,8,30,23,16.7,100,0,2.6,5806,22
2022,8,30,24,16.7,100,0,3.1,5807,23
2022,8,31,1,18.0,100,0,2.1,5808,0
2022,8,31,2,18.3,97,0,3.1,5809,1
2022,8,31,3,18.0,100,0,2.6,5810,2
2022,8,31,4,17.0,88,0,2.6,5811,3
2022,8,31,5,17.0,82,0,4.1,5812,4
2022,8,31,6,14.4,97,0,0.0,5813,5
2022,8,31,7,17.2,90,44,2.6,5814,6
2022,8,31,8,17.8,84,188,4.1,5815,7
2022,8,31,9,19.0,68,368,4.1,5816,8
2022,8,31,10,20.6,59,502,5.7,5817,9
2022,8,31,11,21.7,55,610,6.2,5818,10
2022,8,31,12,22.2,51,632,5.7,5819,11
2022,8,31,13,23.3,50,620,5.1,5820,12
2022,8,31,14,23.9,46,592,7.7,5821,13
2022,8,31,15,23.3,48,468,6.7,5822,14
2022,8,31,16,25.0,45,382,6.2,5823,15
2022,8,31,17,24.4,45,332,6.7,5824,16
2022,8,31,18,22.8,50,207,3.6,5825,17
2022,8,31,19,19.8,57,72,3.0,5826,18
2022,8,31,20,19.4,59,9,3.3,5827,19
2022,8,31,21,19.7,60,0,4.2,5828,20
2022,8,31,22,17.4,69,0,4.2,5829,21
2022,8,31,23,14.9,78,0,4.0,5830,22
2022,8,31,24,12.4,88,0,3.2,5831,23
2020,9,1,1,9.5,100,0,2.2,5832,0
2020,9,1,2,9.3,100,0,2.1,5833,1
2020,9,1,3,9.2,100,0,1.8,5834,2
2020,9,1,4,9.8,98,0,1.8,5835,3
2020,9,1,5,11.0,94,0,1.9,5836,4
2020,9,1,6,12.9,87,0,2.1,5837,5
2020,9,1,7,11.7,93,52,2.1,5838,6
2020,9,1,8,14.4,84,171,2.1,5839,7
2020,9,1,9,16.7,75,332,2.6,5840,8
2020,9,1,10,18.9,61,509,4.1,5841,9
2020,9,1,11,21.1,55,617,4.1,5842,10
2020,9,1,12,23.3,48,696,4.1,5843,11
2020,9,1,13,22.8,53,757,4.1,5844,12
2020,9,1,14,23.3,55,588,4.6,5845,13
2020,9,1,15,23.9,54,382,5.7,5846,14
2020,9,1,16,23.3,60,340,4.1,5847,15
2020,9,1,17,22.8,59,269,4.6,5848,16
2020,9,1,18,21.7,63,133,3.6,5849,17
2020,9,1,19,21.1,66,35,5.1,5850,18
2020,9,1,20,20.6,68,4,3.1,5851,19
2020,9,1,21,20.0,68,0,4.6,5852,20
2020,9,1,22,20.0,70,0,4.1,5853,21
2020,9,1,23,19.4,76,0,4.1,5854,22
2020,9,1,24,19.4,76,0,3.6,5855,23
2020,9,2,1,19.0,83,0,4.1,5856,0
2020,9,2,2,19.0,78,0,4.1,5857,1
2020,9,2,3,18.9,73,0,6.2,5858,2
2020,9,2,4,18.3,76,0,8.2,5859,3
2020,9,2,5,17.8,78,0,4.1,5860,4
2020,9,2,6,17.0,82,0,4.6,5861,5
2020,9,2,7,18.3,78,45,4.6,5862,6
2020,9,2,8,19.4,73,142,4.1,5863,7
2020,9,2,9,20.6,73,303,6.2,5864,8
2020,9,2,10,21.1,71,447,4.6,5865,9
2020,9,2,11,21.1,71,528,4.6,5866,10
2020,9,2,12,21.1,73,525,3.6,5867,11
2020,9,2,13,22.2,71,425,6.2,5868,12
2020,9,2,14,21.7,73,337,6.7,5869,13
2020,9,2,15,21.1,76,263,4.1,5870,14
2020,9,2,16,21.1,76,182,3.6,5871,15
2020,9,2,17,21.7,76,119,4.1,5872,16
2020,9,2,18,21.1,78,75,3.1,5873,17
2020,9,2,19,20.6,81,31,3.6,5874,18
2020,9,2,20,20.6,84,4,5.1,5875,19
2020,9,2,21,20.0,87,0,5.1,5876,20
2020,9,2,22,20.0,88,0,5.1,5877,21
2020,9,2,23,20.0,87,0,3.6,5878,22
2020,9,2,24,20.0,88,0,4.6,5879,23
2020,9,3,1,20.0,87,0,7.2,5880,0
2020,9,3,2,20.0,87,0,6.2,5881,1
2020,9,3,3,20.0,84,0,4.6,5882,2
2020,9,3,4,20.0,83,0,6.7,5883,3
2020,9,3,5,19.4,87,0,5.7,5884,4
2020,9,3,6,19.0,94,0,4.6,5885,5
2020,9,3,7,19.4,90,21,6.2,5886,6
2020,9,3,8,20.0,90,62,5.7,5887,7
2020,9,3,9,21.0,88,89,6.7,5888,8
2020,9,3,10,21.7,87,121,6.2,5889,9
2020,9,3,11,21.7,87,133,6.2,5890,10
2020,9,3,12,22.2,91,106,5.1,5891,11
2020,9,3,13,23.9,84,104,5.7,5892,12
2020,9,3,14,25.0,79,217,4.6,5893,13
2020,9,3,15,24.4,82,325,3.6,5894,14
2020,9,3,16,24.4,85,269,4.1,5895,15
2020,9,3,17,24.4,85,148,4.1,5896,16
2020,9,3,18,24.4,85,59,4.1,5897,17
2020,9,3,19,24.0,89,17,3.6,5898,18
2020,9,3,20,24.0,89,3,2.6,5899,19
2020,9,3,21,23.0,94,0,1.5,5900,20
2020,9,3,22,23.0,78,0,6.2,5901,21
2020,9,3,23,20.6,90,0,1.5,5902,22
2020,9,3,24,21.0,88,0,2.6,5903,23
2020,9,4,1,18.9,96,0,3.1,5904,0
2020,9,4,2,16.7,100,0,0.0,5905,1
2020,9,4,3,17.0,100,0,1.5,5906,2
2020,9,4,4,15.0,100,0,1.5,5907,3
2020,9,4,5,14.4,100,0,0.0,5908,4
2020,9,4,6,15.0,100,0,2.1,5909,5
2020,9,4,7,16.7,100,35,2.1,5910,6
2020,9,4,8,20.0,87,120,1.5,5911,7
2020,9,4,9,22.2,99,247,1.5,5912,8
2020,9,4,10,23.9,87,397,3.6,5913,9
2020,9,4,11,24.4,58,550,4.6,5914,10
2020,9,4,12,23.3,62,580,3.6,5915,11
2020,9,4,13,23.9,64,398,4.6,5916,12
2020,9,4,14,23.3,57,244,5.1,5917,13
2020,9,4,15,24.4,48,303,5.1,5918,14
2020,9,4,16,24.4,50,365,3.6,5919,15
2020,9,4,17,24.4,54,311,4.6,5920,16
2020,9,4,18,22.8,61,191,4.6,5921,17
2020,9,4,19,20.6,68,63,4.1,5922,18
2020,9,4,20,19.4,76,6,2.6,5923,19
2020,9,4,21,17.2,87,0,1.5,5924,20
2020,9,4,22,15.6,93,0,1.5,5925,21
2020,9,4,23,16.7,96,0,2.6,5926,22
2020,9,4,24,18.9,87,0,3.6,5927,23
2020,9,5,1,18.9,90,0,2.6,5928,0
2020,9,5,2,19.0,88,0,4.6,5929,1
2020,9,5,3,18.0,94,0,6.7,5930,2
2020,9,5,4,17.2,90,0,5.7,5931,3
2020,9,5,5,16.7,86,0,3.6,5932,4
2020,9,5,6,16.0,88,0,3.6,5933,5
2020,9,5,7,16.7,80,55,2.6,5934,6
2020,9,5,8,17.2,78,185,3.6,5935,7
2020,9,5,9,18.9,68,367,3.6,5936,8
2020,9,5,10,20.6,57,541,5.1,5937,9
2020,9,5,11,21.1,51,655,5.7,5938,10
2020,9,5,12,22.8,46,742,6.2,5939,11
2020,9,5,13,23.3,45,792,4.6,5940,12
2020,9,5,14,23.3,43,748,7.7,5941,13
2020,9,5,15,23.3,38,660,5.1,5942,14
2020,9,5,16,23.3,40,544,5.1,5943,15
2020,9,5,17,22.2,41,390,4.6,5944,16
2020,9,5,18,20.6,45,224,6.2,5945,17
2020,9,5,19,17.2,54,73,3.1,5946,18
2020,9,5,20,16.1,60,6,2.1,5947,19
2020,9,5,21,15.6,50,0,4.1,5948,20
2020,9,5,22,15.0,69,0,4.1,5949,21
2020,9,5,23,14.4,72,0,2.6,5950,22
2020,9,5,24,12.8,74,0,2.1,5951,23
2020,9,6,1,10.6,89,0,0.0,5952,0
2020,9,6,2,13.2,78,0,0.0,5953,1
2020,9,6,3,13.1,78,0,2.1,5954,2
2020,9,6,4,12.3,100,0,1.5,5955,3
2020,9,6,5,11.9,100,0,1.5,5956,4
2020,9,6,6,11.4,100,0,1.5,5957,5
2020,9,6,7,11.7,89,58,0.0,5958,6
2020,9,6,8,16.1,67,205,2.1,5959,7
2020,9,6,9,14.6,59,392,2.6,5960,8
2020,9,6,10,21.1,46,563,5.7,5961,9
2020,9,6,11,21.7,42,641,5.7,5962,10
2020,9,6,12,22.8,39,625,4.6,5963,11
2020,9,6,13,21.7,42,573,4.6,5964,12
2020,9,6,14,22.2,41,536,4.6,5965,13
2020,9,6,15,21.1,47,432,4.6,5966,14
2020,9,6,16,20.6,53,268,4.1,5967,15
2020,9,6,17,20.6,47,173,5.1,5968,16
2020,9,6,18,18.9,56,89,2.6,5969,17
2020,9,6,19,18.9,54,20,3.6,5970,18
2020,9,6,20,15.6,58,1,0.0,5971,19
2020,9,6,21,14.4,58,0,0.0,5972,20
2020,9,6,22,14.4,63,0,0.0,5973,21
2020,9,6,23,15.0,90,0,2.1,5974,22
2020,9,6,24,13.9,100,0,2.1,5975,23
2020,9,7,1,14.0,100,0,2.1,5976,0
2020,9,7,2,13.3,100,0,2.6,5977,1
2020,9,7,3,13.9,100,0,0.0,5978,2
2020,9,7,4,13.3,100,0,0.0,5979,3
2020,9,7,5,13.0,100,0,0.0,5980,4
2020,9,7,6,11.0,100,0,1.0,5981,5
2020,9,7,7,11.0,100,52,2.1,5982,6
2020,9,7,8,14.4,93,192,0.0,5983,7
2020,9,7,9,14.0,100,370,1.5,5984,8
2020,9,7,10,16.7,80,496,2.1,5985,9
2020,9,7,11,18.9,73,562,2.6,5986,10
2020,9,7,12,20.0,63,631,2.6,5987,11
2020,9,7,13,21.7,57,713,2.1,5988,12
2020,9,7,14,22.2,48,727,0.0,5989,13
2020,9,7,15,22.8,46,578,2.6,5990,14
2020,9,7,16,22.8,44,378,1.5,5991,15
2020,9,7,17,22.8,46,232,1.5,5992,16
2020,9,7,18,20.0,73,129,1.5,5993,17
2020,9,7,19,17.8,70,50,4.1,5994,18
2020,9,7,20,17.2,70,4,2.6,5995,19
2020,9,7,21,17.2,72,0,3.1,5996,20
2020,9,7,22,17.2,75,0,2.6,5997,21
2020,9,7,23,17.2,78,0,2.1,5998,22
2020,9,7,24,17.2,81,0,3.6,5999,23
2020,9,8,1,17.2,81,0,4.1,6000,0
2020,9,8,2,17.8,75,0,6.2,6001,1
2020,9,8,3,17.2,78,0,4.1,6002,2
2020,9,8,4,17.2,75,0,6.2,6003,3
2020,9,8,5,17.2,78,0,5.7,6004,4
2020,9,8,6,17.0,77,0,4.6,6005,5
2020,9,8,7,17.8,78,44,6.2,6006,6
2020,9,8,8,18.9,75,149,6.2,6007,7
2020,9,8,9,20.0,73,243,7.2,6008,8
2020,9,8,10,21.7,68,394,8.2,6009,9
2020,9,8,11,23.9,57,595,9.3,6010,10
2020,9,8,12,25.6,54,681,8.8,6011,11
2020,9,8,13,26.1,48,696,6.7,6012,12
2020,9,8,14,26.1,50,680,6.2,6013,13
2020,9,8,15,25.0,52,549,6.7,6014,14
2020,9,8,16,23.3,47,371,5.1,6015,15
2020,9,8,17,22.8,59,239,3.6,6016,16
2020,9,8,18,21.7,51,121,2.6,6017,17
2020,9,8,19,21.1,52,35,3.6,6018,18
2020,9,8,20,20.6,55,2,1.5,6019,19
2020,9,8,21,20.0,56,0,1.5,6020,20
2020,9,8,22,18.3,58,0,2.1,6021,21
2020,9,8,23,17.2,65,0,0.0,6022,22
2020,9,8,24,17.2,66,0,0.0,6023,23
2020,9,9,1,18.9,81,0,0.0,6024,0
2020,9,9,2,17.8,69,0,1.5,6025,1
2020,9,9,3,17.8,80,0,2.6,6026,2
2020,9,9,4,17.8,84,0,0.0,6027,3
2020,9,9,5,17.2,84,0,3.1,6028,4
2020,9,9,6,17.0,82,0,1.5,6029,5
2020,9,9,7,16.7,93,40,1.5,6030,6
2020,9,9,8,18.3,84,153,1.5,6031,7
2020,9,9,9,20.6,75,293,4.1,6032,8
2020,9,9,10,23.3,66,446,2.6,6033,9
2020,9,9,11,26.1,58,584,2.1,6034,10
2020,9,9,12,27.8,55,674,4.1,6035,11
2020,9,9,13,29.4,48,736,3.6,6036,12
2020,9,9,14,30.6,46,701,3.6,6037,13
2020,9,9,15,29.4,51,547,4.1,6038,14
2020,9,9,16,29.4,50,367,3.1,6039,15
2020,9,9,17,28.3,55,240,2.6,6040,16
2020,9,9,18,26.7,62,136,2.6,6041,17
2020,9,9,19,21.1,87,41,6.2,6042,18
2020,9,9,20,18.9,93,3,3.6,6043,19
2020,9,9,21,17.8,93,0,2.1,6044,20
2020,9,9,22,16.7,100,0,0.0,6045,21
2020,9,9,23,16.1,100,0,0.0,6046,22
2020,9,9,24,16.0,100,0,0.0,6047,23
2020,9,10,1,15.0,100,0,1.5,6048,0
2020,9,10,2,15.6,100,0,2.1,6049,1
2020,9,10,3,15.6,100,0,1.5,6050,2
2020,9,10,4,15.6,100,0,2.6,6051,3
2020,9,10,5,16.1,97,0,2.6,6052,4
2020,9,10,6,16.0,100,0,2.6,6053,5
2020,9,10,7,18.9,90,48,1.5,6054,6
2020,9,10,8,21.7,79,179,3.6,6055,7
2020,9,10,9,23.9,74,357,2.6,6056,8
2020,9,10,10,25.6,67,527,3.1,6057,9
2020,9,10,11,27.8,58,659,3.1,6058,10
2020,9,10,12,29.4,53,737,4.6,6059,11
2020,9,10,13,29.4,46,754,2.6,6060,12
2020,9,10,14,30.6,45,673,3.6,6061,13
2020,9,10,15,30.6,43,590,3.1,6062,14
2020,9,10,16,30.6,46,501,2.1,6063,15
2020,9,10,17,28.3,55,339,4.1,6064,16
2020,9,10,18,26.1,62,179,3.6,6065,17
2020,9,10,19,24.4,69,52,3.1,6066,18
2020,9,10,20,23.3,76,2,2.6,6067,19
2020,9,10,21,20.6,87,0,0.0,6068,20
2020,9,10,22,21.1,84,0,3.1,6069,21
2020,9,10,23,21.1,84,0,3.1,6070,22
2020,9,10,24,20.0,90,0,2.1,6071,23
2020,9,11,1,18.3,97,0,1.5,6072,0
2020,9,11,2,18.9,87,0,1.5,6073,1
2020,9,11,3,16.7,100,0,1.5,6074,2
2020,9,11,4,16.7,100,0,2.6,6075,3
2020,9,11,5,17.8,96,0,1.5,6076,4
2020,9,11,6,18.0,94,0,0.0,6077,5
2020,9,11,7,20.0,90,47,3.1,6078,6
2020,9,11,8,22.2,84,173,3.1,6079,7
2020,9,11,9,23.9,76,347,2.1,6080,8
2020,9,11,10,25.6,71,511,2.1,6081,9
2020,9,11,11,26.7,67,607,3.1,6082,10
2020,9,11,12,27.2,62,638,4.1,6083,11
2020,9,11,13,26.7,67,550,6.2,6084,12
2020,9,11,14,27.2,62,418,2.6,6085,13
2020,9,11,15,26.1,67,433,3.6,6086,14
2020,9,11,16,25.0,74,407,6.2,6087,15
2020,9,11,17,21.7,81,271,4.1,6088,16
2020,9,11,18,21.1,81,145,3.6,6089,17
2020,9,11,19,20.0,84,42,2.1,6090,18
2020,9,11,20,18.0,94,1,4.6,6091,19
2020,9,11,21,18.0,88,0,3.1,6092,20
2020,9,11,22,18.0,88,0,2.1,6093,21
2020,9,11,23,18.0,88,0,2.6,6094,22
2020,9,11,24,17.2,90,0,2.6,6095,23
2020,9,12,1,16.7,96,0,3.1,6096,0
2020,9,12,2,16.1,100,0,3.6,6097,1
2020,9,12,3,16.0,100,0,5.1,6098,2
2020,9,12,4,14.0,100,0,3.6,6099,3
2020,9,12,5,14.0,100,0,3.1,6100,4
2020,9,12,6,13.0,100,0,2.6,6101,5
2020,9,12,7,12.8,96,0,1.5,6102,6
2020,9,12,8,12.8,89,40,3.6,6103,7
2020,9,12,9,12.2,90,110,3.6,6104,8
2020,9,12,10,13.9,77,196,3.6,6105,9
2020,9,12,11,13.3,77,300,4.1,6106,10
2020,9,12,12,14.4,70,449,3.1,6107,11
2020,9,12,13,15.6,64,596,2.1,6108,12
2020,9,12,14,16.7,62,617,4.6,6109,13
2020,9,12,15,17.2,58,562,4.6,6110,14
2020,9,12,16,16.1,60,509,3.6,6111,15
2020,9,12,17,15.6,64,375,4.1,6112,16
2020,9,12,18,13.9,69,193,2.6,6113,17
2020,9,12,19,11.1,83,54,2.6,6114,18
2020,9,12,20,10.6,86,2,2.6,6115,19
2020,9,12,21,9.4,93,0,1.5,6116,20
2020,9,12,22,8.3,97,0,0.0,6117,21
2020,9,12,23,7.2,100,0,0.0,6118,22
2020,9,12,24,6.7,100,0,2.1,6119,23
2020,9,13,1,6.7,100,0,1.5,6120,0
2020,9,13,2,6.0,100,0,0.0,6121,1
2020,9,13,3,7.0,100,0,2.1,6122,2
2020,9,13,4,6.7,100,0,2.1,6123,3
2020,9,13,5,6.7,100,0,2.1,6124,4
2020,9,13,6,7.0,100,0,0.0,6125,5
2020,9,13,7,8.9,100,44,1.5,6126,6
2020,9,13,8,9.4,86,179,4.6,6127,7
2020,9,13,9,11.2,78,346,5.7,6128,8
2020,9,13,10,16.0,77,509,4.6,6129,9
2020,9,13,11,18.3,70,631,6.2,6130,10
2020,9,13,12,20.0,68,680,5.7,6131,11
2020,9,13,13,21.1,63,709,5.7,6132,12
2020,9,13,14,20.6,63,545,6.7,6133,13
2020,9,13,15,20.6,65,357,5.1,6134,14
2020,9,13,16,20.0,52,304,5.1,6135,15
2020,9,13,17,19.4,51,206,5.7,6136,16
2020,9,13,18,18.9,70,112,5.1,6137,17
2020,9,13,19,18.3,73,37,5.1,6138,18
2020,9,13,20,17.2,75,1,4.6,6139,19
2020,9,13,21,16.7,78,0,5.1,6140,20
2020,9,13,22,17.0,77,0,5.7,6141,21
2020,9,13,23,17.2,72,0,6.7,6142,22
2020,9,13,24,16.7,72,0,7.7,6143,23
2020,9,14,1,15.6,78,0,7.2,6144,0
2020,9,14,2,15.6,75,0,6.7,6145,1
2020,9,14,3,15.6,75,0,7.2,6146,2
2020,9,14,4,15.0,77,0,9.3,6147,3
2020,9,14,5,15.0,75,0,7.2,6148,4
2020,9,14,6,14.0,77,0,7.2,6149,5
2020,9,14,7,15.0,75,32,7.2,6150,6
2020,9,14,8,16.1,75,124,5.1,6151,7
2020,9,14,9,16.7,75,262,7.2,6152,8
2020,9,14,10,17.2,75,385,7.2,6153,9
2020,9,14,11,17.8,73,413,4.6,6154,10
2020,9,14,12,17.2,87,313,3.6,6155,11
2020,9,14,13,17.2,93,147,4.6,6156,12
2020,9,14,14,18.3,90,59,4.1,6157,13
2020,9,14,15,18.9,87,57,3.6,6158,14
2020,9,14,16,18.9,90,64,2.6,6159,15
2020,9,14,17,18.9,90,73,2.6,6160,16
2020,9,14,18,18.3,90,59,3.6,6161,17
2020,9,14,19,18.0,94,20,3.1,6162,18
2020,9,14,20,17.8,93,1,2.6,6163,19
2020,9,14,21,18.3,93,0,2.1,6164,20
2020,9,14,22,17.2,97,0,1.5,6165,21
2020,9,14,23,18.0,94,0,3.6,6166,22
2020,9,14,24,17.8,80,0,3.1,6167,23
2020,9,15,1,17.2,81,0,5.1,6168,0
2020,9,15,2,17.0,82,0,6.2,6169,1
2020,9,15,3,15.0,88,0,2.6,6170,2
2020,9,15,4,13.3,90,0,0.0,6171,3
2020,9,15,5,12.8,89,0,2.1,6172,4
2020,9,15,6,13.0,88,0,2.1,6173,5
2020,9,15,7,13.9,87,0,4.6,6174,6
2020,9,15,8,15.0,83,126,7.2,6175,7
2020,9,15,9,15.0,83,247,5.1,6176,8
2020,9,15,10,16.1,70,348,4.1,6177,9
2020,9,15,11,17.2,60,429,5.7,6178,10
2020,9,15,12,17.8,56,496,6.7,6179,11
2020,9,15,13,17.2,54,555,8.2,6180,12
2020,9,15,14,16.7,53,643,6.2,6181,13
2020,9,15,15,16.1,50,620,6.7,6182,14
2020,9,15,16,15.0,47,503,5.1,6183,15
2020,9,15,17,13.9,53,368,4.6,6184,16
2020,9,15,18,11.7,63,186,3.6,6185,17
2020,9,15,19,10.0,71,48,1.5,6186,18
2020,9,15,20,9.4,77,1,1.5,6187,19
2020,9,15,21,10.5,65,0,0.0,6188,20
2020,9,15,22,9.3,75,0,0.0,6189,21
2020,9,15,23,8.3,100,0,1.5,6190,22
2020,9,15,24,8.0,100,0,2.1,6191,23
2020,9,16,1,6.8,100,0,2.1,6192,0
2020,9,16,2,6.7,100,0,2.1,6193,1
2020,9,16,3,6.1,100,0,2.1,6194,2
2020,9,16,4,3.9,100,0,2.1,6195,3
2020,9,16,5,3.3,100,0,2.1,6196,4
2020,9,16,6,3.0,100,0,2.6,6197,5
2020,9,16,7,3.9,100,0,1.5,6198,6
2020,9,16,8,6.1,100,181,0.0,6199,7
2020,9,16,9,6.9,77,369,0.0,6200,8
2020,9,16,10,9.5,61,543,1.5,6201,9
2020,9,16,11,14.4,51,681,2.1,6202,10
2020,9,16,12,15.0,51,769,1.5,6203,11
2020,9,16,13,16.1,50,799,2.6,6204,12
2020,9,16,14,17.2,44,768,0.0,6205,13
2020,9,16,15,17.8,40,679,1.5,6206,14
2020,9,16,16,18.3,40,540,0.0,6207,15
2020,9,16,17,17.2,46,367,2.1,6208,16
2020,9,16,18,14.4,55,182,2.1,6209,17
2020,9,16,19,12.2,64,46,2.1,6210,18
2020,9,16,20,11.7,61,1,1.5,6211,19
2020,9,16,21,11.1,61,0,3.1,6212,20
2020,9,16,22,11.1,61,0,2.6,6213,21
2020,9,16,23,11.1,61,0,2.6,6214,22
2020,9,16,24,11.1,63,0,2.6,6215,23
2020,9,17,1,10.6,65,0,4.6,6216,0
2020,9,17,2,10.6,68,0,4.1,6217,1
2020,9,17,3,10.0,71,0,4.6,6218,2
2020,9,17,4,10.0,71,0,4.1,6219,3
2020,9,17,5,9.4,74,0,3.6,6220,4
2020,9,17,6,9.0,76,0,4.6,6221,5
2020,9,17,7,10.6,71,0,4.1,6222,6
2020,9,17,8,9.1,66,174,3.6,6223,7
2020,9,17,9,10.1,60,359,4.6,6224,8
2020,9,17,10,16.1,58,532,5.1,6225,9
2020,9,17,11,18.3,52,670,4.6,6226,10
2020,9,17,12,20.6,47,759,4.6,6227,11
2020,9,17,13,22.2,43,789,4.6,6228,12
2020,9,17,14,22.8,42,761,6.2,6229,13
2020,9,17,15,22.8,44,675,6.2,6230,14
2020,9,17,16,22.2,43,539,6.2,6231,15
2020,9,17,17,20.6,44,365,6.2,6232,16
2020,9,17,18,18.3,47,179,6.2,6233,17
2020,9,17,19,16.7,53,43,3.6,6234,18
2020,9,17,20,16.1,60,0,4.6,6235,19
2020,9,17,21,15.0,67,0,5.1,6236,20
2020,9,17,22,15.0,69,0,4.6,6237,21
2020,9,17,23,14.4,75,0,3.6,6238,22
2020,9,17,24,12.8,83,0,2.1,6239,23
2020,9,18,1,12.2,86,0,3.6,6240,0
2020,9,18,2,11.7,89,0,2.6,6241,1
2020,9,18,3,12.2,90,0,2.1,6242,2
2020,9,18,4,11.7,89,0,2.6,6243,3
2020,9,18,5,10.6,92,0,1.5,6244,4
2020,9,18,6,10.0,93,0,0.0,6245,5
2020,9,18,7,11.0,100,0,1.5,6246,6
2020,9,18,8,13.9,87,123,1.5,6247,7
2020,9,18,9,16.1,81,264,3.1,6248,8
2020,9,18,10,17.8,73,391,0.0,6249,9
2020,9,18,11,17.8,75,448,2.1,6250,10
2020,9,18,12,16.7,80,377,4.1,6251,11
2020,9,18,13,15.0,71,254,3.1,6252,12
2020,9,18,14,15.0,79,177,3.1,6253,13
2020,9,18,15,16.0,94,109,2.1,6254,14
2020,9,18,16,15.6,93,72,0.0,6255,15
2020,9,18,17,15.6,86,54,2.6,6256,16
2020,9,18,18,14.4,93,31,1.5,6257,17
2020,9,18,19,13.9,96,7,1.5,6258,18
2020,9,18,20,14.4,84,0,2.6,6259,19
2020,9,18,21,12.8,86,0,2.1,6260,20
2020,9,18,22,10.6,92,0,0.0,6261,21
2020,9,18,23,10.0,100,0,1.5,6262,22
2020,9,18,24,12.3,100,0,2.1,6263,23
2020,9,19,1,11.7,100,0,0.0,6264,0
2020,9,19,2,8.9,100,0,0.0,6265,1
2020,9,19,3,11.4,100,0,0.0,6266,2
2020,9,19,4,10.5,100,0,2.1,6267,3
2020,9,19,5,9.9,100,0,0.0,6268,4
2020,9,19,6,9.2,100,0,0.0,6269,5
2020,9,19,7,7.2,100,0,0.0,6270,6
2020,9,19,8,10.6,83,150,2.1,6271,7
2020,9,19,9,12.2,61,318,2.6,6272,8
2020,9,19,10,12.8,57,493,2.1,6273,9
2020,9,19,11,14.4,44,649,6.2,6274,10
2020,9,19,12,15.0,36,738,6.7,6275,11
2020,9,19,13,15.0,33,766,7.2,6276,12
2020,9,19,14,15.6,37,738,6.7,6277,13
2020,9,19,15,14.4,31,647,8.2,6278,14
2020,9,19,16,13.3,37,506,6.2,6279,15
2020,9,19,17,12.2,41,339,6.7,6280,16
2020,9,19,18,10.6,44,165,4.6,6281,17
2020,9,19,19,8.3,56,38,2.1,6282,18
2020,9,19,20,9.4,51,0,1.5,6283,19
2020,9,19,21,9.0,62,0,2.6,6284,20
2020,9,19,22,6.1,62,0,2.1,6285,21
2020,9,19,23,6.1,59,0,3.6,6286,22
2020,9,19,24,5.6,58,0,3.1,6287,23
2020,9,20,1,4.4,67,0,2.1,6288,0
2020,9,20,2,3.3,75,0,1.5,6289,1
2020,9,20,3,4.1,84,0,3.1,6290,2
2020,9,20,4,3.4,87,0,2.6,6291,3
2020,9,20,5,2.9,91,0,0.0,6292,4
2020,9,20,6,2.2,92,0,0.0,6293,5
2020,9,20,7,2.0,96,0,0.0,6294,6
2020,9,20,8,2.9,82,171,1.5,6295,7
2020,9,20,9,5.1,56,357,0.0,6296,8
2020,9,20,10,8.4,46,525,3.6,6297,9
2020,9,20,11,11.7,46,645,3.6,6298,10
2020,9,20,12,13.3,40,719,5.1,6299,11
2020,9,20,13,13.9,38,751,5.1,6300,12
2020,9,20,14,13.3,38,734,3.6,6301,13
2020,9,20,15,14.4,34,658,6.2,6302,14
2020,9,20,16,13.9,37,522,4.6,6303,15
2020,9,20,17,12.8,41,347,4.6,6304,16
2020,9,20,18,10.0,50,163,2.6,6305,17
2020,9,20,19,7.8,58,36,2.6,6306,18
2020,9,20,20,6.7,62,0,3.1,6307,19
2020,9,20,21,7.5,58,0,2.6,6308,20
2020,9,20,22,5.7,82,0,2.1,6309,21
2020,9,20,23,4.1,89,0,0.0,6310,22
2020,9,20,24,3.2,96,0,1.5,6311,23
2020,9,21,1,2.6,100,0,2.1,6312,0
2020,9,21,2,3.1,96,0,2.1,6313,1
2020,9,21,3,3.2,79,0,2.6,6314,2
2020,9,21,4,3.2,100,0,1.5,6315,3
2020,9,21,5,3.5,76,0,1.5,6316,4
2020,9,21,6,3.6,100,0,1.5,6317,5
2020,9,21,7,3.7,79,0,2.1,6318,6
2020,9,21,8,3.9,73,134,0.0,6319,7
2020,9,21,9,5.9,52,331,2.6,6320,8
2020,9,21,10,9.1,39,517,1.5,6321,9
2020,9,21,11,13.9,41,656,2.1,6322,10
2020,9,21,12,15.0,37,741,4.1,6323,11
2020,9,21,13,16.1,35,756,4.6,6324,12
2020,9,21,14,16.1,25,728,2.6,6325,13
2020,9,21,15,16.7,25,654,4.1,6326,14
2020,9,21,16,16.1,26,516,0.0,6327,15
2020,9,21,17,15.6,31,343,2.1,6328,16
2020,9,21,18,12.8,39,159,2.1,6329,17
2020,9,21,19,10.0,47,35,2.6,6330,18
2020,9,21,20,7.8,58,0,2.1,6331,19
2020,9,21,21,7.8,58,0,3.1,6332,20
2020,9,21,22,7.2,76,0,1.5,6333,21
2020,9,21,23,5.6,70,0,2.1,6334,22
2020,9,21,24,4.8,89,0,2.1,6335,23
2020,9,22,1,4.6,92,0,2.1,6336,0
2020,9,22,2,4.3,92,0,2.6,6337,1
2020,9,22,3,3.6,88,0,2.6,6338,2
2020,9,22,4,1.7,92,0,2.1,6339,3
2020,9,22,5,1.1,96,0,2.6,6340,4
2020,9,22,6,0.6,100,0,2.6,6341,5
2020,9,22,7,0.9,89,0,2.6,6342,6
2020,9,22,8,2.3,76,164,2.1,6343,7
2020,9,22,9,5.1,82,350,1.5,6344,8
2020,9,22,10,11.0,40,524,3.1,6345,9
2020,9,22,11,15.0,41,662,2.1,6346,10
2020,9,22,12,16.7,36,749,2.1,6347,11
2020,9,22,13,16.7,35,777,1.5,6348,12
2020,9,22,14,17.8,32,743,0.0,6349,13
2020,9,22,15,17.8,32,652,2.6,6350,14
2020,9,22,16,18.3,30,513,1.5,6351,15
2020,9,22,17,17.8,30,338,0.0,6352,16
2020,9,22,18,12.8,66,154,0.0,6353,17
2020,9,22,19,13.4,73,32,2.1,6354,18
2020,9,22,20,11.5,85,0,1.5,6355,19
2020,9,22,21,7.8,71,0,3.1,6356,20
2020,9,22,22,7.8,73,0,4.1,6357,21
2020,9,22,23,6.7,76,0,2.6,6358,22
2020,9,22,24,5.6,82,0,2.1,6359,23
2020,9,23,1,4.4,89,0,1.5,6360,0
2020,9,23,2,3.9,89,0,2.6,6361,1
2020,9,23,3,3.9,86,0,3.1,6362,2
2020,9,23,4,3.3,89,0,3.1,6363,3
2020,9,23,5,3.3,89,0,2.1,6364,4
2020,9,23,6,5.0,87,0,3.1,6365,5
2020,9,23,7,4.4,86,0,2.1,6366,6
2020,9,23,8,4.0,71,159,1.5,6367,7
2020,9,23,9,6.8,81,341,0.0,6368,8
2020,9,23,10,12.0,41,513,2.6,6369,9
2020,9,23,11,16.1,44,648,4.6,6370,10
2020,9,23,12,17.8,40,732,5.1,6371,11
2020,9,23,13,18.3,37,758,6.7,6372,12
2020,9,23,14,18.9,37,724,5.7,6373,13
2020,9,23,15,18.9,40,633,3.6,6374,14
2020,9,23,16,17.8,45,494,4.1,6375,15
2020,9,23,17,17.2,46,322,4.1,6376,16
2020,9,23,18,14.4,55,144,1.5,6377,17
2020,9,23,19,14.3,77,29,1.5,6378,18
2020,9,23,20,12.9,63,0,0.0,6379,19
2020,9,23,21,12.1,65,0,0.0,6380,20
2020,9,23,22,11.2,71,0,0.0,6381,21
2020,9,23,23,10.4,75,0,0.0,6382,22
2020,9,23,24,10.5,75,0,1.5,6383,23
2020,9,24,1,10.7,96,0,2.1,6384,0
2020,9,24,2,11.1,96,0,1.5,6385,1
2020,9,24,3,11.2,96,0,1.5,6386,2
2020,9,24,4,11.2,79,0,1.5,6387,3
2020,9,24,5,11.5,78,0,1.5,6388,4
2020,9,24,6,11.1,100,0,1.5,6389,5
2020,9,24,7,11.0,100,0,0.0,6390,6
2020,9,24,8,11.9,75,145,0.0,6391,7
2020,9,24,9,13.9,67,316,4.1,6392,8
2020,9,24,10,19.4,63,480,4.6,6393,9
2020,9,24,11,21.7,55,606,7.2,6394,10
2020,9,24,12,23.3,48,645,6.7,6395,11
2020,9,24,13,23.9,46,659,7.7,6396,12
2020,9,24,14,23.9,45,669,6.7,6397,13
2020,9,24,15,24.4,42,603,7.7,6398,14
2020,9,24,16,23.9,36,480,7.2,6399,15
2020,9,24,17,22.8,42,317,6.2,6400,16
2020,9,24,18,20.0,55,140,4.1,6401,17
2020,9,24,19,15.6,69,27,0.0,6402,18
2020,9,24,20,17.0,61,0,0.0,6403,19
2020,9,24,21,16.3,60,0,1.5,6404,20
2020,9,24,22,15.7,67,0,1.5,6405,21
2020,9,24,23,14.3,75,0,1.5,6406,22
2020,9,24,24,14.1,77,0,0.0,6407,23
2020,9,25,1,13.0,100,0,0.0,6408,0
2020,9,25,2,12.9,100,0,1.5,6409,1
2020,9,25,3,12.3,100,0,2.1,6410,2
2020,9,25,4,11.7,100,0,1.5,6411,3
2020,9,25,5,11.1,100,0,3.1,6412,4
2020,9,25,6,11.2,100,0,1.5,6413,5
2020,9,25,7,9.4,100,0,3.1,6414,6
2020,9,25,8,12.8,89,109,1.5,6415,7
2020,9,25,9,13.4,78,243,0.0,6416,8
2020,9,25,10,20.6,65,385,2.6,6417,9
2020,9,25,11,22.2,59,493,4.1,6418,10
2020,9,25,12,22.8,55,514,3.1,6419,11
2020,9,25,13,23.9,51,448,3.1,6420,12
2020,9,25,14,24.4,50,378,1.5,6421,13
2020,9,25,15,25.0,45,305,2.1,6422,14
2020,9,25,16,25.0,43,243,1.5,6423,15
2020,9,25,17,24.4,46,177,1.5,6424,16
2020,9,25,18,21.1,83,77,1.5,6425,17
2020,9,25,19,16.7,80,19,1.5,6426,18
2020,9,25,20,17.0,82,0,0.0,6427,19
2020,9,25,21,15.6,86,0,0.0,6428,20
2020,9,25,22,14.4,90,0,0.0,6429,21
2020,9,25,23,14.4,93,0,0.0,6430,22
2020,9,25,24,12.8,100,0,0.0,6431,23
2020,9,26,1,12.2,100,0,0.0,6432,0
2020,9,26,2,12.8,96,0,1.5,6433,1
2020,9,26,3,12.2,100,0,2.1,6434,2
2020,9,26,4,11.7,100,0,1.5,6435,3
2020,9,26,5,11.7,100,0,2.6,6436,4
2020,9,26,6,12.0,100,0,3.1,6437,5
2020,9,26,7,12.8,100,0,3.1,6438,6
2020,9,26,8,16.1,87,138,1.5,6439,7
2020,9,26,9,14.4,91,310,2.1,6440,8
2020,9,26,10,17.7,74,476,2.6,6441,9
2020,9,26,11,23.9,48,609,2.1,6442,10
2020,9,26,12,25.0,47,693,0.0,6443,11
2020,9,26,13,25.6,45,719,1.5,6444,12
2020,9,26,14,26.1,44,689,2.1,6445,13
2020,9,26,15,26.7,42,599,1.5,6446,14
2020,9,26,16,26.7,41,463,2.1,6447,15
2020,9,26,17,25.6,43,298,2.1,6448,16
2020,9,26,18,20.0,68,127,2.1,6449,17
2020,9,26,19,17.8,75,23,2.6,6450,18
2020,9,26,20,17.8,73,0,2.6,6451,19
2020,9,26,21,18.9,68,0,3.1,6452,20
2020,9,26,22,17.2,75,0,4.1,6453,21
2020,9,26,23,17.2,75,0,4.1,6454,22
2020,9,26,24,16.7,78,0,3.1,6455,23
2020,9,27,1,15.6,83,0,3.6,6456,0
2020,9,27,2,16.7,80,0,3.6,6457,1
2020,9,27,3,15.6,86,0,3.1,6458,2
2020,9,27,4,15.0,87,0,2.1,6459,3
2020,9,27,5,12.2,100,0,2.6,6460,4
2020,9,27,6,14.0,94,0,3.1,6461,5
2020,9,27,7,13.9,89,0,1.5,6462,6
2020,9,27,8,13.2,80,139,3.1,6463,7
2020,9,27,9,18.3,73,312,4.6,6464,8
2020,9,27,10,20.6,65,476,5.1,6465,9
2020,9,27,11,22.2,61,603,6.2,6466,10
2020,9,27,12,25.0,54,661,6.2,6467,11
2020,9,27,13,25.6,50,595,7.2,6468,12
2020,9,27,14,26.1,48,425,5.7,6469,13
2020,9,27,15,25.0,52,295,5.7,6470,14
2020,9,27,16,23.3,60,243,5.1,6471,15
2020,9,27,17,22.2,68,167,4.1,6472,16
2020,9,27,18,20.0,76,69,4.6,6473,17
2020,9,27,19,18.3,84,14,3.6,6474,18
2020,9,27,20,17.8,87,0,5.7,6475,19
2020,9,27,21,17.2,90,0,6.2,6476,20
2020,9,27,22,17.2,90,0,3.1,6477,21
2020,9,27,23,17.0,94,0,4.1,6478,22
2020,9,27,24,17.2,90,0,3.1,6479,23
2020,9,28,1,17.8,87,0,3.1,6480,0
2020,9,28,2,17.8,90,0,3.1,6481,1
2020,9,28,3,17.0,94,0,4.6,6482,2
2020,9,28,4,16.7,96,0,4.1,6483,3
2020,9,28,5,16.1,100,0,4.1,6484,4
2020,9,28,6,16.0,100,0,3.1,6485,5
2020,9,28,7,16.1,100,0,3.6,6486,6
2020,9,28,8,17.2,90,93,2.6,6487,7
2020,9,28,9,18.9,81,229,5.1,6488,8
2020,9,28,10,21.7,68,386,4.6,6489,9
2020,9,28,11,23.9,60,545,6.7,6490,10
2020,9,28,12,24.4,56,649,8.8,6491,11
2020,9,28,13,26.1,50,669,8.2,6492,12
2020,9,28,14,26.7,47,637,7.7,6493,13
2020,9,28,15,27.8,44,556,6.2,6494,14
2020,9,28,16,27.2,49,433,8.2,6495,15
2020,9,28,17,25.0,54,274,5.1,6496,16
2020,9,28,18,22.2,64,110,5.7,6497,17
2020,9,28,19,21.1,66,17,5.1,6498,18
2020,9,28,20,20.6,73,0,3.6,6499,19
2020,9,28,21,19.4,81,0,2.6,6500,20
2020,9,28,22,18.3,87,0,3.1,6501,21
2020,9,28,23,18.3,90,0,3.1,6502,22
2020,9,28,24,17.8,93,0,2.1,6503,23
2020,9,29,1,17.8,93,0,2.1,6504,0
2020,9,29,2,17.8,96,0,3.1,6505,1
2020,9,29,3,18.3,93,0,3.6,6506,2
2020,9,29,4,18.3,93,0,3.6,6507,3
2020,9,29,5,18.3,93,0,4.6,6508,4
2020,9,29,6,18.0,94,0,2.6,6509,5
2020,9,29,7,17.8,100,0,3.6,6510,6
2020,9,29,8,20.0,84,77,2.1,6511,7
2020,9,29,9,21.7,76,194,4.1,6512,8
2020,9,29,10,23.9,64,316,4.6,6513,9
2020,9,29,11,24.4,60,450,7.7,6514,10
2020,9,29,12,26.1,52,565,7.2,6515,11
2020,9,29,13,27.2,49,580,4.6,6516,12
2020,9,29,14,27.2,49,507,5.7,6517,13
2020,9,29,15,27.8,44,386,4.1,6518,14
2020,9,29,16,26.7,47,275,5.1,6519,15
2020,9,29,17,26.1,48,170,6.2,6520,16
2020,9,29,18,23.9,57,64,5.7,6521,17
2020,9,29,19,22.8,64,11,5.1,6522,18
2020,9,29,20,21.7,68,0,4.6,6523,19
2020,9,29,21,21.1,57,0,3.6,6524,20
2020,9,29,22,21.1,76,0,5.7,6525,21
2020,9,29,23,20.6,78,0,4.6,6526,22
2020,9,29,24,20.6,81,0,5.7,6527,23
2020,9,30,1,20.6,81,0,3.6,6528,0
2020,9,30,2,21.1,78,0,4.1,6529,1
2020,9,30,3,21.1,78,0,4.6,6530,2
2020,9,30,4,21.1,78,0,5.1,6531,3
2020,9,30,5,21.1,78,0,4.1,6532,4
2020,9,30,6,18.0,88,0,4.1,6533,5
2020,9,30,7,15.0,93,0,1.5,6534,6
2020,9,30,8,14.4,100,14,4.1,6535,7
2020,9,30,9,13.9,100,33,5.1,6536,8
2020,9,30,10,13.9,100,56,2.6,6537,9
2020,9,30,11,13.9,96,76,0.0,6538,10
2020,9,30,12,14.0,94,85,1.5,6539,11
2020,9,30,13,14.0,94,83,0.0,6540,12
2020,9,30,14,13.9,93,74,1.5,6541,13
2020,9,30,15,13.9,93,59,1.5,6542,14
2020,9,30,16,13.3,100,37,0.0,6543,15
2020,9,30,17,13.3,100,19,0.0,6544,16
2020,9,30,18,12.8,100,10,0.0,6545,17
2020,9,30,19,12.3,100,2,0.4,6546,18
2020,9,30,20,12.1,100,0,0.4,6547,19
2020,9,30,21,12.1,100,0,0.6,6548,20
2020,9,30,22,12.5,100,0,1.3,6549,21
2020,9,30,23,13.2,100,0,1.3,6550,22
2020,9,30,24,13.5,100,0,1.3,6551,23
2014,10,1,1,13.9,100,0,1.0,6552,0
2014,10,1,2,13.8,100,0,0.8,6553,1
2014,10,1,3,13.3,100,0,0.8,6554,2
2014,10,1,4,13.0,100,0,0.8,6555,3
2014,10,1,5,13.4,99,0,0.4,6556,4
2014,10,1,6,14.1,98,0,0.0,6557,5
2014,10,1,7,12.0,100,0,0.0,6558,6
2014,10,1,8,15.5,97,99,0.0,6559,7
2014,10,1,9,16.1,96,203,0.0,6560,8
2014,10,1,10,18.0,88,295,0.0,6561,9
2014,10,1,11,19.4,81,410,2.1,6562,10
2014,10,1,12,20.0,75,476,0.0,6563,11
2014,10,1,13,21.6,68,524,0.0,6564,12
2014,10,1,14,22.7,64,450,3.1,6565,13
2014,10,1,15,20.0,78,339,0.0,6566,14
2014,10,1,16,18.3,70,310,1.5,6567,15
2014,10,1,17,18.3,69,202,0.0,6568,16
2014,10,1,18,16.6,97,74,0.0,6569,17
2014,10,1,19,15.5,97,7,1.5,6570,18
2014,10,1,20,15.5,90,0,1.5,6571,19
2014,10,1,21,15.5,87,0,2.6,6572,20
2014,10,1,22,13.8,93,0,1.5,6573,21
2014,10,1,23,13.3,93,0,2.6,6574,22
2014,10,1,24,12.7,97,0,2.1,6575,23
2014,10,2,1,11.6,100,0,0.0,6576,0
2014,10,2,2,12.2,96,0,2.6,6577,1
2014,10,2,3,11.1,100,0,1.5,6578,2
2014,10,2,4,10.0,93,0,0.0,6579,3
2014,10,2,5,12.0,94,0,1.5,6580,4
2014,10,2,6,12.0,100,0,1.5,6581,5
2014,10,2,7,12.0,100,0,1.5,6582,6
2014,10,2,8,13.0,94,105,1.5,6583,7
2014,10,2,9,17.2,84,254,3.6,6584,8
2014,10,2,10,19.0,73,409,3.1,6585,9
2014,10,2,11,20.0,67,503,2.6,6586,10
2014,10,2,12,20.5,65,433,3.1,6587,11
2014,10,2,13,21.1,63,358,0.0,6588,12
2014,10,2,14,22.2,57,314,2.6,6589,13
2014,10,2,15,22.2,57,278,3.1,6590,14
2014,10,2,16,21.1,61,237,1.5,6591,15
2014,10,2,17,21.1,61,123,2.1,6592,16
2014,10,2,18,17.7,78,42,0.0,6593,17
2014,10,2,19,16.6,81,5,2.1,6594,18
2014,10,2,20,17.2,75,0,2.6,6595,19
2014,10,2,21,15.0,86,0,1.5,6596,20
2014,10,2,22,15.5,83,0,3.1,6597,21
2014,10,2,23,15.0,86,0,2.6,6598,22
2014,10,2,24,13.3,93,0,2.1,6599,23
2014,10,3,1,13.8,93,0,2.1,6600,0
2014,10,3,2,13.8,90,0,3.6,6601,1
2014,10,3,3,13.8,90,0,4.6,6602,2
2014,10,3,4,13.8,90,0,4.6,6603,3
2014,10,3,5,13.0,94,0,2.6,6604,4
2014,10,3,6,14.0,88,0,4.6,6605,5
2014,10,3,7,14.4,87,0,5.7,6606,6
2014,10,3,8,15.5,83,108,6.7,6607,7
2014,10,3,9,16.6,78,265,6.7,6608,8
2014,10,3,10,18.3,70,412,8.2,6609,9
2014,10,3,11,18.8,70,512,6.7,6610,10
2014,10,3,12,20.5,63,548,6.7,6611,11
2014,10,3,13,21.6,61,468,6.7,6612,12
2014,10,3,14,21.1,61,368,9.3,6613,13
2014,10,3,15,20.5,63,331,8.2,6614,14
2014,10,3,16,20.0,67,281,6.7,6615,15
2014,10,3,17,19.4,68,187,7.2,6616,16
2014,10,3,18,18.8,70,67,7.2,6617,17
2014,10,3,19,18.8,70,4,5.7,6618,18
2014,10,3,20,19.0,68,0,7.2,6619,19
2014,10,3,21,16.6,87,0,4.6,6620,20
2014,10,3,22,16.6,84,0,6.7,6621,21
2014,10,3,23,16.6,87,0,6.2,6622,22
2014,10,3,24,16.1,86,0,3.6,6623,23
2014,10,4,1,15.5,90,0,7.7,6624,0
2014,10,4,2,15.0,94,0,6.2,6625,1
2014,10,4,3,15.0,90,0,6.2,6626,2
2014,10,4,4,14.0,94,0,7.2,6627,3
2014,10,4,5,14.0,94,0,5.7,6628,4
2014,10,4,6,14.0,94,0,2.6,6629,5
2014,10,4,7,14.4,93,0,4.6,6630,6
2014,10,4,8,14.4,93,7,2.6,6631,7
2014,10,4,9,13.8,93,33,1.5,6632,8
2014,10,4,10,13.8,93,61,1.5,6633,9
2014,10,4,11,13.8,90,83,1.5,6634,10
2014,10,4,12,12.7,90,105,1.5,6635,11
2014,10,4,13,13.3,89,134,2.6,6636,12
2014,10,4,14,13.3,80,161,4.6,6637,13
2014,10,4,15,14.0,67,183,5.1,6638,14
2014,10,4,16,12.7,57,173,4.1,6639,15
2014,10,4,17,12.7,49,118,4.6,6640,16
2014,10,4,18,10.0,65,54,7.2,6641,17
2014,10,4,19,8.3,80,8,3.1,6642,18
2014,10,4,20,7.2,82,0,2.6,6643,19
2014,10,4,21,7.7,58,0,3.6,6644,20
2014,10,4,22,7.2,60,0,2.6,6645,21
2014,10,4,23,6.1,62,0,2.6,6646,22
2014,10,4,24,5.3,76,0,1.5,6647,23
2014,10,5,1,4.1,82,0,1.5,6648,0
2014,10,5,2,3.8,89,0,2.1,6649,1
2014,10,5,3,3.8,81,0,3.1,6650,2
2014,10,5,4,3.0,85,0,2.6,6651,3
2014,10,5,5,2.7,89,0,1.5,6652,4
2014,10,5,6,2.3,86,0,2.6,6653,5
2014,10,5,7,2.2,85,0,2.1,6654,6
2014,10,5,8,2.9,79,118,2.6,6655,7
2014,10,5,9,4.6,68,286,4.1,6656,8
2014,10,5,10,7.0,66,437,4.1,6657,9
2014,10,5,11,9.4,58,475,4.6,6658,10
2014,10,5,12,10.5,61,380,2.6,6659,11
2014,10,5,13,11.1,56,307,3.1,6660,12
2014,10,5,14,12.2,54,319,3.6,6661,13
2014,10,5,15,11.6,57,317,3.6,6662,14
2014,10,5,16,10.5,61,261,2.6,6663,15
2014,10,5,17,10.0,63,149,2.6,6664,16
2014,10,5,18,10.0,58,44,3.6,6665,17
2014,10,5,19,8.3,63,7,2.6,6666,18
2014,10,5,20,6.6,70,0,2.6,6667,19
2014,10,5,21,5.5,76,0,3.1,6668,20
2014,10,5,22,6.9,76,0,2.1,6669,21
2014,10,5,23,5.5,70,0,2.6,6670,22
2014,10,5,24,5.9,79,0,3.1,6671,23
2014,10,6,1,5.5,76,0,2.6,6672,0
2014,10,6,2,5.5,76,0,5.1,6673,1
2014,10,6,3,6.1,73,0,4.1,6674,2
2014,10,6,4,6.6,68,0,4.1,6675,3
2014,10,6,5,6.6,68,0,5.1,6676,4
2014,10,6,6,7.0,66,0,5.1,6677,5
2014,10,6,7,6.1,68,0,6.7,6678,6
2014,10,6,8,8.3,68,94,6.2,6679,7
2014,10,6,9,10.0,63,196,4.1,6680,8
2014,10,6,10,11.6,59,317,6.2,6681,9
2014,10,6,11,13.3,57,469,5.7,6682,10
2014,10,6,12,16.1,46,576,9.8,6683,11
2014,10,6,13,17.7,45,580,7.7,6684,12
2014,10,6,14,18.8,45,555,6.2,6685,13
2014,10,6,15,18.3,46,520,7.7,6686,14
2014,10,6,16,17.7,48,394,6.7,6687,15
2014,10,6,17,17.2,52,214,4.6,6688,16
2014,10,6,18,16.1,57,66,3.6,6689,17
2014,10,6,19,16.6,56,5,6.2,6690,18
2014,10,6,20,16.1,56,0,5.1,6691,19
2014,10,6,21,15.5,58,0,4.6,6692,20
2014,10,6,22,15.0,60,0,5.7,6693,21
2014,10,6,23,15.5,58,0,6.2,6694,22
2014,10,6,24,15.5,60,0,6.2,6695,23
2014,10,7,1,15.5,62,0,5.1,6696,0
2014,10,7,2,15.5,64,0,5.7,6697,1
2014,10,7,3,15.0,69,0,3.1,6698,2
2014,10,7,4,14.4,77,0,4.6,6699,3
2014,10,7,5,13.8,78,0,5.1,6700,4
2014,10,7,6,14.0,82,0,5.1,6701,5
2014,10,7,7,13.8,80,0,4.1,6702,6
2014,10,7,8,13.8,78,74,4.1,6703,7
2014,10,7,9,16.1,69,173,3.6,6704,8
2014,10,7,10,16.1,64,250,6.7,6705,9
2014,10,7,11,17.7,54,347,5.7,6706,10
2014,10,7,12,18.3,52,432,5.1,6707,11
2014,10,7,13,17.7,56,463,6.7,6708,12
2014,10,7,14,19.4,47,425,5.1,6709,13
2014,10,7,15,19.4,43,419,6.2,6710,14
2014,10,7,16,18.3,48,376,3.1,6711,15
2014,10,7,17,17.7,41,195,3.1,6712,16
2014,10,7,18,16.1,53,55,4.1,6713,17
2014,10,7,19,15.5,58,5,3.6,6714,18
2014,10,7,20,15.5,60,0,4.1,6715,19
2014,10,7,21,16.1,64,0,6.7,6716,20
2014,10,7,22,16.1,69,0,6.7,6717,21
2014,10,7,23,14.4,87,0,3.1,6718,22
2014,10,7,24,13.3,93,0,3.1,6719,23
2014,10,8,1,13.8,93,0,5.7,6720,0
2014,10,8,2,13.0,100,0,3.6,6721,1
2014,10,8,3,12.7,93,0,2.6,6722,2
2014,10,8,4,12.7,93,0,4.6,6723,3
2014,10,8,5,12.2,89,0,4.1,6724,4
2014,10,8,6,12.0,94,0,3.1,6725,5
2014,10,8,7,12.2,83,0,2.6,6726,6
2014,10,8,8,13.8,78,65,5.1,6727,7
2014,10,8,9,15.0,72,204,4.1,6728,8
2014,10,8,10,15.0,72,371,4.1,6729,9
2014,10,8,11,16.1,47,488,5.7,6730,10
2014,10,8,12,17.2,52,519,6.7,6731,11
2014,10,8,13,17.2,46,498,7.2,6732,12
2014,10,8,14,14.4,46,399,6.7,6733,13
2014,10,8,15,15.5,53,309,9.8,6734,14
2014,10,8,16,15.0,44,263,8.8,6735,15
2014,10,8,17,13.3,49,133,5.7,6736,16
2014,10,8,18,12.2,52,28,6.2,6737,17
2014,10,8,19,11.6,52,4,5.7,6738,18
2014,10,8,20,11.1,56,0,4.6,6739,19
2014,10,8,21,10.5,56,0,4.1,6740,20
2014,10,8,22,10.5,58,0,4.6,6741,21
2014,10,8,23,10.5,61,0,4.1,6742,22
2014,10,8,24,10.5,66,0,4.6,6743,23
2014,10,9,1,10.5,66,0,5.1,6744,0
2014,10,9,2,8.8,66,0,3.6,6745,1
2014,10,9,3,6.6,70,0,2.1,6746,2
2014,10,9,4,7.3,65,0,0.0,6747,3
2014,10,9,5,6.5,63,0,0.0,6748,4
2014,10,9,6,6.0,69,0,0.0,6749,5
2014,10,9,7,6.6,82,0,1.5,6750,6
2014,10,9,8,6.3,71,92,2.6,6751,7
2014,10,9,9,8.2,66,226,2.6,6752,8
2014,10,9,10,12.2,59,369,2.1,6753,9
2014,10,9,11,13.3,55,488,4.6,6754,10
2014,10,9,12,14.4,51,498,4.6,6755,11
2014,10,9,13,16.6,44,455,6.7,6756,12
2014,10,9,14,15.5,42,420,6.7,6757,13
2014,10,9,15,16.6,39,400,6.7,6758,14
2014,10,9,16,15.0,39,347,6.2,6759,15
2014,10,9,17,13.3,40,206,5.1,6760,16
2014,10,9,18,10.5,48,66,4.1,6761,17
2014,10,9,19,8.8,56,6,3.1,6762,18
2014,10,9,20,10.3,52,0,4.1,6763,19
2014,10,9,21,8.3,65,0,2.6,6764,20
2014,10,9,22,7.2,70,0,2.6,6765,21
2014,10,9,23,6.6,73,0,3.6,6766,22
2014,10,9,24,6.1,79,0,2.1,6767,23
2014,10,10,1,5.8,93,0,2.1,6768,0
2014,10,10,2,5.6,92,0,0.0,6769,1
2014,10,10,3,4.9,96,0,0.0,6770,2
2014,10,10,4,4.5,96,0,0.0,6771,3
2014,10,10,5,3.9,96,0,0.0,6772,4
2014,10,10,6,3.7,100,0,0.0,6773,5
2014,10,10,7,3.7,100,0,0.0,6774,6
2014,10,10,8,4.3,82,99,0.0,6775,7
2014,10,10,9,6.6,65,253,1.5,6776,8
2014,10,10,10,8.7,76,415,1.5,6777,9
2014,10,10,11,12.7,51,490,2.6,6778,10
2014,10,10,12,13.3,53,444,3.1,6779,11
2014,10,10,13,13.3,53,414,2.6,6780,12
2014,10,10,14,13.8,49,412,2.6,6781,13
2014,10,10,15,15.0,45,372,2.6,6782,14
2014,10,10,16,12.7,53,294,3.1,6783,15
2014,10,10,17,11.1,59,179,1.5,6784,16
2014,10,10,18,10.7,64,64,1.5,6785,17
2014,10,10,19,9.0,68,5,2.1,6786,18
2014,10,10,20,6.1,70,0,0.0,6787,19
2014,10,10,21,5.5,73,0,0.0,6788,20
2014,10,10,22,6.5,96,0,0.0,6789,21
2014,10,10,23,5.5,93,0,1.5,6790,22
2014,10,10,24,6.1,93,0,1.5,6791,23
2014,10,11,1,6.1,89,0,2.6,6792,0
2014,10,11,2,6.1,93,0,2.1,6793,1
2014,10,11,3,5.5,93,0,1.5,6794,2
2014,10,11,4,6.1,89,0,1.5,6795,3
2014,10,11,5,5.5,93,0,2.1,6796,4
2014,10,11,6,6.0,87,0,1.5,6797,5
2014,10,11,7,5.0,96,0,0.0,6798,6
2014,10,11,8,6.1,86,66,2.6,6799,7
2014,10,11,9,7.5,83,179,2.6,6800,8
2014,10,11,10,8.9,69,273,4.1,6801,9
2014,10,11,11,12.2,59,358,3.6,6802,10
2014,10,11,12,13.3,57,419,3.1,6803,11
2014,10,11,13,13.8,60,385,6.2,6804,12
2014,10,11,14,12.2,61,283,3.6,6805,13
2014,10,11,15,12.2,59,201,4.1,6806,14
2014,10,11,16,11.1,66,152,3.6,6807,15
2014,10,11,17,9.4,71,95,2.1,6808,16
2014,10,11,18,9.9,79,35,2.1,6809,17
2014,10,11,19,8.5,70,3,1.5,6810,18
2014,10,11,20,7.3,73,0,1.5,6811,19
2014,10,11,21,6.6,74,0,0.0,6812,20
2014,10,11,22,5.2,79,0,1.5,6813,21
2014,10,11,23,3.9,100,0,1.5,6814,22
2014,10,11,24,3.6,100,0,2.1,6815,23
2014,10,12,1,3.2,96,0,1.5,6816,0
2014,10,12,2,2.4,100,0,2.1,6817,1
2014,10,12,3,2.0,96,0,2.1,6818,2
2014,10,12,4,1.5,100,0,2.1,6819,3
2014,10,12,5,0.9,100,0,2.1,6820,4
2014,10,12,6,0.3,100,0,2.6,6821,5
2014,10,12,7,0.5,100,0,2.6,6822,6
2014,10,12,8,1.6,96,96,0.0,6823,7
2014,10,12,9,3.4,74,258,0.0,6824,8
2014,10,12,10,7.4,66,419,0.0,6825,9
2014,10,12,11,12.2,48,536,0.0,6826,10
2014,10,12,12,12.7,45,612,2.1,6827,11
2014,10,12,13,14.4,42,642,2.6,6828,12
2014,10,12,14,15.0,40,615,1.5,6829,13
2014,10,12,15,15.5,39,530,2.6,6830,14
2014,10,12,16,13.8,42,390,3.6,6831,15
2014,10,12,17,13.3,37,219,1.5,6832,16
2014,10,12,18,9.4,61,69,2.6,6833,17
2014,10,12,19,8.8,66,4,2.1,6834,18
2014,10,12,20,7.2,70,0,2.6,6835,19
2014,10,12,21,6.1,73,0,2.1,6836,20
2014,10,12,22,6.1,70,0,3.1,6837,21
2014,10,12,23,6.4,63,0,3.6,6838,22
2014,10,12,24,6.5,58,0,6.7,6839,23
2014,10,13,1,6.5,58,0,4.6,6840,0
2014,10,13,2,6.6,58,0,5.1,6841,1
2014,10,13,3,7.0,63,0,6.2,6842,2
2014,10,13,4,7.5,66,0,5.1,6843,3
2014,10,13,5,8.3,71,0,3.6,6844,4
2014,10,13,6,12.0,71,0,2.6,6845,5
2014,10,13,7,12.2,77,0,3.6,6846,6
2014,10,13,8,12.7,80,34,4.6,6847,7
2014,10,13,9,13.3,77,99,5.7,6848,8
2014,10,13,10,13.8,80,204,5.1,6849,9
2014,10,13,11,16.6,72,335,5.7,6850,10
2014,10,13,12,16.6,72,433,6.7,6851,11
2014,10,13,13,16.6,72,481,7.7,6852,12
2014,10,13,14,16.6,75,474,5.7,6853,13
2014,10,13,15,16.6,75,413,6.2,6854,14
2014,10,13,16,16.1,63,300,5.1,6855,15
2014,10,13,17,15.5,66,159,5.7,6856,16
2014,10,13,18,15.5,83,49,4.6,6857,17
2014,10,13,19,15.5,83,3,5.7,6858,18
2014,10,13,20,15.0,86,0,6.2,6859,19
2014,10,13,21,15.0,90,0,5.7,6860,20
2014,10,13,22,15.5,87,0,5.1,6861,21
2014,10,13,23,15.5,90,0,4.6,6862,22
2014,10,13,24,15.5,90,0,5.7,6863,23
2014,10,14,1,16.6,87,0,5.7,6864,0
2014,10,14,2,17.0,82,0,4.6,6865,1
2014,10,14,3,17.7,84,0,5.7,6866,2
2014,10,14,4,17.7,84,0,5.7,6867,3
2014,10,14,5,18.3,84,0,5.7,6868,4
2014,10,14,6,18.0,88,0,5.7,6869,5
2014,10,14,7,18.3,84,0,5.1,6870,6
2014,10,14,8,19.4,81,36,6.2,6871,7
2014,10,14,9,20.5,78,79,6.7,6872,8
2014,10,14,10,23.3,69,141,7.7,6873,9
2014,10,14,11,23.3,62,277,7.7,6874,10
2014,10,14,12,23.3,62,394,7.2,6875,11
2014,10,14,13,24.4,58,411,9.3,6876,12
2014,10,14,14,24.4,58,365,7.2,6877,13
2014,10,14,15,23.3,62,307,9.3,6878,14
2014,10,14,16,22.7,66,249,7.2,6879,15
2014,10,14,17,22.2,66,145,7.7,6880,16
2014,10,14,18,21.6,68,39,7.2,6881,17
2014,10,14,19,21.6,68,2,8.2,6882,18
2014,10,14,20,21.1,73,0,8.2,6883,19
2014,10,14,21,21.1,73,0,6.7,6884,20
2014,10,14,22,21.1,75,0,7.2,6885,21
2014,10,14,23,21.1,75,0,6.7,6886,22
2014,10,14,24,21.6,73,0,5.7,6887,23
2014,10,15,1,21.6,73,0,6.7,6888,0
2014,10,15,2,21.1,78,0,6.7,6889,1
2014,10,15,3,21.1,78,0,8.2,6890,2
2014,10,15,4,21.0,78,0,6.2,6891,3
2014,10,15,5,20.5,84,0,5.7,6892,4
2014,10,15,6,21.0,83,0,7.2,6893,5
2014,10,15,7,20.0,90,0,5.1,6894,6
2014,10,15,8,19.4,93,15,6.7,6895,7
2014,10,15,9,20.5,87,39,8.8,6896,8
2014,10,15,10,21.0,83,60,8.8,6897,9
2014,10,15,11,19.0,94,89,2.1,6898,10
2014,10,15,12,18.8,93,112,2.1,6899,11
2014,10,15,13,18.8,93,123,2.6,6900,12
2014,10,15,14,18.8,93,103,2.1,6901,13
2014,10,15,15,18.3,93,49,3.1,6902,14
2014,10,15,16,17.7,93,19,1.5,6903,15
2014,10,15,17,17.2,96,10,3.6,6904,16
2014,10,15,18,16.6,97,3,3.1,6905,17
2014,10,15,19,16.6,93,0,2.6,6906,18
2014,10,15,20,17.2,93,0,4.6,6907,19
2014,10,15,21,17.2,93,0,3.6,6908,20
2014,10,15,22,17.2,96,0,3.1,6909,21
2014,10,15,23,17.0,100,0,2.1,6910,22
2014,10,15,24,17.2,96,0,2.6,6911,23
2014,10,16,1,17.7,97,0,2.1,6912,0
2014,10,16,2,18.0,94,0,1.5,6913,1
2014,10,16,3,17.2,96,0,2.6,6914,2
2014,10,16,4,17.0,100,0,2.6,6915,3
2014,10,16,5,17.0,100,0,0.0,6916,4
2014,10,16,6,17.0,94,0,2.1,6917,5
2014,10,16,7,16.0,100,0,0.0,6918,6
2014,10,16,8,17.0,100,16,0.0,6919,7
2014,10,16,9,18.0,100,64,3.1,6920,8
2014,10,16,10,19.0,83,132,2.1,6921,9
2014,10,16,11,20.5,65,217,2.1,6922,10
2014,10,16,12,21.1,61,332,3.6,6923,11
2014,10,16,13,21.6,55,404,3.1,6924,12
2014,10,16,14,20.5,55,427,3.6,6925,13
2014,10,16,15,21.1,49,390,3.6,6926,14
2014,10,16,16,19.4,52,274,1.5,6927,15
2014,10,16,17,18.8,57,135,2.6,6928,16
2014,10,16,18,15.0,83,32,1.5,6929,17
2014,10,16,19,13.3,71,1,1.5,6930,18
2014,10,16,20,12.0,68,0,0.0,6931,19
2014,10,16,21,12.2,69,0,0.0,6932,20
2014,10,16,22,12.7,72,0,0.0,6933,21
2014,10,16,23,11.1,96,0,0.0,6934,22
2014,10,16,24,10.5,100,0,2.1,6935,23
2014,10,17,1,12.2,89,0,2.6,6936,0
2014,10,17,2,11.6,90,0,2.6,6937,1
2014,10,17,3,11.6,90,0,2.6,6938,2
2014,10,17,4,11.6,90,0,2.1,6939,3
2014,10,17,5,12.2,86,0,2.1,6940,4
2014,10,17,6,11.0,87,0,1.5,6941,5
2014,10,17,7,11.6,90,0,3.1,6942,6
2014,10,17,8,13.3,83,35,3.6,6943,7
2014,10,17,9,14.4,77,121,2.6,6944,8
2014,10,17,10,15.5,72,245,5.7,6945,9
2014,10,17,11,17.2,65,318,5.1,6946,10
2014,10,17,12,17.7,63,272,7.2,6947,11
2014,10,17,13,17.7,61,224,8.8,6948,12
2014,10,17,14,17.7,58,187,7.7,6949,13
2014,10,17,15,18.8,52,196,7.2,6950,14
2014,10,17,16,18.8,50,235,4.6,6951,15
2014,10,17,17,16.6,60,150,3.1,6952,16
2014,10,17,18,16.0,63,38,3.6,6953,17
2014,10,17,19,15.5,62,1,4.1,6954,18
2014,10,17,20,15.5,62,0,4.6,6955,19
2014,10,17,21,15.5,62,0,5.7,6956,20
2014,10,17,22,15.5,62,0,5.1,6957,21
2014,10,17,23,15.5,64,0,3.6,6958,22
2014,10,17,24,15.0,69,0,1.5,6959,23
2014,10,18,1,13.8,80,0,0.0,6960,0
2014,10,18,2,13.8,78,0,0.0,6961,1
2014,10,18,3,13.3,83,0,0.0,6962,2
2014,10,18,4,13.0,94,0,2.6,6963,3
2014,10,18,5,13.0,94,0,0.0,6964,4
2014,10,18,6,13.0,94,0,3.6,6965,5
2014,10,18,7,12.2,93,0,3.1,6966,6
2014,10,18,8,12.2,93,9,2.6,6967,7
2014,10,18,9,12.2,93,32,2.6,6968,8
2014,10,18,10,12.2,89,107,2.1,6969,9
2014,10,18,11,11.6,83,165,3.6,6970,10
2014,10,18,12,12.7,89,225,5.7,6971,11
2014,10,18,13,12.7,87,244,7.2,6972,12
2014,10,18,14,11.1,80,257,5.7,6973,13
2014,10,18,15,10.0,89,284,4.6,6974,14
2014,10,18,16,10.0,89,209,7.2,6975,15
2014,10,18,17,8.8,72,100,6.7,6976,16
2014,10,18,18,8.8,86,19,7.7,6977,17
2014,10,18,19,8.3,93,0,5.7,6978,18
2014,10,18,20,7.7,93,0,7.2,6979,19
2014,10,18,21,7.2,96,0,6.2,6980,20
2014,10,18,22,7.0,100,0,5.7,6981,21
2014,10,18,23,5.5,97,0,6.7,6982,22
2014,10,18,24,5.5,97,0,4.1,6983,23
2014,10,19,1,5.5,93,0,4.6,6984,0
2014,10,19,2,5.0,92,0,5.7,6985,1
2014,10,19,3,4.0,100,0,5.1,6986,2
2014,10,19,4,3.8,93,0,4.1,6987,3
2014,10,19,5,3.0,100,0,5.1,6988,4
2014,10,19,6,2.0,100,0,5.7,6989,5
2014,10,19,7,2.2,85,0,5.1,6990,6
2014,10,19,8,2.7,72,42,4.6,6991,7
2014,10,19,9,2.5,76,120,4.1,6992,8
2014,10,19,10,3.0,81,227,7.2,6993,9
2014,10,19,11,4.4,67,260,7.2,6994,10
2014,10,19,12,4.4,70,244,7.2,6995,11
2014,10,19,13,4.4,67,257,7.2,6996,12
2014,10,19,14,5.0,61,248,7.2,6997,13
2014,10,19,15,5.0,61,221,5.1,6998,14
2014,10,19,16,5.5,59,167,6.2,6999,15
2014,10,19,17,6.1,52,92,3.6,7000,16
2014,10,19,18,4.3,75,27,1.5,7001,17
2014,10,19,19,3.5,67,1,1.5,7002,18
2014,10,19,20,3.1,71,0,0.0,7003,19
2014,10,19,21,3.2,71,0,0.0,7004,20
2014,10,19,22,2.3,75,0,0.0,7005,21
2014,10,19,23,1.7,96,0,0.0,7006,22
2014,10,19,24,1.2,100,0,0.0,7007,23
2014,10,20,1,1.0,91,0,0.0,7008,0
2014,10,20,2,1.6,96,0,0.0,7009,1
2014,10,20,3,1.1,96,0,2.1,7010,2
2014,10,20,4,1.1,96,0,1.5,7011,3
2014,10,20,5,2.0,92,0,2.6,7012,4
2014,10,20,6,2.5,93,0,2.1,7013,5
2014,10,20,7,2.5,96,0,2.1,7014,6
2014,10,20,8,2.4,73,72,3.1,7015,7
2014,10,20,9,3.5,61,219,3.1,7016,8
2014,10,20,10,5.9,65,373,3.1,7017,9
2014,10,20,11,8.3,68,469,3.1,7018,10
2014,10,20,12,8.3,71,497,3.6,7019,11
2014,10,20,13,8.8,71,451,3.6,7020,12
2014,10,20,14,9.4,68,347,2.6,7021,13
2014,10,20,15,10.5,63,290,2.6,7022,14
2014,10,20,16,10.5,66,241,3.1,7023,15
2014,10,20,17,10.5,61,127,4.1,7024,16
2014,10,20,18,10.5,61,32,3.6,7025,17
2014,10,20,19,10.5,61,1,4.1,7026,18
2014,10,20,20,10.0,65,0,4.1,7027,19
2014,10,20,21,10.0,65,0,0.0,7028,20
2014,10,20,22,8.3,65,0,2.1,7029,21
2014,10,20,23,8.8,80,0,2.1,7030,22
2014,10,20,24,7.7,90,0,2.1,7031,23
2014,10,21,1,8.3,86,0,1.5,7032,0
2014,10,21,2,7.7,90,0,0.0,7033,1
2014,10,21,3,7.7,93,0,2.1,7034,2
2014,10,21,4,7.7,90,0,1.5,7035,3
2014,10,21,5,8.3,86,0,1.5,7036,4
2014,10,21,6,8.0,87,0,2.1,7037,5
2014,10,21,7,8.8,83,0,2.1,7038,6
2014,10,21,8,9.4,83,24,1.5,7039,7
2014,10,21,9,9.4,89,71,2.1,7040,8
2014,10,21,10,8.8,80,121,2.6,7041,9
2014,10,21,11,9.7,74,170,2.1,7042,10
2014,10,21,12,12.7,72,194,0.0,7043,11
2014,10,21,13,12.7,72,267,0.0,7044,12
2014,10,21,14,12.7,72,304,0.0,7045,13
2014,10,21,15,12.7,77,225,0.0,7046,14
2014,10,21,16,11.6,86,160,2.6,7047,15
2014,10,21,17,11.1,89,84,1.5,7048,16
2014,10,21,18,11.1,89,15,1.5,7049,17
2014,10,21,19,10.5,93,0,0.0,7050,18
2014,10,21,20,10.0,92,0,2.6,7051,19
2014,10,21,21,9.4,96,0,0.0,7052,20
2014,10,21,22,9.0,100,0,0.0,7053,21
2014,10,21,23,10.0,93,0,2.6,7054,22
2014,10,21,24,10.0,93,0,2.1,7055,23
2014,10,22,1,10.0,93,0,1.5,7056,0
2014,10,22,2,9.4,100,0,2.1,7057,1
2014,10,22,3,9.0,93,0,3.1,7058,2
2014,10,22,4,8.8,97,0,3.6,7059,3
2014,10,22,5,8.3,100,0,3.1,7060,4
2014,10,22,6,8.0,100,0,3.6,7061,5
2014,10,22,7,7.7,97,0,2.6,7062,6
2014,10,22,8,7.7,97,11,4.1,7063,7
2014,10,22,9,7.7,93,40,2.6,7064,8
2014,10,22,10,8.3,93,69,5.1,7065,9
2014,10,22,11,8.8,90,89,4.1,7066,10
2014,10,22,12,9.4,86,94,4.1,7067,11
2014,10,22,13,8.8,93,82,4.6,7068,12
2014,10,22,14,9.4,86,74,4.6,7069,13
2014,10,22,15,8.8,90,67,4.6,7070,14
2014,10,22,16,8.8,90,52,4.1,7071,15
2014,10,22,17,8.3,89,26,5.1,7072,16
2014,10,22,18,8.3,86,5,4.1,7073,17
2014,10,22,19,7.7,90,0,5.1,7074,18
2014,10,22,20,7.7,86,0,5.1,7075,19
2014,10,22,21,7.7,86,0,4.6,7076,20
2014,10,22,22,7.2,89,0,3.6,7077,21
2014,10,22,23,7.2,89,0,4.6,7078,22
2014,10,22,24,6.6,90,0,4.1,7079,23
2014,10,23,1,6.6,86,0,2.1,7080,0
2014,10,23,2,6.6,86,0,3.6,7081,1
2014,10,23,3,6.6,82,0,3.6,7082,2
2014,10,23,4,6.1,85,0,5.1,7083,3
2014,10,23,5,5.5,89,0,5.7,7084,4
2014,10,23,6,6.0,87,0,4.6,7085,5
2014,10,23,7,6.6,86,0,4.1,7086,6
2014,10,23,8,6.6,86,25,5.7,7087,7
2014,10,23,9,7.7,83,56,5.1,7088,8
2014,10,23,10,7.7,83,86,6.2,7089,9
2014,10,23,11,8.3,80,121,6.7,7090,10
2014,10,23,12,8.8,80,156,5.7,7091,11
2014,10,23,13,9.4,77,170,7.7,7092,12
2014,10,23,14,9.4,77,121,6.7,7093,13
2014,10,23,15,9.4,80,58,5.1,7094,14
2014,10,23,16,10.0,77,25,5.7,7095,15
2014,10,23,17,10.0,77,8,6.7,7096,16
2014,10,23,18,9.4,86,2,5.7,7097,17
2014,10,23,19,8.8,97,0,5.1,7098,18
2014,10,23,20,8.8,97,0,4.6,7099,19
2014,10,23,21,8.8,93,0,3.1,7100,20
2014,10,23,22,9.0,93,0,3.1,7101,21
2014,10,23,23,8.0,100,0,5.1,7102,22
2014,10,23,24,8.0,100,0,3.6,7103,23
2014,10,24,1,8.0,100,0,3.6,7104,0
2014,10,24,2,8.0,93,0,4.1,7105,1
2014,10,24,3,8.0,93,0,4.1,7106,2
2014,10,24,4,8.0,93,0,3.1,7107,3
2014,10,24,5,7.0,100,0,3.1,7108,4
2014,10,24,6,7.0,100,0,2.1,7109,5
2014,10,24,7,7.7,93,0,5.1,7110,6
2014,10,24,8,8.3,89,41,6.7,7111,7
2014,10,24,9,9.4,80,136,5.1,7112,8
2014,10,24,10,11.1,74,274,5.7,7113,9
2014,10,24,11,12.2,66,417,6.2,7114,10
2014,10,24,12,13.8,55,527,7.7,7115,11
2014,10,24,13,14.4,53,570,7.7,7116,12
2014,10,24,14,14.4,53,538,6.7,7117,13
2014,10,24,15,14.4,53,449,5.1,7118,14
2014,10,24,16,12.7,59,312,5.1,7119,15
2014,10,24,17,11.1,59,154,2.6,7120,16
2014,10,24,18,9.4,66,36,2.6,7121,17
2014,10,24,19,9.4,54,0,3.6,7122,18
2014,10,24,20,7.7,63,0,2.6,7123,19
2014,10,24,21,7.2,62,0,2.1,7124,20
2014,10,24,22,8.2,67,0,0.0,7125,21
2014,10,24,23,7.5,71,0,0.0,7126,22
2014,10,24,24,7.3,74,0,0.0,7127,23
2014,10,25,1,6.8,96,0,0.0,7128,0
2014,10,25,2,6.7,96,0,0.0,7129,1
2014,10,25,3,6.5,100,0,0.0,7130,2
2014,10,25,4,6.2,96,0,0.0,7131,3
2014,10,25,5,6.0,96,0,1.5,7132,4
2014,10,25,6,6.6,100,0,0.0,7133,5
2014,10,25,7,5.5,97,0,1.5,7134,6
2014,10,25,8,8.3,86,44,1.5,7135,7
2014,10,25,9,8.2,77,110,2.1,7136,8
2014,10,25,10,9.8,64,199,2.1,7137,9
2014,10,25,11,16.1,56,356,5.7,7138,10
2014,10,25,12,17.2,54,483,4.1,7139,11
2014,10,25,13,17.7,50,509,4.6,7140,12
2014,10,25,14,17.7,52,475,2.6,7141,13
2014,10,25,15,17.7,48,389,4.6,7142,14
2014,10,25,16,18.3,46,220,4.1,7143,15
2014,10,25,17,17.7,54,64,3.6,7144,16
2014,10,25,18,15.5,64,11,8.8,7145,17
2014,10,25,19,14.4,67,0,7.2,7146,18
2014,10,25,20,14.4,85,0,5.7,7147,19
2014,10,25,21,12.7,72,0,3.6,7148,20
2014,10,25,22,11.6,74,0,2.6,7149,21
2014,10,25,23,11.6,71,0,4.1,7150,22
2014,10,25,24,9.0,87,0,6.7,7151,23
2014,10,26,1,8.3,93,0,3.1,7152,0
2014,10,26,2,7.7,83,0,4.1,7153,1
2014,10,26,3,6.6,82,0,3.6,7154,2
2014,10,26,4,7.8,82,0,1.5,7155,3
2014,10,26,5,7.7,71,0,6.2,7156,4
2014,10,26,6,8.0,71,0,4.1,7157,5
2014,10,26,7,8.3,71,0,5.7,7158,6
2014,10,26,8,8.8,68,29,7.7,7159,7
2014,10,26,9,8.4,61,67,9.8,7160,8
2014,10,26,10,8.8,71,135,8.2,7161,9
2014,10,26,11,8.3,63,245,5.7,7162,10
2014,10,26,12,8.8,74,272,6.7,7163,11
2014,10,26,13,9.4,68,261,8.2,7164,12
2014,10,26,14,8.8,74,203,7.7,7165,13
2014,10,26,15,8.8,74,105,8.2,7166,14
2014,10,26,16,9.4,74,75,6.2,7167,15
2014,10,26,17,9.4,71,47,5.7,7168,16
2014,10,26,18,9.4,71,13,4.6,7169,17
2014,10,26,19,9.4,71,0,4.1,7170,18
2014,10,26,20,9.4,71,0,5.1,7171,19
2014,10,26,21,9.4,68,0,7.7,7172,20
2014,10,26,22,8.3,71,0,8.8,7173,21
2014,10,26,23,7.2,76,0,9.3,7174,22
2014,10,26,24,7.0,76,0,7.2,7175,23
2014,10,27,1,7.2,73,0,7.2,7176,0
2014,10,27,2,6.1,79,0,4.1,7177,1
2014,10,27,3,6.1,79,0,3.6,7178,2
2014,10,27,4,5.0,85,0,2.1,7179,3
2014,10,27,5,5.5,82,0,2.6,7180,4
2014,10,27,6,4.0,81,0,2.6,7181,5
2014,10,27,7,3.8,82,0,3.1,7182,6
2014,10,27,8,3.7,76,51,2.1,7183,7
2014,10,27,9,4.7,76,172,2.1,7184,8
2014,10,27,10,6.8,71,301,2.1,7185,9
2014,10,27,11,10.5,63,421,1.5,7186,10
2014,10,27,12,11.6,54,513,3.1,7187,11
2014,10,27,13,12.7,55,530,1.5,7188,12
2014,10,27,14,13.8,49,504,0.0,7189,13
2014,10,27,15,13.8,45,423,0.0,7190,14
2014,10,27,16,14.4,45,279,2.1,7191,15
2014,10,27,17,12.2,56,127,1.5,7192,16
2014,10,27,18,11.2,68,28,2.1,7193,17
2014,10,27,19,8.3,65,0,2.1,7194,18
2014,10,27,20,10.0,56,0,2.6,7195,19
2014,10,27,21,11.6,54,0,3.1,7196,20
2014,10,27,22,9.2,49,0,3.6,7197,21
2014,10,27,23,9.1,52,0,3.6,7198,22
2014,10,27,24,9.4,65,0,4.6,7199,23
2014,10,28,1,9.7,62,0,4.6,7200,0
2014,10,28,2,9.7,60,0,4.1,7201,1
2014,10,28,3,9.9,45,0,4.6,7202,2
2014,10,28,4,9.6,49,0,4.6,7203,3
2014,10,28,5,10.2,49,0,3.6,7204,4
2014,10,28,6,10.1,67,0,3.6,7205,5
2014,10,28,7,10.2,55,0,3.6,7206,6
2014,10,28,8,10.0,72,44,4.6,7207,7
2014,10,28,9,11.2,58,142,4.1,7208,8
2014,10,28,10,13.0,58,231,4.1,7209,9
2014,10,28,11,18.3,56,286,3.6,7210,10
2014,10,28,12,20.5,53,370,4.1,7211,11
2014,10,28,13,21.1,53,449,4.6,7212,12
2014,10,28,14,24.4,45,418,7.7,7213,13
2014,10,28,15,23.8,48,319,5.1,7214,14
2014,10,28,16,23.3,48,222,4.6,7215,15
2014,10,28,17,21.2,54,109,4.1,7216,16
2014,10,28,18,18.1,59,22,5.0,7217,17
2014,10,28,19,17.4,59,0,4.8,7218,18
2014,10,28,20,17.1,57,0,4.1,7219,19
2014,10,28,21,16.9,56,0,5.7,7220,20
2014,10,28,22,16.7,56,0,6.6,7221,21
2014,10,28,23,15.2,82,0,5.6,7222,22
2014,10,28,24,14.6,86,0,5.2,7223,23
2014,10,29,1,14.5,88,0,4.2,7224,0
2014,10,29,2,13.4,89,0,3.8,7225,1
2014,10,29,3,12.5,89,0,5.1,7226,2
2014,10,29,4,10.9,87,0,4.2,7227,3
2014,10,29,5,10.7,86,0,3.3,7228,4
2014,10,29,6,10.0,82,0,3.3,7229,5
2014,10,29,7,11.0,82,0,3.1,7230,6
2014,10,29,8,12.0,76,15,4.6,7231,7
2014,10,29,9,12.0,71,67,3.6,7232,8
2014,10,29,10,12.0,67,166,4.6,7233,9
2014,10,29,11,12.0,67,234,5.1,7234,10
2014,10,29,12,12.0,67,234,5.1,7235,11
2014,10,29,13,12.0,67,192,5.1,7236,12
2014,10,29,14,10.0,58,162,5.1,7237,13
2014,10,29,15,10.0,58,160,2.6,7238,14
2014,10,29,16,10.5,56,123,2.1,7239,15
2014,10,29,17,10.0,57,63,2.1,7240,16
2014,10,29,18,9.4,74,17,3.6,7241,17
2014,10,29,19,9.4,74,0,3.6,7242,18
2014,10,29,20,8.8,77,0,2.1,7243,19
2014,10,29,21,8.3,76,0,5.1,7244,20
2014,10,29,22,8.3,65,0,6.7,7245,21
2014,10,29,23,8.0,87,0,5.1,7246,22
2014,10,29,24,7.7,74,0,3.6,7247,23
2014,10,30,1,8.0,76,0,2.1,7248,0
2014,10,30,2,8.0,76,0,2.1,7249,1
2014,10,30,3,7.0,76,0,4.6,7250,2
2014,10,30,4,5.5,86,0,3.1,7251,3
2014,10,30,5,6.1,82,0,2.6,7252,4
2014,10,30,6,4.7,81,0,3.1,7253,5
2014,10,30,7,4.8,76,0,5.1,7254,6
2014,10,30,8,4.7,73,31,3.1,7255,7
2014,10,30,9,6.1,82,104,3.6,7256,8
2014,10,30,10,7.2,73,172,4.1,7257,9
2014,10,30,11,7.2,70,204,5.1,7258,10
2014,10,30,12,7.7,65,192,6.2,7259,11
2014,10,30,13,7.2,68,230,4.6,7260,12
2014,10,30,14,7.7,68,212,4.1,7261,13
2014,10,30,15,7.7,63,127,3.6,7262,14
2014,10,30,16,7.2,62,86,2.6,7263,15
2014,10,30,17,6.6,68,35,0.0,7264,16
2014,10,30,18,5.5,73,9,0.0,7265,17
2014,10,30,19,5.9,69,0,1.5,7266,18
2014,10,30,20,5.3,71,0,0.0,7267,19
2014,10,30,21,4.8,71,0,0.0,7268,20
2014,10,30,22,4.3,92,0,0.0,7269,21
2014,10,30,23,2.7,92,0,0.0,7270,22
2014,10,30,24,2.2,89,0,0.0,7271,23
2014,10,31,1,2.9,79,0,1.5,7272,0
2014,10,31,2,2.5,96,0,2.1,7273,1
2014,10,31,3,2.2,100,0,1.5,7274,2
2014,10,31,4,1.6,96,0,2.1,7275,3
2014,10,31,5,2.6,96,0,1.5,7276,4
2014,10,31,6,1.7,96,0,2.1,7277,5
2014,10,31,7,1.6,92,0,2.1,7278,6
2014,10,31,8,1.4,86,35,1.5,7279,7
2014,10,31,9,2.0,79,125,1.5,7280,8
2014,10,31,10,4.1,63,256,3.6,7281,9
2014,10,31,11,8.3,63,379,3.1,7282,10
2014,10,31,12,8.8,61,371,2.1,7283,11
2014,10,31,13,9.4,54,281,2.1,7284,12
2014,10,31,14,9.4,54,216,2.1,7285,13
2014,10,31,15,8.8,54,153,2.1,7286,14
2014,10,31,16,8.8,54,95,2.1,7287,15
2014,10,31,17,7.7,63,44,2.1,7288,16
2014,10,31,18,7.2,62,8,2.6,7289,17
2014,10,31,19,6.9,65,0,2.1,7290,18
2014,10,31,20,6.5,67,0,1.4,7291,19
2014,10,31,21,6.2,70,0,0.9,7292,20
2014,10,31,22,7.7,74,0,0.9,7293,21
2014,10,31,23,9.3,80,0,1.3,7294,22
2014,10,31,24,10.9,86,0,2.1,7295,23
2022,11,1,1,12.1,92,0,2.7,7296,0
2022,11,1,2,11.7,96,0,2.7,7297,1
2022,11,1,3,11.4,98,0,2.5,7298,2
2022,11,1,4,11.5,97,0,2.1,7299,3
2022,11,1,5,11.9,95,0,1.4,7300,4
2022,11,1,6,12.5,94,0,0.9,7301,5
2022,11,1,7,12.2,93,0,1.5,7302,6
2022,11,1,8,12.8,93,25,0.0,7303,7
2022,11,1,9,13.3,93,92,0.0,7304,8
2022,11,1,10,14.0,88,180,1.5,7305,9
2022,11,1,11,15.0,87,273,0.0,7306,10
2022,11,1,12,15.6,83,257,2.1,7307,11
2022,11,1,13,16.7,78,210,1.5,7308,12
2022,11,1,14,17.2,72,283,1.5,7309,13
2022,11,1,15,17.2,75,282,2.6,7310,14
2022,11,1,16,15.6,86,171,3.6,7311,15
2022,11,1,17,14.4,90,71,3.1,7312,16
2022,11,1,18,15.0,93,13,3.6,7313,17
2022,11,1,19,14.4,90,0,3.1,7314,18
2022,11,1,20,13.3,93,0,3.6,7315,19
2022,11,1,21,12.2,97,0,3.1,7316,20
2022,11,1,22,10.6,100,0,1.5,7317,21
2022,11,1,23,12.2,100,0,0.0,7318,22
2022,11,1,24,12.0,100,0,0.0,7319,23
2022,11,2,1,11.5,100,0,0.0,7320,0
2022,11,2,2,11.3,100,0,1.5,7321,1
2022,11,2,3,11.0,100,0,1.5,7322,2
2022,11,2,4,11.1,100,0,1.5,7323,3
2022,11,2,5,11.0,100,0,0.0,7324,4
2022,11,2,6,9.1,100,0,0.0,7325,5
2022,11,2,7,7.0,93,0,2.1,7326,6
2022,11,2,8,8.4,100,19,1.5,7327,7
2022,11,2,9,9.4,100,78,1.5,7328,8
2022,11,2,10,10.0,96,157,1.5,7329,9
2022,11,2,11,10.0,93,260,0.0,7330,10
2022,11,2,12,11.1,86,335,0.0,7331,11
2022,11,2,13,12.0,76,404,0.0,7332,12
2022,11,2,14,15.6,64,444,2.6,7333,13
2022,11,2,15,16.1,58,383,2.1,7334,14
2022,11,2,16,15.0,67,267,2.6,7335,15
2022,11,2,17,16.4,56,118,0.0,7336,16
2022,11,2,18,11.5,93,22,0.0,7337,17
2022,11,2,19,9.6,97,0,0.0,7338,18
2022,11,2,20,9.6,100,0,0.0,7339,19
2022,11,2,21,8.5,100,0,0.0,7340,20
2022,11,2,22,6.0,100,0,1.5,7341,21
2022,11,2,23,6.0,100,0,1.5,7342,22
2022,11,2,24,6.1,100,0,2.6,7343,23
2022,11,3,1,6.1,97,0,2.1,7344,0
2022,11,3,2,5.6,100,0,2.6,7345,1
2022,11,3,3,5.0,100,0,2.6,7346,2
2022,11,3,4,5.9,97,0,3.1,7347,3
2022,11,3,5,4.0,100,0,2.6,7348,4
2022,11,3,6,4.7,100,0,2.6,7349,5
2022,11,3,7,4.6,96,0,2.1,7350,6
2022,11,3,8,4.7,97,47,2.1,7351,7
2022,11,3,9,6.5,77,171,2.6,7352,8
2022,11,3,10,9.4,62,322,3.6,7353,9
2022,11,3,11,17.2,54,444,5.1,7354,10
2022,11,3,12,18.0,52,518,4.1,7355,11
2022,11,3,13,19.0,49,535,4.1,7356,12
2022,11,3,14,20.0,46,494,2.6,7357,13
2022,11,3,15,20.0,43,400,6.2,7358,14
2022,11,3,16,18.4,44,265,5.6,7359,15
2022,11,3,17,16.8,44,115,5.0,7360,16
2022,11,3,18,15.2,45,21,4.3,7361,17
2022,11,3,19,13.6,46,0,3.7,7362,18
2022,11,3,20,12.0,47,0,3.1,7363,19
2022,11,3,21,12.0,52,0,2.3,7364,20
2022,11,3,22,11.7,57,0,4.0,7365,21
2022,11,3,23,11.2,63,0,3.4,7366,22
2022,11,3,24,11.0,69,0,4.3,7367,23
2022,11,4,1,10.7,73,0,4.5,7368,0
2022,11,4,2,10.2,65,0,4.4,7369,1
2022,11,4,3,10.0,61,0,4.4,7370,2
2022,11,4,4,7.3,63,0,4.1,7371,3
2022,11,4,5,7.1,66,0,4.6,7372,4
2022,11,4,6,7.4,69,0,4.6,7373,5
2022,11,4,7,7.4,74,0,4.1,7374,6
2022,11,4,8,7.3,71,40,4.1,7375,7
2022,11,4,9,8.6,64,154,6.2,7376,8
2022,11,4,10,12.3,60,299,5.1,7377,9
2022,11,4,11,18.3,52,420,5.7,7378,10
2022,11,4,12,20.0,50,495,5.7,7379,11
2022,11,4,13,20.6,47,513,6.7,7380,12
2022,11,4,14,21.1,42,467,6.2,7381,13
2022,11,4,15,21.1,42,360,6.7,7382,14
2022,11,4,16,19.4,51,223,6.7,7383,15
2022,11,4,17,17.2,60,91,4.1,7384,16
2022,11,4,18,15.6,67,14,3.6,7385,17
2022,11,4,19,15.6,69,0,4.6,7386,18
2022,11,4,20,15.0,72,0,5.7,7387,19
2022,11,4,21,15.0,75,0,4.1,7388,20
2022,11,4,22,15.0,75,0,6.2,7389,21
2022,11,4,23,14.4,78,0,5.1,7390,22
2022,11,4,24,14.4,78,0,5.7,7391,23
2022,11,5,1,14.4,78,0,6.7,7392,0
2022,11,5,2,14.4,81,0,6.2,7393,1
2022,11,5,3,15.0,81,0,6.2,7394,2
2022,11,5,4,15.6,80,0,6.2,7395,3
2022,11,5,5,16.0,77,0,7.2,7396,4
2022,11,5,6,16.1,83,0,5.1,7397,5
2022,11,5,7,16.1,87,0,6.7,7398,6
2022,11,5,8,17.2,84,0,6.7,7399,7
2022,11,5,9,18.9,78,54,7.7,7400,8
2022,11,5,10,19.0,78,111,6.7,7401,9
2022,11,5,11,20.0,73,170,5.7,7402,10
2022,11,5,12,21.1,68,242,6.7,7403,11
2022,11,5,13,21.1,71,248,7.2,7404,12
2022,11,5,14,21.7,68,226,6.7,7405,13
2022,11,5,15,21.7,66,230,6.7,7406,14
2022,11,5,16,21.1,66,163,6.7,7407,15
2022,11,5,17,20.0,70,64,4.1,7408,16
2022,11,5,18,20.6,68,10,5.7,7409,17
2022,11,5,19,20.0,68,0,7.7,7410,18
2022,11,5,20,20.0,68,0,7.2,7411,19
2022,11,5,21,19.4,70,0,7.2,7412,20
2022,11,5,22,19.4,70,0,7.2,7413,21
2022,11,5,23,19.4,70,0,5.7,7414,22
2022,11,5,24,20.0,68,0,7.2,7415,23
2022,11,6,1,20.6,68,0,9.3,7416,0
2022,11,6,2,20.6,68,0,7.2,7417,1
2022,11,6,3,21.0,69,0,8.2,7418,2
2022,11,6,4,20.0,73,0,7.7,7419,3
2022,11,6,5,20.0,73,0,5.7,7420,4
2022,11,6,6,20.0,73,0,6.7,7421,5
2022,11,6,7,19.4,79,0,6.7,7422,6
2022,11,6,8,19.4,79,0,7.7,7423,7
2022,11,6,9,20.0,76,43,7.2,7424,8
2022,11,6,10,21.1,73,79,8.8,7425,9
2022,11,6,11,20.6,75,103,5.7,7426,10
2022,11,6,12,22.2,68,202,5.7,7427,11
2022,11,6,13,23.3,64,320,5.1,7428,12
2022,11,6,14,22.8,66,345,7.2,7429,13
2022,11,6,15,21.1,58,285,5.1,7430,14
2022,11,6,16,21.7,68,163,5.1,7431,15
2022,11,6,17,21.1,71,58,5.1,7432,16
2022,11,6,18,20.0,76,11,4.6,7433,17
2022,11,6,19,20.0,78,0,5.1,7434,18
2022,11,6,20,18.3,93,0,3.6,7435,19
2022,11,6,21,18.3,97,0,3.1,7436,20
2022,11,6,22,15.0,94,0,3.6,7437,21
2022,11,6,23,14.4,100,0,0.0,7438,22
2022,11,6,24,18.0,100,0,0.0,7439,23
2022,11,7,1,14.4,100,0,2.1,7440,0
2022,11,7,2,16.9,100,0,0.0,7441,1
2022,11,7,3,12.8,100,0,2.6,7442,2
2022,11,7,4,12.8,74,0,3.6,7443,3
2022,11,7,5,13.9,93,0,4.3,7444,4
2022,11,7,6,14.0,88,0,5.1,7445,5
2022,11,7,7,13.3,83,0,4.6,7446,6
2022,11,7,8,14.4,78,0,5.7,7447,7
2022,11,7,9,15.6,72,151,6.7,7448,8
2022,11,7,10,16.1,62,298,6.7,7449,9
2022,11,7,11,16.7,38,423,7.2,7450,10
2022,11,7,12,17.2,34,503,6.7,7451,11
2022,11,7,13,17.2,34,527,7.2,7452,12
2022,11,7,14,16.7,27,490,7.2,7453,13
2022,11,7,15,16.1,26,398,7.7,7454,14
2022,11,7,16,13.9,28,261,8.8,7455,15
2022,11,7,17,15.3,25,109,4.6,7456,16
2022,11,7,18,8.9,34,18,3.6,7457,17
2022,11,7,19,8.3,48,0,5.7,7458,18
2022,11,7,20,7.2,55,0,5.7,7459,19
2022,11,7,21,7.2,48,0,6.2,7460,20
2022,11,7,22,7.9,52,0,5.1,7461,21
2022,11,7,23,6.2,73,0,4.1,7462,22
2022,11,7,24,5.6,76,0,4.1,7463,23
2022,11,8,1,3.9,76,0,2.6,7464,0
2022,11,8,2,4.4,70,0,2.6,7465,1
2022,11,8,3,4.4,76,0,3.1,7466,2
2022,11,8,4,3.3,82,0,3.1,7467,3
2022,11,8,5,4.4,79,0,2.6,7468,4
2022,11,8,6,2.8,81,0,3.1,7469,5
2022,11,8,7,3.3,89,0,3.6,7470,6
2022,11,8,8,2.7,79,0,3.6,7471,7
2022,11,8,9,4.2,73,129,3.6,7472,8
2022,11,8,10,5.6,63,247,4.6,7473,9
2022,11,8,11,8.3,56,384,5.1,7474,10
2022,11,8,12,8.3,48,494,6.2,7475,11
2022,11,8,13,8.3,46,520,4.6,7476,12
2022,11,8,14,8.9,39,483,6.2,7477,13
2022,11,8,15,8.3,40,389,4.6,7478,14
2022,11,8,16,7.2,43,254,4.6,7479,15
2022,11,8,17,7.2,53,105,3.1,7480,16
2022,11,8,18,4.4,65,16,3.6,7481,17
2022,11,8,19,3.2,58,0,0.0,7482,18
2022,11,8,20,2.4,80,0,0.0,7483,19
2022,11,8,21,1.7,83,0,0.0,7484,20
2022,11,8,22,1.3,72,0,2.1,7485,21
2022,11,8,23,-3.3,87,0,1.5,7486,22
2022,11,8,24,-3.9,91,0,1.5,7487,23
2022,11,9,1,-3.9,86,0,1.5,7488,0
2022,11,9,2,-4.4,90,0,2.1,7489,1
2022,11,9,3,-5.0,91,0,2.1,7490,2
2022,11,9,4,-4.4,86,0,2.6,7491,3
2022,11,9,5,-5.0,72,0,2.1,7492,4
2022,11,9,6,-5.0,92,0,2.6,7493,5
2022,11,9,7,-4.4,90,0,2.6,7494,6
2022,11,9,8,-2.8,91,0,1.5,7495,7
2022,11,9,9,2.8,65,150,2.1,7496,8
2022,11,9,10,1.8,47,299,4.6,7497,9
2022,11,9,11,6.3,44,419,4.6,7498,10
2022,11,9,12,8.4,29,493,7.2,7499,11
2022,11,9,13,12.2,27,511,5.7,7500,12
2022,11,9,14,13.3,26,472,5.1,7501,13
2022,11,9,15,13.3,26,380,5.7,7502,14
2022,11,9,16,12.2,27,246,5.1,7503,15
2022,11,9,17,10.6,26,101,4.6,7504,16
2022,11,9,18,9.4,26,15,4.6,7505,17
2022,11,9,19,8.9,24,0,5.1,7506,18
2022,11,9,20,8.3,29,0,7.2,7507,19
2022,11,9,21,7.2,34,0,5.1,7508,20
2022,11,9,22,7.2,36,0,6.2,7509,21
2022,11,9,23,5.3,41,0,6.2,7510,22
2022,11,9,24,6.1,49,0,6.2,7511,23
2022,11,10,1,6.1,56,0,5.1,7512,0
2022,11,10,2,5.6,61,0,5.7,7513,1
2022,11,10,3,6.1,62,0,5.1,7514,2
2022,11,10,4,6.1,62,0,3.1,7515,3
2022,11,10,5,6.1,62,0,3.1,7516,4
2022,11,10,6,4.2,60,0,4.1,7517,5
2022,11,10,7,4.5,62,0,2.6,7518,6
2022,11,10,8,4.6,60,0,3.6,7519,7
2022,11,10,9,5.7,56,140,4.6,7520,8
2022,11,10,10,8.5,50,284,5.1,7521,9
2022,11,10,11,15.0,45,398,4.1,7522,10
2022,11,10,12,17.2,41,467,4.6,7523,11
2022,11,10,13,18.9,40,491,4.1,7524,12
2022,11,10,14,19.4,42,458,6.2,7525,13
2022,11,10,15,18.9,43,367,5.7,7526,14
2022,11,10,16,17.8,46,237,6.2,7527,15
2022,11,10,17,16.1,51,96,5.1,7528,16
2022,11,10,18,15.0,58,14,5.7,7529,17
2022,11,10,19,13.9,62,0,4.6,7530,18
2022,11,10,20,12.8,66,0,4.6,7531,19
2022,11,10,21,12.2,71,0,3.6,7532,20
2022,11,10,22,11.7,77,0,5.1,7533,21
2022,11,10,23,12.2,77,0,5.1,7534,22
2022,11,10,24,12.8,74,0,5.1,7535,23
2022,11,11,1,12.2,77,0,5.1,7536,0
2022,11,11,2,12.2,80,0,4.6,7537,1
2022,11,11,3,12.2,80,0,3.1,7538,2
2022,11,11,4,12.0,82,0,4.1,7539,3
2022,11,11,5,12.0,82,0,3.6,7540,4
2022,11,11,6,13.0,88,0,4.6,7541,5
2022,11,11,7,13.3,87,0,5.1,7542,6
2022,11,11,8,14.4,84,0,5.1,7543,7
2022,11,11,9,15.0,81,78,5.1,7544,8
2022,11,11,10,13.9,100,140,6.2,7545,9
2022,11,11,11,14.4,100,148,4.6,7546,10
2022,11,11,12,15.6,96,102,5.7,7547,11
2022,11,11,13,15.6,100,50,5.7,7548,12
2022,11,11,14,15.6,100,33,4.6,7549,13
2022,11,11,15,15.6,100,26,4.1,7550,14
2022,11,11,16,16.1,100,12,4.1,7551,15
2022,11,11,17,16.1,100,5,3.6,7552,16
2022,11,11,18,16.7,100,1,4.1,7553,17
2022,11,11,19,17.2,100,0,5.1,7554,18
2022,11,11,20,17.8,100,0,7.2,7555,19
2022,11,11,21,18.3,100,0,4.1,7556,20
2022,11,11,22,18.0,100,0,5.7,7557,21
2022,11,11,23,18.3,100,0,3.1,7558,22
2022,11,11,24,18.0,100,0,4.6,7559,23
2022,11,12,1,18.0,100,0,6.2,7560,0
2022,11,12,2,16.0,100,0,7.2,7561,1
2022,11,12,3,15.0,100,0,5.1,7562,2
2022,11,12,4,13.9,100,0,7.2,7563,3
2022,11,12,5,13.0,100,0,8.8,7564,4
2022,11,12,6,12.0,100,0,8.8,7565,5
2022,11,12,7,11.1,100,0,7.7,7566,6
2022,11,12,8,11.0,94,0,7.2,7567,7
2022,11,12,9,10.0,96,41,5.1,7568,8
2022,11,12,10,9.4,100,80,4.6,7569,9
2022,11,12,11,9.4,93,108,4.1,7570,10
2022,11,12,12,10.6,79,159,4.6,7571,11
2022,11,12,13,11.1,77,201,3.6,7572,12
2022,11,12,14,11.7,71,219,3.6,7573,13
2022,11,12,15,10.0,77,225,3.1,7574,14
2022,11,12,16,8.9,81,158,2.8,7575,15
2022,11,12,17,10.7,86,52,2.6,7576,16
2022,11,12,18,9.9,69,3,2.1,7577,17
2022,11,12,19,9.0,75,0,1.5,7578,18
2022,11,12,20,8.2,96,0,5.7,7579,19
2022,11,12,21,7.2,97,0,3.1,7580,20
2022,11,12,22,6.1,100,0,4.1,7581,21
2022,11,12,23,4.0,100,0,0.0,7582,22
2022,11,12,24,4.4,97,0,1.5,7583,23
2022,11,13,1,4.0,100,0,2.1,7584,0
2022,11,13,2,3.9,93,0,3.6,7585,1
2022,11,13,3,4.0,81,0,3.1,7586,2
2022,11,13,4,4.0,87,0,3.6,7587,3
2022,11,13,5,3.9,82,0,3.1,7588,4
2022,11,13,6,3.1,81,0,3.1,7589,5
2022,11,13,7,3.3,85,0,3.6,7590,6
2022,11,13,8,3.0,82,0,3.1,7591,7
2022,11,13,9,3.4,76,75,3.6,7592,8
2022,11,13,10,3.3,73,163,5.7,7593,9
2022,11,13,11,3.9,76,287,6.2,7594,10
2022,11,13,12,4.4,67,372,6.2,7595,11
2022,11,13,13,4.4,67,347,5.1,7596,12
2022,11,13,14,3.8,89,279,2.1,7597,13
2022,11,13,15,2.8,82,232,6.2,7598,14
2022,11,13,16,1.7,92,158,5.1,7599,15
2022,11,13,17,2.1,92,55,4.1,7600,16
2022,11,13,18,1.0,86,8,5.7,7601,17
2022,11,13,19,0.7,87,0,4.1,7602,18
2022,11,13,20,0.5,91,0,3.1,7603,19
2022,11,13,21,0.2,92,0,3.1,7604,20
2022,11,13,22,1.0,86,0,6.7,7605,21
2022,11,13,23,0.0,92,0,5.1,7606,22
2022,11,13,24,-0.6,80,0,7.7,7607,23
2022,11,14,1,-1.0,78,0,6.7,7608,0
2022,11,14,2,-2.0,78,0,6.2,7609,1
2022,11,14,3,-0.6,73,0,6.2,7610,2
2022,11,14,4,-0.6,73,0,6.2,7611,3
2022,11,14,5,-0.6,73,0,5.1,7612,4
2022,11,14,6,-1.0,78,0,5.7,7613,5
2022,11,14,7,-0.6,76,0,6.2,7614,6
2022,11,14,8,-0.6,83,0,4.6,7615,7
2022,11,14,9,0.0,79,109,3.6,7616,8
2022,11,14,10,0.2,76,199,3.6,7617,9
2022,11,14,11,1.0,76,229,3.1,7618,10
2022,11,14,12,1.1,67,222,3.6,7619,11
2022,11,14,13,1.5,67,215,4.6,7620,12
2022,11,14,14,1.7,55,187,4.1,7621,13
2022,11,14,15,1.8,55,131,4.1,7622,14
2022,11,14,16,2.0,58,79,2.6,7623,15
2022,11,14,17,1.9,55,30,3.1,7624,16
2022,11,14,18,1.1,54,4,2.6,7625,17
2022,11,14,19,0.8,60,0,2.1,7626,18
2022,11,14,20,0.3,57,0,2.1,7627,19
2022,11,14,21,0.6,54,0,3.6,7628,20
2022,11,14,22,0.6,60,0,1.8,7629,21
2022,11,14,23,0.6,66,0,0.0,7630,22
2022,11,14,24,0.0,76,0,0.0,7631,23
2022,11,15,1,0.0,76,0,0.0,7632,0
2022,11,15,2,0.0,72,0,1.5,7633,1
2022,11,15,3,0.0,76,0,0.0,7634,2
2022,11,15,4,0.0,76,0,0.0,7635,3
2022,11,15,5,-0.6,64,0,0.0,7636,4
2022,11,15,6,0.0,78,0,0.0,7637,5
2022,11,15,7,0.0,79,0,0.0,7638,6
2022,11,15,8,0.6,69,0,0.0,7639,7
2022,11,15,9,0.6,66,76,1.5,7640,8
2022,11,15,10,1.1,58,155,2.6,7641,9
2022,11,15,11,0.7,55,218,4.1,7642,10
2022,11,15,12,1.1,61,217,3.6,7643,11
2022,11,15,13,1.7,55,193,3.6,7644,12
2022,11,15,14,1.7,58,163,4.1,7645,13
2022,11,15,15,1.7,58,119,2.6,7646,14
2022,11,15,16,1.7,58,80,2.6,7647,15
2022,11,15,17,1.6,56,30,3.6,7648,16
2022,11,15,18,0.6,66,3,0.0,7649,17
2022,11,15,19,-0.6,88,0,3.1,7650,18
2022,11,15,20,-0.6,88,0,2.6,7651,19
2022,11,15,21,-0.6,91,0,2.6,7652,20
2022,11,15,22,-1.0,92,0,3.1,7653,21
2022,11,15,23,-1.0,92,0,3.6,7654,22
2022,11,15,24,-1.0,100,0,2.1,7655,23
2022,11,16,1,0.0,92,0,2.1,7656,0
2022,11,16,2,0.0,92,0,1.5,7657,1
2022,11,16,3,0.1,92,0,0.0,7658,2
2022,11,16,4,0.2,86,0,0.0,7659,3
2022,11,16,5,0.2,92,0,0.0,7660,4
2022,11,16,6,0.5,93,0,1.0,7661,5
2022,11,16,7,0.4,96,0,2.1,7662,6
2022,11,16,8,0.4,100,0,2.6,7663,7
2022,11,16,9,0.6,100,23,2.1,7664,8
2022,11,16,10,1.0,97,85,2.1,7665,9
2022,11,16,11,2.6,89,195,2.6,7666,10
2022,11,16,12,3.9,79,250,6.7,7667,11
2022,11,16,13,5.0,73,229,7.7,7668,12
2022,11,16,14,4.4,73,257,7.2,7669,13
2022,11,16,15,4.4,70,260,7.2,7670,14
2022,11,16,16,3.9,69,168,5.7,7671,15
2022,11,16,17,3.3,72,62,6.7,7672,16
2022,11,16,18,2.8,75,7,6.2,7673,17
2022,11,16,19,2.0,71,0,4.1,7674,18
2022,11,16,20,2.2,74,0,5.7,7675,19
2022,11,16,21,1.7,74,0,4.1,7676,20
2022,11,16,22,2.2,71,0,3.6,7677,21
2022,11,16,23,1.2,73,0,4.1,7678,22
2022,11,16,24,1.1,74,0,4.1,7679,23
2022,11,17,1,0.8,73,0,4.1,7680,0
2022,11,17,2,0.6,77,0,4.1,7681,1
2022,11,17,3,0.6,70,0,4.6,7682,2
2022,11,17,4,0.5,73,0,3.6,7683,3
2022,11,17,5,0.3,83,0,3.6,7684,4
2022,11,17,6,0.3,85,0,3.6,7685,5
2022,11,17,7,0.2,87,0,3.1,7686,6
2022,11,17,8,0.4,76,0,5.1,7687,7
2022,11,17,9,1.0,72,89,5.7,7688,8
2022,11,17,10,1.0,72,198,6.7,7689,9
2022,11,17,11,1.6,72,298,3.6,7690,10
2022,11,17,12,1.8,72,330,5.1,7691,11
2022,11,17,13,1.5,72,312,8.2,7692,12
2022,11,17,14,1.1,61,329,9.8,7693,13
2022,11,17,15,1.4,56,297,6.2,7694,14
2022,11,17,16,1.1,63,176,6.2,7695,15
2022,11,17,17,0.8,62,62,5.7,7696,16
2022,11,17,18,0.0,69,8,5.1,7697,17
2022,11,17,19,0.0,69,0,4.6,7698,18
2022,11,17,20,-0.6,69,0,2.6,7699,19
2022,11,17,21,-1.7,76,0,3.1,7700,20
2022,11,17,22,-1.1,76,0,3.1,7701,21
2022,11,17,23,-0.6,76,0,3.1,7702,22
2022,11,17,24,-0.6,76,0,2.1,7703,23
2022,11,18,1,-1.0,78,0,2.3,7704,0
2022,11,18,2,-0.6,76,0,2.6,7705,1
2022,11,18,3,0.0,60,0,5.1,7706,2
2022,11,18,4,-0.6,63,0,3.6,7707,3
2022,11,18,5,-1.1,60,0,6.7,7708,4
2022,11,18,6,-2.0,65,0,2.6,7709,5
2022,11,18,7,-2.2,62,0,2.6,7710,6
2022,11,18,8,-1.7,59,0,3.1,7711,7
2022,11,18,9,-1.7,63,117,3.1,7712,8
2022,11,18,10,-0.6,57,240,3.6,7713,9
2022,11,18,11,0.6,52,305,3.1,7714,10
2022,11,18,12,1.2,46,302,5.7,7715,11
2022,11,18,13,1.5,44,258,5.1,7716,12
2022,11,18,14,1.7,42,220,5.1,7717,13
2022,11,18,15,2.2,40,203,5.1,7718,14
2022,11,18,16,1.8,51,149,3.6,7719,15
2022,11,18,17,1.3,52,58,5.7,7720,16
2022,11,18,18,0.2,62,6,3.6,7721,17
2022,11,18,19,0.1,57,0,5.1,7722,18
2022,11,18,20,0.1,57,0,6.7,7723,19
2022,11,18,21,-0.6,57,0,6.2,7724,20
2022,11,18,22,-1.7,57,0,5.7,7725,21
2022,11,18,23,-2.2,59,0,4.6,7726,22
2022,11,18,24,-2.8,62,0,5.1,7727,23
2022,11,19,1,-3.3,62,0,2.6,7728,0
2022,11,19,2,-3.9,65,0,3.1,7729,1
2022,11,19,3,-4.4,65,0,3.6,7730,2
2022,11,19,4,-4.4,65,0,4.1,7731,3
2022,11,19,5,-4.4,68,0,1.5,7732,4
2022,11,19,6,-5.0,71,0,3.1,7733,5
2022,11,19,7,-6.7,75,0,2.6,7734,6
2022,11,19,8,-5.0,71,0,1.5,7735,7
2022,11,19,9,-2.8,59,119,4.1,7736,8
2022,11,19,10,-2.8,57,256,6.2,7737,9
2022,11,19,11,-2.2,48,348,5.7,7738,10
2022,11,19,12,-1.1,47,360,6.7,7739,11
2022,11,19,13,-1.1,47,331,6.7,7740,12
2022,11,19,14,0.0,40,290,7.2,7741,13
2022,11,19,15,-0.6,45,240,5.1,7742,14
2022,11,19,16,-1.1,44,166,5.7,7743,15
2022,11,19,17,-2.2,48,64,5.7,7744,16
2022,11,19,18,-2.2,51,8,3.1,7745,17
2022,11,19,19,-2.2,51,0,3.1,7746,18
2022,11,19,20,-2.2,51,0,3.6,7747,19
2022,11,19,21,-2.2,51,0,3.6,7748,20
2022,11,19,22,-2.2,51,0,4.6,7749,21
2022,11,19,23,-1.7,49,0,4.6,7750,22
2022,11,19,24,-1.7,49,0,6.2,7751,23
2022,11,20,1,-1.7,49,0,4.6,7752,0
2022,11,20,2,-1.7,49,0,5.7,7753,1
2022,11,20,3,-2.2,48,0,4.6,7754,2
2022,11,20,4,-3.0,54,0,7.2,7755,3
2022,11,20,5,-6.0,58,0,8.8,7756,4
2022,11,20,6,-5.0,77,0,5.7,7757,5
2022,11,20,7,-5.0,84,0,5.7,7758,6
2022,11,20,8,-5.6,75,0,7.2,7759,7
2022,11,20,9,-5.6,58,102,5.1,7760,8
2022,11,20,10,-4.4,56,239,8.8,7761,9
2022,11,20,11,-3.3,51,352,11.8,7762,10
2022,11,20,12,-3.3,38,390,9.3,7763,11
2022,11,20,13,-2.8,38,373,10.8,7764,12
2022,11,20,14,-2.8,38,325,8.8,7765,13
2022,11,20,15,-2.8,44,253,11.8,7766,14
2022,11,20,16,-3.9,40,154,7.7,7767,15
2022,11,20,17,-5.0,41,52,5.7,7768,16
2022,11,20,18,-5.6,53,6,5.1,7769,17
2022,11,20,19,-5.6,53,0,6.2,7770,18
2022,11,20,20,-6.1,58,0,4.6,7771,19
2022,11,20,21,-6.7,58,0,4.6,7772,20
2022,11,20,22,-6.7,61,0,4.1,7773,21
2022,11,20,23,-6.7,64,0,4.6,7774,22
2022,11,20,24,-6.1,61,0,3.6,7775,23
2022,11,21,1,-5.6,65,0,4.1,7776,0
2022,11,21,2,-5.0,65,0,2.1,7777,1
2022,11,21,3,-5.0,65,0,2.6,7778,2
2022,11,21,4,-5.0,71,0,3.1,7779,3
2022,11,21,5,-4.4,71,0,3.1,7780,4
2022,11,21,6,-4.0,65,0,5.1,7781,5
2022,11,21,7,-6.1,71,0,4.1,7782,6
2022,11,21,8,-5.6,62,0,5.1,7783,7
2022,11,21,9,-3.9,51,94,4.1,7784,8
2022,11,21,10,-2.8,44,228,4.6,7785,9
2022,11,21,11,-1.7,42,347,6.2,7786,10
2022,11,21,12,0.4,38,386,6.2,7787,11
2022,11,21,13,2.0,33,370,5.1,7788,12
2022,11,21,14,2.2,31,328,5.7,7789,13
2022,11,21,15,3.5,30,231,4.6,7790,14
2022,11,21,16,3.9,33,122,5.7,7791,15
2022,11,21,17,4.4,28,47,5.7,7792,16
2022,11,21,18,3.5,38,7,6.2,7793,17
2022,11,21,19,3.2,38,0,3.6,7794,18
2022,11,21,20,2.9,40,0,4.1,7795,19
2022,11,21,21,2.2,37,0,5.1,7796,20
2022,11,21,22,1.5,35,0,4.1,7797,21
2022,11,21,23,1.4,40,0,2.6,7798,22
2022,11,21,24,1.5,51,0,6.2,7799,23
2022,11,22,1,1.2,55,0,2.6,7800,0
2022,11,22,2,1.0,61,0,2.1,7801,1
2022,11,22,3,0.6,61,0,2.1,7802,2
2022,11,22,4,0.4,76,0,1.5,7803,3
2022,11,22,5,-1.7,76,0,0.0,7804,4
2022,11,22,6,-3.0,77,0,0.0,7805,5
2022,11,22,7,-5.0,86,0,0.0,7806,6
2022,11,22,8,-5.0,86,0,0.0,7807,7
2022,11,22,9,0.6,80,94,2.1,7808,8
2022,11,22,10,0.6,55,221,2.6,7809,9
2022,11,22,11,3.5,51,335,5.1,7810,10
2022,11,22,12,4.5,49,412,4.1,7811,11
2022,11,22,13,6.1,47,421,3.1,7812,12
2022,11,22,14,6.1,40,359,2.1,7813,13
2022,11,22,15,8.3,37,288,3.6,7814,14
2022,11,22,16,7.8,38,193,4.1,7815,15
2022,11,22,17,5.0,44,71,3.1,7816,16
2022,11,22,18,4.4,44,7,2.6,7817,17
2022,11,22,19,2.9,41,0,3.1,7818,18
2022,11,22,20,2.1,55,0,3.6,7819,19
2022,11,22,21,1.2,58,0,4.6,7820,20
2022,11,22,22,0.9,58,0,4.6,7821,21
2022,11,22,23,0.5,61,0,4.6,7822,22
2022,11,22,24,0.4,63,0,4.1,7823,23
2022,11,23,1,0.6,63,0,3.1,7824,0
2022,11,23,2,0.8,62,0,2.6,7825,1
2022,11,23,3,1.0,68,0,0.0,7826,2
2022,11,23,4,1.0,76,0,0.0,7827,3
2022,11,23,5,0.9,68,0,1.5,7828,4
2022,11,23,6,-2.0,78,0,0.0,7829,5
2022,11,23,7,-3.3,82,0,1.5,7830,6
2022,11,23,8,-2.2,83,0,0.0,7831,7
2022,11,23,9,3.3,66,99,3.1,7832,8
2022,11,23,10,2.2,69,232,3.1,7833,9
2022,11,23,11,5.0,61,350,3.6,7834,10
2022,11,23,12,6.1,54,418,3.1,7835,11
2022,11,23,13,6.7,49,431,4.6,7836,12
2022,11,23,14,6.7,49,387,3.1,7837,13
2022,11,23,15,6.7,49,301,2.1,7838,14
2022,11,23,16,8.1,53,187,1.5,7839,15
2022,11,23,17,6.9,67,68,0.0,7840,16
2022,11,23,18,4.6,72,7,1.5,7841,17
2022,11,23,19,3.7,79,0,2.6,7842,18
2022,11,23,20,3.1,87,0,0.0,7843,19
2022,11,23,21,2.3,91,0,2.1,7844,20
2022,11,23,22,1.7,87,0,2.1,7845,21
2022,11,23,23,0.6,87,0,2.1,7846,22
2022,11,23,24,-3.3,87,0,2.6,7847,23
2022,11,24,1,-3.9,91,0,1.5,7848,0
2022,11,24,2,-3.3,91,0,2.6,7849,1
2022,11,24,3,-3.3,91,0,2.6,7850,2
2022,11,24,4,-3.3,91,0,2.6,7851,3
2022,11,24,5,-3.3,91,0,2.6,7852,4
2022,11,24,6,-3.0,92,0,3.1,7853,5
2022,11,24,7,-3.3,91,0,3.1,7854,6
2022,11,24,8,-2.8,96,0,2.1,7855,7
2022,11,24,9,2.8,92,99,2.6,7856,8
2022,11,24,10,0.2,81,233,3.1,7857,9
2022,11,24,11,4.7,49,347,3.6,7858,10
2022,11,24,12,6.9,42,403,4.1,7859,11
2022,11,24,13,11.1,40,399,2.1,7860,12
2022,11,24,14,9.9,46,363,3.1,7861,13
2022,11,24,15,12.8,34,300,5.1,7862,14
2022,11,24,16,9.4,43,191,3.1,7863,15
2022,11,24,17,8.3,42,68,4.1,7864,16
2022,11,24,18,7.2,46,6,3.6,7865,17
2022,11,24,19,4.0,65,0,5.7,7866,18
2022,11,24,20,3.2,70,0,3.1,7867,19
2022,11,24,21,2.3,54,0,4.6,7868,20
2022,11,24,22,3.2,52,0,4.1,7869,21
2022,11,24,23,3.5,56,0,5.7,7870,22
2022,11,24,24,3.9,59,0,5.1,7871,23
2022,11,25,1,4.3,56,0,4.6,7872,0
2022,11,25,2,4.6,54,0,3.6,7873,1
2022,11,25,3,4.9,54,0,4.6,7874,2
2022,11,25,4,6.1,70,0,3.1,7875,3
2022,11,25,5,5.0,79,0,3.6,7876,4
2022,11,25,6,6.0,75,0,5.7,7877,5
2022,11,25,7,4.4,93,0,4.1,7878,6
2022,11,25,8,5.6,85,0,3.1,7879,7
2022,11,25,9,6.1,86,12,4.1,7880,8
2022,11,25,10,6.7,85,22,3.1,7881,9
2022,11,25,11,6.7,96,34,3.1,7882,10
2022,11,25,12,5.6,96,106,9.3,7883,11
2022,11,25,13,6.1,73,189,10.8,7884,12
2022,11,25,14,5.0,70,239,9.8,7885,13
2022,11,25,15,5.0,67,233,7.7,7886,14
2022,11,25,16,5.0,64,139,7.7,7887,15
2022,11,25,17,4.4,67,44,8.8,7888,16
2022,11,25,18,4.4,67,4,9.3,7889,17
2022,11,25,19,4.6,79,0,6.2,7890,18
2022,11,25,20,4.2,81,0,6.2,7891,19
2022,11,25,21,4.2,82,0,7.7,7892,20
2022,11,25,22,4.1,81,0,5.7,7893,21
2022,11,25,23,3.3,75,0,5.1,7894,22
2022,11,25,24,3.3,72,0,4.6,7895,23
2022,11,26,1,3.0,74,0,5.1,7896,0
2022,11,26,2,3.3,66,0,5.1,7897,1
2022,11,26,3,3.3,66,0,5.1,7898,2
2022,11,26,4,3.3,63,0,7.2,7899,3
2022,11,26,5,2.8,65,0,4.1,7900,4
2022,11,26,6,1.3,67,0,3.1,7901,5
2022,11,26,7,1.7,73,0,2.1,7902,6
2022,11,26,8,0.8,79,0,0.0,7903,7
2022,11,26,9,1.4,69,89,1.5,7904,8
2022,11,26,10,3.2,67,217,2.1,7905,9
2022,11,26,11,7.2,57,335,2.1,7906,10
2022,11,26,12,9.4,47,414,4.1,7907,11
2022,11,26,13,10.6,42,436,4.1,7908,12
2022,11,26,14,12.2,36,402,5.7,7909,13
2022,11,26,15,12.8,30,317,5.1,7910,14
2022,11,26,16,12.2,38,194,3.1,7911,15
2022,11,26,17,10.0,34,68,4.1,7912,16
2022,11,26,18,8.9,35,6,2.6,7913,17
2022,11,26,19,8.3,35,0,3.1,7914,18
2022,11,26,20,7.5,49,0,3.1,7915,19
2022,11,26,21,6.7,51,0,3.1,7916,20
2022,11,26,22,5.1,52,0,2.6,7917,21
2022,11,26,23,5.0,44,0,3.6,7918,22
2022,11,26,24,4.4,46,0,2.6,7919,23
2022,11,27,1,3.0,64,0,1.5,7920,0
2022,11,27,2,2.7,69,0,1.5,7921,1
2022,11,27,3,2.7,52,0,4.1,7922,2
2022,11,27,4,2.3,51,0,2.6,7923,3
2022,11,27,5,2.4,64,0,2.6,7924,4
2022,11,27,6,3.0,58,0,2.6,7925,5
2022,11,27,7,2.2,59,0,2.6,7926,6
2022,11,27,8,2.2,68,0,1.5,7927,7
2022,11,27,9,3.4,66,52,2.1,7928,8
2022,11,27,10,5.3,60,104,6.2,7929,9
2022,11,27,11,7.0,60,102,2.6,7930,10
2022,11,27,12,5.6,61,130,5.1,7931,11
2022,11,27,13,7.9,63,127,3.1,7932,12
2022,11,27,14,6.1,69,64,4.1,7933,13
2022,11,27,15,6.1,93,54,5.1,7934,14
2022,11,27,16,6.1,100,39,6.7,7935,15
2022,11,27,17,6.1,97,9,6.7,7936,16
2022,11,27,18,6.7,96,1,4.1,7937,17
2022,11,27,19,6.7,100,0,3.6,7938,18
2022,11,27,20,6.2,96,0,4.1,7939,19
2022,11,27,21,7.8,96,0,2.6,7940,20
2022,11,27,22,8.0,93,0,2.1,7941,21
2022,11,27,23,8.9,89,0,5.1,7942,22
2022,11,27,24,8.0,93,0,2.6,7943,23
2022,11,28,1,7.8,93,0,3.8,7944,0
2022,11,28,2,7.0,93,0,5.0,7945,1
2022,11,28,3,5.0,93,0,6.2,7946,2
2022,11,28,4,3.9,96,0,6.7,7947,3
2022,11,28,5,4.6,97,0,5.7,7948,4
2022,11,28,6,3.0,93,0,7.7,7949,5
2022,11,28,7,2.8,100,0,6.2,7950,6
2022,11,28,8,2.8,100,0,6.2,7951,7
2022,11,28,9,2.8,96,18,8.2,7952,8
2022,11,28,10,2.8,96,45,5.7,7953,9
2022,11,28,11,3.4,100,82,6.2,7954,10
2022,11,28,12,3.3,96,95,6.2,7955,11
2022,11,28,13,3.0,96,93,4.1,7956,12
2022,11,28,14,2.9,100,86,6.7,7957,13
2022,11,28,15,3.0,96,65,4.1,7958,14
2022,11,28,16,2.5,100,46,4.1,7959,15
2022,11,28,17,2.2,92,19,4.1,7960,16
2022,11,28,18,1.2,91,1,4.1,7961,17
2022,11,28,19,0.9,91,0,2.1,7962,18
2022,11,28,20,0.7,87,0,3.6,7963,19
2022,11,28,21,0.5,83,0,2.1,7964,20
2022,11,28,22,0.5,87,0,1.5,7965,21
2022,11,28,23,0.0,87,0,1.5,7966,22
2022,11,28,24,0.1,83,0,1.5,7967,23
2022,11,29,1,0.1,79,0,2.1,7968,0
2022,11,29,2,0.0,79,0,1.5,7969,1
2022,11,29,3,0.0,79,0,0.0,7970,2
2022,11,29,4,0.0,83,0,0.0,7971,3
2022,11,29,5,0.0,83,0,0.0,7972,4
2022,11,29,6,0.0,85,0,0.0,7973,5
2022,11,29,7,0.0,76,0,2.1,7974,6
2022,11,29,8,0.3,76,0,0.0,7975,7
2022,11,29,9,0.5,77,42,2.1,7976,8
2022,11,29,10,0.8,78,114,2.6,7977,9
2022,11,29,11,2.0,69,209,3.1,7978,10
2022,11,29,12,3.0,66,307,3.6,7979,11
2022,11,29,13,4.4,67,367,3.6,7980,12
2022,11,29,14,4.4,63,325,3.6,7981,13
2022,11,29,15,4.4,67,205,3.6,7982,14
2022,11,29,16,4.4,63,108,3.6,7983,15
2022,11,29,17,4.8,69,41,3.1,7984,16
2022,11,29,18,4.1,71,4,3.6,7985,17
2022,11,29,19,2.8,68,0,3.6,7986,18
2022,11,29,20,3.3,71,0,5.7,7987,19
2022,11,29,21,2.8,68,0,5.1,7988,20
2022,11,29,22,2.8,71,0,5.7,7989,21
2022,11,29,23,2.2,75,0,4.6,7990,22
2022,11,29,24,2.2,75,0,5.7,7991,23
2022,11,30,1,2.2,75,0,6.7,7992,0
2022,11,30,2,3.0,74,0,5.7,7993,1
2022,11,30,3,2.8,78,0,7.2,7994,2
2022,11,30,4,3.0,74,0,9.3,7995,3
2022,11,30,5,4.1,81,0,10.3,7996,4
2022,11,30,6,4.0,81,0,10.8,7997,5
2022,11,30,7,5.6,79,0,9.3,7998,6
2022,11,30,8,5.6,82,0,6.2,7999,7
2022,11,30,9,6.1,79,13,6.2,8000,8
2022,11,30,10,5.8,80,30,9.8,8001,9
2022,11,30,11,6.7,89,49,10.3,8002,10
2022,11,30,12,7.8,93,54,7.7,8003,11
2022,11,30,13,8.3,97,37,5.7,8004,12
2022,11,30,14,8.9,96,27,7.7,8005,13
2022,11,30,15,8.8,86,23,9.3,8006,14
2022,11,30,16,7.2,79,20,8.8,8007,15
2022,11,30,17,4.0,69,15,7.2,8008,16
2022,11,30,18,2.8,65,3,6.7,8009,17
2022,11,30,19,2.3,55,0,6.3,8010,18
2022,11,30,20,1.9,57,0,5.2,8011,19
2022,11,30,21,1.2,60,0,5.0,8012,20
2022,11,30,22,0.9,68,0,4.0,8013,21
2022,11,30,23,0.7,77,0,2.5,8014,22
2022,11,30,24,0.7,81,0,2.2,8015,23
2018,12,1,1,0.8,87,0,1.1,8016,0
2018,12,1,2,0.6,85,0,0.9,8017,1
2018,12,1,3,0.2,87,0,0.6,8018,2
2018,12,1,4,-0.2,88,0,0.4,8019,3
2018,12,1,5,-0.6,90,0,0.7,8020,4
2018,12,1,6,-0.7,90,0,1.1,8021,5
2018,12,1,7,-1.0,92,0,0.0,8022,6
2018,12,1,8,-1.0,92,0,2.1,8023,7
2018,12,1,9,0.0,85,26,2.1,8024,8
2018,12,1,10,0.3,85,71,3.1,8025,9
2018,12,1,11,1.0,79,124,3.6,8026,10
2018,12,1,12,1.0,79,157,3.6,8027,11
2018,12,1,13,1.5,86,185,3.6,8028,12
2018,12,1,14,1.8,80,197,4.6,8029,13
2018,12,1,15,1.7,77,168,3.1,8030,14
2018,12,1,16,2.3,80,106,4.6,8031,15
2018,12,1,17,2.6,80,32,4.1,8032,16
2018,12,1,18,2.3,81,2,4.6,8033,17
2018,12,1,19,2.2,81,0,6.7,8034,18
2018,12,1,20,2.5,88,0,6.7,8035,19
2018,12,1,21,2.4,92,0,4.6,8036,20
2018,12,1,22,2.2,92,0,6.2,8037,21
2018,12,1,23,2.2,96,0,8.2,8038,22
2018,12,1,24,2.2,92,0,7.7,8039,23
2018,12,2,1,2.3,93,0,6.2,8040,0
2018,12,2,2,2.4,92,0,5.7,8041,1
2018,12,2,3,3.0,100,0,8.8,8042,2
2018,12,2,4,2.9,93,0,8.2,8043,3
2018,12,2,5,3.1,93,0,7.7,8044,4
2018,12,2,6,4.4,93,0,6.2,8045,5
2018,12,2,7,4.0,93,0,8.8,8046,6
2018,12,2,8,4.1,92,0,7.7,8047,7
2018,12,2,9,4.3,93,13,8.8,8048,8
2018,12,2,10,6.0,93,38,7.7,8049,9
2018,12,2,11,6.7,93,64,6.2,8050,10
2018,12,2,12,8.0,93,66,6.7,8051,11
2018,12,2,13,8.3,93,63,5.1,8052,12
2018,12,2,14,8.9,93,103,5.7,8053,13
2018,12,2,15,8.9,93,110,0.0,8054,14
2018,12,2,16,8.9,93,59,2.1,8055,15
2018,12,2,17,9.4,93,19,3.1,8056,16
2018,12,2,18,7.8,93,2,3.6,8057,17
2018,12,2,19,6.7,96,0,2.6,8058,18
2018,12,2,20,8.0,93,0,3.1,8059,19
2018,12,2,21,7.8,93,0,4.6,8060,20
2018,12,2,22,7.2,97,0,4.1,8061,21
2018,12,2,23,7.2,97,0,5.1,8062,22
2018,12,2,24,7.0,100,0,5.1,8063,23
2018,12,3,1,7.2,96,0,4.1,8064,0
2018,12,3,2,5.6,96,0,3.1,8065,1
2018,12,3,3,6.1,97,0,2.6,8066,2
2018,12,3,4,6.0,100,0,2.6,8067,3
2018,12,3,5,6.0,93,0,3.1,8068,4
2018,12,3,6,6.1,82,0,6.2,8069,5
2018,12,3,7,5.0,87,0,4.6,8070,6
2018,12,3,8,5.6,76,0,3.6,8071,7
2018,12,3,9,5.6,79,27,5.1,8072,8
2018,12,3,10,5.6,73,56,5.7,8073,9
2018,12,3,11,6.1,70,80,6.7,8074,10
2018,12,3,12,6.1,70,93,5.1,8075,11
2018,12,3,13,5.6,76,91,5.7,8076,12
2018,12,3,14,5.0,82,79,5.7,8077,13
2018,12,3,15,5.5,93,61,5.7,8078,14
2018,12,3,16,4.9,89,40,6.2,8079,15
2018,12,3,17,3.8,92,14,3.6,8080,16
2018,12,3,18,1.8,93,1,5.7,8081,17
2018,12,3,19,1.2,95,0,5.7,8082,18
2018,12,3,20,0.7,96,0,4.6,8083,19
2018,12,3,21,0.4,95,0,5.1,8084,20
2018,12,3,22,0.4,91,0,5.1,8085,21
2018,12,3,23,-1.0,92,0,4.1,8086,22
2018,12,3,24,-1.0,92,0,5.1,8087,23
2018,12,4,1,-2.0,100,0,3.6,8088,0
2018,12,4,2,-1.7,91,0,5.1,8089,1
2018,12,4,3,-2.0,92,0,4.6,8090,2
2018,12,4,4,-1.7,91,0,5.1,8091,3
2018,12,4,5,-2.0,92,0,4.6,8092,4
2018,12,4,6,-2.0,92,0,3.6,8093,5
2018,12,4,7,-3.0,92,0,6.2,8094,6
2018,12,4,8,-3.9,86,0,2.1,8095,7
2018,12,4,9,-3.0,77,35,3.6,8096,8
2018,12,4,10,-3.3,82,101,5.7,8097,9
2018,12,4,11,-3.9,75,170,6.2,8098,10
2018,12,4,12,-3.9,71,236,6.2,8099,11
2018,12,4,13,-3.9,68,277,4.6,8100,12
2018,12,4,14,-3.9,75,249,5.7,8101,13
2018,12,4,15,-3.9,71,205,4.1,8102,14
2018,12,4,16,-4.4,71,149,3.1,8103,15
2018,12,4,17,-5.0,75,55,2.6,8104,16
2018,12,4,18,-5.6,79,5,0.0,8105,17
2018,12,4,19,-5.0,79,0,1.5,8106,18
2018,12,4,20,-5.6,79,0,0.0,8107,19
2018,12,4,21,-8.9,82,0,1.5,8108,20
2018,12,4,22,-9.4,86,0,1.5,8109,21
2018,12,4,23,-10.6,87,0,0.0,8110,22
2018,12,4,24,-10.6,82,0,0.0,8111,23
2018,12,5,1,-11.1,91,0,2.1,8112,0
2018,12,5,2,-11.1,86,0,2.1,8113,1
2018,12,5,3,-10.6,91,0,2.6,8114,2
2018,12,5,4,-10.6,91,0,2.6,8115,3
2018,12,5,5,-11.1,91,0,2.6,8116,4
2018,12,5,6,-11.1,91,0,2.6,8117,5
2018,12,5,7,-12.0,91,0,2.1,8118,6
2018,12,5,8,-11.1,91,0,2.6,8119,7
2018,12,5,9,-6.1,95,75,1.5,8120,8
2018,12,5,10,-5.6,87,197,2.1,8121,9
2018,12,5,11,-3.9,79,284,2.6,8122,10
2018,12,5,12,-3.3,72,308,3.1,8123,11
2018,12,5,13,-2.8,72,292,3.1,8124,12
2018,12,5,14,-2.2,68,262,1.5,8125,13
2018,12,5,15,-1.1,66,210,0.0,8126,14
2018,12,5,16,-1.7,69,126,0.0,8127,15
2018,12,5,17,-3.9,54,43,2.1,8128,16
2018,12,5,18,-7.2,71,3,0.0,8129,17
2018,12,5,19,-8.3,78,0,0.0,8130,18
2018,12,5,20,-9.4,62,0,0.0,8131,19
2018,12,5,21,-9.4,81,0,1.5,8132,20
2018,12,5,22,-8.9,86,0,0.0,8133,21
2018,12,5,23,-8.0,92,0,0.0,8134,22
2018,12,5,24,-8.0,92,0,0.0,8135,23
2018,12,6,1,-6.1,91,0,0.0,8136,0
2018,12,6,2,-6.0,92,0,0.0,8137,1
2018,12,6,3,-5.0,84,0,0.0,8138,2
2018,12,6,4,-3.3,87,0,2.1,8139,3
2018,12,6,5,-3.0,84,0,2.6,8140,4
2018,12,6,6,-3.0,92,0,3.1,8141,5
2018,12,6,7,-3.0,92,0,4.6,8142,6
2018,12,6,8,-2.2,79,0,4.6,8143,7
2018,12,6,9,-1.7,76,49,5.7,8144,8
2018,12,6,10,-1.0,78,140,3.1,8145,9
2018,12,6,11,-0.6,69,235,4.1,8146,10
2018,12,6,12,0.6,60,320,5.1,8147,11
2018,12,6,13,0.6,63,327,4.6,8148,12
2018,12,6,14,1.1,61,253,4.6,8149,13
2018,12,6,15,1.8,58,159,4.1,8150,14
2018,12,6,16,1.7,58,84,5.1,8151,15
2018,12,6,17,1.9,58,33,4.6,8152,16
2018,12,6,18,1.6,65,2,3.6,8153,17
2018,12,6,19,1.2,92,0,3.1,8154,18
2018,12,6,20,0.9,88,0,5.1,8155,19
2018,12,6,21,0.9,92,0,4.6,8156,20
2018,12,6,22,0.8,92,0,3.6,8157,21
2018,12,6,23,0.7,92,0,3.6,8158,22
2018,12,6,24,0.3,85,0,6.2,8159,23
2018,12,7,1,-3.0,92,0,9.3,8160,0
2018,12,7,2,-3.0,92,0,5.1,8161,1
2018,12,7,3,-3.3,75,0,5.1,8162,2
2018,12,7,4,-3.0,71,0,5.1,8163,3
2018,12,7,5,-3.3,72,0,9.3,8164,4
2018,12,7,6,-5.0,83,0,4.1,8165,5
2018,12,7,7,-4.0,77,0,5.1,8166,6
2018,12,7,8,-4.4,82,0,5.1,8167,7
2018,12,7,9,-5.0,91,60,5.1,8168,8
2018,12,7,10,-5.0,77,160,6.2,8169,9
2018,12,7,11,-5.0,71,243,7.2,8170,10
2018,12,7,12,-5.0,68,262,6.7,8171,11
2018,12,7,13,-3.9,65,248,8.2,8172,12
2018,12,7,14,-4.4,65,211,5.7,8173,13
2018,12,7,15,-5.0,65,145,4.1,8174,14
2018,12,7,16,-5.0,65,85,3.6,8175,15
2018,12,7,17,-6.1,58,30,3.1,8176,16
2018,12,7,18,-6.1,78,3,2.1,8177,17
2018,12,7,19,-6.7,75,0,2.6,8178,18
2018,12,7,20,-7.8,78,0,2.6,8179,19
2018,12,7,21,-8.9,82,0,2.1,8180,20
2018,12,7,22,-8.3,86,0,2.1,8181,21
2018,12,7,23,-7.2,78,0,3.1,8182,22
2018,12,7,24,-7.2,71,0,2.1,8183,23
2018,12,8,1,-8.9,75,0,0.0,8184,0
2018,12,8,2,-9.4,81,0,2.1,8185,1
2018,12,8,3,-8.9,86,0,1.5,8186,2
2018,12,8,4,-8.3,82,0,2.1,8187,3
2018,12,8,5,-8.9,86,0,2.1,8188,4
2018,12,8,6,-8.3,86,0,2.1,8189,5
2018,12,8,7,-8.0,92,0,1.5,8190,6
2018,12,8,8,-6.7,87,0,2.6,8191,7
2018,12,8,9,-5.6,83,39,1.5,8192,8
2018,12,8,10,-4.4,75,121,3.6,8193,9
2018,12,8,11,-3.9,83,212,5.7,8194,10
2018,12,8,12,-3.3,68,278,7.2,8195,11
2018,12,8,13,-2.2,56,303,6.7,8196,12
2018,12,8,14,-2.2,54,248,8.2,8197,13
2018,12,8,15,-2.8,59,163,7.2,8198,14
2018,12,8,16,-2.8,65,100,6.2,8199,15
2018,12,8,17,-3.3,72,37,5.7,8200,16
2018,12,8,18,-3.3,72,3,4.1,8201,17
2018,12,8,19,-3.9,71,0,4.6,8202,18
2018,12,8,20,-4.4,68,0,3.6,8203,19
2018,12,8,21,-6.1,71,0,2.6,8204,20
2018,12,8,22,-6.7,75,0,1.5,8205,21
2018,12,8,23,-5.0,71,0,1.5,8206,22
2018,12,8,24,-5.0,71,0,0.0,8207,23
2018,12,9,1,-6.1,71,0,0.0,8208,0
2018,12,9,2,-7.8,75,0,1.5,8209,1
2018,12,9,3,-11.7,78,0,1.5,8210,2
2018,12,9,4,-12.2,82,0,0.0,8211,3
2018,12,9,5,-12.8,86,0,1.5,8212,4
2018,12,9,6,-13.3,86,0,2.1,8213,5
2018,12,9,7,-13.0,83,0,2.1,8214,6
2018,12,9,8,-13.9,86,0,1.5,8215,7
2018,12,9,9,-9.4,90,71,0.0,8216,8
2018,12,9,10,-4.4,71,201,1.5,8217,9
2018,12,9,11,-2.2,68,317,3.1,8218,10
2018,12,9,12,-0.6,57,398,3.6,8219,11
2018,12,9,13,0.0,67,429,4.1,8220,12
2018,12,9,14,0.6,49,393,5.1,8221,13
2018,12,9,15,0.6,47,309,4.1,8222,14
2018,12,9,16,0.6,60,188,2.6,8223,15
2018,12,9,17,-2.8,62,64,3.1,8224,16
2018,12,9,18,-6.7,64,5,0.0,8225,17
2018,12,9,19,-7.8,75,0,0.0,8226,18
2018,12,9,20,-8.9,78,0,1.5,8227,19
2018,12,9,21,-6.7,79,0,1.5,8228,20
2018,12,9,22,-3.9,83,0,3.1,8229,21
2018,12,9,23,-3.9,86,0,1.5,8230,22
2018,12,9,24,-3.3,82,0,2.1,8231,23
2018,12,10,1,-3.3,82,0,2.6,8232,0
2018,12,10,2,-2.8,83,0,3.6,8233,1
2018,12,10,3,-2.8,83,0,2.1,8234,2
2018,12,10,4,-2.8,83,0,2.1,8235,3
2018,12,10,5,-2.8,83,0,1.5,8236,4
2018,12,10,6,-2.8,83,0,2.6,8237,5
2018,12,10,7,-3.0,84,0,1.5,8238,6
2018,12,10,8,-2.8,83,0,2.1,8239,7
2018,12,10,9,-2.2,83,49,1.5,8240,8
2018,12,10,10,-1.7,80,132,2.6,8241,9
2018,12,10,11,-1.1,79,190,3.1,8242,10
2018,12,10,12,-0.6,73,219,3.6,8243,11
2018,12,10,13,-0.6,73,241,4.1,8244,12
2018,12,10,14,-1.1,76,212,3.1,8245,13
2018,12,10,15,-1.1,68,152,4.1,8246,14
2018,12,10,16,-1.7,76,94,2.6,8247,15
2018,12,10,17,-1.7,72,33,2.1,8248,16
2018,12,10,18,-2.2,72,3,2.1,8249,17
2018,12,10,19,-2.2,72,0,2.6,8250,18
2018,12,10,20,-2.8,72,0,1.5,8251,19
2018,12,10,21,-2.8,72,0,1.5,8252,20
2018,12,10,22,-2.8,72,0,0.0,8253,21
2018,12,10,23,-2.8,76,0,1.5,8254,22
2018,12,10,24,-2.8,76,0,1.5,8255,23
2018,12,11,1,-2.8,76,0,2.1,8256,0
2018,12,11,2,-2.8,76,0,1.5,8257,1
2018,12,11,3,-2.8,76,0,1.5,8258,2
2018,12,11,4,-2.8,76,0,2.6,8259,3
2018,12,11,5,-2.8,72,0,2.1,8260,4
2018,12,11,6,-3.3,79,0,3.6,8261,5
2018,12,11,7,-3.0,71,0,3.1,8262,6
2018,12,11,8,-3.3,75,0,4.1,8263,7
2018,12,11,9,-3.3,75,62,3.6,8264,8
2018,12,11,10,-2.8,76,175,2.6,8265,9
2018,12,11,11,-1.7,69,286,3.1,8266,10
2018,12,11,12,-1.1,62,369,1.5,8267,11
2018,12,11,13,-1.1,62,385,0.0,8268,12
2018,12,11,14,-1.1,62,350,0.0,8269,13
2018,12,11,15,-1.7,65,268,0.0,8270,14
2018,12,11,16,-2.2,72,140,2.1,8271,15
2018,12,11,17,-2.2,72,42,2.6,8272,16
2018,12,11,18,-2.2,72,3,2.1,8273,17
2018,12,11,19,-2.2,72,0,4.1,8274,18
2018,12,11,20,-3.3,87,0,2.1,8275,19
2018,12,11,21,-3.3,87,0,3.1,8276,20
2018,12,11,22,-3.0,92,0,3.6,8277,21
2018,12,11,23,-3.0,92,0,3.1,8278,22
2018,12,11,24,-3.0,92,0,3.1,8279,23
2018,12,12,1,-3.0,92,0,2.1,8280,0
2018,12,12,2,-3.0,92,0,2.6,8281,1
2018,12,12,3,-3.0,100,0,0.0,8282,2
2018,12,12,4,-3.0,100,0,0.0,8283,3
2018,12,12,5,-2.0,92,0,0.0,8284,4
2018,12,12,6,-1.1,91,0,4.6,8285,5
2018,12,12,7,-1.0,92,0,4.6,8286,6
2018,12,12,8,-1.1,91,0,4.1,8287,7
2018,12,12,9,-1.1,87,21,4.1,8288,8
2018,12,12,10,-0.6,83,75,3.6,8289,9
2018,12,12,11,0.0,76,174,2.6,8290,10
2018,12,12,12,0.2,76,221,1.5,8291,11
2018,12,12,13,0.3,76,211,2.1,8292,12
2018,12,12,14,0.3,72,182,1.5,8293,13
2018,12,12,15,0.1,72,124,0.0,8294,14
2018,12,12,16,0.1,73,73,2.1,8295,15
2018,12,12,17,0.1,73,26,1.5,8296,16
2018,12,12,18,-1.7,76,2,3.1,8297,17
2018,12,12,19,-2.8,79,0,2.1,8298,18
2018,12,12,20,-3.3,82,0,3.1,8299,19
2018,12,12,21,-2.2,79,0,3.1,8300,20
2018,12,12,22,-1.7,80,0,4.1,8301,21
2018,12,12,23,-1.1,72,0,4.6,8302,22
2018,12,12,24,-1.1,72,0,4.1,8303,23
2018,12,13,1,-1.1,72,0,4.6,8304,0
2018,12,13,2,-1.1,76,0,5.7,8305,1
2018,12,13,3,-0.6,73,0,5.7,8306,2
2018,12,13,4,-0.6,76,0,4.1,8307,3
2018,12,13,5,-1.0,78,0,6.2,8308,4
2018,12,13,6,-1.0,85,0,5.7,8309,5
2018,12,13,7,-1.0,85,0,7.2,8310,6
2018,12,13,8,-1.1,83,0,4.1,8311,7
2018,12,13,9,-1.1,83,48,6.2,8312,8
2018,12,13,10,0.6,73,141,5.7,8313,9
2018,12,13,11,1.1,70,239,6.2,8314,10
2018,12,13,12,0.0,68,306,7.2,8315,11
2018,12,13,13,1.1,73,290,6.7,8316,12
2018,12,13,14,0.9,80,251,3.6,8317,13
2018,12,13,15,0.8,81,227,4.1,8318,14
2018,12,13,16,1.3,81,149,4.6,8319,15
2018,12,13,17,0.8,87,50,5.1,8320,16
2018,12,13,18,0.2,87,4,4.1,8321,17
2018,12,13,19,1.1,88,0,4.6,8322,18
2018,12,13,20,0.6,91,0,4.6,8323,19
2018,12,13,21,1.1,88,0,5.7,8324,20
2018,12,13,22,1.1,84,0,4.6,8325,21
2018,12,13,23,1.0,86,0,4.6,8326,22
2018,12,13,24,0.6,87,0,5.1,8327,23
2018,12,14,1,0.2,86,0,4.1,8328,0
2018,12,14,2,0.0,86,0,6.2,8329,1
2018,12,14,3,0.0,88,0,4.1,8330,2
2018,12,14,4,0.2,85,0,4.6,8331,3
2018,12,14,5,0.1,93,0,4.6,8332,4
2018,12,14,6,1.2,87,0,6.2,8333,5
2018,12,14,7,1.2,87,0,4.1,8334,6
2018,12,14,8,1.4,89,0,5.7,8335,7
2018,12,14,9,1.9,89,26,6.7,8336,8
2018,12,14,10,2.7,89,83,5.1,8337,9
2018,12,14,11,3.9,89,127,6.7,8338,10
2018,12,14,12,4.1,82,175,4.6,8339,11
2018,12,14,13,6.0,81,226,4.6,8340,12
2018,12,14,14,5.7,71,199,6.2,8341,13
2018,12,14,15,6.2,68,142,4.1,8342,14
2018,12,14,16,6.7,73,95,5.1,8343,15
2018,12,14,17,6.7,73,36,5.7,8344,16
2018,12,14,18,6.7,76,3,5.7,8345,17
2018,12,14,19,6.7,79,0,7.2,8346,18
2018,12,14,20,5.1,79,0,7.2,8347,19
2018,12,14,21,6.1,82,0,6.7,8348,20
2018,12,14,22,4.8,82,0,1.5,8349,21
2018,12,14,23,4.3,79,0,2.6,8350,22
2018,12,14,24,4.4,86,0,3.6,8351,23
2018,12,15,1,4.0,79,0,2.6,8352,0
2018,12,15,2,3.7,79,0,3.1,8353,1
2018,12,15,3,4.4,79,0,0.0,8354,2
2018,12,15,4,2.8,89,0,1.5,8355,3
2018,12,15,5,3.4,89,0,0.0,8356,4
2018,12,15,6,2.8,89,0,1.5,8357,5
2018,12,15,7,3.4,93,0,1.5,8358,6
2018,12,15,8,3.5,96,0,1.5,8359,7
2018,12,15,9,3.6,93,39,0.0,8360,8
2018,12,15,10,4.4,93,112,1.5,8361,9
2018,12,15,11,4.0,93,169,3.1,8362,10
2018,12,15,12,4.4,86,197,3.6,8363,11
2018,12,15,13,3.9,93,189,2.6,8364,12
2018,12,15,14,3.9,93,198,4.1,8365,13
2018,12,15,15,4.6,92,165,1.5,8366,14
2018,12,15,16,4.5,92,73,1.5,8367,15
2018,12,15,17,4.2,92,22,2.1,8368,16
2018,12,15,18,3.1,92,2,2.1,8369,17
2018,12,15,19,2.8,96,0,2.6,8370,18
2018,12,15,20,2.5,92,0,0.0,8371,19
2018,12,15,21,2.3,96,0,2.1,8372,20
2018,12,15,22,2.1,95,0,2.1,8373,21
2018,12,15,23,1.9,96,0,0.0,8374,22
2018,12,15,24,1.3,92,0,0.0,8375,23
2018,12,16,1,1.6,96,0,0.0,8376,0
2018,12,16,2,1.3,96,0,0.0,8377,1
2018,12,16,3,1.5,92,0,0.0,8378,2
2018,12,16,4,1.5,100,0,0.0,8379,3
2018,12,16,5,1.0,93,0,0.0,8380,4
2018,12,16,6,1.1,100,0,0.0,8381,5
2018,12,16,7,1.4,93,0,2.6,8382,6
2018,12,16,8,1.7,77,0,2.1,8383,7
2018,12,16,9,1.7,88,0,0.0,8384,8
2018,12,16,10,1.7,92,17,0.0,8385,9
2018,12,16,11,1.6,89,37,0.0,8386,10
2018,12,16,12,1.6,89,56,2.6,8387,11
2018,12,16,13,1.9,89,68,2.6,8388,12
2018,12,16,14,2.1,87,64,2.6,8389,13
2018,12,16,15,2.2,92,43,2.1,8390,14
2018,12,16,16,2.2,96,19,2.1,8391,15
2018,12,16,17,1.7,96,5,2.6,8392,16
2018,12,16,18,1.5,96,1,0.0,8393,17
2018,12,16,19,1.4,100,0,1.5,8394,18
2018,12,16,20,1.1,96,0,0.0,8395,19
2018,12,16,21,1.0,100,0,0.0,8396,20
2018,12,16,22,0.3,96,0,0.0,8397,21
2018,12,16,23,0.6,100,0,0.0,8398,22
2018,12,16,24,0.7,100,0,0.0,8399,23
2018,12,17,1,1.0,100,0,2.1,8400,0
2018,12,17,2,1.0,100,0,1.5,8401,1
2018,12,17,3,1.0,100,0,0.0,8402,2
2018,12,17,4,1.1,100,0,2.1,8403,3
2018,12,17,5,1.7,100,0,2.1,8404,4
2018,12,17,6,1.3,93,0,2.6,8405,5
2018,12,17,7,1.3,100,0,0.0,8406,6
2018,12,17,8,0.6,96,0,3.6,8407,7
2018,12,17,9,0.8,88,37,3.6,8408,8
2018,12,17,10,1.7,92,68,5.7,8409,9
2018,12,17,11,2.2,81,94,6.7,8410,10
2018,12,17,12,2.2,78,177,7.7,8411,11
2018,12,17,13,1.7,77,239,9.8,8412,12
2018,12,17,14,1.7,77,242,9.8,8413,13
2018,12,17,15,1.6,80,195,9.3,8414,14
2018,12,17,16,1.5,80,102,7.2,8415,15
2018,12,17,17,1.3,83,30,10.3,8416,16
2018,12,17,18,0.6,83,3,9.3,8417,17
2018,12,17,19,0.6,87,0,8.8,8418,18
2018,12,17,20,0.4,73,0,10.8,8419,19
2018,12,17,21,0.7,69,0,10.8,8420,20
2018,12,17,22,0.1,68,0,13.4,8421,21
2018,12,17,23,-1.0,66,0,11.8,8422,22
2018,12,17,24,-2.2,72,0,8.2,8423,23
2018,12,18,1,-3.0,71,0,9.8,8424,0
2018,12,18,2,-3.9,71,0,8.2,8425,1
2018,12,18,3,-4.4,82,0,6.2,8426,2
2018,12,18,4,-4.0,71,0,8.2,8427,3
2018,12,18,5,-4.4,71,0,9.8,8428,4
2018,12,18,6,-4.0,71,0,8.2,8429,5
2018,12,18,7,-4.0,71,0,7.2,8430,6
2018,12,18,8,-5.0,71,0,5.1,8431,7
2018,12,18,9,-5.0,68,36,6.2,8432,8
2018,12,18,10,-5.0,68,116,4.1,8433,9
2018,12,18,11,-5.0,68,187,3.6,8434,10
2018,12,18,12,-5.6,72,239,7.7,8435,11
2018,12,18,13,-5.6,72,290,7.2,8436,12
2018,12,18,14,-5.6,72,272,4.6,8437,13
2018,12,18,15,-5.6,68,196,4.1,8438,14
2018,12,18,16,-6.1,71,118,4.6,8439,15
2018,12,18,17,-6.1,71,41,2.1,8440,16
2018,12,18,18,-7.8,71,4,2.1,8441,17
2018,12,18,19,-10.0,74,0,1.5,8442,18
2018,12,18,20,-11.1,78,0,0.0,8443,19
2018,12,18,21,-11.1,82,0,0.0,8444,20
2018,12,18,22,-11.1,82,0,0.0,8445,21
2018,12,18,23,-11.1,86,0,1.5,8446,22
2018,12,18,24,-11.1,82,0,1.5,8447,23
2018,12,19,1,-11.7,87,0,1.5,8448,0
2018,12,19,2,-11.1,91,0,0.0,8449,1
2018,12,19,3,-11.1,91,0,3.1,8450,2
2018,12,19,4,-10.6,91,0,2.6,8451,3
2018,12,19,5,-10.6,91,0,2.6,8452,4
2018,12,19,6,-10.6,91,0,2.6,8453,5
2018,12,19,7,-11.0,91,0,2.6,8454,6
2018,12,19,8,-10.0,91,0,3.1,8455,7
2018,12,19,9,-6.7,96,56,2.1,8456,8
2018,12,19,10,-2.2,87,173,1.5,8457,9
2018,12,19,11,0.0,69,288,2.1,8458,10
2018,12,19,12,2.2,70,358,3.6,8459,11
2018,12,19,13,1.4,62,374,3.6,8460,12
2018,12,19,14,2.4,45,341,3.6,8461,13
2018,12,19,15,3.1,46,258,4.1,8462,14
2018,12,19,16,3.9,50,158,3.1,8463,15
2018,12,19,17,4.0,58,61,3.6,8464,16
2018,12,19,18,1.9,55,5,2.1,8465,17
2018,12,19,19,1.2,69,0,2.1,8466,18
2018,12,19,20,0.2,66,0,1.5,8467,19
2018,12,19,21,0.6,57,0,3.6,8468,20
2018,12,19,22,0.0,60,0,3.6,8469,21
2018,12,19,23,0.0,62,0,3.6,8470,22
2018,12,19,24,0.0,66,0,4.1,8471,23
2018,12,20,1,-0.6,69,0,3.6,8472,0
2018,12,20,2,0.6,63,0,3.1,8473,1
2018,12,20,3,0.0,69,0,3.6,8474,2
2018,12,20,4,-1.1,72,0,2.6,8475,3
2018,12,20,5,-1.7,76,0,2.6,8476,4
2018,12,20,6,-0.6,76,0,3.1,8477,5
2018,12,20,7,0.0,72,0,2.6,8478,6
2018,12,20,8,0.0,76,0,2.6,8479,7
2018,12,20,9,2.2,68,54,4.6,8480,8
2018,12,20,10,4.4,63,169,4.6,8481,9
2018,12,20,11,2.5,57,287,4.6,8482,10
2018,12,20,12,3.9,59,367,4.6,8483,11
2018,12,20,13,5.5,57,392,4.6,8484,12
2018,12,20,14,7.2,60,343,6.2,8485,13
2018,12,20,15,7.8,60,206,7.2,8486,14
2018,12,20,16,7.2,63,73,4.6,8487,15
2018,12,20,17,7.2,65,17,4.1,8488,16
2018,12,20,18,6.1,82,1,6.2,8489,17
2018,12,20,19,5.6,89,0,5.7,8490,18
2018,12,20,20,5.0,96,0,4.1,8491,19
2018,12,20,21,5.0,96,0,3.6,8492,20
2018,12,20,22,4.4,97,0,3.6,8493,21
2018,12,20,23,4.4,100,0,5.7,8494,22
2018,12,20,24,5.3,96,0,6.2,8495,23
2018,12,21,1,6.3,93,0,7.7,8496,0
2018,12,21,2,7.7,87,0,5.7,8497,1
2018,12,21,3,8.4,94,0,6.7,8498,2
2018,12,21,4,8.6,97,0,7.7,8499,3
2018,12,21,5,9.1,94,0,8.2,8500,4
2018,12,21,6,13.0,88,0,7.2,8501,5
2018,12,21,7,10.3,94,0,5.7,8502,6
2018,12,21,8,10.5,97,0,6.2,8503,7
2018,12,21,9,10.2,93,0,5.1,8504,8
2018,12,21,10,10.8,96,37,4.6,8505,9
2018,12,21,11,14.0,94,58,3.6,8506,10
2018,12,21,12,15.0,90,58,5.1,8507,11
2018,12,21,13,16.1,83,84,6.7,8508,12
2018,12,21,14,16.1,83,108,5.7,8509,13
2018,12,21,15,15.6,86,106,3.6,8510,14
2018,12,21,16,15.6,80,75,3.6,8511,15
2018,12,21,17,14.4,84,24,4.1,8512,16
2018,12,21,18,13.9,87,2,3.6,8513,17
2018,12,21,19,12.8,100,0,7.2,8514,18
2018,12,21,20,11.6,100,0,3.6,8515,19
2018,12,21,21,10.4,93,0,5.1,8516,20
2018,12,21,22,8.0,96,0,4.1,8517,21
2018,12,21,23,5.7,100,0,5.7,8518,22
2018,12,21,24,4.2,93,0,6.2,8519,23
2018,12,22,1,3.0,100,0,5.1,8520,0
2018,12,22,2,2.3,93,0,4.6,8521,1
2018,12,22,3,1.7,100,0,4.6,8522,2
2018,12,22,4,0.9,100,0,6.2,8523,3
2018,12,22,5,-1.0,100,0,7.2,8524,4
2018,12,22,6,-1.0,92,0,7.2,8525,5
2018,12,22,7,-1.0,92,0,8.8,8526,6
2018,12,22,8,-1.1,91,0,9.3,8527,7
2018,12,22,9,-1.7,91,13,8.8,8528,8
2018,12,22,10,-2.0,92,49,8.2,8529,9
2018,12,22,11,-1.7,91,92,7.7,8530,10
2018,12,22,12,-1.7,91,113,6.2,8531,11
2018,12,22,13,-1.1,87,121,7.2,8532,12
2018,12,22,14,-1.1,87,121,6.7,8533,13
2018,12,22,15,-1.1,91,96,6.2,8534,14
2018,12,22,16,-0.6,83,63,5.1,8535,15
2018,12,22,17,0.0,83,27,6.2,8536,16
2018,12,22,18,-0.6,83,3,7.2,8537,17
2018,12,22,19,-0.6,83,0,8.2,8538,18
2018,12,22,20,-1.1,87,0,7.2,8539,19
2018,12,22,21,-1.7,83,0,5.7,8540,20
2018,12,22,22,-1.7,83,0,7.7,8541,21
2018,12,22,23,-1.7,80,0,8.8,8542,22
2018,12,22,24,-2.2,83,0,5.7,8543,23
2018,12,23,1,-2.2,83,0,4.6,8544,0
2018,12,23,2,-2.2,83,0,4.1,8545,1
2018,12,23,3,-2.2,83,0,3.6,8546,2
2018,12,23,4,-2.2,83,0,2.6,8547,3
2018,12,23,5,-2.2,83,0,2.1,8548,4
2018,12,23,6,-2.8,83,0,2.1,8549,5
2018,12,23,7,-3.0,84,0,1.5,8550,6
2018,12,23,8,-2.8,87,0,0.0,8551,7
2018,12,23,9,-2.2,87,35,1.5,8552,8
2018,12,23,10,-1.1,83,107,0.0,8553,9
2018,12,23,11,-1.1,83,181,0.0,8554,10
2018,12,23,12,-0.6,80,244,1.5,8555,11
2018,12,23,13,0.6,76,297,0.0,8556,12
2018,12,23,14,0.4,76,280,2.1,8557,13
2018,12,23,15,0.9,77,202,2.6,8558,14
2018,12,23,16,1.1,76,116,0.0,8559,15
2018,12,23,17,0.8,79,37,2.1,8560,16
2018,12,23,18,0.2,83,4,1.5,8561,17
2018,12,23,19,0.2,83,0,1.5,8562,18
2018,12,23,20,0.2,83,0,2.1,8563,19
2018,12,23,21,0.4,79,0,2.1,8564,20
2018,12,23,22,0.5,83,0,1.5,8565,21
2018,12,23,23,0.4,83,0,0.0,8566,22
2018,12,23,24,0.4,83,0,0.0,8567,23
2018,12,24,1,0.4,92,0,2.1,8568,0
2018,12,24,2,0.3,92,0,2.1,8569,1
2018,12,24,3,0.3,92,0,0.0,8570,2
2018,12,24,4,0.3,92,0,0.0,8571,3
2018,12,24,5,0.5,92,0,1.5,8572,4
2018,12,24,6,0.8,92,0,2.1,8573,5
2018,12,24,7,0.7,100,0,2.6,8574,6
2018,12,24,8,0.6,87,0,1.5,8575,7
2018,12,24,9,0.5,88,30,2.1,8576,8
2018,12,24,10,0.3,88,119,2.6,8577,9
2018,12,24,11,0.7,87,233,2.1,8578,10
2018,12,24,12,1.3,85,277,2.1,8579,11
2018,12,24,13,1.1,80,277,4.1,8580,12
2018,12,24,14,1.1,73,255,3.6,8581,13
2018,12,24,15,0.7,73,189,2.1,8582,14
2018,12,24,16,0.7,67,117,4.6,8583,15
2018,12,24,17,0.6,67,45,8.8,8584,16
2018,12,24,18,0.3,92,5,5.1,8585,17
2018,12,24,19,0.1,79,0,4.6,8586,18
2018,12,24,20,-1.1,79,0,4.6,8587,19
2018,12,24,21,-1.1,76,0,5.1,8588,20
2018,12,24,22,-1.1,76,0,5.1,8589,21
2018,12,24,23,-1.0,85,0,5.1,8590,22
2018,12,24,24,-0.6,83,0,7.7,8591,23
2018,12,25,1,-1.1,87,0,7.7,8592,0
2018,12,25,2,-1.0,85,0,7.7,8593,1
2018,12,25,3,-1.0,85,0,6.2,8594,2
2018,12,25,4,-1.7,87,0,4.1,8595,3
2018,12,25,5,-2.0,92,0,3.1,8596,4
2018,12,25,6,-2.0,85,0,4.1,8597,5
2018,12,25,7,-3.0,92,0,2.6,8598,6
2018,12,25,8,-2.8,87,0,1.5,8599,7
2018,12,25,9,-2.2,87,32,1.5,8600,8
2018,12,25,10,-2.2,87,109,2.1,8601,9
2018,12,25,11,-1.7,87,150,5.1,8602,10
2018,12,25,12,-1.7,83,166,4.6,8603,11
2018,12,25,13,-1.7,80,179,3.1,8604,12
2018,12,25,14,-1.7,76,175,3.1,8605,13
2018,12,25,15,-2.2,72,173,2.1,8606,14
2018,12,25,16,-1.1,68,122,4.1,8607,15
2018,12,25,17,-3.3,75,44,1.5,8608,16
2018,12,25,18,-3.9,79,6,2.1,8609,17
2018,12,25,19,-3.9,75,0,0.0,8610,18
2018,12,25,20,-4.4,79,0,0.0,8611,19
2018,12,25,21,-3.9,83,0,0.0,8612,20
2018,12,25,22,-3.3,79,0,0.0,8613,21
2018,12,25,23,-3.3,79,0,0.0,8614,22
2018,12,25,24,-3.0,77,0,0.0,8615,23
2018,12,26,1,-2.8,87,0,0.0,8616,0
2018,12,26,2,-3.0,92,0,0.0,8617,1
2018,12,26,3,-3.0,92,0,0.0,8618,2
2018,12,26,4,-3.0,92,0,0.0,8619,3
2018,12,26,5,-2.2,87,0,1.5,8620,4
2018,12,26,6,-1.7,87,0,2.1,8621,5
2018,12,26,7,-2.0,92,0,2.6,8622,6
2018,12,26,8,-1.7,83,0,4.6,8623,7
2018,12,26,9,-1.7,87,23,2.6,8624,8
2018,12,26,10,-1.1,83,80,3.1,8625,9
2018,12,26,11,-0.6,73,159,3.6,8626,10
2018,12,26,12,0.0,72,189,2.6,8627,11
2018,12,26,13,0.6,66,195,2.6,8628,12
2018,12,26,14,0.4,69,201,0.0,8629,13
2018,12,26,15,0.6,73,142,0.0,8630,14
2018,12,26,16,0.5,80,77,1.5,8631,15
2018,12,26,17,0.8,83,33,2.6,8632,16
2018,12,26,18,1.2,87,3,2.6,8633,17
2018,12,26,19,1.1,87,0,0.0,8634,18
2018,12,26,20,1.0,91,0,2.6,8635,19
2018,12,26,21,1.0,86,0,4.6,8636,20
2018,12,26,22,0.6,83,0,4.6,8637,21
2018,12,26,23,0.2,83,0,4.1,8638,22
2018,12,26,24,0.2,85,0,4.6,8639,23
2018,12,27,1,-1.0,85,0,4.1,8640,0
2018,12,27,2,-2.0,85,0,4.1,8641,1
2018,12,27,3,-2.0,85,0,3.1,8642,2
2018,12,27,4,-3.9,83,0,2.6,8643,3
2018,12,27,5,-5.0,86,0,1.5,8644,4
2018,12,27,6,-5.0,83,0,2.6,8645,5
2018,12,27,7,-6.0,92,0,2.1,8646,6
2018,12,27,8,-5.6,83,0,1.5,8647,7
2018,12,27,9,-5.0,86,42,2.1,8648,8
2018,12,27,10,-3.3,75,134,3.1,8649,9
2018,12,27,11,-2.2,75,265,3.1,8650,10
2018,12,27,12,1.1,58,360,2.1,8651,11
2018,12,27,13,0.0,57,335,4.6,8652,12
2018,12,27,14,0.7,55,301,4.6,8653,13
2018,12,27,15,1.1,63,273,3.6,8654,14
2018,12,27,16,1.3,60,170,4.1,8655,15
2018,12,27,17,1.7,61,57,4.1,8656,16
2018,12,27,18,1.4,62,5,4.6,8657,17
2018,12,27,19,2.0,62,0,5.7,8658,18
2018,12,27,20,2.8,68,0,7.2,8659,19
2018,12,27,21,2.2,71,0,7.7,8660,20
2018,12,27,22,2.8,71,0,8.8,8661,21
2018,12,27,23,2.8,71,0,8.2,8662,22
2018,12,27,24,2.3,69,0,9.3,8663,23
2018,12,28,1,3.0,68,0,9.8,8664,0
2018,12,28,2,2.2,89,0,9.8,8665,1
2018,12,28,3,3.0,87,0,9.8,8666,2
2018,12,28,4,3.9,92,0,10.3,8667,3
2018,12,28,5,3.3,92,0,10.3,8668,4
2018,12,28,6,3.9,93,0,7.7,8669,5
2018,12,28,7,4.0,93,0,7.7,8670,6
2018,12,28,8,5.6,92,0,7.2,8671,7
2018,12,28,9,6.7,93,0,7.7,8672,8
2018,12,28,10,7.8,93,16,7.2,8673,9
2018,12,28,11,8.3,93,22,5.7,8674,10
2018,12,28,12,8.9,93,31,5.1,8675,11
2018,12,28,13,8.9,96,51,5.1,8676,12
2018,12,28,14,9.4,93,57,4.6,8677,13
2018,12,28,15,9.4,93,39,4.6,8678,14
2018,12,28,16,9.4,93,21,3.6,8679,15
2018,12,28,17,9.4,97,9,4.1,8680,16
2018,12,28,18,10.0,93,2,5.7,8681,17
2018,12,28,19,10.0,93,0,3.6,8682,18
2018,12,28,20,8.3,93,0,2.6,8683,19
2018,12,28,21,8.3,93,0,3.6,8684,20
2018,12,28,22,7.8,96,0,3.6,8685,21
2018,12,28,23,8.3,97,0,4.1,8686,22
2018,12,28,24,7.8,96,0,4.6,8687,23
2018,12,29,1,7.8,96,0,3.1,8688,0
2018,12,29,2,8.0,93,0,4.6,8689,1
2018,12,29,3,6.0,87,0,5.7,8690,2
2018,12,29,4,4.8,72,0,6.2,8691,3
2018,12,29,5,3.0,74,0,6.7,8692,4
2018,12,29,6,2.0,75,0,5.1,8693,5
2018,12,29,7,2.0,80,0,6.2,8694,6
2018,12,29,8,2.2,78,0,6.2,8695,7
2018,12,29,9,3.0,78,16,5.1,8696,8
2018,12,29,10,2.8,75,51,6.7,8697,9
2018,12,29,11,2.1,75,79,6.2,8698,10
2018,12,29,12,1.7,93,104,7.7,8699,11
2018,12,29,13,0.9,91,134,5.1,8700,12
2018,12,29,14,0.5,92,127,6.7,8701,13
2018,12,29,15,-1.0,92,96,7.7,8702,14
2018,12,29,16,-2.2,91,64,5.7,8703,15
2018,12,29,17,-2.8,87,25,5.7,8704,16
2018,12,29,18,-2.8,83,3,5.1,8705,17
2018,12,29,19,-3.3,82,0,4.6,8706,18
2018,12,29,20,-3.9,83,0,3.6,8707,19
2018,12,29,21,-3.9,79,0,2.6,8708,20
2018,12,29,22,-4.4,82,0,2.6,8709,21
2018,12,29,23,-4.4,79,0,0.0,8710,22
2018,12,29,24,-4.4,79,0,0.0,8711,23
2018,12,30,1,-4.4,82,0,0.0,8712,0
2018,12,30,2,-3.9,79,0,0.0,8713,1
2018,12,30,3,-3.9,83,0,1.5,8714,2
2018,12,30,4,-4.0,84,0,2.1,8715,3
2018,12,30,5,-4.0,84,0,2.1,8716,4
2018,12,30,6,-4.0,84,0,1.5,8717,5
2018,12,30,7,-3.0,92,0,1.5,8718,6
2018,12,30,8,-2.8,91,0,0.0,8719,7
2018,12,30,9,-2.2,91,42,0.0,8720,8
2018,12,30,10,-1.7,91,148,3.1,8721,9
2018,12,30,11,0.0,83,261,2.1,8722,10
2018,12,30,12,0.6,80,251,5.1,8723,11
2018,12,30,13,1.1,77,185,4.6,8724,12
2018,12,30,14,1.1,70,167,4.1,8725,13
2018,12,30,15,0.3,70,142,4.1,8726,14
2018,12,30,16,1.1,70,104,2.1,8727,15
2018,12,30,17,0.6,73,48,2.1,8728,16
2018,12,30,18,0.9,79,6,3.1,8729,17
2018,12,30,19,0.3,83,0,3.1,8730,18
2018,12,30,20,-1.1,83,0,3.6,8731,19
2018,12,30,21,-1.7,83,0,3.1,8732,20
2018,12,30,22,-2.2,83,0,3.1,8733,21
2018,12,30,23,-1.7,83,0,2.1,8734,22
2018,12,30,24,-1.7,83,0,2.6,8735,23
2018,12,31,1,-2.2,83,0,3.1,8736,0
2018,12,31,2,-2.2,87,0,2.6,8737,1
2018,12,31,3,-3.9,86,0,1.5,8738,2
2018,12,31,4,-3.3,87,0,2.1,8739,3
2018,12,31,5,-4.4,90,0,2.1,8740,4
2018,12,31,6,-4.4,90,0,2.6,8741,5
2018,12,31,7,-4.0,92,0,2.6,8742,6
2018,12,31,8,-2.8,96,0,3.1,8743,7
2018,12,31,9,0.0,87,37,3.6,8744,8
2018,12,31,10,1.1,80,112,3.6,8745,9
2018,12,31,11,0.2,81,154,3.6,8746,10
2018,12,31,12,0.5,85,175,6.2,8747,11
2018,12,31,13,2.0,85,187,6.7,8748,12
2018,12,31,14,3.0,87,143,6.7,8749,13
2018,12,31,15,2.8,89,91,5.1,8750,14
2018,12,31,16,2.8,92,55,6.2,8751,15
2018,12,31,17,2.8,96,19,5.1,8752,16
2018,12,31,18,3.3,92,1,5.1,8753,17
2018,12,31,19,3.3,97,0,7.2,8754,18
2018,12,31,20,3.9,93,0,6.7,8755,19
2018,12,31,21,3.3,93,0,10.8,8756,20
2018,12,31,22,4.4,97,0,9.3,8757,21
2018,12,31,23,5.0,93,0,10.3,8758,22
2018,12,31,24,5.0,93,0,8.8,8759,23
