Start Date,ZIP Code,Network,Energy (kWh),Charging Sessions,Charging Time (Hours),Total Duration (Hours),Active Station Count,Active Port Count
2021-10-01,14604,ChargePoint,4022.3940000000007,405,867,1574,4,8
2021-09-01,14604,ChargePoint,7455.0219999999945,730,1578,3069,4,8
2021-08-01,14604,ChargePoint,7399.77399999999,648,1561,2817,4,8
2021-07-01,14604,ChargePoint,7884.862000000012,582,1591,2824,4,8
2021-06-01,14604,ChargePoint,6827.414,556,1327,3188,4,8
2021-05-01,14604,ChargePoint,6598.309999999998,560,1329,3306,4,8
2021-04-01,14604,ChargePoint,6248.251999999999,528,1334,2884,4,8
2021-03-01,14604,ChargePoint,5330.148000000003,464,1231,2792,4,8
2021-10-01,14614,ChargePoint,3155.085999999999,245,619,991,3,6
2021-09-01,14614,ChargePoint,3852.2760000000007,350,827,1590,3,6
2021-08-01,14614,ChargePoint,5184.929999999998,390,1035,1638,3,6
2021-07-01,14614,ChargePoint,5503.298000000003,438,1099,1745,3,6
2021-06-01,14614,ChargePoint,5831.8679999999995,408,1171,1802,3,6
2021-05-01,14614,ChargePoint,5030.940000000001,378,981,1482,3,6
2021-04-01,14614,ChargePoint,4825.37,338,1030,1767,3,6
2021-03-01,14614,ChargePoint,4229.827999999999,342,925,1944,3,6
2021-09-01,14607,ChargePoint,1774.2879999999998,180,460,720,6,10
2021-08-01,14607,ChargePoint,1790.3480000000006,208,434,655,6,11
2021-07-01,14607,ChargePoint,1187.27,128,293,485,6,11
2021-06-01,14607,ChargePoint,868.748,108,226,403,5,9
2021-05-01,14607,ChargePoint,900.3000000000001,110,222,372,5,9
2021-10-01,14612,ChargePoint,3097.5170000000007,177,579,849,4,8
2021-09-01,14612,ChargePoint,3917.295999999998,342,789,994,4,8
2021-08-01,14612,ChargePoint,3648.666,458,779,885,4,8
2021-07-01,14612,ChargePoint,5303.566000000005,454,1041,1169,4,8
2021-06-01,14612,ChargePoint,3634.6960000000004,450,793,1018,4,7
2021-05-01,14612,ChargePoint,3016.1740000000027,278,596,704,4,8
2021-03-01,14612,ChargePoint,404.18399999999997,164,116,130,4,6
2021-04-01,14612,ChargePoint,2363.558,222,460,578,4,7
2021-09-01,14605,ChargePoint,809.3160000000005,110,148,199,1,2
2021-08-01,14605,ChargePoint,1575.5619999999992,240,263,304,1,2
2021-07-01,14605,ChargePoint,1491.3600000000001,212,265,364,1,2
2021-06-01,14605,ChargePoint,1906.9440000000002,204,331,428,1,2
2021-05-01,14605,ChargePoint,1711.6219999999998,244,287,364,1,2
2021-04-01,14605,ChargePoint,1025.3840000000002,176,175,223,1,2
2021-03-01,14605,ChargePoint,962.6840000000003,176,184,241,1,2
2021-10-01,14611,ChargePoint,231.87100000000007,23,39,43,4,5
2021-09-01,14611,ChargePoint,345.456,30,58,181,3,4
2021-08-01,14611,ChargePoint,573.498,28,98,103,5,8
2021-07-01,14611,ChargePoint,118.52999999999999,10,20,20,4,4
2021-07-01,14617,ChargePoint,1971.8159999999998,326,407,489,11,20
2021-06-01,14611,ChargePoint,224.93,22,40,43,5,5
2021-05-01,14611,ChargePoint,125.27000000000001,14,22,22,3,5
2021-10-01,14626,ChargePoint,2183.0369999999994,161,502,981,6,11
2021-09-01,14626,ChargePoint,3936.5539999999964,320,903,1826,7,14
2021-08-01,14626,ChargePoint,3244.7459999999996,328,791,1935,5,10
2021-07-01,14626,ChargePoint,3504.084000000001,278,811,1821,5,9
2021-06-01,14626,ChargePoint,2578.2060000000015,238,632,1827,5,10
2021-05-01,14626,ChargePoint,3380.9659999999985,280,769,2043,5,10
2021-04-01,14626,ChargePoint,5193.236000000002,446,1188,2815,5,10
2021-03-01,14626,ChargePoint,5039.439999999995,404,1121,2701,5,10
2021-10-01,14621,ChargePoint,3588.7959999999994,324,1053,2233,11,21
2021-09-01,14621,ChargePoint,5779.612000000001,572,1749,4082,11,20
2021-08-01,14621,ChargePoint,4865.499999999998,594,1520,4101,9,17
2021-07-01,14621,ChargePoint,5731.387999999999,632,1915,4469,10,19
2021-06-01,14621,ChargePoint,5223.97,602,1626,3886,9,18
2021-05-01,14621,ChargePoint,5104.584000000001,562,1473,3931,10,18
2021-04-01,14621,ChargePoint,6487.230000000005,680,2115,5993,11,21
2021-03-01,14621,ChargePoint,6350.822,658,2117,5327,10,20
2021-10-01,14627,ChargePoint,763.769,81,163,226,1,1
2021-09-01,14627,ChargePoint,1225.7420000000002,134,282,411,1,1
2021-08-01,14627,ChargePoint,986.54,100,209,284,1,1
2021-07-01,14627,ChargePoint,433.68799999999993,56,99,133,1,1
2021-06-01,14627,ChargePoint,407.952,52,88,175,1,1
2021-05-01,14627,ChargePoint,1025.4340000000002,102,211,362,1,1
2021-04-01,14627,ChargePoint,783.278,98,178,457,1,1
2021-03-01,14627,ChargePoint,525.1460000000003,68,131,333,1,1
2021-04-01,14620,ChargePoint,401.13999999999993,42,76,109,1,2
2021-03-01,14620,ChargePoint,1504.372,118,262,372,1,2
2021-06-01,14642,ChargePoint,569.3599999999999,44,115,204,1,2
2021-05-01,14642,ChargePoint,1966.9880000000007,186,385,688,1,2
2021-04-01,14642,ChargePoint,1546.2959999999996,160,333,751,1,2
2021-03-01,14642,ChargePoint,1734.3180000000002,194,377,759,1,2
2021-10-01,14620,ChargePoint,1313.6330000000003,101,279,372,1,2
2021-09-01,14620,ChargePoint,2369.354,182,515,767,1,2
2021-08-01,14620,ChargePoint,1495.1660000000006,150,330,617,1,2
2021-07-01,14620,ChargePoint,1633.9219999999996,122,352,633,1,2
2021-06-01,14620,ChargePoint,1131.4580000000005,102,250,458,1,2
2021-10-01,14607,ChargePoint,797.1729999999999,97,221,413,6,10
2021-09-01,14617,ChargePoint,1934.754000000001,306,433,495,10,17
2021-08-01,14617,ChargePoint,1593.8240000000012,280,313,334,7,13
2021-06-01,14617,ChargePoint,1563.5080000000003,238,346,360,8,14
2021-05-01,14617,ChargePoint,1785.0660000000005,306,413,457,8,14
2021-04-01,14607,ChargePoint,752.9519999999999,70,191,348,6,8
2021-03-01,14607,ChargePoint,1028.91,84,239,389,5,9
2021-03-01,14617,ChargePoint,1374.7940000000006,342,363,425,7,13
2021-04-01,14617,ChargePoint,1185.8119999999988,258,320,363,8,12
2021-10-01,14623,ChargePoint,7511.301000000002,617,1579,2538,8,16
2021-09-01,14623,ChargePoint,11941.29799999998,1046,2520,4180,8,16
2021-08-01,14623,ChargePoint,8373.379999999996,718,1728,3037,8,16
2021-07-01,14623,ChargePoint,7425.310000000007,554,1487,2223,8,16
2021-06-01,14623,ChargePoint,7254.926000000002,566,1605,2610,8,16
2021-05-01,14623,ChargePoint,7919.664000000002,702,1700,3281,8,16
2021-04-01,14623,ChargePoint,8353.307999999997,762,1894,3436,8,16
2021-03-01,14623,ChargePoint,9605.939999999997,916,2256,3644,8,16
2021-10-01,12305,ChargePoint,1714.7350000000004,111,334,547,3,6
2021-10-01,12308,ChargePoint,1257.5730000000005,99,245,481,5,8
2021-10-01,12302,ChargePoint,2471.7119999999995,239,229,252,5,10
2021-09-01,12308,ChargePoint,2721.084,224,566,1138,5,9
2021-09-01,12305,ChargePoint,2489.718,140,448,576,3,6
2021-09-01,12302,ChargePoint,4919.46,476,535,597,5,11
2021-09-01,12303,ChargePoint,362.7579999999999,34,61,75,3,5
2021-08-01,12308,ChargePoint,3440.8540000000007,282,698,1214,5,9
2021-08-01,12305,ChargePoint,1644.5920000000003,90,282,377,3,6
2021-08-01,12303,ChargePoint,566.9379999999999,26,95,108,3,4
2021-08-01,12302,ChargePoint,6131.983999999997,534,597,656,5,11
2021-07-01,12305,ChargePoint,1656.874,106,302,387,3,6
2021-07-01,12308,ChargePoint,2135.378,196,458,861,5,8
2021-07-01,12303,ChargePoint,90.37599999999999,10,16,16,1,1
2021-07-01,12302,ChargePoint,4898.168,533,507,548,6,12
2021-06-01,12305,ChargePoint,1839.9999999999995,90,319,457,3,6
2021-06-01,12308,ChargePoint,2468.2219999999998,186,483,881,5,8
2021-06-01,12302,ChargePoint,4391.743000000004,449,396,429,5,11
2021-05-01,12305,ChargePoint,2128.1960000000004,102,372,515,3,6
2021-05-01,12308,ChargePoint,2535.348000000001,186,500,791,4,7
2021-05-01,12302,ChargePoint,4840.593000000001,384,353,380,5,11
2021-04-01,12308,ChargePoint,988.5999999999999,68,187,301,3,5
2021-04-01,12302,ChargePoint,3024.5799999999995,319,257,268,5,11
2021-04-01,12305,ChargePoint,2034.8520000000005,98,374,549,3,5
2021-03-01,12302,ChargePoint,901.4369999999996,206,175,187,12,21
2021-10-01,12309,ChargePoint,776.4100000000001,109,163,628,5,8
2021-09-01,12309,ChargePoint,1308.1859999999995,202,287,1029,6,9
2021-08-01,12309,ChargePoint,1626.8080000000004,220,348,1110,7,11
2021-07-01,12309,ChargePoint,1960.266,234,392,1296,7,12
2021-06-01,12309,ChargePoint,1802.7720000000004,248,378,1274,6,10
2021-05-01,12309,ChargePoint,1139.2859999999998,188,255,1125,6,7
2021-04-01,12309,ChargePoint,1004.052,158,226,770,5,7
2021-03-01,12309,ChargePoint,1391.0679999999995,220,323,1008,6,8
2021-10-01,10021,ChargePoint,1543.8230000000003,74,294,404,2,4
2021-09-01,10021,ChargePoint,3034.9100000000003,134,553,791,2,4
2021-08-01,10021,ChargePoint,2402.7779999999984,148,491,706,2,4
2021-07-01,10021,ChargePoint,2441.5060000000008,144,488,677,2,4
2021-06-01,10021,ChargePoint,2086.2840000000006,172,418,714,2,4
2021-05-01,10021,ChargePoint,1885.3039999999999,122,375,526,2,4
2021-04-01,10021,ChargePoint,2135.056,134,405,531,2,4
2021-03-01,10021,ChargePoint,2167.7580000000003,128,418,525,2,4
2021-09-01,10044,ChargePoint,2492.33,116,472,547,3,6
2021-08-01,10044,ChargePoint,2898.167999999999,148,557,637,3,6
2021-07-01,10044,ChargePoint,2024.9660000000001,136,389,413,3,6
2021-06-01,10044,ChargePoint,1230.142,102,263,277,2,4
2021-05-01,10044,ChargePoint,1793.3520000000003,110,356,384,3,6
2021-04-01,10044,ChargePoint,1600.8680000000002,122,330,349,3,6
2021-03-01,10044,ChargePoint,2218.53,130,425,527,3,6
2021-09-01,10024,ChargePoint,3337.73,192,654,3068,4,8
2021-08-01,10024,ChargePoint,2318.0560000000014,142,502,2742,4,8
2021-07-01,10024,ChargePoint,2209.0719999999997,146,471,1984,4,8
2021-06-01,10024,ChargePoint,2278.6020000000003,150,486,1818,4,8
2021-05-01,10024,ChargePoint,981.0779999999997,76,180,684,4,7
2021-09-01,10032,ChargePoint,863.322,28,146,459,1,2
2021-09-01,10013,ChargePoint,214.57,8,38,69,1,2
2021-09-01,10022,ChargePoint,74.528,14,13,35,1,2
2021-08-01,10032,ChargePoint,1132.4499999999998,34,185,457,1,2
2021-07-01,10032,ChargePoint,1061.9420000000002,40,168,415,1,2
2021-05-01,10032,ChargePoint,1140.7900000000006,46,181,472,1,2
2021-05-01,10022,ChargePoint,25.051,6,4,4,2,3
2021-04-01,10032,ChargePoint,1165.1300000000003,42,190,555,1,2
2021-03-01,10032,ChargePoint,1190.9440000000002,54,213,547,1,2
2021-09-01,10017,ChargePoint,4254.724000000002,294,1038,3977,11,19
2021-08-01,10017,ChargePoint,1851.002,122,461,3137,10,16
2021-07-01,10017,ChargePoint,2598.385999999999,136,576,2203,11,16
2021-06-01,10017,ChargePoint,2246.7979999999993,134,524,2082,12,17
2021-05-01,10017,ChargePoint,1517.245999999999,112,356,2539,12,17
2021-04-01,10017,ChargePoint,810.8619999999997,82,232,2421,9,10
2021-03-01,10017,ChargePoint,1187.0540000000005,116,339,2457,10,13
2021-10-01,10017,ChargePoint,2847.1780000000017,212,726,2574,12,22
2021-10-01,12180,ChargePoint,5242.385000000001,449,1108,2071,18,32
2021-09-01,12180,ChargePoint,9596.238000000007,984,2178,4062,22,38
2021-08-01,12180,ChargePoint,8332.670999999998,893,1708,3225,19,34
2021-07-01,12180,ChargePoint,5551.511000000001,640,1127,2212,20,33
2021-06-01,12180,ChargePoint,6439.009000000002,633,1254,2806,22,34
2021-05-01,12180,ChargePoint,5780.322999999996,710,1194,3066,21,34
2021-04-01,12180,ChargePoint,5229.302000000002,565,1083,3395,21,30
2021-03-01,12180,ChargePoint,5943.988999999997,628,1229,3387,22,35
2021-10-01,14891,ChargePoint,561.7209999999999,29,104,207,1,2
2021-10-01,14120,ChargePoint,225.46599999999998,26,62,244,2,2
2021-10-01,13788,ChargePoint,181.68300000000002,27,59,68,1,2
2021-10-01,12033,ChargePoint,613.676,52,124,227,3,5
2021-10-01,14456,ChargePoint,3158.9859999999967,203,602,904,4,7
2021-10-01,13820,ChargePoint,420.957,58,123,146,1,2
2021-10-01,10926,ChargePoint,34.65,13,7,8,1,2
2021-10-01,12414,ChargePoint,307.663,50,54,59,2,3
2021-10-01,12553,ChargePoint,239.08699999999996,24,58,166,4,6
2021-09-01,14891,ChargePoint,740.082,42,142,222,1,2
2021-10-01,10940,ChargePoint,10088.241000000002,499,2044,3719,14,27
2021-10-01,12834,ChargePoint,313.728,38,74,148,3,6
2021-10-01,12144,ChargePoint,559.1640000000001,180,135,146,3,5
2021-10-01,14530,ChargePoint,316.9189999999999,25,55,62,1,2
2021-09-01,13820,ChargePoint,1141.618,158,347,432,1,2
2021-09-01,12033,ChargePoint,772.398,64,143,193,4,7
2021-09-01,12144,ChargePoint,1015.4819999999997,300,247,253,3,4
2021-09-01,13788,ChargePoint,24.868,6,8,8,1,2
2021-09-01,12553,ChargePoint,362.19399999999996,64,104,369,3,4
2021-09-01,12414,ChargePoint,262.866,48,51,53,1,2
2021-09-01,13045,ChargePoint,323.97799999999995,36,95,113,1,2
2021-09-01,13601,ChargePoint,118.08000000000001,30,24,24,1,2
2021-09-01,14456,ChargePoint,5761.298000000001,412,1220,1826,4,8
2021-09-01,14120,ChargePoint,113.01800000000001,20,30,107,1,2
2021-09-01,12834,ChargePoint,793.6460000000001,86,165,258,2,4
2021-09-01,11222,ChargePoint,1181.3880000000008,62,216,1773,3,5
2021-09-01,12095,ChargePoint,684.13,80,161,282,3,5
2021-09-01,12198,ChargePoint,46.512,10,19,46,2,3
2021-09-01,12901,ChargePoint,1175.81,78,213,287,6,11
2021-09-01,10940,ChargePoint,17333.042000000012,946,3568,6418,14,27
2021-09-01,13905,ChargePoint,1003.1399999999999,110,267,357,3,6
2021-09-01,14411,ChargePoint,985.5240000000001,46,171,194,1,2
2021-09-01,10926,ChargePoint,223.83200000000002,40,44,45,1,2
2021-09-01,13478,ChargePoint,1388.162,126,276,495,4,7
2021-09-01,12455,ChargePoint,432.36199999999997,58,71,85,1,2
2021-09-01,13901,ChargePoint,2949.6160000000004,230,606,2180,3,6
2021-09-01,12485,ChargePoint,483.31600000000003,34,73,87,2,4
2021-09-01,14303,ChargePoint,3492.7440000000006,308,694,990,4,7
2021-09-01,12043,ChargePoint,468.2899999999998,40,76,105,1,2
2021-09-01,14530,ChargePoint,522.2300000000001,38,78,90,1,2
2021-09-01,14744,ChargePoint,82.358,10,20,21,1,1
2021-09-01,14513,ChargePoint,1507.286,130,350,714,8,13
2021-09-01,13308,ChargePoint,76.80199999999999,16,22,26,1,2
2021-08-01,11222,ChargePoint,1596.0879999999988,84,303,1042,3,5
2021-08-01,13478,ChargePoint,1345.9800000000005,112,265,382,6,12
2021-08-01,14891,ChargePoint,1118.62,66,195,250,1,2
2021-08-01,10926,ChargePoint,131.534,22,26,26,1,2
2021-08-01,13820,ChargePoint,700.9740000000003,86,182,197,1,2
2021-08-01,12144,ChargePoint,924.184,338,218,229,3,5
2021-08-01,12033,ChargePoint,548.9679999999997,74,116,194,4,7
2021-08-01,14456,ChargePoint,5165.548,390,1040,1574,4,7
2021-08-01,12553,ChargePoint,372.34799999999996,58,104,318,4,5
2021-08-01,13045,ChargePoint,97.62599999999998,12,27,28,2,3
2021-08-01,10940,ChargePoint,15038.323999999999,830,3175,5931,14,27
2021-08-01,13905,ChargePoint,327.77000000000004,48,99,147,3,6
2021-08-01,13601,ChargePoint,191.13200000000003,26,39,40,1,2
2021-08-01,14513,ChargePoint,1454.1479999999992,128,330,790,8,14
2021-08-01,12455,ChargePoint,447.06800000000004,76,78,115,1,2
2021-08-01,12043,ChargePoint,23.701999999999998,14,8,8,1,2
2021-08-01,14530,ChargePoint,664.5679999999999,62,99,120,1,2
2021-08-01,14411,ChargePoint,971.9239999999998,36,167,211,1,2
2021-08-01,12485,ChargePoint,636.1859999999999,46,96,128,2,4
2021-08-01,12834,ChargePoint,281.698,32,64,121,2,4
2021-08-01,14303,ChargePoint,4695.527999999998,414,970,1276,4,7
2021-08-01,12901,ChargePoint,1246.998,94,233,378,6,12
2021-08-01,12414,ChargePoint,390.32599999999985,52,68,88,2,3
2021-08-01,13308,ChargePoint,80.026,20,16,16,1,2
2021-08-01,13901,ChargePoint,2914.4880000000003,192,562,1660,3,6
2021-08-01,14744,ChargePoint,25.516,6,6,7,1,2
2021-08-01,12095,ChargePoint,369.20599999999996,42,92,175,3,4
2021-07-01,13478,ChargePoint,814.1980000000001,72,168,356,6,10
2021-07-01,14456,ChargePoint,3132.037999999999,256,591,846,4,7
2021-07-01,14411,ChargePoint,334.64,22,62,73,1,2
2021-07-01,10926,ChargePoint,360.2559999999999,32,68,72,1,2
2021-07-01,12455,ChargePoint,504.88599999999997,76,81,104,1,2
2021-07-01,14891,ChargePoint,702.4140000000002,48,151,349,1,2
2021-07-01,12043,ChargePoint,211.81,26,41,43,1,2
2021-07-01,12834,ChargePoint,1170.1820000000005,116,237,342,2,4
2021-07-01,13905,ChargePoint,279.508,34,62,69,3,3
2021-07-01,12553,ChargePoint,191.93799999999996,16,41,53,4,4
2021-07-01,14303,ChargePoint,4949.226,520,1022,1491,4,8
2021-07-01,12414,ChargePoint,370.38200000000006,34,59,61,1,2
2021-07-01,12033,ChargePoint,502.56,58,118,247,4,6
2021-07-01,13601,ChargePoint,131.185,24,28,29,2,4
2021-07-01,12901,ChargePoint,1662.433999999999,137,315,405,5,10
2021-07-01,14530,ChargePoint,982.458,72,149,176,1,2
2021-07-01,12485,ChargePoint,787.8319999999997,56,113,135,2,4
2021-07-01,10940,ChargePoint,15554.134000000002,804,3186,6151,14,26
2021-07-01,13820,ChargePoint,706.768,66,162,174,1,2
2021-07-01,11222,ChargePoint,2074.39,90,375,1137,3,5
2021-07-01,14513,ChargePoint,1891.312000000001,140,404,789,7,11
2021-07-01,14432,ChargePoint,26.375999999999998,4,4,4,1,1
2021-07-01,12095,ChargePoint,508.45199999999994,82,122,272,3,5
2021-07-01,14744,ChargePoint,33.932,4,8,8,1,2
2021-07-01,13308,ChargePoint,179.56400000000005,26,41,46,1,2
2021-07-01,13901,ChargePoint,2266.2639999999997,150,408,688,3,6
2021-07-01,13045,ChargePoint,132.834,20,44,60,2,3
2021-07-01,14120,ChargePoint,104.35,4,14,15,2,2
2021-06-01,11222,ChargePoint,1642.9840000000004,80,325,965,3,6
2021-06-01,10940,ChargePoint,12872.748000000001,760,2696,5346,14,27
2021-06-01,14303,ChargePoint,4422.889999999999,362,886,1224,5,9
2021-06-01,12455,ChargePoint,387.64199999999994,58,68,91,1,2
2021-06-01,12834,ChargePoint,581.0219999999999,74,117,171,2,4
2021-06-01,13820,ChargePoint,515.838,48,105,109,1,2
2021-06-01,12033,ChargePoint,471.3040000000001,46,110,248,3,4
2021-06-01,14513,ChargePoint,1881.766,146,373,959,9,13
2021-06-01,13045,ChargePoint,104.89999999999999,10,30,33,2,3
2021-06-01,13478,ChargePoint,416.01800000000003,36,75,115,3,6
2021-06-01,13901,ChargePoint,2031.3880000000004,142,351,586,3,6
2021-06-01,13905,ChargePoint,205.17000000000004,20,54,71,1,2
2021-06-01,14891,ChargePoint,657.6499999999999,36,131,301,1,2
2021-06-01,10926,ChargePoint,384.71199999999993,30,65,65,1,2
2021-06-01,13308,ChargePoint,153.43999999999997,20,27,32,1,2
2021-06-01,14456,ChargePoint,2192.6000000000004,178,387,512,3,6
2021-06-01,14411,ChargePoint,344.552,14,63,66,1,2
2021-06-01,12485,ChargePoint,105.336,22,16,17,2,4
2021-06-01,13601,ChargePoint,511.0579999999998,31,92,173,4,6
2021-06-01,12061,ChargePoint,128.266,18,38,45,2,3
2021-06-01,12414,ChargePoint,394.156,30,70,74,2,3
2021-06-01,14850,ChargePoint,1754.448000000002,306,527,1396,3,6
2021-06-01,12901,ChargePoint,923.1220000000001,97,211,311,5,9
2021-06-01,14744,ChargePoint,32.568,2,5,5,1,1
2021-06-01,14530,ChargePoint,886.0600000000001,52,128,148,1,2
2021-06-01,12553,ChargePoint,146.13999999999996,16,34,67,1,2
2021-06-01,14432,ChargePoint,170.90599999999998,8,30,31,2,3
2021-06-01,14120,ChargePoint,33.838,4,5,5,2,2
2021-05-01,14456,ChargePoint,2489.350000000001,166,426,649,4,7
2021-05-01,10926,ChargePoint,103.63600000000001,6,18,18,1,2
2021-05-01,14513,ChargePoint,1385.3739999999998,178,302,871,11,19
2021-05-01,14303,ChargePoint,4014.271999999999,316,800,1225,4,6
2021-05-01,12455,ChargePoint,479.06600000000003,54,82,144,1,2
2021-05-01,14891,ChargePoint,628.3499999999999,40,112,183,1,2
2021-05-01,14744,ChargePoint,17.76,6,2,3,1,2
2021-05-01,12414,ChargePoint,437.4000000000001,30,65,75,1,2
2021-05-01,12901,ChargePoint,981.454,86,186,286,5,10
2021-05-01,13478,ChargePoint,907.8620000000001,58,157,232,4,6
2021-05-01,11222,ChargePoint,1938.9040000000002,66,357,838,3,5
2021-05-01,13820,ChargePoint,176.584,24,31,32,1,2
2021-05-01,14411,ChargePoint,277.452,26,56,71,1,2
2021-05-01,13601,ChargePoint,383.0520000000001,70,84,108,4,5
2021-05-01,12834,ChargePoint,496.42799999999994,40,97,132,2,4
2021-05-01,13901,ChargePoint,1646.0839999999998,94,286,577,3,6
2021-05-01,12095,ChargePoint,127.62600000000002,28,30,36,3,4
2021-05-01,13905,ChargePoint,151.84199999999998,16,46,73,3,4
2021-05-01,14432,ChargePoint,80.706,16,14,22,2,3
2021-05-01,14850,ChargePoint,2604.643999999998,344,669,1677,3,6
2021-05-01,12553,ChargePoint,222.2,6,37,37,1,2
2021-05-01,12485,ChargePoint,144.37,24,21,21,2,4
2021-05-01,13157,ChargePoint,108.796,12,20,22,2,4
2021-05-01,12061,ChargePoint,11.498000000000001,6,4,5,1,1
2021-05-01,13045,ChargePoint,49.976000000000006,6,15,16,1,2
2021-04-01,14744,ChargePoint,236.82800000000003,34,56,72,1,1
2021-04-01,13045,ChargePoint,139.57600000000002,14,34,35,3,4
2021-04-01,14891,ChargePoint,459.26599999999996,20,83,193,1,2
2021-04-01,11222,ChargePoint,2162.4139999999998,80,410,961,3,6
2021-04-01,13820,ChargePoint,49.868,32,10,11,1,2
2021-04-01,12901,ChargePoint,755.3519999999997,72,141,153,5,8
2021-04-01,14513,ChargePoint,871.6660000000005,130,195,761,9,15
2021-04-01,14303,ChargePoint,2327.989999999999,160,484,870,3,6
2021-04-01,13905,ChargePoint,343.26800000000003,34,97,184,3,5
2021-04-01,14456,ChargePoint,3090.3219999999988,182,496,751,3,5
2021-04-01,14411,ChargePoint,267.10599999999994,24,48,52,1,2
2021-04-01,12455,ChargePoint,272.23999999999995,42,45,49,1,2
2021-04-01,13157,ChargePoint,29.066,8,9,10,2,4
2021-04-01,13601,ChargePoint,212.14899999999997,52,57,84,4,4
2021-04-01,13478,ChargePoint,286.148,42,50,77,4,6
2021-04-01,13901,ChargePoint,1301.3080000000002,100,231,783,3,6
2021-04-01,14850,ChargePoint,2564.8680000000018,316,675,1508,3,6
2021-04-01,12414,ChargePoint,140.404,12,23,24,1,2
2021-04-01,12061,ChargePoint,6.642,6,2,5,2,3
2021-04-01,12834,ChargePoint,123.012,20,21,22,1,2
2021-04-01,10926,ChargePoint,197.34000000000003,52,36,37,1,2
2021-04-01,14432,ChargePoint,121.32,8,22,55,2,3
2021-04-01,12485,ChargePoint,161.012,22,24,26,2,4
2021-04-01,12010,ChargePoint,1475.6039999999998,90,256,397,9,14
2021-03-01,12901,ChargePoint,952.7730000000001,80,191,249,5,8
2021-03-01,11222,ChargePoint,2551.881999999999,90,451,1539,3,6
2021-03-01,12455,ChargePoint,267.23600000000005,44,45,66,1,2
2021-03-01,14303,ChargePoint,1088.5820000000003,140,282,662,4,7
2021-03-01,13601,ChargePoint,228.355,29,47,51,4,4
2021-03-01,13905,ChargePoint,333.6959999999999,48,103,223,3,5
2021-03-01,14744,ChargePoint,108.22800000000001,12,19,33,1,1
2021-03-01,12834,ChargePoint,170.58599999999998,16,30,31,1,2
2021-03-01,14891,ChargePoint,119.48199999999999,12,33,137,1,1
2021-03-01,13157,ChargePoint,67.06200000000001,22,11,14,2,4
2021-03-01,13901,ChargePoint,1024.132,84,181,360,3,6
2021-03-01,14411,ChargePoint,279.342,24,50,50,1,2
2021-03-01,12010,ChargePoint,292.514,20,45,66,3,5
2021-03-01,10926,ChargePoint,18.733999999999998,6,4,4,1,2
2021-03-01,14456,ChargePoint,3323.6079999999997,210,583,881,3,6
2021-03-01,14513,ChargePoint,1654.1780000000006,148,392,959,10,14
2021-03-01,12095,ChargePoint,45.71000000000001,12,14,27,3,3
2021-03-01,12061,ChargePoint,14.224,6,4,4,1,1
2021-03-01,13478,ChargePoint,136.90599999999998,14,22,29,3,5
2021-03-01,12414,ChargePoint,100.01200000000001,10,15,15,1,2
2021-10-01,12970,ChargePoint,1391.920000000001,104,302,446,5,10
2021-09-01,12953,ChargePoint,401.77400000000006,54,85,210,2,4
2021-09-01,12970,ChargePoint,2943.6440000000002,214,672,1064,5,10
2021-09-01,13655,ChargePoint,404.00600000000003,14,65,73,2,4
2021-08-01,12970,ChargePoint,1535.1340000000005,126,298,407,5,10
2021-08-01,12953,ChargePoint,230.23199999999997,54,68,147,1,2
2021-08-01,13655,ChargePoint,867.0540000000001,24,134,208,2,3
2021-07-01,12970,ChargePoint,1068.818,106,207,294,5,10
2021-07-01,12953,ChargePoint,72.57200000000003,34,25,82,1,2
2021-06-01,12953,ChargePoint,183.21999999999994,50,60,152,1,2
2021-06-01,12970,ChargePoint,1567.948,126,330,561,5,9
2021-06-01,13655,ChargePoint,77.306,4,20,52,1,2
2021-05-01,12953,ChargePoint,143.59199999999996,26,44,77,1,2
2021-05-01,13655,ChargePoint,30.636,2,5,10,1,1
2021-05-01,12970,ChargePoint,415.36599999999993,28,90,170,2,4
2021-04-01,13655,ChargePoint,36.762,2,5,5,1,1
2021-04-01,12970,ChargePoint,768.5519999999999,58,186,369,3,6
2021-03-01,12970,ChargePoint,547.5860000000001,48,150,223,3,5
2021-10-01,12603,ChargePoint,538.971,32,98,119,2,4
2021-10-01,12571,ChargePoint,1497.734,103,304,491,5,10
2021-10-01,12601,ChargePoint,1243.2470000000003,143,313,915,14,19
2021-09-01,12571,ChargePoint,1895.6680000000006,178,412,598,5,10
2021-09-01,12603,ChargePoint,179.25200000000004,28,37,46,2,4
2021-09-01,12601,ChargePoint,1887.2969999999996,229,478,1830,9,16
2021-09-01,12524,ChargePoint,1256.2559999999999,30,199,248,3,4
2021-08-01,12601,ChargePoint,2085.7590000000005,218,570,2613,9,13
2021-08-01,12571,ChargePoint,2059.7599999999998,144,405,628,5,10
2021-08-01,12603,ChargePoint,124.32,12,23,31,2,4
2021-07-01,12571,ChargePoint,1606.532,110,301,471,5,10
2021-07-01,12601,ChargePoint,1281.0849999999998,123,323,913,10,15
2021-07-01,12583,ChargePoint,131.196,18,33,44,1,2
2021-07-01,12603,ChargePoint,148.046,22,28,28,2,3
2021-06-01,12601,ChargePoint,1440.6149999999996,160,375,768,11,16
2021-06-01,12571,ChargePoint,2308.7299999999996,178,457,683,5,10
2021-06-01,12603,ChargePoint,61.688,8,14,14,2,3
2021-05-01,12571,ChargePoint,1709.8039999999994,164,327,431,5,10
2021-05-01,12601,ChargePoint,1050.8209999999995,98,281,668,8,11
2021-05-01,12583,ChargePoint,103.99000000000001,12,22,24,1,2
2021-04-01,12603,ChargePoint,344.42400000000004,28,65,77,2,4
2021-04-01,12601,ChargePoint,1070.275,131,306,937,9,13
2021-04-01,12571,ChargePoint,1757.0140000000008,186,334,455,5,10
2021-04-01,12583,ChargePoint,5.99,4,1,1,1,2
2021-03-01,12603,ChargePoint,692.7400000000001,42,131,141,2,4
2021-03-01,12601,ChargePoint,1333.1060000000007,147,362,868,9,12
2021-03-01,12571,ChargePoint,1599.742,228,331,603,5,9
2021-03-01,12583,ChargePoint,60.38399999999999,12,11,11,1,2
2021-10-01,10977,ChargePoint,903.9700000000003,74,211,249,1,2
2021-09-01,10901,ChargePoint,773.7460000000001,92,252,390,5,8
2021-09-01,10977,ChargePoint,1550.4860000000003,104,321,385,1,2
2021-09-01,10952,ChargePoint,1860.626,124,337,483,2,3
2021-09-01,10964,ChargePoint,490.93000000000023,54,150,226,2,4
2021-08-01,10901,ChargePoint,997.5440000000002,96,260,396,6,11
2021-08-01,10977,ChargePoint,1212.608,82,250,305,1,2
2021-08-01,10960,ChargePoint,161.878,8,26,31,2,2
2021-08-01,10952,ChargePoint,2365.4079999999994,132,408,667,2,3
2021-08-01,10964,ChargePoint,303.55000000000007,48,98,167,2,4
2021-08-01,10927,ChargePoint,15.242,10,3,12,1,2
2021-07-01,10901,ChargePoint,340.1880000000001,50,99,198,4,6
2021-07-01,10952,ChargePoint,2295.8819999999987,156,407,544,2,3
2021-07-01,10964,ChargePoint,679.0160000000002,90,229,342,2,4
2021-07-01,10977,ChargePoint,771.17,70,184,242,1,2
2021-07-01,10927,ChargePoint,39.620000000000005,4,6,6,1,2
2021-07-01,10960,ChargePoint,657.708,16,105,156,3,3
2021-06-01,10977,ChargePoint,949.47,82,215,266,1,2
2021-06-01,10927,ChargePoint,52.69800000000001,10,8,8,1,2
2021-06-01,10901,ChargePoint,483.6139999999999,48,96,138,5,8
2021-06-01,10964,ChargePoint,429.03800000000007,60,135,223,2,4
2021-06-01,10952,ChargePoint,1912.7859999999996,136,358,511,2,3
2021-06-01,10960,ChargePoint,502.466,12,82,162,3,3
2021-05-01,10952,ChargePoint,2016.3519999999996,138,357,454,2,3
2021-05-01,10964,ChargePoint,63.10999999999999,10,20,22,2,4
2021-05-01,10977,ChargePoint,780.696,84,184,234,1,2
2021-05-01,10901,ChargePoint,300.756,36,81,159,5,8
2021-05-01,10960,ChargePoint,575.8939999999999,18,95,262,3,3
2021-04-01,10977,ChargePoint,298.606,34,75,98,1,2
2021-04-01,10901,ChargePoint,285.438,58,77,151,4,8
2021-04-01,10952,ChargePoint,1382.9479999999999,118,279,384,2,3
2021-04-01,10960,ChargePoint,499.58,14,82,223,3,3
2021-03-01,10960,ChargePoint,1249.652,32,207,445,4,4
2021-03-01,10977,ChargePoint,19.410000000000004,4,5,18,1,2
2021-10-01,14527,ChargePoint,465.545,51,86,109,1,2
2021-09-01,14527,ChargePoint,1079.1780000000003,124,201,244,1,2
2021-08-01,14527,ChargePoint,1169.382,110,211,266,1,2
2021-07-01,14527,ChargePoint,1299.6939999999993,102,259,360,1,2
2021-06-01,14527,ChargePoint,924.3740000000001,108,187,292,1,2
2021-05-01,14527,ChargePoint,790.3860000000001,82,163,211,1,2
2021-04-01,14527,ChargePoint,446.1659999999999,68,117,219,1,2
2021-03-01,14527,ChargePoint,528.6880000000001,78,144,256,1,2
2021-10-01,10460,ChargePoint,1234.7990000000007,93,301,535,3,4
2021-09-01,10460,ChargePoint,2511.612000000001,208,589,696,2,3
2021-08-01,10460,ChargePoint,2092.9779999999996,186,460,590,3,4
2021-07-01,10460,ChargePoint,2451.5440000000003,192,515,641,2,3
2021-06-01,10460,ChargePoint,1723.2340000000002,138,370,414,2,3
2021-05-01,10460,ChargePoint,1988.052,178,431,519,3,5
2021-04-01,10460,ChargePoint,1292.8759999999997,150,260,368,3,5
2021-03-01,10460,ChargePoint,942.0480000000002,136,204,292,3,5
2021-10-01,10461,ChargePoint,411.99100000000004,46,84,86,1,2
2021-09-01,10461,ChargePoint,1091.3220000000001,150,239,264,1,2
2021-08-01,10461,ChargePoint,964.6940000000002,110,203,217,1,2
2021-07-01,10461,ChargePoint,767.4540000000002,92,162,191,1,2
2021-06-01,10461,ChargePoint,885.6980000000002,112,206,234,1,2
2021-05-01,10461,ChargePoint,815.6059999999999,92,193,228,1,2
2021-04-01,10461,ChargePoint,508.1620000000001,76,128,135,1,2
2021-03-01,10461,ChargePoint,1062.0560000000003,138,212,273,1,2
2021-09-01,10468,ChargePoint,85.856,2,14,18,1,1
2021-08-01,10468,ChargePoint,266.598,6,44,58,1,1
2021-07-01,10468,ChargePoint,378.086,12,63,76,1,1
2021-06-01,10468,ChargePoint,371.4080000000001,10,62,82,1,1
2021-05-01,10468,ChargePoint,585.222,20,95,123,2,3
2021-03-01,10468,ChargePoint,670.276,16,109,129,2,2
2021-09-01,12983,ChargePoint,1384.118,74,262,401,3,5
2021-09-01,12870,ChargePoint,100.638,8,18,18,1,1
2021-08-01,12870,ChargePoint,95.056,14,17,17,1,2
2021-08-01,12983,ChargePoint,1776.8659999999993,114,334,575,3,5
2021-08-01,12997,ChargePoint,128.42000000000002,10,19,24,3,3
2021-07-01,12983,ChargePoint,281.74199999999996,28,67,201,2,3
2021-07-01,12870,ChargePoint,117.22000000000001,10,21,23,1,2
2021-07-01,12997,ChargePoint,234.20999999999998,12,35,38,3,5
2021-06-01,12983,ChargePoint,718.08,46,152,377,3,4
2021-06-01,12870,ChargePoint,23.782,4,5,5,1,1
2021-05-01,12983,ChargePoint,384.62399999999997,28,82,234,3,5
2021-05-01,12870,ChargePoint,35.862,8,5,8,1,2
2021-04-01,12997,ChargePoint,309.85,20,56,71,3,4
2021-03-01,12997,ChargePoint,1710.4479999999999,124,311,406,3,6
2021-10-01,12946,ChargePoint,1695.0999999999983,242,349,531,13,24
2021-09-01,12946,ChargePoint,3157.1880000000015,468,618,1084,14,28
2021-08-01,12946,ChargePoint,4683.399999999997,562,879,1315,12,23
2021-07-01,12946,ChargePoint,3563.0720000000033,434,665,1132,12,23
2021-06-01,12946,ChargePoint,2602.7960000000003,370,492,992,12,21
2021-05-01,12946,ChargePoint,1914.4840000000002,258,373,781,9,16
2021-04-01,12946,ChargePoint,1744.9979999999998,212,352,660,10,15
2021-03-01,12946,ChargePoint,2541.3559999999998,302,546,799,15,28
2021-09-01,13027,ChargePoint,146.08199999999997,28,31,32,2,4
2021-08-01,13027,ChargePoint,324.75599999999986,64,64,70,2,4
2021-07-01,13027,ChargePoint,676.1770000000002,106,182,329,3,6
2021-06-01,13027,ChargePoint,1024.392,131,254,504,3,6
2021-05-01,13027,ChargePoint,1101.2669999999998,155,285,634,3,6
2021-04-01,13027,ChargePoint,1203.3809999999996,138,297,647,3,6
2021-03-01,13027,ChargePoint,1347.9739999999995,147,324,632,3,6
2021-10-01,13057,ChargePoint,626.9130000000001,39,131,211,3,6
2021-09-01,13057,ChargePoint,856.1460000000001,62,183,341,4,7
2021-09-01,13066,ChargePoint,428.38600000000014,86,94,105,2,4
2021-08-01,13066,ChargePoint,64.03,42,18,19,2,4
2021-08-01,13057,ChargePoint,1273.0099999999998,72,236,373,5,9
2021-07-01,13057,ChargePoint,1405.6140000000003,84,255,451,5,9
2021-06-01,13057,ChargePoint,875.0399999999998,68,163,343,5,9
2021-05-01,13057,ChargePoint,736.8759999999999,48,126,222,5,8
2021-09-01,13088,ChargePoint,4148.941999999998,502,848,1454,7,14
2021-08-01,13088,ChargePoint,4281.6659999999965,536,915,1636,7,14
2021-07-01,13088,ChargePoint,4005.4039999999995,438,786,1086,7,13
2021-06-01,13088,ChargePoint,2865.47,414,594,811,7,14
2021-05-01,13088,ChargePoint,3200.33,490,666,1027,8,14
2021-04-01,13088,ChargePoint,3313.3119999999994,510,719,1180,8,15
2021-03-01,13088,ChargePoint,2943.6359999999986,424,608,956,8,14
2021-10-01,13212,ChargePoint,814.126,56,151,174,1,2
2021-09-01,13212,ChargePoint,1443.5839999999994,94,252,274,1,2
2021-08-01,13212,ChargePoint,1642.8380000000006,132,294,309,1,2
2021-07-01,13212,ChargePoint,1883.9440000000006,126,345,359,1,2
2021-06-01,13212,ChargePoint,1570.8240000000003,116,301,327,1,2
2021-05-01,13212,ChargePoint,511.298,30,99,107,1,2
2021-04-01,13212,ChargePoint,688.6339999999999,56,147,165,1,2
2021-03-01,13212,ChargePoint,576.798,70,114,141,1,2
2021-09-01,13210,ChargePoint,228.74399999999997,18,41,69,3,5
2021-09-01,13208,ChargePoint,86.20000000000002,24,16,17,5,8
2021-08-01,13208,ChargePoint,113.94200000000001,18,20,20,5,8
2021-08-01,13210,ChargePoint,565.0579999999999,56,119,242,3,6
2021-07-01,13208,ChargePoint,700.1429999999998,43,122,130,5,8
2021-07-01,13210,ChargePoint,1188.3879999999997,92,207,367,3,6
2021-06-01,13208,ChargePoint,85.64399999999999,19,17,20,5,7
2021-06-01,13210,ChargePoint,323.89799999999997,16,55,81,3,4
2021-04-01,13208,ChargePoint,48.071000000000005,15,11,63,5,7
2021-09-01,12534,ChargePoint,4870.084000000003,296,871,1279,4,8
2021-09-01,12037,ChargePoint,730.018,66,125,154,1,2
2021-09-01,12513,ChargePoint,19.985999999999997,8,5,5,1,2
2021-09-01,12526,ChargePoint,464.82399999999996,22,65,85,1,2
2021-08-01,12037,ChargePoint,989.2559999999996,88,187,260,1,2
2021-08-01,12534,ChargePoint,4452.094000000002,248,776,1075,4,8
2021-08-01,12526,ChargePoint,771.1099999999999,46,303,357,1,2
2021-08-01,12513,ChargePoint,45.224,8,9,9,1,1
2021-07-01,12037,ChargePoint,511.08200000000005,64,103,115,1,2
2021-07-01,12534,ChargePoint,4007.920000000004,286,711,880,4,8
2021-07-01,12526,ChargePoint,486.318,42,121,188,1,2
2021-06-01,12534,ChargePoint,3073.1040000000007,224,553,810,4,8
2021-06-01,12037,ChargePoint,276.45200000000006,38,56,74,1,2
2021-06-01,12513,ChargePoint,24.912,4,4,4,1,1
2021-05-01,12534,ChargePoint,2350.0660000000007,174,415,555,4,8
2021-05-01,12037,ChargePoint,382.15799999999996,52,66,68,1,2
2021-05-01,12513,ChargePoint,45.062,2,7,8,1,1
2021-04-01,12534,ChargePoint,3145.1959999999985,176,551,737,4,7
2021-04-01,12037,ChargePoint,171.584,34,32,45,1,2
2021-03-01,12037,ChargePoint,247.032,80,65,112,1,2
2021-09-01,12184,ChargePoint,564.5120000000001,50,149,851,1,2
2021-08-01,12184,ChargePoint,692.302,58,149,1214,1,2
2021-07-01,12184,ChargePoint,1435.5859999999993,112,308,1636,1,2
2021-06-01,12184,ChargePoint,989.0120000000002,100,228,1273,1,2
2021-05-01,12184,ChargePoint,610.0739999999997,80,129,789,1,2
2021-04-01,12184,ChargePoint,588.9019999999999,82,149,639,1,2
2021-10-01,12534,ChargePoint,2290.7930000000006,164,405,573,4,8
2021-03-01,12534,ChargePoint,2615.48,180,474,777,4,8
2021-10-01,13617,ChargePoint,2148.598,227,417,524,4,6
2021-09-01,13617,ChargePoint,4196.432000000004,428,791,1060,4,6
2021-08-01,13617,ChargePoint,3807.4019999999987,418,750,1059,4,7
2021-07-01,13617,ChargePoint,3397.883999999998,370,678,908,4,7
2021-06-01,13617,ChargePoint,4189.966000000002,422,832,1121,4,6
2021-05-01,13617,ChargePoint,2267.7839999999997,304,584,884,3,5
2021-04-01,13617,ChargePoint,1550.6679999999994,250,397,728,4,7
2021-03-01,13617,ChargePoint,1673.2380000000003,256,389,744,4,7
2021-10-01,14850,ChargePoint,1542.403,163,376,935,2,4
2021-09-01,14850,ChargePoint,2571.754,294,662,1487,2,4
2021-08-01,14850,ChargePoint,2225.5120000000006,292,617,1535,2,4
2021-07-01,14850,ChargePoint,2063.7939999999994,316,581,1475,2,4
2021-03-01,14850,ChargePoint,874.722,94,207,382,3,6
2021-10-01,14445,ChargePoint,2219.287999999999,146,501,638,1,2
2021-09-01,14445,ChargePoint,3642.4480000000035,258,808,985,1,2
2021-08-01,14445,ChargePoint,2505.6440000000002,184,538,649,1,2
2021-07-01,14445,ChargePoint,1977.8779999999997,172,434,533,1,2
2021-06-01,14445,ChargePoint,2329.084,174,491,559,1,2
2021-05-01,14445,ChargePoint,1943.5900000000008,184,421,495,1,2
2021-04-01,14445,ChargePoint,1103.3820000000003,180,247,295,1,2
2021-03-01,14445,ChargePoint,1031.808,98,187,210,1,2
2021-10-01,14586,ChargePoint,710.0079999999998,57,189,263,1,2
2021-09-01,14586,ChargePoint,822.6759999999999,120,241,407,1,2
2021-08-01,14586,ChargePoint,1036.33,120,322,659,1,2
2021-07-01,14586,ChargePoint,749.9259999999999,100,247,474,1,2
2021-06-01,14586,ChargePoint,1202.9899999999998,174,427,997,1,2
2021-05-01,14586,ChargePoint,920.55,158,333,859,1,2
2021-04-01,14586,ChargePoint,921.5880000000001,148,297,766,1,2
2021-03-01,14586,ChargePoint,1126.4440000000002,196,363,997,1,2
2021-09-01,14546,ChargePoint,182.42399999999995,26,34,35,2,3
2021-09-01,14420,ChargePoint,1230.3939999999998,110,268,328,3,5
2021-08-01,14420,ChargePoint,763.2319999999999,52,154,189,3,6
2021-08-01,14546,ChargePoint,164.76199999999997,10,29,30,2,3
2021-07-01,14420,ChargePoint,484.232,32,98,116,3,5
2021-07-01,14546,ChargePoint,341.2260000000001,18,61,81,1,2
2021-06-01,14420,ChargePoint,435.48,32,85,85,3,4
2021-05-01,14546,ChargePoint,287.14,44,58,66,2,3
2021-05-01,14420,ChargePoint,594.7260000000002,50,128,136,3,6
2021-04-01,14420,ChargePoint,247.11599999999999,26,52,55,3,6
2021-03-01,14420,ChargePoint,557.63,76,114,153,3,4
2021-05-01,10940,ChargePoint,5269.508000000002,326,981,1780,13,25
2021-10-01,10605,ChargePoint,2277.497999999999,95,452,1237,6,11
2021-09-01,10605,ChargePoint,2998.588,108,627,1025,3,5
2021-08-01,10605,ChargePoint,2961.497,114,597,953,5,8
2021-07-01,10605,ChargePoint,3889.198000000001,164,783,1503,5,9
2021-06-01,10605,ChargePoint,2381.4950000000003,107,427,1085,5,9
2021-05-01,10605,ChargePoint,1211.005,45,206,449,4,6
2021-04-01,10605,ChargePoint,1889.1459999999995,61,326,807,4,5
2021-03-01,10605,ChargePoint,1322.158,50,225,685,3,6
2021-09-01,10601,ChargePoint,1464.9720000000002,74,261,521,2,4
2021-08-01,10601,ChargePoint,682.7220000000001,24,120,837,2,3
2021-07-01,10601,ChargePoint,334.998,6,58,156,1,1
2021-06-01,10601,ChargePoint,1019.18,60,194,1332,2,3
2021-05-01,10601,ChargePoint,1309.936,72,238,1306,2,3
2021-04-01,10601,ChargePoint,2488.0920000000015,148,497,1712,4,6
2021-03-01,10601,ChargePoint,2311.2739999999985,158,460,2748,3,6
2021-10-01,10536,ChargePoint,45.512,11,13,15,1,2
2021-09-01,10536,ChargePoint,91.34599999999999,18,22,27,1,2
2021-09-01,10543,ChargePoint,128.114,38,37,44,1,2
2021-09-01,10576,ChargePoint,854.996,88,196,204,1,2
2021-09-01,10577,ChargePoint,7389.762000000001,462,1407,2593,15,25
2021-09-01,10595,ChargePoint,1846.786,120,392,621,4,8
2021-09-01,10552,ChargePoint,883.7019999999999,52,155,312,2,4
2021-08-01,10552,ChargePoint,717.886,64,149,504,2,4
2021-08-01,10543,ChargePoint,197.23800000000006,34,45,51,1,2
2021-08-01,10595,ChargePoint,2211.230000000002,148,501,764,5,9
2021-08-01,10576,ChargePoint,411.81399999999996,70,109,117,1,2
2021-08-01,10536,ChargePoint,3.296,2,1,1,1,1
2021-08-01,10530,ChargePoint,16.046,4,3,3,1,1
2021-07-01,10536,ChargePoint,160.18800000000005,16,30,33,1,2
2021-07-01,10543,ChargePoint,267.31199999999995,30,59,72,1,2
2021-07-01,10576,ChargePoint,205.078,48,37,40,1,2
2021-07-01,10577,ChargePoint,8404.071999999993,496,1596,2651,13,22
2021-07-01,10552,ChargePoint,709.79,26,125,260,2,3
2021-07-01,10595,ChargePoint,2096.228000000001,118,511,727,5,9
2021-06-01,10577,ChargePoint,6315.957999999997,316,1204,1968,11,21
2021-06-01,10543,ChargePoint,205.51999999999995,22,41,44,1,2
2021-06-01,10595,ChargePoint,1560.1280000000008,100,332,514,4,7
2021-06-01,10552,ChargePoint,515.874,36,99,187,2,4
2021-05-01,10543,ChargePoint,138.35999999999999,14,27,30,1,2
2021-05-01,10552,ChargePoint,1489.476,66,255,395,2,4
2021-05-01,10595,ChargePoint,1132.852,66,236,306,4,5
2021-04-01,10576,ChargePoint,6.088,2,2,2,1,1
2021-04-01,10552,ChargePoint,627.4359999999999,18,112,137,2,4
2021-04-01,10595,ChargePoint,1385.9859999999999,78,268,384,5,7
2021-03-01,10552,ChargePoint,495.02799999999996,24,88,101,2,4
2021-10-01,10520,ChargePoint,893.149,122,237,1184,3,5
2021-09-01,10520,ChargePoint,1661.126,212,500,2526,3,6
2021-08-01,10520,ChargePoint,1933.8520000000015,246,526,2532,3,5
2021-07-01,10520,ChargePoint,1605.3520000000003,210,461,2477,3,5
2021-06-01,10520,ChargePoint,1182.776,144,342,1878,3,6
2021-05-01,10520,ChargePoint,998.4419999999997,148,247,1234,3,6
2021-04-01,10520,ChargePoint,678.8179999999996,116,267,1369,3,6
2021-03-01,10520,ChargePoint,1107.2740000000001,130,270,1221,2,4
2021-10-01,10708,ChargePoint,2080.5270000000014,176,501,1317,9,14
2021-09-01,10708,ChargePoint,4517.871999999999,354,1029,2319,9,14
2021-08-01,10708,ChargePoint,2284.6140000000005,204,494,847,7,11
2021-07-01,10708,ChargePoint,3055.842,232,695,1042,7,11
2021-06-01,10708,ChargePoint,3133.5780000000004,272,743,1399,7,10
2021-05-01,10708,ChargePoint,3553.357999999997,272,809,2234,7,10
2021-04-01,10708,ChargePoint,3173.108,168,652,1209,6,8
2021-03-01,10708,ChargePoint,2583.336,158,548,955,6,8
2021-09-01,12845,ChargePoint,1044.942,76,197,388,9,16
2021-09-01,12846,ChargePoint,122.38199999999999,20,22,24,1,2
2021-09-01,12856,ChargePoint,445.664,24,73,165,2,4
2021-09-01,12885,ChargePoint,16.256,8,3,3,1,2
2021-09-01,12853,ChargePoint,231.402,40,46,55,4,5
2021-08-01,12845,ChargePoint,2621.6279999999983,170,446,869,13,23
2021-08-01,12853,ChargePoint,326.19,32,63,89,4,7
2021-08-01,12856,ChargePoint,55.620000000000005,8,17,39,1,2
2021-08-01,12846,ChargePoint,416.54999999999995,16,78,108,1,2
2021-08-01,12885,ChargePoint,214.944,10,36,36,1,2
2021-07-01,12845,ChargePoint,1870.316,182,361,629,12,21
2021-07-01,12846,ChargePoint,203.35,24,33,33,2,4
2021-07-01,12853,ChargePoint,73.98,26,18,20,2,3
2021-07-01,12885,ChargePoint,38.12,8,6,6,1,2
2021-07-01,12856,ChargePoint,608.1519999999998,36,101,197,2,4
2021-06-01,12846,ChargePoint,240.64200000000002,26,54,87,2,3
2021-06-01,12853,ChargePoint,18.028,10,3,4,2,2
2021-06-01,12856,ChargePoint,25.090000000000003,4,7,8,2,2
2021-06-01,12845,ChargePoint,836.6840000000002,66,150,240,9,12
2021-06-01,12885,ChargePoint,18.576,18,3,4,1,2
2021-05-01,12885,ChargePoint,116.544,6,19,19,1,2
2021-05-01,12845,ChargePoint,490.5900000000001,46,95,277,7,10
2021-05-01,12846,ChargePoint,95.154,20,28,35,2,3
2021-04-01,12845,ChargePoint,299.91800000000006,30,57,63,6,8
2021-04-01,12846,ChargePoint,21.85,4,10,27,1,1
2021-04-01,12853,ChargePoint,223.742,18,57,71,3,5
2021-03-01,12845,ChargePoint,257.274,22,52,84,7,8
2021-03-01,12853,ChargePoint,3172.113999999999,268,784,967,3,6
2021-06-01,12814,ChargePoint,3757.7539999999976,286,682,1745,7,14
2021-05-01,12814,ChargePoint,2529.369999999999,208,444,2083,7,14
2021-09-01,12814,ChargePoint,3088.4819999999977,204,561,2294,6,12
2021-08-01,12814,ChargePoint,4820.291999999999,300,861,2890,6,12
2021-07-01,12814,ChargePoint,5712.966000000002,398,1037,2739,6,12
2021-09-01,12801,ChargePoint,4856.772000000003,486,997,2170,15,27
2021-08-01,12801,ChargePoint,4376.5740000000005,526,959,1886,17,26
2021-07-01,12801,ChargePoint,7771.602000000004,668,1567,3397,16,29
2021-05-01,12801,ChargePoint,4514.576000000002,464,949,2409,14,22
2021-04-01,12801,ChargePoint,5637.565999999998,450,1117,3156,15,25
2021-03-01,12801,ChargePoint,7013.381999999999,628,1650,4885,15,25
2021-10-01,12801,ChargePoint,2267.5960000000005,200,450,822,18,32
2021-06-01,12801,ChargePoint,4929.113999999997,480,1042,2436,17,30
2021-09-01,12804,ChargePoint,2912.207999999999,288,571,778,22,36
2021-08-01,12804,ChargePoint,2890.0840000000003,278,575,980,22,37
2021-07-01,12804,ChargePoint,2892.9500000000007,252,567,1059,20,31
2021-06-01,12804,ChargePoint,5825.734000000005,306,1054,2064,20,32
2021-05-01,12804,ChargePoint,3054.608000000003,284,598,1704,17,27
2021-04-01,12804,ChargePoint,2184.0620000000004,256,457,932,19,30
2021-03-01,12804,ChargePoint,2921.3759999999984,284,565,1211,18,30
2021-10-01,12804,ChargePoint,1346.6770000000001,139,285,476,20,31
2021-10-01,11766,ChargePoint,362.0930000000001,41,122,336,1,2
2021-10-01,11740,ChargePoint,395.3040000000001,41,81,125,1,2
2021-10-01,11754,ChargePoint,280.75399999999996,31,58,159,1,2
2021-10-01,11772,ChargePoint,493.3220000000001,43,82,96,1,2
2021-09-01,11772,ChargePoint,847.114,68,140,281,1,2
2021-09-01,11754,ChargePoint,287.39000000000004,48,74,297,1,2
2021-09-01,11788,ChargePoint,4864.423999999999,300,889,1546,4,6
2021-09-01,11740,ChargePoint,897.5780000000001,70,177,223,1,2
2021-09-01,11766,ChargePoint,523.3820000000001,54,183,379,1,2
2021-08-01,11740,ChargePoint,351.10200000000003,48,88,96,1,2
2021-08-01,11754,ChargePoint,470.28600000000006,58,106,282,1,2
2021-08-01,11772,ChargePoint,1338.9759999999994,94,229,319,1,2
2021-08-01,11766,ChargePoint,132.306,14,48,85,1,2
2021-07-01,11772,ChargePoint,1493.8199999999995,112,242,478,1,2
2021-07-01,11754,ChargePoint,432.99000000000007,58,90,210,1,2
2021-07-01,11740,ChargePoint,243.908,60,60,68,1,2
2021-07-01,11788,ChargePoint,3547.533999999996,322,691,1449,4,6
2021-07-01,11766,ChargePoint,47.556,8,18,21,1,2
2021-06-01,11772,ChargePoint,902.2600000000002,88,169,247,1,2
2021-06-01,11788,ChargePoint,2863.8560000000007,208,523,890,4,8
2021-06-01,11766,ChargePoint,154.966,16,37,95,2,3
2021-06-01,11740,ChargePoint,49.994,12,11,11,1,2
2021-06-01,11754,ChargePoint,579.1740000000001,52,118,236,1,2
2021-05-01,11772,ChargePoint,397.2839999999999,44,72,90,1,2
2021-05-01,11788,ChargePoint,3401.204,240,613,1150,4,6
2021-05-01,11766,ChargePoint,415.432,38,85,100,2,3
2021-05-01,11740,ChargePoint,152.15800000000002,16,32,33,1,2
2021-05-01,11754,ChargePoint,508.1800000000001,56,100,169,1,2
2021-04-01,11788,ChargePoint,4134.359999999999,304,764,1655,4,6
2021-04-01,11766,ChargePoint,71.172,8,16,23,1,1
2021-04-01,11772,ChargePoint,297.374,40,57,100,1,2
2021-04-01,11754,ChargePoint,258.592,46,65,180,1,2
2021-04-01,11740,ChargePoint,176.81199999999995,34,52,54,1,2
2021-03-01,11772,ChargePoint,503.09200000000004,88,92,144,1,2
2021-03-01,11740,ChargePoint,186.45999999999995,42,52,58,1,2
2021-03-01,11788,ChargePoint,3307.1760000000004,254,603,1294,3,5
2021-03-01,11754,ChargePoint,189.02200000000005,36,51,183,1,2
2021-10-01,11738,ChargePoint,3087.033000000001,288,658,908,5,10
2021-09-01,11738,ChargePoint,3986.0199999999963,352,856,1215,5,10
2021-09-01,11901,ChargePoint,5287.9580000000005,312,933,1658,3,6
2021-08-01,11738,ChargePoint,246.92200000000008,40,73,106,5,5
2021-08-01,11901,ChargePoint,4255.216000000002,276,768,1658,3,6
2021-07-01,11901,ChargePoint,4284.866,284,787,1584,3,6
2021-06-01,11901,ChargePoint,4958.833999999996,276,868,1658,3,6
2021-10-01,11747,ChargePoint,1811.0650000000007,107,361,492,2,4
2021-09-01,11747,ChargePoint,4030.797999999999,188,727,1518,3,6
2021-08-01,11747,ChargePoint,3785.2509999999993,156,670,1947,3,6
2021-07-01,11747,ChargePoint,2900.1519999999996,132,530,745,2,4
2021-06-01,11747,ChargePoint,3726.568,146,659,973,2,4
2021-05-01,11747,ChargePoint,2632.9020000000014,140,468,692,2,4
2021-04-01,11747,ChargePoint,1522.5000000000002,96,297,446,2,4
2021-03-01,11747,ChargePoint,2138.885999999999,94,390,553,2,4
2021-10-01,11788,ChargePoint,2206.8370000000004,150,411,907,4,6
2021-08-01,11788,ChargePoint,3298.0079999999984,252,602,1406,2,4
2021-10-01,11968,ChargePoint,2375.9749999999995,127,454,932,1,2
2021-09-01,11968,ChargePoint,4652.260000000002,244,893,1936,1,2
2021-08-01,11968,ChargePoint,4918.630000000002,282,938,1926,1,2
2021-07-01,11968,ChargePoint,4920.135999999999,234,875,1668,1,2
2021-06-01,11968,ChargePoint,5148.968000000003,246,914,1536,1,2
2021-05-01,11968,ChargePoint,4333.612000000001,222,783,1535,1,2
2021-04-01,11968,ChargePoint,3814.432000000001,204,706,1299,1,2
2021-03-01,11968,ChargePoint,3949.558000000001,176,722,1314,1,2
2021-10-01,11717,ChargePoint,2145.737000000001,233,487,964,4,8
2021-09-01,11717,ChargePoint,3566.7079999999964,444,863,1913,4,8
2021-08-01,11717,ChargePoint,2772.7860000000005,326,649,1288,4,7
2021-07-01,11717,ChargePoint,3352.499999999998,364,759,1383,4,8
2021-06-01,11717,ChargePoint,2431.396000000001,358,611,1535,4,8
2021-05-01,11717,ChargePoint,2516.615999999999,336,638,1563,4,8
2021-04-01,11717,ChargePoint,3109.879999999999,392,755,1835,4,8
2021-03-01,11717,ChargePoint,3139.4339999999993,410,752,1860,4,8
2021-10-01,14221,ChargePoint,3147.271999999999,330,684,1268,5,10
2021-10-01,13753,ChargePoint,393.549,51,105,136,1,2
2021-10-01,11590,ChargePoint,10271.085999999992,652,1871,2914,5,10
2021-10-01,12211,ChargePoint,1206.9010000000005,130,285,320,15,24
2021-10-01,12110,ChargePoint,3448.0889999999995,415,756,1021,23,36
2021-10-01,12205,ChargePoint,3189.1820000000025,335,632,820,19,33
2021-10-01,12996,ChargePoint,18.053,11,5,5,2,3
2021-09-01,13753,ChargePoint,686.282,56,157,207,1,2
2021-09-01,12803,ChargePoint,425.7299999999999,66,101,126,2,4
2021-09-01,12205,ChargePoint,4440.009999999998,414,887,1063,18,32
2021-09-01,12110,ChargePoint,5937.149999999999,780,1302,1684,22,35
2021-09-01,11590,ChargePoint,17968.874000000025,1226,3323,5114,5,10
2021-09-01,12996,ChargePoint,237.446,20,36,50,2,4
2021-09-01,12211,ChargePoint,2259.5100000000025,230,495,568,14,18
2021-09-01,12866,ChargePoint,14070.309000000008,1426,2823,4098,47,76
2021-09-01,12561,ChargePoint,6987.207999999999,730,1517,2710,15,27
2021-09-01,12020,ChargePoint,11408.93200000001,960,2248,4095,12,24
2021-09-01,12921,ChargePoint,36.928000000000004,10,11,22,1,1
2021-09-01,14221,ChargePoint,4510.2260000000015,520,951,1708,5,10
2021-09-01,12207,ChargePoint,375.77999999999986,56,72,94,4,7
2021-09-01,12054,ChargePoint,3003.3179999999975,324,630,1965,17,27
2021-09-01,12202,ChargePoint,771.58,78,232,408,9,11
2021-09-01,12997,ChargePoint,54.764,18,10,13,3,4
2021-08-01,13753,ChargePoint,1180.114,126,287,352,1,2
2021-08-01,12211,ChargePoint,1471.828,146,303,386,11,19
2021-08-01,12110,ChargePoint,4453.041999999999,491,922,1346,21,32
2021-08-01,12203,ChargePoint,12233.763000000004,1102,2438,3146,26,40
2021-08-01,11590,ChargePoint,20107.373999999978,1324,3736,5634,5,10
2021-08-01,12020,ChargePoint,12992.917999999994,1142,2636,4703,14,26
2021-08-01,12921,ChargePoint,180.736,26,43,71,1,2
2021-08-01,13367,ChargePoint,1118.2700000000004,48,192,208,1,2
2021-08-01,12996,ChargePoint,465.49000000000007,22,69,111,2,4
2021-08-01,14221,ChargePoint,4348.4000000000015,542,896,1553,5,10
2021-08-01,12207,ChargePoint,868.248,52,169,234,5,7
2021-08-01,12054,ChargePoint,2927.864000000004,332,608,1828,15,25
2021-08-01,12866,ChargePoint,11048.182999999997,1131,2248,3191,43,73
2021-08-01,12205,ChargePoint,5235.041999999996,444,1034,1270,18,33
2021-07-01,14221,ChargePoint,5119.325999999994,594,1017,1608,5,10
2021-07-01,12207,ChargePoint,367.406,20,62,63,2,2
2021-07-01,12205,ChargePoint,3789.060000000001,448,851,1075,16,28
2021-07-01,11590,ChargePoint,18389.900000000005,1334,3557,5901,5,10
2021-07-01,12529,ChargePoint,296.32,16,49,77,1,2
2021-07-01,13753,ChargePoint,1048.3220000000006,106,263,306,1,2
2021-07-01,12054,ChargePoint,2324.12,330,531,1302,14,24
2021-07-01,12020,ChargePoint,11257.258000000013,1036,2255,3975,13,25
2021-07-01,13367,ChargePoint,1053.772,34,182,200,1,2
2021-07-01,12866,ChargePoint,10673.316999999995,1219,2164,3217,46,76
2021-07-01,12110,ChargePoint,2815.596000000003,450,585,867,15,24
2021-07-01,12065,ChargePoint,7191.3309999999965,1013,1577,2535,35,56
2021-07-01,12921,ChargePoint,412.36799999999994,28,74,123,1,2
2021-07-01,12561,ChargePoint,3057.5610000000015,349,603,1021,14,24
2021-06-01,11590,ChargePoint,16989.144,1238,3251,5435,5,10
2021-06-01,12921,ChargePoint,216.44600000000005,36,62,137,1,2
2021-06-01,12529,ChargePoint,39.572,6,8,10,1,2
2021-06-01,12205,ChargePoint,4842.4159999999965,510,1021,1560,16,30
2021-06-01,14221,ChargePoint,5033.962,606,984,1672,5,10
2021-06-01,13753,ChargePoint,598.676,64,160,171,1,2
2021-06-01,12054,ChargePoint,1635.6300000000006,206,314,504,14,22
2021-06-01,12159,ChargePoint,1628.5299999999997,84,290,1520,4,6
2021-06-01,12065,ChargePoint,6867.064999999993,1054,1583,2893,29,47
2021-06-01,12020,ChargePoint,8207.636000000006,748,1703,2869,11,21
2021-06-01,12110,ChargePoint,3053.726000000001,528,679,914,16,24
2021-06-01,12202,ChargePoint,565.2099999999998,92,221,318,6,7
2021-06-01,12211,ChargePoint,1336.7420000000002,114,251,331,15,19
2021-06-01,13367,ChargePoint,926.4100000000002,52,163,171,1,2
2021-05-01,12529,ChargePoint,90.22,10,15,15,1,2
2021-05-01,12921,ChargePoint,107.474,20,31,60,1,1
2021-05-01,12110,ChargePoint,2080.4819999999995,408,449,579,12,18
2021-05-01,13753,ChargePoint,215.026,26,54,64,1,2
2021-05-01,11590,ChargePoint,14957.557999999985,1002,2780,4730,5,10
2021-05-01,12054,ChargePoint,1341.5020000000004,152,273,447,10,16
2021-05-01,13367,ChargePoint,528.134,36,91,91,1,2
2021-05-01,12205,ChargePoint,4758.742000000001,512,1005,1544,17,31
2021-05-01,12159,ChargePoint,1760.5100000000004,96,316,1757,4,6
2021-05-01,14221,ChargePoint,3575.609999999999,430,768,1061,5,10
2021-05-01,13053,ChargePoint,113.11,2,16,26,1,1
2021-04-01,13753,ChargePoint,75.248,14,21,22,1,2
2021-04-01,11590,ChargePoint,10157.076000000001,760,1895,3263,5,10
2021-04-01,14221,ChargePoint,4362.506000000001,402,849,1346,5,9
2021-04-01,12205,ChargePoint,4075.4999999999995,426,858,1335,17,30
2021-04-01,13367,ChargePoint,841.514,44,148,246,1,2
2021-04-01,12561,ChargePoint,1964.1360000000006,288,408,707,13,23
2021-04-01,12211,ChargePoint,1153.0179999999998,82,204,213,9,13
2021-04-01,12110,ChargePoint,2412.3420000000006,428,537,663,16,22
2021-04-01,12159,ChargePoint,1009.6579999999999,76,185,1709,3,5
2021-04-01,12529,ChargePoint,16.044,8,5,5,1,1
2021-04-01,12202,ChargePoint,295.476,90,88,144,9,10
2021-04-01,13053,ChargePoint,12.638,4,2,2,1,1
2021-03-01,10901,ChargePoint,198.43000000000004,32,61,181,5,7
2021-03-01,12524,ChargePoint,7.924,2,2,2,1,1
2021-03-01,11590,ChargePoint,11329.488000000003,1070,2125,3411,5,10
2021-03-01,13367,ChargePoint,667.4959999999999,48,113,114,1,2
2021-03-01,12110,ChargePoint,2590.8199999999974,420,571,906,16,21
2021-03-01,14221,ChargePoint,4182.105999999996,476,850,1413,5,10
2021-03-01,12205,ChargePoint,3941.7040000000006,388,865,1039,14,24
2021-03-01,12159,ChargePoint,1125.1899999999996,66,226,2195,4,7
2021-10-01,13901,ChargePoint,1652.9580000000005,121,332,1109,3,6
2021-09-01,11050,ChargePoint,2080.076000000001,146,453,771,3,5
2021-08-01,11050,ChargePoint,2622.9840000000004,156,515,852,3,6
2021-07-01,11050,ChargePoint,2376.6780000000003,162,495,786,3,5
2021-06-01,11050,ChargePoint,1520.026,110,343,564,3,6
2021-05-01,11050,ChargePoint,611.4339999999999,70,180,372,3,5
2021-04-01,11050,ChargePoint,645.0800000000002,66,177,368,3,6
2021-03-01,11050,ChargePoint,661.2559999999997,78,195,442,3,6
2021-05-01,11553,ChargePoint,2886.4740000000006,246,568,1274,5,9
2021-04-01,11553,ChargePoint,3592.206000000001,250,684,1371,5,10
2021-03-01,11553,ChargePoint,3931.245999999998,236,742,1419,5,10
2021-09-01,11530,ChargePoint,8571.443999999998,632,1761,2900,12,22
2021-08-01,11530,ChargePoint,4168.988000000004,392,944,1560,17,29
2021-07-01,11530,ChargePoint,3276.652,276,718,1052,12,18
2021-06-01,11530,ChargePoint,3925.2779999999993,328,860,1329,14,25
2021-05-01,11530,ChargePoint,3981.0420000000017,340,858,1472,11,21
2021-04-01,11530,ChargePoint,3524.2100000000005,308,757,1532,12,23
2021-03-01,11530,ChargePoint,4064.7640000000015,420,879,1748,12,21
2021-10-01,11530,ChargePoint,5013.955999999995,387,1022,1824,12,22
2021-09-01,11030,ChargePoint,2363.7619999999993,214,591,1106,2,4
2021-08-01,11030,ChargePoint,1756.4440000000002,146,383,558,2,4
2021-07-01,11030,ChargePoint,2440.411999999999,220,544,909,2,4
2021-06-01,11030,ChargePoint,2063.008000000001,186,460,693,2,4
2021-05-01,11030,ChargePoint,2125.2819999999983,212,426,979,2,4
2021-04-01,11030,ChargePoint,2229.5100000000007,174,481,893,2,4
2021-03-01,11030,ChargePoint,2771.4319999999993,212,575,1252,2,4
2021-10-01,11030,ChargePoint,1624.322,137,377,595,2,4
2021-10-01,11553,ChargePoint,3839.451,298,761,1456,4,8
2021-09-01,11553,ChargePoint,6039.944000000005,500,1234,2238,4,8
2021-08-01,11553,ChargePoint,2487.936000000001,186,527,1029,4,8
2021-07-01,11553,ChargePoint,1499.6000000000004,138,324,741,3,6
2021-06-01,11553,ChargePoint,1448.935999999999,120,306,807,4,7
2021-10-01,11550,ChargePoint,3135.471000000002,261,669,1338,4,8
2021-09-01,11550,ChargePoint,5739.771999999998,494,1170,2691,4,7
2021-08-01,11550,ChargePoint,2853.320000000001,262,563,1212,4,8
2021-07-01,11550,ChargePoint,2785.1920000000014,288,566,1282,4,6
2021-06-01,11550,ChargePoint,2533.4399999999996,242,480,951,3,5
2021-05-01,11550,ChargePoint,2206.3819999999996,232,432,887,3,6
2021-04-01,11550,ChargePoint,2008.464,244,421,849,3,5
2021-03-01,11550,ChargePoint,1707.237999999999,156,354,699,3,5
2021-10-01,12065,ChargePoint,4296.898000000002,510,850,1038,26,45
2021-09-01,12065,ChargePoint,5285.782000000005,794,1066,1417,25,37
2021-08-01,12065,ChargePoint,6039.637999999998,932,1269,1707,29,48
2021-05-01,12065,ChargePoint,7016.397000000006,1047,1431,2063,32,52
2021-04-01,12065,ChargePoint,5511.720999999994,780,1187,1613,31,50
2021-03-01,12065,ChargePoint,6012.572999999996,845,1310,1704,33,54
2021-08-01,12803,ChargePoint,340.3,56,72,76,1,2
2021-07-01,12803,ChargePoint,257.34000000000003,50,61,65,1,2
2021-06-01,12803,ChargePoint,338.634,48,72,74,1,2
2021-05-01,12803,ChargePoint,262.01,34,55,58,1,2
2021-04-01,12803,ChargePoint,24.394000000000002,4,8,8,1,1
2021-10-01,12020,ChargePoint,5954.374999999998,509,1166,2065,13,26
2021-05-01,12020,ChargePoint,7327.633999999999,722,1501,2964,10,20
2021-04-01,12020,ChargePoint,7339.317999999999,700,1379,2528,10,20
2021-03-01,12020,ChargePoint,4390.688000000001,488,887,1475,10,17
2021-10-01,12866,ChargePoint,8133.525999999999,707,1564,2484,46,74
2021-06-01,12866,ChargePoint,11275.352000000003,1559,2396,3751,42,71
2021-05-01,12866,ChargePoint,10253.706000000002,1340,1983,3668,42,69
2021-04-01,12866,ChargePoint,9763.448999999986,1302,2000,3576,43,71
2021-03-01,12866,ChargePoint,10362.55700000001,1362,2211,4253,40,64
2021-10-01,12526,ChargePoint,343.8909999999999,31,73,179,1,2
2021-10-01,12845,ChargePoint,706.0530000000001,71,141,265,13,20
2021-10-01,14744,ChargePoint,281.92400000000004,21,68,127,1,2
2021-10-01,12037,ChargePoint,269.628,40,58,83,1,2
2021-09-01,10927,ChargePoint,65.58600000000001,12,10,13,1,2
2021-09-01,12529,ChargePoint,3.036,2,1,1,1,1
2021-08-01,12529,ChargePoint,30.052000000000003,12,7,8,1,2
2021-06-01,10576,ChargePoint,78.834,6,14,14,1,2
2021-05-01,10562,ChargePoint,146.224,16,35,36,1,2
2021-05-01,10576,ChargePoint,37.681999999999995,6,7,7,1,2
2021-04-01,12513,ChargePoint,11.354,4,2,2,1,1
2021-04-01,12814,ChargePoint,325.9560000000001,44,60,122,7,9
2021-04-01,10543,ChargePoint,63.792,10,16,17,1,2
2021-03-01,10952,ChargePoint,1734.0060000000008,124,341,453,2,3
2021-10-01,12401,ChargePoint,7204.202999999998,653,1448,6696,19,35
2021-10-01,12449,ChargePoint,341.61199999999997,20,71,100,5,6
2021-10-01,12528,ChargePoint,234.846,9,46,80,1,2
2021-09-01,12401,ChargePoint,12940.252000000004,1182,2720,14204,20,36
2021-09-01,12449,ChargePoint,777.3199999999999,24,137,146,3,3
2021-09-01,12528,ChargePoint,394.42199999999997,12,72,88,1,2
2021-09-01,12443,ChargePoint,144.34799999999998,10,21,37,1,2
2021-08-01,12401,ChargePoint,12862.355999999989,1180,2712,14223,18,33
2021-08-01,12528,ChargePoint,356.074,10,64,85,1,1
2021-08-01,12443,ChargePoint,44.75,4,7,9,1,1
2021-07-01,12401,ChargePoint,12686.809999999985,1135,2630,15156,17,33
2021-07-01,12443,ChargePoint,586.2800000000001,18,84,101,1,2
2021-07-01,12528,ChargePoint,442.0780000000001,14,81,113,1,2
2021-06-01,12443,ChargePoint,992.84,30,142,233,1,2
2021-06-01,12401,ChargePoint,10997.866999999998,1051,2217,9470,17,33
2021-06-01,12528,ChargePoint,449.32200000000006,14,83,119,1,2
2021-05-01,12401,ChargePoint,9567.555999999986,988,1997,9856,17,33
2021-05-01,12443,ChargePoint,424.078,16,60,80,1,2
2021-05-01,12528,ChargePoint,382.55,17,75,104,3,5
2021-04-01,12401,ChargePoint,7831.970999999997,920,1842,9490,18,32
2021-04-01,12528,ChargePoint,505.24600000000004,16,90,124,2,4
2021-04-01,12443,ChargePoint,149.17600000000002,10,22,23,1,2
2021-03-01,12401,ChargePoint,8232.758000000013,936,1894,13643,17,32
2021-03-01,12528,ChargePoint,619.0940000000003,44,120,155,2,4
2021-10-01,12525,ChargePoint,985.2980000000001,57,153,172,1,2
2021-09-01,12525,ChargePoint,1261.9879999999998,94,203,219,1,2
2021-08-01,12525,ChargePoint,1151.078,86,186,1416,1,2
2021-07-01,12525,ChargePoint,596.0659999999999,66,99,124,1,2
2021-06-01,12525,ChargePoint,439.722,50,73,85,1,2
2021-05-01,12525,ChargePoint,535.0400000000001,104,91,166,2,4
2021-04-01,12525,ChargePoint,891.1299999999999,100,146,165,2,4
2021-03-01,12525,ChargePoint,859.2360000000001,124,143,165,2,4
2021-10-01,12498,ChargePoint,450.74400000000014,73,97,100,1,2
2021-09-01,12498,ChargePoint,1261.1279999999997,160,271,295,1,2
2021-08-01,12498,ChargePoint,1202.1419999999996,150,271,285,1,2
2021-07-01,12498,ChargePoint,837.8020000000001,152,205,216,1,2
2021-06-01,12498,ChargePoint,231.088,72,58,68,1,2
2021-05-01,12498,ChargePoint,362.684,80,82,86,1,2
2021-04-01,12498,ChargePoint,184.43199999999996,104,44,50,1,2
2021-03-01,12498,ChargePoint,219.8679999999999,142,59,77,1,2
2021-10-01,12561,ChargePoint,4343.580999999999,391,928,1642,13,25
2021-08-01,12561,ChargePoint,6259.587000000006,682,1342,2214,15,28
2021-06-01,12561,ChargePoint,2849.0009999999984,259,545,792,12,17
2021-05-01,12561,ChargePoint,1883.0720000000003,231,380,636,10,17
2021-03-01,12561,ChargePoint,1468.9180000000001,208,314,575,13,20
2021-10-01,12477,ChargePoint,1962.568,195,383,600,5,10
2021-09-01,12477,ChargePoint,2483.2359999999994,316,494,919,5,10
2021-08-01,12477,ChargePoint,2321.5440000000003,226,443,676,5,10
2021-07-01,12477,ChargePoint,2229.434000000001,244,466,904,5,10
2021-06-01,12477,ChargePoint,2306.7300000000014,296,503,994,5,9
2021-05-01,12477,ChargePoint,2808.7980000000052,338,588,921,5,10
2021-04-01,12477,ChargePoint,2401.1259999999997,288,521,866,5,10
2021-03-01,12477,ChargePoint,2419.0659999999993,314,506,927,5,10
2021-10-01,12428,ChargePoint,559.5939999999999,52,102,109,1,2
2021-09-01,12428,ChargePoint,1319.1299999999997,102,238,245,1,2
2021-08-01,12428,ChargePoint,1169.6880000000006,104,208,220,1,2
2021-07-01,12428,ChargePoint,1576.8180000000002,128,279,286,1,2
2021-06-01,12428,ChargePoint,720.8240000000004,70,144,154,1,2
2021-05-01,12428,ChargePoint,350.61600000000004,40,62,72,1,2
2021-04-01,12428,ChargePoint,531.98,36,88,122,1,2
2021-03-01,12428,ChargePoint,132.81,20,25,28,1,2
2021-09-01,12484,ChargePoint,439.9219999999999,56,76,96,1,2
2021-08-01,12484,ChargePoint,304.522,22,52,67,1,2
2021-07-01,12484,ChargePoint,260.65399999999994,20,43,44,1,2
2021-06-01,12484,ChargePoint,264.768,26,52,64,1,2
2021-05-01,12484,ChargePoint,89.504,16,44,45,1,2
2021-04-01,12484,ChargePoint,143.54,26,37,37,1,2
2021-03-01,12484,ChargePoint,80.64599999999999,20,26,27,1,2
2021-10-01,12304,ChargePoint,919.4770000000002,171,260,293,3,6
2021-09-01,12304,ChargePoint,1956.8,372,571,693,3,6
2021-08-01,12304,ChargePoint,1607.4620000000014,316,508,555,3,6
2021-07-01,12304,ChargePoint,1485.936,310,507,557,3,6
2021-06-01,12304,ChargePoint,1683.342,346,490,553,3,6
2021-05-01,12304,ChargePoint,1420.3259999999998,374,431,447,3,6
2021-04-01,12304,ChargePoint,866.5759999999996,208,186,203,3,6
2021-03-01,12304,ChargePoint,1230.4439999999997,230,249,272,3,6
2021-07-01,12144,ChargePoint,707.6080000000002,328,171,179,2,3
2021-06-01,12144,ChargePoint,556.8260000000002,208,146,169,2,3
2021-05-01,12144,ChargePoint,516.0799999999998,138,124,151,2,4
2021-04-01,12144,ChargePoint,638.5739999999995,148,151,186,2,4
2021-03-01,12144,ChargePoint,455.03399999999993,154,106,143,2,4
2021-10-01,10990,ChargePoint,206.28400000000005,43,38,39,1,2
2021-09-01,10990,ChargePoint,140.47400000000002,52,32,33,1,2
2021-08-01,10990,ChargePoint,218.27199999999993,58,41,42,1,2
2021-07-01,10990,ChargePoint,208.40199999999996,64,42,44,1,2
2021-10-01,14069,ChargePoint,152.888,20,34,42,1,2
2021-09-01,14226,ChargePoint,2355.692,170,433,520,6,12
2021-09-01,14069,ChargePoint,164.65599999999998,26,31,40,1,2
2021-09-01,14059,ChargePoint,191.182,36,51,119,1,2
2021-09-01,14139,ChargePoint,604.6539999999999,30,112,120,1,2
2021-09-01,14006,ChargePoint,197.426,18,38,41,1,2
2021-08-01,14059,ChargePoint,259.55799999999994,34,50,103,1,2
2021-08-01,14069,ChargePoint,327.99,40,61,72,1,2
2021-08-01,14139,ChargePoint,736.99,40,141,152,1,2
2021-08-01,14006,ChargePoint,490.2139999999998,50,99,151,1,2
2021-08-01,14226,ChargePoint,2137.596,146,435,580,6,11
2021-07-01,14006,ChargePoint,171.378,28,32,33,1,2
2021-07-01,14226,ChargePoint,2988.199999999999,178,557,665,6,11
2021-07-01,14139,ChargePoint,441.876,46,92,95,1,2
2021-07-01,14059,ChargePoint,197.74,34,42,73,1,2
2021-07-01,14069,ChargePoint,280.582,42,60,68,1,2
2021-06-01,14139,ChargePoint,637.546,44,135,149,1,2
2021-06-01,14226,ChargePoint,1792.0899999999997,162,371,777,6,12
2021-06-01,14059,ChargePoint,261.65999999999997,40,65,131,1,2
2021-06-01,14006,ChargePoint,223.22199999999998,26,40,46,1,2
2021-06-01,14069,ChargePoint,338.228,42,65,113,1,2
2021-05-01,14226,ChargePoint,976.3600000000001,58,196,272,6,9
2021-05-01,14069,ChargePoint,224.71399999999994,28,36,40,1,2
2021-05-01,14059,ChargePoint,260.444,44,64,149,1,2
2021-05-01,14139,ChargePoint,332.32599999999996,32,68,75,1,2
2021-04-01,14139,ChargePoint,249.87,36,56,68,1,2
2021-04-01,14069,ChargePoint,167.01600000000002,26,33,44,1,2
2021-04-01,14059,ChargePoint,79.07399999999998,14,28,30,1,2
2021-04-01,14226,ChargePoint,785.8899999999999,82,146,220,5,9
2021-03-01,14139,ChargePoint,169.952,50,46,46,1,2
2021-03-01,14059,ChargePoint,62.034,20,16,18,1,2
2021-03-01,14069,ChargePoint,17.886,4,5,6,1,2
2021-10-01,14075,ChargePoint,1004.001,84,170,193,2,4
2021-09-01,14075,ChargePoint,1805.4459999999995,144,299,428,2,4
2021-08-01,14075,ChargePoint,2461.876,158,425,524,3,6
2021-07-01,14075,ChargePoint,2773.9719999999998,236,479,684,3,6
2021-06-01,14075,ChargePoint,2783.2439999999992,170,469,683,3,6
2021-05-01,14075,ChargePoint,2214.4899999999984,130,362,733,3,6
2021-04-01,14075,ChargePoint,1376.2379999999998,86,236,395,3,6
2021-03-01,14075,ChargePoint,1434.9180000000001,64,240,382,3,6
2021-09-01,14203,ChargePoint,570.5600000000001,108,157,295,3,6
2021-08-01,14203,ChargePoint,802.9359999999998,118,219,378,2,4
2021-07-01,14203,ChargePoint,855.1519999999999,130,218,371,3,6
2021-06-01,14203,ChargePoint,617.568,100,152,207,3,6
2021-05-01,14203,ChargePoint,339.7440000000001,80,108,186,3,5
2021-04-01,14203,ChargePoint,446.54400000000004,96,131,600,3,5
2021-03-01,14203,ChargePoint,482.67399999999975,108,153,226,2,4
2021-09-01,14086,ChargePoint,936.9180000000002,126,164,176,1,2
2021-08-01,14086,ChargePoint,1026.576,176,202,253,1,2
2021-07-01,14086,ChargePoint,845.7080000000004,162,162,180,1,2
2021-06-01,14086,ChargePoint,1044.5560000000007,176,200,218,1,2
2021-05-01,14086,ChargePoint,1241.9979999999998,150,213,223,1,2
2021-04-01,14086,ChargePoint,903.2459999999999,130,169,179,1,2
2021-03-01,14086,ChargePoint,942.976,114,161,185,1,2
2021-10-01,14127,ChargePoint,1855.8070000000005,215,388,625,8,9
2021-09-01,14127,ChargePoint,2471.442000000002,364,552,907,7,9
2021-08-01,14127,ChargePoint,3208.1559999999995,414,680,876,9,11
2021-07-01,14127,ChargePoint,3975.462,414,770,1000,9,12
2021-06-01,14127,ChargePoint,3219.7359999999976,370,654,959,9,12
2021-05-01,14127,ChargePoint,3239.9000000000005,314,644,1200,7,10
2021-04-01,14127,ChargePoint,2804.2339999999986,310,604,1506,9,12
2021-03-01,14127,ChargePoint,2683.1659999999983,280,601,1559,8,11
2021-10-01,14150,ChargePoint,1044.311,152,208,227,3,6
2021-09-01,14150,ChargePoint,2065.634,322,424,465,3,6
2021-08-01,14150,ChargePoint,3791.8179999999975,412,717,788,3,6
2021-07-01,14150,ChargePoint,2421.8300000000004,296,482,508,3,6
2021-06-01,14150,ChargePoint,1731.5159999999994,294,359,394,3,6
2021-05-01,14150,ChargePoint,2044.91,306,444,485,3,6
2021-04-01,14150,ChargePoint,1395.5619999999992,224,309,330,3,6
2021-03-01,14150,ChargePoint,1700.0179999999996,254,331,350,3,6
2021-10-01,14052,ChargePoint,3723.0310000000004,336,901,1569,8,16
2021-09-01,14052,ChargePoint,8045.178,688,1893,3236,8,16
2021-08-01,14052,ChargePoint,7458.656000000003,662,1853,3133,8,16
2021-07-01,14052,ChargePoint,6158.553999999992,624,1565,2741,8,16
2021-06-01,14052,ChargePoint,5958.905999999994,644,1543,2662,8,16
2021-05-01,14052,ChargePoint,314.9200000000001,58,80,137,5,9
2021-09-01,14210,ChargePoint,392.426,82,126,276,5,7
2021-09-01,14202,ChargePoint,337.932,20,57,68,1,2
2021-08-01,14202,ChargePoint,440.80199999999996,28,78,113,1,2
2021-08-01,14210,ChargePoint,513.4699999999999,96,161,257,5,9
2021-08-01,14213,ChargePoint,568.572,40,153,159,1,2
2021-07-01,14210,ChargePoint,600.8499999999998,108,207,379,8,11
2021-07-01,14202,ChargePoint,780.878,36,132,143,1,2
2021-06-01,14210,ChargePoint,314.8980000000001,78,157,312,5,9
2021-06-01,14202,ChargePoint,251.08599999999998,16,44,109,1,2
2021-06-01,14209,ChargePoint,1799.2919999999995,94,308,373,3,6
2021-05-01,14209,ChargePoint,1136.1339999999996,50,189,218,3,5
2021-05-01,14202,ChargePoint,834.5319999999998,34,137,175,1,2
2021-04-01,14202,ChargePoint,296.402,16,47,54,1,2
2021-03-01,14226,ChargePoint,873.2800000000004,86,203,257,6,9
2021-03-01,14209,ChargePoint,821.8059999999998,40,145,192,3,5
2021-03-01,14202,ChargePoint,214.018,8,35,36,1,2
2021-10-01,14222,ChargePoint,3975.006000000003,399,866,1442,5,10
2021-09-01,14222,ChargePoint,5377.095999999996,600,1206,2055,5,10
2021-08-01,14222,ChargePoint,3966.5660000000016,428,874,1432,5,10
2021-07-01,14222,ChargePoint,3267.8940000000016,380,747,1285,5,10
2021-06-01,14222,ChargePoint,2757.19,246,625,955,5,9
2021-05-01,14222,ChargePoint,2794.376000000002,238,608,823,2,4
2021-10-01,14214,ChargePoint,1178.708,112,226,291,8,15
2021-09-01,14214,ChargePoint,1679.0579999999995,196,329,400,8,15
2021-08-01,14214,ChargePoint,924.5779999999999,134,218,275,8,13
2021-07-01,14214,ChargePoint,2865.35,274,614,889,8,16
2021-06-01,14214,ChargePoint,3075.4519999999998,262,657,950,8,16
2021-05-01,14214,ChargePoint,2506.7180000000017,190,520,740,8,16
2021-04-01,14214,ChargePoint,3118.5740000000014,270,647,908,8,15
2021-03-01,14214,ChargePoint,2675.9260000000017,216,549,718,8,16
2021-09-01,14228,ChargePoint,12104.814000000011,1508,2584,5241,10,18
2021-08-01,14228,ChargePoint,7532.021999999996,1022,1639,4330,10,18
2021-07-01,14228,ChargePoint,7967.602000000003,1022,1848,5074,12,22
2021-06-01,14228,ChargePoint,6444.938000000002,880,1491,4287,12,22
2021-05-01,14228,ChargePoint,7830.870000000009,984,1829,4023,12,22
2021-04-01,14228,ChargePoint,7988.170000000001,978,1755,4730,12,22
2021-03-01,14228,ChargePoint,7125.4400000000105,984,1605,4204,12,22
2021-10-01,14228,ChargePoint,5256.127000000005,602,1087,2641,10,18
2021-10-01,12054,ChargePoint,1858.2350000000004,198,421,1190,16,24
2021-04-01,12054,ChargePoint,786.1239999999995,150,196,420,10,13
2021-03-01,12054,ChargePoint,1028.0640000000003,152,227,279,10,13
2021-10-01,12047,ChargePoint,911.5470000000003,87,197,851,13,20
2021-09-01,12047,ChargePoint,1374.0499999999995,136,272,1891,13,17
2021-08-01,12047,ChargePoint,1450.4420000000005,158,325,1639,9,16
2021-07-01,12047,ChargePoint,1880.9639999999995,172,404,1601,9,13
2021-06-01,12047,ChargePoint,1074.202,144,282,949,8,12
2021-05-01,12047,ChargePoint,1454.1920000000002,150,341,919,8,14
2021-04-01,12047,ChargePoint,294.94000000000017,56,92,222,7,9
2021-03-01,12047,ChargePoint,573.7879999999999,56,141,252,5,7
2021-09-01,12204,ChargePoint,637.402,28,110,120,5,7
2021-08-01,12204,ChargePoint,1125.3419999999996,66,226,1053,7,9
2021-07-01,12204,ChargePoint,797.247,47,168,696,5,8
2021-06-01,12204,ChargePoint,331.60599999999994,42,117,797,4,5
2021-05-01,12204,ChargePoint,734.1539999999997,112,199,1622,6,10
2021-04-01,12204,ChargePoint,1046.0900000000001,144,271,1543,6,10
2021-03-01,12204,ChargePoint,911.47,132,231,1357,6,11
2021-09-01,12203,ChargePoint,12882.410000000002,1078,2453,3404,23,39
2021-08-01,12084,ChargePoint,1174.9310000000003,121,373,427,4,6
2021-05-01,12203,ChargePoint,9782.010000000011,932,1980,2599,15,29
2021-04-01,12203,ChargePoint,9385.123999999993,790,1939,2543,13,25
2021-10-01,12189,ChargePoint,1408.566,85,273,890,7,12
2021-09-01,12189,ChargePoint,2582.5079999999994,154,484,1465,6,9
2021-08-01,12189,ChargePoint,2629.7720000000004,166,502,1669,5,9
2021-07-01,12189,ChargePoint,2860.948,182,538,1718,9,13
2021-06-01,12189,ChargePoint,3514.502000000002,240,690,2214,10,18
2021-05-01,12189,ChargePoint,3361.4720000000007,198,638,2105,7,13
2021-04-01,12189,ChargePoint,3967.5520000000024,252,764,2319,9,16
2021-03-01,12189,ChargePoint,4424.4580000000005,310,872,3258,10,17
2021-10-01,12077,ChargePoint,949.4610000000001,188,195,218,2,3
2021-09-01,12077,ChargePoint,1611.7599999999989,366,339,386,2,3
2021-08-01,12077,ChargePoint,1639.6420000000003,306,350,405,2,3
2021-07-01,12077,ChargePoint,1508.3759999999986,286,308,343,2,3
2021-06-01,12077,ChargePoint,1262.5740000000008,246,247,289,2,3
2021-05-01,12077,ChargePoint,1592.6180000000013,336,322,369,2,4
2021-04-01,12077,ChargePoint,1639.0439999999999,246,312,356,2,4
2021-03-01,12077,ChargePoint,1602.3379999999995,312,332,401,2,4
2021-09-01,12208,ChargePoint,7059.866000000002,456,1385,3365,7,10
2021-09-01,12209,ChargePoint,417.968,34,86,199,1,2
2021-09-01,12210,ChargePoint,952.8039999999997,36,164,274,3,5
2021-09-01,12206,ChargePoint,2053.946,394,403,714,4,6
2021-08-01,12209,ChargePoint,233.67600000000002,28,49,133,1,2
2021-08-01,12208,ChargePoint,9000.160000000002,506,1711,2687,5,8
2021-08-01,12210,ChargePoint,581.6300000000001,38,112,171,3,4
2021-07-01,12211,ChargePoint,781.1540000000003,86,156,221,8,12
2021-07-01,12208,ChargePoint,5464.053999999997,444,1133,2112,3,5
2021-07-01,12202,ChargePoint,370.1860000000001,68,141,217,5,6
2021-07-01,12210,ChargePoint,241.564,20,43,97,3,4
2021-07-01,12209,ChargePoint,393.35799999999995,20,69,138,1,2
2021-06-01,12209,ChargePoint,152.398,12,28,52,1,2
2021-05-01,12211,ChargePoint,997.6299999999997,80,190,206,9,11
2021-05-01,12209,ChargePoint,31.456,12,10,11,1,2
2021-04-01,12208,ChargePoint,4347.400000000001,340,923,2778,3,5
2021-05-01,12207,ChargePoint,8.108,4,3,3,2,2
2021-05-01,12202,ChargePoint,523.67,116,183,282,5,6
2021-04-01,12207,ChargePoint,37.30800000000001,6,12,17,3,3
2021-04-01,12206,ChargePoint,1644.8239999999992,348,360,674,3,5
2021-03-01,12202,ChargePoint,94.22400000000002,38,19,20,3,5
2021-03-01,12211,ChargePoint,173.75600000000009,38,41,47,6,9
2021-10-01,12202,ChargePoint,272.40199999999993,33,83,127,8,10
2021-08-01,12202,ChargePoint,511.33200000000005,92,226,317,8,9
2021-08-01,12206,ChargePoint,2108.874,406,425,724,2,4
2021-07-01,12206,ChargePoint,1782.8459999999998,370,363,657,2,4
2021-06-01,12206,ChargePoint,1567.4460000000004,306,321,590,2,4
2021-05-01,12206,ChargePoint,1417.8020000000001,272,298,582,2,4
2021-03-01,12206,ChargePoint,1787.4459999999995,326,340,521,2,4
2021-10-01,12203,ChargePoint,6510.823999999997,559,1281,1695,23,40
2021-07-01,12203,ChargePoint,11752.215999999995,992,2246,2810,26,41
2021-06-01,12203,ChargePoint,10539.619999999984,896,2039,2641,16,26
2021-03-01,12203,ChargePoint,10331.607999999993,938,2125,2757,14,23
2021-10-01,12208,ChargePoint,4213.807,322,856,2241,7,10
2021-06-01,12208,ChargePoint,6971.413999999999,418,1382,2843,3,5
2021-05-01,12208,ChargePoint,5085.532,338,1058,2891,3,5
2021-03-01,12208,ChargePoint,6475.069999999999,450,1405,4210,3,5
2021-10-01,14216,ChargePoint,766.0240000000003,119,157,176,1,2
2021-09-01,14216,ChargePoint,1166.9780000000007,152,241,312,1,2
2021-08-01,14216,ChargePoint,990.0299999999995,152,200,233,1,2
2021-07-01,14216,ChargePoint,1464.8180000000002,166,283,351,1,2
2021-06-01,14216,ChargePoint,901.9699999999999,170,187,197,1,2
2021-05-01,14216,ChargePoint,1153.1760000000002,170,218,238,1,2
2021-04-01,14216,ChargePoint,702.1019999999996,106,149,160,1,2
2021-03-01,14216,ChargePoint,1133.1000000000004,138,243,283,1,2
2021-04-01,14222,ChargePoint,2253.905999999999,174,514,773,2,3
2021-03-01,14222,ChargePoint,2271.9400000000005,192,486,771,2,4
2021-10-01,12084,ChargePoint,65.572,3,14,17,2,3
2021-09-01,12084,ChargePoint,924.8679999999998,103,296,386,2,3
2021-07-01,12084,ChargePoint,1010.1179999999999,119,322,385,1,2
2021-06-01,12084,ChargePoint,976.14,92,288,358,2,4
2021-05-01,12084,ChargePoint,1076.343,103,342,386,1,2
2021-04-01,12084,ChargePoint,791.2260000000002,100,248,285,2,3
2021-03-01,12084,ChargePoint,471.94399999999996,85,153,166,1,2
2021-10-01,13669,ChargePoint,807.9970000000003,53,156,304,1,2
2021-09-01,13669,ChargePoint,895.0339999999999,64,172,393,1,2
2021-08-01,13669,ChargePoint,802.4059999999997,88,155,320,1,2
2021-07-01,13669,ChargePoint,578.39,38,110,163,1,2
2021-06-01,13669,ChargePoint,202.954,34,36,55,1,2
2021-05-01,13669,ChargePoint,188.166,36,34,35,1,2
2021-03-01,13669,ChargePoint,19.308,4,3,3,1,2
2021-10-01,13676,ChargePoint,1008.4199999999997,122,222,508,2,4
2021-09-01,13676,ChargePoint,1070.0880000000002,206,262,960,2,3
2021-08-01,13676,ChargePoint,994.7740000000002,102,212,409,2,3
2021-03-01,12305,ChargePoint,3121.8380000000006,166,611,800,3,5
2021-10-01,13502,ChargePoint,432.64899999999994,56,98,125,1,1
2021-09-01,11777,ChargePoint,236.326,50,72,221,1,2
2021-09-01,13502,ChargePoint,1974.423999999999,208,431,598,1,2
2021-09-01,14760,ChargePoint,775.786,68,145,153,1,2
2021-08-01,14760,ChargePoint,704.2260000000003,80,129,141,1,2
2021-08-01,13502,ChargePoint,960.1430000000003,139,227,343,2,4
2021-08-01,11777,ChargePoint,231.126,42,71,174,1,2
2021-07-01,14760,ChargePoint,639.2339999999999,64,118,120,1,2
2021-07-01,13502,ChargePoint,1102.8320000000003,110,226,370,1,2
2021-07-01,11777,ChargePoint,268.474,40,81,190,1,2
2021-06-01,14760,ChargePoint,578.592,60,112,118,1,2
2021-06-01,13502,ChargePoint,736.9650000000003,107,170,299,2,3
2021-06-01,11777,ChargePoint,241.17,36,72,149,1,2
2021-05-01,13502,ChargePoint,479.204,66,98,175,2,3
2021-05-01,14760,ChargePoint,502.48600000000005,60,97,100,1,2
2021-05-01,11777,ChargePoint,248.68600000000004,36,75,157,1,2
2021-04-01,13502,ChargePoint,1368.6839999999997,148,265,365,1,2
2021-04-01,14760,ChargePoint,424.60600000000017,64,86,107,1,2
2021-03-01,14760,ChargePoint,262.228,34,49,50,1,2
2021-03-01,13502,ChargePoint,1385.4000000000003,170,266,338,1,2
2021-03-01,11777,ChargePoint,362.16,48,105,218,1,2
2021-10-01,13088,ChargePoint,1625.4039999999995,195,322,733,7,13
2021-09-01,14304,ChargePoint,873.8480000000002,188,188,206,1,2
2021-08-01,14304,ChargePoint,948.292,186,187,193,1,2
2021-07-01,14304,ChargePoint,613.1960000000003,130,133,136,1,2
2021-06-01,14304,ChargePoint,832.38,194,173,179,1,2
2021-05-01,14304,ChargePoint,895.85,168,173,175,1,2
2021-04-01,14304,ChargePoint,1110.214,116,212,297,1,2
2021-03-01,14304,ChargePoint,814.5999999999995,144,169,198,1,2
2021-10-01,14303,ChargePoint,1757.6610000000005,150,360,510,4,5
2021-10-01,11222,ChargePoint,679.8349999999999,27,122,494,3,6
2021-10-01,14411,ChargePoint,909.2650000000001,31,152,169,1,2
2021-10-01,12198,ChargePoint,261.88399999999996,46,83,233,2,4
2021-10-01,12455,ChargePoint,239.48100000000005,38,40,46,1,2
2021-06-01,12095,ChargePoint,397.88,96,121,192,2,3
2021-06-01,12043,ChargePoint,3.0479999999999996,8,0,1,1,1
2021-05-01,14530,ChargePoint,547.9139999999999,46,80,93,1,1
2021-04-01,12553,ChargePoint,320.286,8,52,54,1,1
2021-04-01,14530,ChargePoint,30.544,2,4,4,1,1
2021-03-01,14432,ChargePoint,339.98400000000004,16,63,109,2,3
2021-07-01,13655,ChargePoint,197.318,10,30,55,2,2
2021-04-01,12953,ChargePoint,41.778000000000006,6,7,7,2,2
2021-09-01,10928,ChargePoint,0.0,4,0,0,1,1
2021-08-01,10928,ChargePoint,2.006,4,1,1,1,1
2021-05-01,12997,ChargePoint,26.945999999999998,4,8,15,1,1
2021-03-01,12870,ChargePoint,22.074,2,3,3,1,1
2021-10-01,14433,ChargePoint,271.149,28,85,136,3,4
2021-09-01,14433,ChargePoint,339.30999999999995,36,109,165,1,1
2021-08-01,14433,ChargePoint,302.8279999999999,38,99,146,2,2
2021-06-01,14433,ChargePoint,311.59800000000007,42,100,132,1,1
2021-05-01,14433,ChargePoint,340.66799999999995,38,108,151,1,1
2021-04-01,14433,ChargePoint,492.88399999999996,48,156,227,1,1
2021-03-01,14433,ChargePoint,514.922,50,164,231,1,1
2021-10-01,14513,ChargePoint,538.136,61,132,396,8,14
2021-04-01,10468,ChargePoint,98.10799999999999,4,16,17,1,1
2021-03-01,12308,ChargePoint,1068.2400000000002,72,212,321,4,6
2021-05-01,13208,ChargePoint,55.03099999999999,6,11,49,4,5
2021-03-01,13208,ChargePoint,33.621,8,6,6,4,5
2021-06-01,13090,ChargePoint,78.162,2,13,20,1,1
2021-04-01,13090,ChargePoint,34.418,4,13,20,1,1
2021-03-01,13090,ChargePoint,38.114,8,17,36,1,1
2021-10-01,12524,ChargePoint,454.33900000000006,13,71,109,2,2
2021-09-01,12583,ChargePoint,252.91600000000005,18,46,50,1,2
2021-08-01,12583,ChargePoint,296.338,24,59,70,1,2
2021-07-01,12524,ChargePoint,5.034,2,1,2,1,1
2021-06-01,12583,ChargePoint,19.332,4,5,5,1,1
2021-06-01,12508,ChargePoint,47.286,2,8,9,1,1
2021-05-01,12603,ChargePoint,181.532,12,32,47,2,3
2021-10-01,10595,ChargePoint,959.6690000000001,47,211,293,4,7
2021-10-01,10576,ChargePoint,603.6580000000001,57,134,150,1,2
2021-09-01,10562,ChargePoint,116.702,24,38,47,1,1
2021-08-01,10562,ChargePoint,186.72000000000006,30,61,66,1,1
2021-08-01,10577,ChargePoint,4755.584000000002,310,903,1628,14,23
2021-07-01,10562,ChargePoint,172.916,26,56,59,1,1
2021-06-01,10562,ChargePoint,183.372,28,59,60,1,1
2021-05-01,10577,ChargePoint,3980.8900000000017,214,754,1333,9,15
2021-05-01,10530,ChargePoint,6.49,4,2,2,1,1
2021-04-01,10530,ChargePoint,0.74,2,0,0,1,1
2021-04-01,10577,ChargePoint,3845.860000000002,215,731,2238,9,13
2021-06-01,14546,ChargePoint,239.63599999999997,20,48,48,2,2
2021-04-01,14546,ChargePoint,18.974,6,4,7,2,2
2021-10-01,14617,ChargePoint,1545.624,190,332,382,11,18
2021-10-01,10032,ChargePoint,453.56999999999994,17,80,180,1,2
2021-10-01,10044,ChargePoint,1271.9060000000004,57,238,253,3,6
2021-06-01,10032,ChargePoint,738.2019999999999,32,119,314,1,2
2021-04-01,12885,ChargePoint,8.014,2,1,1,1,1
2021-03-01,12846,ChargePoint,20.61,6,4,8,1,2
2021-10-01,12814,ChargePoint,1295.1499999999999,88,232,1109,6,12
2021-03-01,12814,ChargePoint,251.12599999999998,10,41,48,3,4
2021-10-01,12983,ChargePoint,523.48,36,111,235,3,5
2021-09-01,13367,ChargePoint,356.6019999999999,12,60,76,1,1
2021-08-01,12449,ChargePoint,578.532,14,92,94,2,2
2021-07-01,12449,ChargePoint,428.18399999999997,10,69,72,2,2
2021-03-01,13753,ChargePoint,7.204,2,1,1,1,1
2021-04-01,10940,ChargePoint,104.256,4,34,42,1,1
2021-03-01,12803,ChargePoint,136.756,4,24,26,1,1
2021-10-01,13210,ChargePoint,613.408,36,110,232,3,6
2021-10-01,12485,ChargePoint,240.72799999999998,29,36,58,2,4
2021-10-01,10024,ChargePoint,1611.4490000000003,95,313,1583,4,8
2021-08-01,11725,ChargePoint,8.93,2,2,2,1,1
2021-08-01,14120,ChargePoint,5.056,2,1,1,1,1
2021-07-01,10530,ChargePoint,20.744,2,6,6,1,1
2021-07-01,10022,ChargePoint,28.824,6,5,5,1,1
2021-03-01,10595,ChargePoint,1489.842,86,267,390,4,6
2021-03-01,13820,ChargePoint,17.21,2,3,3,1,1
2021-06-01,12449,ChargePoint,92.906,10,15,15,2,3
2021-06-01,12207,ChargePoint,6.714,4,2,2,1,1
2021-06-01,12210,ChargePoint,341.23999999999995,8,57,127,1,1
2021-05-01,12210,ChargePoint,363.88599999999997,12,61,130,1,1
2021-04-01,12210,ChargePoint,442.556,10,75,171,1,1
2021-04-01,12209,ChargePoint,5.69,2,2,2,1,1
2021-03-01,12210,ChargePoint,368.50200000000007,12,63,557,1,1
2021-10-01,14086,ChargePoint,486.3439999999999,86,93,103,1,2
2021-10-01,14210,ChargePoint,259.75600000000003,37,84,157,5,8
2021-10-01,14209,ChargePoint,452.04299999999995,14,77,81,1,2
2021-09-01,14209,ChargePoint,199.10999999999999,16,35,39,1,1
2021-08-01,14209,ChargePoint,396.06999999999994,20,67,73,1,2
2021-07-01,14209,ChargePoint,710.69,20,122,168,1,2
2021-05-01,14210,ChargePoint,185.46399999999994,54,116,235,4,5
2021-04-01,14209,ChargePoint,688.4460000000001,26,115,167,1,2
2021-04-01,14611,ChargePoint,76.26,2,14,17,1,1
2021-10-01,14605,ChargePoint,293.945,28,43,119,1,2
2021-07-01,13676,ChargePoint,183.844,54,45,58,2,3
2021-10-01,14760,ChargePoint,221.59999999999997,33,49,55,1,2
2021-04-01,11777,ChargePoint,305.534,44,88,219,1,2
2021-03-01,14120,ChargePoint,12.662,2,3,3,1,1
2021-03-01,13057,ChargePoint,276.538,8,46,66,3,3
2021-03-01,12485,ChargePoint,21.334,8,3,3,1,1
2021-03-01,12953,ChargePoint,38.604,2,6,6,1,1
2021-02-01,11222,ChargePoint,1802.3750000000007,71,321,1565,3,6
2021-02-01,12866,ChargePoint,4745.6169999999975,592,1021,1847,33,51
2021-02-01,11590,ChargePoint,5259.415000000001,388,1029,2064,5,10
2021-02-01,12534,ChargePoint,1579.4339999999997,91,282,438,4,7
2021-02-01,12801,ChargePoint,3885.5970000000016,289,936,2496,13,20
2021-02-01,14432,ChargePoint,329.003,18,62,133,2,4
2021-02-01,10601,ChargePoint,1410.9500000000007,79,271,1288,5,7
2021-02-01,14586,ChargePoint,645.1220000000001,95,227,556,1,2
2021-02-01,13901,ChargePoint,406.437,35,78,263,3,6
2021-02-01,14411,ChargePoint,58.147,7,10,11,1,2
2021-02-01,11754,ChargePoint,116.71500000000002,18,33,118,1,2
2021-02-01,10044,ChargePoint,1773.038,82,331,398,3,4
2021-02-01,12853,ChargePoint,2879.234999999999,226,755,862,3,6
2021-02-01,12997,ChargePoint,987.5120000000002,56,157,203,3,6
2021-02-01,13157,ChargePoint,9.95,2,1,1,1,1
2021-02-01,12946,ChargePoint,1670.7050000000004,216,310,540,13,24
2021-02-01,10605,ChargePoint,515.606,17,86,170,3,4
2021-02-01,11788,ChargePoint,1779.0770000000002,129,317,721,3,5
2021-02-01,11717,ChargePoint,1576.7189999999994,149,356,799,4,8
2021-02-01,12455,ChargePoint,302.863,31,44,57,1,2
2021-02-01,10460,ChargePoint,273.093,41,55,71,3,5
2021-02-01,13655,ChargePoint,81.644,2,12,24,1,1
2021-02-01,11553,ChargePoint,1884.95,126,346,614,5,9
2021-02-01,10021,ChargePoint,1516.7719999999997,85,279,388,2,4
2021-02-01,14221,ChargePoint,1439.7409999999998,182,296,438,5,10
2021-02-01,14445,ChargePoint,255.59699999999995,29,68,71,1,2
2021-02-01,11968,ChargePoint,2336.5169999999994,98,437,773,1,2
2021-02-01,10543,ChargePoint,34.798,2,6,6,1,1
2021-02-01,12065,ChargePoint,2798.656999999999,411,614,792,21,35
2021-02-01,12180,ChargePoint,3180.6519999999996,284,672,1870,16,28
2021-02-01,12804,ChargePoint,1797.234,79,304,492,14,18
2021-02-01,13212,ChargePoint,819.9229999999999,38,152,165,1,2
2021-02-01,14617,ChargePoint,456.576,79,112,134,8,12
2021-02-01,12970,ChargePoint,414.7169999999998,39,102,115,4,6
2021-02-01,10032,ChargePoint,630.4749999999999,24,128,263,1,2
2021-02-01,12020,ChargePoint,2244.009000000001,297,508,773,10,17
2021-02-01,12601,ChargePoint,560.7639999999999,55,148,362,11,12
2021-02-01,13208,ChargePoint,15.315999999999999,4,2,3,3,3
2021-02-01,12010,ChargePoint,20.36,5,6,12,3,4
2021-02-01,10461,ChargePoint,403.49100000000004,51,92,149,1,2
2021-02-01,13027,ChargePoint,349.72799999999995,45,85,302,3,6
2021-02-01,11050,ChargePoint,339.93499999999995,39,113,266,3,4
2021-02-01,13367,ChargePoint,453.8510000000001,44,77,78,1,2
2021-02-01,10017,ChargePoint,581.392,58,191,1971,9,10
2021-02-01,11747,ChargePoint,669.401,27,122,175,2,4
2021-02-01,10901,ChargePoint,159.214,13,38,60,3,5
2021-02-01,11530,ChargePoint,2048.0560000000005,176,455,793,11,18
2021-02-01,13088,ChargePoint,1469.8160000000012,169,309,459,6,10
2021-02-01,13905,ChargePoint,165.58100000000002,23,55,82,3,3
2021-02-01,14513,ChargePoint,637.4169999999999,70,150,426,9,12
2021-02-01,11030,ChargePoint,1052.5799999999997,58,203,337,2,4
2021-02-01,14433,ChargePoint,242.979,21,79,114,1,1
2021-02-01,14456,ChargePoint,1662.8,88,301,406,4,7
2021-02-01,14527,ChargePoint,191.52,29,53,85,1,2
2021-02-01,12603,ChargePoint,307.11400000000003,20,59,64,2,3
2021-02-01,10708,ChargePoint,2667.5399999999995,153,514,948,6,9
2021-02-01,11740,ChargePoint,34.476,10,7,7,1,1
2021-02-01,10520,ChargePoint,616.9359999999998,63,152,606,3,6
2021-02-01,14420,ChargePoint,199.28300000000002,21,45,46,3,5
2021-02-01,11550,ChargePoint,966.085,92,212,329,3,6
2021-02-01,12485,ChargePoint,8.888,4,1,1,1,1
2021-02-01,12414,ChargePoint,61.15299999999999,5,10,10,1,2
2021-02-01,13617,ChargePoint,595.1379999999998,96,169,279,3,5
2021-02-01,12159,ChargePoint,526.292,25,97,600,3,5
2021-02-01,12803,ChargePoint,19.334,2,4,4,1,1
2021-02-01,10926,ChargePoint,26.587,4,5,5,1,1
2021-02-01,13478,ChargePoint,60.016999999999996,8,11,18,2,3
2021-02-01,12401,ChargePoint,3489.8840000000005,334,821,6470,16,30
2021-02-01,12477,ChargePoint,801.0750000000005,125,224,367,5,9
2021-02-01,12498,ChargePoint,466.02400000000006,74,108,128,1,2
2021-02-01,12525,ChargePoint,128.994,16,20,20,2,3
2021-02-01,12561,ChargePoint,842.9780000000001,86,164,294,11,20
2021-02-01,12528,ChargePoint,290.398,10,53,63,3,5
2021-02-01,12484,ChargePoint,29.669999999999998,3,6,8,1,1
2021-02-01,12428,ChargePoint,149.584,7,25,30,1,2
2021-02-01,14226,ChargePoint,811.1740000000001,52,157,176,6,11
2021-02-01,14127,ChargePoint,999.081,113,224,303,7,8
2021-02-01,14086,ChargePoint,591.4670000000001,41,99,115,1,2
2021-02-01,14214,ChargePoint,1576.6149999999996,105,325,413,8,16
2021-02-01,14209,ChargePoint,497.9599999999999,22,86,103,3,5
2021-02-01,14228,ChargePoint,4119.5300000000025,484,914,2554,11,21
2021-02-01,14150,ChargePoint,281.881,44,50,51,3,5
2021-02-01,14139,ChargePoint,160.21800000000002,9,32,32,1,2
2021-02-01,14203,ChargePoint,468.10899999999987,69,116,163,2,3
2021-02-01,14075,ChargePoint,291.976,15,51,94,2,4
2021-02-01,14222,ChargePoint,1397.7250000000006,101,292,468,2,4
2021-02-01,14202,ChargePoint,23.396,3,4,4,1,1
2021-02-01,12189,ChargePoint,2039.1510000000005,119,420,1813,7,11
2021-02-01,12203,ChargePoint,4541.012000000001,413,959,1187,14,22
2021-02-01,12208,ChargePoint,3417.0020000000004,162,719,2039,3,5
2021-02-01,12054,ChargePoint,785.1400000000004,126,180,223,11,17
2021-02-01,12110,ChargePoint,1157.9020000000005,209,238,303,9,14
2021-02-01,12205,ChargePoint,1592.7239999999993,161,345,401,13,19
2021-02-01,12206,ChargePoint,890.8729999999998,148,188,326,2,4
2021-02-01,12204,ChargePoint,230.25399999999993,54,78,381,5,8
2021-01-01,12065,ChargePoint,2431.3549999999996,315,540,711,20,30
2021-02-01,12077,ChargePoint,1082.8700000000001,148,220,279,2,4
2021-02-01,12144,ChargePoint,224.33600000000004,73,56,73,2,4
2021-02-01,12302,ChargePoint,209.32399999999993,76,47,48,6,10
2021-02-01,12304,ChargePoint,868.244,113,166,185,3,6
2021-03-01,13676,ChargePoint,219.46999999999994,80,42,115,2,4
2021-02-01,12084,ChargePoint,197.37099999999998,21,63,69,1,2
2021-02-01,14304,ChargePoint,311.362,45,57,57,1,2
2021-02-01,14760,ChargePoint,117.95600000000002,18,24,29,1,2
2021-02-01,14303,ChargePoint,555.2959999999999,89,170,334,4,6
2021-02-01,13676,ChargePoint,435.77299999999997,74,134,346,2,4
2021-02-01,12305,ChargePoint,2080.52,91,414,600,2,4
2021-02-01,12047,ChargePoint,125.94599999999998,32,39,52,4,6
2021-02-01,11777,ChargePoint,179.78899999999996,26,56,124,1,2
2021-02-01,13502,ChargePoint,416.832,49,85,113,1,2
2021-02-01,14216,ChargePoint,460.35200000000015,74,123,136,1,2
2021-02-01,14623,ChargePoint,4315.6720000000005,345,1028,1587,8,14
2021-02-01,14604,ChargePoint,3024.833,262,739,1599,4,8
2021-02-01,14614,ChargePoint,2542.449999999999,196,579,1356,3,6
2021-02-01,14626,ChargePoint,2800.179,188,643,1321,5,10
2021-02-01,14621,ChargePoint,4003.694000000003,344,1325,2916,10,18
2021-02-01,14612,ChargePoint,184.21299999999997,57,55,58,4,8
2021-02-01,14620,ChargePoint,864.1610000000003,62,162,240,1,2
2021-02-01,14605,ChargePoint,707.8469999999998,81,126,151,1,2
2021-02-01,14642,ChargePoint,947.8600000000002,78,213,487,1,2
2021-03-01,11766,ChargePoint,5.06,2,2,2,1,1
2021-03-01,13045,ChargePoint,30.234,8,9,18,2,3
2021-02-01,12901,ChargePoint,372.059,17,68,88,4,4
2021-02-01,13601,ChargePoint,118.34699999999998,13,27,28,2,2
2021-02-01,11772,ChargePoint,135.54,32,26,42,1,2
2021-02-01,13045,ChargePoint,9.611999999999998,3,2,2,1,2
2021-02-01,12814,ChargePoint,327.72,17,55,77,5,7
2021-02-01,10468,ChargePoint,355.537,9,58,70,2,2
2021-02-01,12061,ChargePoint,13.804,3,4,5,1,2
2021-02-01,12037,ChargePoint,63.469,14,17,29,1,2
2021-02-01,12583,ChargePoint,16.011000000000003,6,3,4,1,2
2021-02-01,12309,ChargePoint,470.2649999999999,74,117,342,5,7
2021-02-01,12834,ChargePoint,63.85,11,14,19,2,4
2021-02-01,11766,ChargePoint,0.846,2,0,0,1,1
2021-02-01,14850,ChargePoint,111.11300000000001,15,22,26,2,2
2021-02-01,12571,ChargePoint,553.1740000000002,80,108,201,4,8
2021-02-01,12308,ChargePoint,564.5630000000001,41,115,223,4,5
2021-01-01,12485,ChargePoint,139.678,2,23,28,1,1
2021-03-01,12443,ChargePoint,106.05000000000001,6,15,17,1,1
2021-02-01,14059,ChargePoint,38.602000000000004,9,12,14,1,2
2021-02-01,12202,ChargePoint,102.78400000000002,32,22,40,1,2
2021-02-01,12211,ChargePoint,44.768,18,10,11,6,7
2021-02-01,14607,ChargePoint,431.82999999999987,34,107,223,5,9
2021-02-01,14627,ChargePoint,572.5340000000001,50,126,209,1,1
2021-03-01,10577,ChargePoint,2962.9919999999984,150,548,977,6,10
2021-02-01,10577,ChargePoint,1450.1499999999999,75,294,522,4,7
2021-03-01,14210,ChargePoint,39.514,8,16,29,2,2
2021-03-01,11901,ChargePoint,3118.594000000001,184,523,1090,1,2
2021-03-01,11570,ChargePoint,1004.476,86,198,286,1,2
2021-03-01,11797,ChargePoint,817.7259999999998,50,162,253,1,2
2021-03-01,10562,ChargePoint,55.949999999999996,7,18,18,1,1
2021-03-01,11952,ChargePoint,594.8859999999999,140,280,1515,1,2
2021-03-01,11556,ChargePoint,1573.0939999999998,30,279,301,1,2
2021-02-01,11952,ChargePoint,233.49400000000003,67,202,1277,1,2
2021-02-01,11901,ChargePoint,1533.2130000000002,95,278,627,1,2
2021-02-01,11797,ChargePoint,269.07,21,55,88,1,2
2021-02-01,11570,ChargePoint,546.2800000000001,33,107,164,1,2
2021-02-01,11556,ChargePoint,942.9239999999998,27,167,197,1,2
2021-02-01,10562,ChargePoint,8.019,1,3,3,1,1
2021-02-01,12095,ChargePoint,41.623,7,12,27,2,2
2021-03-01,11109,ChargePoint,1384.8199999999997,54,233,305,1,2
2021-03-01,10012,ChargePoint,1612.4970000000003,45,266,689,1,2
2021-03-01,11229,ChargePoint,1829.2619999999997,100,331,379,1,2
2021-03-01,11201,ChargePoint,26.988,2,9,10,1,1
2021-02-01,11229,ChargePoint,670.92,47,125,157,1,2
2021-02-01,10012,ChargePoint,458.612,15,75,226,1,2
2021-02-01,10282,ChargePoint,11.833,1,2,2,1,1
2021-02-01,12449,ChargePoint,5.596,3,1,1,1,1
2021-02-01,11109,ChargePoint,672.703,20,109,126,1,2
2021-03-01,13204,ChargePoint,118.83200000000001,20,45,150,1,1
2021-03-01,11102,ChargePoint,822.072,36,124,643,1,1
2021-03-01,12078,ChargePoint,602.544,22,105,123,1,1
2021-03-01,10001,ChargePoint,2226.262,66,355,437,2,2
2021-03-01,13340,ChargePoint,124.77399999999997,20,35,521,3,3
2021-03-01,13148,ChargePoint,68.541,22,11,24,2,2
2021-03-01,10280,ChargePoint,20.692,2,4,6,1,1
2021-03-01,11238,ChargePoint,14.954,2,2,2,1,1
2021-03-01,10282,ChargePoint,1.94,2,0,0,1,1
2021-03-01,14546,ChargePoint,24.104,2,4,4,1,1
2021-02-01,13204,ChargePoint,82.118,17,29,624,3,3
2021-02-01,10960,ChargePoint,624.187,20,103,220,2,2
2021-02-01,13340,ChargePoint,88.39500000000001,10,70,946,3,3
2021-02-01,10952,ChargePoint,742.5039999999999,63,151,173,2,3
2021-02-01,10522,ChargePoint,141.63,3,20,21,1,2
2021-02-01,10001,ChargePoint,1040.083,36,163,253,2,2
2021-02-01,14606,ChargePoint,343.211,6,185,1298,2,2
2021-02-01,14546,ChargePoint,29.936,3,5,5,1,1
2021-02-01,13148,ChargePoint,38.103,9,7,13,2,2
2021-02-01,11102,ChargePoint,382.69100000000003,18,58,293,1,1
2021-02-01,12078,ChargePoint,484.493,8,81,98,1,1
2021-02-01,14608,ChargePoint,152.415,3,98,526,1,1
2021-09-01,11238,ChargePoint,39.208,8,7,7,1,2
2021-08-01,11238,ChargePoint,119.35799999999999,28,22,23,1,2
2021-08-01,10280,ChargePoint,21.458,2,7,8,1,1
2021-08-01,14063,ChargePoint,0.0,22,0,0,1,2
2021-07-01,11238,ChargePoint,92.476,10,16,17,1,2
2021-07-01,10280,ChargePoint,125.92999999999999,6,23,24,1,2
2021-07-01,11201,ChargePoint,94.88400000000001,6,25,36,1,2
2021-06-01,10282,ChargePoint,0.074,2,0,0,1,2
2021-06-01,11201,ChargePoint,90.57400000000001,16,16,29,1,2
2021-06-01,11238,ChargePoint,10.806000000000001,10,2,2,1,1
2021-05-01,11201,ChargePoint,163.904,6,31,39,1,1
2021-05-01,14063,ChargePoint,0.0,14,0,0,1,2
2021-05-01,11238,ChargePoint,35.346000000000004,14,10,10,1,2
2021-05-01,10282,ChargePoint,39.720000000000006,3,7,13,1,1
2021-04-01,10012,ChargePoint,1119.2839999999997,37,185,575,1,2
2021-04-01,11238,ChargePoint,11.620000000000001,4,2,2,1,1
2021-04-01,12449,ChargePoint,26.172,4,4,4,1,1
2021-04-01,11201,ChargePoint,36.13,6,8,8,1,1
2021-04-01,10282,ChargePoint,41.423,2,7,20,1,2
2021-03-01,12449,ChargePoint,23.122,10,7,7,1,2
2021-10-01,11109,ChargePoint,998.9100000000002,48,173,182,1,2
2021-09-01,11109,ChargePoint,1247.22,62,204,212,1,2
2021-08-01,11109,ChargePoint,1660.638,64,287,329,1,2
2021-07-01,11109,ChargePoint,1615.8719999999998,54,266,333,1,2
2021-06-01,11109,ChargePoint,2148.5860000000002,82,358,404,1,2
2021-05-01,11109,ChargePoint,1573.118,60,267,301,1,2
2021-04-01,11109,ChargePoint,1775.2439999999997,50,293,331,1,2
2021-10-01,11229,ChargePoint,1302.7309999999998,78,238,288,1,1
2021-09-01,11229,ChargePoint,3070.9060000000013,186,559,621,1,2
2021-08-01,11229,ChargePoint,3836.1740000000023,172,699,803,1,2
2021-07-01,11229,ChargePoint,1667.1460000000004,120,321,360,1,2
2021-06-01,11229,ChargePoint,1343.5300000000002,122,243,283,1,2
2021-05-01,11229,ChargePoint,1203.0039999999997,90,213,256,1,2
2021-04-01,11229,ChargePoint,865.7339999999997,62,161,176,1,2
2021-10-01,11952,ChargePoint,189.59100000000004,40,112,1218,1,2
2021-09-01,11952,ChargePoint,510.73999999999984,110,263,2190,1,2
2021-09-01,10522,ChargePoint,357.49999999999994,52,63,72,1,2
2021-09-01,11742,ChargePoint,294.4700000000001,64,151,575,2,4
2021-08-01,11952,ChargePoint,514.8600000000001,112,239,1894,1,2
2021-08-01,11362,ChargePoint,16.186,6,3,4,1,2
2021-08-01,11742,ChargePoint,306.75800000000015,74,157,707,2,4
2021-08-01,10522,ChargePoint,484.1519999999999,24,72,78,1,2
2021-08-01,13408,ChargePoint,15.190000000000001,4,5,11,1,2
2021-07-01,11952,ChargePoint,485.46399999999994,102,246,2353,1,2
2021-07-01,10522,ChargePoint,930.9040000000002,48,142,225,1,2
2021-07-01,11742,ChargePoint,182.43,44,69,151,2,3
2021-07-01,11958,ChargePoint,233.13600000000002,16,38,42,1,2
2021-07-01,13408,ChargePoint,41.84400000000001,6,11,11,1,2
2021-06-01,10522,ChargePoint,426.454,24,64,75,1,2
2021-06-01,11952,ChargePoint,631.282,122,285,2222,1,2
2021-06-01,11958,ChargePoint,443.96000000000004,18,72,75,1,2
2021-06-01,13408,ChargePoint,77.264,6,13,13,1,2
2021-05-01,11952,ChargePoint,341.8540000000001,74,146,1181,1,2
2021-05-01,13408,ChargePoint,116.86600000000001,4,20,23,1,1
2021-05-01,11958,ChargePoint,117.84800000000001,8,22,23,1,2
2021-05-01,10522,ChargePoint,67.97,8,16,17,1,2
2021-05-01,11742,ChargePoint,22.858,14,6,6,2,3
2021-04-01,11952,ChargePoint,532.4819999999999,126,257,1870,1,2
2021-04-01,11958,ChargePoint,17.17,16,3,3,1,2
2021-04-01,12095,ChargePoint,202.72400000000002,28,56,149,3,4
2021-04-01,10562,ChargePoint,47.559000000000005,7,16,16,1,1
2021-04-01,13408,ChargePoint,22.339999999999996,6,5,5,1,2
2021-03-01,13408,ChargePoint,8.422,2,3,3,1,1
2021-10-01,11556,ChargePoint,1110.9389999999996,69,245,288,1,2
2021-09-01,11556,ChargePoint,1995.464,148,458,516,1,2
2021-09-01,11570,ChargePoint,2094.1619999999994,126,390,455,1,2
2021-09-01,11797,ChargePoint,727.8040000000001,86,145,237,1,2
2021-08-01,11556,ChargePoint,1913.9239999999998,110,440,505,1,2
2021-08-01,11570,ChargePoint,1477.31,96,279,348,1,2
2021-08-01,11797,ChargePoint,854.7459999999999,78,195,366,1,2
2021-07-01,11570,ChargePoint,1211.6020000000005,92,238,337,1,2
2021-07-01,11556,ChargePoint,1404.5499999999995,80,332,375,1,2
2021-07-01,11797,ChargePoint,742.55,66,153,306,1,2
2021-06-01,11556,ChargePoint,1331.0059999999996,52,287,312,1,2
2021-06-01,11797,ChargePoint,951.4280000000002,78,192,282,1,2
2021-06-01,11570,ChargePoint,1535.6360000000004,96,296,389,1,2
2021-05-01,11797,ChargePoint,1261.9100000000005,140,303,511,1,2
2021-05-01,11556,ChargePoint,1367.4779999999996,86,332,399,1,2
2021-05-01,11570,ChargePoint,1449.554,92,274,373,1,2
2021-04-01,11570,ChargePoint,1318.0920000000003,82,251,357,1,2
2021-04-01,11797,ChargePoint,992.3640000000001,76,228,354,1,2
2021-04-01,11556,ChargePoint,1335.1960000000006,88,287,418,1,2
2021-10-01,11901,ChargePoint,3112.344000000002,188,552,998,3,6
2021-05-01,11901,ChargePoint,3721.9659999999994,220,638,1733,2,4
2021-04-01,11901,ChargePoint,3333.1059999999993,182,553,1107,1,2
2021-10-01,11102,ChargePoint,496.1310000000001,25,76,412,1,1
2021-09-01,10591,ChargePoint,1928.5160000000005,52,292,957,5,5
2021-09-01,11102,ChargePoint,780.786,40,119,585,1,1
2021-08-01,10591,ChargePoint,1763.0400000000002,62,268,853,5,5
2021-07-01,11102,ChargePoint,564.238,24,86,358,1,1
2021-06-01,11102,ChargePoint,864.9859999999996,40,133,502,1,1
2021-05-01,11102,ChargePoint,841.0599999999997,36,127,461,1,1
2021-04-01,11102,ChargePoint,801.478,40,122,565,1,1
2021-10-01,10954,ChargePoint,762.3320000000001,31,103,185,1,1
2021-09-01,10954,ChargePoint,2001.4399999999996,62,273,484,1,1
2021-08-01,10954,ChargePoint,673.2839999999999,18,99,147,1,1
2021-07-01,10591,ChargePoint,1450.5219999999995,46,218,651,4,4
2021-06-01,10591,ChargePoint,1080.0539999999996,46,163,500,5,5
2021-09-01,12009,ChargePoint,411.8260000000001,28,56,56,7,7
2021-08-01,12009,ChargePoint,452.156,14,61,61,2,2
2021-09-01,11201,ChargePoint,15.914,2,3,3,1,1
2021-08-01,11201,ChargePoint,100.912,8,22,23,1,1
2021-07-01,10282,ChargePoint,14.204,3,2,2,1,1
2021-06-01,10280,ChargePoint,47.334,2,8,8,1,1
2021-10-01,10952,ChargePoint,1299.0400000000002,62,232,306,2,3
2021-10-01,11433,ChargePoint,227.684,23,42,106,3,3
2021-09-01,11433,ChargePoint,137.73000000000002,14,28,75,2,2
2021-08-01,11433,ChargePoint,442.6240000000001,40,78,200,3,3
2021-07-01,11433,ChargePoint,126.92999999999999,12,22,58,2,2
2021-06-01,11433,ChargePoint,24.556,2,4,12,1,1
2021-09-01,13340,ChargePoint,652.8659999999999,48,132,932,2,2
2021-09-01,13204,ChargePoint,8.328,4,3,42,1,1
2021-08-01,13340,ChargePoint,414.6,92,99,536,3,3
2021-07-01,13340,ChargePoint,174.11799999999997,22,38,775,3,3
2021-07-01,13204,ChargePoint,222.71,28,49,138,3,3
2021-06-01,13340,ChargePoint,300.446,32,77,805,2,2
2021-06-01,13204,ChargePoint,238.84599999999998,38,58,314,3,3
2021-05-01,13340,ChargePoint,198.90200000000004,26,53,710,2,2
2021-05-01,13204,ChargePoint,208.84999999999997,23,49,808,3,3
2021-04-01,13204,ChargePoint,206.797,25,52,1245,3,3
2021-04-01,13340,ChargePoint,197.62799999999996,28,55,757,3,3
2021-09-01,14606,ChargePoint,191.26399999999995,10,55,323,2,2
2021-09-01,10960,ChargePoint,137.336,4,23,52,1,1
2021-09-01,14215,ChargePoint,35.296,6,7,137,1,1
2021-08-01,14606,ChargePoint,260.66399999999993,18,131,1288,4,4
2021-08-01,14215,ChargePoint,86.05,10,14,335,1,1
2021-08-01,14608,ChargePoint,316.95200000000006,16,52,128,1,1
2021-07-01,14606,ChargePoint,222.77800000000002,14,65,602,1,1
2021-07-01,14215,ChargePoint,49.922,8,8,20,1,1
2021-07-01,14608,ChargePoint,305.746,20,49,183,1,1
2021-06-01,14606,ChargePoint,137.664,14,37,604,1,1
2021-06-01,14215,ChargePoint,37.206,4,6,11,1,1
2021-05-01,14606,ChargePoint,68.49000000000001,6,23,188,2,2
2021-04-01,14606,ChargePoint,162.762,6,59,745,2,2
2021-09-01,10001,ChargePoint,1791.9039999999998,50,279,321,2,2
2021-08-01,10001,ChargePoint,1842.1740000000007,50,289,334,2,2
2021-07-01,10001,ChargePoint,1824.212,48,285,368,2,2
2021-06-01,10001,ChargePoint,2038.4659999999994,58,326,423,2,2
2021-05-01,10001,ChargePoint,1812.304,56,285,359,2,2
2021-04-01,10001,ChargePoint,1359.34,38,211,266,2,2
2021-10-01,12078,ChargePoint,310.237,33,67,103,1,2
2021-10-01,11362,ChargePoint,322.327,9,53,60,1,1
2021-09-01,12078,ChargePoint,261.2,28,62,94,1,1
2021-09-01,11362,ChargePoint,232.86599999999999,10,39,43,2,2
2021-08-01,12078,ChargePoint,382.75000000000006,30,67,99,1,2
2021-07-01,12078,ChargePoint,122.476,2,21,26,1,1
2021-06-01,12078,ChargePoint,623.4860000000001,20,108,127,1,1
2021-06-01,13676,ChargePoint,0.0,28,0,1,1,2
2021-05-01,12078,ChargePoint,518.574,12,88,93,1,1
2021-04-01,10522,ChargePoint,155.88400000000001,22,27,32,1,2
2021-04-01,12078,ChargePoint,399.704,16,67,69,1,1
2021-04-01,13676,ChargePoint,0.0,30,0,4,1,2
2021-03-01,10522,ChargePoint,33.232,2,5,5,1,1
2021-10-01,11742,ChargePoint,133.22199999999998,24,71,172,2,2
2021-08-01,11958,ChargePoint,119.384,8,20,55,1,1
2021-06-01,11742,ChargePoint,13.922,2,4,183,1,1
2021-04-01,11742,ChargePoint,6.55,2,2,2,1,1
2021-10-01,11101,ChargePoint,104.25699999999999,5,17,20,1,1
2021-09-01,11803,ChargePoint,79.256,2,13,13,1,1
2021-08-01,11101,ChargePoint,193.18800000000002,8,31,32,1,1
2021-07-01,11803,ChargePoint,6.832,2,2,2,1,1
2021-04-01,14210,ChargePoint,21.549999999999997,8,7,19,2,3
2021-09-01,11101,ChargePoint,80.00599999999999,4,13,14,1,1
2021-09-01,13202,ChargePoint,786.2000000000004,90,185,322,4,7
2021-08-01,13202,ChargePoint,850.654,118,184,301,3,6
2021-07-01,13202,ChargePoint,894.2879999999999,116,209,392,3,6
2021-06-01,13202,ChargePoint,267.692,46,53,64,3,6
2021-05-01,13202,ChargePoint,261.41400000000004,46,45,55,3,5
2021-04-01,13202,ChargePoint,184.42399999999998,22,32,38,3,5
2021-10-01,10577,ChargePoint,6076.307000000005,365,1168,1956,15,28
2021-10-01,12206,ChargePoint,1127.5499999999995,224,231,352,3,6
2018-07-01,10027,ChargePoint,865.5039999999998,75,221,359,6,10
2017-12-01,12203,ChargePoint,742.305,105,229,380,4,6
2017-12-01,10601,ChargePoint,2295.9390000000008,99,524,2439,5,10
2017-12-01,14617,ChargePoint,864.5350000000002,92,197,347,3,6
2017-12-01,13788,ChargePoint,19.053,5,8,9,1,1
2017-12-01,10605,ChargePoint,320.819,45,108,342,3,5
2017-12-01,12571,ChargePoint,368.0739999999999,62,97,158,3,6
2017-12-01,14614,ChargePoint,1261.6209999999999,189,353,667,3,6
2017-12-01,11030,ChargePoint,3771.4310000000028,298,830,1802,4,8
2014-02-01,14607,ChargePoint,0.0,19,0,0,2,4
2020-12-01,10027,ChargePoint,1476.7900000000004,74,329,641,5,10
2020-11-01,10027,ChargePoint,1814.392,89,381,799,5,9
2020-10-01,10027,ChargePoint,2167.6590000000006,110,470,919,4,8
2020-09-01,10027,ChargePoint,1977.1509999999994,94,421,810,5,9
2020-08-01,10027,ChargePoint,1594.448,63,326,681,5,9
2020-07-01,10027,ChargePoint,1029.864,40,213,446,5,7
2020-06-01,10027,ChargePoint,1186.7749999999996,44,238,531,4,6
2020-03-01,10027,ChargePoint,1838.7659999999998,87,386,728,5,9
2020-02-01,10027,ChargePoint,2605.5619999999994,142,572,1047,5,9
2020-01-01,10027,ChargePoint,2233.0469999999996,131,488,975,5,9
2019-12-01,10027,ChargePoint,1853.588,102,405,818,5,10
2019-11-01,10027,ChargePoint,2324.1639999999993,133,510,1056,5,9
2019-03-01,10027,ChargePoint,1897.5769999999995,133,442,959,5,10
2019-02-01,10027,ChargePoint,1726.0350000000008,118,407,808,5,10
2019-01-01,10027,ChargePoint,1706.4019999999996,119,431,843,5,9
2018-12-01,10027,ChargePoint,1352.3809999999994,99,333,631,5,9
2018-11-01,10027,ChargePoint,1755.4809999999995,116,419,824,5,10
2019-10-01,10027,ChargePoint,2313.975,149,504,1077,5,10
2019-09-01,10027,ChargePoint,1883.8850000000014,126,433,1074,5,9
2019-08-01,10027,ChargePoint,1988.6200000000001,116,478,1267,3,6
2019-07-01,10027,ChargePoint,1291.0580000000002,75,284,534,3,6
2019-06-01,10027,ChargePoint,1412.720000000001,87,329,555,3,6
2019-05-01,10027,ChargePoint,2112.8970000000004,136,502,967,5,10
2019-04-01,10027,ChargePoint,2298.9239999999995,141,527,984,5,9
2018-10-01,10027,ChargePoint,1838.0119999999993,143,479,808,5,9
2018-09-01,10027,ChargePoint,1905.2490000000005,144,482,732,5,9
2018-08-01,10027,ChargePoint,1405.6820000000002,113,337,527,5,8
2018-12-01,14228,ChargePoint,2522.017,277,555,1209,2,4
2014-02-01,11570,ChargePoint,21.525,16,5,16,1,2
2020-03-01,12401,ChargePoint,8254.012000000004,824,1944,14883,17,33
2020-03-01,11971,ChargePoint,273.72,44,68,1286,1,1
2020-03-01,12180,ChargePoint,3707.2899999999977,527,858,2179,13,24
2020-03-01,12208,ChargePoint,2468.649999999999,289,674,2498,3,5
2020-03-01,14606,ChargePoint,438.0680000000001,30,170,1838,4,4
2020-03-01,13901,ChargePoint,303.2459999999999,26,65,360,1,2
2020-03-01,14608,ChargePoint,1066.0339999999999,34,207,787,1,1
2020-03-01,10601,ChargePoint,2650.817000000002,159,566,2540,4,7
2020-03-01,10605,ChargePoint,2098.7450000000013,96,375,787,5,10
2020-03-01,12866,ChargePoint,5311.438000000005,848,1222,2436,21,35
2020-03-01,11590,ChargePoint,3476.349999999997,388,700,1420,5,10
2020-03-01,10282,ChargePoint,374.95700000000005,11,63,87,1,2
2020-03-01,14221,ChargePoint,1439.5089999999998,230,324,473,3,5
2020-03-01,14228,ChargePoint,5179.422999999997,647,1133,1810,4,6
2020-03-01,12561,ChargePoint,3886.007000000003,446,904,1800,12,22
2020-03-01,12047,ChargePoint,482.1120000000001,32,98,169,5,7
2020-03-01,14612,ChargePoint,630.6980000000001,112,154,170,2,4
2020-03-01,14623,ChargePoint,4780.199000000006,519,1159,1977,8,16
2020-03-01,12065,ChargePoint,4849.948000000003,792,1186,2139,22,37
2020-03-01,12309,ChargePoint,1026.8719999999998,140,217,804,5,5
2020-03-01,12496,ChargePoint,367.26800000000003,54,64,83,1,2
2020-03-01,10520,ChargePoint,804.1679999999997,96,222,1230,3,5
2020-03-01,14614,ChargePoint,3051.693999999999,324,807,1742,3,6
2020-03-01,13027,ChargePoint,875.4830000000004,76,199,438,3,6
2020-03-01,14203,ChargePoint,2564.2159999999994,168,531,946,1,2
2019-03-01,14606,ChargePoint,104.97800000000001,5,44,698,3,3
2019-03-01,12401,ChargePoint,5398.494999999997,556,1282,6992,13,26
2019-03-01,14608,ChargePoint,157.333,8,59,420,1,1
2019-02-01,14606,ChargePoint,190.25300000000001,2,83,452,2,2
2019-03-01,11971,ChargePoint,325.0230000000001,44,73,522,1,1
2019-03-01,14623,ChargePoint,3828.5399999999986,430,987,1613,6,12
2019-03-01,14604,ChargePoint,3330.5579999999986,492,937,1926,4,8
2019-03-01,12180,ChargePoint,846.4609999999998,112,165,1188,4,7
2019-03-01,11030,ChargePoint,5179.634999999997,408,1118,2413,4,8
2019-03-01,11201,ChargePoint,55.001,1,9,10,1,1
2019-03-01,10601,ChargePoint,2591.9719999999993,182,602,2227,5,10
2019-03-01,11706,ChargePoint,1071.9379999999999,73,238,576,1,2
2019-03-01,14614,ChargePoint,2086.1219999999985,286,563,1054,3,6
2019-03-01,10010,ChargePoint,493.15799999999996,18,83,119,1,2
2019-03-01,12084,ChargePoint,1332.7269999999996,179,273,335,5,7
2019-03-01,10605,ChargePoint,1354.0020000000004,79,334,533,3,6
2018-03-01,12401,ChargePoint,2520.8530000000005,285,692,3170,11,21
2018-03-01,14604,ChargePoint,2052.826000000001,349,674,1804,4,8
2018-03-01,11030,ChargePoint,3762.235000000003,287,837,1650,4,8
2018-03-01,12477,ChargePoint,338.1,11,59,75,1,1
2018-03-01,14614,ChargePoint,1878.02,268,529,996,3,6
2018-03-01,10010,ChargePoint,640.3679999999999,21,107,165,1,2
2017-03-01,12401,ChargePoint,1275.6989999999996,169,435,2721,7,13
2017-03-01,14604,ChargePoint,1591.1079999999995,298,575,1929,4,7
2017-03-01,11937,ChargePoint,602.697,40,155,742,1,2
2017-03-01,14063,ChargePoint,61.742000000000004,2,10,13,1,1
2017-03-01,12901,ChargePoint,230.83300000000006,29,58,63,1,2
2017-03-01,12561,ChargePoint,363.38599999999985,61,126,195,3,6
2017-03-01,14617,ChargePoint,466.5419999999999,64,109,123,2,4
2017-03-01,11550,ChargePoint,477.11100000000005,134,151,375,2,4
2017-03-01,14850,ChargePoint,477.2560000000001,70,138,177,3,5
2017-03-01,11743,ChargePoint,787.9599999999996,97,212,594,2,4
2017-03-01,14127,ChargePoint,180.16399999999996,20,60,98,1,2
2017-03-01,10280,ChargePoint,340.1280000000001,17,65,166,1,2
2017-03-01,11030,ChargePoint,3365.585000000001,202,663,1493,4,8
2017-03-01,12203,ChargePoint,459.7209999999998,82,164,237,4,5
2017-03-01,11553,ChargePoint,134.90699999999998,26,46,161,1,2
2017-03-01,11788,ChargePoint,147.045,34,36,37,1,2
2017-03-01,14623,ChargePoint,2112.150000000002,261,578,1236,5,10
2016-03-01,11901,ChargePoint,1160.553,114,281,1272,3,4
2016-03-01,10577,ChargePoint,1434.9640000000004,165,358,815,7,11
2016-03-01,10601,ChargePoint,2390.099000000001,129,558,1757,5,9
2016-03-01,11030,ChargePoint,853.7959999999995,119,390,1088,3,6
2016-03-01,11706,ChargePoint,289.637,42,90,263,2,4
2015-11-01,11030,ChargePoint,709.471,81,237,589,3,6
2015-11-01,10026,ChargePoint,186.24400000000003,26,68,184,2,2
2015-11-01,11550,ChargePoint,267.572,48,101,433,2,4
2015-11-01,10027,ChargePoint,136.494,13,44,103,1,1
2015-11-01,10577,ChargePoint,918.0179999999996,108,265,771,7,11
2015-11-01,14456,ChargePoint,106.78299999999997,17,35,103,2,3
2015-11-01,11743,ChargePoint,812.2500000000001,74,203,541,2,4
2015-11-01,12180,ChargePoint,624.9459999999998,55,141,254,2,4
2015-11-01,14614,ChargePoint,909.1880000000004,176,281,589,3,6
2015-11-01,12144,ChargePoint,198.46699999999998,40,67,195,1,2
2015-11-01,14623,ChargePoint,850.9749999999997,170,306,856,5,10
2015-11-01,10460,ChargePoint,301.3450000000001,40,88,187,2,3
2015-11-01,11901,ChargePoint,699.0769999999999,74,154,339,3,6
2015-11-01,14850,ChargePoint,373.366,41,111,205,3,5
2015-11-01,12110,ChargePoint,427.7660000000001,45,127,229,2,4
2015-11-01,11738,ChargePoint,462.27700000000004,63,129,286,2,4
2015-11-01,11530,ChargePoint,236.98200000000006,45,79,148,3,6
2015-11-01,11570,ChargePoint,999.5880000000003,73,195,273,1,2
2015-11-01,10019,ChargePoint,363.201,19,87,100,1,1
2015-11-01,12401,ChargePoint,221.57100000000003,44,54,75,6,9
2015-11-01,12095,ChargePoint,35.988,4,14,41,1,1
2015-11-01,14604,ChargePoint,815.6349999999996,144,263,479,4,8
2015-11-01,12203,ChargePoint,332.35099999999994,50,101,198,3,5
2015-11-01,11747,ChargePoint,86.21699999999998,10,21,30,2,4
2015-11-01,11717,ChargePoint,678.797,76,180,272,2,4
2015-03-01,14614,ChargePoint,566.607,127,211,624,3,6
2015-03-01,12496,ChargePoint,722.983,26,134,191,1,2
2015-03-01,14612,ChargePoint,470.01999999999987,107,154,213,2,4
2015-03-01,11550,ChargePoint,243.31700000000006,56,110,316,2,4
2013-03-01,12203,ChargePoint,335.068,31,93,244,2,2
2013-03-01,10282,ChargePoint,242.23100000000005,37,51,62,2,4
2014-02-01,10577,ChargePoint,280.2759999999999,44,90,226,4,5
2020-12-01,11109,ChargePoint,1320.8010000000004,46,226,257,1,2
2020-12-01,12449,ChargePoint,25.589000000000002,13,4,4,1,2
2020-11-01,11109,ChargePoint,933.6899999999998,32,159,195,1,2
2020-11-01,12449,ChargePoint,35.282,12,9,9,2,3
2020-03-01,11109,ChargePoint,745.4099999999997,32,124,127,1,2
2020-02-01,11109,ChargePoint,1022.9239999999999,30,169,197,1,2
2020-02-01,12449,ChargePoint,29.418,2,5,5,1,1
2020-01-01,11109,ChargePoint,959.6039999999998,26,155,171,1,2
2020-01-01,12203,ChargePoint,5798.357000000003,669,1289,1896,8,14
2020-01-01,12449,ChargePoint,7.808,2,1,1,1,1
2019-12-01,11109,ChargePoint,202.885,27,43,48,1,2
2019-11-01,11109,ChargePoint,70.509,6,14,19,1,2
2019-03-01,14221,ChargePoint,667.8050000000001,149,161,188,2,4
2019-02-01,14221,ChargePoint,679.7970000000001,114,167,198,2,4
2019-01-01,14221,ChargePoint,736.9730000000003,129,177,213,2,4
2018-12-01,14221,ChargePoint,939.1079999999992,165,221,281,2,4
2018-11-01,14221,ChargePoint,865.8470000000002,148,199,300,2,4
2018-02-01,14221,ChargePoint,56.803999999999995,14,10,12,1,2
2018-01-01,14221,ChargePoint,8.8,2,1,1,1,2
2017-11-01,14221,ChargePoint,46.885,3,10,13,1,2
2017-01-01,14221,ChargePoint,4.9990000000000006,2,2,2,1,1
2020-12-01,10952,ChargePoint,1073.709,115,209,239,2,3
2020-12-01,10460,ChargePoint,496.2509999999999,74,109,137,2,3
2020-12-01,14546,ChargePoint,16.654,2,3,3,1,1
2020-11-01,10460,ChargePoint,1195.1779999999999,126,247,370,3,5
2020-11-01,10952,ChargePoint,683.7300000000002,102,150,202,2,3
2020-03-01,10460,ChargePoint,643.772,90,153,378,3,4
2020-02-01,11238,ChargePoint,92.02800000000002,6,15,15,1,1
2020-02-01,10460,ChargePoint,796.8439999999998,108,195,407,3,4
2020-01-01,13208,ChargePoint,112.97200000000001,9,34,116,4,6
2020-01-01,10460,ChargePoint,1296.2680000000003,104,292,892,3,5
2020-01-01,11238,ChargePoint,30.442,4,5,7,1,1
2020-01-01,14546,ChargePoint,6.5,2,1,1,1,1
2019-12-01,10460,ChargePoint,613.7199999999998,68,135,239,3,5
2019-12-01,14546,ChargePoint,1.406,2,0,0,1,1
2019-11-01,10460,ChargePoint,610.205,65,140,333,3,5
2019-11-01,11238,ChargePoint,26.809,2,5,5,1,1
2020-12-01,10960,ChargePoint,863.458,32,149,335,2,2
2020-12-01,13204,ChargePoint,175.976,22,47,321,3,3
2020-12-01,12180,ChargePoint,3523.068999999998,410,705,1831,18,30
2020-12-01,13148,ChargePoint,57.571,6,11,21,1,1
2020-12-01,13340,ChargePoint,55.23,6,39,222,2,2
2020-12-01,10708,ChargePoint,3848.5150000000017,256,701,1558,5,8
2020-11-01,10960,ChargePoint,594.876,14,97,180,2,2
2020-11-01,13148,ChargePoint,136.965,12,22,45,1,1
2020-11-01,13204,ChargePoint,190.16300000000004,19,39,139,3,3
2020-11-01,10708,ChargePoint,4651.045999999998,342,828,1258,5,8
2020-11-01,13340,ChargePoint,64.82600000000001,10,14,61,2,2
2020-03-01,10708,ChargePoint,3132.7419999999997,256,548,965,2,3
2020-03-01,13148,ChargePoint,202.38400000000001,19,34,71,1,1
2020-02-01,12180,ChargePoint,6100.912000000002,772,1402,2995,12,22
2020-02-01,10708,ChargePoint,3927.4700000000007,298,630,908,3,4
2020-02-01,13148,ChargePoint,185.197,18,32,61,1,1
2020-01-01,12180,ChargePoint,5570.457000000007,636,1240,2963,14,25
2020-01-01,13148,ChargePoint,0.551,1,0,1,1,1
2020-01-01,10708,ChargePoint,2230.994,196,370,527,3,4
2019-12-01,10708,ChargePoint,239.35100000000003,9,38,83,1,1
2019-12-01,12180,ChargePoint,1898.925000000001,192,444,1644,11,21
2019-11-01,12180,ChargePoint,2272.694999999999,235,542,1495,12,21
2019-11-01,10708,ChargePoint,363.62100000000004,13,57,130,1,1
2019-02-01,12180,ChargePoint,995.003,110,187,803,4,5
2019-03-01,12203,ChargePoint,2249.8779999999974,247,506,715,6,9
2019-02-01,12203,ChargePoint,2036.3899999999987,269,490,695,4,7
2019-01-01,12203,ChargePoint,2682.037999999999,331,616,872,5,8
2018-12-01,12203,ChargePoint,2048.3779999999997,305,500,807,5,8
2018-11-01,12203,ChargePoint,2527.896999999998,310,594,876,5,8
2018-03-01,12203,ChargePoint,301.123,130,82,173,4,6
2018-02-01,12203,ChargePoint,613.5009999999999,206,186,335,4,6
2018-01-01,12203,ChargePoint,670.8939999999999,114,199,359,4,6
2017-11-01,12203,ChargePoint,1031.8620000000005,138,311,550,4,6
2017-02-01,12203,ChargePoint,368.77099999999996,70,119,156,4,6
2017-01-01,12203,ChargePoint,412.86100000000005,60,134,256,4,5
2016-12-01,12203,ChargePoint,505.5839999999998,64,164,317,4,6
2016-11-01,12203,ChargePoint,438.3519999999999,56,135,254,4,6
2016-03-01,12203,ChargePoint,368.924,60,117,197,3,4
2016-01-01,12203,ChargePoint,401.1499999999999,54,125,184,3,5
2020-02-01,12203,ChargePoint,6060.561,610,1321,1910,11,17
2020-12-01,14127,ChargePoint,1671.6429999999996,149,357,562,6,7
2020-11-01,14127,ChargePoint,2289.556000000001,218,465,731,5,7
2020-02-01,14221,ChargePoint,1957.9379999999999,285,451,667,3,6
2020-01-01,14221,ChargePoint,2039.394000000001,274,468,669,3,6
2019-12-01,14221,ChargePoint,1354.6399999999996,142,311,478,3,6
2019-11-01,14221,ChargePoint,1336.79,158,307,453,3,5
2017-12-01,14221,ChargePoint,5.851999999999999,2,1,1,1,2
2016-12-01,14221,ChargePoint,4.185,1,1,2,1,1
2016-03-01,14221,ChargePoint,14.895,3,4,4,1,2
2020-12-01,10550,ChargePoint,778.612,28,122,164,1,1
2020-11-01,10550,ChargePoint,830.9119999999999,36,129,312,1,1
2020-03-01,10550,ChargePoint,866.2740000000001,40,132,152,1,1
2020-02-01,10550,ChargePoint,1319.452,56,200,432,1,1
2020-01-01,10550,ChargePoint,1459.1480000000001,60,222,288,1,1
2019-12-01,10550,ChargePoint,1531.5089999999998,48,233,268,1,1
2019-11-01,10550,ChargePoint,664.046,28,100,174,1,1
2019-03-01,10577,ChargePoint,8167.953,432,1630,3129,16,28
2019-02-01,10577,ChargePoint,5947.850999999997,305,1204,2049,15,27
2019-01-01,10577,ChargePoint,6645.136,391,1360,2388,11,21
2018-12-01,10577,ChargePoint,4677.642,255,943,1553,11,21
2018-11-01,10577,ChargePoint,4262.840999999999,252,887,1930,11,19
2018-03-01,10577,ChargePoint,3024.8579999999993,201,692,1693,12,21
2018-02-01,10577,ChargePoint,2709.422999999999,191,638,1784,13,19
2018-01-01,10577,ChargePoint,2942.9109999999996,187,673,1416,12,20
2017-12-01,10577,ChargePoint,2221.0110000000013,141,486,979,11,19
2017-11-01,10577,ChargePoint,3611.5410000000006,205,768,1572,13,19
2017-03-01,10577,ChargePoint,1739.785,124,397,950,9,12
2017-02-01,10577,ChargePoint,1690.4639999999997,127,393,956,7,11
2016-12-01,10577,ChargePoint,1538.9829999999997,109,365,751,7,10
2016-11-01,10577,ChargePoint,1218.351,83,274,552,7,10
2020-12-01,13601,ChargePoint,93.816,17,25,45,3,4
2020-12-01,12308,ChargePoint,351.3310000000001,35,70,102,2,2
2020-12-01,12204,ChargePoint,432.6289999999999,47,98,421,6,8
2020-11-01,12308,ChargePoint,1238.774,80,222,297,2,2
2020-11-01,13601,ChargePoint,188.053,51,62,66,4,5
2020-11-01,12204,ChargePoint,586.716,52,135,660,6,7
2020-03-01,12308,ChargePoint,629.9259999999999,50,135,176,1,1
2020-03-01,12204,ChargePoint,165.368,50,48,140,3,3
2020-03-01,13601,ChargePoint,397.3639999999998,56,99,145,3,4
2020-02-01,12308,ChargePoint,846.2580000000002,62,168,256,1,1
2020-02-01,12204,ChargePoint,415.09,62,105,239,3,3
2020-02-01,13601,ChargePoint,415.9030000000001,46,105,167,4,4
2020-01-01,13601,ChargePoint,416.95599999999996,70,122,251,4,6
2020-01-01,12204,ChargePoint,388.41400000000004,56,95,207,1,1
2020-01-01,12308,ChargePoint,710.4160000000003,38,110,135,1,1
2019-12-01,12308,ChargePoint,163.357,19,33,51,1,1
2019-12-01,13601,ChargePoint,245.28099999999998,32,79,155,4,5
2019-12-01,12204,ChargePoint,144.016,21,34,57,1,1
2019-11-01,12308,ChargePoint,282.79799999999994,29,64,95,1,1
2019-11-01,13601,ChargePoint,273.24199999999996,35,80,138,4,6
2019-11-01,12204,ChargePoint,168.84900000000002,23,45,89,1,1
2019-03-01,12308,ChargePoint,124.68399999999998,13,30,52,1,1
2019-03-01,13601,ChargePoint,127.163,28,34,53,3,3
2019-02-01,13601,ChargePoint,81.18599999999999,9,21,28,2,2
2019-02-01,12204,ChargePoint,145.718,29,28,35,1,1
2019-02-01,12308,ChargePoint,80.231,8,20,35,1,1
2019-01-01,12204,ChargePoint,55.764,29,14,35,1,1
2019-01-01,13601,ChargePoint,67.856,6,15,15,2,2
2019-01-01,12308,ChargePoint,66.404,11,18,40,1,1
2018-12-01,12308,ChargePoint,186.77100000000002,18,44,59,1,1
2018-12-01,13601,ChargePoint,105.873,20,26,37,3,3
2018-12-01,12204,ChargePoint,38.632,11,10,14,1,1
2018-11-01,12308,ChargePoint,109.125,20,35,64,1,1
2018-11-01,13601,ChargePoint,108.73699999999998,18,30,50,3,3
2018-11-01,12204,ChargePoint,96.73600000000002,21,23,45,1,1
2018-03-01,11367,ChargePoint,665.0639999999999,63,142,252,3,6
2018-02-01,11367,ChargePoint,668.0770000000002,70,171,282,3,6
2018-01-01,11367,ChargePoint,508.1520000000001,78,144,223,3,4
2017-12-01,11367,ChargePoint,590.6599999999999,58,144,246,3,6
2017-11-01,11367,ChargePoint,777.1880000000001,70,182,256,3,5
2017-03-01,11367,ChargePoint,293.502,53,88,198,3,5
2017-02-01,11367,ChargePoint,313.124,42,83,149,3,5
2017-01-01,11367,ChargePoint,341.911,51,92,174,1,2
2016-12-01,11367,ChargePoint,305.846,54,99,277,3,4
2016-11-01,11367,ChargePoint,194.978,58,78,277,1,2
2016-03-01,11367,ChargePoint,65.13399999999999,25,30,141,1,2
2016-02-01,11367,ChargePoint,47.642,21,24,92,1,2
2016-01-01,11367,ChargePoint,1.5630000000000002,2,1,7,1,2
2015-03-01,11367,ChargePoint,145.18800000000002,26,53,146,1,2
2015-02-01,11367,ChargePoint,174.21600000000007,29,61,126,1,2
2016-12-01,12180,ChargePoint,263.90000000000003,32,82,178,2,3
2016-11-01,12180,ChargePoint,355.56499999999994,52,110,284,2,3
2016-03-01,12180,ChargePoint,849.7429999999999,70,178,271,2,4
2016-02-01,12180,ChargePoint,565.4680000000001,54,145,222,2,3
2016-01-01,12180,ChargePoint,580.9169999999999,47,126,218,2,3
2015-12-01,12180,ChargePoint,586.2940000000001,54,123,196,2,4
2015-02-01,12180,ChargePoint,480.1440000000001,30,114,159,2,4
2018-03-01,12180,ChargePoint,1146.588,112,208,557,2,4
2018-02-01,12180,ChargePoint,1026.7160000000001,160,222,509,3,6
2018-01-01,12180,ChargePoint,463.364,69,129,221,2,4
2017-12-01,12180,ChargePoint,551.714,52,124,190,2,4
2017-11-01,12180,ChargePoint,776.6650000000002,67,163,233,2,4
2017-03-01,12180,ChargePoint,649.8200000000002,67,180,312,2,4
2017-02-01,12180,ChargePoint,512.806,69,167,357,2,4
2017-01-01,12180,ChargePoint,352.0710000000001,47,113,224,2,3
2020-12-01,11229,ChargePoint,1218.4889999999998,73,230,291,1,2
2020-11-01,11229,ChargePoint,941.1959999999998,102,176,227,1,2
2020-03-01,11229,ChargePoint,3869.5579999999986,148,700,784,1,2
2020-02-01,11229,ChargePoint,4795.545999999999,230,866,970,1,2
2020-01-01,11229,ChargePoint,3712.4239999999995,192,649,686,1,2
2019-12-01,11229,ChargePoint,1149.9669999999996,60,202,211,1,2
2019-11-01,11229,ChargePoint,1054.0529999999999,53,182,184,1,2
2019-03-01,11229,ChargePoint,145.345,27,27,31,1,2
2019-02-01,11229,ChargePoint,47.518,12,9,9,1,2
2019-01-01,11229,ChargePoint,82.71199999999999,18,15,15,1,2
2018-12-01,11229,ChargePoint,118.52,21,22,23,1,2
2018-11-01,11229,ChargePoint,194.41500000000002,23,34,52,1,2
2018-01-01,11229,ChargePoint,181.556,22,42,48,1,2
2017-12-01,11229,ChargePoint,100.09700000000001,6,21,24,1,2
2017-11-01,11229,ChargePoint,155.035,12,30,35,1,2
2017-02-01,11229,ChargePoint,28.323999999999998,4,7,8,1,2
2017-01-01,11229,ChargePoint,33.42,5,9,11,1,2
2016-12-01,11229,ChargePoint,62.629999999999995,3,15,16,1,2
2016-11-01,11229,ChargePoint,42.131,13,10,11,1,2
2018-03-01,11229,ChargePoint,369.294,26,68,85,1,2
2018-02-01,11229,ChargePoint,51.36300000000001,6,11,14,1,2
2017-03-01,11229,ChargePoint,64.275,5,16,27,1,2
2016-01-01,11229,ChargePoint,0.0,2,0,5,1,2
2017-02-01,12401,ChargePoint,814.8089999999999,129,244,1217,7,14
2017-01-01,12401,ChargePoint,985.1760000000003,158,327,1410,7,14
2016-12-01,12401,ChargePoint,716.0909999999998,126,253,1223,7,13
2016-11-01,12401,ChargePoint,886.0829999999997,148,276,1568,7,13
2016-03-01,12401,ChargePoint,588.3430000000001,115,174,1128,7,13
2016-02-01,12401,ChargePoint,358.97600000000006,53,90,115,6,9
2016-01-01,12401,ChargePoint,432.249,69,111,155,7,13
2020-12-01,12401,ChargePoint,6410.504999999998,621,1508,10950,17,30
2020-11-01,12401,ChargePoint,7462.805000000003,751,1711,11664,17,32
2020-02-01,12401,ChargePoint,10179.908999999987,1047,2486,16602,17,33
2020-01-01,12401,ChargePoint,10971.766,1178,2692,17068,17,34
2019-12-01,12401,ChargePoint,7265.743000000003,709,1747,9804,16,32
2019-11-01,12401,ChargePoint,7215.999000000006,762,1749,9803,18,34
2019-02-01,12401,ChargePoint,4717.772999999995,435,1111,6109,14,28
2019-01-01,12401,ChargePoint,4065.797000000003,430,1033,3798,13,24
2018-02-01,12401,ChargePoint,1728.9339999999995,232,513,2463,10,19
2018-01-01,12401,ChargePoint,2078.017999999999,244,621,3927,11,21
2017-12-01,12401,ChargePoint,1526.5429999999992,182,454,2082,8,15
2017-11-01,12401,ChargePoint,1625.488,228,472,2163,7,14
2018-12-01,12401,ChargePoint,4226.070999999999,411,1002,5709,13,24
2018-11-01,12401,ChargePoint,3504.013999999999,381,836,3785,13,25
2017-11-01,14456,ChargePoint,397.03299999999996,30,85,222,2,3
2016-11-01,14456,ChargePoint,128.084,15,34,72,2,3
2016-03-01,14456,ChargePoint,193.32500000000002,48,68,278,2,4
2016-02-01,14456,ChargePoint,170.81800000000004,22,56,272,1,2
2016-01-01,14456,ChargePoint,180.63800000000003,21,59,154,1,2
2015-12-01,14456,ChargePoint,93.44099999999999,15,28,130,1,2
2019-12-01,10577,ChargePoint,8271.809999999994,394,1620,2444,15,28
2019-11-01,10927,ChargePoint,84.94600000000001,8,14,15,1,2
2018-12-01,10927,ChargePoint,69.667,5,11,11,1,2
2018-03-01,10927,ChargePoint,129.744,21,29,31,1,2
2017-11-01,10927,ChargePoint,104.85099999999998,11,17,20,1,2
2016-02-01,10577,ChargePoint,952.7790000000002,100,256,1092,8,14
2016-01-01,10577,ChargePoint,693.4919999999998,74,189,707,7,11
2015-12-01,10577,ChargePoint,736.078,96,198,1163,7,12
2019-03-01,10927,ChargePoint,33.128,3,7,9,1,2
2019-01-01,10927,ChargePoint,26.89,2,4,4,1,1
2018-11-01,10927,ChargePoint,61.078,5,9,11,1,1
2018-02-01,10927,ChargePoint,19.105999999999998,5,5,5,1,1
2018-01-01,10927,ChargePoint,32.963,3,6,6,1,2
2017-12-01,10927,ChargePoint,33.769000000000005,3,6,7,1,1
2017-03-01,10927,ChargePoint,91.19200000000001,17,21,24,1,1
2017-02-01,10927,ChargePoint,64.77100000000002,8,16,17,1,1
2017-01-01,10927,ChargePoint,94.03299999999999,8,21,23,1,1
2016-12-01,10927,ChargePoint,119.05900000000001,13,20,22,1,1
2016-11-01,10927,ChargePoint,45.274,7,10,12,1,1
2014-03-01,11367,ChargePoint,456.817,60,133,201,1,2
2014-03-01,14850,ChargePoint,75.492,27,30,169,3,5
2014-03-01,12496,ChargePoint,218.85500000000005,16,46,78,1,2
2014-02-01,11367,ChargePoint,173.84900000000002,26,53,88,1,2
2014-02-01,14850,ChargePoint,70.221,22,26,123,3,4
2014-02-01,12496,ChargePoint,260.998,27,65,102,1,2
2014-01-01,11367,ChargePoint,103.963,13,27,39,1,2
2014-01-01,14850,ChargePoint,255.26100000000002,32,56,310,3,6
2014-01-01,12496,ChargePoint,40.223,8,16,44,1,2
2013-12-01,12496,ChargePoint,286.93100000000004,27,70,127,1,2
2013-12-01,14850,ChargePoint,85.77000000000001,30,34,151,3,6
2013-12-01,11367,ChargePoint,262.683,36,72,90,1,2
2013-11-01,14850,ChargePoint,113.25699999999999,40,43,666,3,5
2013-11-01,11367,ChargePoint,164.91900000000004,26,45,61,1,2
2015-03-01,14850,ChargePoint,372.76099999999997,54,115,350,3,6
2015-03-01,13027,ChargePoint,246.761,27,79,115,1,1
2015-03-01,10460,ChargePoint,145.09300000000002,34,66,215,2,3
2015-03-01,14456,ChargePoint,150.78699999999998,18,49,94,2,3
2015-03-01,12561,ChargePoint,239.157,34,66,86,3,6
2015-03-01,11952,ChargePoint,236.92100000000008,78,81,149,1,2
2015-02-01,12496,ChargePoint,379.89500000000004,20,72,116,1,2
2015-02-01,13027,ChargePoint,195.77499999999998,23,63,92,1,2
2015-02-01,10460,ChargePoint,128.809,29,68,179,1,2
2015-02-01,14850,ChargePoint,194.90700000000004,25,57,127,3,5
2015-02-01,10577,ChargePoint,980.8620000000001,76,236,529,4,6
2015-02-01,11742,ChargePoint,5.634,2,3,21,1,2
2015-02-01,11747,ChargePoint,20.635,3,7,26,1,1
2015-02-01,11952,ChargePoint,154.874,80,71,246,1,2
2015-02-01,12561,ChargePoint,126.309,20,37,42,2,3
2015-02-01,12903,ChargePoint,3.042,1,1,1,1,1
2015-01-01,12496,ChargePoint,275.73,29,77,136,1,2
2015-01-01,12561,ChargePoint,178.372,30,50,56,3,6
2015-01-01,10460,ChargePoint,147.93800000000002,33,79,207,1,2
2015-01-01,11788,ChargePoint,154.526,27,38,50,1,2
2015-01-01,13027,ChargePoint,15.274000000000001,7,5,10,1,2
2015-01-01,14456,ChargePoint,74.2,10,26,56,1,2
2015-01-01,14850,ChargePoint,204.02900000000002,42,53,75,3,6
2015-01-01,11367,ChargePoint,65.30900000000001,25,24,98,1,2
2015-01-01,11747,ChargePoint,74.73299999999999,8,25,46,2,3
2015-01-01,13408,ChargePoint,0.0,1,0,8,1,1
2015-01-01,11937,ChargePoint,68.43,3,11,23,1,2
2015-01-01,11742,ChargePoint,13.581,4,5,24,1,1
2015-01-01,12903,ChargePoint,14.633,3,5,5,1,1
2014-12-01,12496,ChargePoint,255.238,25,68,120,1,2
2014-12-01,14304,ChargePoint,41.539,5,7,7,1,1
2014-12-01,11367,ChargePoint,114.66000000000001,33,40,92,1,2
2014-12-01,14127,ChargePoint,90.501,10,23,31,1,2
2014-12-01,12561,ChargePoint,160.31500000000005,23,43,50,3,6
2014-12-01,10926,ChargePoint,34.332,5,8,9,1,2
2014-12-01,11742,ChargePoint,19.19,4,6,24,1,1
2014-12-01,14456,ChargePoint,71.642,10,24,46,1,2
2014-12-01,14850,ChargePoint,78.40200000000002,17,21,35,3,5
2014-12-01,10460,ChargePoint,107.67399999999999,27,49,153,2,3
2014-12-01,11747,ChargePoint,37.208,4,7,7,2,4
2014-12-01,10461,ChargePoint,120.723,15,40,49,1,2
2014-12-01,11952,ChargePoint,285.0939999999999,87,98,230,1,2
2014-12-01,12903,ChargePoint,61.117,10,12,12,1,2
2014-11-01,11367,ChargePoint,377.6779999999999,75,119,184,1,2
2014-11-01,12561,ChargePoint,74.50299999999999,9,18,19,3,5
2014-11-01,10461,ChargePoint,129.58100000000002,20,42,53,1,2
2014-11-01,10460,ChargePoint,79.614,27,38,110,1,2
2014-11-01,14304,ChargePoint,85.297,4,14,14,1,2
2014-11-01,14456,ChargePoint,149.70700000000002,17,43,106,1,2
2014-11-01,11742,ChargePoint,82.237,17,22,67,2,3
2014-11-01,11747,ChargePoint,60.299,3,12,19,2,3
2014-11-01,12901,ChargePoint,30.218,10,9,10,1,2
2014-11-01,13408,ChargePoint,7.172,1,2,2,1,1
2014-11-01,12903,ChargePoint,29.759,5,6,7,1,2
2014-11-01,14850,ChargePoint,104.34899999999999,15,25,37,3,5
2014-11-01,10577,ChargePoint,887.2680000000003,72,220,561,5,7
2014-11-01,13601,ChargePoint,12.277,1,4,6,1,1
2013-12-01,12504,ChargePoint,3.378,1,1,1,1,1
2013-11-01,10927,ChargePoint,10.719999999999999,17,3,3,1,2
2015-03-01,11530,ChargePoint,148.83699999999996,24,44,70,3,6
2015-02-01,11550,ChargePoint,160.933,35,67,188,2,3
2015-02-01,11797,ChargePoint,87.131,8,14,37,1,1
2015-02-01,11556,ChargePoint,31.537000000000003,7,8,16,1,2
2015-02-01,11530,ChargePoint,71.299,15,21,23,3,5
2015-02-01,11570,ChargePoint,150.91000000000003,41,32,59,1,2
2015-02-01,11030,ChargePoint,224.153,8,37,40,1,2
2015-01-01,11550,ChargePoint,35.730000000000004,7,13,28,1,2
2015-01-01,11030,ChargePoint,259.03200000000004,15,44,59,1,2
2015-01-01,11570,ChargePoint,358.39200000000005,59,66,103,1,2
2015-01-01,11530,ChargePoint,38.287000000000006,6,11,18,2,4
2014-12-01,11797,ChargePoint,161.274,37,67,143,1,2
2014-12-01,11530,ChargePoint,65.51400000000001,15,23,27,3,6
2014-12-01,11570,ChargePoint,537.1139999999999,45,99,144,1,2
2014-11-01,11570,ChargePoint,415.7410000000001,44,77,121,1,2
2014-11-01,11797,ChargePoint,64.45100000000001,13,25,46,1,2
2014-11-01,11530,ChargePoint,141.93400000000003,29,44,58,3,6
2014-03-01,11797,ChargePoint,71.796,16,23,74,1,2
2014-02-01,11797,ChargePoint,47.269,7,15,34,1,2
2015-03-01,12144,ChargePoint,259.60900000000004,56,97,306,1,2
2015-03-01,12180,ChargePoint,572.7850000000002,47,128,222,2,4
2015-02-01,12144,ChargePoint,135.83600000000004,31,55,158,1,2
2015-01-01,12180,ChargePoint,567.9240000000001,22,97,113,1,2
2015-01-01,12144,ChargePoint,190.32600000000002,47,82,234,1,2
2014-12-01,12144,ChargePoint,124.32999999999998,29,51,131,1,2
2014-12-01,12180,ChargePoint,428.5900000000001,17,74,89,1,2
2014-11-01,12144,ChargePoint,189.11,39,65,163,1,2
2014-11-01,12180,ChargePoint,595.483,39,114,245,1,2
2014-03-01,12180,ChargePoint,300.40599999999995,35,93,196,1,2
2014-02-01,12180,ChargePoint,106.785,12,34,80,1,2
2014-01-01,12180,ChargePoint,169.82300000000004,17,59,165,1,2
2013-12-01,12180,ChargePoint,215.031,22,63,152,1,2
2013-11-01,12180,ChargePoint,294.77400000000006,28,80,368,1,2
2015-03-01,12203,ChargePoint,369.911,48,113,179,2,4
2015-03-01,12110,ChargePoint,167.181,21,57,134,1,1
2015-02-01,12110,ChargePoint,118.914,20,41,89,1,2
2015-02-01,12203,ChargePoint,234.65599999999992,26,78,115,2,4
2015-01-01,12203,ChargePoint,401.83899999999994,45,146,195,2,3
2015-01-01,12110,ChargePoint,214.511,31,73,172,2,2
2014-12-01,12203,ChargePoint,547.6750000000001,61,166,253,2,4
2014-12-01,12110,ChargePoint,214.867,29,72,143,2,2
2014-11-01,12110,ChargePoint,224.10399999999998,32,75,136,2,2
2014-11-01,12203,ChargePoint,265.79600000000005,32,84,181,1,2
2014-03-01,12203,ChargePoint,90.217,11,31,92,1,1
2014-02-01,12203,ChargePoint,177.123,18,58,203,2,2
2014-01-01,12203,ChargePoint,191.196,27,61,264,2,2
2013-12-01,12203,ChargePoint,163.34099999999998,19,51,152,2,2
2013-11-01,12203,ChargePoint,256.23800000000006,27,78,216,2,2
2013-02-01,12203,ChargePoint,204.16299999999998,27,63,123,2,2
2014-02-01,10460,ChargePoint,3.165,1,1,2,1,1
2013-11-01,12496,ChargePoint,17.115000000000002,6,7,13,1,2
2013-03-01,12496,ChargePoint,39.781000000000006,6,18,27,1,2
2013-02-01,12496,ChargePoint,26.881999999999998,6,19,39,1,1
2013-01-01,12496,ChargePoint,61.543000000000006,9,21,31,1,2
2015-03-01,12901,ChargePoint,30.028000000000002,7,10,11,1,2
2015-03-01,11742,ChargePoint,29.463,10,14,99,2,3
2015-03-01,10577,ChargePoint,873.5300000000002,63,200,525,4,4
2015-03-01,11788,ChargePoint,267.5420000000001,35,76,129,1,2
2015-03-01,11747,ChargePoint,48.937999999999995,7,11,26,1,2
2015-03-01,10461,ChargePoint,126.46500000000002,25,41,50,1,2
2015-02-01,11788,ChargePoint,116.47299999999998,17,36,73,1,2
2015-02-01,14456,ChargePoint,100.15599999999999,12,34,81,1,1
2015-02-01,12901,ChargePoint,29.636,13,11,12,1,2
2015-02-01,10461,ChargePoint,16.776,4,5,5,1,2
2015-02-01,11937,ChargePoint,92.706,1,14,25,1,1
2015-02-01,10927,ChargePoint,3.876,2,1,1,1,1
2015-02-01,13601,ChargePoint,4.791,1,2,5,1,1
2015-01-01,10461,ChargePoint,83.32600000000001,11,28,33,1,1
2015-01-01,10577,ChargePoint,1043.038,98,262,578,4,6
2015-01-01,14063,ChargePoint,6.832,1,1,1,1,1
2015-01-01,10927,ChargePoint,3.219,2,0,0,1,1
2015-01-01,11952,ChargePoint,332.012,84,113,216,1,2
2015-01-01,14304,ChargePoint,142.928,10,24,26,1,2
2015-01-01,10926,ChargePoint,24.491,3,4,5,1,2
2014-12-01,10577,ChargePoint,756.794,69,190,446,4,5
2014-12-01,11971,ChargePoint,2.027,1,1,3,1,1
2014-12-01,11788,ChargePoint,187.352,35,61,122,1,2
2014-12-01,11937,ChargePoint,45.431,2,7,7,1,1
2014-12-01,10927,ChargePoint,1.671,2,0,0,1,1
2014-12-01,14063,ChargePoint,12.907,2,3,3,1,1
2014-11-01,12095,ChargePoint,9.866,2,3,14,1,1
2014-11-01,14127,ChargePoint,31.209,3,9,12,1,2
2014-11-01,11788,ChargePoint,141.326,28,42,103,1,2
2014-11-01,11952,ChargePoint,199.81799999999996,80,69,132,1,2
2014-11-01,12496,ChargePoint,143.839,8,31,34,1,2
2014-11-01,14063,ChargePoint,3.027,1,1,1,1,1
2014-02-01,10927,ChargePoint,5.778,1,1,1,1,1
2014-01-01,14063,ChargePoint,16.74,2,3,4,1,1
2014-01-01,12504,ChargePoint,5.268,1,2,2,1,1
2013-12-01,10927,ChargePoint,19.188,5,3,3,1,1
2013-11-01,12504,ChargePoint,40.612,4,10,11,1,2
2015-03-01,11570,ChargePoint,248.35699999999997,32,67,134,1,2
2015-01-01,11797,ChargePoint,154.30499999999998,17,29,61,1,1
2014-12-01,11556,ChargePoint,12.722000000000001,2,5,5,1,1
2014-12-01,11030,ChargePoint,144.289,10,26,28,1,1
2014-11-01,11556,ChargePoint,39.979,6,14,21,1,1
2014-11-01,11030,ChargePoint,41.587,9,12,15,1,1
2020-12-01,11238,ChargePoint,18.084,4,3,3,1,1
2020-11-01,12203,ChargePoint,7760.245999999998,711,1561,2998,14,23
2017-02-01,14221,ChargePoint,3.377,4,2,2,1,2
2016-03-01,11229,ChargePoint,16.251,2,3,3,1,2
2015-03-01,14063,ChargePoint,23.323,3,4,4,1,2
2015-02-01,12095,ChargePoint,27.425,5,10,40,1,2
2015-01-01,12095,ChargePoint,40.535,3,14,50,1,1
2015-01-01,14127,ChargePoint,38.275999999999996,4,7,7,1,2
2014-12-01,12504,ChargePoint,21.746,9,11,14,1,2
2014-11-01,12504,ChargePoint,29.799,16,15,19,1,2
2014-03-01,10460,ChargePoint,7.769,3,3,7,2,2
2013-11-01,10577,ChargePoint,363.98100000000005,36,112,262,3,3
2013-03-01,10577,ChargePoint,426.90299999999996,49,130,338,5,6
2013-02-01,10577,ChargePoint,414.97200000000004,44,127,330,3,4
2013-01-01,10577,ChargePoint,499.6970000000001,51,154,376,2,3
2012-12-01,10577,ChargePoint,446.13899999999995,46,137,327,3,4
2012-11-01,10577,ChargePoint,502.43399999999986,48,156,359,2,3
2017-01-01,10577,ChargePoint,2162.678,165,521,1123,7,12
2014-03-01,10577,ChargePoint,731.5730000000001,78,221,559,4,7
2014-01-01,10577,ChargePoint,453.42999999999984,62,149,349,3,5
2013-12-01,10577,ChargePoint,366.97499999999997,51,122,326,3,5
2015-02-01,11201,ChargePoint,0.0,9,0,70,1,1
2015-01-01,11201,ChargePoint,0.0,11,0,44,1,1
2014-12-01,11201,ChargePoint,0.0,8,0,73,1,1
2014-11-01,11201,ChargePoint,0.0,5,0,54,1,1
2014-03-01,11201,ChargePoint,0.0,5,0,11,1,1
2014-02-01,11201,ChargePoint,0.0,1,0,10,1,1
2014-01-01,11201,ChargePoint,9.18,3,3,5,1,2
2013-11-01,11201,ChargePoint,14.599,5,2,18,1,2
2020-12-01,10280,ChargePoint,5.242,10,2,2,1,2
2020-11-01,10001,ChargePoint,562.472,20,89,133,1,1
2020-11-01,10280,ChargePoint,10.186,2,2,2,1,1
2020-03-01,10001,ChargePoint,806.0959999999999,34,132,214,2,2
2019-12-01,10001,ChargePoint,153.65500000000003,15,42,90,2,2
2019-11-01,10001,ChargePoint,137.07000000000002,21,51,93,2,2
2018-02-01,10280,ChargePoint,27.197000000000003,3,7,14,1,2
2017-02-01,10280,ChargePoint,83.922,9,21,91,1,2
2017-01-01,10280,ChargePoint,113.913,11,28,102,1,2
2016-12-01,10280,ChargePoint,17.746,2,5,5,1,2
2015-12-01,10280,ChargePoint,47.988,4,15,23,1,2
2015-11-01,10280,ChargePoint,49.315,6,18,23,1,1
2015-02-01,10280,ChargePoint,115.973,3,18,28,1,2
2015-01-01,10280,ChargePoint,56.632,4,11,14,1,2
2014-12-01,10280,ChargePoint,39.253,4,9,10,1,1
2014-03-01,10280,ChargePoint,10.442,1,2,2,1,1
2014-01-01,10280,ChargePoint,31.975,2,7,7,1,1
2013-12-01,10280,ChargePoint,62.786,4,11,28,1,2
2013-11-01,10280,ChargePoint,29.045,2,6,7,1,1
2015-03-01,10282,ChargePoint,309.5999999999999,52,72,182,3,6
2015-02-01,10282,ChargePoint,54.507000000000005,6,9,11,2,3
2015-02-01,10010,ChargePoint,38.174,4,7,12,1,1
2015-01-01,10010,ChargePoint,86.292,4,14,23,1,1
2015-01-01,10282,ChargePoint,186.997,28,30,37,3,6
2014-12-01,10282,ChargePoint,104.14599999999999,14,20,46,3,5
2014-12-01,10010,ChargePoint,276.84099999999995,15,48,85,1,1
2014-11-01,10010,ChargePoint,288.84599999999995,34,48,86,1,2
2014-11-01,10282,ChargePoint,274.97499999999997,49,56,95,3,6
2014-03-01,10282,ChargePoint,157.303,9,25,32,1,2
2014-03-01,10010,ChargePoint,534.306,22,85,165,1,2
2014-02-01,10282,ChargePoint,115.419,10,22,347,3,4
2014-02-01,10010,ChargePoint,425.03299999999996,13,65,113,1,1
2014-01-01,10282,ChargePoint,49.165000000000006,3,8,333,1,1
2014-01-01,10010,ChargePoint,463.911,19,75,170,1,2
2013-12-01,10010,ChargePoint,367.3340000000001,24,59,110,1,2
2013-12-01,10282,ChargePoint,175.54100000000003,17,29,214,3,4
2013-11-01,10282,ChargePoint,142.995,8,22,197,2,3
2013-11-01,10010,ChargePoint,264.69399999999996,22,40,96,1,2
2013-02-01,10282,ChargePoint,52.653,27,16,19,2,4
2020-12-01,10001,ChargePoint,123.24199999999999,4,20,35,1,1
2020-02-01,10001,ChargePoint,603.3059999999999,18,96,142,1,1
2020-01-01,10001,ChargePoint,744.816,24,118,184,1,1
2019-01-01,10280,ChargePoint,30.006,3,5,5,1,2
2017-12-01,10280,ChargePoint,30.681,1,5,5,1,1
2014-03-01,10019,ChargePoint,322.83600000000007,17,66,83,1,1
2014-02-01,10019,ChargePoint,179.167,15,49,58,1,1
2014-01-01,10019,ChargePoint,163.51,18,32,37,1,1
2018-03-01,10019,ChargePoint,718.5090000000001,39,150,266,1,1
2018-02-01,10019,ChargePoint,833.952,31,158,231,1,1
2018-01-01,10019,ChargePoint,1171.6230000000003,46,227,259,1,1
2017-12-01,10019,ChargePoint,952.4169999999999,37,190,234,1,1
2017-11-01,10019,ChargePoint,1043.564,42,199,287,1,1
2017-03-01,10019,ChargePoint,450.09599999999995,29,103,139,1,1
2017-02-01,10019,ChargePoint,477.68500000000006,27,105,142,1,1
2017-01-01,10019,ChargePoint,742.2920000000001,29,144,174,1,1
2016-12-01,10019,ChargePoint,748.0060000000001,33,145,190,1,1
2016-11-01,10019,ChargePoint,442.24099999999993,17,86,112,1,1
2016-03-01,10019,ChargePoint,359.3450000000001,24,95,116,1,1
2016-02-01,10019,ChargePoint,320.26500000000004,18,76,96,1,1
2016-01-01,10019,ChargePoint,300.127,20,77,103,1,1
2015-12-01,10019,ChargePoint,352.642,20,84,115,1,1
2018-03-01,10027,ChargePoint,484.54600000000005,30,121,233,2,2
2018-02-01,10027,ChargePoint,398.47499999999997,26,105,180,2,2
2018-01-01,10027,ChargePoint,519.0450000000002,28,127,183,2,2
2017-12-01,10027,ChargePoint,392.7729999999999,20,93,149,2,2
2017-11-01,10027,ChargePoint,350.95000000000005,23,97,178,2,2
2017-03-01,10027,ChargePoint,500.9900000000001,36,139,228,2,2
2017-02-01,10027,ChargePoint,272.57,21,79,133,2,2
2017-01-01,10027,ChargePoint,282.33500000000004,22,85,147,2,2
2016-12-01,10027,ChargePoint,296.60200000000003,25,93,174,2,2
2016-11-01,10027,ChargePoint,441.184,34,129,247,2,2
2016-02-01,10027,ChargePoint,158.975,14,50,110,1,1
2015-12-01,10027,ChargePoint,196.36700000000002,19,64,134,2,2
2014-11-01,10027,ChargePoint,150.089,14,50,128,1,1
2016-03-01,10026,ChargePoint,357.41299999999995,46,117,325,2,2
2016-02-01,10026,ChargePoint,291.38599999999997,35,97,266,2,2
2016-01-01,10026,ChargePoint,301.425,38,101,249,2,2
2015-12-01,10026,ChargePoint,142.725,23,49,149,2,2
2014-11-01,10026,ChargePoint,131.234,18,44,155,2,2
2015-03-01,10026,ChargePoint,123.71900000000001,18,46,132,1,1
2015-02-01,10026,ChargePoint,118.33700000000002,17,41,142,1,1
2015-01-01,10026,ChargePoint,129.19400000000002,18,43,135,2,2
2014-12-01,10026,ChargePoint,145.876,21,50,153,1,1
2015-02-01,10027,ChargePoint,110.95499999999998,10,36,83,2,2
2015-01-01,10027,ChargePoint,121.488,11,40,88,2,2
2014-01-01,10026,ChargePoint,11.368,1,4,7,1,1
2013-11-01,10027,ChargePoint,102.27100000000002,17,34,76,2,2
2015-03-01,10027,ChargePoint,202.392,18,66,153,1,1
2014-12-01,10027,ChargePoint,154.79500000000004,14,54,117,1,1
2014-03-01,10027,ChargePoint,221.781,20,73,175,1,1
2014-02-01,10027,ChargePoint,135.277,12,45,96,1,1
2014-01-01,10027,ChargePoint,90.63199999999999,8,30,69,1,1
2013-12-01,10027,ChargePoint,168.595,16,56,126,1,1
2016-03-01,10027,ChargePoint,228.80600000000004,23,75,180,2,2
2016-01-01,10027,ChargePoint,147.423,13,48,104,1,1
2020-03-01,10152,ChargePoint,240.75,10,41,53,1,1
2020-02-01,10152,ChargePoint,396.738,15,67,120,1,2
2020-01-01,10152,ChargePoint,283.779,11,49,54,1,1
2019-12-01,10152,ChargePoint,288.595,9,49,60,1,1
2019-11-01,10152,ChargePoint,369.98800000000006,11,63,141,1,1
2019-03-01,10152,ChargePoint,212.54000000000002,7,36,68,1,2
2019-02-01,10152,ChargePoint,45.863,1,8,8,1,1
2019-01-01,10152,ChargePoint,95.91900000000001,5,19,36,1,2
2018-12-01,10152,ChargePoint,235.44899999999998,5,40,59,1,1
2018-11-01,10152,ChargePoint,187.18300000000002,9,35,88,1,2
2018-03-01,10152,ChargePoint,112.65100000000001,4,19,38,1,2
2018-02-01,10152,ChargePoint,191.18099999999998,6,33,69,1,1
2018-01-01,10152,ChargePoint,191.23600000000002,5,33,65,1,1
2017-12-01,10152,ChargePoint,134.265,6,23,34,1,2
2017-11-01,10152,ChargePoint,165.93399999999997,8,31,48,1,2
2017-02-01,10152,ChargePoint,100.537,2,17,21,1,1
2017-01-01,10152,ChargePoint,103.38399999999999,4,17,30,1,1
2016-12-01,10152,ChargePoint,63.174,3,11,12,1,2
2016-11-01,10152,ChargePoint,95.82400000000001,2,16,19,1,1
2016-02-01,10152,ChargePoint,109.618,4,19,19,1,2
2016-01-01,10152,ChargePoint,61.213,3,12,15,1,1
2015-12-01,10152,ChargePoint,61.666000000000004,2,10,16,1,1
2015-11-01,10152,ChargePoint,216.48399999999998,5,37,41,1,1
2015-01-01,10152,ChargePoint,143.636,3,25,25,1,1
2014-12-01,10152,ChargePoint,351.829,11,61,74,1,2
2014-11-01,10152,ChargePoint,500.19699999999995,14,86,112,1,1
2014-03-01,10152,ChargePoint,266.116,9,46,50,1,2
2014-02-01,10152,ChargePoint,159.89499999999998,5,28,29,1,1
2014-01-01,10152,ChargePoint,153.452,5,26,48,1,1
2019-11-01,10065,ChargePoint,15.825,2,9,10,1,2
2019-02-01,10065,ChargePoint,14.415,1,3,3,1,1
2019-01-01,10065,ChargePoint,39.351,3,7,12,1,1
2018-11-01,10065,ChargePoint,6.637,1,2,6,1,1
2018-03-01,10065,ChargePoint,23.917,3,7,16,1,1
2018-02-01,10065,ChargePoint,31.761000000000003,5,9,11,1,1
2018-01-01,10065,ChargePoint,33.007,4,9,10,1,1
2017-12-01,10065,ChargePoint,23.567,3,6,7,1,1
2017-11-01,10065,ChargePoint,42.208,4,12,13,1,2
2017-03-01,10065,ChargePoint,46.562999999999995,8,12,14,1,1
2017-02-01,10065,ChargePoint,33.562,4,8,9,1,1
2017-01-01,10065,ChargePoint,9.493,1,2,2,1,1
2016-12-01,10065,ChargePoint,27.339,4,6,7,1,2
2016-02-01,10065,ChargePoint,8.928,1,2,2,1,1
2016-01-01,10065,ChargePoint,67.843,1,11,85,1,1
2015-12-01,10065,ChargePoint,64.658,1,11,16,1,1
2015-11-01,10065,ChargePoint,69.33600000000001,2,12,24,1,1
2015-03-01,10065,ChargePoint,14.524,1,3,9,1,1
2014-11-01,10065,ChargePoint,27.999,3,5,5,1,2
2014-03-01,10065,ChargePoint,447.49800000000005,15,76,107,1,2
2014-02-01,10065,ChargePoint,300.60900000000004,7,54,64,1,2
2014-01-01,10065,ChargePoint,171.458,7,29,35,1,2
2013-12-01,10065,ChargePoint,159.41899999999998,11,28,51,1,2
2013-11-01,10065,ChargePoint,120.62599999999999,6,20,20,1,1
2016-12-01,10012,ChargePoint,366.218,12,65,156,1,2
2016-11-01,10012,ChargePoint,348.066,14,60,131,1,2
2016-02-01,10012,ChargePoint,69.78,6,13,22,1,2
2016-01-01,10012,ChargePoint,201.82,5,35,73,1,1
2015-12-01,10012,ChargePoint,28.853,5,9,9,1,1
2015-11-01,10012,ChargePoint,76.167,6,13,29,1,2
2015-01-01,10012,ChargePoint,173.33499999999998,7,32,46,1,1
2014-12-01,10012,ChargePoint,56.497,7,14,44,1,1
2014-11-01,10012,ChargePoint,194.33499999999998,11,36,73,1,1
2014-01-01,10012,ChargePoint,1.663,1,0,0,1,1
2013-11-01,10012,ChargePoint,116.863,5,20,39,1,1
2020-12-01,10012,ChargePoint,529.159,15,86,349,1,2
2020-11-01,10012,ChargePoint,1136.8809999999996,46,188,664,1,2
2020-03-01,10012,ChargePoint,188.497,8,34,55,1,2
2020-02-01,10012,ChargePoint,997.6140000000001,28,169,402,1,2
2020-01-01,10012,ChargePoint,1000.357,26,170,342,1,2
2019-12-01,10012,ChargePoint,952.0849999999999,28,161,361,1,2
2019-11-01,10012,ChargePoint,935.5439999999998,27,160,324,1,2
2019-03-01,10012,ChargePoint,435.0519999999999,16,79,129,1,2
2019-02-01,10012,ChargePoint,896.471,25,155,289,1,2
2019-01-01,10012,ChargePoint,739.2649999999999,19,126,209,1,2
2018-12-01,10012,ChargePoint,737.185,19,124,223,1,2
2018-11-01,10012,ChargePoint,646.4389999999999,18,112,206,1,2
2018-03-01,10012,ChargePoint,754.3190000000001,23,132,262,1,2
2018-02-01,10012,ChargePoint,597.9499999999999,18,102,213,1,2
2018-01-01,10012,ChargePoint,929.204,21,159,308,1,2
2017-12-01,10012,ChargePoint,780.7429999999999,19,136,278,1,2
2017-11-01,10012,ChargePoint,594.5870000000001,19,105,180,1,2
2017-03-01,10012,ChargePoint,568.5519999999999,19,101,162,1,2
2017-02-01,10012,ChargePoint,190.121,6,33,67,1,2
2017-01-01,10012,ChargePoint,399.97300000000007,17,71,143,1,2
2020-03-01,14850,ChargePoint,438.9260000000001,56,108,138,2,4
2020-02-01,14850,ChargePoint,1480.6200000000003,124,301,345,2,4
2020-01-01,14850,ChargePoint,1703.38,174,370,555,2,3
2019-12-01,14850,ChargePoint,1301.8960000000004,149,307,505,3,6
2019-11-01,14850,ChargePoint,1252.8450000000003,163,278,409,3,6
2019-03-01,14850,ChargePoint,1224.7420000000002,188,283,409,3,6
2019-02-01,14850,ChargePoint,1045.6139999999998,156,251,410,3,6
2019-01-01,14850,ChargePoint,1121.7109999999998,133,259,416,3,6
2018-12-01,14850,ChargePoint,1115.5180000000005,144,256,419,3,6
2018-11-01,14850,ChargePoint,673.4520000000001,98,168,316,3,5
2018-03-01,14850,ChargePoint,851.3920000000002,117,226,382,3,6
2018-02-01,14850,ChargePoint,904.1019999999996,126,230,367,3,6
2018-01-01,14850,ChargePoint,874.6949999999999,129,231,304,3,6
2017-12-01,14850,ChargePoint,944.9540000000004,107,209,249,3,6
2017-11-01,14850,ChargePoint,1040.8859999999997,149,249,332,3,6
2017-02-01,14850,ChargePoint,485.8299999999999,74,140,184,3,6
2017-01-01,14850,ChargePoint,508.94199999999995,73,137,175,3,6
2016-12-01,14850,ChargePoint,606.2950000000002,84,150,185,3,6
2016-11-01,14850,ChargePoint,457.42700000000013,78,129,175,3,6
2016-03-01,14850,ChargePoint,454.86600000000016,58,115,192,3,6
2016-02-01,14850,ChargePoint,459.254,65,114,153,3,6
2016-01-01,14850,ChargePoint,333.60299999999995,42,82,100,3,6
2015-12-01,14850,ChargePoint,315.2939999999999,35,85,213,3,6
2020-12-01,14850,ChargePoint,231.97100000000003,22,49,102,2,4
2020-11-01,14850,ChargePoint,787.0219999999998,70,170,272,2,4
2020-12-01,11201,ChargePoint,3.822,4,1,1,1,2
2020-11-01,11201,ChargePoint,731.566,22,128,209,1,2
2020-02-01,11201,ChargePoint,90.69399999999999,4,18,30,1,2
2020-01-01,11201,ChargePoint,118.002,8,21,22,1,2
2019-12-01,11201,ChargePoint,32.635999999999996,2,5,10,1,1
2019-11-01,11201,ChargePoint,183.519,10,30,41,1,2
2019-01-01,11201,ChargePoint,22.852,3,7,12,1,2
2018-11-01,11201,ChargePoint,24.517000000000003,3,8,11,1,1
2018-01-01,11201,ChargePoint,28.316,1,9,9,1,1
2017-12-01,11201,ChargePoint,2.707,1,1,3,1,1
2017-11-01,11201,ChargePoint,72.714,3,13,15,1,1
2017-02-01,11201,ChargePoint,0.0,6,0,10,1,2
2017-01-01,11201,ChargePoint,122.22800000000001,9,20,104,1,2
2016-12-01,11201,ChargePoint,113.793,11,19,117,1,2
2016-11-01,11201,ChargePoint,23.617,24,6,129,1,2
2016-03-01,11201,ChargePoint,252.699,6,42,53,1,2
2016-02-01,11201,ChargePoint,229.628,7,39,63,1,2
2016-01-01,11201,ChargePoint,227.33700000000002,4,36,36,1,1
2015-12-01,11201,ChargePoint,221.196,5,37,44,1,2
2015-11-01,11201,ChargePoint,143.645,4,22,23,1,1
2016-02-01,10282,ChargePoint,269.349,24,45,83,3,6
2015-11-01,10282,ChargePoint,330.33199999999994,22,55,83,2,3
2020-02-01,10282,ChargePoint,496.294,28,82,102,2,4
2018-01-01,10282,ChargePoint,638.7510000000001,24,109,136,2,3
2017-12-01,10282,ChargePoint,314.844,18,59,86,2,4
2017-11-01,10282,ChargePoint,394.42900000000003,28,75,124,2,4
2017-03-01,10282,ChargePoint,335.317,20,60,66,2,3
2017-02-01,10282,ChargePoint,279.469,14,50,68,2,3
2017-01-01,10282,ChargePoint,530.5129999999999,27,93,156,2,3
2016-12-01,10282,ChargePoint,662.95,58,130,179,2,4
2016-11-01,10282,ChargePoint,176.01500000000001,15,36,44,2,4
2016-02-01,10010,ChargePoint,579.399,16,92,122,1,1
2016-01-01,10010,ChargePoint,310.61999999999995,10,51,64,1,1
2015-12-01,10010,ChargePoint,464.17299999999994,14,75,114,1,1
2015-11-01,10010,ChargePoint,398.924,13,64,111,1,1
2020-03-01,10010,ChargePoint,321.378,8,53,67,1,1
2020-02-01,10010,ChargePoint,604.558,16,101,132,1,2
2020-01-01,10010,ChargePoint,615.2850000000001,16,102,131,1,2
2019-12-01,10010,ChargePoint,804.076,25,132,203,1,2
2019-11-01,10010,ChargePoint,789.426,25,131,203,1,2
2019-02-01,10010,ChargePoint,816.6150000000001,22,136,168,1,2
2019-01-01,10010,ChargePoint,538.809,16,90,148,1,2
2018-12-01,10010,ChargePoint,758.0749999999999,21,125,156,1,2
2018-11-01,10010,ChargePoint,408.68299999999994,12,69,105,1,2
2018-02-01,10010,ChargePoint,685.4169999999999,20,114,166,1,2
2018-01-01,10010,ChargePoint,604.116,18,103,170,1,2
2017-12-01,10010,ChargePoint,816.6949999999999,25,150,215,1,2
2017-11-01,10010,ChargePoint,597.693,19,102,187,1,2
2016-12-01,10010,ChargePoint,923.27,34,152,221,1,2
2017-03-01,10010,ChargePoint,474.64900000000006,22,78,109,1,1
2017-02-01,10010,ChargePoint,566.6150000000001,23,93,122,1,1
2017-01-01,10010,ChargePoint,753.95,28,124,167,1,1
2016-11-01,10010,ChargePoint,1054.7250000000004,36,175,237,1,2
2016-01-01,10282,ChargePoint,193.584,17,32,39,1,2
2015-12-01,10282,ChargePoint,290.23799999999994,20,50,78,2,3
2020-01-01,10282,ChargePoint,638.982,31,106,131,1,2
2019-12-01,10282,ChargePoint,755.196,28,128,144,1,2
2019-02-01,10282,ChargePoint,592.219,19,97,114,1,2
2018-11-01,10282,ChargePoint,457.585,22,74,84,1,1
2018-03-01,10282,ChargePoint,443.81100000000004,17,72,102,1,2
2018-02-01,10282,ChargePoint,640.2069999999998,25,105,139,1,2
2019-11-01,10282,ChargePoint,1175.3700000000003,52,193,221,1,2
2019-01-01,10282,ChargePoint,243.355,9,39,43,1,2
2018-12-01,10282,ChargePoint,455.9570000000001,16,74,90,1,2
2019-03-01,10282,ChargePoint,496.38,23,84,118,1,2
2018-02-01,14127,ChargePoint,47.68599999999999,5,16,21,1,2
2018-01-01,14127,ChargePoint,209.743,21,50,58,1,2
2017-12-01,14127,ChargePoint,171.47799999999998,12,42,54,1,2
2017-11-01,14127,ChargePoint,203.773,29,67,143,1,2
2017-02-01,14127,ChargePoint,95.77900000000001,12,32,53,1,2
2017-01-01,14127,ChargePoint,91.53500000000001,10,31,49,1,2
2016-12-01,14127,ChargePoint,121.26100000000002,14,41,59,1,2
2016-11-01,14127,ChargePoint,174.40300000000005,24,58,117,1,2
2016-03-01,14127,ChargePoint,158.986,18,52,107,1,2
2016-02-01,14127,ChargePoint,124.91499999999999,17,41,62,1,2
2016-01-01,14127,ChargePoint,94.828,11,28,37,1,1
2015-12-01,14127,ChargePoint,168.03599999999997,21,55,103,1,2
2015-11-01,14127,ChargePoint,113.628,13,33,54,1,2
2020-03-01,12901,ChargePoint,830.2370000000003,64,185,280,3,6
2020-02-01,12901,ChargePoint,1432.3440000000003,112,310,500,4,8
2020-01-01,12901,ChargePoint,1178.5519999999995,81,256,428,3,5
2019-12-01,12901,ChargePoint,760.4680000000002,60,167,261,3,5
2019-11-01,12901,ChargePoint,771.9509999999998,66,164,378,3,5
2019-03-01,12901,ChargePoint,460.822,49,108,246,3,5
2019-02-01,12901,ChargePoint,435.9460000000001,39,103,189,3,6
2018-12-01,12901,ChargePoint,522.3820000000001,61,147,296,3,6
2017-02-01,12901,ChargePoint,37.882000000000005,8,16,28,2,3
2016-11-01,12901,ChargePoint,22.728,7,7,22,2,3
2019-01-01,12901,ChargePoint,436.6899999999999,53,143,225,3,6
2018-11-01,12901,ChargePoint,340.9419999999999,51,102,269,3,5
2019-03-01,14063,ChargePoint,343.513,28,52,111,1,2
2019-02-01,14063,ChargePoint,411.6689999999999,23,60,119,1,2
2019-01-01,14063,ChargePoint,274.558,10,41,52,1,2
2018-12-01,14063,ChargePoint,255.526,21,39,66,1,2
2018-12-01,13820,ChargePoint,125.85299999999998,13,32,41,1,2
2018-12-01,12504,ChargePoint,8.073,1,2,2,1,1
2018-11-01,13820,ChargePoint,116.453,11,32,37,1,2
2018-11-01,14063,ChargePoint,184.78000000000003,13,31,50,1,2
2018-11-01,12504,ChargePoint,5.857,3,1,1,1,2
2018-02-01,13820,ChargePoint,125.50299999999999,19,35,41,1,2
2018-02-01,14063,ChargePoint,38.915,4,7,7,1,2
2018-01-01,12504,ChargePoint,68.907,4,13,14,1,2
2018-01-01,13820,ChargePoint,154.517,17,48,57,1,2
2017-12-01,12504,ChargePoint,76.13499999999999,4,14,16,1,1
2017-12-01,13820,ChargePoint,149.97600000000003,17,45,48,1,2
2017-11-01,13820,ChargePoint,217.523,23,58,65,1,2
2017-11-01,14063,ChargePoint,38.35,4,6,6,1,2
2017-11-01,12504,ChargePoint,87.214,4,17,24,1,2
2017-03-01,12504,ChargePoint,43.222,4,9,10,1,2
2017-02-01,13820,ChargePoint,147.82699999999997,16,43,52,1,2
2016-12-01,13820,ChargePoint,79.13499999999999,10,23,25,1,1
2016-11-01,12504,ChargePoint,3.103,1,1,1,1,1
2016-03-01,14063,ChargePoint,7.084,1,1,1,1,1
2016-01-01,14063,ChargePoint,8.286999999999999,2,3,4,1,1
2015-12-01,14063,ChargePoint,7.448,2,2,3,1,1
2015-11-01,14063,ChargePoint,80.924,8,15,27,1,2
2015-11-01,12504,ChargePoint,4.451,2,1,1,1,2
2020-11-01,14063,ChargePoint,0.0,10,0,1,1,2
2020-01-01,12504,ChargePoint,437.87800000000016,42,73,73,1,1
2020-01-01,13820,ChargePoint,259.75500000000005,39,82,96,1,2
2020-01-01,14063,ChargePoint,0.0,2,0,0,1,1
2019-12-01,14063,ChargePoint,0.0,10,0,0,1,2
2019-12-01,12504,ChargePoint,122.791,14,20,20,1,1
2019-12-01,13820,ChargePoint,42.516,16,14,15,1,2
2019-11-01,12812,ChargePoint,3.001,1,0,0,1,1
2019-11-01,12504,ChargePoint,60.37299999999999,14,10,10,1,1
2019-11-01,13820,ChargePoint,207.95000000000002,33,68,74,1,2
2019-01-01,12812,ChargePoint,125.244,3,22,28,1,1
2019-01-01,12504,ChargePoint,2.976,1,0,1,1,1
2019-01-01,13820,ChargePoint,121.55099999999999,14,40,50,1,2
2018-11-01,12812,ChargePoint,1.676,1,0,0,1,1
2018-03-01,12812,ChargePoint,7.211,2,1,1,1,1
2018-02-01,12504,ChargePoint,35.046,4,6,6,1,2
2018-01-01,14063,ChargePoint,11.336,1,4,4,1,1
2017-11-01,12812,ChargePoint,17.724,2,3,3,1,1
2017-01-01,12504,ChargePoint,12.446,2,4,4,1,2
2017-01-01,14063,ChargePoint,3.903,1,1,1,1,1
2017-01-01,12812,ChargePoint,4.371,1,1,1,1,1
2016-01-01,12504,ChargePoint,2.172,1,0,0,1,1
2016-02-01,13820,ChargePoint,99.56199999999998,12,33,37,1,1
2015-12-01,13820,ChargePoint,37.34,4,12,17,1,1
2015-11-01,13820,ChargePoint,87.865,9,29,32,1,1
2020-02-01,13820,ChargePoint,453.4279999999999,58,145,164,2,4
2019-03-01,13820,ChargePoint,173.622,20,54,66,1,2
2019-02-01,13820,ChargePoint,200.573,22,61,74,1,2
2018-03-01,13820,ChargePoint,116.63400000000001,15,36,46,1,2
2017-03-01,13820,ChargePoint,112.92900000000002,13,35,40,1,2
2017-01-01,13820,ChargePoint,135.77800000000002,13,39,45,1,2
2016-11-01,13820,ChargePoint,136.32,15,37,43,1,2
2017-02-01,12110,ChargePoint,329.50399999999996,33,101,218,2,4
2016-11-01,12110,ChargePoint,489.18499999999995,51,143,223,2,4
2015-12-01,12110,ChargePoint,374.73,40,119,183,2,4
2018-03-01,12110,ChargePoint,101.947,16,35,67,2,4
2017-01-01,12110,ChargePoint,448.19399999999996,48,136,228,2,3
2016-12-01,12110,ChargePoint,400.57299999999987,45,124,195,2,2
2016-03-01,12110,ChargePoint,476.1340000000001,46,141,257,2,4
2016-02-01,12110,ChargePoint,428.63599999999997,40,131,219,2,3
2016-01-01,12110,ChargePoint,401.5920000000001,46,130,254,2,3
2018-03-01,10460,ChargePoint,383.50899999999996,62,114,325,2,4
2018-02-01,10460,ChargePoint,233.14,49,79,224,2,4
2018-01-01,10460,ChargePoint,304.28299999999996,79,89,244,2,4
2017-12-01,10460,ChargePoint,557.5529999999999,59,144,300,2,4
2017-11-01,10460,ChargePoint,451.228,73,135,362,2,4
2017-03-01,10460,ChargePoint,116.868,14,33,56,1,2
2017-02-01,10460,ChargePoint,159.615,23,43,104,2,3
2017-01-01,10460,ChargePoint,121.46900000000001,16,39,113,1,2
2016-12-01,10460,ChargePoint,153.83199999999997,24,49,97,1,2
2016-11-01,10460,ChargePoint,172.83700000000002,22,49,85,2,3
2016-03-01,10460,ChargePoint,192.99899999999994,38,84,223,2,3
2016-02-01,10460,ChargePoint,189.99099999999999,29,71,153,1,2
2016-01-01,10460,ChargePoint,121.05499999999999,29,67,140,2,3
2015-12-01,10460,ChargePoint,298.466,44,102,222,2,3
2020-03-01,10577,ChargePoint,9243.040999999994,493,1875,3451,16,29
2020-02-01,10577,ChargePoint,21223.850999999995,1047,4315,6886,16,31
2020-01-01,10577,ChargePoint,23949.79699999999,1183,4868,7411,15,29
2019-11-01,10577,ChargePoint,9500.329000000005,471,1878,3171,15,27
2018-11-01,11738,ChargePoint,280.083,49,83,156,2,4
2018-03-01,11738,ChargePoint,948.0950000000001,117,282,494,2,4
2018-02-01,11738,ChargePoint,1027.4749999999997,117,292,566,2,4
2018-01-01,11738,ChargePoint,669.249,86,204,357,2,4
2017-12-01,11738,ChargePoint,854.0739999999996,108,250,483,2,4
2017-11-01,11738,ChargePoint,1281.2499999999998,159,349,661,2,4
2017-03-01,11738,ChargePoint,690.4240000000004,80,193,381,2,3
2017-02-01,11738,ChargePoint,629.578,70,171,309,2,3
2017-01-01,11738,ChargePoint,641.007,85,193,345,2,4
2016-12-01,11738,ChargePoint,620.8030000000001,66,163,320,2,4
2016-11-01,11738,ChargePoint,834.8809999999999,72,215,385,2,4
2016-03-01,11738,ChargePoint,612.3539999999999,62,174,386,2,4
2016-02-01,11738,ChargePoint,506.658,47,137,298,2,4
2016-01-01,11738,ChargePoint,203.84300000000002,36,64,179,2,4
2015-12-01,11738,ChargePoint,332.26499999999993,47,95,241,2,3
2017-01-01,12496,ChargePoint,784.4849999999998,58,133,155,1,2
2016-12-01,12496,ChargePoint,946.0360000000001,73,164,203,1,2
2016-11-01,12496,ChargePoint,140.75300000000001,8,26,28,1,2
2016-03-01,12496,ChargePoint,183.429,9,32,46,1,2
2016-02-01,12496,ChargePoint,658.5040000000002,32,118,155,1,2
2016-01-01,12496,ChargePoint,481.5259999999999,30,94,161,1,2
2015-12-01,12496,ChargePoint,393.15300000000013,22,74,129,1,2
2015-11-01,12496,ChargePoint,103.747,11,26,46,1,2
2020-02-01,12496,ChargePoint,1309.1709999999998,154,237,296,1,2
2020-01-01,12496,ChargePoint,1192.0229999999997,94,208,249,1,2
2019-12-01,12496,ChargePoint,1012.0600000000001,79,171,214,1,2
2019-11-01,12496,ChargePoint,37.318999999999996,8,6,10,1,2
2019-01-01,12496,ChargePoint,646.643,30,117,137,1,2
2018-12-01,12496,ChargePoint,1296.606,58,229,318,1,2
2018-11-01,12496,ChargePoint,442.37,30,78,127,1,2
2018-03-01,12496,ChargePoint,895.8470000000002,55,164,215,1,2
2018-02-01,12496,ChargePoint,882.3100000000001,56,160,191,1,2
2018-01-01,12496,ChargePoint,900.5410000000002,51,177,233,1,2
2017-12-01,12496,ChargePoint,871.192,68,173,259,1,2
2017-11-01,12496,ChargePoint,110.472,10,29,44,1,2
2017-03-01,12496,ChargePoint,376.191,20,70,73,1,2
2017-02-01,12496,ChargePoint,839.4350000000001,39,154,208,1,2
2019-03-01,12571,ChargePoint,1334.419,108,273,372,2,4
2019-02-01,12571,ChargePoint,820.474,63,157,198,2,4
2019-01-01,12571,ChargePoint,1010.2290000000003,73,197,240,2,4
2018-12-01,12571,ChargePoint,624.0650000000003,77,135,185,3,5
2018-11-01,12571,ChargePoint,743.176,77,154,264,3,5
2018-03-01,12571,ChargePoint,423.3869999999999,69,116,202,3,5
2018-02-01,12571,ChargePoint,438.76099999999997,66,122,216,3,6
2018-01-01,12571,ChargePoint,309.54900000000004,66,106,160,3,6
2017-11-01,12571,ChargePoint,595.3910000000002,99,156,260,3,6
2020-12-01,12571,ChargePoint,1482.0620000000004,108,267,362,5,9
2020-11-01,12571,ChargePoint,1375.466,136,269,422,5,9
2020-03-01,12571,ChargePoint,1452.7240000000002,154,282,446,4,8
2020-02-01,12571,ChargePoint,1536.9700000000007,132,324,424,5,9
2020-01-01,12571,ChargePoint,2207.1940000000013,228,455,638,5,9
2019-12-01,12571,ChargePoint,690.9740000000002,79,139,192,4,8
2019-11-01,12571,ChargePoint,520.8480000000001,64,122,183,4,8
2020-03-01,11901,ChargePoint,3744.2760000000017,254,713,1380,3,6
2020-02-01,11901,ChargePoint,3969.148,332,801,1698,3,6
2020-01-01,11901,ChargePoint,3622.1839999999984,312,742,1581,3,6
2019-12-01,11901,ChargePoint,1704.181,167,371,846,3,6
2019-11-01,11901,ChargePoint,1729.3939999999998,190,403,836,3,6
2019-02-01,11901,ChargePoint,1210.2810000000006,146,297,682,3,6
2019-03-01,11901,ChargePoint,1515.522,177,368,1042,3,6
2019-01-01,11901,ChargePoint,1320.222,123,281,654,3,6
2018-12-01,11901,ChargePoint,521.3199999999998,69,165,712,3,5
2018-11-01,11901,ChargePoint,657.3479999999998,96,187,509,2,4
2020-12-01,13088,ChargePoint,1568.1950000000008,188,343,500,6,11
2020-12-01,11803,ChargePoint,0.634,2,0,0,1,1
2020-12-01,14210,ChargePoint,11.477,5,7,7,1,1
2020-11-01,13088,ChargePoint,2793.9839999999995,304,595,834,7,13
2020-11-01,12946,ChargePoint,516.3419999999998,131,138,167,5,10
2020-03-01,12946,ChargePoint,334.01800000000003,28,58,66,2,4
2020-03-01,14210,ChargePoint,386.32800000000003,80,108,217,5,9
2020-03-01,13088,ChargePoint,2815.1039999999994,306,588,843,7,13
2020-03-01,12084,ChargePoint,1006.2709999999997,134,237,345,4,7
2020-02-01,14210,ChargePoint,551.75,88,140,281,5,10
2020-02-01,13088,ChargePoint,3630.4500000000003,304,716,886,7,14
2020-02-01,12946,ChargePoint,1559.0140000000004,76,253,374,2,4
2020-01-01,14210,ChargePoint,333.0480000000001,68,139,299,5,9
2020-01-01,12946,ChargePoint,988.9040000000001,52,146,228,2,4
2020-01-01,13088,ChargePoint,4178.013999999997,350,920,1139,7,14
2020-01-01,12804,ChargePoint,1022.5490000000001,63,190,243,4,7
2019-12-01,12946,ChargePoint,390.07000000000005,17,59,137,2,4
2019-12-01,14210,ChargePoint,158.47500000000002,55,62,193,5,10
2019-12-01,12084,ChargePoint,1656.4989999999998,167,353,446,4,6
2019-12-01,13088,ChargePoint,1547.6910000000003,131,337,445,8,16
2019-11-01,14210,ChargePoint,233.528,44,87,180,4,8
2019-11-01,12946,ChargePoint,132.92,14,23,33,2,3
2020-12-01,12946,ChargePoint,990.2779999999999,152,220,301,13,20
2020-03-01,12804,ChargePoint,602.534,50,122,328,4,6
2019-12-01,12203,ChargePoint,2693.5579999999986,298,581,887,7,11
2019-12-01,12804,ChargePoint,802.8740000000003,41,150,255,3,5
2019-11-01,12203,ChargePoint,2850.9160000000015,322,635,1015,8,13
2019-11-01,12804,ChargePoint,436.7169999999999,31,103,241,6,8
2020-12-01,14513,ChargePoint,1004.7349999999998,68,215,563,7,9
2020-11-01,14513,ChargePoint,835.424,70,176,585,6,8
2020-03-01,14513,ChargePoint,757.0859999999999,104,181,868,10,14
2020-02-01,14513,ChargePoint,1019.5360000000004,108,239,779,9,13
2020-01-01,14513,ChargePoint,842.576,126,210,803,9,14
2019-12-01,14513,ChargePoint,313.86400000000003,45,85,346,8,11
2019-11-01,14513,ChargePoint,475.8189999999999,68,103,422,10,15
2020-12-01,12853,ChargePoint,1693.572,158,376,399,3,6
2020-03-01,12853,ChargePoint,1041.2639999999997,70,243,290,3,6
2020-02-01,12853,ChargePoint,3413.766000000003,260,904,1233,3,6
2020-01-01,12853,ChargePoint,2437.9880000000003,220,646,888,3,6
2019-12-01,12853,ChargePoint,1039.437,74,241,272,3,6
2019-11-01,12853,ChargePoint,317.0309999999999,26,65,74,3,6
2020-11-01,12180,ChargePoint,3266.7509999999975,407,703,1143,14,25
2020-03-01,13202,ChargePoint,1394.5759999999996,172,356,795,4,8
2020-02-01,13202,ChargePoint,2342.961999999999,333,645,1575,4,8
2020-01-01,13202,ChargePoint,2957.122000000003,388,767,1791,4,8
2019-12-01,13202,ChargePoint,1171.3050000000005,148,306,722,4,8
2019-11-01,13202,ChargePoint,1179.7150000000001,166,318,655,4,8
2020-12-01,10577,ChargePoint,1418.0869999999998,77,277,480,7,11
2020-11-01,10577,ChargePoint,1771.2680000000005,82,353,611,5,9
2020-12-01,12206,ChargePoint,2777.9060000000013,319,545,825,2,4
2020-11-01,12206,ChargePoint,3435.5539999999987,380,629,1063,2,4
2020-03-01,12206,ChargePoint,2154.6399999999994,474,453,708,2,4
2020-02-01,12206,ChargePoint,2829.8440000000005,470,572,874,2,4
2020-01-01,12206,ChargePoint,2589.659999999999,516,524,702,2,4
2019-12-01,12206,ChargePoint,1311.1879999999996,239,260,311,2,4
2019-11-01,12206,ChargePoint,1089.294,179,210,253,2,4
2020-12-01,11530,ChargePoint,2451.3800000000006,218,587,857,9,15
2020-11-01,11530,ChargePoint,3034.7760000000007,274,730,1313,10,17
2020-03-01,11530,ChargePoint,3059.865999999999,340,756,1707,13,25
2020-02-01,11530,ChargePoint,6535.515,671,1600,3665,13,25
2020-01-01,11530,ChargePoint,5420.966000000001,521,1266,2824,12,23
2019-12-01,11530,ChargePoint,2454.3999999999996,221,591,1263,10,19
2019-11-01,11530,ChargePoint,2531.4670000000015,280,628,1386,7,14
2019-03-01,11530,ChargePoint,2290.426999999999,243,642,1519,7,14
2019-02-01,11530,ChargePoint,1804.556999999999,191,513,1210,7,14
2019-01-01,11530,ChargePoint,2017.5019999999995,241,591,1258,7,14
2018-12-01,11530,ChargePoint,1787.6620000000003,190,528,1025,7,14
2018-11-01,11530,ChargePoint,1330.8809999999992,185,448,1156,7,13
2020-12-01,12561,ChargePoint,692.086,111,144,235,11,15
2020-11-01,12561,ChargePoint,1816.6840000000002,232,393,670,13,20
2020-02-01,12561,ChargePoint,6193.077,654,1455,2864,14,25
2020-01-01,12561,ChargePoint,5161.627,493,1212,2187,14,25
2019-12-01,12561,ChargePoint,2664.9019999999987,255,611,987,14,25
2019-11-01,12561,ChargePoint,3122.187999999998,325,765,1504,14,27
2019-03-01,12561,ChargePoint,1161.3919999999998,170,328,726,3,6
2019-02-01,12561,ChargePoint,1167.8990000000006,158,335,664,3,6
2019-01-01,12561,ChargePoint,768.2599999999999,111,227,487,3,6
2018-12-01,12561,ChargePoint,803.3799999999999,114,238,496,3,6
2018-11-01,12561,ChargePoint,1203.470000000001,169,351,714,3,6
2020-12-01,12020,ChargePoint,3097.193000000001,332,608,1134,6,12
2020-11-01,12020,ChargePoint,4191.661999999997,406,811,1643,6,11
2020-03-01,12020,ChargePoint,5374.6660000000065,474,1086,2158,7,14
2020-02-01,12020,ChargePoint,7372.95,538,1542,3132,7,14
2020-01-01,12020,ChargePoint,8808.047999999993,688,1910,3529,7,14
2019-12-01,12020,ChargePoint,2623.9209999999994,166,538,1057,6,12
2019-11-01,12020,ChargePoint,2672.438,157,520,1043,6,12
2020-12-01,12065,ChargePoint,4749.900999999998,606,1030,1385,24,38
2020-11-01,12065,ChargePoint,6394.836000000003,679,1275,1854,24,35
2020-02-01,12065,ChargePoint,7203.058000000001,1092,1894,3533,19,34
2020-01-01,12065,ChargePoint,7240.014000000007,1055,1847,3447,18,32
2019-12-01,12065,ChargePoint,2723.235999999998,369,678,1451,12,20
2019-11-01,12065,ChargePoint,2665.0200000000004,329,648,1341,11,20
2020-12-01,12866,ChargePoint,3138.496000000001,590,712,1196,31,43
2020-11-01,12866,ChargePoint,2650.1420000000016,544,605,945,20,30
2020-02-01,12866,ChargePoint,7736.018999999998,1191,1922,3356,22,40
2020-01-01,12866,ChargePoint,7082.815999999993,1156,1648,3557,24,41
2019-12-01,12866,ChargePoint,3383.7440000000006,563,794,1376,24,38
2019-11-01,12866,ChargePoint,3646.8780000000015,526,829,1461,27,40
2018-03-01,12561,ChargePoint,620.952,108,197,401,3,5
2018-02-01,12561,ChargePoint,722.9699999999999,114,235,415,3,5
2018-01-01,12561,ChargePoint,725.2109999999997,102,226,382,3,5
2017-12-01,12561,ChargePoint,619.1700000000001,98,198,302,3,5
2017-11-01,12561,ChargePoint,1078.7910000000002,178,316,481,3,6
2017-02-01,12561,ChargePoint,337.14200000000005,54,112,159,3,6
2017-01-01,12561,ChargePoint,366.00600000000003,59,119,130,3,6
2016-12-01,12561,ChargePoint,236.31499999999997,38,76,108,3,5
2016-11-01,12561,ChargePoint,368.6449999999999,62,126,183,3,6
2016-03-01,12561,ChargePoint,85.893,13,27,32,3,6
2016-02-01,12561,ChargePoint,20.804999999999996,8,6,7,3,3
2015-12-01,12561,ChargePoint,54.68899999999999,8,16,22,3,4
2015-11-01,12561,ChargePoint,103.94399999999999,13,28,30,3,5
2016-01-01,12561,ChargePoint,100.83399999999999,14,32,38,3,4
2019-01-01,12428,ChargePoint,15.738,4,5,5,1,1
2018-12-01,12428,ChargePoint,36.019999999999996,3,6,6,1,1
2018-11-01,12428,ChargePoint,42.26,5,10,12,1,2
2018-03-01,12428,ChargePoint,22.892,4,6,7,1,2
2018-02-01,12428,ChargePoint,117.07900000000001,10,22,27,1,2
2017-12-01,12428,ChargePoint,127.387,6,22,31,1,2
2017-11-01,12428,ChargePoint,4.859,1,3,10,1,1
2017-03-01,12428,ChargePoint,30.448,3,11,11,1,2
2017-02-01,12428,ChargePoint,23.023,2,5,5,1,1
2017-01-01,12428,ChargePoint,20.079,2,7,9,1,2
2016-11-01,12428,ChargePoint,24.267000000000003,4,7,21,1,1
2016-03-01,12428,ChargePoint,125.09700000000001,14,44,60,1,2
2016-02-01,12428,ChargePoint,144.10299999999998,13,51,76,1,1
2016-01-01,12428,ChargePoint,199.23499999999999,17,68,83,1,1
2015-12-01,12428,ChargePoint,136.329,13,47,84,1,1
2015-11-01,12428,ChargePoint,124.41500000000002,13,45,84,1,1
2015-12-01,12401,ChargePoint,324.53400000000005,52,84,114,6,12
2019-01-01,10562,ChargePoint,212.496,23,44,44,1,2
2018-11-01,10562,ChargePoint,20.128999999999998,4,5,14,1,2
2017-03-01,10562,ChargePoint,10.929,2,2,2,1,2
2017-01-01,10562,ChargePoint,0.499,1,0,0,1,1
2016-12-01,10562,ChargePoint,14.787,1,4,4,1,1
2016-11-01,10562,ChargePoint,21.846,3,4,4,1,2
2016-02-01,10562,ChargePoint,15.08,1,2,2,1,1
2016-01-01,10562,ChargePoint,0.417,1,0,0,1,1
2015-12-01,10562,ChargePoint,44.482,2,7,8,1,1
2018-03-01,10562,ChargePoint,103.64,9,20,20,1,1
2020-12-01,10562,ChargePoint,32.562000000000005,4,11,11,1,1
2020-11-01,10562,ChargePoint,54.763999999999996,7,18,18,1,1
2020-03-01,10562,ChargePoint,76.29799999999999,10,25,27,1,1
2020-02-01,10562,ChargePoint,64.123,8,21,22,1,1
2020-01-01,10562,ChargePoint,50.903000000000006,6,16,17,1,1
2019-12-01,10562,ChargePoint,51.156,7,16,18,1,2
2019-11-01,10562,ChargePoint,45.104,6,14,15,1,1
2019-03-01,10562,ChargePoint,97.65199999999999,11,25,25,1,1
2019-02-01,10562,ChargePoint,173.507,21,33,33,1,2
2018-12-01,10562,ChargePoint,132.28,14,28,28,1,1
2018-02-01,10562,ChargePoint,55.361000000000004,7,12,12,1,2
2018-01-01,10562,ChargePoint,63.31600000000001,9,14,14,1,2
2017-12-01,10562,ChargePoint,45.172,4,9,9,1,2
2017-11-01,10562,ChargePoint,48.653000000000006,3,8,8,1,1
2017-02-01,10562,ChargePoint,2.586,1,1,1,1,1
2018-01-01,10522,ChargePoint,195.16300000000004,39,32,46,1,2
2017-12-01,10522,ChargePoint,327.189,41,57,80,1,2
2017-11-01,10522,ChargePoint,95.977,14,17,25,1,2
2017-03-01,10522,ChargePoint,98.26899999999999,15,21,25,1,2
2017-02-01,10522,ChargePoint,74.26,10,18,23,1,2
2017-01-01,10522,ChargePoint,113.36199999999998,17,29,31,1,2
2016-12-01,10522,ChargePoint,219.70199999999997,26,47,55,1,2
2016-11-01,10522,ChargePoint,123.694,17,25,26,1,2
2016-03-01,10522,ChargePoint,327.64200000000005,32,60,69,1,2
2016-02-01,10522,ChargePoint,222.92199999999997,19,40,43,1,2
2016-01-01,10522,ChargePoint,515.0860000000001,43,93,108,1,2
2015-12-01,10522,ChargePoint,440.73000000000013,35,75,105,1,2
2015-11-01,10522,ChargePoint,402.81000000000006,33,70,97,1,2
2020-11-01,10522,ChargePoint,188.066,12,28,34,1,2
2020-02-01,10522,ChargePoint,177.878,26,33,34,1,2
2020-01-01,10522,ChargePoint,161.83999999999997,28,44,48,1,2
2019-12-01,10522,ChargePoint,50.787000000000006,12,11,13,1,2
2019-11-01,10522,ChargePoint,120.368,16,26,29,1,2
2019-03-01,10522,ChargePoint,187.15400000000002,25,30,44,1,2
2019-02-01,10522,ChargePoint,141.4,21,26,32,1,2
2019-01-01,10522,ChargePoint,295.527,33,50,52,1,2
2018-12-01,10522,ChargePoint,236.173,33,37,50,1,2
2018-11-01,10522,ChargePoint,388.3299999999999,30,59,84,1,2
2018-03-01,10522,ChargePoint,273.025,58,54,69,1,2
2018-02-01,10522,ChargePoint,160.497,18,26,28,1,2
2020-12-01,10522,ChargePoint,3.274,4,1,1,1,1
2020-03-01,10522,ChargePoint,71.934,8,20,22,1,1
2019-02-01,12303,ChargePoint,300.7400000000001,41,109,192,1,2
2018-12-01,12303,ChargePoint,333.76699999999994,46,117,195,1,2
2018-11-01,12303,ChargePoint,384.9689999999998,61,129,221,1,2
2018-03-01,12303,ChargePoint,324.087,45,107,181,1,2
2018-02-01,12303,ChargePoint,383.04799999999994,49,127,228,1,2
2018-01-01,12303,ChargePoint,361.4119999999998,49,138,257,1,2
2016-12-01,12303,ChargePoint,0.655,1,0,0,1,1
2016-11-01,12303,ChargePoint,5.867,1,1,1,1,1
2015-11-01,12303,ChargePoint,22.543,4,11,21,1,1
2019-03-01,12303,ChargePoint,343.649,51,131,194,1,2
2019-01-01,12303,ChargePoint,371.974,50,131,222,1,2
2017-12-01,12303,ChargePoint,266.84599999999983,36,89,189,1,2
2017-11-01,12303,ChargePoint,295.91099999999994,43,95,176,1,2
2020-01-01,12303,ChargePoint,0.316,10,0,0,1,2
2020-12-01,13408,ChargePoint,44.418000000000006,8,15,15,1,2
2020-11-01,13408,ChargePoint,44.188,4,7,7,1,2
2020-01-01,13408,ChargePoint,110.45200000000001,16,29,47,1,2
2019-11-01,13408,ChargePoint,4.386,2,1,1,1,1
2019-02-01,13408,ChargePoint,26.459,5,9,15,1,2
2019-01-01,13408,ChargePoint,21.925,4,8,12,1,1
2019-01-01,12180,ChargePoint,447.6959999999999,78,87,502,3,5
2018-12-01,12180,ChargePoint,727.554,107,137,749,2,3
2018-11-01,13408,ChargePoint,30.695,7,11,14,1,2
2018-03-01,10926,ChargePoint,196.054,16,52,56,1,2
2018-02-01,10926,ChargePoint,92.52800000000002,11,29,31,1,2
2018-01-01,10926,ChargePoint,53.259,10,17,17,1,2
2018-01-01,14456,ChargePoint,265.679,20,50,62,2,4
2017-12-01,10926,ChargePoint,64.81899999999999,10,19,19,1,2
2017-12-01,13408,ChargePoint,23.445,2,5,6,1,1
2017-12-01,14456,ChargePoint,15.24,3,2,2,1,2
2017-11-01,10926,ChargePoint,52.458000000000006,13,17,18,1,2
2017-11-01,13408,ChargePoint,68.892,6,17,21,1,2
2017-03-01,14304,ChargePoint,64.267,12,11,11,1,2
2017-03-01,11362,ChargePoint,229.96000000000006,24,58,144,1,2
2017-03-01,13408,ChargePoint,56.536,4,14,16,1,1
2017-02-01,10926,ChargePoint,28.287000000000003,8,10,10,1,2
2017-01-01,10926,ChargePoint,13.71,6,3,3,1,2
2016-12-01,10926,ChargePoint,1.7730000000000001,3,1,1,1,2
2016-11-01,10926,ChargePoint,11.672,3,4,4,1,2
2015-11-01,13601,ChargePoint,18.095,4,6,8,1,2
2020-03-01,13408,ChargePoint,65.72600000000001,16,18,19,1,2
2020-02-01,13408,ChargePoint,204.548,30,57,86,1,2
2019-02-01,11362,ChargePoint,0.0,1,0,0,1,1
2018-12-01,13408,ChargePoint,18.860999999999997,4,5,9,1,2
2018-03-01,14304,ChargePoint,59.117000000000004,10,10,10,1,1
2018-03-01,13601,ChargePoint,24.540000000000003,3,8,9,1,1
2018-03-01,13408,ChargePoint,22.482,2,4,4,1,1
2018-02-01,14456,ChargePoint,974.5470000000001,72,199,303,2,3
2018-02-01,14304,ChargePoint,96.58000000000001,8,17,17,1,1
2018-01-01,14304,ChargePoint,133.64499999999998,14,23,23,1,1
2017-12-01,14304,ChargePoint,170.01000000000002,19,30,31,1,1
2017-12-01,13601,ChargePoint,14.406,3,5,8,1,1
2017-11-01,13601,ChargePoint,32.925,5,8,8,1,2
2017-11-01,14304,ChargePoint,18.529,4,3,3,1,1
2017-03-01,10926,ChargePoint,28.369999999999997,4,7,7,1,2
2017-02-01,11362,ChargePoint,134.56,17,36,110,1,2
2017-02-01,13408,ChargePoint,11.758,1,3,4,1,1
2017-02-01,13601,ChargePoint,26.317,1,5,5,1,1
2017-01-01,11362,ChargePoint,155.46000000000004,21,42,127,1,1
2016-12-01,11362,ChargePoint,189.268,37,48,124,1,2
2016-11-01,11362,ChargePoint,230.57900000000004,38,55,147,2,4
2016-11-01,14304,ChargePoint,29.026,3,8,8,1,1
2016-11-01,13601,ChargePoint,26.311999999999998,2,5,5,1,1
2016-03-01,13601,ChargePoint,12.202,1,5,8,1,1
2016-01-01,11362,ChargePoint,0.36,3,0,0,1,1
2015-12-01,10926,ChargePoint,140.94800000000004,24,29,31,1,2
2015-11-01,10926,ChargePoint,183.85299999999998,31,34,34,1,1
2018-03-01,12903,ChargePoint,162.732,14,40,60,1,2
2018-02-01,12903,ChargePoint,105.69399999999999,14,31,50,1,2
2018-02-01,12901,ChargePoint,87.823,7,22,22,1,1
2018-01-01,12901,ChargePoint,31.14,3,13,17,1,1
2018-01-01,12903,ChargePoint,94.94,9,31,38,1,2
2017-12-01,12903,ChargePoint,160.72100000000003,15,56,94,1,2
2017-12-01,12901,ChargePoint,40.290000000000006,6,13,16,1,2
2017-11-01,12901,ChargePoint,125.01799999999997,22,43,44,1,2
2017-11-01,12903,ChargePoint,109.212,12,27,30,1,2
2017-01-01,12903,ChargePoint,117.16799999999998,14,40,47,1,2
2017-01-01,12901,ChargePoint,46.07999999999999,16,16,17,1,1
2016-12-01,12903,ChargePoint,127.082,15,46,65,1,2
2016-11-01,12903,ChargePoint,196.15300000000002,25,72,81,1,2
2016-03-01,12901,ChargePoint,30.133,5,9,10,1,2
2016-01-01,12901,ChargePoint,6.075,2,1,1,1,1
2015-12-01,12901,ChargePoint,27.037999999999997,3,6,6,1,2
2015-11-01,12903,ChargePoint,62.185,7,11,12,1,2
2015-11-01,12901,ChargePoint,4.683,3,2,2,1,1
2016-02-01,12903,ChargePoint,28.106,5,6,10,1,2
2016-02-01,12901,ChargePoint,22.713,4,8,8,1,2
2016-01-01,12903,ChargePoint,29.936,3,7,13,1,2
2020-02-01,12078,ChargePoint,560.7019999999999,10,94,99,1,2
2020-02-01,12095,ChargePoint,779.8960000000001,62,155,463,2,3
2020-01-01,12095,ChargePoint,211.098,30,61,164,1,2
2020-01-01,12078,ChargePoint,1304.2060000000004,54,221,250,1,2
2019-12-01,12095,ChargePoint,229.01699999999997,18,43,151,2,3
2019-12-01,12078,ChargePoint,473.241,13,84,113,1,2
2019-11-01,12095,ChargePoint,113.282,12,22,59,2,4
2019-03-01,12095,ChargePoint,97.501,3,18,22,1,2
2019-02-01,12095,ChargePoint,66.149,5,17,58,1,2
2019-02-01,12078,ChargePoint,13.788,3,6,9,1,2
2019-01-01,12095,ChargePoint,78.87,11,15,36,1,2
2019-01-01,12078,ChargePoint,57.555,6,19,21,1,2
2018-12-01,12078,ChargePoint,104.11399999999999,9,33,38,1,2
2018-12-01,12095,ChargePoint,80.452,7,18,48,1,2
2018-11-01,12078,ChargePoint,285.738,30,86,119,1,2
2018-11-01,12095,ChargePoint,45.85099999999999,8,21,69,1,2
2018-03-01,12095,ChargePoint,64.828,6,14,50,1,1
2018-03-01,12078,ChargePoint,73.867,12,25,53,1,1
2018-02-01,12078,ChargePoint,66.17600000000002,12,25,45,1,2
2018-02-01,12095,ChargePoint,80.035,5,14,25,1,1
2018-01-01,12078,ChargePoint,80.237,14,29,51,1,1
2018-01-01,12095,ChargePoint,136.23900000000003,7,24,30,1,1
2017-12-01,12078,ChargePoint,75.929,13,26,42,1,2
2017-12-01,12095,ChargePoint,52.479000000000006,3,9,11,1,1
2017-11-01,12095,ChargePoint,90.56299999999999,9,21,41,1,2
2017-11-01,12078,ChargePoint,81.198,13,27,45,1,2
2017-03-01,12078,ChargePoint,3.1,1,1,1,1,1
2016-11-01,12095,ChargePoint,13.729,2,5,14,1,1
2016-02-01,12095,ChargePoint,13.567,1,5,13,1,1
2015-12-01,12095,ChargePoint,10.144,1,2,2,1,1
2020-12-01,12078,ChargePoint,544.443,10,91,98,1,1
2020-12-01,12095,ChargePoint,50.653999999999996,6,16,49,2,2
2020-11-01,12078,ChargePoint,738.9899999999999,12,122,145,1,1
2020-11-01,12095,ChargePoint,99.048,16,31,33,3,3
2020-03-01,12078,ChargePoint,1087.7279999999998,20,187,235,1,2
2020-03-01,12095,ChargePoint,167.394,24,30,45,1,2
2019-11-01,12078,ChargePoint,474.998,25,106,170,1,2
2016-12-01,12095,ChargePoint,11.422,1,3,3,1,1
2016-03-01,12095,ChargePoint,6.453,1,2,2,1,1
2020-03-01,13676,ChargePoint,1054.2240000000004,130,245,440,2,4
2020-02-01,13676,ChargePoint,1867.5040000000006,174,416,635,2,3
2020-01-01,13676,ChargePoint,1822.2360000000003,186,392,584,2,4
2019-12-01,13676,ChargePoint,718.729,65,155,225,2,4
2019-11-01,13676,ChargePoint,776.0810000000001,86,183,381,2,4
2019-03-01,13676,ChargePoint,625.172,105,185,333,2,4
2019-02-01,13676,ChargePoint,696.1310000000002,132,224,379,2,4
2019-01-01,13676,ChargePoint,471.8140000000001,85,167,250,2,4
2018-12-01,13676,ChargePoint,369.524,56,109,208,2,4
2018-11-01,13676,ChargePoint,288.44199999999995,63,89,779,2,3
2020-12-01,13676,ChargePoint,649.46,62,178,219,2,4
2020-11-01,13676,ChargePoint,1015.0000000000001,138,298,1247,2,3
2018-03-01,13676,ChargePoint,16.389,4,5,6,2,2
2018-02-01,13676,ChargePoint,31.845999999999997,5,7,7,1,2
2018-01-01,13676,ChargePoint,60.411,7,17,29,1,2
2017-12-01,13676,ChargePoint,59.662,8,14,15,1,2
2017-11-01,13676,ChargePoint,49.585,7,12,12,1,2
2017-03-01,13676,ChargePoint,39.015,15,17,17,1,2
2017-02-01,13676,ChargePoint,55.763,11,21,24,1,2
2017-01-01,13676,ChargePoint,55.873000000000005,11,20,28,1,1
2016-12-01,13676,ChargePoint,71.19,15,28,28,1,2
2016-11-01,13676,ChargePoint,81.92300000000002,15,28,31,1,2
2018-03-01,10461,ChargePoint,400.1819999999999,32,74,82,1,2
2018-01-01,10461,ChargePoint,435.88100000000003,53,82,83,1,2
2017-12-01,10461,ChargePoint,365.1539999999999,50,67,69,1,2
2017-11-01,10461,ChargePoint,425.10800000000023,71,76,87,1,2
2017-03-01,10461,ChargePoint,311.85699999999997,39,82,95,1,2
2017-02-01,10461,ChargePoint,328.27899999999994,39,80,92,1,2
2017-01-01,10461,ChargePoint,514.977,52,148,176,1,2
2016-12-01,10461,ChargePoint,537.1089999999998,64,146,176,1,2
2016-11-01,10461,ChargePoint,347.60099999999994,47,99,150,1,2
2016-03-01,10461,ChargePoint,335.47900000000004,75,92,125,1,2
2016-02-01,10461,ChargePoint,318.7310000000001,48,98,133,1,2
2016-01-01,10461,ChargePoint,228.169,46,72,105,1,2
2015-12-01,10461,ChargePoint,149.773,34,48,66,1,2
2015-11-01,10461,ChargePoint,174.595,32,53,66,1,2
2018-02-01,10461,ChargePoint,252.426,25,45,45,1,2
2018-03-01,12144,ChargePoint,394.38399999999996,58,100,133,1,2
2018-02-01,12144,ChargePoint,942.6789999999996,74,213,257,1,2
2018-01-01,12144,ChargePoint,647.004,68,150,195,1,2
2017-12-01,12144,ChargePoint,322.1610000000002,55,97,155,1,2
2017-11-01,12144,ChargePoint,443.7229999999999,70,131,223,1,2
2017-02-01,12144,ChargePoint,123.28,22,41,88,1,2
2017-01-01,12144,ChargePoint,437.777,22,88,109,1,2
2016-12-01,12144,ChargePoint,467.53400000000005,28,98,119,1,2
2016-11-01,12144,ChargePoint,151.859,27,49,88,1,2
2016-02-01,12144,ChargePoint,237.97299999999998,46,82,221,1,2
2016-01-01,12144,ChargePoint,209.65300000000002,42,79,241,1,2
2015-12-01,12144,ChargePoint,188.212,47,72,221,1,2
2017-03-01,12144,ChargePoint,225.501,30,67,119,1,2
2016-03-01,12144,ChargePoint,344.61300000000017,57,107,282,1,2
2020-02-01,12144,ChargePoint,227.30800000000008,104,56,61,3,5
2020-01-01,12144,ChargePoint,542.4259999999998,138,157,217,3,5
2019-12-01,12144,ChargePoint,165.387,22,52,71,1,1
2019-11-01,12144,ChargePoint,113.42399999999999,23,37,62,1,1
2019-03-01,12144,ChargePoint,303.37499999999994,52,82,112,1,2
2019-02-01,12144,ChargePoint,161.11300000000003,25,46,65,1,1
2019-01-01,12144,ChargePoint,299.356,45,88,122,1,1
2018-12-01,12144,ChargePoint,366.50300000000004,55,103,141,1,2
2018-11-01,12144,ChargePoint,367.1899999999999,69,104,139,1,2
2020-12-01,13027,ChargePoint,650.4050000000001,68,157,319,3,6
2020-11-01,13027,ChargePoint,1234.048,157,291,601,3,6
2020-02-01,13027,ChargePoint,997.3250000000003,86,212,392,3,6
2020-01-01,13027,ChargePoint,888.7549999999999,57,190,382,2,3
2019-12-01,13027,ChargePoint,784.1980000000001,63,180,397,3,5
2019-11-01,13027,ChargePoint,348.019,28,95,191,2,3
2019-03-01,13027,ChargePoint,500.35100000000006,40,136,340,1,2
2019-02-01,13027,ChargePoint,444.73400000000004,39,125,326,1,2
2019-01-01,13027,ChargePoint,464.28200000000004,40,129,325,1,2
2018-12-01,13027,ChargePoint,453.13300000000004,44,124,381,1,2
2018-11-01,13027,ChargePoint,436.163,39,118,332,1,2
2017-03-01,13027,ChargePoint,155.84999999999997,20,47,142,1,2
2017-02-01,13027,ChargePoint,267.92499999999995,40,80,227,1,2
2017-01-01,13027,ChargePoint,296.75800000000004,40,89,247,1,2
2016-12-01,13027,ChargePoint,346.3609999999999,46,104,314,1,2
2016-11-01,13027,ChargePoint,281.943,40,84,263,1,2
2016-03-01,13027,ChargePoint,423.367,52,126,262,1,2
2016-02-01,13027,ChargePoint,371.44500000000016,40,109,283,1,2
2016-01-01,13027,ChargePoint,353.555,41,104,276,1,2
2015-12-01,13027,ChargePoint,370.572,49,110,308,1,2
2015-11-01,13027,ChargePoint,364.41900000000015,41,107,262,1,2
2018-01-01,13027,ChargePoint,102.54400000000001,15,28,131,1,2
2017-12-01,13027,ChargePoint,166.692,24,45,205,1,2
2017-11-01,13027,ChargePoint,158.80299999999997,21,43,190,1,2
2018-03-01,13027,ChargePoint,141.584,23,39,179,1,2
2018-02-01,13027,ChargePoint,114.62200000000001,20,31,168,1,1
2020-02-01,12110,ChargePoint,2905.9409999999993,468,637,907,12,21
2020-01-01,12110,ChargePoint,3209.0989999999993,420,672,924,10,17
2019-12-01,12110,ChargePoint,2065.5200000000004,163,410,705,9,16
2019-11-01,12110,ChargePoint,1821.1170000000002,139,345,528,7,13
2019-03-01,12110,ChargePoint,1040.1150000000002,100,218,326,2,4
2019-02-01,12110,ChargePoint,636.8999999999997,74,147,223,2,4
2019-01-01,12110,ChargePoint,1200.3280000000002,94,308,415,2,4
2018-12-01,12110,ChargePoint,612.039,56,141,210,2,4
2018-11-01,12110,ChargePoint,545.653,52,115,180,2,4
2020-03-01,12110,ChargePoint,1997.1130000000003,372,461,778,12,19
2017-03-01,12110,ChargePoint,63.805,16,16,34,1,2
2018-01-01,12110,ChargePoint,0.002,6,0,0,1,1
2019-12-01,12158,ChargePoint,14.465,4,7,15,1,1
2019-11-01,12158,ChargePoint,203.26999999999995,37,61,188,1,1
2019-03-01,12158,ChargePoint,129.456,36,49,332,1,1
2019-02-01,12158,ChargePoint,159.78799999999995,34,57,116,1,1
2019-01-01,12158,ChargePoint,169.51000000000002,36,62,139,1,1
2018-12-01,12158,ChargePoint,135.53000000000003,24,51,77,1,1
2018-11-01,12158,ChargePoint,137.106,38,86,121,1,1
2018-03-01,12158,ChargePoint,129.037,38,75,140,1,1
2018-02-01,12158,ChargePoint,195.75,36,96,137,1,1
2018-01-01,12158,ChargePoint,93.49000000000001,28,71,113,1,1
2017-12-01,12158,ChargePoint,301.59899999999993,34,109,171,1,1
2017-11-01,12158,ChargePoint,183.62700000000004,28,66,128,1,1
2017-03-01,12158,ChargePoint,74.567,30,48,83,1,1
2017-02-01,12158,ChargePoint,69.57100000000001,28,70,112,1,1
2017-01-01,12158,ChargePoint,96.05499999999999,34,72,136,1,1
2016-12-01,12158,ChargePoint,91.838,30,58,83,1,1
2016-11-01,12158,ChargePoint,41.061,17,34,83,1,1
2016-03-01,12158,ChargePoint,103.45899999999999,45,71,140,1,1
2016-02-01,12158,ChargePoint,80.76199999999996,44,98,170,1,1
2016-01-01,12158,ChargePoint,89.14399999999999,30,67,134,1,1
2015-12-01,12158,ChargePoint,86.97000000000001,29,40,91,1,1
2015-11-01,12158,ChargePoint,8.504999999999999,2,3,3,1,1
2020-12-01,12203,ChargePoint,6499.286,530,1313,1713,13,20
2020-03-01,12203,ChargePoint,4330.173000000002,495,1006,1700,11,18
2016-02-01,12203,ChargePoint,333.293,45,111,157,2,4
2015-12-01,12203,ChargePoint,377.3759999999999,55,119,196,3,5
2018-03-01,11747,ChargePoint,363.901,22,69,80,2,4
2018-02-01,11747,ChargePoint,555.0289999999999,37,111,150,2,4
2018-01-01,11747,ChargePoint,370.9500000000001,29,82,113,2,4
2017-12-01,11747,ChargePoint,161.964,17,42,65,2,4
2017-11-01,11747,ChargePoint,169.907,23,39,63,2,4
2017-03-01,11747,ChargePoint,141.137,21,43,80,2,4
2017-02-01,11747,ChargePoint,215.864,18,52,73,2,4
2017-01-01,11747,ChargePoint,388.19500000000005,24,88,145,2,4
2016-12-01,11747,ChargePoint,241.49400000000003,25,75,107,2,4
2016-11-01,11747,ChargePoint,183.98700000000002,24,52,70,2,4
2016-03-01,11747,ChargePoint,71.835,11,21,48,2,3
2016-02-01,11747,ChargePoint,99.216,8,22,39,2,3
2016-01-01,11747,ChargePoint,113.937,10,33,53,2,4
2015-12-01,11747,ChargePoint,58.669,8,18,42,2,4
2019-12-01,11742,ChargePoint,5.172,2,1,1,1,1
2019-01-01,11742,ChargePoint,6.8,7,2,7,2,2
2018-11-01,11742,ChargePoint,13.744,2,5,14,1,1
2018-03-01,11742,ChargePoint,53.582,8,22,48,1,2
2018-02-01,11742,ChargePoint,26.079,6,11,24,1,2
2017-12-01,11742,ChargePoint,15.118,6,6,33,2,3
2017-11-01,11742,ChargePoint,33.388000000000005,5,14,88,1,2
2017-03-01,11742,ChargePoint,177.72399999999996,19,55,138,1,2
2017-02-01,11742,ChargePoint,106.20500000000001,9,29,40,1,2
2017-01-01,11742,ChargePoint,138.192,10,33,35,2,3
2016-12-01,11742,ChargePoint,115.783,10,27,28,2,4
2016-11-01,11742,ChargePoint,50.996,5,12,22,1,2
2016-03-01,11742,ChargePoint,51.31700000000001,16,22,69,2,3
2016-02-01,11742,ChargePoint,80.07899999999998,11,26,56,2,3
2016-01-01,11742,ChargePoint,93.036,16,30,74,2,4
2015-12-01,11742,ChargePoint,74.645,16,27,66,2,4
2015-11-01,11742,ChargePoint,69.22800000000001,18,21,53,2,4
2020-02-01,11958,ChargePoint,20.704,4,5,5,1,1
2020-01-01,11958,ChargePoint,7.318,2,2,2,1,1
2019-12-01,11958,ChargePoint,7.605,4,2,2,1,2
2019-03-01,11958,ChargePoint,19.63,1,5,5,1,1
2019-01-01,11937,ChargePoint,480.9270000000001,37,98,196,1,1
2018-12-01,11937,ChargePoint,322.2750000000001,26,69,180,1,1
2018-11-01,11958,ChargePoint,143.313,8,25,38,1,2
2018-11-01,11937,ChargePoint,242.27799999999996,21,44,107,1,1
2018-03-01,11958,ChargePoint,19.227,4,4,4,1,2
2018-03-01,11937,ChargePoint,487.25899999999996,32,94,194,1,2
2018-01-01,11937,ChargePoint,633.589,36,151,509,1,2
2017-12-01,11937,ChargePoint,686.2079999999999,43,166,539,1,2
2017-12-01,11958,ChargePoint,7.526,2,1,1,1,2
2017-11-01,11937,ChargePoint,657.8350000000002,46,144,527,1,2
2017-11-01,11788,ChargePoint,212.455,21,47,48,1,2
2017-11-01,11958,ChargePoint,39.326,5,8,19,1,2
2017-02-01,11788,ChargePoint,59.476,11,11,11,1,2
2017-01-01,11788,ChargePoint,73.58,18,14,15,1,2
2017-01-01,11937,ChargePoint,438.03299999999996,31,135,631,1,2
2016-12-01,11788,ChargePoint,109.61599999999999,22,24,24,1,2
2016-12-01,11971,ChargePoint,62.343,9,18,268,1,1
2016-12-01,11937,ChargePoint,385.36899999999997,27,101,331,1,2
2016-11-01,11788,ChargePoint,75.48100000000001,13,23,27,1,2
2016-11-01,11937,ChargePoint,44.714,3,6,10,1,2
2016-03-01,11788,ChargePoint,61.06399999999999,14,17,22,1,2
2016-03-01,11971,ChargePoint,29.189,3,6,10,1,1
2016-03-01,11937,ChargePoint,49.119,6,11,11,1,2
2016-02-01,11971,ChargePoint,25.26,2,5,8,1,1
2016-02-01,11788,ChargePoint,42.549,6,13,15,1,2
2016-02-01,11937,ChargePoint,6.268,2,1,1,1,2
2016-01-01,11971,ChargePoint,19.475,2,4,6,1,1
2016-01-01,11937,ChargePoint,106.56099999999999,6,16,29,1,2
2015-12-01,11788,ChargePoint,104.35700000000001,14,28,38,1,2
2015-12-01,11743,ChargePoint,886.4889999999999,92,261,666,2,4
2015-12-01,11971,ChargePoint,13.744,1,3,3,1,1
2015-11-01,11788,ChargePoint,48.618,6,14,22,1,1
2015-11-01,11971,ChargePoint,32.295,3,6,8,1,1
2015-11-01,11937,ChargePoint,59.39,1,9,9,1,1
2019-01-01,11706,ChargePoint,1309.5410000000002,95,284,538,2,4
2018-12-01,11706,ChargePoint,75.13,3,15,25,2,2
2017-03-01,11706,ChargePoint,114.76700000000001,18,38,87,2,3
2017-02-01,11706,ChargePoint,194.13200000000003,36,70,159,2,4
2017-01-01,11706,ChargePoint,240.879,37,75,200,2,4
2016-12-01,11706,ChargePoint,187.26299999999998,19,54,130,2,4
2016-11-01,11706,ChargePoint,112.28800000000001,15,33,71,2,3
2016-02-01,11706,ChargePoint,279.20099999999996,35,83,215,2,4
2016-01-01,11706,ChargePoint,229.009,23,67,127,2,4
2015-12-01,11706,ChargePoint,129.032,18,35,66,2,4
2015-11-01,11706,ChargePoint,26.621,6,8,10,2,3
2019-02-01,11706,ChargePoint,788.2940000000001,54,184,396,1,2
2017-11-01,11706,ChargePoint,270.90899999999993,28,61,120,1,2
2018-11-01,11706,ChargePoint,370.93500000000006,38,94,159,1,2
2018-03-01,11706,ChargePoint,51.227999999999994,12,18,82,1,1
2018-02-01,11706,ChargePoint,118.35000000000001,21,32,87,1,2
2018-01-01,11706,ChargePoint,139.809,25,35,98,1,2
2017-12-01,11706,ChargePoint,400.02299999999997,32,81,115,1,2
2020-12-01,11742,ChargePoint,21.569000000000003,3,6,6,1,1
2020-11-01,11742,ChargePoint,18.8,6,4,4,1,1
2018-02-01,11937,ChargePoint,340.51,28,84,258,1,2
2017-02-01,11937,ChargePoint,413.18,27,129,876,1,2
2015-12-01,11937,ChargePoint,1.241,1,0,0,1,1
2019-02-01,11937,ChargePoint,142.876,10,32,73,1,1
2020-12-01,11971,ChargePoint,68.108,8,17,113,1,1
2020-11-01,11971,ChargePoint,448.0440000000002,62,99,1121,1,1
2020-02-01,11971,ChargePoint,629.9579999999997,100,142,1060,1,1
2020-01-01,11971,ChargePoint,688.236,108,154,1127,1,1
2019-12-01,11971,ChargePoint,355.4809999999998,56,83,741,1,1
2019-11-01,11971,ChargePoint,267.55099999999993,46,59,621,1,1
2019-02-01,11971,ChargePoint,316.231,42,73,545,1,1
2019-01-01,11971,ChargePoint,371.19900000000007,43,83,501,1,1
2018-12-01,11971,ChargePoint,255.784,27,57,619,1,1
2018-03-01,11971,ChargePoint,331.55299999999994,68,77,558,1,1
2017-12-01,11971,ChargePoint,367.7440000000001,64,84,654,1,1
2017-03-01,11971,ChargePoint,312.466,52,81,552,1,1
2017-02-01,11971,ChargePoint,216.75899999999993,52,65,471,1,2
2020-12-01,11952,ChargePoint,535.6840000000002,123,247,1523,1,2
2020-11-01,11952,ChargePoint,471.25,92,199,2162,1,2
2020-03-01,11952,ChargePoint,637.4119999999999,136,313,1911,1,2
2020-02-01,11952,ChargePoint,620.6460000000003,124,289,1456,1,2
2020-01-01,11952,ChargePoint,719.4100000000001,138,373,1666,1,2
2019-12-01,11952,ChargePoint,366.522,73,177,1251,1,2
2019-11-01,11958,ChargePoint,7.956,1,1,1,1,1
2019-03-01,11952,ChargePoint,335.94899999999996,61,166,981,1,2
2019-02-01,11952,ChargePoint,324.341,62,143,864,1,2
2019-01-01,11952,ChargePoint,353.86099999999993,63,183,1115,1,2
2018-12-01,11952,ChargePoint,272.79600000000005,49,167,1177,1,2
2018-12-01,11958,ChargePoint,54.778,3,9,9,1,1
2018-11-01,11952,ChargePoint,231.70800000000006,40,158,1343,1,2
2018-01-01,11952,ChargePoint,221.71800000000002,123,104,1090,1,2
2017-12-01,11952,ChargePoint,226.75600000000006,56,84,1084,1,2
2017-02-01,11952,ChargePoint,192.32800000000003,65,78,980,1,2
2017-02-01,11958,ChargePoint,18.791,3,5,67,1,1
2017-01-01,11952,ChargePoint,234.99400000000006,57,82,1124,1,2
2016-12-01,11952,ChargePoint,286.6039999999999,72,105,1342,1,2
2016-11-01,11952,ChargePoint,230.329,38,87,1199,1,2
2016-03-01,11952,ChargePoint,303.814,78,116,1254,1,2
2016-02-01,11952,ChargePoint,249.55200000000005,65,116,1313,1,2
2016-01-01,11952,ChargePoint,266.9239999999998,92,128,1163,1,2
2015-12-01,11952,ChargePoint,287.77699999999993,69,98,1252,1,2
2015-11-01,11952,ChargePoint,219.83899999999997,35,86,1095,1,2
2018-03-01,11901,ChargePoint,220.917,32,79,412,2,3
2018-02-01,11901,ChargePoint,283.55,38,96,367,2,4
2018-01-01,11901,ChargePoint,88.95200000000001,14,29,131,2,3
2017-12-01,11901,ChargePoint,263.235,42,89,755,2,4
2017-11-01,11901,ChargePoint,940.7139999999994,158,292,521,3,5
2017-03-01,11901,ChargePoint,1505.1290000000004,170,401,1388,3,6
2017-02-01,11901,ChargePoint,1128.3270000000002,139,301,718,3,6
2017-01-01,11901,ChargePoint,1017.9999999999999,120,249,709,3,6
2016-12-01,11901,ChargePoint,1354.6829999999998,142,334,773,3,6
2016-11-01,11901,ChargePoint,958.3369999999998,101,235,845,3,6
2016-02-01,11901,ChargePoint,636.6110000000001,88,170,839,3,5
2015-12-01,11901,ChargePoint,631.1489999999999,50,125,365,3,6
2016-01-01,11901,ChargePoint,377.94000000000005,36,86,168,2,4
2020-01-01,11717,ChargePoint,1238.4239999999995,139,271,446,6,10
2019-12-01,11717,ChargePoint,935.1739999999998,116,195,272,3,6
2019-11-01,11717,ChargePoint,909.1010000000002,136,192,240,3,6
2019-03-01,11717,ChargePoint,507.50300000000016,171,151,226,2,4
2019-02-01,11717,ChargePoint,409.138,170,107,176,2,4
2019-01-01,11717,ChargePoint,363.39999999999986,96,102,153,2,4
2018-12-01,11717,ChargePoint,250.09699999999995,62,73,132,2,4
2018-11-01,11717,ChargePoint,358.76900000000006,106,121,175,2,4
2017-11-01,11717,ChargePoint,227.60099999999994,107,86,141,2,3
2017-03-01,11717,ChargePoint,474.92400000000004,99,169,331,2,4
2017-02-01,11717,ChargePoint,507.52099999999996,92,157,288,2,4
2017-01-01,11717,ChargePoint,512.0019999999997,77,139,186,2,4
2016-12-01,11717,ChargePoint,466.0149999999999,78,145,238,2,4
2016-11-01,11717,ChargePoint,428.2390000000001,86,156,299,2,4
2016-02-01,11717,ChargePoint,293.514,66,110,197,2,4
2016-01-01,11717,ChargePoint,200.16799999999998,43,71,107,2,4
2018-03-01,11717,ChargePoint,508.5149999999998,91,127,210,2,4
2018-02-01,11717,ChargePoint,258.898,59,67,116,2,4
2016-03-01,11717,ChargePoint,189.90499999999997,44,67,131,2,4
2015-12-01,11717,ChargePoint,386.93000000000006,45,111,183,2,4
2017-12-01,11717,ChargePoint,333.504,72,97,141,2,3
2018-01-01,11717,ChargePoint,79.235,26,26,35,2,3
2018-12-01,11743,ChargePoint,1896.7329999999995,152,405,732,2,4
2018-11-01,11743,ChargePoint,1332.3550000000002,110,299,674,2,4
2018-03-01,11743,ChargePoint,741.2400000000001,94,204,547,2,4
2018-02-01,11743,ChargePoint,500.529,55,126,331,2,4
2018-01-01,11743,ChargePoint,887.618,93,217,566,2,4
2017-12-01,11743,ChargePoint,484.246,81,180,517,2,4
2017-11-01,11743,ChargePoint,545.511,87,187,551,2,4
2017-02-01,11743,ChargePoint,464.1639999999999,56,121,348,2,4
2017-01-01,11743,ChargePoint,625.516,58,145,354,2,4
2016-12-01,11743,ChargePoint,647.7909999999999,73,169,508,2,4
2016-11-01,11743,ChargePoint,638.0130000000001,63,169,497,2,4
2019-02-01,11743,ChargePoint,1163.4,120,269,597,2,4
2019-01-01,11743,ChargePoint,1765.0679999999998,134,402,868,2,4
2019-03-01,11743,ChargePoint,906.78,92,216,554,2,3
2020-01-01,11743,ChargePoint,935.834,60,200,431,2,3
2019-12-01,11743,ChargePoint,1097.9419999999996,72,219,459,2,3
2019-11-01,11743,ChargePoint,783.048,73,168,365,2,3
2016-03-01,11743,ChargePoint,907.1970000000001,92,274,721,2,4
2016-02-01,11743,ChargePoint,831.395,85,234,689,2,4
2016-01-01,11743,ChargePoint,809.937,77,222,613,2,4
2020-12-01,11901,ChargePoint,2581.565000000002,126,443,937,1,2
2020-11-01,11901,ChargePoint,2854.1179999999986,158,484,945,1,2
2020-02-01,11570,ChargePoint,1126.1780000000003,116,260,410,1,2
2020-01-01,11570,ChargePoint,1064.2519999999997,94,224,380,1,2
2019-12-01,11570,ChargePoint,725.531,57,145,213,1,2
2019-11-01,11570,ChargePoint,602.7749999999999,49,129,169,1,2
2019-03-01,11570,ChargePoint,603.7669999999999,51,130,199,1,2
2019-02-01,11570,ChargePoint,888.401,56,185,248,1,2
2019-01-01,11570,ChargePoint,691.5470000000001,52,151,235,1,2
2018-12-01,11570,ChargePoint,740.8319999999999,54,149,245,1,2
2018-11-01,11570,ChargePoint,586.856,38,113,198,1,2
2018-03-01,11570,ChargePoint,590.5840000000002,42,123,206,1,2
2018-02-01,11570,ChargePoint,696.5089999999999,42,137,194,1,2
2018-01-01,11570,ChargePoint,579.13,34,120,171,1,2
2017-12-01,11570,ChargePoint,618.9289999999997,40,140,177,1,2
2017-11-01,11570,ChargePoint,590.7550000000001,34,120,148,1,2
2017-02-01,11570,ChargePoint,242.40900000000002,27,68,102,1,2
2017-01-01,11570,ChargePoint,303.86899999999997,30,80,133,1,2
2016-12-01,11570,ChargePoint,216.25300000000001,23,55,91,1,2
2016-11-01,11570,ChargePoint,179.428,19,50,80,1,2
2016-03-01,11570,ChargePoint,859.3199999999999,80,166,219,1,2
2016-02-01,11570,ChargePoint,465.6719999999999,50,98,146,1,2
2016-01-01,11570,ChargePoint,604.428,50,131,193,1,2
2015-12-01,11570,ChargePoint,702.2399999999999,58,139,204,1,2
2020-11-01,11570,ChargePoint,1007.6200000000002,66,217,280,1,2
2017-03-01,11570,ChargePoint,50.138999999999996,5,11,13,1,2
2020-12-01,11570,ChargePoint,670.9489999999998,60,162,252,1,2
2020-03-01,11570,ChargePoint,523.88,48,107,168,1,2
2020-12-01,11797,ChargePoint,212.01399999999998,11,45,86,1,2
2020-11-01,11797,ChargePoint,329.098,36,65,78,1,2
2020-02-01,11797,ChargePoint,312.904,40,85,209,1,2
2020-01-01,11797,ChargePoint,649.9659999999999,80,217,434,1,2
2019-12-01,11797,ChargePoint,232.47299999999996,38,84,185,1,2
2019-11-01,11797,ChargePoint,299.96599999999995,39,94,165,1,2
2019-03-01,11797,ChargePoint,224.272,28,78,118,1,2
2019-02-01,11797,ChargePoint,337.066,44,106,204,1,2
2019-01-01,11797,ChargePoint,458.1940000000001,40,141,249,1,2
2018-12-01,11797,ChargePoint,389.5839999999999,48,116,214,1,2
2018-11-01,11797,ChargePoint,373.39899999999994,63,110,180,1,2
2018-02-01,11797,ChargePoint,360.1109999999999,37,82,172,1,2
2018-01-01,11797,ChargePoint,258.72600000000006,36,75,165,1,2
2017-12-01,11797,ChargePoint,325.13599999999997,44,102,199,1,2
2017-11-01,11797,ChargePoint,315.582,38,93,227,1,2
2017-03-01,11797,ChargePoint,230.57999999999998,26,74,138,1,2
2017-02-01,11797,ChargePoint,203.22299999999996,20,52,77,1,2
2017-01-01,11797,ChargePoint,253.80699999999993,50,67,112,1,2
2016-12-01,11797,ChargePoint,153.07200000000003,22,43,70,1,2
2016-11-01,11797,ChargePoint,277.55800000000005,25,57,99,1,2
2016-03-01,11797,ChargePoint,69.145,12,15,36,1,2
2016-02-01,11797,ChargePoint,273.82299999999987,43,68,106,1,2
2016-01-01,11797,ChargePoint,603.8790000000002,63,141,200,1,2
2015-12-01,11797,ChargePoint,321.45,38,67,91,1,2
2015-11-01,11797,ChargePoint,166.04500000000004,30,47,95,1,2
2020-03-01,11797,ChargePoint,345.57199999999995,42,64,165,1,2
2018-03-01,11797,ChargePoint,564.0160000000001,53,141,258,1,2
2020-12-01,11556,ChargePoint,1002.682,22,184,193,1,2
2020-11-01,11556,ChargePoint,1289.3600000000004,34,227,256,1,2
2020-03-01,11556,ChargePoint,869.2879999999999,42,181,186,1,2
2020-02-01,11556,ChargePoint,1764.1460000000004,82,357,367,1,2
2020-01-01,11556,ChargePoint,1872.9359999999997,82,355,417,1,2
2019-12-01,11556,ChargePoint,731.8139999999999,31,140,159,1,2
2019-11-01,11556,ChargePoint,527.516,25,104,115,1,2
2019-03-01,11556,ChargePoint,263.195,41,60,76,1,2
2019-02-01,11556,ChargePoint,235.709,26,62,116,1,2
2019-01-01,11556,ChargePoint,322.844,38,94,144,1,2
2018-12-01,11556,ChargePoint,242.10399999999998,34,79,119,1,2
2018-11-01,11556,ChargePoint,311.858,43,95,140,1,2
2018-03-01,11556,ChargePoint,194.137,32,72,135,1,2
2018-02-01,11556,ChargePoint,220.78900000000002,37,82,138,1,2
2018-01-01,11556,ChargePoint,156.95700000000002,30,58,152,1,2
2017-12-01,11556,ChargePoint,180.674,32,72,124,1,2
2017-11-01,11556,ChargePoint,221.88799999999995,36,90,149,1,2
2017-03-01,11556,ChargePoint,77.811,12,33,53,1,2
2017-02-01,11556,ChargePoint,58.503,9,20,35,1,2
2017-01-01,11556,ChargePoint,46.512,7,16,26,1,2
2016-12-01,11556,ChargePoint,36.009,6,12,15,1,2
2016-03-01,11556,ChargePoint,95.28,14,36,65,1,2
2016-02-01,11556,ChargePoint,56.74400000000001,11,22,35,1,2
2016-01-01,11556,ChargePoint,22.022000000000002,3,8,14,1,2
2015-12-01,11556,ChargePoint,72.807,9,22,26,1,2
2016-11-01,11556,ChargePoint,53.646,10,18,27,1,1
2015-11-01,11556,ChargePoint,54.611,9,18,23,1,1
2019-03-01,11553,ChargePoint,1141.3779999999995,135,306,629,3,6
2019-02-01,11553,ChargePoint,813.407,102,215,459,2,4
2019-01-01,11553,ChargePoint,749.6110000000001,93,222,555,2,4
2018-12-01,11553,ChargePoint,509.8880000000001,66,156,337,2,4
2018-11-01,11553,ChargePoint,553.594,66,154,409,2,4
2018-03-01,11553,ChargePoint,657.2739999999999,92,213,466,2,4
2018-02-01,11553,ChargePoint,662.2589999999999,98,207,384,2,4
2018-01-01,11553,ChargePoint,408.791,54,125,226,2,4
2018-01-01,11530,ChargePoint,658.933,64,176,434,3,5
2017-12-01,11530,ChargePoint,917.6390000000002,94,248,519,3,6
2017-11-01,11530,ChargePoint,1035.381,119,298,717,3,6
2017-03-01,11530,ChargePoint,612.027,94,210,578,3,6
2017-02-01,11530,ChargePoint,496.979,56,166,342,3,6
2017-01-01,11530,ChargePoint,302.57000000000005,40,91,152,3,5
2016-12-01,11530,ChargePoint,231.707,33,72,132,3,6
2016-11-01,11530,ChargePoint,424.5220000000001,67,150,341,3,6
2016-03-01,11530,ChargePoint,225.19900000000004,39,69,152,3,5
2016-02-01,11530,ChargePoint,203.99299999999994,40,66,134,3,5
2016-01-01,11530,ChargePoint,89.95400000000001,15,27,58,2,3
2015-12-01,11530,ChargePoint,140.00700000000003,35,50,125,3,6
2018-03-01,11530,ChargePoint,666.9870000000001,76,196,564,2,4
2018-02-01,11530,ChargePoint,599.507,83,191,618,2,4
2019-03-01,11550,ChargePoint,553.7189999999999,86,160,402,3,6
2019-02-01,11550,ChargePoint,716.0560000000003,120,223,599,2,4
2019-01-01,11550,ChargePoint,610.0889999999998,101,204,588,2,4
2018-12-01,11550,ChargePoint,568.666,94,175,409,2,4
2018-11-01,11550,ChargePoint,837.4340000000001,110,234,557,2,4
2018-03-01,11550,ChargePoint,860.9950000000001,113,258,529,2,4
2018-02-01,11550,ChargePoint,862.7849999999999,113,271,587,2,4
2018-01-01,11550,ChargePoint,585.5629999999999,79,177,372,2,4
2017-12-01,11550,ChargePoint,598.063,79,174,326,2,4
2017-11-01,11550,ChargePoint,539.0169999999998,83,168,388,2,4
2017-02-01,11550,ChargePoint,446.40700000000004,86,146,374,2,4
2017-01-01,11550,ChargePoint,261.697,39,88,221,2,4
2016-12-01,11550,ChargePoint,225.12599999999998,36,78,169,2,4
2016-11-01,11550,ChargePoint,382.5570000000001,55,128,296,2,4
2016-03-01,11550,ChargePoint,597.7210000000001,95,192,560,2,4
2016-02-01,11550,ChargePoint,402.33699999999993,59,159,482,2,4
2016-01-01,11550,ChargePoint,312.36,47,108,278,2,4
2015-12-01,11550,ChargePoint,207.80500000000004,42,81,223,2,4
2019-02-01,11030,ChargePoint,4930.022000000003,353,1053,2191,4,8
2019-01-01,11030,ChargePoint,5021.285000000002,377,1047,2008,4,8
2018-12-01,11030,ChargePoint,4004.665,330,872,1714,4,8
2018-11-01,11030,ChargePoint,3780.0619999999985,360,852,1756,4,8
2018-02-01,11030,ChargePoint,3322.4060000000004,251,744,1624,4,8
2018-01-01,11030,ChargePoint,3735.945999999999,291,849,1759,4,8
2017-11-01,11030,ChargePoint,3168.19,267,691,1272,4,8
2017-02-01,11030,ChargePoint,2534.7509999999993,178,530,1475,4,8
2017-01-01,11030,ChargePoint,3294.372999999999,207,686,1614,4,8
2016-12-01,11030,ChargePoint,2558.0579999999986,171,559,1340,4,8
2016-11-01,11030,ChargePoint,2525.3340000000003,178,563,1382,4,8
2019-11-01,11030,ChargePoint,2203.5880000000006,174,462,859,3,6
2016-02-01,11030,ChargePoint,778.6180000000004,103,307,911,3,6
2016-01-01,11030,ChargePoint,730.246,95,298,782,3,6
2015-12-01,11030,ChargePoint,585.693,93,275,704,3,6
2020-11-01,14617,ChargePoint,558.6619999999998,128,152,179,6,10
2020-03-01,14617,ChargePoint,996.0219999999999,157,210,552,12,17
2020-02-01,14617,ChargePoint,1929.5599999999986,270,428,845,12,20
2020-01-01,14617,ChargePoint,2802.8659999999986,344,605,1084,14,23
2019-12-01,14617,ChargePoint,1279.8670000000002,172,270,402,14,22
2019-11-01,14617,ChargePoint,1211.420000000001,171,244,346,14,23
2020-12-01,14617,ChargePoint,662.3419999999998,70,138,204,4,8
2019-03-01,14617,ChargePoint,511.084,106,130,172,4,7
2019-02-01,14617,ChargePoint,455.35399999999987,92,116,145,4,7
2019-01-01,14617,ChargePoint,589.4360000000001,112,151,173,4,8
2018-12-01,14617,ChargePoint,576.869,105,148,173,4,8
2018-11-01,14617,ChargePoint,638.2730000000001,121,166,210,4,8
2018-02-01,14617,ChargePoint,772.681,99,182,237,4,8
2018-01-01,14617,ChargePoint,988.7690000000001,114,215,240,4,8
2017-11-01,14617,ChargePoint,653.801,78,144,265,4,6
2015-03-01,14617,ChargePoint,42.01100000000001,7,9,9,2,3
2015-02-01,14617,ChargePoint,56.068999999999996,10,10,10,2,4
2016-03-01,14617,ChargePoint,174.12000000000003,50,46,52,2,4
2016-02-01,14617,ChargePoint,132.08800000000002,26,31,34,2,4
2016-01-01,14617,ChargePoint,162.744,31,42,46,2,4
2015-12-01,14617,ChargePoint,103.48200000000001,31,33,37,2,4
2015-11-01,14617,ChargePoint,124.086,40,40,47,2,4
2017-02-01,14617,ChargePoint,268.648,44,62,88,2,4
2017-01-01,14617,ChargePoint,213.183,50,56,76,2,4
2016-12-01,14617,ChargePoint,315.47100000000006,45,73,90,2,4
2016-11-01,14617,ChargePoint,278.255,49,66,88,2,4
2018-03-01,14617,ChargePoint,1004.9320000000002,122,233,297,4,8
2020-12-01,14621,ChargePoint,4823.885999999999,466,1435,3706,11,21
2020-11-01,14621,ChargePoint,4749.408000000004,454,1353,3429,11,19
2020-03-01,14621,ChargePoint,3032.3479999999986,328,737,1720,11,21
2020-02-01,14621,ChargePoint,2946.6960000000026,306,691,2588,11,19
2020-01-01,14621,ChargePoint,3462.5920000000033,394,880,2112,12,20
2019-12-01,14621,ChargePoint,2579.95,298,743,1567,12,20
2019-11-01,14621,ChargePoint,1895.2819999999992,191,501,1021,12,21
2014-02-01,14604,ChargePoint,1.571,14,0,0,4,8
2014-02-01,14614,ChargePoint,0.0,7,0,0,3,6
2018-03-01,14623,ChargePoint,2756.3110000000006,315,682,1237,6,12
2018-02-01,14623,ChargePoint,2797.8310000000006,319,674,1275,5,10
2018-01-01,14623,ChargePoint,3092.924999999999,329,736,1252,5,10
2017-12-01,14623,ChargePoint,2553.469999999998,273,643,1128,5,9
2017-11-01,14623,ChargePoint,2779.8260000000014,315,662,1140,5,10
2017-01-01,14623,ChargePoint,1531.8449999999993,167,437,932,5,9
2016-03-01,14623,ChargePoint,1451.130999999999,220,467,1231,6,12
2016-02-01,14623,ChargePoint,1133.803,186,387,1097,5,9
2016-01-01,14623,ChargePoint,1014.0480000000005,169,362,950,6,12
2015-01-01,14623,ChargePoint,29.906,3,8,8,2,3
2014-11-01,14623,ChargePoint,60.61,11,15,15,2,4
2015-12-01,14623,ChargePoint,756.9559999999997,150,272,720,5,10
2015-03-01,14623,ChargePoint,132.197,7,37,39,1,1
2015-02-01,14623,ChargePoint,19.267,1,5,5,1,1
2014-12-01,14623,ChargePoint,79.824,8,18,23,1,2
2020-12-01,14623,ChargePoint,3142.4940000000006,273,722,1229,8,15
2020-11-01,14623,ChargePoint,5374.869999999988,475,1204,1925,8,15
2020-02-01,14623,ChargePoint,9995.986,1070,2390,3572,8,16
2020-01-01,14623,ChargePoint,9257.155000000012,1021,2213,3422,8,15
2019-12-01,14623,ChargePoint,3838.859000000005,423,936,1442,8,16
2019-11-01,14623,ChargePoint,4771.225999999999,544,1159,1771,7,14
2019-02-01,14623,ChargePoint,3737.0099999999993,408,963,1629,6,12
2019-01-01,14623,ChargePoint,3752.9530000000004,379,948,1563,6,12
2018-12-01,14623,ChargePoint,3248.9670000000024,320,840,1445,6,12
2018-11-01,14623,ChargePoint,3256.1010000000015,355,857,1634,6,12
2017-02-01,14623,ChargePoint,1720.5220000000006,176,463,992,4,8
2016-12-01,14623,ChargePoint,1665.2079999999992,175,474,1009,4,8
2016-11-01,14623,ChargePoint,1724.8170000000002,212,476,1003,4,8
2019-03-01,14607,ChargePoint,568.2439999999999,146,172,414,2,3
2019-02-01,14607,ChargePoint,392.93299999999994,92,130,330,2,3
2019-01-01,14607,ChargePoint,520.614,85,157,322,2,3
2018-12-01,14607,ChargePoint,607.384,87,182,346,2,3
2018-11-01,14607,ChargePoint,536.4909999999999,80,162,366,2,3
2018-03-01,14607,ChargePoint,252.98100000000002,50,65,226,2,4
2018-02-01,14607,ChargePoint,275.525,63,76,233,2,4
2018-01-01,14607,ChargePoint,260.9719999999999,63,77,264,2,4
2017-12-01,14607,ChargePoint,314.59999999999997,53,87,245,2,4
2017-11-01,14607,ChargePoint,318.4940000000001,51,87,242,2,4
2017-03-01,14607,ChargePoint,486.9320000000001,74,146,346,2,4
2017-02-01,14607,ChargePoint,611.2650000000001,78,165,335,2,4
2017-01-01,14607,ChargePoint,561.5290000000001,77,160,344,2,4
2016-12-01,14607,ChargePoint,402.28299999999996,52,116,243,2,4
2016-11-01,14607,ChargePoint,357.80199999999996,53,113,277,2,4
2016-03-01,14607,ChargePoint,398.46599999999995,61,146,367,2,4
2016-02-01,14607,ChargePoint,358.3540000000001,55,121,316,2,4
2016-01-01,14607,ChargePoint,348.9729999999999,58,111,337,2,4
2015-12-01,14607,ChargePoint,373.127,58,141,317,2,4
2015-11-01,14607,ChargePoint,106.865,15,36,60,2,4
2015-03-01,14607,ChargePoint,592.3410000000001,90,214,528,2,4
2015-02-01,14607,ChargePoint,365.6470000000001,68,146,357,2,4
2015-01-01,14607,ChargePoint,643.0339999999999,100,239,664,2,4
2014-12-01,14607,ChargePoint,395.6859999999999,82,161,447,2,4
2014-11-01,14607,ChargePoint,401.69399999999985,86,161,450,2,4
2020-12-01,14607,ChargePoint,391.97600000000006,39,106,191,4,5
2020-11-01,14607,ChargePoint,505.448,44,138,252,2,4
2020-03-01,14607,ChargePoint,1277.7919999999995,156,320,731,6,9
2020-02-01,14607,ChargePoint,2203.619999999999,242,552,1112,5,9
2020-01-01,14607,ChargePoint,2868.6840000000007,300,682,1587,7,12
2019-12-01,14607,ChargePoint,1679.5240000000003,203,398,817,7,12
2019-11-01,14607,ChargePoint,977.4170000000004,112,229,514,5,9
2019-03-01,14612,ChargePoint,239.539,31,50,58,2,4
2019-02-01,14612,ChargePoint,68.486,19,18,20,2,4
2019-01-01,14612,ChargePoint,100.38600000000001,14,24,24,2,4
2018-12-01,14612,ChargePoint,266.94499999999994,30,57,66,2,4
2018-11-01,14612,ChargePoint,317.40200000000004,36,70,82,2,4
2018-03-01,14612,ChargePoint,153.53699999999998,25,31,32,2,4
2018-02-01,14612,ChargePoint,188.64899999999997,37,42,59,2,4
2018-01-01,14612,ChargePoint,67.32499999999999,28,18,20,2,4
2017-12-01,14612,ChargePoint,118.09000000000002,20,23,24,2,4
2017-11-01,14612,ChargePoint,185.957,15,38,40,2,4
2017-03-01,14612,ChargePoint,203.97,42,51,73,2,4
2017-02-01,14612,ChargePoint,164.48999999999998,35,43,78,2,4
2017-01-01,14612,ChargePoint,240.81600000000003,51,54,72,2,4
2016-12-01,14612,ChargePoint,212.69899999999998,28,42,44,2,4
2016-11-01,14612,ChargePoint,274.29299999999995,42,62,78,2,4
2016-03-01,14612,ChargePoint,57.80500000000001,10,16,17,2,3
2016-02-01,14612,ChargePoint,20.291,6,6,8,2,3
2016-01-01,14612,ChargePoint,46.678,8,8,8,2,3
2015-12-01,14612,ChargePoint,42.975,13,10,10,2,3
2015-11-01,14612,ChargePoint,58.962,15,18,22,1,2
2015-02-01,14612,ChargePoint,39.656,6,11,12,2,3
2015-01-01,14612,ChargePoint,129.97199999999995,31,41,51,2,4
2014-12-01,14612,ChargePoint,158.23900000000003,33,51,67,2,4
2014-11-01,14612,ChargePoint,137.38899999999998,36,46,72,2,4
2020-12-01,14606,ChargePoint,407.812,17,123,669,3,3
2020-11-01,14606,ChargePoint,647.6159999999999,26,173,1869,3,3
2020-11-01,14608,ChargePoint,47.24,2,22,383,1,1
2020-02-01,14606,ChargePoint,359.152,28,138,1123,3,3
2020-02-01,14608,ChargePoint,1151.1360000000002,36,256,874,1,1
2020-01-01,14606,ChargePoint,830.6140000000001,34,350,2505,2,2
2020-01-01,14608,ChargePoint,1045.428,36,255,1175,1,1
2019-12-01,14606,ChargePoint,207.33100000000002,15,137,1365,4,4
2019-12-01,14608,ChargePoint,798.3149999999999,25,169,627,1,1
2019-11-01,14606,ChargePoint,143.46200000000002,11,63,497,2,2
2019-11-01,14608,ChargePoint,559.687,18,116,477,1,1
2019-02-01,14608,ChargePoint,92.868,7,33,189,1,1
2019-01-01,14608,ChargePoint,215.355,12,85,445,1,1
2019-01-01,14606,ChargePoint,73.954,1,25,121,1,1
2018-12-01,14608,ChargePoint,174.404,7,59,470,1,1
2018-12-01,14606,ChargePoint,167.36800000000002,4,70,622,4,4
2018-11-01,14608,ChargePoint,215.783,11,62,390,1,1
2018-11-01,14606,ChargePoint,119.695,6,47,599,4,4
2015-02-01,14605,ChargePoint,123.85399999999998,20,27,31,1,2
2015-01-01,14605,ChargePoint,89.27400000000002,24,19,21,1,2
2014-12-01,14605,ChargePoint,60.81800000000002,21,12,12,1,2
2014-11-01,14605,ChargePoint,77.73800000000001,28,22,24,1,2
2019-03-01,14605,ChargePoint,150.27100000000002,39,35,38,1,2
2019-02-01,14605,ChargePoint,212.89700000000005,50,44,61,1,2
2019-01-01,14605,ChargePoint,324.1679999999999,58,70,82,1,2
2018-12-01,14605,ChargePoint,238.27400000000003,67,56,60,1,2
2018-11-01,14605,ChargePoint,190.817,49,48,54,1,2
2018-03-01,14605,ChargePoint,314.1429999999999,68,69,78,1,2
2018-02-01,14605,ChargePoint,125.43700000000001,36,30,35,1,2
2018-01-01,14605,ChargePoint,201.35799999999995,46,50,51,1,2
2017-12-01,14605,ChargePoint,253.106,70,60,66,1,2
2017-11-01,14605,ChargePoint,159.05900000000003,53,38,42,1,2
2017-03-01,14605,ChargePoint,104.46099999999997,26,23,38,1,2
2017-02-01,14605,ChargePoint,80.584,24,18,21,1,2
2017-01-01,14605,ChargePoint,62.41299999999999,22,13,15,1,2
2016-12-01,14605,ChargePoint,141.61599999999999,37,33,42,1,2
2016-11-01,14605,ChargePoint,125.913,43,38,43,1,2
2016-03-01,14605,ChargePoint,325.19100000000003,35,60,62,1,2
2016-02-01,14605,ChargePoint,325.56000000000006,38,60,64,1,2
2016-01-01,14605,ChargePoint,363.97499999999997,38,68,71,1,2
2015-12-01,14605,ChargePoint,300.39000000000004,31,55,56,1,2
2015-11-01,14605,ChargePoint,311.9410000000001,41,60,63,1,2
2018-02-01,14614,ChargePoint,1544.093,204,441,846,3,6
2018-01-01,14614,ChargePoint,1623.3899999999999,230,458,781,3,6
2017-11-01,14614,ChargePoint,1583.2740000000006,237,440,794,3,6
2017-03-01,14614,ChargePoint,1657.648999999999,241,509,929,3,6
2017-02-01,14614,ChargePoint,856.8610000000003,121,279,495,3,6
2016-11-01,14614,ChargePoint,904.5360000000004,156,288,568,3,6
2016-03-01,14614,ChargePoint,1285.4569999999999,231,425,698,3,6
2016-02-01,14614,ChargePoint,1181.4410000000003,182,405,703,3,6
2016-01-01,14614,ChargePoint,1167.0270000000003,179,375,729,3,6
2015-12-01,14614,ChargePoint,1077.7349999999997,193,339,646,3,6
2015-02-01,14614,ChargePoint,429.04299999999995,108,181,500,3,6
2015-01-01,14614,ChargePoint,526.6420000000003,124,224,570,3,6
2014-12-01,14614,ChargePoint,499.174,126,209,530,3,6
2014-11-01,14614,ChargePoint,286.062,65,111,232,3,6
2019-02-01,14614,ChargePoint,1602.528,225,459,909,3,6
2019-01-01,14614,ChargePoint,1759.667999999999,260,513,1016,3,6
2018-12-01,14614,ChargePoint,1497.8130000000003,259,433,891,3,6
2018-11-01,14614,ChargePoint,1572.1030000000012,229,433,924,3,6
2016-12-01,14614,ChargePoint,757.2449999999999,100,247,494,2,4
2014-03-01,14614,ChargePoint,6.745,14,2,4,3,6
2017-01-01,14614,ChargePoint,647.9910000000001,108,211,366,1,2
2019-02-01,14604,ChargePoint,2521.8360000000016,428,800,1725,4,8
2019-01-01,14604,ChargePoint,3069.704999999997,491,932,2011,4,8
2018-12-01,14604,ChargePoint,3092.3759999999984,445,863,1871,4,8
2018-11-01,14604,ChargePoint,3037.9329999999995,461,881,1979,4,8
2018-02-01,14604,ChargePoint,1779.568000000001,260,592,1733,4,8
2018-01-01,14604,ChargePoint,1667.13,259,573,1730,4,8
2017-12-01,14604,ChargePoint,1529.7649999999999,246,527,1441,4,8
2017-11-01,14604,ChargePoint,1749.2509999999997,273,570,1886,4,8
2017-02-01,14604,ChargePoint,1367.0829999999994,239,476,1572,4,7
2017-01-01,14604,ChargePoint,854.1409999999998,171,328,1247,4,7
2016-11-01,14604,ChargePoint,867.1609999999995,167,318,887,4,7
2016-03-01,14604,ChargePoint,1017.5240000000001,177,330,575,4,8
2016-02-01,14604,ChargePoint,1033.1009999999994,170,318,561,4,8
2016-01-01,14604,ChargePoint,1071.1719999999996,187,349,670,4,8
2015-12-01,14604,ChargePoint,998.0819999999994,178,321,629,4,8
2015-03-01,14604,ChargePoint,568.2699999999999,91,189,415,3,6
2015-02-01,14604,ChargePoint,527.4630000000001,90,169,314,4,7
2015-01-01,14604,ChargePoint,604.9779999999998,114,204,626,3,6
2014-12-01,14604,ChargePoint,561.033,108,188,590,3,6
2014-11-01,14604,ChargePoint,732.0880000000001,113,211,518,3,6
2014-03-01,14604,ChargePoint,4.795,10,1,1,3,6
2020-03-01,14604,ChargePoint,2981.514999999997,331,739,1523,4,8
2020-02-01,14604,ChargePoint,5166.286000000002,543,1297,2366,4,8
2020-01-01,14604,ChargePoint,5774.9479999999985,611,1337,2563,4,8
2019-12-01,14604,ChargePoint,3484.0519999999974,381,831,1695,4,8
2019-11-01,14604,ChargePoint,3941.53,439,940,1789,4,8
2016-12-01,14604,ChargePoint,553.329,105,225,463,2,4
2020-02-01,14614,ChargePoint,4782.023999999995,456,1240,2434,3,6
2020-01-01,14614,ChargePoint,5450.066000000004,504,1345,2695,3,6
2019-12-01,14614,ChargePoint,2605.9589999999994,254,650,1105,3,6
2019-11-01,14614,ChargePoint,1854.0640000000014,213,456,930,3,6
2020-12-01,14614,ChargePoint,3368.1279999999992,282,806,1357,3,6
2020-11-01,14614,ChargePoint,2851.0,312,759,1520,3,6
2020-12-01,14604,ChargePoint,2745.3560000000016,252,687,1487,4,8
2020-11-01,14604,ChargePoint,3574.2120000000014,392,936,1979,4,7
2020-12-01,14612,ChargePoint,197.882,47,54,55,3,5
2020-11-01,14612,ChargePoint,325.2459999999999,82,93,96,3,5
2020-02-01,14612,ChargePoint,412.83199999999994,68,114,121,2,4
2020-01-01,14612,ChargePoint,206.17,60,58,59,1,2
2019-12-01,14612,ChargePoint,61.56299999999999,19,17,18,1,2
2019-11-01,14612,ChargePoint,209.808,34,52,68,2,4
2020-12-01,14605,ChargePoint,1543.194000000001,162,256,341,1,2
2020-11-01,14605,ChargePoint,1762.618,178,314,459,1,2
2020-03-01,14605,ChargePoint,784.3180000000001,110,166,253,1,2
2020-02-01,14605,ChargePoint,1662.4040000000002,160,340,480,1,2
2020-01-01,14605,ChargePoint,1761.6959999999992,142,345,456,1,2
2019-12-01,14605,ChargePoint,999.3410000000003,90,179,229,1,2
2019-11-01,14605,ChargePoint,728.0209999999996,92,148,189,1,2
2020-02-01,14611,ChargePoint,3.314,4,1,2,1,1
2020-01-01,14611,ChargePoint,28.478,2,5,6,1,1
2019-11-01,14611,ChargePoint,142.119,6,25,25,3,3
2020-12-01,14626,ChargePoint,4074.1230000000023,326,951,1975,5,9
2020-11-01,14626,ChargePoint,3113.474000000004,296,712,1925,5,8
2020-03-01,14626,ChargePoint,2813.025999999999,292,633,1754,7,14
2020-02-01,14626,ChargePoint,3934.760000000001,312,893,1943,7,13
2020-01-01,14626,ChargePoint,3794.132,334,894,1901,7,14
2019-12-01,14626,ChargePoint,586.9229999999999,67,151,283,5,10
2020-12-01,14620,ChargePoint,1129.8290000000002,82,200,332,1,2
2020-11-01,14620,ChargePoint,1150.9079999999994,90,204,395,1,2
2020-03-01,14620,ChargePoint,674.9319999999999,86,148,327,1,2
2020-02-01,14620,ChargePoint,1605.3999999999994,130,331,541,1,2
2020-01-01,14620,ChargePoint,845.4060000000001,100,183,355,1,2
2019-12-01,14620,ChargePoint,371.24899999999997,42,77,90,1,2
2020-12-01,14642,ChargePoint,1514.7530000000002,115,322,639,1,2
2020-11-01,14642,ChargePoint,1459.6159999999998,104,292,609,1,2
2020-03-01,14642,ChargePoint,1220.2139999999997,116,263,458,1,2
2020-02-01,14642,ChargePoint,1618.6380000000001,136,367,490,1,2
2020-01-01,14642,ChargePoint,2185.355999999999,172,469,669,1,2
2019-12-01,14642,ChargePoint,983.5800000000002,81,217,352,1,2
2019-11-01,14642,ChargePoint,740.6840000000002,62,162,240,1,2
2019-03-01,14642,ChargePoint,358.87800000000004,46,86,89,1,2
2019-02-01,14642,ChargePoint,284.7300000000001,33,73,81,1,2
2019-01-01,14642,ChargePoint,325.24,38,81,88,1,2
2018-12-01,14642,ChargePoint,333.49,40,84,91,1,2
2018-11-01,14642,ChargePoint,278.767,38,77,97,1,2
2020-01-01,14627,ChargePoint,1407.2359999999996,174,304,453,1,2
2019-12-01,14627,ChargePoint,688.2739999999999,81,158,227,1,2
2019-11-01,14627,ChargePoint,1031.1200000000001,119,232,351,1,2
2019-03-01,14627,ChargePoint,428.174,68,120,149,1,2
2019-02-01,14627,ChargePoint,405.6189999999999,58,115,179,1,2
2019-01-01,14627,ChargePoint,310.579,42,87,116,1,2
2018-12-01,14627,ChargePoint,317.8090000000001,54,87,120,1,2
2018-11-01,14627,ChargePoint,484.47100000000023,70,131,186,1,2
2020-12-01,14627,ChargePoint,590.644,51,114,133,1,1
2020-11-01,14627,ChargePoint,498.13,68,121,190,1,1
2020-03-01,14627,ChargePoint,588.284,50,136,243,1,1
2020-02-01,14627,ChargePoint,1141.386,134,272,448,1,1
2020-12-01,11747,ChargePoint,1022.5970000000002,46,191,326,2,4
2020-11-01,11747,ChargePoint,1226.5659999999998,62,234,385,2,4
2020-03-01,11747,ChargePoint,2195.412,92,432,610,2,4
2020-02-01,11747,ChargePoint,4094.8920000000026,176,781,1014,2,4
2020-01-01,11747,ChargePoint,5428.880000000003,214,1015,1280,2,4
2019-12-01,11747,ChargePoint,1906.7710000000002,80,360,414,2,4
2019-11-01,11747,ChargePoint,2229.2690000000002,88,412,514,2,4
2019-03-01,11747,ChargePoint,1467.2259999999999,78,305,495,2,4
2019-02-01,11747,ChargePoint,1021.2820000000003,54,216,348,2,4
2019-01-01,11747,ChargePoint,1425.6970000000008,79,288,458,2,4
2018-12-01,11747,ChargePoint,1235.305,50,231,336,2,4
2018-11-01,11747,ChargePoint,1315.2,69,272,437,2,4
2020-12-01,11968,ChargePoint,2543.1079999999997,103,458,704,1,2
2020-12-01,11725,ChargePoint,104.22800000000001,4,17,19,2,2
2020-12-01,11754,ChargePoint,237.26299999999998,37,72,220,1,2
2020-12-01,11740,ChargePoint,23.714,7,5,5,1,2
2020-12-01,11772,ChargePoint,95.468,14,21,22,1,2
2020-11-01,11968,ChargePoint,2561.181999999999,118,478,821,1,2
2020-11-01,11772,ChargePoint,130.434,10,21,29,1,2
2020-11-01,11754,ChargePoint,176.916,28,50,192,1,2
2020-11-01,11740,ChargePoint,139.55599999999998,16,25,35,1,2
2020-03-01,11772,ChargePoint,115.884,14,18,18,1,2
2020-03-01,11740,ChargePoint,169.52,8,28,49,1,2
2020-03-01,11754,ChargePoint,120.09800000000001,22,35,133,1,2
2020-03-01,11787,ChargePoint,16.644,4,7,7,1,2
2020-02-01,11740,ChargePoint,296.34399999999994,30,56,95,1,2
2020-02-01,11754,ChargePoint,287.4200000000001,46,86,271,1,2
2020-02-01,11787,ChargePoint,214.58400000000003,22,38,38,1,1
2020-02-01,11772,ChargePoint,109.038,12,22,22,1,2
2020-01-01,11787,ChargePoint,234.46800000000002,36,49,55,1,2
2020-01-01,11754,ChargePoint,204.43199999999996,32,61,175,1,2
2020-01-01,11740,ChargePoint,240.034,22,49,90,1,2
2020-01-01,11772,ChargePoint,9.12,2,1,1,1,1
2019-12-01,11787,ChargePoint,157.74600000000004,10,29,30,1,2
2019-12-01,11740,ChargePoint,149.965,7,28,29,1,2
2019-11-01,11787,ChargePoint,243.68099999999998,20,41,41,1,2
2019-11-01,11740,ChargePoint,101.63999999999999,6,17,22,1,2
2020-12-01,11717,ChargePoint,2216.81,203,534,1324,4,8
2020-11-01,11717,ChargePoint,2276.257999999999,252,532,1149,3,6
2020-03-01,11717,ChargePoint,4081.5840000000003,380,884,1528,4,8
2020-02-01,11717,ChargePoint,4420.753999999998,380,913,1391,4,8
2020-12-01,11788,ChargePoint,1925.299000000001,177,352,657,4,6
2020-11-01,11788,ChargePoint,820.6399999999998,101,179,227,3,4
2020-03-01,11788,ChargePoint,1151.906,90,209,227,1,2
2020-02-01,11788,ChargePoint,1319.3599999999994,124,247,290,1,2
2020-01-01,11788,ChargePoint,1281.984,100,239,298,1,2
2019-12-01,11788,ChargePoint,725.215,43,126,145,1,2
2019-11-01,11788,ChargePoint,852.7210000000001,65,150,182,1,2
2019-03-01,11788,ChargePoint,1179.4690000000005,96,215,244,1,2
2019-02-01,11788,ChargePoint,689.7040000000002,53,130,165,1,2
2019-01-01,11788,ChargePoint,758.745,62,141,178,1,2
2018-12-01,11788,ChargePoint,893.0689999999998,67,157,229,1,2
2018-11-01,11788,ChargePoint,615.541,44,103,144,1,2
2020-12-01,12801,ChargePoint,4339.891999999999,406,1053,3099,15,26
2020-12-01,12804,ChargePoint,1598.6550000000004,100,275,471,12,14
2020-12-01,12814,ChargePoint,101.904,9,20,36,5,5
2020-12-01,12885,ChargePoint,6.8100000000000005,3,2,2,1,1
2020-11-01,12801,ChargePoint,3885.464,404,959,3332,14,23
2020-11-01,12814,ChargePoint,638.824,30,110,181,6,9
2020-11-01,12845,ChargePoint,100.44200000000001,12,19,23,4,4
2020-11-01,12804,ChargePoint,836.2180000000003,82,157,310,11,15
2020-11-01,12846,ChargePoint,4.144,2,1,1,1,1
2020-03-01,12845,ChargePoint,26.171999999999997,6,4,5,2,3
2020-02-01,12814,ChargePoint,276.464,6,47,92,2,3
2020-02-01,12804,ChargePoint,602.4890000000001,52,134,310,4,6
2020-02-01,12801,ChargePoint,3636.912,292,786,1834,6,11
2020-01-01,12814,ChargePoint,51.884,4,9,44,2,2
2020-01-01,12845,ChargePoint,157.96,16,25,35,4,5
2019-12-01,12845,ChargePoint,42.281000000000006,5,7,9,3,4
2019-11-01,12801,ChargePoint,1330.0229999999992,94,283,603,4,8
2019-03-01,12804,ChargePoint,729.1020000000001,50,130,190,1,2
2019-03-01,12801,ChargePoint,1789.4369999999997,135,362,1077,4,8
2019-02-01,12804,ChargePoint,510.0729999999999,31,89,106,1,2
2019-01-01,12801,ChargePoint,1361.9660000000001,113,299,629,4,8
2019-01-01,12804,ChargePoint,634.2579999999999,35,128,212,1,2
2018-12-01,12804,ChargePoint,632.528,33,116,172,1,1
2018-11-01,12804,ChargePoint,535.913,29,114,416,1,2
2018-02-01,12801,ChargePoint,316.40200000000004,33,76,123,3,5
2018-01-01,12801,ChargePoint,185.37199999999993,36,52,72,3,6
2020-03-01,12801,ChargePoint,3257.176000000001,286,725,1494,7,12
2020-01-01,12801,ChargePoint,2409.7580000000003,238,534,1332,4,8
2019-12-01,12801,ChargePoint,1222.7480000000003,125,289,774,4,8
2019-02-01,12801,ChargePoint,1282.8760000000004,103,259,677,4,8
2018-12-01,12801,ChargePoint,1466.0489999999998,93,280,516,4,7
2018-11-01,12801,ChargePoint,863.7220000000002,71,168,386,4,7
2017-12-01,12801,ChargePoint,55.13700000000001,17,21,32,3,6
2018-03-01,12801,ChargePoint,282.661,38,65,175,3,6
2018-03-01,12804,ChargePoint,417.41200000000003,30,75,103,1,2
2020-02-01,12845,ChargePoint,429.584,16,71,89,4,6
2020-12-01,12601,ChargePoint,837.095,79,233,543,6,8
2020-11-01,12601,ChargePoint,1096.6910000000003,89,292,1117,6,9
2020-03-01,12601,ChargePoint,297.224,24,58,59,3,4
2020-02-01,12601,ChargePoint,779.0799999999999,62,137,147,4,7
2020-01-01,12601,ChargePoint,472.882,62,91,108,4,8
2019-12-01,12601,ChargePoint,80.178,14,17,18,4,7
2019-11-01,12601,ChargePoint,132.813,19,27,28,4,8
2020-02-01,12583,ChargePoint,147.814,10,26,27,1,2
2020-01-01,12583,ChargePoint,231.93399999999997,16,43,58,1,2
2019-12-01,12583,ChargePoint,167.651,15,43,46,1,2
2019-11-01,12583,ChargePoint,220.76500000000001,25,50,59,1,2
2019-03-01,12583,ChargePoint,178.948,20,44,50,1,2
2019-02-01,12583,ChargePoint,217.312,17,49,53,1,2
2018-12-01,12583,ChargePoint,236.72399999999996,23,47,50,1,2
2018-11-01,12583,ChargePoint,164.32199999999997,15,31,34,1,2
2018-02-01,12583,ChargePoint,27.196,4,5,5,1,2
2020-12-01,14209,ChargePoint,771.039,30,130,151,3,4
2020-12-01,14203,ChargePoint,913.4899999999999,126,235,553,3,3
2020-12-01,14221,ChargePoint,2166.8729999999996,250,461,751,5,10
2020-11-01,14222,ChargePoint,1653.428,162,387,601,2,4
2020-11-01,14203,ChargePoint,1722.7240000000002,190,400,725,3,5
2020-11-01,14209,ChargePoint,816.2479999999999,28,136,152,3,4
2020-11-01,14202,ChargePoint,103.238,6,16,16,1,2
2020-02-01,14202,ChargePoint,186.522,10,34,34,1,2
2020-02-01,14127,ChargePoint,694.1840000000001,52,128,160,2,4
2020-01-01,14127,ChargePoint,710.7739999999999,50,121,138,2,4
2019-12-01,14213,ChargePoint,135.38500000000002,12,22,305,1,2
2019-12-01,14127,ChargePoint,826.447,43,139,167,2,4
2019-11-01,14127,ChargePoint,869.279,37,155,207,2,4
2019-02-01,14127,ChargePoint,386.49,22,71,100,2,4
2019-01-01,14127,ChargePoint,499.58200000000005,22,92,142,2,4
2018-12-01,14127,ChargePoint,187.093,22,39,62,2,4
2020-12-01,14150,ChargePoint,506.07500000000005,95,91,93,3,6
2020-12-01,14086,ChargePoint,246.47200000000007,61,52,52,1,2
2020-12-01,14226,ChargePoint,198.558,10,38,50,3,5
2020-12-01,14139,ChargePoint,50.245999999999995,13,12,14,1,2
2020-11-01,14221,ChargePoint,2282.8040000000015,262,478,764,4,8
2020-11-01,14150,ChargePoint,618.8859999999999,84,103,107,3,5
2020-11-01,14086,ChargePoint,353.5619999999999,84,63,64,1,2
2020-11-01,14139,ChargePoint,59.13399999999999,28,17,19,1,2
2020-11-01,14059,ChargePoint,98.02199999999999,14,20,36,1,2
2020-11-01,14075,ChargePoint,484.36799999999994,46,84,150,3,5
2020-10-01,14069,ChargePoint,139.62199999999999,12,22,33,1,2
2020-03-01,14086,ChargePoint,352.6239999999999,84,67,72,1,2
2020-03-01,14127,ChargePoint,758.848,102,151,185,2,4
2020-02-01,14086,ChargePoint,152.50399999999996,44,29,29,1,2
2020-01-01,14086,ChargePoint,140.864,34,33,33,1,2
2019-12-01,14086,ChargePoint,79.55500000000002,17,16,18,1,2
2019-11-01,14086,ChargePoint,149.93300000000005,23,33,40,1,2
2019-03-01,14086,ChargePoint,175.782,32,37,38,1,2
2019-02-01,14086,ChargePoint,128.451,25,31,32,1,2
2019-01-01,14086,ChargePoint,139.64000000000001,29,35,36,1,2
2018-12-01,14086,ChargePoint,343.45400000000006,69,68,79,1,2
2018-11-01,14086,ChargePoint,316.07899999999995,61,55,61,1,2
2018-11-01,14127,ChargePoint,106.34100000000001,18,26,33,2,3
2019-02-01,10460,ChargePoint,215.81099999999995,40,71,248,2,4
2019-01-01,10460,ChargePoint,415.78299999999984,53,116,391,2,4
2018-12-01,10460,ChargePoint,568.3460000000002,46,129,309,2,4
2018-11-01,10460,ChargePoint,368.31199999999995,55,118,286,2,4
2019-03-01,10460,ChargePoint,455.381,73,129,353,2,4
2020-12-01,10461,ChargePoint,630.3919999999999,59,136,150,1,2
2020-11-01,10461,ChargePoint,656.6980000000001,58,147,179,1,2
2020-03-01,10461,ChargePoint,1678.6760000000006,112,371,494,1,2
2020-02-01,10461,ChargePoint,3000.0779999999995,148,621,746,1,2
2020-01-01,10461,ChargePoint,2271.4839999999995,186,497,599,1,2
2019-12-01,10461,ChargePoint,754.257,67,155,178,1,2
2019-11-01,10461,ChargePoint,573.8530000000002,57,129,153,1,2
2019-03-01,10461,ChargePoint,494.71899999999994,38,98,116,1,2
2019-02-01,10461,ChargePoint,310.802,32,65,71,1,2
2019-01-01,10461,ChargePoint,446.0850000000001,49,92,94,1,2
2018-12-01,10461,ChargePoint,452.49699999999996,41,94,99,1,2
2018-11-01,10461,ChargePoint,461.3070000000001,37,94,115,1,2
2020-12-01,14433,ChargePoint,329.58500000000004,22,93,140,1,2
2020-11-01,14433,ChargePoint,300.4599999999999,32,95,123,1,1
2020-03-01,14433,ChargePoint,540.9399999999999,38,123,179,1,2
2020-02-01,14433,ChargePoint,888.7479999999999,60,224,288,1,2
2020-01-01,14433,ChargePoint,1345.05,84,321,406,1,2
2019-12-01,14433,ChargePoint,498.43100000000004,30,113,139,1,2
2019-11-01,14433,ChargePoint,452.332,30,106,146,1,2
2019-03-01,14433,ChargePoint,431.08600000000007,29,90,150,1,1
2019-02-01,14433,ChargePoint,21.483,8,4,40,1,1
2020-12-01,12110,ChargePoint,2353.4530000000004,374,498,599,14,22
2020-12-01,11590,ChargePoint,6718.078999999994,584,1301,1985,5,10
2020-12-01,12901,ChargePoint,416.8439999999999,49,100,134,4,7
2020-12-01,12529,ChargePoint,8.604,2,4,4,1,1
2020-12-01,12205,ChargePoint,2980.803999999999,256,599,773,13,21
2020-12-01,12983,ChargePoint,262.501,10,51,73,3,3
2020-11-01,12110,ChargePoint,3023.0400000000004,491,650,870,12,19
2020-11-01,12901,ChargePoint,743.0560000000003,63,132,164,4,7
2020-11-01,10901,ChargePoint,152.182,54,51,358,4,6
2020-11-01,13367,ChargePoint,31.985999999999997,6,11,13,1,2
2020-11-01,13053,ChargePoint,12.558,6,2,2,1,2
2020-02-01,11590,ChargePoint,4384.799999999996,501,902,1832,5,10
2020-01-01,11590,ChargePoint,4414.816000000002,524,900,2072,5,10
2019-12-01,11590,ChargePoint,1826.3610000000006,230,372,847,5,10
2019-11-01,11590,ChargePoint,1437.725999999999,227,301,865,5,10
2020-12-01,13212,ChargePoint,982.628,35,176,183,1,2
2020-11-01,13090,ChargePoint,64.834,6,25,40,1,1
2020-11-01,13212,ChargePoint,915.9620000000001,50,165,175,1,2
2020-02-01,13212,ChargePoint,491.0199999999999,24,92,96,1,2
2020-02-01,13208,ChargePoint,24.610000000000003,6,4,4,3,4
2020-02-01,13090,ChargePoint,12.106,2,3,3,1,1
2019-12-01,13212,ChargePoint,90.155,11,15,16,1,2
2019-11-01,13212,ChargePoint,114.65100000000001,12,20,20,1,2
2019-11-01,13088,ChargePoint,955.1910000000003,134,195,243,3,6
2019-02-01,13212,ChargePoint,13.628,6,4,4,1,2
2019-01-01,13212,ChargePoint,48.133,10,14,15,1,2
2020-12-01,14586,ChargePoint,929.8240000000001,150,333,898,1,2
2020-12-01,14445,ChargePoint,324.23,46,93,106,1,2
2020-11-01,14586,ChargePoint,963.5799999999999,184,347,880,1,2
2020-11-01,14445,ChargePoint,264.844,66,73,85,1,2
2020-11-01,14420,ChargePoint,47.776,8,15,20,2,3
2020-03-01,14420,ChargePoint,362.76800000000003,36,79,107,3,5
2020-03-01,14445,ChargePoint,426.97,50,92,103,1,2
2020-02-01,14445,ChargePoint,763.2199999999999,68,183,204,1,2
2020-02-01,14420,ChargePoint,813.7600000000003,76,170,197,3,6
2020-01-01,14445,ChargePoint,985.8620000000002,92,233,243,1,2
2020-01-01,14420,ChargePoint,368.83600000000007,46,82,94,3,6
2019-12-01,14445,ChargePoint,412.22900000000004,39,104,116,1,2
2019-12-01,14420,ChargePoint,205.38900000000004,20,53,60,3,5
2019-11-01,14445,ChargePoint,300.24899999999985,29,74,83,1,2
2019-11-01,14420,ChargePoint,313.2149999999999,44,85,99,3,6
2020-12-01,12534,ChargePoint,1516.8609999999996,112,273,388,3,6
2020-12-01,11222,ChargePoint,3437.6389999999997,135,636,2855,3,6
2020-12-01,10901,ChargePoint,220.986,47,62,244,4,5
2020-12-01,12526,ChargePoint,490.84299999999996,44,94,163,1,2
2020-12-01,10926,ChargePoint,138.803,27,27,28,1,2
2020-12-01,12970,ChargePoint,9.606,12,3,5,4,4
2020-12-01,12302,ChargePoint,2009.0620000000008,234,174,209,11,21
2020-12-01,14432,ChargePoint,276.84999999999997,17,48,116,2,2
2020-12-01,14530,ChargePoint,18.656,2,3,3,1,1
2020-12-01,12513,ChargePoint,3.1400000000000006,18,1,1,1,2
2020-12-01,14527,ChargePoint,349.46300000000014,53,94,129,1,2
2020-12-01,12309,ChargePoint,775.6699999999998,103,168,583,5,5
2020-12-01,13617,ChargePoint,987.0060000000005,134,265,530,4,7
2020-12-01,13905,ChargePoint,94.80000000000001,10,32,55,1,2
2020-12-01,14411,ChargePoint,29.404000000000003,6,6,6,1,2
2020-12-01,12010,ChargePoint,23.852,5,5,5,2,2
2020-12-01,13478,ChargePoint,281.33000000000004,11,48,66,3,3
2020-12-01,13901,ChargePoint,207.95,8,38,102,1,2
2020-12-01,12953,ChargePoint,25.009999999999998,6,7,8,1,2
2020-11-01,11222,ChargePoint,2629.1020000000008,116,468,3584,3,6
2020-11-01,14432,ChargePoint,303.50200000000007,16,53,173,2,2
2020-11-01,12534,ChargePoint,1517.7559999999996,114,270,362,4,7
2020-11-01,10926,ChargePoint,16.900000000000002,8,3,3,1,2
2020-11-01,12970,ChargePoint,348.11800000000005,60,101,189,3,6
2020-11-01,10927,ChargePoint,76.952,8,12,12,1,2
2020-11-01,13655,ChargePoint,153.31799999999998,4,23,34,1,1
2020-11-01,12309,ChargePoint,1042.5659999999998,162,221,628,7,10
2020-11-01,13617,ChargePoint,1535.8419999999999,216,355,753,4,6
2020-11-01,13905,ChargePoint,198.32600000000002,26,71,143,3,6
2020-11-01,12526,ChargePoint,249.65400000000002,18,46,71,1,2
2020-11-01,13901,ChargePoint,284.80800000000005,26,50,92,1,2
2020-11-01,14527,ChargePoint,290.45999999999987,54,87,142,1,2
2020-11-01,13478,ChargePoint,413.13000000000005,28,70,74,2,4
2020-11-01,12302,ChargePoint,3774.4800000000005,326,294,310,11,20
2020-11-01,14411,ChargePoint,17.148,8,5,5,1,2
2020-11-01,12010,ChargePoint,34.806,6,7,14,1,2
2020-11-01,13045,ChargePoint,51.85600000000001,10,9,9,3,4
2020-03-01,12526,ChargePoint,121.252,22,33,115,1,2
2020-03-01,13478,ChargePoint,153.296,8,25,26,3,3
2020-03-01,10977,ChargePoint,151.982,22,40,54,1,2
2020-03-01,12485,ChargePoint,119.77000000000001,14,17,17,2,2
2020-03-01,14432,ChargePoint,271.448,20,50,123,2,4
2020-03-01,13820,ChargePoint,328.76399999999995,42,106,129,1,2
2020-03-01,11222,ChargePoint,1578.7480000000003,62,281,1064,4,6
2020-03-01,14527,ChargePoint,239.02599999999998,20,45,67,1,2
2020-03-01,14303,ChargePoint,902.3220000000002,104,268,636,5,8
2020-02-01,11222,ChargePoint,1463.494,54,253,1432,3,5
2020-02-01,12534,ChargePoint,1283.086,72,219,230,4,7
2020-02-01,14432,ChargePoint,513.584,32,90,227,2,4
2020-02-01,12953,ChargePoint,18.052,4,5,5,1,2
2020-02-01,10926,ChargePoint,285.68799999999993,32,50,51,1,2
2020-02-01,12526,ChargePoint,294.30800000000005,18,57,116,1,2
2020-02-01,14527,ChargePoint,66.55199999999999,12,17,21,1,2
2020-02-01,10977,ChargePoint,347.8500000000001,44,80,95,1,2
2020-02-01,13901,ChargePoint,625.3260000000001,44,121,258,1,2
2020-02-01,12302,ChargePoint,491.71899999999994,213,121,130,2,4
2020-02-01,12485,ChargePoint,161.12800000000004,18,24,25,2,3
2020-02-01,12513,ChargePoint,135.904,18,24,24,1,2
2020-02-01,13478,ChargePoint,94.09199999999998,6,16,22,2,3
2020-02-01,12010,ChargePoint,414.166,20,62,63,1,2
2020-01-01,11222,ChargePoint,1759.77,72,347,1381,4,7
2020-02-01,14120,ChargePoint,10.258,4,3,3,2,2
2020-01-01,14527,ChargePoint,106.786,22,31,65,1,2
2020-01-01,10977,ChargePoint,482.148,60,110,148,1,2
2020-01-01,12870,ChargePoint,66.984,10,10,10,1,2
2020-01-01,12309,ChargePoint,1660.4359999999997,250,414,1260,4,5
2020-01-01,12010,ChargePoint,93.122,14,17,25,1,2
2020-01-01,13901,ChargePoint,416.002,26,85,307,1,2
2020-01-01,10926,ChargePoint,273.0299999999999,40,48,49,1,2
2020-01-01,14432,ChargePoint,279.82,20,51,136,2,3
2020-01-01,12534,ChargePoint,638.0400000000001,56,108,153,4,7
2020-01-01,12485,ChargePoint,74.58,6,10,10,2,2
2020-01-01,12526,ChargePoint,249.464,14,36,66,1,2
2019-12-01,11222,ChargePoint,1264.5430000000008,58,251,861,4,6
2019-12-01,12526,ChargePoint,272.235,21,57,157,1,2
2019-12-01,12534,ChargePoint,982.028,48,175,228,4,8
2019-12-01,10977,ChargePoint,124.97099999999998,19,32,41,1,2
2019-12-01,14432,ChargePoint,104.99900000000001,7,18,64,2,2
2019-12-01,10926,ChargePoint,62.76500000000001,18,13,13,1,2
2019-12-01,12302,ChargePoint,18.598,3,3,13,1,2
2019-12-01,12309,ChargePoint,611.661,89,150,415,5,9
2019-12-01,13901,ChargePoint,112.38999999999999,5,22,63,1,2
2019-11-01,12534,ChargePoint,178.694,12,32,37,4,7
2019-11-01,12526,ChargePoint,132.41,7,22,29,1,2
2019-11-01,10926,ChargePoint,76.85799999999999,23,15,15,1,2
2019-11-01,14432,ChargePoint,194.99599999999998,13,41,73,2,3
2019-11-01,11222,ChargePoint,474.523,10,80,744,2,3
2019-11-01,13901,ChargePoint,172.417,13,31,229,1,2
2019-11-01,10977,ChargePoint,156.69500000000002,19,38,46,1,2
2019-11-01,14527,ChargePoint,67.367,12,20,30,1,2
2019-11-01,12870,ChargePoint,109.94200000000001,5,16,16,1,2
2019-03-01,11367,ChargePoint,584.544,91,132,272,2,4
2019-02-01,11367,ChargePoint,421.1620000000001,57,84,174,2,4
2019-01-01,11367,ChargePoint,137.17899999999997,27,25,32,2,4
2018-12-01,11367,ChargePoint,341.013,32,64,77,2,4
2018-11-01,11367,ChargePoint,703.3820000000001,47,125,172,2,4
2018-01-01,12010,ChargePoint,1.798,1,0,0,1,1
2020-12-01,12037,ChargePoint,128.153,21,27,34,1,2
2020-11-01,12037,ChargePoint,234.492,32,53,71,1,2
2020-03-01,12037,ChargePoint,336.28599999999994,58,74,127,1,2
2020-02-01,12037,ChargePoint,824.8400000000001,122,168,232,1,2
2020-01-01,12037,ChargePoint,1241.6539999999993,134,259,410,1,2
2019-12-01,12037,ChargePoint,458.96400000000006,59,94,130,1,2
2019-11-01,12037,ChargePoint,216.79800000000006,42,52,79,1,2
2019-03-01,12037,ChargePoint,144.858,22,24,27,1,2
2019-02-01,12037,ChargePoint,82.16699999999999,20,16,19,1,2
2019-01-01,12037,ChargePoint,186.61799999999997,18,49,80,1,2
2018-12-01,12037,ChargePoint,211.80599999999995,43,44,56,1,2
2018-11-01,12037,ChargePoint,81.40599999999998,23,20,25,1,2
2020-12-01,14456,ChargePoint,772.5109999999999,41,124,145,4,6
2020-02-01,14456,ChargePoint,5187.232000000002,224,879,1046,4,7
2019-03-01,14456,ChargePoint,464.554,57,120,189,2,3
2019-01-01,14456,ChargePoint,304.64700000000005,35,79,123,2,3
2018-12-01,14456,ChargePoint,479.7509999999999,39,107,161,2,3
2020-11-01,14456,ChargePoint,2592.6900000000005,134,413,625,3,5
2020-03-01,14456,ChargePoint,2454.9719999999993,122,406,527,4,7
2020-01-01,14456,ChargePoint,4319.414,188,726,859,3,6
2019-12-01,14456,ChargePoint,1488.8039999999999,75,253,321,3,6
2019-11-01,14456,ChargePoint,1893.0900000000004,95,325,419,3,6
2019-02-01,14456,ChargePoint,552.4620000000002,60,141,222,2,3
2018-11-01,14456,ChargePoint,1046.3139999999999,64,210,268,1,2
2018-03-01,14456,ChargePoint,947.9010000000003,60,187,278,1,2
2020-12-01,13788,ChargePoint,934.1479999999999,41,190,244,1,2
2020-11-01,13788,ChargePoint,1477.7900000000004,58,282,349,1,2
2020-03-01,13788,ChargePoint,246.01200000000003,26,62,69,1,2
2019-03-01,13788,ChargePoint,127.66,19,44,91,1,2
2019-02-01,13788,ChargePoint,96.89500000000001,16,34,88,1,2
2019-01-01,13788,ChargePoint,144.768,21,48,113,1,2
2018-12-01,13788,ChargePoint,85.097,14,29,66,1,2
2018-11-01,13788,ChargePoint,108.33299999999998,18,37,86,1,2
2017-11-01,13788,ChargePoint,19.12,5,6,8,1,2
2017-03-01,13788,ChargePoint,44.354,7,23,28,1,2
2017-01-01,13788,ChargePoint,96.03500000000001,15,43,51,1,2
2020-03-01,13753,ChargePoint,387.66400000000016,44,96,132,1,2
2020-02-01,13753,ChargePoint,529.682,42,113,130,1,2
2020-01-01,13753,ChargePoint,513.44,50,122,162,1,2
2019-12-01,13753,ChargePoint,172.794,17,39,50,1,2
2019-11-01,13753,ChargePoint,276.56399999999996,23,58,71,1,2
2018-12-01,13753,ChargePoint,84.057,11,15,16,1,2
2018-11-01,13753,ChargePoint,116.95700000000002,20,26,27,1,2
2018-03-01,13753,ChargePoint,50.638000000000005,17,15,17,1,2
2018-02-01,13753,ChargePoint,64.683,14,15,16,1,2
2018-01-01,13753,ChargePoint,29.948999999999995,9,8,9,1,2
2017-12-01,13753,ChargePoint,14.331,3,3,3,1,2
2017-11-01,13753,ChargePoint,69.546,11,16,17,1,2
2016-12-01,13753,ChargePoint,3.633,2,1,2,1,1
2016-11-01,13753,ChargePoint,12.353,5,4,7,1,1
2016-01-01,13753,ChargePoint,0.073,1,0,0,1,1
2020-12-01,12455,ChargePoint,258.669,24,48,125,1,2
2020-11-01,12455,ChargePoint,316.984,60,75,332,1,2
2020-03-01,12455,ChargePoint,299.128,56,87,136,1,2
2020-02-01,12455,ChargePoint,580.2780000000002,84,141,394,1,2
2020-01-01,12455,ChargePoint,611.3900000000001,96,179,588,1,2
2019-12-01,12455,ChargePoint,299.601,41,89,247,1,2
2019-11-01,12455,ChargePoint,281.859,41,67,150,1,2
2019-03-01,12455,ChargePoint,196.256,39,62,203,1,2
2019-02-01,12455,ChargePoint,82.57499999999999,17,30,102,1,2
2019-01-01,12455,ChargePoint,168.083,27,50,128,1,2
2018-12-01,12455,ChargePoint,113.88999999999999,25,42,134,1,2
2018-11-01,12455,ChargePoint,224.12699999999998,27,52,204,1,2
2018-03-01,12455,ChargePoint,93.727,25,32,152,1,2
2018-02-01,12455,ChargePoint,22.572,8,7,8,1,2
2017-12-01,12455,ChargePoint,56.58500000000001,8,17,80,1,2
2017-11-01,12455,ChargePoint,107.23599999999999,25,36,200,1,2
2017-02-01,12455,ChargePoint,3.001,4,2,3,1,1
2017-01-01,12455,ChargePoint,3.502,4,2,2,1,1
2016-02-01,12455,ChargePoint,2.373,4,2,4,1,2
2020-12-01,10032,ChargePoint,871.506,31,172,452,1,2
2020-11-01,10032,ChargePoint,1154.1419999999998,38,226,535,1,2
2020-03-01,10032,ChargePoint,435.222,18,68,309,1,2
2020-02-01,10032,ChargePoint,591.57,20,92,244,1,2
2020-01-01,10032,ChargePoint,1297.7600000000002,42,203,578,1,2
2019-12-01,10032,ChargePoint,398.2659999999999,17,62,201,1,2
2019-11-01,10032,ChargePoint,425.4440000000001,14,68,222,1,2
2018-11-01,12180,ChargePoint,1279.6229999999996,115,224,918,4,5
2020-12-01,12304,ChargePoint,1390.500999999999,207,284,347,2,4
2020-11-01,12304,ChargePoint,1157.3879999999995,236,242,257,2,4
2020-03-01,12302,ChargePoint,419.7180000000002,170,101,112,1,2
2020-01-01,12302,ChargePoint,248.948,124,59,61,2,4
2020-12-01,12144,ChargePoint,358.75899999999996,91,91,104,2,4
2020-11-01,12144,ChargePoint,613.1320000000001,194,153,188,2,4
2020-03-01,12144,ChargePoint,391.82800000000003,126,93,95,2,4
2020-12-01,10520,ChargePoint,828.9900000000001,89,215,1250,3,6
2020-11-01,10520,ChargePoint,986.5560000000004,112,249,1515,3,6
2020-02-01,10520,ChargePoint,943.3820000000002,122,247,1055,3,6
2020-01-01,10520,ChargePoint,1307.3699999999994,166,331,1246,3,6
2019-12-01,10520,ChargePoint,436.44599999999997,54,131,672,3,5
2019-11-01,10520,ChargePoint,355.8699999999999,52,105,561,3,6
2020-02-01,10543,ChargePoint,71.24199999999999,20,22,25,1,2
2020-01-01,10543,ChargePoint,106.09000000000002,20,29,29,1,2
2019-12-01,10543,ChargePoint,43.43000000000001,10,13,15,1,1
2019-11-01,10543,ChargePoint,58.376,13,18,18,1,1
2019-03-01,10543,ChargePoint,30.248,7,9,9,1,1
2019-02-01,10543,ChargePoint,4.01,1,1,1,1,1
2017-01-01,10605,ChargePoint,351.586,25,109,334,2,4
2020-12-01,10605,ChargePoint,772.9719999999999,38,128,338,2,4
2020-11-01,10605,ChargePoint,1038.166,34,169,377,3,4
2020-02-01,10605,ChargePoint,4128.881,168,763,1286,5,10
2020-01-01,10605,ChargePoint,5283.713,234,1032,1658,5,10
2019-12-01,10605,ChargePoint,3124.747999999999,179,624,1027,5,9
2019-11-01,10605,ChargePoint,2970.799000000001,157,607,1111,4,8
2017-03-01,10605,ChargePoint,252.51,19,77,254,1,2
2017-02-01,10605,ChargePoint,284.583,19,88,277,1,2
2016-12-01,10605,ChargePoint,301.407,23,97,409,1,2
2016-11-01,10605,ChargePoint,321.29100000000005,23,98,323,1,2
2018-01-01,10605,ChargePoint,570.172,61,183,580,3,5
2019-02-01,10605,ChargePoint,1188.0070000000003,67,273,481,3,6
2019-01-01,10605,ChargePoint,1746.973,103,409,720,3,6
2018-12-01,10605,ChargePoint,1036.2009999999998,81,240,560,3,6
2018-03-01,10605,ChargePoint,351.0729999999999,36,107,331,3,6
2018-02-01,10605,ChargePoint,336.7819999999999,32,105,289,3,5
2017-11-01,10605,ChargePoint,432.571,53,132,288,3,5
2020-12-01,10601,ChargePoint,3021.923999999999,168,585,2612,4,8
2020-11-01,10601,ChargePoint,1796.034,150,363,2148,3,6
2020-02-01,10601,ChargePoint,3075.6829999999964,204,630,3198,4,8
2020-01-01,10601,ChargePoint,3836.1780000000003,236,782,3705,5,9
2019-12-01,10601,ChargePoint,1790.477,106,365,1576,4,7
2019-11-01,10601,ChargePoint,1732.9150000000002,124,387,1671,4,8
2019-02-01,10601,ChargePoint,2162.473999999999,137,472,2374,5,9
2019-01-01,10601,ChargePoint,2222.118,136,469,2061,5,10
2018-12-01,10601,ChargePoint,1863.2549999999994,102,382,1481,4,7
2018-11-01,10601,ChargePoint,1336.5219999999997,74,250,1791,4,8
2018-03-01,10601,ChargePoint,1710.8430000000005,100,359,1679,5,9
2018-02-01,10601,ChargePoint,1012.7100000000002,54,198,1047,5,10
2018-01-01,10601,ChargePoint,2159.4370000000004,127,499,1909,5,10
2017-11-01,10601,ChargePoint,2523.576,127,603,2295,5,10
2016-02-01,10601,ChargePoint,2522.8519999999994,106,558,1479,5,10
2016-01-01,10601,ChargePoint,2554.7600000000007,110,585,1530,5,10
2015-12-01,10601,ChargePoint,1945.1370000000002,87,447,996,5,10
2015-11-01,10601,ChargePoint,1937.7309999999993,97,327,874,5,10
2018-10-01,10601,ChargePoint,1476.2140000000004,78,277,887,5,9
2017-02-01,10601,ChargePoint,1484.5020000000004,77,354,1251,4,8
2017-01-01,10601,ChargePoint,2362.8179999999998,106,527,1569,4,7
2016-12-01,10601,ChargePoint,2628.869000000001,125,572,1522,5,9
2016-11-01,10601,ChargePoint,1795.9389999999996,109,429,1867,5,10
2017-03-01,10601,ChargePoint,1786.1399999999999,84,433,1555,5,10
2015-10-01,10601,ChargePoint,2118.6769999999997,72,357,887,5,10
2020-12-01,11553,ChargePoint,1955.1470000000006,115,376,687,5,8
2020-11-01,11553,ChargePoint,2497.356,172,486,898,5,10
2020-03-01,11553,ChargePoint,2792.055999999999,208,612,1067,4,8
2020-02-01,11553,ChargePoint,4090.6099999999997,328,915,1661,4,8
2020-01-01,11553,ChargePoint,4631.271999999999,360,1064,1685,5,10
2019-12-01,11553,ChargePoint,1896.3770000000004,181,461,752,5,10
2019-11-01,11553,ChargePoint,2485.060000000001,258,603,1096,5,10
2020-11-01,11590,ChargePoint,5625.610000000001,534,1051,1858,4,8
2020-12-01,11550,ChargePoint,1288.2879999999996,89,243,380,3,5
2020-11-01,11550,ChargePoint,2270.0580000000004,214,528,899,3,6
2020-03-01,11550,ChargePoint,968.0760000000002,118,251,622,3,6
2020-02-01,11550,ChargePoint,2031.2220000000002,250,512,1161,3,6
2020-01-01,11550,ChargePoint,630.6859999999995,90,172,453,3,6
2017-12-01,11553,ChargePoint,94.96900000000001,18,35,105,1,2
2017-11-01,11553,ChargePoint,247.7670000000001,35,74,191,1,2
2017-02-01,11553,ChargePoint,128.98700000000002,21,54,191,1,2
2017-01-01,11553,ChargePoint,120.11500000000001,25,47,152,1,2
2016-12-01,11553,ChargePoint,92.49499999999999,19,37,134,1,2
2016-11-01,11553,ChargePoint,113.82900000000002,23,43,176,1,2
2020-01-01,11030,ChargePoint,5003.310000000002,384,1036,1672,2,4
2019-12-01,11030,ChargePoint,2149.9660000000013,194,496,848,2,4
2020-12-01,11030,ChargePoint,1510.3540000000005,105,309,573,1,2
2020-11-01,11030,ChargePoint,1075.8700000000001,76,223,423,1,2
2020-03-01,11030,ChargePoint,1611.440000000001,148,354,540,1,2
2020-02-01,11030,ChargePoint,2446.1180000000004,182,496,658,1,2
2020-12-01,12477,ChargePoint,1433.14,192,331,468,5,10
2020-11-01,12477,ChargePoint,2139.270000000002,214,435,620,5,10
2020-03-01,12477,ChargePoint,432.55999999999995,74,77,92,3,6
2020-02-01,12477,ChargePoint,682.2679999999998,66,117,143,3,6
2020-01-01,12477,ChargePoint,1052.0610000000006,111,182,245,4,8
2019-12-01,12477,ChargePoint,595.387,70,106,127,4,8
2019-11-01,12477,ChargePoint,424.95900000000006,53,86,118,4,8
2019-03-01,12477,ChargePoint,192.272,18,45,52,1,2
2019-02-01,12477,ChargePoint,159.71,22,35,36,1,2
2019-01-01,12477,ChargePoint,148.539,24,35,37,1,2
2018-12-01,12477,ChargePoint,210.36599999999993,29,46,52,1,2
2018-11-01,12477,ChargePoint,219.707,28,48,53,1,2
2018-02-01,12477,ChargePoint,436.909,13,79,116,1,2
2018-01-01,12477,ChargePoint,316.42900000000003,15,60,71,1,2
2017-12-01,12477,ChargePoint,40.086,10,11,11,1,2
2017-11-01,12477,ChargePoint,7.1850000000000005,5,2,3,1,2
2020-12-01,12498,ChargePoint,331.15700000000004,81,73,73,1,2
2020-11-01,12498,ChargePoint,278.02200000000005,100,66,68,1,2
2020-03-01,12498,ChargePoint,152.33000000000007,42,37,42,1,2
2020-02-01,12498,ChargePoint,138.082,48,35,36,1,2
2020-01-01,12498,ChargePoint,177.98799999999994,50,48,54,1,2
2019-12-01,12498,ChargePoint,158.853,25,36,57,1,2
2019-11-01,12498,ChargePoint,122.78500000000001,25,30,39,1,2
2020-12-01,12443,ChargePoint,803.509,20,116,214,1,2
2020-12-01,12525,ChargePoint,536.7810000000002,90,98,108,2,4
2020-12-01,12528,ChargePoint,405.54799999999994,15,80,120,2,3
2020-11-01,12443,ChargePoint,744.06,22,107,182,1,2
2020-11-01,12525,ChargePoint,784.8299999999999,102,132,146,2,4
2020-12-01,12428,ChargePoint,105.26,15,18,18,1,2
2020-12-01,12484,ChargePoint,30.95,4,8,13,1,2
2020-11-01,12484,ChargePoint,125.65200000000002,20,25,26,1,2
2020-11-01,12428,ChargePoint,339.152,22,59,84,1,2
2020-03-01,12428,ChargePoint,326.43999999999994,20,54,57,1,2
2020-02-01,12484,ChargePoint,773.8119999999999,84,136,153,1,2
2020-02-01,12428,ChargePoint,232.59400000000005,32,46,55,1,2
2020-01-01,12484,ChargePoint,596.2260000000001,56,110,138,1,2
2020-01-01,12428,ChargePoint,216.856,24,47,56,1,2
2019-12-01,12428,ChargePoint,148.271,13,27,28,1,2
2019-12-01,12484,ChargePoint,251.46800000000002,28,49,69,1,2
2019-11-01,12428,ChargePoint,131.158,12,26,36,1,2
2019-11-01,12484,ChargePoint,307.72599999999994,35,59,84,1,2
2019-03-01,12428,ChargePoint,34.556000000000004,6,8,17,1,2
2019-02-01,12428,ChargePoint,30.848,5,5,6,1,2
2020-12-01,12077,ChargePoint,1453.6370000000004,227,295,352,2,4
2020-11-01,12077,ChargePoint,1757.6020000000008,280,346,384,2,4
2020-03-01,12077,ChargePoint,1985.7699999999995,324,399,461,2,4
2020-02-01,12077,ChargePoint,2986.1220000000003,362,572,639,2,4
2020-01-01,12077,ChargePoint,2753.802000000001,320,538,617,2,4
2020-12-01,12054,ChargePoint,1086.6160000000002,168,284,961,11,15
2020-12-01,12047,ChargePoint,942.0260000000002,64,169,646,12,15
2020-12-01,12159,ChargePoint,516.725,35,128,663,4,4
2020-11-01,12047,ChargePoint,983.5720000000001,62,178,576,6,8
2020-11-01,12159,ChargePoint,487.61999999999995,26,114,810,3,3
2020-11-01,12054,ChargePoint,1221.087,224,354,1530,12,16
2020-11-01,12205,ChargePoint,2545.8739999999993,280,554,663,9,18
2020-03-01,12054,ChargePoint,216.70000000000002,26,36,44,1,2
2020-03-01,12205,ChargePoint,3424.920000000001,362,708,1112,8,16
2020-02-01,12205,ChargePoint,5959.4619999999995,580,1209,2013,8,16
2020-02-01,12054,ChargePoint,267.756,24,42,51,1,2
2020-02-01,12047,ChargePoint,803.1360000000001,58,169,265,6,8
2020-01-01,12205,ChargePoint,6939.608000000005,630,1388,2183,8,16
2020-01-01,12047,ChargePoint,302.696,44,74,117,5,6
2020-01-01,12054,ChargePoint,69.858,10,12,15,1,2
2019-12-01,12205,ChargePoint,3466.2349999999997,353,712,1107,8,16
2019-12-01,12047,ChargePoint,197.97800000000004,27,42,61,8,10
2019-11-01,12205,ChargePoint,3171.583000000001,325,647,1072,8,16
2019-11-01,12054,ChargePoint,33.745,5,5,9,1,2
2019-02-01,12084,ChargePoint,898.5030000000002,116,185,207,3,4
2020-12-01,12189,ChargePoint,2111.796,166,476,1888,8,11
2020-11-01,12189,ChargePoint,1886.5780000000002,128,430,1641,7,10
2020-02-01,12189,ChargePoint,262.444,24,68,1442,5,6
2020-01-01,12189,ChargePoint,796.712,90,205,1436,4,6
2019-12-01,12189,ChargePoint,293.646,27,74,721,2,2
2019-11-01,12189,ChargePoint,245.93900000000002,23,49,529,3,4
2020-12-01,12202,ChargePoint,311.92599999999993,57,56,75,2,3
2020-12-01,12211,ChargePoint,190.91499999999996,54,45,58,10,15
2020-11-01,12202,ChargePoint,244.54800000000006,54,41,57,2,3
2020-11-01,12211,ChargePoint,151.242,26,32,34,4,4
2020-02-01,12208,ChargePoint,3201.8679999999995,408,916,2378,3,5
2019-12-01,12208,ChargePoint,1546.381999999999,153,475,1671,3,6
2020-12-01,12209,ChargePoint,186.45000000000002,12,31,31,1,2
2020-03-01,12209,ChargePoint,1121.8700000000006,62,222,314,1,2
2020-02-01,12209,ChargePoint,1132.9659999999994,92,229,352,1,2
2020-01-01,12209,ChargePoint,1151.1840000000004,90,216,241,1,2
2019-12-01,12209,ChargePoint,1242.137,49,258,380,1,2
2019-11-01,12209,ChargePoint,1441.1810000000005,68,252,453,1,2
2019-03-01,12209,ChargePoint,510.31100000000004,24,90,139,1,2
2019-02-01,12209,ChargePoint,496.729,32,98,146,1,2
2019-01-01,12209,ChargePoint,235.23499999999999,25,54,95,1,2
2018-12-01,12209,ChargePoint,79.362,13,21,28,1,2
2020-12-01,12208,ChargePoint,3888.9200000000023,198,763,1201,2,4
2020-11-01,12208,ChargePoint,4830.061999999999,282,958,2062,3,6
2020-01-01,12208,ChargePoint,3531.5360000000014,376,1003,2854,3,5
2019-11-01,12208,ChargePoint,2030.7440000000004,218,537,969,3,6
2020-11-01,12528,ChargePoint,153.574,6,31,51,1,1
2018-11-01,10605,ChargePoint,1174.9209999999998,79,274,628,4,6
2020-11-01,12803,ChargePoint,4.974,4,2,2,1,1
2020-03-01,12814,ChargePoint,38.018,8,9,12,2,3
2020-12-01,13367,ChargePoint,14.918,4,3,3,1,1
2020-11-01,12529,ChargePoint,97.952,8,22,24,1,1
2020-12-01,12583,ChargePoint,61.775000000000006,6,11,14,1,2
2020-11-01,12583,ChargePoint,118.916,4,22,44,1,2
2019-01-01,12583,ChargePoint,185.21499999999997,15,43,44,1,1
2018-03-01,12583,ChargePoint,59.599,8,13,13,1,2
2020-11-01,13208,ChargePoint,25.545,3,5,30,2,2
2020-03-01,13212,ChargePoint,197.722,34,40,41,1,2
2020-03-01,13208,ChargePoint,10.727,2,2,2,2,2
2020-01-01,13212,ChargePoint,57.775999999999996,12,10,10,1,2
2020-01-01,13090,ChargePoint,12.442,2,3,3,1,1
2019-12-01,13090,ChargePoint,5.259,1,1,1,1,1
2019-11-01,13090,ChargePoint,6.194,1,2,2,1,1
2019-03-01,13212,ChargePoint,63.812,9,20,23,1,1
2020-12-01,10927,ChargePoint,23.588999999999995,5,4,4,1,1
2020-12-01,12061,ChargePoint,15.954,4,5,6,1,1
2020-12-01,14303,ChargePoint,1049.042,87,267,558,5,7
2020-12-01,14202,ChargePoint,260.746,8,44,45,1,1
2020-12-01,13820,ChargePoint,48.459,10,16,23,1,1
2020-11-01,14303,ChargePoint,1112.7079999999999,122,286,569,5,8
2020-11-01,12983,ChargePoint,9.926,2,3,3,1,1
2020-11-01,13820,ChargePoint,110.244,16,39,58,1,1
2020-11-01,12953,ChargePoint,2.434,4,1,1,1,2
2020-11-01,10977,ChargePoint,86.178,2,14,14,1,1
2020-03-01,12534,ChargePoint,699.1600000000002,42,118,147,3,4
2020-03-01,12513,ChargePoint,81.50999999999999,8,14,14,1,2
2020-02-01,14303,ChargePoint,408.08999999999986,60,97,152,4,6
2020-02-01,12870,ChargePoint,11.894,2,2,2,1,1
2020-02-01,13021,ChargePoint,34.342,8,7,7,1,2
2020-01-01,13021,ChargePoint,47.034,20,14,14,1,2
2020-01-01,12513,ChargePoint,39.826,6,8,9,1,1
2020-01-01,12953,ChargePoint,25.772,4,4,4,1,2
2020-01-01,14213,ChargePoint,441.81600000000003,18,71,216,1,2
2019-12-01,12010,ChargePoint,31.896,2,5,5,1,1
2019-12-01,12513,ChargePoint,75.85000000000001,4,13,13,1,2
2019-12-01,12870,ChargePoint,16.324,1,2,2,1,1
2019-12-01,14527,ChargePoint,17.931,3,4,4,1,1
2019-12-01,13021,ChargePoint,15.015999999999998,6,5,5,1,1
2019-11-01,12010,ChargePoint,102.369,5,16,18,1,1
2019-11-01,13021,ChargePoint,26.951999999999998,9,8,8,1,1
2019-03-01,14127,ChargePoint,249.32999999999998,25,50,69,2,4
2019-03-01,13753,ChargePoint,160.464,26,49,71,1,2
2019-02-01,13753,ChargePoint,77.898,12,19,28,1,1
2019-01-01,13753,ChargePoint,27.28,18,6,6,1,1
2020-02-01,13788,ChargePoint,9.58,6,3,7,1,1
2020-01-01,13788,ChargePoint,11.49,2,4,4,1,1
2019-12-01,13788,ChargePoint,4.036,1,1,1,1,1
2018-02-01,13788,ChargePoint,11.524000000000001,2,4,9,1,1
2018-01-01,13788,ChargePoint,15.195,4,6,13,1,1
2017-02-01,13788,ChargePoint,63.16700000000001,10,28,35,1,1
2016-12-01,13788,ChargePoint,39.445,8,16,20,1,1
2016-11-01,13788,ChargePoint,10.501,1,3,3,1,1
2020-11-01,14226,ChargePoint,472.98600000000005,20,90,118,4,5
2020-02-01,12309,ChargePoint,1269.6039999999996,192,301,1034,5,5
2019-11-01,12309,ChargePoint,99.02100000000002,16,21,46,5,6
2019-12-01,12054,ChargePoint,16.489,2,5,5,1,2
2019-11-01,12047,ChargePoint,173.95600000000002,20,55,104,4,6
2019-12-01,12077,ChargePoint,1259.194,83,229,274,1,2
2019-11-01,12077,ChargePoint,1037.714,84,187,213,1,2
2019-03-01,12077,ChargePoint,670.159,52,122,131,1,2
2019-02-01,12077,ChargePoint,620.962,38,111,121,1,2
2019-01-01,12077,ChargePoint,968.421,60,178,212,1,2
2018-12-01,12077,ChargePoint,748.6060000000002,74,135,148,1,2
2018-11-01,12077,ChargePoint,678.2189999999998,94,121,146,1,2
2019-03-01,12047,ChargePoint,141.629,15,28,46,1,2
2019-02-01,12047,ChargePoint,267.757,20,53,93,1,2
2019-01-01,12047,ChargePoint,154.916,21,30,43,1,2
2018-12-01,12047,ChargePoint,130.515,14,26,48,1,2
2018-11-01,12047,ChargePoint,138.451,20,28,54,1,2
2019-03-01,12205,ChargePoint,154.18799999999996,47,41,54,1,2
2019-02-01,12205,ChargePoint,244.92799999999997,39,53,68,1,2
2019-01-01,12205,ChargePoint,93.652,55,21,28,1,2
2018-12-01,12205,ChargePoint,210.42500000000004,83,50,60,1,2
2018-11-01,12205,ChargePoint,220.16100000000003,56,47,83,1,2
2019-01-01,12084,ChargePoint,903.3340000000001,161,192,251,1,2
2018-12-01,12084,ChargePoint,1207.7559999999996,162,249,314,1,2
2018-11-01,12084,ChargePoint,716.4309999999998,120,149,202,1,2
2020-12-01,12084,ChargePoint,612.2640000000001,67,194,233,1,2
2020-11-01,12084,ChargePoint,808.3630000000002,79,258,288,1,2
2020-02-01,12084,ChargePoint,1431.1,181,320,406,2,3
2020-01-01,12084,ChargePoint,1606.477,194,356,446,1,2
2019-11-01,12084,ChargePoint,1481.113,176,336,434,1,2
2019-03-01,12065,ChargePoint,419.62199999999996,78,87,108,2,4
2019-02-01,12065,ChargePoint,420.3480000000002,79,91,99,2,4
2019-01-01,12065,ChargePoint,524.9719999999995,107,108,131,3,5
2018-12-01,12065,ChargePoint,561.5289999999999,112,113,136,2,4
2018-11-01,12065,ChargePoint,418.48599999999993,102,91,125,3,5
2019-03-01,12866,ChargePoint,667.8480000000003,95,209,306,5,7
2019-02-01,12866,ChargePoint,715.0919999999998,87,205,307,2,3
2019-01-01,12866,ChargePoint,654.0020000000001,85,194,277,1,2
2018-12-01,12866,ChargePoint,445.713,75,140,242,1,2
2018-11-01,12866,ChargePoint,661.592,83,208,341,1,2
2020-11-01,13669,ChargePoint,228.13400000000001,8,38,52,1,2
2020-02-01,13669,ChargePoint,258.33200000000005,36,58,78,1,2
2020-01-01,13669,ChargePoint,179.168,12,31,36,1,2
2019-12-01,13669,ChargePoint,79.144,3,14,19,1,2
2019-11-01,13669,ChargePoint,43.932,8,10,13,1,2
2019-01-01,13669,ChargePoint,13.401,3,2,2,1,2
2018-12-01,13669,ChargePoint,78.769,7,15,20,1,2
2018-11-01,13669,ChargePoint,61.80699999999999,5,10,13,1,2
2020-03-01,13617,ChargePoint,749.2360000000003,140,278,697,3,5
2020-02-01,13617,ChargePoint,950.5760000000002,142,299,468,2,4
2020-01-01,13617,ChargePoint,718.2740000000002,116,195,255,2,4
2019-12-01,13617,ChargePoint,338.75000000000006,36,72,86,2,3
2019-11-01,13617,ChargePoint,321.038,52,93,126,2,3
2019-03-01,13617,ChargePoint,354.0199999999999,70,130,198,2,4
2019-02-01,13617,ChargePoint,387.61400000000003,69,130,205,2,4
2019-01-01,13617,ChargePoint,370.16099999999983,64,128,168,2,4
2018-12-01,13617,ChargePoint,407.622,54,98,153,2,4
2018-11-01,13617,ChargePoint,354.95500000000004,60,99,191,2,4
2019-03-01,13088,ChargePoint,219.82299999999998,52,63,66,2,4
2019-02-01,13088,ChargePoint,145.674,31,37,40,2,4
2019-01-01,13088,ChargePoint,174.62000000000006,34,46,49,2,4
2018-12-01,13088,ChargePoint,258.02399999999994,47,54,64,2,4
2018-11-01,13088,ChargePoint,244.9600000000001,40,47,60,2,4
2020-12-01,14760,ChargePoint,680.2060000000001,73,121,121,1,2
2020-12-01,11777,ChargePoint,222.48800000000006,33,65,171,1,2
2020-12-01,14075,ChargePoint,290.95099999999996,32,59,105,1,2
2020-11-01,11777,ChargePoint,316.21799999999996,60,92,179,1,2
2020-11-01,14760,ChargePoint,504.342,58,97,101,1,2
2020-03-01,14075,ChargePoint,262.27399999999994,44,54,61,1,2
2020-02-01,14075,ChargePoint,506.85400000000004,38,102,125,1,2
2020-02-01,14760,ChargePoint,275.85200000000015,34,61,63,1,2
2020-02-01,14150,ChargePoint,34.034,12,5,5,1,2
2020-01-01,14760,ChargePoint,708.586,50,149,162,1,2
2020-01-01,14150,ChargePoint,43.986000000000004,12,12,15,1,2
2020-01-01,14075,ChargePoint,641.052,26,116,226,1,2
2020-01-01,11777,ChargePoint,75.366,12,24,159,1,2
2019-12-01,11777,ChargePoint,194.38799999999995,22,55,166,1,2
2019-12-01,14760,ChargePoint,306.596,38,71,74,1,2
2019-12-01,14075,ChargePoint,303.657,21,58,126,1,2
2019-11-01,14760,ChargePoint,247.564,28,54,55,1,2
2019-11-01,11777,ChargePoint,143.79999999999998,17,39,113,1,2
2019-11-01,14075,ChargePoint,388.52899999999994,15,66,115,1,2
2019-02-01,14150,ChargePoint,41.516,5,8,8,1,2
2019-02-01,14760,ChargePoint,109.009,10,21,21,1,2
2019-01-01,14760,ChargePoint,72.464,10,15,18,1,2
2019-01-01,14150,ChargePoint,20.213,8,4,4,1,2
2019-01-01,14075,ChargePoint,14.969000000000001,4,5,5,1,2
2018-12-01,14150,ChargePoint,36.558,6,7,9,1,2
2018-12-01,14760,ChargePoint,50.059000000000005,10,10,11,1,2
2018-11-01,14075,ChargePoint,157.35999999999999,22,27,41,1,2
2018-02-01,14150,ChargePoint,37.78,5,7,7,1,2
2018-01-01,14150,ChargePoint,21.272000000000006,8,6,7,1,2
2017-02-01,14150,ChargePoint,9.807,3,4,4,1,1
2016-11-01,14150,ChargePoint,8.555,3,4,4,1,2
2016-03-01,14150,ChargePoint,14.503,4,5,5,1,1
2016-01-01,14150,ChargePoint,2.067,1,1,1,1,1
2015-12-01,14150,ChargePoint,9.29,2,3,3,1,2
2015-11-01,14150,ChargePoint,26.977000000000004,6,9,9,1,2
2020-03-01,14760,ChargePoint,259.522,42,55,55,1,2
2019-12-01,14150,ChargePoint,46.538,3,7,7,1,1
2019-11-01,14150,ChargePoint,29.978,1,4,4,1,1
2019-02-01,14075,ChargePoint,13.626000000000001,3,4,4,1,1
2018-12-01,14075,ChargePoint,29.197,5,5,5,1,2
2018-11-01,14760,ChargePoint,65.185,12,13,15,1,2
2018-03-01,14150,ChargePoint,102.289,18,21,24,1,2
2020-12-01,12305,ChargePoint,2048.747,87,375,521,3,4
2020-11-01,12305,ChargePoint,2001.264,86,370,548,1,2
2020-03-01,12305,ChargePoint,229.85199999999998,32,59,127,1,2
2020-02-01,12305,ChargePoint,213.90599999999998,36,51,101,1,2
2020-01-01,12305,ChargePoint,178.574,24,37,116,1,2
2019-12-01,12305,ChargePoint,81.307,12,18,40,1,2
2019-11-01,12305,ChargePoint,80.23,15,21,62,1,2
2019-03-01,12305,ChargePoint,113.72899999999998,18,27,50,1,2
2019-02-01,12305,ChargePoint,25.296000000000003,6,6,18,1,2
2019-01-01,12305,ChargePoint,61.046,9,14,24,1,2
2018-12-01,12305,ChargePoint,107.811,18,29,72,1,2
2018-11-01,12305,ChargePoint,292.30199999999996,33,75,172,1,2
2020-11-01,13502,ChargePoint,485.18200000000013,54,97,146,1,2
2020-03-01,13502,ChargePoint,774.1360000000003,118,218,425,1,2
2020-02-01,13502,ChargePoint,932.6940000000001,146,289,467,1,2
2020-01-01,13502,ChargePoint,771.754,120,209,306,1,2
2019-12-01,13502,ChargePoint,319.8910000000001,39,73,130,1,2
2019-11-01,13502,ChargePoint,560.935,77,141,287,1,2
2019-03-01,13502,ChargePoint,488.0689999999999,65,126,238,1,2
2019-02-01,13502,ChargePoint,297.6050000000001,42,92,166,1,2
2019-01-01,13502,ChargePoint,139.69899999999998,48,46,94,1,2
2018-12-01,13502,ChargePoint,163.73,32,48,80,1,2
2018-11-01,13502,ChargePoint,361.5759999999999,63,109,183,1,2
2020-12-01,14304,ChargePoint,616.5269999999998,69,108,113,1,2
2020-11-01,14304,ChargePoint,1311.3680000000004,128,236,309,1,2
2020-03-01,14304,ChargePoint,734.4300000000002,112,131,134,1,2
2020-02-01,14304,ChargePoint,1026.6339999999993,136,185,188,1,2
2020-01-01,14304,ChargePoint,1664.7660000000005,188,344,352,1,2
2019-12-01,14304,ChargePoint,857.1409999999997,121,155,157,1,2
2019-11-01,14304,ChargePoint,733.6009999999999,85,132,135,1,2
2019-03-01,14304,ChargePoint,733.281,92,132,137,1,2
2019-02-01,14304,ChargePoint,580.8570000000003,68,102,103,1,2
2019-01-01,14304,ChargePoint,737.6429999999997,71,132,136,1,2
2018-12-01,14304,ChargePoint,782.8290000000002,104,144,153,1,2
2018-11-01,14304,ChargePoint,722.6330000000003,90,128,146,1,2
2020-01-01,14303,ChargePoint,338.03400000000005,50,85,121,2,4
2019-12-01,14303,ChargePoint,319.189,42,67,100,2,4
2019-11-01,14303,ChargePoint,238.05999999999997,31,52,57,2,4
2019-03-01,14303,ChargePoint,203.63,41,64,99,2,3
2019-02-01,14303,ChargePoint,377.2230000000001,61,100,165,2,4
2019-01-01,14303,ChargePoint,399.1570000000001,105,113,212,2,4
2018-12-01,14303,ChargePoint,554.061,88,142,253,2,4
2018-11-01,14303,ChargePoint,517.856,62,123,234,2,4
2020-02-01,14203,ChargePoint,3225.700000000002,210,648,934,1,2
2020-01-01,14203,ChargePoint,3398.1380000000013,220,673,1037,1,2
2019-12-01,14203,ChargePoint,1430.9730000000006,122,332,552,1,2
2019-11-01,14203,ChargePoint,1352.0970000000004,114,283,460,1,2
2019-03-01,14203,ChargePoint,790.5009999999995,116,210,280,1,2
2019-02-01,14203,ChargePoint,686.8489999999999,80,183,298,1,2
2019-01-01,14203,ChargePoint,677.9269999999999,78,176,261,1,2
2018-12-01,14203,ChargePoint,582.213,93,163,253,1,2
2018-11-01,14203,ChargePoint,565.424,92,163,312,1,2
2020-12-01,14214,ChargePoint,35.150999999999996,14,9,11,1,2
2020-11-01,14214,ChargePoint,18.328,8,4,6,1,2
2020-02-01,14214,ChargePoint,68.964,30,15,16,1,2
2020-01-01,14214,ChargePoint,69.35199999999999,32,14,15,1,2
2019-12-01,14214,ChargePoint,23.805,64,6,8,1,2
2019-11-01,14214,ChargePoint,289.515,27,70,76,1,2
2019-03-01,14214,ChargePoint,139.71799999999996,18,33,33,1,2
2019-02-01,14214,ChargePoint,250.05399999999997,31,59,64,1,2
2019-01-01,14214,ChargePoint,219.43699999999998,25,49,52,1,2
2018-12-01,14214,ChargePoint,190.202,31,42,47,1,2
2018-11-01,14214,ChargePoint,203.78599999999997,20,44,62,1,2
2020-12-01,14216,ChargePoint,650.8290000000002,99,150,151,1,2
2020-11-01,14216,ChargePoint,908.3700000000001,162,215,228,1,2
2020-03-01,14216,ChargePoint,545.1079999999995,110,148,171,1,2
2020-02-01,14216,ChargePoint,876.712,162,208,246,1,2
2020-01-01,14216,ChargePoint,681.3140000000004,148,159,193,1,2
2019-12-01,14216,ChargePoint,552.6819999999999,86,112,130,1,2
2019-11-01,14216,ChargePoint,623.8530000000002,100,137,167,1,2
2019-03-01,14216,ChargePoint,496.33999999999986,102,113,122,1,2
2019-02-01,14216,ChargePoint,539.0880000000001,86,115,125,1,2
2019-01-01,14216,ChargePoint,469.4690000000001,72,102,112,1,2
2018-12-01,14216,ChargePoint,309.86300000000006,84,76,98,1,2
2018-11-01,14216,ChargePoint,419.7680000000001,88,108,156,1,2
2020-12-01,14222,ChargePoint,1459.4179999999992,130,320,367,2,4
2020-03-01,14222,ChargePoint,1698.2079999999994,180,413,787,2,3
2020-02-01,14222,ChargePoint,2092.1639999999998,222,508,834,1,2
2020-01-01,14222,ChargePoint,2340.8140000000003,228,572,949,1,2
2019-12-01,14222,ChargePoint,819.194,89,195,336,1,2
2019-11-01,14222,ChargePoint,1195.5709999999997,113,297,415,1,2
2019-03-01,14222,ChargePoint,774.8290000000002,81,155,251,1,2
2019-02-01,14222,ChargePoint,502.253,69,105,185,1,2
2019-01-01,14222,ChargePoint,206.405,22,39,50,1,2
2018-12-01,14222,ChargePoint,53.25899999999999,4,10,10,1,2
2020-12-01,14228,ChargePoint,2982.3719999999976,426,754,1760,4,6
2020-11-01,14228,ChargePoint,4014.230000000002,579,988,2487,4,6
2020-02-01,14228,ChargePoint,8241.693999999996,898,1728,2750,4,6
2020-01-01,14228,ChargePoint,6575.334999999994,651,1374,2113,4,6
2019-12-01,14228,ChargePoint,3678.403000000001,330,739,957,2,4
2019-11-01,14228,ChargePoint,4167.546,396,833,1272,2,4
2019-03-01,14228,ChargePoint,3462.3239999999996,393,754,969,2,4
2019-02-01,14228,ChargePoint,3187.442,316,703,884,2,4
2019-01-01,14228,ChargePoint,2592.040000000001,223,571,703,2,4
2018-11-01,14228,ChargePoint,2649.8559999999998,342,575,784,2,4
2018-03-01,14228,ChargePoint,1781.2509999999993,171,406,523,1,2
2018-02-01,14228,ChargePoint,1477.23,144,365,516,1,2
2018-01-01,14228,ChargePoint,1516.9639999999995,126,351,456,1,2
2017-12-01,14228,ChargePoint,1028.371,105,273,376,1,2
2017-11-01,14228,ChargePoint,1137.6910000000003,145,286,451,1,2
2017-03-01,14228,ChargePoint,732.5989999999998,118,239,354,1,2
2017-02-01,14228,ChargePoint,676.2629999999998,104,223,359,1,2
2017-01-01,14228,ChargePoint,611.963,75,193,289,1,2
2016-12-01,14228,ChargePoint,450.393,67,160,236,1,2
2016-11-01,14228,ChargePoint,579.1040000000002,96,195,291,1,2
2016-03-01,14228,ChargePoint,459.285,87,164,427,1,2
2016-02-01,14228,ChargePoint,514.0029999999998,90,177,421,1,2
2016-01-01,14228,ChargePoint,43.37500000000001,10,17,59,1,2
2020-10-01,12401,ChargePoint,9131.285000000005,851,1976,12380,17,31
2020-10-01,11971,ChargePoint,695.3439999999998,102,151,1357,1,1
2020-10-01,14127,ChargePoint,2632.849999999998,269,554,969,5,7
2020-10-01,12159,ChargePoint,687.9390000000001,39,153,1039,4,5
2020-10-01,12208,ChargePoint,5265.734000000002,332,1119,3049,3,6
2020-10-01,10550,ChargePoint,1655.7740000000003,74,258,560,1,1
2020-10-01,13901,ChargePoint,190.738,20,35,257,1,2
2020-10-01,12189,ChargePoint,1054.8899999999999,118,250,870,9,12
2020-10-01,13676,ChargePoint,1009.1320000000001,130,267,1586,2,3
2020-10-01,12203,ChargePoint,7610.880000000011,736,1652,2962,13,23
2020-10-01,12054,ChargePoint,1282.0999999999997,229,357,1314,12,18
2020-10-01,10605,ChargePoint,1311.011,42,216,489,5,7
2020-10-01,11222,ChargePoint,3018.766,116,565,3420,3,6
2020-10-01,10960,ChargePoint,692.3780000000002,26,114,218,2,2
2020-10-01,12814,ChargePoint,3842.191999999999,176,669,1240,7,14
2020-10-01,14075,ChargePoint,805.318,30,127,257,2,3
2020-10-01,10601,ChargePoint,2195.181999999999,170,433,2669,3,6
2020-10-01,10520,ChargePoint,1151.036,114,280,1433,3,5
2020-10-01,14607,ChargePoint,500.13800000000015,62,141,205,5,8
2020-10-01,11901,ChargePoint,3063.9959999999996,152,523,994,1,2
2020-10-01,14604,ChargePoint,4188.468000000001,532,1115,2762,4,8
2020-10-01,10708,ChargePoint,4150.195999999998,330,736,1226,5,7
2020-10-01,13502,ChargePoint,764.0040000000001,98,173,237,1,2
2020-10-01,10012,ChargePoint,752.5790000000001,28,126,553,1,2
2020-10-01,14303,ChargePoint,2168.423999999999,220,463,764,6,9
2019-10-01,12401,ChargePoint,7630.907999999999,820,1836,9870,16,32
2019-10-01,12208,ChargePoint,1356.586,182,371,1064,3,5
2018-10-01,12401,ChargePoint,4154.921999999998,456,1040,4949,13,24
2018-10-01,14606,ChargePoint,15.379000000000001,2,25,1289,2,2
2017-11-01,11952,ChargePoint,227.33400000000003,46,89,1198,1,2
2016-10-01,12401,ChargePoint,1156.7970000000003,168,313,2100,7,14
2015-10-01,11901,ChargePoint,584.814,52,145,854,3,5
2015-10-01,10010,ChargePoint,476.24199999999996,21,76,175,1,1
2014-08-01,14612,ChargePoint,584.6880000000003,139,188,322,2,4
2014-05-01,10026,ChargePoint,9.914,1,3,9,1,1
2020-10-01,11109,ChargePoint,799.6679999999999,26,127,135,1,2
2020-10-01,12449,ChargePoint,38.066,4,6,6,1,2
2020-10-01,11238,ChargePoint,7.630000000000001,4,1,1,1,2
2020-09-01,10708,ChargePoint,3568.4479999999985,290,606,1114,5,8
2020-09-01,11109,ChargePoint,791.59,38,136,151,1,2
2020-09-01,11238,ChargePoint,18.914,6,7,8,1,1
2020-08-01,10708,ChargePoint,3301.5080000000007,254,535,871,6,8
2020-08-01,11238,ChargePoint,48.592,8,16,19,1,1
2020-08-01,11109,ChargePoint,738.5020000000001,28,123,138,1,2
2020-07-01,11109,ChargePoint,482.668,22,81,89,1,2
2020-07-01,11238,ChargePoint,24.818,8,6,6,1,2
2020-06-01,11109,ChargePoint,228.714,18,44,49,1,2
2020-06-01,12449,ChargePoint,26.248,4,4,4,1,2
2020-05-01,11109,ChargePoint,228.816,12,42,49,1,2
2020-03-01,12449,ChargePoint,10.328000000000001,4,3,3,1,2
2019-10-01,12449,ChargePoint,3.117,3,0,0,1,1
2019-10-01,11109,ChargePoint,92.54700000000001,5,18,18,1,2
2019-09-01,11109,ChargePoint,93.609,17,21,25,1,2
2019-09-01,12203,ChargePoint,2745.676999999999,335,626,1024,7,13
2019-06-01,12203,ChargePoint,2230.6220000000003,309,493,759,6,10
2019-05-01,12203,ChargePoint,2570.340000000001,299,564,888,5,9
2019-04-01,12203,ChargePoint,2525.4460000000004,278,556,866,8,13
2018-10-01,12203,ChargePoint,2145.269999999999,345,579,968,5,8
2018-09-01,12203,ChargePoint,577.6349999999999,127,170,324,5,8
2018-08-01,12203,ChargePoint,601.7020000000001,95,169,292,4,6
2018-07-01,12203,ChargePoint,440.616,70,123,241,4,6
2018-06-01,12203,ChargePoint,640.4140000000001,145,184,304,4,6
2018-05-01,12203,ChargePoint,593.5940000000002,140,168,268,4,6
2018-04-01,12203,ChargePoint,355.72299999999996,115,94,274,4,6
2017-10-01,12203,ChargePoint,849.058,118,270,470,4,6
2017-08-01,12203,ChargePoint,737.4129999999999,108,216,386,4,6
2017-07-01,12203,ChargePoint,602.7479999999999,91,183,344,4,6
2017-05-01,12203,ChargePoint,861.138,120,265,438,4,6
2016-07-01,12203,ChargePoint,325.4660000000001,51,88,178,3,5
2016-06-01,12203,ChargePoint,384.73099999999994,72,116,177,3,5
2016-05-01,12203,ChargePoint,300.5440000000001,61,99,170,4,6
2015-10-01,12203,ChargePoint,303.903,45,90,164,3,5
2015-08-01,12203,ChargePoint,399.716,54,108,216,4,6
2015-07-01,12203,ChargePoint,289.736,49,76,193,3,5
2020-10-01,10460,ChargePoint,879.396,92,254,325,3,5
2020-09-01,10460,ChargePoint,1031.5000000000002,120,221,341,3,5
2020-09-01,13208,ChargePoint,7.7010000000000005,4,2,2,4,4
2020-08-01,10460,ChargePoint,1430.999999999999,130,262,324,3,5
2020-08-01,14546,ChargePoint,188.656,8,34,49,1,1
2020-07-01,10460,ChargePoint,174.89,24,32,38,2,3
2020-07-01,14546,ChargePoint,19.304,6,6,6,2,2
2020-06-01,10460,ChargePoint,12.926,8,5,47,2,2
2020-06-01,14546,ChargePoint,28.082000000000004,6,9,12,1,1
2020-06-01,13208,ChargePoint,8.96,2,1,2,2,2
2020-05-01,13208,ChargePoint,12.674,1,2,2,1,1
2020-04-01,14546,ChargePoint,4.852,2,1,1,1,1
2019-10-01,10460,ChargePoint,876.4280000000001,91,203,509,3,5
2019-09-01,10460,ChargePoint,720.3310000000001,83,178,445,3,5
2019-08-01,10460,ChargePoint,1018.0860000000002,94,236,539,3,5
2019-07-01,10460,ChargePoint,554.842,76,150,452,3,5
2019-06-01,10460,ChargePoint,897.0530000000001,84,203,473,3,5
2019-05-01,10460,ChargePoint,772.646,84,195,501,3,5
2020-10-01,13204,ChargePoint,313.286,25,55,168,2,2
2020-10-01,13340,ChargePoint,117.57600000000002,14,21,68,1,1
2020-10-01,13148,ChargePoint,146.65500000000003,13,24,40,2,2
2020-10-01,12180,ChargePoint,4350.345000000001,534,938,1663,15,26
2020-09-01,13340,ChargePoint,0.866,2,0,0,1,1
2020-09-01,10960,ChargePoint,825.614,26,130,302,2,2
2020-09-01,13148,ChargePoint,62.979,7,11,24,1,1
2020-09-01,12180,ChargePoint,3621.0519999999997,503,777,1671,17,27
2020-09-01,13204,ChargePoint,135.69400000000002,12,25,80,2,2
2020-09-01,12202,ChargePoint,40.706,22,7,8,3,5
2020-08-01,13148,ChargePoint,62.958,7,11,18,1,1
2020-08-01,13204,ChargePoint,158.962,12,28,66,1,1
2020-08-01,10960,ChargePoint,802.1020000000001,26,131,249,2,2
2020-08-01,12180,ChargePoint,2401.507999999999,456,559,960,14,24
2020-08-01,13340,ChargePoint,136.89800000000002,12,24,34,3,3
2020-08-01,12202,ChargePoint,21.324,4,3,3,2,2
2020-07-01,12180,ChargePoint,1761.823,319,403,882,18,29
2020-07-01,10708,ChargePoint,2893.439999999999,160,499,704,3,4
2020-07-01,10960,ChargePoint,456.638,30,74,228,2,2
2020-07-01,13148,ChargePoint,60.047999999999995,5,10,15,1,1
2020-07-01,13340,ChargePoint,15.152,2,3,3,1,1
2020-07-01,12202,ChargePoint,9.416,2,1,1,1,1
2020-06-01,10960,ChargePoint,404.3420000000001,14,62,147,2,2
2020-06-01,10708,ChargePoint,3194.4919999999993,192,536,766,2,3
2020-06-01,12202,ChargePoint,23.808,8,4,4,2,2
2020-06-01,12180,ChargePoint,1555.5010000000002,282,343,926,15,24
2020-06-01,13148,ChargePoint,112.466,10,19,28,2,2
2020-05-01,12180,ChargePoint,1528.8219999999994,238,341,1287,10,16
2020-05-01,10708,ChargePoint,3391.6640000000025,204,590,1521,2,3
2020-05-01,10960,ChargePoint,27.918000000000003,4,4,4,1,1
2020-05-01,13148,ChargePoint,15.383,1,3,8,1,1
2020-04-01,10708,ChargePoint,2040.592,216,352,752,3,4
2020-04-01,12180,ChargePoint,1314.6239999999998,180,305,968,11,14
2019-10-01,12180,ChargePoint,3102.0980000000022,347,727,1674,13,22
2019-10-01,10708,ChargePoint,430.24199999999996,12,68,131,1,1
2019-09-01,12180,ChargePoint,2352.5489999999995,304,562,1355,10,18
2019-09-01,10708,ChargePoint,227.883,6,36,70,1,1
2019-08-01,10708,ChargePoint,356.98,11,57,162,1,1
2019-08-01,12180,ChargePoint,1626.4219999999991,216,396,991,11,19
2019-07-01,12180,ChargePoint,1527.8460000000005,182,338,1272,11,21
2019-07-01,10708,ChargePoint,311.736,8,50,167,1,1
2019-06-01,10708,ChargePoint,413.7109999999999,11,65,151,1,1
2019-06-01,12180,ChargePoint,1334.5359999999998,168,316,954,11,18
2019-05-01,12180,ChargePoint,1133.9569999999999,173,274,1477,10,18
2019-05-01,10708,ChargePoint,313.539,10,49,111,1,1
2019-04-01,12180,ChargePoint,1644.7999999999993,274,354,1509,9,16
2019-04-01,10708,ChargePoint,272.929,9,43,119,1,1
2020-06-01,14221,ChargePoint,868.4550000000002,223,229,342,3,5
2020-05-01,14221,ChargePoint,756.698,136,178,298,3,5
2020-04-01,14221,ChargePoint,907.2240000000004,128,208,395,2,4
2019-10-01,14221,ChargePoint,1200.0710000000001,165,301,550,2,4
2019-09-01,14221,ChargePoint,603.9610000000001,117,144,183,2,3
2019-08-01,14221,ChargePoint,761.828,131,173,210,2,4
2019-07-01,14221,ChargePoint,620.2339999999999,146,155,194,2,4
2019-06-01,14221,ChargePoint,487.7280000000001,114,123,143,2,4
2019-05-01,14221,ChargePoint,475.52399999999994,133,127,162,2,4
2018-10-01,14221,ChargePoint,1026.022,179,249,357,2,4
2018-08-01,14221,ChargePoint,710.0440000000003,132,174,226,2,4
2018-07-01,14221,ChargePoint,589.4259999999997,102,148,175,2,4
2018-06-01,14221,ChargePoint,170.48499999999999,17,26,35,1,2
2018-05-01,14221,ChargePoint,181.115,19,30,51,1,2
2018-04-01,14221,ChargePoint,192.93500000000003,19,34,52,1,2
2017-09-01,14221,ChargePoint,21.629,7,6,6,1,2
2017-06-01,14221,ChargePoint,69.61399999999999,10,20,25,1,2
2017-04-01,14221,ChargePoint,28.392,4,8,10,1,2
2015-08-01,14221,ChargePoint,8.58,2,3,3,1,1
2020-09-01,14127,ChargePoint,2055.931999999999,218,417,677,6,8
2020-08-01,14127,ChargePoint,1960.5660000000007,216,391,595,7,9
2020-07-01,14127,ChargePoint,2246.767000000002,242,466,869,8,10
2020-06-01,14127,ChargePoint,644.252,42,126,170,5,6
2017-08-01,11367,ChargePoint,353.456,68,85,136,3,6
2017-07-01,11367,ChargePoint,284.13000000000005,64,75,129,3,5
2017-06-01,11367,ChargePoint,313.54400000000004,63,93,175,3,5
2017-05-01,11367,ChargePoint,395.91100000000006,57,107,198,3,5
2017-04-01,11367,ChargePoint,308.186,52,89,170,3,4
2016-10-01,11367,ChargePoint,183.48700000000005,47,64,204,2,3
2016-09-01,11367,ChargePoint,68.02799999999999,23,28,102,1,2
2016-08-01,11367,ChargePoint,12.34,6,5,19,1,2
2016-07-01,11367,ChargePoint,79.29900000000002,22,28,134,1,2
2016-06-01,11367,ChargePoint,132.57,46,55,229,3,5
2016-05-01,11367,ChargePoint,135.49,44,62,228,1,2
2016-04-01,11367,ChargePoint,71.528,25,29,118,1,2
2015-06-01,11367,ChargePoint,79.996,19,28,91,1,2
2015-05-01,11367,ChargePoint,140.094,25,47,106,1,2
2015-04-01,11367,ChargePoint,105.79299999999998,21,33,97,1,2
2017-09-01,12203,ChargePoint,685.9020000000003,105,208,343,4,6
2017-06-01,12203,ChargePoint,747.497,106,222,370,4,6
2017-04-01,12203,ChargePoint,636.8210000000001,93,208,290,4,6
2016-10-01,12203,ChargePoint,500.5359999999998,73,154,298,4,6
2016-09-01,12203,ChargePoint,390.30400000000003,57,117,190,4,6
2016-08-01,12203,ChargePoint,304.1210000000001,59,91,131,3,5
2020-09-01,10550,ChargePoint,1470.5459999999996,62,230,416,1,1
2020-08-01,10550,ChargePoint,1426.3500000000001,80,219,291,1,1
2020-07-01,10550,ChargePoint,1678.9180000000003,64,257,382,1,1
2020-06-01,10550,ChargePoint,947.0919999999999,42,146,190,1,1
2020-05-01,10550,ChargePoint,865.6360000000001,30,133,166,1,1
2020-04-01,10550,ChargePoint,916.086,30,140,204,1,1
2019-10-01,10550,ChargePoint,822.0419999999999,29,124,250,1,1
2019-09-01,10550,ChargePoint,837.1290000000002,30,127,286,1,1
2019-08-01,10550,ChargePoint,774.545,31,117,294,1,1
2019-07-01,10550,ChargePoint,522.977,13,79,264,1,1
2019-06-01,10550,ChargePoint,409.82,10,62,233,1,1
2019-05-01,10550,ChargePoint,331.30899999999997,11,50,164,1,1
2019-04-01,10550,ChargePoint,158.751,7,24,187,1,1
2019-03-01,10550,ChargePoint,256.16100000000006,7,39,175,1,1
2020-10-01,12204,ChargePoint,846.1520000000002,86,227,673,6,9
2020-09-01,12204,ChargePoint,531.044,62,121,330,6,10
2020-08-01,12204,ChargePoint,383.4319999999999,36,104,165,5,6
2020-07-01,12204,ChargePoint,188.35999999999993,30,39,73,3,4
2020-06-01,12204,ChargePoint,87.73600000000002,22,23,30,4,6
2020-05-01,12204,ChargePoint,70.4,20,16,17,2,3
2020-04-01,12204,ChargePoint,95.556,22,25,31,1,1
2019-10-01,12204,ChargePoint,234.778,22,47,80,1,1
2019-09-01,12204,ChargePoint,56.641000000000005,11,17,37,1,1
2019-08-01,12204,ChargePoint,183.89900000000003,26,36,55,1,1
2019-07-01,12204,ChargePoint,221.35700000000006,28,42,68,1,1
2019-06-01,12204,ChargePoint,95.44600000000003,19,22,55,1,1
2019-05-01,12204,ChargePoint,101.24900000000001,19,19,28,1,1
2019-04-01,12204,ChargePoint,204.64,29,41,66,1,1
2019-03-01,12204,ChargePoint,166.981,32,34,57,1,1
2018-10-01,12204,ChargePoint,117.72599999999997,25,29,52,1,1
2018-09-01,12204,ChargePoint,30.61,9,8,9,1,1
2020-10-01,13601,ChargePoint,106.59800000000001,32,26,26,3,3
2020-08-01,13601,ChargePoint,240.91599999999997,32,44,70,3,3
2020-07-01,13601,ChargePoint,367.468,40,70,104,3,4
2020-06-01,13601,ChargePoint,300.89000000000004,36,60,97,3,3
2020-05-01,13601,ChargePoint,365.6680000000001,66,88,122,3,4
2020-04-01,13601,ChargePoint,291.9800000000001,71,80,83,4,5
2019-10-01,13601,ChargePoint,247.925,36,72,116,3,5
2019-09-01,13601,ChargePoint,237.61599999999996,37,64,110,4,5
2019-08-01,13601,ChargePoint,147.26800000000003,28,37,51,3,4
2019-07-01,13601,ChargePoint,30.669,10,10,10,3,3
2019-06-01,13601,ChargePoint,127.39099999999999,20,31,40,2,2
2019-05-01,13601,ChargePoint,169.65700000000004,45,48,70,3,4
2019-04-01,13601,ChargePoint,176.73200000000003,36,52,84,3,4
2018-10-01,13601,ChargePoint,208.22499999999988,37,60,92,3,4
2020-09-01,13601,ChargePoint,196.835,41,40,64,4,5
2018-09-01,13601,ChargePoint,88.48799999999999,20,25,37,3,4
2020-10-01,12308,ChargePoint,1555.6019999999999,90,271,343,3,4
2020-09-01,12308,ChargePoint,1030.8300000000002,66,181,291,2,2
2020-08-01,12308,ChargePoint,382.31000000000006,40,82,108,2,2
2020-07-01,12308,ChargePoint,407.01800000000003,40,94,144,2,2
2020-06-01,12308,ChargePoint,573.2940000000001,56,128,193,3,3
2020-05-01,12308,ChargePoint,294.936,32,77,101,2,2
2020-04-01,12308,ChargePoint,128.92000000000002,24,36,41,2,2
2019-10-01,12308,ChargePoint,255.216,26,52,67,1,1
2019-09-01,12308,ChargePoint,175.867,21,46,72,1,1
2019-08-01,12308,ChargePoint,163.83500000000004,16,32,40,1,1
2019-07-01,12308,ChargePoint,141.937,15,32,43,1,1
2019-06-01,12308,ChargePoint,202.13999999999996,20,45,66,1,1
2019-05-01,12308,ChargePoint,211.03699999999998,20,48,77,1,1
2019-04-01,12308,ChargePoint,180.339,17,46,67,1,1
2018-10-01,12308,ChargePoint,151.78900000000002,16,38,59,1,1
2018-09-01,12308,ChargePoint,126.68599999999999,19,40,50,1,1
2017-06-01,12401,ChargePoint,1507.2350000000004,170,437,3283,7,13
2017-05-01,12401,ChargePoint,1489.3710000000003,193,464,2352,7,12
2017-04-01,12401,ChargePoint,1269.9269999999992,167,396,2228,7,13
2016-06-01,12401,ChargePoint,689.5319999999998,112,225,1302,7,10
2016-04-01,12401,ChargePoint,608.289,106,182,1571,7,11
2015-10-01,12401,ChargePoint,478.36599999999993,69,104,132,7,12
2015-09-01,12401,ChargePoint,310.10300000000007,54,64,90,8,12
2020-09-01,12401,ChargePoint,8801.166999999994,902,1928,12964,18,34
2020-08-01,12401,ChargePoint,7078.256999999999,739,1586,12780,17,31
2020-07-01,12401,ChargePoint,7895.124000000007,756,1866,15514,18,35
2020-06-01,12401,ChargePoint,6090.87800000001,562,1268,11368,17,30
2020-05-01,12401,ChargePoint,3457.501,273,732,5636,12,21
2020-04-01,12401,ChargePoint,3863.768999999999,349,937,6975,15,23
2019-09-01,12401,ChargePoint,6848.437000000002,733,1652,7752,14,27
2019-08-01,12401,ChargePoint,6608.047000000003,651,1542,8773,15,29
2019-07-01,12401,ChargePoint,6545.743999999996,761,1626,6744,15,29
2019-06-01,12401,ChargePoint,5571.511999999999,601,1324,6468,14,27
2019-05-01,12401,ChargePoint,6055.709999999998,624,1409,7418,13,25
2019-04-01,12401,ChargePoint,5520.098999999995,561,1291,6725,13,26
2018-09-01,12401,ChargePoint,3214.6040000000003,401,789,3799,15,29
2018-08-01,12401,ChargePoint,3259.533000000001,416,860,4410,11,21
2018-07-01,12401,ChargePoint,3587.4040000000005,416,979,4698,11,21
2018-06-01,12401,ChargePoint,3330.6279999999992,396,877,4969,11,21
2018-05-01,12401,ChargePoint,2734.3010000000004,358,746,4038,11,21
2018-04-01,12401,ChargePoint,2885.4889999999996,356,804,3801,11,21
2017-10-01,12401,ChargePoint,2120.723000000001,318,575,2392,7,14
2019-09-01,10577,ChargePoint,8968.414000000008,443,1754,4361,16,32
2019-08-01,10577,ChargePoint,8897.131,440,1751,3453,14,28
2019-07-01,10577,ChargePoint,9051.16399999999,455,1856,3441,16,30
2019-06-01,10577,ChargePoint,7678.8849999999975,413,1536,2959,17,30
2019-05-01,10577,ChargePoint,8357.947000000002,469,1648,3196,14,27
2019-04-01,10577,ChargePoint,8752.125999999997,441,1730,3284,17,30
2017-10-01,10577,ChargePoint,3327.9169999999986,210,725,1592,12,19
2017-09-01,10577,ChargePoint,2643.5149999999994,188,573,1391,10,17
2017-08-01,10577,ChargePoint,1987.383999999999,152,430,1152,9,13
2017-07-01,10577,ChargePoint,1431.1680000000006,103,314,817,8,12
2017-06-01,10577,ChargePoint,1519.3330000000003,135,355,894,7,11
2017-05-01,10577,ChargePoint,1766.0369999999994,137,393,1337,8,12
2017-04-01,10577,ChargePoint,1840.2749999999996,113,408,1041,7,11
2016-05-01,10577,ChargePoint,1459.1050000000005,147,395,1021,9,16
2016-04-01,10577,ChargePoint,1484.0990000000006,153,376,1049,8,12
2015-10-01,10577,ChargePoint,1157.5720000000006,136,329,844,7,13
2015-09-01,10577,ChargePoint,793.103,98,206,678,4,7
2015-08-01,10577,ChargePoint,1239.667,126,314,791,6,9
2015-07-01,10577,ChargePoint,1341.4950000000006,143,335,787,7,10
2015-06-01,10577,ChargePoint,1520.3820000000003,146,372,869,6,10
2015-05-01,10577,ChargePoint,1375.3159999999998,135,316,748,6,9
2019-10-01,10927,ChargePoint,86.01599999999999,4,13,14,1,2
2019-09-01,10927,ChargePoint,68.606,6,12,13,1,2
2019-08-01,10927,ChargePoint,45.782,10,7,9,1,2
2019-06-01,10927,ChargePoint,40.629,8,7,11,1,2
2018-10-01,10927,ChargePoint,170.863,11,32,33,1,2
2018-09-01,10927,ChargePoint,169.92900000000003,15,27,31,1,2
2018-08-01,10927,ChargePoint,45.848000000000006,5,7,8,1,2
2018-07-01,10927,ChargePoint,74.366,9,11,12,1,2
2018-06-01,10927,ChargePoint,186.472,11,29,31,1,2
2018-05-01,10927,ChargePoint,71.999,9,16,17,1,2
2017-10-01,10927,ChargePoint,117.995,11,21,29,1,2
2017-09-01,10927,ChargePoint,165.774,18,30,33,1,2
2017-06-01,10927,ChargePoint,32.689,6,7,7,1,2
2017-05-01,10927,ChargePoint,139.67200000000003,27,29,32,1,2
2016-04-01,10927,ChargePoint,13.04,5,2,2,1,2
2015-10-01,10927,ChargePoint,2.99,2,1,1,1,2
2015-09-01,10927,ChargePoint,2.364,5,1,1,1,2
2015-07-01,10927,ChargePoint,0.0,4,0,0,1,2
2015-08-01,11229,ChargePoint,13.335,2,2,2,1,1
2020-10-01,11229,ChargePoint,2493.6180000000013,132,445,479,1,2
2020-09-01,11229,ChargePoint,1962.6940000000004,102,340,381,1,2
2020-08-01,11229,ChargePoint,2256.4779999999996,122,396,412,1,2
2020-07-01,11229,ChargePoint,2184.955999999999,162,401,454,1,2
2020-06-01,11229,ChargePoint,1970.9920000000002,142,360,388,1,2
2020-05-01,11229,ChargePoint,1931.6079999999995,114,344,362,1,2
2020-04-01,11229,ChargePoint,1738.6619999999998,76,293,304,1,2
2019-10-01,11229,ChargePoint,248.208,16,42,42,1,2
2019-09-01,11229,ChargePoint,224.228,30,39,42,1,2
2019-08-01,11229,ChargePoint,166.31599999999997,24,32,35,1,2
2019-07-01,11229,ChargePoint,120.76200000000001,19,21,24,1,2
2019-06-01,11229,ChargePoint,89.323,17,16,17,1,2
2019-05-01,11229,ChargePoint,64.963,14,13,14,1,2
2019-04-01,11229,ChargePoint,67.065,31,14,15,1,2
2018-10-01,11229,ChargePoint,102.935,26,18,24,1,2
2018-09-01,11229,ChargePoint,74.85100000000001,8,13,14,1,2
2018-08-01,11229,ChargePoint,48.031,7,9,9,1,2
2018-07-01,11229,ChargePoint,46.17,14,8,9,1,2
2018-06-01,11229,ChargePoint,60.233999999999995,10,12,13,1,2
2018-05-01,11229,ChargePoint,189.60000000000005,18,34,41,1,2
2018-04-01,11229,ChargePoint,94.915,14,20,22,1,2
2017-10-01,11229,ChargePoint,50.781,5,10,10,1,2
2017-09-01,11229,ChargePoint,191.33400000000003,13,36,37,1,2
2017-08-01,11229,ChargePoint,35.037,12,7,9,1,2
2017-07-01,11229,ChargePoint,70.29599999999999,4,14,19,1,2
2017-06-01,11229,ChargePoint,99.78699999999999,11,20,24,1,2
2017-05-01,11229,ChargePoint,11.954,4,2,2,1,2
2016-10-01,11229,ChargePoint,6.688,1,1,1,1,1
2017-10-01,14456,ChargePoint,848.0979999999998,62,165,248,2,3
2017-09-01,14456,ChargePoint,954.3100000000001,89,198,385,2,3
2017-08-01,14456,ChargePoint,379.36999999999995,53,92,215,1,2
2017-07-01,14456,ChargePoint,147.01500000000001,30,49,202,1,2
2017-06-01,14456,ChargePoint,241.84699999999992,39,74,261,1,2
2017-05-01,14456,ChargePoint,537.2249999999999,40,115,219,1,2
2017-04-01,14456,ChargePoint,228.57299999999998,33,68,136,1,2
2016-10-01,14456,ChargePoint,384.23800000000006,50,90,247,2,4
2016-09-01,14456,ChargePoint,329.80699999999996,51,85,228,2,3
2016-08-01,14456,ChargePoint,302.68600000000004,30,72,152,2,4
2016-07-01,14456,ChargePoint,270.2800000000001,21,56,95,1,2
2016-06-01,14456,ChargePoint,309.674,32,71,207,2,4
2016-05-01,14456,ChargePoint,230.09399999999997,28,59,195,2,4
2016-04-01,14456,ChargePoint,190.82999999999998,44,73,251,2,4
2015-10-01,14456,ChargePoint,199.76399999999998,31,62,161,2,3
2015-09-01,14456,ChargePoint,148.49500000000003,24,52,165,1,2
2015-08-01,14456,ChargePoint,111.30699999999997,20,34,165,2,4
2015-07-01,14456,ChargePoint,110.654,15,32,56,1,2
2015-06-01,14456,ChargePoint,36.818,6,10,26,1,2
2016-10-01,12180,ChargePoint,453.27799999999985,67,126,365,2,4
2016-09-01,12180,ChargePoint,339.034,44,108,481,2,3
2016-08-01,12180,ChargePoint,232.504,43,69,166,2,3
2016-07-01,12180,ChargePoint,401.0110000000001,38,101,196,2,3
2016-06-01,12180,ChargePoint,467.53999999999996,47,110,182,2,3
2016-05-01,12180,ChargePoint,532.7009999999999,54,122,192,2,4
2016-04-01,12180,ChargePoint,542.404,52,120,263,2,3
2015-10-01,12180,ChargePoint,741.875,63,152,288,2,3
2015-09-01,12180,ChargePoint,294.13,44,68,152,2,4
2015-08-01,12180,ChargePoint,51.087999999999994,60,14,36,2,3
2015-07-01,12180,ChargePoint,356.825,67,68,94,2,3
2015-06-01,12180,ChargePoint,418.99500000000006,53,81,151,2,3
2018-09-01,12180,ChargePoint,769.254,70,141,423,4,6
2018-08-01,12180,ChargePoint,537.58,63,110,224,3,5
2018-07-01,12180,ChargePoint,384.486,46,76,130,3,6
2018-06-01,12180,ChargePoint,832.3760000000001,77,150,224,3,5
2018-05-01,12180,ChargePoint,951.036,78,179,549,3,6
2018-04-01,12180,ChargePoint,1539.2070000000003,168,276,919,3,5
2017-10-01,12180,ChargePoint,769.7389999999999,83,164,247,2,4
2017-09-01,12180,ChargePoint,511.7719999999999,57,117,213,2,4
2017-08-01,12180,ChargePoint,471.02299999999997,46,91,150,2,4
2017-07-01,12180,ChargePoint,355.28900000000004,43,79,149,2,4
2017-06-01,12180,ChargePoint,485.45200000000006,45,103,190,2,4
2017-05-01,12180,ChargePoint,388.538,54,107,220,2,4
2017-04-01,12180,ChargePoint,558.6450000000001,70,148,320,2,4
2014-08-01,14456,ChargePoint,132.52100000000002,14,32,43,2,4
2014-08-01,12903,ChargePoint,86.54499999999999,13,19,33,1,2
2014-08-01,13601,ChargePoint,13.012,1,4,6,1,1
2014-08-01,11788,ChargePoint,157.74499999999998,24,54,94,1,2
2014-07-01,14127,ChargePoint,32.658,6,8,9,1,2
2014-07-01,12496,ChargePoint,96.73399999999998,11,19,21,1,2
2014-07-01,13090,ChargePoint,2.9,3,1,5,1,2
2014-07-01,12095,ChargePoint,179.152,6,35,78,1,2
2014-06-01,14127,ChargePoint,1.729,3,1,1,1,2
2014-06-01,13090,ChargePoint,4.1530000000000005,2,1,1,1,2
2014-06-01,14456,ChargePoint,60.711,5,9,10,2,3
2014-06-01,12095,ChargePoint,23.513999999999996,4,9,23,1,2
2014-05-01,12496,ChargePoint,19.278,3,5,5,1,2
2014-05-01,12095,ChargePoint,70.548,10,23,55,1,2
2013-07-01,12496,ChargePoint,55.191,3,8,8,1,1
2015-06-01,11743,ChargePoint,440.474,52,116,278,2,4
2015-06-01,12901,ChargePoint,17.866,5,5,5,1,1
2015-06-01,11229,ChargePoint,4.927,3,2,2,1,1
2015-06-01,11901,ChargePoint,25.141000000000002,10,13,41,1,2
2015-06-01,14063,ChargePoint,139.12,4,20,33,1,2
2015-06-01,13676,ChargePoint,2.3680000000000003,2,2,2,1,1
2015-06-01,11742,ChargePoint,42.972,10,17,60,2,4
2015-06-01,11952,ChargePoint,364.08000000000004,108,119,702,1,2
2015-06-01,11788,ChargePoint,109.669,14,31,40,1,2
2015-06-01,12561,ChargePoint,64.252,11,18,19,3,5
2015-06-01,13027,ChargePoint,153.609,17,48,64,1,2
2015-06-01,13820,ChargePoint,52.532999999999994,6,17,17,1,2
2015-06-01,12903,ChargePoint,43.965,6,12,25,1,2
2015-06-01,10926,ChargePoint,23.584,5,4,4,1,2
2015-06-01,14221,ChargePoint,75.221,4,11,18,1,2
2015-06-01,12303,ChargePoint,23.647,7,13,26,1,2
2015-06-01,11738,ChargePoint,35.06,4,9,9,2,3
2015-06-01,11717,ChargePoint,94.248,17,27,30,2,4
2015-06-01,11798,ChargePoint,36.147,2,6,6,2,2
2015-05-01,11901,ChargePoint,36.482,18,19,56,3,3
2015-05-01,11742,ChargePoint,53.523999999999994,18,25,213,2,3
2015-05-01,13820,ChargePoint,71.221,9,23,27,1,2
2015-05-01,11937,ChargePoint,118.125,5,17,35,1,2
2015-05-01,14456,ChargePoint,154.21699999999998,16,36,78,2,4
2015-05-01,12496,ChargePoint,45.099999999999994,4,11,11,1,1
2015-05-01,10926,ChargePoint,93.50000000000001,7,20,25,1,2
2015-05-01,12901,ChargePoint,47.82,10,13,13,1,2
2015-05-01,13090,ChargePoint,10.442,5,4,12,1,2
2015-05-01,11738,ChargePoint,137.694,19,32,51,2,4
2015-05-01,12903,ChargePoint,22.636,3,4,4,1,1
2015-05-01,12561,ChargePoint,102.884,18,26,30,3,6
2015-05-01,14304,ChargePoint,50.764,13,10,10,1,2
2015-05-01,11788,ChargePoint,215.377,26,60,116,1,2
2015-05-01,11952,ChargePoint,285.913,118,96,252,1,2
2015-05-01,14127,ChargePoint,30.744999999999997,6,10,22,1,2
2015-04-01,14127,ChargePoint,84.502,14,26,48,1,2
2015-04-01,12903,ChargePoint,65.488,11,20,35,1,2
2015-04-01,11738,ChargePoint,19.898000000000003,2,5,14,1,1
2015-04-01,14456,ChargePoint,184.59199999999998,24,55,149,2,3
2015-04-01,11788,ChargePoint,206.18699999999998,27,57,113,1,2
2015-04-01,12561,ChargePoint,211.86900000000003,42,67,141,3,5
2015-04-01,11901,ChargePoint,13.873000000000001,6,7,13,2,2
2015-04-01,11742,ChargePoint,20.21,6,9,41,1,2
2015-04-01,12901,ChargePoint,72.42999999999999,13,21,22,1,2
2015-04-01,11798,ChargePoint,11.931999999999999,7,5,7,1,2
2015-04-01,14304,ChargePoint,71.25900000000001,5,12,12,1,2
2015-04-01,12504,ChargePoint,45.454,3,9,9,1,2
2015-04-01,14063,ChargePoint,81.28899999999999,2,12,14,1,2
2015-04-01,10926,ChargePoint,7.7090000000000005,3,2,2,1,2
2015-04-01,11952,ChargePoint,293.289,88,96,193,1,2
2015-04-01,13027,ChargePoint,92.126,14,29,45,1,2
2015-03-01,13408,ChargePoint,10.023,2,3,3,1,2
2015-03-01,11937,ChargePoint,57.290000000000006,3,8,19,1,2
2015-03-01,10926,ChargePoint,10.052999999999999,3,2,2,1,2
2014-10-01,11747,ChargePoint,39.846999999999994,6,10,16,2,2
2014-10-01,11742,ChargePoint,105.076,22,32,81,2,4
2014-10-01,12903,ChargePoint,24.306999999999995,10,5,7,1,2
2014-10-01,12901,ChargePoint,7.318,4,2,2,1,2
2014-10-01,14456,ChargePoint,103.34299999999999,15,33,69,2,4
2014-10-01,11788,ChargePoint,130.237,34,42,136,1,2
2014-10-01,14304,ChargePoint,90.357,11,16,16,1,2
2014-10-01,14127,ChargePoint,57.08500000000001,9,18,33,1,2
2014-10-01,10926,ChargePoint,35.048,3,6,9,1,2
2014-10-01,12496,ChargePoint,168.77,10,32,72,1,2
2014-10-01,11952,ChargePoint,230.11399999999998,82,73,160,1,2
2014-10-01,12110,ChargePoint,248.45700000000005,29,83,146,2,3
2014-10-01,12561,ChargePoint,14.19,4,3,3,1,2
2014-09-01,14456,ChargePoint,116.816,17,35,78,2,3
2014-09-01,12504,ChargePoint,17.977,5,6,6,1,2
2014-09-01,12561,ChargePoint,20.5,5,3,3,1,2
2014-09-01,11788,ChargePoint,19.278000000000002,27,5,99,1,2
2014-09-01,11747,ChargePoint,29.94,7,7,9,2,3
2014-09-01,12110,ChargePoint,198.103,26,66,114,2,3
2014-09-01,12901,ChargePoint,16.11,5,5,6,1,1
2014-09-01,11742,ChargePoint,92.61299999999999,21,30,81,2,4
2014-09-01,13346,ChargePoint,13.329,3,4,4,1,2
2014-09-01,14127,ChargePoint,62.454,9,18,26,1,2
2014-09-01,12903,ChargePoint,29.231,7,8,8,1,2
2014-09-01,10926,ChargePoint,9.001,2,2,2,1,2
2014-08-01,14304,ChargePoint,66.693,9,13,13,1,2
2014-08-01,12095,ChargePoint,66.81500000000001,3,14,26,1,2
2014-08-01,14127,ChargePoint,12.412,2,4,5,1,2
2014-07-01,10927,ChargePoint,11.257,3,2,2,1,1
2014-07-01,14063,ChargePoint,75.99000000000001,6,12,20,1,2
2014-07-01,12504,ChargePoint,18.764,2,3,3,1,2
2014-06-01,14063,ChargePoint,34.491,2,6,7,1,2
2014-06-01,12110,ChargePoint,53.751,7,18,25,1,1
2014-04-01,14063,ChargePoint,19.813000000000002,3,4,4,1,1
2014-04-01,12504,ChargePoint,82.93299999999999,3,14,17,1,2
2014-03-01,12504,ChargePoint,48.263,3,8,8,1,2
2014-03-01,10927,ChargePoint,4.346,2,2,2,1,1
2013-09-01,10927,ChargePoint,19.456,3,3,3,1,1
2013-08-01,10927,ChargePoint,24.606,2,4,4,1,2
2013-07-01,12504,ChargePoint,31.022999999999996,4,5,5,1,1
2013-06-01,10927,ChargePoint,13.472,2,2,2,1,1
2015-06-01,12144,ChargePoint,308.342,76,117,321,1,2
2015-05-01,12180,ChargePoint,558.851,73,122,238,2,4
2015-05-01,12144,ChargePoint,239.14799999999997,53,78,234,1,2
2015-04-01,12144,ChargePoint,217.60199999999998,52,91,331,1,2
2015-04-01,12180,ChargePoint,403.8460000000001,64,111,219,2,4
2014-10-01,12144,ChargePoint,203.64600000000004,42,74,167,1,2
2014-09-01,12144,ChargePoint,186.459,35,64,151,1,2
2014-08-01,12144,ChargePoint,217.977,34,64,123,1,2
2014-07-01,12144,ChargePoint,136.52899999999997,26,45,90,1,2
2014-06-01,12144,ChargePoint,13.047,3,4,15,1,1
2015-06-01,10601,ChargePoint,669.8330000000001,55,112,519,3,6
2015-05-01,10601,ChargePoint,482.047,30,83,420,3,5
2015-04-01,10577,ChargePoint,1003.3900000000001,91,260,646,6,9
2015-04-01,10601,ChargePoint,509.51399999999995,46,85,363,4,7
2015-03-01,10601,ChargePoint,338.829,26,57,189,3,6
2014-09-01,10577,ChargePoint,880.8389999999997,101,246,687,5,8
2014-08-01,10577,ChargePoint,750.0390000000003,79,190,542,5,8
2014-07-01,10577,ChargePoint,961.7379999999999,109,278,753,5,9
2014-06-01,10577,ChargePoint,763.5810000000001,99,210,584,5,8
2014-05-01,10577,ChargePoint,733.2909999999994,86,219,620,5,7
2014-10-01,11367,ChargePoint,500.29300000000023,96,149,258,1,2
2014-09-01,11367,ChargePoint,426.267,97,132,266,1,2
2014-08-01,11367,ChargePoint,197.337,53,51,65,1,2
2014-07-01,11367,ChargePoint,76.006,28,22,30,1,2
2014-06-01,11367,ChargePoint,126.01399999999998,21,38,59,1,2
2014-05-01,11367,ChargePoint,287.971,46,95,151,1,2
2014-04-01,11367,ChargePoint,358.32099999999986,53,108,158,1,2
2013-10-01,11367,ChargePoint,128.30499999999998,20,31,33,1,2
2013-09-01,11367,ChargePoint,87.987,14,19,20,1,2
2013-08-01,11367,ChargePoint,143.92199999999997,12,26,27,1,2
2013-07-01,11367,ChargePoint,59.71,14,13,16,1,2
2015-06-01,10460,ChargePoint,283.08700000000005,53,85,254,2,4
2015-06-01,10461,ChargePoint,157.748,20,51,59,1,2
2015-05-01,10461,ChargePoint,142.36700000000002,16,47,56,1,2
2015-05-01,10460,ChargePoint,189.17100000000002,49,69,172,2,3
2015-04-01,10460,ChargePoint,199.27200000000002,52,77,212,2,4
2015-04-01,10461,ChargePoint,118.29300000000002,19,39,46,1,2
2014-10-01,10460,ChargePoint,257.852,60,97,272,2,4
2014-10-01,10461,ChargePoint,107.495,12,35,47,1,2
2014-09-01,10460,ChargePoint,152.94700000000003,47,60,232,2,3
2014-09-01,10461,ChargePoint,87.956,17,29,33,1,2
2014-08-01,10460,ChargePoint,251.96800000000002,47,86,202,2,3
2014-08-01,10461,ChargePoint,85.075,14,28,32,1,2
2014-07-01,10460,ChargePoint,176.77299999999994,40,59,125,1,2
2014-07-01,10461,ChargePoint,105.00300000000001,30,35,38,1,2
2014-06-01,10460,ChargePoint,60.87799999999999,17,20,30,2,3
2014-05-01,10460,ChargePoint,103.286,24,35,43,1,2
2014-04-01,10460,ChargePoint,77.69500000000001,14,22,37,2,4
2013-10-01,10460,ChargePoint,15.273,3,3,3,2,3
2013-09-01,10460,ChargePoint,7.722,2,2,3,1,1
2013-08-01,10460,ChargePoint,4.553,6,2,5,2,3
2013-07-01,10460,ChargePoint,19.994,4,7,7,2,3
2015-06-01,12203,ChargePoint,342.13100000000003,48,87,164,3,5
2015-05-01,12203,ChargePoint,443.41899999999987,57,113,207,4,6
2015-04-01,12203,ChargePoint,452.8880000000001,60,128,229,4,6
2014-10-01,12203,ChargePoint,446.74100000000004,46,122,198,3,4
2014-09-01,12203,ChargePoint,374.503,42,96,142,4,6
2014-08-01,12203,ChargePoint,317.408,38,86,273,4,6
2014-07-01,12203,ChargePoint,367.08399999999995,47,103,312,4,6
2014-06-01,12203,ChargePoint,397.3620000000001,54,118,292,4,6
2014-05-01,12203,ChargePoint,263.97799999999995,33,80,277,2,2
2014-04-01,12203,ChargePoint,177.653,22,55,119,2,2
2013-08-01,12203,ChargePoint,235.24100000000004,37,79,292,2,2
2013-06-01,12203,ChargePoint,201.75800000000004,30,66,230,2,2
2013-04-01,12203,ChargePoint,230.085,31,68,272,2,2
2015-06-01,14850,ChargePoint,782.1770000000002,56,163,451,3,6
2015-05-01,14850,ChargePoint,475.5230000000001,57,114,317,3,6
2015-04-01,14850,ChargePoint,327.21000000000004,47,98,195,3,5
2014-10-01,14850,ChargePoint,214.756,32,55,73,3,5
2014-09-01,14850,ChargePoint,371.8469999999999,27,70,79,3,6
2014-08-01,14850,ChargePoint,319.87,16,53,61,3,5
2014-06-01,14850,ChargePoint,624.6930000000001,57,116,227,3,6
2014-05-01,14850,ChargePoint,225.64800000000005,33,50,182,3,6
2014-04-01,14850,ChargePoint,166.81099999999998,33,43,161,3,5
2013-10-01,14850,ChargePoint,56.928000000000004,30,30,236,3,6
2013-09-01,14850,ChargePoint,305.728,32,66,164,3,5
2013-08-01,14850,ChargePoint,359.539,33,73,173,3,6
2013-07-01,14850,ChargePoint,109.86200000000001,21,29,125,2,3
2013-06-01,14850,ChargePoint,408.33799999999997,36,81,198,3,4
2014-07-01,14850,ChargePoint,337.704,25,56,70,2,4
2013-05-01,14850,ChargePoint,72.084,16,17,49,3,4
2014-10-01,12180,ChargePoint,714.8230000000001,48,135,260,1,2
2014-09-01,12180,ChargePoint,638.1729999999999,40,123,370,1,2
2014-08-01,12180,ChargePoint,167.212,15,32,62,1,2
2014-07-01,12180,ChargePoint,394.4399999999999,41,92,465,1,2
2014-06-01,12180,ChargePoint,602.7200000000001,42,132,520,1,2
2014-05-01,12180,ChargePoint,553.887,33,112,236,1,2
2014-04-01,12180,ChargePoint,476.56300000000005,29,110,191,1,2
2013-10-01,12180,ChargePoint,414.97799999999995,48,113,339,1,2
2013-09-01,12180,ChargePoint,251.02900000000005,33,62,266,1,2
2013-08-01,12180,ChargePoint,352.561,38,91,239,1,2
2013-07-01,12180,ChargePoint,159.19899999999998,22,59,281,1,2
2013-06-01,12180,ChargePoint,79.30499999999998,21,29,85,1,2
2015-06-01,11570,ChargePoint,901.688,90,191,244,1,2
2015-05-01,11570,ChargePoint,693.9360000000001,66,138,185,1,2
2015-04-01,11570,ChargePoint,338.062,39,86,179,1,2
2014-10-01,11570,ChargePoint,563.536,49,99,146,1,2
2014-09-01,11570,ChargePoint,557.193,49,100,153,1,2
2014-08-01,11570,ChargePoint,564.2769999999999,49,99,144,1,2
2014-07-01,11570,ChargePoint,604.9320000000001,59,105,147,1,2
2014-06-01,11570,ChargePoint,483.00700000000006,49,97,147,1,2
2014-05-01,11570,ChargePoint,479.021,70,120,255,1,2
2014-04-01,11570,ChargePoint,194.278,15,37,67,1,2
2014-03-01,11570,ChargePoint,167.68400000000003,19,36,61,1,2
2015-06-01,11550,ChargePoint,166.68100000000004,45,71,219,2,3
2015-05-01,11550,ChargePoint,163.44899999999998,45,70,222,2,4
2015-04-01,11550,ChargePoint,167.32,43,73,255,2,3
2014-08-01,11530,ChargePoint,38.195,15,19,88,2,2
2014-08-01,11797,ChargePoint,34.236,4,9,16,1,2
2014-07-01,11530,ChargePoint,34.882,11,16,49,2,3
2014-07-01,11797,ChargePoint,45.300000000000004,6,13,21,1,2
2014-06-01,11797,ChargePoint,30.411999999999995,9,8,16,1,2
2014-05-01,11530,ChargePoint,5.508,1,2,2,1,1
2014-05-01,11797,ChargePoint,37.483000000000004,10,12,36,1,2
2015-06-01,11797,ChargePoint,267.50100000000003,42,63,141,1,2
2015-06-01,11030,ChargePoint,321.691,26,76,174,3,4
2015-06-01,11556,ChargePoint,64.30199999999999,12,21,22,1,2
2015-05-01,11797,ChargePoint,164.51999999999998,29,41,94,1,2
2015-05-01,11556,ChargePoint,33.569,5,11,13,1,1
2015-05-01,11030,ChargePoint,234.56899999999996,26,53,208,1,2
2015-05-01,11530,ChargePoint,114.88599999999998,16,38,44,3,5
2015-04-01,11556,ChargePoint,24.845,5,7,9,1,2
2015-04-01,11030,ChargePoint,284.866,26,59,180,1,2
2015-04-01,11797,ChargePoint,238.01400000000007,34,59,111,1,2
2015-04-01,11530,ChargePoint,219.76600000000002,28,77,97,3,6
2015-03-01,11030,ChargePoint,131.409,22,36,160,1,2
2015-03-01,11556,ChargePoint,16.159,3,4,7,1,2
2015-03-01,11797,ChargePoint,128.225,11,24,57,1,2
2014-10-01,11556,ChargePoint,112.648,17,36,37,1,2
2014-10-01,11797,ChargePoint,123.44499999999998,38,52,121,1,2
2014-10-01,11530,ChargePoint,83.03,21,31,57,3,6
2014-09-01,11797,ChargePoint,74.75999999999999,13,25,58,1,2
2014-09-01,11556,ChargePoint,40.898,8,13,14,1,2
2014-09-01,11530,ChargePoint,125.39200000000001,28,45,88,3,6
2013-10-01,12203,ChargePoint,226.863,28,71,299,2,2
2013-09-01,12203,ChargePoint,253.10299999999998,34,80,235,2,2
2013-07-01,12203,ChargePoint,302.25699999999995,48,99,264,2,2
2013-05-01,12203,ChargePoint,211.80100000000002,29,68,237,2,2
2019-05-01,13820,ChargePoint,102.828,15,30,41,1,2
2019-04-01,13820,ChargePoint,270.19800000000004,29,77,107,1,2
2018-10-01,13820,ChargePoint,201.969,26,56,78,1,2
2018-09-01,13820,ChargePoint,234.888,30,58,74,1,2
2018-08-01,13820,ChargePoint,112.475,14,32,43,1,2
2018-07-01,13820,ChargePoint,33.624,4,8,10,1,2
2018-06-01,13820,ChargePoint,62.704,10,17,19,1,2
2018-05-01,13820,ChargePoint,100.464,12,30,37,1,1
2018-04-01,13820,ChargePoint,155.70899999999997,19,44,46,1,2
2017-10-01,13820,ChargePoint,172.436,19,51,58,1,2
2017-09-01,13820,ChargePoint,260.08500000000004,22,62,68,1,2
2017-06-01,13820,ChargePoint,81.46600000000001,5,17,18,1,1
2017-05-01,13820,ChargePoint,88.41299999999998,12,27,32,1,2
2017-04-01,13820,ChargePoint,114.384,14,34,40,1,2
2016-09-01,13820,ChargePoint,74.822,12,23,28,1,1
2015-10-01,13820,ChargePoint,98.25399999999999,10,32,51,1,1
2015-09-01,13820,ChargePoint,80.374,11,26,28,1,2
2015-08-01,13820,ChargePoint,16.163,2,5,6,1,1
2015-07-01,13820,ChargePoint,8.617,1,3,3,1,1
2017-10-01,14127,ChargePoint,244.687,29,71,134,1,2
2017-09-01,14127,ChargePoint,246.93599999999995,33,67,135,1,2
2017-08-01,14127,ChargePoint,172.17300000000003,21,43,95,1,2
2017-07-01,14127,ChargePoint,121.971,20,37,75,1,2
2017-06-01,14127,ChargePoint,79.25300000000001,15,27,77,1,2
2017-05-01,14127,ChargePoint,143.089,20,47,111,1,2
2017-04-01,14127,ChargePoint,102.673,17,34,80,1,2
2016-10-01,14127,ChargePoint,120.07499999999999,19,39,94,1,2
2016-09-01,14127,ChargePoint,79.38900000000001,14,25,82,1,2
2016-08-01,14127,ChargePoint,44.413000000000004,7,16,52,1,1
2016-07-01,14127,ChargePoint,45.892,8,16,47,1,2
2016-06-01,14127,ChargePoint,127.289,17,40,90,1,2
2016-05-01,14127,ChargePoint,138.35,20,45,110,1,2
2016-04-01,14127,ChargePoint,87.985,14,27,57,1,2
2015-10-01,14127,ChargePoint,154.89200000000002,17,51,98,1,2
2015-09-01,14127,ChargePoint,92.259,13,31,72,1,2
2015-08-01,14127,ChargePoint,11.362000000000002,3,4,20,1,2
2020-07-01,12496,ChargePoint,111.053,14,20,28,1,2
2020-06-01,12496,ChargePoint,236.32299999999998,18,47,63,1,2
2020-05-01,12496,ChargePoint,20.466,3,3,5,1,2
2020-04-01,12496,ChargePoint,15.594,2,3,4,1,2
2019-10-01,12504,ChargePoint,44.202,11,7,8,1,2
2019-10-01,12496,ChargePoint,104.89299999999999,7,17,17,1,2
2019-09-01,12504,ChargePoint,11.257000000000001,4,3,4,1,2
2019-08-01,12504,ChargePoint,34.502,4,6,6,1,2
2019-07-01,12504,ChargePoint,55.066,5,9,9,1,2
2019-06-01,14063,ChargePoint,0.0,38,0,1,1,2
2019-06-01,13820,ChargePoint,73.25899999999999,16,27,35,1,2
2019-06-01,12504,ChargePoint,11.641,2,2,2,1,2
2019-05-01,12504,ChargePoint,232.922,11,40,52,1,2
2019-04-01,12504,ChargePoint,21.587,4,5,5,1,2
2019-03-01,12504,ChargePoint,18.912,1,4,11,1,1
2018-10-01,12504,ChargePoint,20.504,2,4,4,1,1
2018-10-01,14063,ChargePoint,77.657,7,14,15,1,2
2018-10-01,12496,ChargePoint,232.19,12,40,46,1,2
2018-09-01,14063,ChargePoint,121.502,8,20,26,1,2
2018-09-01,12504,ChargePoint,17.430999999999997,4,3,3,1,2
2018-08-01,14063,ChargePoint,190.004,15,32,44,1,2
2018-08-01,12496,ChargePoint,171.979,10,29,57,1,2
2018-07-01,14063,ChargePoint,126.776,7,19,35,1,1
2018-07-01,12496,ChargePoint,205.37,6,33,50,1,2
2018-06-01,14063,ChargePoint,144.478,8,23,54,1,2
2018-05-01,14063,ChargePoint,147.289,12,26,31,1,2
2018-05-01,12496,ChargePoint,9.259,1,2,2,1,1
2018-04-01,14063,ChargePoint,113.63699999999999,12,21,24,1,2
2018-04-01,12504,ChargePoint,25.233,5,6,7,1,2
2018-04-01,12496,ChargePoint,41.321000000000005,4,8,8,1,2
2018-03-01,14063,ChargePoint,30.897,10,9,11,1,2
2017-10-01,12504,ChargePoint,62.644999999999996,5,12,23,1,2
2017-09-01,12504,ChargePoint,127.171,12,22,25,1,2
2017-09-01,12496,ChargePoint,74.27499999999999,8,14,19,1,1
2017-09-01,14063,ChargePoint,15.032,1,2,2,1,1
2017-08-01,13820,ChargePoint,84.449,4,14,15,1,1
2017-08-01,12504,ChargePoint,157.738,10,28,55,1,2
2017-08-01,12496,ChargePoint,240.77000000000004,11,42,67,1,2
2017-07-01,12504,ChargePoint,60.599000000000004,5,10,10,1,2
2017-06-01,12496,ChargePoint,36.039,2,6,6,1,1
2017-06-01,12504,ChargePoint,12.465,2,2,2,1,2
2017-05-01,12496,ChargePoint,14.234000000000002,2,4,4,1,2
2017-05-01,12504,ChargePoint,1.775,1,1,1,1,1
2017-04-01,12504,ChargePoint,48.676,6,11,14,1,2
2017-04-01,12496,ChargePoint,17.249,2,3,3,1,1
2016-10-01,12110,ChargePoint,503.617,49,140,225,2,4
2016-10-01,12496,ChargePoint,222.80399999999997,11,37,47,1,2
2016-10-01,14063,ChargePoint,15.009,1,3,3,1,1
2016-09-01,12496,ChargePoint,78.872,3,12,12,1,2
2016-09-01,12504,ChargePoint,40.68399999999999,8,9,11,1,2
2016-08-01,12504,ChargePoint,265.589,10,46,66,1,2
2016-08-01,12496,ChargePoint,30.379,3,5,5,1,2
2016-07-01,12504,ChargePoint,155.609,3,27,35,1,1
2016-07-01,14063,ChargePoint,19.548000000000002,2,4,4,1,2
2016-06-01,12504,ChargePoint,12.42,1,2,2,1,1
2016-05-01,13820,ChargePoint,58.64,10,18,19,1,2
2016-05-01,12496,ChargePoint,69.35300000000001,5,10,13,1,2
2016-04-01,14063,ChargePoint,12.43,2,4,4,1,2
2015-10-01,12496,ChargePoint,85.477,7,19,31,1,2
2015-09-01,12110,ChargePoint,429.8289999999999,43,127,190,2,4
2015-09-01,14063,ChargePoint,18.576,4,5,7,1,2
2015-09-01,11798,ChargePoint,30.126,2,5,5,1,1
2015-09-01,12496,ChargePoint,52.919,6,9,13,1,2
2015-08-01,12110,ChargePoint,473.9539999999999,51,149,228,2,4
2015-08-01,12496,ChargePoint,49.574999999999996,3,7,7,1,1
2015-08-01,14063,ChargePoint,51.797000000000004,5,8,9,1,2
2015-07-01,14127,ChargePoint,38.147999999999996,7,13,23,1,2
2015-07-01,12496,ChargePoint,150.51,5,27,37,1,2
2015-07-01,14063,ChargePoint,65.891,2,10,15,1,1
2015-06-01,12496,ChargePoint,11.245,3,5,5,1,2
2020-07-01,12901,ChargePoint,282.533,28,60,75,3,5
2020-06-01,12901,ChargePoint,282.09400000000005,46,88,189,3,4
2020-05-01,12901,ChargePoint,476.59100000000007,75,125,235,3,5
2020-04-01,12901,ChargePoint,367.40399999999994,54,107,221,2,3
2019-10-01,12901,ChargePoint,833.1219999999997,97,190,379,3,5
2019-05-01,12901,ChargePoint,763.9669999999994,99,171,331,3,6
2018-10-01,12901,ChargePoint,342.4179999999999,62,110,327,3,5
2018-09-01,12901,ChargePoint,189.087,28,53,133,3,6
2018-08-01,12901,ChargePoint,293.05699999999996,30,69,144,2,3
2018-07-01,12901,ChargePoint,276.657,42,87,204,2,3
2018-06-01,12901,ChargePoint,326.51699999999994,37,89,200,2,3
2018-05-01,12901,ChargePoint,257.324,39,90,216,2,3
2018-04-01,12901,ChargePoint,216.775,35,82,177,2,3
2020-09-01,10577,ChargePoint,2086.509999999999,132,408,718,12,18
2020-08-01,10577,ChargePoint,1038.6000000000001,58,208,376,10,12
2020-07-01,10577,ChargePoint,1234.6620000000003,58,240,429,8,10
2019-10-01,10577,ChargePoint,10860.480999999994,533,2152,3764,16,30
2018-10-01,10577,ChargePoint,4909.098000000004,319,1030,2399,12,21
2018-09-01,10577,ChargePoint,3420.858000000002,231,720,1650,12,21
2018-08-01,10577,ChargePoint,3258.7889999999998,238,711,1783,10,17
2018-07-01,10577,ChargePoint,3004.3350000000014,241,667,1686,12,20
2018-06-01,10577,ChargePoint,3160.7200000000016,252,708,1711,12,21
2018-05-01,10577,ChargePoint,2874.8100000000027,198,623,1429,10,16
2018-04-01,10577,ChargePoint,3007.1829999999973,216,682,1618,12,19
2016-10-01,10577,ChargePoint,1198.5400000000002,80,274,590,5,8
2016-07-01,10577,ChargePoint,771.8480000000002,77,203,618,6,10
2016-06-01,10577,ChargePoint,1219.9339999999995,140,330,922,7,12
2018-09-01,10460,ChargePoint,211.13000000000005,51,67,233,2,4
2018-08-01,10460,ChargePoint,270.66599999999994,82,87,361,2,4
2018-07-01,10460,ChargePoint,366.81200000000007,122,109,378,2,4
2018-06-01,10460,ChargePoint,504.34100000000007,85,147,402,2,4
2018-05-01,10460,ChargePoint,363.82700000000006,70,123,397,2,4
2018-04-01,10460,ChargePoint,400.992,72,135,422,2,4
2017-10-01,10460,ChargePoint,398.2830000000001,76,114,373,2,4
2017-09-01,10460,ChargePoint,603.2760000000001,75,173,456,2,4
2017-08-01,10460,ChargePoint,714.9070000000004,89,199,509,2,4
2017-07-01,10460,ChargePoint,698.1250000000002,80,210,524,2,4
2017-06-01,10460,ChargePoint,449.9200000000001,59,132,299,2,4
2017-05-01,10460,ChargePoint,278.769,34,72,159,2,3
2017-04-01,10460,ChargePoint,169.147,23,46,91,2,4
2016-10-01,10460,ChargePoint,302.74399999999997,42,75,135,2,4
2016-09-01,10460,ChargePoint,138.23199999999997,26,39,114,2,3
2016-08-01,10460,ChargePoint,206.409,39,65,158,2,4
2016-07-01,10460,ChargePoint,260.939,47,79,217,2,4
2016-06-01,10460,ChargePoint,219.786,43,78,221,2,4
2016-05-01,10460,ChargePoint,192.44100000000003,33,64,193,2,3
2016-04-01,10460,ChargePoint,138.77800000000002,34,54,176,2,3
2015-10-01,10460,ChargePoint,225.70199999999997,47,77,236,2,3
2015-09-01,10460,ChargePoint,287.654,42,85,213,2,4
2015-08-01,10460,ChargePoint,237.57100000000005,44,81,178,2,4
2015-07-01,10460,ChargePoint,289.70399999999995,57,86,216,2,4
2018-10-01,10460,ChargePoint,343.03200000000004,55,98,244,4,7
2016-05-01,11738,ChargePoint,292.2759999999999,42,92,262,2,4
2016-04-01,11738,ChargePoint,482.1669999999999,58,139,369,2,4
2015-10-01,11738,ChargePoint,506.51000000000005,62,135,282,2,4
2015-09-01,11738,ChargePoint,275.688,29,64,117,2,4
2018-10-01,11738,ChargePoint,1346.0360000000007,213,386,594,2,4
2018-09-01,11738,ChargePoint,1306.2150000000004,176,338,555,2,4
2018-08-01,11738,ChargePoint,1072.9210000000003,146,298,438,2,4
2018-07-01,11738,ChargePoint,927.1740000000001,138,292,449,2,4
2018-06-01,11738,ChargePoint,1051.5880000000004,167,325,616,2,4
2018-05-01,11738,ChargePoint,1107.8369999999989,159,327,528,2,4
2018-04-01,11738,ChargePoint,1096.035,142,328,565,2,4
2017-10-01,11738,ChargePoint,1080.6320000000003,155,311,650,2,4
2017-09-01,11738,ChargePoint,979.5909999999997,161,303,608,2,4
2017-08-01,11738,ChargePoint,605.756,75,172,273,2,4
2017-07-01,11738,ChargePoint,535.0999999999999,73,166,299,2,4
2017-06-01,11738,ChargePoint,742.9950000000002,112,206,377,2,4
2016-09-01,11738,ChargePoint,716.423,76,202,389,2,4
2016-08-01,11738,ChargePoint,429.55800000000005,52,131,272,2,4
2016-06-01,11738,ChargePoint,297.50800000000004,44,100,255,2,4
2015-08-01,11738,ChargePoint,88.408,12,20,29,2,3
2017-05-01,11738,ChargePoint,708.6259999999997,105,198,362,2,4
2017-04-01,11738,ChargePoint,836.134,99,223,402,2,3
2016-10-01,11738,ChargePoint,751.7440000000001,71,203,408,2,4
2016-07-01,11738,ChargePoint,313.35200000000003,47,106,276,2,4
2019-09-01,14850,ChargePoint,1492.082,192,313,493,3,6
2019-08-01,14850,ChargePoint,1387.6740000000002,176,290,421,3,6
2019-07-01,14850,ChargePoint,1260.712,154,269,378,3,6
2019-06-01,14850,ChargePoint,1432.3959999999995,188,306,419,3,6
2019-05-01,14850,ChargePoint,1406.7099999999998,212,310,499,3,6
2019-04-01,14850,ChargePoint,1171.6309999999999,184,275,464,3,6
2018-10-01,14850,ChargePoint,949.1649999999995,123,214,384,3,6
2018-09-01,14850,ChargePoint,1040.061,103,228,386,3,6
2018-08-01,14850,ChargePoint,997.115,136,245,375,3,6
2018-07-01,14850,ChargePoint,1017.6050000000005,117,243,317,3,6
2018-06-01,14850,ChargePoint,919.1879999999999,105,217,343,3,6
2018-05-01,14850,ChargePoint,1344.4270000000006,150,341,502,3,6
2018-04-01,14850,ChargePoint,850.6899999999998,105,231,349,3,6
2017-10-01,14850,ChargePoint,1292.1860000000001,161,306,411,3,6
2017-09-01,14850,ChargePoint,1184.8389999999993,99,254,370,3,6
2017-08-01,14850,ChargePoint,997.5229999999998,101,217,297,3,6
2017-07-01,14850,ChargePoint,872.5279999999998,82,184,328,3,6
2017-06-01,14850,ChargePoint,839.4199999999997,96,194,257,3,6
2017-05-01,14850,ChargePoint,716.3689999999997,106,172,234,3,6
2017-04-01,14850,ChargePoint,723.701,108,184,242,3,6
2016-10-01,14850,ChargePoint,648.8910000000001,81,158,203,3,6
2016-08-01,14850,ChargePoint,562.3770000000002,64,130,193,3,6
2016-07-01,14850,ChargePoint,650.1099999999999,70,142,214,3,6
2016-06-01,14850,ChargePoint,378.96999999999997,61,99,148,3,6
2016-05-01,14850,ChargePoint,453.28599999999983,60,111,177,3,6
2016-04-01,14850,ChargePoint,436.0989999999999,60,107,162,3,6
2015-10-01,14850,ChargePoint,549.18,64,154,282,3,6
2015-09-01,14850,ChargePoint,749.9420000000001,67,156,260,3,6
2015-08-01,14850,ChargePoint,902.6019999999999,68,183,329,3,6
2015-07-01,14850,ChargePoint,715.037,70,163,345,3,6
2020-10-01,14850,ChargePoint,361.072,24,66,78,1,2
2020-09-01,14850,ChargePoint,191.542,16,38,40,1,2
2020-08-01,14850,ChargePoint,408.59200000000004,32,72,83,1,2
2020-07-01,14850,ChargePoint,190.23599999999996,28,47,76,1,2
2020-06-01,14850,ChargePoint,429.097,41,93,141,2,4
2019-10-01,14850,ChargePoint,1687.68,170,351,565,3,5
2016-09-01,14850,ChargePoint,582.737,75,148,241,3,6
2020-05-01,14850,ChargePoint,57.59799999999999,16,12,13,2,3
2020-04-01,14850,ChargePoint,34.678,4,10,12,2,2
2020-09-01,11901,ChargePoint,2759.5719999999997,152,488,1018,3,5
2020-08-01,11901,ChargePoint,3115.6459999999997,204,612,1094,3,5
2019-10-01,11901,ChargePoint,1931.222,228,464,1187,3,6
2019-09-01,11901,ChargePoint,1508.7070000000008,186,366,885,3,6
2019-08-01,11901,ChargePoint,1439.149,165,346,899,3,6
2019-07-01,11901,ChargePoint,1652.6620000000005,179,393,858,3,6
2019-06-01,11901,ChargePoint,1194.3470000000002,137,279,717,3,5
2019-05-01,11901,ChargePoint,1628.859,187,403,1117,3,6
2019-04-01,11901,ChargePoint,1834.6899999999994,216,446,1040,3,6
2018-10-01,11901,ChargePoint,872.1359999999996,119,227,474,2,4
2018-09-01,11901,ChargePoint,451.2000000000001,79,138,220,3,6
2020-10-01,14513,ChargePoint,879.218,68,167,553,6,7
2020-10-01,13088,ChargePoint,2795.208000000001,358,567,780,6,11
2020-10-01,13202,ChargePoint,18.994,4,4,6,2,2
2020-10-01,12853,ChargePoint,198.49599999999998,20,40,43,2,4
2020-10-01,12946,ChargePoint,918.0900000000005,184,205,426,4,8
2020-09-01,14513,ChargePoint,1131.746,90,231,698,8,12
2020-09-01,12853,ChargePoint,75.03999999999999,22,16,20,2,4
2020-09-01,13088,ChargePoint,2693.8620000000024,322,518,619,7,11
2020-09-01,12946,ChargePoint,1336.6160000000004,196,289,515,4,8
2020-09-01,12203,ChargePoint,7268.562999999998,674,1530,2460,11,18
2020-09-01,12084,ChargePoint,573.1390000000001,79,177,190,3,5
2020-09-01,14210,ChargePoint,3.148,2,1,1,1,1
2020-08-01,12203,ChargePoint,6153.3440000000055,660,1368,2511,13,21
2020-08-01,14513,ChargePoint,961.0659999999998,90,196,739,6,11
2020-08-01,13088,ChargePoint,2759.9299999999985,346,546,640,6,11
2020-08-01,12946,ChargePoint,1462.6840000000002,310,340,507,4,8
2020-08-01,12084,ChargePoint,534.381,60,167,354,4,6
2020-08-01,14210,ChargePoint,41.44,10,12,13,3,4
2020-07-01,13088,ChargePoint,2975.614000000003,404,624,793,7,12
2020-07-01,14513,ChargePoint,1259.5520000000004,100,251,765,8,12
2020-07-01,12946,ChargePoint,1125.726,238,271,380,4,8
2020-07-01,14210,ChargePoint,60.326,10,17,29,2,2
2020-07-01,12084,ChargePoint,446.82699999999994,65,144,294,3,5
2020-07-01,12804,ChargePoint,385.377,42,96,214,4,6
2020-06-01,12804,ChargePoint,755.5749999999997,60,171,292,3,5
2020-06-01,12946,ChargePoint,513.078,94,111,163,4,7
2020-06-01,14513,ChargePoint,1209.538,104,249,809,8,10
2020-06-01,13088,ChargePoint,3089.6719999999996,418,662,1008,6,10
2020-06-01,12084,ChargePoint,303.57399999999996,52,100,254,3,5
2020-05-01,12804,ChargePoint,916.6729999999999,66,163,336,4,6
2020-05-01,12084,ChargePoint,372.59999999999997,48,119,189,3,5
2020-05-01,14210,ChargePoint,101.14999999999999,14,23,37,3,4
2020-05-01,14513,ChargePoint,1210.6040000000005,128,284,1050,8,12
2020-05-01,13088,ChargePoint,1881.324,244,378,499,7,11
2020-05-01,12203,ChargePoint,3357.7099999999978,378,754,1227,12,20
2020-04-01,12804,ChargePoint,580.7810000000001,28,103,302,3,4
2020-04-01,14513,ChargePoint,773.0680000000004,112,186,888,10,12
2020-04-01,14210,ChargePoint,20.564,12,7,10,4,5
2020-04-01,12946,ChargePoint,159.204,10,22,23,2,2
2020-04-01,12203,ChargePoint,2971.1320000000023,322,659,1203,10,15
2019-10-01,14513,ChargePoint,377.45300000000003,60,93,448,8,10
2019-10-01,13202,ChargePoint,1507.3459999999995,177,371,729,4,8
2019-10-01,12804,ChargePoint,756.9379999999996,60,145,318,6,9
2019-10-01,14210,ChargePoint,109.972,32,49,132,5,9
2019-10-01,12946,ChargePoint,184.87099999999998,13,35,58,2,4
2019-10-01,12853,ChargePoint,45.447,6,10,14,3,5
2019-09-01,13202,ChargePoint,816.33,110,198,572,4,8
2019-09-01,14210,ChargePoint,8.129,6,3,3,3,4
2019-09-01,12804,ChargePoint,570.407,43,102,204,6,9
2019-09-01,14513,ChargePoint,229.626,49,63,298,11,15
2019-09-01,12946,ChargePoint,336.74300000000005,21,51,78,2,4
2019-09-01,12084,ChargePoint,1116.6679999999997,153,251,372,3,4
2019-09-01,12853,ChargePoint,41.119,6,8,10,2,3
2019-08-01,13202,ChargePoint,272.6500000000001,48,74,169,4,8
2019-08-01,12804,ChargePoint,637.0109999999999,63,114,379,7,11
2019-08-01,14513,ChargePoint,357.41700000000003,39,77,164,8,11
2019-08-01,12946,ChargePoint,280.471,11,43,57,2,4
2019-07-01,12946,ChargePoint,230.46900000000005,16,42,120,2,4
2019-07-01,12203,ChargePoint,2602.4929999999986,268,570,857,5,9
2019-07-01,12804,ChargePoint,610.3830000000002,40,108,262,4,6
2019-06-01,12804,ChargePoint,724.9660000000002,61,144,300,4,7
2019-06-01,12946,ChargePoint,92.292,14,21,80,2,3
2019-05-01,12804,ChargePoint,904.0519999999999,86,188,399,4,7
2019-05-01,14210,ChargePoint,333.698,73,126,351,5,8
2019-04-01,14210,ChargePoint,473.41599999999994,69,142,329,5,9
2019-04-01,12084,ChargePoint,1076.3129999999999,150,218,366,4,7
2019-04-01,12804,ChargePoint,632.715,58,117,273,4,7
2020-10-01,11530,ChargePoint,3111.8459999999973,278,770,1351,10,17
2020-09-01,11530,ChargePoint,2274.0739999999996,238,543,1032,11,16
2020-08-01,11530,ChargePoint,1108.3760000000007,90,232,403,10,15
2020-07-01,11530,ChargePoint,919.1440000000002,62,174,273,6,8
2020-06-01,11530,ChargePoint,600.5360000000001,44,119,165,6,6
2020-05-01,11530,ChargePoint,144.168,14,28,55,4,5
2019-10-01,11530,ChargePoint,2795.55,326,699,1761,7,14
2019-09-01,11530,ChargePoint,2171.0230000000015,279,550,1428,7,14
2019-08-01,11530,ChargePoint,1329.9210000000007,161,317,762,7,14
2019-07-01,11530,ChargePoint,1398.5180000000003,150,380,956,7,13
2019-06-01,11530,ChargePoint,1813.6819999999998,184,465,1170,7,14
2019-05-01,11530,ChargePoint,1904.8660000000002,224,539,1305,7,14
2019-04-01,11530,ChargePoint,1817.144000000001,238,519,1439,7,14
2018-10-01,11530,ChargePoint,1422.4309999999994,206,482,1300,7,14
2018-09-01,11530,ChargePoint,653.9279999999998,109,187,555,5,8
2020-10-01,12020,ChargePoint,5079.814999999994,464,988,2050,7,12
2020-09-01,12020,ChargePoint,3839.0139999999997,394,777,1769,7,12
2020-08-01,12020,ChargePoint,4143.952,384,817,1764,7,13
2020-07-01,12020,ChargePoint,4706.054,426,949,1898,7,14
2020-06-01,12020,ChargePoint,2880.700000000001,274,576,1046,6,11
2020-05-01,12020,ChargePoint,1953.021999999999,238,387,770,6,10
2020-04-01,12020,ChargePoint,2251.698,288,461,882,4,8
2019-10-01,12020,ChargePoint,2386.3050000000003,195,495,1213,6,12
2019-09-01,12020,ChargePoint,2548.8849999999993,177,542,996,6,12
2019-08-01,12020,ChargePoint,2059.954,181,461,975,6,11
2019-07-01,12020,ChargePoint,526.2820000000002,44,117,196,5,9
2020-10-01,12065,ChargePoint,6725.791000000001,701,1308,1872,23,37
2020-09-01,12065,ChargePoint,4999.577999999997,689,986,1510,23,41
2020-06-01,12065,ChargePoint,3897.0100000000016,502,812,1360,19,30
2020-04-01,12065,ChargePoint,1895.1699999999994,285,396,645,11,17
2019-10-01,12065,ChargePoint,2992.3200000000015,417,763,1854,11,20
2019-09-01,12065,ChargePoint,1442.901,220,358,1249,10,19
2020-10-01,12866,ChargePoint,4178.690000000001,757,942,1464,22,32
2020-09-01,12866,ChargePoint,4065.296999999996,671,928,1884,22,35
2020-08-01,12866,ChargePoint,4586.382999999997,660,1012,1726,24,41
2020-07-01,12866,ChargePoint,2514.7680000000014,469,600,1003,24,34
2020-06-01,12866,ChargePoint,1934.3030000000012,433,484,795,15,24
2019-10-01,12866,ChargePoint,3717.0590000000034,522,848,1631,26,40
2019-09-01,12866,ChargePoint,3056.213999999999,417,699,1262,26,40
2019-08-01,12866,ChargePoint,3383.7529999999992,460,728,1483,28,46
2019-07-01,12866,ChargePoint,2849.9420000000036,433,658,1460,25,38
2019-06-01,12866,ChargePoint,2225.1620000000007,290,482,987,25,36
2019-05-01,12866,ChargePoint,913.0169999999996,182,182,331,11,16
2019-04-01,12866,ChargePoint,989.1939999999998,164,198,409,11,19
2020-10-01,12571,ChargePoint,1380.372,138,269,397,5,10
2020-09-01,12571,ChargePoint,1551.1900000000003,154,321,452,5,9
2020-07-01,12571,ChargePoint,2127.0259999999994,142,444,644,5,10
2019-10-01,12571,ChargePoint,1017.5499999999998,103,205,316,3,6
2019-08-01,12571,ChargePoint,1548.3479999999995,92,293,443,3,6
2019-07-01,12571,ChargePoint,1382.378,97,276,439,2,4
2019-06-01,12571,ChargePoint,1111.1650000000002,93,220,328,3,5
2019-05-01,12571,ChargePoint,1003.8330000000001,86,194,307,3,6
2019-04-01,12571,ChargePoint,1578.5079999999998,122,344,491,3,6
2018-10-01,12571,ChargePoint,924.197,90,193,358,3,5
2018-09-01,12571,ChargePoint,565.7679999999998,83,130,257,3,6
2018-08-01,12571,ChargePoint,646.2219999999998,69,140,247,3,5
2018-06-01,12571,ChargePoint,467.21100000000024,80,116,201,3,5
2018-05-01,12571,ChargePoint,523.701,91,137,274,3,6
2018-04-01,12571,ChargePoint,514.961,77,134,220,3,5
2017-10-01,12571,ChargePoint,800.0349999999997,100,185,278,3,6
2017-08-01,12571,ChargePoint,279.41300000000007,52,79,117,2,4
2017-07-01,12571,ChargePoint,43.332,9,10,15,2,4
2020-08-01,12571,ChargePoint,1611.3300000000006,124,324,472,5,8
2020-06-01,12571,ChargePoint,2394.2680000000023,154,483,686,4,8
2020-05-01,12571,ChargePoint,2528.947999999999,142,479,743,4,8
2019-09-01,12571,ChargePoint,1209.5749999999998,94,229,389,3,5
2018-07-01,12571,ChargePoint,497.29999999999995,70,122,199,2,4
2017-09-01,12571,ChargePoint,531.6379999999999,79,129,226,2,4
2020-04-01,12571,ChargePoint,1138.4180000000003,92,226,429,4,8
2020-10-01,12206,ChargePoint,3920.252000000001,418,669,932,2,4
2020-09-01,12206,ChargePoint,2961.006000000002,308,497,647,2,4
2020-08-01,12206,ChargePoint,1808.9179999999997,308,354,600,2,4
2020-07-01,12206,ChargePoint,1585.9400000000012,308,315,648,2,4
2020-06-01,12206,ChargePoint,1365.6120000000008,306,301,581,2,4
2020-05-01,12206,ChargePoint,1236.3020000000006,326,288,493,2,4
2020-04-01,12206,ChargePoint,835.6419999999994,230,211,451,2,4
2019-10-01,12206,ChargePoint,583.6040000000002,95,111,140,2,4
2020-10-01,12561,ChargePoint,1844.223,223,420,743,12,18
2020-09-01,12561,ChargePoint,1566.7919999999992,234,384,727,13,23
2020-08-01,12561,ChargePoint,1618.564999999999,204,355,669,11,17
2020-07-01,12561,ChargePoint,1808.133000000001,207,364,572,11,18
2020-06-01,12561,ChargePoint,744.841,112,169,234,11,18
2020-05-01,12561,ChargePoint,658.8840000000001,71,143,182,9,13
2019-10-01,12561,ChargePoint,3746.220999999999,427,929,1826,13,24
2019-09-01,12561,ChargePoint,3304.527999999999,413,826,1650,13,25
2019-08-01,12561,ChargePoint,2235.4669999999996,252,588,1511,13,26
2019-07-01,12561,ChargePoint,2001.9199999999987,222,518,966,13,24
2019-06-01,12561,ChargePoint,1609.7139999999993,187,408,759,13,24
2019-05-01,12561,ChargePoint,1461.379,216,406,822,13,22
2019-04-01,12561,ChargePoint,1389.126,207,395,998,3,6
2018-10-01,12561,ChargePoint,1173.762,187,364,799,3,6
2018-09-01,12561,ChargePoint,879.2760000000002,138,273,642,3,6
2018-08-01,12561,ChargePoint,782.7579999999999,140,242,568,3,6
2018-07-01,12561,ChargePoint,363.081,57,112,218,3,6
2018-06-01,12561,ChargePoint,306.55299999999994,54,100,223,6,9
2020-10-01,10577,ChargePoint,2695.831999999999,130,525,847,10,15
2020-06-01,10577,ChargePoint,499.69999999999993,22,89,157,4,6
2020-04-01,12866,ChargePoint,1478.0890000000002,303,320,782,15,21
2020-08-01,11201,ChargePoint,92.28,18,24,50,1,2
2019-08-01,11201,ChargePoint,119.196,12,21,24,1,2
2018-05-01,11201,ChargePoint,71.632,3,12,14,1,1
2018-04-01,11201,ChargePoint,5.493,1,1,1,1,1
2017-07-01,11201,ChargePoint,103.32900000000001,2,17,26,1,1
2017-06-01,11201,ChargePoint,110.61699999999999,4,18,34,1,2
2017-05-01,11201,ChargePoint,91.652,2,15,32,1,1
2016-10-01,11201,ChargePoint,111.976,8,19,93,1,2
2016-09-01,11201,ChargePoint,220.82,14,46,147,1,2
2016-06-01,11201,ChargePoint,288.298,9,54,69,1,2
2016-05-01,11201,ChargePoint,194.921,7,33,50,1,2
2016-04-01,11201,ChargePoint,295.507,12,49,69,1,2
2015-10-01,11201,ChargePoint,163.219,12,26,68,1,2
2015-09-01,11201,ChargePoint,66.253,9,11,23,1,2
2015-08-01,11201,ChargePoint,0.0,2,0,31,1,1
2015-07-01,11201,ChargePoint,0.0,2,0,28,1,1
2015-06-01,11201,ChargePoint,0.0,8,0,28,1,2
2015-05-01,11201,ChargePoint,0.0,6,0,36,1,1
2015-04-01,11201,ChargePoint,0.0,3,0,35,1,1
2015-03-01,11201,ChargePoint,0.0,3,0,31,1,1
2014-10-01,11201,ChargePoint,0.0,14,0,84,1,2
2014-09-01,11201,ChargePoint,0.0,14,0,29,1,2
2014-08-01,11201,ChargePoint,0.0,10,0,50,1,2
2014-07-01,11201,ChargePoint,0.0,2,0,4,1,1
2014-05-01,11201,ChargePoint,12.555,3,3,9,1,2
2014-04-01,11201,ChargePoint,0.0,2,0,1,1,1
2013-10-01,11201,ChargePoint,0.0,4,0,7,1,1
2013-09-01,11201,ChargePoint,10.263,4,2,11,1,2
2013-08-01,11201,ChargePoint,6.289,2,2,3,1,2
2020-10-01,10001,ChargePoint,823.262,32,138,201,2,2
2020-09-01,10001,ChargePoint,1232.9899999999998,44,206,267,2,2
2020-08-01,10280,ChargePoint,66.31,6,11,15,1,2
2020-08-01,10001,ChargePoint,845.4700000000001,32,135,179,2,2
2020-07-01,10001,ChargePoint,811.86,38,140,197,2,2
2020-06-01,10001,ChargePoint,824.9399999999999,32,140,198,2,2
2020-05-01,10001,ChargePoint,533.2940000000001,22,91,152,2,2
2020-04-01,10001,ChargePoint,711.61,22,115,172,2,2
2019-10-01,10001,ChargePoint,153.25,23,60,96,2,2
2019-09-01,10001,ChargePoint,127.82699999999998,20,45,65,2,2
2019-08-01,10001,ChargePoint,146.852,25,50,70,2,2
2018-07-01,10280,ChargePoint,34.548,2,7,18,1,2
2017-10-01,10280,ChargePoint,105.803,3,19,38,1,2
2017-04-01,10280,ChargePoint,20.631,1,4,21,1,1
2016-08-01,10280,ChargePoint,19.434,2,6,6,1,2
2016-07-01,10280,ChargePoint,112.59499999999998,6,24,26,1,2
2016-05-01,10280,ChargePoint,87.295,3,17,24,1,2
2015-10-01,10280,ChargePoint,96.916,14,29,45,1,2
2015-09-01,10280,ChargePoint,98.54599999999998,8,29,36,1,2
2015-08-01,10280,ChargePoint,91.80799999999999,7,28,43,1,2
2015-06-01,10280,ChargePoint,95.581,8,29,45,1,2
2015-04-01,10280,ChargePoint,110.559,4,24,34,1,2
2014-08-01,10280,ChargePoint,72.005,6,12,30,1,2
2014-06-01,10280,ChargePoint,70.855,4,11,11,1,2
2014-04-01,10280,ChargePoint,52.349999999999994,5,11,21,1,1
2013-10-01,10280,ChargePoint,8.155,1,1,1,1,1
2013-09-01,10280,ChargePoint,112.193,6,17,31,1,2
2013-05-01,10280,ChargePoint,12.903,2,2,2,1,1
2019-07-01,10001,ChargePoint,6.11,1,2,2,1,1
2018-07-01,10065,ChargePoint,12.623000000000001,2,3,4,1,2
2018-05-01,10065,ChargePoint,90.623,8,19,20,1,2
2017-09-01,10065,ChargePoint,107.632,10,20,26,1,2
2015-10-01,10065,ChargePoint,61.012,1,10,22,1,1
2015-07-01,10065,ChargePoint,48.143,2,10,15,1,2
2014-08-01,10065,ChargePoint,1.038,2,0,0,1,2
2014-06-01,10065,ChargePoint,141.757,7,24,33,1,2
2014-05-01,10065,ChargePoint,102.276,2,17,38,1,1
2014-04-01,10065,ChargePoint,215.75900000000001,7,39,61,1,2
2013-06-01,10065,ChargePoint,94.265,4,16,23,1,2
2014-07-01,10152,ChargePoint,262.672,10,47,64,1,2
2014-04-01,10152,ChargePoint,280.858,10,49,52,1,2
2013-04-01,10152,ChargePoint,6.447,6,1,1,1,2
2020-10-01,10152,ChargePoint,69.765,4,12,12,1,1
2020-09-01,10152,ChargePoint,79.79899999999999,6,14,14,1,2
2020-06-01,10152,ChargePoint,8.009,1,1,1,1,1
2019-10-01,10152,ChargePoint,300.16599999999994,9,51,64,1,1
2019-09-01,10152,ChargePoint,405.22299999999996,14,70,80,1,1
2019-08-01,10152,ChargePoint,355.214,13,61,88,1,2
2019-07-01,10152,ChargePoint,568.2149999999999,23,98,141,1,2
2019-06-01,10152,ChargePoint,322.295,11,57,92,1,2
2019-05-01,10152,ChargePoint,243.272,6,41,74,1,1
2019-04-01,10152,ChargePoint,271.923,6,46,71,1,1
2018-10-01,10152,ChargePoint,281.991,6,48,71,1,1
2018-09-01,10152,ChargePoint,189.622,4,32,47,1,1
2018-08-01,10152,ChargePoint,208.356,11,38,93,1,2
2018-07-01,10152,ChargePoint,327.59200000000004,9,55,76,1,1
2018-06-01,10152,ChargePoint,148.358,3,25,29,1,1
2018-05-01,10152,ChargePoint,372.47900000000004,11,63,89,1,2
2018-04-01,10152,ChargePoint,133.174,3,23,32,1,1
2017-10-01,10152,ChargePoint,138.943,5,25,80,1,2
2017-09-01,10152,ChargePoint,58.687000000000005,4,11,19,1,1
2017-08-01,10152,ChargePoint,263.81299999999993,9,49,92,1,2
2017-07-01,10152,ChargePoint,96.17999999999999,4,18,35,1,2
2017-06-01,10152,ChargePoint,160.878,4,27,35,1,1
2017-05-01,10152,ChargePoint,118.74300000000001,3,20,50,1,1
2017-04-01,10152,ChargePoint,225.372,6,38,63,1,1
2017-03-01,10152,ChargePoint,59.895,1,10,16,1,1
2016-09-01,10152,ChargePoint,183.914,5,31,39,1,2
2016-08-01,10152,ChargePoint,254.264,7,43,66,1,2
2015-10-01,10152,ChargePoint,126.34299999999999,8,22,31,1,2
2015-04-01,10152,ChargePoint,137.22500000000002,8,24,28,1,2
2016-10-01,10012,ChargePoint,430.22700000000003,13,74,154,1,2
2016-09-01,10012,ChargePoint,793.8270000000001,19,135,237,1,2
2016-07-01,10012,ChargePoint,773.8820000000001,18,132,241,1,2
2016-05-01,10012,ChargePoint,222.82600000000002,14,38,62,1,2
2016-03-01,10012,ChargePoint,105.321,4,19,32,1,2
2015-10-01,10012,ChargePoint,49.163,3,9,15,1,1
2015-09-01,10012,ChargePoint,320.182,6,53,70,1,1
2015-07-01,10012,ChargePoint,88.76899999999999,6,18,36,1,1
2015-06-01,10012,ChargePoint,21.474,2,6,6,1,1
2014-10-01,10012,ChargePoint,48.682,3,10,12,1,1
2014-09-01,10012,ChargePoint,41.132,3,7,7,1,1
2014-08-01,10012,ChargePoint,3.118,1,1,3,1,1
2014-07-01,10012,ChargePoint,33.451,3,7,7,1,2
2013-10-01,10012,ChargePoint,40.114000000000004,6,7,9,1,2
2013-09-01,10012,ChargePoint,94.68499999999999,5,17,26,1,1
2013-08-01,10012,ChargePoint,8.082,1,1,1,1,1
2013-06-01,10012,ChargePoint,73.16,3,11,15,1,2
2020-09-01,10012,ChargePoint,1178.5469999999998,44,201,610,1,2
2020-08-01,10012,ChargePoint,469.84,18,76,194,1,2
2020-07-01,10012,ChargePoint,347.853,10,56,257,1,2
2020-06-01,10012,ChargePoint,517.328,14,88,183,1,2
2020-05-01,10012,ChargePoint,544.381,17,89,169,1,2
2020-04-01,10012,ChargePoint,149.813,6,26,56,1,2
2019-10-01,10012,ChargePoint,726.4839999999999,26,124,250,1,2
2019-09-01,10012,ChargePoint,809.9110000000002,23,135,327,1,2
2019-08-01,10012,ChargePoint,830.428,22,142,284,1,2
2019-07-01,10012,ChargePoint,787.985,26,136,309,1,2
2019-06-01,10012,ChargePoint,439.74300000000005,17,76,181,1,2
2019-05-01,10012,ChargePoint,646.238,20,112,205,1,2
2019-04-01,10012,ChargePoint,903.9580000000001,24,155,371,1,2
2018-10-01,10012,ChargePoint,1049.73,27,180,330,1,2
2018-09-01,10012,ChargePoint,627.14,17,107,280,1,2
2018-08-01,10012,ChargePoint,993.141,28,171,404,1,2
2018-07-01,10012,ChargePoint,789.957,22,137,332,1,2
2018-06-01,10012,ChargePoint,1042.742,30,183,424,1,2
2018-05-01,10012,ChargePoint,565.902,17,98,223,1,2
2018-04-01,10012,ChargePoint,672.239,19,114,270,1,2
2017-10-01,10012,ChargePoint,1217.1509999999996,39,211,432,1,2
2017-09-01,10012,ChargePoint,686.8050000000001,22,118,319,1,2
2017-08-01,10012,ChargePoint,451.1840000000001,22,81,189,1,2
2017-07-01,10012,ChargePoint,473.60100000000006,20,82,158,1,2
2017-06-01,10012,ChargePoint,449.096,13,76,169,1,2
2017-05-01,10012,ChargePoint,482.871,16,81,163,1,2
2017-04-01,10012,ChargePoint,361.8,15,64,114,1,2
2018-06-01,10019,ChargePoint,227.90399999999997,20,67,105,1,1
2018-05-01,10019,ChargePoint,431.5540000000001,33,119,150,1,1
2018-04-01,10019,ChargePoint,880.0090000000002,48,185,282,1,1
2017-10-01,10019,ChargePoint,990.657,44,199,273,1,1
2017-09-01,10019,ChargePoint,1043.1560000000004,40,208,267,1,1
2017-08-01,10019,ChargePoint,690.05,31,135,209,1,1
2017-07-01,10019,ChargePoint,582.78,29,113,179,1,1
2017-06-01,10019,ChargePoint,1003.3690000000001,46,199,226,1,1
2017-05-01,10019,ChargePoint,811.5519999999998,39,167,190,1,1
2017-04-01,10019,ChargePoint,358.73299999999995,20,75,118,1,1
2016-10-01,10019,ChargePoint,383.31000000000006,18,79,116,1,1
2016-09-01,10019,ChargePoint,351.5189999999999,23,82,128,1,1
2016-08-01,10019,ChargePoint,423.63700000000006,15,77,102,1,1
2016-07-01,10019,ChargePoint,244.143,9,48,63,1,1
2016-06-01,10019,ChargePoint,209.845,15,55,69,1,1
2016-05-01,10019,ChargePoint,438.38399999999996,26,99,158,1,1
2016-04-01,10019,ChargePoint,309.726,23,83,111,1,1
2015-10-01,10019,ChargePoint,364.202,18,86,113,1,1
2015-09-01,10019,ChargePoint,350.18800000000005,20,84,93,1,1
2015-08-01,10019,ChargePoint,266.23,12,59,65,1,1
2015-07-01,10019,ChargePoint,273.16600000000005,18,77,87,1,1
2014-09-01,10019,ChargePoint,154.95499999999998,10,32,52,1,1
2014-08-01,10019,ChargePoint,257.24,11,54,59,1,1
2014-07-01,10019,ChargePoint,124.17499999999998,8,33,50,1,1
2014-06-01,10019,ChargePoint,379.15299999999996,16,69,91,1,1
2014-05-01,10019,ChargePoint,222.48499999999996,16,57,95,1,1
2014-04-01,10019,ChargePoint,165.51700000000002,14,44,50,1,1
2020-06-01,10010,ChargePoint,160.974,4,26,27,1,1
2020-04-01,10010,ChargePoint,106.977,2,18,28,1,2
2019-10-01,10010,ChargePoint,725.431,25,122,208,1,2
2019-09-01,10010,ChargePoint,503.37,12,83,100,1,2
2019-08-01,10010,ChargePoint,281.127,10,47,60,1,2
2019-07-01,10010,ChargePoint,127.12899999999999,7,28,46,1,2
2019-06-01,10010,ChargePoint,460.32500000000005,21,82,102,1,2
2019-05-01,10010,ChargePoint,453.08000000000004,13,79,103,1,2
2019-04-01,10010,ChargePoint,695.7749999999999,20,116,145,1,2
2018-10-01,10010,ChargePoint,834.0350000000001,25,147,228,1,2
2018-09-01,10010,ChargePoint,666.3979999999999,21,120,162,1,2
2018-08-01,10010,ChargePoint,220.238,11,41,67,1,2
2018-07-01,10010,ChargePoint,150.44299999999998,6,28,36,1,1
2018-06-01,10010,ChargePoint,400.29,14,77,107,1,2
2018-05-01,10010,ChargePoint,549.6930000000001,15,95,142,1,2
2018-04-01,10010,ChargePoint,713.6760000000002,20,121,193,1,2
2017-10-01,10010,ChargePoint,499.41900000000004,25,83,146,1,2
2017-09-01,10010,ChargePoint,657.123,22,112,159,1,2
2017-08-01,10010,ChargePoint,493.2389999999999,16,82,126,1,2
2017-07-01,10010,ChargePoint,545.11,23,92,129,1,2
2017-06-01,10010,ChargePoint,783.8280000000001,39,131,211,1,2
2017-05-01,10010,ChargePoint,1121.9379999999999,47,189,303,1,2
2017-04-01,10010,ChargePoint,649.25,28,107,161,1,2
2016-10-01,10010,ChargePoint,1045.597,28,173,231,1,2
2016-09-01,10010,ChargePoint,448.41599999999994,18,74,109,1,2
2016-08-01,10010,ChargePoint,610.985,20,101,148,1,2
2016-07-01,10010,ChargePoint,107.91400000000002,3,18,20,1,2
2015-06-01,10010,ChargePoint,365.23199999999997,18,58,125,1,1
2015-05-01,10010,ChargePoint,430.3039999999999,22,68,152,1,1
2015-04-01,10010,ChargePoint,344.18699999999995,16,56,113,1,2
2015-03-01,10010,ChargePoint,209.506,9,33,55,1,1
2014-10-01,10010,ChargePoint,381.06800000000004,22,61,101,1,2
2014-09-01,10010,ChargePoint,419.09499999999997,18,66,117,1,1
2014-08-01,10010,ChargePoint,328.507,21,49,114,1,2
2013-10-01,10010,ChargePoint,555.7579999999999,27,83,128,1,2
2013-09-01,10010,ChargePoint,420.125,17,63,92,1,2
2013-08-01,10010,ChargePoint,316.335,15,47,74,1,2
2013-07-01,10010,ChargePoint,182.652,9,29,79,1,2
2013-06-01,10010,ChargePoint,93.148,5,16,27,1,2
2013-05-01,10010,ChargePoint,4.329,1,1,3,1,1
2013-04-01,10010,ChargePoint,65.38,4,13,15,1,2
2015-09-01,10010,ChargePoint,336.466,17,54,106,1,1
2015-08-01,10010,ChargePoint,265.158,14,43,117,1,2
2015-07-01,10010,ChargePoint,298.47700000000003,12,49,110,1,1
2015-10-01,10282,ChargePoint,300.081,16,51,71,2,3
2015-09-01,10282,ChargePoint,610.955,35,99,133,1,2
2015-08-01,10282,ChargePoint,872.9349999999996,60,151,215,2,4
2015-07-01,10282,ChargePoint,398.5470000000001,34,90,186,3,5
2014-10-01,10282,ChargePoint,384.30899999999997,30,81,141,3,5
2014-09-01,10282,ChargePoint,212.99300000000002,10,33,40,3,4
2014-08-01,10282,ChargePoint,64.625,13,10,31,3,4
2014-07-01,10282,ChargePoint,392.227,23,60,70,3,4
2014-06-01,10282,ChargePoint,102.384,20,19,20,2,4
2014-05-01,10282,ChargePoint,123.24900000000001,11,20,32,1,2
2014-04-01,10282,ChargePoint,39.036,5,7,7,1,2
2013-06-01,10282,ChargePoint,18.07,5,6,6,2,3
2013-04-01,10282,ChargePoint,204.72499999999997,19,50,60,2,4
2019-08-01,10282,ChargePoint,556.757,21,92,104,1,2
2019-06-01,10282,ChargePoint,697.4259999999999,34,112,136,1,2
2018-10-01,10282,ChargePoint,401.83299999999997,18,66,95,2,4
2018-08-01,10282,ChargePoint,696.4870000000001,24,114,147,1,2
2017-08-01,10282,ChargePoint,947.6880000000002,56,157,186,2,3
2017-07-01,10282,ChargePoint,1100.746,65,184,224,2,4
2017-06-01,10282,ChargePoint,688.8499999999998,49,121,186,2,3
2017-05-01,10282,ChargePoint,1075.6329999999998,67,180,225,2,4
2017-04-01,10282,ChargePoint,299.366,27,55,80,2,4
2016-10-01,10282,ChargePoint,358.841,14,59,69,2,4
2016-09-01,10282,ChargePoint,434.271,29,92,120,2,4
2016-08-01,10282,ChargePoint,432.70000000000005,28,73,93,2,4
2019-10-01,10282,ChargePoint,688.6640000000001,40,116,138,1,2
2019-09-01,10282,ChargePoint,483.129,18,79,91,1,2
2019-07-01,10282,ChargePoint,681.5730000000001,21,111,120,1,2
2019-05-01,10282,ChargePoint,672.0569999999997,33,108,131,1,2
2019-04-01,10282,ChargePoint,416.253,20,68,82,1,2
2018-07-01,10282,ChargePoint,892.6210000000001,38,145,164,2,4
2018-06-01,10282,ChargePoint,530.9409999999999,23,85,103,1,2
2018-05-01,10282,ChargePoint,294.9599999999999,14,51,65,2,4
2018-04-01,10282,ChargePoint,511.84000000000003,21,84,103,2,4
2017-10-01,10282,ChargePoint,448.07099999999997,25,80,109,2,4
2017-09-01,10282,ChargePoint,611.915,33,106,133,2,4
2016-07-01,10282,ChargePoint,50.304,2,9,12,2,2
2015-06-01,10282,ChargePoint,394.26199999999994,48,78,158,3,5
2015-05-01,10282,ChargePoint,183.017,26,45,223,3,5
2015-04-01,10282,ChargePoint,162.78499999999997,29,43,163,3,5
2013-08-01,10282,ChargePoint,20.654,5,3,3,1,2
2013-07-01,10282,ChargePoint,69.106,1,10,10,1,1
2013-05-01,10282,ChargePoint,138.528,10,27,40,2,2
2013-10-01,10282,ChargePoint,52.043,5,8,28,2,2
2013-09-01,10282,ChargePoint,21.215,9,3,74,1,2
2014-08-01,10026,ChargePoint,48.699999999999996,7,16,62,2,2
2014-07-01,10026,ChargePoint,13.112,2,4,13,2,2
2014-06-01,10026,ChargePoint,1.718,1,1,7,1,1
2018-06-01,10027,ChargePoint,536.915,40,126,215,2,2
2018-05-01,10027,ChargePoint,568.4990000000001,35,132,207,2,2
2018-04-01,10027,ChargePoint,550.1129999999999,32,136,221,2,2
2017-10-01,10027,ChargePoint,576.076,34,146,251,2,2
2017-09-01,10027,ChargePoint,487.04299999999995,31,131,227,2,2
2017-07-01,10027,ChargePoint,303.55100000000004,23,85,152,2,2
2017-06-01,10027,ChargePoint,320.725,24,88,159,2,2
2017-05-01,10027,ChargePoint,369.882,30,104,170,2,2
2017-04-01,10027,ChargePoint,382.24800000000005,30,101,159,2,2
2016-10-01,10027,ChargePoint,407.201,35,128,245,2,2
2016-09-01,10027,ChargePoint,350.823,32,114,229,2,2
2015-09-01,10027,ChargePoint,226.01000000000005,23,68,143,2,2
2015-05-01,10027,ChargePoint,119.11299999999999,12,35,90,2,2
2014-07-01,10027,ChargePoint,126.04000000000002,19,43,133,2,2
2014-06-01,10027,ChargePoint,133.214,14,46,119,2,2
2017-08-01,10027,ChargePoint,469.80000000000007,34,130,228,2,2
2016-07-01,10027,ChargePoint,129.623,14,43,96,1,1
2016-04-01,10027,ChargePoint,184.11200000000002,19,57,133,2,2
2015-04-01,10027,ChargePoint,162.43399999999994,16,53,134,2,2
2016-09-01,10026,ChargePoint,116.674,15,36,79,2,2
2016-08-01,10026,ChargePoint,382.2399999999999,52,121,312,2,2
2016-07-01,10026,ChargePoint,398.8509999999998,52,125,337,2,2
2016-06-01,10026,ChargePoint,419.26599999999985,59,128,338,2,2
2016-05-01,10026,ChargePoint,299.57800000000003,36,89,212,2,2
2016-04-01,10026,ChargePoint,229.53000000000003,25,65,163,2,2
2015-09-01,10026,ChargePoint,206.42199999999997,28,70,227,2,2
2014-10-01,10026,ChargePoint,154.693,23,54,184,2,2
2014-09-01,10026,ChargePoint,135.009,20,45,152,2,2
2014-04-01,10026,ChargePoint,12.368,1,4,4,1,1
2015-06-01,10026,ChargePoint,148.65799999999996,21,50,172,2,2
2018-07-01,10026,ChargePoint,24.456,2,8,13,1,1
2015-10-01,10026,ChargePoint,171.34700000000004,25,59,213,2,2
2015-08-01,10026,ChargePoint,154.409,23,52,161,2,2
2015-07-01,10026,ChargePoint,150.91,22,53,177,2,2
2015-05-01,10026,ChargePoint,149.19400000000002,22,52,151,2,2
2015-04-01,10026,ChargePoint,110.425,16,40,124,2,2
2015-08-01,10027,ChargePoint,110.08300000000001,12,36,94,2,2
2015-07-01,10027,ChargePoint,171.22100000000003,18,57,151,2,2
2015-06-01,10027,ChargePoint,197.181,20,65,168,2,2
2014-05-01,10027,ChargePoint,194.338,20,67,163,2,2
2014-10-01,10027,ChargePoint,205.307,20,70,171,1,1
2014-09-01,10027,ChargePoint,209.39700000000005,21,73,182,1,1
2014-08-01,10027,ChargePoint,130.262,14,44,121,1,1
2014-04-01,10027,ChargePoint,219.464,20,74,169,1,1
2016-08-01,10027,ChargePoint,115.285,12,38,110,1,1
2016-06-01,10027,ChargePoint,179.05100000000002,19,59,134,1,1
2016-05-01,10027,ChargePoint,169.338,18,56,148,1,1
2015-10-01,10027,ChargePoint,164.503,19,54,132,2,2
2016-08-01,10012,ChargePoint,244.685,9,42,70,1,2
2016-06-01,10012,ChargePoint,389.07,12,66,96,1,1
2016-04-01,10012,ChargePoint,150.68200000000002,8,26,68,1,1
2018-09-01,10065,ChargePoint,6.59,2,2,6,1,1
2018-08-01,10065,ChargePoint,6.257,1,2,3,1,1
2018-04-01,10065,ChargePoint,35.439,5,8,8,1,1
2017-10-01,10065,ChargePoint,20.444000000000003,4,5,6,1,1
2017-08-01,10065,ChargePoint,42.395,6,10,12,1,1
2017-07-01,10065,ChargePoint,17.592,3,4,4,1,1
2017-06-01,10065,ChargePoint,40.304,7,11,15,1,2
2017-05-01,10065,ChargePoint,44.061,8,12,17,1,1
2017-04-01,10065,ChargePoint,85.77,7,16,26,1,2
2016-10-01,10152,ChargePoint,150.106,5,25,31,1,1
2016-09-01,10065,ChargePoint,7.557,1,2,2,1,1
2016-08-01,10065,ChargePoint,20.583000000000002,3,5,9,1,1
2016-07-01,10152,ChargePoint,174.958,5,30,40,1,1
2016-06-01,10152,ChargePoint,126.46600000000001,3,21,32,1,1
2016-05-01,10152,ChargePoint,39.037,1,7,9,1,1
2016-04-01,10152,ChargePoint,38.181,1,7,9,1,1
2016-03-01,10152,ChargePoint,40.005,1,7,8,1,1
2016-03-01,10065,ChargePoint,8.928,1,2,2,1,1
2015-09-01,10152,ChargePoint,204.06,6,34,41,1,1
2015-08-01,10152,ChargePoint,220.864,5,37,46,1,1
2015-07-01,10152,ChargePoint,176.51600000000002,6,30,32,1,1
2015-06-01,10152,ChargePoint,236.233,7,40,49,1,1
2015-05-01,10152,ChargePoint,321.21799999999996,10,55,68,1,1
2015-03-01,10152,ChargePoint,218.16799999999998,8,38,41,1,1
2020-10-01,10280,ChargePoint,42.01,4,13,40,1,1
2019-07-01,10280,ChargePoint,11.037,1,3,4,1,1
2018-10-01,10280,ChargePoint,103.718,4,19,41,1,2
2018-05-01,10280,ChargePoint,67.213,3,11,27,1,2
2018-04-01,10280,ChargePoint,20.864,2,4,4,1,1
2017-09-01,10280,ChargePoint,17.624,2,3,6,1,1
2017-08-01,10280,ChargePoint,105.155,3,19,37,1,1
2017-05-01,10280,ChargePoint,21.603,1,3,5,1,1
2016-09-01,10280,ChargePoint,20.787,1,7,13,1,1
2016-06-01,10280,ChargePoint,96.04400000000001,2,18,20,1,1
2015-07-01,10280,ChargePoint,46.753,4,15,22,1,1
2020-09-01,12449,ChargePoint,24.106,2,3,3,1,1
2020-08-01,12449,ChargePoint,1.12,6,0,0,2,2
2020-07-01,12203,ChargePoint,5874.581000000003,586,1308,2280,10,18
2020-06-01,12203,ChargePoint,5135.207999999996,513,1135,1825,11,19
2020-06-01,11238,ChargePoint,10.112,4,2,2,1,2
2019-09-01,12449,ChargePoint,62.171,3,10,10,1,1
2019-08-01,12449,ChargePoint,84.859,6,13,13,1,2
2019-07-01,12449,ChargePoint,82.928,4,12,13,1,2
2019-04-01,14221,ChargePoint,755.312,134,189,234,2,4
2018-09-01,14221,ChargePoint,662.5970000000002,112,171,221,2,4
2017-10-01,14221,ChargePoint,11.964,1,2,2,1,1
2017-08-01,14221,ChargePoint,5.146,4,1,1,1,2
2017-05-01,14221,ChargePoint,3.913,2,2,3,1,1
2017-03-01,14221,ChargePoint,17.164,4,6,9,1,1
2016-07-01,14221,ChargePoint,12.329,2,4,4,1,1
2015-10-01,14221,ChargePoint,12.624,4,4,4,1,2
2015-07-01,14221,ChargePoint,12.161,5,4,7,1,2
2017-10-01,11367,ChargePoint,595.0200000000001,93,148,208,3,6
2017-09-01,11367,ChargePoint,346.92099999999994,76,99,173,3,6
2016-08-01,10577,ChargePoint,691.7610000000001,63,190,518,7,10
2019-07-01,10927,ChargePoint,26.872,3,4,7,1,1
2018-04-01,10927,ChargePoint,60.034000000000006,4,10,10,1,1
2017-08-01,10927,ChargePoint,51.028999999999996,8,8,9,1,2
2017-07-01,10927,ChargePoint,8.546000000000001,3,2,2,1,1
2017-04-01,10927,ChargePoint,59.992000000000004,9,15,17,1,1
2016-08-01,10927,ChargePoint,84.274,8,14,14,1,1
2015-04-01,10927,ChargePoint,20.728,3,5,5,1,1
2017-08-01,12401,ChargePoint,1386.2829999999992,187,385,2036,7,12
2014-08-01,13090,ChargePoint,13.863,2,5,6,1,1
2014-07-01,11788,ChargePoint,225.777,24,68,107,1,1
2014-07-01,11952,ChargePoint,73.78,33,15,68,1,2
2014-06-01,11952,ChargePoint,30.089999999999996,23,6,14,1,2
2014-05-01,14456,ChargePoint,55.931999999999995,9,17,31,1,1
2013-08-01,12496,ChargePoint,6.779,1,2,4,1,1
2013-06-01,12496,ChargePoint,1.987,9,0,0,1,2
2015-06-01,12095,ChargePoint,2.115,1,1,1,1,1
2015-06-01,14304,ChargePoint,35.519,5,6,6,1,1
2015-06-01,11747,ChargePoint,50.559,6,14,24,2,3
2015-05-01,11743,ChargePoint,19.676000000000002,2,7,8,1,1
2015-05-01,14221,ChargePoint,15.365,5,4,5,1,1
2015-05-01,12504,ChargePoint,37.36,5,8,10,1,2
2015-05-01,14063,ChargePoint,41.425,3,6,6,1,2
2015-05-01,11971,ChargePoint,6.092,2,2,6,1,1
2015-05-01,13027,ChargePoint,104.59300000000002,11,32,46,1,1
2015-05-01,11747,ChargePoint,28.438,4,7,15,2,2
2015-05-01,13601,ChargePoint,12.38,1,4,5,1,1
2015-04-01,13408,ChargePoint,14.51,2,4,4,1,1
2015-04-01,13820,ChargePoint,9.316,3,3,3,1,1
2015-04-01,11971,ChargePoint,10.779,1,2,3,1,1
2015-04-01,11747,ChargePoint,23.947,3,6,10,1,2
2015-03-01,12903,ChargePoint,61.035,6,18,20,1,2
2015-03-01,14127,ChargePoint,23.889000000000003,5,8,16,1,1
2014-10-01,10577,ChargePoint,834.5300000000001,87,225,594,6,9
2014-10-01,12504,ChargePoint,109.87700000000002,26,32,42,1,2
2014-10-01,13408,ChargePoint,2.745,1,1,2,1,1
2014-09-01,14304,ChargePoint,35.46,5,6,6,1,1
2014-09-01,12303,ChargePoint,80.57800000000002,16,34,71,1,2
2014-09-01,13408,ChargePoint,37.742,6,11,14,1,1
2014-09-01,11952,ChargePoint,104.65799999999999,23,24,71,1,1
2014-09-01,14221,ChargePoint,0.745,1,0,0,1,1
2014-09-01,12496,ChargePoint,177.836,6,29,45,1,2
2014-08-01,12504,ChargePoint,24.314,2,5,5,1,1
2014-05-01,14063,ChargePoint,7.358,1,1,1,1,1
2013-10-01,10927,ChargePoint,13.788,2,3,3,1,1
2013-04-01,12504,ChargePoint,27.442999999999998,5,4,5,1,2
2013-04-01,14850,ChargePoint,4.814,5,3,4,1,2
2015-05-01,10280,ChargePoint,42.33,3,15,26,1,1
2014-08-01,10152,ChargePoint,407.94899999999996,14,71,111,1,1
2014-10-01,10152,ChargePoint,442.204,10,76,96,1,1
2014-09-01,10152,ChargePoint,307.094,10,53,72,1,2
2014-09-01,10065,ChargePoint,46.402,2,8,8,1,1
2014-07-01,10010,ChargePoint,344.0449999999999,17,52,143,1,1
2014-07-01,10065,ChargePoint,67.01599999999999,3,11,19,1,1
2014-06-01,10010,ChargePoint,443.816,22,67,149,1,2
2014-05-01,10010,ChargePoint,492.479,33,74,154,1,2
2014-04-01,10010,ChargePoint,380.46399999999994,21,57,104,1,2
2013-10-01,10152,ChargePoint,280.26,10,47,65,1,1
2013-10-01,10065,ChargePoint,12.535,2,2,2,1,1
2013-09-01,10152,ChargePoint,323.83399999999995,12,55,64,1,1
2013-08-01,10280,ChargePoint,7.452,3,1,1,1,2
2013-08-01,10152,ChargePoint,197.77499999999998,9,33,35,1,1
2013-08-01,10065,ChargePoint,12.601,1,3,4,1,1
2013-07-01,10152,ChargePoint,412.525,11,70,85,1,1
2013-06-01,10152,ChargePoint,323.808,9,55,68,1,1
2013-07-01,10012,ChargePoint,17.72,2,3,8,1,2
2013-05-01,10152,ChargePoint,237.119,6,41,44,1,1
2013-05-01,10065,ChargePoint,5.39,4,1,1,1,1
2015-06-01,12110,ChargePoint,276.64300000000003,37,84,164,2,4
2015-05-01,12110,ChargePoint,190.42599999999996,26,64,119,1,1
2015-04-01,12110,ChargePoint,196.96600000000004,30,66,127,2,3
2014-08-01,12110,ChargePoint,175.038,24,58,84,2,3
2014-08-01,12158,ChargePoint,3.525,1,1,1,1,1
2014-04-01,11797,ChargePoint,110.954,20,36,88,1,1
2015-06-01,11530,ChargePoint,15.696000000000002,3,5,7,1,2
2014-08-01,11556,ChargePoint,0.069,1,0,0,1,1
2020-10-01,14210,ChargePoint,136.56,6,22,22,1,1
2020-06-01,14210,ChargePoint,47.612,8,14,26,3,3
2020-05-01,12946,ChargePoint,62.855999999999995,6,9,10,2,3
2020-04-01,12084,ChargePoint,436.122,53,112,204,3,5
2020-04-01,13088,ChargePoint,1395.268000000001,182,289,423,8,10
2019-10-01,12084,ChargePoint,1488.3820000000007,189,332,439,3,4
2019-07-01,12084,ChargePoint,1091.8590000000002,146,250,334,2,4
2019-06-01,14210,ChargePoint,58.842,10,15,24,4,4
2019-05-01,12084,ChargePoint,1053.996,144,229,268,3,4
2020-09-01,13202,ChargePoint,67.99600000000001,16,14,17,4,6
2020-04-01,12561,ChargePoint,629.631,73,140,184,9,11
2020-04-01,11530,ChargePoint,47.41,6,8,8,2,2
2020-08-01,12065,ChargePoint,4415.189000000001,703,943,1206,24,38
2020-07-01,12065,ChargePoint,4724.911000000003,693,969,1478,23,41
2020-05-01,12866,ChargePoint,1855.6239999999998,397,455,796,17,28
2020-09-01,14063,ChargePoint,5.844,12,1,3,1,2
2020-08-01,14063,ChargePoint,6.592,4,1,1,1,2
2020-07-01,12812,ChargePoint,52.329,4,9,14,1,1
2020-06-01,12812,ChargePoint,102.31800000000001,3,18,24,1,1
2020-04-01,12812,ChargePoint,2.234,1,0,0,1,1
2019-10-01,13820,ChargePoint,155.313,25,51,54,1,2
2019-10-01,12812,ChargePoint,35.862,4,6,7,1,1
2019-10-01,14063,ChargePoint,0.0,8,0,0,1,2
2019-09-01,13820,ChargePoint,135.87400000000002,29,48,64,1,2
2019-09-01,12812,ChargePoint,52.565,7,14,16,1,1
2019-09-01,14063,ChargePoint,0.0,12,0,0,1,2
2019-08-01,12812,ChargePoint,278.5229999999999,30,56,94,1,1
2019-08-01,13820,ChargePoint,114.063,24,34,46,1,2
2019-08-01,14063,ChargePoint,0.0,11,0,0,1,2
2019-07-01,12812,ChargePoint,164.268,23,34,51,1,1
2019-07-01,14063,ChargePoint,0.0,4,0,0,1,2
2019-07-01,13820,ChargePoint,77.91,14,22,25,1,2
2019-06-01,12812,ChargePoint,22.637999999999998,9,6,10,1,1
2019-05-01,12812,ChargePoint,89.53,5,16,16,1,1
2019-04-01,14063,ChargePoint,401.54200000000003,49,59,78,1,2
2018-10-01,12812,ChargePoint,125.169,12,24,26,1,1
2018-09-01,12812,ChargePoint,40.286,5,7,8,1,1
2018-09-01,12496,ChargePoint,38.32,4,6,6,1,2
2018-08-01,12812,ChargePoint,139.448,16,25,31,1,1
2018-08-01,12504,ChargePoint,4.504,1,3,3,1,1
2018-08-01,12110,ChargePoint,477.286,39,91,160,2,3
2018-07-01,12812,ChargePoint,265.22200000000004,25,54,55,1,1
2018-06-01,12496,ChargePoint,147.06900000000002,4,23,31,1,1
2018-06-01,12504,ChargePoint,24.731999999999996,4,5,6,1,1
2018-05-01,12812,ChargePoint,20.085,4,4,5,1,1
2017-10-01,12496,ChargePoint,12.042,2,4,8,1,1
2017-10-01,12812,ChargePoint,50.235,4,9,11,1,1
2017-09-01,12812,ChargePoint,118.54700000000001,8,23,34,1,1
2017-08-01,14063,ChargePoint,18.491,2,3,3,1,1
2017-08-01,12812,ChargePoint,175.821,15,34,41,1,1
2017-07-01,12812,ChargePoint,22.628000000000004,4,4,6,1,1
2017-06-01,14063,ChargePoint,9.625,2,3,3,1,1
2017-06-01,12812,ChargePoint,30.624000000000002,5,7,7,1,1
2017-05-01,14063,ChargePoint,46.637,7,10,23,1,2
2017-04-01,14063,ChargePoint,5.729,2,2,2,1,2
2016-10-01,13820,ChargePoint,46.806,4,11,13,1,2
2016-10-01,12504,ChargePoint,28.315,2,6,6,1,1
2016-09-01,12812,ChargePoint,42.686,5,10,12,1,1
2016-08-01,12812,ChargePoint,57.287000000000006,6,12,16,1,1
2016-08-01,13820,ChargePoint,91.771,11,28,35,1,2
2016-07-01,12812,ChargePoint,48.906,7,11,15,1,1
2016-06-01,12812,ChargePoint,55.205999999999996,4,12,12,1,1
2016-05-01,14063,ChargePoint,21.038,2,4,4,1,2
2016-04-01,12496,ChargePoint,55.883,1,9,13,1,1
2016-04-01,12504,ChargePoint,39.572,4,10,12,1,1
2015-10-01,11798,ChargePoint,55.673,2,9,9,2,2
2015-10-01,14063,ChargePoint,3.244,1,1,1,1,1
2015-09-01,12504,ChargePoint,2.742,5,1,1,1,2
2015-08-01,11798,ChargePoint,28.193999999999996,3,4,4,1,1
2015-08-01,12504,ChargePoint,78.097,10,24,33,1,2
2015-07-01,12504,ChargePoint,7.646000000000001,2,1,1,1,1
2018-07-01,14127,ChargePoint,42.744,8,10,10,1,1
2018-06-01,14127,ChargePoint,37.03,8,10,11,1,1
2018-04-01,14127,ChargePoint,34.029,6,11,14,1,2
2019-09-01,12901,ChargePoint,386.36999999999995,78,113,260,3,4
2019-08-01,12901,ChargePoint,499.94599999999997,119,144,319,3,5
2019-07-01,12901,ChargePoint,507.12899999999996,97,129,306,3,4
2019-06-01,12901,ChargePoint,530.6039999999998,98,158,301,3,5
2019-04-01,12901,ChargePoint,612.2090000000003,84,156,355,3,5
2018-03-01,12901,ChargePoint,57.726,10,23,37,2,3
2016-09-01,12901,ChargePoint,47.888000000000005,8,11,20,2,3
2016-08-01,12901,ChargePoint,23.938,4,7,11,2,2
2016-09-01,10577,ChargePoint,633.115,59,174,436,5,7
2018-04-01,12110,ChargePoint,17.769000000000002,5,6,8,2,2
2016-09-01,12110,ChargePoint,457.67800000000005,50,129,218,2,3
2016-08-01,12110,ChargePoint,483.022,45,131,193,2,3
2016-07-01,12110,ChargePoint,494.50499999999994,42,128,212,2,3
2016-06-01,12110,ChargePoint,526.3259999999999,44,142,231,2,3
2016-05-01,12110,ChargePoint,385.31899999999996,44,115,236,2,3
2016-04-01,12110,ChargePoint,399.714,42,119,194,2,3
2015-10-01,12110,ChargePoint,366.55599999999987,40,110,206,2,4
2015-07-01,12110,ChargePoint,473.1430000000001,57,145,271,2,3
2020-09-01,11201,ChargePoint,80.014,6,21,30,1,1
2020-03-01,11201,ChargePoint,40.068,4,13,18,1,1
2019-10-01,11201,ChargePoint,57.227999999999994,6,10,14,1,2
2019-07-01,11201,ChargePoint,37.747,5,7,8,1,2
2019-06-01,11201,ChargePoint,4.941,5,1,6,1,2
2019-05-01,11201,ChargePoint,14.074000000000002,2,4,20,1,1
2019-04-01,11201,ChargePoint,13.821,2,4,6,1,1
2016-08-01,11201,ChargePoint,301.332,7,49,87,1,2
2016-07-01,11201,ChargePoint,120.59899999999999,6,21,21,1,1
2018-09-01,10282,ChargePoint,431.9240000000001,11,71,81,1,1
2020-10-01,10282,ChargePoint,153.38400000000001,8,26,60,1,1
2020-09-01,10282,ChargePoint,175.541,14,29,44,1,2
2020-07-01,10282,ChargePoint,300.995,21,51,83,1,2
2020-06-01,10282,ChargePoint,177.49900000000002,10,29,47,1,1
2020-05-01,10282,ChargePoint,191.406,8,32,38,1,1
2020-04-01,10282,ChargePoint,323.309,14,53,66,1,1
2016-08-01,12401,ChargePoint,771.389,119,239,1468,6,11
2012-10-01,10577,ChargePoint,412.3229999999999,49,128,320,2,3
2012-09-01,10577,ChargePoint,401.76300000000003,50,122,314,4,6
2012-08-01,10577,ChargePoint,327.26400000000007,30,96,210,4,5
2012-07-01,10577,ChargePoint,152.84499999999997,24,43,129,3,5
2012-06-01,10577,ChargePoint,151.39300000000006,22,44,126,3,4
2012-05-01,10577,ChargePoint,80.47200000000001,18,24,96,3,5
2012-04-01,10577,ChargePoint,37.657000000000004,5,11,40,1,1
2014-07-01,14304,ChargePoint,19.049,5,4,4,1,2
2014-06-01,11530,ChargePoint,0.995,1,0,0,1,1
2014-04-01,11530,ChargePoint,8.088,2,3,5,2,2
2014-04-01,12095,ChargePoint,37.894,3,13,42,1,1
2020-10-01,12084,ChargePoint,640.4489999999997,86,206,230,2,4
2017-07-01,12496,ChargePoint,6.547,1,2,4,1,1
2017-03-01,12812,ChargePoint,9.133,2,2,3,1,1
2016-06-01,12496,ChargePoint,9.576,2,2,2,1,1
2015-06-01,12504,ChargePoint,13.049999999999999,2,3,3,1,1
2015-03-01,10927,ChargePoint,0.0,1,0,0,1,1
2014-10-01,12095,ChargePoint,96.087,4,16,16,1,1
2014-09-01,12095,ChargePoint,34.505,1,6,6,1,1
2014-09-01,11030,ChargePoint,0.04,1,0,0,1,1
2013-06-01,12504,ChargePoint,8.442,2,1,1,1,2
2019-04-01,10927,ChargePoint,36.242,3,5,6,1,1
2020-07-01,11201,ChargePoint,110.49000000000001,12,31,53,1,1
2020-05-01,11201,ChargePoint,28.734,2,9,22,1,1
2019-03-01,10280,ChargePoint,0.0,1,0,0,1,1
2016-10-01,10280,ChargePoint,11.757,1,2,12,1,1
2015-06-01,10065,ChargePoint,33.095,1,5,5,1,1
2014-04-01,10577,ChargePoint,754.801,65,205,545,4,5
2013-08-01,10577,ChargePoint,418.633,37,127,307,3,3
2013-06-01,10577,ChargePoint,351.5590000000001,35,105,271,4,4
2013-05-01,10577,ChargePoint,396.61300000000006,41,119,328,2,2
2013-04-01,10577,ChargePoint,384.849,43,115,313,2,3
2013-10-01,10577,ChargePoint,350.44800000000004,34,106,293,2,3
2013-09-01,10577,ChargePoint,379.08499999999987,38,117,336,2,2
2013-07-01,10577,ChargePoint,348.8660000000001,34,109,300,2,2
2017-06-01,11362,ChargePoint,202.69199999999998,25,50,157,1,2
2017-05-01,11362,ChargePoint,217.96400000000003,27,53,175,1,2
2017-04-01,11362,ChargePoint,132.45200000000003,15,33,100,1,2
2016-10-01,11362,ChargePoint,154.164,39,38,109,2,3
2016-09-01,11362,ChargePoint,186.389,24,45,147,1,1
2016-08-01,11362,ChargePoint,260.98799999999994,55,61,190,2,3
2016-07-01,11362,ChargePoint,244.97599999999994,25,56,167,1,2
2016-06-01,11362,ChargePoint,185.98600000000002,18,43,123,1,2
2016-05-01,11362,ChargePoint,5.199,2,1,1,1,1
2015-10-01,11362,ChargePoint,13.018,1,3,11,1,1
2015-09-01,11362,ChargePoint,10.705,1,2,5,1,1
2015-07-01,11362,ChargePoint,9.702,1,2,4,1,1
2018-08-01,13601,ChargePoint,25.980999999999998,3,5,6,1,2
2018-07-01,13041,ChargePoint,3.29,1,1,1,1,1
2017-10-01,11362,ChargePoint,5.173,1,1,1,1,1
2017-09-01,13601,ChargePoint,37.324,1,6,7,1,1
2017-09-01,14304,ChargePoint,63.428,8,11,11,1,2
2017-08-01,13041,ChargePoint,0.91,1,0,0,1,1
2017-07-01,13601,ChargePoint,14.774,2,6,14,1,2
2017-05-01,13041,ChargePoint,4.104,1,1,1,1,1
2017-05-01,13601,ChargePoint,70.103,9,20,26,1,2
2017-04-01,13601,ChargePoint,10.139000000000001,3,4,4,1,1
2017-04-01,13041,ChargePoint,3.396,1,1,1,1,1
2017-04-01,14304,ChargePoint,38.059000000000005,6,7,7,1,2
2016-10-01,14304,ChargePoint,49.383,8,11,11,1,2
2016-09-01,14304,ChargePoint,60.685,11,12,12,1,2
2016-09-01,13090,ChargePoint,33.345,3,7,7,1,1
2016-08-01,14304,ChargePoint,36.124,5,9,9,1,2
2016-07-01,14304,ChargePoint,37.33,7,9,9,1,2
2016-07-01,13090,ChargePoint,39.096999999999994,2,7,7,1,2
2016-06-01,13090,ChargePoint,39.117999999999995,2,7,7,1,2
2016-06-01,14304,ChargePoint,29.147,5,8,8,1,2
2016-05-01,14304,ChargePoint,18.163999999999998,5,5,5,1,2
2015-09-01,14304,ChargePoint,53.455,8,9,9,1,2
2018-09-01,14304,ChargePoint,504.00899999999996,75,100,113,2,3
2018-08-01,14304,ChargePoint,547.1279999999999,79,105,117,2,3
2018-08-01,14456,ChargePoint,660.3880000000003,54,136,156,2,3
2018-07-01,14304,ChargePoint,421.11199999999985,48,84,93,2,3
2018-06-01,13601,ChargePoint,17.704,4,6,6,1,1
2018-06-01,14304,ChargePoint,147.27999999999997,18,27,30,1,2
2018-05-01,13601,ChargePoint,12.950000000000001,4,4,5,1,1
2018-05-01,14304,ChargePoint,106.184,16,18,18,1,2
2018-04-01,14304,ChargePoint,140.689,15,24,24,1,2
2018-04-01,14456,ChargePoint,893.3409999999998,71,187,268,2,3
2018-04-01,13601,ChargePoint,4.083,1,1,1,1,1
2017-10-01,13601,ChargePoint,38.781,11,13,14,1,1
2017-10-01,14304,ChargePoint,115.80899999999998,17,21,21,1,2
2017-08-01,13601,ChargePoint,25.845,1,4,5,1,1
2017-08-01,14304,ChargePoint,88.87400000000001,12,15,15,1,2
2017-06-01,14304,ChargePoint,70.92699999999999,9,13,13,1,2
2017-06-01,13601,ChargePoint,20.648,4,7,10,1,1
2017-05-01,14304,ChargePoint,46.12,6,8,8,1,2
2016-10-01,13601,ChargePoint,26.407,1,5,8,1,1
2016-05-01,13090,ChargePoint,44.82899999999999,3,8,8,1,1
2016-04-01,13090,ChargePoint,40.885999999999996,3,10,14,1,1
2016-04-01,11102,ChargePoint,7.131,1,1,1,1,1
2020-10-01,13408,ChargePoint,4.826,2,2,2,1,1
2019-09-01,13408,ChargePoint,9.43,1,3,3,1,1
2019-08-01,13408,ChargePoint,31.893,7,8,8,1,2
2019-07-01,13408,ChargePoint,3.13,1,1,1,1,1
2019-06-01,13408,ChargePoint,61.311,11,17,23,1,2
2019-05-01,13408,ChargePoint,15.733,5,5,5,1,2
2019-04-01,13408,ChargePoint,37.264,6,9,10,1,2
2018-10-01,13408,ChargePoint,69.84300000000002,12,25,38,1,2
2018-09-01,13408,ChargePoint,112.705,19,43,56,1,2
2018-08-01,13408,ChargePoint,135.29,24,50,59,1,2
2018-07-01,13408,ChargePoint,38.544000000000004,5,14,16,1,1
2018-06-01,13408,ChargePoint,24.192,2,6,7,1,1
2017-10-01,13408,ChargePoint,103.562,10,24,31,1,1
2017-09-01,13408,ChargePoint,59.68899999999999,5,15,22,1,2
2017-08-01,13408,ChargePoint,13.477,3,3,8,1,2
2016-10-01,13408,ChargePoint,3.368,1,1,1,1,1
2016-04-01,13408,ChargePoint,12.795,1,2,2,1,1
2015-09-01,13408,ChargePoint,19.702,1,4,4,1,1
2020-10-01,12095,ChargePoint,155.93999999999997,26,52,160,2,3
2020-09-01,12095,ChargePoint,90.16000000000001,8,23,82,1,1
2020-07-01,12095,ChargePoint,42.80799999999999,10,9,9,1,1
2020-06-01,12095,ChargePoint,165.70600000000002,10,36,77,1,1
2020-05-01,12095,ChargePoint,79.96000000000001,12,16,23,1,2
2020-04-01,12095,ChargePoint,95.33800000000001,14,20,34,1,1
2019-10-01,12095,ChargePoint,109.264,10,27,44,1,2
2019-09-01,12095,ChargePoint,158.93900000000005,13,32,43,1,2
2019-08-01,12095,ChargePoint,188.74999999999997,20,45,66,1,2
2019-07-01,12095,ChargePoint,118.18599999999999,15,27,48,1,2
2019-06-01,12095,ChargePoint,71.389,3,12,12,1,2
2019-05-01,12095,ChargePoint,149.764,5,27,53,1,2
2019-04-01,12095,ChargePoint,142.69299999999998,5,32,57,1,2
2018-10-01,12095,ChargePoint,104.44299999999998,13,27,65,1,2
2018-09-01,12095,ChargePoint,34.178,2,8,19,1,2
2018-08-01,12095,ChargePoint,211.103,12,38,68,1,2
2018-07-01,12095,ChargePoint,115.05399999999997,18,26,88,1,2
2018-06-01,12095,ChargePoint,135.478,11,32,75,1,2
2018-05-01,12095,ChargePoint,82.47999999999999,11,20,68,1,2
2018-04-01,12095,ChargePoint,93.855,7,20,32,1,1
2017-10-01,12095,ChargePoint,118.15300000000002,7,21,30,1,2
2017-09-01,12095,ChargePoint,82.11999999999999,6,17,25,1,1
2017-08-01,12095,ChargePoint,78.74099999999999,12,19,52,1,1
2017-07-01,12095,ChargePoint,209.924,9,39,62,1,2
2017-03-01,12095,ChargePoint,0.021,1,0,0,1,1
2016-07-01,12095,ChargePoint,13.553,2,3,3,1,1
2016-05-01,12095,ChargePoint,16.831,2,6,42,1,1
2016-04-01,12095,ChargePoint,3.806,2,1,1,1,1
2015-09-01,12095,ChargePoint,7.435,1,3,4,1,1
2015-07-01,12095,ChargePoint,9.194,2,3,7,1,1
2018-08-01,10926,ChargePoint,4.879,2,1,1,1,1
2018-07-01,10926,ChargePoint,61.26200000000001,15,15,21,1,2
2018-06-01,10926,ChargePoint,107.81299999999999,20,25,31,1,2
2018-05-01,10926,ChargePoint,121.169,18,36,36,1,2
2018-04-01,10926,ChargePoint,95.39000000000001,14,30,31,1,2
2017-10-01,10926,ChargePoint,27.909999999999997,11,7,7,1,2
2017-09-01,10926,ChargePoint,15.055,3,3,3,1,2
2017-08-01,10926,ChargePoint,87.587,12,19,22,1,2
2017-07-01,10926,ChargePoint,68.27999999999999,9,17,17,1,2
2017-06-01,10926,ChargePoint,48.692,7,12,14,1,2
2017-05-01,10926,ChargePoint,36.034,14,11,11,1,2
2017-04-01,10926,ChargePoint,27.08,8,8,8,1,2
2016-10-01,10926,ChargePoint,3.479,1,1,1,1,1
2016-09-01,10926,ChargePoint,35.72899999999999,7,7,7,1,2
2016-08-01,10926,ChargePoint,103.52399999999997,22,23,23,1,2
2016-07-01,10926,ChargePoint,101.73599999999999,21,22,22,1,2
2016-06-01,10926,ChargePoint,128.115,23,28,28,1,2
2016-04-01,10926,ChargePoint,79.313,16,15,15,1,2
2015-10-01,10926,ChargePoint,307.32599999999996,45,53,53,1,1
2015-09-01,10926,ChargePoint,282.664,44,50,51,1,1
2015-08-01,10926,ChargePoint,269.824,32,48,48,1,2
2015-07-01,10926,ChargePoint,14.200000000000001,3,3,6,1,1
2018-09-01,12903,ChargePoint,302.16999999999996,29,66,84,1,2
2018-08-01,12903,ChargePoint,234.21400000000008,39,54,79,1,2
2018-07-01,12903,ChargePoint,320.903,26,65,92,1,2
2018-06-01,12903,ChargePoint,318.571,31,62,87,1,2
2018-05-01,12903,ChargePoint,93.559,17,23,33,1,2
2018-04-01,12903,ChargePoint,108.41799999999998,14,27,35,1,2
2017-10-01,12903,ChargePoint,116.54499999999999,17,34,39,1,2
2017-09-01,12903,ChargePoint,112.77500000000002,17,26,46,1,2
2017-08-01,12903,ChargePoint,14.642,3,4,4,1,2
2017-07-01,12903,ChargePoint,36.760000000000005,9,9,12,1,2
2017-06-01,12903,ChargePoint,56.717,11,13,15,1,2
2017-05-01,12903,ChargePoint,83.428,14,29,39,1,2
2017-04-01,12903,ChargePoint,133.131,25,52,71,1,2
2016-10-01,12903,ChargePoint,225.319,31,76,78,1,2
2016-09-01,12903,ChargePoint,204.66999999999993,31,76,85,1,2
2016-08-01,12903,ChargePoint,167.01500000000001,26,60,69,1,2
2016-07-01,12903,ChargePoint,174.52900000000002,25,61,86,1,2
2016-06-01,12903,ChargePoint,139.141,23,53,99,1,2
2016-05-01,12903,ChargePoint,211.36399999999998,27,70,128,1,2
2016-04-01,12903,ChargePoint,209.22500000000002,25,74,111,1,2
2016-03-01,12903,ChargePoint,45.685,4,13,41,1,1
2015-10-01,12903,ChargePoint,31.735999999999997,7,10,14,1,2
2015-09-01,12903,ChargePoint,103.793,12,31,42,1,2
2015-07-01,12903,ChargePoint,58.04,6,12,90,1,2
2017-10-01,12901,ChargePoint,73.698,13,19,20,1,2
2017-09-01,12901,ChargePoint,46.716,5,12,12,1,2
2017-08-01,12901,ChargePoint,28.059,4,6,6,1,2
2017-07-01,12901,ChargePoint,19.315,3,4,4,1,2
2017-06-01,12901,ChargePoint,14.049999999999999,4,4,4,1,2
2017-05-01,12901,ChargePoint,175.95499999999996,17,35,36,1,2
2017-04-01,12901,ChargePoint,201.414,19,43,44,1,2
2016-07-01,12901,ChargePoint,18.61,6,4,4,1,2
2016-05-01,12901,ChargePoint,16.389,3,3,3,1,2
2016-04-01,12901,ChargePoint,33.748999999999995,12,11,12,1,2
2015-10-01,12901,ChargePoint,49.216,10,13,14,1,2
2015-09-01,12901,ChargePoint,25.792000000000005,12,8,8,1,2
2015-08-01,12901,ChargePoint,38.978,4,9,13,1,2
2015-07-01,12901,ChargePoint,56.852999999999994,11,13,15,1,2
2020-08-01,12078,ChargePoint,897.276,22,157,207,1,2
2020-07-01,12078,ChargePoint,742.738,26,125,154,1,2
2020-05-01,12078,ChargePoint,993.816,22,169,215,1,2
2020-04-01,12078,ChargePoint,852.5380000000001,18,143,176,1,2
2019-09-01,12078,ChargePoint,212.54399999999995,26,62,171,1,2
2019-08-01,12078,ChargePoint,154.449,19,50,130,1,2
2019-07-01,12078,ChargePoint,223.176,19,57,138,1,2
2019-06-01,12078,ChargePoint,255.059,12,52,106,1,2
2019-05-01,12078,ChargePoint,221.89400000000003,21,63,156,1,2
2019-04-01,12078,ChargePoint,208.251,13,46,58,1,2
2018-10-01,12078,ChargePoint,320.525,33,96,112,1,2
2018-09-01,12078,ChargePoint,191.306,21,59,71,1,2
2018-08-01,12078,ChargePoint,283.561,43,92,119,1,2
2018-07-01,12078,ChargePoint,169.533,23,53,69,1,2
2018-06-01,12078,ChargePoint,83.388,12,26,43,1,2
2018-05-01,12078,ChargePoint,109.00399999999999,20,37,65,1,2
2018-04-01,12078,ChargePoint,62.10699999999999,11,21,37,1,2
2017-07-01,12078,ChargePoint,5.939,1,1,1,1,1
2017-06-01,12078,ChargePoint,16.686,1,3,3,1,1
2017-04-01,12078,ChargePoint,2.063,1,1,1,1,1
2016-03-01,12078,ChargePoint,3.248,1,1,1,1,1
2020-10-01,12078,ChargePoint,551.704,10,92,95,1,1
2020-09-01,12078,ChargePoint,912.752,16,153,194,1,1
2020-06-01,12078,ChargePoint,1024.488,20,174,219,1,2
2019-10-01,12078,ChargePoint,264.544,27,77,167,1,1
2019-03-01,12078,ChargePoint,133.778,5,26,45,1,1
2017-10-01,12078,ChargePoint,40.859,7,14,26,1,1
2018-10-01,12180,ChargePoint,1371.6489999999994,116,254,938,3,6
2018-05-01,13676,ChargePoint,251.413,40,64,81,2,4
2018-04-01,13676,ChargePoint,377.77900000000005,41,92,135,2,4
2017-10-01,13676,ChargePoint,87.47099999999999,9,18,20,1,2
2017-09-01,13676,ChargePoint,8.907,4,4,4,1,1
2017-08-01,13676,ChargePoint,62.05800000000001,13,20,24,1,2
2017-07-01,13676,ChargePoint,3.103,2,1,1,1,1
2017-06-01,13676,ChargePoint,58.002,6,14,14,1,2
2017-05-01,13676,ChargePoint,33.263999999999996,6,11,11,1,1
2017-04-01,13676,ChargePoint,15.014999999999999,10,6,6,1,1
2016-10-01,13676,ChargePoint,40.032,10,18,22,1,2
2020-09-01,13676,ChargePoint,1009.8600000000005,158,271,1446,2,3
2020-08-01,13676,ChargePoint,1103.0099999999998,94,269,572,2,4
2020-07-01,13676,ChargePoint,1103.6659999999997,80,237,353,2,4
2020-06-01,13676,ChargePoint,700.852,58,172,353,2,3
2020-05-01,13676,ChargePoint,597.5980000000001,62,154,256,2,3
2020-04-01,13676,ChargePoint,356.844,38,90,140,2,3
2019-10-01,13676,ChargePoint,919.8020000000001,109,212,470,2,4
2019-09-01,13676,ChargePoint,676.8750000000001,98,166,312,2,4
2019-08-01,13676,ChargePoint,644.3429999999998,97,157,402,2,4
2019-07-01,13676,ChargePoint,405.1430000000001,105,102,217,2,4
2019-06-01,13676,ChargePoint,427.8089999999999,61,98,203,2,4
2019-05-01,13676,ChargePoint,481.76299999999975,78,127,309,2,3
2019-04-01,13676,ChargePoint,647.3879999999999,103,186,406,2,3
2018-10-01,13676,ChargePoint,407.90700000000015,70,113,238,2,4
2018-09-01,13676,ChargePoint,378.69700000000006,61,108,263,2,4
2018-08-01,13676,ChargePoint,280.058,42,74,141,2,4
2018-07-01,13676,ChargePoint,225.07300000000004,47,68,147,2,4
2018-06-01,13676,ChargePoint,232.1099999999999,64,69,202,2,4
2016-09-01,13676,ChargePoint,1.6960000000000002,2,1,1,1,1
2016-07-01,13676,ChargePoint,34.759,3,8,8,1,2
2016-06-01,13676,ChargePoint,17.386,1,4,4,1,1
2016-05-01,13676,ChargePoint,37.522999999999996,5,11,19,1,1
2016-04-01,13676,ChargePoint,17.469,3,5,7,1,1
2015-10-01,13676,ChargePoint,14.707,2,4,4,1,2
2015-07-01,13676,ChargePoint,0.412,2,0,0,1,2
2019-10-01,12303,ChargePoint,0.0,4,0,4,1,2
2019-09-01,12303,ChargePoint,382.30699999999996,69,92,142,1,2
2019-08-01,12303,ChargePoint,420.968,75,127,192,1,2
2019-07-01,12303,ChargePoint,363.93700000000007,56,115,203,1,2
2019-06-01,12303,ChargePoint,307.074,41,89,170,1,2
2019-05-01,12303,ChargePoint,471.67400000000015,62,130,314,1,2
2018-10-01,12303,ChargePoint,318.49500000000006,47,106,204,1,2
2018-09-01,12303,ChargePoint,338.7219999999999,45,113,186,1,2
2018-04-01,12303,ChargePoint,283.18499999999995,48,97,209,1,2
2017-10-01,12303,ChargePoint,330.4340000000001,57,104,177,1,2
2017-06-01,12303,ChargePoint,9.476,1,3,3,1,1
2016-07-01,12303,ChargePoint,4.26,3,1,1,1,2
2015-10-01,12303,ChargePoint,81.049,16,29,50,1,1
2015-09-01,12303,ChargePoint,110.39699999999998,21,45,76,1,1
2015-08-01,12303,ChargePoint,36.938,8,16,44,1,1
2018-08-01,12303,ChargePoint,435.86500000000007,54,141,236,1,2
2018-07-01,12303,ChargePoint,127.25399999999999,18,43,77,1,2
2018-06-01,12303,ChargePoint,79.15599999999999,14,25,47,1,2
2018-05-01,12303,ChargePoint,279.7630000000001,53,94,211,1,2
2019-04-01,12303,ChargePoint,343.39400000000006,44,105,201,1,2
2017-09-01,12303,ChargePoint,43.054,5,7,8,1,2
2017-08-01,12303,ChargePoint,20.62,1,3,3,1,1
2016-05-01,12303,ChargePoint,16.946,1,4,8,1,1
2018-06-01,10461,ChargePoint,879.858,113,194,337,1,2
2017-10-01,10461,ChargePoint,538.4279999999999,70,97,112,1,2
2017-09-01,10461,ChargePoint,497.678,63,93,121,1,2
2017-08-01,10461,ChargePoint,333.952,44,73,100,1,2
2017-07-01,10461,ChargePoint,438.184,47,110,144,1,2
2017-06-01,10461,ChargePoint,286.994,40,78,104,1,2
2017-05-01,10461,ChargePoint,314.21500000000003,46,81,102,1,2
2017-04-01,10461,ChargePoint,232.62699999999995,31,63,69,1,2
2016-10-01,10461,ChargePoint,387.581,45,103,172,1,2
2016-09-01,10461,ChargePoint,353.34899999999993,48,94,129,1,2
2016-08-01,10461,ChargePoint,221.75099999999998,37,51,65,1,2
2016-07-01,10461,ChargePoint,383.33099999999996,62,104,135,1,2
2016-06-01,10461,ChargePoint,323.545,76,90,118,1,2
2016-05-01,10461,ChargePoint,400.57599999999996,65,102,131,1,2
2016-04-01,10461,ChargePoint,367.218,51,97,125,1,2
2018-07-01,10461,ChargePoint,771.394,99,171,353,2,3
2018-05-01,10461,ChargePoint,480.02799999999996,82,116,135,1,2
2018-04-01,10461,ChargePoint,445.72999999999996,69,114,123,1,2
2015-10-01,10461,ChargePoint,134.779,25,41,47,1,2
2015-08-01,10461,ChargePoint,187.21399999999997,37,61,71,1,2
2015-07-01,10461,ChargePoint,169.00699999999998,32,52,60,1,2
2015-09-01,10461,ChargePoint,86.61199999999998,13,29,31,1,2
2019-10-01,12144,ChargePoint,196.77100000000002,41,60,91,1,1
2019-09-01,12144,ChargePoint,207.918,43,61,94,1,2
2019-08-01,12144,ChargePoint,264.74300000000005,59,73,105,1,2
2019-07-01,12144,ChargePoint,277.0479999999999,54,78,101,1,1
2019-06-01,12144,ChargePoint,304.68,61,85,120,1,2
2019-05-01,12144,ChargePoint,284.73800000000006,55,72,106,1,2
2019-04-01,12144,ChargePoint,266.084,51,72,112,1,2
2018-10-01,12144,ChargePoint,276.844,52,81,110,1,2
2018-09-01,12144,ChargePoint,310.94700000000006,50,80,119,1,2
2018-08-01,12144,ChargePoint,373.6350000000001,77,105,133,1,2
2018-07-01,12144,ChargePoint,330.138,83,97,144,1,2
2018-06-01,12144,ChargePoint,526.241,106,144,189,1,2
2018-05-01,12144,ChargePoint,488.7999999999999,69,141,221,1,2
2018-04-01,12144,ChargePoint,403.7449999999999,67,113,160,1,2
2017-10-01,12144,ChargePoint,472.9829999999999,73,139,235,1,2
2017-08-01,12144,ChargePoint,436.56500000000005,76,131,208,1,2
2017-07-01,12144,ChargePoint,320.93699999999995,53,91,145,1,2
2017-06-01,12144,ChargePoint,198.53799999999998,33,57,124,1,2
2017-09-01,12144,ChargePoint,480.173,78,138,190,1,2
2017-05-01,12144,ChargePoint,148.744,23,41,81,1,2
2017-04-01,12144,ChargePoint,199.931,27,55,88,1,2
2016-10-01,12144,ChargePoint,151.702,24,41,80,1,2
2016-09-01,12144,ChargePoint,215.14700000000002,32,58,92,1,2
2016-08-01,12144,ChargePoint,232.317,33,62,87,1,2
2016-07-01,12144,ChargePoint,181.26899999999998,27,51,81,1,2
2016-06-01,12144,ChargePoint,311.454,48,84,163,1,2
2016-05-01,12144,ChargePoint,304.70099999999996,58,95,231,1,2
2016-04-01,12144,ChargePoint,273.72099999999995,51,85,238,1,2
2015-10-01,12144,ChargePoint,253.29800000000003,65,127,314,1,2
2015-08-01,12144,ChargePoint,215.7110000000001,54,115,269,1,2
2015-09-01,12144,ChargePoint,172.99799999999993,45,87,238,1,2
2015-07-01,12144,ChargePoint,195.36200000000002,46,108,269,1,2
2020-10-01,10522,ChargePoint,90.26399999999998,20,18,22,1,2
2020-09-01,10522,ChargePoint,124.27199999999999,16,27,32,1,2
2020-08-01,10522,ChargePoint,132.108,16,23,27,1,2
2020-06-01,10522,ChargePoint,49.528000000000006,22,8,8,1,2
2019-10-01,10522,ChargePoint,320.46600000000007,26,58,72,1,2
2019-09-01,10522,ChargePoint,255.94400000000005,23,48,61,1,2
2019-08-01,10522,ChargePoint,143.745,14,23,23,1,2
2019-07-01,10522,ChargePoint,160.959,15,26,27,1,2
2019-06-01,10522,ChargePoint,99.80499999999999,13,17,18,1,2
2019-05-01,10522,ChargePoint,110.94,17,18,19,1,2
2019-04-01,10522,ChargePoint,133.902,15,21,23,1,2
2018-10-01,10522,ChargePoint,149.704,24,26,37,1,2
2018-09-01,10522,ChargePoint,209.13100000000003,25,33,62,1,2
2018-08-01,10522,ChargePoint,197.10800000000003,20,32,50,1,2
2018-07-01,10522,ChargePoint,101.59,20,18,43,1,2
2018-06-01,10522,ChargePoint,291.442,34,57,64,1,2
2018-05-01,10522,ChargePoint,263.098,38,49,60,1,2
2018-04-01,10522,ChargePoint,180.376,24,32,36,1,2
2017-10-01,10522,ChargePoint,78.499,8,12,14,1,1
2017-09-01,10522,ChargePoint,216.28300000000002,28,36,38,1,2
2017-08-01,10522,ChargePoint,293.6620000000001,24,49,61,1,2
2017-07-01,10522,ChargePoint,133.24800000000002,12,24,26,1,2
2017-06-01,10522,ChargePoint,136.485,20,25,40,1,2
2017-05-01,10522,ChargePoint,118.0,7,22,43,1,2
2017-04-01,10522,ChargePoint,52.58599999999999,9,14,39,1,2
2016-10-01,10522,ChargePoint,203.108,20,39,57,1,2
2016-08-01,10522,ChargePoint,55.92700000000001,7,12,18,1,2
2016-05-01,10522,ChargePoint,110.42500000000001,6,21,24,1,1
2016-04-01,10522,ChargePoint,124.505,12,21,22,1,1
2015-10-01,10522,ChargePoint,416.82900000000006,46,73,87,1,2
2015-09-01,10522,ChargePoint,772.0340000000001,86,133,198,1,2
2015-08-01,10522,ChargePoint,80.869,9,12,15,1,2
2016-09-01,10522,ChargePoint,52.33,7,14,38,1,2
2016-07-01,10522,ChargePoint,42.743,3,8,13,1,2
2016-06-01,10522,ChargePoint,61.172,4,11,20,1,1
2015-07-01,10522,ChargePoint,6.608,1,2,3,1,1
2015-06-01,10522,ChargePoint,2.13,5,0,0,1,2
2020-07-01,10522,ChargePoint,89.30199999999999,4,24,56,1,1
2019-09-01,10562,ChargePoint,91.912,12,24,25,1,2
2019-05-01,10562,ChargePoint,50.44,7,14,16,1,1
2019-04-01,10562,ChargePoint,46.016,8,14,15,1,1
2018-08-01,10562,ChargePoint,46.006,1,8,10,1,1
2018-06-01,10562,ChargePoint,6.837,2,1,1,1,1
2017-05-01,10562,ChargePoint,65.73499999999999,11,11,11,1,2
2016-08-01,10562,ChargePoint,16.801,3,4,4,1,2
2016-07-01,10562,ChargePoint,18.874000000000002,2,4,4,1,1
2016-06-01,10562,ChargePoint,13.554,2,2,2,1,1
2016-04-01,10562,ChargePoint,0.0,1,0,0,1,1
2016-03-01,10562,ChargePoint,67.81400000000001,2,11,16,1,2
2015-10-01,10562,ChargePoint,1.2810000000000001,2,0,0,1,1
2020-10-01,10562,ChargePoint,33.129999999999995,4,11,13,1,1
2020-09-01,10562,ChargePoint,57.82,7,19,19,1,1
2020-08-01,10562,ChargePoint,72.514,9,22,23,1,1
2020-07-01,10562,ChargePoint,67.1,8,22,23,1,1
2020-06-01,10562,ChargePoint,65.36399999999999,8,21,22,1,1
2020-05-01,10562,ChargePoint,31.589,4,10,10,1,1
2020-04-01,10562,ChargePoint,38.25,5,13,15,1,1
2019-10-01,10562,ChargePoint,66.692,9,19,20,1,1
2019-08-01,10562,ChargePoint,56.702000000000005,7,18,19,1,1
2019-07-01,10562,ChargePoint,67.949,8,21,23,1,1
2019-06-01,10562,ChargePoint,40.346999999999994,6,12,13,1,1
2017-10-01,10562,ChargePoint,21.741,1,5,21,1,1
2017-09-01,10562,ChargePoint,16.048000000000002,2,3,3,1,1
2017-06-01,10562,ChargePoint,149.19299999999998,11,25,26,1,1
2016-05-01,10562,ChargePoint,7.5649999999999995,2,2,2,1,1
2020-05-01,10577,ChargePoint,124.858,10,30,36,3,4
2020-10-01,13027,ChargePoint,1192.6499999999999,128,298,645,3,6
2020-09-01,13027,ChargePoint,1290.6080000000002,155,316,569,3,6
2020-08-01,13027,ChargePoint,1196.2999999999997,140,303,509,3,6
2020-07-01,13027,ChargePoint,1114.681,111,276,456,3,6
2020-06-01,13027,ChargePoint,749.3580000000005,60,170,318,3,6
2020-05-01,13027,ChargePoint,837.4729999999997,62,176,436,3,5
2020-04-01,13027,ChargePoint,833.8660000000004,78,189,485,3,6
2019-10-01,13027,ChargePoint,485.63499999999993,46,132,327,1,2
2019-08-01,13027,ChargePoint,398.3500000000001,29,109,255,1,2
2019-05-01,13027,ChargePoint,375.761,27,101,229,1,2
2018-08-01,13027,ChargePoint,485.381,40,133,327,1,2
2019-09-01,13027,ChargePoint,466.25100000000015,37,126,321,1,2
2019-07-01,13027,ChargePoint,457.75299999999993,34,127,286,1,2
2019-06-01,13027,ChargePoint,387.8819999999999,29,105,257,1,2
2019-04-01,13027,ChargePoint,527.0429999999999,49,141,415,1,2
2018-10-01,13027,ChargePoint,508.0069999999999,44,136,362,1,2
2018-09-01,13027,ChargePoint,442.52899999999994,40,120,354,1,2
2018-07-01,13027,ChargePoint,470.33900000000017,38,129,327,1,2
2018-06-01,13027,ChargePoint,481.69500000000005,43,131,361,1,2
2018-05-01,13027,ChargePoint,265.98300000000006,31,73,241,1,2
2017-06-01,13027,ChargePoint,150.95400000000004,27,43,190,1,2
2016-09-01,13027,ChargePoint,235.226,28,70,175,1,2
2016-04-01,13027,ChargePoint,390.9880000000001,47,115,304,1,2
2017-05-01,13027,ChargePoint,237.704,37,70,255,1,2
2017-04-01,13027,ChargePoint,238.41799999999998,36,70,240,1,2
2016-10-01,13027,ChargePoint,320.012,42,94,274,1,2
2016-08-01,13027,ChargePoint,195.64300000000003,25,58,209,1,2
2016-07-01,13027,ChargePoint,227.22299999999998,29,68,221,1,2
2016-06-01,13027,ChargePoint,233.64000000000001,32,70,187,1,2
2016-05-01,13027,ChargePoint,249.214,33,72,214,1,2
2015-10-01,13027,ChargePoint,295.775,37,86,242,1,2
2015-09-01,13027,ChargePoint,199.63400000000001,25,57,149,1,2
2015-08-01,13027,ChargePoint,180.83700000000002,22,54,133,1,1
2015-07-01,13027,ChargePoint,150.249,19,47,92,1,2
2018-04-01,13027,ChargePoint,142.57000000000002,23,39,203,1,2
2017-10-01,13027,ChargePoint,48.998,10,13,101,1,2
2017-09-01,13027,ChargePoint,67.08399999999999,12,18,117,1,2
2017-08-01,13027,ChargePoint,49.194,8,13,72,1,2
2017-07-01,13027,ChargePoint,98.979,17,27,156,1,2
2019-10-01,12110,ChargePoint,1570.2900000000002,137,304,510,6,11
2019-09-01,12110,ChargePoint,1248.1070000000004,102,252,389,6,11
2019-08-01,12110,ChargePoint,1264.5269999999998,112,260,360,6,10
2019-07-01,12110,ChargePoint,1329.712,121,279,416,6,10
2019-06-01,12110,ChargePoint,664.5559999999999,73,144,234,3,5
2019-05-01,12110,ChargePoint,714.1210000000002,74,156,279,2,4
2019-04-01,12110,ChargePoint,864.2570000000002,82,213,316,2,4
2018-10-01,12110,ChargePoint,520.1769999999999,69,109,191,1,2
2018-07-01,12110,ChargePoint,342.10600000000005,32,66,109,1,2
2018-06-01,12110,ChargePoint,371.6960000000001,36,68,122,1,2
2018-09-01,12110,ChargePoint,391.49699999999996,28,72,97,1,1
2018-05-01,12110,ChargePoint,268.30800000000005,36,48,101,1,2
2020-06-01,12110,ChargePoint,1462.2640000000001,261,300,711,14,19
2017-10-01,12110,ChargePoint,0.079,11,0,0,1,2
2017-07-01,12110,ChargePoint,3.171,17,1,13,1,2
2017-05-01,12110,ChargePoint,1.326,6,0,1,1,2
2020-10-01,12110,ChargePoint,3146.2319999999995,501,622,864,18,26
2020-09-01,12110,ChargePoint,2790.8100000000004,418,534,859,17,27
2020-07-01,12110,ChargePoint,1743.5960000000007,274,370,605,12,15
2020-04-01,12110,ChargePoint,1041.166,164,220,544,9,12
2019-10-01,12158,ChargePoint,128.663,38,41,109,1,1
2019-09-01,12158,ChargePoint,129.442,28,43,193,1,1
2019-08-01,12158,ChargePoint,232.57399999999998,46,73,228,1,1
2019-07-01,12158,ChargePoint,168.68999999999994,42,58,135,1,1
2019-06-01,12158,ChargePoint,164.78300000000004,45,55,156,1,1
2019-05-01,12158,ChargePoint,218.21399999999994,56,71,232,1,1
2019-04-01,12158,ChargePoint,175.71899999999997,35,59,211,1,1
2018-10-01,12158,ChargePoint,128.776,35,72,125,1,1
2018-09-01,12158,ChargePoint,91.34599999999999,22,40,69,1,1
2018-08-01,12158,ChargePoint,109.52200000000003,33,55,100,1,1
2018-07-01,12158,ChargePoint,151.454,39,74,119,1,1
2018-06-01,12158,ChargePoint,129.63600000000002,29,52,246,1,1
2018-05-01,12158,ChargePoint,153.83700000000005,39,63,290,1,1
2018-04-01,12158,ChargePoint,231.38700000000003,43,102,201,1,1
2017-08-01,12158,ChargePoint,112.61499999999998,38,55,126,1,1
2016-10-01,12158,ChargePoint,112.302,37,68,115,1,2
2017-10-01,12158,ChargePoint,107.77300000000002,32,62,127,1,1
2017-09-01,12158,ChargePoint,86.854,26,55,113,1,1
2017-07-01,12158,ChargePoint,44.321,11,21,121,1,1
2017-06-01,12158,ChargePoint,104.81,31,51,86,1,1
2017-05-01,12158,ChargePoint,81.11199999999998,26,39,97,1,1
2017-04-01,12158,ChargePoint,94.49100000000001,30,50,200,1,1
2016-09-01,12158,ChargePoint,95.44100000000002,30,51,121,1,1
2016-08-01,12158,ChargePoint,79.179,26,40,148,1,1
2016-07-01,12158,ChargePoint,87.22399999999998,33,46,119,1,1
2016-06-01,12158,ChargePoint,121.28699999999998,32,50,121,1,1
2016-05-01,12158,ChargePoint,85.215,33,44,99,1,1
2016-04-01,12158,ChargePoint,110.59800000000001,38,52,159,1,1
2016-04-01,12203,ChargePoint,296.62000000000006,55,98,184,2,4
2015-09-01,12203,ChargePoint,259.41600000000005,41,69,160,2,4
2019-10-01,12203,ChargePoint,3045.546999999998,348,682,1056,7,13
2019-08-01,12203,ChargePoint,2837.0040000000013,330,643,1266,7,13
2018-05-01,12561,ChargePoint,521.8149999999999,89,158,312,3,4
2018-04-01,12561,ChargePoint,910.3950000000001,144,282,590,3,5
2017-10-01,12561,ChargePoint,950.4010000000002,178,293,563,3,6
2017-09-01,12561,ChargePoint,845.0820000000002,137,257,488,3,6
2017-08-01,12561,ChargePoint,555.4749999999999,94,168,343,3,6
2017-07-01,12561,ChargePoint,518.8149999999999,79,146,289,3,6
2017-06-01,12561,ChargePoint,407.588,88,134,266,3,6
2017-05-01,12561,ChargePoint,543.3690000000003,100,173,274,3,6
2017-04-01,12561,ChargePoint,405.54499999999996,75,134,186,3,6
2016-10-01,12561,ChargePoint,434.6819999999999,77,142,190,3,6
2016-09-01,12561,ChargePoint,403.411,70,131,171,3,6
2016-08-01,12561,ChargePoint,230.5,28,64,113,3,5
2016-07-01,12561,ChargePoint,230.73500000000004,29,72,83,3,6
2016-06-01,12561,ChargePoint,156.662,27,48,54,3,6
2016-05-01,12561,ChargePoint,244.50000000000003,40,74,99,3,6
2016-04-01,12561,ChargePoint,286.46099999999996,41,84,107,3,6
2015-10-01,12561,ChargePoint,98.64800000000001,17,28,34,3,5
2015-09-01,12561,ChargePoint,96.44,17,27,32,3,6
2015-07-01,12561,ChargePoint,43.898999999999994,7,15,21,3,4
2015-08-01,12561,ChargePoint,49.258,5,11,12,3,4
2018-10-01,12428,ChargePoint,10.306000000000001,4,3,3,1,2
2018-09-01,12428,ChargePoint,8.735,9,1,1,1,2
2018-08-01,12428,ChargePoint,17.769,8,4,6,1,2
2018-07-01,12428,ChargePoint,164.58,15,28,29,1,2
2018-06-01,12428,ChargePoint,223.87599999999998,14,43,56,1,2
2018-05-01,12428,ChargePoint,174.23000000000002,13,30,31,1,2
2018-04-01,12428,ChargePoint,53.00900000000001,10,13,16,1,2
2017-10-01,12428,ChargePoint,65.678,3,12,22,1,2
2017-09-01,12428,ChargePoint,98.852,2,17,23,1,1
2017-08-01,12428,ChargePoint,53.159000000000006,4,10,11,1,2
2017-07-01,12428,ChargePoint,69.52900000000001,13,19,28,1,2
2017-06-01,12428,ChargePoint,6.256,2,1,1,1,1
2016-10-01,12428,ChargePoint,40.718,5,14,19,1,1
2016-09-01,12428,ChargePoint,17.834000000000003,2,6,8,1,1
2016-08-01,12428,ChargePoint,46.403999999999996,3,9,15,1,1
2016-07-01,12428,ChargePoint,6.333,1,2,8,1,1
2016-06-01,12428,ChargePoint,35.391,5,10,16,1,2
2016-05-01,12428,ChargePoint,101.989,11,36,58,1,2
2016-04-01,12428,ChargePoint,116.567,12,41,53,1,2
2015-10-01,12428,ChargePoint,175.544,19,62,111,1,2
2015-09-01,12428,ChargePoint,113.663,18,40,74,1,2
2015-08-01,12428,ChargePoint,19.916,4,5,5,1,1
2017-09-01,12401,ChargePoint,1799.8009999999997,198,502,2965,6,12
2016-07-01,12401,ChargePoint,789.8110000000001,117,239,1606,5,10
2015-08-01,12401,ChargePoint,154.579,34,34,45,5,8
2015-07-01,12401,ChargePoint,43.590999999999994,10,9,9,3,6
2017-07-01,12401,ChargePoint,1475.7490000000005,179,407,2229,7,12
2016-09-01,12401,ChargePoint,816.5569999999998,110,217,1439,6,11
2016-05-01,12401,ChargePoint,709.3929999999998,131,207,1371,7,11
2015-08-01,11937,ChargePoint,491.5809999999999,19,72,95,2,3
2015-08-01,11788,ChargePoint,150.84300000000002,12,33,36,1,2
2018-10-01,11937,ChargePoint,439.277,36,74,161,1,2
2018-09-01,11937,ChargePoint,409.0729999999999,30,75,189,1,2
2018-08-01,11937,ChargePoint,1198.8629999999998,71,200,376,1,2
2018-07-01,11937,ChargePoint,890.5769999999998,56,148,384,1,2
2018-06-01,11937,ChargePoint,611.514,49,109,257,1,2
2018-05-01,11937,ChargePoint,497.14599999999996,47,95,271,1,2
2018-04-01,11937,ChargePoint,351.64300000000003,27,72,179,1,2
2017-10-01,11937,ChargePoint,561.578,47,122,524,1,2
2017-09-01,11937,ChargePoint,692.267,48,143,819,1,2
2017-08-01,11937,ChargePoint,1264.9320000000005,83,227,584,1,2
2017-07-01,11937,ChargePoint,780.0550000000001,54,155,507,2,4
2017-06-01,11937,ChargePoint,554.609,46,129,677,1,2
2017-05-01,11937,ChargePoint,442.66299999999995,56,98,453,1,2
2017-04-01,11937,ChargePoint,511.1739999999999,41,121,648,1,2
2015-09-01,11937,ChargePoint,189.524,5,28,37,2,3
2015-07-01,11937,ChargePoint,441.03200000000004,25,66,97,2,3
2016-07-01,11743,ChargePoint,641.5760000000001,62,159,463,2,4
2016-06-01,11743,ChargePoint,839.9330000000001,86,221,655,2,4
2016-05-01,11743,ChargePoint,761.9099999999997,85,223,696,2,4
2016-04-01,11743,ChargePoint,827.721,81,235,649,2,4
2015-10-01,11743,ChargePoint,1034.2949999999996,87,265,637,2,4
2015-09-01,11743,ChargePoint,785.9270000000002,74,213,557,2,4
2015-08-01,11743,ChargePoint,729.4129999999999,69,203,516,2,4
2015-07-01,11743,ChargePoint,684.6350000000001,68,186,463,2,4
2016-08-01,11743,ChargePoint,386.13399999999996,41,108,353,2,4
2015-10-01,11706,ChargePoint,49.230000000000004,13,17,24,1,2
2015-07-01,11706,ChargePoint,2.726,5,1,2,2,3
2016-07-01,11706,ChargePoint,679.455,58,156,246,2,4
2016-06-01,11706,ChargePoint,526.949,61,118,298,2,4
2016-05-01,11706,ChargePoint,524.1320000000001,57,130,315,2,3
2016-04-01,11706,ChargePoint,281.929,43,91,322,2,4
2020-09-01,11742,ChargePoint,16.546,2,5,5,1,1
2020-08-01,11742,ChargePoint,99.532,18,20,25,1,2
2020-07-01,11958,ChargePoint,90.46199999999999,6,25,29,1,2
2020-07-01,11742,ChargePoint,1.9899999999999998,14,0,1,2,3
2020-05-01,11742,ChargePoint,23.416,4,4,4,1,2
2019-09-01,11958,ChargePoint,51.777,3,14,23,1,2
2019-08-01,11958,ChargePoint,27.061,1,4,4,1,1
2019-07-01,11958,ChargePoint,94.575,6,20,35,1,2
2019-04-01,11742,ChargePoint,7.873,2,2,2,2,2
2018-10-01,11742,ChargePoint,27.853,5,9,20,2,3
2018-09-01,11958,ChargePoint,26.754,3,5,6,1,2
2018-07-01,11958,ChargePoint,63.184000000000005,3,12,12,1,2
2018-06-01,11747,ChargePoint,898.2600000000002,41,177,242,2,4
2018-05-01,11747,ChargePoint,554.1639999999999,47,118,177,2,4
2017-09-01,11742,ChargePoint,36.495,8,14,40,2,3
2017-09-01,11788,ChargePoint,315.67900000000003,49,69,75,1,2
2017-07-01,11747,ChargePoint,60.734,7,16,41,2,3
2017-06-01,11788,ChargePoint,207.623,28,46,47,1,2
2017-04-01,11788,ChargePoint,170.517,32,38,39,1,2
2016-09-01,11937,ChargePoint,160.529,8,27,44,1,2
2016-08-01,11747,ChargePoint,143.61700000000002,23,47,70,2,4
2016-08-01,11788,ChargePoint,76.66300000000001,12,20,22,1,2
2016-08-01,11742,ChargePoint,31.967,9,11,35,1,2
2016-07-01,11747,ChargePoint,100.359,9,24,29,2,2
2016-07-01,11788,ChargePoint,168.27699999999996,23,33,35,1,2
2016-07-01,11937,ChargePoint,214.85099999999997,16,39,61,2,3
2016-06-01,11937,ChargePoint,160.08600000000004,11,27,36,1,2
2016-05-01,11747,ChargePoint,41.051,7,11,22,2,4
2016-05-01,11937,ChargePoint,263.3860000000001,22,42,67,2,4
2016-04-01,11937,ChargePoint,216.77700000000004,13,33,49,2,3
2015-10-01,11937,ChargePoint,29.485,2,4,4,2,2
2018-07-01,11747,ChargePoint,776.6720000000001,35,155,232,4,8
2018-04-01,11747,ChargePoint,362.911,30,78,127,2,4
2017-10-01,11747,ChargePoint,97.50899999999999,16,27,59,2,3
2017-09-01,11747,ChargePoint,102.42699999999999,17,28,52,2,3
2017-08-01,11747,ChargePoint,165.19299999999998,21,36,60,2,4
2017-06-01,11747,ChargePoint,96.20299999999999,10,22,43,2,4
2017-05-01,11747,ChargePoint,86.54799999999999,17,31,51,2,4
2017-04-01,11747,ChargePoint,99.94999999999999,15,30,57,2,4
2016-10-01,11747,ChargePoint,117.79499999999997,15,42,76,2,4
2016-09-01,11747,ChargePoint,116.46300000000001,19,41,67,2,3
2016-06-01,11747,ChargePoint,201.08399999999997,25,54,78,2,4
2016-04-01,11747,ChargePoint,64.789,11,15,34,2,3
2015-10-01,11747,ChargePoint,55.597,9,19,51,2,3
2015-09-01,11747,ChargePoint,58.833,8,19,51,2,2
2015-08-01,11747,ChargePoint,69.054,10,24,46,2,3
2015-07-01,11747,ChargePoint,96.72600000000001,14,30,65,2,4
2019-09-01,11742,ChargePoint,14.911,3,5,5,1,1
2018-08-01,11742,ChargePoint,98.732,18,36,79,2,4
2018-07-01,11742,ChargePoint,88.77499999999999,16,33,76,2,3
2017-10-01,11742,ChargePoint,30.939,7,13,30,2,3
2017-08-01,11742,ChargePoint,25.854,5,8,9,2,2
2017-04-01,11742,ChargePoint,108.11200000000001,14,36,140,2,3
2016-04-01,11742,ChargePoint,84.31900000000002,24,38,144,2,3
2015-10-01,11742,ChargePoint,167.95100000000002,27,59,140,2,4
2015-07-01,11742,ChargePoint,83.92999999999999,24,34,115,2,4
2019-07-01,11742,ChargePoint,13.184000000000001,2,4,7,1,1
2019-06-01,11742,ChargePoint,13.711,5,4,5,2,2
2019-05-01,11742,ChargePoint,27.783,3,7,18,2,2
2018-09-01,11742,ChargePoint,41.79899999999999,6,16,49,1,1
2018-06-01,11742,ChargePoint,40.397999999999996,8,14,41,1,2
2018-05-01,11742,ChargePoint,13.428,2,11,18,1,2
2018-04-01,11742,ChargePoint,36.519,9,16,34,1,2
2017-07-01,11742,ChargePoint,6.738,1,2,12,1,1
2017-06-01,11742,ChargePoint,102.19399999999999,17,34,105,1,2
2017-05-01,11742,ChargePoint,124.65500000000002,21,47,105,1,2
2016-09-01,11742,ChargePoint,36.611000000000004,9,14,47,1,1
2016-07-01,11742,ChargePoint,18.816,7,10,44,1,1
2016-06-01,11742,ChargePoint,21.418,8,11,46,1,1
2016-05-01,11742,ChargePoint,36.93900000000001,14,19,106,1,1
2015-09-01,11742,ChargePoint,109.593,18,36,99,1,2
2015-08-01,11742,ChargePoint,131.566,26,54,149,2,3
2020-10-01,11742,ChargePoint,38.604,4,7,7,1,1
2020-09-01,11958,ChargePoint,20.21,6,3,3,1,1
2020-06-01,11742,ChargePoint,23.402,4,4,4,1,2
2020-04-01,11958,ChargePoint,25.098,4,4,4,1,2
2019-08-01,11742,ChargePoint,6.882,1,1,1,1,1
2019-06-01,11958,ChargePoint,80.143,6,13,13,1,2
2019-05-01,11958,ChargePoint,2.403,2,0,0,1,2
2019-04-01,11958,ChargePoint,10.556999999999999,3,3,3,1,1
2018-05-01,11958,ChargePoint,4.684,2,1,1,1,1
2018-04-01,11958,ChargePoint,6.723,1,2,2,1,1
2017-10-01,11958,ChargePoint,5.346,1,2,2,1,1
2017-09-01,11971,ChargePoint,325.44700000000006,45,73,606,1,1
2017-08-01,11958,ChargePoint,15.014,2,2,2,1,2
2016-10-01,11742,ChargePoint,21.086,2,3,3,1,1
2016-09-01,11971,ChargePoint,19.106,2,4,6,1,1
2016-08-01,11971,ChargePoint,31.382,3,6,10,1,1
2016-08-01,11937,ChargePoint,246.25400000000005,18,43,59,2,3
2016-07-01,11971,ChargePoint,57.195,4,12,13,1,2
2016-06-01,11971,ChargePoint,69.361,5,13,16,1,1
2016-05-01,11971,ChargePoint,57.193000000000005,5,11,18,1,1
2016-04-01,11971,ChargePoint,17.713,2,3,7,1,1
2015-09-01,11971,ChargePoint,19.18,2,4,6,1,2
2015-07-01,11971,ChargePoint,4.338,1,1,5,1,1
2016-10-01,11937,ChargePoint,45.687,3,10,10,1,1
2017-10-01,11788,ChargePoint,222.243,41,53,56,1,2
2017-08-01,11788,ChargePoint,122.57799999999997,27,39,49,1,2
2017-07-01,11788,ChargePoint,58.14400000000001,21,18,18,1,2
2017-05-01,11788,ChargePoint,42.189,12,12,12,1,2
2016-10-01,11788,ChargePoint,39.994,8,8,8,1,2
2016-09-01,11788,ChargePoint,36.199000000000005,8,8,8,1,2
2016-06-01,11788,ChargePoint,11.626000000000001,2,3,3,1,2
2016-05-01,11788,ChargePoint,50.904,11,12,12,1,1
2016-04-01,11788,ChargePoint,58.46399999999999,14,18,26,1,2
2015-09-01,11788,ChargePoint,27.285,3,6,6,1,2
2015-07-01,11788,ChargePoint,49.923,8,12,12,1,2
2016-08-01,11706,ChargePoint,539.8499999999998,53,143,261,2,4
2015-09-01,11706,ChargePoint,15.064999999999998,3,5,5,2,2
2020-10-01,11952,ChargePoint,632.9159999999999,120,241,2556,1,2
2020-09-01,11952,ChargePoint,658.7209999999999,163,275,1963,1,2
2020-08-01,11952,ChargePoint,625.171,121,251,2248,1,2
2020-07-01,11952,ChargePoint,596.624,110,279,2597,1,2
2020-06-01,11952,ChargePoint,480.48999999999995,90,221,2173,1,2
2020-05-01,11952,ChargePoint,466.244,88,196,2427,1,2
2020-04-01,11952,ChargePoint,555.704,118,274,2314,1,2
2019-10-01,11952,ChargePoint,371.0349999999999,67,170,878,1,2
2019-09-01,11952,ChargePoint,359.96400000000006,69,159,729,1,2
2019-08-01,11952,ChargePoint,403.172,71,178,875,1,2
2019-07-01,11952,ChargePoint,420.698,70,187,898,1,2
2019-06-01,11952,ChargePoint,325.24800000000005,64,144,628,1,2
2019-05-01,11952,ChargePoint,387.40999999999997,71,163,737,1,2
2018-10-01,11952,ChargePoint,261.06999999999994,43,160,1076,1,2
2018-09-01,11952,ChargePoint,218.03900000000002,46,104,1055,1,2
2018-08-01,11952,ChargePoint,284.31899999999996,50,125,1338,1,2
2018-07-01,11952,ChargePoint,290.22499999999997,52,145,1106,1,2
2017-10-01,11952,ChargePoint,251.183,47,104,1176,1,2
2017-09-01,11952,ChargePoint,262.91900000000004,48,110,1234,1,2
2017-08-01,11952,ChargePoint,290.762,54,124,1208,1,2
2017-07-01,11952,ChargePoint,281.22900000000004,56,114,1150,1,2
2017-06-01,11952,ChargePoint,293.0439999999999,68,113,1111,1,2
2017-04-01,11952,ChargePoint,257.7599999999999,57,93,962,1,2
2016-10-01,11952,ChargePoint,274.66300000000007,85,117,1251,1,2
2016-08-01,11952,ChargePoint,333.2919999999999,73,137,1171,1,2
2016-07-01,11952,ChargePoint,228.27600000000004,57,82,1131,1,2
2016-06-01,11952,ChargePoint,241.729,60,91,1052,1,2
2016-05-01,11952,ChargePoint,261.135,70,91,1088,1,2
2016-04-01,11952,ChargePoint,358.17400000000004,83,122,1313,1,2
2015-10-01,11952,ChargePoint,255.76999999999995,69,92,1197,1,2
2015-07-01,11952,ChargePoint,281.8860000000001,88,95,951,1,2
2020-09-01,11971,ChargePoint,586.3679999999999,90,135,1178,1,1
2020-08-01,11971,ChargePoint,606.9219999999999,84,132,1096,1,1
2020-07-01,11971,ChargePoint,566.074,80,125,1348,1,1
2020-06-01,11971,ChargePoint,716.5020000000001,126,158,1156,1,1
2020-05-01,11971,ChargePoint,395.66600000000005,48,90,1091,1,1
2020-04-01,11971,ChargePoint,490.80599999999987,74,111,1420,1,1
2019-10-01,11971,ChargePoint,373.611,60,81,587,1,1
2019-09-01,11971,ChargePoint,310.048,37,67,539,1,1
2019-08-01,11971,ChargePoint,310.2679999999999,40,67,636,1,1
2019-07-01,11971,ChargePoint,308.3229999999999,40,68,609,1,1
2019-06-01,11971,ChargePoint,311.2339999999999,41,68,551,1,1
2019-05-01,11971,ChargePoint,332.776,36,75,643,1,1
2019-04-01,11971,ChargePoint,296.9190000000001,36,66,498,1,1
2018-09-01,11971,ChargePoint,290.121,28,66,520,1,1
2018-07-01,11971,ChargePoint,243.67399999999995,32,54,543,1,1
2018-06-01,11971,ChargePoint,300.65299999999996,45,69,693,1,1
2018-05-01,11971,ChargePoint,315.9079999999999,47,71,595,1,1
2018-04-01,11971,ChargePoint,380.59,57,84,568,1,2
2017-10-01,11971,ChargePoint,364.17899999999986,55,79,570,1,2
2017-06-01,11971,ChargePoint,250.221,37,58,708,1,1
2018-07-01,11901,ChargePoint,242.21199999999996,29,88,346,2,4
2018-06-01,11901,ChargePoint,233.85200000000003,20,47,694,2,3
2018-05-01,11901,ChargePoint,311.268,64,159,1139,2,4
2018-04-01,11901,ChargePoint,332.759,52,120,424,2,4
2017-10-01,11901,ChargePoint,1006.1029999999996,187,327,1147,3,6
2017-09-01,11901,ChargePoint,1015.9999999999997,167,297,861,3,6
2017-08-01,11901,ChargePoint,749.16,125,208,1293,3,5
2017-06-01,11901,ChargePoint,1056.8419999999996,121,230,601,3,6
2017-05-01,11901,ChargePoint,1238.3980000000001,168,326,918,3,6
2017-04-01,11901,ChargePoint,1297.4269999999997,160,355,1047,3,6
2016-10-01,11901,ChargePoint,1066.8470000000007,100,274,638,3,6
2016-09-01,11901,ChargePoint,842.8409999999999,106,263,1293,3,6
2016-06-01,11901,ChargePoint,927.2649999999999,106,210,1145,3,4
2016-04-01,11901,ChargePoint,787.8840000000001,80,173,886,3,6
2015-09-01,11901,ChargePoint,363.01099999999997,43,82,468,3,6
2015-07-01,11901,ChargePoint,45.304,18,18,50,3,5
2017-07-01,11901,ChargePoint,935.7650000000001,115,236,977,3,4
2016-08-01,11901,ChargePoint,1057.265,114,233,1284,3,6
2016-07-01,11901,ChargePoint,817.3839999999997,104,209,999,3,4
2016-05-01,11901,ChargePoint,931.5149999999999,104,215,1151,3,6
2015-08-01,11901,ChargePoint,262.77,19,43,79,3,4
2018-08-01,11901,ChargePoint,340.817,23,73,270,2,3
2019-10-01,11717,ChargePoint,1083.3410000000008,194,257,379,4,8
2019-09-01,11717,ChargePoint,1373.901999999999,155,300,457,4,7
2019-08-01,11717,ChargePoint,846.5079999999999,108,174,253,4,8
2019-07-01,11717,ChargePoint,1176.3920000000005,126,255,352,4,8
2019-06-01,11717,ChargePoint,950.5329999999998,125,236,360,4,8
2019-05-01,11717,ChargePoint,798.879,122,204,276,4,8
2019-04-01,11717,ChargePoint,635.1519999999998,140,182,313,2,4
2017-08-01,11717,ChargePoint,151.601,61,43,53,2,3
2017-06-01,11717,ChargePoint,122.43700000000003,30,33,36,2,3
2017-05-01,11717,ChargePoint,202.74100000000007,63,88,168,2,3
2017-04-01,11717,ChargePoint,521.1300000000002,92,165,288,2,4
2016-10-01,11717,ChargePoint,298.70900000000006,57,110,215,2,4
2016-09-01,11717,ChargePoint,253.51999999999998,57,79,167,2,4
2016-08-01,11717,ChargePoint,52.05699999999999,20,24,42,2,3
2016-07-01,11717,ChargePoint,92.897,15,30,42,2,4
2016-05-01,11717,ChargePoint,108.379,42,39,75,2,4
2016-04-01,11717,ChargePoint,173.82200000000003,42,62,145,2,4
2015-10-01,11717,ChargePoint,589.485,72,158,244,2,4
2015-07-01,11717,ChargePoint,180.364,24,55,59,2,4
2018-10-01,11717,ChargePoint,185.16500000000005,168,64,112,2,4
2018-09-01,11717,ChargePoint,347.13300000000004,108,113,187,2,4
2018-08-01,11717,ChargePoint,224.48300000000003,36,65,102,2,2
2018-07-01,11717,ChargePoint,397.1020000000001,36,80,141,2,4
2018-06-01,11717,ChargePoint,350.5689999999999,50,79,121,2,4
2018-05-01,11717,ChargePoint,736.7030000000002,122,167,254,2,4
2018-04-01,11717,ChargePoint,406.49,107,109,165,2,4
2015-09-01,11717,ChargePoint,489.488,58,132,178,2,4
2015-08-01,11717,ChargePoint,107.54499999999999,13,33,37,2,4
2017-07-01,11717,ChargePoint,269.39300000000003,29,51,54,2,3
2016-06-01,11717,ChargePoint,89.58,12,27,38,2,3
2017-10-01,11717,ChargePoint,211.24500000000006,109,77,131,2,3
2017-09-01,11717,ChargePoint,270.4529999999999,93,79,142,2,3
2019-08-01,11706,ChargePoint,24.584,3,9,11,1,1
2019-07-01,11706,ChargePoint,1239.7989999999998,117,273,463,1,2
2019-06-01,11706,ChargePoint,571.179,48,133,294,2,3
2019-05-01,11706,ChargePoint,816.4999999999999,50,173,362,1,2
2019-04-01,11706,ChargePoint,859.266,58,181,358,2,4
2018-10-01,11706,ChargePoint,276.004,52,85,178,1,2
2018-09-01,11706,ChargePoint,123.904,31,39,145,1,1
2018-08-01,11706,ChargePoint,238.29499999999996,50,68,179,2,4
2018-07-01,11706,ChargePoint,174.71400000000003,45,56,169,2,3
2018-06-01,11706,ChargePoint,158.184,32,47,123,1,2
2018-05-01,11706,ChargePoint,137.72800000000004,35,44,141,1,2
2018-04-01,11706,ChargePoint,78.23299999999999,25,25,78,1,2
2017-10-01,11706,ChargePoint,121.98900000000002,45,35,115,1,2
2017-09-01,11706,ChargePoint,201.841,12,42,88,1,2
2017-08-01,11706,ChargePoint,139.681,11,31,81,1,2
2017-07-01,11706,ChargePoint,418.748,29,87,187,2,4
2017-06-01,11706,ChargePoint,419.64600000000013,28,81,153,2,3
2017-05-01,11706,ChargePoint,407.24199999999996,37,83,162,2,3
2017-04-01,11706,ChargePoint,124.16399999999999,20,36,96,2,3
2016-09-01,11706,ChargePoint,11.701,2,3,11,2,2
2019-10-01,11743,ChargePoint,769.285,75,183,456,2,4
2019-08-01,11743,ChargePoint,988.359,102,203,399,2,4
2018-10-01,11743,ChargePoint,1093.355,115,257,638,2,4
2018-09-01,11743,ChargePoint,847.9270000000001,86,226,652,2,4
2018-08-01,11743,ChargePoint,792.9970000000002,81,201,633,2,4
2018-07-01,11743,ChargePoint,919.8879999999999,78,215,559,2,4
2018-06-01,11743,ChargePoint,943.8280000000002,82,222,570,2,4
2018-05-01,11743,ChargePoint,902.773,83,221,602,2,4
2018-04-01,11743,ChargePoint,911.4190000000003,100,224,556,2,4
2017-10-01,11743,ChargePoint,557.4660000000001,89,170,596,2,4
2017-09-01,11743,ChargePoint,546.1409999999997,88,171,531,2,4
2017-08-01,11743,ChargePoint,531.654,84,166,472,2,4
2017-07-01,11743,ChargePoint,460.46000000000004,73,140,392,2,4
2017-06-01,11743,ChargePoint,661.8439999999998,86,185,578,2,4
2017-05-01,11743,ChargePoint,658.1789999999999,78,186,572,2,4
2017-04-01,11743,ChargePoint,650.856,83,183,532,2,4
2016-10-01,11743,ChargePoint,739.7649999999999,58,167,427,2,4
2016-09-01,11743,ChargePoint,621.3839999999999,59,147,456,2,4
2019-05-01,11743,ChargePoint,735.7670000000003,83,180,429,2,3
2019-04-01,11743,ChargePoint,894.8239999999998,95,228,562,2,3
2019-09-01,11743,ChargePoint,1021.851,80,222,417,2,4
2019-07-01,11743,ChargePoint,1070.0799999999995,106,218,405,2,3
2019-06-01,11743,ChargePoint,765.4370000000001,86,170,349,2,3
2020-05-01,11901,ChargePoint,2500.959999999998,200,512,1056,1,2
2020-07-01,11901,ChargePoint,2769.0280000000016,186,606,1182,3,5
2020-06-01,11901,ChargePoint,2294.3920000000007,180,462,937,3,4
2020-04-01,11901,ChargePoint,2564.0140000000015,156,485,977,1,2
2020-08-01,11570,ChargePoint,791.2569999999998,93,201,262,1,2
2019-10-01,11570,ChargePoint,745.8670000000001,63,146,191,1,2
2019-09-01,11570,ChargePoint,736.6899999999998,45,138,184,1,2
2019-08-01,11570,ChargePoint,417.6450000000001,35,91,128,1,2
2019-07-01,11570,ChargePoint,712.4460000000003,44,134,185,1,2
2019-06-01,11570,ChargePoint,691.3369999999999,66,145,217,1,2
2019-05-01,11570,ChargePoint,652.803,59,135,218,1,2
2019-04-01,11570,ChargePoint,739.351,53,144,215,1,2
2018-10-01,11570,ChargePoint,666.8330000000002,54,121,199,1,2
2018-09-01,11570,ChargePoint,505.2800000000001,36,102,157,1,2
2018-08-01,11570,ChargePoint,503.5760000000001,50,105,178,1,2
2018-07-01,11570,ChargePoint,830.654,64,166,253,1,2
2018-06-01,11570,ChargePoint,721.6039999999999,57,145,251,1,2
2018-05-01,11570,ChargePoint,560.0019999999998,45,114,173,1,2
2018-04-01,11570,ChargePoint,687.1229999999999,49,141,215,1,2
2017-10-01,11570,ChargePoint,503.59400000000005,32,110,141,1,2
2017-09-01,11570,ChargePoint,378.79,27,82,107,1,2
2017-08-01,11570,ChargePoint,447.99600000000015,34,90,121,1,2
2017-07-01,11570,ChargePoint,590.15,32,105,120,1,2
2017-06-01,11570,ChargePoint,525.4169999999999,34,109,129,1,2
2017-05-01,11570,ChargePoint,310.34599999999995,23,87,108,1,2
2016-10-01,11570,ChargePoint,308.501,30,83,154,1,2
2016-09-01,11570,ChargePoint,213.30399999999997,24,53,100,1,2
2016-08-01,11570,ChargePoint,204.538,30,43,77,1,2
2016-07-01,11570,ChargePoint,228.678,30,58,93,1,2
2016-06-01,11570,ChargePoint,263.62199999999996,32,64,122,1,2
2016-05-01,11570,ChargePoint,222.00699999999998,28,53,101,1,2
2016-04-01,11570,ChargePoint,366.305,40,88,140,1,2
2015-10-01,11570,ChargePoint,907.354,75,184,291,1,2
2015-09-01,11570,ChargePoint,978.3049999999997,83,186,265,1,2
2015-08-01,11570,ChargePoint,484.463,80,102,149,1,2
2015-07-01,11570,ChargePoint,612.886,78,134,209,1,2
2020-05-01,11570,ChargePoint,269.128,30,69,97,1,2
2017-04-01,11570,ChargePoint,41.64,4,8,9,1,2
2020-10-01,11570,ChargePoint,1070.632,108,267,349,1,2
2020-06-01,11570,ChargePoint,497.162,72,144,178,1,2
2020-09-01,11570,ChargePoint,1168.024,96,259,349,1,2
2020-07-01,11570,ChargePoint,1028.9739999999997,92,248,321,1,2
2020-04-01,11570,ChargePoint,112.99000000000001,14,30,32,1,2
2020-10-01,11797,ChargePoint,405.32400000000007,32,72,130,1,2
2020-09-01,11797,ChargePoint,207.674,24,38,84,1,2
2020-08-01,11797,ChargePoint,112.07,14,28,44,1,2
2020-07-01,11797,ChargePoint,209.66399999999996,14,41,65,1,2
2020-04-01,11797,ChargePoint,38.194,8,9,20,1,2
2019-09-01,11797,ChargePoint,380.797,37,104,184,1,2
2019-07-01,11797,ChargePoint,338.35799999999995,43,102,225,1,2
2019-06-01,11797,ChargePoint,288.475,37,91,177,1,2
2019-05-01,11797,ChargePoint,319.011,38,122,189,1,2
2018-10-01,11797,ChargePoint,295.1379999999999,49,87,141,1,2
2018-09-01,11797,ChargePoint,349.9479999999999,43,100,148,1,2
2018-08-01,11797,ChargePoint,376.1089999999999,73,100,176,1,2
2018-07-01,11797,ChargePoint,426.11,49,105,201,1,2
2018-06-01,11797,ChargePoint,381.33900000000006,53,107,186,1,2
2018-05-01,11797,ChargePoint,481.5760000000001,51,124,228,1,2
2018-04-01,11797,ChargePoint,514.7109999999999,50,134,231,1,2
2017-10-01,11797,ChargePoint,396.55199999999985,45,111,208,1,2
2017-09-01,11797,ChargePoint,300.9200000000001,32,75,178,1,2
2017-08-01,11797,ChargePoint,342.0719999999999,47,93,212,1,2
2017-07-01,11797,ChargePoint,350.18199999999996,41,82,191,1,2
2017-06-01,11797,ChargePoint,500.3280000000001,61,123,268,1,2
2017-05-01,11797,ChargePoint,438.0560000000001,62,118,306,1,2
2017-04-01,11797,ChargePoint,162.927,24,53,95,1,2
2016-10-01,11797,ChargePoint,6.651,2,3,5,1,1
2016-09-01,11797,ChargePoint,81.131,10,16,28,1,2
2016-08-01,11797,ChargePoint,272.0060000000001,28,61,89,1,2
2016-07-01,11797,ChargePoint,410.8789999999999,33,81,155,1,2
2016-06-01,11797,ChargePoint,311.9369999999999,30,66,112,1,2
2016-05-01,11797,ChargePoint,270.914,32,61,126,1,2
2016-04-01,11797,ChargePoint,355.85,42,71,111,1,2
2015-10-01,11797,ChargePoint,157.06799999999998,31,47,92,1,2
2015-09-01,11797,ChargePoint,245.71900000000005,46,61,120,1,2
2015-08-01,11797,ChargePoint,258.355,42,61,109,1,2
2020-06-01,11797,ChargePoint,127.186,14,27,63,1,2
2019-10-01,11797,ChargePoint,363.422,59,117,242,1,2
2015-07-01,11797,ChargePoint,213.082,31,49,96,1,2
2020-05-01,11797,ChargePoint,167.064,6,29,64,1,2
2019-04-01,11797,ChargePoint,232.633,39,103,177,1,2
2019-08-01,11797,ChargePoint,331.694,36,92,187,1,2
2019-10-01,11556,ChargePoint,949.7920000000001,38,185,208,1,2
2019-09-01,11556,ChargePoint,388.745,27,79,100,1,2
2019-07-01,11556,ChargePoint,777.981,47,155,217,1,2
2019-06-01,11556,ChargePoint,443.33600000000007,38,105,165,1,2
2019-05-01,11556,ChargePoint,709.3379999999997,44,153,198,1,2
2019-04-01,11556,ChargePoint,611.5079999999999,49,136,182,1,2
2018-10-01,11556,ChargePoint,206.176,25,59,97,1,2
2018-09-01,11556,ChargePoint,164.969,25,54,105,1,2
2018-08-01,11556,ChargePoint,216.819,36,76,129,1,2
2018-07-01,11556,ChargePoint,159.674,28,57,94,1,2
2018-06-01,11556,ChargePoint,228.075,40,80,128,1,2
2018-05-01,11556,ChargePoint,246.01000000000005,40,88,137,1,2
2018-04-01,11556,ChargePoint,230.51399999999998,45,86,173,1,2
2017-10-01,11556,ChargePoint,250.09499999999997,44,95,144,1,2
2017-09-01,11556,ChargePoint,258.909,41,95,162,1,2
2017-08-01,11556,ChargePoint,219.62899999999993,48,82,122,1,2
2017-07-01,11556,ChargePoint,205.835,35,79,143,1,2
2017-06-01,11556,ChargePoint,247.55099999999996,41,90,137,1,2
2017-05-01,11556,ChargePoint,136.96500000000003,21,56,72,1,2
2017-04-01,11556,ChargePoint,98.334,16,41,67,1,2
2016-10-01,11556,ChargePoint,41.876999999999995,7,18,28,1,1
2016-09-01,11556,ChargePoint,44.048,10,15,20,1,2
2016-08-01,11556,ChargePoint,53.74400000000001,10,25,43,1,1
2016-07-01,11556,ChargePoint,76.90299999999999,13,31,44,1,2
2016-06-01,11556,ChargePoint,103.504,17,35,55,1,2
2016-05-01,11556,ChargePoint,81.743,14,32,56,1,1
2016-04-01,11556,ChargePoint,105.08399999999999,17,41,70,1,2
2015-09-01,11556,ChargePoint,112.94399999999999,17,36,43,1,2
2015-08-01,11556,ChargePoint,79.475,13,27,28,1,2
2015-07-01,11556,ChargePoint,150.74900000000002,21,45,58,1,2
2019-08-01,11556,ChargePoint,792.465,34,149,173,1,2
2015-10-01,11556,ChargePoint,90.562,11,27,31,1,2
2020-10-01,11556,ChargePoint,1457.5900000000004,38,260,291,1,2
2020-09-01,11556,ChargePoint,594.9700000000001,22,107,113,1,2
2020-08-01,11556,ChargePoint,688.4720000000001,28,121,137,1,2
2020-07-01,11556,ChargePoint,314.252,14,57,58,1,2
2020-05-01,11556,ChargePoint,449.98600000000005,10,77,86,1,1
2020-04-01,11556,ChargePoint,480.78599999999994,12,81,83,1,1
2019-07-01,11553,ChargePoint,835.1549999999996,99,209,314,3,5
2019-06-01,11553,ChargePoint,951.4339999999999,116,249,412,3,6
2019-05-01,11553,ChargePoint,1190.8120000000004,152,311,731,3,6
2019-04-01,11553,ChargePoint,1778.2709999999995,233,459,1049,3,6
2018-10-01,11553,ChargePoint,633.4420000000002,86,180,508,2,4
2018-09-01,11553,ChargePoint,529.082,67,138,333,2,4
2018-08-01,11553,ChargePoint,454.08799999999997,62,145,458,2,4
2018-07-01,11553,ChargePoint,385.34499999999986,57,113,310,2,4
2018-06-01,11553,ChargePoint,461.3159999999999,64,138,349,2,4
2018-05-01,11553,ChargePoint,577.1959999999999,86,177,556,2,4
2018-04-01,11553,ChargePoint,581.6560000000001,87,186,463,2,4
2017-09-01,11530,ChargePoint,745.5830000000001,98,230,699,3,6
2017-08-01,11530,ChargePoint,348.4549999999999,51,117,266,3,6
2017-07-01,11530,ChargePoint,328.00300000000004,37,98,183,2,3
2017-06-01,11530,ChargePoint,349.56600000000003,51,112,281,3,5
2017-05-01,11530,ChargePoint,601.879,96,210,534,3,6
2017-04-01,11530,ChargePoint,664.785,90,213,573,3,6
2016-10-01,11530,ChargePoint,522.158,71,171,420,3,6
2016-09-01,11530,ChargePoint,436.33899999999994,67,161,446,3,6
2016-08-01,11530,ChargePoint,268.91099999999994,40,91,249,3,5
2016-07-01,11530,ChargePoint,259.5299999999999,35,79,189,3,5
2016-06-01,11530,ChargePoint,125.11300000000001,13,31,44,2,3
2016-05-01,11530,ChargePoint,147.83899999999997,29,48,142,3,5
2016-04-01,11530,ChargePoint,169.356,32,57,150,3,5
2015-10-01,11530,ChargePoint,248.758,45,92,189,3,6
2015-08-01,11530,ChargePoint,107.31899999999997,23,36,135,3,5
2017-10-01,11530,ChargePoint,1109.1760000000004,121,319,724,3,6
2015-09-01,11530,ChargePoint,268.927,45,96,185,3,5
2015-07-01,11530,ChargePoint,30.878999999999998,11,14,64,3,4
2018-08-01,11530,ChargePoint,441.73100000000017,46,105,246,2,4
2018-06-01,11530,ChargePoint,691.5419999999999,72,163,397,2,4
2018-05-01,11530,ChargePoint,830.7650000000001,100,233,624,2,4
2018-04-01,11530,ChargePoint,731.4940000000001,90,219,694,2,4
2018-07-01,11530,ChargePoint,572.1899999999997,73,143,338,2,4
2018-10-01,11550,ChargePoint,1129.7169999999999,156,316,718,2,4
2018-09-01,11550,ChargePoint,986.899,145,279,683,2,4
2018-08-01,11550,ChargePoint,1038.425,117,290,516,2,4
2018-07-01,11550,ChargePoint,910.4480000000004,92,252,340,2,4
2018-06-01,11550,ChargePoint,765.9580000000001,84,212,337,2,4
2018-05-01,11550,ChargePoint,901.64,130,280,539,2,4
2018-04-01,11550,ChargePoint,965.56,138,290,642,2,4
2017-10-01,11550,ChargePoint,728.6969999999999,111,215,492,2,4
2017-09-01,11550,ChargePoint,456.57599999999985,68,137,290,2,4
2017-08-01,11550,ChargePoint,284.02000000000004,44,88,182,2,3
2017-06-01,11550,ChargePoint,184.284,36,60,148,2,3
2017-05-01,11550,ChargePoint,461.988,78,154,349,2,4
2017-04-01,11550,ChargePoint,447.75900000000007,116,142,296,2,4
2016-10-01,11550,ChargePoint,394.829,61,134,309,2,4
2016-09-01,11550,ChargePoint,435.4189999999999,75,142,326,2,4
2016-08-01,11550,ChargePoint,462.98100000000017,66,137,294,2,4
2016-07-01,11550,ChargePoint,387.609,52,110,205,2,3
2016-06-01,11550,ChargePoint,347.18,57,113,247,2,4
2016-05-01,11550,ChargePoint,475.27500000000003,70,145,317,2,4
2016-04-01,11550,ChargePoint,437.85899999999987,77,158,429,2,4
2015-10-01,11550,ChargePoint,456.232,74,163,436,2,4
2015-09-01,11550,ChargePoint,436.7990000000001,74,141,405,2,4
2015-08-01,11550,ChargePoint,149.55599999999998,33,52,135,2,4
2015-07-01,11550,ChargePoint,124.01899999999999,33,52,148,2,3
2017-07-01,11550,ChargePoint,184.19599999999994,26,54,101,1,2
2019-06-01,11030,ChargePoint,5870.918000000002,477,1221,2574,4,8
2019-05-01,11030,ChargePoint,5372.274,430,1173,2717,4,8
2019-04-01,11030,ChargePoint,4619.742000000002,394,1034,2646,4,8
2018-10-01,11030,ChargePoint,5358.3380000000025,462,1204,2369,4,8
2018-09-01,11030,ChargePoint,3523.316000000002,357,839,1911,4,8
2018-08-01,11030,ChargePoint,3276.74,292,752,1399,4,8
2018-07-01,11030,ChargePoint,2922.120999999999,267,683,1354,4,7
2018-06-01,11030,ChargePoint,3016.8129999999987,291,712,1633,4,8
2018-05-01,11030,ChargePoint,3292.6119999999996,300,768,1494,4,8
2018-04-01,11030,ChargePoint,3220.864,273,736,1351,4,8
2017-10-01,11030,ChargePoint,2806.6899999999996,254,636,1124,4,8
2017-09-01,11030,ChargePoint,2660.212,234,607,1136,4,8
2017-08-01,11030,ChargePoint,2920.1459999999997,244,625,1656,4,8
2017-07-01,11030,ChargePoint,2525.8930000000005,211,571,1484,4,8
2017-06-01,11030,ChargePoint,3085.557999999999,259,696,1760,4,8
2017-05-01,11030,ChargePoint,2777.7219999999984,228,617,1374,4,8
2016-10-01,11030,ChargePoint,1696.1389999999997,133,502,972,4,8
2016-09-01,11030,ChargePoint,1180.2740000000001,91,371,668,4,7
2016-08-01,11030,ChargePoint,580.6659999999999,52,211,336,4,7
2019-10-01,11030,ChargePoint,3642.7880000000023,295,779,1726,4,7
2019-09-01,11030,ChargePoint,3456.343999999998,300,723,1428,4,7
2019-08-01,11030,ChargePoint,3440.3010000000013,395,704,1429,4,8
2019-07-01,11030,ChargePoint,4468.837999999999,557,961,1924,4,8
2017-04-01,11030,ChargePoint,2140.917999999999,162,432,1389,3,6
2016-07-01,11030,ChargePoint,1116.8890000000001,99,340,790,3,6
2016-06-01,11030,ChargePoint,809.9289999999997,111,307,745,3,5
2016-05-01,11030,ChargePoint,803.3209999999999,112,332,815,3,6
2016-04-01,11030,ChargePoint,997.8369999999998,95,296,717,3,6
2015-10-01,11030,ChargePoint,702.765,100,207,573,3,6
2015-09-01,11030,ChargePoint,596.7050000000003,64,155,380,3,6
2015-08-01,11030,ChargePoint,349.20200000000006,37,95,243,3,4
2015-07-01,11030,ChargePoint,443.1540000000001,50,124,307,3,3
2019-10-01,14617,ChargePoint,1435.963999999999,197,304,447,14,23
2019-09-01,14617,ChargePoint,1016.2619999999998,128,208,265,10,17
2019-08-01,14617,ChargePoint,1047.7609999999995,176,224,301,14,22
2019-07-01,14617,ChargePoint,1240.8259999999998,200,270,356,13,22
2019-06-01,14617,ChargePoint,1289.8249999999994,193,296,388,13,21
2019-05-01,14617,ChargePoint,1199.3740000000003,209,288,410,15,25
2019-04-01,14617,ChargePoint,853.5389999999998,128,204,360,13,17
2020-10-01,14617,ChargePoint,581.2380000000003,120,134,149,8,13
2020-09-01,14617,ChargePoint,717.5079999999998,142,147,151,8,12
2020-08-01,14617,ChargePoint,530.3480000000003,130,126,152,7,10
2020-07-01,14617,ChargePoint,789.2859999999997,148,158,187,5,9
2020-05-01,14617,ChargePoint,288.34000000000015,52,63,65,8,10
2020-06-01,14617,ChargePoint,410.99199999999996,174,94,104,6,10
2015-06-01,14617,ChargePoint,70.5,20,20,24,2,4
2015-05-01,14617,ChargePoint,30.797000000000004,9,8,8,2,4
2015-04-01,14617,ChargePoint,71.368,19,14,14,2,4
2018-10-01,14617,ChargePoint,799.1780000000003,118,206,278,4,8
2018-09-01,14617,ChargePoint,924.5139999999997,146,255,327,4,8
2018-08-01,14617,ChargePoint,1045.607,159,251,366,4,8
2018-07-01,14617,ChargePoint,1358.6469999999997,193,343,452,4,8
2018-06-01,14617,ChargePoint,1036.5660000000003,145,250,363,4,8
2018-05-01,14617,ChargePoint,1103.6100000000001,132,255,361,4,8
2018-04-01,14617,ChargePoint,885.5299999999999,101,207,287,4,8
2016-04-01,14617,ChargePoint,263.9129999999999,68,66,75,2,4
2015-10-01,14617,ChargePoint,214.9240000000001,48,59,75,2,4
2015-09-01,14617,ChargePoint,279.255,83,81,86,2,4
2015-08-01,14617,ChargePoint,104.18499999999997,26,35,42,2,4
2015-07-01,14617,ChargePoint,117.39599999999999,29,29,32,2,4
2017-10-01,14617,ChargePoint,637.1789999999997,104,156,303,2,4
2017-09-01,14617,ChargePoint,658.152,92,155,349,2,4
2017-08-01,14617,ChargePoint,399.998,76,96,201,2,4
2017-07-01,14617,ChargePoint,672.5679999999998,99,162,298,2,4
2017-06-01,14617,ChargePoint,669.735,97,167,355,2,4
2017-05-01,14617,ChargePoint,429.0190000000002,65,107,327,2,4
2017-04-01,14617,ChargePoint,493.5239999999999,93,121,163,2,4
2016-10-01,14617,ChargePoint,310.58400000000006,58,70,92,2,4
2016-09-01,14617,ChargePoint,323.08900000000006,65,82,97,2,4
2016-08-01,14617,ChargePoint,302.149,46,77,88,2,4
2016-07-01,14617,ChargePoint,377.011,64,95,115,2,4
2016-06-01,14617,ChargePoint,411.1389999999999,53,101,127,2,4
2016-05-01,14617,ChargePoint,419.93199999999996,65,100,116,2,4
2020-04-01,14617,ChargePoint,114.628,18,28,31,3,4
2020-10-01,14621,ChargePoint,5257.075999999999,558,1556,3773,10,19
2020-09-01,14621,ChargePoint,4567.697999999999,522,1512,3656,10,17
2020-08-01,14621,ChargePoint,3954.7800000000025,466,1246,3379,12,20
2020-07-01,14621,ChargePoint,3781.7920000000017,442,1168,3072,12,22
2020-06-01,14621,ChargePoint,3526.068000000001,354,1094,3750,11,20
2020-05-01,14621,ChargePoint,2598.6540000000005,182,654,1322,11,17
2020-04-01,14621,ChargePoint,2302.832,216,544,1318,10,16
2019-10-01,14621,ChargePoint,1031.4570000000003,112,236,388,9,16
2019-09-01,14621,ChargePoint,392.864,71,109,183,10,15
2019-08-01,14621,ChargePoint,676.7489999999999,94,150,350,11,17
2019-07-01,14621,ChargePoint,439.03999999999996,67,105,417,11,16
2019-06-01,14621,ChargePoint,75.71699999999998,14,17,37,5,7
2018-09-01,14623,ChargePoint,2579.1830000000014,339,659,1326,6,12
2018-08-01,14623,ChargePoint,2104.8850000000007,266,570,1220,5,10
2018-07-01,14623,ChargePoint,1664.869,206,413,743,5,10
2018-06-01,14623,ChargePoint,1830.670999999999,247,434,852,6,12
2018-05-01,14623,ChargePoint,2196.9529999999986,251,533,1141,6,12
2018-04-01,14623,ChargePoint,3024.1729999999993,370,744,1496,6,12
2017-10-01,14623,ChargePoint,3037.6939999999986,395,737,1417,5,10
2017-09-01,14623,ChargePoint,2502.8209999999995,296,586,1194,5,10
2017-08-01,14623,ChargePoint,1816.616,221,465,1084,5,10
2017-07-01,14623,ChargePoint,1400.3560000000002,152,358,742,5,10
2017-06-01,14623,ChargePoint,1137.5889999999993,179,309,778,5,10
2017-05-01,14623,ChargePoint,1634.5600000000004,202,461,1074,5,10
2017-04-01,14623,ChargePoint,1948.114999999999,246,525,1128,5,10
2016-10-01,14623,ChargePoint,1737.349,227,501,969,5,10
2016-06-01,14623,ChargePoint,1069.6229999999996,149,290,789,5,9
2016-05-01,14623,ChargePoint,1137.153,196,358,1021,6,11
2016-04-01,14623,ChargePoint,1344.4190000000003,222,428,1162,5,9
2015-09-01,14623,ChargePoint,1146.4570000000003,207,381,1043,6,11
2015-08-01,14623,ChargePoint,393.67900000000014,81,138,433,6,11
2015-05-01,14623,ChargePoint,104.518,8,23,28,2,3
2015-06-01,14623,ChargePoint,21.123,4,6,6,2,3
2015-04-01,14623,ChargePoint,173.05799999999996,11,47,53,2,3
2014-10-01,14623,ChargePoint,122.03099999999999,10,26,37,2,3
2014-09-01,14623,ChargePoint,45.878,7,15,17,2,4
2014-08-01,14623,ChargePoint,44.410999999999994,12,17,20,2,3
2014-07-01,14623,ChargePoint,93.78699999999999,12,30,42,2,3
2016-08-01,14623,ChargePoint,991.23,159,297,799,5,9
2015-10-01,14623,ChargePoint,1073.0989999999997,186,366,984,6,12
2014-06-01,14623,ChargePoint,15.338000000000001,10,5,5,1,2
2014-05-01,14623,ChargePoint,35.117000000000004,17,11,13,1,2
2014-04-01,14623,ChargePoint,58.051,3,11,13,1,2
2020-10-01,14623,ChargePoint,6696.285999999996,637,1500,2470,8,16
2020-09-01,14623,ChargePoint,5930.6089999999995,520,1314,2361,8,16
2020-08-01,14623,ChargePoint,3736.314999999999,316,807,1443,8,16
2020-07-01,14623,ChargePoint,3254.800999999999,212,622,895,8,15
2020-06-01,14623,ChargePoint,1488.9659999999992,139,311,466,8,14
2020-05-01,14623,ChargePoint,1058.372,113,248,357,8,12
2020-04-01,14623,ChargePoint,821.0250000000003,96,196,266,6,11
2019-10-01,14623,ChargePoint,5291.421999999997,601,1265,1991,7,14
2019-09-01,14623,ChargePoint,4014.5540000000024,447,990,1686,7,14
2019-08-01,14623,ChargePoint,3866.7090000000057,422,897,1692,6,12
2019-07-01,14623,ChargePoint,2856.662000000002,281,661,1269,6,12
2019-06-01,14623,ChargePoint,2355.594000000001,242,546,1050,6,12
2019-05-01,14623,ChargePoint,3196.796000000001,297,716,1317,6,12
2019-04-01,14623,ChargePoint,3726.632999999999,398,919,1620,6,12
2018-10-01,14623,ChargePoint,3066.4699999999993,386,807,1645,5,10
2016-09-01,14623,ChargePoint,1081.695,148,326,726,4,7
2016-07-01,14623,ChargePoint,806.0900000000004,115,251,667,5,8
2018-07-01,14607,ChargePoint,423.405,69,128,411,2,4
2017-09-01,14607,ChargePoint,352.98299999999995,85,93,281,2,4
2017-06-01,14607,ChargePoint,360.6040000000002,82,110,358,2,4
2017-05-01,14607,ChargePoint,422.30600000000004,86,124,355,2,4
2017-04-01,14607,ChargePoint,635.2950000000002,74,155,357,2,4
2016-10-01,14607,ChargePoint,417.612,58,114,279,2,4
2016-09-01,14607,ChargePoint,274.97399999999993,44,83,156,2,4
2016-08-01,14607,ChargePoint,500.491,69,135,356,2,4
2016-07-01,14607,ChargePoint,426.232,53,110,272,2,4
2016-05-01,14607,ChargePoint,235.528,39,74,180,2,4
2015-10-01,14607,ChargePoint,177.503,46,74,166,2,4
2015-07-01,14607,ChargePoint,361.095,78,127,370,2,4
2019-04-01,14607,ChargePoint,503.07000000000016,75,142,398,4,7
2018-10-01,14607,ChargePoint,612.7669999999997,88,183,458,2,3
2018-09-01,14607,ChargePoint,561.6809999999999,94,162,562,2,3
2018-08-01,14607,ChargePoint,360.8880000000001,63,104,360,2,4
2018-06-01,14607,ChargePoint,330.749,50,79,242,2,4
2018-05-01,14607,ChargePoint,250.70900000000003,47,69,253,2,3
2018-04-01,14607,ChargePoint,289.67299999999994,47,82,215,2,3
2017-10-01,14607,ChargePoint,375.589,58,97,303,2,4
2017-08-01,14607,ChargePoint,326.57800000000003,45,83,277,2,4
2017-07-01,14607,ChargePoint,371.90199999999993,69,103,341,2,3
2016-06-01,14607,ChargePoint,247.30199999999996,46,74,199,2,4
2016-04-01,14607,ChargePoint,265.572,43,85,246,2,4
2015-09-01,14607,ChargePoint,308.433,64,119,275,2,4
2015-08-01,14607,ChargePoint,282.802,48,88,195,2,4
2015-06-01,14607,ChargePoint,323.2710000000001,70,118,340,2,4
2015-05-01,14607,ChargePoint,293.26300000000003,58,92,269,2,4
2015-04-01,14607,ChargePoint,460.23999999999995,73,150,380,2,4
2014-10-01,14607,ChargePoint,551.633,120,196,596,2,4
2014-09-01,14607,ChargePoint,488.012,113,173,457,2,4
2014-08-01,14607,ChargePoint,307.4590000000001,83,117,311,2,4
2014-07-01,14607,ChargePoint,357.34100000000007,80,137,396,2,4
2014-06-01,14607,ChargePoint,149.65499999999997,37,55,223,2,4
2014-05-01,14607,ChargePoint,121.13699999999999,16,29,117,1,2
2014-04-01,14607,ChargePoint,38.795,10,12,61,2,3
2014-03-01,14607,ChargePoint,0.0,5,0,0,2,4
2020-09-01,14607,ChargePoint,447.07,56,125,210,4,8
2020-08-01,14607,ChargePoint,485.596,66,137,308,4,7
2020-07-01,14607,ChargePoint,504.152,70,141,258,3,6
2020-06-01,14607,ChargePoint,329.026,50,94,245,2,4
2020-05-01,14607,ChargePoint,201.99999999999997,26,62,180,2,4
2020-04-01,14607,ChargePoint,174.74,18,49,107,3,3
2019-10-01,14607,ChargePoint,958.6259999999996,113,228,577,6,12
2019-09-01,14607,ChargePoint,961.327,96,206,500,2,4
2019-08-01,14607,ChargePoint,612.199,60,136,348,2,4
2019-07-01,14607,ChargePoint,422.586,49,94,257,2,4
2019-06-01,14607,ChargePoint,506.2299999999999,80,132,391,2,4
2019-05-01,14607,ChargePoint,698.8949999999998,89,185,484,2,4
2020-10-01,14606,ChargePoint,356.486,20,88,1153,4,4
2020-10-01,14608,ChargePoint,31.54,2,10,192,1,1
2020-09-01,14606,ChargePoint,197.892,14,52,1803,3,3
2020-08-01,14606,ChargePoint,173.04,16,60,2761,3,3
2020-09-01,14608,ChargePoint,77.502,4,13,76,1,1
2020-08-01,14608,ChargePoint,72.246,14,22,602,1,1
2020-07-01,14608,ChargePoint,111.346,6,40,1011,1,1
2020-07-01,14606,ChargePoint,276.64200000000005,10,64,932,3,3
2020-06-01,14608,ChargePoint,301.194,10,62,766,1,1
2020-05-01,14608,ChargePoint,638.3399999999998,24,121,930,1,1
2020-05-01,14606,ChargePoint,53.842,8,24,796,2,2
2020-04-01,14606,ChargePoint,268.05000000000007,16,105,1938,2,2
2020-04-01,14608,ChargePoint,802.5879999999999,28,150,588,1,1
2019-10-01,14606,ChargePoint,122.216,11,40,454,2,2
2019-10-01,14608,ChargePoint,482.58599999999996,16,81,390,1,1
2019-09-01,14606,ChargePoint,102.21000000000001,13,32,384,4,4
2019-09-01,14608,ChargePoint,334.213,16,53,365,1,1
2019-08-01,14606,ChargePoint,38.741,5,12,216,2,2
2019-08-01,14608,ChargePoint,276.464,12,45,286,1,1
2019-07-01,14608,ChargePoint,397.22100000000006,15,66,339,1,1
2019-07-01,14606,ChargePoint,63.756,6,21,158,2,2
2019-06-01,14608,ChargePoint,145.81400000000002,9,24,145,1,1
2019-06-01,14606,ChargePoint,3.784,2,1,74,2,2
2019-05-01,14606,ChargePoint,105.23800000000001,7,26,529,3,3
2019-05-01,14608,ChargePoint,51.135999999999996,5,12,224,1,1
2019-04-01,14606,ChargePoint,111.22999999999999,4,39,760,3,3
2019-04-01,14608,ChargePoint,97.22,10,31,330,1,1
2018-09-01,14606,ChargePoint,115.843,7,34,765,4,4
2014-06-01,14605,ChargePoint,22.734999999999996,6,6,6,2,3
2014-05-01,14605,ChargePoint,31.042,18,9,11,1,2
2015-06-01,14605,ChargePoint,128.13099999999997,35,37,56,1,2
2015-08-01,14605,ChargePoint,18.582,4,5,7,1,2
2015-07-01,14605,ChargePoint,57.452,21,18,23,1,2
2015-04-01,14605,ChargePoint,33.615,12,13,15,1,2
2015-03-01,14605,ChargePoint,69.81599999999999,23,18,18,1,2
2014-10-01,14605,ChargePoint,101.69400000000002,30,31,33,1,2
2014-09-01,14605,ChargePoint,76.22999999999999,27,23,27,1,2
2014-08-01,14605,ChargePoint,137.642,28,35,49,1,2
2014-07-01,14605,ChargePoint,23.89,10,7,8,1,2
2015-05-01,14605,ChargePoint,16.012999999999998,10,5,8,1,2
2019-09-01,14605,ChargePoint,177.35999999999999,35,42,57,2,3
2019-08-01,14605,ChargePoint,112.176,21,26,31,1,2
2019-07-01,14605,ChargePoint,57.821999999999996,6,10,11,1,2
2019-06-01,14605,ChargePoint,42.11,12,12,12,1,2
2019-05-01,14605,ChargePoint,337.62600000000026,79,81,95,1,2
2019-04-01,14605,ChargePoint,240.78199999999998,53,50,55,1,2
2018-10-01,14605,ChargePoint,162.07899999999995,43,42,49,1,2
2018-09-01,14605,ChargePoint,206.34400000000002,51,46,58,1,2
2018-08-01,14605,ChargePoint,113.91000000000001,21,24,32,1,2
2018-07-01,14605,ChargePoint,301.8309999999999,63,68,85,1,2
2018-06-01,14605,ChargePoint,197.36599999999999,47,45,52,1,2
2018-05-01,14605,ChargePoint,315.1460000000001,73,72,94,1,2
2018-04-01,14605,ChargePoint,283.7820000000001,50,67,96,1,2
2017-10-01,14605,ChargePoint,210.422,50,45,55,1,2
2017-09-01,14605,ChargePoint,269.3409999999999,82,71,93,1,2
2017-08-01,14605,ChargePoint,358.6299999999999,77,87,133,1,2
2017-07-01,14605,ChargePoint,364.102,73,89,166,1,2
2017-06-01,14605,ChargePoint,121.91600000000003,40,34,37,1,2
2017-05-01,14605,ChargePoint,213.71599999999992,56,55,80,1,2
2017-04-01,14605,ChargePoint,143.38199999999995,45,35,40,1,2
2016-10-01,14605,ChargePoint,150.40200000000002,34,35,38,1,2
2016-09-01,14605,ChargePoint,77.848,25,17,21,1,2
2016-08-01,14605,ChargePoint,123.71199999999999,37,30,37,1,2
2016-07-01,14605,ChargePoint,123.15299999999998,40,31,37,1,2
2016-06-01,14605,ChargePoint,122.97900000000001,40,29,36,1,2
2016-05-01,14605,ChargePoint,333.5779999999999,56,71,78,1,2
2016-04-01,14605,ChargePoint,238.69799999999995,49,50,56,1,2
2015-10-01,14605,ChargePoint,349.1589999999999,41,67,73,1,2
2015-09-01,14605,ChargePoint,226.22900000000004,35,49,58,1,2
2019-09-01,14612,ChargePoint,524.1459999999998,95,152,198,4,8
2019-08-01,14612,ChargePoint,815.4720000000001,148,208,253,2,4
2019-07-01,14612,ChargePoint,884.4540000000004,170,210,243,2,4
2019-06-01,14612,ChargePoint,520.647,117,138,178,2,4
2019-05-01,14612,ChargePoint,446.81699999999995,88,97,112,2,4
2019-04-01,14612,ChargePoint,312.859,45,64,68,2,4
2018-10-01,14612,ChargePoint,344.2960000000001,58,85,105,2,4
2018-09-01,14612,ChargePoint,482.7820000000001,71,108,122,2,4
2018-08-01,14612,ChargePoint,553.1090000000003,91,126,163,2,4
2018-07-01,14612,ChargePoint,671.5149999999999,107,151,194,2,4
2018-06-01,14612,ChargePoint,795.6149999999998,110,168,190,2,4
2018-05-01,14612,ChargePoint,656.0739999999997,99,154,190,2,4
2018-04-01,14612,ChargePoint,196.823,27,40,50,2,4
2017-10-01,14612,ChargePoint,716.241,64,145,187,2,4
2017-09-01,14612,ChargePoint,346.8789999999998,76,102,136,2,4
2017-08-01,14612,ChargePoint,360.971,73,106,142,2,4
2017-07-01,14612,ChargePoint,406.5989999999998,77,120,186,2,4
2017-06-01,14612,ChargePoint,395.94599999999997,70,99,161,2,4
2017-05-01,14612,ChargePoint,229.76799999999994,69,63,66,2,4
2017-04-01,14612,ChargePoint,181.19500000000002,43,51,94,2,4
2016-10-01,14612,ChargePoint,207.52700000000004,46,50,51,2,4
2016-09-01,14612,ChargePoint,311.2029999999999,72,80,90,2,4
2016-08-01,14612,ChargePoint,324.922,60,94,115,2,4
2016-07-01,14612,ChargePoint,296.0520000000001,62,95,122,2,4
2016-06-01,14612,ChargePoint,277.93699999999995,55,81,112,2,4
2016-05-01,14612,ChargePoint,83.296,27,27,33,2,4
2016-04-01,14612,ChargePoint,152.32899999999998,29,39,44,2,4
2015-10-01,14612,ChargePoint,198.414,45,61,73,2,4
2015-09-01,14612,ChargePoint,323.40799999999996,67,98,120,2,4
2015-08-01,14612,ChargePoint,684.7090000000006,138,223,298,2,4
2015-07-01,14612,ChargePoint,569.3320000000003,120,185,250,2,4
2015-06-01,14612,ChargePoint,565.338,111,177,269,2,4
2015-04-01,14612,ChargePoint,442.0889999999999,104,143,218,2,4
2015-05-01,14612,ChargePoint,432.68300000000005,83,135,227,2,4
2014-10-01,14612,ChargePoint,299.12399999999997,61,93,127,2,4
2014-09-01,14612,ChargePoint,612.3949999999999,122,191,295,2,4
2014-07-01,14612,ChargePoint,449.4189999999997,95,148,270,2,4
2014-06-01,14612,ChargePoint,100.54100000000001,26,32,34,2,4
2014-05-01,14612,ChargePoint,52.849999999999994,15,17,18,2,4
2014-04-01,14612,ChargePoint,30.29,25,10,10,2,4
2018-06-01,14614,ChargePoint,1447.6290000000013,223,389,776,3,6
2018-05-01,14614,ChargePoint,1430.0640000000003,230,382,730,3,6
2018-04-01,14614,ChargePoint,1614.7790000000005,220,455,867,3,6
2017-10-01,14614,ChargePoint,1586.6240000000003,241,454,858,3,6
2017-09-01,14614,ChargePoint,953.977,168,278,540,3,6
2017-08-01,14614,ChargePoint,1322.057999999999,206,408,716,3,6
2017-07-01,14614,ChargePoint,1222.9550000000006,211,377,766,3,6
2017-06-01,14614,ChargePoint,1265.2090000000003,209,387,807,3,6
2017-05-01,14614,ChargePoint,1331.708000000001,235,410,867,3,6
2017-04-01,14614,ChargePoint,1122.5570000000002,191,350,708,3,6
2018-07-01,14614,ChargePoint,1172.9079999999992,174,343,689,3,5
2016-10-01,14614,ChargePoint,1636.4020000000007,268,542,1032,3,6
2016-09-01,14614,ChargePoint,1481.7899999999997,238,480,994,3,6
2016-08-01,14614,ChargePoint,1417.128,225,458,869,3,6
2016-07-01,14614,ChargePoint,1619.669,229,488,975,3,6
2016-06-01,14614,ChargePoint,1413.5579999999993,240,437,903,3,6
2016-05-01,14614,ChargePoint,1852.0140000000004,272,564,975,3,6
2016-04-01,14614,ChargePoint,1275.6550000000002,202,402,757,3,6
2015-10-01,14614,ChargePoint,856.8079999999999,154,263,546,3,6
2015-09-01,14614,ChargePoint,564.2209999999999,127,192,508,3,6
2015-08-01,14614,ChargePoint,625.1890000000003,139,220,573,3,6
2015-07-01,14614,ChargePoint,474.2129999999999,123,183,496,3,6
2015-06-01,14614,ChargePoint,519.4029999999999,140,204,620,3,6
2015-05-01,14614,ChargePoint,416.9169999999999,131,148,463,3,6
2015-04-01,14614,ChargePoint,463.7519999999999,117,176,501,3,6
2014-10-01,14614,ChargePoint,205.49300000000002,52,68,165,3,6
2014-09-01,14614,ChargePoint,144.30499999999998,54,51,168,3,6
2014-06-01,14614,ChargePoint,106.75400000000002,33,38,124,3,6
2014-05-01,14614,ChargePoint,218.05299999999997,48,69,171,3,4
2014-04-01,14614,ChargePoint,133.378,51,50,135,3,6
2014-08-01,14614,ChargePoint,128.09699999999998,27,39,114,3,5
2019-09-01,14614,ChargePoint,1737.1700000000005,202,390,869,5,10
2019-08-01,14614,ChargePoint,1499.5529999999999,171,342,697,3,6
2019-07-01,14614,ChargePoint,2053.1929999999993,264,507,1140,3,6
2019-06-01,14614,ChargePoint,2174.2730000000015,254,533,1319,3,6
2019-05-01,14614,ChargePoint,2282.6000000000004,290,566,1179,3,6
2019-04-01,14614,ChargePoint,2166.896000000001,277,550,1086,3,6
2018-10-01,14614,ChargePoint,1582.0799999999992,265,456,929,3,6
2018-09-01,14614,ChargePoint,1097.607,191,314,610,3,6
2018-08-01,14614,ChargePoint,936.9780000000001,151,291,602,3,6
2014-07-01,14614,ChargePoint,156.486,33,55,155,2,3
2019-09-01,14604,ChargePoint,2992.7469999999976,374,710,1500,6,12
2019-08-01,14604,ChargePoint,2538.7329999999997,287,570,1283,4,8
2019-07-01,14604,ChargePoint,2428.5000000000005,320,583,1290,4,8
2019-06-01,14604,ChargePoint,2956.5190000000016,397,701,1467,4,8
2019-05-01,14604,ChargePoint,3414.449,436,859,1987,4,8
2019-04-01,14604,ChargePoint,3590.1580000000013,480,930,2014,4,8
2018-10-01,14604,ChargePoint,2681.6950000000006,443,782,1780,4,8
2018-09-01,14604,ChargePoint,2321.396999999997,389,657,1630,4,8
2018-08-01,14604,ChargePoint,2015.094,332,564,1446,4,8
2018-07-01,14604,ChargePoint,1691.3370000000004,246,491,1184,4,8
2018-06-01,14604,ChargePoint,2126.188,340,622,1432,4,8
2018-05-01,14604,ChargePoint,1884.277,303,548,1391,4,8
2018-04-01,14604,ChargePoint,2246.541000000001,318,677,1632,4,8
2017-10-01,14604,ChargePoint,1659.5399999999995,293,514,1657,4,8
2017-09-01,14604,ChargePoint,1351.4279999999999,262,442,1561,4,8
2017-08-01,14604,ChargePoint,1062.7769999999994,202,347,1245,4,7
2017-07-01,14604,ChargePoint,1113.8679999999997,209,359,957,4,7
2017-06-01,14604,ChargePoint,1174.7110000000002,215,373,801,4,7
2017-05-01,14604,ChargePoint,1221.7539999999995,247,405,1229,4,7
2017-04-01,14604,ChargePoint,1316.4619999999998,273,492,1615,4,7
2016-10-01,14604,ChargePoint,1539.596,226,491,1361,4,8
2016-09-01,14604,ChargePoint,1095.2919999999995,186,348,892,4,8
2016-08-01,14604,ChargePoint,1108.5449999999996,198,347,700,4,8
2016-07-01,14604,ChargePoint,886.0299999999999,171,306,516,4,8
2016-06-01,14604,ChargePoint,1047.1669999999995,183,326,594,4,8
2016-05-01,14604,ChargePoint,972.3840000000001,164,307,568,4,8
2016-04-01,14604,ChargePoint,1072.7339999999997,197,347,656,4,8
2015-10-01,14604,ChargePoint,998.876,130,286,537,3,6
2015-09-01,14604,ChargePoint,683.2759999999997,131,220,460,4,8
2015-08-01,14604,ChargePoint,715.8479999999997,105,200,417,4,7
2015-07-01,14604,ChargePoint,1268.5749999999998,130,294,610,4,8
2015-06-01,14604,ChargePoint,748.4430000000001,146,235,456,4,8
2015-05-01,14604,ChargePoint,771.3980000000004,131,215,419,4,8
2014-07-01,14604,ChargePoint,447.52700000000016,97,152,476,4,7
2015-04-01,14604,ChargePoint,814.4109999999998,149,262,599,4,7
2014-10-01,14604,ChargePoint,755.2250000000003,132,237,639,4,7
2014-09-01,14604,ChargePoint,653.813,112,198,469,3,6
2014-08-01,14604,ChargePoint,394.37399999999997,85,128,425,4,6
2014-06-01,14604,ChargePoint,614.1080000000003,94,181,510,3,6
2014-05-01,14604,ChargePoint,319.27299999999997,66,99,273,3,6
2014-04-01,14604,ChargePoint,306.40400000000005,34,71,111,3,5
2020-06-01,14604,ChargePoint,897.815,84,167,266,4,7
2019-10-01,14604,ChargePoint,3960.6719999999978,451,923,1855,4,8
2020-05-01,14604,ChargePoint,561.555,45,101,152,4,6
2020-04-01,14604,ChargePoint,351.205,29,91,260,3,5
2020-07-01,14604,ChargePoint,592.9930000000002,70,144,284,4,7
2020-07-01,14614,ChargePoint,2914.7100000000014,306,736,1314,3,6
2020-06-01,14614,ChargePoint,1717.8100000000002,240,470,957,3,6
2020-05-01,14614,ChargePoint,1863.3999999999999,218,484,755,3,6
2020-04-01,14614,ChargePoint,851.1700000000002,114,267,1397,3,5
2019-10-01,14614,ChargePoint,2528.5869999999995,273,587,1238,3,6
2020-10-01,14614,ChargePoint,3640.644000000002,408,976,2029,3,6
2020-09-01,14614,ChargePoint,3380.935999999997,370,865,1736,3,6
2020-08-01,14614,ChargePoint,3176.57,370,861,2068,3,6
2020-09-01,14604,ChargePoint,1059.9399999999996,122,229,517,2,4
2020-08-01,14604,ChargePoint,958.8599999999997,120,225,487,2,4
2020-10-01,14612,ChargePoint,652.4440000000002,120,162,176,4,7
2020-09-01,14612,ChargePoint,692.4920000000002,142,189,222,4,6
2020-08-01,14612,ChargePoint,711.9900000000001,158,179,205,4,8
2020-07-01,14612,ChargePoint,601.5400000000003,126,140,159,4,8
2020-06-01,14612,ChargePoint,657.8039999999995,146,178,201,3,6
2020-05-01,14612,ChargePoint,517.3220000000002,112,141,156,2,4
2020-04-01,14612,ChargePoint,338.05800000000005,94,96,96,2,3
2019-10-01,14612,ChargePoint,341.83400000000006,80,97,119,2,4
2020-10-01,14605,ChargePoint,1536.127999999999,212,292,376,1,2
2020-09-01,14605,ChargePoint,1154.21,184,262,413,1,2
2020-08-01,14605,ChargePoint,1324.3519999999999,238,234,287,1,2
2020-07-01,14605,ChargePoint,1119.7560000000003,164,198,242,1,2
2020-06-01,14605,ChargePoint,844.4059999999998,130,150,199,1,2
2020-05-01,14605,ChargePoint,630.2059999999999,142,124,164,1,2
2020-04-01,14605,ChargePoint,373.014,70,90,126,1,2
2019-10-01,14605,ChargePoint,626.025,75,122,148,1,2
2020-10-01,14627,ChargePoint,757.4290000000001,87,175,311,1,2
2020-09-01,14627,ChargePoint,593.4459999999999,66,122,210,1,1
2020-08-01,14627,ChargePoint,477.29200000000003,48,97,171,1,1
2020-07-01,14627,ChargePoint,312.632,22,61,76,1,1
2020-06-01,14627,ChargePoint,122.214,12,24,27,1,1
2020-05-01,14627,ChargePoint,142.652,14,31,36,1,1
2020-04-01,14627,ChargePoint,46.878,6,10,11,1,1
2019-10-01,14627,ChargePoint,1053.91,126,237,339,1,2
2019-09-01,14627,ChargePoint,779.4879999999998,108,186,245,1,2
2019-08-01,14627,ChargePoint,427.15399999999994,74,115,167,1,2
2019-07-01,14627,ChargePoint,333.78900000000004,53,78,136,1,2
2019-06-01,14627,ChargePoint,290.102,58,82,166,1,2
2019-05-01,14627,ChargePoint,592.7929999999999,86,141,218,1,2
2019-04-01,14627,ChargePoint,678.3400000000003,105,158,225,1,2
2018-10-01,14627,ChargePoint,463.605,86,136,280,1,2
2018-09-01,14627,ChargePoint,375.52799999999985,65,103,151,1,2
2018-08-01,14627,ChargePoint,186.111,30,58,87,1,2
2018-07-01,14627,ChargePoint,50.06700000000001,16,19,22,1,2
2018-06-01,14627,ChargePoint,61.773999999999994,12,18,36,1,2
2018-05-01,14627,ChargePoint,0.96,1,0,0,1,1
2020-10-01,14642,ChargePoint,1298.2540000000008,106,271,466,1,2
2020-09-01,14642,ChargePoint,1409.2659999999996,110,274,615,1,2
2020-08-01,14642,ChargePoint,1362.9379999999996,106,270,767,1,2
2020-07-01,14642,ChargePoint,1298.0420000000004,90,259,399,1,2
2020-06-01,14642,ChargePoint,1164.4360000000001,136,253,594,1,2
2020-05-01,14642,ChargePoint,1112.466,106,247,451,1,2
2020-04-01,14642,ChargePoint,749.6400000000001,62,167,281,1,2
2019-10-01,14642,ChargePoint,776.5240000000001,70,165,217,1,2
2019-09-01,14642,ChargePoint,410.70599999999996,52,97,127,1,2
2019-08-01,14642,ChargePoint,528.395,53,108,125,1,2
2019-07-01,14642,ChargePoint,399.9610000000001,48,93,101,1,2
2019-06-01,14642,ChargePoint,432.076,54,100,119,1,2
2019-05-01,14642,ChargePoint,268.27,46,71,84,1,2
2019-04-01,14642,ChargePoint,324.5539999999999,42,80,88,1,2
2018-10-01,14642,ChargePoint,475.0040000000002,62,135,332,1,2
2018-09-01,14642,ChargePoint,322.068,39,109,284,1,2
2018-08-01,14642,ChargePoint,200.63600000000002,29,67,156,1,2
2018-07-01,14642,ChargePoint,118.729,11,39,41,1,2
2018-06-01,14642,ChargePoint,57.85699999999999,8,19,21,1,2
2018-05-01,14642,ChargePoint,5.545,1,2,2,1,1
2020-10-01,14620,ChargePoint,1064.5459999999998,60,187,284,1,2
2020-09-01,14620,ChargePoint,956.4260000000004,86,185,271,1,2
2020-08-01,14620,ChargePoint,1017.9440000000002,100,189,221,1,2
2020-07-01,14620,ChargePoint,323.64599999999996,50,68,101,1,2
2020-06-01,14620,ChargePoint,340.32399999999996,40,73,92,1,2
2020-05-01,14620,ChargePoint,259.736,24,51,72,1,2
2020-04-01,14620,ChargePoint,532.37,42,97,196,1,2
2020-03-01,14611,ChargePoint,7.528,4,2,9,2,2
2019-08-01,14611,ChargePoint,4.853,1,1,9,1,1
2020-10-01,14626,ChargePoint,3157.4420000000014,288,764,1922,5,7
2020-09-01,14626,ChargePoint,3287.6940000000004,284,730,1858,5,9
2020-08-01,14626,ChargePoint,3737.0139999999983,326,883,2053,5,9
2020-07-01,14626,ChargePoint,4072.426000000001,337,918,2078,5,9
2020-06-01,14626,ChargePoint,3019.468000000002,264,695,1910,5,9
2020-05-01,14626,ChargePoint,2876.0599999999995,236,616,1616,5,7
2020-04-01,14626,ChargePoint,1605.9980000000007,164,360,2374,5,9
2015-07-01,14623,ChargePoint,64.33000000000001,20,23,87,2,3
2020-10-01,11747,ChargePoint,1708.1279999999997,84,311,439,2,4
2020-09-01,11747,ChargePoint,1186.9500000000007,54,223,338,2,3
2020-08-01,11747,ChargePoint,1334.6019999999999,62,260,350,2,4
2020-07-01,11747,ChargePoint,1443.18,76,279,393,2,4
2020-06-01,11747,ChargePoint,1039.6319999999998,40,184,231,2,4
2020-05-01,11747,ChargePoint,859.4040000000002,28,143,154,2,3
2020-04-01,11747,ChargePoint,477.43,16,83,89,2,3
2019-10-01,11747,ChargePoint,2154.1639999999998,97,402,504,2,4
2019-09-01,11747,ChargePoint,1599.6779999999999,79,304,406,2,4
2019-08-01,11747,ChargePoint,1506.5160000000003,73,296,399,2,4
2019-07-01,11747,ChargePoint,1361.3580000000004,56,260,354,2,4
2019-06-01,11747,ChargePoint,1401.86,65,265,354,2,4
2019-05-01,11747,ChargePoint,1342.2559999999999,67,266,425,2,4
2019-04-01,11747,ChargePoint,1036.891,73,232,454,2,4
2018-10-01,11747,ChargePoint,1708.1049999999998,94,359,598,2,4
2018-09-01,11747,ChargePoint,1404.4390000000003,83,295,440,2,4
2018-08-01,11747,ChargePoint,850.3309999999999,48,180,285,2,4
2020-10-01,11754,ChargePoint,242.42399999999998,46,66,372,1,1
2020-10-01,11772,ChargePoint,135.226,16,22,23,1,2
2020-10-01,11725,ChargePoint,71.9,8,12,15,2,3
2020-10-01,11740,ChargePoint,34.626000000000005,8,7,7,1,2
2020-09-01,11766,ChargePoint,14.474,12,4,5,2,3
2020-09-01,11754,ChargePoint,246.454,40,67,277,1,2
2020-09-01,11725,ChargePoint,170.65000000000003,12,28,41,2,3
2020-09-01,11740,ChargePoint,2.954,4,0,1,1,1
2020-09-01,11772,ChargePoint,43.81399999999999,8,7,7,1,2
2020-08-01,11754,ChargePoint,220.80399999999995,40,62,284,1,2
2020-08-01,11725,ChargePoint,150.244,28,30,33,3,6
2020-08-01,11740,ChargePoint,63.541999999999994,10,10,10,1,1
2020-07-01,11754,ChargePoint,174.97199999999998,34,51,231,1,2
2020-07-01,11772,ChargePoint,131.064,16,29,32,1,2
2020-06-01,11754,ChargePoint,195.75200000000007,38,54,220,1,2
2020-06-01,11740,ChargePoint,6.686,2,2,3,1,1
2020-05-01,11754,ChargePoint,67.81800000000001,8,18,67,1,2
2020-05-01,11787,ChargePoint,36.108000000000004,4,8,8,1,1
2020-04-01,11754,ChargePoint,80.24399999999999,18,25,124,1,2
2020-04-01,11766,ChargePoint,3.64,2,2,2,1,1
2019-10-01,11787,ChargePoint,53.062000000000005,8,10,10,1,2
2019-10-01,11740,ChargePoint,163.25,7,28,35,1,2
2019-09-01,11740,ChargePoint,79.421,4,13,18,1,2
2019-08-01,11740,ChargePoint,27.294,9,8,8,1,2
2019-07-01,11740,ChargePoint,6.665,1,1,1,1,1
2020-10-01,11968,ChargePoint,2384.9079999999994,118,449,802,1,2
2020-09-01,11968,ChargePoint,2472.1859999999992,124,466,798,1,2
2020-08-01,11968,ChargePoint,2707.0320000000006,110,506,832,1,2
2020-07-01,11968,ChargePoint,2750.558000000001,136,515,879,1,2
2020-06-01,11968,ChargePoint,1187.7859999999998,60,210,347,1,2
2018-10-01,11788,ChargePoint,437.574,41,76,93,1,2
2018-09-01,11788,ChargePoint,305.213,22,56,65,1,2
2018-08-01,11788,ChargePoint,63.742,3,11,11,1,1
2020-10-01,11788,ChargePoint,871.3720000000001,82,167,262,3,6
2020-09-01,11788,ChargePoint,305.19699999999995,45,69,92,3,5
2020-08-01,11788,ChargePoint,79.626,14,17,19,1,2
2019-10-01,11788,ChargePoint,881.2939999999999,72,152,182,1,2
2019-09-01,11788,ChargePoint,662.379,61,128,146,1,2
2019-08-01,11788,ChargePoint,597.278,46,119,128,1,2
2019-07-01,11788,ChargePoint,818.3240000000002,55,150,178,1,2
2019-06-01,11788,ChargePoint,776.5209999999998,58,141,156,1,2
2019-05-01,11788,ChargePoint,1053.8519999999999,101,190,234,1,2
2019-04-01,11788,ChargePoint,891.016,77,158,226,1,2
2020-10-01,11717,ChargePoint,2599.739999999998,238,617,1456,4,7
2020-09-01,11717,ChargePoint,2770.1559999999995,286,647,1704,4,8
2020-08-01,11717,ChargePoint,1979.4780000000012,196,476,1030,4,7
2020-07-01,11717,ChargePoint,1557.064,172,392,983,3,6
2020-06-01,11717,ChargePoint,1361.7959999999996,182,372,1149,4,8
2020-05-01,11717,ChargePoint,680.9579999999997,108,211,578,3,6
2020-04-01,11717,ChargePoint,536.644,74,145,393,3,5
2020-10-01,12846,ChargePoint,86.35199999999999,8,15,19,1,2
2020-10-01,12845,ChargePoint,133.48000000000002,16,22,22,4,6
2020-10-01,12804,ChargePoint,1454.0100000000007,104,245,382,10,15
2020-10-01,12801,ChargePoint,4665.005999999997,584,1116,4283,15,27
2020-09-01,12804,ChargePoint,689.6819999999999,62,126,158,11,15
2020-09-01,12814,ChargePoint,2602.908,190,460,868,7,13
2020-09-01,12846,ChargePoint,128.242,4,22,31,1,2
2020-08-01,12804,ChargePoint,353.012,42,62,74,4,6
2020-08-01,12814,ChargePoint,3408.058000000002,164,619,1507,7,12
2020-08-01,12845,ChargePoint,262.41799999999995,32,47,75,5,8
2020-08-01,12801,ChargePoint,4400.423999999996,530,1137,3662,15,24
2020-07-01,12846,ChargePoint,119.422,6,28,70,1,2
2020-07-01,12801,ChargePoint,4873.791999999997,528,1313,3991,13,23
2020-06-01,12845,ChargePoint,6.975999999999999,8,1,1,4,4
2020-05-01,12845,ChargePoint,75.016,4,13,25,2,2
2020-04-01,12845,ChargePoint,1.206,2,0,0,1,1
2020-04-01,12801,ChargePoint,3566.991999999999,336,894,1840,12,20
2019-08-01,12853,ChargePoint,42.849999999999994,3,7,7,1,2
2019-07-01,12846,ChargePoint,117.083,5,19,33,1,2
2018-10-01,12804,ChargePoint,618.834,38,113,313,1,2
2018-09-01,12804,ChargePoint,487.85400000000004,31,84,227,1,2
2018-07-01,12804,ChargePoint,282.26099999999997,14,49,90,1,2
2018-06-01,12804,ChargePoint,532.943,34,91,229,1,2
2018-05-01,12804,ChargePoint,655.732,42,111,168,1,2
2018-04-01,12804,ChargePoint,477.53900000000004,32,81,103,1,2
2020-07-01,12814,ChargePoint,2625.2180000000003,126,472,798,5,10
2020-06-01,12814,ChargePoint,1119.9240000000002,62,211,513,5,8
2020-05-01,12814,ChargePoint,398.82800000000003,18,71,109,5,7
2018-08-01,12804,ChargePoint,103.04400000000001,8,17,60,1,1
2020-09-01,12801,ChargePoint,4968.658000000003,676,1400,4162,15,26
2020-06-01,12801,ChargePoint,3999.7500000000023,414,914,2967,13,23
2020-05-01,12801,ChargePoint,4232.137999999998,391,1004,2662,15,22
2019-06-01,12801,ChargePoint,1387.6819999999996,135,279,890,4,8
2019-05-01,12801,ChargePoint,1632.9860000000003,143,321,1169,4,8
2017-09-01,12801,ChargePoint,8.059000000000001,5,2,2,3,3
2019-10-01,12801,ChargePoint,1171.141,91,241,538,3,6
2019-09-01,12801,ChargePoint,715.322,81,158,410,3,6
2019-08-01,12801,ChargePoint,662.5849999999998,101,151,419,4,8
2019-07-01,12801,ChargePoint,1129.8319999999999,107,215,435,3,6
2019-04-01,12801,ChargePoint,2079.3469999999993,151,380,1032,4,8
2018-10-01,12801,ChargePoint,289.8160000000001,57,88,315,4,7
2018-04-01,12801,ChargePoint,261.18,28,55,161,3,5
2018-09-01,12801,ChargePoint,223.13099999999994,57,74,268,4,7
2018-08-01,12801,ChargePoint,47.077000000000005,18,20,112,1,2
2018-06-01,12801,ChargePoint,58.98499999999999,18,20,75,1,2
2018-05-01,12801,ChargePoint,121.647,28,39,173,2,3
2020-10-01,14150,ChargePoint,1010.3919999999997,142,182,204,3,6
2020-09-01,14150,ChargePoint,940.5399999999998,106,162,179,3,6
2020-08-01,14150,ChargePoint,609.1899999999997,130,110,143,3,6
2020-07-01,14150,ChargePoint,716.806,92,131,148,3,6
2020-06-01,14150,ChargePoint,244.294,60,40,42,2,4
2020-05-01,14150,ChargePoint,222.224,32,39,46,2,3
2020-04-01,14150,ChargePoint,133.508,30,23,29,2,3
2020-10-01,14221,ChargePoint,2143.4439999999995,304,464,727,5,10
2020-10-01,14203,ChargePoint,922.2500000000002,130,218,332,3,6
2020-10-01,14226,ChargePoint,436.9800000000001,50,116,151,5,9
2020-10-01,14139,ChargePoint,117.90400000000001,20,31,33,1,2
2020-10-01,14059,ChargePoint,151.21999999999997,24,33,57,1,2
2020-09-01,14221,ChargePoint,2079.583999999998,326,466,829,5,10
2020-09-01,14226,ChargePoint,547.652,78,136,188,5,10
2020-09-01,14059,ChargePoint,208.65400000000005,46,50,120,1,2
2020-09-01,14139,ChargePoint,278.81399999999996,42,70,74,1,2
2020-09-01,14203,ChargePoint,661.5260000000001,104,171,394,2,4
2020-08-01,14221,ChargePoint,1803.4480000000003,252,396,686,5,10
2020-08-01,14059,ChargePoint,264.97799999999995,60,61,127,1,2
2020-08-01,14069,ChargePoint,47.035999999999994,10,7,9,1,2
2020-08-01,14006,ChargePoint,61.718,10,12,12,1,2
2020-08-01,14203,ChargePoint,88.158,18,18,26,2,3
2020-08-01,14226,ChargePoint,630.4459999999999,54,124,145,5,8
2020-07-01,14059,ChargePoint,1.412,2,1,1,1,1
2020-06-01,14075,ChargePoint,446.2220000000001,42,73,104,2,3
2020-05-01,14075,ChargePoint,476.962,28,74,95,2,4
2020-10-01,14086,ChargePoint,319.0440000000001,82,64,76,1,2
2020-09-01,14086,ChargePoint,425.8539999999998,74,85,126,1,2
2020-08-01,14086,ChargePoint,372.2059999999999,66,66,78,1,2
2020-07-01,14086,ChargePoint,403.66200000000003,68,75,89,1,2
2020-06-01,14086,ChargePoint,457.41200000000003,74,77,85,1,2
2020-05-01,14086,ChargePoint,301.21000000000004,54,56,64,1,2
2020-04-01,14086,ChargePoint,283.094,48,57,59,1,2
2019-10-01,14086,ChargePoint,337.28700000000003,56,59,61,1,2
2019-09-01,14086,ChargePoint,303.17600000000004,60,49,51,1,2
2019-08-01,14086,ChargePoint,286.28499999999997,45,49,52,1,2
2019-07-01,14086,ChargePoint,240.18200000000004,54,44,52,1,2
2019-06-01,14086,ChargePoint,282.769,49,49,56,1,2
2019-05-01,14086,ChargePoint,236.67799999999994,32,42,47,1,2
2019-04-01,14086,ChargePoint,307.755,50,52,56,1,2
2020-05-01,14127,ChargePoint,1038.1319999999996,88,185,202,2,4
2020-04-01,14127,ChargePoint,974.7119999999996,88,192,243,2,4
2019-10-01,14127,ChargePoint,680.8500000000003,53,128,145,2,4
2019-09-01,14127,ChargePoint,498.36200000000014,64,109,148,2,4
2019-08-01,14127,ChargePoint,523.373,59,112,163,2,4
2019-07-01,14127,ChargePoint,704.5629999999999,84,152,208,2,4
2019-06-01,14127,ChargePoint,443.6859999999999,56,102,151,2,4
2019-05-01,14127,ChargePoint,402.1,51,93,151,2,4
2019-04-01,14127,ChargePoint,420.905,32,88,146,2,4
2018-10-01,14127,ChargePoint,152.13500000000005,36,42,59,2,4
2018-09-01,14127,ChargePoint,72.85700000000001,20,22,27,2,4
2020-07-01,14221,ChargePoint,2170.775999999998,252,453,704,3,6
2020-10-01,14202,ChargePoint,216.114,16,35,36,1,2
2020-10-01,14209,ChargePoint,416.09599999999995,12,72,74,1,2
2020-10-01,14222,ChargePoint,2006.5880000000006,186,452,595,2,4
2020-09-01,14222,ChargePoint,1597.258000000001,164,350,597,2,4
2020-09-01,14209,ChargePoint,327.034,12,55,57,1,1
2020-09-01,14202,ChargePoint,112.838,4,18,18,1,1
2020-08-01,14202,ChargePoint,392.15999999999997,18,65,74,1,2
2020-08-01,14209,ChargePoint,531.822,18,90,93,1,1
2020-07-01,14209,ChargePoint,174.44200000000004,10,30,33,1,2
2020-06-01,14222,ChargePoint,906.2219999999995,78,177,302,2,4
2020-06-01,14209,ChargePoint,101.362,12,17,20,1,2
2020-03-01,14202,ChargePoint,188.876,8,30,30,1,2
2019-03-01,14210,ChargePoint,100.08700000000002,15,19,27,1,2
2020-10-01,12803,ChargePoint,1.738,4,0,0,1,2
2020-07-01,12803,ChargePoint,11.586,4,4,4,1,2
2020-05-01,12065,ChargePoint,2315.6520000000005,354,482,839,14,23
2019-07-01,12065,ChargePoint,914.2699999999998,166,212,248,3,6
2019-06-01,12065,ChargePoint,868.703,123,166,228,3,6
2019-05-01,12065,ChargePoint,1166.614,118,208,328,2,4
2020-04-01,10460,ChargePoint,6.66,2,1,1,1,1
2019-04-01,10460,ChargePoint,567.1929999999999,81,157,499,2,4
2020-10-01,10461,ChargePoint,510.72200000000004,54,128,143,1,2
2020-09-01,10461,ChargePoint,690.5120000000001,90,168,176,1,2
2020-08-01,10461,ChargePoint,2403.6599999999994,168,507,858,1,2
2020-07-01,10461,ChargePoint,2293.452,172,461,695,1,2
2020-06-01,10461,ChargePoint,1448.348,118,306,564,1,2
2020-05-01,10461,ChargePoint,1300.4719999999995,102,255,530,1,2
2020-04-01,10461,ChargePoint,819.0060000000004,82,185,209,1,2
2019-10-01,10461,ChargePoint,714.968,68,150,226,1,2
2019-09-01,10461,ChargePoint,637.241,54,126,149,1,2
2019-08-01,10461,ChargePoint,594.0129999999998,54,120,153,1,2
2019-07-01,10461,ChargePoint,702.3600000000001,72,138,156,1,2
2019-06-01,10461,ChargePoint,429.3390000000001,34,86,98,1,2
2019-05-01,10461,ChargePoint,357.111,32,78,89,1,2
2019-04-01,10461,ChargePoint,315.81899999999996,25,70,86,1,2
2018-10-01,10461,ChargePoint,559.1179999999999,56,116,123,1,2
2018-09-01,10461,ChargePoint,513.892,53,106,114,1,2
2018-08-01,10461,ChargePoint,581.0809999999999,64,125,187,1,2
2020-10-01,12037,ChargePoint,442.08799999999985,78,92,113,1,2
2020-09-01,12037,ChargePoint,272.4239999999999,76,52,89,1,2
2020-08-01,12037,ChargePoint,143.39200000000005,88,29,79,1,2
2020-07-01,12037,ChargePoint,61.644,116,16,45,1,2
2020-06-01,12037,ChargePoint,92.14800000000001,76,19,47,1,2
2020-05-01,12037,ChargePoint,59.416,30,16,67,1,2
2020-04-01,12037,ChargePoint,34.212,16,10,10,1,2
2019-10-01,12037,ChargePoint,405.446,66,87,140,1,2
2019-09-01,12037,ChargePoint,166.00599999999997,59,35,60,1,2
2019-08-01,12037,ChargePoint,54.67300000000001,42,16,27,1,2
2019-07-01,12037,ChargePoint,10.846,36,4,10,1,2
2019-06-01,12037,ChargePoint,132.75199999999998,30,28,93,1,2
2019-05-01,12037,ChargePoint,138.87,35,26,32,1,2
2019-04-01,12037,ChargePoint,176.75500000000002,28,33,37,1,2
2018-10-01,12037,ChargePoint,163.6280000000001,32,34,46,1,2
2018-09-01,12037,ChargePoint,171.74699999999996,38,31,40,1,2
2018-08-01,12037,ChargePoint,11.822999999999999,22,2,6,1,2
2018-06-01,12037,ChargePoint,186.06900000000005,39,53,258,1,2
2018-05-01,12037,ChargePoint,96.31800000000001,21,25,55,1,2
2020-10-01,12526,ChargePoint,1001.9039999999999,58,167,220,1,2
2020-09-01,12526,ChargePoint,1208.68,48,185,265,1,2
2020-08-01,12526,ChargePoint,504.43399999999997,32,84,92,1,2
2020-07-01,12526,ChargePoint,842.982,44,142,173,1,2
2020-06-01,12526,ChargePoint,1040.8899999999999,48,193,313,1,2
2020-05-01,12526,ChargePoint,347.4199999999999,32,71,129,1,2
2020-04-01,12526,ChargePoint,77.368,13,24,102,1,1
2020-10-01,12534,ChargePoint,2027.2700000000002,188,363,510,4,7
2020-10-01,12513,ChargePoint,55.078,8,11,28,1,2
2020-09-01,12534,ChargePoint,2832.2860000000014,156,492,709,4,8
2020-08-01,12534,ChargePoint,1172.796,104,208,242,4,7
2020-08-01,12513,ChargePoint,57.548,8,10,16,1,2
2020-07-01,12534,ChargePoint,808.7020000000002,68,148,150,3,6
2020-06-01,12534,ChargePoint,878.8140000000001,60,147,181,4,8
2020-05-01,12534,ChargePoint,157.80399999999997,22,33,66,1,2
2020-04-01,12534,ChargePoint,295.05600000000004,20,54,64,3,5
2019-10-01,12513,ChargePoint,78.45400000000001,7,13,17,1,2
2020-10-01,12583,ChargePoint,20.163999999999998,14,4,4,1,2
2020-09-01,12583,ChargePoint,28.73,8,6,6,1,2
2020-08-01,12583,ChargePoint,42.048,12,10,12,1,2
2020-07-01,12583,ChargePoint,19.259999999999998,4,3,3,1,1
2020-06-01,12583,ChargePoint,19.632,2,3,3,1,1
2020-04-01,12583,ChargePoint,11.469999999999999,8,4,6,1,2
2019-10-01,12583,ChargePoint,120.981,18,24,25,1,2
2019-09-01,12583,ChargePoint,103.647,23,24,27,1,2
2019-08-01,12583,ChargePoint,137.17400000000004,16,31,41,1,2
2019-07-01,12583,ChargePoint,159.643,29,33,42,1,2
2019-06-01,12583,ChargePoint,63.208000000000006,9,14,18,1,2
2019-05-01,12583,ChargePoint,143.887,11,29,35,1,2
2019-04-01,12583,ChargePoint,114.64199999999998,12,25,32,1,2
2018-10-01,12583,ChargePoint,239.336,22,46,48,1,2
2018-09-01,12583,ChargePoint,227.555,19,45,50,1,2
2018-08-01,12583,ChargePoint,73.206,7,16,23,1,2
2018-07-01,12583,ChargePoint,184.05599999999998,13,36,40,1,2
2018-06-01,12583,ChargePoint,191.43500000000006,19,38,43,1,2
2018-04-01,12583,ChargePoint,124.21999999999998,13,27,31,1,2
2020-10-01,12601,ChargePoint,1459.283,142,368,965,6,9
2020-09-01,12601,ChargePoint,1723.1499999999994,191,444,2073,9,14
2020-08-01,12601,ChargePoint,1234.367,132,347,1272,15,20
2020-07-01,12601,ChargePoint,615.713,51,120,199,9,14
2020-06-01,12601,ChargePoint,467.37600000000003,18,77,90,4,6
2020-05-01,12601,ChargePoint,226.75799999999998,10,40,41,4,4
2019-10-01,12601,ChargePoint,158.256,19,31,44,4,8
2019-09-01,12601,ChargePoint,141.37399999999997,15,27,52,4,7
2019-08-01,12601,ChargePoint,120.22100000000002,26,34,62,4,7
2020-10-01,13090,ChargePoint,2.496,2,0,0,1,1
2020-09-01,13090,ChargePoint,1.702,2,0,0,1,1
2020-08-01,13090,ChargePoint,34.501999999999995,12,13,55,1,2
2020-04-01,13090,ChargePoint,5.843999999999999,4,1,1,1,2
2019-10-01,13088,ChargePoint,1250.3649999999996,143,241,278,5,10
2019-10-01,13090,ChargePoint,3.828,2,1,1,1,2
2019-09-01,13090,ChargePoint,20.692,6,6,6,1,1
2019-08-01,13090,ChargePoint,18.174,5,5,5,1,1
2019-07-01,13090,ChargePoint,4.427,1,1,1,1,1
2019-06-01,13090,ChargePoint,33.739999999999995,5,9,9,1,1
2018-10-01,13090,ChargePoint,4.6129999999999995,2,1,1,1,1
2020-10-01,13212,ChargePoint,1010.816,76,194,229,1,2
2020-09-01,13212,ChargePoint,1123.956,76,212,261,1,2
2020-08-01,13212,ChargePoint,1018.632,54,202,252,1,2
2020-08-01,13208,ChargePoint,43.398999999999994,8,8,8,4,5
2020-07-01,13212,ChargePoint,1392.1100000000001,92,309,398,1,2
2020-07-01,13208,ChargePoint,19.834999999999997,4,4,4,2,2
2020-06-01,13212,ChargePoint,768.382,82,179,268,1,2
2020-05-01,13212,ChargePoint,830.698,30,148,159,1,2
2020-04-01,13212,ChargePoint,704.068,34,121,123,1,2
2019-10-01,13212,ChargePoint,415.82899999999995,30,75,76,1,2
2019-09-01,13212,ChargePoint,116.555,17,23,23,1,2
2019-08-01,13212,ChargePoint,154.476,8,29,32,1,2
2019-07-01,13212,ChargePoint,122.77399999999999,13,25,27,1,2
2019-06-01,13212,ChargePoint,82.77800000000002,19,21,24,1,2
2019-05-01,13212,ChargePoint,169.60899999999998,11,33,40,1,2
2019-04-01,13212,ChargePoint,59.07899999999999,9,14,16,1,2
2020-10-01,10901,ChargePoint,275.722,72,74,368,4,7
2020-10-01,13478,ChargePoint,38.79,8,7,7,3,3
2020-10-01,11590,ChargePoint,5314.130000000001,440,1000,1275,5,10
2020-09-01,13053,ChargePoint,21.668,4,3,3,1,2
2020-09-01,10901,ChargePoint,378.948,70,103,383,5,8
2020-08-01,12110,ChargePoint,2014.299000000001,358,423,658,17,25
2020-08-01,11590,ChargePoint,5423.915999999998,452,989,1287,5,10
2020-08-01,13053,ChargePoint,128.234,10,20,20,1,1
2020-06-01,11590,ChargePoint,4238.984,310,791,1202,5,10
2020-05-01,12110,ChargePoint,1315.0330000000006,176,261,549,8,10
2020-05-01,11590,ChargePoint,3319.8060000000005,314,669,1275,5,10
2020-04-01,11590,ChargePoint,2587.7499999999986,198,533,1669,5,10
2019-10-01,11590,ChargePoint,967.0920000000002,156,211,635,5,10
2020-10-01,12901,ChargePoint,1594.4560000000004,109,295,351,4,6
2020-09-01,12901,ChargePoint,521.1840000000002,67,93,174,4,7
2020-08-01,12901,ChargePoint,314.0519999999999,37,65,104,3,5
2020-10-01,14445,ChargePoint,195.06799999999998,36,46,47,1,2
2020-10-01,14618,ChargePoint,844.1419999999999,48,143,195,2,4
2020-10-01,14420,ChargePoint,149.338,20,42,44,2,3
2020-09-01,14445,ChargePoint,239.772,22,52,64,1,2
2020-09-01,14420,ChargePoint,175.32399999999996,28,49,62,2,4
2020-08-01,14445,ChargePoint,127.31,24,25,38,1,2
2020-07-01,14445,ChargePoint,310.65400000000005,46,56,57,1,2
2020-06-01,14445,ChargePoint,167.69000000000003,36,32,32,1,2
2020-04-01,14445,ChargePoint,57.13,6,12,12,1,2
2019-10-01,14445,ChargePoint,394.02,39,85,99,1,2
2019-10-01,14420,ChargePoint,199.76700000000005,29,52,61,3,5
2019-09-01,14445,ChargePoint,255.47400000000002,25,54,66,1,2
2019-08-01,14445,ChargePoint,307.89600000000013,41,64,71,1,2
2019-07-01,14445,ChargePoint,98.16,10,19,20,1,2
2020-10-01,14586,ChargePoint,994.4459999999999,140,371,832,1,2
2020-09-01,14586,ChargePoint,815.0440000000003,140,285,798,1,2
2020-08-01,14586,ChargePoint,663.0040000000001,134,258,817,1,2
2020-07-01,14586,ChargePoint,717.2399999999998,124,278,597,1,2
2020-06-01,14586,ChargePoint,634.6419999999999,78,207,395,1,2
2020-05-01,14586,ChargePoint,294.79,62,140,302,1,2
2020-04-01,14586,ChargePoint,374.14400000000006,52,155,362,1,2
2020-03-01,14586,ChargePoint,250.28400000000005,52,114,251,1,2
2020-10-01,14432,ChargePoint,468.376,30,84,228,2,4
2020-10-01,14527,ChargePoint,378.04600000000005,56,100,162,1,2
2020-10-01,13905,ChargePoint,302.88399999999996,36,98,188,3,5
2020-10-01,12309,ChargePoint,1020.922,168,219,696,6,9
2020-10-01,13617,ChargePoint,1520.0240000000001,206,345,772,4,7
2020-10-01,12302,ChargePoint,3308.329,349,303,323,14,28
2020-10-01,12970,ChargePoint,470.598,68,136,241,4,7
2020-10-01,12953,ChargePoint,22.012,8,6,11,1,2
2020-10-01,12010,ChargePoint,153.15599999999998,22,32,44,1,2
2020-10-01,13045,ChargePoint,56.49399999999999,14,9,10,3,4
2020-10-01,10926,ChargePoint,85.098,32,16,17,1,2
2020-10-01,10977,ChargePoint,111.23399999999998,18,22,27,1,2
2020-10-01,12870,ChargePoint,72.878,8,22,22,1,2
2020-09-01,13901,ChargePoint,269.15200000000004,24,51,344,1,2
2020-10-01,14411,ChargePoint,90.694,8,17,17,1,2
2020-09-01,13617,ChargePoint,1515.0600000000004,220,328,719,4,6
2020-09-01,12970,ChargePoint,416.416,52,111,197,3,6
2020-09-01,10926,ChargePoint,409.6400000000001,58,75,82,1,2
2020-09-01,13905,ChargePoint,232.032,38,72,149,3,6
2020-09-01,14432,ChargePoint,405.59200000000004,24,70,237,2,3
2020-09-01,12302,ChargePoint,2767.6610000000005,355,241,320,14,23
2020-09-01,14120,ChargePoint,21.020000000000003,4,4,5,1,2
2020-09-01,13478,ChargePoint,395.91399999999993,32,67,72,3,6
2020-09-01,10927,ChargePoint,98.64,8,15,15,1,2
2020-09-01,14527,ChargePoint,436.75999999999993,76,120,195,1,2
2020-09-01,12309,ChargePoint,1202.1699999999996,166,236,726,6,9
2020-09-01,14303,ChargePoint,1706.2720000000004,180,387,620,4,7
2020-09-01,14411,ChargePoint,187.90200000000004,20,33,33,1,2
2020-09-01,12010,ChargePoint,11.13,6,3,9,1,1
2020-09-01,14530,ChargePoint,60.056,12,10,12,1,2
2020-09-01,12953,ChargePoint,31.111999999999995,12,10,11,1,2
2020-09-01,12061,ChargePoint,0.514,2,0,0,1,1
2020-08-01,12970,ChargePoint,589.438,70,175,421,2,4
2020-08-01,13617,ChargePoint,1077.9039999999995,162,220,488,4,7
2020-08-01,12309,ChargePoint,1148.3359999999993,90,205,533,4,5
2020-08-01,13478,ChargePoint,443.21799999999996,40,74,162,3,5
2020-08-01,14432,ChargePoint,401.772,28,71,221,2,3
2020-08-01,12302,ChargePoint,3166.8690000000006,365,284,306,11,19
2020-08-01,10977,ChargePoint,27.209999999999994,6,9,14,1,2
2020-08-01,13901,ChargePoint,348.8,16,67,251,1,2
2020-08-01,13905,ChargePoint,233.13199999999998,18,51,57,2,4
2020-08-01,14527,ChargePoint,503.77000000000004,60,121,177,1,2
2020-08-01,12870,ChargePoint,382.76000000000005,16,60,117,1,2
2020-08-01,10926,ChargePoint,214.374,42,43,45,1,2
2020-08-01,12010,ChargePoint,50.91199999999999,10,14,16,1,2
2020-08-01,14530,ChargePoint,79.44200000000002,12,14,14,1,2
2020-08-01,14120,ChargePoint,28.264,6,4,4,2,2
2020-08-01,13820,ChargePoint,194.01199999999997,24,51,63,1,2
2020-08-01,10901,ChargePoint,201.478,50,47,76,5,9
2020-08-01,14303,ChargePoint,2493.9500000000007,264,525,751,4,7
2020-08-01,10927,ChargePoint,37.19,6,7,7,1,2
2020-07-01,13617,ChargePoint,561.4020000000002,122,176,502,2,3
2020-07-01,12302,ChargePoint,1844.3129999999999,295,185,223,11,16
2020-07-01,14527,ChargePoint,728.47,84,156,227,1,2
2020-07-01,12970,ChargePoint,617.6420000000002,68,166,385,3,5
2020-07-01,14432,ChargePoint,262.29999999999995,26,45,132,2,4
2020-07-01,10926,ChargePoint,144.40600000000006,36,28,28,1,2
2020-07-01,14530,ChargePoint,10.34,4,2,2,1,1
2020-07-01,12309,ChargePoint,477.2360000000003,72,90,294,4,5
2020-07-01,13478,ChargePoint,339.90600000000006,22,65,91,3,4
2020-07-01,13901,ChargePoint,292.204,18,56,237,1,2
2020-07-01,13820,ChargePoint,83.41399999999999,12,28,30,1,2
2020-07-01,14411,ChargePoint,64.288,20,14,15,1,2
2020-07-01,10901,ChargePoint,290.07,80,77,431,5,8
2020-07-01,12010,ChargePoint,119.32800000000002,10,18,20,1,2
2020-07-01,12870,ChargePoint,219.402,16,39,61,1,2
2020-07-01,10927,ChargePoint,52.124,4,8,8,1,2
2020-07-01,12953,ChargePoint,16.168,4,3,3,1,2
2020-07-01,14303,ChargePoint,1552.218,170,426,627,4,7
2020-07-01,14744,ChargePoint,57.02799999999999,16,17,23,1,2
2020-06-01,13617,ChargePoint,478.43999999999994,96,146,510,2,4
2020-06-01,14527,ChargePoint,648.31,70,148,236,1,2
2020-06-01,14744,ChargePoint,23.212000000000003,6,4,4,1,2
2020-06-01,10926,ChargePoint,61.088,18,12,12,1,2
2020-06-01,12970,ChargePoint,416.73599999999993,50,130,331,3,5
2020-06-01,12870,ChargePoint,0.728,2,0,0,1,1
2020-06-01,14432,ChargePoint,364.59400000000005,27,65,201,2,4
2020-06-01,13901,ChargePoint,363.396,18,68,324,1,2
2020-06-01,12302,ChargePoint,1983.5929999999998,244,221,244,12,18
2020-06-01,13478,ChargePoint,179.49400000000003,20,34,109,2,4
2020-06-01,14411,ChargePoint,18.236,6,5,11,1,2
2020-06-01,14530,ChargePoint,199.002,10,30,30,1,2
2020-06-01,10927,ChargePoint,42.208,4,6,6,1,1
2020-06-01,12953,ChargePoint,45.78,8,9,10,2,3
2020-06-01,10901,ChargePoint,149.798,34,40,180,4,6
2020-06-01,13820,ChargePoint,52.31600000000001,26,16,18,1,2
2020-06-01,10977,ChargePoint,23.81,4,6,9,1,2
2020-06-01,14120,ChargePoint,4.626,2,1,1,1,1
2020-06-01,14303,ChargePoint,1192.2680000000003,152,292,505,4,7
2020-05-01,14303,ChargePoint,877.8639999999998,118,233,461,3,6
2020-05-01,13021,ChargePoint,46.79,8,8,8,1,2
2020-05-01,12970,ChargePoint,298.44200000000006,24,105,122,2,4
2020-05-01,13617,ChargePoint,380.314,80,146,476,3,5
2020-05-01,14530,ChargePoint,10.148,6,2,2,1,2
2020-05-01,14432,ChargePoint,387.31,20,64,183,2,3
2020-05-01,10926,ChargePoint,24.814,8,6,7,1,2
2020-05-01,12302,ChargePoint,842.2170000000001,157,106,116,7,10
2020-05-01,13901,ChargePoint,151.494,14,34,106,1,2
2020-05-01,14527,ChargePoint,268.46,52,75,137,1,2
2020-05-01,12010,ChargePoint,21.602,8,5,5,1,2
2020-05-01,12485,ChargePoint,157.30800000000002,10,22,23,1,2
2020-05-01,14411,ChargePoint,42.96,6,8,8,1,2
2020-04-01,14527,ChargePoint,183.506,24,41,79,1,2
2020-04-01,14432,ChargePoint,125.65400000000001,10,21,96,2,3
2020-04-01,12970,ChargePoint,298.2280000000001,38,92,187,3,5
2020-04-01,10901,ChargePoint,2.534,2,0,0,1,1
2020-04-01,13021,ChargePoint,49.544000000000004,8,13,13,1,2
2020-04-01,13901,ChargePoint,44.522,2,9,142,1,1
2020-04-01,14303,ChargePoint,724.996,74,210,472,5,8
2020-04-01,12485,ChargePoint,75.638,8,11,11,1,2
2020-04-01,13820,ChargePoint,68.81600000000002,10,23,32,1,2
2020-03-01,12970,ChargePoint,63.614,10,22,39,2,3
2020-03-01,14120,ChargePoint,15.702,2,2,2,1,1
2020-03-01,14411,ChargePoint,23.34,6,6,6,1,2
2020-03-01,12953,ChargePoint,81.51999999999998,8,15,15,2,3
2020-03-01,10926,ChargePoint,145.068,28,31,33,1,2
2020-03-01,13021,ChargePoint,6.764,2,2,2,1,1
2019-10-01,14432,ChargePoint,135.523,13,52,61,2,3
2019-10-01,10977,ChargePoint,182.64899999999997,21,39,42,1,2
2019-10-01,10926,ChargePoint,80.89099999999999,22,17,19,1,2
2019-10-01,13901,ChargePoint,118.441,8,22,91,1,2
2019-10-01,12870,ChargePoint,183.703,9,28,32,1,2
2019-10-01,12010,ChargePoint,101.89600000000002,12,18,26,1,2
2019-10-01,14527,ChargePoint,28.917,3,4,4,1,2
2019-10-01,12953,ChargePoint,3.575,2,1,1,1,1
2019-10-01,13021,ChargePoint,15.725,3,5,7,1,2
2019-09-01,10926,ChargePoint,75.426,12,15,42,1,2
2019-09-01,13901,ChargePoint,258.631,12,48,187,1,2
2019-09-01,12010,ChargePoint,77.557,11,14,21,1,2
2019-09-01,12870,ChargePoint,198.766,10,29,44,1,2
2019-09-01,14432,ChargePoint,46.537,6,9,13,1,1
2019-09-01,10977,ChargePoint,158.42,18,26,30,1,2
2019-08-01,12010,ChargePoint,110.14099999999999,13,19,28,1,2
2019-08-01,10977,ChargePoint,331.78099999999995,31,56,59,1,2
2019-08-01,13021,ChargePoint,120.122,7,19,25,1,2
2019-08-01,13901,ChargePoint,137.54100000000003,11,26,80,1,2
2019-08-01,14432,ChargePoint,22.193,1,4,10,1,1
2019-07-01,10977,ChargePoint,135.58800000000002,14,23,26,1,2
2019-07-01,10926,ChargePoint,133.764,23,26,27,1,2
2019-07-01,13901,ChargePoint,196.22600000000003,12,36,127,1,2
2019-07-01,12010,ChargePoint,102.70699999999998,10,17,25,1,2
2019-07-01,13021,ChargePoint,77.46,6,13,20,1,2
2019-06-01,13901,ChargePoint,192.52000000000004,14,37,148,1,2
2019-06-01,10977,ChargePoint,65.47,8,11,13,1,2
2019-06-01,10926,ChargePoint,15.815999999999999,4,4,4,1,2
2019-06-01,14744,ChargePoint,23.747,4,4,7,1,2
2019-06-01,13021,ChargePoint,16.029,4,3,3,1,2
2019-05-01,12010,ChargePoint,59.379000000000005,6,9,12,1,2
2019-05-01,13901,ChargePoint,142.707,13,30,170,1,2
2018-10-01,12010,ChargePoint,185.81899999999996,17,29,35,1,2
2018-09-01,12010,ChargePoint,197.88300000000004,18,30,36,1,2
2018-04-01,12010,ChargePoint,12.622,1,2,2,1,1
2018-03-01,12010,ChargePoint,10.026,2,1,1,1,1
2020-09-01,11222,ChargePoint,1929.378,92,378,2722,3,5
2020-08-01,11222,ChargePoint,1301.2259999999999,52,242,1816,3,6
2020-07-01,11222,ChargePoint,1767.8600000000001,69,319,1418,4,6
2020-06-01,11222,ChargePoint,1429.1480000000004,62,260,1024,4,6
2020-05-01,11222,ChargePoint,1532.5759999999998,68,266,1886,3,4
2020-04-01,11222,ChargePoint,1284.0620000000004,52,222,1473,3,6
2019-10-01,11222,ChargePoint,242.95499999999998,8,41,128,2,3
2019-09-01,11222,ChargePoint,227.99599999999998,12,39,83,3,4
2019-08-01,11222,ChargePoint,813.5790000000001,29,139,335,3,5
2019-07-01,11222,ChargePoint,274.465,14,46,74,2,4
2019-04-01,11367,ChargePoint,553.111,58,121,178,2,4
2018-10-01,11367,ChargePoint,938.8919999999997,68,174,227,2,4
2018-09-01,11367,ChargePoint,644.8270000000001,47,135,182,2,4
2018-08-01,11367,ChargePoint,269.229,24,60,83,2,4
2018-05-01,11367,ChargePoint,394.585,33,84,168,2,4
2018-04-01,11367,ChargePoint,365.67100000000005,35,72,129,2,4
2020-07-01,11590,ChargePoint,5366.786000000001,434,975,1312,5,10
2020-04-01,12302,ChargePoint,378.582,118,68,90,5,8
2020-10-01,14433,ChargePoint,432.72400000000016,40,135,184,1,1
2020-09-01,14433,ChargePoint,326.43399999999997,32,104,166,1,1
2020-08-01,14433,ChargePoint,312.776,38,102,148,1,1
2020-07-01,14433,ChargePoint,315.992,30,103,131,1,1
2020-06-01,14433,ChargePoint,457.302,44,147,232,1,2
2020-05-01,14433,ChargePoint,178.594,16,57,82,1,1
2019-10-01,14433,ChargePoint,525.7090000000001,36,126,167,1,2
2019-09-01,14433,ChargePoint,538.647,33,126,167,1,2
2019-08-01,14433,ChargePoint,587.8,42,145,183,1,2
2019-07-01,14433,ChargePoint,316.0179999999999,21,75,99,1,2
2019-06-01,14433,ChargePoint,608.185,37,131,180,1,2
2019-05-01,14433,ChargePoint,648.6690000000001,43,136,189,1,1
2019-04-01,14433,ChargePoint,547.4680000000001,32,117,154,1,1
2020-07-01,14456,ChargePoint,1719.1000000000006,94,284,374,4,6
2020-04-01,14456,ChargePoint,191.02,20,30,67,4,6
2019-08-01,14456,ChargePoint,760.1170000000002,50,145,200,3,4
2019-07-01,14456,ChargePoint,430.399,38,91,145,2,3
2019-06-01,14456,ChargePoint,503.65299999999996,35,99,121,2,3
2019-05-01,14456,ChargePoint,832.0160000000001,56,166,218,2,3
2019-04-01,14456,ChargePoint,1005.624,99,235,340,2,4
2020-10-01,14456,ChargePoint,2309.432,166,392,679,2,4
2020-09-01,14456,ChargePoint,2823.6960000000013,162,482,712,2,4
2020-08-01,14456,ChargePoint,2036.4940000000001,122,349,595,3,5
2019-10-01,14456,ChargePoint,2765.8869999999993,149,475,590,4,7
2019-09-01,14456,ChargePoint,2034.0789999999997,134,366,522,3,6
2020-06-01,14456,ChargePoint,1091.11,56,163,254,3,4
2020-05-01,14456,ChargePoint,435.326,36,64,71,2,4
2018-10-01,14456,ChargePoint,1329.9350000000004,82,262,351,1,2
2018-09-01,14456,ChargePoint,1222.9990000000003,83,246,327,2,3
2018-07-01,14456,ChargePoint,455.67900000000003,42,96,129,1,2
2018-06-01,14456,ChargePoint,598.386,43,119,171,1,2
2018-05-01,14456,ChargePoint,769.1960000000001,47,146,209,1,2
2020-10-01,10032,ChargePoint,752.0160000000002,28,161,345,1,2
2020-09-01,10032,ChargePoint,1066.136,30,204,366,1,2
2020-08-01,10032,ChargePoint,1135.6640000000002,36,236,430,1,2
2020-07-01,10032,ChargePoint,1069.9520000000002,34,216,368,1,2
2020-06-01,10032,ChargePoint,995.5740000000001,32,192,419,1,2
2020-05-01,10032,ChargePoint,572.3119999999999,22,89,423,1,2
2020-04-01,10032,ChargePoint,362.194,14,64,264,1,2
2019-10-01,10032,ChargePoint,316.245,14,50,133,1,2
2019-09-01,10032,ChargePoint,303.647,16,48,184,1,2
2019-08-01,10032,ChargePoint,363.53999999999996,19,62,154,1,2
2020-05-01,10027,ChargePoint,1100.7609999999997,41,232,382,2,4
2020-04-01,10027,ChargePoint,574.057,19,102,235,2,3
2019-10-01,13753,ChargePoint,199.79600000000002,31,53,74,1,2
2019-09-01,13753,ChargePoint,334.3539999999999,46,84,106,1,2
2019-08-01,13753,ChargePoint,333.16399999999993,35,77,111,1,2
2019-07-01,13753,ChargePoint,228.25199999999998,42,68,99,1,2
2019-06-01,13753,ChargePoint,201.523,35,58,96,1,2
2019-05-01,13753,ChargePoint,161.977,27,51,77,1,2
2019-04-01,13753,ChargePoint,192.29099999999997,36,58,86,1,2
2018-10-01,13753,ChargePoint,216.04899999999998,30,48,59,1,2
2018-09-01,13753,ChargePoint,97.184,30,28,36,1,2
2018-08-01,13753,ChargePoint,156.702,30,39,73,1,2
2018-07-01,13753,ChargePoint,239.08399999999995,37,57,70,1,2
2018-06-01,13753,ChargePoint,147.824,24,35,57,1,2
2018-05-01,13753,ChargePoint,89.44999999999999,19,23,35,1,2
2018-04-01,13753,ChargePoint,65.598,15,18,25,1,2
2017-10-01,13753,ChargePoint,99.97,13,21,33,1,2
2017-09-01,13753,ChargePoint,75.82099999999998,20,27,35,1,2
2017-08-01,13753,ChargePoint,177.50500000000005,25,46,70,1,2
2017-07-01,13753,ChargePoint,82.28199999999998,20,25,35,1,2
2017-06-01,13753,ChargePoint,21.201999999999998,5,6,9,1,2
2017-05-01,13753,ChargePoint,9.663,3,2,3,1,2
2016-09-01,13753,ChargePoint,101.01400000000001,32,38,120,1,2
2016-07-01,13753,ChargePoint,99.75,37,44,110,1,2
2016-06-01,13753,ChargePoint,52.611999999999995,19,24,65,1,2
2016-05-01,13753,ChargePoint,68.67899999999999,27,29,71,1,2
2020-10-01,13788,ChargePoint,1551.8539999999998,64,296,389,1,2
2020-09-01,13788,ChargePoint,1287.5799999999997,64,264,376,1,2
2020-08-01,13788,ChargePoint,1287.4779999999998,62,233,253,1,2
2020-07-01,13788,ChargePoint,1576.3120000000004,62,297,327,1,2
2020-06-01,13788,ChargePoint,1071.6899999999996,44,199,211,1,2
2019-10-01,13788,ChargePoint,101.442,12,28,33,1,2
2019-09-01,13788,ChargePoint,153.91,14,38,43,1,2
2019-08-01,13788,ChargePoint,83.624,6,16,18,1,2
2018-10-01,13788,ChargePoint,143.27,25,49,100,1,2
2018-08-01,13788,ChargePoint,69.862,9,15,15,1,2
2018-07-01,13788,ChargePoint,44.236,9,10,12,1,2
2017-10-01,13788,ChargePoint,34.083,7,11,12,1,2
2017-08-01,13788,ChargePoint,82.083,8,20,27,1,2
2017-04-01,13788,ChargePoint,91.182,17,45,56,1,2
2016-09-01,13788,ChargePoint,21.726,4,7,11,1,1
2020-10-01,12455,ChargePoint,267.33599999999996,46,51,162,1,2
2020-09-01,12455,ChargePoint,257.18800000000005,66,45,53,1,2
2020-08-01,12455,ChargePoint,417.09199999999987,82,82,200,1,2
2020-07-01,12455,ChargePoint,317.3480000000001,72,71,233,1,2
2020-06-01,12455,ChargePoint,170.76399999999995,64,53,257,1,2
2020-05-01,12455,ChargePoint,349.32800000000003,82,105,291,1,2
2020-04-01,12455,ChargePoint,493.406,118,137,312,1,2
2019-10-01,12455,ChargePoint,439.15299999999996,55,97,247,1,2
2019-09-01,12455,ChargePoint,236.46300000000008,36,57,204,1,2
2019-08-01,12455,ChargePoint,161.99,42,46,213,1,2
2019-07-01,12455,ChargePoint,277.72299999999996,52,75,266,1,2
2019-06-01,12455,ChargePoint,312.3740000000001,45,73,183,1,2
2019-05-01,12455,ChargePoint,190.357,41,58,189,1,2
2019-04-01,12455,ChargePoint,157.688,58,48,155,1,2
2018-10-01,12455,ChargePoint,148.879,33,41,189,1,2
2018-09-01,12455,ChargePoint,215.61400000000003,45,60,213,1,2
2018-08-01,12455,ChargePoint,267.0780000000001,59,80,258,1,2
2018-07-01,12455,ChargePoint,221.67299999999997,46,56,153,1,2
2018-06-01,12455,ChargePoint,167.28300000000004,32,46,232,1,2
2018-05-01,12455,ChargePoint,118.663,33,38,178,1,2
2018-04-01,12455,ChargePoint,87.07499999999999,12,18,65,1,2
2017-10-01,12455,ChargePoint,183.751,30,50,225,1,2
2017-09-01,12455,ChargePoint,56.132,11,13,23,1,2
2017-08-01,12455,ChargePoint,131.066,10,22,34,1,2
2017-07-01,12455,ChargePoint,19.855999999999998,7,6,6,1,2
2017-06-01,12455,ChargePoint,13.376000000000001,4,4,5,1,2
2016-08-01,12455,ChargePoint,16.483,5,5,5,1,2
2016-07-01,12455,ChargePoint,7.558000000000001,7,3,4,1,1
2016-04-01,12455,ChargePoint,2.018,1,1,1,1,1
2020-10-01,12047,ChargePoint,581.2940000000001,64,111,517,6,11
2020-10-01,12205,ChargePoint,2558.3979999999997,292,542,676,8,14
2020-09-01,12159,ChargePoint,424.0919999999999,32,78,721,2,3
2020-09-01,12047,ChargePoint,649.3839999999998,82,128,728,6,10
2020-09-01,12189,ChargePoint,745.8199999999998,102,186,656,8,10
2020-09-01,12205,ChargePoint,1461.5140000000004,236,345,454,8,14
2020-08-01,12159,ChargePoint,522.5420000000001,30,97,884,3,3
2020-08-01,12047,ChargePoint,148.222,28,35,89,6,9
2020-08-01,12189,ChargePoint,1030.9100000000003,102,220,585,4,7
2020-08-01,12205,ChargePoint,1577.407999999999,236,361,477,7,12
2020-07-01,12159,ChargePoint,197.454,16,38,212,3,4
2020-07-01,12189,ChargePoint,1053.156,38,210,366,4,6
2020-06-01,12205,ChargePoint,1438.314,202,318,391,6,11
2020-06-01,12189,ChargePoint,201.55,12,46,94,4,5
2020-05-01,12189,ChargePoint,162.692,18,54,163,2,3
2019-10-01,12189,ChargePoint,220.45800000000003,29,40,375,2,2
2019-09-01,12189,ChargePoint,183.972,19,35,193,1,2
2020-09-01,12054,ChargePoint,1379.833,232,363,1128,10,14
2020-08-01,12054,ChargePoint,1395.727,190,300,1245,9,13
2020-07-01,12054,ChargePoint,1028.3500000000001,108,206,744,6,8
2020-06-01,12054,ChargePoint,506.39,20,71,75,1,2
2020-05-01,12054,ChargePoint,123.37199999999999,10,20,24,1,2
2020-04-01,12054,ChargePoint,132.25800000000004,8,19,23,1,2
2019-10-01,12054,ChargePoint,119.519,7,17,29,1,2
2019-09-01,12054,ChargePoint,70.587,4,10,11,1,2
2020-10-01,12202,ChargePoint,19.852,12,5,5,1,2
2020-10-01,12211,ChargePoint,581.5539999999999,42,100,106,3,4
2020-09-01,12211,ChargePoint,349.91400000000004,28,59,62,6,6
2020-08-01,12211,ChargePoint,8.052,2,3,4,1,1
2020-07-01,12208,ChargePoint,2463.647999999999,250,628,1404,3,5
2020-10-01,12209,ChargePoint,182.54600000000002,14,32,41,1,2
2020-09-01,12209,ChargePoint,145.43200000000002,22,26,28,1,2
2020-08-01,12209,ChargePoint,142.784,24,25,32,1,2
2020-07-01,12209,ChargePoint,31.934,4,5,37,1,2
2020-06-01,12209,ChargePoint,61.346,8,13,55,1,1
2020-05-01,12209,ChargePoint,202.8659999999999,42,60,68,1,2
2020-04-01,12209,ChargePoint,77.374,10,17,29,1,2
2019-10-01,12209,ChargePoint,1051.1499999999999,58,192,403,1,2
2019-09-01,12209,ChargePoint,1070.1870000000001,52,194,351,1,2
2019-08-01,12209,ChargePoint,1143.1390000000001,57,200,359,1,2
2019-07-01,12209,ChargePoint,567.3879999999999,29,102,158,1,2
2019-06-01,12209,ChargePoint,383.05700000000013,24,64,95,1,2
2019-05-01,12209,ChargePoint,396.57500000000005,20,70,126,1,2
2019-04-01,12209,ChargePoint,306.292,15,52,73,1,2
2020-07-01,12205,ChargePoint,1830.0399999999995,248,467,658,7,11
2020-04-01,12205,ChargePoint,981.1200000000002,110,198,253,6,10
2019-10-01,12205,ChargePoint,1756.0129999999997,211,354,687,5,10
2019-09-01,12205,ChargePoint,1547.0960000000002,198,320,562,5,10
2019-08-01,12205,ChargePoint,1207.1459999999995,162,262,461,5,10
2019-07-01,12205,ChargePoint,1242.727,177,268,437,5,10
2019-06-01,12205,ChargePoint,1345.8450000000003,174,283,482,5,10
2019-05-01,12205,ChargePoint,923.5779999999997,141,198,282,5,10
2019-04-01,12205,ChargePoint,281.884,61,61,65,3,6
2020-05-01,12205,ChargePoint,1134.6079999999993,134,221,278,6,10
2019-07-01,12208,ChargePoint,223.48900000000003,30,56,74,2,4
2019-06-01,12208,ChargePoint,86.399,12,20,51,2,4
2020-09-01,12208,ChargePoint,3841.702000000001,228,751,1879,3,5
2020-08-01,12208,ChargePoint,3499.014000000002,282,846,2450,3,5
2020-06-01,12208,ChargePoint,1937.8899999999992,202,455,799,2,4
2020-05-01,12208,ChargePoint,1659.7400000000011,208,423,893,2,4
2020-04-01,12208,ChargePoint,1754.6460000000015,194,443,1155,2,4
2019-09-01,12208,ChargePoint,829.9170000000003,78,184,235,2,4
2019-08-01,12208,ChargePoint,688.319,62,162,219,2,4
2019-05-01,12208,ChargePoint,26.365,3,5,7,2,3
2020-10-01,11553,ChargePoint,2874.7359999999994,244,611,1105,5,9
2020-09-01,11553,ChargePoint,3079.555000000001,225,622,1122,5,10
2020-08-01,11553,ChargePoint,2923.7379999999994,208,573,1070,4,8
2020-07-01,11553,ChargePoint,2022.484000000001,118,378,628,4,7
2020-06-01,11553,ChargePoint,1707.317999999999,112,302,494,3,6
2020-05-01,11553,ChargePoint,878.658,58,156,228,4,6
2020-04-01,11553,ChargePoint,802.25,52,152,213,4,6
2019-10-01,11553,ChargePoint,2223.9939999999997,263,571,1059,4,8
2019-09-01,11553,ChargePoint,2166.2200000000007,252,554,918,5,10
2019-08-01,11553,ChargePoint,851.7709999999995,102,256,454,3,6
2017-10-01,11553,ChargePoint,253.6009999999999,26,70,201,1,2
2017-09-01,11553,ChargePoint,260.938,28,68,193,1,2
2017-07-01,11553,ChargePoint,117.68799999999999,24,40,141,1,2
2017-05-01,11553,ChargePoint,214.148,42,77,239,1,2
2017-04-01,11553,ChargePoint,213.93800000000005,37,64,254,1,2
2016-09-01,11553,ChargePoint,139.162,24,44,177,1,2
2016-06-01,11553,ChargePoint,65.304,13,23,79,1,2
2016-05-01,11553,ChargePoint,47.626000000000005,10,18,62,1,2
2020-10-01,11550,ChargePoint,2656.9160000000006,248,633,1190,3,6
2020-09-01,11550,ChargePoint,2152.579999999999,216,515,974,3,6
2020-08-01,11550,ChargePoint,1169.274,158,319,860,3,6
2020-07-01,11550,ChargePoint,281.91999999999996,32,84,168,3,4
2020-05-01,11550,ChargePoint,199.00399999999996,12,37,52,1,2
2020-04-01,11550,ChargePoint,180.74400000000003,6,30,34,1,2
2020-09-01,11590,ChargePoint,5719.444000000005,498,1043,1623,5,10
2020-10-01,11030,ChargePoint,1209.074,82,255,414,1,2
2020-09-01,11030,ChargePoint,1210.4400000000003,108,264,451,1,2
2020-08-01,11030,ChargePoint,1365.292,104,273,373,1,2
2020-07-01,11030,ChargePoint,1012.8899999999996,90,213,348,1,2
2020-06-01,11030,ChargePoint,569.5539999999999,110,112,390,1,2
2020-05-01,11030,ChargePoint,1395.8120000000004,106,278,402,1,2
2020-04-01,11030,ChargePoint,562.7620000000001,64,138,251,1,2
2019-10-01,10601,ChargePoint,1450.9729999999997,108,416,1511,4,8
2019-09-01,10601,ChargePoint,1880.7730000000004,158,656,1862,3,6
2019-07-01,10601,ChargePoint,1618.5430000000013,148,332,1898,4,8
2018-09-01,10601,ChargePoint,2029.5080000000007,108,390,1723,5,10
2018-05-01,10601,ChargePoint,1402.579,76,276,1175,4,8
2016-04-01,10601,ChargePoint,1909.254,102,452,1809,5,9
2018-08-01,10601,ChargePoint,2067.209,110,423,1796,5,10
2017-10-01,10601,ChargePoint,1638.2640000000006,95,408,1110,4,8
2017-05-01,10601,ChargePoint,1299.1410000000003,82,340,999,5,8
2017-04-01,10601,ChargePoint,1334.065,87,322,1160,5,10
2016-10-01,10601,ChargePoint,1807.1559999999997,111,403,1544,5,10
2016-09-01,10601,ChargePoint,1337.401,96,345,1070,5,10
2016-07-01,10601,ChargePoint,1530.719,92,373,1334,5,10
2016-06-01,10601,ChargePoint,2168.5109999999995,89,491,1349,5,10
2016-05-01,10601,ChargePoint,1938.7509999999997,89,436,1429,5,10
2015-08-01,10601,ChargePoint,774.108,38,129,594,5,9
2015-07-01,10601,ChargePoint,515.4820000000002,34,87,461,4,6
2020-09-01,10601,ChargePoint,2579.961999999998,198,512,2163,3,6
2020-08-01,10601,ChargePoint,2517.4030000000007,215,495,2052,4,7
2020-07-01,10601,ChargePoint,965.056,120,198,885,3,6
2020-05-01,10601,ChargePoint,1215.0,83,244,939,4,7
2019-08-01,10601,ChargePoint,1444.997,99,285,1367,4,7
2019-06-01,10601,ChargePoint,2406.583,205,509,1779,4,7
2019-05-01,10601,ChargePoint,2171.1049999999996,165,449,1299,4,7
2019-04-01,10601,ChargePoint,1753.903000000001,127,378,1535,4,7
2018-07-01,10601,ChargePoint,2039.187999999999,106,395,1254,3,6
2018-06-01,10601,ChargePoint,1780.2610000000002,84,343,1206,3,6
2018-04-01,10601,ChargePoint,737.626,33,151,958,4,6
2016-08-01,10601,ChargePoint,1139.468,79,265,1102,5,9
2015-09-01,10601,ChargePoint,848.7309999999998,35,141,541,5,9
2020-06-01,10601,ChargePoint,491.89,58,114,445,3,4
2020-04-01,10601,ChargePoint,1357.6939999999997,73,253,1143,4,7
2017-08-01,10601,ChargePoint,1926.5590000000002,145,420,1432,3,6
2017-06-01,10601,ChargePoint,1104.7949999999998,79,286,939,3,6
2017-09-01,10601,ChargePoint,1560.9669999999994,89,385,984,3,6
2017-07-01,10601,ChargePoint,1387.4660000000003,83,305,1283,3,6
2019-10-01,10605,ChargePoint,2274.086,144,511,1070,5,8
2019-09-01,10605,ChargePoint,1874.9510000000007,118,411,946,5,9
2019-08-01,10605,ChargePoint,1936.0429999999997,109,413,834,5,9
2019-07-01,10605,ChargePoint,2042.574000000001,124,448,881,4,7
2019-06-01,10605,ChargePoint,1571.0290000000002,103,378,758,4,8
2019-05-01,10605,ChargePoint,1247.8429999999998,94,336,668,3,6
2019-04-01,10605,ChargePoint,1387.7069999999994,87,341,613,3,6
2018-08-01,10605,ChargePoint,1147.2850000000003,99,268,590,5,9
2018-06-01,10605,ChargePoint,572.128,67,156,365,5,9
2018-05-01,10605,ChargePoint,643.6,74,205,590,3,6
2018-04-01,10605,ChargePoint,466.73299999999995,56,147,603,3,5
2017-07-01,10605,ChargePoint,60.370999999999995,7,19,45,1,2
2017-06-01,10605,ChargePoint,285.272,22,86,230,1,2
2017-04-01,10605,ChargePoint,266.996,22,80,242,1,2
2016-10-01,10605,ChargePoint,297.685,22,90,304,2,3
2016-09-01,10605,ChargePoint,278.943,22,85,274,2,3
2016-08-01,10605,ChargePoint,192.015,20,59,157,2,3
2016-07-01,10605,ChargePoint,124.319,13,39,157,1,2
2016-06-01,10605,ChargePoint,166.75899999999996,25,52,264,1,2
2016-05-01,10605,ChargePoint,225.51500000000001,26,69,252,3,4
2020-09-01,10605,ChargePoint,1114.842,41,184,445,5,7
2020-08-01,10605,ChargePoint,1067.8139999999999,40,174,406,3,5
2020-07-01,10605,ChargePoint,1787.926,50,301,643,3,6
2020-06-01,10605,ChargePoint,1870.8929999999998,54,310,994,5,7
2020-05-01,10605,ChargePoint,1402.7279999999996,46,229,668,3,5
2020-04-01,10605,ChargePoint,1076.1879999999999,28,173,392,2,3
2018-10-01,10605,ChargePoint,1211.9489999999996,92,275,1140,5,9
2018-09-01,10605,ChargePoint,1048.8400000000001,75,234,586,5,8
2018-07-01,10605,ChargePoint,799.2569999999998,83,199,412,5,7
2017-08-01,10605,ChargePoint,16.480999999999998,3,5,16,1,2
2020-09-01,10543,ChargePoint,29.838,8,10,23,1,2
2019-08-01,10543,ChargePoint,95.33099999999999,20,25,47,1,2
2019-06-01,10543,ChargePoint,110.66000000000003,23,31,38,1,2
2020-10-01,10543,ChargePoint,18.596,6,6,8,1,2
2020-08-01,10543,ChargePoint,30.082,10,10,23,1,2
2020-07-01,10543,ChargePoint,20.980000000000004,6,7,14,1,1
2020-05-01,10543,ChargePoint,11.190000000000001,4,3,4,1,2
2020-03-01,10543,ChargePoint,7.726,2,2,2,1,1
2019-10-01,10543,ChargePoint,32.126,9,10,11,1,1
2019-09-01,10543,ChargePoint,30.508,11,9,11,1,2
2019-07-01,10543,ChargePoint,49.568,13,15,18,1,2
2019-05-01,10543,ChargePoint,22.128,6,7,8,1,2
2019-04-01,10543,ChargePoint,60.022999999999996,16,16,17,1,2
2020-09-01,10520,ChargePoint,911.1100000000001,106,248,1440,3,6
2020-08-01,10520,ChargePoint,1347.6619999999996,156,296,1452,3,6
2020-07-01,10520,ChargePoint,893.2760000000002,94,231,1442,3,5
2020-06-01,10520,ChargePoint,869.4200000000002,102,231,1569,3,6
2020-05-01,10520,ChargePoint,438.94199999999995,76,152,1685,3,5
2020-04-01,10520,ChargePoint,314.352,70,129,1309,2,4
2019-10-01,10520,ChargePoint,208.47500000000005,30,52,228,3,6
2019-09-01,10520,ChargePoint,373.33199999999994,49,107,511,3,6
2019-08-01,10520,ChargePoint,476.3180000000001,61,127,537,3,5
2019-07-01,10520,ChargePoint,330.50399999999996,43,93,437,3,5
2019-06-01,10520,ChargePoint,285.96500000000003,35,79,394,2,3
2019-05-01,10520,ChargePoint,28.438000000000002,14,9,43,2,4
2020-10-01,12525,ChargePoint,1029.4460000000001,160,175,219,2,4
2020-09-01,12525,ChargePoint,996.3359999999998,126,172,191,2,4
2020-08-01,12525,ChargePoint,708.6920000000001,126,130,151,2,4
2020-07-01,12525,ChargePoint,478.192,104,87,99,2,4
2020-06-01,12525,ChargePoint,604.5380000000001,96,105,119,2,4
2020-10-01,12498,ChargePoint,608.07,132,135,139,1,2
2020-10-01,12443,ChargePoint,638.2679999999999,22,93,142,1,2
2020-10-01,12528,ChargePoint,550.058,21,102,142,2,4
2020-09-01,12498,ChargePoint,77.924,60,21,23,1,2
2020-09-01,12443,ChargePoint,607.1439999999999,22,88,147,1,2
2020-09-01,12528,ChargePoint,247.78000000000006,16,46,63,2,4
2020-08-01,12443,ChargePoint,762.3780000000002,28,113,162,1,2
2020-08-01,12498,ChargePoint,143.364,40,34,35,1,2
2020-07-01,12498,ChargePoint,134.47600000000003,56,31,42,1,2
2020-07-01,12443,ChargePoint,99.196,8,15,15,1,2
2020-06-01,12498,ChargePoint,41.605999999999995,22,11,11,1,2
2020-05-01,12443,ChargePoint,145.798,14,39,43,1,2
2020-05-01,12498,ChargePoint,36.11599999999999,18,8,10,1,2
2020-04-01,12498,ChargePoint,67.702,24,20,24,1,2
2020-04-01,12443,ChargePoint,144.022,22,37,86,1,2
2019-10-01,12498,ChargePoint,93.902,21,23,27,1,2
2019-09-01,12498,ChargePoint,82.98700000000001,24,20,30,1,2
2019-08-01,12498,ChargePoint,47.335,16,13,15,1,2
2019-07-01,12498,ChargePoint,72.125,17,17,20,1,2
2019-06-01,12498,ChargePoint,1.037,3,0,0,1,2
2020-10-01,12477,ChargePoint,1719.7180000000005,238,383,614,5,10
2020-09-01,12477,ChargePoint,1953.774,258,407,602,5,10
2020-08-01,12477,ChargePoint,1695.512,184,315,440,4,7
2020-07-01,12477,ChargePoint,814.9139999999995,182,194,244,4,8
2020-05-01,12477,ChargePoint,926.4879999999998,156,221,455,4,7
2020-04-01,12477,ChargePoint,868.0340000000004,142,258,676,4,8
2019-10-01,12477,ChargePoint,549.921,46,97,120,3,6
2019-09-01,12477,ChargePoint,636.6,64,118,134,3,6
2019-08-01,12477,ChargePoint,237.89399999999998,30,42,52,3,6
2019-07-01,12477,ChargePoint,246.841,35,55,61,3,6
2019-06-01,12477,ChargePoint,299.17700000000013,40,62,66,3,6
2019-05-01,12477,ChargePoint,68.688,21,19,27,2,4
2019-04-01,12477,ChargePoint,37.385000000000005,6,10,10,1,2
2018-10-01,12477,ChargePoint,238.38199999999995,33,49,53,1,2
2018-09-01,12477,ChargePoint,168.656,29,33,35,1,2
2018-07-01,12477,ChargePoint,52.995,10,14,18,1,2
2018-06-01,12477,ChargePoint,4.125,3,1,1,1,2
2018-05-01,12477,ChargePoint,29.894,12,11,15,1,2
2020-06-01,12477,ChargePoint,1501.9679999999992,198,323,582,4,8
2020-10-01,12428,ChargePoint,525.514,44,92,115,1,2
2020-09-01,12428,ChargePoint,187.216,12,31,31,1,2
2020-08-01,12428,ChargePoint,374.9260000000001,30,64,66,1,2
2020-07-01,12428,ChargePoint,181.42200000000003,20,38,39,1,2
2020-06-01,12428,ChargePoint,241.392,26,60,87,1,2
2020-05-01,12428,ChargePoint,153.01999999999998,18,41,67,1,2
2020-04-01,12428,ChargePoint,454.3620000000001,46,103,124,1,2
2019-10-01,12428,ChargePoint,330.761,23,57,63,1,2
2019-09-01,12428,ChargePoint,194.18900000000002,19,39,68,1,2
2019-08-01,12428,ChargePoint,157.741,16,29,38,1,2
2019-07-01,12428,ChargePoint,87.87200000000001,11,16,16,1,2
2019-06-01,12428,ChargePoint,105.84899999999999,13,20,27,1,2
2019-05-01,12428,ChargePoint,516.972,27,90,169,1,2
2019-04-01,12428,ChargePoint,529.72,30,92,130,1,2
2020-10-01,12484,ChargePoint,205.16600000000005,22,38,45,1,2
2020-09-01,12484,ChargePoint,322.1819999999999,30,63,71,1,2
2020-08-01,12484,ChargePoint,84.33,8,16,16,1,2
2020-03-01,12484,ChargePoint,23.504,2,4,4,1,1
2019-10-01,12484,ChargePoint,430.07800000000003,51,79,130,1,2
2019-09-01,12484,ChargePoint,387.0059999999999,54,70,103,1,2
2019-08-01,12484,ChargePoint,134.598,21,24,56,1,2
2019-07-01,12484,ChargePoint,91.602,12,16,34,1,2
2019-06-01,12484,ChargePoint,196.65700000000004,21,39,62,1,2
2020-10-01,12077,ChargePoint,1848.1080000000004,302,358,425,2,3
2020-09-01,12077,ChargePoint,1525.9580000000003,234,304,343,2,4
2020-08-01,12077,ChargePoint,1505.2160000000001,252,284,333,2,4
2020-07-01,12077,ChargePoint,1650.1520000000007,228,308,376,2,4
2020-06-01,12077,ChargePoint,1377.8419999999996,292,281,320,2,4
2020-05-01,12077,ChargePoint,734.514,196,157,204,2,4
2020-04-01,12077,ChargePoint,411.4139999999998,136,94,96,2,4
2020-10-01,12144,ChargePoint,463.8000000000002,144,103,138,2,4
2020-09-01,12144,ChargePoint,523.0039999999998,100,105,145,2,4
2020-08-01,12144,ChargePoint,195.53799999999998,84,44,49,2,4
2020-07-01,12144,ChargePoint,248.232,82,60,93,2,4
2020-06-01,12144,ChargePoint,318.71000000000004,92,75,149,2,4
2020-05-01,12144,ChargePoint,198.48600000000002,66,48,53,2,4
2020-04-01,12144,ChargePoint,253.60999999999996,110,61,63,2,4
2020-10-01,12304,ChargePoint,1434.4229999999995,236,296,333,3,6
2020-09-01,12304,ChargePoint,786.9279999999997,220,196,275,3,6
2020-08-01,12304,ChargePoint,1390.4919999999997,298,332,420,3,6
2020-07-01,12304,ChargePoint,985.4580000000001,248,212,226,3,6
2020-06-01,12304,ChargePoint,761.4220000000001,180,161,210,3,6
2020-05-01,12304,ChargePoint,66.754,32,16,19,3,4
2020-05-01,13788,ChargePoint,164.04000000000002,24,50,54,1,2
2020-04-01,13788,ChargePoint,85.998,12,29,32,1,1
2019-07-01,13788,ChargePoint,117.32500000000002,14,27,33,1,2
2019-06-01,13788,ChargePoint,119.65200000000002,13,30,38,1,2
2019-04-01,13788,ChargePoint,101.366,14,32,40,1,1
2018-09-01,13788,ChargePoint,46.230000000000004,8,15,20,1,1
2018-06-01,13788,ChargePoint,66.747,14,26,36,1,1
2018-04-01,13788,ChargePoint,22.433,4,8,11,1,1
2017-09-01,13788,ChargePoint,26.515,8,8,13,1,2
2019-05-01,13788,ChargePoint,98.00399999999999,13,33,35,1,1
2018-05-01,13788,ChargePoint,44.368,7,19,24,1,1
2017-07-01,13788,ChargePoint,49.232,9,16,21,1,1
2017-06-01,13788,ChargePoint,88.24199999999998,17,35,47,1,1
2017-05-01,13788,ChargePoint,60.44100000000001,10,25,33,1,1
2016-10-01,13753,ChargePoint,25.652,8,7,10,1,2
2016-08-01,13753,ChargePoint,91.516,34,43,104,1,2
2016-04-01,13753,ChargePoint,59.511,14,18,37,1,2
2017-05-01,12455,ChargePoint,3.661,1,1,2,1,1
2016-03-01,12455,ChargePoint,0.004,1,0,0,1,1
2020-09-01,14075,ChargePoint,522.744,44,81,147,2,3
2020-09-01,14069,ChargePoint,82.23400000000001,8,12,18,1,2
2020-08-01,14139,ChargePoint,138.84399999999997,26,42,43,1,1
2020-07-01,14006,ChargePoint,76.10000000000001,14,16,19,1,1
2020-07-01,14139,ChargePoint,36.832,10,9,9,1,1
2020-04-01,14075,ChargePoint,50.14399999999999,18,15,15,3,5
2018-07-01,11367,ChargePoint,20.977,6,6,7,2,4
2018-06-01,11367,ChargePoint,11.117,6,3,4,2,4
2020-10-01,12061,ChargePoint,2.874,2,1,1,1,1
2020-09-01,13820,ChargePoint,102.24,16,35,39,1,1
2020-09-01,12513,ChargePoint,46.160000000000004,4,10,10,1,1
2020-09-01,12870,ChargePoint,17.744,4,3,3,1,1
2020-08-01,12953,ChargePoint,50.57,6,8,8,2,2
2020-08-01,14411,ChargePoint,30.048000000000002,12,5,6,1,2
2020-08-01,12061,ChargePoint,1.6399999999999997,4,0,0,2,2
2020-07-01,14202,ChargePoint,122.68,8,20,20,1,2
2020-07-01,12061,ChargePoint,1.245,2,0,1,2,2
2020-07-01,12485,ChargePoint,42.971999999999994,6,7,7,2,2
2020-06-01,12309,ChargePoint,545.6700000000001,102,104,450,4,4
2020-06-01,14202,ChargePoint,11.724,2,4,4,1,1
2020-06-01,14213,ChargePoint,179.912,10,32,34,1,2
2020-06-01,12010,ChargePoint,24.9,4,8,17,1,1
2020-06-01,12485,ChargePoint,7.112,2,1,1,1,1
2020-05-01,12309,ChargePoint,459.37199999999996,80,85,340,3,3
2020-05-01,13820,ChargePoint,67.362,12,22,23,1,2
2020-05-01,13478,ChargePoint,121.35600000000001,6,21,92,3,3
2020-05-01,14120,ChargePoint,145.35600000000002,32,24,25,2,2
2020-04-01,13478,ChargePoint,69.6,4,11,11,2,2
2020-04-01,10926,ChargePoint,36.76,8,13,13,1,2
2020-04-01,14411,ChargePoint,3.872,4,1,1,1,1
2020-04-01,12870,ChargePoint,3.996,2,1,1,1,1
2020-03-01,14213,ChargePoint,235.52800000000002,12,38,40,1,2
2020-03-01,14209,ChargePoint,76.33800000000001,10,13,14,1,2
2019-10-01,14744,ChargePoint,7.856,3,2,3,1,2
2019-09-01,13021,ChargePoint,8.206,3,3,3,1,1
2019-08-01,10926,ChargePoint,30.298000000000002,8,7,7,1,2
2019-06-01,12010,ChargePoint,132.037,12,22,28,1,1
2019-05-01,13021,ChargePoint,1.085,1,0,0,1,1
2018-08-01,14127,ChargePoint,28.484999999999996,5,10,14,2,3
2020-08-01,14420,ChargePoint,16.576,2,6,6,1,1
2020-07-01,14420,ChargePoint,18.53,2,7,8,1,1
2020-06-01,14420,ChargePoint,12.584,2,4,8,1,1
2020-10-01,13053,ChargePoint,14.206,2,2,2,1,1
2018-05-01,12583,ChargePoint,8.54,2,2,3,1,1
2020-04-01,13617,ChargePoint,335.24200000000013,66,172,487,2,3
2020-10-01,13208,ChargePoint,7.413,2,1,1,2,2
2020-07-01,13090,ChargePoint,30.002,2,9,9,1,1
2020-05-01,13090,ChargePoint,2.772,2,0,0,1,1
2018-07-01,12037,ChargePoint,0.0,5,0,0,1,2
2020-04-01,12309,ChargePoint,456.33000000000004,68,90,353,2,2
2020-03-01,12583,ChargePoint,27.028,4,6,8,1,2
2019-08-01,12065,ChargePoint,1030.2549999999999,174,248,327,4,7
2019-04-01,12065,ChargePoint,620.5769999999998,97,126,156,3,4
2018-10-01,12065,ChargePoint,399.89000000000004,87,83,115,3,5
2020-08-01,12803,ChargePoint,4.276,8,1,1,1,2
2020-10-01,11766,ChargePoint,11.708,12,3,4,2,2
2020-08-01,11772,ChargePoint,42.968,8,7,7,1,1
2020-07-01,11740,ChargePoint,4.64,2,2,3,1,1
2020-05-01,11740,ChargePoint,12.634,4,2,2,1,1
2020-05-01,11772,ChargePoint,12.768,4,4,4,1,2
2020-04-01,11740,ChargePoint,288.048,8,46,49,1,1
2020-09-01,12845,ChargePoint,24.376000000000005,8,8,29,2,3
2020-08-01,12846,ChargePoint,90.97600000000001,18,34,79,1,2
2020-07-01,12845,ChargePoint,6.186,4,1,1,1,1
2020-06-01,12846,ChargePoint,115.086,2,17,39,1,1
2019-08-01,12846,ChargePoint,8.228,1,2,2,1,1
2019-06-01,12846,ChargePoint,6.6,1,1,1,1,1
2017-10-01,12801,ChargePoint,56.86,5,10,10,3,5
2018-07-01,12801,ChargePoint,77.281,14,25,108,1,2
2020-06-01,10543,ChargePoint,25.274000000000004,8,8,8,1,1
2017-05-01,10605,ChargePoint,335.07300000000004,24,101,309,1,1
2020-03-01,12189,ChargePoint,48.116,4,15,22,1,1
2019-08-01,12189,ChargePoint,44.05800000000001,4,12,43,2,2
2020-07-01,12047,ChargePoint,74.62999999999998,14,18,20,4,4
2020-06-01,12047,ChargePoint,73.37199999999999,10,14,16,4,5
2020-04-01,12047,ChargePoint,46.848,6,9,9,2,2
2019-08-01,12084,ChargePoint,1249.9899999999993,151,278,379,3,6
2017-08-01,11553,ChargePoint,105.14100000000002,21,36,160,1,1
2016-08-01,11553,ChargePoint,124.14899999999999,25,41,175,1,1
2016-07-01,11553,ChargePoint,87.48799999999999,17,29,125,1,1
2017-06-01,11553,ChargePoint,106.822,22,38,149,1,1
2016-10-01,11553,ChargePoint,104.64300000000001,21,39,187,1,1
2016-04-01,11553,ChargePoint,4.57,1,2,9,1,1
2020-06-01,11550,ChargePoint,9.642,2,3,10,1,1
2019-09-01,11590,ChargePoint,15.312000000000001,4,4,12,2,2
2018-08-01,12477,ChargePoint,10.096,2,3,3,1,1
2018-04-01,12477,ChargePoint,21.179000000000002,6,5,6,1,2
2017-10-01,12477,ChargePoint,4.611000000000001,2,1,1,1,1
2020-05-01,12525,ChargePoint,8.334,4,5,7,1,1
2020-06-01,12443,ChargePoint,87.494,22,14,15,1,2
2020-04-01,12484,ChargePoint,9.62,2,3,3,1,1
2019-05-01,12484,ChargePoint,8.174,2,3,4,1,1
2019-10-01,12047,ChargePoint,311.0289999999999,24,59,93,1,2
2019-09-01,12047,ChargePoint,226.65700000000004,17,41,46,1,2
2019-08-01,12047,ChargePoint,406.088,21,75,118,1,2
2019-07-01,12047,ChargePoint,152.45499999999998,19,36,50,1,2
2019-06-01,12047,ChargePoint,192.61599999999999,23,46,118,1,2
2019-05-01,12047,ChargePoint,201.551,10,36,55,1,2
2019-04-01,12047,ChargePoint,210.26700000000002,14,40,73,1,2
2018-10-01,12047,ChargePoint,118.86700000000002,13,23,31,1,2
2018-09-01,12047,ChargePoint,75.40199999999999,12,20,26,1,2
2019-10-01,12077,ChargePoint,1025.5849999999998,94,186,229,1,2
2019-09-01,12077,ChargePoint,1063.475,104,191,230,1,2
2019-08-01,12077,ChargePoint,1089.8610000000003,118,200,222,1,2
2019-07-01,12077,ChargePoint,913.3420000000002,91,166,187,1,2
2019-06-01,12077,ChargePoint,1150.6670000000001,76,200,235,1,2
2019-05-01,12077,ChargePoint,927.246,64,170,199,1,2
2019-04-01,12077,ChargePoint,636.0949999999999,58,124,148,1,2
2018-10-01,12077,ChargePoint,526.3499999999999,91,98,119,1,2
2018-09-01,12077,ChargePoint,544.238,83,105,130,1,2
2018-08-01,12077,ChargePoint,508.921,70,95,109,1,2
2018-07-01,12077,ChargePoint,129.19299999999998,10,22,24,1,2
2018-10-01,12084,ChargePoint,930.1079999999998,130,188,258,1,2
2018-09-01,12084,ChargePoint,1096.77,131,222,321,1,2
2018-08-01,12084,ChargePoint,1104.6720000000003,114,219,286,1,2
2018-07-01,12084,ChargePoint,233.05600000000004,36,55,73,1,2
2019-06-01,12084,ChargePoint,900.754,144,206,264,2,3
2018-08-01,12205,ChargePoint,161.275,41,35,72,1,2
2018-07-01,12205,ChargePoint,64.836,28,16,25,1,2
2018-06-01,12205,ChargePoint,21.026,12,5,7,1,2
2018-10-01,12205,ChargePoint,307.117,54,62,133,1,2
2018-09-01,12205,ChargePoint,151.384,38,31,72,1,2
2020-10-01,14304,ChargePoint,663.9400000000002,68,116,118,1,2
2020-09-01,14304,ChargePoint,769.2660000000001,100,135,138,1,2
2020-08-01,14304,ChargePoint,735.7379999999998,138,136,141,1,2
2020-07-01,14304,ChargePoint,749.5679999999996,118,143,146,1,2
2020-06-01,14304,ChargePoint,320.90999999999997,50,56,57,1,2
2020-05-01,14304,ChargePoint,219.164,38,38,39,1,2
2020-04-01,14304,ChargePoint,328.63200000000006,58,57,58,1,2
2019-10-01,14304,ChargePoint,961.2099999999998,95,181,201,1,2
2019-09-01,14304,ChargePoint,967.5130000000001,113,180,189,1,2
2019-08-01,14304,ChargePoint,1014.4830000000004,105,185,202,1,2
2019-07-01,14304,ChargePoint,1133.8540000000005,122,208,221,1,2
2019-06-01,14304,ChargePoint,761.568,98,141,144,1,2
2019-05-01,14304,ChargePoint,631.609,88,117,122,1,2
2019-04-01,14304,ChargePoint,627.3190000000003,88,111,116,1,2
2018-10-01,14304,ChargePoint,560.4139999999998,74,101,116,1,2
2019-10-01,14303,ChargePoint,584.408,54,125,149,2,4
2019-09-01,14303,ChargePoint,633.447,66,145,214,2,4
2019-08-01,14303,ChargePoint,1043.4330000000002,113,228,313,2,4
2019-07-01,14303,ChargePoint,876.2089999999997,98,185,251,2,4
2019-06-01,14303,ChargePoint,619.731,72,137,173,2,4
2019-05-01,14303,ChargePoint,541.7180000000001,66,121,162,2,4
2019-04-01,14303,ChargePoint,326.67499999999995,48,79,106,2,4
2018-10-01,14303,ChargePoint,398.7109999999999,45,84,157,2,4
2018-09-01,14303,ChargePoint,292.91,34,60,85,2,4
2019-09-01,13088,ChargePoint,763.104,107,162,172,2,4
2019-08-01,13088,ChargePoint,509.61400000000003,93,113,120,2,4
2019-07-01,13088,ChargePoint,553.3590000000004,87,116,126,2,4
2019-06-01,13088,ChargePoint,571.3590000000002,98,124,131,2,4
2019-05-01,13088,ChargePoint,393.986,66,89,103,2,4
2019-04-01,13088,ChargePoint,336.58700000000005,61,80,87,2,4
2018-10-01,13088,ChargePoint,459.26599999999985,76,90,104,2,4
2018-09-01,13088,ChargePoint,383.22100000000006,78,87,106,2,4
2018-08-01,13088,ChargePoint,333.27899999999994,86,85,98,2,4
2020-10-01,14760,ChargePoint,443.55400000000014,28,77,86,1,2
2020-10-01,11777,ChargePoint,302.8000000000001,44,88,197,1,2
2020-10-01,12305,ChargePoint,1985.66,88,358,473,1,2
2020-09-01,11777,ChargePoint,139.968,20,40,142,1,2
2020-09-01,12305,ChargePoint,1172.7640000000001,52,221,263,1,2
2020-09-01,14760,ChargePoint,133.62600000000003,28,32,32,1,2
2020-08-01,12305,ChargePoint,540.512,32,106,144,1,2
2020-08-01,14760,ChargePoint,43.964,14,10,10,1,2
2020-07-01,14760,ChargePoint,203.32800000000003,24,41,64,1,2
2020-07-01,12305,ChargePoint,455.2839999999999,28,97,158,1,2
2020-06-01,14760,ChargePoint,147.092,32,40,40,1,2
2020-05-01,14760,ChargePoint,45.327999999999996,12,14,14,1,2
2020-04-01,12305,ChargePoint,463.5140000000001,24,121,272,1,2
2020-03-01,14150,ChargePoint,125.46200000000002,16,21,24,1,2
2019-10-01,14760,ChargePoint,286.292,52,76,82,1,2
2019-10-01,11777,ChargePoint,143.55900000000003,23,41,89,1,2
2019-10-01,12305,ChargePoint,119.16599999999998,16,24,30,1,2
2019-09-01,12305,ChargePoint,49.393,11,15,29,1,2
2019-09-01,14760,ChargePoint,168.73000000000005,27,51,59,1,2
2019-08-01,14150,ChargePoint,18.317,4,5,8,1,2
2019-08-01,14760,ChargePoint,118.88800000000002,21,34,36,1,2
2019-08-01,12305,ChargePoint,29.908,9,10,19,1,2
2019-07-01,12305,ChargePoint,49.721000000000004,10,13,54,1,2
2019-07-01,14760,ChargePoint,79.59800000000001,16,18,19,1,2
2019-07-01,14150,ChargePoint,58.82300000000001,9,14,16,1,2
2019-06-01,14150,ChargePoint,106.723,11,20,20,1,2
2019-06-01,14760,ChargePoint,72.643,19,17,18,1,2
2019-06-01,12305,ChargePoint,52.994000000000014,10,13,45,1,2
2019-05-01,14760,ChargePoint,97.544,15,20,22,1,2
2019-05-01,12305,ChargePoint,208.155,21,47,93,1,2
2019-05-01,14150,ChargePoint,89.12700000000001,9,15,15,1,2
2019-04-01,14760,ChargePoint,31.095999999999997,6,7,7,1,2
2019-04-01,14150,ChargePoint,28.773000000000003,7,7,7,1,1
2019-04-01,12305,ChargePoint,118.82999999999998,21,31,61,1,2
2019-03-01,14150,ChargePoint,90.78800000000001,9,16,18,1,2
2019-03-01,14760,ChargePoint,59.66199999999999,14,13,14,1,2
2018-10-01,13617,ChargePoint,587.3049999999998,80,152,250,2,4
2018-10-01,14760,ChargePoint,80.862,13,21,22,1,2
2018-10-01,12305,ChargePoint,371.77500000000003,42,84,216,1,2
2018-09-01,12305,ChargePoint,252.61000000000004,34,64,155,1,2
2018-09-01,12065,ChargePoint,291.5130000000001,87,69,86,2,4
2018-09-01,14760,ChargePoint,127.52499999999999,28,37,39,1,2
2018-09-01,13617,ChargePoint,396.909,64,122,235,2,4
2018-08-01,12305,ChargePoint,128.08299999999997,17,29,85,1,2
2018-08-01,13617,ChargePoint,185.42799999999997,34,62,119,2,4
2018-08-01,12065,ChargePoint,315.30799999999994,86,71,83,2,4
2018-07-01,12065,ChargePoint,251.35100000000008,46,53,62,2,4
2018-07-01,14150,ChargePoint,37.446000000000005,12,10,11,1,2
2018-06-01,12065,ChargePoint,85.512,23,19,23,1,2
2018-05-01,14150,ChargePoint,114.194,15,21,22,1,2
2018-04-01,14150,ChargePoint,78.52599999999998,12,17,19,1,2
2017-08-01,14150,ChargePoint,23.215,5,4,7,1,2
2016-10-01,14150,ChargePoint,18.057000000000002,7,9,11,1,2
2016-08-01,14150,ChargePoint,15.455,2,3,3,1,2
2015-10-01,14150,ChargePoint,10.631,3,3,4,1,1
2020-08-01,14075,ChargePoint,638.9779999999998,54,102,191,1,2
2020-07-01,14075,ChargePoint,997.9939999999999,40,156,244,1,2
2019-10-01,14075,ChargePoint,322.20399999999995,20,53,81,1,2
2019-09-01,14075,ChargePoint,316.4120000000001,25,50,82,1,2
2019-08-01,14075,ChargePoint,275.121,17,45,75,1,2
2019-07-01,14075,ChargePoint,227.64299999999994,28,39,70,1,2
2019-06-01,14075,ChargePoint,347.45199999999994,29,58,77,1,2
2019-05-01,14075,ChargePoint,213.07599999999994,18,34,51,1,2
2019-04-01,14075,ChargePoint,107.10099999999998,16,18,23,1,2
2019-03-01,14075,ChargePoint,77.97300000000001,8,12,12,1,2
2018-10-01,14075,ChargePoint,212.97299999999996,24,39,52,1,2
2018-09-01,14075,ChargePoint,121.47999999999999,21,21,97,1,2
2020-09-01,13502,ChargePoint,800.918,94,174,240,1,2
2020-08-01,13502,ChargePoint,127.76,40,47,173,1,2
2020-07-01,13502,ChargePoint,118.246,16,24,65,1,2
2020-06-01,13502,ChargePoint,69.864,4,11,14,1,2
2020-04-01,13502,ChargePoint,29.028000000000002,4,9,22,1,2
2019-10-01,13502,ChargePoint,725.6429999999999,99,175,429,1,2
2019-09-01,13502,ChargePoint,622.203,93,152,304,1,2
2019-08-01,13502,ChargePoint,277.4889999999999,47,70,146,1,2
2019-07-01,13502,ChargePoint,176.955,31,47,73,1,2
2019-06-01,13502,ChargePoint,99.77899999999998,21,33,60,1,2
2019-05-01,13502,ChargePoint,307.28799999999995,57,96,177,1,2
2019-04-01,13502,ChargePoint,465.64700000000005,74,130,276,1,2
2018-10-01,13502,ChargePoint,452.721,86,134,217,1,2
2018-09-01,13502,ChargePoint,455.75599999999986,75,131,186,1,2
2018-08-01,13502,ChargePoint,205.28600000000006,42,61,93,1,2
2018-10-01,12866,ChargePoint,764.6189999999998,99,222,379,1,2
2018-09-01,12866,ChargePoint,752.5559999999999,104,218,330,1,2
2018-08-01,12866,ChargePoint,244.802,33,67,120,1,2
2019-10-01,13617,ChargePoint,459.62799999999993,80,140,212,2,4
2019-09-01,13617,ChargePoint,381.49199999999996,55,102,135,1,2
2019-08-01,13617,ChargePoint,189.56699999999998,34,54,85,2,3
2019-07-01,13617,ChargePoint,195.915,29,48,96,1,2
2019-06-01,13617,ChargePoint,200.41899999999995,36,53,95,2,3
2019-05-01,13617,ChargePoint,421.005,66,104,165,2,4
2019-04-01,13617,ChargePoint,546.4689999999998,87,165,265,2,4
2020-10-01,13669,ChargePoint,1421.8859999999997,42,242,407,1,2
2020-09-01,13669,ChargePoint,1912.4739999999997,52,336,540,1,2
2020-08-01,13669,ChargePoint,1434.7779999999998,42,249,350,1,2
2020-07-01,13669,ChargePoint,1153.41,38,195,276,1,2
2020-03-01,13669,ChargePoint,55.379999999999995,14,20,26,1,2
2019-10-01,13669,ChargePoint,326.9799999999999,19,59,87,1,2
2019-09-01,13669,ChargePoint,82.32600000000001,6,15,15,1,2
2019-08-01,13669,ChargePoint,51.089000000000006,5,9,10,1,2
2019-07-01,13669,ChargePoint,133.293,11,24,25,1,2
2019-06-01,13669,ChargePoint,71.84100000000001,6,12,12,1,1
2019-05-01,13669,ChargePoint,14.783,5,3,3,1,2
2018-09-01,13669,ChargePoint,19.903000000000002,7,5,5,1,2
2018-07-01,13088,ChargePoint,66.81099999999999,16,18,21,2,3
2020-05-01,13502,ChargePoint,94.724,8,18,21,1,2
2020-06-01,12305,ChargePoint,50.19,4,9,13,1,2
2020-05-01,12305,ChargePoint,248.17399999999995,18,77,183,1,1
2020-04-01,14760,ChargePoint,8.708,4,1,2,1,1
2020-07-01,13202,ChargePoint,55.482,6,9,10,2,2
2019-09-01,11777,ChargePoint,6.271,1,1,2,1,1
2019-10-01,14150,ChargePoint,53.623,3,8,11,1,1
2019-09-01,14150,ChargePoint,20.166999999999998,4,3,4,1,2
2018-09-01,14150,ChargePoint,29.854,5,7,8,1,2
2018-08-01,14150,ChargePoint,124.21799999999999,10,21,22,1,2
2018-08-01,14075,ChargePoint,128.541,20,27,173,1,2
2017-09-01,14150,ChargePoint,29.034999999999997,7,6,6,1,2
2017-05-01,14150,ChargePoint,14.325000000000001,4,4,8,1,2
2017-04-01,14150,ChargePoint,27.863,6,6,8,1,2
2016-07-01,14150,ChargePoint,10.565,2,3,3,1,2
2016-06-01,14150,ChargePoint,11.933,1,2,2,1,1
2018-05-01,12065,ChargePoint,82.32800000000003,18,19,27,1,2
2020-06-01,13669,ChargePoint,129.626,6,23,23,1,2
2019-03-01,13669,ChargePoint,23.484,5,9,15,1,1
2020-07-01,14203,ChargePoint,2403.5699999999993,156,501,872,1,2
2020-06-01,14203,ChargePoint,1876.708000000001,150,417,790,1,2
2020-05-01,14203,ChargePoint,1266.9759999999992,148,269,558,1,2
2020-04-01,14203,ChargePoint,847.9319999999998,166,261,620,1,2
2019-10-01,14203,ChargePoint,841.243,120,222,353,1,2
2019-09-01,14203,ChargePoint,728.7010000000005,97,203,367,1,2
2019-08-01,14203,ChargePoint,776.5360000000006,96,179,299,1,2
2019-07-01,14203,ChargePoint,889.716,99,204,291,1,2
2019-06-01,14203,ChargePoint,675.6239999999999,105,182,259,1,2
2019-05-01,14203,ChargePoint,569.8100000000001,68,133,185,1,2
2019-04-01,14203,ChargePoint,904.9550000000005,123,234,309,1,2
2018-10-01,14203,ChargePoint,653.7660000000002,96,172,298,1,2
2018-09-01,14203,ChargePoint,566.498,71,153,237,1,2
2018-08-01,14203,ChargePoint,693.0380000000002,82,185,286,1,2
2018-07-01,14203,ChargePoint,691.3570000000001,71,174,273,1,2
2020-10-01,14214,ChargePoint,91.98400000000001,22,18,25,1,2
2020-09-01,14214,ChargePoint,212.668,34,44,47,1,2
2020-08-01,14214,ChargePoint,175.70999999999998,28,43,53,1,2
2020-07-01,14214,ChargePoint,318.866,44,63,82,1,2
2020-06-01,14214,ChargePoint,695.5020000000002,146,147,173,1,2
2020-05-01,14214,ChargePoint,376.04800000000023,100,103,135,1,2
2019-10-01,14214,ChargePoint,151.41899999999998,17,33,37,1,2
2019-09-01,14214,ChargePoint,136.155,13,29,41,1,2
2019-08-01,14214,ChargePoint,253.76899999999995,28,57,67,1,2
2019-07-01,14214,ChargePoint,268.182,31,55,61,1,2
2019-06-01,14214,ChargePoint,200.25,23,41,52,1,2
2019-05-01,14214,ChargePoint,86.65599999999999,12,20,25,1,2
2019-04-01,14214,ChargePoint,230.94200000000004,21,49,51,1,2
2018-10-01,14214,ChargePoint,176.01,19,36,50,1,2
2018-09-01,14214,ChargePoint,228.815,26,50,71,1,2
2018-08-01,14214,ChargePoint,141.766,17,33,42,1,2
2018-07-01,14214,ChargePoint,79.06500000000001,12,18,27,1,2
2020-10-01,14216,ChargePoint,1371.515999999999,150,310,384,1,2
2020-09-01,14216,ChargePoint,673.258,108,155,174,1,2
2020-08-01,14216,ChargePoint,1101.296,142,208,217,1,2
2020-07-01,14216,ChargePoint,863.6159999999999,136,189,219,1,2
2020-06-01,14216,ChargePoint,484.4339999999998,86,111,126,1,2
2020-05-01,14216,ChargePoint,596.714,64,113,119,1,2
2020-04-01,14216,ChargePoint,508.73200000000026,56,99,110,1,2
2019-10-01,14216,ChargePoint,771.057,81,147,160,1,2
2019-09-01,14216,ChargePoint,463.8639999999997,73,104,109,1,2
2019-08-01,14216,ChargePoint,430.874,88,97,102,1,2
2019-07-01,14216,ChargePoint,341.553,73,90,98,1,2
2019-06-01,14216,ChargePoint,317.854,67,83,86,1,2
2019-05-01,14216,ChargePoint,280.50100000000003,69,67,76,1,2
2019-04-01,14216,ChargePoint,180.21699999999998,44,42,45,1,2
2018-10-01,14216,ChargePoint,368.90999999999997,74,96,111,1,2
2018-09-01,14216,ChargePoint,304.371,81,91,105,1,2
2018-08-01,14216,ChargePoint,259.173,65,76,86,1,2
2018-07-01,14216,ChargePoint,285.88,66,85,105,1,2
2018-10-01,14228,ChargePoint,3307.963999999998,421,711,1013,2,4
2018-09-01,14228,ChargePoint,2294.979,315,527,781,2,4
2018-08-01,14228,ChargePoint,2254.8459999999995,326,517,768,2,4
2018-07-01,14228,ChargePoint,2012.7,297,438,575,2,4
2020-10-01,14228,ChargePoint,3767.7929999999997,562,892,2060,4,6
2020-09-01,14228,ChargePoint,3592.852,582,903,2316,4,6
2020-08-01,14228,ChargePoint,3371.7390000000014,536,795,2216,4,6
2020-07-01,14228,ChargePoint,2795.4799999999987,405,634,1743,4,6
2020-06-01,14228,ChargePoint,2599.579999999999,462,586,1024,4,6
2020-05-01,14228,ChargePoint,1905.8139999999999,366,454,623,2,4
2020-04-01,14228,ChargePoint,1624.8990000000015,314,398,1289,3,5
2019-10-01,14228,ChargePoint,4620.393999999998,486,937,1193,2,4
2019-09-01,14228,ChargePoint,4187.024000000002,438,842,1106,2,4
2019-08-01,14228,ChargePoint,3363.7550000000006,348,668,830,2,4
2019-07-01,14228,ChargePoint,3198.8999999999996,361,654,876,2,4
2019-06-01,14228,ChargePoint,2532.992,295,542,739,2,4
2019-05-01,14228,ChargePoint,3086.7519999999986,325,658,873,2,4
2019-04-01,14228,ChargePoint,3455.5199999999995,380,739,965,2,4
2020-08-01,14222,ChargePoint,1445.9279999999999,184,341,687,2,3
2020-07-01,14222,ChargePoint,1370.4320000000007,128,294,592,2,3
2020-05-01,14222,ChargePoint,1014.6000000000001,134,227,510,1,2
2020-04-01,14222,ChargePoint,731.9279999999999,86,167,528,1,2
2019-10-01,14222,ChargePoint,1330.5150000000003,136,324,607,1,2
2019-09-01,14222,ChargePoint,1169.8310000000001,118,272,460,1,2
2019-08-01,14222,ChargePoint,954.465,90,213,380,1,2
2019-07-01,14222,ChargePoint,902.2039999999998,64,184,251,1,2
2019-06-01,14222,ChargePoint,1055.7399999999996,93,207,294,1,2
2019-05-01,14222,ChargePoint,937.29,105,207,385,1,2
2019-04-01,14222,ChargePoint,1004.405,89,210,354,1,2
2018-06-01,14228,ChargePoint,1112.679,142,264,388,1,2
2018-05-01,14228,ChargePoint,1301.410000000001,227,310,475,1,2
2018-04-01,14228,ChargePoint,1727.8240000000012,193,392,547,1,2
2017-10-01,14228,ChargePoint,1205.0489999999993,151,297,414,1,2
2017-09-01,14228,ChargePoint,1131.7390000000007,169,284,402,1,2
2017-08-01,14228,ChargePoint,992.3750000000009,131,249,339,1,2
2017-07-01,14228,ChargePoint,633.3469999999999,126,177,259,1,2
2017-06-01,14228,ChargePoint,607.5599999999998,153,168,264,1,2
2017-05-01,14228,ChargePoint,693.559,128,218,355,1,2
2017-04-01,14228,ChargePoint,868.1020000000002,142,278,434,1,2
2016-10-01,14228,ChargePoint,697.382,118,229,365,1,2
2016-09-01,14228,ChargePoint,613.9099999999999,109,201,302,1,2
2016-08-01,14228,ChargePoint,558.682,79,177,268,1,2
2016-07-01,14228,ChargePoint,633.0589999999997,101,191,348,1,2
2016-06-01,14228,ChargePoint,658.1400000000006,117,207,471,1,2
2016-05-01,14228,ChargePoint,464.5250000000001,93,160,410,1,2
2016-04-01,14228,ChargePoint,471.0559999999999,100,166,453,1,2
2018-06-01,14216,ChargePoint,3.08,1,1,1,1,1
2018-06-01,14203,ChargePoint,6.3180000000000005,2,2,2,1,1
2018-11-01,14150,ChargePoint,28.06,6,6,8,1,2
2018-07-01,14075,ChargePoint,5.97,2,2,161,1,1
2018-06-01,14150,ChargePoint,16.073,3,3,3,1,2
2017-11-01,14150,ChargePoint,64.12299999999999,4,9,10,1,1
2017-10-01,14150,ChargePoint,20.801000000000002,4,6,6,1,2
2017-07-01,14150,ChargePoint,20.893,7,6,7,1,2
2017-06-01,14150,ChargePoint,6.993,1,2,3,1,1
2016-09-01,14150,ChargePoint,10.321,2,3,3,1,1
2020-06-01,13202,ChargePoint,17.924,2,3,3,1,1
2018-10-01,13669,ChargePoint,15.498000000000001,4,3,3,1,2
2018-08-01,13669,ChargePoint,7.890000000000001,3,2,2,1,1
2017-03-01,14150,ChargePoint,3.059,1,0,1,1,1
2016-05-01,14150,ChargePoint,5.246,2,1,1,1,2
2020-10-01,12529,ChargePoint,34.06,2,5,5,1,1
2020-06-01,11766,ChargePoint,2.834,4,0,1,2,2
2020-05-01,14213,ChargePoint,237.88799999999998,8,38,38,1,2
2020-04-01,14209,ChargePoint,107.344,10,18,21,1,2
2020-03-01,14226,ChargePoint,74.946,6,12,13,3,3
2018-10-01,14086,ChargePoint,2.058,1,1,1,1,1
2017-04-01,12455,ChargePoint,0.232,1,0,0,1,1
2016-06-01,13788,ChargePoint,2.586,1,0,0,1,1
2016-04-01,13788,ChargePoint,3.715,1,1,1,1,1
2016-03-01,13753,ChargePoint,42.086,4,6,6,1,1
2020-07-01,12853,ChargePoint,45.496,2,8,8,1,1
2020-07-01,14204,ChargePoint,268.28399999999993,30,56,72,7,9
2020-05-01,14209,ChargePoint,26.822,2,4,5,1,1
2018-11-01,12010,ChargePoint,124.37500000000001,11,21,24,1,1
2018-08-01,12010,ChargePoint,19.627000000000002,2,3,4,1,1
2018-06-01,12010,ChargePoint,57.49600000000001,6,9,11,1,1
2018-05-01,12010,ChargePoint,36.911,5,6,8,1,2
2017-04-01,13753,ChargePoint,2.754,1,1,1,1,1
2021-07-01,11725,ChargePoint,15.07,2,3,3,1,1
2021-10-01,14226,ChargePoint,605.8979999999998,46,117,163,5,8
2021-09-01,14213,ChargePoint,301.622,10,55,56,1,2
2021-07-01,14213,ChargePoint,76.152,6,15,15,1,2
2020-09-01,13408,ChargePoint,5.486,2,1,1,1,1
2020-08-01,13408,ChargePoint,150.156,6,26,26,1,2
2020-05-01,13408,ChargePoint,63.444,2,10,10,1,1
2019-10-01,13408,ChargePoint,1.912,1,1,1,1,1
2019-03-01,13408,ChargePoint,16.057000000000002,3,6,6,1,2
2017-09-01,11362,ChargePoint,6.21,1,2,9,1,1
2017-07-01,14304,ChargePoint,59.078,6,10,10,1,2
2017-04-01,12095,ChargePoint,14.036,3,5,5,1,2
2016-09-01,12303,ChargePoint,0.237,1,0,0,1,1
2016-09-01,13601,ChargePoint,0.353,1,0,0,1,1
2016-08-01,13601,ChargePoint,2.41,1,1,1,1,1
2016-04-01,12303,ChargePoint,12.136,2,6,13,1,1
2016-04-01,14304,ChargePoint,36.621,4,6,6,1,1
2016-03-01,14304,ChargePoint,47.01,5,8,8,1,1
2015-10-01,14304,ChargePoint,25.205,2,4,4,1,1
2015-10-01,13090,ChargePoint,2.671,1,1,2,1,1
2015-09-01,10562,ChargePoint,11.451,2,2,2,1,2
2015-09-01,13090,ChargePoint,2.73,1,0,0,1,1
2015-08-01,14304,ChargePoint,52.534000000000006,4,9,9,1,1
2015-08-01,13601,ChargePoint,10.671,1,4,6,1,1
2015-07-01,12303,ChargePoint,25.001,5,9,43,1,1
2015-07-01,13090,ChargePoint,3.77,1,1,1,1,1
2015-07-01,14304,ChargePoint,39.555,4,7,7,1,1
2016-06-01,12901,ChargePoint,11.556,4,4,7,1,2
2015-08-01,12903,ChargePoint,72.227,5,19,34,1,2
2017-09-01,12110,ChargePoint,0.114,2,0,0,1,2
2017-06-01,12110,ChargePoint,58.248999999999995,11,15,42,1,2
2017-06-01,12095,ChargePoint,14.421000000000001,4,4,5,1,1
2017-04-01,13408,ChargePoint,25.354,2,7,10,1,1
2016-10-01,12095,ChargePoint,9.233,2,2,3,1,1
2016-08-01,12078,ChargePoint,9.262,1,3,10,1,1
2016-07-01,12078,ChargePoint,13.549,1,4,11,1,1
2016-06-01,12078,ChargePoint,16.184,1,5,6,1,1
2016-05-01,10926,ChargePoint,95.78899999999999,17,19,19,1,1
2016-05-01,13601,ChargePoint,1.037,1,0,0,1,1
2016-03-01,10926,ChargePoint,63.727000000000004,11,11,11,1,1
2016-03-01,13090,ChargePoint,20.755,1,5,6,1,1
2015-09-01,13676,ChargePoint,16.376,1,4,5,1,1
2015-08-01,11362,ChargePoint,11.34,1,3,9,1,1
2015-08-01,13408,ChargePoint,3.795,1,1,1,1,1
2015-08-01,12095,ChargePoint,1.243,1,0,0,1,1
2017-04-01,12110,ChargePoint,27.664,11,9,16,1,1
2017-03-01,12903,ChargePoint,68.521,10,25,25,1,1
2016-10-01,12901,ChargePoint,16.899,2,7,7,1,1
2019-10-01,11958,ChargePoint,7.745,1,2,2,1,1
2015-10-01,11788,ChargePoint,50.869,4,14,16,1,1
2014-07-01,12903,ChargePoint,4.397,1,1,3,1,1
2014-06-01,11788,ChargePoint,69.00200000000001,8,24,43,1,2
2014-06-01,12303,ChargePoint,69.80199999999999,12,25,35,1,2
2014-04-01,12496,ChargePoint,11.742,1,2,2,1,1
2015-06-01,11937,ChargePoint,44.16,5,8,10,1,2
2015-04-01,12095,ChargePoint,0.15,1,0,0,1,1
2015-04-01,12496,ChargePoint,88.85499999999999,3,17,17,1,2
2015-03-01,14221,ChargePoint,11.001000000000001,6,6,7,1,1
2015-03-01,14304,ChargePoint,22.689,2,4,4,1,2
2014-10-01,14221,ChargePoint,5.281000000000001,2,3,3,1,1
2014-09-01,13601,ChargePoint,2.751,1,0,0,1,1
2014-09-01,10927,ChargePoint,1.052,2,0,0,1,1
2014-08-01,14221,ChargePoint,3.211,1,0,0,1,1
2013-09-01,12504,ChargePoint,3.63,1,1,1,1,1
2013-05-01,11367,ChargePoint,2.881,3,0,1,1,1
2016-09-01,14063,ChargePoint,3.917,1,1,1,1,1
2016-07-01,13820,ChargePoint,42.152,7,15,15,1,2
2016-06-01,13820,ChargePoint,21.161,3,6,6,1,2
2016-06-01,14063,ChargePoint,56.439,1,8,8,1,1
2016-03-01,13820,ChargePoint,69.098,7,23,34,1,1
2015-07-01,11798,ChargePoint,0.221,1,0,0,1,1
2015-07-01,11738,ChargePoint,34.543,5,6,6,2,3
2019-05-01,10927,ChargePoint,103.90899999999999,6,16,17,1,2
2015-07-01,11229,ChargePoint,10.671,3,2,2,1,1
2018-03-01,14221,ChargePoint,171.228,16,30,42,1,2
2016-10-01,14221,ChargePoint,2.327,2,1,1,1,2
2016-04-01,14221,ChargePoint,6.226999999999999,4,3,3,1,2
2015-09-01,14221,ChargePoint,23.857999999999997,2,4,5,1,1
2020-05-01,12449,ChargePoint,0.794,2,0,0,1,1
2018-08-01,10280,ChargePoint,1.329,1,0,0,1,1
2016-10-01,10927,ChargePoint,1.07,2,0,0,1,1
2016-07-01,10927,ChargePoint,5.318,1,1,1,1,1
2014-08-01,12303,ChargePoint,25.718,6,10,19,1,1
2014-07-01,12303,ChargePoint,47.05,9,20,38,1,1
2014-07-01,14456,ChargePoint,27.668,1,4,4,1,1
2013-06-01,11367,ChargePoint,13.562,3,5,5,1,1
2013-05-01,12180,ChargePoint,10.638,3,4,8,1,2
2013-05-01,12496,ChargePoint,17.821,1,3,3,1,1
2015-05-01,12303,ChargePoint,5.207,1,2,8,1,1
2015-04-01,12303,ChargePoint,16.32,4,6,12,1,1
2014-10-01,12303,ChargePoint,77.85900000000001,14,28,95,1,1
2014-06-01,10152,ChargePoint,203.123,6,35,42,1,1
2014-05-01,10152,ChargePoint,143.474,3,25,26,1,1
2014-03-01,14063,ChargePoint,61.616,2,8,8,1,1
2013-10-01,12504,ChargePoint,0.265,2,0,0,1,1
2013-09-01,10065,ChargePoint,83.847,7,14,14,1,2
2013-05-01,12504,ChargePoint,12.429,1,2,2,1,1
2021-03-01,13202,ChargePoint,7.186,4,2,3,2,2
2020-08-01,10282,ChargePoint,40.836,1,7,61,1,1
2018-05-01,14127,ChargePoint,6.237,3,2,2,1,2
2017-05-01,12812,ChargePoint,0.515,4,0,0,1,1
2016-10-01,12812,ChargePoint,12.881,3,4,4,1,1
2017-09-01,11958,ChargePoint,1.903,1,0,0,1,1
2014-07-01,11971,ChargePoint,2.477,3,0,0,1,1
2018-11-01,11971,ChargePoint,297.292,36,65,649,1,1
2018-10-01,11971,ChargePoint,237.96399999999997,35,57,608,1,1
2018-08-01,11971,ChargePoint,297.87399999999997,29,67,666,1,1
2017-11-01,11971,ChargePoint,317.48,50,69,605,1,1
2017-08-01,11971,ChargePoint,233.96099999999998,35,60,640,1,1
2017-07-01,11971,ChargePoint,221.77800000000002,34,52,509,1,1
2017-05-01,11971,ChargePoint,246.68499999999997,43,60,605,1,2
2017-04-01,11971,ChargePoint,214.73500000000004,33,53,560,1,1
2014-08-01,11952,ChargePoint,104.813,27,22,68,1,2
2019-11-01,11952,ChargePoint,285.66599999999994,52,143,877,1,2
2019-04-01,11952,ChargePoint,390.20599999999996,68,165,777,1,2
2018-06-01,11952,ChargePoint,252.92200000000003,41,120,1227,1,2
2018-05-01,11952,ChargePoint,335.797,59,149,1180,1,2
2018-04-01,11952,ChargePoint,270.65599999999995,47,133,1139,1,2
2018-03-01,11952,ChargePoint,249.50600000000009,51,121,1225,1,2
2017-05-01,11952,ChargePoint,270.15500000000003,60,99,985,1,2
2017-03-01,11952,ChargePoint,278.354,53,113,1294,1,2
2016-09-01,11952,ChargePoint,280.9169999999999,65,121,1307,1,2
2015-09-01,11952,ChargePoint,266.28900000000004,62,85,619,1,2
2015-08-01,11952,ChargePoint,293.555,64,101,1036,1,2
2015-11-01,14304,ChargePoint,39.079,5,7,7,1,1
2016-02-01,10927,ChargePoint,11.21,4,3,3,1,1
2015-02-01,10152,ChargePoint,153.61200000000002,3,26,36,1,1
2019-12-01,12449,ChargePoint,21.945999999999998,2,3,3,1,2
2016-11-01,14221,ChargePoint,0.626,1,0,0,1,1
2016-02-01,14221,ChargePoint,0.883,1,0,0,1,1
2015-12-01,14221,ChargePoint,0.536,1,0,0,1,1
2016-03-01,12504,ChargePoint,19.157,1,5,6,1,1
2016-02-01,12504,ChargePoint,0.486,1,0,0,1,1
2016-01-01,13820,ChargePoint,44.989000000000004,4,15,23,1,1
2015-02-01,14304,ChargePoint,53.111999999999995,4,10,10,1,2
2014-12-01,12901,ChargePoint,11.187000000000001,3,3,3,1,1
2014-12-01,12303,ChargePoint,48.199,7,17,53,1,2
2014-01-01,12095,ChargePoint,6.078,4,2,2,1,2
2013-12-01,10026,ChargePoint,2.053,1,1,1,1,1
2013-12-01,12110,ChargePoint,0.838,1,0,0,1,1
2015-03-01,12303,ChargePoint,6.128,1,4,9,1,1
2015-02-01,14221,ChargePoint,2.34,1,1,1,1,1
2015-02-01,12303,ChargePoint,17.782,2,8,16,1,1
2015-01-01,14221,ChargePoint,1.764,1,1,1,1,1
2015-01-01,12303,ChargePoint,36.806999999999995,4,13,33,1,1
2015-01-01,12901,ChargePoint,23.188,1,4,4,1,1
2015-01-01,12504,ChargePoint,1.76,1,0,0,1,1
2014-11-01,12303,ChargePoint,56.75899999999999,10,20,64,1,1
2013-11-01,10152,ChargePoint,292.399,8,50,74,1,1
2017-02-01,12903,ChargePoint,139.689,19,62,80,1,2
2016-12-01,12901,ChargePoint,62.446999999999996,17,23,23,1,2
2016-02-01,14304,ChargePoint,52.843999999999994,6,9,9,1,1
2016-02-01,13601,ChargePoint,28.123,1,5,5,1,1
2016-01-01,14304,ChargePoint,130.07500000000002,11,22,22,1,1
2016-01-01,12303,ChargePoint,18.817999999999998,3,12,27,1,1
2016-01-01,10926,ChargePoint,15.723,1,3,3,1,1
2015-12-01,12903,ChargePoint,29.328,2,9,30,1,2
2015-12-01,13676,ChargePoint,42.278,4,12,15,1,2
2015-12-01,12303,ChargePoint,6.176,1,3,8,1,1
2019-11-01,11742,ChargePoint,7.664,3,2,2,2,2
2018-01-01,12428,ChargePoint,9.294,2,3,3,1,2
2018-01-01,11958,ChargePoint,3.99,1,1,1,1,1
2016-01-01,11788,ChargePoint,17.233,2,5,6,1,1
2016-12-01,12428,ChargePoint,7.231,2,1,1,1,1
2016-02-01,10926,ChargePoint,63.269999999999996,12,11,11,1,1
2016-01-01,13676,ChargePoint,15.247,1,4,4,1,1
2015-12-01,14304,ChargePoint,10.836,1,2,2,1,1
2015-11-01,13676,ChargePoint,9.533,1,3,3,1,1
2020-11-01,12061,ChargePoint,0.292,2,0,0,1,1
2020-02-01,14213,ChargePoint,142.324,6,23,23,1,2
2019-11-01,12513,ChargePoint,29.160999999999998,5,5,5,1,1
2019-11-01,13788,ChargePoint,14.286,1,2,2,1,1
2019-02-01,12010,ChargePoint,104.045,9,24,35,1,2
2019-01-01,12010,ChargePoint,83.68900000000001,7,19,19,1,2
2018-12-01,12010,ChargePoint,147.34300000000002,12,27,31,1,1
2018-01-01,12455,ChargePoint,1.939,1,1,1,1,1
2016-02-01,13753,ChargePoint,7.719,1,1,1,1,1
2018-02-01,11971,ChargePoint,351.22,66,78,551,1,1
2018-01-01,11971,ChargePoint,391.226,74,89,573,1,1
2017-01-01,11971,ChargePoint,271.935,39,78,541,1,1
2018-02-01,11952,ChargePoint,237.93799999999996,51,105,1101,1,2
2021-02-01,13202,ChargePoint,28.77,5,5,5,3,3
2017-12-01,14063,ChargePoint,90.201,9,14,14,1,2
2019-02-01,13669,ChargePoint,6.075,1,1,2,1,1
2017-12-01,14150,ChargePoint,2.999,1,1,1,1,1
2016-12-01,14150,ChargePoint,7.184,1,1,1,1,1
2019-11-01,12449,ChargePoint,20.653,1,3,3,1,1
2016-02-01,10280,ChargePoint,12.34,1,4,9,1,1
2015-12-01,11229,ChargePoint,15.517,1,3,3,1,1
2014-11-01,10280,ChargePoint,20.668,1,4,6,1,1
2019-12-01,11238,ChargePoint,0.822,1,0,0,1,1
2016-03-01,10280,ChargePoint,13.533,1,4,6,1,1
2017-02-01,12078,ChargePoint,3.225,1,1,1,1,1
2019-12-01,13408,ChargePoint,24.602,3,5,5,1,1
2017-02-01,12095,ChargePoint,8.984,1,2,2,1,1
2018-12-01,11742,ChargePoint,3.364,4,1,1,2,3
2013-04-01,11201,ChargePoint,39.091,2,6,6,1,2
2020-10-01,11201,ChargePoint,18.846,2,6,6,1,1
2019-09-01,11201,ChargePoint,45.31,2,8,8,1,2
2017-07-01,13820,ChargePoint,44.599,2,8,15,1,1
2019-09-01,10065,ChargePoint,9.83,1,2,2,1,1
2018-10-01,10065,ChargePoint,9.479,1,4,6,1,1
2018-08-01,11201,ChargePoint,2.01,2,0,0,1,2
2018-07-01,12504,ChargePoint,6.051,1,2,2,1,1
2017-06-01,10280,ChargePoint,27.866,1,5,5,1,1
2013-07-01,10280,ChargePoint,19.07,1,4,6,1,1
2013-06-01,10280,ChargePoint,24.268,2,5,7,1,1
2013-05-01,11201,ChargePoint,7.688,1,2,2,1,1
2020-08-01,12095,ChargePoint,90.424,2,22,22,1,1
2020-05-01,10522,ChargePoint,1.414,2,0,0,1,1
2017-07-01,12303,ChargePoint,1.442,1,0,0,1,1
2016-10-01,10562,ChargePoint,3.012,1,0,0,1,1
2018-06-01,11958,ChargePoint,24.834,5,4,4,1,2
2020-06-01,11556,ChargePoint,256.212,6,44,46,1,1
2020-07-01,14226,ChargePoint,419.62,16,82,95,3,4
2020-06-01,11772,ChargePoint,17.042,4,5,5,1,2
2020-04-01,14611,ChargePoint,38.768,4,11,13,1,1
2020-10-01,13820,ChargePoint,123.16999999999999,18,45,58,1,1
2020-04-01,12601,ChargePoint,192.96,4,31,33,2,2
2020-04-01,14420,ChargePoint,8.298,2,1,1,1,1
2020-05-01,12047,ChargePoint,0.564,2,0,0,1,1
2021-02-01,13057,ChargePoint,126.32499999999999,9,21,21,2,4
2021-10-01,12583,ChargePoint,773.561,35,149,160,1,2
2021-10-01,10552,ChargePoint,582.468,35,109,203,2,4
2021-09-01,13053,ChargePoint,6.774,2,2,2,1,1
2021-06-01,10536,ChargePoint,3.23,2,1,1,1,1
2021-04-01,12870,ChargePoint,70.53,2,27,30,1,1
2021-10-01,11570,ChargePoint,1315.8219999999997,71,238,294,1,2
2021-02-01,10280,ChargePoint,27.68,4,5,5,1,2
2015-12-01,11367,ChargePoint,5.158,2,2,2,1,2
2011-01-01,10577,ChargePoint,0.0,2,0,0,1,2
2010-12-01,10577,ChargePoint,0.0,15,0,0,2,3
2012-08-01,11530,ChargePoint,0.0,1,0,0,1,1
2020-02-01,12303,ChargePoint,0.0,8,0,0,1,1
2011-03-01,10577,ChargePoint,0.0,2,0,0,2,2
2014-01-01,11570,ChargePoint,0.0,8,0,0,1,2
2013-11-01,10026,ChargePoint,0.0,10,0,0,2,2
2017-12-01,12110,ChargePoint,0.0,4,0,0,1,1
2015-12-01,10927,ChargePoint,0.0,1,0,0,1,1
2015-02-01,10019,ChargePoint,0.0,5,0,0,1,1
2015-01-01,10019,ChargePoint,0.0,7,0,0,1,1
2014-12-01,10019,ChargePoint,0.0,3,0,0,1,1
2014-11-01,11958,ChargePoint,0.0,2,0,0,1,1
2013-12-01,10012,ChargePoint,0.0,1,0,0,1,1
2016-01-01,11798,ChargePoint,0.0,2,0,0,1,2
2013-03-01,14850,ChargePoint,0.0,1,0,0,1,1
2018-01-01,10280,ChargePoint,0.0,1,0,0,1,1
2021-03-01,11958,ChargePoint,0.0,2,0,0,1,1
2020-02-01,11742,ChargePoint,0.0,2,0,0,1,1
2019-05-01,14063,ChargePoint,0.0,17,0,0,1,1
2014-11-01,10019,ChargePoint,0.0,1,0,0,1,1
2011-08-01,10577,ChargePoint,0.0,1,0,0,1,1
2011-06-01,10577,ChargePoint,0.0,2,0,0,2,2
2020-03-01,14214,ChargePoint,0.0,2,0,0,1,1
2015-03-01,10019,ChargePoint,0.0,2,0,0,1,1
2020-10-01,13367,ChargePoint,0.0,2,0,0,1,1
2020-07-01,12414,ChargePoint,40.779,6,7,7,2,3
2020-07-01,12524,ChargePoint,0.0,8,0,0,3,3
2020-04-01,14214,ChargePoint,0.0,12,0,0,1,1
2019-09-01,12953,ChargePoint,0.0,1,0,0,1,1
2019-07-01,10032,ChargePoint,0.0,3,0,0,1,1
2019-06-01,12853,ChargePoint,0.0,1,0,0,1,1
2015-10-01,11971,ChargePoint,0.0,4,0,0,1,2
2015-06-01,11362,ChargePoint,0.0,1,0,0,1,1
2013-05-01,10927,ChargePoint,0.0,2,0,0,1,2
2013-05-01,10460,ChargePoint,0.0,3,0,0,1,2
2013-04-01,12496,ChargePoint,0.0,1,0,0,1,1
2013-04-01,10460,ChargePoint,0.0,3,0,0,1,2
2013-03-01,10010,ChargePoint,0.0,1,0,0,1,1
2015-10-01,11958,ChargePoint,0.0,2,0,0,1,2
2021-05-01,13676,ChargePoint,0.0,40,0,1,1,1
2021-08-01,10013,ChargePoint,0.0,6,0,0,1,1
2021-06-01,14063,ChargePoint,0.0,4,0,0,1,1
2021-04-01,11362,ChargePoint,0.0,6,0,0,1,2
2021-06-01,10013,ChargePoint,0.0,2,0,0,1,1
2016-11-01,10065,ChargePoint,0.0,1,0,0,1,1
2013-11-01,14063,ChargePoint,0.0,1,0,0,1,1
2019-11-01,10280,ChargePoint,0.0,2,0,0,1,1
2017-03-01,11201,ChargePoint,0.0,1,0,0,1,1
2020-01-01,11742,ChargePoint,0.0,2,0,0,1,1
2019-12-01,12303,ChargePoint,0.0,1,0,0,1,1
2019-11-01,12303,ChargePoint,0.0,3,0,0,1,1
2018-02-01,12110,ChargePoint,0.0,1,0,0,1,1
2017-11-01,12110,ChargePoint,0.0,3,0,0,1,1
2015-04-01,10019,ChargePoint,0.0,1,0,0,1,1
2014-10-01,10019,ChargePoint,0.0,2,0,0,1,1
2020-04-01,12303,ChargePoint,0.0,6,0,0,1,2
2020-11-01,12870,ChargePoint,0.0,2,0,0,1,1
2020-11-01,12209,ChargePoint,0.0,2,0,0,1,1
2020-07-01,12553,ChargePoint,0.0,6,0,0,3,3
2020-07-01,10530,ChargePoint,0.0,4,0,0,1,1
2020-06-01,10022,ChargePoint,0.0,2,0,0,1,1
2017-11-01,12801,ChargePoint,0.0,1,0,0,1,1
2020-07-01,12528,ChargePoint,159.69500000000005,36,33,684,3,4
2021-03-01,10022,ChargePoint,0.0,2,0,0,1,1
2021-02-01,14120,ChargePoint,3.198,3,0,1,1,1
2013-12-01,12095,ChargePoint,0.0,1,0,0,1,1
2013-02-01,10010,ChargePoint,0.0,1,0,0,1,1
2013-01-01,10282,ChargePoint,0.0,2,0,0,1,1
2020-03-01,10280,ChargePoint,0.0,2,0,0,1,1
2016-12-01,12504,ChargePoint,0.0,1,0,0,1,1
2014-02-01,12158,ChargePoint,0.0,1,0,0,1,1
2020-02-01,10530,ChargePoint,0.0,2,0,0,1,1
2020-01-01,10022,ChargePoint,0.0,2,0,0,1,1
2019-02-01,14210,ChargePoint,0.0,1,0,0,1,1
2014-04-01,12158,ChargePoint,0.0,1,0,0,1,1
2013-09-01,12496,ChargePoint,0.0,1,0,0,1,1
2020-05-01,12303,ChargePoint,0.0,2,0,0,1,1
2017-08-01,12110,ChargePoint,0.0,1,0,0,1,1
2017-04-01,12303,ChargePoint,0.0,1,0,0,1,1
2020-07-01,12449,ChargePoint,0.0,2,0,0,1,1
2021-07-01,10013,ChargePoint,0.0,2,0,0,1,1
2021-06-01,12997,ChargePoint,0.0,2,0,0,1,1
2021-04-01,14213,ChargePoint,0.0,4,0,0,1,1
2021-03-01,11101,ChargePoint,0.0,2,0,0,1,1
2021-09-01,29455,ChargePoint,135.546,8,23,43,1,2
2021-08-01,29455,ChargePoint,74.646,6,12,12,1,1
2021-07-01,29455,ChargePoint,64.284,16,11,11,1,2
2021-06-01,29455,ChargePoint,14.314,12,2,3,1,2
2021-05-01,29455,ChargePoint,26.45,18,4,5,1,2
2021-04-01,29455,ChargePoint,0.0,8,0,1,1,2
2021-03-01,29455,ChargePoint,63.044,12,18,23,1,1
2021-09-01,06902,ChargePoint,377.646,20,63,92,1,2
2021-07-01,06902,ChargePoint,314.0980000000001,30,57,94,1,2
2021-06-01,06902,ChargePoint,461.5739999999999,40,87,130,1,2
2021-05-01,06902,ChargePoint,574.8800000000002,42,99,122,1,2
2021-03-01,06901,ChargePoint,223.098,42,80,95,1,2
2021-08-01,06902,ChargePoint,186.466,14,35,57,1,2
2021-06-01,06901,ChargePoint,12.926,2,4,5,1,1
2021-04-01,06902,ChargePoint,88.98200000000001,8,16,17,1,2
2021-04-01,06901,ChargePoint,96.54800000000002,20,34,41,1,1
2021-03-01,06902,ChargePoint,67.61,4,11,11,1,1
2021-02-01,06901,ChargePoint,128.029,20,45,58,1,2
2021-09-01,95630,ChargePoint,616.866,48,108,112,1,1
2021-08-01,95131,ChargePoint,298.734,24,59,99,3,5
2021-08-01,92618,ChargePoint,641.938,64,136,220,7,11
2021-08-01,95630,ChargePoint,273.002,26,47,56,2,3
2021-08-01,76092,ChargePoint,67.28999999999999,6,18,21,1,1
2021-07-01,76092,ChargePoint,73.462,6,12,12,1,1
2021-07-01,95630,ChargePoint,123.39000000000001,22,26,28,2,3
2021-07-01,95131,ChargePoint,255.652,22,44,46,3,5
2021-06-01,94598,ChargePoint,3.518,4,1,1,2,2
2021-06-01,92618,ChargePoint,321.526,36,70,85,6,8
2021-06-01,75038,ChargePoint,123.99000000000001,12,21,23,2,4
2021-06-01,95131,ChargePoint,41.122,4,7,8,2,2
2021-06-01,37128,ChargePoint,0.91,4,0,0,1,1
2021-06-01,98008,ChargePoint,78.746,8,15,25,2,2
2021-05-01,95131,ChargePoint,73.06400000000001,6,13,13,1,1
2021-04-01,95131,ChargePoint,96.954,12,17,19,1,2
2021-04-01,60008,ChargePoint,31.300000000000004,8,10,14,2,2
2021-04-01,63304,ChargePoint,0.0,2,0,0,1,1
2021-03-01,91702,ChargePoint,34.235,5,11,12,2,2
2021-03-01,07920,ChargePoint,609.768,30,103,152,5,5
2021-03-01,27513,ChargePoint,15.992,12,3,3,2,4
2021-03-01,95131,ChargePoint,34.258,4,6,6,1,1
2021-03-01,07728,ChargePoint,0.0,4,0,0,1,1
2021-03-01,92618,ChargePoint,66.3,8,12,13,2,2
2021-03-01,02780,ChargePoint,49.952999999999996,3,8,10,1,1
2021-02-01,94598,ChargePoint,15.452,8,5,5,2,4
2021-10-01,33634,ChargePoint,381.171,22,70,95,4,6
2021-09-01,33634,ChargePoint,738.1560000000002,60,164,199,3,5
2021-09-01,07920,ChargePoint,1386.956,78,254,309,12,14
2021-09-01,20904,ChargePoint,103.74,8,18,23,1,1
2021-09-01,23228,ChargePoint,637.988,16,109,110,1,1
2021-09-01,27513,ChargePoint,251.14800000000002,14,46,50,1,2
2021-09-01,20166,ChargePoint,48.132,2,8,8,1,1
2021-09-01,20147,ChargePoint,98.714,4,17,17,1,2
2021-09-01,07921,ChargePoint,266.70599999999996,18,47,49,3,4
2021-09-01,30009,ChargePoint,23.148,4,4,5,2,2
2021-09-01,02780,ChargePoint,25.212,1,4,4,1,1
2021-09-01,30004,ChargePoint,74.88199999999999,16,20,27,3,3
2021-08-01,30004,ChargePoint,331.53,48,79,123,3,4
2021-08-01,08854,ChargePoint,379.342,20,77,78,4,6
2021-08-01,20166,ChargePoint,80.328,5,13,13,2,3
2021-08-01,23228,ChargePoint,703.4060000000003,20,122,123,1,1
2021-08-01,01851,ChargePoint,16.058,2,3,4,1,1
2021-08-01,33634,ChargePoint,795.21,74,166,186,3,5
2021-08-01,07920,ChargePoint,2506.8879999999995,116,440,548,13,19
2021-08-01,07728,ChargePoint,7.112,2,3,3,1,1
2021-08-01,07921,ChargePoint,467.94199999999995,18,88,126,1,2
2021-08-01,27513,ChargePoint,556.7379999999999,28,104,121,2,3
2021-08-01,08876,ChargePoint,29.282,2,5,5,2,2
2021-08-01,02780,ChargePoint,35.517,2,5,7,1,1
2021-08-01,20904,ChargePoint,12.412,2,4,10,1,1
2021-07-01,07920,ChargePoint,1630.0779999999995,112,289,605,15,21
2021-07-01,08854,ChargePoint,208.67200000000003,8,36,37,3,3
2021-07-01,20166,ChargePoint,72.31700000000001,5,12,12,3,3
2021-07-01,27513,ChargePoint,345.9200000000001,24,64,85,2,4
2021-07-01,07921,ChargePoint,152.224,22,27,28,1,2
2021-07-01,20904,ChargePoint,126.08,16,34,66,2,2
2021-06-01,32746,ChargePoint,21.916,6,4,4,2,2
2021-06-01,27513,ChargePoint,222.624,14,38,40,2,2
2021-06-01,02780,ChargePoint,25.497,1,4,4,1,1
2021-06-01,07921,ChargePoint,80.49,30,14,15,1,2
2021-06-01,23228,ChargePoint,119.342,2,20,20,1,1
2021-06-01,07920,ChargePoint,714.8760000000001,32,118,150,7,7
2021-05-01,27513,ChargePoint,162.142,16,29,35,1,2
2021-05-01,02780,ChargePoint,23.626,1,4,4,1,1
2021-05-01,07920,ChargePoint,619.3159999999999,38,108,156,9,11
2021-05-01,08854,ChargePoint,17.122,8,3,3,3,3
2021-05-01,29607,ChargePoint,1.726,3,0,0,2,3
2021-05-01,07921,ChargePoint,52.688,8,9,9,1,1
2021-04-01,28262,ChargePoint,0.0,2,0,0,1,1
2021-04-01,07920,ChargePoint,567.8399999999999,30,100,188,6,6
2021-04-01,27513,ChargePoint,11.984,14,3,3,2,3
2021-04-01,23228,ChargePoint,93.03,4,16,24,1,1
2021-04-01,33637,ChargePoint,4.632,6,1,1,2,2
2021-04-01,02780,ChargePoint,27.433,1,4,6,1,1
2021-10-01,07920,ChargePoint,698.201,29,124,164,11,14
2021-08-01,44087,ChargePoint,21.718,2,7,7,1,1
2021-07-01,92618,ChargePoint,711.878,68,152,265,6,10
2021-06-01,44087,ChargePoint,24.132,2,8,9,1,1
2021-05-01,98008,ChargePoint,7.284,1,1,1,1,1
2021-04-01,98008,ChargePoint,3.971,1,1,1,1,1
2021-03-01,98008,ChargePoint,17.054,2,4,4,2,2
2021-02-01,07920,ChargePoint,216.551,14,37,37,3,3
2021-09-01,33637,ChargePoint,515.5920000000001,22,90,129,2,3
2021-09-01,08876,ChargePoint,120.585,5,20,23,2,2
2021-09-01,95131,ChargePoint,113.25999999999999,10,20,20,2,3
2021-09-01,92618,ChargePoint,357.45000000000005,24,77,93,5,7
2021-09-01,08854,ChargePoint,149.04399999999998,4,25,27,2,2
2021-09-01,74117,ChargePoint,21.798,2,4,4,1,1
2021-09-01,94598,ChargePoint,0.0,4,0,0,1,1
2021-09-01,85226,ChargePoint,199.89800000000002,8,34,36,2,2
2021-09-01,95765,ChargePoint,2.312,1,1,2,1,1
2021-08-01,33637,ChargePoint,83.37,6,14,14,1,2
2021-08-01,92121,ChargePoint,33.596,8,15,16,1,1
2021-08-01,08691,ChargePoint,35.306,4,6,18,2,2
2021-08-01,98008,ChargePoint,28.403000000000002,2,9,11,2,2
2021-07-01,29607,ChargePoint,8.191,2,2,5,1,2
2021-07-01,33637,ChargePoint,210.18800000000002,10,36,38,2,2
2021-07-01,85226,ChargePoint,0.0,12,0,0,1,2
2021-07-01,92121,ChargePoint,6.224,2,1,1,1,1
2021-07-01,32746,ChargePoint,27.292,2,5,5,1,1
2021-07-01,94598,ChargePoint,74.348,6,14,18,3,3
2021-07-01,74117,ChargePoint,16.3,2,3,3,1,1
2021-06-01,74117,ChargePoint,17.856,2,3,3,1,1
2021-06-01,08854,ChargePoint,127.32,6,21,21,3,3
2021-06-01,33637,ChargePoint,61.212,6,10,14,2,3
2021-06-01,80919,ChargePoint,0.0,4,0,0,1,1
2021-05-01,92618,ChargePoint,129.32999999999998,16,31,34,3,4
2021-05-01,20701,ChargePoint,11.72,2,4,4,1,1
2021-05-01,60008,ChargePoint,29.814,2,5,5,1,1
2021-04-01,92121,ChargePoint,99.714,4,18,18,2,2
2021-04-01,92618,ChargePoint,83.93999999999998,8,15,18,3,3
2021-04-01,32746,ChargePoint,6.01,2,1,1,1,1
2021-04-01,29607,ChargePoint,8.426,4,1,1,2,3
2021-04-01,94598,ChargePoint,12.684,2,6,24,1,1
2021-03-01,32746,ChargePoint,22.378,2,4,4,1,1
2021-03-01,94598,ChargePoint,23.93,4,13,15,1,1
2021-03-01,33637,ChargePoint,43.534,2,7,7,1,1
2021-02-01,91761,ChargePoint,46.239999999999995,2,8,8,1,1
2021-09-01,79936,ChargePoint,12.431,1,2,2,1,1
2021-09-01,85053,ChargePoint,10.274,1,3,3,1,1
2021-09-01,85283,ChargePoint,7.607,1,2,2,1,1
2021-09-01,75081,ChargePoint,17.766,2,3,5,1,1
2021-08-01,75038,ChargePoint,133.328,12,24,30,3,4
2021-08-01,75081,ChargePoint,93.83800000000001,6,19,19,1,1
2021-08-01,85226,ChargePoint,7.792,2,1,1,1,1
2021-07-01,75038,ChargePoint,144.078,12,25,26,2,2
2021-07-01,79936,ChargePoint,21.013,3,4,4,2,2
2021-07-01,75081,ChargePoint,55.824,4,11,12,1,1
2021-06-01,75081,ChargePoint,180.12,10,37,38,2,2
2021-05-01,75038,ChargePoint,39.01,4,7,7,2,2
2021-04-01,75038,ChargePoint,6.576,2,1,1,1,1
2021-04-01,79936,ChargePoint,24.288,2,4,4,1,2
2021-03-01,84120,ChargePoint,10.501999999999999,4,2,2,2,2
2021-03-01,20166,ChargePoint,0.103,1,0,0,1,1
2021-03-01,95630,ChargePoint,99.506,16,21,27,2,2
2021-03-01,92121,ChargePoint,13.186,2,4,4,1,1
2021-03-01,79936,ChargePoint,4.326,1,1,1,1,1
2021-02-01,33637,ChargePoint,182.81,14,31,35,2,3
2021-02-01,92618,ChargePoint,41.413999999999994,6,8,8,3,3
2021-02-01,95630,ChargePoint,26.956000000000003,5,6,6,1,1
2021-10-01,95630,ChargePoint,283.154,17,52,60,1,2
2021-06-01,95630,ChargePoint,7.152,2,1,1,1,1
2021-05-01,95630,ChargePoint,4.586,2,2,2,1,1
2021-05-01,92121,ChargePoint,10.354,2,5,5,1,1
2021-04-01,95630,ChargePoint,4.746,2,2,2,1,1
2021-10-01,20166,ChargePoint,10.69,1,2,3,1,1
2021-08-01,20147,ChargePoint,17.948,2,6,7,1,1
2021-08-01,20701,ChargePoint,84.45599999999999,6,23,27,1,2
2021-07-01,20147,ChargePoint,66.96000000000001,12,18,23,1,2
2021-07-01,33634,ChargePoint,819.358,54,156,188,4,6
2021-07-01,08876,ChargePoint,61.583,2,10,10,1,2
2021-07-01,23228,ChargePoint,108.382,2,18,18,1,1
2021-06-01,33634,ChargePoint,107.528,8,20,26,3,3
2021-06-01,30022,ChargePoint,3.134,2,0,0,1,1
2021-06-01,01851,ChargePoint,4.228,2,1,1,1,1
2021-06-01,08876,ChargePoint,27.382,1,5,5,1,1
2021-05-01,20166,ChargePoint,3.242,1,1,4,1,1
2021-04-01,20166,ChargePoint,22.433,2,4,5,1,1
2021-09-01,44087,ChargePoint,28.348,2,6,10,1,1
2021-08-01,32746,ChargePoint,4.348,2,1,1,1,1
2020-11-01,29455,ChargePoint,1.362,2,0,0,1,1
2020-10-01,29455,ChargePoint,241.828,14,40,76,1,2
2020-09-01,29455,ChargePoint,256.544,20,43,59,1,2
2020-08-01,29455,ChargePoint,5.374,4,1,1,1,2
2020-07-01,29455,ChargePoint,6.968,2,1,1,1,1
2020-06-01,29455,ChargePoint,176.57,8,29,29,1,2
2017-01-01,07974,ChargePoint,6.867,1,1,1,1,1
2016-11-01,07974,ChargePoint,21.93,3,6,6,1,1
2016-10-01,07974,ChargePoint,9.698,1,3,3,1,1
2016-09-01,07974,ChargePoint,38.620000000000005,5,11,38,1,2
2016-08-01,07974,ChargePoint,38.98800000000001,4,11,38,1,2
2016-05-01,07974,ChargePoint,0.0,2,0,0,1,1
2016-04-01,07974,ChargePoint,1.899,1,0,0,1,1
2016-03-01,07974,ChargePoint,7.49,2,2,2,1,1
2020-12-01,14618,ChargePoint,49.129999999999995,7,8,8,2,3
2020-12-01,14204,ChargePoint,1242.5230000000001,122,252,657,8,13
2020-11-01,14204,ChargePoint,1284.0759999999993,80,260,650,8,14
2020-11-01,14624,ChargePoint,809.386,34,165,194,2,3
2020-10-01,14624,ChargePoint,198.34400000000002,32,52,81,2,4
2020-10-01,14204,ChargePoint,629.378,58,112,145,5,8
2020-09-01,14204,ChargePoint,634.192,56,111,126,4,7
2020-08-01,14204,ChargePoint,539.5559999999999,34,92,94,7,10
2020-08-01,14624,ChargePoint,129.314,28,36,99,2,4
2020-07-01,14624,ChargePoint,79.148,16,21,31,2,3
2019-10-01,11550,ChargePoint,336.4930000000001,75,107,252,1,2
2019-09-01,11550,ChargePoint,330.25700000000006,73,104,233,1,2
2020-12-01,14580,ChargePoint,545.034,41,91,161,2,4
2020-11-01,14618,ChargePoint,300.818,22,53,56,2,3
2020-09-01,14624,ChargePoint,130.014,28,38,64,2,3
2019-12-01,11550,ChargePoint,249.42100000000005,43,73,166,1,2
2019-11-01,11550,ChargePoint,372.105,61,102,246,1,2
2019-05-01,11550,ChargePoint,228.20599999999996,46,77,197,1,2
2019-04-01,11550,ChargePoint,325.85799999999995,57,105,244,1,2
2019-11-01,11430,ChargePoint,1681.4709999999998,99,378,1550,5,10
2019-10-01,11430,ChargePoint,1465.9250000000004,94,373,1328,5,10
2019-09-01,11430,ChargePoint,335.74600000000004,15,82,145,4,6
2020-06-01,11430,ChargePoint,7805.073999999997,350,1764,5491,5,10
2020-12-01,11430,ChargePoint,8205.791999999994,392,1704,5751,5,10
2020-11-01,11430,ChargePoint,8540.114,398,1761,5902,5,10
2020-10-01,11430,ChargePoint,8308.103999999994,408,1734,5491,5,10
2020-09-01,11430,ChargePoint,6301.278,292,1435,4597,5,10
2020-08-01,11430,ChargePoint,6972.029999999998,328,1544,4128,5,10
2020-07-01,11430,ChargePoint,8255.389999999998,374,1798,5110,5,10
2020-05-01,11430,ChargePoint,5909.138000000002,286,1182,3026,5,10
2020-04-01,11430,ChargePoint,4949.715999999998,252,1097,2064,5,10
2020-03-01,11430,ChargePoint,3711.5180000000023,216,974,2771,5,10
2020-02-01,11430,ChargePoint,5127.1799999999985,244,1282,5606,5,10
2020-01-01,11430,ChargePoint,5039.781999999999,282,1389,4004,5,10
2019-12-01,11430,ChargePoint,2134.3170000000005,112,494,1468,5,10
2020-12-01,14624,ChargePoint,1059.065,46,233,250,2,4
2020-11-01,14580,ChargePoint,12.32,6,3,3,2,3
2019-08-01,11550,ChargePoint,29.969,5,10,22,1,2
2019-07-01,11550,ChargePoint,11.860000000000001,3,4,8,1,2
2019-06-01,11550,ChargePoint,41.46,10,14,80,1,2
2021-03-01,14580,ChargePoint,1678.3160000000005,114,295,374,2,4
2021-03-01,11430,ChargePoint,9344.155999999994,464,2092,6752,5,10
2021-03-01,14618,ChargePoint,1044.1160000000002,66,216,636,2,4
2021-03-01,14624,ChargePoint,757.5039999999998,96,266,346,2,4
2021-02-01,11430,ChargePoint,5537.311,252,1144,4603,5,10
2021-02-01,14580,ChargePoint,812.9589999999998,47,145,224,2,4
2021-10-01,14204,ChargePoint,1017.1659999999997,67,182,345,8,14
2021-09-01,14204,ChargePoint,1020.3260000000001,62,193,301,8,10
2021-09-01,12027,ChargePoint,437.302,44,80,121,2,4
2021-08-01,14204,ChargePoint,1366.3340000000003,110,241,489,8,14
2021-08-01,12027,ChargePoint,258.766,21,50,64,2,4
2021-08-01,12159,ChargePoint,1148.2800000000007,68,197,1179,4,6
2021-07-01,14204,ChargePoint,1016.462,70,177,283,8,13
2021-07-01,12027,ChargePoint,163.64799999999997,38,36,73,2,4
2021-07-01,12159,ChargePoint,1397.852,76,247,1364,4,5
2021-06-01,14204,ChargePoint,1141.5160000000003,82,199,367,8,12
2021-05-01,14204,ChargePoint,823.582,54,148,261,6,9
2021-04-01,14204,ChargePoint,997.2280000000001,46,175,282,6,10
2021-03-01,14204,ChargePoint,1168.8580000000002,84,244,379,7,14
2021-09-01,12010,ChargePoint,416.08599999999996,90,91,104,15,19
2021-08-01,12010,ChargePoint,606.1360000000002,80,115,150,15,23
2021-07-01,12010,ChargePoint,701.5640000000001,120,153,188,17,26
2021-06-01,12010,ChargePoint,2139.308000000001,212,395,512,18,30
2021-05-01,12010,ChargePoint,1793.1279999999992,174,340,471,22,28
2021-09-01,11430,ChargePoint,4738.081999999998,302,1122,4060,3,6
2021-08-01,11430,ChargePoint,5201.507999999998,352,1173,3953,3,6
2021-07-01,11430,ChargePoint,8066.783999999994,488,1748,5934,4,8
2021-06-01,11430,ChargePoint,7616.139999999999,518,1821,5698,5,9
2021-05-01,11430,ChargePoint,5853.776,366,1433,3558,5,10
2021-04-01,11430,ChargePoint,6346.269999999999,452,1438,5865,5,10
2021-09-01,14580,ChargePoint,2962.5160000000014,322,528,1990,2,4
2021-09-01,14618,ChargePoint,3619.0619999999994,230,692,1224,2,4
2021-08-01,14580,ChargePoint,3371.152,322,610,1531,2,4
2021-08-01,14618,ChargePoint,2433.8219999999983,170,453,588,2,4
2021-08-01,14624,ChargePoint,1601.0579999999998,134,340,442,2,4
2021-07-01,14580,ChargePoint,3214.3360000000002,320,562,1778,2,4
2021-06-01,14580,ChargePoint,2061.4400000000005,226,376,1242,2,4
2021-06-01,14618,ChargePoint,311.97,36,59,61,2,4
2021-06-01,14624,ChargePoint,1321.097999999999,136,302,539,2,4
2021-05-01,14580,ChargePoint,1753.548,184,300,372,2,4
2021-05-01,14618,ChargePoint,941.7060000000004,90,178,313,2,4
2021-04-01,14580,ChargePoint,1537.8760000000007,142,279,359,2,4
2021-04-01,14618,ChargePoint,1479.0240000000001,114,295,764,2,4
2021-10-01,14624,ChargePoint,1039.9490000000003,78,229,280,2,4
2021-09-01,14624,ChargePoint,1499.5720000000001,162,393,582,1,2
2021-07-01,14618,ChargePoint,511.80799999999994,52,108,112,2,4
2021-07-01,14624,ChargePoint,1291.9420000000002,134,303,508,2,4
2021-05-01,14624,ChargePoint,973.82,96,244,397,2,4
2021-04-01,14624,ChargePoint,613.3180000000002,76,187,237,2,4
2021-10-01,12159,ChargePoint,547.4130000000001,37,96,419,4,6
2021-02-01,14618,ChargePoint,469.363,18,107,196,2,4
2021-09-01,12159,ChargePoint,1288.6940000000002,60,217,1160,4,5
2021-02-01,14204,ChargePoint,696.418,30,129,198,4,8
2021-02-01,14624,ChargePoint,435.53200000000004,37,166,212,2,3
2021-10-01,12027,ChargePoint,18.416,5,3,7,2,3
2021-06-01,12027,ChargePoint,9.93,3,2,2,2,2
2021-09-01,12061,ChargePoint,397.75200000000007,12,68,138,1,1
2021-10-01,12010,ChargePoint,341.81,53,72,89,16,25
2021-10-01,11430,ChargePoint,2752.3159999999993,174,624,2121,4,7
2021-10-01,14618,ChargePoint,2289.1600000000003,140,443,764,2,4
2021-10-01,14580,ChargePoint,1926.601,141,333,948,2,4
2022-12-01,14221,ChargePoint,5124.857000000008,390,726,985,10,21
2022-11-01,14221,ChargePoint,5969.477000000008,455,747,1066,9,19
2022-10-01,14221,ChargePoint,4670.626000000008,468,852,1281,10,19
2022-09-01,14221,ChargePoint,4362.572999999995,437,808,1176,10,20
2022-08-01,14221,ChargePoint,4276.777999999997,382,774,1117,9,17
2022-07-01,14221,ChargePoint,4533.301000000001,391,768,1051,10,18
2022-06-01,14221,ChargePoint,4158.062,389,810,1245,8,16
2022-05-01,14221,ChargePoint,4132.667999999999,370,830,1429,7,14
2022-04-01,14221,ChargePoint,3962.358000000001,395,747,1375,10,18
2022-03-01,14221,ChargePoint,4449.52,425,820,1443,8,16
2022-02-01,14221,ChargePoint,3110.6330000000003,298,641,998,10,21
2022-01-01,14221,ChargePoint,2759.925000000001,261,572,887,8,14
2021-12-01,14221,ChargePoint,3332.3149999999996,304,621,1089,7,14
2022-12-01,12601,ChargePoint,2772.819999999999,175,584,1439,16,24
2022-11-01,12601,ChargePoint,2375.1870000000017,171,497,1711,16,24
2022-08-01,12601,ChargePoint,2226.422000000001,173,487,1281,15,24
2022-07-01,12601,ChargePoint,2422.158,198,575,1661,16,25
2022-03-01,12601,ChargePoint,1982.038,168,397,1231,12,19
2022-02-01,12601,ChargePoint,1863.6669999999992,196,402,1840,12,21
2022-01-01,12601,ChargePoint,1375.9249999999997,127,335,1388,12,19
2021-11-01,12601,ChargePoint,1474.2889999999995,143,336,1262,11,19
2021-01-01,12601,ChargePoint,462.468,51,121,296,8,11
2022-03-01,13617,ChargePoint,3495.0659999999975,340,791,1105,4,7
2022-02-01,13617,ChargePoint,1852.9030000000005,191,409,534,4,7
2022-01-01,13617,ChargePoint,1240.9219999999993,134,307,359,4,7
2021-12-01,13617,ChargePoint,2142.548,213,457,543,4,7
2021-11-01,13617,ChargePoint,2080.797000000001,195,400,509,4,7
2021-01-01,13617,ChargePoint,296.32,62,102,190,3,5
2022-06-01,13617,ChargePoint,2555.8720000000003,243,548,882,4,7
2022-05-01,13617,ChargePoint,3801.6259999999993,298,637,865,4,7
2022-04-01,13617,ChargePoint,2847.4149999999995,309,646,937,4,7
2022-12-01,12302,ChargePoint,3702.3870000000024,272,284,303,5,10
2022-11-01,12302,ChargePoint,3292.890999999998,292,362,404,5,11
2022-03-01,12302,ChargePoint,1897.8450000000018,239,224,240,5,11
2022-02-01,12302,ChargePoint,1723.1789999999999,185,202,218,5,10
2022-01-01,12302,ChargePoint,2207.071999999999,204,235,247,6,12
2021-12-01,12302,ChargePoint,2935.2489999999984,250,263,278,5,11
2021-11-01,12302,ChargePoint,2713.108999999996,215,232,249,5,11
2022-10-01,12302,ChargePoint,5645.405000000005,384,536,721,6,12
2022-09-01,12302,ChargePoint,4752.809000000001,377,471,581,5,11
2022-08-01,12302,ChargePoint,4626.321000000004,344,327,362,5,11
2022-07-01,12302,ChargePoint,6649.825000000004,438,423,478,6,12
2022-06-01,12302,ChargePoint,2700.108999999999,333,290,322,5,11
2022-05-01,12302,ChargePoint,2198.0939999999996,244,225,246,6,11
2022-04-01,12302,ChargePoint,1764.7969999999998,221,199,215,5,11
2022-10-01,12601,ChargePoint,1896.5700000000004,160,421,1967,15,25
2022-09-01,12601,ChargePoint,1643.0599999999993,154,371,1456,15,26
2022-12-01,07920,ChargePoint,3313.1390000000006,186,598,704,18,31
2022-11-01,07920,ChargePoint,4253.343,204,759,950,19,32
2022-10-01,07920,ChargePoint,3871.7389999999996,203,675,896,17,29
2020-03-01,30004,ChargePoint,326.8469999999999,26,71,97,4,6
2020-02-01,30004,ChargePoint,820.198,66,176,218,4,7
2020-01-01,30004,ChargePoint,559.3420000000001,47,119,153,3,4
2019-12-01,30004,ChargePoint,7.642,1,2,3,1,1
2022-12-01,11430,ChargePoint,4007.522,223,911,2709,3,6
2022-09-01,12159,ChargePoint,1304.1260000000002,70,252,1130,4,8
2022-08-01,12814,ChargePoint,4055.1490000000003,265,732,1278,5,10
2022-08-01,14618,ChargePoint,1263.9660000000001,64,233,257,1,2
2022-07-01,11553,ChargePoint,3197.8299999999995,140,575,849,5,10
2022-07-01,11549,ChargePoint,949.139,53,172,288,2,4
2022-06-01,14204,ChargePoint,596.2979999999999,64,126,225,7,12
2022-06-01,14580,ChargePoint,3064.1170000000016,187,547,913,2,4
2022-04-01,14204,ChargePoint,336.475,35,68,156,9,11
2022-02-01,11430,ChargePoint,2997.345999999998,149,746,2270,3,6
2022-02-01,11710,ChargePoint,13.296999999999999,3,2,2,1,1
2022-12-01,12180,ChargePoint,11821.657999999996,681,2279,3826,19,35
2022-12-01,11549,ChargePoint,1223.8199999999997,87,273,529,2,4
2022-12-01,12061,ChargePoint,478.4129999999999,35,96,110,2,4
2022-12-01,10601,ChargePoint,2847.7410000000013,153,605,1718,4,8
2022-12-01,12159,ChargePoint,2190.0170000000007,90,433,1426,4,8
2022-12-01,11553,ChargePoint,4814.934999999999,264,907,1330,6,12
2022-11-01,12159,ChargePoint,3195.6119999999996,110,597,1617,4,8
2022-11-01,14204,ChargePoint,1166.0150000000003,66,208,351,5,8
2022-11-01,10601,ChargePoint,2096.4809999999998,128,430,1267,4,8
2022-11-01,11549,ChargePoint,1434.2600000000002,107,307,513,2,4
2022-11-01,11530,ChargePoint,4200.494999999996,388,815,1503,9,18
2022-11-01,11550,ChargePoint,5436.456000000001,391,1096,1878,8,16
2022-03-01,10601,ChargePoint,2493.3879999999995,133,589,1963,5,9
2022-03-01,12010,ChargePoint,370.62500000000006,45,88,105,8,11
2022-02-01,10601,ChargePoint,2172.9359999999992,140,471,2108,4,8
2022-03-01,11553,ChargePoint,4181.1460000000025,292,768,1386,4,8
2022-01-01,10601,ChargePoint,1145.879,50,246,1071,3,6
2022-01-01,12180,ChargePoint,4707.503000000001,389,1031,2359,18,32
2022-01-01,12061,ChargePoint,373.882,23,72,150,2,4
2022-01-01,12159,ChargePoint,1081.0829999999999,43,198,864,4,7
2022-01-01,11550,ChargePoint,1667.2390000000003,159,333,627,7,13
2021-12-01,11550,ChargePoint,2737.6590000000015,226,559,973,6,11
2021-12-01,14204,ChargePoint,1015.192,68,195,470,8,16
2021-12-01,12159,ChargePoint,831.5559999999999,46,153,774,3,5
2021-11-01,12159,ChargePoint,933.0229999999999,52,164,730,4,8
2021-11-01,11553,ChargePoint,3881.034000000002,283,751,1367,4,8
2021-01-01,10601,ChargePoint,1472.8169999999993,91,279,1322,4,7
2022-11-01,11553,ChargePoint,5713.954999999997,349,1079,1710,6,11
2022-11-01,12180,ChargePoint,12072.663999999986,786,2427,3868,20,38
2022-10-01,12159,ChargePoint,2163.6770000000006,106,412,1489,4,8
2022-10-01,11550,ChargePoint,5634.687999999996,437,1128,1987,8,16
2022-10-01,12010,ChargePoint,1091.2110000000002,82,182,211,15,22
2022-10-01,11549,ChargePoint,1229.439,101,275,466,2,4
2022-10-01,12110,ChargePoint,5996.032999999995,602,1339,2005,24,41
2022-10-01,11553,ChargePoint,5689.384000000003,355,1091,1792,6,11
2022-10-01,10601,ChargePoint,1402.5569999999998,90,294,1015,4,8
2022-09-01,12180,ChargePoint,8897.590999999999,595,1745,3030,19,34
2022-09-01,11553,ChargePoint,5954.523999999996,373,1141,1800,6,11
2022-09-01,12061,ChargePoint,427.6479999999999,28,84,124,2,4
2022-09-01,10601,ChargePoint,2437.7310000000007,140,489,1749,4,7
2022-09-01,11549,ChargePoint,1340.2459999999999,105,287,609,2,4
2022-09-01,12010,ChargePoint,386.52499999999986,29,68,79,10,14
2022-08-01,12159,ChargePoint,1776.1789999999999,97,350,1458,4,8
2022-08-01,12010,ChargePoint,508.638,47,85,109,17,25
2022-08-01,14204,ChargePoint,477.7710000000001,48,93,168,6,10
2022-08-01,11549,ChargePoint,1019.9979999999998,85,209,336,2,4
2022-08-01,10601,ChargePoint,1717.3569999999997,131,370,1373,3,5
2022-07-01,12010,ChargePoint,737.4450000000002,69,133,147,20,32
2022-07-01,12814,ChargePoint,5284.9749999999985,331,923,1755,5,10
2022-07-01,12804,ChargePoint,2927.1489999999994,222,578,927,20,38
2022-07-01,10601,ChargePoint,1507.4860000000006,99,325,1037,3,6
2022-07-01,12061,ChargePoint,273.7,23,60,88,2,4
2022-06-01,10601,ChargePoint,1876.6529999999998,127,397,1355,4,7
2022-07-01,12159,ChargePoint,2172.2889999999998,109,420,1401,4,8
2022-07-01,12110,ChargePoint,4263.925999999996,538,917,1457,24,41
2022-06-01,12010,ChargePoint,1426.3369999999995,90,242,271,20,33
2022-06-01,12180,ChargePoint,6732.635000000002,473,1324,2442,18,34
2022-06-01,11553,ChargePoint,2859.518999999999,163,541,903,5,10
2022-05-01,10601,ChargePoint,1609.4620000000002,93,339,1275,3,5
2022-05-01,12814,ChargePoint,1911.1020000000003,159,360,719,5,10
2022-05-01,12010,ChargePoint,601.632,63,106,117,13,20
2022-05-01,12804,ChargePoint,3110.7760000000007,225,590,969,20,34
2022-05-01,12159,ChargePoint,1029.1340000000002,67,198,908,4,8
2022-04-01,12159,ChargePoint,979.4839999999998,44,168,813,4,8
2022-04-01,12010,ChargePoint,491.931,40,87,98,16,24
2022-04-01,11550,ChargePoint,3623.1240000000025,286,724,1506,9,17
2022-04-01,11710,ChargePoint,53.689,9,10,10,1,2
2022-04-01,11553,ChargePoint,4447.575000000001,281,815,1292,6,12
2022-04-01,10601,ChargePoint,1764.4520000000007,118,366,1662,5,9
2022-04-01,11549,ChargePoint,1355.831,97,281,486,2,4
2022-04-01,12804,ChargePoint,1998.8720000000003,228,395,831,20,38
2022-04-01,12180,ChargePoint,8249.271999999997,589,1690,3377,20,36
2022-03-01,12159,ChargePoint,1051.9750000000001,57,184,946,4,6
2022-03-01,12804,ChargePoint,2581.8030000000003,218,518,940,19,33
2022-03-01,12180,ChargePoint,7172.101000000009,513,1495,2716,20,38
2022-12-01,14580,ChargePoint,1887.8599999999997,162,329,436,2,4
2022-12-01,14618,ChargePoint,1273.3619999999999,41,262,350,1,2
2022-12-01,14624,ChargePoint,1802.3770000000006,108,355,406,4,6
2022-11-01,14580,ChargePoint,1819.9719999999993,186,316,395,2,4
2022-11-01,14618,ChargePoint,1596.0339999999997,65,314,369,1,2
2022-11-01,14624,ChargePoint,2090.332,109,405,502,3,6
2022-10-01,14580,ChargePoint,2113.661,174,366,443,2,4
2022-10-01,14618,ChargePoint,1606.632,86,326,419,1,2
2022-10-01,14624,ChargePoint,2153.526,122,414,489,4,6
2022-09-01,14624,ChargePoint,1928.6110000000006,136,414,557,4,8
2022-09-01,14580,ChargePoint,1913.7819999999995,147,320,465,2,4
2022-09-01,14618,ChargePoint,1617.4979999999998,70,315,434,1,2
2022-08-01,14580,ChargePoint,1864.7399999999984,193,331,459,2,4
2022-08-01,14624,ChargePoint,1340.1110000000003,124,302,411,4,6
2022-07-01,14624,ChargePoint,1184.8319999999997,124,278,389,3,5
2022-07-01,14580,ChargePoint,3050.921000000001,220,541,778,2,4
2022-07-01,14618,ChargePoint,1595.45,70,304,357,1,2
2022-06-01,14624,ChargePoint,1470.8070000000005,155,336,464,4,8
2022-06-01,14618,ChargePoint,1592.6049999999998,76,306,401,1,2
2022-05-01,14580,ChargePoint,2087.326,149,361,834,2,4
2022-05-01,14618,ChargePoint,1213.7500000000005,59,235,276,1,2
2022-04-01,14580,ChargePoint,1496.5240000000003,133,274,709,2,4
2022-04-01,14624,ChargePoint,1037.7689999999998,97,237,311,3,5
2022-03-01,14618,ChargePoint,1134.157,55,231,324,2,4
2022-03-01,14580,ChargePoint,1988.6329999999998,147,383,968,2,4
2022-02-01,14580,ChargePoint,2158.9920000000006,141,399,1086,2,4
2022-01-01,14618,ChargePoint,2068.2729999999997,85,404,603,2,4
2022-01-01,14580,ChargePoint,2318.1989999999996,174,444,1102,2,4
2021-12-01,14618,ChargePoint,2056.6,83,392,547,2,4
2021-12-01,14580,ChargePoint,1573.8699999999997,116,276,610,2,4
2021-12-01,14624,ChargePoint,967.587,82,243,286,1,2
2021-11-01,14580,ChargePoint,1628.4589999999996,117,292,1293,2,4
2021-11-01,14618,ChargePoint,1754.1089999999997,100,328,541,2,4
2021-01-01,14580,ChargePoint,699.4069999999999,47,129,240,2,4
2022-11-01,11430,ChargePoint,4377.025000000003,212,1029,3091,3,6
2022-10-01,11430,ChargePoint,4561.3020000000015,247,1216,3238,3,6
2022-09-01,11430,ChargePoint,3492.063999999998,219,873,2387,3,6
2022-08-01,11430,ChargePoint,4707.773999999999,276,1244,3025,3,6
2022-07-01,11430,ChargePoint,4248.669000000003,273,1111,3129,3,6
2022-06-01,11430,ChargePoint,4521.031999999998,267,1185,2978,3,6
2022-05-01,11430,ChargePoint,3400.1590000000006,229,915,2758,3,6
2022-04-01,11430,ChargePoint,2894.6770000000006,176,641,2426,3,6
2022-03-01,11430,ChargePoint,3729.0019999999995,173,925,2761,3,6
2022-01-01,11430,ChargePoint,3192.159999999999,176,892,2416,3,6
2021-12-01,11430,ChargePoint,2896.969999999999,194,776,2482,3,6
2021-11-01,11430,ChargePoint,4050.4480000000003,192,938,2422,4,8
2021-01-01,11430,ChargePoint,4986.930000000002,252,1096,4020,5,10
2022-12-01,11550,ChargePoint,4041.6790000000005,280,779,1281,8,16
2022-08-01,11550,ChargePoint,2696.5950000000007,188,516,836,8,15
2022-08-01,11553,ChargePoint,3682.5339999999983,209,700,1157,6,11
2022-07-01,11550,ChargePoint,2509.3979999999992,172,483,760,7,14
2022-06-01,11549,ChargePoint,698.2909999999998,49,153,285,2,4
2022-05-01,11549,ChargePoint,1090.17,86,237,447,2,4
2022-05-01,11550,ChargePoint,4452.286000000001,347,885,1536,9,18
2022-05-01,11553,ChargePoint,3362.5099999999998,237,626,1068,5,10
2022-03-01,11550,ChargePoint,3422.1169999999997,292,703,1662,9,17
2022-03-01,11549,ChargePoint,980.5790000000005,87,218,323,2,4
2022-02-01,11550,ChargePoint,3955.6080000000024,324,816,1657,9,17
2022-02-01,11553,ChargePoint,4164.420999999999,276,758,1383,5,10
2022-01-01,11549,ChargePoint,107.14500000000001,17,26,35,2,4
2021-12-01,11553,ChargePoint,2769.0370000000016,183,512,989,5,10
2022-12-01,14204,ChargePoint,1185.285,60,207,388,6,10
2022-09-01,14204,ChargePoint,757.5740000000003,65,160,355,7,13
2022-07-01,14204,ChargePoint,798.428,70,156,269,7,10
2022-05-01,14204,ChargePoint,333.862,47,64,163,7,11
2022-03-01,14204,ChargePoint,439.234,53,88,219,8,11
2022-02-01,14204,ChargePoint,330.03499999999997,29,68,125,7,11
2022-01-01,14204,ChargePoint,447.78099999999995,28,89,219,7,12
2021-11-01,14204,ChargePoint,720.8520000000003,40,125,292,6,12
2022-12-01,12110,ChargePoint,5501.365000000001,512,1191,1747,20,33
2022-11-01,12804,ChargePoint,2257.742,295,556,968,18,33
2022-11-01,12110,ChargePoint,5889.725999999995,579,1317,2095,26,42
2022-11-01,12814,ChargePoint,697.4010000000001,34,127,413,5,10
2022-10-01,12804,ChargePoint,2631.7829999999994,314,599,901,20,34
2022-10-01,13408,ChargePoint,625.9519999999999,41,121,137,2,4
2022-10-01,12814,ChargePoint,1489.6439999999996,105,299,891,5,10
2022-09-01,13408,ChargePoint,401.66800000000006,42,83,87,2,4
2022-09-01,12110,ChargePoint,4960.569000000005,550,1084,1534,21,34
2022-09-01,12804,ChargePoint,2027.673000000001,212,508,719,19,33
2022-08-01,12804,ChargePoint,1770.559999999999,190,370,618,21,38
2022-08-01,12110,ChargePoint,4429.171000000003,537,950,1384,24,38
2022-06-01,12159,ChargePoint,1652.3380000000002,94,323,1522,4,8
2022-06-01,12110,ChargePoint,5002.387999999997,565,1047,1605,24,43
2022-05-01,13408,ChargePoint,125.70300000000003,19,35,40,2,4
2022-04-01,12110,ChargePoint,4160.635000000004,511,898,1242,23,39
2022-03-01,12061,ChargePoint,227.86399999999998,26,46,97,2,4
2022-03-01,12110,ChargePoint,4795.308999999995,545,1069,1395,25,41
2022-02-01,12110,ChargePoint,3951.936,443,865,1137,25,44
2022-01-01,12110,ChargePoint,3810.750000000001,435,808,1127,21,38
2022-01-01,12010,ChargePoint,223.19199999999995,19,39,48,6,10
2021-12-01,12110,ChargePoint,3013.2849999999985,395,657,836,21,37
2021-12-01,12010,ChargePoint,126.30200000000002,21,33,37,8,10
2021-12-01,12804,ChargePoint,1556.8170000000007,139,315,597,19,31
2021-11-01,12814,ChargePoint,590.2709999999998,39,110,951,5,10
2021-11-01,12804,ChargePoint,1431.2559999999999,103,282,613,18,28
2021-11-01,12010,ChargePoint,212.69799999999998,34,47,51,10,13
2022-02-01,14618,ChargePoint,1751.407,75,347,696,2,4
2022-05-01,14624,ChargePoint,1089.0480000000002,128,264,377,4,7
2022-03-01,14624,ChargePoint,1053.0710000000001,129,260,365,3,6
2021-11-01,14624,ChargePoint,1060.096,73,258,297,1,2
2022-02-01,14624,ChargePoint,732.88,85,181,250,4,7
2022-01-01,14624,ChargePoint,678.6219999999996,72,188,230,1,2
2021-01-01,14624,ChargePoint,661.4100000000001,30,141,145,2,3
2022-12-01,13408,ChargePoint,99.097,13,24,27,2,3
2022-09-01,11550,ChargePoint,5578.246,401,1091,1911,8,16
2021-12-01,12061,ChargePoint,499.991,37,101,146,2,4
2022-02-01,12010,ChargePoint,239.89700000000002,24,50,53,8,10
2022-09-01,30004,ChargePoint,167.381,18,29,39,4,5
2022-09-01,11710,ChargePoint,690.6100000000001,34,124,180,1,2
2022-12-01,12814,ChargePoint,645.4409999999999,45,132,754,5,10
2022-10-01,11710,ChargePoint,931.4060000000001,47,166,285,1,2
2022-10-01,12061,ChargePoint,542.655,40,110,132,2,4
2022-06-01,11550,ChargePoint,2383.463,178,463,803,8,15
2022-01-01,11553,ChargePoint,2115.176999999999,123,371,690,5,10
2022-01-01,11710,ChargePoint,0.0,4,0,0,1,1
2022-01-01,11530,ChargePoint,2862.9780000000005,244,572,934,13,24
2021-11-01,12180,ChargePoint,4854.837999999998,422,1058,2196,18,34
2022-11-01,12010,ChargePoint,409.087,24,68,75,12,16
2022-06-01,12814,ChargePoint,2791.228999999999,234,515,1140,5,10
2022-10-01,30004,ChargePoint,160.869,15,28,32,3,4
2022-08-01,30004,ChargePoint,251.14900000000003,15,49,66,3,5
2022-12-01,12804,ChargePoint,2109.8960000000006,267,504,805,20,33
2022-01-01,12814,ChargePoint,534.594,25,106,1663,5,8
2021-11-01,12061,ChargePoint,295.094,14,53,102,2,4
2022-10-01,12180,ChargePoint,11962.325000000019,799,2312,3696,21,38
2022-09-01,12814,ChargePoint,2920.246000000001,200,525,1122,5,10
2022-06-01,12061,ChargePoint,391.58200000000005,30,82,103,2,4
2022-04-01,12061,ChargePoint,295.243,23,62,89,2,4
2022-04-01,14618,ChargePoint,1226.747,57,241,356,1,2
2021-01-01,14618,ChargePoint,89.363,8,16,16,2,4
2022-11-01,12061,ChargePoint,590.8079999999999,42,120,123,2,4
2022-03-01,11530,ChargePoint,3925.949000000003,321,752,1260,11,17
2022-02-01,11549,ChargePoint,207.427,26,54,90,2,4
2021-12-01,11530,ChargePoint,3734.738,287,746,1238,14,25
2022-08-01,11530,ChargePoint,1976.8790000000006,178,394,711,7,13
2022-08-01,12061,ChargePoint,427.034,30,91,127,2,4
2022-04-01,12814,ChargePoint,264.66999999999996,23,50,143,5,7
2021-10-01,12061,ChargePoint,181.63299999999998,10,33,81,2,2
2022-02-01,30004,ChargePoint,36.203,2,8,8,2,2
2022-01-01,30004,ChargePoint,11.382,2,2,5,1,1
2022-07-01,30004,ChargePoint,173.47100000000003,17,33,48,3,5
2022-06-01,30004,ChargePoint,106.36999999999999,13,20,33,3,3
2022-05-01,30004,ChargePoint,113.318,11,21,36,3,3
2022-04-01,30004,ChargePoint,113.881,9,20,31,3,4
2021-12-01,30004,ChargePoint,28.436,2,6,12,2,2
2021-01-01,30004,ChargePoint,2.044,1,0,0,1,1
2020-11-01,30004,ChargePoint,0.415,1,0,0,1,1
2020-04-01,30004,ChargePoint,2.538,1,1,1,1,1
2022-11-01,13408,ChargePoint,213.85099999999997,18,47,52,1,2
2022-01-01,12206,ChargePoint,1263.5490000000007,177,230,304,4,7
2021-12-01,12814,ChargePoint,586.3670000000001,26,107,891,5,10
2021-11-01,12110,ChargePoint,3420.326000000002,450,784,1102,23,37
2022-02-01,12804,ChargePoint,1286.8759999999995,129,276,511,16,23
2022-01-01,12804,ChargePoint,1104.882,96,257,397,14,21
2022-02-01,12061,ChargePoint,146.643,9,27,60,2,2
2022-02-01,12180,ChargePoint,5171.521999999997,402,1119,2253,19,35
2021-12-01,12180,ChargePoint,4274.908,349,908,1834,21,35
2022-02-01,12159,ChargePoint,1379.1299999999997,48,288,1003,4,7
2021-01-01,14204,ChargePoint,796.1109999999998,49,156,335,7,11
2022-12-01,11710,ChargePoint,433.89700000000005,17,80,149,1,2
2022-11-01,11710,ChargePoint,987.5039999999999,41,180,284,1,2
2022-12-01,11530,ChargePoint,3152.061000000002,277,616,1048,8,15
2021-01-01,11553,ChargePoint,1172.7359999999996,61,221,369,5,7
2021-11-01,11550,ChargePoint,2947.6029999999964,270,647,1318,4,8
2021-01-01,11550,ChargePoint,672.145,50,125,183,3,5
2022-08-01,12180,ChargePoint,7612.4900000000025,530,1471,2384,17,31
2022-08-01,13408,ChargePoint,133.117,16,36,44,2,3
2022-07-01,12180,ChargePoint,7625.583000000004,466,1457,2838,19,35
2022-07-01,13408,ChargePoint,122.601,23,42,50,2,3
2022-06-01,12804,ChargePoint,2722.0069999999996,210,515,1002,19,36
2022-06-01,13408,ChargePoint,124.07799999999997,23,42,45,2,3
2022-05-01,12110,ChargePoint,3565.5039999999985,459,770,1150,25,42
2022-05-01,12061,ChargePoint,183.446,17,38,65,2,4
2022-05-01,12180,ChargePoint,7269.646999999997,541,1502,2722,18,34
2022-04-01,12206,ChargePoint,1858.0969999999984,280,378,498,4,7
2022-10-01,14204,ChargePoint,607.8970000000003,44,122,262,6,9
2022-03-01,12814,ChargePoint,175.42999999999998,17,35,78,5,6
2022-04-01,13408,ChargePoint,80.677,13,26,29,2,2
2022-07-01,12206,ChargePoint,13.290000000000001,3,3,3,2,2
2022-08-01,11710,ChargePoint,9.138,3,2,2,1,1
2022-06-01,11710,ChargePoint,7.544,1,1,1,1,1
2022-05-01,11710,ChargePoint,122.51400000000001,16,21,23,1,2
2022-10-01,11530,ChargePoint,4781.139999999997,379,912,1636,8,15
2022-09-01,11530,ChargePoint,4083.7120000000027,341,771,1390,7,13
2022-07-01,11530,ChargePoint,1731.1290000000001,144,357,609,7,12
2022-06-01,11530,ChargePoint,1883.8440000000019,154,366,693,7,12
2022-05-01,11530,ChargePoint,2889.552999999998,252,591,1119,7,13
2022-04-01,11530,ChargePoint,3441.078999999999,325,720,1370,7,13
2022-10-01,92121,ChargePoint,499.51699999999994,27,93,116,4,6
2022-09-01,92121,ChargePoint,512.775,34,97,105,5,10
2022-08-01,92121,ChargePoint,694.808,37,125,147,5,8
2020-03-01,92121,ChargePoint,2566.7389999999996,162,506,580,6,12
2020-02-01,92121,ChargePoint,4376.433999999996,384,884,1053,6,12
2020-01-01,92121,ChargePoint,4738.6079999999965,366,964,1139,6,12
2019-12-01,92121,ChargePoint,332.50300000000004,20,63,71,6,11
2022-12-01,20147,ChargePoint,615.333,52,147,162,6,9
2022-12-01,94598,ChargePoint,1079.8379999999997,69,188,217,6,11
2022-12-01,92618,ChargePoint,1029.9320000000002,72,192,219,7,13
2022-12-01,27513,ChargePoint,191.22400000000002,20,51,66,2,4
2022-11-01,20904,ChargePoint,484.29299999999995,34,84,91,6,8
2022-11-01,33637,ChargePoint,935.7270000000001,53,161,182,2,4
2022-11-01,27513,ChargePoint,170.137,23,43,54,2,4
2022-11-01,94598,ChargePoint,1250.8000000000004,107,225,264,6,12
2022-11-01,95131,ChargePoint,967.6179999999997,53,180,204,3,5
2022-11-01,30009,ChargePoint,313.45300000000003,20,67,91,4,6
2022-10-01,60008,ChargePoint,372.27599999999995,15,60,62,3,6
2022-10-01,08854,ChargePoint,255.73000000000005,17,54,62,4,6
2022-10-01,33637,ChargePoint,1029.2489999999998,66,179,201,2,4
2022-10-01,20904,ChargePoint,224.731,21,39,41,7,9
2022-09-01,20904,ChargePoint,179.10199999999998,28,31,33,6,9
2022-09-01,92618,ChargePoint,1490.91,84,277,303,7,13
2022-09-01,27513,ChargePoint,285.37899999999996,42,73,100,2,4
2022-09-01,80124,ChargePoint,360.77799999999996,26,72,91,2,4
2022-09-01,33637,ChargePoint,919.5100000000001,51,163,181,2,4
2022-09-01,08854,ChargePoint,261.26599999999996,20,52,55,7,10
2022-08-01,20904,ChargePoint,219.12,17,38,39,3,5
2022-08-01,94598,ChargePoint,988.7229999999997,57,176,193,6,11
2022-08-01,33637,ChargePoint,1384.3819999999998,72,242,262,2,4
2022-08-01,92618,ChargePoint,1573.7820000000002,86,291,311,7,12
2022-08-01,08854,ChargePoint,197.621,11,39,40,5,6
2022-07-01,20904,ChargePoint,254.406,24,44,49,6,9
2022-07-01,27513,ChargePoint,256.903,22,63,86,2,4
2022-07-01,92618,ChargePoint,1391.6539999999998,83,269,306,7,14
2022-07-01,80124,ChargePoint,313.26199999999994,24,64,71,2,4
2022-07-01,08854,ChargePoint,341.99799999999993,26,64,71,6,8
2022-07-01,75081,ChargePoint,177.37699999999998,9,35,49,2,3
2022-07-01,76092,ChargePoint,407.932,54,84,101,2,4
2022-06-01,94598,ChargePoint,817.8479999999998,35,143,152,6,8
2022-06-01,27513,ChargePoint,637.104,37,132,174,2,4
2022-06-01,80124,ChargePoint,196.41799999999998,20,42,45,2,4
2022-06-01,92618,ChargePoint,1114.3580000000002,60,214,231,7,14
2022-06-01,08854,ChargePoint,373.18100000000004,31,74,83,8,11
2022-05-01,33637,ChargePoint,1051.2619999999997,55,185,197,2,4
2022-05-01,94598,ChargePoint,394.295,48,75,86,6,12
2022-05-01,80124,ChargePoint,249.12900000000002,13,44,48,2,3
2022-05-01,30009,ChargePoint,264.48,29,53,64,4,6
2022-04-01,20904,ChargePoint,259.914,29,49,51,6,10
2022-04-01,33637,ChargePoint,1216.1730000000002,69,212,237,2,4
2022-04-01,27513,ChargePoint,544.242,53,120,148,2,4
2022-04-01,92618,ChargePoint,1179.4879999999996,76,228,273,7,14
2022-04-01,95131,ChargePoint,102.655,7,18,18,2,2
2022-03-01,33637,ChargePoint,664.6449999999999,53,119,162,2,4
2022-03-01,27513,ChargePoint,118.52300000000001,24,28,42,2,4
2022-03-01,95131,ChargePoint,245.92199999999997,19,44,48,3,6
2022-02-01,95131,ChargePoint,119.53099999999999,10,24,26,3,5
2022-02-01,33637,ChargePoint,238.86,17,43,49,2,4
2021-11-01,92618,ChargePoint,400.601,24,73,94,4,6
2020-11-01,27513,ChargePoint,38.66,4,9,9,1,2
2020-10-01,94598,ChargePoint,72.666,5,20,31,4,4
2020-08-01,20147,ChargePoint,214.11599999999999,32,65,76,6,10
2020-05-01,20147,ChargePoint,90.57600000000001,27,30,32,3,5
2020-03-01,27513,ChargePoint,208.95600000000002,22,59,74,2,4
2020-03-01,92618,ChargePoint,2111.4420000000005,168,445,547,6,12
2020-03-01,20904,ChargePoint,190.65699999999998,21,44,52,3,5
2020-03-01,20147,ChargePoint,988.1279999999997,74,228,264,6,11
2020-03-01,94598,ChargePoint,1212.0449999999998,83,220,247,6,11
2020-03-01,30009,ChargePoint,282.784,16,49,51,3,5
2020-03-01,43026,ChargePoint,231.08500000000004,20,50,57,2,3
2020-03-01,01851,ChargePoint,171.68199999999996,27,37,59,2,4
2020-03-01,76092,ChargePoint,41.927,3,8,8,1,1
2020-03-01,33637,ChargePoint,294.12299999999993,25,58,64,2,4
2020-02-01,92618,ChargePoint,5407.023999999997,400,1082,1335,6,12
2020-02-01,94598,ChargePoint,3189.2849999999985,215,608,665,6,12
2020-02-01,20147,ChargePoint,2623.874,138,555,652,6,11
2020-02-01,76092,ChargePoint,238.60199999999998,13,44,49,2,3
2020-02-01,27513,ChargePoint,537.3549999999998,47,138,167,2,4
2020-02-01,33637,ChargePoint,801.1330000000002,64,159,204,2,4
2020-02-01,32746,ChargePoint,1700.7089999999996,80,306,334,3,6
2020-02-01,20904,ChargePoint,339.695,35,79,96,4,6
2020-02-01,43026,ChargePoint,291.362,23,63,66,2,4
2020-02-01,95131,ChargePoint,1274.7370000000003,91,265,333,3,6
2020-02-01,30009,ChargePoint,106.82700000000001,12,22,33,3,5
2020-02-01,08854,ChargePoint,633.654,32,110,154,6,9
2020-01-01,92618,ChargePoint,5088.422000000001,406,1033,1295,6,12
2020-01-01,20147,ChargePoint,3178.390000000002,195,677,781,6,11
2020-01-01,32746,ChargePoint,1954.8010000000002,105,349,384,3,6
2020-01-01,20904,ChargePoint,234.62599999999998,21,53,56,2,2
2020-01-01,43026,ChargePoint,374.469,34,83,97,4,5
2020-01-01,01851,ChargePoint,435.237,43,94,119,2,4
2020-01-01,08854,ChargePoint,790.2000000000002,45,139,206,6,11
2020-01-01,76092,ChargePoint,149.68,10,28,36,2,3
2020-01-01,75081,ChargePoint,224.073,21,44,47,2,4
2020-01-01,27513,ChargePoint,580.3710000000002,57,152,189,2,4
2020-01-01,94598,ChargePoint,3431.344000000001,182,655,713,6,12
2019-12-01,30009,ChargePoint,11.227,1,3,3,1,1
2019-12-01,92618,ChargePoint,260.527,23,53,62,6,11
2022-12-01,07921,ChargePoint,1182.7090000000005,67,240,255,4,8
2022-10-01,07921,ChargePoint,947.5769999999999,54,190,205,4,7
2022-09-01,07920,ChargePoint,3630.402999999999,197,639,790,18,27
2022-09-01,07921,ChargePoint,1421.142,102,286,324,4,7
2022-08-01,07920,ChargePoint,2785.069,134,519,610,17,27
2022-08-01,07921,ChargePoint,1365.323,96,285,339,4,8
2022-07-01,07921,ChargePoint,1051.3790000000004,82,214,242,4,8
2022-07-01,07920,ChargePoint,2100.865,94,379,480,15,23
2022-06-01,07921,ChargePoint,1001.4369999999999,70,193,220,4,8
2022-06-01,07920,ChargePoint,3077.8130000000006,157,553,744,17,28
2022-05-01,07921,ChargePoint,1300.139,105,250,290,4,8
2022-05-01,07920,ChargePoint,3234.4280000000012,176,567,745,18,30
2022-04-01,07920,ChargePoint,3527.873,166,619,772,18,30
2022-04-01,07921,ChargePoint,1092.497,72,203,221,4,7
2022-03-01,07921,ChargePoint,937.6769999999999,65,168,182,4,8
2022-02-01,07921,ChargePoint,511.925,30,87,89,3,5
2021-01-01,07920,ChargePoint,234.79699999999997,12,41,54,3,3
2020-11-01,07920,ChargePoint,292.737,13,49,65,8,10
2020-10-01,07920,ChargePoint,446.83799999999997,28,74,93,7,10
2020-09-01,07920,ChargePoint,370.60999999999996,22,62,71,6,6
2020-03-01,07920,ChargePoint,4478.901999999997,253,835,1127,15,25
2020-03-01,07921,ChargePoint,640.824,37,131,167,4,8
2020-02-01,07920,ChargePoint,10535.937000000018,591,1960,2596,15,27
2020-02-01,07921,ChargePoint,1561.1589999999997,86,338,402,4,8
2020-01-01,07920,ChargePoint,11523.583000000013,626,2171,2973,15,28
2020-01-01,07921,ChargePoint,1549.066,106,334,378,4,8
2019-12-01,07921,ChargePoint,46.016999999999996,6,12,14,3,5
2022-12-01,80124,ChargePoint,214.073,15,40,44,2,4
2022-11-01,80124,ChargePoint,300.881,14,53,59,2,4
2022-11-01,60008,ChargePoint,239.474,13,42,44,3,5
2022-10-01,80124,ChargePoint,434.92199999999997,25,86,88,2,3
2022-08-01,80124,ChargePoint,302.022,26,69,77,2,4
2022-04-01,80919,ChargePoint,24.01,11,4,5,4,7
2021-01-01,76092,ChargePoint,16.07,2,3,3,2,2
2020-03-01,60008,ChargePoint,41.80500000000001,5,11,18,2,2
2020-03-01,37128,ChargePoint,88.437,5,15,16,2,2
2020-03-01,75081,ChargePoint,106.131,14,29,37,2,3
2020-02-01,60008,ChargePoint,268.70199999999994,22,60,91,3,3
2020-02-01,37128,ChargePoint,290.952,15,53,56,1,1
2020-02-01,75081,ChargePoint,207.084,21,43,46,2,3
2020-01-01,60008,ChargePoint,246.37899999999996,20,53,69,3,3
2020-01-01,37128,ChargePoint,133.743,10,22,23,3,4
2022-10-01,27513,ChargePoint,180.756,23,51,61,2,4
2022-10-01,01851,ChargePoint,103.92600000000002,5,19,23,2,3
2022-09-01,23228,ChargePoint,170.219,17,31,31,2,3
2022-09-01,21076,ChargePoint,37.701,1,6,7,1,1
2022-08-01,27513,ChargePoint,254.23399999999998,27,67,86,2,4
2022-08-01,01851,ChargePoint,86.24799999999999,4,20,23,2,2
2022-07-01,33637,ChargePoint,894.1439999999998,37,166,177,2,4
2022-07-01,30009,ChargePoint,359.112,25,66,74,4,5
2022-06-01,30009,ChargePoint,269.369,21,52,56,4,5
2022-06-01,33637,ChargePoint,924.098,51,169,188,2,4
2022-06-01,20904,ChargePoint,156.51399999999998,7,27,27,4,4
2022-05-01,20904,ChargePoint,112.36300000000001,6,20,23,4,5
2022-05-01,43026,ChargePoint,11.093,1,4,4,1,1
2022-04-01,30009,ChargePoint,178.412,18,38,52,4,5
2022-03-01,20904,ChargePoint,79.035,3,15,16,2,2
2021-11-01,20904,ChargePoint,227.77999999999997,9,39,41,3,4
2021-10-01,20904,ChargePoint,107.17799999999998,5,18,19,1,1
2020-10-01,23228,ChargePoint,335.456,9,57,59,1,1
2020-09-01,23228,ChargePoint,235.05999999999997,8,41,46,1,1
2020-08-01,23228,ChargePoint,276.777,9,47,48,2,2
2020-08-01,33637,ChargePoint,5.832,1,1,1,1,1
2020-07-01,23228,ChargePoint,308.392,8,56,56,1,1
2020-06-01,23228,ChargePoint,297.631,8,55,57,1,1
2020-06-01,33637,ChargePoint,24.274,4,4,5,1,1
2020-05-01,23228,ChargePoint,211.494,8,36,45,1,1
2020-05-01,33637,ChargePoint,15.809999999999999,3,3,3,2,3
2020-04-01,23228,ChargePoint,249.12500000000003,7,42,45,1,1
2020-03-01,23228,ChargePoint,292.254,8,49,52,1,1
2020-03-01,20701,ChargePoint,102.52799999999999,9,27,28,2,3
2020-03-01,32746,ChargePoint,644.9320000000001,35,120,131,3,5
2022-12-01,20904,ChargePoint,259.96500000000003,20,46,51,6,8
2022-12-01,20701,ChargePoint,33.293,3,8,8,1,2
2022-11-01,20701,ChargePoint,41.565,7,14,15,2,3
2022-11-01,32746,ChargePoint,531.1129999999999,23,99,108,5,8
2022-03-01,08691,ChargePoint,127.36399999999998,18,40,47,2,3
2022-02-01,08691,ChargePoint,55.298,7,17,19,2,2
2022-02-01,20904,ChargePoint,117.16600000000001,5,20,23,2,3
2022-01-01,20904,ChargePoint,82.364,2,14,15,1,1
2021-12-01,20904,ChargePoint,117.11000000000001,3,20,21,1,1
2021-02-01,23228,ChargePoint,95.652,3,16,18,1,1
2021-01-01,23228,ChargePoint,290.835,8,49,50,1,1
2020-12-01,23228,ChargePoint,299.668,8,50,51,1,1
2020-11-01,23228,ChargePoint,241.419,6,41,41,1,1
2020-02-01,01851,ChargePoint,339.8199999999999,42,76,95,2,4
2020-02-01,20701,ChargePoint,260.89,23,58,63,2,3
2020-02-01,23228,ChargePoint,321.679,10,55,62,1,1
2020-01-01,20701,ChargePoint,203.63400000000001,15,51,53,2,4
2020-01-01,23228,ChargePoint,169.361,4,29,30,1,1
2020-01-01,29045,ChargePoint,115.785,10,38,47,1,1
2020-01-01,33637,ChargePoint,594.765,51,120,143,2,4
2019-12-01,23228,ChargePoint,36.352,1,6,7,1,1
2019-12-01,20904,ChargePoint,11.399999999999999,2,4,4,1,1
2019-12-01,08854,ChargePoint,66.993,6,12,14,3,5
2019-12-01,43026,ChargePoint,29.059,2,5,6,2,2
2019-12-01,20147,ChargePoint,147.122,9,32,38,5,5
2022-11-01,07921,ChargePoint,1445.8379999999995,82,282,299,4,8
2022-03-01,07920,ChargePoint,2277.4019999999996,126,406,599,16,26
2022-02-01,07920,ChargePoint,1304.1889999999999,51,221,272,14,17
2022-01-01,07920,ChargePoint,677.1640000000001,29,112,134,10,12
2022-01-01,07921,ChargePoint,469.70899999999995,24,81,82,4,5
2021-12-01,07920,ChargePoint,1054.615,56,203,272,13,17
2021-11-01,07920,ChargePoint,1029.85,54,196,243,16,23
2021-11-01,07921,ChargePoint,378.42499999999995,17,68,73,4,6
2019-12-01,07920,ChargePoint,280.34099999999995,19,57,63,8,10
2022-10-01,95131,ChargePoint,1282.2920000000001,81,231,237,3,5
2022-03-01,92618,ChargePoint,674.4469999999999,49,131,156,7,13
2022-11-01,92618,ChargePoint,1215.6230000000003,84,224,278,7,14
2021-12-01,92618,ChargePoint,261.544,21,50,67,6,10
2020-12-01,92618,ChargePoint,125.557,16,26,29,4,6
2020-11-01,92618,ChargePoint,153.93099999999998,12,32,35,4,6
2020-03-01,95131,ChargePoint,667.0079999999999,42,134,159,3,6
2022-06-01,92121,ChargePoint,851.0689999999998,43,153,188,5,9
2022-12-01,92121,ChargePoint,297.76899999999995,23,58,63,5,7
2022-10-01,94598,ChargePoint,1308.824,89,228,255,6,12
2022-09-01,94598,ChargePoint,1067.1009999999999,66,186,195,6,11
2022-07-01,94598,ChargePoint,627.759,33,119,125,6,9
2022-04-01,94598,ChargePoint,319.32800000000003,29,62,70,6,8
2022-03-01,94598,ChargePoint,111.205,14,24,26,4,6
2021-12-01,94598,ChargePoint,128.554,10,22,23,3,4
2020-11-01,94598,ChargePoint,22.528,4,9,17,3,3
2020-07-01,94598,ChargePoint,19.221999999999998,2,4,4,2,2
2019-12-01,94598,ChargePoint,135.16299999999998,6,25,25,5,5
2022-05-01,27513,ChargePoint,604.5640000000001,33,121,156,2,4
2022-02-01,27513,ChargePoint,180.138,22,40,50,2,4
2022-01-01,27513,ChargePoint,67.444,6,13,13,2,2
2021-12-01,27513,ChargePoint,169.204,9,32,33,2,3
2021-11-01,27513,ChargePoint,143.75300000000001,6,29,30,1,2
2021-10-01,27513,ChargePoint,62.083999999999996,7,15,16,2,3
2021-01-01,27513,ChargePoint,29.733,4,7,7,1,1
2020-12-01,27513,ChargePoint,23.118,3,6,6,2,2
2020-10-01,27513,ChargePoint,49.013999999999996,5,11,11,1,1
2020-09-01,27513,ChargePoint,31.634,4,8,8,1,1
2020-08-01,27513,ChargePoint,39.537,5,9,9,1,1
2020-07-01,27513,ChargePoint,33.756,4,8,8,1,1
2020-06-01,27513,ChargePoint,29.134,3,7,7,1,1
2020-05-01,27513,ChargePoint,37.48,4,9,9,1,1
2020-04-01,27513,ChargePoint,11.293,2,3,4,1,1
2021-02-01,20147,ChargePoint,44.342999999999996,8,15,16,1,1
2021-01-01,20147,ChargePoint,102.35499999999999,17,33,37,2,2
2020-12-01,20147,ChargePoint,98.76700000000001,18,34,35,3,3
2020-11-01,20147,ChargePoint,106.01800000000001,19,35,38,3,3
2020-10-01,20147,ChargePoint,329.64400000000006,47,102,131,5,6
2020-09-01,20147,ChargePoint,329.74800000000005,43,95,115,5,7
2020-07-01,20147,ChargePoint,239.473,35,81,95,6,7
2020-06-01,20147,ChargePoint,110.079,25,38,42,2,2
2020-04-01,20147,ChargePoint,148.15099999999998,30,44,50,5,7
2022-11-01,07728,ChargePoint,59.481,12,22,22,2,2
2021-10-01,07728,ChargePoint,27.648999999999997,8,9,11,2,2
2020-11-01,07728,ChargePoint,80.66499999999999,16,28,30,2,2
2020-10-01,07728,ChargePoint,48.090999999999994,11,16,26,2,2
2022-12-01,07728,ChargePoint,61.910000000000004,13,24,24,1,1
2022-04-01,07728,ChargePoint,4.639,1,2,2,1,1
2022-03-01,07728,ChargePoint,47.48499999999999,14,17,18,1,2
2022-02-01,07728,ChargePoint,96.156,19,33,37,1,2
2022-01-01,07728,ChargePoint,74.503,16,26,28,1,2
2021-12-01,07728,ChargePoint,92.594,17,32,34,1,1
2021-11-01,07728,ChargePoint,127.72200000000001,14,32,34,1,1
2021-02-01,07728,ChargePoint,5.19,1,2,4,1,1
2021-01-01,07728,ChargePoint,83.90100000000001,15,34,38,1,1
2020-12-01,07728,ChargePoint,88.542,15,30,33,2,2
2022-11-01,07960,ChargePoint,254.43199999999996,11,43,45,2,2
2022-10-01,32746,ChargePoint,254.45000000000002,18,52,66,4,7
2022-10-01,63304,ChargePoint,39.463,6,7,8,2,4
2022-10-01,20701,ChargePoint,48.936,7,16,16,2,3
2022-10-01,30009,ChargePoint,427.165,33,79,99,4,7
2022-10-01,07960,ChargePoint,496.256,11,82,84,3,4
2022-09-01,32746,ChargePoint,309.3669999999999,16,58,73,5,8
2022-08-01,07960,ChargePoint,544.599,22,96,99,3,6
2022-07-01,07960,ChargePoint,594.4089999999999,27,102,109,3,5
2022-07-01,32746,ChargePoint,63.028000000000006,2,10,10,1,1
2022-06-01,07960,ChargePoint,831.7839999999998,32,141,146,3,6
2022-06-01,32746,ChargePoint,126.32799999999999,6,21,22,3,4
2022-05-01,07960,ChargePoint,484.8,18,80,87,3,6
2022-05-01,32746,ChargePoint,154.063,6,26,32,2,3
2022-04-01,07960,ChargePoint,477.12800000000004,17,78,85,3,4
2022-04-01,32746,ChargePoint,250.49399999999997,24,45,48,4,8
2022-04-01,80124,ChargePoint,451.706,21,74,78,2,4
2022-04-01,84120,ChargePoint,48.402,9,13,33,2,4
2022-03-01,80124,ChargePoint,224.82799999999997,8,37,37,1,1
2022-03-01,07960,ChargePoint,293.056,9,49,49,2,4
2021-11-01,20701,ChargePoint,15.927,3,5,5,1,2
2021-11-01,08854,ChargePoint,24.157999999999998,4,6,8,3,3
2021-10-01,20701,ChargePoint,30.241999999999997,5,10,14,1,2
2021-10-01,07921,ChargePoint,283.41900000000004,15,48,49,4,6
2020-03-01,85226,ChargePoint,82.364,13,28,45,2,3
2020-03-01,84120,ChargePoint,251.06600000000003,32,73,117,2,4
2020-02-01,84120,ChargePoint,592.1579999999999,54,143,199,2,4
2020-02-01,85226,ChargePoint,344.912,49,109,162,2,4
2020-01-01,84120,ChargePoint,654.1829999999998,64,170,231,2,4
2020-01-01,85226,ChargePoint,351.28599999999994,39,91,119,2,3
2019-12-01,84120,ChargePoint,17.4,3,4,5,2,2
2022-12-01,75038,ChargePoint,686.9190000000001,34,121,135,6,11
2022-11-01,75038,ChargePoint,904.5270000000002,38,159,178,6,10
2022-10-01,75038,ChargePoint,573.6850000000002,36,97,105,6,9
2022-09-01,75038,ChargePoint,1133.77,59,193,226,6,12
2022-08-01,75038,ChargePoint,498.6770000000001,21,87,93,5,7
2022-08-01,76092,ChargePoint,388.3549999999999,33,84,101,2,4
2022-07-01,75038,ChargePoint,413.395,19,69,78,5,7
2022-06-01,75038,ChargePoint,1316.3560000000002,55,224,241,5,8
2022-05-01,75038,ChargePoint,740.5169999999998,34,127,150,5,7
2022-04-01,75038,ChargePoint,718.1110000000003,38,122,127,6,10
2022-04-01,76092,ChargePoint,400.7259999999999,28,74,97,2,4
2022-03-01,75038,ChargePoint,482.28,23,95,97,4,6
2022-02-01,75038,ChargePoint,394.525,25,72,74,5,7
2020-03-01,75038,ChargePoint,735.411,55,143,157,6,11
2020-02-01,75038,ChargePoint,1949.388999999999,154,371,412,6,12
2020-01-01,75038,ChargePoint,1666.548,129,308,338,6,10
2022-08-01,95630,ChargePoint,380.72299999999996,29,85,96,2,4
2022-05-01,92618,ChargePoint,917.2829999999998,79,171,227,7,14
2022-03-01,92121,ChargePoint,130.44899999999998,23,34,39,6,10
2022-02-01,92121,ChargePoint,49.74100000000001,17,15,15,5,7
2022-02-01,92618,ChargePoint,297.68800000000005,22,57,88,6,10
2020-09-01,92618,ChargePoint,179.837,11,36,36,6,7
2022-05-01,75081,ChargePoint,348.99099999999993,35,70,90,4,6
2022-03-01,76092,ChargePoint,29.984,4,5,6,1,2
2021-12-01,76092,ChargePoint,12.038,1,2,3,1,1
2019-12-01,75038,ChargePoint,39.244,5,7,8,3,3
2022-11-01,23228,ChargePoint,247.20499999999998,11,43,43,2,4
2022-10-01,85226,ChargePoint,21.319000000000003,2,4,4,1,1
2022-05-01,84120,ChargePoint,13.771,2,5,6,2,2
2021-11-01,32746,ChargePoint,4.972,3,1,7,1,1
2020-02-01,80124,ChargePoint,144.32,7,26,31,1,1
2020-01-01,80124,ChargePoint,185.217,8,32,33,2,2
2020-01-01,30009,ChargePoint,99.923,10,20,22,3,5
2019-12-01,85226,ChargePoint,6.394,1,2,4,1,1
2022-11-01,92121,ChargePoint,295.95399999999995,13,51,66,4,6
2022-10-01,92618,ChargePoint,1337.1829999999998,83,246,276,6,12
2022-04-01,95630,ChargePoint,30.519000000000002,3,9,15,1,2
2021-12-01,95131,ChargePoint,33.56,3,7,7,3,3
2021-10-01,92618,ChargePoint,217.91100000000003,15,42,54,4,6
2020-10-01,92121,ChargePoint,30.487,5,8,9,4,4
2020-08-01,92618,ChargePoint,224.64999999999998,29,49,50,5,6
2020-05-01,92618,ChargePoint,73.142,6,13,13,4,4
2020-05-01,92121,ChargePoint,15.366,1,3,4,1,1
2020-04-01,92121,ChargePoint,13.136999999999999,2,3,5,2,2
2020-01-01,95131,ChargePoint,1643.6840000000009,115,336,410,3,6
2022-10-01,23228,ChargePoint,209.352,13,38,38,2,3
2022-10-01,08691,ChargePoint,120.508,20,38,51,1,1
2022-09-01,08691,ChargePoint,110.379,17,35,40,1,1
2022-09-01,20701,ChargePoint,65.125,9,21,24,1,2
2022-09-01,30009,ChargePoint,551.9730000000001,36,96,110,4,6
2022-08-01,20701,ChargePoint,76.59,9,25,25,1,1
2022-08-01,30009,ChargePoint,233.17199999999997,15,47,76,4,5
2022-08-01,08691,ChargePoint,125.369,16,40,46,1,1
2022-07-01,08691,ChargePoint,96.981,13,31,35,1,1
2022-07-01,20701,ChargePoint,94.75999999999999,8,25,28,1,2
2022-06-01,20701,ChargePoint,275.237,16,58,59,2,4
2022-06-01,08691,ChargePoint,106.624,12,31,34,2,2
2022-05-01,20701,ChargePoint,81.24699999999999,10,27,27,1,1
2022-04-01,20701,ChargePoint,65.89500000000001,11,22,22,2,2
2022-04-01,08691,ChargePoint,104.417,15,33,40,1,1
2022-03-01,32746,ChargePoint,122.03,10,22,28,3,5
2021-10-01,23228,ChargePoint,40.211,1,7,7,1,1
2020-05-01,01851,ChargePoint,9.219,1,2,2,1,1
2022-12-01,33637,ChargePoint,891.3910000000002,50,153,183,2,4
2022-01-01,33637,ChargePoint,228.38899999999995,16,42,47,2,3
2021-12-01,33637,ChargePoint,223.36899999999997,17,43,50,2,3
2021-11-01,33637,ChargePoint,232.64399999999998,15,40,52,2,4
2022-12-01,33634,ChargePoint,395.49500000000006,39,72,74,4,8
2022-11-01,33634,ChargePoint,358.9320000000001,39,71,75,4,7
2022-10-01,33634,ChargePoint,280.60599999999994,41,62,64,4,7
2022-09-01,33634,ChargePoint,273.389,39,62,64,4,8
2022-08-01,33634,ChargePoint,296.92900000000003,30,62,64,4,7
2022-07-01,33634,ChargePoint,393.363,32,71,77,4,7
2022-06-01,33634,ChargePoint,541.3689999999999,43,114,120,4,6
2022-05-01,33634,ChargePoint,525.173,53,103,108,4,8
2022-04-01,33634,ChargePoint,527.136,47,109,128,4,8
2022-03-01,33634,ChargePoint,1083.542,77,209,248,4,7
2022-02-01,33634,ChargePoint,1109.512,69,199,230,4,8
2022-01-01,33634,ChargePoint,903.5030000000003,51,152,184,4,6
2021-12-01,33634,ChargePoint,576.871,31,107,131,4,6
2021-11-01,33634,ChargePoint,816.9249999999996,56,150,175,4,7
2020-03-01,33634,ChargePoint,508.75199999999995,27,108,118,4,6
2020-02-01,33634,ChargePoint,1376.9029999999993,74,272,287,4,8
2020-01-01,33634,ChargePoint,564.025,36,120,129,3,4
2019-12-01,33634,ChargePoint,102.338,6,20,21,3,4
2020-08-01,07920,ChargePoint,232.78400000000002,18,39,50,5,6
2020-07-01,07920,ChargePoint,118.03600000000002,7,20,26,5,5
2020-12-01,07920,ChargePoint,105.92099999999999,8,18,21,4,4
2022-09-01,44087,ChargePoint,35.332,3,7,7,1,1
2021-01-01,44087,ChargePoint,32.004,2,7,8,2,2
2022-10-01,23605,ChargePoint,494.3859999999999,25,103,409,2,3
2022-09-01,74117,ChargePoint,22.268,2,4,16,1,1
2022-06-01,48076,ChargePoint,94.925,6,16,17,2,2
2022-06-01,75081,ChargePoint,364.032,28,75,86,3,5
2022-05-01,92121,ChargePoint,632.073,42,116,149,5,9
2022-01-01,92618,ChargePoint,224.887,9,39,44,3,4
2022-01-01,95630,ChargePoint,322.534,21,56,57,2,3
2021-11-01,92121,ChargePoint,19.929,6,7,10,4,5
2021-12-01,07921,ChargePoint,365.502,17,66,68,4,7
2020-10-01,44087,ChargePoint,20.368000000000002,3,6,6,1,1
2020-09-01,44087,ChargePoint,22.428,4,7,9,1,1
2020-07-01,92618,ChargePoint,231.62200000000004,39,47,47,5,7
2020-07-01,80124,ChargePoint,7.278,1,2,2,1,1
2020-07-01,44087,ChargePoint,15.370000000000001,2,5,7,1,1
2020-02-01,44087,ChargePoint,20.512,2,6,6,1,1
2019-12-01,33637,ChargePoint,444.24399999999997,38,89,132,1,2
2022-12-01,95131,ChargePoint,749.352,45,139,152,3,5
2022-09-01,95131,ChargePoint,475.4309999999999,25,85,94,3,5
2022-01-01,95131,ChargePoint,106.43400000000001,7,19,22,2,3
2021-11-01,95131,ChargePoint,86.067,6,15,16,2,3
2021-10-01,95131,ChargePoint,96.303,9,18,19,3,5
2021-02-01,95131,ChargePoint,70.922,7,12,14,2,4
2021-01-01,95131,ChargePoint,55.299,3,10,10,1,2
2020-12-01,95131,ChargePoint,26.078,4,5,6,2,3
2020-11-01,95131,ChargePoint,12.808,2,2,3,1,2
2020-09-01,95131,ChargePoint,18.385,3,3,4,2,3
2020-08-01,95131,ChargePoint,18.914,2,3,3,2,2
2022-05-01,08854,ChargePoint,384.24300000000005,34,64,74,7,11
2022-04-01,08854,ChargePoint,136.509,16,25,27,5,7
2020-09-01,75038,ChargePoint,152.494,14,28,30,2,2
2020-04-01,07728,ChargePoint,25.680999999999997,5,9,51,1,1
2022-11-01,95630,ChargePoint,276.933,26,56,74,2,3
2022-08-01,84120,ChargePoint,206.13400000000001,16,51,63,2,4
2022-08-01,63304,ChargePoint,110.93900000000001,7,21,24,2,3
2022-03-01,30004,ChargePoint,58.427,4,10,11,2,3
2020-11-01,29045,ChargePoint,0.0,1,0,0,1,1
2022-12-01,32746,ChargePoint,651.3549999999999,23,119,133,4,7
2022-12-01,23228,ChargePoint,463.554,13,77,79,2,3
2022-10-01,95630,ChargePoint,236.45200000000003,23,49,58,2,3
2022-07-01,92121,ChargePoint,260.40200000000004,12,44,46,4,6
2022-06-01,76092,ChargePoint,183.03699999999998,19,30,34,2,4
2022-05-01,48076,ChargePoint,0.0,1,0,0,1,1
2022-04-01,63304,ChargePoint,0.0,1,0,0,1,1
2022-04-01,92121,ChargePoint,278.456,26,52,61,4,8
2022-03-01,95630,ChargePoint,219.83,15,40,41,1,2
2022-02-01,44087,ChargePoint,31.194000000000003,4,8,15,1,1
2022-01-01,94598,ChargePoint,107.643,5,18,18,4,5
2021-12-01,75038,ChargePoint,32.507000000000005,7,7,7,2,3
2021-10-01,92121,ChargePoint,4.162,2,1,1,1,1
2021-10-01,33637,ChargePoint,151.291,13,25,33,2,3
2020-07-01,43026,ChargePoint,0.0,1,0,0,1,1
2020-06-01,94598,ChargePoint,40.422,8,17,25,3,5
2019-12-01,32746,ChargePoint,62.751999999999995,5,11,11,2,3
2022-12-01,30009,ChargePoint,144.69199999999998,12,25,30,4,4
2022-05-01,76092,ChargePoint,268.68499999999995,15,49,63,2,4
2022-05-01,23227,ChargePoint,0.0,2,0,0,2,2
2022-02-01,95630,ChargePoint,361.00000000000006,25,60,64,2,3
2021-12-01,32746,ChargePoint,19.421,3,3,4,1,2
2021-11-01,95630,ChargePoint,173.258,12,30,34,2,3
2019-12-01,63304,ChargePoint,7.716,2,1,1,2,2
2022-03-01,01851,ChargePoint,132.74800000000002,8,22,25,2,3
2021-12-01,08854,ChargePoint,50.293,2,8,10,1,2
2021-01-01,33637,ChargePoint,158.716,12,26,26,2,3
2020-11-01,06492,ChargePoint,0.0,1,0,0,1,1
2020-09-01,33637,ChargePoint,0.0,2,0,0,1,2
2020-07-01,63304,ChargePoint,0.0,1,0,0,1,1
2022-12-01,60008,ChargePoint,220.451,14,42,46,3,6
2022-07-01,01851,ChargePoint,46.201,4,10,11,2,3
2022-07-01,85226,ChargePoint,5.608,3,1,1,2,3
2022-01-01,08854,ChargePoint,24.490000000000002,3,5,6,2,2
2021-10-01,32746,ChargePoint,0.0,2,0,0,2,2
2020-02-01,63304,ChargePoint,86.21999999999998,13,16,16,2,2
2020-09-01,30009,ChargePoint,0.0,1,0,0,1,1
2022-11-01,85226,ChargePoint,17.075,4,5,6,2,3
2022-09-01,85226,ChargePoint,29.184,3,5,5,1,1
2022-07-01,84120,ChargePoint,69.299,12,13,14,2,4
2022-07-01,63304,ChargePoint,40.914,3,7,8,1,2
2022-07-01,06492,ChargePoint,37.235,4,7,12,1,2
2020-09-01,92121,ChargePoint,39.192,4,7,7,2,2
2022-12-01,29455,ChargePoint,304.74800000000005,26,75,153,1,2
2022-12-01,07731,ChargePoint,35.457,5,6,6,1,2
2022-12-01,06902,ChargePoint,315.87999999999994,29,58,73,1,2
2022-12-01,06901,ChargePoint,373.662,30,64,87,1,2
2022-11-01,06901,ChargePoint,287.06,21,50,74,1,2
2022-11-01,29455,ChargePoint,286.44800000000004,28,77,113,1,2
2022-10-01,07731,ChargePoint,16.822,7,3,3,1,2
2022-10-01,06902,ChargePoint,550.2,33,108,132,1,2
2022-10-01,29455,ChargePoint,100.679,15,30,64,1,2
2022-10-01,06901,ChargePoint,371.126,26,63,86,1,2
2022-09-01,01757,ChargePoint,142.036,10,30,44,1,2
2022-09-01,06902,ChargePoint,304.712,27,71,91,1,2
2022-08-01,29455,ChargePoint,373.336,36,105,158,1,2
2022-08-01,01757,ChargePoint,810.665,24,138,189,4,7
2022-07-01,01757,ChargePoint,1756.7629999999988,98,311,456,4,8
2022-07-01,06902,ChargePoint,213.879,17,53,62,1,2
2022-06-01,01757,ChargePoint,319.05799999999994,42,61,98,4,8
2022-06-01,06902,ChargePoint,290.72,25,63,82,1,2
2022-06-01,06901,ChargePoint,277.405,15,47,60,1,1
2022-05-01,01757,ChargePoint,14.570000000000002,9,2,3,4,8
2022-05-01,06902,ChargePoint,448.287,29,88,102,1,2
2022-05-01,29455,ChargePoint,238.75300000000001,19,42,43,1,2
2022-04-01,29455,ChargePoint,326.422,25,54,56,1,2
2022-03-01,29455,ChargePoint,93.924,12,16,31,1,2
2022-02-01,06902,ChargePoint,546.17,22,95,105,1,2
2021-12-01,06902,ChargePoint,152.69,12,30,39,1,1
2021-11-01,06902,ChargePoint,184.18000000000004,11,32,35,1,2
2021-11-01,29455,ChargePoint,24.716,9,6,13,1,2
2021-10-01,29455,ChargePoint,147.31900000000002,14,24,26,1,2
2021-01-01,29455,ChargePoint,0.0,1,0,0,1,1
2022-12-01,10119,ChargePoint,669.7170000000001,21,115,144,1,1
2022-12-01,11215,ChargePoint,24.459,5,8,20,1,1
2022-12-01,12054,ChargePoint,3598.8139999999994,204,687,1534,16,30
2022-11-01,11215,ChargePoint,161.88100000000003,12,50,251,2,2
2022-09-01,12054,ChargePoint,2981.0570000000002,194,583,1465,16,29
2022-09-01,14127,ChargePoint,1918.3880000000006,226,392,607,9,12
2022-09-01,10155,ChargePoint,1860.7299999999998,65,303,379,11,11
2022-09-01,14608,ChargePoint,0.008,4,0,20,1,1
2022-09-01,11215,ChargePoint,171.161,14,53,227,2,2
2022-09-01,13601,ChargePoint,1296.0439999999996,79,216,267,3,3
2022-08-01,13601,ChargePoint,266.0439999999999,27,52,56,3,4
2022-08-01,12208,ChargePoint,2682.5199999999995,189,577,1700,9,13
2022-08-01,10155,ChargePoint,1688.2339999999995,47,275,331,11,11
2022-07-01,14606,ChargePoint,87.03699999999999,6,37,874,2,2
2022-06-01,10952,ChargePoint,2504.334,119,467,833,2,3
2022-06-01,10016,ChargePoint,581.1240000000003,44,99,189,7,7
2022-06-01,12208,ChargePoint,4906.169,324,987,2031,10,14
2022-06-01,10960,ChargePoint,1162.0489999999998,35,188,648,4,5
2022-06-01,10106,ChargePoint,1050.69,50,149,293,7,7
2022-05-01,13601,ChargePoint,273.606,35,55,70,3,4
2022-05-01,12009,ChargePoint,554.748,19,76,208,6,6
2022-03-01,10016,ChargePoint,460.37799999999993,43,70,112,7,7
2022-03-01,10591,ChargePoint,923.705,31,154,585,4,4
2022-03-01,11757,ChargePoint,1524.2719999999997,57,248,473,4,4
2022-03-01,12208,ChargePoint,5499.017999999994,362,1128,2555,8,13
2022-03-01,10106,ChargePoint,520.7220000000001,31,89,155,4,4
2022-02-01,14228,ChargePoint,4978.619000000004,548,1117,2276,10,18
2022-01-01,12009,ChargePoint,1295.01,43,177,615,9,9
2022-01-01,12208,ChargePoint,5230.308000000003,326,972,1807,7,10
2022-01-01,14228,ChargePoint,1353.4629999999997,142,316,873,10,17
2022-01-01,11757,ChargePoint,942.132,30,153,296,2,2
2021-12-01,12208,ChargePoint,4377.798,266,821,1499,7,11
2021-12-01,14850,ChargePoint,2056.380000000001,199,458,800,2,4
2021-12-01,14228,ChargePoint,2963.667999999999,306,622,1727,10,18
2021-11-01,10001,ChargePoint,933.6459999999998,28,146,173,2,2
2021-11-01,13204,ChargePoint,494.389,24,81,167,3,3
2021-11-01,11570,ChargePoint,1342.3649999999998,72,242,291,1,2
2021-11-01,11556,ChargePoint,1125.445,74,240,281,1,2
2021-11-01,14228,ChargePoint,4089.0979999999977,504,864,2145,10,18
2021-10-01,13601,ChargePoint,289.574,25,51,57,3,4
2021-10-01,10001,ChargePoint,414.39300000000003,17,65,94,2,2
2021-10-01,14606,ChargePoint,21.778,2,8,45,1,1
2021-10-01,13204,ChargePoint,430.862,27,69,168,2,2
2021-01-01,11797,ChargePoint,225.97400000000005,22,57,124,1,2
2021-01-01,11570,ChargePoint,423.19799999999987,37,94,126,1,2
2021-01-01,10522,ChargePoint,28.863,5,5,6,1,2
2022-11-01,14623,ChargePoint,8193.683000000005,651,1772,3040,8,16
2022-11-01,12206,ChargePoint,1588.942,168,331,539,1,2
2022-10-01,12084,ChargePoint,88.241,6,15,19,2,4
2022-09-01,11803,ChargePoint,142.439,5,23,26,2,4
2022-10-01,12866,ChargePoint,11078.251999999991,1173,2242,3462,41,69
2022-08-01,12401,ChargePoint,11050.055000000004,1111,2325,6864,19,37
2022-07-01,12401,ChargePoint,11276.513999999988,1012,2247,6945,18,35
2022-07-01,12020,ChargePoint,8432.466000000004,701,1705,2822,12,20
2022-07-01,11101,ChargePoint,450.42300000000006,20,78,86,4,6
2022-07-01,10577,ChargePoint,6908.905999999997,297,1363,2068,10,19
2022-06-01,12401,ChargePoint,10872.639000000003,1001,2182,7788,18,36
2022-05-01,12401,ChargePoint,9250.822999999984,901,1868,7641,20,38
2022-04-01,12401,ChargePoint,8184.6689999999935,833,1728,7241,18,36
2022-03-01,12401,ChargePoint,8227.929999999997,807,1765,7730,18,36
2022-03-01,12206,ChargePoint,1244.1380000000001,218,246,324,3,5
2022-02-01,11530,ChargePoint,5124.501999999993,417,1028,1813,11,22
2022-02-01,12401,ChargePoint,5319.206999999992,533,1154,4812,16,30
2022-02-01,12561,ChargePoint,3870.1159999999986,364,868,1585,17,30
2022-01-01,12401,ChargePoint,5441.339000000003,523,1185,4594,16,31
2022-01-01,14623,ChargePoint,6787.225,509,1508,2424,8,16
2021-12-01,12853,ChargePoint,1598.718,153,424,503,4,7
2021-12-01,10940,ChargePoint,13353.083999999992,681,2907,4689,19,31
2021-12-01,12401,ChargePoint,6657.443999999996,610,1458,7386,17,32
2021-12-01,14617,ChargePoint,1605.2969999999998,187,336,576,13,21
2021-11-01,12401,ChargePoint,6165.937000000001,575,1327,6254,18,33
2021-11-01,12853,ChargePoint,202.902,19,46,47,5,8
2021-11-01,14617,ChargePoint,1182.1,160,244,387,12,20
2021-11-01,12866,ChargePoint,6976.488999999998,691,1398,2639,40,71
2020-07-01,10940,ChargePoint,2502.187,159,696,1208,2,4
2020-06-01,10940,ChargePoint,2986.4779999999996,176,898,1759,4,8
2020-05-01,10940,ChargePoint,2575.244999999999,256,683,1544,4,8
2020-04-01,10940,ChargePoint,2571.8840000000014,189,680,1502,4,7
2020-03-01,10940,ChargePoint,3038.7650000000003,217,821,1410,4,8
2020-02-01,10940,ChargePoint,3226.7189999999996,212,832,2424,4,8
2020-01-01,10940,ChargePoint,4107.2159999999985,257,1077,1647,4,7
2019-12-01,10940,ChargePoint,432.041,35,105,1551,4,8
2022-03-01,12203,ChargePoint,8603.380000000006,642,1735,2302,25,46
2022-12-01,11109,ChargePoint,2297.959,92,397,414,1,2
2022-11-01,11109,ChargePoint,2119.969,86,353,403,1,2
2022-03-01,11109,ChargePoint,1252.945,49,209,229,1,2
2022-03-01,12449,ChargePoint,243.37999999999997,18,45,57,4,5
2022-02-01,11109,ChargePoint,1025.8470000000002,44,175,184,1,2
2022-02-01,11238,ChargePoint,42.427,6,8,8,1,2
2022-01-01,11109,ChargePoint,1153.078,44,197,206,1,2
2022-01-01,11050,ChargePoint,682.9950000000001,23,117,151,3,6
2021-12-01,11109,ChargePoint,954.5089999999999,40,161,167,1,2
2021-12-01,11570,ChargePoint,2119.6809999999996,114,392,462,1,2
2021-12-01,11229,ChargePoint,1626.9499999999996,72,288,368,1,1
2021-12-01,11556,ChargePoint,953.8299999999999,64,209,239,1,2
2021-11-01,12203,ChargePoint,6612.683000000001,527,1295,1735,24,42
2021-11-01,10577,ChargePoint,7224.986000000003,371,1409,2201,15,27
2021-11-01,11238,ChargePoint,20.493000000000002,5,5,5,1,2
2021-11-01,14850,ChargePoint,1912.9980000000014,195,432,820,2,4
2021-11-01,11229,ChargePoint,1735.5649999999996,85,308,405,1,2
2021-11-01,11797,ChargePoint,375.72900000000004,51,67,210,1,2
2021-01-01,11109,ChargePoint,957.3719999999997,35,158,181,1,2
2021-01-01,11788,ChargePoint,1812.344,139,347,875,3,5
2021-01-01,11901,ChargePoint,1518.0680000000002,87,271,574,1,2
2021-01-01,14850,ChargePoint,159.493,16,31,35,2,3
2021-01-01,11229,ChargePoint,985.574,49,183,204,1,2
2021-01-01,11556,ChargePoint,1026.641,27,177,193,1,2
2022-12-01,11757,ChargePoint,1436.268,53,288,564,3,3
2022-12-01,10708,ChargePoint,3042.8179999999998,171,567,1297,10,15
2022-12-01,11238,ChargePoint,199.425,7,47,116,2,2
2022-12-01,11377,ChargePoint,383.64099999999996,22,63,152,3,3
2022-12-01,10591,ChargePoint,1137.0889999999995,39,194,687,6,6
2022-12-01,12208,ChargePoint,3550.3019999999997,171,775,2060,11,16
2022-11-01,11238,ChargePoint,175.523,10,27,158,4,4
2022-11-01,11757,ChargePoint,1397.4639999999997,44,269,523,3,3
2022-11-01,11377,ChargePoint,285.361,14,45,102,2,2
2022-11-01,10960,ChargePoint,1366.653,36,222,450,4,4
2022-11-01,14127,ChargePoint,2081.557,180,391,502,8,11
2022-11-01,12203,ChargePoint,9913.609000000011,697,2123,2774,27,49
2022-02-01,11788,ChargePoint,1535.6840000000002,113,306,410,3,5
2022-02-01,11757,ChargePoint,1004.8789999999999,37,199,370,2,2
2022-02-01,14621,ChargePoint,3011.0039999999967,273,1044,2169,11,20
2022-01-01,11215,ChargePoint,7.196,1,2,8,1,1
2022-01-01,10119,ChargePoint,28.058,3,6,6,1,1
2022-01-01,14127,ChargePoint,1614.463999999999,156,319,444,9,11
2022-01-01,12054,ChargePoint,1502.595,125,347,1106,12,19
2021-12-01,11757,ChargePoint,375.6209999999999,13,59,107,5,5
2021-12-01,12203,ChargePoint,6995.294999999997,580,1392,1958,22,39
2021-12-01,10577,ChargePoint,5417.053999999998,264,1055,2202,15,28
2021-11-01,11109,ChargePoint,689.8910000000002,29,117,121,1,2
2021-11-01,13408,ChargePoint,147.50999999999996,8,29,38,1,2
2021-11-01,12054,ChargePoint,1279.6139999999998,145,286,1054,16,21
2021-11-01,10522,ChargePoint,272.821,21,43,54,1,2
2021-02-01,10550,ChargePoint,365.741,15,56,89,1,1
2021-01-01,10708,ChargePoint,2457.4400000000014,159,456,704,6,9
2021-01-01,10550,ChargePoint,607.783,23,94,193,1,1
2021-01-01,10960,ChargePoint,505.254,17,92,247,2,2
2021-01-01,13676,ChargePoint,442.5,64,176,495,2,4
2021-01-01,14127,ChargePoint,1062.0119999999997,118,235,444,6,7
2021-01-01,12054,ChargePoint,567.131,66,116,129,9,14
2020-12-01,11102,ChargePoint,379.39799999999997,28,57,356,2,2
2022-12-01,10952,ChargePoint,1627.0800000000002,70,278,424,1,1
2022-12-01,12308,ChargePoint,1829.9870000000012,129,349,510,5,9
2022-12-01,11433,ChargePoint,581.3300000000002,58,116,243,5,5
2022-12-01,13601,ChargePoint,461.30500000000006,25,84,122,3,3
2022-11-01,12308,ChargePoint,1890.4570000000003,137,374,483,5,8
2022-11-01,10952,ChargePoint,1399.3519999999999,73,244,396,1,1
2022-03-01,12308,ChargePoint,1245.517,92,265,402,5,9
2022-03-01,10952,ChargePoint,2946.3690000000006,134,577,999,2,3
2022-02-01,10952,ChargePoint,2010.7589999999996,99,388,797,2,3
2022-02-01,13601,ChargePoint,163.91799999999998,11,28,34,3,4
2022-01-01,10952,ChargePoint,2263.07,99,439,792,2,3
2022-01-01,12308,ChargePoint,749.0699999999998,66,167,287,5,7
2021-12-01,12308,ChargePoint,916.1289999999999,77,181,336,4,6
2021-12-01,10952,ChargePoint,1704.5520000000006,96,336,568,2,3
2021-11-01,12308,ChargePoint,1318.3750000000007,108,283,474,5,7
2021-11-01,10952,ChargePoint,1298.895,74,253,383,2,3
2021-11-01,14546,ChargePoint,309.979,21,61,66,2,3
2021-01-01,10952,ChargePoint,600.8989999999999,67,123,138,2,3
2021-01-01,12308,ChargePoint,503.11099999999993,28,95,135,2,2
2022-07-01,12203,ChargePoint,10347.224000000022,703,2230,2565,27,51
2022-07-01,12449,ChargePoint,892.4250000000001,49,188,278,5,7
2022-06-01,12203,ChargePoint,9876.725000000013,718,2041,2468,25,43
2022-04-01,12449,ChargePoint,461.28400000000005,25,86,104,4,5
2021-10-01,11797,ChargePoint,315.201,22,60,70,1,2
2021-10-01,11238,ChargePoint,4.216,1,1,1,1,1
2022-10-01,11757,ChargePoint,1229.4189999999999,44,225,464,4,4
2022-10-01,14127,ChargePoint,2802.4599999999996,311,514,751,9,12
2022-10-01,14617,ChargePoint,1042.708,133,194,239,9,14
2022-10-01,11238,ChargePoint,256.767,9,40,220,2,2
2022-10-01,12449,ChargePoint,1498.1799999999996,89,294,918,5,9
2022-09-01,11757,ChargePoint,1373.122,41,225,444,5,5
2022-09-01,12208,ChargePoint,2182.073999999999,186,506,1488,9,13
2022-08-01,11757,ChargePoint,1050.0529999999997,40,177,333,7,7
2022-08-01,10708,ChargePoint,2744.2279999999996,183,550,1167,9,12
2022-08-01,10954,ChargePoint,117.97199999999998,10,25,120,2,2
2022-07-01,11757,ChargePoint,1435.2549999999997,43,235,418,5,5
2022-06-01,10708,ChargePoint,3113.661,200,625,1500,10,15
2022-06-01,11757,ChargePoint,1487.1109999999999,40,275,468,3,3
2022-06-01,11238,ChargePoint,89.914,3,14,120,1,1
2022-05-01,10708,ChargePoint,3417.4150000000004,251,737,1798,9,14
2022-05-01,12208,ChargePoint,5400.009999999997,428,1052,2309,10,14
2022-05-01,11238,ChargePoint,90.553,4,14,21,2,2
2022-05-01,14127,ChargePoint,1185.5300000000002,134,241,476,7,9
2022-04-01,11757,ChargePoint,1559.3299999999997,50,258,508,3,3
2022-04-01,11102,ChargePoint,555.592,29,93,385,3,3
2022-04-01,11238,ChargePoint,25.785,3,4,14,2,2
2022-04-01,11788,ChargePoint,2605.426999999999,189,496,656,3,6
2022-04-01,14127,ChargePoint,1648.6290000000015,159,328,726,9,11
2022-04-01,14210,ChargePoint,1183.068,104,272,402,15,19
2022-04-01,12208,ChargePoint,5026.6749999999965,359,991,2006,9,13
2022-04-01,11215,ChargePoint,113.256,10,24,370,2,2
2022-03-01,11215,ChargePoint,114.297,7,21,37,2,2
2021-11-01,14127,ChargePoint,2189.6680000000015,209,431,636,9,11
2021-10-01,10522,ChargePoint,215.87800000000001,21,39,41,1,2
2022-10-01,10960,ChargePoint,2009.0569999999993,55,322,703,4,5
2022-09-01,10960,ChargePoint,1418.4350000000002,41,227,387,4,5
2022-08-01,10960,ChargePoint,1080.358,24,173,258,2,2
2022-08-01,12202,ChargePoint,704.2780000000002,70,215,406,9,10
2022-07-01,10960,ChargePoint,1688.632,45,269,415,4,4
2022-05-01,10960,ChargePoint,707.016,29,115,282,3,5
2022-11-01,14546,ChargePoint,518.859,35,120,144,2,3
2022-11-01,11433,ChargePoint,372.26500000000004,40,74,228,5,5
2022-10-01,12308,ChargePoint,2465.6239999999993,168,474,711,5,9
2022-10-01,10460,ChargePoint,2051.2950000000005,143,432,581,3,5
2022-10-01,14546,ChargePoint,684.3340000000004,48,167,181,2,3
2022-10-01,13601,ChargePoint,1004.6859999999999,56,172,253,3,3
2022-10-01,10952,ChargePoint,1588.9690000000007,88,300,550,2,3
2022-10-01,11433,ChargePoint,420.82000000000005,48,89,279,5,5
2022-09-01,10952,ChargePoint,2343.4610000000016,117,442,870,2,3
2022-09-01,12308,ChargePoint,2495.2860000000005,131,436,677,4,6
2022-07-01,12308,ChargePoint,2353.3790000000004,157,418,716,5,9
2022-07-01,13601,ChargePoint,254.42000000000002,80,74,115,3,4
2022-07-01,10952,ChargePoint,3321.513000000001,171,650,1059,2,3
2022-07-01,10460,ChargePoint,1788.712999999999,155,423,598,3,5
2022-06-01,12308,ChargePoint,1749.5329999999988,134,357,501,5,8
2022-05-01,12308,ChargePoint,1503.231,104,302,456,5,9
2022-05-01,14546,ChargePoint,536.358,52,147,188,2,3
2022-05-01,10952,ChargePoint,2303.973999999998,117,447,797,2,3
2022-04-01,12308,ChargePoint,1423.1349999999993,132,294,473,5,9
2022-04-01,13601,ChargePoint,386.545,38,89,112,3,4
2022-04-01,10460,ChargePoint,1562.3520000000003,138,337,485,3,5
2022-10-01,11109,ChargePoint,1682.278,82,283,299,1,2
2022-09-01,11109,ChargePoint,1751.6360000000002,87,300,328,1,2
2022-08-01,11109,ChargePoint,1963.9499999999998,82,331,363,1,2
2022-07-01,11109,ChargePoint,1731.6580000000001,67,305,319,1,2
2022-06-01,11109,ChargePoint,1458.139,53,246,269,1,2
2022-05-01,11109,ChargePoint,1230.168,58,209,225,1,2
2022-04-01,11109,ChargePoint,1153.2970000000003,51,197,208,1,2
2022-12-01,14210,ChargePoint,719.836,84,196,451,5,10
2022-11-01,14210,ChargePoint,597.5520000000001,70,160,255,5,10
2022-10-01,14210,ChargePoint,608.2909999999999,91,191,279,7,12
2022-09-01,14210,ChargePoint,581.2990000000003,83,192,335,6,10
2022-08-01,14210,ChargePoint,851.2999999999996,88,204,316,11,16
2022-07-01,14210,ChargePoint,887.4330000000001,90,215,364,12,16
2022-06-01,14210,ChargePoint,960.0680000000003,81,215,339,13,17
2022-05-01,14210,ChargePoint,836.5590000000003,81,183,350,12,16
2022-03-01,14210,ChargePoint,683.8470000000004,89,201,317,7,11
2022-02-01,14210,ChargePoint,436.315,52,117,175,5,10
2022-01-01,14210,ChargePoint,350.0680000000001,33,93,138,4,6
2021-12-01,14210,ChargePoint,381.81600000000003,46,113,205,5,9
2021-11-01,14210,ChargePoint,495.93,62,103,161,8,13
2022-12-01,12853,ChargePoint,2408.657,192,639,716,5,9
2022-12-01,12946,ChargePoint,3922.6479999999992,407,755,1123,17,33
2022-11-01,13202,ChargePoint,1170.5970000000004,118,259,616,4,8
2022-03-01,13202,ChargePoint,1027.5080000000003,119,253,540,4,8
2022-02-01,13202,ChargePoint,679.4440000000002,79,166,322,4,8
2022-02-01,10577,ChargePoint,5800.036,275,1135,1762,14,27
2022-02-01,12206,ChargePoint,1214.2530000000004,187,227,294,2,4
2022-01-01,13202,ChargePoint,67.513,10,16,25,4,6
2022-01-01,11803,ChargePoint,451.33600000000007,9,80,111,2,2
2022-01-01,12571,ChargePoint,449.1500000000001,67,126,205,7,12
2022-01-01,12853,ChargePoint,2205.015,199,615,728,3,6
2021-12-01,12206,ChargePoint,1319.7570000000007,223,241,318,3,6
2021-12-01,11901,ChargePoint,3621.8629999999976,181,618,1015,3,6
2021-12-01,11803,ChargePoint,268.216,7,47,53,2,2
2021-11-01,11803,ChargePoint,346.82500000000005,6,59,65,2,2
2021-11-01,11901,ChargePoint,3195.743,181,558,886,3,6
2021-11-01,12206,ChargePoint,1506.9039999999995,253,298,391,3,5
2021-11-01,11530,ChargePoint,4759.731000000001,384,972,1675,14,25
2021-11-01,12946,ChargePoint,1212.6000000000008,158,247,391,13,24
2021-01-01,12180,ChargePoint,2163.4680000000003,201,416,905,14,23
2021-01-01,12853,ChargePoint,1952.1480000000004,140,460,523,3,6
2022-10-01,13202,ChargePoint,840.4470000000001,101,197,458,4,8
2022-10-01,12853,ChargePoint,531.4049999999999,47,115,135,5,10
2022-10-01,12946,ChargePoint,4559.063999999997,425,881,1403,17,30
2022-09-01,10577,ChargePoint,9675.079999999993,403,1900,2638,11,21
2022-09-01,13202,ChargePoint,691.6339999999999,88,155,356,4,8
2022-09-01,13088,ChargePoint,2460.9669999999983,250,510,783,8,16
2022-08-01,12946,ChargePoint,5150.899000000005,532,979,1503,15,29
2022-08-01,11901,ChargePoint,472.981,39,99,194,2,4
2022-08-01,13202,ChargePoint,762.3430000000002,92,172,405,4,8
2022-07-01,13088,ChargePoint,2384.5359999999982,349,518,892,5,10
2022-07-01,12853,ChargePoint,348.9399999999999,55,65,164,5,10
2022-06-01,13202,ChargePoint,971.5110000000001,110,218,481,4,7
2022-06-01,12206,ChargePoint,601.5860000000001,100,114,173,3,6
2022-06-01,12084,ChargePoint,63.303,4,10,10,1,1
2022-05-01,12206,ChargePoint,1789.7150000000001,273,353,501,3,6
2022-05-01,13206,ChargePoint,181.805,7,32,43,1,1
2022-05-01,13088,ChargePoint,2343.280999999997,353,503,962,5,10
2022-05-01,12084,ChargePoint,215.11200000000002,7,37,43,3,4
2022-04-01,13206,ChargePoint,53.233999999999995,3,9,15,1,2
2022-04-01,12084,ChargePoint,186.637,6,32,39,3,3
2022-04-01,13088,ChargePoint,2825.054999999998,303,547,937,6,11
2022-03-01,14513,ChargePoint,999.4399999999998,75,257,526,7,11
2021-10-01,13202,ChargePoint,430.97299999999996,48,93,215,3,5
2021-10-01,12853,ChargePoint,166.93599999999998,22,32,33,5,7
2020-08-01,10940,ChargePoint,2735.8899999999994,180,758,1151,2,4
2022-12-01,12561,ChargePoint,4788.914999999999,343,973,1663,15,28
2022-11-01,12561,ChargePoint,6557.2199999999975,483,1356,2246,18,34
2022-10-01,12561,ChargePoint,6966.464000000001,547,1388,2299,17,34
2022-09-01,12561,ChargePoint,6596.439000000003,546,1379,2841,17,32
2022-05-01,12561,ChargePoint,3946.786000000001,410,825,1686,18,33
2022-04-01,12561,ChargePoint,4271.314999999999,452,946,1842,17,32
2022-03-01,12561,ChargePoint,3893.0449999999973,407,931,1768,17,30
2022-01-01,12561,ChargePoint,2581.372000000001,254,610,1051,16,28
2021-12-01,12561,ChargePoint,2995.5050000000006,287,648,1167,17,29
2021-11-01,12561,ChargePoint,4328.028999999998,418,942,1662,15,28
2021-01-01,12561,ChargePoint,706.2449999999999,82,140,235,11,17
2022-12-01,12401,ChargePoint,12422.26999999999,1058,2702,8736,25,44
2022-11-01,12401,ChargePoint,11912.81699999997,1065,2514,7778,21,41
2022-10-01,12401,ChargePoint,12419.768999999995,1113,2542,7590,21,40
2021-01-01,12401,ChargePoint,3910.044000000001,392,923,5775,16,28
2022-12-01,14621,ChargePoint,3233.923000000001,258,1002,1935,5,9
2022-12-01,14617,ChargePoint,1061.7129999999997,149,226,288,12,18
2022-11-01,14621,ChargePoint,2802.5880000000006,232,978,1839,5,9
2022-03-01,14621,ChargePoint,3789.634000000001,323,1223,2466,11,21
2022-02-01,14617,ChargePoint,1476.6860000000001,154,284,443,13,22
2021-12-01,14621,ChargePoint,3353.9669999999996,318,1066,2227,11,21
2021-11-01,14621,ChargePoint,3308.943000000001,289,1044,2023,11,20
2022-10-01,14621,ChargePoint,3047.2470000000008,269,1003,2045,5,9
2022-09-01,14621,ChargePoint,2913.8540000000007,261,918,1940,5,9
2022-08-01,14621,ChargePoint,2760.578,261,911,1766,5,10
2022-07-01,14621,ChargePoint,2214.0479999999993,213,694,1625,5,10
2022-06-01,14621,ChargePoint,2275.5699999999997,223,702,1656,11,21
2022-05-01,14621,ChargePoint,3038.885000000001,318,942,2133,11,21
2022-04-01,14621,ChargePoint,3479.3220000000033,350,1116,2528,11,20
2022-04-01,14617,ChargePoint,935.1940000000003,198,176,239,11,18
2022-12-01,14607,ChargePoint,2831.036,311,636,945,6,11
2022-10-01,14607,ChargePoint,3122.2609999999995,297,724,1134,5,10
2022-08-01,14607,ChargePoint,2945.183000000001,254,661,1009,6,12
2022-06-01,14617,ChargePoint,911.6119999999999,165,180,206,11,17
2022-05-01,14617,ChargePoint,1133.8040000000005,210,225,290,11,19
2022-05-01,14607,ChargePoint,1945.1030000000014,236,495,960,6,12
2022-04-01,14607,ChargePoint,1990.0999999999997,210,490,924,6,11
2022-03-01,14617,ChargePoint,1399.0490000000002,196,270,450,12,19
2022-03-01,14607,ChargePoint,1928.0670000000007,206,493,976,6,11
2022-02-01,14607,ChargePoint,1256.0459999999991,128,319,572,6,12
2022-01-01,14617,ChargePoint,1328.512000000001,164,272,487,12,21
2022-01-01,14607,ChargePoint,1211.8249999999998,100,293,483,6,11
2021-12-01,14607,ChargePoint,1283.062,136,306,515,6,11
2021-11-01,14607,ChargePoint,1045.3079999999998,108,276,533,6,10
2022-12-01,14623,ChargePoint,7137.6640000000025,493,1525,1950,12,21
2022-10-01,14623,ChargePoint,8601.368999999995,701,1811,2472,8,16
2022-09-01,14623,ChargePoint,8127.137000000009,668,1710,2426,8,16
2022-08-01,14623,ChargePoint,7007.7830000000085,617,1476,2040,7,14
2022-07-01,14623,ChargePoint,5300.931999999996,442,1081,1482,9,16
2022-06-01,14623,ChargePoint,4082.4480000000003,420,922,1369,10,18
2022-05-01,14623,ChargePoint,4652.301000000003,443,1000,1629,8,16
2022-04-01,14623,ChargePoint,6658.701999999991,600,1518,2430,8,16
2022-03-01,14623,ChargePoint,8054.127999999992,711,1852,2833,8,16
2022-02-01,14623,ChargePoint,6604.656999999993,523,1448,2204,10,18
2021-12-01,14623,ChargePoint,5708.619000000006,464,1231,1951,8,16
2021-11-01,14623,ChargePoint,6660.7069999999985,569,1454,2324,8,16
2021-01-01,14623,ChargePoint,2274.8140000000008,190,533,831,7,13
2022-07-01,12866,ChargePoint,6820.5389999999925,668,1382,1974,35,67
2022-06-01,12866,ChargePoint,7899.43899999999,785,1578,2425,43,79
2022-05-01,12866,ChargePoint,10153.656999999996,941,1935,3070,36,67
2022-04-01,12866,ChargePoint,11048.827000000001,1022,2146,3673,46,79
2022-03-01,12866,ChargePoint,9788.690999999999,1015,1955,3273,50,87
2022-02-01,12866,ChargePoint,7023.245999999993,620,1359,2395,40,68
2022-01-01,12866,ChargePoint,5778.935999999998,516,1173,1910,46,72
2021-12-01,12866,ChargePoint,6591.346999999989,600,1322,2004,42,66
2022-12-01,12020,ChargePoint,7040.622999999996,418,1424,2406,12,21
2022-11-01,12020,ChargePoint,8806.053999999995,623,1735,2911,10,18
2022-10-01,12020,ChargePoint,9220.04399999999,660,1839,2975,12,20
2022-09-01,12020,ChargePoint,8126.621,645,1603,2862,12,20
2022-08-01,12020,ChargePoint,8306.047999999992,701,1697,2810,12,22
2022-06-01,12020,ChargePoint,9048.807999999995,744,1831,3166,14,24
2022-05-01,12020,ChargePoint,8207.453999999996,673,1681,3159,14,27
2022-04-01,12020,ChargePoint,6817.503,626,1458,2833,13,24
2022-03-01,12020,ChargePoint,7804.741000000001,682,1677,3016,12,23
2022-02-01,12020,ChargePoint,5769.849999999995,429,1152,2000,12,23
2022-01-01,12020,ChargePoint,5961.212999999997,476,1262,2135,13,25
2021-12-01,12020,ChargePoint,6069.8849999999975,484,1218,2153,12,23
2021-11-01,12020,ChargePoint,6500.706000000001,544,1282,2248,14,27
2021-01-01,12020,ChargePoint,1777.012,197,390,549,9,16
2022-12-01,11747,ChargePoint,2746.8089999999993,200,537,726,5,10
2022-12-01,11050,ChargePoint,936.6390000000001,48,195,326,3,6
2022-11-01,11747,ChargePoint,2928.300999999999,191,565,767,5,10
2022-03-01,11050,ChargePoint,1134.3479999999997,63,226,374,3,6
2022-02-01,14850,ChargePoint,1764.478000000001,147,363,664,2,4
2022-02-01,11747,ChargePoint,2306.308000000001,126,433,580,3,6
2022-02-01,11050,ChargePoint,388.797,17,69,107,3,6
2021-12-01,11747,ChargePoint,2154.582,166,415,583,3,6
2021-12-01,11050,ChargePoint,961.1909999999998,56,185,300,3,6
2021-11-01,11747,ChargePoint,2393.286,141,462,611,3,6
2021-11-01,11050,ChargePoint,1155.7279999999998,69,232,397,3,6
2020-12-01,11958,ChargePoint,0.284,2,0,0,1,1
2022-12-01,12204,ChargePoint,1110.483,79,305,960,6,11
2022-02-01,12308,ChargePoint,1611.1439999999989,84,321,466,5,8
2022-02-01,10460,ChargePoint,901.4800000000001,83,202,264,3,5
2022-01-01,11433,ChargePoint,179.11399999999998,16,32,84,4,4
2021-12-01,11797,ChargePoint,152.203,25,28,32,1,2
2021-12-01,12078,ChargePoint,173.55100000000002,13,30,39,1,2
2021-12-01,10522,ChargePoint,211.775,18,38,42,1,2
2021-11-01,11742,ChargePoint,181.66,40,74,176,2,4
2021-11-01,11788,ChargePoint,2187.3189999999986,166,422,706,4,8
2021-01-01,11050,ChargePoint,326.7609999999999,45,107,265,3,5
2021-01-01,12204,ChargePoint,137.91199999999995,39,43,161,5,9
2021-01-01,12078,ChargePoint,341.60200000000003,15,59,66,1,2
2020-12-01,11050,ChargePoint,286.882,38,94,243,3,4
2022-09-01,14546,ChargePoint,717.4719999999998,57,170,198,3,4
2022-09-01,10460,ChargePoint,1699.5670000000007,128,403,530,3,5
2022-07-01,14546,ChargePoint,1214.0539999999996,64,264,319,2,3
2022-06-01,13601,ChargePoint,118.45100000000001,26,31,48,3,4
2022-05-01,14850,ChargePoint,2251.570000000001,181,449,743,3,6
2022-04-01,11433,ChargePoint,233.51,41,56,168,4,4
2021-10-01,14546,ChargePoint,158.60899999999998,26,29,30,2,3
2022-06-01,11788,ChargePoint,2607.299999999999,179,509,639,3,5
2022-04-01,14850,ChargePoint,2307.874999999998,192,458,773,2,4
2022-04-01,12203,ChargePoint,8890.436000000007,648,1853,2623,24,40
2022-03-01,14850,ChargePoint,2842.3190000000004,193,552,809,2,4
2022-03-01,10280,ChargePoint,16.868,2,5,6,1,2
2022-10-01,11747,ChargePoint,2790.167999999998,180,526,700,5,10
2022-10-01,11050,ChargePoint,962.2090000000001,50,196,337,3,6
2022-09-01,11050,ChargePoint,1002.2959999999998,56,204,354,3,6
2022-09-01,11747,ChargePoint,2163.0350000000008,124,397,507,5,9
2022-08-01,11747,ChargePoint,2424.6490000000003,148,455,595,2,4
2022-08-01,11050,ChargePoint,750.3710000000003,43,167,266,3,6
2022-07-01,11747,ChargePoint,2123.253,122,403,586,4,6
2022-07-01,11050,ChargePoint,653.9309999999998,35,152,255,3,6
2022-06-01,11050,ChargePoint,752.8300000000003,46,159,273,3,6
2022-06-01,11747,ChargePoint,1722.782,119,344,489,3,5
2022-05-01,11050,ChargePoint,900.9799999999999,49,187,298,3,6
2022-04-01,11050,ChargePoint,971.8200000000003,48,187,299,3,6
2021-10-01,11050,ChargePoint,1049.0970000000004,63,216,367,3,5
2021-11-01,12095,ChargePoint,390.5009999999999,37,77,99,3,5
2021-11-01,11952,ChargePoint,164.70299999999995,33,94,1077,1,2
2021-01-01,11952,ChargePoint,288.46600000000007,66,139,746,1,2
2021-12-01,11952,ChargePoint,141.17,34,100,845,1,2
2022-12-01,12866,ChargePoint,9049.390999999998,977,1733,2411,38,66
2022-12-01,12206,ChargePoint,1348.0770000000002,143,252,328,2,3
2022-10-01,11901,ChargePoint,470.3079999999999,54,128,363,2,4
2022-10-01,12206,ChargePoint,1346.766,173,273,386,4,7
2022-11-01,12866,ChargePoint,9049.919999999995,1041,1826,2633,40,70
2022-11-01,12084,ChargePoint,37.361,4,6,9,2,2
2022-03-01,11901,ChargePoint,35.314,3,7,8,1,1
2022-02-01,12853,ChargePoint,2689.589999999999,210,755,903,5,10
2022-02-01,11901,ChargePoint,616.9390000000001,44,120,215,2,4
2022-01-01,11901,ChargePoint,617.4990000000001,33,109,161,2,4
2021-12-01,13202,ChargePoint,276.529,28,59,128,4,8
2021-11-01,10940,ChargePoint,10587.615999999993,534,2212,4013,12,24
2021-11-01,13202,ChargePoint,249.34799999999998,35,57,129,4,8
2021-01-01,12866,ChargePoint,2496.8229999999985,317,548,1074,27,42
2021-01-01,12206,ChargePoint,881.989,142,188,335,2,4
2021-01-01,14621,ChargePoint,3321.261999999998,300,1066,2375,11,20
2021-01-01,14617,ChargePoint,147.85800000000003,34,30,31,7,10
2021-01-01,10940,ChargePoint,3007.9439999999995,174,734,1212,2,4
2020-12-01,10940,ChargePoint,2627.585000000001,168,672,1074,2,4
2022-12-01,11901,ChargePoint,665.5400000000001,66,159,262,2,4
2022-12-01,13202,ChargePoint,630.7120000000002,73,138,308,4,8
2022-12-01,10577,ChargePoint,7035.757000000001,277,1376,1956,18,33
2022-02-01,13088,ChargePoint,1540.6720000000012,115,285,460,5,10
2021-12-01,14513,ChargePoint,934.967,58,202,443,9,11
2021-12-01,12571,ChargePoint,794.3229999999999,84,176,274,7,14
2021-12-01,13088,ChargePoint,1067.91,126,211,294,6,10
2021-11-01,14513,ChargePoint,934.3630000000002,69,204,463,8,14
2021-01-01,10577,ChargePoint,1087.0300000000002,51,212,372,5,9
2021-01-01,11530,ChargePoint,1505.7000000000005,133,336,579,11,16
2022-11-01,10577,ChargePoint,9464.77,373,1893,2601,17,29
2022-09-01,12401,ChargePoint,11190.993000000002,1014,2268,7166,19,37
2022-10-01,10577,ChargePoint,9692.940999999997,398,1893,2770,11,22
2022-09-01,11901,ChargePoint,435.869,57,114,332,2,4
2022-09-01,12203,ChargePoint,8128.910000000005,645,1732,2092,26,49
2022-09-01,12866,ChargePoint,9298.769000000013,886,1823,2867,39,66
2022-09-01,14607,ChargePoint,2987.1460000000006,287,702,1084,6,11
2022-08-01,10577,ChargePoint,6813.215999999997,306,1324,1926,11,20
2022-07-01,11901,ChargePoint,530.0809999999999,31,99,168,2,4
2022-07-01,13202,ChargePoint,714.235,83,160,368,4,7
2022-06-01,14607,ChargePoint,2251.7829999999994,260,571,1012,6,11
2022-06-01,11901,ChargePoint,274.22800000000007,27,58,114,2,3
2022-06-01,10577,ChargePoint,7376.651,324,1435,2128,11,20
2022-05-01,10577,ChargePoint,7713.066999999998,354,1498,2323,10,19
2022-05-01,13202,ChargePoint,1090.2800000000002,111,229,505,4,8
2022-04-01,13202,ChargePoint,1339.0060000000008,136,291,635,4,8
2022-03-01,12853,ChargePoint,2325.203,174,599,689,5,10
2022-09-01,12946,ChargePoint,4107.0070000000005,419,787,1137,16,28
2022-07-01,12946,ChargePoint,4147.894999999995,454,774,1195,17,31
2022-06-01,12561,ChargePoint,2958.105000000002,299,619,1201,18,34
2022-05-01,11901,ChargePoint,444.81299999999993,27,84,133,2,3
2022-06-01,12853,ChargePoint,573.009,47,116,234,5,9
2022-04-01,11803,ChargePoint,273.803,15,46,59,1,2
2020-10-01,10940,ChargePoint,2520.2759999999994,163,665,1004,2,4
2020-09-01,10940,ChargePoint,2489.9230000000007,157,667,1155,2,4
2022-12-01,12974,ChargePoint,348.52700000000004,32,60,65,3,5
2022-12-01,12901,ChargePoint,964.546,76,214,568,7,13
2022-12-01,12997,ChargePoint,1452.2779999999993,105,267,352,3,6
2022-12-01,12856,ChargePoint,268.951,13,46,343,1,2
2022-11-01,12901,ChargePoint,1788.1879999999994,114,352,437,7,13
2022-11-01,12047,ChargePoint,2196.8840000000005,128,424,941,13,20
2022-12-01,10940,ChargePoint,17723.82000000002,801,4049,6153,19,37
2022-12-01,14432,ChargePoint,540.2289999999999,32,105,191,2,4
2022-12-01,14127,ChargePoint,1869.6250000000007,155,355,510,8,11
2022-12-01,12211,ChargePoint,2221.51,181,497,553,18,28
2022-12-01,12801,ChargePoint,5401.501000000002,387,1119,2341,18,31
2022-11-01,14075,ChargePoint,1587.2240000000006,82,309,574,2,4
2022-11-01,11777,ChargePoint,326.27299999999997,29,61,116,1,2
2022-11-01,13655,ChargePoint,70.664,9,14,16,2,4
2022-11-01,11788,ChargePoint,2595.817,158,510,647,4,7
2022-02-01,13057,ChargePoint,1371.1680000000001,66,263,504,4,7
2022-03-01,13057,ChargePoint,2207.3570000000004,134,439,940,5,10
2022-02-01,12946,ChargePoint,2947.6420000000016,269,572,808,15,29
2022-03-01,13905,ChargePoint,569.507,82,178,338,3,6
2022-03-01,13901,ChargePoint,1093.4130000000002,86,228,864,3,6
2022-03-01,12204,ChargePoint,499.15800000000013,27,95,214,4,7
2022-03-01,12997,ChargePoint,1370.2400000000002,100,235,337,3,6
2022-02-01,10940,ChargePoint,13386.798000000006,667,2755,4638,23,45
2022-02-01,12203,ChargePoint,5999.077000000002,438,1239,1634,23,36
2022-02-01,12144,ChargePoint,342.175,83,84,87,3,5
2022-02-01,10605,ChargePoint,1963.7949999999994,111,370,537,6,12
2022-02-01,12997,ChargePoint,1966.3579999999995,134,354,453,3,6
2022-01-01,12203,ChargePoint,6733.578000000001,488,1320,1723,23,38
2022-01-01,14621,ChargePoint,3730.7570000000023,333,1175,2458,10,19
2022-01-01,12997,ChargePoint,1496.9509999999996,102,266,349,3,6
2022-01-01,10926,ChargePoint,32.749,21,6,7,1,1
2022-01-01,10552,ChargePoint,1156.1270000000004,48,204,453,2,4
2022-01-01,10990,ChargePoint,229.94499999999996,48,49,49,1,2
2021-12-01,12997,ChargePoint,928.8580000000002,66,170,219,3,6
2021-12-01,10990,ChargePoint,162.595,34,30,30,1,2
2021-12-01,10460,ChargePoint,1789.7100000000003,149,375,579,3,5
2021-12-01,10601,ChargePoint,691.398,39,150,782,2,3
2021-11-01,13066,ChargePoint,660.8380000000002,61,128,146,2,4
2021-11-01,10990,ChargePoint,151.21400000000003,35,33,33,1,2
2021-11-01,12997,ChargePoint,140.232,8,21,24,2,3
2021-11-01,14303,ChargePoint,1484.5999999999997,156,317,545,4,8
2021-01-01,13788,ChargePoint,424.21999999999997,19,81,99,1,2
2022-03-01,12803,ChargePoint,857.8950000000002,61,165,192,3,6
2022-11-01,12996,ChargePoint,556.443,79,84,87,2,4
2022-10-01,12054,ChargePoint,3854.3549999999977,249,752,1446,17,27
2022-10-01,11788,ChargePoint,3041.5549999999985,193,579,738,4,8
2022-10-01,12065,ChargePoint,5481.110999999997,677,1182,2101,29,49
2022-10-01,13326,ChargePoint,226.14599999999996,31,41,45,4,8
2022-10-01,13655,ChargePoint,483.32,30,90,158,2,4
2022-10-01,12723,ChargePoint,626.0360000000001,37,118,187,2,4
2022-10-01,14609,ChargePoint,956.258,79,210,280,1,2
2022-09-01,12047,ChargePoint,3089.823,154,593,1524,13,21
2022-10-01,13669,ChargePoint,212.867,29,44,127,1,2
2022-09-01,12534,ChargePoint,2772.130000000001,185,641,1212,5,9
2022-09-01,12065,ChargePoint,5246.332000000002,689,1160,2129,30,53
2022-09-01,13326,ChargePoint,447.3669999999999,53,80,102,4,8
2022-09-01,11788,ChargePoint,3307.5240000000026,187,605,748,4,8
2022-09-01,14432,ChargePoint,174.42700000000002,9,31,58,3,4
2022-08-01,12996,ChargePoint,307.84299999999996,41,47,53,2,4
2022-08-01,12203,ChargePoint,9368.61900000001,650,2004,2345,24,44
2022-08-01,10460,ChargePoint,1385.3130000000003,116,346,492,3,5
2022-08-01,12901,ChargePoint,1136.106,105,212,295,6,11
2022-08-01,13655,ChargePoint,78.702,10,20,85,1,2
2022-08-01,10562,ChargePoint,511.1379999999999,39,115,140,2,3
2022-08-01,12856,ChargePoint,417.20799999999997,35,78,147,2,4
2022-08-01,12065,ChargePoint,4340.235999999997,660,1046,1628,26,42
2022-08-01,12204,ChargePoint,705.7280000000001,37,145,284,4,7
2022-08-01,12309,ChargePoint,1051.5950000000003,113,207,556,5,10
2022-08-01,12866,ChargePoint,6715.439000000003,648,1342,2100,41,69
2022-08-01,14432,ChargePoint,108.05600000000001,6,20,24,3,4
2022-08-01,11788,ChargePoint,3028.799,180,568,689,4,7
2022-07-01,12856,ChargePoint,328.238,20,58,96,2,4
2022-07-01,12723,ChargePoint,881.8350000000002,49,163,310,2,4
2022-07-01,12047,ChargePoint,3285.0529999999994,181,634,1573,17,30
2022-07-01,10022,ChargePoint,141.877,10,27,27,3,4
2022-07-01,11788,ChargePoint,2528.8920000000003,142,487,661,4,6
2022-07-01,12901,ChargePoint,1476.8460000000005,113,270,353,6,11
2022-07-01,10595,ChargePoint,1439.553,91,373,486,5,10
2022-06-01,12983,ChargePoint,267.108,21,48,88,2,4
2022-06-01,12901,ChargePoint,759.5579999999998,76,149,215,6,11
2022-06-01,10940,ChargePoint,19120.906999999992,949,4051,6528,18,36
2022-06-01,10460,ChargePoint,1557.3650000000007,132,388,579,3,5
2022-06-01,12946,ChargePoint,2884.8199999999997,341,533,802,16,29
2022-06-01,12428,ChargePoint,641.0659999999999,71,121,140,1,2
2022-06-01,14760,ChargePoint,2305.9720000000007,136,407,521,1,2
2022-06-01,12601,ChargePoint,2128.0269999999996,188,460,1241,15,26
2022-05-01,12845,ChargePoint,1279.3139999999996,78,224,463,11,20
2022-05-01,12803,ChargePoint,724.6220000000002,54,130,142,2,4
2022-05-01,13326,ChargePoint,157.49000000000004,30,32,33,4,8
2022-05-01,11788,ChargePoint,2893.2250000000004,192,542,649,4,7
2022-05-01,13057,ChargePoint,2420.899999999999,162,517,1129,5,10
2022-04-01,12901,ChargePoint,1192.852,116,258,377,6,11
2022-04-01,12970,ChargePoint,1638.6689999999994,114,371,540,5,10
2022-03-01,13478,ChargePoint,1169.8230000000003,63,284,427,5,7
2022-04-01,11777,ChargePoint,578.0879999999999,45,102,152,1,2
2022-03-01,12801,ChargePoint,4369.231000000002,374,876,1848,15,28
2022-03-01,10940,ChargePoint,16862.237999999998,836,3459,5752,20,36
2022-03-01,12856,ChargePoint,209.06800000000007,16,39,60,2,3
2021-10-01,12901,ChargePoint,366.669,36,69,110,5,9
2021-10-01,11777,ChargePoint,380.77400000000006,38,66,128,1,2
2022-10-01,13210,ChargePoint,671.479,33,125,178,3,6
2022-09-01,10605,ChargePoint,2340.1299999999997,138,448,779,6,12
2022-09-01,14303,ChargePoint,3872.8680000000013,272,766,1033,5,9
2022-09-01,12992,ChargePoint,344.17199999999997,18,50,59,3,6
2022-08-01,11740,ChargePoint,734.2639999999999,76,147,264,1,2
2022-08-01,12525,ChargePoint,598.8790000000001,55,101,367,1,2
2022-07-01,14150,ChargePoint,2515.393999999998,292,487,522,3,6
2022-07-01,14850,ChargePoint,2332.443,219,510,765,2,4
2022-06-01,14203,ChargePoint,738.1869999999998,92,175,225,3,6
2022-06-01,10562,ChargePoint,480.62799999999993,28,96,120,2,3
2022-05-01,10901,ChargePoint,316.81,37,99,339,5,9
2022-05-01,12901,ChargePoint,1080.8859999999997,101,227,334,6,11
2022-03-01,10460,ChargePoint,996.1629999999999,90,235,381,3,5
2022-03-01,12065,ChargePoint,3919.6259999999993,688,894,1349,19,34
2022-12-01,10977,ChargePoint,891.3609999999999,61,197,235,2,4
2022-12-01,14626,ChargePoint,3767.0379999999996,274,934,1985,7,14
2022-12-01,11788,ChargePoint,2999.2940000000012,140,583,1241,4,7
2022-12-01,11590,ChargePoint,10787.442000000003,973,1986,2923,5,10
2022-12-01,14303,ChargePoint,2225.0199999999995,213,449,682,6,10
2022-12-01,13027,ChargePoint,158.20300000000003,36,41,46,2,4
2022-12-01,14614,ChargePoint,5178.8799999999965,319,1221,2000,3,6
2022-12-01,10021,ChargePoint,1021.6300000000001,63,196,262,2,4
2022-12-01,12534,ChargePoint,3118.2849999999994,190,643,1235,6,10
2022-12-01,14052,ChargePoint,6021.342000000002,409,1293,1904,8,16
2022-12-01,14139,ChargePoint,460.099,20,82,94,1,2
2022-11-01,14303,ChargePoint,2151.5899999999997,265,461,776,6,11
2022-11-01,14222,ChargePoint,5679.497000000002,407,1169,1589,5,10
2022-11-01,13027,ChargePoint,117.70500000000001,27,28,31,2,4
2022-11-01,12189,ChargePoint,1225.377,70,258,767,5,8
2022-03-01,14303,ChargePoint,2411.359,231,475,740,4,8
2022-03-01,14614,ChargePoint,3384.2999999999993,290,787,1515,3,6
2022-02-01,14303,ChargePoint,1242.6839999999997,149,237,420,4,6
2022-02-01,14626,ChargePoint,2575.0,196,668,1356,5,10
2022-02-01,10926,ChargePoint,7.286,3,2,2,1,2
2022-02-01,12498,ChargePoint,297.89499999999987,67,67,82,1,2
2022-01-01,10708,ChargePoint,2154.36,165,497,1318,8,13
2022-01-01,13027,ChargePoint,92.773,26,24,28,2,4
2022-01-01,11788,ChargePoint,1021.3790000000001,83,202,322,3,5
2022-01-01,12477,ChargePoint,2003.863,112,376,573,5,10
2021-12-01,13027,ChargePoint,165.674,37,33,37,2,4
2021-12-01,12946,ChargePoint,1829.1840000000004,231,361,654,15,26
2021-12-01,14303,ChargePoint,1307.430000000001,129,265,484,4,6
2021-11-01,10460,ChargePoint,1565.5799999999995,117,359,466,3,5
2021-11-01,14626,ChargePoint,2564.248000000001,177,614,1169,7,13
2021-11-01,11590,ChargePoint,9063.162999999991,616,1679,2637,5,10
2021-11-01,14627,ChargePoint,807.5070000000001,70,171,303,1,2
2021-11-01,10977,ChargePoint,769.33,59,180,263,1,2
2021-11-01,10901,ChargePoint,491.121,54,124,186,5,8
2021-01-01,14304,ChargePoint,260.964,43,47,49,1,2
2021-01-01,14604,ChargePoint,2094.959000000001,176,525,1223,4,7
2021-01-01,14456,ChargePoint,760.4630000000001,35,131,170,4,7
2021-01-01,14303,ChargePoint,664.61,65,169,309,4,7
2022-11-01,10460,ChargePoint,1459.309,117,300,360,3,5
2022-10-01,12210,ChargePoint,215.81900000000002,12,35,150,3,3
2022-10-01,11590,ChargePoint,9219.388999999994,973,1766,2637,5,10
2022-10-01,12211,ChargePoint,2680.1639999999998,239,577,613,20,32
2022-09-01,14627,ChargePoint,878.9009999999998,105,185,511,1,2
2022-10-01,13502,ChargePoint,1189.4479999999996,130,249,324,1,2
2022-10-01,10924,ChargePoint,219.557,10,37,46,2,3
2022-09-01,13905,ChargePoint,663.3209999999997,110,197,370,3,6
2022-09-01,10543,ChargePoint,220.545,18,42,53,1,2
2022-09-01,10708,ChargePoint,3822.352,202,706,1487,9,14
2022-09-01,10520,ChargePoint,1357.1290000000001,119,301,1056,3,6
2022-08-01,14203,ChargePoint,1014.448,91,190,286,3,5
2022-07-01,12455,ChargePoint,744.0180000000001,110,131,188,1,2
2022-07-01,12513,ChargePoint,165.05400000000003,20,30,32,1,2
2022-07-01,12033,ChargePoint,1597.9909999999998,101,285,386,5,10
2022-07-01,13308,ChargePoint,289.6910000000001,37,50,52,1,2
2022-07-01,14203,ChargePoint,833.5359999999998,82,165,334,3,6
2022-06-01,12477,ChargePoint,1714.8669999999986,137,288,518,5,10
2022-06-01,11590,ChargePoint,9570.252000000008,760,1770,2486,5,10
2022-06-01,14627,ChargePoint,469.743,69,109,170,1,2
2022-05-01,12513,ChargePoint,166.359,21,32,51,1,2
2022-04-01,11590,ChargePoint,7562.265999999994,693,1423,2168,5,10
2022-04-01,13820,ChargePoint,599.1179999999999,87,187,364,1,2
2022-04-01,13502,ChargePoint,1171.9540000000004,106,239,384,1,2
2022-03-01,14627,ChargePoint,1267.6729999999995,80,271,368,1,2
2022-10-01,14303,ChargePoint,3678.400000000001,307,730,1026,5,10
2022-10-01,10576,ChargePoint,946.0909999999999,64,184,244,1,2
2022-10-01,14216,ChargePoint,66.71900000000001,141,17,24,1,2
2022-09-01,11590,ChargePoint,9907.464999999997,905,1829,2686,5,10
2022-09-01,11717,ChargePoint,2344.5940000000005,258,575,1056,4,8
2022-08-01,10543,ChargePoint,435.9389999999999,30,79,97,1,2
2022-07-01,12571,ChargePoint,2478.2500000000023,162,458,755,6,12
2022-07-01,14127,ChargePoint,1876.8849999999995,251,386,454,9,12
2022-05-01,14303,ChargePoint,2783.788,281,566,764,5,9
2022-05-01,13788,ChargePoint,46.473,8,12,16,1,1
2022-04-01,14304,ChargePoint,501.01599999999985,124,100,105,1,2
2022-04-01,11030,ChargePoint,1634.616999999999,112,372,564,2,4
2022-04-01,14222,ChargePoint,4716.29,460,1005,1457,5,10
2022-03-01,13408,ChargePoint,75.88100000000001,21,24,28,2,3
2022-11-01,14626,ChargePoint,3237.4130000000023,234,823,1757,7,14
2022-10-01,12189,ChargePoint,1056.614,65,224,767,7,12
2022-10-01,10021,ChargePoint,874.6629999999998,57,167,216,2,4
2022-10-01,13027,ChargePoint,126.32799999999999,40,34,37,2,4
2022-09-01,12189,ChargePoint,1358.4890000000005,87,286,985,7,11
2022-09-01,10021,ChargePoint,815.406,52,155,222,2,4
2022-09-01,14222,ChargePoint,5494.917000000001,467,1158,1682,5,10
2022-08-01,10021,ChargePoint,868.095,79,166,225,2,4
2022-08-01,14222,ChargePoint,5010.548999999998,420,1066,1616,5,10
2022-08-01,12189,ChargePoint,1038.6879999999999,78,233,712,7,12
2022-08-01,13027,ChargePoint,164.11899999999997,39,40,46,2,4
2022-08-01,14626,ChargePoint,2073.862,177,536,1077,5,10
2022-08-01,12205,ChargePoint,6031.328999999994,511,1323,2206,24,43
2022-07-01,10021,ChargePoint,941.9879999999999,87,180,239,2,4
2022-07-01,12205,ChargePoint,4733.699000000002,505,1071,1446,23,44
2022-06-01,10021,ChargePoint,743.819,48,130,172,2,4
2022-06-01,12065,ChargePoint,3915.509000000006,760,929,1381,17,33
2022-06-01,13027,ChargePoint,193.01299999999998,41,45,50,2,3
2022-05-01,12065,ChargePoint,4310.307999999996,755,929,1453,22,36
2022-05-01,12189,ChargePoint,1023.4820000000004,95,221,689,8,14
2022-05-01,10021,ChargePoint,849.1290000000002,53,160,223,2,4
2022-05-01,13027,ChargePoint,242.35800000000003,54,54,69,2,4
2021-11-01,12189,ChargePoint,1773.1259999999995,98,352,910,7,12
2022-03-01,14214,ChargePoint,1400.2860000000003,115,274,353,8,16
2022-03-01,14202,ChargePoint,887.411,26,180,192,1,2
2022-03-01,10044,ChargePoint,2684.3039999999983,112,574,606,3,6
2022-03-01,12946,ChargePoint,2874.8549999999996,327,562,790,16,30
2022-03-01,12603,ChargePoint,1068.0500000000002,72,247,366,2,4
2022-03-01,12211,ChargePoint,1633.45,183,377,470,18,30
2022-12-01,12553,ChargePoint,593.354,35,111,147,3,5
2022-12-01,14850,ChargePoint,1846.3159999999996,179,414,753,2,4
2022-12-01,10460,ChargePoint,1822.7770000000003,147,381,600,2,4
2022-12-01,10924,ChargePoint,294.00500000000005,16,53,56,2,4
2022-12-01,12603,ChargePoint,1509.6799999999998,81,308,369,2,4
2022-12-01,10044,ChargePoint,5480.695,168,1427,1507,3,6
2022-12-01,12305,ChargePoint,1460.2190000000005,102,293,405,3,6
2022-12-01,10017,ChargePoint,980.9630000000002,46,186,331,8,12
2022-12-01,10461,ChargePoint,385.74600000000004,41,67,69,1,2
2022-12-01,11030,ChargePoint,846.6830000000001,45,161,194,1,2
2022-12-01,12414,ChargePoint,171.93099999999998,22,26,27,2,3
2022-12-01,13905,ChargePoint,401.0300000000001,72,125,269,3,6
2022-12-01,12526,ChargePoint,534.1440000000001,30,89,170,1,2
2022-12-01,14120,ChargePoint,1032.8990000000001,30,163,260,2,3
2022-12-01,12834,ChargePoint,461.00999999999993,42,99,159,3,6
2022-12-01,12571,ChargePoint,2472.9730000000013,105,443,659,7,13
2022-12-01,13617,ChargePoint,2315.031,251,501,587,3,6
2022-12-01,14744,ChargePoint,64.629,7,11,19,1,2
2022-11-01,14120,ChargePoint,1172.655,41,172,342,2,4
2022-11-01,10940,ChargePoint,18408.34599999999,838,4351,6344,21,40
2022-11-01,11030,ChargePoint,773.987,45,154,189,1,2
2022-11-01,12603,ChargePoint,2261.4809999999993,102,451,485,2,4
2022-11-01,10977,ChargePoint,966.2199999999998,73,221,271,2,4
2022-11-01,13066,ChargePoint,1840.9910000000004,155,443,705,2,4
2022-11-01,11556,ChargePoint,1226.8110000000001,56,265,348,1,2
2022-11-01,13021,ChargePoint,190.41,10,28,44,1,2
2022-11-01,12037,ChargePoint,363.21800000000013,32,65,69,1,2
2022-11-01,10010,ChargePoint,1016.74,44,206,319,2,4
2022-11-01,12801,ChargePoint,6077.506999999996,418,1135,2370,16,30
2022-11-01,12414,ChargePoint,173.19400000000005,20,31,39,2,3
2022-11-01,12526,ChargePoint,898.1379999999997,44,147,248,1,2
2022-11-01,14456,ChargePoint,3254.144999999999,185,623,901,3,6
2022-11-01,10927,ChargePoint,261.18100000000004,15,38,50,1,2
2022-11-01,13905,ChargePoint,698.257,102,196,355,3,6
2022-11-01,12305,ChargePoint,1494.2340000000004,107,339,405,3,6
2022-11-01,10926,ChargePoint,302.867,35,53,67,1,2
2022-11-01,14850,ChargePoint,1747.2250000000001,180,409,776,2,4
2022-11-01,13617,ChargePoint,3348.421000000001,209,632,752,3,6
2022-11-01,10044,ChargePoint,4891.009999999999,174,1259,1343,3,6
2022-11-01,12571,ChargePoint,2538.306,121,452,638,7,14
2022-11-01,10461,ChargePoint,305.68899999999996,44,60,65,1,2
2022-11-01,13045,ChargePoint,318.6310000000001,42,74,114,3,6
2022-11-01,12534,ChargePoint,3332.373000000001,223,607,1073,5,10
2022-11-01,12553,ChargePoint,291.546,23,56,80,2,3
2022-11-01,12303,ChargePoint,430.10999999999996,28,74,97,3,5
2022-11-01,10017,ChargePoint,721.322,31,136,398,7,8
2022-11-01,12485,ChargePoint,561.176,50,79,92,2,3
2022-03-01,12553,ChargePoint,423.40000000000003,25,85,113,2,3
2022-03-01,13090,ChargePoint,26.064999999999998,2,5,5,1,2
2022-03-01,10461,ChargePoint,360.85200000000003,49,73,84,1,2
2022-03-01,11030,ChargePoint,2131.616,160,482,746,2,4
2022-03-01,12983,ChargePoint,130.48999999999998,14,28,44,2,4
2022-03-01,10010,ChargePoint,21.994,3,5,5,2,3
2022-03-01,12901,ChargePoint,960.2479999999997,66,204,254,5,10
2022-03-01,12309,ChargePoint,1002.8360000000002,125,223,690,6,11
2022-02-01,12801,ChargePoint,3242.4089999999987,252,663,1372,16,27
2022-02-01,12534,ChargePoint,1280.9260000000002,100,238,330,5,8
2022-02-01,12603,ChargePoint,752.547,45,167,216,2,4
2022-02-01,13905,ChargePoint,212.22299999999996,35,67,137,3,6
2022-02-01,10461,ChargePoint,303.742,29,66,71,1,2
2022-02-01,12037,ChargePoint,148.707,18,23,24,1,2
2022-02-01,14513,ChargePoint,961.476,68,234,467,7,13
2022-02-01,13090,ChargePoint,26.517000000000003,2,5,7,1,2
2022-02-01,10044,ChargePoint,1995.677,77,408,444,3,6
2022-02-01,12845,ChargePoint,1255.242,45,211,418,13,19
2022-02-01,12553,ChargePoint,171.339,15,29,32,1,2
2022-02-01,12901,ChargePoint,759.265,29,142,154,5,8
2022-02-01,10901,ChargePoint,539.1550000000001,55,131,215,5,10
2022-02-01,12303,ChargePoint,43.81099999999999,3,7,7,2,3
2022-02-01,13820,ChargePoint,416.919,62,107,124,1,2
2022-02-01,14456,ChargePoint,2887.915,163,542,711,3,6
2022-02-01,11030,ChargePoint,1706.8179999999993,114,389,565,2,4
2022-02-01,14527,ChargePoint,132.161,16,25,30,1,2
2022-02-01,12970,ChargePoint,1155.4160000000002,85,269,289,5,10
2022-02-01,12953,ChargePoint,30.448999999999998,6,8,8,2,2
2022-02-01,13066,ChargePoint,667.079,52,136,156,2,4
2022-01-01,13478,ChargePoint,453.48400000000004,23,112,154,4,6
2022-01-01,14456,ChargePoint,1766.0219999999995,118,311,369,3,6
2022-01-01,13820,ChargePoint,622.5999999999999,41,125,134,1,2
2022-01-01,12901,ChargePoint,680.5569999999999,28,123,169,5,7
2022-01-01,10038,ChargePoint,522.8839999999999,15,93,101,4,7
2022-01-01,12801,ChargePoint,2541.4630000000006,201,536,955,15,27
2022-01-01,10940,ChargePoint,13197.003000000004,644,2939,4507,17,30
2022-01-01,12534,ChargePoint,1932.5350000000003,101,355,485,6,11
2022-01-01,12603,ChargePoint,491.827,45,113,160,2,4
2022-01-01,13905,ChargePoint,124.23200000000001,24,45,74,3,5
2022-01-01,10461,ChargePoint,301.356,33,72,78,1,2
2022-01-01,12037,ChargePoint,158.78999999999996,13,29,31,1,2
2022-01-01,12305,ChargePoint,1242.508,67,275,361,3,6
2022-01-01,10044,ChargePoint,2334.8970000000004,82,481,525,3,6
2022-01-01,14850,ChargePoint,1570.885000000001,128,356,713,2,4
2022-01-01,10460,ChargePoint,1083.3190000000004,84,235,348,3,5
2022-01-01,12553,ChargePoint,246.92599999999993,19,44,51,1,2
2022-01-01,14432,ChargePoint,128.12400000000002,3,22,23,1,1
2022-01-01,10901,ChargePoint,221.957,23,60,94,5,7
2022-01-01,12526,ChargePoint,306.21900000000005,17,51,126,1,2
2022-01-01,10977,ChargePoint,224.46,22,62,77,2,3
2022-01-01,11590,ChargePoint,8800.969000000001,586,1631,2249,5,10
2022-01-01,13212,ChargePoint,586.01,34,108,115,1,2
2022-01-01,12946,ChargePoint,1540.8260000000005,197,317,509,15,24
2022-01-01,12309,ChargePoint,767.4959999999998,112,201,594,5,10
2022-01-01,12485,ChargePoint,608.4960000000001,42,85,86,2,4
2022-01-01,12983,ChargePoint,320.703,20,64,145,2,4
2021-12-01,10044,ChargePoint,2165.579,98,441,486,3,6
2021-12-01,13212,ChargePoint,912.1979999999999,36,161,166,1,2
2021-12-01,12534,ChargePoint,1361.9589999999996,98,256,356,4,8
2021-12-01,12603,ChargePoint,467.169,43,105,130,2,4
2021-12-01,12553,ChargePoint,240.001,16,43,75,1,2
2021-12-01,10461,ChargePoint,289.59900000000005,35,63,69,1,2
2021-12-01,12801,ChargePoint,2184.6589999999997,195,445,964,15,25
2021-12-01,12305,ChargePoint,1073.188,75,225,323,3,6
2021-12-01,10024,ChargePoint,1700.8539999999996,121,346,1183,4,8
2021-12-01,11030,ChargePoint,1842.6049999999996,128,408,643,2,4
2021-12-01,12601,ChargePoint,893.8970000000003,97,231,484,10,17
2021-12-01,12845,ChargePoint,427.47799999999995,23,67,109,7,9
2021-12-01,10924,ChargePoint,458.662,17,77,77,2,3
2021-12-01,10038,ChargePoint,240.702,6,41,45,3,5
2021-12-01,10977,ChargePoint,751.7660000000001,59,170,200,1,2
2021-12-01,13478,ChargePoint,380.08200000000005,32,97,159,6,10
2021-12-01,12901,ChargePoint,888.485,45,165,174,6,10
2021-12-01,13820,ChargePoint,191.66499999999996,28,61,76,1,2
2021-12-01,10901,ChargePoint,460.87700000000007,51,129,204,5,9
2021-12-01,12043,ChargePoint,200.93800000000002,18,32,34,1,2
2021-12-01,12414,ChargePoint,166.29,11,29,38,1,2
2021-12-01,12485,ChargePoint,437.693,26,61,62,2,4
2021-12-01,14456,ChargePoint,1766.505,95,317,420,4,7
2021-11-01,12603,ChargePoint,466.392,49,101,140,2,4
2021-11-01,13212,ChargePoint,1126.6979999999999,49,201,210,1,2
2021-11-01,12305,ChargePoint,2397.373,107,477,948,3,6
2021-11-01,12801,ChargePoint,1895.52,175,375,667,17,28
2021-11-01,12534,ChargePoint,2154.2009999999996,141,375,497,6,9
2021-11-01,10044,ChargePoint,1433.9829999999997,84,299,324,3,6
2021-11-01,12845,ChargePoint,418.63000000000005,30,71,87,11,16
2021-11-01,10038,ChargePoint,181.629,5,32,34,3,4
2021-11-01,14456,ChargePoint,2780.249,179,533,768,4,8
2021-11-01,12901,ChargePoint,846.8299999999999,67,158,193,6,10
2021-11-01,12583,ChargePoint,525.7640000000002,23,103,105,1,2
2021-11-01,13820,ChargePoint,374.22,53,112,131,1,2
2021-11-01,13478,ChargePoint,920.8779999999998,45,184,304,5,9
2021-11-01,10024,ChargePoint,2358.014,139,465,1587,4,8
2021-11-01,10924,ChargePoint,158.202,12,28,28,2,4
2021-11-01,12184,ChargePoint,347.66700000000003,15,57,571,1,2
2021-11-01,10461,ChargePoint,657.131,52,127,131,1,2
2021-02-01,13788,ChargePoint,127.50299999999999,4,23,28,1,1
2021-01-01,12946,ChargePoint,854.493,112,180,231,13,20
2021-01-01,10044,ChargePoint,1649.7310000000002,66,303,430,3,6
2021-01-01,12901,ChargePoint,280.55699999999996,16,44,48,3,4
2021-01-01,10461,ChargePoint,349.04300000000006,36,74,106,1,2
2021-01-01,13478,ChargePoint,95.22800000000001,7,16,16,4,5
2021-01-01,13212,ChargePoint,572.6450000000001,29,109,117,1,2
2021-01-01,10901,ChargePoint,97.515,15,25,64,4,6
2021-01-01,12870,ChargePoint,4.596,1,1,1,1,1
2021-01-01,13905,ChargePoint,49.909000000000006,6,17,28,3,4
2020-12-01,10044,ChargePoint,786.376,56,157,167,3,6
2020-11-01,10044,ChargePoint,160.983,18,40,62,2,3
2022-11-01,12065,ChargePoint,6087.551999999999,674,1279,2091,24,42
2022-11-01,12803,ChargePoint,423.01,50,76,89,2,4
2022-02-01,12065,ChargePoint,2781.955999999999,496,630,982,17,27
2022-01-01,12065,ChargePoint,3801.598000000005,612,822,1180,22,37
2022-01-01,12803,ChargePoint,490.4790000000001,33,103,124,3,6
2021-12-01,12803,ChargePoint,673.2960000000002,53,139,173,3,6
2021-12-01,12065,ChargePoint,4341.843000000001,703,912,1391,22,40
2021-11-01,12065,ChargePoint,4652.979000000002,575,919,1274,26,44
2021-11-01,12803,ChargePoint,1051.968,61,199,241,3,6
2022-12-01,10514,ChargePoint,1118.1579999999997,103,212,306,5,10
2022-12-01,10562,ChargePoint,415.47899999999987,30,99,294,1,2
2022-12-01,10605,ChargePoint,2169.3040000000015,158,420,524,6,11
2022-12-01,10595,ChargePoint,2074.4239999999995,125,447,570,6,9
2022-12-01,10552,ChargePoint,2041.2819999999997,94,399,1232,2,4
2022-11-01,10595,ChargePoint,2148.8459999999995,140,496,696,5,9
2022-11-01,10708,ChargePoint,3986.18,213,762,1635,9,14
2022-11-01,10520,ChargePoint,1277.0180000000003,131,297,1204,3,5
2022-11-01,10576,ChargePoint,942.801,82,195,263,1,2
2022-11-01,10552,ChargePoint,1649.7780000000002,68,313,1205,2,4
2022-03-01,10708,ChargePoint,2339.7859999999996,162,491,936,7,12
2022-02-01,10708,ChargePoint,2113.4599999999996,173,466,1081,8,13
2022-02-01,10520,ChargePoint,861.2999999999996,101,229,1170,3,5
2022-02-01,10552,ChargePoint,739.979,41,129,299,2,4
2022-01-01,10520,ChargePoint,1150.5170000000005,103,304,1358,3,5
2021-12-01,10520,ChargePoint,874.016,130,235,1115,3,5
2021-12-01,10708,ChargePoint,2293.0089999999987,173,528,1511,9,14
2021-12-01,10552,ChargePoint,676.2249999999999,30,120,242,2,4
2021-12-01,10576,ChargePoint,769.0299999999997,48,161,197,1,2
2021-11-01,10520,ChargePoint,959.984,106,266,1178,3,5
2021-11-01,10601,ChargePoint,636.923,34,114,449,2,4
2021-11-01,10708,ChargePoint,2487.2080000000014,192,577,1506,9,14
2021-01-01,10520,ChargePoint,588.9820000000002,68,148,730,3,6
2021-01-01,10605,ChargePoint,462.944,17,79,179,3,6
2020-03-01,10595,ChargePoint,1426.9880000000005,150,392,778,5,10
2020-02-01,10595,ChargePoint,1649.5049999999997,179,427,782,5,10
2020-01-01,10595,ChargePoint,1126.6970000000001,110,311,408,3,6
2019-12-01,10595,ChargePoint,23.375999999999998,5,8,11,2,4
2022-12-01,11968,ChargePoint,2092.7180000000008,110,401,433,1,2
2022-12-01,11738,ChargePoint,3357.5460000000003,249,821,978,5,10
2022-12-01,11740,ChargePoint,586.117,32,103,212,1,2
2022-12-01,11754,ChargePoint,331.3870000000001,28,76,138,1,2
2022-12-01,11717,ChargePoint,1934.1219999999998,183,438,725,4,8
2022-11-01,11968,ChargePoint,1798.3580000000002,82,332,357,1,2
2022-11-01,11740,ChargePoint,627.5329999999999,37,130,261,1,2
2022-11-01,11738,ChargePoint,3803.2399999999966,309,984,1183,5,10
2022-11-01,11754,ChargePoint,275.981,27,66,166,1,2
2022-03-01,11788,ChargePoint,2565.9249999999997,183,493,646,4,8
2022-03-01,11968,ChargePoint,2787.1830000000004,135,538,787,1,2
2022-03-01,11738,ChargePoint,2556.742999999999,231,619,884,5,10
2022-03-01,11766,ChargePoint,327.139,52,101,128,1,2
2022-03-01,11740,ChargePoint,642.639,71,123,214,1,2
2022-02-01,11738,ChargePoint,1868.5620000000004,210,452,698,5,10
2022-02-01,11740,ChargePoint,312.593,34,56,90,1,2
2022-02-01,11968,ChargePoint,2669.708,126,491,901,1,2
2022-02-01,11754,ChargePoint,309.408,46,82,194,1,2
2022-02-01,11717,ChargePoint,2310.729000000001,250,556,1075,4,8
2022-01-01,11754,ChargePoint,334.74300000000005,35,83,166,1,2
2022-01-01,11717,ChargePoint,2046.7919999999992,194,457,837,4,8
2022-01-01,11738,ChargePoint,1192.6580000000006,128,266,409,5,10
2022-01-01,11740,ChargePoint,372.669,32,71,109,1,2
2022-01-01,11747,ChargePoint,1593.1780000000006,96,325,474,3,6
2022-01-01,11968,ChargePoint,2714.177000000001,124,543,980,1,2
2021-12-01,11968,ChargePoint,2502.4399999999996,120,480,929,1,2
2021-12-01,11738,ChargePoint,2197.92,201,477,641,5,10
2021-12-01,11740,ChargePoint,456.75899999999996,59,92,117,1,2
2021-12-01,11717,ChargePoint,2086.7169999999996,282,504,1088,4,8
2021-12-01,11788,ChargePoint,1865.7780000000002,124,366,620,4,6
2021-12-01,11754,ChargePoint,194.39499999999998,18,45,82,1,2
2021-11-01,11738,ChargePoint,2402.2449999999985,239,550,735,5,10
2021-11-01,11968,ChargePoint,2555.7350000000006,138,490,1010,1,2
2021-11-01,11772,ChargePoint,514.0140000000001,47,91,104,1,2
2021-11-01,11717,ChargePoint,1964.1909999999996,241,476,999,4,8
2021-11-01,11754,ChargePoint,214.66200000000003,23,46,72,1,2
2021-01-01,11772,ChargePoint,38.601000000000006,12,10,12,1,2
2021-01-01,11968,ChargePoint,1347.2030000000002,54,256,404,1,2
2022-12-01,12428,ChargePoint,1823.831000000001,81,328,417,1,2
2022-12-01,12498,ChargePoint,447.8229999999999,80,109,130,1,1
2022-12-01,12477,ChargePoint,1562.9650000000004,115,253,323,5,10
2022-12-01,12484,ChargePoint,649.811,67,128,140,1,2
2022-12-01,12449,ChargePoint,1937.4470000000001,83,361,1401,5,10
2022-12-01,12528,ChargePoint,1168.816,47,190,245,3,6
2022-11-01,12477,ChargePoint,1614.743000000001,142,272,419,5,10
2022-11-01,12484,ChargePoint,741.6970000000001,67,150,161,1,2
2022-11-01,12498,ChargePoint,395.66499999999996,74,89,100,1,1
2022-03-01,12484,ChargePoint,736.2439999999999,58,142,160,1,2
2022-03-01,12428,ChargePoint,622.7399999999999,65,118,134,1,2
2022-02-01,12525,ChargePoint,192.36999999999998,17,32,39,1,2
2022-02-01,12477,ChargePoint,1787.6199999999985,131,350,545,5,9
2022-02-01,12484,ChargePoint,659.1359999999999,46,126,140,1,2
2022-01-01,12484,ChargePoint,321.93399999999997,29,63,78,1,2
2022-01-01,12525,ChargePoint,274.878,21,40,40,1,2
2021-12-01,12498,ChargePoint,282.077,57,62,65,1,2
2021-12-01,12484,ChargePoint,119.175,20,23,29,1,2
2021-12-01,12477,ChargePoint,1821.150000000001,141,353,528,5,10
2021-11-01,12525,ChargePoint,571.31,40,91,99,1,2
2021-11-01,12477,ChargePoint,1964.134,169,389,592,5,10
2021-11-01,12428,ChargePoint,483.55299999999994,34,88,94,1,2
2021-01-01,12477,ChargePoint,927.8390000000002,114,227,382,5,10
2022-12-01,13901,ChargePoint,967.9160000000003,67,203,727,2,4
2022-12-01,12529,ChargePoint,312.22799999999995,13,56,86,1,2
2022-12-01,13367,ChargePoint,223.35399999999998,23,40,45,1,2
2022-12-01,12205,ChargePoint,5914.778000000007,478,1267,2272,24,44
2022-11-01,12211,ChargePoint,3050.429999999998,245,653,731,18,30
2022-12-01,12983,ChargePoint,647.8929999999999,51,160,358,3,6
2022-12-01,12202,ChargePoint,820.2589999999999,67,227,406,9,11
2022-11-01,13901,ChargePoint,1014.9950000000001,80,201,387,2,4
2022-11-01,13053,ChargePoint,172.679,10,29,50,1,2
2022-11-01,12946,ChargePoint,2656.3910000000005,257,496,659,16,28
2022-11-01,13367,ChargePoint,275.085,19,47,47,1,2
2022-11-01,10605,ChargePoint,2184.7630000000004,164,429,654,5,10
2022-11-01,13210,ChargePoint,192.41799999999998,18,42,112,3,6
2022-11-01,12983,ChargePoint,529.4669999999999,36,113,238,3,6
2022-03-01,10964,ChargePoint,532.8829999999999,44,129,227,2,4
2022-03-01,14456,ChargePoint,2635.270000000001,159,501,635,4,7
2022-02-01,12211,ChargePoint,1173.2850000000005,123,264,301,17,23
2022-02-01,13901,ChargePoint,1627.7939999999996,109,330,1299,3,6
2022-02-01,13367,ChargePoint,202.26999999999998,3,34,41,1,2
2022-02-01,12529,ChargePoint,156.638,8,33,47,1,2
2022-02-01,10964,ChargePoint,154.249,17,47,84,2,3
2022-01-01,12211,ChargePoint,1298.9500000000003,113,267,302,17,24
2022-01-01,12205,ChargePoint,3063.052000000003,302,627,974,17,28
2022-01-01,10964,ChargePoint,210.20100000000002,23,66,105,2,4
2022-01-01,13901,ChargePoint,1542.4499999999998,82,304,1054,3,6
2021-12-01,13901,ChargePoint,1580.9140000000002,103,309,901,3,6
2021-12-01,13753,ChargePoint,510.227,42,133,165,1,2
2021-12-01,12211,ChargePoint,1028.1019999999999,105,225,271,20,25
2021-12-01,10964,ChargePoint,276.234,35,83,144,2,4
2021-12-01,13057,ChargePoint,985.5030000000002,37,188,461,3,5
2021-11-01,12211,ChargePoint,1696.9950000000003,150,387,430,16,26
2021-11-01,13901,ChargePoint,1805.282,127,405,1272,3,6
2021-11-01,14221,ChargePoint,3122.1600000000003,320,663,1195,5,10
2021-01-01,13753,ChargePoint,19.01,1,3,3,1,1
2021-01-01,14221,ChargePoint,1100.9109999999998,139,229,311,5,10
2020-12-01,13053,ChargePoint,5.152,1,1,1,1,1
2022-12-01,14086,ChargePoint,849.8309999999998,47,131,175,1,2
2022-12-01,14150,ChargePoint,647.7930000000001,81,125,167,3,6
2022-11-01,14052,ChargePoint,6140.8759999999975,389,1305,1806,8,16
2022-11-01,14150,ChargePoint,1445.5929999999998,175,265,366,3,6
2022-11-01,14086,ChargePoint,846.6990000000002,66,125,139,1,2
2022-03-01,14127,ChargePoint,1647.3119999999988,178,364,507,7,9
2022-03-01,14086,ChargePoint,621.1049999999999,67,110,119,1,2
2022-03-01,14052,ChargePoint,6238.827000000001,454,1478,2412,8,16
2022-03-01,14141,ChargePoint,495.873,20,83,150,1,2
2022-03-01,14150,ChargePoint,1324.416000000001,198,278,345,3,6
2022-03-01,14069,ChargePoint,130.34799999999998,24,23,24,1,2
2022-02-01,14052,ChargePoint,3909.692999999998,307,1004,1852,8,16
2022-02-01,14150,ChargePoint,1093.6479999999997,127,216,278,3,6
2022-01-01,14086,ChargePoint,530.6019999999999,41,82,99,1,2
2022-01-01,14052,ChargePoint,3820.779000000003,305,1017,1728,8,16
2022-01-01,14141,ChargePoint,520.443,15,91,146,1,2
2022-01-01,14150,ChargePoint,1123.2619999999997,102,207,246,3,6
2021-12-01,14086,ChargePoint,567.9280000000001,48,91,99,1,2
2021-12-01,14127,ChargePoint,1796.091000000001,177,361,613,9,11
2021-12-01,14150,ChargePoint,864.6170000000003,115,166,169,3,6
2021-12-01,14052,ChargePoint,3671.8130000000006,308,899,1653,8,16
2021-12-01,14139,ChargePoint,357.62700000000007,18,63,101,1,2
2021-11-01,14086,ChargePoint,334.64599999999996,37,56,75,1,2
2022-12-01,14222,ChargePoint,4501.829000000001,328,921,1261,5,9
2022-12-01,14214,ChargePoint,1538.5789999999995,91,293,552,8,15
2022-11-01,14214,ChargePoint,1719.1470000000002,112,335,485,8,15
2022-12-01,14203,ChargePoint,1875.7630000000004,100,336,471,2,4
2022-12-01,14202,ChargePoint,420.725,21,81,95,1,1
2022-12-01,14228,ChargePoint,3055.019,366,713,2416,10,18
2022-12-01,14209,ChargePoint,263.299,11,59,62,1,2
2022-11-01,14202,ChargePoint,362.214,19,67,81,1,1
2022-11-01,14228,ChargePoint,5317.743999999999,656,1209,3244,10,18
2022-11-01,14203,ChargePoint,1720.4860000000003,114,317,424,2,4
2022-11-01,14209,ChargePoint,538.1270000000001,22,103,128,3,5
2022-03-01,14203,ChargePoint,1040.0310000000002,98,222,302,2,4
2022-03-01,14209,ChargePoint,842.961,32,142,223,3,6
2022-03-01,14228,ChargePoint,6032.920000000004,598,1295,2659,10,18
2022-02-01,14202,ChargePoint,46.768,8,10,10,1,2
2022-02-01,14209,ChargePoint,738.757,30,142,248,3,6
2022-02-01,14222,ChargePoint,3443.1830000000023,293,734,1123,5,10
2022-02-01,14203,ChargePoint,477.0660000000001,63,106,152,2,4
2022-01-01,14202,ChargePoint,100.304,7,19,22,1,2
2022-01-01,14203,ChargePoint,879.5749999999998,90,186,236,2,4
2022-01-01,14222,ChargePoint,2978.6590000000006,241,635,970,5,10
2022-01-01,14214,ChargePoint,673.9129999999998,57,130,152,7,12
2021-12-01,14222,ChargePoint,3769.3340000000017,322,788,1167,5,10
2021-12-01,14209,ChargePoint,227.71800000000002,8,37,45,1,2
2021-12-01,14203,ChargePoint,913.399,85,183,236,3,5
2021-12-01,14214,ChargePoint,931.568,105,189,247,8,15
2021-11-01,14203,ChargePoint,889.3799999999999,89,186,247,3,5
2021-11-01,14214,ChargePoint,904.3330000000002,75,182,224,8,14
2021-01-01,14209,ChargePoint,551.7769999999999,19,106,154,2,4
2022-12-01,12065,ChargePoint,5878.583999999998,674,1278,2025,23,43
2022-12-01,12144,ChargePoint,577.7139999999998,119,126,135,3,6
2022-12-01,12304,ChargePoint,1709.3300000000006,228,334,471,3,6
2022-11-01,12304,ChargePoint,1923.678,285,384,541,3,6
2022-11-01,12144,ChargePoint,440.7499999999999,103,115,118,3,6
2022-03-01,12304,ChargePoint,591.3759999999997,185,166,186,3,6
2022-02-01,12304,ChargePoint,613.697,152,166,189,3,6
2022-01-01,12304,ChargePoint,442.6119999999999,159,110,129,3,6
2022-01-01,12144,ChargePoint,392.34000000000003,112,90,92,3,6
2021-12-01,12304,ChargePoint,679.0219999999998,146,191,208,3,6
2021-12-01,12144,ChargePoint,497.45099999999996,154,117,126,3,5
2021-11-01,12304,ChargePoint,925.4260000000002,164,242,275,3,6
2021-01-01,12304,ChargePoint,635.422,101,125,169,3,5
2022-12-01,14420,ChargePoint,737.1439999999999,53,142,158,3,6
2022-11-01,14420,ChargePoint,798.1349999999996,77,171,205,3,5
2022-12-01,14586,ChargePoint,286.34600000000006,41,84,142,1,2
2022-03-01,14420,ChargePoint,915.5119999999997,81,215,231,3,6
2022-03-01,14445,ChargePoint,463.43899999999996,27,85,87,1,2
2022-02-01,14420,ChargePoint,421.631,41,105,114,2,4
2022-02-01,14445,ChargePoint,788.0259999999996,41,135,139,1,2
2022-01-01,14420,ChargePoint,370.35999999999996,26,96,108,2,4
2022-01-01,14445,ChargePoint,531.5749999999999,25,89,93,1,2
2021-12-01,14445,ChargePoint,750.9490000000001,40,140,161,1,2
2021-12-01,14586,ChargePoint,242.48,17,42,55,1,2
2021-12-01,14420,ChargePoint,500.2279999999999,32,113,119,3,5
2021-11-01,14445,ChargePoint,1535.0029999999997,103,331,401,1,2
2021-11-01,14586,ChargePoint,218.50699999999995,19,49,85,1,2
2021-11-01,14420,ChargePoint,749.5719999999998,57,180,202,3,6
2022-12-01,14620,ChargePoint,2883.693999999999,203,571,778,3,6
2022-12-01,14612,ChargePoint,1775.8690000000004,108,351,383,4,8
2022-12-01,14604,ChargePoint,3984.362000000001,355,888,1530,6,10
2022-12-01,14605,ChargePoint,1928.5760000000002,120,496,800,1,2
2022-11-01,14604,ChargePoint,5087.111999999995,420,1130,1986,7,12
2022-11-01,14605,ChargePoint,1609.4469999999994,132,392,725,1,2
2022-11-01,14620,ChargePoint,2713.3880000000004,186,556,841,2,4
2022-11-01,14607,ChargePoint,2655.635999999999,336,615,979,5,10
2022-11-01,14612,ChargePoint,1594.0290000000002,163,314,392,4,8
2022-03-01,14604,ChargePoint,5513.780999999999,444,1127,2012,5,8
2022-02-01,14604,ChargePoint,4654.4969999999985,351,987,1743,7,10
2022-02-01,14620,ChargePoint,919.1859999999998,68,191,265,1,2
2022-02-01,14614,ChargePoint,2520.267000000001,208,575,1119,3,6
2022-02-01,14612,ChargePoint,1307.6180000000002,84,267,344,4,8
2022-01-01,14614,ChargePoint,3077.580000000001,228,674,1395,3,6
2022-01-01,14620,ChargePoint,989.125,74,220,293,1,2
2022-01-01,14612,ChargePoint,1462.9349999999997,97,301,389,4,8
2022-01-01,14626,ChargePoint,3079.2970000000014,217,803,1421,7,13
2022-01-01,14604,ChargePoint,3699.7089999999994,249,740,1464,5,8
2021-12-01,14605,ChargePoint,384.651,25,77,585,1,2
2021-12-01,14620,ChargePoint,1233.8249999999996,93,250,340,1,2
2021-12-01,14604,ChargePoint,4311.042000000001,306,841,1739,4,7
2021-12-01,14626,ChargePoint,2576.407,185,608,1289,7,14
2021-11-01,14620,ChargePoint,1262.6499999999996,88,260,361,1,2
2021-11-01,14604,ChargePoint,4364.953000000002,358,914,1652,4,8
2021-11-01,14614,ChargePoint,2808.0350000000003,224,616,1077,3,6
2021-01-01,14605,ChargePoint,756.4440000000001,81,127,179,1,2
2021-01-01,14612,ChargePoint,175.29200000000003,40,46,58,3,6
2021-01-01,14611,ChargePoint,176.80700000000002,6,34,44,3,3
2021-01-01,14626,ChargePoint,2354.841,173,562,1063,5,9
2022-12-01,12077,ChargePoint,1015.3859999999997,207,207,239,1,2
2022-12-01,12047,ChargePoint,2135.188,114,414,869,12,20
2022-11-01,12054,ChargePoint,3971.224999999999,238,758,1495,16,27
2022-11-01,12077,ChargePoint,963.784,177,192,216,1,2
2022-11-01,12205,ChargePoint,7242.342000000006,586,1496,2439,24,47
2022-03-01,12047,ChargePoint,1486.3139999999996,74,278,865,12,20
2022-03-01,12077,ChargePoint,774.0979999999998,148,149,177,1,2
2022-03-01,12189,ChargePoint,1120.9160000000002,113,257,794,8,14
2022-03-01,12571,ChargePoint,2089.687000000001,140,434,664,7,13
2022-02-01,12204,ChargePoint,294.906,16,66,130,2,4
2022-02-01,12077,ChargePoint,718.8289999999996,130,141,181,1,2
2022-02-01,12047,ChargePoint,1006.5379999999999,68,200,598,12,21
2022-02-01,12189,ChargePoint,664.942,70,172,519,10,15
2022-01-01,12077,ChargePoint,814.3340000000004,140,168,189,1,2
2022-01-01,12189,ChargePoint,1366.184,69,291,993,8,11
2022-01-01,12047,ChargePoint,1641.197,70,335,926,12,19
2021-12-01,12204,ChargePoint,616.18,38,125,196,5,9
2021-12-01,12047,ChargePoint,1125.8519999999999,74,210,871,13,22
2021-12-01,12054,ChargePoint,1353.8809999999994,152,304,1299,13,20
2021-12-01,12077,ChargePoint,701.1380000000001,152,141,154,2,3
2021-12-01,12189,ChargePoint,1331.112,81,288,694,6,10
2021-11-01,12047,ChargePoint,709.3950000000001,59,131,717,12,14
2021-11-01,12077,ChargePoint,973.4369999999997,199,199,232,2,3
2021-11-01,12205,ChargePoint,3236.17,341,651,910,18,29
2021-11-01,12204,ChargePoint,644.966,38,127,174,5,10
2021-01-01,12205,ChargePoint,1563.3990000000003,145,316,474,11,19
2021-01-01,12110,ChargePoint,1424.4560000000001,218,292,393,13,19
2022-12-01,12207,ChargePoint,1464.5870000000002,104,285,382,6,8
2022-12-01,12209,ChargePoint,837.811,55,146,175,1,2
2022-12-01,12203,ChargePoint,10291.41,672,2170,2843,24,41
2022-11-01,12207,ChargePoint,1424.3639999999996,101,281,457,7,9
2022-11-01,12209,ChargePoint,287.487,38,71,114,1,2
2022-11-01,12208,ChargePoint,3074.6190000000015,179,665,1545,11,16
2022-03-01,12210,ChargePoint,379.791,26,65,146,2,4
2022-02-01,12207,ChargePoint,520.794,28,102,149,5,8
2022-02-01,12208,ChargePoint,4970.848000000003,258,910,1848,7,10
2022-02-01,12205,ChargePoint,2529.546999999999,246,539,784,19,32
2022-01-01,12210,ChargePoint,890.017,31,150,393,2,4
2021-12-01,12210,ChargePoint,892.3910000000002,38,149,594,2,4
2021-12-01,12205,ChargePoint,3101.1900000000005,352,608,888,16,28
2021-11-01,12208,ChargePoint,4873.377000000001,318,935,2204,7,11
2021-01-01,12203,ChargePoint,3954.067999999999,332,838,1143,14,21
2021-01-01,12208,ChargePoint,2325.0379999999996,99,431,633,2,4
2022-11-01,14213,ChargePoint,117.395,9,19,20,1,2
2022-03-01,14222,ChargePoint,3876.714000000003,359,843,1279,5,10
2022-02-01,14214,ChargePoint,1230.082,96,238,318,8,14
2021-11-01,14222,ChargePoint,3572.074999999999,342,798,1222,5,10
2021-01-01,14228,ChargePoint,2011.1709999999991,288,519,1473,12,19
2022-02-01,14127,ChargePoint,1504.1470000000002,186,324,417,9,11
2022-12-01,14075,ChargePoint,1036.881,45,208,347,2,4
2022-12-01,14141,ChargePoint,1456.7370000000003,51,251,339,1,2
2022-11-01,14139,ChargePoint,247.68300000000002,18,48,64,1,2
2022-03-01,14139,ChargePoint,344.56799999999987,15,61,66,1,2
2022-02-01,14069,ChargePoint,65.075,16,13,14,1,2
2022-02-01,14086,ChargePoint,367.48599999999993,46,58,60,1,2
2022-01-01,14069,ChargePoint,115.888,17,21,25,1,2
2021-12-01,14069,ChargePoint,97.439,19,23,28,1,2
2021-11-01,14139,ChargePoint,331.43500000000006,17,61,72,1,2
2021-11-01,14150,ChargePoint,761.5089999999999,139,168,177,3,6
2021-01-01,14086,ChargePoint,477.233,49,76,86,1,2
2021-01-01,14139,ChargePoint,121.208,10,22,22,1,2
2021-01-01,14150,ChargePoint,203.31699999999995,44,44,46,3,6
2022-12-01,12525,ChargePoint,515.7110000000001,35,86,95,1,2
2022-11-01,12525,ChargePoint,872.9219999999999,56,132,137,1,2
2022-11-01,12528,ChargePoint,871.5769999999999,34,146,210,3,6
2022-03-01,12525,ChargePoint,377.93499999999995,21,58,59,1,2
2022-03-01,12498,ChargePoint,270.47100000000006,51,60,67,1,2
2022-01-01,12498,ChargePoint,350.01599999999996,46,75,89,1,2
2021-01-01,12525,ChargePoint,375.7120000000001,60,61,67,2,3
2021-12-01,12428,ChargePoint,313.32800000000003,32,54,55,1,2
2021-11-01,12484,ChargePoint,174.50499999999997,27,32,41,1,2
2022-12-01,14445,ChargePoint,851.4859999999999,44,164,168,5,8
2022-11-01,14445,ChargePoint,658.7949999999998,46,140,151,4,8
2022-11-01,14617,ChargePoint,893.8899999999998,104,165,187,9,16
2022-11-01,14586,ChargePoint,175.709,37,60,143,1,2
2021-01-01,14445,ChargePoint,247.089,30,67,78,1,2
2021-01-01,14586,ChargePoint,537.896,91,207,515,1,2
2022-12-01,14609,ChargePoint,942.9539999999997,98,240,330,1,2
2022-12-01,14627,ChargePoint,708.5000000000001,61,151,199,1,2
2022-11-01,14627,ChargePoint,1042.041,95,216,250,1,1
2022-11-01,14614,ChargePoint,4587.665000000003,322,1106,1769,3,6
2022-03-01,14620,ChargePoint,1598.382,125,327,459,2,4
2022-03-01,14626,ChargePoint,2400.3000000000015,215,628,1467,5,10
2022-03-01,14612,ChargePoint,1919.8209999999995,146,371,462,4,8
2022-02-01,14627,ChargePoint,879.1490000000002,59,186,238,1,1
2022-01-01,14627,ChargePoint,352.59600000000006,50,84,103,1,1
2021-12-01,14614,ChargePoint,2781.6109999999967,220,607,1053,3,6
2021-12-01,14627,ChargePoint,685.8040000000001,46,129,219,1,1
2021-12-01,14612,ChargePoint,1745.5179999999998,100,368,508,4,8
2021-11-01,14605,ChargePoint,389.491,26,62,163,1,2
2021-01-01,14620,ChargePoint,581.353,49,106,201,1,2
2021-01-01,14627,ChargePoint,482.636,36,90,108,1,1
2021-01-01,14614,ChargePoint,2134.0169999999994,150,495,896,3,6
2022-11-01,12019,ChargePoint,69.658,9,13,14,3,4
2022-01-01,12019,ChargePoint,13.706,3,3,3,2,2
2022-11-01,11717,ChargePoint,1632.7149999999995,161,383,708,4,8
2022-02-01,11772,ChargePoint,336.023,18,50,84,1,2
2021-01-01,11717,ChargePoint,1583.0179999999998,133,342,762,4,8
2022-12-01,12996,ChargePoint,271.634,44,45,46,2,3
2022-12-01,13057,ChargePoint,1747.2150000000008,69,333,577,4,7
2022-12-01,12992,ChargePoint,32.482,2,5,5,2,2
2022-03-01,13753,ChargePoint,78.687,14,20,22,1,2
2022-03-01,12205,ChargePoint,4390.178000000005,478,962,1306,20,36
2022-03-01,13053,ChargePoint,289.715,14,42,43,1,2
2022-02-01,13753,ChargePoint,365.1059999999999,26,86,100,1,2
2022-02-01,13053,ChargePoint,21.240999999999996,9,5,5,1,2
2022-02-01,12996,ChargePoint,8.326,3,1,1,2,3
2022-01-01,13753,ChargePoint,264.274,29,73,113,1,2
2021-12-01,12921,ChargePoint,49.92100000000001,11,13,39,1,2
2021-12-01,13053,ChargePoint,16.766,4,2,3,1,2
2021-11-01,13753,ChargePoint,354.0069999999999,43,100,130,1,2
2021-11-01,10964,ChargePoint,281.667,30,86,150,2,4
2021-01-01,12997,ChargePoint,386.462,25,65,87,3,5
2021-01-01,11590,ChargePoint,4099.833999999997,403,815,1345,5,10
2022-12-01,10520,ChargePoint,1676.3899999999999,135,385,1376,3,5
2022-11-01,10536,ChargePoint,17.409000000000002,5,4,5,1,1
2022-11-01,10514,ChargePoint,754.2510000000003,75,133,209,5,10
2022-03-01,10552,ChargePoint,1159.8160000000003,51,204,506,2,4
2022-03-01,10520,ChargePoint,904.934,119,240,1186,3,5
2022-02-01,10576,ChargePoint,653.034,42,135,159,1,2
2022-01-01,10577,ChargePoint,3875.6989999999987,181,751,1196,14,26
2021-12-01,10605,ChargePoint,2986.1839999999993,120,546,934,6,10
2021-11-01,10552,ChargePoint,719.8119999999997,35,127,250,2,4
2021-11-01,10605,ChargePoint,3225.7660000000024,127,604,992,7,13
2021-11-01,10595,ChargePoint,1063.2300000000002,62,257,380,4,8
2021-11-01,10576,ChargePoint,346.89799999999997,39,83,101,1,2
2021-01-01,10595,ChargePoint,873.762,35,174,213,5,9
2022-12-01,12583,ChargePoint,310.92900000000003,46,68,83,1,2
2022-02-01,12571,ChargePoint,782.527,66,161,241,6,11
2021-12-01,12583,ChargePoint,219.798,23,44,50,1,2
2022-12-01,13210,ChargePoint,87.707,12,20,50,3,6
2022-12-01,10926,ChargePoint,557.4670000000001,32,102,127,1,2
2022-12-01,13088,ChargePoint,2809.4120000000016,234,581,856,8,16
2022-12-01,13820,ChargePoint,493.854,56,118,127,1,2
2022-12-01,13478,ChargePoint,364.251,23,67,130,5,10
2022-12-01,12485,ChargePoint,582.433,82,86,100,2,4
2022-12-01,13066,ChargePoint,1770.4169999999992,155,404,611,2,4
2022-12-01,12043,ChargePoint,383.97599999999994,29,77,81,1,2
2022-12-01,12845,ChargePoint,633.685,32,119,180,9,14
2022-12-01,11101,ChargePoint,241.61100000000002,13,48,62,2,3
2022-12-01,12303,ChargePoint,297.45799999999997,18,51,80,3,6
2022-11-01,13820,ChargePoint,470.0869999999999,56,117,134,1,2
2022-11-01,13478,ChargePoint,267.191,30,63,156,6,10
2022-11-01,12845,ChargePoint,738.2480000000002,29,135,187,9,14
2022-11-01,10901,ChargePoint,420.25199999999995,53,103,156,4,8
2022-11-01,12953,ChargePoint,102.52899999999998,19,23,28,2,4
2022-11-01,12885,ChargePoint,21.349,6,4,4,1,2
2022-03-01,14120,ChargePoint,456.46200000000005,69,100,452,2,4
2022-03-01,13820,ChargePoint,536.657,99,140,175,1,2
2022-03-01,12305,ChargePoint,2889.0080000000003,116,536,983,3,6
2022-03-01,13212,ChargePoint,436.864,27,81,83,1,2
2022-03-01,12414,ChargePoint,52.35000000000001,7,8,8,1,2
2022-03-01,12970,ChargePoint,1331.735,102,343,547,5,10
2022-03-01,12534,ChargePoint,1623.6389999999994,120,303,460,6,10
2022-03-01,10924,ChargePoint,233.4,11,39,40,2,4
2022-03-01,12043,ChargePoint,25.662,10,7,8,1,2
2022-03-01,13066,ChargePoint,1286.5430000000001,126,300,414,2,4
2022-02-01,12305,ChargePoint,1945.5300000000002,84,365,563,3,6
2022-02-01,10924,ChargePoint,145.526,7,24,25,2,3
2022-02-01,13212,ChargePoint,761.8349999999998,34,141,143,1,2
2022-02-01,12485,ChargePoint,843.1369999999998,58,119,144,2,4
2022-02-01,13210,ChargePoint,165.72299999999996,15,35,52,2,3
2022-02-01,10927,ChargePoint,51.23,5,9,10,1,2
2022-01-01,13066,ChargePoint,642.5189999999998,75,126,135,2,4
2022-01-01,13088,ChargePoint,1340.0300000000004,115,249,347,5,9
2022-01-01,11030,ChargePoint,1623.0149999999996,106,361,583,2,4
2022-01-01,12095,ChargePoint,161.061,22,43,77,2,4
2022-01-01,12455,ChargePoint,144.00699999999998,19,21,22,1,2
2021-12-01,13066,ChargePoint,658.6930000000002,46,131,151,2,4
2021-12-01,13905,ChargePoint,281.10599999999994,33,75,101,3,6
2021-12-01,11590,ChargePoint,9021.988999999989,644,1679,2476,5,10
2021-12-01,12037,ChargePoint,219.07,23,43,57,1,2
2021-12-01,13045,ChargePoint,106.00200000000001,7,23,24,2,2
2021-12-01,12885,ChargePoint,34.462,4,6,6,1,2
2021-12-01,12834,ChargePoint,343.7969999999999,48,88,168,3,6
2021-12-01,10927,ChargePoint,81.017,4,13,13,1,2
2021-12-01,12095,ChargePoint,197.27800000000002,19,40,53,3,5
2021-11-01,13905,ChargePoint,276.933,32,89,132,3,6
2021-11-01,12513,ChargePoint,5.920999999999999,3,2,2,1,1
2021-11-01,13088,ChargePoint,1570.0439999999999,151,290,366,6,11
2021-11-01,13601,ChargePoint,280.524,18,49,54,3,4
2021-11-01,10927,ChargePoint,121.00900000000001,13,18,19,1,2
2021-11-01,10017,ChargePoint,2672.6500000000015,221,748,3155,12,23
2021-11-01,11030,ChargePoint,1520.507,110,343,567,2,4
2021-11-01,12043,ChargePoint,177.52899999999997,13,29,138,1,2
2021-11-01,12953,ChargePoint,141.727,28,40,76,2,3
2021-11-01,10926,ChargePoint,34.339999999999996,12,6,6,1,2
2021-11-01,13057,ChargePoint,529.8909999999998,26,114,280,3,5
2021-11-01,12834,ChargePoint,415.1420000000001,51,100,159,3,6
2021-11-01,14527,ChargePoint,222.582,21,44,61,1,2
2021-01-01,13157,ChargePoint,10.58,1,2,2,1,1
2021-01-01,10017,ChargePoint,515.7560000000001,44,144,1259,8,9
2021-01-01,13820,ChargePoint,24.812,4,10,12,1,1
2021-01-01,12801,ChargePoint,2024.8759999999997,197,527,1752,13,18
2021-01-01,12814,ChargePoint,308.079,11,54,63,5,7
2022-01-01,12204,ChargePoint,524.385,19,95,162,4,7
2022-03-01,12207,ChargePoint,896.116,59,179,248,5,8
2022-01-01,12207,ChargePoint,369.66299999999995,20,73,78,4,5
2021-12-01,12202,ChargePoint,410.21600000000007,44,115,215,8,11
2022-12-01,14760,ChargePoint,2666.4619999999995,116,474,565,1,2
2022-12-01,13502,ChargePoint,754.011,60,147,177,1,2
2022-12-01,13676,ChargePoint,1007.5120000000003,73,211,290,1,2
2022-11-01,13502,ChargePoint,1124.1970000000003,103,223,311,1,2
2022-11-01,13676,ChargePoint,1079.6380000000004,86,254,372,1,2
2022-11-01,14760,ChargePoint,2641.51,115,462,548,1,2
2022-03-01,13088,ChargePoint,1582.097,204,352,695,6,12
2022-03-01,13502,ChargePoint,1039.7220000000002,93,207,286,1,2
2022-03-01,14760,ChargePoint,1303.277,71,235,310,1,2
2022-02-01,13502,ChargePoint,928.5080000000002,76,183,224,1,2
2022-02-01,11777,ChargePoint,450.0559999999999,47,81,184,1,2
2022-01-01,13502,ChargePoint,828.0010000000001,62,157,205,1,2
2022-01-01,13676,ChargePoint,884.2729999999999,75,218,424,1,2
2022-01-01,14303,ChargePoint,1449.968,99,289,563,3,6
2022-01-01,14760,ChargePoint,853.5069999999998,42,148,180,1,2
2021-12-01,13676,ChargePoint,811.211,101,192,339,2,4
2021-12-01,13669,ChargePoint,91.829,9,18,18,1,2
2021-12-01,14760,ChargePoint,420.842,32,78,86,1,2
2021-12-01,13502,ChargePoint,272.728,31,66,83,1,1
2021-11-01,13502,ChargePoint,365.13100000000003,50,89,109,1,1
2021-11-01,13676,ChargePoint,1051.1289999999997,106,241,384,2,4
2021-11-01,14760,ChargePoint,405.46500000000015,34,76,98,1,2
2021-11-01,14075,ChargePoint,957.747,48,171,248,2,4
2021-01-01,13502,ChargePoint,38.687,9,8,10,1,2
2021-01-01,14075,ChargePoint,191.374,14,39,92,3,5
2021-01-01,14760,ChargePoint,130.437,16,24,24,1,2
2021-01-01,12047,ChargePoint,384.64200000000005,37,78,454,7,10
2022-12-01,11777,ChargePoint,88.70499999999998,7,21,45,1,1
2022-11-01,13088,ChargePoint,2775.713,305,595,1020,8,15
2022-03-01,11777,ChargePoint,569.7500000000002,59,96,192,1,2
2022-02-01,14075,ChargePoint,860.1909999999998,59,190,281,2,4
2022-02-01,13676,ChargePoint,1049.294,84,251,451,1,2
2022-01-01,11777,ChargePoint,548.187,44,104,258,1,2
2021-12-01,11777,ChargePoint,515.2,42,98,208,1,2
2021-11-01,11777,ChargePoint,550.7909999999997,50,104,195,1,2
2021-01-01,11777,ChargePoint,153.58699999999996,21,45,121,1,2
2021-01-01,13088,ChargePoint,1026.0829999999999,114,224,363,7,11
2020-12-01,13502,ChargePoint,5.689,1,1,1,1,1
2022-11-01,14304,ChargePoint,276.9189999999999,107,52,61,1,2
2022-02-01,14304,ChargePoint,944.8500000000001,84,162,242,1,2
2022-01-01,14304,ChargePoint,623.1770000000002,68,115,134,1,2
2021-12-01,14304,ChargePoint,528.0110000000001,80,102,104,1,2
2021-11-01,14304,ChargePoint,537.0579999999999,99,110,118,1,2
2022-03-01,14304,ChargePoint,889.1030000000002,100,161,210,1,2
2021-01-01,14214,ChargePoint,310.90900000000005,29,59,65,5,8
2021-01-01,14222,ChargePoint,1157.1289999999995,82,250,384,2,4
2022-12-01,14216,ChargePoint,84.00500000000002,81,17,27,1,2
2022-11-01,14216,ChargePoint,62.345,102,13,24,1,2
2022-03-01,14216,ChargePoint,884.4719999999999,114,177,219,1,2
2022-02-01,14216,ChargePoint,623.7240000000003,63,124,162,1,2
2022-01-01,14216,ChargePoint,964.556,97,184,198,1,2
2021-12-01,14216,ChargePoint,1594.3290000000002,138,298,340,1,2
2021-11-01,14216,ChargePoint,871.4240000000001,100,176,195,1,2
2021-01-01,14216,ChargePoint,405.85699999999997,62,87,93,1,2
2022-11-01,12309,ChargePoint,920.06,99,169,374,5,10
2022-10-01,13905,ChargePoint,736.2069999999999,100,197,370,3,6
2022-10-01,14120,ChargePoint,1454.9019999999991,66,230,601,2,4
2022-10-01,12553,ChargePoint,294.22900000000004,31,56,80,2,3
2022-10-01,14850,ChargePoint,1931.3099999999993,190,430,738,2,4
2022-10-01,10461,ChargePoint,263.673,29,54,61,1,2
2022-10-01,11030,ChargePoint,1028.598,61,218,263,2,4
2022-10-01,10940,ChargePoint,17767.49100000001,845,4179,6287,19,38
2022-10-01,12309,ChargePoint,925.3359999999998,101,178,437,5,9
2022-10-01,12305,ChargePoint,1357.347,114,285,374,3,6
2022-10-01,12534,ChargePoint,3355.333999999998,248,623,1128,6,9
2022-10-01,12043,ChargePoint,112.166,10,17,18,1,2
2022-10-01,12526,ChargePoint,514.5070000000002,38,104,184,1,2
2022-10-01,14456,ChargePoint,4371.111,276,850,1144,4,7
2022-10-01,13478,ChargePoint,663.476,48,138,210,6,10
2022-10-01,14432,ChargePoint,176.05100000000002,15,35,85,2,3
2022-10-01,12455,ChargePoint,407.16999999999996,52,82,107,1,2
2022-10-01,13365,ChargePoint,59.583000000000006,13,15,30,1,2
2022-10-01,13212,ChargePoint,117.99300000000001,27,29,42,1,2
2022-10-01,12513,ChargePoint,75.337,9,16,16,1,2
2022-10-01,10901,ChargePoint,490.9339999999999,62,129,202,5,9
2022-10-01,12901,ChargePoint,1345.730999999999,108,280,348,7,13
2022-10-01,10977,ChargePoint,1017.8159999999998,79,234,280,2,4
2022-10-01,12485,ChargePoint,613.971,81,85,101,2,4
2022-10-01,12997,ChargePoint,145.442,18,27,30,3,6
2022-10-01,13088,ChargePoint,2814.917,294,592,897,8,16
2022-10-01,14530,ChargePoint,1563.0029999999992,61,224,326,1,2
2022-09-01,14120,ChargePoint,793.5419999999999,34,130,411,2,4
2022-09-01,12901,ChargePoint,1248.1849999999995,123,259,339,7,14
2022-09-01,12553,ChargePoint,200.69000000000003,16,39,42,2,3
2022-09-01,10940,ChargePoint,16021.338999999994,790,3499,5628,19,38
2022-09-01,13308,ChargePoint,96.12700000000001,6,14,14,1,1
2022-09-01,11030,ChargePoint,1762.7510000000004,113,411,588,2,4
2022-09-01,14850,ChargePoint,1827.4699999999996,169,400,704,2,4
2022-09-01,12309,ChargePoint,1266.7359999999996,133,240,642,5,10
2022-09-01,12974,ChargePoint,263.295,31,52,71,2,4
2022-09-01,12305,ChargePoint,1583.0409999999997,106,318,375,3,6
2022-09-01,10926,ChargePoint,96.26899999999999,16,19,19,1,2
2022-09-01,14411,ChargePoint,514.7800000000001,18,89,98,1,2
2022-09-01,10924,ChargePoint,162.01799999999997,10,28,30,2,4
2022-09-01,13655,ChargePoint,425.577,25,74,134,2,4
2022-09-01,14456,ChargePoint,3760.245000000001,227,704,914,3,6
2022-09-01,13066,ChargePoint,1457.1629999999996,105,299,453,2,4
2022-09-01,10461,ChargePoint,214.25800000000004,28,47,54,1,2
2022-09-01,12526,ChargePoint,759.465,46,135,250,1,2
2022-09-01,13478,ChargePoint,778.8090000000002,60,145,266,6,11
2022-09-01,14527,ChargePoint,448.713,51,96,144,1,2
2022-09-01,13617,ChargePoint,3649.102999999999,261,716,898,3,6
2022-09-01,12970,ChargePoint,1550.238,103,345,466,5,10
2022-09-01,12834,ChargePoint,211.13500000000002,39,65,147,3,4
2022-09-01,13210,ChargePoint,291.5300000000001,19,53,87,2,4
2022-08-01,10940,ChargePoint,20009.966999999975,999,4248,6894,19,37
2022-08-01,12534,ChargePoint,2888.1349999999998,203,637,994,5,8
2022-08-01,14850,ChargePoint,2207.591999999999,190,473,770,2,4
2022-08-01,13617,ChargePoint,3407.5810000000006,246,672,892,3,6
2022-08-01,11030,ChargePoint,1644.5399999999997,131,460,589,2,4
2022-08-01,13905,ChargePoint,463.68300000000005,69,135,303,3,6
2022-08-01,14456,ChargePoint,2125.842,141,466,639,2,4
2022-08-01,10461,ChargePoint,290.475,32,59,63,1,2
2022-08-01,10924,ChargePoint,782.898,28,137,145,2,4
2022-08-01,14411,ChargePoint,391.55699999999996,20,71,80,1,2
2022-08-01,12553,ChargePoint,490.852,24,84,100,1,2
2022-08-01,10977,ChargePoint,941.9899999999998,75,215,266,2,4
2022-08-01,12970,ChargePoint,1843.9670000000003,162,385,593,5,10
2022-08-01,12037,ChargePoint,374.41099999999994,42,68,75,1,2
2022-08-01,13478,ChargePoint,680.1570000000002,74,141,337,6,12
2022-08-01,14527,ChargePoint,579.924,76,118,161,1,2
2022-08-01,10901,ChargePoint,729.8570000000001,63,175,252,5,8
2022-08-01,12414,ChargePoint,252.80500000000004,26,41,41,3,5
2022-08-01,14303,ChargePoint,5120.315000000003,405,998,1332,5,9
2022-08-01,14530,ChargePoint,789.434,31,116,160,1,2
2022-08-01,10952,ChargePoint,3074.437,127,612,1085,2,3
2022-08-01,12485,ChargePoint,595.596,92,86,98,2,4
2022-08-01,12303,ChargePoint,150.251,13,25,32,2,4
2022-08-01,13066,ChargePoint,1656.7460000000017,164,352,559,2,4
2022-08-01,13901,ChargePoint,1028.4339999999997,56,189,293,2,4
2022-08-01,12033,ChargePoint,1571.3109999999997,98,281,388,5,10
2022-08-01,13326,ChargePoint,459.445,70,78,90,4,8
2022-08-01,12983,ChargePoint,636.5229999999997,51,143,279,3,5
2022-08-01,12198,ChargePoint,94.294,18,26,51,2,4
2022-07-01,12553,ChargePoint,207.86899999999997,21,38,48,1,2
2022-07-01,13478,ChargePoint,1168.2999999999997,77,240,350,6,12
2022-07-01,13066,ChargePoint,1554.536999999999,176,344,514,2,4
2022-07-01,12414,ChargePoint,513.3599999999999,43,85,101,1,2
2022-07-01,10461,ChargePoint,396.459,45,76,80,1,2
2022-07-01,10940,ChargePoint,19804.305000000004,999,4179,7058,18,36
2022-07-01,12015,ChargePoint,160.95100000000002,21,25,27,2,4
2022-07-01,12534,ChargePoint,2850.2090000000007,188,550,998,4,7
2022-07-01,14303,ChargePoint,5230.76,416,1042,1267,4,8
2022-07-01,14513,ChargePoint,383.242,31,70,149,3,6
2022-07-01,13365,ChargePoint,37.818,9,9,12,1,2
2022-07-01,12953,ChargePoint,170.28400000000002,29,36,42,2,4
2022-07-01,13905,ChargePoint,277.1599999999999,45,82,152,3,6
2022-07-01,13021,ChargePoint,948.3399999999998,55,165,187,1,2
2022-07-01,12983,ChargePoint,1382.6049999999996,87,269,438,3,6
2022-07-01,14456,ChargePoint,1784.8330000000003,123,361,420,1,2
2022-07-01,13617,ChargePoint,2563.8550000000005,221,548,873,3,6
2022-07-01,11030,ChargePoint,1666.7370000000008,128,420,582,2,4
2022-07-01,14527,ChargePoint,880.5769999999997,78,162,205,1,2
2022-07-01,14120,ChargePoint,300.1640000000001,29,62,226,2,3
2022-07-01,12303,ChargePoint,412.42600000000004,15,72,83,2,4
2022-07-01,12305,ChargePoint,2683.8479999999995,166,507,684,3,6
2022-07-01,10924,ChargePoint,467.2959999999999,16,78,80,2,3
2022-07-01,12037,ChargePoint,239.113,29,45,57,1,2
2022-07-01,13045,ChargePoint,128.387,14,26,26,3,6
2022-07-01,13326,ChargePoint,527.9810000000001,83,89,113,4,8
2022-07-01,12043,ChargePoint,241.73999999999998,25,44,45,1,2
2022-07-01,10901,ChargePoint,360.19200000000006,41,106,151,4,7
2022-07-01,12309,ChargePoint,943.979,122,188,495,5,10
2022-07-01,14432,ChargePoint,136.073,11,25,58,3,6
2022-06-01,14303,ChargePoint,3999.6729999999984,354,833,1052,4,8
2022-06-01,14513,ChargePoint,360.0,34,70,183,5,7
2022-06-01,12033,ChargePoint,1800.926,108,325,466,5,10
2022-06-01,13021,ChargePoint,728.1830000000001,58,124,134,1,2
2022-06-01,12534,ChargePoint,2054.348,184,451,833,6,11
2022-06-01,14850,ChargePoint,2404.335000000001,212,536,810,2,4
2022-06-01,13905,ChargePoint,381.6099999999998,56,120,270,3,6
2022-06-01,14456,ChargePoint,2092.294,146,414,583,4,8
2022-06-01,13088,ChargePoint,2644.2400000000007,365,536,951,5,10
2022-06-01,13478,ChargePoint,1101.158,71,211,315,6,10
2022-06-01,13066,ChargePoint,1596.9459999999995,142,367,554,2,4
2022-06-01,12309,ChargePoint,1038.3310000000001,145,211,556,6,11
2022-06-01,12198,ChargePoint,140.615,31,39,88,2,4
2022-06-01,12553,ChargePoint,153.659,20,33,58,4,5
2022-06-01,10901,ChargePoint,309.13900000000007,35,96,144,5,7
2022-06-01,12305,ChargePoint,3323.256000000002,193,650,844,3,6
2022-06-01,13212,ChargePoint,318.71000000000004,66,66,74,1,2
2022-06-01,12015,ChargePoint,212.51899999999998,21,33,45,2,4
2022-06-01,10927,ChargePoint,134.47,17,21,25,1,2
2022-06-01,10924,ChargePoint,339.84100000000007,27,71,73,2,4
2022-06-01,11030,ChargePoint,1970.2690000000002,142,479,705,2,4
2022-05-01,13905,ChargePoint,526.988,76,160,320,3,6
2022-05-01,12534,ChargePoint,2407.8359999999993,210,489,1058,6,12
2022-05-01,10940,ChargePoint,17816.14900000002,894,3799,6193,17,34
2022-05-01,13021,ChargePoint,481.21400000000017,50,83,94,1,2
2022-05-01,10926,ChargePoint,174.20900000000003,31,31,42,1,2
2022-05-01,12553,ChargePoint,96.55800000000002,14,21,31,2,3
2022-05-01,13066,ChargePoint,1673.9400000000007,127,372,559,2,4
2022-05-01,12309,ChargePoint,773.7860000000001,103,160,480,6,11
2022-05-01,14527,ChargePoint,488.94600000000014,67,106,143,1,2
2022-05-01,10460,ChargePoint,1617.2409999999993,122,368,532,3,5
2022-05-01,12946,ChargePoint,1981.9759999999997,250,382,487,14,21
2022-05-01,11222,ChargePoint,848.6800000000001,32,163,634,3,6
2022-05-01,13212,ChargePoint,557.689,105,113,122,1,2
2022-05-01,12485,ChargePoint,355.6049999999999,64,52,58,2,4
2022-05-01,11030,ChargePoint,1724.3970000000004,140,501,723,2,4
2022-05-01,12037,ChargePoint,278.641,27,47,59,1,2
2022-05-01,14456,ChargePoint,3462.8099999999995,201,630,876,4,7
2022-05-01,13478,ChargePoint,1467.2959999999996,97,330,571,6,11
2022-05-01,10461,ChargePoint,563.6489999999999,46,109,125,1,2
2022-04-01,10940,ChargePoint,16558.43900000001,830,3357,5503,18,35
2022-04-01,12485,ChargePoint,253.898,21,37,37,2,4
2022-04-01,12043,ChargePoint,103.225,14,18,23,1,2
2022-04-01,12305,ChargePoint,1846.4710000000002,121,366,494,3,6
2022-04-01,13905,ChargePoint,597.4380000000002,87,185,405,3,6
2022-04-01,13057,ChargePoint,2365.7740000000003,157,483,1125,5,10
2022-04-01,14456,ChargePoint,3633.061000000002,212,685,981,4,8
2022-04-01,13021,ChargePoint,433.464,21,65,79,1,2
2022-04-01,10901,ChargePoint,134.45499999999998,19,35,55,4,6
2022-04-01,13326,ChargePoint,90.75800000000001,18,16,16,4,8
2022-04-01,12953,ChargePoint,123.28500000000001,19,28,32,2,4
2022-04-01,12534,ChargePoint,2113.5370000000003,175,399,785,6,11
2022-04-01,10461,ChargePoint,350.46400000000006,30,72,78,1,2
2022-04-01,12946,ChargePoint,1366.398,178,268,371,13,22
2022-04-01,10927,ChargePoint,41.746,7,6,6,1,2
2022-04-01,13066,ChargePoint,1172.484,125,284,419,2,4
2022-04-01,12414,ChargePoint,101.40100000000001,5,16,16,1,2
2022-04-01,12553,ChargePoint,207.26000000000002,12,37,55,1,2
2022-04-01,13478,ChargePoint,1040.905,76,245,385,6,10
2022-04-01,13027,ChargePoint,209.64,47,50,57,2,4
2022-04-01,12033,ChargePoint,1503.7590000000007,85,289,404,5,8
2022-04-01,10952,ChargePoint,2076.67,111,419,854,2,3
2022-03-01,10977,ChargePoint,931.1449999999998,72,218,256,2,4
2022-03-01,12834,ChargePoint,566.8990000000001,82,125,245,3,6
2022-03-01,14411,ChargePoint,537.458,21,96,131,1,2
2021-11-01,14530,ChargePoint,417.63,32,64,76,1,2
2021-10-01,12043,ChargePoint,536.241,28,81,481,1,2
2021-10-01,12953,ChargePoint,113.48299999999998,18,28,77,2,4
2021-10-01,12303,ChargePoint,263.666,13,45,55,3,5
2021-09-01,12723,ChargePoint,22.802000000000003,8,7,23,1,2
2020-08-01,14891,ChargePoint,774.659,46,139,250,1,2
2022-10-01,10044,ChargePoint,5012.3650000000025,178,1189,1257,3,6
2022-10-01,10017,ChargePoint,1031.7120000000002,59,190,243,11,14
2022-10-01,10038,ChargePoint,722.2679999999999,16,124,229,3,6
2022-09-01,10038,ChargePoint,520.7370000000001,14,93,211,5,6
2022-09-01,10044,ChargePoint,4723.711,181,1112,1165,3,6
2022-09-01,10017,ChargePoint,956.4000000000001,57,187,368,9,12
2022-08-01,10017,ChargePoint,1251.8789999999997,81,288,471,10,17
2022-08-01,10024,ChargePoint,2928.3140000000008,163,592,1302,4,8
2022-08-01,10044,ChargePoint,4015.448,120,877,917,3,6
2022-08-01,10010,ChargePoint,650.7640000000001,45,121,171,2,4
2022-08-01,10038,ChargePoint,815.192,22,143,260,4,6
2022-07-01,10010,ChargePoint,524.635,21,94,134,2,4
2022-07-01,10017,ChargePoint,1495.0109999999993,94,341,1652,9,15
2022-07-01,10044,ChargePoint,3736.7189999999982,143,801,856,3,6
2022-07-01,10024,ChargePoint,2185.1700000000005,125,432,1599,4,8
2022-06-01,10017,ChargePoint,2438.46,215,633,1877,11,17
2022-06-01,10044,ChargePoint,3590.4419999999996,133,755,825,3,6
2022-06-01,10038,ChargePoint,650.35,19,116,188,4,5
2022-06-01,10010,ChargePoint,419.77,20,73,100,2,4
2022-05-01,10044,ChargePoint,3664.504999999999,132,811,862,3,6
2022-05-01,10010,ChargePoint,237.625,10,43,158,2,4
2022-04-01,10044,ChargePoint,3235.1290000000013,122,654,709,3,6
2022-10-01,12603,ChargePoint,1964.7250000000008,111,404,434,2,4
2022-09-01,12603,ChargePoint,2341.5889999999995,113,452,490,2,4
2022-09-01,12571,ChargePoint,2926.866000000001,148,522,785,7,13
2022-08-01,12603,ChargePoint,1273.4840000000002,86,247,273,2,4
2022-08-01,12571,ChargePoint,2782.300000000001,155,506,837,6,12
2022-08-01,12583,ChargePoint,154.778,33,33,44,1,2
2022-07-01,12603,ChargePoint,1460.9359999999997,85,272,293,2,4
2022-06-01,12603,ChargePoint,1339.106,85,278,334,2,4
2022-06-01,12571,ChargePoint,2603.989999999999,174,485,726,7,13
2022-05-01,12603,ChargePoint,1265.648,88,252,318,2,4
2022-05-01,12583,ChargePoint,759.7560000000002,73,162,266,1,2
2022-05-01,12571,ChargePoint,2838.5899999999992,171,581,815,7,14
2022-04-01,12603,ChargePoint,1427.4530000000004,105,316,387,2,4
2022-04-01,12601,ChargePoint,1731.4100000000008,174,382,875,13,21
2022-10-01,10708,ChargePoint,3377.6049999999996,202,640,1328,9,14
2022-10-01,10552,ChargePoint,1441.2069999999999,72,253,959,2,4
2022-10-01,10520,ChargePoint,1501.4190000000003,148,330,1265,3,5
2022-10-01,10514,ChargePoint,1269.138,112,232,349,5,9
2022-09-01,10552,ChargePoint,1523.4409999999998,90,278,945,2,4
2022-09-01,10595,ChargePoint,2102.2539999999995,137,527,773,5,9
2022-09-01,10514,ChargePoint,560.155,65,101,186,4,7
2022-08-01,10595,ChargePoint,2410.687000000001,146,587,821,6,11
2022-08-01,10520,ChargePoint,1492.4600000000003,134,347,1237,3,6
2022-08-01,10536,ChargePoint,7.69,6,2,2,1,2
2022-08-01,10605,ChargePoint,2495.005,154,477,677,6,10
2022-07-01,10543,ChargePoint,357.56899999999996,39,80,184,1,2
2022-07-01,10552,ChargePoint,983.7529999999999,59,181,657,2,4
2022-07-01,10520,ChargePoint,1688.3599999999997,148,394,1395,3,6
2022-07-01,10514,ChargePoint,200.141,61,38,42,3,5
2022-07-01,10605,ChargePoint,2841.6900000000005,181,562,854,5,10
2022-07-01,10708,ChargePoint,2975.65,192,557,1112,9,13
2022-06-01,10552,ChargePoint,1371.545,81,246,629,2,4
2022-06-01,10595,ChargePoint,1592.968,107,421,572,5,8
2022-05-01,10552,ChargePoint,867.7609999999999,46,149,368,2,4
2022-05-01,10595,ChargePoint,1400.6299999999999,108,380,557,5,8
2022-05-01,10576,ChargePoint,654.239,62,135,194,1,2
2022-05-01,10605,ChargePoint,2352.337000000001,125,460,615,4,8
2022-04-01,10595,ChargePoint,1159.9689999999998,119,314,552,5,10
2022-04-01,10552,ChargePoint,890.7619999999998,34,155,401,2,4
2022-04-01,10708,ChargePoint,3126.408999999999,224,661,1436,8,13
2022-04-01,10576,ChargePoint,637.9449999999998,42,135,191,1,2
2022-04-01,10520,ChargePoint,885.3560000000002,98,206,766,3,5
2022-04-01,10536,ChargePoint,185.66200000000003,19,35,36,1,2
2020-09-01,10595,ChargePoint,1487.003,82,342,467,4,6
2020-05-01,10595,ChargePoint,886.8309999999998,63,214,288,3,4
2022-10-01,13901,ChargePoint,1231.016,65,240,434,2,4
2022-10-01,12845,ChargePoint,1485.0260000000003,116,277,625,12,20
2022-10-01,13057,ChargePoint,1958.8699999999994,105,413,812,5,9
2022-10-01,12203,ChargePoint,9945.691999999983,732,2077,2388,27,50
2022-09-01,12845,ChargePoint,1605.2110000000005,72,284,492,10,16
2022-09-01,13901,ChargePoint,1042.873,69,211,449,2,4
2022-08-01,13057,ChargePoint,2564.144999999999,125,570,1099,4,8
2022-08-01,12207,ChargePoint,1033.093,65,198,326,4,7
2022-08-01,11590,ChargePoint,10789.591999999997,716,2023,2853,5,9
2022-08-01,12529,ChargePoint,160.965,11,30,30,1,2
2022-07-01,13753,ChargePoint,34.25,4,7,7,1,2
2022-07-01,12211,ChargePoint,1538.6669999999995,164,360,419,18,27
2022-07-01,12996,ChargePoint,374.85300000000007,38,55,56,2,4
2022-07-01,12207,ChargePoint,1211.6919999999998,92,238,392,6,9
2022-06-01,12211,ChargePoint,1675.7839999999999,165,380,432,19,33
2022-06-01,13057,ChargePoint,1895.3319999999992,92,390,726,5,9
2022-06-01,12054,ChargePoint,2400.506999999999,230,533,1484,17,30
2022-06-01,12996,ChargePoint,304.74099999999993,14,45,45,2,4
2022-06-01,13901,ChargePoint,840.9199999999998,74,166,417,2,4
2022-06-01,12205,ChargePoint,5275.070999999996,534,1114,1681,24,46
2022-05-01,12203,ChargePoint,8545.876999999999,691,1806,2517,24,47
2022-05-01,12054,ChargePoint,2374.580000000001,237,522,1604,18,29
2022-05-01,13901,ChargePoint,1315.154,100,268,839,2,4
2022-04-01,13753,ChargePoint,82.21899999999998,10,17,18,1,2
2022-04-01,13901,ChargePoint,1137.6849999999997,104,234,863,2,4
2022-04-01,12211,ChargePoint,1479.584,186,340,420,20,33
2022-04-01,12205,ChargePoint,4617.686000000003,451,1016,1292,20,36
2022-03-01,10605,ChargePoint,2159.1450000000004,116,399,577,5,10
2021-10-01,12921,ChargePoint,61.089,5,12,25,1,2
2022-08-01,12845,ChargePoint,2131.51,135,379,657,11,21
2022-07-01,12885,ChargePoint,90.951,10,18,22,1,2
2022-07-01,12845,ChargePoint,2181.2979999999993,132,373,572,12,24
2022-06-01,12845,ChargePoint,1064.94,67,180,296,12,18
2022-06-01,12885,ChargePoint,48.208,9,10,11,1,2
2022-04-01,12845,ChargePoint,1288.5510000000006,64,220,399,12,20
2022-05-01,12801,ChargePoint,3791.8559999999993,362,792,1593,14,25
2022-10-01,12801,ChargePoint,5343.624000000002,397,1033,2070,17,29
2022-09-01,12801,ChargePoint,4817.187999999999,353,920,1925,17,29
2022-08-01,12801,ChargePoint,5032.715000000004,376,1001,2034,16,30
2022-07-01,12801,ChargePoint,4507.198000000001,383,912,1835,16,26
2022-06-01,12801,ChargePoint,4038.267000000001,386,858,1619,17,28
2022-04-01,12801,ChargePoint,4708.559000000001,375,925,1835,17,28
2022-07-01,12065,ChargePoint,4227.188000000002,691,935,1358,21,35
2022-04-01,12065,ChargePoint,3298.405000000003,598,734,1225,19,33
2022-10-01,12803,ChargePoint,582.367,60,106,115,2,3
2022-10-01,12019,ChargePoint,39.418,13,7,7,3,4
2022-09-01,12803,ChargePoint,544.3510000000001,57,99,105,2,3
2022-08-01,12803,ChargePoint,449.2250000000001,66,92,99,2,3
2022-07-01,12019,ChargePoint,18.680000000000003,13,4,5,3,4
2022-04-01,12803,ChargePoint,1074.3580000000002,63,191,203,2,4
2021-10-01,12803,ChargePoint,434.548,50,96,122,3,6
2022-10-01,11738,ChargePoint,4102.794999999999,370,1030,1329,5,10
2022-10-01,11717,ChargePoint,1690.4399999999991,189,412,769,4,8
2022-10-01,11754,ChargePoint,338.952,40,75,181,1,2
2022-09-01,11738,ChargePoint,3228.843000000002,313,813,1111,5,10
2022-09-01,11754,ChargePoint,275.9789999999999,29,58,155,1,2
2022-08-01,11738,ChargePoint,2253.2759999999994,176,518,637,5,10
2022-08-01,11717,ChargePoint,1854.9390000000003,200,434,708,4,7
2022-07-01,11738,ChargePoint,2341.7319999999995,166,514,634,5,10
2022-07-01,11740,ChargePoint,759.3130000000001,76,153,260,1,2
2022-07-01,11754,ChargePoint,280.53000000000003,29,60,153,1,2
2022-07-01,11766,ChargePoint,282.9960000000001,32,79,116,1,2
2022-07-01,11717,ChargePoint,2013.0950000000007,187,456,719,3,6
2022-06-01,11772,ChargePoint,784.969,49,117,157,1,2
2022-06-01,11717,ChargePoint,2055.899,205,459,699,4,7
2022-06-01,11740,ChargePoint,871.2549999999998,72,170,327,1,2
2022-06-01,11738,ChargePoint,2701.6269999999995,223,593,740,5,10
2022-05-01,11740,ChargePoint,674.023,66,161,270,1,2
2022-05-01,11717,ChargePoint,1276.01,166,311,572,4,8
2022-05-01,11754,ChargePoint,287.993,32,62,161,1,2
2022-05-01,11738,ChargePoint,1924.2789999999998,178,468,656,3,6
2022-05-01,11766,ChargePoint,161.97699999999998,21,43,70,1,2
2022-04-01,11766,ChargePoint,163.91199999999998,18,38,47,2,3
2022-04-01,11717,ChargePoint,334.02600000000007,61,89,227,2,4
2022-04-01,11740,ChargePoint,600.7419999999998,73,137,223,1,2
2022-04-01,11738,ChargePoint,2696.9399999999987,233,662,912,3,6
2022-04-01,11772,ChargePoint,328.781,30,51,76,1,2
2022-04-01,11747,ChargePoint,2244.6009999999997,152,423,584,4,8
2022-03-01,11772,ChargePoint,427.51599999999996,29,69,110,1,2
2022-09-01,11968,ChargePoint,2152.0759999999987,106,409,440,1,2
2022-08-01,11968,ChargePoint,2386.874,113,455,487,1,2
2022-07-01,11968,ChargePoint,2020.549,94,369,402,1,2
2022-06-01,11968,ChargePoint,2103.76,95,416,446,1,2
2022-05-01,11968,ChargePoint,2433.343,106,456,505,1,2
2022-04-01,11968,ChargePoint,1916.586,89,387,407,1,2
2022-10-01,12304,ChargePoint,1414.208000000001,239,288,340,3,6
2022-09-01,12304,ChargePoint,1185.2320000000004,205,244,301,3,6
2022-08-01,12308,ChargePoint,2542.2400000000007,170,490,813,5,9
2022-08-01,12304,ChargePoint,1292.9489999999996,226,269,315,3,6
2022-07-01,12304,ChargePoint,1253.4709999999995,237,284,324,3,6
2022-06-01,12304,ChargePoint,1276.6449999999993,211,341,389,3,6
2022-05-01,12304,ChargePoint,748.7819999999994,233,255,280,3,6
2022-04-01,12304,ChargePoint,596.311,235,183,207,3,6
2022-10-01,12144,ChargePoint,366.0510000000001,89,105,106,3,5
2022-09-01,12144,ChargePoint,297.168,93,91,94,3,6
2022-06-01,10990,ChargePoint,209.62299999999996,85,54,58,1,2
2022-03-01,10990,ChargePoint,242.8569999999999,73,54,55,1,2
2022-10-01,14086,ChargePoint,941.1810000000004,73,150,158,1,2
2022-10-01,14150,ChargePoint,2139.5399999999977,228,395,511,3,6
2022-09-01,14150,ChargePoint,2204.043999999999,284,419,569,3,6
2022-09-01,14086,ChargePoint,916.1479999999998,101,152,163,1,2
2022-09-01,14059,ChargePoint,261.91200000000003,23,46,76,1,2
2022-09-01,14075,ChargePoint,1363.291,96,254,309,2,4
2022-08-01,14006,ChargePoint,161.228,17,29,39,1,2
2022-08-01,14086,ChargePoint,429.5040000000001,72,78,81,1,2
2022-08-01,14127,ChargePoint,2246.009,284,458,733,9,12
2022-08-01,14150,ChargePoint,2944.0899999999983,345,555,605,3,6
2022-07-01,14059,ChargePoint,709.4859999999999,68,134,197,1,2
2022-07-01,14069,ChargePoint,755.465,58,118,132,1,2
2022-07-01,14006,ChargePoint,474.17499999999995,41,80,84,1,2
2022-07-01,14086,ChargePoint,1026.9090000000003,127,199,240,1,2
2022-06-01,14127,ChargePoint,1751.7029999999995,237,341,397,8,11
2022-06-01,14059,ChargePoint,941.005,85,174,236,1,2
2022-06-01,14086,ChargePoint,802.38,118,164,180,1,2
2022-06-01,14069,ChargePoint,974.7559999999996,64,158,169,1,2
2022-06-01,14150,ChargePoint,2166.8910000000005,295,432,459,3,6
2022-06-01,14139,ChargePoint,611.1819999999999,34,126,154,1,2
2022-05-01,14150,ChargePoint,1739.3509999999999,299,346,395,3,6
2022-05-01,14086,ChargePoint,759.0060000000002,109,151,157,1,2
2022-04-01,14086,ChargePoint,578.5810000000001,68,110,119,1,2
2022-04-01,14139,ChargePoint,468.16799999999984,31,97,122,1,2
2022-04-01,14150,ChargePoint,1784.9079999999997,220,345,422,3,5
2022-11-01,14141,ChargePoint,1424.4769999999994,42,252,392,1,2
2022-10-01,14052,ChargePoint,6976.4500000000035,461,1485,2126,8,16
2022-10-01,14141,ChargePoint,1061.1189999999997,36,182,280,1,2
2022-09-01,14052,ChargePoint,6101.693999999999,409,1318,1945,8,16
2022-08-01,14052,ChargePoint,7212.162000000002,455,1496,2073,8,16
2022-08-01,14141,ChargePoint,977.7640000000002,30,184,269,1,2
2022-07-01,14052,ChargePoint,6801.5750000000035,433,1392,1862,8,16
2022-06-01,14052,ChargePoint,7373.029999999995,473,1531,2139,8,16
2022-06-01,14141,ChargePoint,963.21,28,182,241,1,2
2022-05-01,14141,ChargePoint,518.52,37,96,172,1,2
2022-04-01,14052,ChargePoint,5656.766999999997,374,1260,1967,8,16
2021-11-01,14052,ChargePoint,4128.687999999999,336,967,1615,8,16
2022-10-01,14203,ChargePoint,1494.649,97,272,386,2,4
2022-10-01,14222,ChargePoint,5907.958999999998,479,1235,1712,5,10
2022-09-01,14203,ChargePoint,995.9019999999998,84,183,257,2,4
2022-06-01,14222,ChargePoint,3935.0669999999996,361,837,1315,5,10
2022-05-01,14203,ChargePoint,868.9730000000001,101,191,307,3,6
2022-05-01,14222,ChargePoint,4365.892,384,920,1288,5,10
2022-04-01,14203,ChargePoint,877.7290000000004,106,215,308,3,5
2021-10-01,14203,ChargePoint,434.3889999999999,59,106,132,3,5
2022-10-01,14202,ChargePoint,501.5210000000001,27,93,108,1,1
2022-10-01,14209,ChargePoint,554.766,20,101,125,3,4
2022-09-01,14202,ChargePoint,188.341,14,40,52,1,1
2022-09-01,14209,ChargePoint,143.859,7,25,26,1,2
2022-08-01,14202,ChargePoint,831.0400000000002,32,143,174,1,1
2022-08-01,14209,ChargePoint,290.97300000000007,10,55,67,1,2
2022-07-01,14202,ChargePoint,1435.877,40,253,272,1,1
2022-07-01,14222,ChargePoint,3883.8149999999982,340,845,1239,5,10
2022-07-01,14209,ChargePoint,511.43300000000005,13,103,106,1,2
2022-06-01,14202,ChargePoint,753.9319999999999,34,136,154,1,1
2022-06-01,14213,ChargePoint,72.26100000000001,6,17,17,1,2
2022-06-01,14209,ChargePoint,376.37300000000005,18,70,81,1,2
2022-05-01,14209,ChargePoint,301.84499999999997,14,50,78,2,3
2022-05-01,14202,ChargePoint,746.5740000000002,36,146,167,1,2
2022-04-01,14209,ChargePoint,845.2639999999999,28,141,222,3,5
2022-04-01,14202,ChargePoint,1004.807,34,206,236,1,2
2022-03-01,14226,ChargePoint,1013.389,90,201,283,4,8
2022-10-01,14228,ChargePoint,5986.107999999998,795,1377,3052,10,18
2022-10-01,14214,ChargePoint,1409.108,117,280,370,8,15
2022-09-01,14228,ChargePoint,5780.572,780,1286,3081,10,18
2022-09-01,14214,ChargePoint,1428.8079999999993,117,279,404,8,16
2022-08-01,14228,ChargePoint,2303.5829999999996,353,508,1922,10,18
2022-08-01,14214,ChargePoint,1847.655,160,351,457,8,16
2022-07-01,14214,ChargePoint,1912.9239999999998,153,364,513,8,16
2022-06-01,14228,ChargePoint,1745.485000000001,218,386,1762,10,17
2022-06-01,14214,ChargePoint,1456.6449999999998,108,278,400,8,13
2022-05-01,14228,ChargePoint,3977.093,456,829,2216,10,18
2022-04-01,14228,ChargePoint,5953.8629999999985,664,1253,3026,10,18
2022-04-01,14214,ChargePoint,1087.9969999999998,96,211,282,8,16
2022-08-01,12561,ChargePoint,3827.937,378,791,1343,17,31
2022-07-01,12561,ChargePoint,3304.5180000000028,333,644,1115,17,31
2022-10-01,12498,ChargePoint,794.0179999999999,105,170,172,1,2
2022-10-01,12477,ChargePoint,2230.788,173,383,569,5,10
2022-10-01,12525,ChargePoint,768.0099999999999,62,124,144,1,2
2022-09-01,12477,ChargePoint,1835.8649999999998,132,310,512,5,10
2022-09-01,12525,ChargePoint,577.5550000000001,60,91,104,1,2
2022-09-01,12498,ChargePoint,784.6230000000004,84,171,173,1,2
2022-08-01,12498,ChargePoint,476.26700000000005,90,110,119,1,2
2022-08-01,12477,ChargePoint,1757.0739999999998,124,302,579,5,10
2022-07-01,12477,ChargePoint,1961.2409999999995,137,330,572,5,10
2022-07-01,12443,ChargePoint,111.983,9,16,16,1,2
2022-06-01,12498,ChargePoint,567.3149999999999,90,133,145,1,2
2022-06-01,12525,ChargePoint,944.821,73,149,170,1,2
2022-05-01,12477,ChargePoint,2050.2639999999997,143,340,403,5,10
2022-05-01,12498,ChargePoint,471.91499999999985,79,104,107,1,2
2022-04-01,12498,ChargePoint,513.0989999999998,61,116,144,1,2
2022-03-01,12477,ChargePoint,2386.129,214,457,765,5,10
2021-11-01,12498,ChargePoint,271.25600000000003,46,60,63,1,2
2022-10-01,12484,ChargePoint,602.5389999999999,65,117,135,1,2
2022-09-01,12484,ChargePoint,667.2429999999999,87,139,178,1,2
2022-08-01,12484,ChargePoint,861.1139999999999,65,156,165,1,2
2022-08-01,12428,ChargePoint,792.8640000000001,91,139,151,1,2
2022-07-01,12484,ChargePoint,718.4929999999999,59,129,143,1,2
2022-07-01,12428,ChargePoint,722.281,77,140,157,1,2
2022-06-01,12484,ChargePoint,467.2290000000001,29,85,94,1,2
2022-05-01,12428,ChargePoint,649.1100000000001,76,125,166,1,2
2022-05-01,12484,ChargePoint,525.887,50,106,121,1,2
2022-04-01,12484,ChargePoint,644.8540000000002,71,126,149,1,2
2022-04-01,12428,ChargePoint,569.9010000000002,59,105,120,1,2
2021-10-01,12484,ChargePoint,172.98900000000003,27,33,44,1,2
2022-10-01,14420,ChargePoint,700.996,59,144,181,3,6
2022-09-01,14420,ChargePoint,793.2479999999999,85,167,203,3,6
2022-08-01,14420,ChargePoint,349.778,35,71,91,3,6
2022-06-01,14420,ChargePoint,332.19599999999997,22,61,78,3,6
2022-05-01,14420,ChargePoint,492.63699999999994,52,100,125,3,6
2022-04-01,14420,ChargePoint,956.5990000000002,97,211,226,3,6
2021-10-01,14420,ChargePoint,582.0809999999998,42,137,161,3,6
2022-09-01,14617,ChargePoint,1122.8010000000006,136,210,248,10,14
2022-08-01,14617,ChargePoint,1806.4650000000001,161,326,346,9,14
2022-07-01,14617,ChargePoint,746.5960000000003,125,140,154,6,8
2022-07-01,14445,ChargePoint,395.8399999999999,30,73,78,5,9
2022-06-01,14445,ChargePoint,353.91299999999995,38,78,80,1,2
2022-04-01,14445,ChargePoint,220.73499999999996,17,44,45,1,2
2022-03-01,14546,ChargePoint,111.52700000000002,12,28,39,2,3
2022-10-01,14626,ChargePoint,2395.342000000001,210,636,1602,5,10
2022-07-01,14607,ChargePoint,2607.8880000000004,216,609,1002,6,11
2022-05-01,14626,ChargePoint,1961.2299999999996,183,498,1205,5,10
2022-10-01,14620,ChargePoint,2458.168000000001,190,498,838,2,4
2022-09-01,14620,ChargePoint,2039.3149999999987,200,427,649,2,4
2022-08-01,14620,ChargePoint,1843.185,188,397,652,2,4
2022-07-01,14620,ChargePoint,2219.2340000000013,189,439,652,2,4
2022-06-01,14620,ChargePoint,1913.2379999999998,199,389,672,2,4
2022-05-01,14620,ChargePoint,2300.797999999999,201,440,711,2,4
2022-04-01,14620,ChargePoint,1665.2870000000005,167,340,534,2,4
2022-10-01,14604,ChargePoint,5007.918999999999,447,1157,1856,7,14
2022-10-01,14614,ChargePoint,3914.260999999998,307,923,1587,3,6
2022-10-01,14612,ChargePoint,2176.298999999999,178,405,471,4,8
2022-10-01,14605,ChargePoint,1554.415999999999,130,407,713,1,2
2022-09-01,14604,ChargePoint,4487.413,373,1007,1578,6,10
2022-09-01,14612,ChargePoint,2281.397000000001,201,438,567,4,8
2022-08-01,14612,ChargePoint,2402.133999999999,253,485,573,4,8
2022-08-01,14604,ChargePoint,3428.3720000000026,263,731,1113,5,8
2022-08-01,14614,ChargePoint,4199.941,299,1006,1627,3,6
2022-07-01,14612,ChargePoint,2944.131,286,587,706,4,8
2022-07-01,14604,ChargePoint,4847.765999999996,325,967,1451,6,10
2022-07-01,14614,ChargePoint,4070.1180000000013,279,983,1526,3,6
2022-06-01,14612,ChargePoint,2679.0449999999996,325,525,588,4,8
2022-06-01,14604,ChargePoint,4142.715000000002,358,946,1507,7,10
2022-06-01,14605,ChargePoint,470.64700000000005,87,123,307,1,2
2022-05-01,14612,ChargePoint,2205.337000000001,229,427,509,4,8
2022-05-01,14605,ChargePoint,395.7319999999999,46,93,322,1,2
2022-05-01,14614,ChargePoint,3140.5359999999996,297,737,1279,3,6
2022-05-01,14604,ChargePoint,4074.293999999999,346,855,1502,5,8
2022-04-01,14614,ChargePoint,2749.726,260,687,1243,3,6
2022-04-01,14612,ChargePoint,2006.7210000000002,204,388,490,4,8
2022-04-01,14604,ChargePoint,4735.57,427,1008,1852,4,7
2022-03-01,14605,ChargePoint,322.136,18,111,731,1,2
2022-11-01,12204,ChargePoint,306.93600000000004,29,82,248,3,5
2022-10-01,12205,ChargePoint,7430.554000000002,573,1576,2245,25,45
2022-10-01,12077,ChargePoint,866.1830000000001,185,176,215,1,2
2022-10-01,12047,ChargePoint,1852.8600000000006,132,383,1389,13,23
2022-09-01,12077,ChargePoint,709.2630000000001,129,137,160,1,2
2022-08-01,12077,ChargePoint,942.8000000000002,162,189,213,1,2
2022-08-01,12054,ChargePoint,3414.195,244,663,1417,17,28
2022-07-01,12054,ChargePoint,2824.201000000001,268,612,1538,17,27
2022-07-01,12077,ChargePoint,677.3180000000001,157,148,164,1,2
2022-06-01,12077,ChargePoint,903.1650000000004,164,182,207,1,2
2022-06-01,12189,ChargePoint,1184.73,80,247,698,6,10
2022-06-01,12047,ChargePoint,2396.4490000000005,136,460,994,11,20
2022-05-01,12077,ChargePoint,675.0060000000001,166,144,167,1,2
2022-05-01,12047,ChargePoint,2054.262,120,362,1033,12,22
2022-04-01,12571,ChargePoint,2281.693,137,485,646,6,12
2022-04-01,12077,ChargePoint,684.197,129,131,161,1,2
2022-04-01,12054,ChargePoint,1839.8830000000003,185,403,1592,15,26
2021-10-01,12204,ChargePoint,395.7010000000001,18,69,90,4,7
2022-10-01,12208,ChargePoint,2933.8000000000015,213,655,1925,9,14
2022-10-01,12209,ChargePoint,436.7270000000001,31,84,123,1,2
2022-09-01,12205,ChargePoint,6854.708000000001,534,1502,2081,25,41
2022-08-01,12209,ChargePoint,569.341,39,115,186,1,2
2022-07-01,12209,ChargePoint,388.40799999999996,40,87,186,1,2
2022-07-01,12210,ChargePoint,170.67600000000002,6,29,55,2,3
2022-07-01,12208,ChargePoint,2365.492,186,485,1538,10,14
2022-05-01,12205,ChargePoint,4887.652999999998,474,1065,1373,19,35
2022-05-01,12210,ChargePoint,319.4819999999999,18,54,80,2,3
2022-04-01,12210,ChargePoint,99.318,14,17,36,1,2
2022-09-01,12211,ChargePoint,2710.3869999999984,224,588,665,21,35
2022-08-01,12211,ChargePoint,1686.1250000000007,149,381,410,22,34
2022-05-01,12211,ChargePoint,1221.615,142,302,351,16,23
2022-10-01,11777,ChargePoint,530.3530000000001,45,105,197,1,2
2022-09-01,11777,ChargePoint,510.20500000000015,43,90,148,1,2
2022-08-01,11777,ChargePoint,594.868,47,108,171,1,2
2022-07-01,11777,ChargePoint,396.17600000000004,23,58,90,1,1
2022-06-01,11777,ChargePoint,551.636,35,89,156,1,1
2022-05-01,11777,ChargePoint,683.4450000000002,44,112,170,1,2
2022-10-01,14760,ChargePoint,2928.7289999999985,126,516,633,1,2
2022-10-01,13617,ChargePoint,3736.6519999999978,281,740,928,3,6
2022-09-01,13502,ChargePoint,1055.9110000000005,117,232,311,1,2
2022-08-01,13502,ChargePoint,626.46,70,127,167,1,2
2022-08-01,13088,ChargePoint,2115.5409999999997,297,468,873,5,10
2022-08-01,14760,ChargePoint,2338.726,110,433,549,1,2
2022-07-01,14075,ChargePoint,1292.8130000000003,109,229,311,2,4
2022-07-01,14760,ChargePoint,1617.3140000000005,86,299,336,1,2
2022-07-01,13669,ChargePoint,362.506,31,65,85,1,2
2022-07-01,13502,ChargePoint,698.2220000000003,67,133,174,1,2
2022-06-01,13502,ChargePoint,504.1530000000001,62,101,118,1,2
2022-05-01,14760,ChargePoint,1693.157,113,307,368,1,2
2022-05-01,13676,ChargePoint,942.1099999999998,67,179,278,1,2
2022-05-01,13502,ChargePoint,699.1509999999996,78,142,179,1,2
2022-04-01,14760,ChargePoint,1045.81,67,196,237,1,2
2022-04-01,13676,ChargePoint,1606.7140000000004,123,332,593,1,2
2022-10-01,14304,ChargePoint,438.074,167,78,88,1,2
2022-09-01,14304,ChargePoint,574.0409999999999,145,113,130,1,2
2022-08-01,14304,ChargePoint,696.3539999999998,201,137,150,1,2
2022-07-01,14304,ChargePoint,686.3740000000003,188,140,151,1,2
2022-06-01,14304,ChargePoint,400.68399999999974,128,81,93,1,2
2022-05-01,14304,ChargePoint,528.914,115,108,119,1,2
2022-04-01,14303,ChargePoint,2869.8300000000004,240,563,780,6,10
2021-10-01,14304,ChargePoint,385.357,90,82,86,1,2
2022-05-01,14214,ChargePoint,1466.5359999999998,122,281,419,8,14
2022-09-01,14216,ChargePoint,132.113,138,35,58,1,2
2022-07-01,14216,ChargePoint,487.9400000000001,125,99,113,1,2
2022-06-01,14216,ChargePoint,744.298,132,154,178,1,2
2022-05-01,14216,ChargePoint,632.9839999999999,117,133,165,1,2
2022-04-01,14216,ChargePoint,921.1289999999995,130,197,242,1,2
2022-07-01,14228,ChargePoint,1449.0469999999998,195,315,1342,10,17
2022-11-01,14891,ChargePoint,433.2960000000001,26,86,153,1,2
2022-11-01,10022,ChargePoint,681.8000000000001,26,112,169,2,4
2022-11-01,12834,ChargePoint,474.198,45,111,220,3,5
2022-10-01,13820,ChargePoint,346.8629999999999,56,102,118,1,2
2022-10-01,12983,ChargePoint,522.3320000000001,38,108,178,3,6
2022-10-01,12414,ChargePoint,294.27500000000003,23,47,60,3,4
2022-10-01,14527,ChargePoint,378.479,43,75,106,1,2
2022-10-01,13045,ChargePoint,420.7119999999999,49,82,108,3,6
2022-10-01,12015,ChargePoint,165.343,15,28,28,2,4
2022-10-01,11556,ChargePoint,1119.4919999999997,51,223,278,1,2
2022-10-01,12953,ChargePoint,118.20900000000003,21,30,45,2,4
2022-10-01,12834,ChargePoint,258.681,44,80,239,3,5
2022-09-01,13045,ChargePoint,544.262,49,111,136,3,6
2022-09-01,13820,ChargePoint,616.5039999999998,65,143,160,1,2
2022-09-01,12414,ChargePoint,104.752,21,20,20,1,2
2022-09-01,12485,ChargePoint,447.267,67,66,90,2,4
2022-09-01,12095,ChargePoint,319.85599999999994,35,84,176,2,4
2022-09-01,10024,ChargePoint,2599.658000000002,157,567,2230,4,8
2022-09-01,13365,ChargePoint,128.89399999999998,20,27,32,1,2
2022-09-01,12953,ChargePoint,65.15200000000002,11,14,22,2,3
2022-09-01,12037,ChargePoint,379.031,33,68,74,1,2
2022-09-01,12043,ChargePoint,380.52200000000005,32,57,75,1,2
2022-08-01,14120,ChargePoint,708.198,51,120,323,2,4
2022-08-01,13045,ChargePoint,234.89399999999995,19,42,46,3,5
2022-08-01,12723,ChargePoint,217.00099999999998,21,37,102,2,4
2022-08-01,10927,ChargePoint,441.6910000000001,28,68,97,1,2
2022-08-01,13308,ChargePoint,209.939,21,39,41,1,2
2022-08-01,12043,ChargePoint,215.83200000000002,19,34,50,1,2
2022-07-01,10927,ChargePoint,398.615,25,60,78,1,2
2022-07-01,13820,ChargePoint,411.609,34,86,102,1,1
2022-07-01,14744,ChargePoint,88.668,3,14,19,1,2
2022-07-01,10977,ChargePoint,685.9010000000002,62,165,221,2,4
2022-07-01,12485,ChargePoint,693.141,88,107,114,2,4
2022-07-01,12526,ChargePoint,523.741,33,104,221,1,2
2022-07-01,14891,ChargePoint,1349.8560000000007,85,263,517,1,2
2022-06-01,13045,ChargePoint,222.327,21,50,51,3,5
2022-06-01,12414,ChargePoint,261.13,19,44,46,1,2
2022-06-01,10022,ChargePoint,273.803,15,50,58,3,5
2022-06-01,10024,ChargePoint,2477.3469999999993,142,512,2192,4,8
2022-06-01,13326,ChargePoint,236.29999999999995,36,43,49,4,8
2022-06-01,14530,ChargePoint,494.0300000000001,33,76,94,1,2
2022-06-01,14527,ChargePoint,860.9450000000003,87,163,242,1,2
2022-06-01,13308,ChargePoint,136.355,12,22,22,1,2
2022-06-01,12970,ChargePoint,1508.2459999999999,103,317,497,5,10
2022-06-01,14120,ChargePoint,394.36800000000005,41,74,273,2,4
2022-06-01,10461,ChargePoint,349.89100000000013,50,80,84,1,2
2022-06-01,12834,ChargePoint,281.538,39,72,135,3,6
2022-05-01,13045,ChargePoint,158.93,13,38,38,3,5
2022-05-01,12983,ChargePoint,299.633,26,56,105,2,4
2022-05-01,12970,ChargePoint,1440.183,100,323,492,5,9
2022-05-01,13655,ChargePoint,221.56900000000002,15,35,61,2,4
2022-05-01,12526,ChargePoint,379.57500000000005,26,67,153,1,2
2022-05-01,13820,ChargePoint,373.869,48,100,113,1,1
2022-05-01,12414,ChargePoint,54.001000000000005,9,9,9,1,2
2022-05-01,14411,ChargePoint,411.19300000000004,28,84,91,1,2
2022-05-01,12043,ChargePoint,106.038,18,19,20,1,2
2022-04-01,12037,ChargePoint,250.50099999999998,34,47,52,1,2
2022-04-01,10038,ChargePoint,503.964,13,87,129,4,5
2022-04-01,12526,ChargePoint,354.90400000000005,30,70,168,1,2
2022-04-01,11556,ChargePoint,1067.2159999999997,71,235,318,1,2
2022-04-01,10964,ChargePoint,436.0309999999999,47,121,230,2,4
2022-04-01,14527,ChargePoint,364.39999999999986,40,74,100,1,2
2022-03-01,10960,ChargePoint,726.1149999999999,43,120,220,4,6
2022-03-01,12485,ChargePoint,370.195,35,58,61,2,4
2022-03-01,10927,ChargePoint,51.913000000000004,8,8,9,1,2
2021-10-01,13905,ChargePoint,193.124,35,60,85,3,5
2021-10-01,10901,ChargePoint,374.912,43,117,191,4,7
2021-10-01,12095,ChargePoint,208.471,15,46,65,3,5
2020-10-01,14891,ChargePoint,157.79199999999994,9,28,40,1,2
2020-09-01,12414,ChargePoint,20.433999999999997,10,5,6,1,2
2020-08-01,12414,ChargePoint,319.69,26,52,53,1,2
2020-07-01,14891,ChargePoint,151.857,8,27,39,1,2
2022-10-01,12571,ChargePoint,3057.372999999999,172,551,769,7,14
2022-05-01,12601,ChargePoint,2071.241999999999,174,466,1264,13,21
2022-04-01,12583,ChargePoint,981.976,72,204,310,1,2
2022-10-01,13066,ChargePoint,1306.471,118,268,493,2,4
2022-08-01,13212,ChargePoint,368.02200000000005,47,83,103,1,2
2022-08-01,13210,ChargePoint,184.578,10,35,45,2,3
2022-07-01,13210,ChargePoint,264.759,19,50,75,2,4
2022-06-01,13210,ChargePoint,280.355,20,53,69,2,4
2022-05-01,13210,ChargePoint,193.633,18,39,97,2,4
2022-04-01,13210,ChargePoint,347.88699999999994,19,78,109,2,4
2022-03-01,13210,ChargePoint,243.32200000000003,9,50,76,3,4
2021-10-01,13066,ChargePoint,243.385,36,47,64,2,4
2022-09-01,10990,ChargePoint,216.36300000000003,78,50,52,1,2
2022-08-01,10926,ChargePoint,88.13199999999999,14,18,19,1,2
2022-07-01,10990,ChargePoint,323.04099999999994,73,66,68,1,2
2022-05-01,10924,ChargePoint,401.376,25,81,82,2,4
2022-05-01,10990,ChargePoint,209.79,68,48,51,1,2
2022-04-01,10990,ChargePoint,292.852,83,61,64,1,2
2022-10-01,12033,ChargePoint,1630.0189999999996,82,301,413,5,10
2022-09-01,12033,ChargePoint,1571.302,90,293,429,5,9
2022-03-01,12033,ChargePoint,827.2139999999997,57,177,279,5,8
2022-07-01,12846,ChargePoint,366.82599999999996,36,64,75,2,4
2022-04-01,12885,ChargePoint,6.763,3,1,1,1,2
2022-04-01,12853,ChargePoint,320.654,47,87,99,5,8
2022-03-01,12885,ChargePoint,88.67699999999999,12,19,43,1,2
2021-10-01,12885,ChargePoint,70.275,4,12,27,1,2
2022-08-01,12305,ChargePoint,2154.9590000000007,148,437,520,3,6
2022-05-01,12305,ChargePoint,2295.0559999999987,147,457,602,3,6
2022-03-01,12303,ChargePoint,77.392,6,13,13,3,3
2021-11-01,12309,ChargePoint,927.1890000000006,129,199,632,6,10
2022-10-01,10605,ChargePoint,2249.5859999999993,150,444,686,6,11
2022-09-01,10576,ChargePoint,760.5200000000001,58,157,188,1,2
2022-08-01,10552,ChargePoint,1211.844,76,226,811,2,4
2022-06-01,10520,ChargePoint,1257.8349999999998,143,316,1196,3,5
2022-06-01,10576,ChargePoint,1051.9050000000002,75,203,269,1,2
2022-05-01,10520,ChargePoint,983.1149999999999,121,240,926,3,5
2022-04-01,10514,ChargePoint,357.78600000000006,51,87,148,1,2
2022-04-01,10605,ChargePoint,2251.116999999999,112,427,624,4,8
2021-11-01,10536,ChargePoint,15.472999999999999,3,5,5,1,1
2020-08-01,10595,ChargePoint,1688.8389999999997,97,350,581,5,7
2020-04-01,10595,ChargePoint,175.25199999999998,11,32,38,3,3
2022-11-01,11772,ChargePoint,331.45699999999994,20,49,79,1,2
2022-09-01,11772,ChargePoint,309.055,26,47,55,1,2
2022-08-01,11772,ChargePoint,462.3810000000001,24,72,90,1,2
2022-05-01,11772,ChargePoint,468.43100000000004,31,73,78,1,2
2021-11-01,11740,ChargePoint,412.917,48,84,134,1,2
2022-11-01,12524,ChargePoint,93.913,19,27,164,2,2
2022-10-01,13367,ChargePoint,476.541,14,96,118,1,2
2022-09-01,12983,ChargePoint,327.684,26,78,137,3,6
2022-09-01,13057,ChargePoint,1852.2620000000004,113,435,956,4,8
2022-09-01,12529,ChargePoint,204.568,6,35,53,1,1
2022-07-01,13057,ChargePoint,1882.5100000000004,117,401,855,4,8
2022-07-01,13053,ChargePoint,114.904,8,21,24,1,2
2022-06-01,10605,ChargePoint,1998.6220000000008,136,394,513,5,10
2022-06-01,12529,ChargePoint,88.775,13,16,19,1,2
2022-05-01,12529,ChargePoint,11.538,3,2,2,1,1
2022-05-01,13753,ChargePoint,123.913,11,23,23,1,2
2022-05-01,12921,ChargePoint,36.519999999999996,9,11,18,1,2
2021-10-01,13478,ChargePoint,714.2090000000003,62,141,277,5,9
2021-10-01,13053,ChargePoint,19.809,6,3,3,1,2
2021-10-01,13367,ChargePoint,48.304,3,8,8,1,2
2021-10-01,12207,ChargePoint,377.82599999999996,27,74,112,4,7
2022-10-01,12528,ChargePoint,1062.1799999999998,35,175,225,3,6
2022-10-01,12443,ChargePoint,133.365,6,22,24,1,1
2022-08-01,12449,ChargePoint,1238.027,65,261,429,5,8
2022-08-01,12443,ChargePoint,126.65899999999999,8,22,40,1,2
2022-07-01,12525,ChargePoint,698.868,53,111,128,1,2
2022-05-01,12449,ChargePoint,843.0230000000003,39,168,265,4,7
2022-05-01,12525,ChargePoint,839.0380000000001,74,126,142,1,2
2022-05-01,12443,ChargePoint,161.07700000000003,12,23,26,1,2
2022-04-01,12477,ChargePoint,2440.9690000000014,209,441,689,5,10
2022-04-01,12525,ChargePoint,475.37400000000014,33,77,82,1,2
2022-11-01,12428,ChargePoint,948.835,102,182,228,1,2
2022-10-01,12428,ChargePoint,795.434,92,164,208,1,2
2022-07-01,12803,ChargePoint,592.8419999999999,68,114,119,2,4
2022-06-01,12803,ChargePoint,624.1350000000001,65,116,126,2,4
2022-05-01,12118,ChargePoint,181.519,10,33,35,2,3
2022-04-01,12118,ChargePoint,9.029,1,3,3,1,1
2022-10-01,14586,ChargePoint,146.254,38,53,153,1,2
2022-10-01,14445,ChargePoint,382.97,32,82,92,4,7
2022-09-01,14445,ChargePoint,376.38199999999995,39,83,87,4,6
2022-07-01,14586,ChargePoint,138.956,26,41,85,1,2
2022-06-01,14586,ChargePoint,125.14300000000001,35,45,111,1,2
2022-05-01,14586,ChargePoint,203.827,40,66,151,1,2
2022-07-01,14420,ChargePoint,249.761,14,51,62,3,5
2022-09-01,14626,ChargePoint,1923.37,167,518,1255,5,10
2022-09-01,14611,ChargePoint,1699.606999999999,96,449,881,4,8
2022-10-01,14627,ChargePoint,778.862,79,163,225,1,1
2022-07-01,14627,ChargePoint,361.01200000000006,51,80,139,1,1
2022-05-01,14627,ChargePoint,662.0679999999996,63,139,187,1,1
2022-04-01,14627,ChargePoint,741.6519999999997,81,168,219,1,1
2022-09-01,14614,ChargePoint,3906.4660000000003,310,951,1571,3,6
2022-08-01,14605,ChargePoint,1534.5060000000005,135,360,604,1,2
2022-06-01,14614,ChargePoint,3053.129000000001,275,720,1226,3,6
2022-04-01,14605,ChargePoint,349.15999999999997,27,113,876,1,2
2021-11-01,14612,ChargePoint,1866.443,101,385,503,4,8
2022-10-01,14139,ChargePoint,408.38500000000016,39,87,101,1,2
2022-10-01,14069,ChargePoint,822.3919999999998,63,135,155,1,2
2022-10-01,14075,ChargePoint,1395.3,85,256,338,2,4
2022-09-01,14069,ChargePoint,756.383,55,118,126,1,2
2022-09-01,14139,ChargePoint,493.613,28,95,122,1,2
2022-08-01,14139,ChargePoint,670.1189999999999,36,122,159,1,2
2022-08-01,14059,ChargePoint,899.559,76,168,245,1,2
2022-08-01,14069,ChargePoint,618.9939999999999,44,100,105,1,2
2022-08-01,14075,ChargePoint,1796.9759999999994,104,326,372,2,4
2022-07-01,14139,ChargePoint,678.9430000000001,31,143,174,1,2
2022-06-01,14075,ChargePoint,1456.958,84,276,350,2,4
2022-05-01,14139,ChargePoint,560.4129999999999,32,103,143,1,2
2022-05-01,14069,ChargePoint,647.14,56,106,116,1,2
2022-04-01,14059,ChargePoint,360.4770000000001,18,58,64,1,2
2022-03-01,14075,ChargePoint,958.1030000000003,90,205,286,2,4
2022-05-01,14052,ChargePoint,6715.963,431,1435,2021,8,16
2022-04-01,14141,ChargePoint,411.14599999999996,19,70,141,1,2
2022-10-01,14213,ChargePoint,133.434,9,25,26,1,2
2022-09-01,14213,ChargePoint,103.428,4,18,19,1,2
2022-08-01,14213,ChargePoint,81.864,5,16,16,1,2
2022-07-01,14213,ChargePoint,49.642,4,9,10,1,1
2021-11-01,14202,ChargePoint,523.371,19,98,129,1,2
2021-10-01,14202,ChargePoint,337.546,10,59,65,1,2
2022-10-01,12204,ChargePoint,206.24699999999999,32,47,143,4,7
2022-08-01,12047,ChargePoint,3166.6530000000016,165,584,1396,16,30
2022-07-01,12204,ChargePoint,726.0490000000001,30,145,336,4,7
2022-07-01,12189,ChargePoint,1084.2989999999998,73,236,671,8,11
2022-04-01,12189,ChargePoint,986.3879999999999,95,210,761,9,17
2022-10-01,12202,ChargePoint,928.2149999999999,77,228,477,8,11
2022-09-01,12209,ChargePoint,518.4820000000001,39,100,157,1,2
2022-06-01,12207,ChargePoint,995.6439999999999,82,198,314,5,8
2022-05-01,12207,ChargePoint,955.301,78,189,299,5,8
2022-05-01,12202,ChargePoint,458.59799999999996,51,147,344,7,8
2022-04-01,12207,ChargePoint,673.56,54,136,209,4,6
2021-11-01,12209,ChargePoint,31.371,7,7,21,1,2
2022-09-01,13669,ChargePoint,189.15699999999998,16,51,59,1,2
2022-09-01,14760,ChargePoint,2539.011,108,443,571,1,2
2022-05-01,14075,ChargePoint,965.52,80,209,292,2,4
2022-08-01,14216,ChargePoint,294.55600000000015,162,66,94,1,2
2022-10-01,10990,ChargePoint,141.869,51,32,34,1,2
2022-11-01,10032,ChargePoint,629.258,22,110,233,1,2
2022-10-01,10032,ChargePoint,806.008,30,139,297,1,2
2022-10-01,11222,ChargePoint,512.378,20,95,412,3,6
2022-10-01,14513,ChargePoint,425.458,32,74,188,3,5
2022-10-01,10024,ChargePoint,2874.1150000000002,162,635,2019,4,8
2022-10-01,12303,ChargePoint,16.633,4,3,8,2,4
2022-10-01,12583,ChargePoint,340.85299999999995,64,82,108,1,2
2022-09-01,10032,ChargePoint,539.7339999999999,20,96,182,1,2
2022-09-01,11952,ChargePoint,163.34399999999997,41,104,1147,1,2
2022-09-01,14891,ChargePoint,543.259,29,100,151,1,2
2022-09-01,12856,ChargePoint,135.71499999999997,8,25,28,2,4
2022-09-01,10901,ChargePoint,518.6139999999999,55,128,188,5,8
2022-09-01,10964,ChargePoint,245.30500000000006,28,63,101,2,4
2022-08-01,11222,ChargePoint,819.694,27,145,550,3,4
2022-08-01,10032,ChargePoint,273.84499999999997,13,48,149,1,2
2022-08-01,12455,ChargePoint,369.48,65,72,94,1,2
2022-08-01,14513,ChargePoint,494.41099999999994,35,98,228,3,4
2022-08-01,11952,ChargePoint,235.605,45,113,1098,1,2
2022-08-01,13365,ChargePoint,177.346,24,35,40,1,2
2022-08-01,14891,ChargePoint,815.993,55,165,318,1,2
2022-08-01,10514,ChargePoint,427.625,58,79,133,3,5
2022-08-01,12184,ChargePoint,684.5450000000002,32,135,500,1,2
2022-07-01,10546,ChargePoint,10.418,6,3,3,1,2
2022-07-01,10032,ChargePoint,170.309,11,34,74,1,2
2022-07-01,14530,ChargePoint,942.572,39,134,194,1,2
2022-07-01,12970,ChargePoint,1617.7209999999998,143,353,563,5,9
2022-07-01,12144,ChargePoint,210.01499999999996,103,44,48,2,4
2022-07-01,13027,ChargePoint,162.92399999999992,39,39,44,2,4
2022-07-01,10576,ChargePoint,672.1740000000001,57,134,172,1,2
2022-07-01,13212,ChargePoint,211.22600000000003,41,45,56,1,2
2022-07-01,10562,ChargePoint,443.1450000000001,26,92,113,1,2
2022-07-01,11222,ChargePoint,862.9139999999998,28,154,470,3,5
2022-07-01,13901,ChargePoint,613.4510000000001,51,125,283,2,4
2022-07-01,14425,ChargePoint,0.065,1,0,0,1,1
2022-06-01,11222,ChargePoint,1077.2370000000003,33,206,613,3,6
2022-06-01,12043,ChargePoint,136.961,16,28,29,1,2
2022-06-01,10543,ChargePoint,319.61,25,57,71,1,2
2022-06-01,10032,ChargePoint,280.39599999999996,14,52,202,1,2
2022-06-01,10514,ChargePoint,1.129,59,0,1,1,2
2022-06-01,11952,ChargePoint,231.40600000000006,40,123,977,1,2
2022-05-01,12834,ChargePoint,764.6830000000003,79,179,353,3,6
2022-05-01,12455,ChargePoint,245.738,64,72,123,1,2
2022-05-01,12856,ChargePoint,42.628,5,8,8,2,3
2022-05-01,10024,ChargePoint,2374.299,139,468,2142,4,8
2022-05-01,12184,ChargePoint,651.456,33,124,523,1,2
2022-05-01,11952,ChargePoint,163.78999999999996,32,84,846,1,2
2022-05-01,10032,ChargePoint,306.962,11,54,178,1,2
2022-05-01,14445,ChargePoint,295.56,30,72,75,1,2
2022-05-01,10562,ChargePoint,348.63399999999984,34,82,121,2,3
2022-05-01,10514,ChargePoint,268.11099999999993,89,56,80,2,3
2022-04-01,12184,ChargePoint,564.0520000000001,25,101,622,1,2
2022-04-01,11222,ChargePoint,1127.0020000000002,38,208,654,3,5
2022-04-01,10024,ChargePoint,2137.6750000000006,146,440,1693,4,8
2022-04-01,11952,ChargePoint,217.06599999999995,41,92,1089,1,2
2022-04-01,10017,ChargePoint,2101.234999999999,168,526,2243,12,18
2022-04-01,10546,ChargePoint,87.274,15,18,19,1,2
2022-04-01,10926,ChargePoint,51.36899999999999,18,10,10,1,1
2022-04-01,11754,ChargePoint,324.84299999999996,48,85,260,1,2
2022-04-01,14411,ChargePoint,203.15300000000002,11,39,57,1,2
2022-04-01,10032,ChargePoint,295.535,14,51,250,1,2
2022-04-01,12870,ChargePoint,19.732999999999997,3,4,5,1,2
2022-03-01,10595,ChargePoint,1479.387,120,398,589,5,9
2022-03-01,11952,ChargePoint,196.39700000000005,41,105,1018,1,2
2022-03-01,13655,ChargePoint,220.808,11,39,57,2,4
2022-03-01,12723,ChargePoint,226.40000000000003,7,35,100,2,3
2022-03-01,13027,ChargePoint,78.42800000000001,15,19,20,1,2
2022-03-01,12953,ChargePoint,30.357,5,5,6,1,2
2022-03-01,12184,ChargePoint,708.411,36,172,613,1,2
2022-03-01,12455,ChargePoint,189.68000000000004,24,51,80,1,2
2022-03-01,11222,ChargePoint,1081.8849999999998,41,211,696,3,5
2021-11-01,13045,ChargePoint,111.61499999999998,12,30,32,2,3
2020-09-01,14891,ChargePoint,544.5029999999999,27,103,206,1,2
2020-09-01,10021,ChargePoint,526.2760000000001,35,102,191,1,2
2020-07-01,10017,ChargePoint,201.95900000000003,12,36,218,3,3
2020-07-01,10021,ChargePoint,530.7379999999998,39,102,201,2,4
2020-06-01,10021,ChargePoint,510.3929999999999,42,97,175,1,2
2020-05-01,10021,ChargePoint,495.97099999999983,33,97,194,1,2
2020-04-01,10017,ChargePoint,100.57600000000001,5,19,48,2,2
2020-03-01,10021,ChargePoint,566.126,43,113,209,1,2
2022-11-01,11050,ChargePoint,814.512,44,173,309,3,6
2022-09-01,11556,ChargePoint,1072.421,57,204,298,1,2
2022-08-01,11556,ChargePoint,1479.2169999999996,74,285,341,1,2
2022-07-01,11556,ChargePoint,1007.06,62,200,283,1,2
2022-06-01,11556,ChargePoint,1235.5120000000006,80,254,327,1,2
2022-05-01,11556,ChargePoint,1111.879,70,237,303,1,2
2022-03-01,11556,ChargePoint,1131.743,81,249,348,1,2
2022-10-01,12198,ChargePoint,307.95799999999997,53,92,284,2,4
2022-09-01,12207,ChargePoint,1021.525,86,219,339,4,6
2022-07-01,10964,ChargePoint,334.096,30,91,167,2,4
2022-04-01,12198,ChargePoint,250.58100000000002,40,78,177,2,4
2022-09-01,12019,ChargePoint,85.78699999999998,13,15,15,3,5
2022-08-01,12118,ChargePoint,184.784,12,34,34,2,3
2022-06-01,12209,ChargePoint,62.505,14,18,69,1,2
2022-08-01,14611,ChargePoint,1685.722,98,414,619,4,8
2022-07-01,14611,ChargePoint,519.001,28,150,409,4,7
2022-05-01,14611,ChargePoint,145.67700000000002,11,26,26,4,5
2022-11-01,12184,ChargePoint,416.724,26,80,352,1,2
2022-11-01,12723,ChargePoint,292.582,22,50,131,2,3
2022-10-01,12037,ChargePoint,568.2690000000001,61,99,117,1,2
2022-10-01,11968,ChargePoint,2054.889,83,372,400,1,2
2022-10-01,12580,ChargePoint,64.775,8,9,9,1,2
2022-10-01,12970,ChargePoint,1924.5889999999995,115,388,571,5,10
2022-09-01,11740,ChargePoint,1196.778,84,217,430,1,2
2022-09-01,11222,ChargePoint,726.784,24,137,373,3,5
2022-09-01,12723,ChargePoint,392.67600000000004,32,65,151,2,3
2022-08-01,12524,ChargePoint,86.072,22,30,195,2,2
2022-08-01,12936,ChargePoint,342.03,20,90,240,3,6
2022-08-01,12953,ChargePoint,264.971,27,48,49,2,4
2022-07-01,12524,ChargePoint,104.76099999999998,30,37,208,3,4
2022-06-01,12524,ChargePoint,58.70400000000001,18,21,154,2,3
2022-06-01,10977,ChargePoint,963.7540000000001,78,224,266,2,4
2022-06-01,12723,ChargePoint,152.322,8,26,45,2,4
2022-06-01,14891,ChargePoint,604.4559999999999,46,144,348,1,2
2022-06-01,10926,ChargePoint,249.38299999999998,26,43,65,1,2
2022-06-01,12184,ChargePoint,869.776,54,199,792,1,2
2022-05-01,12723,ChargePoint,79.495,7,17,44,2,2
2022-05-01,12033,ChargePoint,1417.007,88,266,373,5,10
2022-04-01,12834,ChargePoint,737.0520000000004,78,177,378,3,6
2022-04-01,12309,ChargePoint,791.2759999999998,108,173,610,5,10
2022-04-01,14425,ChargePoint,10.568,3,3,3,1,1
2022-04-01,10022,ChargePoint,280.24,20,50,58,3,4
2022-04-01,13212,ChargePoint,271.76500000000004,57,50,52,1,2
2022-04-01,10960,ChargePoint,653.64,23,107,252,3,4
2022-03-01,12583,ChargePoint,753.7719999999997,67,169,251,1,2
2022-03-01,14891,ChargePoint,197.09299999999996,15,44,102,1,2
2022-03-01,14527,ChargePoint,355.49499999999995,56,90,139,1,2
2022-03-01,12144,ChargePoint,390.00600000000003,82,102,103,2,3
2022-03-01,10021,ChargePoint,1451.464,85,278,396,2,4
2021-10-01,12936,ChargePoint,55.49399999999999,9,10,11,4,6
2020-10-01,10017,ChargePoint,474.00299999999993,36,108,682,8,11
2020-10-01,10021,ChargePoint,704.728,51,141,291,1,2
2020-08-01,10017,ChargePoint,256.774,20,54,275,4,5
2020-04-01,10021,ChargePoint,472.28400000000005,26,93,155,1,2
2022-10-01,10546,ChargePoint,222.522,19,38,40,1,2
2022-08-01,10576,ChargePoint,733.079,57,152,196,1,2
2022-08-01,10546,ChargePoint,29.022000000000002,7,6,6,1,2
2022-03-01,10514,ChargePoint,95.09800000000003,21,22,33,1,2
2022-03-01,10543,ChargePoint,61.27199999999999,10,13,20,1,2
2022-09-01,12853,ChargePoint,167.445,13,37,48,4,6
2022-06-01,12846,ChargePoint,271.12800000000004,30,44,59,1,2
2022-06-01,12856,ChargePoint,108.87100000000001,6,27,33,2,2
2021-10-01,12846,ChargePoint,193.50700000000006,20,39,47,1,2
2022-10-01,12996,ChargePoint,239.39900000000003,36,36,37,1,2
2022-10-01,10964,ChargePoint,204.75899999999996,20,50,95,2,4
2022-09-01,13053,ChargePoint,72.44,9,17,21,1,2
2022-09-01,12936,ChargePoint,382.7750000000001,24,105,216,3,4
2022-08-01,10964,ChargePoint,329.09900000000005,25,83,136,2,4
2022-08-01,13053,ChargePoint,23.307,4,6,7,1,2
2022-07-01,12936,ChargePoint,190.86999999999998,16,53,206,3,6
2022-06-01,10964,ChargePoint,359.88599999999997,37,102,202,2,4
2022-06-01,12921,ChargePoint,40.845000000000006,9,12,21,1,2
2022-05-01,10964,ChargePoint,510.937,47,133,260,2,4
2022-03-01,13367,ChargePoint,166.541,9,28,29,1,2
2021-11-01,12207,ChargePoint,552.053,33,109,163,4,7
2021-10-01,10964,ChargePoint,237.42099999999996,25,68,119,2,4
2022-11-01,12831,ChargePoint,512.699,23,77,110,2,4
2022-08-01,12019,ChargePoint,34.14,7,7,8,3,5
2022-05-01,12019,ChargePoint,41.024,11,10,10,3,4
2022-07-01,12498,ChargePoint,589.9979999999999,73,128,130,1,2
2022-06-01,12449,ChargePoint,1101.8970000000002,53,226,344,5,8
2022-04-01,12047,ChargePoint,1300.2710000000002,72,235,944,14,23
2022-03-01,12054,ChargePoint,2367.8440000000005,219,524,1673,18,29
2022-06-01,12202,ChargePoint,602.1790000000001,72,197,392,9,12
2022-05-01,12209,ChargePoint,42.580999999999996,10,12,26,1,2
2022-08-01,14627,ChargePoint,444.01499999999993,68,89,123,1,1
2022-07-01,14141,ChargePoint,1157.591,29,219,296,1,2
2022-10-01,14226,ChargePoint,1148.017,68,226,274,4,7
2022-08-01,14226,ChargePoint,1591.852,94,301,488,4,8
2022-06-01,14226,ChargePoint,912.7889999999999,90,193,220,4,7
2022-05-01,14213,ChargePoint,19.099,5,5,6,1,2
2021-11-01,14226,ChargePoint,553.748,58,111,147,5,9
2022-09-01,14226,ChargePoint,1082.385,73,225,264,4,7
2022-07-01,14226,ChargePoint,1198.999,78,222,272,4,7
2022-05-01,14226,ChargePoint,898.2759999999998,82,204,252,4,6
2021-10-01,14213,ChargePoint,4.827,1,1,1,1,1
2021-11-01,14209,ChargePoint,275.754,7,46,47,1,2
2022-12-01,10032,ChargePoint,294.647,14,53,194,1,2
2022-12-01,12455,ChargePoint,241.74800000000002,39,61,82,1,2
2022-12-01,10901,ChargePoint,617.87,76,154,255,5,9
2022-12-01,10038,ChargePoint,1196.445,31,213,423,4,8
2022-12-01,12953,ChargePoint,56.748000000000005,5,12,12,2,3
2022-12-01,11222,ChargePoint,919.7549999999998,36,171,421,3,6
2022-12-01,10576,ChargePoint,1114.1950000000004,74,226,264,1,2
2022-12-01,11952,ChargePoint,203.33600000000004,40,72,1085,1,2
2022-12-01,14433,ChargePoint,139.057,15,45,62,1,2
2022-12-01,12524,ChargePoint,250.67100000000002,31,56,150,2,3
2022-12-01,13655,ChargePoint,114.46300000000001,9,28,85,2,3
2022-11-01,11222,ChargePoint,1221.2399999999996,37,228,658,3,6
2022-11-01,10024,ChargePoint,2573.442,154,554,2045,4,8
2022-11-01,12118,ChargePoint,153.839,10,29,31,2,2
2022-11-01,11952,ChargePoint,148.689,29,51,943,1,2
2022-11-01,12210,ChargePoint,358.01,13,59,192,2,4
2022-11-01,12015,ChargePoint,163.43099999999998,15,28,35,2,4
2022-11-01,13057,ChargePoint,1774.727,70,329,601,5,8
2022-03-01,12845,ChargePoint,892.5409999999999,37,141,317,7,10
2022-03-01,10024,ChargePoint,2018.381,142,410,1826,4,8
2022-03-01,10901,ChargePoint,264.30899999999997,27,68,105,5,7
2022-03-01,10032,ChargePoint,228.031,7,38,71,1,1
2022-02-01,11556,ChargePoint,366.778,28,85,106,1,2
2022-02-01,12309,ChargePoint,781.7090000000001,109,183,635,6,11
2022-02-01,11952,ChargePoint,87.39300000000001,30,66,687,1,2
2022-02-01,13021,ChargePoint,10.005,2,1,1,1,2
2022-02-01,12983,ChargePoint,147.194,19,34,64,2,4
2022-02-01,13326,ChargePoint,44.248,7,9,9,2,2
2022-02-01,11222,ChargePoint,974.8400000000001,39,181,613,3,6
2022-02-01,10032,ChargePoint,322.1379999999999,14,56,196,1,2
2022-02-01,10024,ChargePoint,1969.4910000000002,130,377,1448,4,8
2022-02-01,12054,ChargePoint,1229.7760000000005,119,278,1008,12,20
2022-01-01,10021,ChargePoint,1323.6920000000002,61,252,357,2,4
2022-01-01,10017,ChargePoint,1872.8720000000003,149,510,1997,12,20
2022-02-01,10017,ChargePoint,1508.059,128,419,2248,11,18
2022-02-01,12033,ChargePoint,401.64599999999984,43,109,193,3,6
2022-01-01,14891,ChargePoint,122.42100000000002,14,28,43,1,2
2022-01-01,10032,ChargePoint,316.54999999999995,14,57,175,1,2
2022-01-01,10605,ChargePoint,2128.76,108,400,637,6,11
2022-01-01,12970,ChargePoint,1005.9770000000001,62,222,380,5,10
2022-01-01,12198,ChargePoint,422.67800000000005,57,138,304,2,4
2022-01-01,12856,ChargePoint,222.80999999999997,9,38,63,2,3
2022-01-01,10576,ChargePoint,453.2460000000001,37,102,114,1,2
2021-12-01,12455,ChargePoint,98.00899999999999,22,18,18,1,2
2021-12-01,11222,ChargePoint,1314.2300000000002,44,256,706,3,5
2021-12-01,11766,ChargePoint,218.271,30,71,78,1,2
2021-12-01,12970,ChargePoint,944.119,65,198,387,5,9
2021-12-01,12526,ChargePoint,245.84300000000002,20,42,120,1,2
2021-12-01,10032,ChargePoint,181.71300000000002,6,33,77,1,2
2021-12-01,12525,ChargePoint,391.17800000000005,35,71,77,1,2
2021-12-01,10021,ChargePoint,1185.3110000000006,63,217,337,2,4
2021-11-01,10032,ChargePoint,475.46,17,83,283,1,2
2021-11-01,12414,ChargePoint,200.913,19,34,36,2,4
2021-11-01,12455,ChargePoint,157.07399999999998,23,26,49,1,2
2021-11-01,12970,ChargePoint,1164.1100000000004,67,229,331,5,10
2021-11-01,12144,ChargePoint,328.78999999999996,132,78,87,3,5
2021-01-01,13027,ChargePoint,22.918999999999997,7,7,7,2,4
2021-01-01,13057,ChargePoint,60.719,2,10,14,1,1
2021-01-01,12010,ChargePoint,42.964999999999996,6,8,10,2,2
2021-01-01,11747,ChargePoint,621.5120000000001,30,120,189,2,4
2021-01-01,12189,ChargePoint,1665.1599999999996,81,371,1624,8,13
2021-01-01,12211,ChargePoint,349.188,78,67,73,11,19
2021-01-01,12534,ChargePoint,872.5120000000002,76,158,194,4,7
2021-01-01,11222,ChargePoint,1683.92,69,313,1302,3,6
2021-01-01,10032,ChargePoint,527.577,18,109,253,1,2
2021-01-01,12804,ChargePoint,1469.5880000000004,79,264,464,12,16
2021-01-01,12513,ChargePoint,3.636,1,1,1,1,1
2021-01-01,12970,ChargePoint,192.17999999999998,17,55,80,5,9
2021-01-01,12309,ChargePoint,383.13899999999984,63,91,281,5,7
2021-01-01,12037,ChargePoint,57.172999999999995,15,13,17,1,2
2020-12-01,12845,ChargePoint,1.496,1,0,0,1,1
2020-12-01,10595,ChargePoint,1595.6169999999995,69,389,464,5,7
2020-12-01,12414,ChargePoint,169.70700000000002,21,33,37,1,2
2020-12-01,10017,ChargePoint,522.1929999999999,41,125,641,11,13
2020-11-01,10940,ChargePoint,2332.494,157,579,944,2,4
2020-11-01,12414,ChargePoint,64.112,8,13,13,1,2
2022-12-01,14611,ChargePoint,1993.1039999999991,100,565,1059,4,8
2022-11-01,14611,ChargePoint,1278.3560000000002,83,354,806,4,8
2022-02-01,14611,ChargePoint,391.72600000000006,20,111,771,5,6
2021-01-01,14642,ChargePoint,606.1289999999999,58,138,279,1,2
2022-11-01,10990,ChargePoint,272.09099999999995,62,54,55,1,2
2021-01-01,12077,ChargePoint,831.7489999999995,135,170,206,2,4
2022-12-01,14226,ChargePoint,863.009,47,180,215,4,6
2022-02-01,14226,ChargePoint,844.7139999999999,62,185,231,4,7
2022-01-01,14226,ChargePoint,914.5739999999998,72,184,378,4,8
2022-01-01,14209,ChargePoint,853.314,28,147,182,3,5
2022-01-01,14213,ChargePoint,3.678,2,1,1,1,1
2021-12-01,14226,ChargePoint,380.03700000000003,26,78,100,4,8
2021-11-01,14213,ChargePoint,40.031,1,6,7,1,1
2022-12-01,11772,ChargePoint,283.968,21,42,72,1,2
2022-01-01,11952,ChargePoint,42.050999999999995,8,24,202,1,2
2022-03-01,11717,ChargePoint,73.816,9,19,41,4,6
2022-12-01,12189,ChargePoint,1436.3470000000002,60,303,926,5,8
2022-12-01,12970,ChargePoint,639.7729999999999,43,128,155,5,10
2022-12-01,10024,ChargePoint,2862.7819999999983,181,613,1989,4,8
2022-12-01,10990,ChargePoint,759.5909999999998,88,147,150,1,2
2022-12-01,10964,ChargePoint,460.3500000000001,27,89,128,2,4
2022-12-01,14527,ChargePoint,422.17400000000004,34,82,102,1,2
2022-12-01,12033,ChargePoint,1423.6470000000002,77,281,378,5,9
2022-12-01,12846,ChargePoint,672.0000000000002,38,108,150,1,2
2022-12-01,12723,ChargePoint,198.835,9,35,87,2,4
2022-11-01,12449,ChargePoint,1293.186,68,256,571,5,8
2022-11-01,10964,ChargePoint,250.02099999999996,17,53,75,2,4
2022-03-01,12037,ChargePoint,158.615,21,34,35,1,2
2022-02-01,10595,ChargePoint,733.9770000000003,61,223,337,4,6
2022-02-01,10021,ChargePoint,1178.2879999999998,65,227,306,2,4
2022-02-01,13316,ChargePoint,333.55100000000004,36,71,104,3,6
2022-02-01,12856,ChargePoint,416.82900000000006,28,84,126,2,4
2022-01-01,10468,ChargePoint,205.96,7,33,65,1,1
2022-01-01,11222,ChargePoint,787.841,33,148,629,3,5
2022-01-01,12033,ChargePoint,676.0380000000001,46,150,220,4,7
2022-01-01,12303,ChargePoint,38.756,2,6,6,2,2
2022-01-01,12834,ChargePoint,455.01,47,124,342,3,5
2021-12-01,10595,ChargePoint,832.775,68,210,313,4,7
2021-12-01,10960,ChargePoint,464.48900000000003,13,81,136,2,2
2021-11-01,12870,ChargePoint,9.174999999999999,3,1,1,1,2
2021-11-01,12526,ChargePoint,161.58,17,34,98,1,2
2021-11-01,12571,ChargePoint,937.2719999999999,84,194,337,5,10
2021-11-01,14891,ChargePoint,139.227,8,25,50,1,2
2021-01-01,11030,ChargePoint,771.0789999999998,47,153,262,1,2
2021-01-01,12144,ChargePoint,179.90199999999996,56,48,56,2,4
2021-01-01,12846,ChargePoint,4.468,3,2,2,1,2
2021-01-01,12455,ChargePoint,88.60199999999999,14,19,35,1,2
2020-12-01,12603,ChargePoint,278.89099999999996,19,51,51,2,4
2020-11-01,14891,ChargePoint,86.012,5,15,29,1,2
2020-11-01,10017,ChargePoint,390.22700000000003,35,93,909,10,13
2021-01-01,14607,ChargePoint,321.266,26,79,120,5,8
2022-12-01,14213,ChargePoint,3.206,1,1,1,1,1
2022-02-01,14139,ChargePoint,278.18899999999996,10,49,50,1,2
2021-12-01,14075,ChargePoint,1010.8729999999998,61,193,288,2,4
2020-12-01,14069,ChargePoint,74.602,6,12,12,1,2
2022-04-01,14075,ChargePoint,1125.523,65,221,317,2,4
2022-12-01,14304,ChargePoint,269.644,121,50,56,1,2
2022-03-01,13676,ChargePoint,1296.3049999999998,109,281,522,1,2
2022-01-01,14075,ChargePoint,1150.9699999999998,71,252,417,2,4
2021-01-01,12305,ChargePoint,1258.611,53,261,348,3,5
2022-11-01,11590,ChargePoint,10820.03099999999,923,2008,3219,5,10
2022-03-01,11590,ChargePoint,9996.950000000004,736,1885,2664,5,10
2022-02-01,11590,ChargePoint,8375.998999999998,542,1575,2251,5,10
2022-07-01,11590,ChargePoint,10901.937999999993,771,1999,2823,5,9
2022-05-01,11590,ChargePoint,8303.801,664,1523,2217,5,10
2020-08-01,10021,ChargePoint,645.8639999999999,40,126,274,1,2
2022-08-01,13820,ChargePoint,467.28299999999996,48,102,122,1,2
2022-08-01,11215,ChargePoint,227.405,12,69,338,2,2
2022-07-01,11215,ChargePoint,267.213,22,62,271,2,2
2022-04-01,10016,ChargePoint,376.642,30,56,94,9,9
2022-04-01,14626,ChargePoint,1778.3759999999997,166,464,1104,5,10
2022-08-01,13669,ChargePoint,139.91,17,30,36,1,2
2021-02-01,10940,ChargePoint,661.3069999999999,39,152,330,2,4
2022-12-01,14456,ChargePoint,1973.6070000000007,106,370,518,3,5
2022-11-01,14059,ChargePoint,226.113,23,39,54,1,2
2022-11-01,12043,ChargePoint,119.06599999999999,14,18,24,1,2
2022-03-01,10013,ChargePoint,119.07,3,21,23,1,1
2022-02-01,10022,ChargePoint,33.02,8,6,7,3,4
2022-02-01,13045,ChargePoint,62.34799999999999,10,17,19,2,4
2022-02-01,12814,ChargePoint,489.9789999999999,18,83,158,4,8
2022-02-01,14141,ChargePoint,471.40200000000004,18,81,148,1,2
2022-02-01,12198,ChargePoint,212.383,37,69,162,2,4
2022-02-01,12723,ChargePoint,181.05700000000002,13,30,53,2,3
2022-01-01,13308,ChargePoint,40.515,5,6,6,1,2
2022-01-01,10024,ChargePoint,1134.1789999999999,93,224,1177,4,8
2021-11-01,11222,ChargePoint,946.0200000000001,39,172,632,3,5
2021-11-01,10021,ChargePoint,950.7090000000004,49,189,246,2,4
2021-01-01,13669,ChargePoint,0.0,1,0,0,1,1
2022-06-01,14626,ChargePoint,2302.1440000000002,235,642,1516,5,10
2022-03-01,11747,ChargePoint,2590.664999999999,167,487,684,5,8
2022-11-01,10021,ChargePoint,863.7250000000003,47,162,219,2,4
2022-07-01,14626,ChargePoint,2452.8070000000007,213,599,1407,5,10
2020-07-01,10595,ChargePoint,1588.6960000000006,113,370,540,5,7
2022-12-01,10016,ChargePoint,1122.5620000000001,47,145,363,6,6
2022-12-01,10106,ChargePoint,1556.868,56,209,403,6,6
2022-09-01,12449,ChargePoint,874.0210000000001,54,170,278,5,7
2022-04-01,12009,ChargePoint,1560.2440000000001,66,219,549,13,13
2022-03-01,11433,ChargePoint,260.311,29,50,157,4,4
2022-02-01,10106,ChargePoint,263.931,11,43,75,4,4
2022-02-01,12009,ChargePoint,1134.1529999999998,44,154,370,7,7
2021-12-01,11958,ChargePoint,9.374,2,2,2,1,2
2021-11-01,11362,ChargePoint,300.92,9,50,51,2,2
2021-10-01,11958,ChargePoint,14.41,4,2,2,1,2
2021-10-01,14063,ChargePoint,0.0,1,0,0,1,1
2022-10-01,12118,ChargePoint,55.476,4,11,26,1,2
2022-08-01,12095,ChargePoint,131.306,21,35,59,2,4
2022-06-01,12455,ChargePoint,48.799,21,14,15,1,2
2022-03-01,14586,ChargePoint,81.739,10,16,22,1,2
2022-02-01,12428,ChargePoint,297.328,39,54,62,1,2
2022-04-01,12204,ChargePoint,222.43,35,52,192,4,7
2022-03-01,12095,ChargePoint,483.09900000000005,46,109,181,2,4
2022-06-01,13669,ChargePoint,15.068,11,3,55,1,2
2021-11-01,13669,ChargePoint,444.19699999999995,29,91,160,1,2
2022-12-01,13753,ChargePoint,0.0,5,0,0,1,2
2022-10-01,10010,ChargePoint,705.941,37,152,350,2,4
2022-07-01,12529,ChargePoint,77.452,10,13,13,1,2
2022-07-01,12992,ChargePoint,53.122,13,9,10,2,4
2022-06-01,12037,ChargePoint,212.26999999999998,24,45,58,1,2
2022-06-01,14432,ChargePoint,11.928,4,4,14,2,3
2022-05-01,10543,ChargePoint,184.86599999999999,18,40,44,1,2
2021-12-01,12936,ChargePoint,37.644999999999996,14,6,9,3,5
2021-11-01,12553,ChargePoint,141.441,9,25,29,1,2
2022-08-01,11433,ChargePoint,206.503,27,43,105,5,5
2022-06-01,14546,ChargePoint,516.302,46,127,158,2,3
2022-01-01,14513,ChargePoint,1032.882,52,231,404,7,9
2022-12-01,14411,ChargePoint,543.9540000000001,29,94,112,1,2
2022-12-01,12015,ChargePoint,96.527,5,15,19,2,3
2022-11-01,11725,ChargePoint,185.90099999999998,21,46,225,2,3
2021-12-01,12309,ChargePoint,944.0260000000002,100,196,579,5,9
2021-11-01,11766,ChargePoint,291.14300000000003,38,101,202,1,2
2022-12-01,12210,ChargePoint,738.737,25,124,385,2,4
2022-12-01,13053,ChargePoint,227.91199999999998,8,42,80,1,2
2022-12-01,12993,ChargePoint,61.936,2,10,12,2,2
2022-12-01,13045,ChargePoint,433.0100000000001,33,78,82,3,6
2022-11-01,12870,ChargePoint,6.222,2,2,4,1,2
2022-11-01,12974,ChargePoint,291.244,32,54,65,3,6
2022-11-01,12970,ChargePoint,1090.531,68,221,267,5,9
2022-03-01,10468,ChargePoint,234.35,10,38,83,2,2
2022-02-01,12513,ChargePoint,44.346000000000004,11,7,8,1,2
2022-02-01,10990,ChargePoint,231.835,48,59,60,1,2
2022-02-01,14120,ChargePoint,293.995,30,62,210,2,4
2022-02-01,12019,ChargePoint,18.982000000000003,5,4,5,1,2
2022-01-01,13326,ChargePoint,5.644,7,2,2,3,3
2021-12-01,13326,ChargePoint,13.141,2,2,2,2,2
2021-12-01,12184,ChargePoint,172.188,13,29,530,1,2
2021-12-01,10013,ChargePoint,0.0,4,0,0,1,1
2021-12-01,10562,ChargePoint,145.589,18,48,60,1,2
2021-01-01,13045,ChargePoint,3.027,2,0,1,1,1
2021-01-01,10926,ChargePoint,10.067,3,2,2,1,2
2021-01-01,12302,ChargePoint,126.83200000000001,56,27,30,1,2
2021-01-01,14527,ChargePoint,168.73100000000002,31,51,83,1,2
2021-01-01,10460,ChargePoint,438.9669999999999,44,105,266,2,3
2020-01-01,10021,ChargePoint,330.052,22,55,108,2,3
2022-10-01,11772,ChargePoint,152.762,15,23,40,1,2
2022-10-01,14744,ChargePoint,78.482,12,13,16,1,1
2022-09-01,12198,ChargePoint,230.624,54,70,205,2,4
2022-09-01,12204,ChargePoint,429.52099999999984,34,82,212,5,7
2022-09-01,12015,ChargePoint,52.4,10,8,11,2,4
2022-09-01,12455,ChargePoint,435.86800000000005,54,73,93,1,2
2022-06-01,12513,ChargePoint,78.505,14,14,20,1,2
2022-05-01,14891,ChargePoint,608.7320000000001,45,120,282,1,2
2022-03-01,10576,ChargePoint,786.7689999999998,64,183,222,1,2
2022-10-01,11740,ChargePoint,818.8860000000001,49,151,294,1,2
2022-10-01,10468,ChargePoint,379.56700000000006,23,97,220,2,4
2022-10-01,11101,ChargePoint,493.50699999999995,16,84,97,2,3
2022-10-01,13788,ChargePoint,149.731,20,41,51,1,1
2022-09-01,14513,ChargePoint,326.701,27,57,158,3,4
2022-09-01,12206,ChargePoint,110.94199999999998,13,19,21,4,5
2022-09-01,13788,ChargePoint,31.024,8,5,5,1,1
2022-09-01,10022,ChargePoint,1164.7720000000002,45,195,240,3,5
2022-09-01,13212,ChargePoint,131.95000000000002,19,28,35,1,2
2022-08-01,12834,ChargePoint,194.52300000000002,27,50,86,3,6
2022-08-01,12528,ChargePoint,264.817,8,47,62,2,3
2022-08-01,12508,ChargePoint,0.0,2,0,0,1,1
2022-08-01,12853,ChargePoint,244.50600000000003,33,50,99,5,10
2022-08-01,13788,ChargePoint,301.583,18,52,82,1,1
2022-06-01,12485,ChargePoint,350.86299999999994,48,53,65,2,4
2022-06-01,12144,ChargePoint,256.68,92,67,70,2,4
2022-06-01,12019,ChargePoint,28.67,11,6,6,3,4
2022-06-01,14006,ChargePoint,122.58299999999998,11,23,33,1,2
2022-06-01,12992,ChargePoint,207.12900000000002,17,30,31,3,5
2022-06-01,12583,ChargePoint,386.53499999999997,39,80,131,1,2
2022-06-01,12953,ChargePoint,57.385000000000005,12,11,12,2,4
2022-05-01,10927,ChargePoint,76.819,11,13,15,1,2
2022-05-01,14059,ChargePoint,278.65500000000003,29,57,79,1,2
2022-05-01,14433,ChargePoint,241.25699999999998,23,77,95,1,2
2022-05-01,14120,ChargePoint,430.39500000000004,59,88,414,2,4
2022-05-01,10468,ChargePoint,332.684,10,54,71,2,3
2022-05-01,10017,ChargePoint,2036.741,180,522,1410,11,19
2022-05-01,13090,ChargePoint,0.0,1,0,0,1,1
2022-04-01,10021,ChargePoint,1095.758,66,215,311,2,4
2022-04-01,12936,ChargePoint,1.583,2,0,0,1,1
2022-04-01,14744,ChargePoint,6.528,2,1,1,1,2
2022-03-01,11754,ChargePoint,276.117,50,85,321,1,2
2022-03-01,12992,ChargePoint,1.849,5,0,0,2,3
2022-03-01,10926,ChargePoint,43.11300000000001,3,7,8,1,2
2022-03-01,14611,ChargePoint,504.4569999999999,28,151,956,5,8
2022-03-01,10038,ChargePoint,617.135,17,116,183,5,8
2021-10-01,13316,ChargePoint,0.0,1,0,0,1,1
2021-10-01,14006,ChargePoint,0.0,1,0,0,1,1
2021-10-01,12443,ChargePoint,109.658,7,16,23,1,2
2021-10-01,12184,ChargePoint,316.68,21,50,215,1,2
2020-03-01,10017,ChargePoint,203.84100000000004,15,40,115,4,4
2022-06-01,10546,ChargePoint,55.697,13,13,15,1,2
2022-08-01,12144,ChargePoint,235.812,91,64,67,2,4
2022-05-01,12144,ChargePoint,204.409,51,51,53,2,3
2022-04-01,12144,ChargePoint,237.886,46,72,76,2,3
2022-10-01,10927,ChargePoint,252.39700000000002,17,39,51,1,2
2022-10-01,10926,ChargePoint,345.466,24,60,93,1,2
2022-09-01,10010,ChargePoint,986.83,39,189,282,2,4
2022-08-01,10990,ChargePoint,183.037,49,40,42,1,2
2022-08-01,11725,ChargePoint,145.55899999999997,24,45,223,2,2
2022-06-01,11766,ChargePoint,365.782,48,135,176,1,2
2022-05-01,10536,ChargePoint,125.94800000000001,16,23,26,1,2
2022-05-01,12580,ChargePoint,12.572,3,2,2,1,2
2022-04-01,14069,ChargePoint,572.701,48,83,85,1,2
2022-04-01,14891,ChargePoint,496.6680000000001,26,112,166,1,2
2021-10-01,12723,ChargePoint,335.65,16,55,199,2,4
2022-10-01,12095,ChargePoint,415.0520000000001,41,101,170,2,4
2022-09-01,12524,ChargePoint,69.239,22,24,161,2,4
2022-09-01,14141,ChargePoint,847.6110000000001,30,148,230,1,2
2022-08-01,11803,ChargePoint,395.895,8,65,69,2,4
2022-08-01,10022,ChargePoint,974.1389999999999,37,166,231,3,5
2022-07-01,12202,ChargePoint,374.3909999999999,52,118,210,9,12
2022-06-01,13655,ChargePoint,571.1859999999999,28,103,168,2,4
2022-05-01,12992,ChargePoint,122.24600000000001,19,24,28,4,6
2022-05-01,10022,ChargePoint,206.671,11,35,39,2,3
2022-04-01,12303,ChargePoint,150.775,7,26,29,2,3
2022-04-01,10977,ChargePoint,742.9970000000001,67,180,246,2,4
2022-04-01,12455,ChargePoint,326.865,35,80,116,1,2
2022-04-01,13045,ChargePoint,164.52499999999998,19,41,41,3,4
2021-10-01,13655,ChargePoint,48.61899999999999,6,7,9,2,2
2022-11-01,12936,ChargePoint,311.161,15,80,177,3,4
2022-10-01,10562,ChargePoint,248.616,22,62,90,1,2
2022-06-01,11803,ChargePoint,701.9970000000001,28,124,137,2,4
2022-05-01,11747,ChargePoint,1705.376,109,324,434,3,6
2022-05-01,12198,ChargePoint,340.51200000000006,55,106,264,2,4
2022-12-01,13316,ChargePoint,161.184,13,29,32,3,6
2022-12-01,12198,ChargePoint,265.546,41,68,140,2,4
2022-11-01,14411,ChargePoint,719.2,33,122,145,1,2
2022-02-01,12455,ChargePoint,418.7040000000001,47,105,148,1,2
2022-12-01,10010,ChargePoint,1625.567,47,303,642,2,3
2022-12-01,12309,ChargePoint,897.2370000000001,97,167,444,5,9
2022-11-01,13365,ChargePoint,69.777,12,17,25,1,2
2022-11-01,14527,ChargePoint,155.665,23,40,58,1,2
2022-03-01,10022,ChargePoint,258.045,11,44,50,2,3
2022-03-01,12019,ChargePoint,19.081,9,4,4,3,5
2022-01-01,12443,ChargePoint,56.581999999999994,9,8,8,1,2
2021-12-01,13788,ChargePoint,61.315999999999995,13,24,24,1,2
2021-12-01,13655,ChargePoint,154.66400000000002,18,39,75,2,4
2021-12-01,10022,ChargePoint,41.494,3,7,14,1,2
2021-11-01,13053,ChargePoint,1.974,2,0,0,1,2
2021-11-01,10022,ChargePoint,0.0,6,0,0,1,1
2021-01-01,10530,ChargePoint,0.0,2,0,0,1,1
2020-11-01,11050,ChargePoint,330.52500000000003,43,92,208,3,5
2022-11-01,12853,ChargePoint,475.8720000000001,42,121,142,4,7
2022-11-01,11803,ChargePoint,262.571,7,45,61,2,3
2022-12-01,12009,ChargePoint,644.3019999999999,35,221,659,9,9
2022-12-01,13204,ChargePoint,589.069,39,104,422,4,5
2022-11-01,12009,ChargePoint,1254.3509999999999,56,239,925,12,12
2022-10-01,12009,ChargePoint,1130.596,67,223,727,10,10
2022-09-01,12009,ChargePoint,734.608,52,134,463,12,12
2022-09-01,13204,ChargePoint,244.82499999999993,25,50,270,3,4
2022-07-01,10155,ChargePoint,1336.9479999999994,52,223,343,10,10
2022-06-01,10155,ChargePoint,1989.2520000000002,71,331,410,10,10
2022-03-01,13340,ChargePoint,168.81599999999997,47,38,569,2,2
2022-02-01,10016,ChargePoint,209.222,37,37,46,9,9
2021-01-01,14546,ChargePoint,6.562,2,1,1,1,1
2021-01-01,10001,ChargePoint,1186.5159999999998,37,185,222,2,2
2022-12-01,14606,ChargePoint,239.93700000000007,14,151,1280,4,4
2022-11-01,12202,ChargePoint,422.15299999999996,45,118,265,8,10
2022-11-01,10155,ChargePoint,2080.068,81,344,498,9,9
2022-03-01,12202,ChargePoint,529.4810000000002,62,163,315,8,10
2022-03-01,10577,ChargePoint,3612.269999999998,175,679,1151,13,25
2022-02-01,13340,ChargePoint,114.82900000000001,26,23,494,2,2
2022-02-01,14606,ChargePoint,203.996,9,88,395,2,2
2022-01-01,11201,ChargePoint,47.067,6,14,35,1,2
2021-12-01,11742,ChargePoint,80.90199999999999,15,31,96,1,2
2021-01-01,14606,ChargePoint,75.22399999999999,5,26,130,2,2
2021-01-01,11238,ChargePoint,1.593,2,0,0,1,2
2021-01-01,12095,ChargePoint,41.600999999999985,15,10,12,2,4
2022-10-01,14215,ChargePoint,10.716,2,2,5,1,1
2022-10-01,10155,ChargePoint,1822.0839999999996,62,306,396,8,8
2022-10-01,10106,ChargePoint,1596.4860000000003,58,208,375,6,6
2022-10-01,10001,ChargePoint,992.7789999999999,26,165,211,3,3
2022-09-01,11433,ChargePoint,149.614,19,29,229,5,5
2022-09-01,13340,ChargePoint,187.57499999999996,31,51,183,2,2
2022-08-01,13204,ChargePoint,317.7049999999999,26,58,439,3,4
2022-09-01,10001,ChargePoint,1201.585,30,196,226,3,3
2022-08-01,10016,ChargePoint,511.856,36,80,247,8,8
2022-08-01,14546,ChargePoint,1330.5300000000002,73,290,327,2,3
2022-07-01,10016,ChargePoint,799.8690000000001,44,123,398,7,7
2022-06-01,13204,ChargePoint,205.51999999999998,21,35,43,4,5
2022-05-01,10106,ChargePoint,440.74100000000004,16,71,129,5,5
2022-05-01,10155,ChargePoint,1480.8010000000002,59,247,323,6,6
2022-04-01,13340,ChargePoint,224.94500000000005,41,55,641,2,2
2022-04-01,12202,ChargePoint,499.24700000000007,48,142,243,9,10
2022-03-01,10001,ChargePoint,1153.208,38,180,188,2,2
2021-11-01,12202,ChargePoint,163.506,22,44,77,5,7
2021-10-01,12009,ChargePoint,337.34000000000003,16,45,45,7,7
2022-05-01,14513,ChargePoint,879.2350000000001,67,198,409,9,13
2021-01-01,14210,ChargePoint,18.854,5,7,7,3,3
2022-11-01,12198,ChargePoint,294.9299999999999,48,81,210,2,4
2022-02-01,12834,ChargePoint,329.17999999999995,49,82,207,3,5
2022-12-01,14069,ChargePoint,569.4120000000001,44,85,89,1,2
2022-11-01,13788,ChargePoint,92.547,15,29,34,1,1
2022-11-01,11901,ChargePoint,288.087,26,65,104,2,4
2022-11-01,11101,ChargePoint,351.534,16,70,99,2,4
2022-11-01,12033,ChargePoint,1318.5320000000002,76,252,366,5,10
2022-03-01,12936,ChargePoint,90.027,8,16,16,3,3
2022-03-01,13326,ChargePoint,108.963,12,20,23,4,7
2022-02-01,13478,ChargePoint,245.32900000000004,23,66,85,5,7
2022-02-01,12526,ChargePoint,285.9770000000001,18,47,97,1,2
2022-02-01,12449,ChargePoint,69.333,8,11,11,3,4
2022-02-01,12528,ChargePoint,52.739,6,12,33,2,3
2022-01-01,13210,ChargePoint,247.01,19,59,82,3,6
2022-01-01,13316,ChargePoint,45.128,10,10,14,3,3
2022-01-01,12723,ChargePoint,123.505,8,20,26,2,3
2022-01-01,13057,ChargePoint,1771.0390000000004,68,336,547,4,8
2022-01-01,12953,ChargePoint,184.36299999999994,37,61,92,1,2
2021-12-01,11772,ChargePoint,495.69599999999997,29,75,88,1,2
2021-12-01,14411,ChargePoint,611.554,24,105,122,1,2
2021-12-01,12723,ChargePoint,156.458,7,23,39,2,2
2021-11-01,12485,ChargePoint,150.724,16,21,39,2,4
2021-11-01,14069,ChargePoint,113.96600000000001,17,25,30,1,2
2021-11-01,12033,ChargePoint,562.7180000000001,37,121,209,3,6
2021-11-01,13210,ChargePoint,85.82499999999999,10,16,32,3,5
2021-02-01,12845,ChargePoint,242.05899999999997,21,44,120,4,6
2021-01-01,11740,ChargePoint,18.137999999999998,10,3,4,1,2
2021-01-01,13901,ChargePoint,207.82300000000004,21,36,37,3,6
2021-01-01,12845,ChargePoint,19.18,5,3,3,4,5
2021-01-01,10022,ChargePoint,0.0,1,0,0,1,1
2021-01-01,14203,ChargePoint,357.41099999999994,51,90,165,3,5
2021-01-01,12202,ChargePoint,155.99599999999998,40,25,28,3,5
2021-01-01,10021,ChargePoint,921.35,47,165,240,2,3
2021-01-01,14530,ChargePoint,0.0,1,0,0,1,1
2021-01-01,12443,ChargePoint,39.129,3,6,6,1,2
2021-01-01,14513,ChargePoint,541.6770000000001,42,128,342,7,10
2022-12-01,12803,ChargePoint,386.13699999999994,35,73,79,1,2
2022-02-01,12202,ChargePoint,152.404,22,55,113,7,7
2021-11-01,12210,ChargePoint,890.159,28,151,361,2,4
2022-09-01,14605,ChargePoint,1580.32,115,368,633,1,2
2022-09-01,11766,ChargePoint,570.9330000000001,28,117,133,1,2
2022-09-01,12583,ChargePoint,239.242,38,55,80,1,2
2022-07-01,14605,ChargePoint,508.8429999999999,80,136,489,1,2
2021-11-01,12198,ChargePoint,264.3759999999999,45,81,209,2,4
2022-10-01,14411,ChargePoint,600.419,36,108,119,1,2
2022-10-01,12936,ChargePoint,580.2070000000001,19,116,239,3,6
2022-09-01,12303,ChargePoint,38.86,7,7,7,2,3
2022-09-01,13027,ChargePoint,74.213,22,20,23,2,4
2022-08-01,11754,ChargePoint,256.381,27,54,126,1,2
2022-08-01,13021,ChargePoint,713.119,51,120,131,1,2
2022-08-01,14445,ChargePoint,478.88900000000007,30,88,91,5,9
2022-07-01,14433,ChargePoint,153.78199999999998,17,30,50,2,3
2022-07-01,12580,ChargePoint,89.761,10,15,16,1,2
2022-07-01,12974,ChargePoint,150.74800000000002,10,24,27,3,4
2022-05-01,13308,ChargePoint,73.75999999999999,9,12,12,1,2
2022-04-01,10468,ChargePoint,280.966,11,46,76,2,3
2021-10-01,13027,ChargePoint,98.123,27,22,27,2,4
2021-10-01,10022,ChargePoint,0.0,4,0,0,1,1
2021-10-01,14425,ChargePoint,0.0,1,0,0,1,1
2020-09-01,10017,ChargePoint,314.332,27,64,303,6,8
2020-08-01,12603,ChargePoint,58.527,2,10,13,2,2
2022-10-01,12921,ChargePoint,22.505,7,7,22,1,2
2022-09-01,13753,ChargePoint,57.358,3,13,13,1,2
2022-05-01,11803,ChargePoint,691.9609999999999,27,130,150,2,4
2022-04-01,12992,ChargePoint,49.087999999999994,7,11,13,2,3
2022-04-01,13204,ChargePoint,3.549,2,1,1,1,1
2022-03-01,13204,ChargePoint,75.711,2,11,46,1,2
2021-11-01,14141,ChargePoint,320.347,13,55,112,1,2
2021-10-01,14059,ChargePoint,77.50200000000001,10,17,22,1,2
2022-09-01,12210,ChargePoint,73.059,6,12,35,3,4
2022-03-01,12209,ChargePoint,223.622,22,42,67,1,2
2022-09-01,14609,ChargePoint,542.823,51,124,169,1,2
2022-08-01,12526,ChargePoint,447.5309999999999,27,81,201,1,2
2022-07-01,10926,ChargePoint,393.96,33,67,76,1,2
2022-07-01,10530,ChargePoint,2.39,2,0,0,1,1
2022-06-01,12210,ChargePoint,78.27699999999999,6,13,22,2,3
2022-05-01,12853,ChargePoint,89.178,14,19,21,5,8
2022-04-01,10010,ChargePoint,289.99000000000007,9,50,68,2,3
2021-10-01,10924,ChargePoint,37.756,5,7,7,2,3
2020-06-01,10017,ChargePoint,292.42499999999995,21,56,101,5,7
2021-01-01,14063,ChargePoint,0.0,1,0,0,1,1
2022-12-01,10001,ChargePoint,1170.5680000000002,31,185,248,3,3
2022-12-01,10155,ChargePoint,1307.0710000000001,58,230,300,9,9
2022-11-01,13204,ChargePoint,758.6439999999999,45,125,277,4,5
2022-01-01,10106,ChargePoint,128.255,11,26,58,5,5
2022-01-01,12202,ChargePoint,239.372,34,97,178,7,8
2021-12-01,10954,ChargePoint,661.8519999999997,29,89,168,1,1
2021-12-01,11102,ChargePoint,482.60599999999994,32,93,438,3,3
2021-12-01,10016,ChargePoint,108.35900000000001,11,18,18,5,5
2021-01-01,13340,ChargePoint,51.495,7,14,125,3,3
2022-10-01,14608,ChargePoint,2.101,12,0,1,1,1
2022-09-01,10106,ChargePoint,1149.6000000000001,44,165,367,7,7
2022-09-01,10016,ChargePoint,747.7529999999999,37,119,323,8,8
2022-08-01,10106,ChargePoint,1061.514,38,143,347,7,7
2022-08-01,10001,ChargePoint,1359.2760000000003,36,223,264,3,3
2022-08-01,12009,ChargePoint,956.781,28,130,331,6,6
2022-07-01,11433,ChargePoint,200.69699999999997,20,40,90,5,5
2022-07-01,10001,ChargePoint,1460.801,43,238,297,3,3
2022-07-01,10106,ChargePoint,1342.634,51,179,387,7,7
2022-06-01,14608,ChargePoint,0.0,1,0,0,1,1
2022-06-01,11433,ChargePoint,176.32299999999998,17,32,70,4,4
2022-06-01,12009,ChargePoint,1324.738,45,182,374,4,4
2022-05-01,10119,ChargePoint,0.0,1,0,0,1,1
2022-05-01,13340,ChargePoint,236.73200000000003,47,63,518,2,2
2022-03-01,12009,ChargePoint,1824.0140000000004,58,249,666,13,13
2021-10-01,10591,ChargePoint,761.2979999999999,21,118,373,5,5
2020-10-01,11050,ChargePoint,25.527,6,9,14,3,4
2022-01-01,12583,ChargePoint,254.05700000000004,21,48,58,1,2
2022-01-01,12845,ChargePoint,891.671,38,169,309,10,13
2021-12-01,12870,ChargePoint,98.407,4,20,23,1,2
2021-01-01,12498,ChargePoint,100.907,42,24,30,1,2
2022-12-01,14530,ChargePoint,666.5630000000001,14,94,173,1,2
2022-12-01,12831,ChargePoint,521.7769999999999,14,78,95,1,2
2022-12-01,13326,ChargePoint,94.21,11,19,19,4,7
2022-12-01,12870,ChargePoint,72.096,14,23,57,1,2
2022-11-01,14226,ChargePoint,1307.4620000000002,64,270,307,4,6
2022-11-01,12997,ChargePoint,163.928,12,26,29,3,6
2022-11-01,12455,ChargePoint,201.52900000000002,33,50,82,1,2
2022-11-01,10924,ChargePoint,140.741,9,23,24,2,4
2022-11-01,13326,ChargePoint,127.866,15,23,23,4,8
2022-01-01,14120,ChargePoint,160.913,23,47,178,2,3
2022-01-01,10013,ChargePoint,49.411,2,9,9,1,2
2022-01-01,13367,ChargePoint,231.74,6,40,51,1,2
2022-01-01,10022,ChargePoint,0.0,1,0,0,1,1
2022-01-01,12936,ChargePoint,115.80199999999999,7,17,20,2,4
2022-01-01,10927,ChargePoint,80.911,12,15,16,1,2
2021-02-01,12529,ChargePoint,22.893,4,9,9,1,2
2021-01-01,12571,ChargePoint,468.4880000000002,54,86,132,5,9
2021-01-01,14744,ChargePoint,7.868,2,1,1,1,2
2021-01-01,12583,ChargePoint,0.895,2,0,0,1,1
2021-01-01,14433,ChargePoint,174.46400000000003,13,49,62,1,2
2020-11-01,12603,ChargePoint,317.666,17,56,59,2,4
2021-01-01,12159,ChargePoint,414.989,18,80,403,3,3
2021-12-01,14611,ChargePoint,126.09699999999998,16,22,35,4,7
2022-09-01,11725,ChargePoint,152.21999999999997,25,47,252,3,4
2022-09-01,12184,ChargePoint,757.6809999999999,40,147,582,1,2
2022-07-01,12834,ChargePoint,288.01,31,65,118,3,6
2022-06-01,13820,ChargePoint,291.521,38,81,89,1,1
2022-10-01,14433,ChargePoint,121.02,11,22,44,2,2
2022-10-01,10543,ChargePoint,0.0,1,0,0,1,1
2022-10-01,12974,ChargePoint,321.7420000000001,32,62,73,3,5
2022-10-01,13308,ChargePoint,4.99,3,1,1,1,2
2022-08-01,11766,ChargePoint,165.75599999999997,24,45,60,1,2
2022-08-01,12997,ChargePoint,74.329,6,11,12,3,4
2022-08-01,12015,ChargePoint,110.23,12,20,20,2,4
2022-07-01,14411,ChargePoint,389.841,23,69,94,1,2
2022-07-01,10468,ChargePoint,25.519,2,4,4,2,2
2022-06-01,12974,ChargePoint,56.17799999999999,6,10,12,2,4
2022-06-01,12997,ChargePoint,38.858000000000004,6,7,7,2,3
2022-04-01,14120,ChargePoint,457.54699999999997,45,89,390,2,4
2022-04-01,13655,ChargePoint,422.122,22,77,138,2,4
2022-04-01,14546,ChargePoint,491.8879999999999,50,139,178,2,3
2022-04-01,12997,ChargePoint,159.882,13,27,34,3,6
2022-04-01,12983,ChargePoint,58.998,10,15,69,2,4
2022-03-01,13045,ChargePoint,93.81,12,28,29,2,4
2022-03-01,10536,ChargePoint,32.812,5,6,6,1,2
2022-03-01,13316,ChargePoint,200.007,16,39,41,3,6
2021-10-01,10468,ChargePoint,97.684,6,16,32,2,4
2022-07-01,11803,ChargePoint,451.2269999999999,8,76,85,2,3
2022-08-01,12846,ChargePoint,464.3130000000001,38,73,76,2,4
2022-04-01,12856,ChargePoint,40.102000000000004,4,9,9,2,3
2022-05-01,12204,ChargePoint,393.57099999999997,36,84,194,4,8
2022-08-01,12974,ChargePoint,381.578,32,58,89,3,6
2022-06-01,14744,ChargePoint,40.275,5,11,48,1,2
2022-11-01,07731,ChargePoint,19.659,3,3,3,1,2
2022-09-01,07731,ChargePoint,28.058,5,5,5,1,2
2022-08-01,07731,ChargePoint,2.872,1,0,0,1,1
2022-02-01,29455,ChargePoint,62.588,7,10,10,1,2
2022-01-01,29455,ChargePoint,2.104,1,0,0,1,1
2021-12-01,29455,ChargePoint,59.838,3,10,16,1,1
2020-12-01,29455,ChargePoint,0.261,1,0,0,1,1
2022-09-01,29455,ChargePoint,205.339,21,61,113,1,2
2022-07-01,29455,ChargePoint,495.768,22,91,101,1,2
2022-06-01,29455,ChargePoint,4.0889999999999995,9,1,1,1,2
2022-09-01,06901,ChargePoint,318.132,15,59,82,1,2
2022-08-01,06901,ChargePoint,231.86599999999999,11,43,77,1,2
2021-01-01,06901,ChargePoint,112.219,19,40,46,1,2
2022-07-01,06901,ChargePoint,141.365,9,24,43,1,1
2022-05-01,06901,ChargePoint,133.71,10,23,25,1,1
2022-11-01,06902,ChargePoint,494.27600000000007,29,97,121,1,2
2022-03-01,06902,ChargePoint,436.34599999999995,23,76,85,1,2
2022-01-01,06902,ChargePoint,42.321,4,9,12,1,1
2021-02-01,06902,ChargePoint,30.381,2,5,5,1,1
2021-01-01,06902,ChargePoint,82.867,4,14,14,1,2
2020-12-01,06902,ChargePoint,14.204,2,4,5,1,2
2022-08-01,06902,ChargePoint,310.39599999999996,27,69,93,1,2
2022-04-01,06902,ChargePoint,367.55,23,67,81,1,2
2021-10-01,06902,ChargePoint,129.76,9,24,35,1,2
2021-01-01,92618,ChargePoint,44.882000000000005,7,9,10,6,6
2020-06-01,92618,ChargePoint,140.78699999999998,11,27,27,3,3
2020-04-01,92618,ChargePoint,43.56,6,8,8,5,6
2022-11-01,44087,ChargePoint,8.783,1,2,5,1,1
2022-10-01,44087,ChargePoint,32.368,1,5,5,1,1
2022-08-01,44087,ChargePoint,24.109,2,4,7,1,1
2022-06-01,44087,ChargePoint,60.322,4,11,11,1,1
2022-04-01,44087,ChargePoint,74.035,7,18,23,2,2
2022-03-01,44087,ChargePoint,22.174,2,7,7,1,1
2021-12-01,44087,ChargePoint,20.339,2,5,7,1,1
2020-11-01,44087,ChargePoint,11.964,1,4,4,1,1
2020-03-01,44087,ChargePoint,5.038,1,2,2,1,1
2020-01-01,44087,ChargePoint,9.371,1,3,3,1,1
2022-12-01,48076,ChargePoint,685.165,32,127,161,2,2
2022-11-01,48076,ChargePoint,573.144,28,99,117,2,2
2022-10-01,48076,ChargePoint,763.6450000000003,37,129,145,2,2
2022-09-01,48076,ChargePoint,606.4469999999999,30,104,123,2,2
2022-08-01,48076,ChargePoint,177.645,7,30,32,2,2
2022-07-01,48076,ChargePoint,34.673,2,6,6,2,2
2022-12-01,76092,ChargePoint,13.392,1,3,3,1,1
2022-12-01,43026,ChargePoint,8.064,3,2,3,1,2
2022-12-01,01851,ChargePoint,140.12199999999999,5,23,23,2,3
2022-11-01,01851,ChargePoint,150.288,6,27,28,1,2
2022-11-01,30004,ChargePoint,22.821,1,4,5,1,1
2022-09-01,23605,ChargePoint,108.335,6,24,55,1,2
2022-10-01,74117,ChargePoint,55.073,5,10,12,1,2
2022-09-01,76092,ChargePoint,314.30199999999996,14,55,58,2,4
2022-08-01,75081,ChargePoint,39.111,1,7,9,1,1
2022-06-01,37128,ChargePoint,1.326,1,0,0,1,1
2022-06-01,43026,ChargePoint,27.242,1,4,4,1,1
2022-06-01,01851,ChargePoint,14.097,2,3,3,1,2
2022-04-01,01851,ChargePoint,26.842,3,4,5,2,2
2022-03-01,30009,ChargePoint,12.712,3,2,2,1,1
2022-03-01,75081,ChargePoint,96.66300000000001,15,19,30,2,3
2022-03-01,74117,ChargePoint,29.901000000000003,2,5,5,1,1
2022-02-01,76092,ChargePoint,46.367999999999995,2,7,7,1,1
2022-02-01,80919,ChargePoint,1.466,1,0,0,1,1
2022-02-01,75081,ChargePoint,68.604,7,13,21,2,3
2022-02-01,85226,ChargePoint,34.925,3,6,7,2,2
2022-02-01,30009,ChargePoint,34.646,3,6,6,2,3
2022-01-01,30009,ChargePoint,89.399,6,15,15,3,4
2022-01-01,74117,ChargePoint,12.191,1,2,2,1,1
2021-12-01,74117,ChargePoint,10.403,1,2,2,1,1
2021-11-01,30009,ChargePoint,6.496,1,1,1,1,1
2021-10-01,74117,ChargePoint,13.147,1,2,2,1,1
2021-10-01,85226,ChargePoint,15.638,1,3,4,1,1
2020-12-01,37128,ChargePoint,2.849,1,0,0,1,1
2020-12-01,60008,ChargePoint,3.576,1,1,1,1,1
2020-09-01,60008,ChargePoint,4.806,1,1,1,1,1
2020-06-01,80124,ChargePoint,9.684000000000001,3,2,2,2,3
2020-06-01,30004,ChargePoint,1.61,1,0,0,1,1
2020-03-01,08854,ChargePoint,207.67899999999997,10,38,45,5,7
2019-12-01,20701,ChargePoint,22.015,1,4,4,1,1
2022-12-01,74117,ChargePoint,34.004999999999995,3,6,7,1,1
2022-10-01,43026,ChargePoint,17.787,1,3,3,1,1
2022-08-01,23228,ChargePoint,26.139,1,4,4,1,1
2022-08-01,32746,ChargePoint,188.63800000000003,6,33,44,3,4
2022-04-01,75081,ChargePoint,32.363,4,6,9,2,2
2021-11-01,01851,ChargePoint,6.34,1,2,3,1,1
2020-05-01,32746,ChargePoint,4.524,1,1,1,1,1
2021-12-01,30009,ChargePoint,79.556,2,13,14,1,1
2020-12-01,32746,ChargePoint,1.765,1,0,0,1,1
2019-12-01,27513,ChargePoint,8.837,1,2,2,1,1
2022-06-01,85226,ChargePoint,24.422,4,4,4,2,4
2022-05-01,01851,ChargePoint,0.0,1,0,0,1,1
2020-11-01,33637,ChargePoint,2.076,1,0,0,1,1
2020-10-01,33637,ChargePoint,25.971000000000004,3,4,4,1,1
2020-07-01,33637,ChargePoint,3.114,2,1,1,1,1
2020-04-01,33637,ChargePoint,22.894,1,4,4,1,1
2021-02-01,07921,ChargePoint,16.377,1,5,6,1,1
2020-04-01,07921,ChargePoint,87.761,4,15,50,2,2
2020-05-01,07921,ChargePoint,6.185,2,2,2,2,2
2020-09-01,07921,ChargePoint,11.594000000000001,2,3,4,1,1
2020-08-01,07921,ChargePoint,5.796,1,1,1,1,1
2020-06-01,07920,ChargePoint,40.047,6,7,8,3,4
2021-01-01,94598,ChargePoint,14.377,1,4,4,1,1
2021-10-01,94598,ChargePoint,17.792,1,3,3,1,1
2020-09-01,94598,ChargePoint,29.728,2,8,16,1,1
2020-08-01,94598,ChargePoint,11.327,1,5,9,1,1
2020-05-01,94598,ChargePoint,15.32,2,3,3,1,1
2020-04-01,94598,ChargePoint,6.275,1,2,2,1,1
2020-12-01,94598,ChargePoint,5.297,1,3,5,1,1
2022-08-01,95131,ChargePoint,57.833,4,10,10,2,3
2020-04-01,95131,ChargePoint,2.462,1,0,0,1,1
2019-12-01,95131,ChargePoint,119.262,5,21,24,3,4
2020-07-01,95131,ChargePoint,1.843,2,0,0,1,2
2020-06-01,95131,ChargePoint,12.718,1,2,2,1,1
2021-12-01,92121,ChargePoint,77.487,4,15,15,1,1
2021-02-01,92121,ChargePoint,37.114000000000004,4,7,12,3,3
2022-01-01,92121,ChargePoint,5.3,1,2,3,1,1
2020-12-01,92121,ChargePoint,11.853,4,4,4,3,3
2020-11-01,92121,ChargePoint,7.19,2,3,3,2,2
2020-08-01,92121,ChargePoint,17.213,4,8,8,2,3
2020-07-01,92121,ChargePoint,22.929,2,5,5,1,1
2020-06-01,92121,ChargePoint,53.299,3,10,10,3,3
2021-01-01,92121,ChargePoint,9.93,2,4,7,2,2
2020-10-01,92618,ChargePoint,157.545,18,31,32,6,11
2022-12-01,95630,ChargePoint,146.86599999999999,18,33,40,1,2
2021-01-01,95630,ChargePoint,4.444,2,2,2,1,1
2020-12-01,95630,ChargePoint,32.208,7,9,13,1,1
2020-11-01,95630,ChargePoint,62.96300000000001,8,13,24,1,1
2020-03-01,95630,ChargePoint,85.98400000000002,14,24,35,2,3
2020-02-01,95630,ChargePoint,42.565,13,16,19,2,3
2020-01-01,95630,ChargePoint,43.15200000000001,12,17,25,2,2
2021-12-01,95630,ChargePoint,151.704,7,27,27,1,1
2022-09-01,95630,ChargePoint,394.127,34,79,107,2,3
2022-07-01,95630,ChargePoint,256.486,17,59,65,2,4
2022-06-01,95630,ChargePoint,209.058,30,50,60,2,4
2022-05-01,95630,ChargePoint,168.686,10,33,43,2,4
2020-04-01,95630,ChargePoint,43.414,4,11,31,1,2
2020-10-01,95630,ChargePoint,6.4670000000000005,3,3,3,1,1
2022-09-01,07960,ChargePoint,459.82099999999997,12,79,80,2,2
2021-10-01,08854,ChargePoint,77.95700000000001,3,15,17,2,3
2020-06-01,07728,ChargePoint,3.788,1,4,10,1,1
2020-03-01,07728,ChargePoint,5.135,1,2,10,1,1
2022-12-01,07960,ChargePoint,260.433,9,43,45,3,4
2022-11-01,08854,ChargePoint,13.592,1,2,2,1,1
2022-02-01,08854,ChargePoint,56.989999999999995,3,10,10,1,1
2021-12-01,07960,ChargePoint,63.187,2,10,10,2,2
2021-11-01,07960,ChargePoint,22.695,1,4,6,1,1
2020-02-01,07728,ChargePoint,59.206999999999994,9,25,92,1,1
2020-02-01,08691,ChargePoint,244.656,7,44,50,1,1
2020-01-01,07728,ChargePoint,82.51100000000002,14,33,142,2,2
2020-01-01,08691,ChargePoint,355.80199999999996,9,62,74,1,1
2019-12-01,08691,ChargePoint,71.331,3,12,15,1,1
2022-12-01,85226,ChargePoint,38.766000000000005,4,6,7,1,2
2022-12-01,75081,ChargePoint,82.231,5,16,18,3,4
2022-12-01,84120,ChargePoint,16.463,3,5,12,1,2
2022-11-01,75081,ChargePoint,76.452,4,15,17,3,3
2022-11-01,84120,ChargePoint,77.17500000000003,6,19,22,1,2
2022-10-01,84120,ChargePoint,55.269999999999996,6,17,20,1,2
2022-10-01,75081,ChargePoint,94.87,4,19,20,2,3
2022-09-01,75081,ChargePoint,149.417,6,29,29,3,5
2022-09-01,84120,ChargePoint,22.897000000000002,2,5,5,1,2
2022-06-01,23605,ChargePoint,8.462,1,2,2,1,1
2022-04-01,85226,ChargePoint,57.982,5,10,10,1,2
2022-03-01,06492,ChargePoint,47.456,1,8,8,1,1
2022-03-01,84120,ChargePoint,25.917,3,8,25,1,2
2021-12-01,80124,ChargePoint,59.428999999999995,2,10,10,1,2
2021-11-01,85226,ChargePoint,13.749,1,2,4,1,1
2021-11-01,75081,ChargePoint,13.429,2,3,3,2,2
2021-10-01,20147,ChargePoint,10.967,1,3,3,1,1
2021-02-01,80124,ChargePoint,23.821,1,4,4,1,1
2020-12-01,85226,ChargePoint,1.344,1,0,0,1,1
2020-10-01,85226,ChargePoint,8.487,2,4,4,1,2
2020-03-01,23605,ChargePoint,149.12,7,24,32,1,1
2022-03-01,20701,ChargePoint,34.928,1,6,6,1,1
2020-02-01,23605,ChargePoint,294.461,11,48,50,1,2
2020-01-01,23605,ChargePoint,285.678,11,46,49,1,1
2019-12-01,23605,ChargePoint,38.957,2,6,6,1,1
2019-12-01,01851,ChargePoint,6.166,1,2,2,1,1
2022-03-01,85226,ChargePoint,68.614,3,12,12,1,1
2022-01-01,80124,ChargePoint,22.816,2,5,6,1,1
2021-12-01,85226,ChargePoint,12.916,1,2,4,1,1
2021-11-01,80124,ChargePoint,12.899999999999999,2,2,2,1,1
2022-12-01,63304,ChargePoint,10.661,1,2,2,1,1
2022-09-01,60008,ChargePoint,1.008,1,0,0,1,1
2022-09-01,63304,ChargePoint,11.259,1,2,2,1,1
2022-08-01,85226,ChargePoint,1.317,1,0,0,1,1
2022-06-01,63304,ChargePoint,28.603,1,5,5,1,1
2022-06-01,84120,ChargePoint,15.394,3,5,6,1,1
2022-01-01,75081,ChargePoint,10.886,2,2,3,1,1
2022-01-01,76092,ChargePoint,0.572,1,0,0,1,1
2021-10-01,80124,ChargePoint,2.387,1,0,0,1,1
2020-04-01,84120,ChargePoint,1.159,1,0,0,1,1
2020-03-01,63304,ChargePoint,49.421,8,9,9,1,1
2020-03-01,80124,ChargePoint,22.57,1,4,4,1,1
2020-01-01,63304,ChargePoint,79.079,11,14,14,1,1
2022-12-01,06492,ChargePoint,22.761,2,4,5,1,1
2022-12-01,08854,ChargePoint,17.241,1,3,3,1,1
2022-11-01,06492,ChargePoint,23.561,2,4,8,1,1
2022-11-01,08691,ChargePoint,25.142,1,4,4,1,1
2022-02-01,32746,ChargePoint,42.853,2,7,10,1,1
2022-01-01,44087,ChargePoint,6.312,1,1,1,1,1
2021-12-01,23228,ChargePoint,34.096,1,6,8,1,1
2022-10-01,06492,ChargePoint,36.155,3,6,9,1,1
2022-09-01,06492,ChargePoint,24.273,2,4,5,1,1
2022-08-01,06492,ChargePoint,49.181,4,9,11,1,1
2022-06-01,06492,ChargePoint,3.186,1,1,1,1,1
2020-07-01,07921,ChargePoint,127.798,4,22,31,1,1
2020-06-01,07921,ChargePoint,198.362,4,34,58,1,1
2022-01-01,75038,ChargePoint,32.323,4,5,5,2,3
2021-11-01,75038,ChargePoint,100.75699999999999,5,21,24,2,2
2021-10-01,75038,ChargePoint,26.335,5,16,16,3,4
2020-10-01,75038,ChargePoint,155.713,13,27,31,2,2
2020-08-01,75038,ChargePoint,145.531,13,26,27,2,2
2020-04-01,75038,ChargePoint,170.439,15,29,30,2,2
2020-12-01,75038,ChargePoint,29.043,3,5,5,1,2
2021-01-01,75038,ChargePoint,45.724999999999994,5,7,8,1,1
2020-11-01,75038,ChargePoint,178.142,15,29,30,1,1
2020-07-01,75038,ChargePoint,74.188,6,12,12,1,1
2020-06-01,75038,ChargePoint,231.44399999999996,17,37,39,1,1
2020-05-01,75038,ChargePoint,44.167,4,7,7,1,1
2020-10-01,33634,ChargePoint,1.045,2,0,0,1,1
2020-05-01,33634,ChargePoint,48.152,3,8,8,1,1
2022-11-01,14606,ChargePoint,225.84,18,73,373,4,4
2022-11-01,10591,ChargePoint,849.3650000000001,29,141,655,5,5
2022-11-01,10001,ChargePoint,1088.1530000000002,30,182,206,2,2
2022-11-01,10016,ChargePoint,803.5279999999999,30,115,335,7,7
2021-11-01,13340,ChargePoint,145.163,10,25,522,2,2
2021-11-01,14606,ChargePoint,137.46,4,56,426,3,3
2021-11-01,11102,ChargePoint,455.788,28,77,406,3,3
2022-02-01,11201,ChargePoint,53.054,5,17,40,1,2
2021-02-01,11201,ChargePoint,12.773,1,4,4,1,1
2021-01-01,11201,ChargePoint,23.907,2,4,12,1,1
2021-12-01,11238,ChargePoint,16.968,6,3,3,1,2
2021-01-01,12449,ChargePoint,7.191000000000001,11,1,2,1,2
2021-12-01,11362,ChargePoint,310.55899999999997,9,51,59,1,2
2021-11-01,11958,ChargePoint,31.23,1,5,7,1,1
2021-02-01,11238,ChargePoint,1.697,1,0,0,1,1
2021-12-01,12009,ChargePoint,890.3180000000001,31,120,241,5,5
2021-11-01,12009,ChargePoint,463.97400000000005,15,62,111,4,4
2021-12-01,11201,ChargePoint,28.004,2,9,23,1,1
2021-11-01,11201,ChargePoint,11.87,1,2,2,1,1
2021-12-01,10280,ChargePoint,37.089,1,6,6,1,1
2022-12-01,14546,ChargePoint,360.102,23,88,100,2,3
2022-02-01,11433,ChargePoint,188.70700000000002,21,37,111,3,3
2022-01-01,14546,ChargePoint,33.581,5,6,6,2,2
2021-12-01,14546,ChargePoint,51.111999999999995,6,9,10,2,3
2021-11-01,11433,ChargePoint,195.42499999999998,17,36,96,4,4
2022-11-01,13601,ChargePoint,729.215,47,131,190,3,4
2022-03-01,13601,ChargePoint,297.57300000000004,14,51,55,3,4
2022-01-01,13601,ChargePoint,48.303,10,11,11,3,4
2021-12-01,13601,ChargePoint,53.201,6,9,10,3,4
2021-01-01,13601,ChargePoint,64.047,7,17,20,3,4
2021-12-01,13408,ChargePoint,37.153999999999996,2,7,8,1,1
2021-11-01,12078,ChargePoint,315.707,19,63,89,1,1
2021-02-01,13408,ChargePoint,18.543,1,3,3,1,1
2021-01-01,11742,ChargePoint,1.788,1,1,1,1,1
2022-12-01,11102,ChargePoint,443.71400000000006,19,71,343,2,2
2022-12-01,10954,ChargePoint,9.014,1,3,16,1,1
2022-11-01,11102,ChargePoint,411.5880000000001,24,67,349,2,2
2022-03-01,11102,ChargePoint,448.20400000000006,26,72,360,2,2
2022-03-01,10954,ChargePoint,137.96699999999998,5,20,23,1,1
2022-02-01,11215,ChargePoint,166.54300000000003,10,33,182,2,2
2022-02-01,11102,ChargePoint,359.03399999999993,18,58,269,2,2
2022-01-01,10954,ChargePoint,713.2289999999998,23,96,123,1,1
2022-01-01,11102,ChargePoint,438.758,22,81,352,2,2
2021-11-01,10954,ChargePoint,865.3990000000002,31,122,204,1,1
2022-02-01,10591,ChargePoint,747.3249999999999,22,118,441,4,4
2022-01-01,10591,ChargePoint,701.3380000000001,21,111,414,4,4
2021-12-01,10591,ChargePoint,828.3859999999999,25,128,531,5,5
2021-11-01,10591,ChargePoint,867.158,25,133,353,6,6
2021-01-01,11102,ChargePoint,433.2029999999999,26,65,532,1,1
2022-12-01,10960,ChargePoint,1168.4159999999995,39,192,448,3,3
2022-02-01,10960,ChargePoint,332.664,10,59,262,2,2
2022-01-01,10960,ChargePoint,456.999,13,80,109,3,3
2021-11-01,10960,ChargePoint,236.517,5,39,63,2,2
2022-03-01,14606,ChargePoint,413.994,22,178,920,4,4
2022-03-01,14608,ChargePoint,249.933,8,82,277,1,1
2022-02-01,14608,ChargePoint,340.55899999999997,12,119,423,1,1
2022-01-01,14606,ChargePoint,91.41999999999999,4,42,393,1,1
2022-01-01,14608,ChargePoint,150.392,4,43,74,1,1
2021-12-01,14606,ChargePoint,155.815,6,73,724,2,2
2021-12-01,14608,ChargePoint,206.593,8,74,255,1,1
2021-11-01,14608,ChargePoint,48.230999999999995,2,24,161,1,1
2022-10-01,13204,ChargePoint,144.319,13,25,52,3,4
2021-12-01,13204,ChargePoint,113.621,4,19,29,1,1
2021-01-01,13204,ChargePoint,101.58099999999999,10,48,399,3,3
2022-12-01,13340,ChargePoint,187.77199999999996,26,52,113,2,2
2022-11-01,13340,ChargePoint,248.76,37,77,169,2,2
2022-01-01,13340,ChargePoint,98.599,15,19,631,2,2
2021-12-01,13340,ChargePoint,85.19599999999998,8,15,714,1,1
2022-12-01,14215,ChargePoint,12.77,1,3,239,1,1
2022-11-01,14215,ChargePoint,10.874,3,2,420,1,1
2022-02-01,14215,ChargePoint,20.341,2,5,264,1,1
2022-01-01,14215,ChargePoint,20.921,1,12,430,1,1
2021-11-01,14215,ChargePoint,22.242,2,4,113,1,1
2021-01-01,14215,ChargePoint,26.313,3,7,232,1,1
2020-12-01,14215,ChargePoint,11.803,1,2,98,1,1
2020-11-01,14215,ChargePoint,20.463,3,4,127,1,1
2020-03-01,14215,ChargePoint,112.64599999999999,24,20,545,1,1
2020-02-01,14215,ChargePoint,140.043,31,31,580,1,1
2020-01-01,14215,ChargePoint,50.326,11,12,416,1,1
2019-12-01,14215,ChargePoint,5.682,1,1,260,1,1
2022-02-01,10001,ChargePoint,985.8290000000001,23,154,171,2,2
2022-01-01,10001,ChargePoint,1330.1159999999995,59,209,263,2,2
2021-12-01,10001,ChargePoint,1275.8399999999997,33,199,240,2,2
2021-02-01,11958,ChargePoint,2.237,1,0,0,1,1
2021-12-01,11433,ChargePoint,190.107,15,34,76,2,2
2022-11-01,10106,ChargePoint,1249.01,36,162,279,6,6
2021-12-01,10106,ChargePoint,154.808,11,25,27,2,2
2022-01-01,10016,ChargePoint,90.06,4,14,14,2,2
2021-12-01,10119,ChargePoint,73.772,6,23,25,1,1
2021-11-01,12449,ChargePoint,390.30199999999996,31,88,171,4,6
2021-11-01,10280,ChargePoint,8.65,1,1,1,1,1
2021-10-01,11201,ChargePoint,15.187000000000001,2,4,4,1,1
2022-07-01,12009,ChargePoint,1019.0260000000001,32,141,486,5,5
2021-10-01,13408,ChargePoint,21.132,3,4,4,1,1
2022-05-01,11757,ChargePoint,1372.7480000000005,41,230,394,3,3
2022-05-01,11433,ChargePoint,206.28400000000002,18,37,94,3,3
2022-10-01,11215,ChargePoint,194.77300000000002,14,60,222,2,2
2022-10-01,11102,ChargePoint,385.25100000000003,21,64,317,2,2
2022-09-01,11102,ChargePoint,433.23999999999995,25,70,399,2,2
2022-09-01,11238,ChargePoint,64.927,1,10,23,1,1
2022-08-01,11238,ChargePoint,115.531,3,18,192,1,1
2022-08-01,11102,ChargePoint,262.46200000000005,18,46,212,2,2
2022-07-01,11238,ChargePoint,84.747,2,13,34,1,1
2022-07-01,11102,ChargePoint,413.09899999999993,25,70,366,2,2
2022-06-01,11102,ChargePoint,424.0930000000001,29,75,351,2,2
2022-06-01,11215,ChargePoint,269.111,19,56,397,2,2
2022-05-01,11215,ChargePoint,205.573,15,43,187,2,2
2022-05-01,11102,ChargePoint,526.884,28,87,304,2,2
2022-03-01,10119,ChargePoint,36.315,2,8,10,1,1
2022-11-01,10954,ChargePoint,6.891,1,2,2,1,1
2022-10-01,10954,ChargePoint,145.798,3,21,61,2,2
2022-09-01,10954,ChargePoint,330.773,10,52,144,2,2
2022-07-01,10954,ChargePoint,261.693,8,36,46,1,1
2022-06-01,10954,ChargePoint,554.628,21,75,150,1,1
2022-05-01,10954,ChargePoint,807.521,25,109,216,1,1
2022-04-01,10954,ChargePoint,406.69799999999987,13,56,79,1,1
2022-10-01,10591,ChargePoint,536.688,14,84,355,5,5
2022-09-01,10591,ChargePoint,870.2260000000002,26,134,507,5,5
2022-08-01,10591,ChargePoint,977.1340000000001,30,156,600,5,5
2022-07-01,10591,ChargePoint,978.3899999999999,33,155,668,5,5
2022-06-01,10591,ChargePoint,912.441,33,149,686,5,5
2022-05-01,10591,ChargePoint,694.968,23,114,548,5,5
2022-04-01,10591,ChargePoint,991.7750000000001,29,164,622,5,5
2022-06-01,10001,ChargePoint,1157.5629999999999,34,189,236,3,3
2022-05-01,10001,ChargePoint,1393.7220000000002,38,222,278,2,2
2022-04-01,10001,ChargePoint,858.121,22,135,154,2,2
2022-09-01,14215,ChargePoint,28.125999999999998,3,5,43,1,1
2022-08-01,14215,ChargePoint,9.401,1,2,4,1,1
2022-07-01,14215,ChargePoint,27.389000000000003,3,5,89,1,1
2022-06-01,14215,ChargePoint,32.881,4,6,58,1,1
2022-05-01,14215,ChargePoint,21.372,3,3,19,1,1
2022-04-01,14215,ChargePoint,5.09,1,1,4,1,1
2021-10-01,10960,ChargePoint,145.237,4,24,40,1,1
2021-10-01,14215,ChargePoint,17.137,2,3,23,1,1
2020-10-01,14215,ChargePoint,30.175000000000004,3,5,96,1,1
2020-09-01,14215,ChargePoint,11.587,1,2,16,1,1
2020-08-01,14215,ChargePoint,16.489,3,3,10,1,1
2020-06-01,14215,ChargePoint,0.212,1,0,5,1,1
2022-09-01,12202,ChargePoint,464.08799999999997,38,142,270,4,4
2022-08-01,14608,ChargePoint,8.848,2,1,18,1,1
2022-04-01,14608,ChargePoint,47.388999999999996,2,18,90,1,1
2021-10-01,14608,ChargePoint,71.42099999999999,5,25,127,1,1
2022-10-01,14606,ChargePoint,190.885,14,68,432,4,4
2022-09-01,14606,ChargePoint,114.17500000000001,10,100,1268,3,3
2022-08-01,14606,ChargePoint,72.94999999999999,6,29,322,2,2
2022-06-01,14606,ChargePoint,87.24800000000002,9,49,698,3,3
2022-05-01,14606,ChargePoint,85.937,8,59,798,2,2
2022-04-01,14606,ChargePoint,588.124,26,266,1239,4,4
2022-07-01,13204,ChargePoint,102.01299999999999,13,29,78,4,5
2022-08-01,13340,ChargePoint,350.76500000000004,34,82,342,2,2
2022-07-01,13340,ChargePoint,61.55799999999999,2,11,16,2,2
2022-06-01,13340,ChargePoint,208.168,35,56,480,2,2
2021-10-01,13340,ChargePoint,172.40800000000002,12,29,416,2,2
2022-10-01,13340,ChargePoint,191.32799999999997,31,59,151,2,2
2022-04-01,10106,ChargePoint,977.3560000000002,47,162,319,10,10
2022-10-01,10016,ChargePoint,692.7360000000001,35,125,379,8,8
2022-05-01,10016,ChargePoint,602.069,29,91,144,7,7
2022-07-01,10119,ChargePoint,97.97999999999999,6,16,18,1,1
2022-04-01,10119,ChargePoint,0.0,1,0,0,1,1
2022-04-01,10155,ChargePoint,166.23199999999997,22,30,43,10,10
2022-02-01,11101,ChargePoint,109.996,4,18,31,1,1
2022-01-01,11101,ChargePoint,159.008,7,26,46,1,1
2022-01-01,12084,ChargePoint,165.834,5,29,34,3,3
2021-12-01,11101,ChargePoint,195.23299999999998,8,31,49,1,1
2021-11-01,11101,ChargePoint,101.55000000000001,3,16,21,1,1
2022-12-01,11803,ChargePoint,399.452,6,70,85,1,1
2022-02-01,11803,ChargePoint,277.28,4,48,56,1,1
2021-12-01,12084,ChargePoint,91.968,3,16,18,2,2
2020-03-01,13206,ChargePoint,87.37800000000001,10,23,33,2,3
2020-02-01,13206,ChargePoint,196.16100000000003,10,37,44,1,2
2020-01-01,13206,ChargePoint,220.31599999999997,16,53,73,2,3
2019-12-01,13206,ChargePoint,20.131999999999998,2,6,10,2,2
2022-10-01,11803,ChargePoint,374.698,8,64,81,2,3
2022-09-01,11101,ChargePoint,480.74699999999996,14,82,94,3,4
2022-08-01,11101,ChargePoint,344.098,8,60,63,2,2
2022-06-01,11101,ChargePoint,263.882,7,45,53,1,2
2022-03-01,12084,ChargePoint,55.631,2,9,10,2,2
2022-04-01,11901,ChargePoint,140.844,9,29,41,1,2
2022-04-01,14513,ChargePoint,790.437,53,175,381,8,11
2022-04-01,10577,ChargePoint,3454.470000000001,170,676,1083,7,12
2022-03-01,10017,ChargePoint,2203.3040000000005,154,558,1974,12,20
2022-12-01,14891,ChargePoint,217.86200000000002,18,48,52,1,2
2022-12-01,13365,ChargePoint,15.05,3,5,10,1,1
2022-12-01,13021,ChargePoint,191.684,9,28,30,1,2
2022-12-01,13308,ChargePoint,196.475,8,31,32,1,2
2022-12-01,12095,ChargePoint,279.40299999999996,23,63,120,2,3
2022-12-01,14425,ChargePoint,84.63700000000001,10,12,12,1,2
2022-11-01,12095,ChargePoint,339.47099999999995,21,71,133,2,4
2022-11-01,14530,ChargePoint,735.9569999999999,17,102,157,1,2
2022-11-01,14432,ChargePoint,245.375,17,49,102,2,4
2022-11-01,13308,ChargePoint,20.313,3,3,3,1,2
2022-03-01,14432,ChargePoint,22.383,3,4,11,1,1
2022-03-01,14530,ChargePoint,329.117,19,49,59,1,2
2022-02-01,13308,ChargePoint,105.592,4,23,35,1,1
2022-02-01,14411,ChargePoint,380.234,12,64,71,1,2
2022-02-01,14432,ChargePoint,3.572,1,1,1,1,1
2022-02-01,14530,ChargePoint,55.866,5,9,12,1,2
2022-02-01,12043,ChargePoint,117.087,14,22,24,1,2
2022-02-01,12095,ChargePoint,229.717,16,46,74,2,3
2022-02-01,14744,ChargePoint,178.148,9,38,53,1,2
2022-01-01,12043,ChargePoint,84.332,9,12,13,1,2
2022-01-01,13045,ChargePoint,60.181,6,15,15,3,4
2022-01-01,10924,ChargePoint,496.33000000000004,14,83,84,2,4
2022-01-01,14530,ChargePoint,121.88199999999999,7,19,25,1,2
2022-01-01,14411,ChargePoint,429.219,18,77,102,1,2
2022-01-01,14744,ChargePoint,41.141,6,9,9,1,2
2021-12-01,14891,ChargePoint,183.488,13,43,94,1,2
2021-12-01,14425,ChargePoint,2.667,1,0,0,1,1
2021-12-01,14530,ChargePoint,99.753,8,18,24,1,2
2021-12-01,13021,ChargePoint,1.119,1,0,0,1,1
2021-12-01,14744,ChargePoint,319.1359999999999,20,77,143,1,2
2021-12-01,10926,ChargePoint,12.543,3,2,2,1,1
2021-12-01,13308,ChargePoint,34.436,4,5,5,1,2
2021-11-01,14411,ChargePoint,408.79,19,74,86,1,2
2021-11-01,14744,ChargePoint,221.38399999999996,15,55,100,1,2
2021-02-01,14891,ChargePoint,92.18900000000001,6,17,20,1,2
2021-01-01,14411,ChargePoint,45.433,4,8,8,1,2
2021-01-01,14432,ChargePoint,167.986,11,29,66,2,3
2020-12-01,14891,ChargePoint,182.873,13,40,89,1,2
2022-02-01,12414,ChargePoint,114.90100000000001,7,17,26,1,2
2022-01-01,12414,ChargePoint,75.358,11,19,21,2,3
2021-01-01,12414,ChargePoint,108.666,9,16,16,2,3
2022-02-01,13655,ChargePoint,74.629,6,13,18,2,3
2022-01-01,13655,ChargePoint,31.585,3,7,19,1,2
2021-12-01,12953,ChargePoint,189.95999999999998,44,63,95,2,3
2021-11-01,13655,ChargePoint,109.01899999999999,7,21,41,2,4
2022-03-01,12198,ChargePoint,438.1340000000002,63,139,343,2,4
2021-12-01,12198,ChargePoint,246.727,33,74,166,2,4
2021-12-01,12033,ChargePoint,508.55899999999997,34,110,188,3,6
2022-12-01,14513,ChargePoint,244.604,24,46,135,2,3
2022-11-01,14513,ChargePoint,166.192,19,33,112,3,3
2022-11-01,14433,ChargePoint,208.562,22,56,83,2,3
2022-01-01,14433,ChargePoint,587.719,33,149,244,3,4
2022-12-01,13788,ChargePoint,12.948,3,4,4,1,1
2022-02-01,13788,ChargePoint,111.07100000000001,12,31,33,1,2
2022-01-01,13788,ChargePoint,30.266,5,9,9,1,2
2021-11-01,13788,ChargePoint,106.52799999999998,20,47,59,1,2
2022-12-01,10927,ChargePoint,327.591,16,51,69,1,2
2021-01-01,10927,ChargePoint,53.07299999999999,3,8,8,1,2
2022-02-01,10977,ChargePoint,418.6799999999999,33,104,129,2,4
2021-01-01,10977,ChargePoint,12.835,2,4,6,1,1
2021-12-01,12303,ChargePoint,171.421,12,29,36,2,3
2022-12-01,12936,ChargePoint,223.09000000000003,9,49,97,3,4
2022-02-01,12936,ChargePoint,2.902,3,0,0,2,3
2022-02-01,12870,ChargePoint,7.379,1,1,1,1,1
2022-01-01,12870,ChargePoint,0.079,1,0,0,1,1
2021-12-01,12983,ChargePoint,278.395,17,55,135,3,6
2021-11-01,12983,ChargePoint,482.7599999999999,17,92,197,3,6
2021-11-01,12936,ChargePoint,158.246,7,29,40,4,5
2022-12-01,10468,ChargePoint,347.87,16,103,529,2,4
2022-11-01,10468,ChargePoint,314.29499999999996,17,86,506,2,4
2022-02-01,10468,ChargePoint,228.754,8,37,66,2,3
2021-11-01,10468,ChargePoint,26.665,1,4,4,1,1
2021-01-01,10468,ChargePoint,128.456,4,21,27,2,2
2020-12-01,10468,ChargePoint,106.801,3,17,22,2,2
2022-02-01,13027,ChargePoint,84.012,16,20,21,1,2
2021-11-01,13027,ChargePoint,126.91199999999999,28,29,32,2,4
2022-12-01,13212,ChargePoint,58.41199999999999,9,18,25,1,2
2022-11-01,13212,ChargePoint,168.339,16,39,42,1,2
2021-12-01,13210,ChargePoint,129.3,7,25,30,3,4
2022-12-01,12513,ChargePoint,79.24300000000001,8,16,16,1,2
2022-11-01,12513,ChargePoint,157.916,11,31,32,1,2
2022-03-01,12526,ChargePoint,477.76500000000004,28,82,194,1,2
2022-01-01,12184,ChargePoint,304.64300000000003,14,87,345,1,2
2022-01-01,12513,ChargePoint,84.17999999999999,4,14,14,1,2
2021-12-01,12513,ChargePoint,54.668000000000006,4,10,12,1,2
2022-12-01,12037,ChargePoint,241.35399999999998,21,41,45,1,2
2021-11-01,12037,ChargePoint,210.81300000000002,18,45,55,1,2
2021-12-01,14120,ChargePoint,122.105,15,37,145,1,2
2021-11-01,10928,ChargePoint,0.0,3,0,0,1,2
2021-01-01,12526,ChargePoint,18.213,6,3,9,1,2
2022-03-01,12524,ChargePoint,1017.7129999999997,43,180,375,2,3
2022-02-01,12524,ChargePoint,984.943,41,180,368,3,5
2022-01-01,12524,ChargePoint,372.51,13,73,113,3,4
2021-12-01,12580,ChargePoint,2.125,1,1,2,1,1
2021-12-01,12524,ChargePoint,997.779,20,157,168,2,2
2021-11-01,12524,ChargePoint,903.632,19,142,172,1,2
2021-11-01,12508,ChargePoint,0.0,1,0,1,1,1
2021-01-01,12524,ChargePoint,5.322,1,2,2,1,1
2022-11-01,12583,ChargePoint,154.55400000000003,29,38,45,1,2
2022-02-01,12583,ChargePoint,264.8070000000001,24,55,63,1,2
2021-01-01,12603,ChargePoint,167.169,9,30,32,2,3
2022-11-01,12846,ChargePoint,411.161,21,62,72,1,2
2022-03-01,12846,ChargePoint,291.7579999999999,35,49,57,1,2
2022-02-01,12846,ChargePoint,62.265,7,11,12,1,2
2022-02-01,12885,ChargePoint,35.69,2,6,6,1,1
2022-01-01,12846,ChargePoint,110.231,10,23,23,1,2
2022-01-01,12885,ChargePoint,73.31400000000001,2,12,12,1,2
2021-12-01,12846,ChargePoint,185.96400000000003,18,39,50,1,2
2021-11-01,12846,ChargePoint,199.77400000000003,20,37,42,1,2
2022-12-01,10022,ChargePoint,325.4189999999999,12,55,62,2,3
2022-11-01,10038,ChargePoint,427.387,10,74,201,4,5
2022-02-01,10038,ChargePoint,582.489,14,112,133,4,7
2021-12-01,10017,ChargePoint,1171.1670000000001,88,319,1328,11,16
2020-12-01,10021,ChargePoint,987.9060000000002,53,180,253,2,3
2020-11-01,10021,ChargePoint,666.3979999999999,41,127,192,2,4
2020-02-01,10021,ChargePoint,378.396,19,70,128,1,2
2022-02-01,12803,ChargePoint,574.6800000000001,35,115,145,3,6
2022-12-01,12118,ChargePoint,223.35000000000002,12,48,56,2,3
2022-12-01,12019,ChargePoint,35.918000000000006,6,6,6,3,4
2021-12-01,12118,ChargePoint,3.797,1,1,1,1,1
2022-03-01,12921,ChargePoint,33.24699999999999,7,9,17,1,2
2022-02-01,13204,ChargePoint,41.759,3,7,7,1,2
2022-02-01,12921,ChargePoint,18.79,4,6,13,1,2
2022-01-01,12921,ChargePoint,68.735,14,20,57,1,2
2022-01-01,12449,ChargePoint,149.69299999999998,15,39,88,4,4
2021-12-01,12449,ChargePoint,468.579,25,96,180,3,3
2021-12-01,13367,ChargePoint,128.54,2,23,38,1,2
2021-11-01,13367,ChargePoint,0.0,2,0,1,1,1
2021-11-01,12996,ChargePoint,50.583,4,8,8,2,3
2021-02-01,13053,ChargePoint,6.4079999999999995,2,1,1,1,1
2021-01-01,12529,ChargePoint,30.279000000000003,3,7,10,1,2
2021-12-01,12207,ChargePoint,544.802,28,113,160,4,6
2022-12-01,10543,ChargePoint,5.535,2,1,4,1,2
2022-12-01,10536,ChargePoint,101.227,6,16,19,1,2
2022-12-01,10546,ChargePoint,47.891,4,10,13,1,2
2022-11-01,10562,ChargePoint,423.76000000000005,24,91,106,1,2
2022-11-01,10546,ChargePoint,238.46399999999997,12,41,41,1,2
2022-03-01,10562,ChargePoint,192.163,22,55,80,1,2
2022-02-01,10562,ChargePoint,153.46399999999994,22,50,55,1,2
2022-01-01,10595,ChargePoint,837.6579999999997,60,216,342,4,7
2022-01-01,10562,ChargePoint,130.951,18,43,74,1,2
2021-11-01,10562,ChargePoint,125.171,21,41,43,1,2
2021-11-01,10543,ChargePoint,120.707,13,25,26,1,2
2021-01-01,10543,ChargePoint,7.408,1,1,1,1,1
2022-12-01,11766,ChargePoint,404.30499999999995,11,89,93,1,2
2022-12-01,11725,ChargePoint,158.93,25,50,297,2,2
2022-11-01,11766,ChargePoint,566.564,20,119,125,1,2
2022-03-01,11725,ChargePoint,57.885000000000005,9,18,24,1,1
2022-02-01,11725,ChargePoint,39.326,6,12,20,2,2
2022-02-01,11766,ChargePoint,95.968,4,17,23,1,2
2022-01-01,11772,ChargePoint,291.94500000000005,26,46,49,1,2
2022-01-01,11725,ChargePoint,76.36699999999999,12,24,29,2,3
2022-01-01,11766,ChargePoint,127.87,17,46,52,1,2
2021-01-01,11725,ChargePoint,15.447,2,3,3,2,2
2021-01-01,11754,ChargePoint,138.529,23,44,142,1,2
2022-12-01,11556,ChargePoint,1448.7849999999994,57,277,341,1,2
2022-01-01,12428,ChargePoint,271.44100000000003,21,50,54,1,2
2021-01-01,12428,ChargePoint,58.141999999999996,4,10,10,1,2
2022-12-01,12443,ChargePoint,132.127,9,21,22,1,2
2022-01-01,12528,ChargePoint,162.975,6,33,42,1,2
2021-12-01,12443,ChargePoint,172.24899999999997,8,26,32,1,2
2021-12-01,12528,ChargePoint,217.35399999999998,6,41,48,1,2
2021-11-01,12528,ChargePoint,212.34599999999998,7,41,65,1,2
2021-11-01,12443,ChargePoint,135.157,7,20,46,1,2
2021-01-01,12528,ChargePoint,273.524,8,53,68,1,2
2021-12-01,14141,ChargePoint,478.97799999999995,15,83,178,1,2
2022-12-01,14059,ChargePoint,279.04699999999997,15,44,52,1,2
2022-03-01,14059,ChargePoint,144.35399999999998,8,21,22,1,2
2022-01-01,14139,ChargePoint,255.584,11,44,52,1,2
2022-01-01,14059,ChargePoint,18.115,6,5,5,1,2
2021-11-01,14059,ChargePoint,239.63500000000002,7,37,43,1,2
2021-01-01,14226,ChargePoint,423.77199999999993,22,73,104,5,8
2020-12-01,14059,ChargePoint,8.594999999999999,2,3,3,1,2
2022-11-01,14069,ChargePoint,525.7280000000001,45,83,89,1,2
2021-01-01,14069,ChargePoint,78.098,6,15,16,1,2
2021-12-01,14202,ChargePoint,776.15,32,140,150,1,2
2022-02-01,12084,ChargePoint,68.328,2,12,17,1,2
2022-02-01,12210,ChargePoint,473.03099999999995,14,78,146,2,2
2022-02-01,12209,ChargePoint,80.91499999999999,7,15,16,1,2
2022-01-01,12209,ChargePoint,6.872,5,2,2,1,2
2021-12-01,12209,ChargePoint,3.424,3,1,1,1,1
2021-01-01,14059,ChargePoint,21.211,4,3,3,1,2
2022-11-01,12921,ChargePoint,14.732,3,4,6,1,2
2022-11-01,13316,ChargePoint,29.959000000000003,2,7,7,2,2
2022-11-01,12529,ChargePoint,297.691,7,51,86,1,2
2022-03-01,13788,ChargePoint,37.64,4,9,9,1,2
2021-12-01,10543,ChargePoint,58.830999999999996,7,13,16,1,2
2021-02-01,10595,ChargePoint,519.394,26,95,149,3,5
2021-01-01,11766,ChargePoint,1.266,1,0,0,1,1
2021-01-01,13655,ChargePoint,38.266,1,6,14,1,1
2022-02-01,14760,ChargePoint,1264.541,42,230,344,1,2
2022-01-01,13669,ChargePoint,15.25,2,3,3,1,2
2022-02-01,14605,ChargePoint,84.19,3,35,266,1,2
2022-01-01,14605,ChargePoint,308.339,14,90,589,1,2
2022-01-01,14611,ChargePoint,233.08800000000002,17,49,105,5,7
2021-11-01,14611,ChargePoint,278.41200000000003,25,52,83,4,8
2021-02-01,14611,ChargePoint,94.116,5,18,24,3,3
2022-11-01,14609,ChargePoint,998.6690000000001,88,229,326,1,2
2022-02-01,13669,ChargePoint,10.023,1,2,2,1,1
2021-02-01,12953,ChargePoint,2.232,1,0,0,1,1
2022-11-01,14425,ChargePoint,1.815,1,1,1,1,1
2022-03-01,13308,ChargePoint,195.204,6,28,28,1,1
2022-03-01,13021,ChargePoint,140.40099999999998,11,22,23,1,2
2022-02-01,13408,ChargePoint,6.659000000000001,3,3,3,1,1
2022-02-01,14891,ChargePoint,35.476,5,11,29,1,1
2022-01-01,13021,ChargePoint,63.75099999999999,5,10,10,1,1
2021-11-01,14120,ChargePoint,142.90300000000002,15,39,148,1,1
2021-11-01,13308,ChargePoint,12.89,1,2,2,1,1
2021-11-01,12723,ChargePoint,94.293,2,15,42,1,1
2021-02-01,14744,ChargePoint,17.965,1,3,3,1,1
2021-01-01,12834,ChargePoint,2.602,1,0,0,1,1
2021-01-01,14891,ChargePoint,95.05099999999999,16,26,35,1,1
2022-03-01,14433,ChargePoint,298.47300000000007,23,95,164,1,1
2022-02-01,14433,ChargePoint,211.31399999999996,17,69,134,1,1
2021-12-01,14433,ChargePoint,270.475,24,87,168,1,1
2021-11-01,14433,ChargePoint,277.689,24,87,142,1,1
2022-02-01,12184,ChargePoint,339.179,9,95,324,1,1
2021-01-01,14420,ChargePoint,2.902,1,0,0,1,1
2022-12-01,12580,ChargePoint,22.258000000000003,3,5,5,1,1
2022-03-01,12580,ChargePoint,12.924,1,2,2,1,1
2021-11-01,12303,ChargePoint,364.59000000000003,8,61,77,2,2
2022-12-01,10013,ChargePoint,53.136,1,10,10,1,1
2022-02-01,10010,ChargePoint,60.579,1,10,22,1,1
2022-02-01,10013,ChargePoint,160.24699999999999,3,28,33,1,1
2021-11-01,10013,ChargePoint,39.666,1,7,36,1,1
2022-12-01,12885,ChargePoint,9.68,2,2,2,1,1
2022-11-01,12856,ChargePoint,2.527,1,0,1,1,1
2021-12-01,12856,ChargePoint,20.463,2,5,6,2,2
2021-11-01,12856,ChargePoint,7.257,3,2,3,2,2
2021-01-01,12885,ChargePoint,10.234,2,2,2,1,1
2022-02-01,10543,ChargePoint,4.096,1,1,1,1,1
2022-01-01,10543,ChargePoint,2.615,1,1,1,1,1
2020-11-01,10595,ChargePoint,1821.854,85,416,503,5,7
2021-01-01,12803,ChargePoint,0.291,1,0,0,1,1
2022-01-01,11716,ChargePoint,33.709,1,5,6,1,1
2022-12-01,12921,ChargePoint,23.209,4,7,11,1,1
2022-11-01,13753,ChargePoint,18.516,1,3,3,1,1
2022-01-01,13053,ChargePoint,4.029,1,1,1,1,1
2022-01-01,12529,ChargePoint,145.72899999999998,2,26,26,1,1
2022-01-01,12996,ChargePoint,3.662,1,1,1,1,1
2022-01-01,13204,ChargePoint,8.338000000000001,2,3,5,1,1
2021-12-01,12996,ChargePoint,8.087,3,2,2,2,2
2021-12-01,12529,ChargePoint,2.815,1,0,0,1,1
2021-11-01,12921,ChargePoint,73.606,12,22,53,1,1
2021-01-01,13367,ChargePoint,13.126,3,5,10,1,1
2021-01-01,13053,ChargePoint,7.47,1,2,4,1,1
2022-02-01,14059,ChargePoint,10.649,2,2,2,1,1
2021-12-01,14059,ChargePoint,50.593,5,9,9,1,1
2021-02-01,14069,ChargePoint,8.042,1,1,1,1,1
2021-01-01,14202,ChargePoint,24.714,1,4,4,1,1
2022-11-01,12443,ChargePoint,115.28900000000002,8,19,21,1,1
2022-03-01,12443,ChargePoint,67.976,4,12,12,1,1
2022-02-01,12443,ChargePoint,66.55799999999999,4,9,9,1,1
2021-02-01,12443,ChargePoint,22.068,1,3,7,1,1
2022-11-01,12580,ChargePoint,10.734,2,2,2,1,1
2022-03-01,14744,ChargePoint,8.84,1,2,2,1,1
2022-03-01,10994,ChargePoint,0.129,1,0,0,1,1
2022-02-01,12580,ChargePoint,17.312,1,2,2,1,1
2022-03-01,12996,ChargePoint,3.067,4,0,1,2,2
2022-03-01,12529,ChargePoint,148.381,4,25,33,1,1
2021-01-01,12084,ChargePoint,5.674,1,1,1,1,1
2021-02-01,12209,ChargePoint,25.277,2,5,5,1,1
2020-12-01,14611,ChargePoint,11.983,1,2,2,1,1
2022-10-01,13021,ChargePoint,245.103,12,40,44,1,2
2022-10-01,12992,ChargePoint,8.428,1,1,1,1,1
2022-09-01,13021,ChargePoint,430.59800000000007,17,65,77,1,2
2022-09-01,14425,ChargePoint,10.005,2,1,1,1,2
2022-09-01,13316,ChargePoint,6.58,1,1,1,1,1
2022-08-01,14744,ChargePoint,114.2,6,18,32,1,2
2022-08-01,12992,ChargePoint,66.243,5,10,10,1,2
2022-07-01,13788,ChargePoint,26.535,1,4,4,1,1
2022-07-01,12095,ChargePoint,20.925,4,5,5,2,2
2022-06-01,14425,ChargePoint,12.881,4,3,3,1,2
2022-06-01,12095,ChargePoint,111.336,16,33,49,2,3
2022-05-01,13316,ChargePoint,53.781,4,8,8,2,3
2022-05-01,14432,ChargePoint,13.539,2,2,6,1,1
2022-05-01,12095,ChargePoint,266.739,30,71,101,2,4
2022-04-01,12095,ChargePoint,341.092,28,76,125,2,4
2022-04-01,13788,ChargePoint,2.492,1,1,1,1,1
2022-04-01,12723,ChargePoint,79.11099999999999,7,15,33,2,3
2022-03-01,14425,ChargePoint,13.672999999999998,4,3,3,1,2
2021-10-01,13045,ChargePoint,203.98,18,51,53,3,5
2022-06-01,14411,ChargePoint,450.712,28,82,99,1,2
2022-05-01,12015,ChargePoint,92.444,6,13,14,2,3
2020-10-01,12414,ChargePoint,102.087,12,18,18,1,2
2022-04-01,10924,ChargePoint,287.154,12,47,48,2,4
2022-10-01,14891,ChargePoint,765.784,40,145,216,1,2
2022-07-01,12198,ChargePoint,114.33499999999998,17,21,22,2,4
2022-09-01,14530,ChargePoint,1199.9240000000002,48,170,225,1,2
2022-05-01,14530,ChargePoint,194.51899999999998,14,30,34,1,2
2022-04-01,14530,ChargePoint,213.95899999999997,16,35,45,1,2
2022-05-01,12953,ChargePoint,112.226,21,29,36,2,4
2022-07-01,13655,ChargePoint,252.21400000000003,13,47,80,2,4
2022-09-01,14433,ChargePoint,102.51599999999999,9,19,34,1,1
2022-08-01,14433,ChargePoint,82.50099999999999,6,16,23,1,1
2022-04-01,14433,ChargePoint,320.707,29,98,166,2,3
2022-09-01,10927,ChargePoint,335.8740000000001,19,50,62,1,2
2021-10-01,10928,ChargePoint,0.0,1,0,0,1,1
2022-09-01,10977,ChargePoint,1141.4929999999993,83,261,309,2,4
2022-05-01,10977,ChargePoint,758.5590000000001,61,171,228,2,4
2022-09-01,12997,ChargePoint,27.202,5,5,7,1,2
2022-09-01,12870,ChargePoint,15.17,3,2,2,1,2
2022-08-01,12993,ChargePoint,259.56,9,37,66,2,4
2022-08-01,12870,ChargePoint,120.51500000000001,7,19,38,1,2
2022-07-01,12870,ChargePoint,25.625,2,4,4,1,2
2022-07-01,12993,ChargePoint,22.538999999999998,5,7,20,2,3
2022-07-01,12997,ChargePoint,323.745,13,52,55,3,6
2022-06-01,12993,ChargePoint,1.95,1,0,4,1,1
2022-05-01,12997,ChargePoint,29.933,2,5,6,1,1
2021-10-01,12870,ChargePoint,63.718999999999994,4,9,21,1,2
2021-10-01,12997,ChargePoint,63.685,4,10,11,2,3
2022-09-01,10468,ChargePoint,357.56399999999996,11,58,73,2,2
2022-08-01,10468,ChargePoint,227.367,6,38,47,2,2
2022-06-01,12303,ChargePoint,87.714,4,15,15,2,2
2022-05-01,12303,ChargePoint,171.699,9,29,29,2,4
2022-09-01,14586,ChargePoint,183.53900000000004,44,62,162,1,2
2022-08-01,14586,ChargePoint,256.333,43,76,184,1,2
2022-04-01,14586,ChargePoint,92.221,7,17,19,1,2
2022-06-01,12526,ChargePoint,435.097,31,80,203,1,2
2022-10-01,12184,ChargePoint,498.62299999999993,37,108,450,1,2
2022-07-01,12184,ChargePoint,609.662,39,133,391,1,2
2022-08-01,12513,ChargePoint,28.283,6,7,7,1,2
2022-04-01,12513,ChargePoint,8.851,2,2,4,1,2
2020-10-01,12603,ChargePoint,150.821,9,29,31,2,4
2020-09-01,12603,ChargePoint,13.997,1,2,2,1,1
2020-06-01,12603,ChargePoint,47.675999999999995,4,9,9,2,3
2020-04-01,12603,ChargePoint,91.176,5,17,17,1,1
2022-09-01,12580,ChargePoint,63.698,7,10,10,1,2
2022-08-01,12580,ChargePoint,47.96600000000001,7,8,8,1,2
2022-04-01,12580,ChargePoint,16.012,2,2,2,1,2
2022-04-01,12524,ChargePoint,460.4690000000001,31,86,258,3,4
2021-10-01,12580,ChargePoint,43.957,6,10,11,1,2
2021-10-01,12508,ChargePoint,2.154,1,0,0,1,1
2021-09-01,12580,ChargePoint,7.583,2,1,2,1,1
2022-06-01,12204,ChargePoint,604.9330000000001,29,123,227,4,7
2022-10-01,12846,ChargePoint,384.0340000000001,29,66,84,1,2
2022-09-01,12846,ChargePoint,275.896,27,48,52,1,2
2022-05-01,12846,ChargePoint,229.481,25,36,44,1,2
2022-04-01,12846,ChargePoint,204.98,24,32,35,1,2
2022-10-01,12856,ChargePoint,160.18,10,27,69,2,4
2022-09-01,12885,ChargePoint,100.10600000000001,6,17,23,1,2
2022-08-01,12885,ChargePoint,129.636,8,23,24,1,2
2022-05-01,12885,ChargePoint,17.86,4,3,3,1,2
2021-10-01,12856,ChargePoint,56.849000000000004,5,12,12,2,3
2022-10-01,12529,ChargePoint,473.20200000000006,11,86,137,1,2
2022-10-01,13053,ChargePoint,99.789,12,25,25,1,2
2022-10-01,13753,ChargePoint,43.589999999999996,4,6,6,1,2
2022-09-01,12996,ChargePoint,261.9600000000001,37,38,38,1,2
2022-09-01,13367,ChargePoint,115.167,4,20,20,1,2
2022-09-01,10562,ChargePoint,223.9699999999999,23,54,73,2,3
2022-08-01,12921,ChargePoint,48.607,11,11,23,1,2
2022-08-01,13367,ChargePoint,369.36100000000005,10,64,85,1,2
2022-07-01,12921,ChargePoint,31.828999999999994,8,9,28,1,2
2022-05-01,13367,ChargePoint,70.787,3,15,15,1,2
2022-05-01,12996,ChargePoint,20.442,7,3,3,2,4
2022-05-01,13053,ChargePoint,14.136000000000001,3,2,2,1,2
2022-04-01,12996,ChargePoint,5.186,2,1,1,2,2
2021-11-01,12529,ChargePoint,1.892,1,0,0,1,1
2021-10-01,12529,ChargePoint,11.019,1,3,3,1,1
2022-04-01,10562,ChargePoint,233.80700000000002,26,59,81,1,2
2021-10-01,10562,ChargePoint,74.905,14,24,25,1,2
2022-10-01,10595,ChargePoint,2124.744,133,506,742,6,9
2022-07-01,10536,ChargePoint,54.760999999999996,7,10,10,1,2
2022-06-01,10536,ChargePoint,115.134,12,23,24,1,2
2022-04-01,10543,ChargePoint,78.166,12,19,42,1,2
2021-10-01,10543,ChargePoint,56.899,10,14,16,1,2
2022-09-01,10546,ChargePoint,162.38299999999998,19,32,36,1,2
2022-05-01,10546,ChargePoint,71.13199999999999,14,19,19,1,2
2021-10-01,10601,ChargePoint,571.165,28,98,307,2,3
2022-10-01,10022,ChargePoint,962.0870000000001,32,162,192,3,5
2022-07-01,10038,ChargePoint,773.671,21,142,267,4,5
2022-05-01,10038,ChargePoint,663.787,17,116,207,4,8
2021-10-01,10038,ChargePoint,176.709,8,32,37,4,5
2020-05-01,10017,ChargePoint,90.375,10,22,66,4,4
2022-09-01,12118,ChargePoint,106.425,5,20,20,1,1
2022-07-01,12118,ChargePoint,176.02999999999997,10,31,32,2,4
2022-06-01,12118,ChargePoint,148.829,8,25,27,2,3
2022-04-01,12019,ChargePoint,35.79800000000001,6,6,6,3,6
2021-10-01,12118,ChargePoint,18.053,3,6,6,2,2
2022-10-01,11952,ChargePoint,139.443,29,53,623,1,2
2022-07-01,11725,ChargePoint,151.14999999999998,23,46,260,2,2
2022-07-01,11952,ChargePoint,224.20099999999996,42,126,1174,1,2
2022-06-01,11725,ChargePoint,100.33900000000001,16,31,161,2,2
2022-06-01,11754,ChargePoint,240.679,24,50,128,1,2
2022-05-01,11725,ChargePoint,70.51599999999999,11,21,68,1,1
2022-04-01,11725,ChargePoint,90.854,14,28,39,2,2
2021-10-01,11725,ChargePoint,7.452,1,3,3,1,1
2022-10-01,11766,ChargePoint,485.89399999999995,14,115,118,1,2
2022-07-01,11772,ChargePoint,804.62,49,125,151,1,2
2022-09-01,12528,ChargePoint,771.0010000000001,17,129,146,2,3
2022-07-01,12528,ChargePoint,359.153,10,64,94,2,3
2022-06-01,12528,ChargePoint,259.50600000000003,9,50,76,1,2
2022-05-01,12528,ChargePoint,317.913,10,61,85,2,3
2022-06-01,12443,ChargePoint,64.783,4,9,9,1,2
2022-04-01,12443,ChargePoint,60.297999999999995,3,10,10,1,2
2022-09-01,12428,ChargePoint,616.962,66,119,140,1,2
2022-04-01,12209,ChargePoint,140.955,5,23,51,1,2
2021-10-01,12209,ChargePoint,191.959,13,40,54,1,2
2022-08-01,12210,ChargePoint,132.65599999999998,5,22,64,2,3
2021-10-01,12210,ChargePoint,669.4710000000001,20,113,212,2,4
2022-10-01,12207,ChargePoint,1234.32,100,263,435,3,5
2022-09-01,14006,ChargePoint,72.35,5,11,11,1,2
2021-10-01,14139,ChargePoint,408.25100000000003,16,74,89,1,2
2022-04-01,12529,ChargePoint,32.646,3,5,5,1,2
2020-10-01,10595,ChargePoint,1553.0549999999994,86,357,445,5,7
2022-10-01,12870,ChargePoint,59.015,5,9,10,1,2
2022-06-01,14433,ChargePoint,193.76,16,52,90,2,2
2022-06-01,12580,ChargePoint,55.1,6,9,9,1,2
2022-05-01,12936,ChargePoint,2.429,1,1,1,1,1
2022-04-01,14432,ChargePoint,15.289,1,3,12,1,1
2022-09-01,12513,ChargePoint,73.185,9,16,17,1,2
2022-10-01,14611,ChargePoint,1533.486,81,435,867,4,8
2022-06-01,14611,ChargePoint,504.269,26,146,372,4,6
2022-04-01,14611,ChargePoint,134.79699999999997,12,48,249,3,5
2022-05-01,13669,ChargePoint,87.35800000000002,12,19,21,1,2
2022-04-01,13669,ChargePoint,62.142999999999994,11,17,22,1,2
2022-03-01,13669,ChargePoint,28.939,6,9,9,1,2
2022-06-01,10468,ChargePoint,26.885,1,4,4,1,1
2022-08-01,14425,ChargePoint,30.782,3,5,5,1,1
2021-10-01,13308,ChargePoint,7.175,1,1,1,1,1
2022-05-01,12974,ChargePoint,14.452,2,2,2,1,1
2022-10-01,12993,ChargePoint,30.286,1,5,7,1,1
2022-09-01,12993,ChargePoint,38.256,1,5,14,1,1
2022-06-01,12936,ChargePoint,5.159,2,1,1,2,2
2022-08-01,10994,ChargePoint,26.396,1,5,5,1,1
2021-10-01,10927,ChargePoint,12.084,1,2,2,1,1
2021-10-01,12513,ChargePoint,2.445,1,1,1,1,1
2020-07-01,12603,ChargePoint,5.913,1,2,2,1,1
2022-10-01,10013,ChargePoint,44.204,1,8,59,1,1
2022-09-01,10013,ChargePoint,60.544,1,11,11,1,1
2022-08-01,10013,ChargePoint,46.621,1,8,10,1,1
2022-07-01,10013,ChargePoint,105.37299999999999,2,19,22,1,1
2022-06-01,10013,ChargePoint,34.914,1,6,6,1,1
2022-05-01,10013,ChargePoint,43.355,1,8,10,1,1
2022-04-01,10013,ChargePoint,58.187,1,10,10,1,1
2021-10-01,10013,ChargePoint,54.985,3,10,62,1,1
2022-10-01,10536,ChargePoint,4.079,1,1,1,1,1
2022-09-01,10536,ChargePoint,6.978,2,2,2,1,1
2022-03-01,10546,ChargePoint,5.006,1,1,1,1,1
2022-10-01,11725,ChargePoint,121.83900000000001,19,37,264,2,2
2022-04-01,11716,ChargePoint,6.515,1,2,2,1,1
2022-09-01,12921,ChargePoint,40.67,9,12,35,1,1
2022-07-01,13367,ChargePoint,16.546,3,3,3,1,1
2022-04-01,12921,ChargePoint,19.003,6,5,10,1,1
2022-04-01,13367,ChargePoint,68.08,3,11,11,1,1
2022-04-01,13053,ChargePoint,0.181,1,0,0,1,1
2022-10-01,12524,ChargePoint,65.233,20,24,190,1,1
2022-05-01,12524,ChargePoint,61.454,19,22,170,1,1
2022-06-01,13753,ChargePoint,50.022999999999996,4,7,9,1,1
2022-10-01,12831,ChargePoint,3.848,1,1,1,1,1
2022-09-01,14744,ChargePoint,12.605,1,3,3,1,1
2022-04-01,12528,ChargePoint,61.661,2,12,17,1,1
2022-09-01,12443,ChargePoint,92.279,6,17,26,1,1
2022-08-01,12206,ChargePoint,13.067,2,2,2,2,2
2020-06-01,10595,ChargePoint,641.22,44,140,245,2,3
2020-04-01,10577,ChargePoint,14.048,2,3,3,1,1
2022-07-01,12164,ChargePoint,806.5370000000001,78,142,197,1,2
2022-06-01,12164,ChargePoint,160.91000000000005,32,45,57,1,2
2022-05-01,12164,ChargePoint,95.954,15,18,20,1,2
2022-04-01,12164,ChargePoint,8.065999999999999,3,2,3,1,2
2021-10-01,12164,ChargePoint,52.946999999999996,11,8,10,1,2
2021-09-01,12164,ChargePoint,66.822,24,16,18,1,2
2021-08-01,12164,ChargePoint,156.79799999999994,42,30,35,1,2
2021-07-01,12164,ChargePoint,206.51199999999997,34,38,41,1,2
2021-06-01,12164,ChargePoint,191.30800000000002,32,46,49,1,2
2021-05-01,12164,ChargePoint,78.204,28,16,18,1,2
2021-04-01,12164,ChargePoint,16.494,6,3,3,1,2
2020-10-01,12164,ChargePoint,63.215999999999994,10,16,19,1,2
2020-09-01,12164,ChargePoint,6.286,8,1,2,1,2
2020-08-01,12164,ChargePoint,27.748,6,6,12,1,1
2022-03-01,12164,ChargePoint,45.719,3,7,9,1,1
2022-01-01,12164,ChargePoint,32.644,3,6,9,1,1
2021-12-01,12164,ChargePoint,10.703,3,2,2,1,2
2021-11-01,12164,ChargePoint,5.027,1,1,1,1,1
2021-03-01,12164,ChargePoint,314.236,8,47,77,1,2
2020-12-01,12164,ChargePoint,148.528,4,21,29,1,1
2020-11-01,12164,ChargePoint,40.824,6,7,7,1,1
2020-07-01,12164,ChargePoint,48.414,4,11,29,1,2
2020-06-01,12164,ChargePoint,0.57,4,0,0,1,1
2022-12-01,10314,ChargePoint,1375.517,82,242,579,11,20
2022-10-01,10314,ChargePoint,1529.8250000000003,100,315,787,12,19
2022-10-01,14534,ChargePoint,340.07399999999996,8,58,98,1,1
2022-10-01,12550,ChargePoint,729.399,26,137,1030,15,15
2022-09-01,14534,ChargePoint,276.295,7,47,79,1,1
2022-09-01,10314,ChargePoint,1793.6680000000001,82,417,869,4,7
2022-08-01,12480,ChargePoint,494.27,26,84,154,1,2
2022-07-01,10314,ChargePoint,1199.343,73,259,398,6,9
2022-06-01,10314,ChargePoint,646.872,57,143,256,4,6
2022-05-01,12480,ChargePoint,315.213,10,54,105,1,2
2022-03-01,10314,ChargePoint,864.2059999999999,50,194,232,4,6
2022-03-01,12480,ChargePoint,326.428,19,53,71,1,2
2022-01-01,10314,ChargePoint,339.9560000000001,21,68,69,4,6
2021-09-01,12538,ChargePoint,34.226,5,8,11,1,1
2022-02-01,12164,ChargePoint,4.679,2,2,2,1,2
2022-02-01,10314,ChargePoint,482.67900000000003,43,118,150,5,8
2021-01-01,12164,ChargePoint,62.541000000000004,4,13,50,1,1
2020-05-01,12164,ChargePoint,74.826,2,12,45,1,1
2020-04-01,12164,ChargePoint,14.23,2,2,2,1,1
2020-03-01,12164,ChargePoint,17.5,2,3,3,1,1
2020-01-01,14226,ChargePoint,447.53400000000005,44,80,104,4,7
2019-12-01,14226,ChargePoint,163.47599999999997,13,32,63,3,6
2022-12-01,12480,ChargePoint,179.891,7,31,58,1,2
2022-10-01,12480,ChargePoint,443.97499999999997,21,74,118,1,2
2022-09-01,12480,ChargePoint,534.8009999999999,18,88,140,1,2
2022-07-01,12480,ChargePoint,392.0210000000001,26,63,83,1,2
2022-06-01,12480,ChargePoint,361.08400000000006,17,57,83,1,2
2022-04-01,12480,ChargePoint,70.84299999999999,4,11,21,1,1
2022-02-01,12480,ChargePoint,130.71,9,22,29,1,2
2021-11-01,12480,ChargePoint,206.17200000000003,7,34,53,1,2
2021-10-01,12480,ChargePoint,136.072,5,22,36,1,2
2021-09-01,12480,ChargePoint,188.99399999999997,12,30,31,1,2
2021-08-01,12480,ChargePoint,638.4340000000002,42,118,202,1,2
2022-11-01,10314,ChargePoint,1385.3909999999998,80,274,569,9,15
2022-08-01,10314,ChargePoint,2128.046,119,491,974,3,5
2022-05-01,10314,ChargePoint,390.07300000000004,40,77,121,3,5
2021-12-01,10314,ChargePoint,750.7600000000001,38,135,178,5,8
2021-10-01,10314,ChargePoint,387.201,34,69,100,6,9
2021-05-01,10314,ChargePoint,198.148,26,45,54,5,8
2021-11-01,12550,ChargePoint,81.777,3,18,388,3,3
2021-10-01,12550,ChargePoint,275.481,13,46,553,8,8
2021-09-01,12550,ChargePoint,28.638,10,6,14,3,3
2022-12-01,12550,ChargePoint,1575.392,157,297,2836,17,17
2022-11-01,12550,ChargePoint,3451.317000000002,75,568,2876,18,18
2022-02-01,12550,ChargePoint,126.90299999999999,2,21,91,2,2
2022-01-01,12550,ChargePoint,117.261,13,32,490,7,7
2021-12-01,12550,ChargePoint,14.886,12,5,185,3,3
2022-09-01,12550,ChargePoint,274.644,15,92,737,5,5
2022-06-01,12550,ChargePoint,73.937,2,18,71,2,2
2022-04-01,12550,ChargePoint,53.57900000000001,3,209,264,2,2
2022-03-01,12550,ChargePoint,77.434,9,137,328,3,3
2020-12-01,12883,ChargePoint,1.598,1,0,0,1,1
2020-10-01,12883,ChargePoint,98.71,8,14,14,1,2
2020-09-01,12883,ChargePoint,86.842,10,16,16,1,2
2020-08-01,12883,ChargePoint,190.83200000000005,36,35,38,1,2
2020-07-01,12883,ChargePoint,196.05799999999996,22,30,30,1,2
2020-06-01,12883,ChargePoint,267.70400000000006,22,41,54,1,2
2020-05-01,12883,ChargePoint,8.918,2,2,2,1,1
2022-12-01,12883,ChargePoint,750.483,26,131,178,1,2
2022-11-01,12883,ChargePoint,544.1070000000002,25,107,134,1,2
2022-10-01,12883,ChargePoint,622.065,33,98,128,1,2
2022-09-01,12883,ChargePoint,573.2839999999999,33,107,124,1,2
2022-08-01,12883,ChargePoint,1577.458,68,302,343,1,2
2022-07-01,12883,ChargePoint,1477.777,55,254,289,1,2
2022-06-01,12883,ChargePoint,644.9229999999999,49,118,146,1,2
2022-05-01,12883,ChargePoint,840.8100000000002,36,144,183,1,2
2022-04-01,12883,ChargePoint,685.087,25,143,174,1,2
2022-02-01,12883,ChargePoint,451.787,17,93,131,1,2
2022-01-01,12883,ChargePoint,147.105,19,36,45,1,2
2021-12-01,12883,ChargePoint,76.614,11,17,22,1,2
2021-11-01,12883,ChargePoint,117.06400000000001,20,26,34,1,2
2021-10-01,12883,ChargePoint,403.8999999999999,32,72,98,1,2
2021-08-01,12883,ChargePoint,434.5960000000001,72,106,133,1,2
2021-07-01,12883,ChargePoint,701.2600000000001,90,115,118,1,2
2021-05-01,12883,ChargePoint,61.653999999999996,10,9,10,1,2
2021-04-01,12883,ChargePoint,29.764000000000003,4,4,4,1,1
2021-03-01,12883,ChargePoint,76.50399999999999,16,27,62,1,2
2021-02-01,12883,ChargePoint,41.017,5,6,6,1,2
2021-01-01,12883,ChargePoint,1.02,1,0,0,1,1
2022-03-01,12883,ChargePoint,860.4800000000002,27,163,253,1,2
2021-09-01,12883,ChargePoint,244.40999999999997,52,67,91,1,2
2021-06-01,12883,ChargePoint,17.926,4,5,17,1,1
2022-04-01,10314,ChargePoint,304.46200000000005,23,55,103,2,4
2022-06-01,12493,ChargePoint,17.71,4,3,4,1,2
2021-11-01,10314,ChargePoint,320.77099999999996,28,58,93,4,7
2021-02-01,12164,ChargePoint,0.0,1,0,0,1,1
2021-01-01,10314,ChargePoint,115.94899999999998,15,24,32,4,6
2022-08-01,14534,ChargePoint,70.555,4,12,23,2,3
2022-04-01,14226,ChargePoint,688.5310000000001,58,140,158,3,5
2021-09-01,10314,ChargePoint,323.06199999999995,44,67,79,5,8
2021-07-01,12480,ChargePoint,51.418,4,9,9,1,2
2021-04-01,10314,ChargePoint,214.456,22,41,55,4,6
2022-08-01,12164,ChargePoint,681.423,36,101,113,1,2
2022-01-01,12480,ChargePoint,91.364,6,15,15,1,2
2021-02-01,10314,ChargePoint,57.962999999999994,12,11,11,4,5
2020-02-01,14226,ChargePoint,212.94000000000003,20,45,54,3,5
2022-09-01,12164,ChargePoint,275.33799999999997,26,41,43,1,2
2020-11-01,10314,ChargePoint,22.32,8,6,6,2,3
2020-05-01,14226,ChargePoint,15.62,4,3,3,1,2
2022-11-01,12480,ChargePoint,132.672,10,22,31,1,2
2020-06-01,14226,ChargePoint,58.312,10,10,10,3,3
2020-03-01,12883,ChargePoint,0.0,4,0,0,1,1
2020-02-01,12164,ChargePoint,0.0,2,0,0,1,1
2022-02-01,12493,ChargePoint,49.988,4,10,23,1,2
2021-04-01,11415,ChargePoint,0.0,8,0,0,4,4
2022-08-01,12550,ChargePoint,0.0,5,0,161,2,2
2022-12-01,10606,ChargePoint,3921.033,168,678,1596,2,4
2022-11-01,10606,ChargePoint,3145.5250000000015,137,547,1327,2,4
2022-10-01,10606,ChargePoint,2394.1090000000017,107,414,1168,2,4
2022-09-01,10606,ChargePoint,2735.258000000001,113,542,1177,2,4
2022-08-01,10606,ChargePoint,2692.7129999999993,125,484,1458,2,4
2022-07-01,10606,ChargePoint,2530.9500000000003,116,450,1452,2,4
2022-06-01,10606,ChargePoint,2059.56,125,372,1790,2,4
2022-05-01,10606,ChargePoint,2686.442,145,492,1591,2,4
2022-04-01,10606,ChargePoint,2228.2059999999997,126,386,1437,2,4
2022-03-01,10606,ChargePoint,1751.0319999999992,86,310,1498,2,4
2022-02-01,10606,ChargePoint,1028.011,48,184,1330,2,4
2022-01-01,10606,ChargePoint,1009.425,61,184,1212,2,4
2021-11-01,10606,ChargePoint,286.8739999999999,42,61,853,2,3
2021-10-01,10606,ChargePoint,347.191,28,65,620,2,3
2021-09-01,10606,ChargePoint,883.4059999999997,58,155,1182,2,4
2021-08-01,10606,ChargePoint,1848.552000000001,94,316,1559,2,4
2021-05-01,10606,ChargePoint,2154.1340000000005,98,378,1401,2,4
2021-01-01,10606,ChargePoint,1191.5260000000003,47,203,1063,2,4
2020-11-01,10606,ChargePoint,2854.7020000000016,84,478,1349,2,4
2020-10-01,10606,ChargePoint,1100.4759999999999,40,184,620,2,3
2020-08-01,10606,ChargePoint,439.21199999999993,16,72,822,1,2
2020-04-01,10606,ChargePoint,354.77,12,58,730,2,3
2020-03-01,10606,ChargePoint,1147.1380000000001,34,197,1260,1,2
2020-02-01,10606,ChargePoint,2481.0880000000006,102,445,1674,1,2
2020-01-01,10606,ChargePoint,2283.0799999999995,128,426,2051,1,2
2021-12-01,10606,ChargePoint,380.902,42,81,913,2,4
2021-02-01,10606,ChargePoint,1610.9270000000001,53,266,977,2,4
2019-12-01,10606,ChargePoint,1075.9080000000001,35,178,390,1,2
2020-07-01,10606,ChargePoint,546.0219999999999,16,91,1085,1,2
2020-05-01,10606,ChargePoint,568.346,16,104,165,1,2
2021-06-01,10606,ChargePoint,2157.768000000001,78,368,1059,2,3
2020-06-01,10606,ChargePoint,345.02799999999996,12,57,574,1,2
2021-07-01,10606,ChargePoint,1781.9020000000003,58,303,1026,2,3
2021-04-01,10606,ChargePoint,1982.52,66,332,1105,2,4
2021-03-01,10606,ChargePoint,2413.3880000000004,76,401,1300,2,3
2020-12-01,10606,ChargePoint,2310.61,78,394,1737,2,3
2020-09-01,10606,ChargePoint,326.172,14,54,719,2,4
2022-12-01,12493,ChargePoint,98.674,8,19,20,1,2
2022-11-01,12493,ChargePoint,98.913,6,17,17,1,2
2022-09-01,12493,ChargePoint,22.918,2,4,6,1,1
2022-07-01,12493,ChargePoint,37.684,5,12,13,1,1
2021-11-01,12493,ChargePoint,83.693,3,15,22,1,2
2022-12-01,12164,ChargePoint,27.454,2,4,4,1,1
2022-11-01,12164,ChargePoint,76.663,6,12,12,1,1
2022-10-01,12164,ChargePoint,200.848,16,30,36,1,2
2021-08-01,10314,ChargePoint,284.97,30,65,96,4,7
2021-04-01,13057,ChargePoint,317.55199999999996,28,68,181,3,4
2021-03-01,10314,ChargePoint,93.06400000000002,18,17,17,3,3
2022-10-01,12493,ChargePoint,0.836,1,0,0,1,1
2022-08-01,12493,ChargePoint,1.433,1,0,0,1,1
2022-05-01,12493,ChargePoint,52.917,1,9,12,1,1
2022-03-01,12493,ChargePoint,52.452000000000005,4,14,15,1,2
2021-12-01,12493,ChargePoint,41.238,3,11,23,1,2
2021-11-01,12538,ChargePoint,16.362000000000002,2,5,10,1,1
2022-12-01,14534,ChargePoint,166.01,5,29,53,2,2
2022-11-01,14534,ChargePoint,82.197,3,14,19,1,1
2021-12-01,12480,ChargePoint,63.713,4,10,10,1,2
2020-12-01,10314,ChargePoint,198.54799999999997,11,44,44,3,4
2021-07-01,10314,ChargePoint,80.32,10,21,27,2,3
2021-06-01,10314,ChargePoint,356.216,20,61,88,2,3
2020-05-01,12528,ChargePoint,50.44200000000001,10,16,677,1,2
2020-02-01,12528,ChargePoint,320.3549999999999,33,66,419,1,2
2020-01-01,12528,ChargePoint,294.1329999999999,35,62,474,1,2
2019-11-01,10606,ChargePoint,1192.242,42,194,484,2,4
2019-11-01,12528,ChargePoint,353.3140000000001,38,77,532,1,2
2019-10-01,10606,ChargePoint,1129.8750000000002,57,194,474,2,4
2019-08-01,10606,ChargePoint,403.408,17,69,248,2,3
2019-07-01,10606,ChargePoint,222.305,17,43,191,2,4
2019-07-01,12528,ChargePoint,25.107999999999997,6,6,7,1,2
2019-05-01,12528,ChargePoint,5.663,2,1,1,1,2
2019-04-01,10606,ChargePoint,73.723,13,18,59,2,3
2019-02-01,10606,ChargePoint,26.656,10,9,77,1,2
2018-09-01,10606,ChargePoint,35.993,5,6,10,2,3
2018-04-01,10606,ChargePoint,249.87199999999999,8,42,131,2,4
2017-07-01,10606,ChargePoint,2.968,2,1,1,2,2
2018-10-01,10606,ChargePoint,70.483,3,12,75,1,1
2018-03-01,10606,ChargePoint,15.495,3,3,3,2,3
2019-09-01,10606,ChargePoint,791.1859999999999,33,139,407,2,4
2019-06-01,12845,ChargePoint,15.587,3,5,6,1,2
2018-08-01,10606,ChargePoint,84.09200000000001,8,14,30,2,4
2018-01-01,10606,ChargePoint,13.667000000000002,3,4,4,1,1
2019-12-01,12528,ChargePoint,361.2550000000001,44,79,504,1,2
2019-01-01,10606,ChargePoint,0.0,1,0,0,1,1
2018-12-01,10606,ChargePoint,33.413,3,5,6,2,3
2018-07-01,10606,ChargePoint,129.51600000000002,7,22,32,2,4
2019-11-01,12845,ChargePoint,42.059999999999995,4,13,25,2,2
2019-10-01,12845,ChargePoint,68.071,5,21,36,2,3
2019-09-01,12845,ChargePoint,156.98000000000002,14,41,57,2,4
2019-08-01,12845,ChargePoint,234.219,14,60,90,2,4
2019-07-01,12845,ChargePoint,51.254000000000005,4,16,22,2,2
2020-08-01,12528,ChargePoint,8.135,2,2,3,1,1
2020-06-01,12528,ChargePoint,147.99300000000005,25,27,681,1,2
2020-03-01,12528,ChargePoint,207.76999999999995,27,59,636,1,2
2019-10-01,12528,ChargePoint,176.54199999999997,14,34,157,1,2
2019-09-01,12528,ChargePoint,243.17899999999997,13,41,101,1,2
2019-08-01,12528,ChargePoint,85.908,9,15,22,1,1
2019-06-01,12528,ChargePoint,21.631999999999998,2,4,4,1,1
2019-04-01,12528,ChargePoint,15.624,3,3,3,1,2
2019-02-01,12528,ChargePoint,9.399,1,2,2,1,1
2020-04-01,12528,ChargePoint,76.399,4,35,714,1,1
2019-06-01,10606,ChargePoint,1.896,1,1,14,1,1
2019-03-01,10606,ChargePoint,207.46199999999996,52,72,635,2,3
2018-05-01,10606,ChargePoint,69.93299999999999,2,12,25,1,1
2017-10-01,10606,ChargePoint,10.108,2,3,22,2,2
2017-09-01,10606,ChargePoint,16.759,2,4,6,2,2
2018-11-01,10606,ChargePoint,99.71,5,17,180,1,2
2017-10-01,10605,ChargePoint,81.82300000000001,11,25,80,2,4
2021-09-01,10604,ChargePoint,92.634,6,17,29,2,2
2021-07-01,10604,ChargePoint,103.219,6,19,25,1,2
2021-05-01,10604,ChargePoint,0.0,1,0,0,1,1
2020-06-01,10604,ChargePoint,15.671,1,5,5,1,1
2020-03-01,10604,ChargePoint,549.7899999999998,41,179,307,2,4
2020-02-01,10604,ChargePoint,1186.2860000000003,81,364,450,2,4
2020-01-01,10604,ChargePoint,681.3100000000001,55,207,516,2,3
2019-12-01,10604,ChargePoint,643.653,51,190,240,2,3
2019-11-01,10604,ChargePoint,1346.138,110,403,517,2,4
2019-10-01,10604,ChargePoint,1716.831,113,526,677,2,4
2019-09-01,10604,ChargePoint,1363.1429999999993,84,389,760,2,4
2019-08-01,10604,ChargePoint,1300.7870000000007,104,378,614,2,4
2019-07-01,10604,ChargePoint,1323.3830000000005,81,382,634,2,4
2019-06-01,10604,ChargePoint,1174.2180000000005,83,326,633,2,4
2019-05-01,10604,ChargePoint,1254.4840000000002,87,337,769,2,4
2019-04-01,10604,ChargePoint,1228.9330000000002,81,366,671,2,4
2019-03-01,10604,ChargePoint,1295.1650000000002,85,389,732,2,4
2019-02-01,10604,ChargePoint,1235.9890000000005,63,358,516,2,4
2019-01-01,10604,ChargePoint,1652.126,95,461,710,2,4
2018-12-01,10604,ChargePoint,913.8940000000003,57,272,566,2,4
2018-11-01,10604,ChargePoint,1297.499,72,361,609,2,4
2018-10-01,10604,ChargePoint,1428.3529999999996,90,413,729,2,4
2018-09-01,10604,ChargePoint,1120.1820000000002,74,319,578,2,4
2018-08-01,10604,ChargePoint,1378.2300000000002,87,371,612,2,4
2018-07-01,10604,ChargePoint,1234.8529999999996,79,359,604,2,4
2021-06-01,10604,ChargePoint,143.637,4,26,36,1,1
2020-07-01,10604,ChargePoint,32.645,1,11,22,1,1
2018-06-01,10604,ChargePoint,1115.036,68,320,568,2,4
2018-05-01,10604,ChargePoint,1229.586999999999,84,347,708,2,4
2018-04-01,10604,ChargePoint,1116.1079999999997,70,317,586,2,4
2018-03-01,10604,ChargePoint,1236.0829999999999,74,345,591,2,4
2018-02-01,10604,ChargePoint,945.8890000000001,66,274,499,2,4
2018-01-01,10604,ChargePoint,1362.2030000000002,73,398,619,2,4
2017-12-01,10604,ChargePoint,939.828,63,286,456,2,4
2017-11-01,10604,ChargePoint,1219.8090000000004,76,347,573,2,4
2017-10-01,10604,ChargePoint,468.7609999999999,52,155,288,2,4
2020-08-01,10604,ChargePoint,41.403000000000006,3,8,8,1,1
2011-12-01,10577,ChargePoint,1.382,22,0,1,6,10
